id,input,prediction,ground_truth
,"ما هو العصب الذي ينقل إحساس الذوق من ثلث اللسان الخلفي؟

A) السابع
B) التاسع
C) العاشر
D) الخامس",B,B
,"ما هي القوس البيضاء عند حدود جسم الظفر مع جذره؟

A) هليل الظفر
B) سرير الظفر
C) استارة الظفر
D) اللعوة",A,A
,"أين يقع الخط الالوي السفلي؟

A) السطح الخارجي للحرقفة
B) الوجه الداخلي للحرقفة
C) الفرع العلوي للعانة
D) الوجه الخلفي للفخذ",B,A
,"ما هي الحافة من الفرع التي تشكل زاوية الفك السفلي؟

A) الأمامية
B) الخلفية
C) العلوية
D) الوحشية",B,B
,"ما هي البنية التشريحية التي تتعصب بالعصب الشظوي السطحي؟

A) العضله الظنبوبيه الخلفية
B) الرأس المستقيم للمستقيمه الفخذية
C) العضله الخياطية
D) العضلة المأبضيه
E) العضله الشظويه الطويله",D,E
,"أين تشاهد الجسور بين الخلوية؟

A) الطبقة القاعدية من الانسجة الظهارية
B) الطبقة الشائكة من النسيج الظهاري المطبق
C) ظهارة المعدة
D) بين الخلايا العضلية السلية",B,B
,"ما الذي يحول الثلمتين الاسكيتين إلى ثقبتين؟

A) الرباط العجزي الشوكي + الرباط الأربي
B) الرباط العجزي الشوكي العجزي الحدبي
C) الرباط الحدبي + الرباط الإربي
D) كل ما سبق خطأ",A,B
,"ما هو الهرمون الذي يفرز PTH؟

A) الغدد جارات الدرق
B) الغدة الدرقية
C) النخامي
D) الكظر",A,A
,"ما الذي يقع بين جسم الفقرة والقوس الفقرية؟

A) الثقبة المستعرضة
B) الثقبة بين الفقرية
C) الثقبة الفقرية
D) الثقبة المغذية",B,C
,"أين تقع المنطقة الشمية؟

A) سقف الأنف
B) مقدمة الأنف
C) الجدارا الوحشي للأنف
D) الجدار الانسي للأنف",A,A
,"ما الذي يتصل به المدورين بالأمام في الفخذ؟

A) الخط بين المدورين
B) العرف بين المدورين
C) الثلمة بين المدورة
D) لا شئ مما سبق",A,A
,"أين يوجد التلم الكعبري في جسم العضد؟

A) على الوجه الخلفي.
B) على الوجه الانسي.
C) على الوجه الوحشي.
D) كل ماسبق خطأ.",A,A
,"ما الذي تتشكل منه ضفيرة راشكوف في لب السن؟

A) ألياف ودية.
B) ألياف نظيرة ودية
C) ألياف حسية.
D) كل من a و .b",D,C
,"أين يقع المستقيم؟

A) القولون النازل والقولون السيني
B) القولون السيني والقناة الشرجية
C) القولون السيني والقولون المعترض
D) القولون المعترض والقولون السيني",B,B
,"إلى أي صنف من أصناف الغدد تنتمي حديثات المونتغمري؟

A) دهنية
B) لعابية
C) عرقية
D) صباغية",B,A
,"ما هو العصب المحرك لعضلات اللسان؟

A) 11
B) 7
C) 12
D) 9",C,C
,"ما هي الضفيرة التي يتفرع منها العصب الحجابي؟

A) العضدية
B) القطنية
C) الرقبية
D) العجزية",C,C
,"من أين يفرز الأدرينالين؟

A) قشرة الكظر
B) لب الكظر
C) الطحال
D) البنكرياس",B,B
,"ما هو الوريد الذي يتشكل منه الوريد الأجوف السفلي؟

A) الوريدين الحرقفيين الخارجي والداخلي
B) الوريدين الحرقفيين المشتركين الأيمن والأيسر
C) الوريدين الفخذيين
D) كل ما سبق خطأ",B,B
,"ما هي الطبقة الأكثر تمايزاً وكثافة في الشرايين؟

A) الخارجية
B) المتوسطة
C) الداخلية والمتوسطة
D) الداخلية",B,B
,"مما ينتج هرمون T4؟

A) التوتة
B) الكظر
C) الدرق
D) النخامى",C,C
,"ما هي العضلة التي ترتكز بشكل أساسي على العظم الزورقي؟

A) الظنبوبي الأمامي
B) الظنبوبي الخلفي
C) الشظوية الطويلة
D) الشظوية القصيرة
E) قابضة الإبهام الطويلة",B,B
,"أين تقع المنطقة الشمية؟

A) سقف الأنف
B) مقدمة الأنف
C) الجدار الوحشي للأنف
D) الجدار الأنسى للأنف",A,A
,"ما هو اسم الوسادة من النسيج الدهني فوق الارتفاق العاني؟

A) جبل العانة
B) الشفر الصغير
C) الشفر الكبير
D) دهليز الفرج",A,A
,"أين يتوضع الكولون السيني؟

A) الناحية المغبنية اليمنى
B) الناحية المغبنية اليسرى
C) الخثلية
D) لا شيء مما سبق",B,B
,"ما هو القسم من العظم الجبهي الذي يفصل بين القسمين الحجاجيين من الخلف؟

A) الصدفة والقسم الحجاجي
B) الثلمة الغربالية
C) الصفيحة الغربالية العمودية
D) القسم الأنفي",A,B
,"ما هي الفروع الانتهائية للسبات الظاهر؟

A) الوتدي والفكي
B) الفكي والصدغي والسطحي
C) الفكي والوجهي
D) لا شيء مما سبق",B,B
,"أين يمر عصب الفك العلوي؟

A) الثقبة المدورة
B) الثقبة الشوكية
C) الثقبة البيضية
D) الشق الحجابي العلوي",A,A
,"ما هي النقطة التشريحية على الوجه السفلي لجسم العظم الوتدي؟

A) العرف الوتدي
B) السرج التركي
C) المنقار الوتدي
D) الثقبة المدورة",C,C
,"ما اسم العظم الذي يتوضع كيس الدمع عليه؟

A) الدمعي أنسي الحجاج
B) الجبهي وحشي الحجاج
C) الفك العلوي أنسي الحجاج
D) الجبهي أنسي الحجاج",A,A
,"من أين ينشأ الشريان السباتي المشترك الأيسر؟

A) قوس الأبهر مباشرة
B) الأبهر البطني
C) الأبهر الصاعد
D) الشريان العضدي الرأسي",A,A
,"ما طول الأسهر؟

A) 45 سم
B) 15سم
C) 6أمتار
D) 1أمتار",B,A
,"ما هو المكان الذي يعبر من خلاله الشريان السحائي الأوسط؟

A) الثقبة البيضية
B) الثقبة المدورة
C) الثقبة الشوكية
D) الثقبة الإبرية الخشانية",B,C
,"ما هي الطية الجلدية التي تغطي رأس القضيب؟

A) الحشفة
B) لفافة بوك
C) القلفة
D) البصلة",C,C
,"ما هي البنية التشريحية التي ترتكز على الحفرة المدورية؟

A) العضلة السدادية الظاهرة
B) البسواس
C) المشطية
D) المربعة الفخذية",A,A
,"أين يتوضع الدرز الأكليلي؟

A) يتوضع بين العظم الجبهي والجداريين.
B) يتوضع بين الجداريين.
C) يتوضع بين الجداريين والعظم القذالي في الخلف.
D) كل ما سبق خطأ.",A,A
,"ماذا يفعل الرباط المتصالب الأمامي؟

A) يمتد من اللقمة الأنسية للفخذ
B) يرتكز على الحدبة الظنبوبية
C) يمنع انزياح الساق للأمام
D) يمنع انزياح الفخذ للأمام",D,C
,"ما العصب القحفي الذي يعبر الثقبة البيضية؟

A) البصري
B) العينى
C) الفكي السفلي
D) الفكي العلوى",D,C
,"إلى أي قصبات تتفرع القصبات الفصية؟

A) تنفسية
B) رئيسية
C) قطعية شدفية
D) ليس كل ما سبق",A,C
,"أين توجد نوى الأعصاب القحفية من الثالث حتى الثاني عشر؟

A) القشرة
B) النخاع
C) جذع الدماغ
D) البصلة السيسائية",C,C
,"على ماذا يحتوي البلعوم الفموي من اللوزتين؟

A) الفمويتين
B) البلعوميتين
C) الحنكيتين
D) الانفيتين",C,C
,"على أي من وجوه الكبد يوجد مسكن المرارة؟

A) العلوي
B) الخلفي
C) السفلي
D) الامامي",C,C
,"ما هو العصب القحفي الثاني؟

A) البصري - حاسي
B) العيني - حاسي
C) البصري - حسي
D) العيني – حسي",A,A
,"ما وظيفة العضلة تحت الكتفية؟

A) دوران وحشي للكتف.
B) دوران أنسي للكتف.
C) عطف المرفق.
D) عطف الكتف.
E) ولا واحد مما سبق.",A,B
,"أين تتوضع المشيمة في ارتكاز المشيمة المعيب؟

A) الجدار الأمامي للرحم.
B) الجدار الخلفي للرحم.
C) بين الجنين والمهبل.
D) في الفوهة الداخلية لعنق الرحم.",A,C
,"ما اسم الطبقة من السحايا التي تغطي الجيوب الوريدية؟

A) الام الجافية
B) الغشاء العنكبوتي
C) الام الحنون
D) كل ماسبق خطأ",A,A
,"ما هي الألياف التي تربط المراكز القشرية بالمحيط؟

A) إسقاطية
B) ترابطية
C) مشاركة
D) صوارية",A,A
,"ما الذي تشكله البصلة عندما تتمادى في الأمام في جسم القضيب؟

A) الجسم الكهفي
B) الجسم الاسفنجي
C) الساق الوسطى
D) لا شيء مما سبق",B,B
,"ما هي أكبر غدد الجسم؟

A) الكبد
B) الطحال
C) الدرقية
D) التيموس",A,A
,"ما هي الشرايين الخمسة التي يتفرع إليها الشريان الكلوي؟

A) قطعية
B) فصية
C) بين الفصوص
D) بين الفصيصات",A,A
,"بماذا ينتهي الشريان الوجهي؟

A) الشريان العيني
B) السباتي الظاهر
C) الشريان الزاوي
D) اللساني",B,C
,"ما هي طبقة لب السن الأكثر عمقا والأقرب لجوهر اللب؟

A) منطقة أرومة الخلايا السنية
B) المنطقة الغنية بالخلايا.
C) المنطقة الخالية من الخلايا
D) كل ما سبق خاطئ.",C,B
,"أين تقع فوهة مصب الجيب الأكليلي؟

A) أمام وأسفل مصب الأجوف العلوي
B) أمام وأعلى مصب الأجوف السفلي
C) أمام وأسفل مصب الأجوف السفلي
D) إلى الخلف من مصب الأجوف السفلي",A,C
,"ما هي الزاوية الأمامية السفلية للعظم الجداري؟

A) جبهية
B) وتدية
C) قذالية
D) خشائية",B,B
,"أي عصب هو المحرك لعضلات اللسان؟

A) 11
B) 7
C) 12
D) 9",C,C
,"ما هو البروز العظمي الذي يحتوي عليه الوجه الداخلي لفرع الفك السفلي؟

A) الشوكة الذقنية
B) الناشزة الذقنية
C) اللسين
D) الخط الضرسي اللامي",B,C
,"ما هي المواد التي تفرزها الغدد استجابة للتنبيه وترحل عبر الدم؟

A) الغدد
B) الهرمونات
C) المستقبلات
D) لا شئ مما سبق",B,B
,"ما هي الزاوية بين قبضة وجسم القص؟

A) لويس
B) مونتغومري
C) بيل
D) لا شئ مما سبق",A,A
,"من أين يخرج العصب الفكي العلوي من الجمجمة؟

A) الثقبة البيضية
B) الثقبة الشوكية
C) الثقبة المدورة
D) الثقبة الوداجية",C,C
,"ما الذي يحدد المنصف العلوي جانبياً؟

A) الجنية المنصفية.
B) النهاية السفلية للعضلة الطويلة العنقية.
C) منشأ العضلة القصية اللامية.
D) منشأ العضلة القصية الدرقية.
E) اللقافة الجانبية للقوس الأبهرية.",A,A
,"ما هما الممران اللذان يمر عبرهما الهواء إلى جوف الأنف؟

A) CHOANA
B) المنخرين
C) المنعرين
D) كل ما سبق خطأ",B,B
,"أين ترتكز العضلة العريضة الظهرية؟

A) قاع أخدود ذات الرأسين.
B) أنسي اخدود ذات الرأسين.
C) وحشي أخدود ذات الرأسين.
D) الناتئ الغرابي.
E) حديبة العضد الكبرى.",C,A
,"ما هو القولون الذي يمتد بشكل أفقي؟

A) الكولون النازل
B) الكولون الصاعد
C) الكولون المعترض
D) كل ما سبق خطأ",C,C
,"كم عدد القطع العصعصية في النخاع الشوكي؟

A) 5
B) 4
C) 2
D) 1",B,D
,"ما الطبقة التي تمثلها العضلة الدافعة في المثانة؟

A) المخاطية
B) العضلية
C) المصلية
D) تحت المخاطية",B,B
,"ما هي الخلايا التي توجد في الجلد وتعمل كمستقبلات آلية حسية؟

A) خلايا لانغرهانس.
B) خلايا ميركل.
C) خلايا الميلانين.
D) a+b",B,B
,"ما اسم الكرة الصغيرة فوق قمة الغضروف؟

A) الطرجهالي
B) القريني
C) الإسفيني
D) الفلكة",A,B
,"أين لا توجد الغدد الزهمية؟

A) راحة اليد وأخمص القدم
B) حشفة القضيب
C) دهليز الفرج
D) B+C",A,A
,"ما هو العصب المسؤول عن حركات عضلات الوجه التعبيرية؟

A) السابع
B) الخامس
C) الثالث
D) الأول",A,A
,"ما هي الزاوية الخلفية السفلية في العظم الجداري؟

A) خشانية
B) وتدية
C) قذالية
D) جبهية",A,A
,"ما هو الاسم الآخر لفرع الفك السفلي؟

A) القاعدة.
B) جسم الفك السفلي.
C) الرأد.
D) الحافة السنخية.",C,C
,"ماذا يفعل الرباط المتصالب الأمامي؟

A) يمتد من اللقمة الأنسية للفخذ
B) يرتكز على الحدية الظنبوبية
C) يمنع ازياح الساق للأمام
D) يمنع ازياح الفخذ للأمام",D,C
,"ما هي الثقبة التي يعبر من خلالها العصب الوجهي؟

A) الثقبة الإبرية الخشانية
B) الثقبة المدورة
C) الثقبة الشوكية
D) الثقبة البيضية",A,A
,"ماذا تفرز خلايا بيتا في البنكرياس؟

A) الغلوكاغون
B) الأنسولين
C) السوماتوستاتين
D) لا شيء مما سبق",B,B
,"ما هو التامور الخارجي الذي لا يرتبط بالقلب؟

A) التامور الليفي
B) التامور المصلي الجداري
C) التامور المصلي الحشوي :
D) لا شيء مما سبق",A,A
,"ما هو القسم من الضلع الواقع بين الرأس والحديبة؟

A) الجسم
B) الميزابة
C) العنق
D) الرأس",C,C
,"مع أي عظم يتمفصل الظنبوب في الأسفل؟

A) الكعب
B) العقب
C) القعب
D) الفخذ",C,C
,"أي من العضلات العميقة التالية للمثلث الخلفي للعنق ترتبط بحدبة الأطلس الخلفية؟

A) المستقيمه الرأسيه الخلفيه الصغيرة
B) المستقيمه الرأسيه الجانبيه
C) المستقيمه الرأسيه الاماميه
D) المستقيمه الرأسيه الخلفيه الكبيره
E) المنحرفه الرأسيه السفليه",A,A
,"ما هو التركيب الذي يتصل بالخلف مع البلعوم الفموي عبر برزخ الحلق؟

A) دهليز الفم
B) اللثتين
C) جوف الفم المخصوص
D) القوس السنخية",C,C
,"ما هي البنية التي تغطي السطوح الأمامي والإنسي والوحشي للخصية؟

A) لفافة كولس
B) اللفافة المنوية الخارجية
C) الغلالة الغمدية
D) اللفافة المنوية الداخلية",C,C
,"أين يقع موقع الغدة الدرقية؟

A) تحت الحنجرة وعلى جانبي الرغامي وأمامها
B) يتصل الفصين مع بعضهما بجسر نسيجي يدعى البرزخ
C) تحاط بلفافة من اللفافة الرقبية السطحية
D) A + B",D,A
,"أين تتوضع مستقبلات الشم؟

A) الجدار الوحشى للأنف.
B) أرضية الأنف.
C) سقف الأنف.
D) كل ما سبق خطأ .",C,C
,"ما هي طبيعة هرمونات الغدة النخامية؟

A) شحمية
B) بيتيدية
C) سكرية
D) لا شيء مما سبق",B,B
,"ما هو مفصل المرفق؟

A) نموذج رزى
B) لا يتصل مع الكعبرى الزندى العلوى
C) عبره تتم حركه الكب والاستلقاء
D) لا يشارك رأس الكعبره فى تكوينه",C,A
,"ما هو المكان الذي تنشأ منه العضلة المدورة الكبيرة بشكل أساسي؟

A) أسفل الحافة الوحشية لعظم لوح الكتف.
B) الحافة السفلية لشوك الكتف.
C) الحفرة تحت الكتفية لعظم اللوح.
D) الحفرة تحت الشوكية لعظم اللوح.
E) أعلى الحافة الوحشية لعظم اللوح.",C,A
,"أين يتوضع الأبهر النازل البطني؟

A) أيسر الأجوف السفلي
B) خلف الأجوف السفلي
C) أيمن الأجوف السفلي
D) أمام الأجوف السفلي",B,A
,"ما الذي يجاور السطح العلوي لمثانة الرجل؟

A) عرى اللفائفي والكولون السيني
B) الجيب المثاني الرحمي
C) الجيب المستقيمي المثاني
D) لا شيء مما سبق",B,A
,"ما هي عضلة الشهيق الرئيسية؟

A) الحجاب الحاجز.
B) رافعات الأضلاع.
C) المستعرضة الصدرية.
D) العضلات الوربية.",A,A
,"ما هو ترتيب دخول التراكيب إلى سرة الكلية من الخلف للأمام؟

A) شريان – وريد – حويضة
B) وريد – شريان – حويضة
C) حويضة – شريان – وريد
D) حويضة – وريد – شريان",A,C
,"أين تشاهد التلمة الكعبرية للزند؟

A) الوجه الوحشي للزج.
B) الوجه الإنسي السفلي للناتي الإبري.
C) الوجه الوحشي للناتئ المنقاري.
D) الوجه الأنسي للزج.",A,C
,"أين تتوضع الثقبة العوراء في اللسان؟

A) خلف الكلم الإنتهائي
B) في ذروة اللسان
C) أمام الثلم الإنتهائي
D) على حافتي اللسان",A,A
,"ما هو أطول أجزاء الأنبوب الهضمي؟

A) المعي الدقيق
B) المري
C) المعدة
D) المعي الغليظ",A,A
,"ما هو ترتيب العضلات من الأعلى للأسفل على الناحية الخلفية للألية؟

A) كمثرية - توأمية علوية - سادة باطنة - توأمية سفلية
B) كمثرية - توأمية علوية - توأمية سفلية - سادة باطنة
C) كمثرية - سادة باطنة - توأمية علوية - توأمية سفلية
D) توأمية علوية - سادة باطنة - كمثرية - توأمية سفلية
E) سادة باطنة - كمثرية - توأمية علوية - توأمية سفلية",A,A
,"ما هي الطبقة المبطنة للتامور الليفي؟

A) التامور الليفي
B) التامور المصلي الجداري
C) التامور المصلي الحشوي
D) لا شيء مما سبق",C,B
,"ما هو أطول أجزاء أنبوب الهضم؟

A) المري
B) المعي الدقيق
C) الكولون
D) البلعوم",B,B
,"ما هو الهرمون الذي يسرع عملية تصنيع الأحماض الدهنية من الغلوكوز في الخلايا الشحمية؟

A) الغلوكاغون
B) الانسولين
C) الباراثورمون
D) الثيروكسين
E) الثالث والرابع",B,B
,"ما هو الرباط الذي يربط الرحم بجدران الحوض الجانبية؟

A) الاربي
B) المدور
C) العريض
D) الوريدي",C,C
,"ما هو لون لب الكظر؟

A) بني غامق
B) أبيض
C) مائل للصفرة
D) رمادي",C,A
,"ما الذي يشكل معظم الكتلة العضلية للسان؟

A) ذقنية لسانية
B) ضرسية لامية
C) لامية لسانية
D) ذقنية لامية
E) ذات البطنين",C,A
,"ما هي أصغر الحليمات الذوقية وأكثرها عدداً؟

A) الخيطية
B) الفطرية
C) الورقية
D) المحوطة",A,A
,"ما هي العضلات الطويلة التي تربط الفقرات مع بعضها؟

A) عضلات جدار البطن الأمامي
B) عضلات العمود الفقري
C) عضلات الصدر السطحية
D) عضلات الصدر العميقة",B,B
,"ما هو أضيق قسم في جذع الدماغ؟

A) مستوى المزلاج
B) مستوى الوصل البصلي الجسري
C) مستوى الدماغ المتوسط
D) مستوى منتصف الجسر",A,C
,"أين يقع التلفيف خلف المركزي؟

A) الفص الصدغي.
B) الفص الجداري.
C) الفص القذالي.
D) فص الجزيرة.",B,B
,"ما هي الباحة التي يحويها التلفيف خلف المركزي؟

A) الحس الجسدي الأولية
B) الحركة الأولية
C) الحس الثانوي
D) السمع",A,A
,"ما هي أصغر الحليمات الذوقية وأكثرها عدداً؟

A) الخيطية
B) الفطرية
C) الورقية
D) المحوطة",A,A
,"ما هي المجموعة العضلية التي تنتمي إليها العضلة الحرقفية؟

A) عضلات الزنار الحوضي الأمامية
B) عضلات الزنار الحوضي الخلفية
C) عضلات الزنار الحوضي الأنسية
D) عضلات الزنار الحوضي الوحشية",A,A
,"ما هو القسم المسؤول عن تنظيم الفعالية الحياتية الذاتية؟

A) جذع الدماغ
B) الدماغ البيني
C) الدماغ الانتهائي
D) المخيخ",A,A
,"ما هي المادة شبيهة بالهلام التي تشغل أربعة أخماس المقلة؟

A) الخلط الماني
B) الخلط الزجاجي
C) العدسة
D) الشبكية",B,B
,"أين تقع أجسام العصبونات التي تفرز الهرمون المضاد للإدرار ADH؟

A) الأنوية جانب البصرية
B) الأنوية فوق البصرية
C) الأنوية فوق البطينية
D) الأنوية جانب البطينية",C,B
,"ما هي العضلات التي لها منشأ عظمي وترتكز على باطن جلد الوجه؟

A) العضلات الماضغة
B) عضلات الوجه التعبيرية
C) عضلات العنق
D) لا شئ مما سبق",B,B
,"ما هو مصدر التروية الرئيسية للمعدة؟

A) فروع الشريان المساريقي العلوي
B) فروع الجذع الزلاقي
C) فروع شريان المساريقي السفلي
D) فروع تاتي من الابهر مباشرة",B,B
,"ما هي أطول أجزاء أنبوب الهضم؟

A) المري
B) المعي الدقيق
C) الكولون
D) البلعوم",B,B
,"من أين ينشأ الجذع الرئوي؟

A) البطين الأيمن
B) الأذينة اليسرى
C) الأذينة اليمنية
D) البطين الأيسر",A,A
,"ما هو اسم المنعكس الذي يحدث عند رفع الخصية والصفن للأعلى؟

A) السلخي
B) المشمري
C) الخصيوي
D) الذكري",A,B
,"ما هو العظم الذي يحتوي على تلم في وجهه السفلي لمرور وتر الشظية الطويلة؟

A) النردي
B) العقب
C) الزورقي
D) القعب",A,A
,"ما هي المنطقة المتوسطة من نواحي البطن؟

A) الشرسوفية
B) الخثلية
C) السرية
D) المغبنية",B,C
,"ما الذي يصل بين الأذينة اليسرى والبطين الأيسر؟

A) فوهة مثلث الشرف
B) فوهة التاجي
C) الفوهة الرئوية
D) الفوهة الأبهرية",B,B
,"ما الذي يعطي الرباط الحرقفي القطني منشأ له؟

A) العضلة المربعة القطنية.
B) العضلة الحرقفية.
C) العضلة الإليوية الوسطى.
D) العضلة رباعية الرؤوس الفخذية.
E) كل ما سبق خاطئ.",A,A
,"ماذا يحفز ACTH إفرازه؟

A) الألدستيرون
B) الكورتيزول
C) الأندروجين
D) الكالسيتونين",B,B
,"ما هو أكثر أقسام الإحليل قابلية للتمدد وأعرضها؟

A) الموثي
B) الغشاني
C) البصلي
D) الإسفنجي",A,A
,"مما يتكون الزنار الحوضي؟

A) من العظمين الوركيين و العجز.
B) من العظمين الوركيين والعظمين الفخذيين.
C) من العجز و العظمين الفخذيين.
D) من العظمين الوركيين.",A,A
,"أين تقع الباحة الحركية الأولية؟

A) أمام التلفيف الجانبي.
B) في التلفيف أمام المركزي .
C) خلف شق رولاندو.
D) في قص الجزيرة.",B,B
,"ما هي العضلة المسؤولة عن قبض الفخذ وقبض الساق؟

A) الخياطية
B) الرشيقة
C) المقربة الكبيرة
D) المقربة الطويلة",C,A
,"أين تتوضع الغدة تحت الطية اللسانية؟

A) النكفية
B) تحت الفك السفلى
C) تحت اللسان
D) الثانوية",C,C
,"أين يتوضع السرج التركي؟

A) على الوجه السفلي لجسم العظم الوتدي.
B) على الوجه العلوي لجسم العظم الوتدي.
C) على الوجه الأمامي لجسم العظم الصدغي.
D) على الوجه الخلفي لجسم العظم الوتدي.",B,B
,"ما هو القسم مع الضلع الواقع بين الرأس والحدبية؟

A) الجسم
B) الميزابة
C) العنق
D) الرأس",C,C
,"كم عدد شدف النخاع الشوكي؟

A) 31
B) 31 شفعا
C) 12
D) 15",A,A
,"ما هي العضلة الموسعة المسؤولة عن فتح الحنجرة؟

A) الحلقية الطرجهالية الوحشية
B) الحلقية الطرجهالية الخلفية
C) الطرجهالية المستعرضة
D) الطرجهالية المائلة",B,B
,"ما يُدعى القسم العلوي المتسع من الحالب؟

A) الحويضة
B) النفرون
C) القشر
D) اللب",A,A
,"أين توجد نقطة التعظم البدئية في لوح الكتف؟

A) الحفرة تحت الكتف
B) الحفرة تحت الشوك
C) الحفرة فوق الكتف
D) الحفرة فوق الشوك",A,B
,"ما هو الشريان الذي يستمر به الشريان تحت الترقوة؟

A) الابطي
B) المأبضي
C) العضدي
D) القاعدي",C,A
,"ما هو الشريان الذي يمكن الشعور بنبضه عند الحافة السفلية للفك السفلي أمام العضلة الماضغة؟

A) اللساني .
B) الوجهي.
C) الوجهي المعترض.
D) الفكي .
E) الصدغي السطحي.",B,B
,"ما هو الشريان الذي يعتبر الشريان المخي الخلفي فرعاً منه؟

A) القاعدي
B) السباتي الظاهر
C) الفقري
D) السباتي الباطن",A,A
,"ما هو أكبر أعضاء الجسم وزناً ومساحة؟

A) الكبد
B) الجلد
C) المعي الدقيق
D) الكولون",B,B
,"ما الذي يشكله نصفا الكرة المخية مع الدماغ البيني؟

A) المخ
B) الدماغ
C) المخيخ
D) جذع الدماغ",A,A
,"ما هو اسم الحافة اليسرى للمعدة التي تمتد من الفؤاد إلى البواب؟

A) الانحناء الصغير
B) الثرب الصغير
C) الانحناء الكبير
D) الجسم",A,C
,"ما هو مصدر نشأة الشريان الشوكي الأمامي؟

A) الفقري
B) القاعدي
C) السباتي الباطن
D) مسبع ويليس",A,A
,"أين يقع الثرب الصغير؟

A) المعدة والكبد
B) الكبد والطحال
C) المعدة والطحال
D) المعدة والقولون المستعرض",C,A
,"أين تقع صفيحة الأكيمات؟

A) الدماغ المتوسط .
B) البصلة.
C) المخيخ.
D) الجسر.",C,A
,"ما هي الباحة التي يحويها التلفيف خلف المركزي؟

A) الحس الجسدي الأولية
B) الحركة الأولية
C) الحس الثانوي
D) السمع",A,A
,"ما هي الألياف التي تربط المراكز القشرية بالمحيط؟

A) إسقاطية
B) ترابطية
C) مشاركة
D) صوارية",A,A
,"ما نوع المفصل الحلقي الطرجهالي؟

A) الليفي
B) الزليلي
C) الزجاجي
D) المرن",B,B
,"ما هو رقم العصب الحركي للعضلات الماضغة؟

A) الأول
B) الخامس
C) الثالث
D) السابع",B,B
,"كم عدد فصيصات الخصية؟

A) 250
B) 25
C) 20
D) 15",A,A
,"أين ترتكز العضلة الأخمعية الخلفية بوتر رقيق؟

A) الضلع الثاني.
B) الحدبة الأخمعية.
C) لوح الكتف.
D) الترقوة.",B,A
,"أين يتوضع الثلم المهمازي؟

A) الأنسي
B) الوحشي
C) السفلي
D) لا شيء مما سبق",B,A
,"ما هي المنطقة التي يقع بينها القسيم العضلي (sarcomere)؟

A) الشريطين-I-
B) الشريطين -Z-
C) الشريطين -A-
D) الخطين -Z-
E) كل ما سبق خطأ.",B,D
,"ما الذي تنتجه الخلايا المجاورة للجريبات في الدرق؟

A) T3
B) T4
C) كاليستونين
D) باراثرمون",C,C
,"ما الذي تتحول إليه الوحيدات Monocytes بعد مغادرتها الدوران؟

A) بالعات
B) لمفاويات
C) الوحيدات لا تغادر الدوران
D) خلايا بديئة
E) ارومات ليفية",A,A
,"ما هو الشريان الذي ينتهي به الشريان الوجهي؟

A) الفكي
B) الوتدي الحنكي
C) الزاوي
D) الأنفي",C,C
,"أين يتوضع الثلم المهمازي؟

A) الانسي
B) الوحشي
C) السفلي
D) لا شيء مما سبق",A,A
,"ما هو العصب القحفي الذي يحمل التعصيب نظير الودي للقلب؟

A) 8
B) 9
C) 10
D) 11",C,C
,"ما هي العضلة التي يمر العصب تحت اللساني في الناحية تحت الفك عميقاً منها؟

A) الذقنية اللسانية .
B) البطن الأمامي لذات البطنين.
C) فرسية لامية.
D) إبرية لسانية.
E) لامية لسانية.",A,E
,"تحت أي قسم من أقسام التشريح يندرج التنبيب الرغامي؟

A) التشريح الجهازي.
B) التشريح التاجي.
C) التشريح التقني .
D) التشريح الوظيفي.",C,C
,"ما هي العظام التي يتشكل منها مفصل الركبة؟

A) المفصل بين عظمي الفخذ والظنبوب والمفصل بين عظمي الفخذ والرضفة.
B) المفصل بين عظمي الفخذ والظنبوب والمفصل بين عظمي الفخذ والرضفة والمفصل بين عظمي الظنبوب والشظية.
C) المفصل بين عظمي الفخذ والشظية والمفصل بين عظمي الفخذ والرضفة.
D) المفصل بين عظمي الفخذ والشظية والمفصل بين عظمي الشظية والظنبوب.",A,A
,"ما هي الحركة الخاصة بالساعد؟

A) الكب
B) العودة
C) المقابلة
D) الشتر",C,A
,"ما الذي يحويه القسم الأمامي للثلم الأمامي الخلفي الأيسر للكبد؟

A) تلم الرباط المدور
B) تلم الرباط الوريدي
C) تلم الأجوف السفلي
D) ثلم المرارة",B,B
,"ماذا تشكل الصفيحتان السفليتان للشفرين الصغيرين عند اتحادهما؟

A) لجيم البظر
B) قلفة البظر
C) العريكشة
D) جبل العانة",B,A
,"ما هي الانطباعات التي توجد على العظم الجداري؟

A) السحائي اللاحق
B) السحائي الأوسط
C) السباتي الباطن
D) الشريان الزاوي",B,B
,"ما هو العصب الحركي للعضلات الماضغة؟

A) الأول
B) الخامس
C) الثالث
D) السابع",B,B
,"أين يقع الشق الحجاجي السفلي؟

A) الجناح البير والفكي العلوي
B) الجناح الصغير والفكي العلوي
C) الجناحان الكبير والصغير
D) الجناح الكبير والعظم الصدغي",A,A
,"ما هو العضو المتخصص بتشكيل الصوت والتدخل بالدور في الكلام؟

A) الفم
B) الحنجرة
C) المريء
D) الأنف",B,B
,"ما هي حركة الركبة للخلف بمستوى سهمي؟

A) عطف
B) بسط
C) دوران انسي
D) دوران وحشي",B,A
,"ما هو العصب القحفي المتواسط بإفراز الغدد الدمعية واللعابية؟

A) السابع
B) الخامس
C) الثالث
D) الأول",A,A
,"أين تتوضع الصفيحة الأفقية للعظم الغربالي؟

A) الثلمة الغربالية في العظم الوتدي.
B) الثلمة الغربالية في العظم الغربالي.
C) الثلمة الغربالية في العظم الدمعي.
D) الثلمة الغربالية في العظم الجبهي.",A,C
,"ما هو لون لب الكظر؟

A) بني غامق
B) أبيض
C) مائل للصفرة
D) رمادي",C,A
,"ما هو وجه العظم الجبهي الذي ينتمي للقحف العصبي؟

A) الخارجى
B) الداخلى
C) الانسي
D) العصبي",B,B
,"ما هو لون لب الكظر؟

A) بني غامق
B) أبيض
C) مائل للصفرة
D) رمادي",C,A
,"ما هي اللفافة التي تحيط بجسم القضيب؟

A) بوك
B) كولس
C) القضيبية الوسطى
D) الشاملة",A,A
,"ما هي العضلة التي تعد من العضلات الوحشية للساق وقد تعد من العضلات الأمامية للساق؟

A) العضلة الشظوية الطويلة
B) العضلة الشظوية القصيرة
C) العضلة الشظويةالثالثة
D) العضلة الظنبوبية الأمامية",A,C
,"ما هو أول ما يتأثر من الخلايا الكبدية في حالة الإصابة بنقص الأكسجة؟

A) الخلايا الكبدية المحيطية
B) الخلايا الكبدية المركزية
C) كلا˝ من a و .b
D) لا تتأثر خلايا كبدية.",B,B
,"ما هي العضلات الطويلة التي تربط الفقرات مع بعضها؟

A) عضلات جدار البطن الأمامي
B) عضلات العمود الفقري
C) عضلات الصدر السطحية
D) عضلات الصدر العميقة",B,B
,"ما هي الطية الجلدية التي تغطي رأس القضيب؟

A) الحشفة
B) لفافة بوك
C) القلفة
D) البصلة",C,C
,"من أين يتفرع الشريان الأكليلي الأيمن والأيسر؟

A) الأبهر الصاعد
B) الأبهر الصدري
C) الأبهر البطني
D) الأبهر النازل",C,A
,"متى ينشأ برزخ الأبهر؟

A) قبل منشأ الشريان السباتي المشترك
B) قبل منشأ الشريان تحت الترقوة الأيسر
C) بعد منشأ الشريان تحت الترقوة الأيسر
D) كل ما سبق خطأ",B,C
,"ما هو أصغر الفروع الأمامية للأبهر البطني؟

A) الجذع البطني
B) المساريقي العلوي
C) المساريقي السفلي
D) الشريان الكظري",C,C
,"ما هي الألياف التي تربط التلافيف والفصوص في نصف كرة مخية واحد؟

A) إسقاطية
B) ترابطية
C) صوارية
D) التقائية",B,B
,"ما هي ميزابة النبض بين أوتار العضلات؟

A) العضدية الكعبرية قابضة الرسغ الكعبرية
B) العضدية الزندية باسطة الرسغ الزندية
C) المرفقية الاستلقائية
D) الكأبة المربعة الكأبة المدورة",B,A
,"ما هو الوريد السطحي الذي يشكل الابطي؟

A) القاعدي
B) الراسي
C) العضدي
D) تحت الترقوة",A,A
,"ماذا تفرز الخلايا ألفا في البنكرياس؟

A) الفلوكاغون
B) الانسولين
C) السوماتوستاتين
D) لا شيء مما سبق",A,A
,"ما هو اسم أعمق الانخفاضات في الصيوان؟

A) المحار
B) الحتار
C) فصيص الأذن
D) نظير الحتار",A,A
,"ما هي وظيفة هرمون الغدة جار الدرقية PTH؟

A) يرفع كالسيوم الدم
B) يخفض كالسيوم الدم
C) يرفع كالسيوم البول
D) لا شيء مما سبق",A,A
,"ما الذي يمتد من المنخر حتى المنعر؟

A) قمة الأنف
B) ظهر الأنف
C) جوف الأنف
D) جذر الأنف",B,C
,"ما الذي يقع بين جسم الفقرة والقوس الفقرية؟

A) الثقبة المستعرضة
B) الثقبة بين الفقرية
C) الثقبة الفقرية
D) الثقبة المغذية",B,C
,"أين تتوضع الطية المخملة؟

A) الوجه العلوي للسان
B) الوجه السفلي للسان
C) اللثتين
D) الشدفين",B,B
,"ما هو الهرمون الذي يفرز PTH؟

A) الغدد جارات الدرق.
B) الغدة النخامية.
C) الغدة الكظرية.
D) الغدة الدرقية.",A,A
,"ما هو الهرمون الذي يسرع عملية تصنيع الأحماض الدهنية من الغلوكوز في الخلايا الشحمية؟

A) الغلوكاغون
B) الأنسولين
C) الباراثورمون
D) الثيروكسين
E) الثالث والرابع.",B,B
,"ما هي العضلات التي تعمل على توازن الرأس على الجذع؟

A) عضلات الوجه التعبيرية.
B) العضلة الصدغية.
C) عضلات العنق.
D) العضلة الجناحية الأنسية.",C,C
,"من أين يخرج العصب الوجهي من الجمجمة؟

A) الثقبة الأبرية الخشائية
B) الثقبة المدورة
C) الثقة الشوكية
D) الثقبة البيضية",A,A
,"ما الذي يتصل به المدورين بالخلف في الفخذ؟

A) الخط بين المدورين
B) العرف بين المدورين
C) الثلمة بين المدورة
D) لا شيء مما سبق",A,B
,"أين يدخل الحالبان المثانة؟

A) الخلفي
B) الجانبي
C) السفلي
D) العلوى",B,A
,"ما هي الباحة المسؤولة عن حركات العين؟

A) 5 و 6
B) 4
C) 7
D) 8",D,D
,"ما هو الشريان الذي ينشأ منه الجذع المشترك للشريان بين العظمين؟

A) الزندي
B) الكعبري
C) العضدي
D) الابطي",A,A
,"ما هو وجه عظم الترقوة الذي عليه ميزابة طولانية؟

A) الوجه العلوي
B) الوجه السفلي
C) الوجه العلوي والسفلي
D) كل ماسبق خطأ",B,B
,"من أين يفرز الغلوكاغون؟

A) خلايا بيتا في المعثكلة
B) خلايا الفا في المعثكلة
C) لب الكظر
D) الغدة الدرقية",B,B
,"ما هي الطبقة المبطنة للتامور الليفي؟

A) التامور الليفي
B) التامور المصلي الجداري
C) التامور المصلي الحشوي
D) لا شيء مما سبق",C,B
,"ما هو معنى التوسع في نهاية الأسهر؟

A) مجل الأسهر
B) الحويصل المنوى
C) القناة الدافقة
D) لاشئ مما سبق",A,A
,"كم عدد فقرات الجزء الصدري من العمود الفقري؟

A) 10
B) 12
C) 14
D) 8",B,B
,"من أين ينتج هرمون الأستروجين؟

A) الخصية
B) المبيض
C) الدرق
D) الكظر",B,B
,"ما هي الفروع الانتهائية للسباني الخارجي؟

A) فكي وصدغي عميق
B) فكي وصدغي سطحي
C) حنكي وصدغي سطحي
D) فكي وصدغي أوسط",A,C
,"ما هو مصدر التعصيب الحركي لعضلات الظهر العميقة؟

A) الشعب الاوليه البطنيه
B) الشعب الاوليه الظهريه
C) الفروع الخلفيه للاعصاب الناقبه الوحشيه
D) الجذور الظهريه
E) الجذور البطنيه",B,B
,"ما هو الجيب الوريدي الذي يصب في الوريد الوداجي الباطن؟

A) الجيب الكهفي
B) الجيب القاعدي
C) الجيب السيني
D) الجيب المستعرض",A,C
,"أين يتوضع العظم الكتفي؟

A) الاضلاع الثانية حتى السابعة
B) الاضلاع السبعة الاولى
C) الاضلاع الثالثة حتى السابعة
D) الاضلاع الستة الاولى",A,A
,"ما هي المنطقة الأعمق في الغدة الكظرية؟

A) اللب
B) الحزمية
C) الشبكية
D) الكبيبية",A,A
,"ما الذي يقع بين النواة العدسية من جهة والنواة والمهاد من الجهة الأخرى؟

A) النواة السوداء.
B) المنقار.
C) المحفظة الداخلية.
D) النواة البينية.",B,C
,"ما الذي ينفتح على القرين الأنفي العلوي؟

A) الجيب الوتدي
B) الجيب الفكي
C) الجيب الغربالي
D) الجيب الجبهي",C,A
,"أين يمكن إجراء الحقن العضلي في القسم العلوي؟

A) ذات الرأسين العضدية
B) الدالية
C) الغرابية العضدية
D) المدورة الصغيرة",A,B
,"أين تتوضع الاحدوبة الدالية في العضد؟

A) الانسي
B) الوحشي
C) الخلفي
D) لا شيء مما يلي",B,B
,"ما هو أكبر الجيوب جانب الأنف؟

A) الفكي
B) الجبهي
C) الغربالي
D) الوتدي",A,A
,"ما هو العصب المحرك لعضلات اللسان؟

A) 11
B) 7
C) 12
D) 9",C,C
,"ما الذي يتوضع تحت الخط الضرسي اللامي؟

A) حفرة ذات البطنين
B) حفرة الغدة تحت اللسان
C) حفرة الغدة تحت الفك السفلي
D) لا شيء مما سبق",B,C
,"ما هي الطبقة المحيطة بالقلب والمرتبطة به؟

A) التامور الليفي
B) التامور المصلي الجداري
C) التامور المصلي الحشوي
D) لا شيء مما سبق",A,C
,"ما هو الشريان الذي ينشأ منه الشريان الزاوي؟

A) الشريان الوجهي
B) الشريان اللساني
C) الشريان الفكي
D) الشريان العيني",C,A
,"ما هو تشكل الوريد المأبضي؟

A) الوريد الظنبوبي الامامي والوريد الظنبوبي الخلفي
B) الوريد الظنبوبي الامامي والوريد الشوي
C) الوريد الحرقفي الداخلي والخارجي
D) الوريد الصافن الكبير والصغير",A,A
,"ما هي المنطقة الأعمق في قشر الكظر؟

A) الكبيبية
B) الحزمية
C) الشبكية
D) اللب",C,C
,"أين يقع التلم الوحشي؟

A) فص الجزيرة
B) الفص الجبهي
C) الفص الجداري
D) الفص القذالي",A,A
,"أين يصب الوريد الكلوي؟

A) الوريد الفرد
B) الوريد نصف الفرد
C) الأجوف السفلي
D) الأجوف العلوي",B,C
,"أين ترتكز العضلة المدورة الصغيرة؟

A) وحشي اخدود ذات الرأسين.
B) أنسي أخدود ذات الرأسين.
C) قاع أخدود ذات الرأسين.
D) الناتئ الغرابي.
E) حديبة العضد الكبرى.",A,E
,"ما هو الجزء من البلعوم الذي يتبعه الردب الكمثري؟

A) الأنفي
B) الفموي
C) الحنجري
D) لا شيء مما سبق",B,C
,"كم عدد الأعصاب القحفية؟

A) 12 عصبًا
B) 12 شفعًا
C) 31 عصبًا
D) 31 شفعًا",B,B
,"أين تتوضع نواة العصب العاشر؟

A) الجسر
B) البصلة
C) الدماغ المتوسط
D) المخيخ",B,B
,"ما هو العنصر الذي يجاور الرغامي من الخلف؟

A) غدة التيموس
B) قوس الأبهر
C) المري
D) الجذع العضدي الرأسي",C,C
,"ما هو العصب القحفي الذي يجتاز النفق الصدري؟

A) 1
B) 2
C) 3
D) 4",A,B
,"ما هو العظم الأضخم في هيكل القدم؟

A) القعب
B) العقب
C) الزورقي
D) النردي",A,B
,"أين يوجد النفير البلعومي السمعي؟

A) الانف
B) البلعوم الفموي
C) البلعوم الانفي
D) البلعوم الحنجري",C,C
,"ما الذي يحد فتحة وينسلو من الأسفل؟

A) البواب.
B) الإثني عشر.
C) الفص المذنب الكبد.
D) الثرب الصغير.
E) مساريقا القولون المعترض.",A,B
,"ما يُسمى الوجه الأمامي للوح الكتف؟

A) الحفرة فوق الشوك
B) الحفرة تحت الشوك
C) الحفرة تحت الكتفية
D) الحفرة فوق الكتفية",D,C
,"ما هو الشريان الذي يروي القولون الصاعد؟

A) الكلوي
B) المعدي الأيسر
C) المساريقي العلوي
D) المساريقي السفلي",C,C
,"ما هي الطية الجلدية التي تغطي رأس القضيب؟

A) الحشفة
B) لفافة بوك
C) القلفة
D) البصلة",C,C
,"ما يُدعى القسم العلوي المتسع من الحالب؟

A) الجيب الكلوي
B) اللب الكلوي
C) الحويضة
D) الهرم الكلوي",C,C
,"ما هي المنطقة الفاصلة بين الطيتين الصوتيين؟

A) الدهليز
B) البطين
C) مشق المزمار
D) الجوف تحت المزماري",A,C
,"ما هي الطبقة من الكظر التي تتألف من حبال مقوسة من خلايا عمودية متقاربة؟

A) الطبقة الكبيبة
B) الطبقة الحزمية
C) محفظة الكظر
D) الطبقة الشبكية
E) لب الكظر",B,A
,"ما هي الخلايا التي تتوضع في اللحمة بين النبيبات؟

A) المولدة للنطاف
B) لايديغ
C) سيرتولي
D) لا شيء مما سبق",B,B
,"ما هو السطح الخلفي للفخذ تحت المدور الكبير؟

A) الأحدوبة الرشيقة
B) الأحدوبة الأولوية
C) الأحدوبة المربعة
D) حديبة رباعية الرؤوس الفخذية",A,B
,"ما الذي يحويه القسم الأمامي للثلم الأمامي الخلفي الأيسر للكبد؟

A) ثلم الرباط الوريدي
B) ثلم الرباط المدور
C) ثلم الأجوف السفلي
D) ثلم المرارة",B,B
,"ما هو الشريان الذي يروي معظم الوجه الوحشي للمخ؟

A) المخي الأمامي.
B) المخى الأوسط.
C) المخي الخلفي.
D) العيني.",B,B
,"ما هي المنطقة الفاصلة بين الطيتين الصوتيين؟

A) الدهليز
B) البطين
C) مشق المزمار
D) الجوف تحت المزماري",A,C
,"ما هو العصب القحفي الذي يعبر الثقبة البيضية؟

A) البصري
B) العيني
C) الفكي السفلي
D) الفكي العلوي",D,C
,"ما هو الهرمون الذي يسبب دفقه الشديد حدوث عملية الإباضة؟

A) LH
B) FSH
C) TSH
D) GuRH
E) الأول والثاني",A,A
,"ما هو الهرمون الذي يستهدف الدرق ويحفز إفراز الهرمون الدرقي؟

A) T3
B) T4
C) TSH
D) a + b",C,C
,"ما هي أكبر عقدة مفردة من النسيج اللمفاوي؟

A) الكبد
B) الطحال
C) الدرقية
D) التيموس",B,B
,"ما هي العضلة الرئيسية المسؤولة عن قبض المرفق؟

A) العضدية
B) قابضة الرسغ الزندية
C) قابضة الرسغ الكعبرية
D) الراحية الطويلة",A,A
,"ما هي التراكيب التي توجد على حافتي اللسان وتحوي براعم ذوقية كثيرة؟

A) الخيطية
B) الفطرية
C) الورقية
D) المحوطة",B,C
,"ما هي الشعيرات الدموية التي تغلفها محفظة بومان؟

A) القشر الكلوي
B) الكبيبة الكلوية
C) الحليمة الكلوية
D) اللب الكلوي",B,B
,"ما هي الحافة من الفرع التي تشكل زاوية الفك السفلي؟

A) الأمامية
B) الخلفية
C) العلوية
D) الوحشية",B,B
,"ما الذي تغلفه العضلة البصلية الإسفنجية؟

A) ساق القضيب
B) الجسم الاسفنجي
C) بصلة القضيب
D) الحشفة",C,C
,"من أين يخرج العصب الشوكي؟

A) الثقبة بين الفقرية
B) الثقبة الفقرية
C) الثقبة الكبرى
D) التثقبة الشوكية",A,A
,"ما هي الألياف التي تعصب العضلة مصرة الحدقة؟

A) ودية
B) نظيرة ودية
C) شوكية
D) لا شيء مما سبق",B,B
,"ما هو البطين الذي يحويه الدماغ البيني داخله؟

A) الجانبي
B) الرابع
C) الثالث
D) لا شيء مما سبق",C,C
,"ما الذي يشغل الجزء العلوي من قبة القحف؟

A) العظم الجداري
B) العظم الجبهي
C) العظم القذالي
D) العظم الوتدي",A,A
,"ما هو العصب الذي يعصب الغدة النكفية؟

A) البلعومي اللساني
B) العصب الوجهي
C) تحت اللساني
D) اللساني",B,C
,"من أين يخرج العصب تحت اللساني؟

A) النفق تحت اللساني
B) النفق السباتى
C) النفق الوداجي
D) الثقبة البيضية",A,A
,"ما هي الخلايا البالعة الكبدية؟

A) خلايا مايسنر
B) بالعات كبيرة
C) خلايا كوبفر.
D) ليس أيا˝ مما سبق.",C,C
,"أين يصب الوريد الصافن الكبير (الأنسي)؟

A) الوريد الفخذي
B) الوريد المأبضي
C) الوريد الحرقفي الداخلي
D) الوريد الحرقفي الخارجي",A,A
,"ما هو الشريان الذي يستمر به الريان تحت الترقوة؟

A) الإبطي
B) الما بضي
C) العضدي
D) القاعدي",A,A
,"ما تُدعى الردب بين عنق الرحم والمهبل؟

A) الجيب البولي التناسلي
B) الحجاب البولي التناسلي
C) قبو المهبل
D) عنق الرحم المهبلي",C,C
,"في أي مستوى من الفقرات الصدرية يتم التمفصل بين قبضة وجسم القص؟

A) الأولى .
B) الثانية .
C) الرابعة.
D) الثالثة.",B,C
,"ما هو الرباط الذي يربط الرحم بجدران الحوض الجانبية؟

A) الإربي
B) المدور
C) العريض
D) الوريدي",C,C
,"ما هي العضلة التي تنشأ من الشوكة الحرقفية الأمامية العلوية وترتكز انسي الظنبوب؟

A) مربعة الرؤوس الفخذية
B) المشطية
C) الخياطية
D) ثنائية الرؤوس الفخذية",A,C
,"ما هي الطبقة البطانية الرحمية التي تتعرض إلى تغيرات ملحوظة أثناء الدورة الشهرية؟

A) الطبقة الوظيفية.
B) الطبقة التي تملك صفيحة مخصوصة أغنى بالخاليا.
C) الطبقة التي تحوي على الأجزاء العميقة من غدد باطن الرحم.
D) كل ما سبق خطأ.",A,A
,"ما هو موقع مستقبلات الضغط المسؤولة عن المنعكس القلبي التثبيطي؟

A) الجيب الأبهري.
B) الجيب السباتي.
C) جدار الأذينة اليمني.
D) عند تفرع الأبهر.
E) كل ما سبق خاطئ.",E,B
,"ما هو أكبر أعضاء الجسم وزناً ومساحة؟

A) الكبد
B) الجلد
C) المعي الدقيق
D) الكولون",B,B
,"ما هي البنية الأكثر علواً في جذر الرئة اليسرى؟

A) الشريان الرئوي
B) الوريد الرئوي العلوي
C) القصبة اليسرى
D) الوريد الرئوي السفلي
E) الوريد الفرد",B,A
,"ما هو المكان الذي يعبر من خلاله الشريان السحاني الأوسط؟

A) الثقبة البيضية
B) الثقبة المدورة
C) الثقبة الشوكية
D) الثقبة الأبرية الخشائية",B,C
,"ما هو الجوف الهوائي الذي يحوي عظيمات السمع؟

A) الأذن الخارجية
B) الأذن الداخلية
C) الأذن الوسطى
D) نفير اوستاش",C,C
,"ما هي وظيفة النهايات العصبية الحرة الواردة ضمن ألياف العضلة القلبية؟

A) الإحساس بالضغط.
B) لإحساس بالحرارة.
C) الإحساس بالألم.
D) ليس لها دور بالإحساس.",C,C
,"ما هي الخلايا التي تخزن فيتامين A في الكبد؟

A) الخلايا الكبدية
B) خلايا إيتو
C) خلايا كوبفر
D) الخلايا البطانية",B,B
,"من أين يحمل الشريان الرئوي الدم غير المؤكسج؟

A) البطين الأيسر
B) الأذينة اليسرى
C) البطين الأيمن
D) الأذينة اليمنى",C,C
,"ما هو العصب القحفي الثاني؟

A) البصري - حاسي
B) العيني - حاسي
C) البصري - حسي
D) العيني - حسي",A,A
,"ما هو العظم الذي تنتمي إليه الثلمة الاسكية الصغيرة؟

A) الحرقفة
B) الاسك
C) العانة
D) لا شيء مما سبق",B,B
,"ما هو الغضروف المرتبط مع الحلقة الرغامية الأولى؟

A) الحلقي
B) الطرجهالي
C) الدرقي
D) القريني",B,A
,"ما هو المفصل الذي يتألف من سطحين كل منهما محدب في اتجاه ومقعر في اتجاه آخر؟

A) سرجي saddle
B) كروى ball and socket
C) لقمي condyloid
D) صائري pivot",A,A
,"ما هو أكبر أعصاب الجسم؟

A) مثلث القوائم
B) الزندي
C) المبهم
D) الوركي",D,D
,"كم عدد العضلات بين العظمية الأخمصية؟

A) 3
B) 4
C) 5
D) 6",A,A
,"أين ينتهي الأبهر النازل؟

A) C4
B) T4
C) L4
D) L2",C,C
,"ما هي المراكز المسؤولة عن تنسيق الفعالية الحركية وضمان الثباتية؟

A) النوى القاعدية
B) القشرة المخية
C) جذع الدماغ
D) المادة البيضاء",A,A
,"ما هو وجه العظم الجبهي الذي ينتمي للقحف العصبي؟

A) الخارجي
B) الداخلي
C) الانسي
D) الوحشي",B,B
,"أين ينفتح الجيب الفكي؟

A) الصماخ العلوي
B) الصماخ السفلي
C) الصماخ المتوسط
D) كل ما سبق صحيح",C,C
,"ما هو أكبر أقسام المعثكلة؟

A) الرأس
B) العنق
C) الجسم
D) الذيل",C,A
,"ما هي الحدود التشريحية للحجرة الخلفية للعين؟

A) القزحية في الأمام والعدسة في الخلف
B) القرنية في الأمام والقزحية في الخلف
C) العدسة في الأمام والشبكية في الخلف
D) لا شيء مما سبق",A,A
,"أين ترتكز العضلة الشظوية القصيرة؟

A) قاعدة المشط الخامس
B) قاعدة المشطى الأول
C) الاسفيني الوحشي
D) B+C",D,A
,"ما هي المنطقة في الحنجرة التي تشمل الطيتين الصوتيتين والمسافة بينهما؟

A) المزمار
B) مشق المزمار
C) البطين الحنجري
D) الحبل الصوتي",A,A
,"أين تقع الوهدة في البلعوم؟

A) الأنفي
B) الفموي
C) الحنجري
D) لا شيء مما سبق",A,B
,"ما هي الغدة التي تتوضع تحت الطية اللسانية؟

A) النكفية
B) تحت الفك السفلي
C) اللسان
D) الثانوية",C,C
,"ما هو العصب الذي ينتقل عبره الحس غير العام (حس الذوق) من الثلث الأمامي للسان؟

A) العصب الوجهي.
B) العصب تحت اللساني.
C) العصب اللسانى البلعومى.
D) العصب الفكى السفلي.
E) العصب الفكى.",A,A
,"ماذا يروي المساريقي العلوي؟

A) الأمعاء الدقيقة
B) المعدة
C) المرئ
D) البريتوان",B,A
,"ما هي المنطقة الأعمق من قشر الكظر؟

A) المنطقة الكبيبية
B) المنطقة الحزمية
C) المنطقة الشبكية
D) كل ما سبق خطأ",C,C
,"ما هي الفقرة التي تحتوي على ثقبة فقرية كبيرة ومثلثية الشكل؟

A) الفقرة الرقبية
B) الفقرة الصدرية
C) الفقرة الصدرية
D) الفقرة القطنية",A,A
,"ما هو لون قشر الكظر؟

A) بني غامق
B) أبيض
C) مائل للصفرة
D) رمادي",C,C
,"ما هو النسيج الضام الليفي الذي يرتكز حول السطوح المفصلية؟

A) المحفظة المفصلية
B) الأربطة
C) السطوح المفصلية
D) العضلات",B,A
,"كم عدد شدف النخاع الشوكي؟

A) 31
B) 31 شفعًا
C) 12
D) 15",A,A
,"ما هو التصريف اللمفاوي للثلث الخلفي للسان؟

A) القعد التكفيه
B) العقد تحت الفكيه
C) العقد اللثويه
D) العقد الحنكية
E) العقد الرقبيه العميقه",A,E
,"ما هي الغدة التي تقوم بإفراز الميلاتونين؟

A) الخلايا الكوكبية.
B) الخلايا الدبقية.
C) الخاليا الصنوبرية.
D) a+c",D,C
,"ما هو الشريان الذي له انطباعات على الوجه الداخلي للعظم الصدغي وهو فرع من أي شريان؟

A) الفكي
B) السباتي الداخلي
C) السباتي الخراجي
D) الصدغي السطحي",A,A
,"ما هو التصنيف الذي يمكننا من معرفة العضلات التي تشارك في كل مرحلة مفصلية وتطبيق ذلك أثناء الفحص؟

A) وظيفي.
B) جنيني.
C) التوضع.
D) الشكل.",A,A
,"ما هي الشرايين التي تسير بين الفصوص بإتجاه القشرة على كل جانب من جانبي الهرم الكلوي؟

A) الشرايين الفصية
B) الشرايين بين الفصوص
C) الشرايين المقوسة
D) الشرايين بين الفصيصات",B,B
,"ما هو الدواء الأمثل لبدء التخدير لمريض مصاب بنزف حاد؟

A) بروبوفول
B) ثيوبنتال
C) ميثو كيزيتال
D) دروبيريدول
E) كيتامين",E,E
,"ما هو المخدر الذي يتميز بالمباشرة والصحو السريعين؟

A) النايتروس اوكسايد
B) الهالوثان
C) الايزوفلوران
D) السيفوفلوران
E) الديسفلوران",E,E
,"ما هو الدواء الأمثل لبدء التخدير لمريض مصاب بنزف رضي حاد؟

A) بروبوفول
B) ثيوبنتال
C) كيتامين
D) ميثوهيكزيتال
E) دروبيريدول",C,C
,"ما هو المرخي العضلي الأمثل لتسهيل تنبيب مريض ذي خطورة عالية للاستنشاق؟

A) السوكسنيل كولين
B) ألراكوريوم
C) سيسأتراكوريوم
D) بانكورونيوم
E) البيكورونيوم",A,A
,"ما هو الترياق المناسب للتسمم بالمورفين؟

A) A. النالوكسون
B) B. N استيل سيستين
C) C. فلومازينيل
D) D. الفحم الفعال
E) E. ميركابتوبيورين",A,A
,"ما الذي يشير إليه بقاء عيني المريض مفتوحتين مع رأرأة خفيفة وحركات غير هادفة بعد إعطائه جرعة من الكيتامين؟

A) أن الجرعة غير كافية
B) يجب إعطاء المزيد من الكيتامين إيقاف تلك الحركات
C) أن الجرعة مفرطة
D) ان المريض يعاني من الاختلاجات
E) أن الجرعة السابقة مركنة ومخدرة",A,E
,"ما هو الدواء المنتخب للإرخاء العضلي والتنبيب لمريض يعاني من قصور كلوي ويحتاج لعملية إسعافية؟

A) سكسونيل كولين
B) بانكورونيوم
C) اتراكوريوم
D) بانكورونيوم
E) روكرونيوم",A,C
,"ما هو المرخي العضلي المفضل استعماله لمريض سيخضع لجراحة إسعافية ويعاني من قصور كلوي؟

A) A. بانكورانيوم
B) B. أتراكوريوم
C) C. بيبيكورونيوم
D) D. ميفاكوريوم
E) E. دوكساكوريوم",B,B
,"ماذا يفكك الببسين؟

A) الدسم
B) البروتين
C) السكريات
D) الغليسرين",B,B
,"ما التعبير الصحيح لوصف جزيئات الإيثين في تفاعل تشكيل البولي إيثين؟

A) مونوميرات (موحودات)
B) كربوكاتيون
C) نكليوفيلات
D) جذور حرة",A,A
,"ماذا يسبب عوز إنزيم البيروفات كيناز؟

A) فقر دم انحلالي
B) قصور قلب
C) فقر دم بنقص الحديد
D) قصور كلية",A,A
,"ماذا ندعو آلية تفاعل الكلور مع البروبان في ضوء الشمس لإنتاج 1-كلورو بروبان؟

A) إضافة نكليوفيلية
B) استبدال الجذور الحرة
C) اضفة الكتروفيلية
D) استبدال الكتروفيلي",B,B
,"ما هي الاسطوانات المنحنية التي تكون سهلة التمييز لمحتواها الكاسر للضوء؟

A) هيالينية
B) شمعية
C) حبيبية
D) دهنية",C,B
,"ما هي الحموض الأمينية المشحونة سلبياً؟

A) أرجنين
B) اسباريتك
C) ألانين
D) غليسين",B,B
,"ما هي أعراض عوز فيتامين البيوتين؟

A) سببه تناول الذرة بكميات كبيرة.
B) من أعراضه الشعرانية.
C) من أعراضه التهاب اللسان.
D) من أعراضه التخلف العقلي.",C,D
,"ما هي مفرزات الصفراء؟

A) تناول أطعمة تحتوي على الكريما.
B) هرمون كولي سيتوكينين.
C) الأملاح الصفراوية.
D) تناول أطعمة تحتوي على صفار البيض.",B,C
,"ما هي خصائص الشجرة الوراثية لخلة متنحية جسدية فيها الأبوين مصابين؟

A) لا يظهر مطلقاً على الأبناء بسبب التنحي
B) كل الأبناء مصابين
C) سيطرة الذكور المصابين
D) يظهر الاضطراب على طراز أفقي في الشجرة",B,B
,"ما هي النواتج المتشكلة عند تفاعل معدن الصوديوم مع الإيثانول؟

A) اوكسيد الصوديوم وهيدروجين
B) أوكسيد الصوديوم وايتلن
C) هدروكسيد الصوديوم وايتلن
D) ميتوكسيد الصوديوم والماء",C,A
,"ما هي خصائص أنزيم RNA Polymerase؟

A) يشكل الروابط التكافؤية الإستيرية.
B) يتألف من عدة وحيدات subunit.
C) يرتبط مع المحضض.
D) يركب ال RNA من الاتجاه 3 إلى5.
E) لا يحتاج إلى بادي (مشرع ).",D,A
,"ما هو النكليوتيد في جزيء DNA؟

A) يمكن أنيرتبط به أكثر من مجموعة فوسفات واحدة.
B) يرتبط الأساس الازوتي بالكربون رقم 1.
C) ترتبط مجموعة الفوسفات بالكربون رقم رقم 5.
D) يكون نقص الأكسجين في الكربون رقم 2.
E) يكون نقص الأكسجين في الكربون رقم 3.",A,A
,"ما هو فيتامين البيوتين؟

A) يعتبر حامل عابر لزوج من ذرات الهيدروجين
B) يصنع من قبل الجراثيم المعوية
C) له دور أساسي في تفاعلات تحلل السكر
D) سبب عوز هو تناول السمك النئ",B,B
,"ما هي حالة عدم تحمل اللاكتوز؟

A) قد تسبب تخلف عقلي لدى المصاب
B) من أسبابها الإسهالات الشديدة
C) سببها عوز انزيم غالاكتوز -1- فوسفات يوريديل ترانسفراز
D) تظهر عند الرضع فقط",B,B
,"ما هو اسم الاستر المتشكل عندما يتفاعل الميتانول مع حمض البوتانوئيك بوجود بضع قطرات من حمض الكبريت المركز؟

A) ميتانوات البوتيل
B) بوتانوات الميتيل
C) 2-بوتانوات الميتيل البروبيل
D) 2- ميتانوات الميتيل البروبيل",B,B
,"ما هو سبب الوفاة لدى مرض التلاسيميا؟

A) انحلال الدم
B) تراكم الخضاب الجيني
C) تراكم الحديد
D) الندب الألمية الشديدة والمتكررة",C,C
,"ما هي الصبغيات التي يوجد فيها الكروماتين المغاير؟

A) 1
B) 10
C) 2
D) 18",C,A
,"ما المركب الذي ينقص منه نتيجة التأخر في فصل البلازما أو المصل من الكريات في الدم؟

A) الكولسترول.
B) حمض البول.
C) البوتاسيوم.
D) الغلوكوز.",D,D
,"ما هو المركب الذي يستخدم كزمرة ملحقة لجميع الإنزيمات الناقلة الزمرة الأمين؟

A) الثيامين بيروفوسفات
B) البيوستين
C) البيرودوكسال فوسفات
D) NADH",C,C
,"ما هو العلاج الثاني لمرض الثلاسيميا بيتا؟

A) زرع كبد
B) تناول الحديد فمويا
C) استئصال الطحال
D) زرع نقي عظام",D,D
,"ما هو الاضطراب الذي يتميز بفرط شديد في بيليروبين المصل غير المرتبط وعوز جزئي في UDPGT؟

A) دوبن جونسن
B) روتر
C) كريجلر نجار
D) جيلبرت",C,C
,"ما هو سبب الوفاة لدى مرضى التلاسيميا؟

A) انحلال الدم
B) تراكم الخضاب الجنيني
C) تراكم الحديد
D) النوب الألمية الشديدة جدا والمتكررة",C,C
,"ماذا يسبب عوز الثيامين الشديد؟

A) داء البلاغرا
B) فقر الدم ضخم الأرومات
C) العشى الليلي
D) البري بري",D,D
,"كم يبلغ عدد الجينات التي تشفر لجزيئات الرنا الأصغري miRNAs في مجين الإنسان؟

A) 50 جين.
B) 100 جين.
C) 125
D) 200",D,C
,"أين يتم اصطناع الدقائق الكيلوسية؟

A) الكبد
B) الدماغ
C) الطحال
D) الأمعاء",D,D
,"ما هو الإنزيم الذي يتم بوساطته ربط شدف أوكازاكي؟

A) دنا بوليميرازا
B) أنزيم الليغاز
C) Primase أنزيم
D) كل ما سبق خطأ",B,B
,"ما هو أكثر الأنزيمات فعالية تحفيزية في جسم الإنسان؟

A) بيروفات ديهيدروجيناز
B) كاربونيك انهيدراز.
C) بيروفات كيناز.
D) الدولاز.",B,B
,"ما هو الشكل الفعال لفيتامين B6؟

A) البيريدوكسين
B) البيريدوكسال
C) البيريدوكسال فوسفات
D) البيريدوكسامين",C,C
,"ما هو الموقع الطبيعي للجين الورمي ABL؟

A) 22q11
B) 9q34
C) 13q1
D) Bq24",B,B
,"كم عدد طبقات الفوسفولبيد في المذيلة؟

A) 1
B) 2
C) 3
D) 4",B,C
,"ما هو التركيب الذي يدخل فيه الكولاجين 4؟

A) الأجهزة الموصلة .
B) الغشاء القاعدي .
C) الأنابيب الدقيقة .
D) الأهداب الحقيقية .",B,B
,"ما الذي تؤدي إليه استلة الهيستونات؟

A) تفعيل الانتساخ.
B) تثبيط التنسخ.
C) زيادة رزم الجسيمات النووية.
D) اعاقة ارتباط عوامل الانتساخ.",B,A
,"ما هي الخصائص التي تتميز بها شجرة النسب الحاوية على حالة وراثة متعلقة بالمتقدرات والأم فقط فيها مصابة؟

A) الذكور دون الإناث مصابون.
B) الإناث دون الذكور مصابون.
C) كل الأولاد مصابون.
D) كل الاولاد سليمون.",B,C
,"ما هو الحمض الأميني الذي تتم أستلة الهستونات له؟

A) الليزين
B) الأرجينين
C) اللوسين
D) السيرين",A,C
,"ما هي المكونات التي تتألف منها الفوسفولبيدات بالإضافة إلى حمضين دسمين والفوسفات؟

A) الكوليسترول .
B) الكولين .
C) السيفنغوميلين .
D) الغليسرول .",B,D
,"ما هي الوظيفة الوحيدة لسيغما في إنزيم بوليمراز RNA البكتيري؟

A) إطالة سلسلة ال RNA.
B) إنهاء عملية اصطناع ال RNA.
C) فك طاقي ال DNA.
D) التعرف على المحضض.",B,D
,"ما هي الأجزاء التي تتبادل بينها الإشارات الجزيئية التي يعتمد عليها ضبط النظام الخلوي الجذعي؟

A) الخلايا الجذعية وذريتها .
B) الخلايا الجذعية والنسج المحيطة .
C) الخلايا الجذعية وذريتها والنسج المحيطة .
D) تعتمد على نفسها فقط .",C,C
,"ما تدعى البروتينات المشكلة لمعقدات الثقوب النووية؟

A) اللامين .
B) الكاريوفبرينات .
C) الامبورتين .
D) النكليوبورين .",B,D
,"كيف تتم إزالة المتقدرات الحاوية على طفرات بالية؟

A) المتقطعة الأنزيمات.
B) الجيني الاختناق.
C) التفارز المستقل
D) التضفير.",C,B
,"ما هو عامل الإطلاق في حقيقيات النوى؟

A) RF1
B) eRF
C) RF2
D) Eif",B,C
,"ما هي الروابط التي تربط سلسلتي عديدي النكليوتيد مع بعضهما البعض؟

A) فوسفورية.
B) فوسفودي استر.
C) هيدروجينية.
D) غليكوزيدية",C,C
,"ما هي خصائص الشجرة الوراثية لخلة متنحية فيها الأبوين مصابين؟

A) الذكور فقط مصابين.
B) الإناث فقط مصابين.
C) كل الابناء سليمين.
D) كل الأبناء مصابين.",D,D
,"ما هو أكبر مستوى من المستويات التراتبية للحياة؟

A) الجمهرة .
B) المنظومة البيئية .
C) الكرة الحيوية .
D) المجتمع .",C,B
,"ما هو الحمض الأميني الذي تبدأ به جميع عديدات الببتيد في بدائيات النوى؟

A) الميثيونين غير المعدل.
B) المعدل الميثيونين.
C) المعدل غير الثريونين.
D) المعدل الثريونين.",A,B
,"ما الذي يدل عليه تقدير نسبة تنوع النمط الظاهري لخلة ما بسبب الاختلافات الجينية؟

A) قابلية الانتقال بالوراثة.
B) الاختطار التجريبي
C) معدل الانتشار
D) معدل الوقوع",A,A
,"ما هي الآلية التي تضمن للخلية الجذعية استمرارها إلى ما لا نهاية؟

A) التمايز
B) تحولها إلى نهاية التمايز
C) التجديد الذاتي
D) كل ما سبق",C,C
,"ما هو الحمض الأميني الذي نتج عن ترجمة أول جزيء رنا مرسال صنعي؟

A) البرولين
B) الفينيل ألانين
C) الهستيدين
D) الأسبارتين",B,C
,"ما هي الإنزيمات التي تقوم القلنسوة بحماية سلسلة الرنا من التدرك بها؟

A) النكلياز
B) الإندونكلياز
C) الليغاز
D) البريماز",A,C
,"ما هو مقدار المادة الوراثية التي يتشاركها أقرباء من الدرجة الثانية مع المستلفت؟

A) ربع مادتهم الوراثية
B) نصف مادتهم الوراثية
C) ثمن مادتهم الوراثية
D) سدس مادتهم الوراثية",D,D
,"أين يلتحم الغشاءان النوويان؟

A) لمعة الغلاف النووي .
B) معدات الثقوب النووية .
C) الصفيحة النووية .
D) السلة النووية .",C,B
,"ما هي النتائج المتوقعة في حال إصابة أب بصفة تخضع لوراثة متنحية مرتبطة بالصبغي X؟

A) ينقل الصفة فقط لأبنائه الذكور
B) لا ينقل الأب الصفة إلى الأولاد
C) ينقل الصفة لجميع أولاده الذكور والإناث
D) ينقل الصفة فقط لبناته",B,D
,"ما هي النظرية التي تفسر ظهور المتقدرات والصانعات بإدخال جراثيم داخل الخلايا تقوم بالفسفرة والتركيب الضوئي؟

A) فرضية التعايش الداخلي
B) فرضية الاصطفاء الطبيعي
C) فرضية الموت الذاتي
D) قانون الترموديناميك الثاني",A,A
,"ماذا يسبب وجود الألائل السائد في الأنماط الجينية المختلفة التالية RRYY و RrYy و RRYy و RrYY؟

A) نمط ظاهري جديد
B) نمط ظاهري وحيد
C) نمط ظاهري مختلف
D) نمط ظاهري غريب",B,A
,"ما هو المكان الذي توجد فيه أكبر نسبة للبروتينات في أغشية خلايا الجسم؟

A) الغشاء الخلوي للمتقدرة .
B) الغشاء الخلوي للصانعات الخضراء .
C) الشبكة السيتوبلاسمية الداخلية.
D) الجسيمات المفككة للبروتينات.",C,B
,"ما هو المسؤول عن إزالة مشراع الرنا قرب انتهاء تنسخ الدنا واستبدالها بنكليوتيدات الدنا؟

A) بوليميراز الدنا من النمط الأول
B) بوليميراز الدنا من النمط الثاني
C) بوليميراز الدنا من النمط الثالث
D) بوليميراز الدنا من النمط الثاني",A,A
,"ما الذي ترتبط به الصبيغيات الشقيقة على أنيبيبات مغزل الانقسام؟

A) القسيم المركزي .
B) الجسيم المركزي .
C) الجسيم الحركي .
D) النجيماء .",C,C
,"ما المميز بشجرة النسب الحاوية على حالة وراثة متعلقة بالمتقدرات والتي تكون فيها الأم فقط مصابة؟

A) الذكور دون الإناث مصابون.
B) الإناث دون الذكور مصابات.
C) الاولاد كلهم مصابون.
D) الأولاد كلهم سليمين.",B,C
,"ما هو الاختلاف بين الانترونات والاكسونات؟

A) تركيبها الكيميائي.
B) عدم انتساخها.
C) ترتيب الروامز فيها.
D) لا تترجم إلى بروتين.",C,D
,"ما الذي تمثله الخطوط الأفقية التي ترسم أعلى الدوائر والمربعات في شجرة النسب؟

A) الأشقاء لوالدين
B) الأزواج الأقارب
C) التواءم
D) ليس أيآ مما سبق",B,C
,"علام تحتوي الخلايا التي يعبر عنها مصطلح الهيولي المتغايرة؟

A) متقدرات سليمة وطافرة
B) متقدرات طافرة
C) متقدرات سليمة
D) كل ما سبق خطأ",B,A
,"ما هي الطرق التي يمكن من خلالها تمييز الصبغيات بعضها عن بعض؟

A) النمط الوراثي
B) النمط النووي
C) النمط الجيني
D) النمط الوظيفي",B,C
,"ما هو التعبير الذي يُستخدم للطاقة الكامنة المختزنة في مدروج للشحنات الكهربائية؟

A) بالكمون الكهربائي.
B) بالمدروج الكيميائي الكهربائي.
C) بالمدروج الكيميائي.
D) بالأنتروبية.",B,A
,"ما الذي تتشكل منه الأرجل الصفائحية؟

A) الأكتين.
B) الميوزين .
C) التوبيولين .
D) ألياف متوسطة .",A,A
,"ما هي الرابطة في البنية الثانوية للحمض النووي؟

A) استيرية
B) هيدروجينية
C) سكرية
D) بيبتيدية",B,B
,"ما نوع الجينات التي تعد جينات الرنا الريباسي منها؟

A) الخدمية.
B) المتغايرة.
C) محرضة التعبير.
D) كظومة التعبير.",A,A
,"ما هو عدد الصبغيات المأشوبة إذا حدث تأشيب في 80 انقسام؟

A) 320
B) 240
C) 480
D) 160",A,A
,"ما هي العملية التي يتم بها تكوين متعضية تشبه الأبوين من بيضة مخصبة؟

A) التنامي الجنيني
B) حادثة النمو فقط
C) النضج الجنسي أولاً
D) لا شيء مما سبق",A,A
,"على من يظهر الاحلال الوراثي في الوراثة الجنسية المناحية؟

A) على الذكور فقط من الأبناء
B) على الإناث فقط من الأبناء
C) على الذكور والإناث من الأبناء
D) لا يظهر مطلقا على الابناء بسبب *",A,C
,"ما هو المجهر الذي يدرس السطح الطبوغرافي؟

A) مجهر القوة الذرية .
B) مجهر المستقطب .
C) مجهر متحد البؤر .
D) مجهر الإلكتروني .",A,A
,"ما هي البنى السيتوبلازمية المغلفة بغشاء واحد على الأقل؟

A) الريبوزومات
B) العضبيات
C) الهيكل الخلوي
D) الجسيمات الحالة للبروتينات",D,B
,"ما هي خصائص شجرة النسب الحاوية على حالة وراثة متعلقة بالمتقدرات والوالدين فيها مصابين؟

A) الذكور دون الإناث مصابين.
B) الإناث دون الذكور مصابات.
C) الأولاد كلهم مصابون.
D) الأولاد كلهم سليمون.",B,C
,"ما الذي تختلف به الأحماض الأمينية عن بعضها؟

A) المجموعة الأمينية
B) المجموعة الكربوكسيلية
C) الجذر R المتغاير
D) لا شيء مما سبق",C,B
,"ما الذي يشير إليه المربع الصغير المملوء في شجرة الوراثة؟

A) طفل مصاب مات في مرحلة مبكرة
B) طفلة مصابة ماتت في مرحلة مبكرة
C) طفل مصاب
D) طفلة مصابة",B,C
,"ما هو سبب حدوث التلاسيميا بيتا؟

A) خلة جسدية سائدة.
B) خلة جسدية متنحية.
C) خلة مكتسبة سائدة.
D) خلة مكتسبة متنحية.",B,B
,"ماذا يؤدي وجود التربتوفان في مشغل التيربتوفان؟

A) تثبيط انتساخ الجينات
B) يحفز انتساخ الجينات
C) يشكل معزاز للانتساخ
D) كلها خاطئة",A,A
,"ما الذي تساعد عليه حلقة الأكتين المتقلصة؟

A) انقسام السيتوبلازما
B) انقسام النواة
C) انقسام العضيات
D) لا شيء مما سبق",A,B
,"ما الذي يدل عليه المعين في شجرة النسب؟

A) الفرد مات في مرحلة مبكرة
B) جنس الفرد غير محدد
C) توءمي الزيجوت الواحدة
D) الفرد الذي بدأت عنده الدراسة",C,A
,"كم عدد الجينات المسؤولة عن الاصطناع الحيوي للحمض الأميني التربتوفان في جينوم بكتيريا E.Coli؟

A) 3
B) 4
C) 5
D) 6",C,D
,"ما هي وظيفة حويصلات كوب ٢؟

A) النقل المنظم والاساسي للمواد اثناء الايماس .
B) النقل التقدمى من الشبكة البلازمية الى مدخل غولجي فقط .
C) A+B .
D) مسؤولة عن النقل التراجعى .",C,B
,"ما هو معدل الحاملين في مجتمع إذا كان انتشار مرض التالاسيميا معروفاً في ذلك المجتمع؟

A) 1000M
B) 2000M
C) 50M
D) 500M",A,C
,"أين تجري عملية التمثيل الضوئي؟

A) المتقدرات
B) الصائعات الخضراء
C) الريبوزومات
D) النواة",B,B
,"ماذا يحدث عند انخفاض نسبة الكوليسترول في الغشاء الخلوي؟

A) تزداد سماكة الغشاء .
B) تقل سماكة الغشاء .
C) تزداد مرونة الغشاء.
D) تقل مرونة الغشاء .",C,C
,"أين يتحد الغشاءان النوويان الداخلي والخارجي؟

A) معقدات الثقوب النووية
B) بأماكن عشوائية
C) كل ما سبق صحيح
D) كل ما سبق غاط",A,A
,"كم عدد القواعد الآزوتية اللازمة لإنتاج بروتين الأنسولين المكوّن من 51 حمض أميني إنتاجاً كاملاً؟

A) 51
B) 54
C) 156
D) 153",C,D
,"ما هي الترسبات الصباغية التي تحوي بروتين الفيرتين؟

A) قطيرات دسمة
B) حبيبات غليكوجين
C) ترسبات صباغية
D) حبيبات هيمرسيدرين",D,D
,"ما هو أول عنصر من عناصر الدراسة العلمية المنهجية؟

A) الفرضية .
B) الملاحظة .
C) المناقشة والاستنتاج .
D) الاختبار والنتائج .",B,D
,"ماذا تشير النجمة بعد رمز الجين؟

A) وجود أليل ما للجين
B) لترميز الجينات
C) لتحديد موقع الجينات
D) وجود أليل طبيعي لهذه الجين",A,B
,"ما يُعرف بامتصاص بعض المواد الضوء بطول موجة ومن ثم إصداره بطول موجة أطول؟

A) الاشعاع
B) التألق
C) الثانية
D) التماهي",B,B
,"ما يُدعى نوع وترتيب الأحماض الأمينية في البروتين؟

A) البنية الأولية
B) البنية الثانوية
C) البنية الثالثية
D) البنية الرابعية",A,A
,"ماذا ينتج عند حدوث خلل في تنظيم السبيل الإشاري WNT؟

A) سرطان معدة
B) سرطان أمعاء
C) سرطان كبد
D) سرطان دماغ",B,B
,"ما هي الشعبة التي ينتمي إليها الإنسان؟

A) الحبليات .
B) الثدييات .
C) الرئيسات .
D) الحيوان .",C,B
,"ما هي نتيجة التطور التي تؤدي إلى التكيف؟

A) التكاثر .
B) الاصطفاء الطبيعي .
C) النمو .
D) الاحتباس الحراري .",B,B
,"أين تكثر جزر CpG؟

A) الاكسونات.
B) النترونات.
C) المحضضات.
D) المنطقة الانتساخية.",B,C
,"ما هو الأساس الأزوتي المتمم للتايمين في الرنا؟

A) الأدنينن
B) اليوراسيل
C) السيتوزين
D) الغوانين",A,B
,"ما هو الموقع الذي يبدأ فيه انتساخ الجينات المرمزة للبروتينات بارتباط انزيم الرنا بوليميراز؟

A) المعزز.
B) المطلق القريب .
C) المسكتات .
D) النكليوتيد رقم + 1 .",A,B
,"أين تقع الجينات المسؤولة عن الزمر الدموية عند البشر؟

A) الصيغي 15
B) الصيغي 9
C) الصيغي 23
D) الصيغي 21",B,B
,"ما هو الدور الرئيسي في تعرف جسيم التضفير مواقع التضفير؟

A) rRNAs.
B) rRNAs.
C) snRNA.
D) snRNPs.",D,D
,"ما هي الصبغيات التي يحدث بينها إزفاء متبادل في حالة ابيضاض الدم النقوي المزمن CML؟

A) 9 و 17
B) 9 و 22
C) 13 و 22
D) 9 و 11",B,D
,"ما هو عدد الأنماط الظاهرية المختلفة في الجيل الثاني في حال التفارز المستقل بين المورثتين A و B؟

A) 5
B) 6
C) 7
D) 8",D,D
,"ما هو عدد الأنماط الجينية في أعراس فرد متغاير الأليلات AB/ab إذا كان الارتباط بين المورثتين A و B كاملاً؟

A) 1
B) 2
C) 3
D) 4",B,B
,"ما نوع الوراثة التي يكون فيها والدا الطفل المصاب حاملين متغايري الألائل عديمين الأمراض؟

A) الجسدية المتنحية
B) الجسدية السائدة
C) المرتبطة بالصبغي X السائدة
D) المرتبطة بالصبغي X المتنحية",A,A
,"ما هو نمط هذا المرض إذا عانى فرد متخالف الألائل من أعراض مرض وكان موضع الجين على الصبغي 5؟

A) مرتبط بـX متنحي
B) صبغي جسدي سائد
C) مرتبط بـ Y
D) صبغي جسدي متنحي",B,B
,"ما هو خطر إصابة الطفل بالورم التليفي العصبي في الحمل التالي لأم مصابة أنجبت ذكرًا مصابًا بالمرض علمًا أن زوجها سليم؟

A) 0
B) 0.25
C) 0.5
D) 1",A,C
,"ما هو الاحتمال الأول لطراز انتقال هذا المرض الوراثي عندما ينجب أبوان سليمان طفلين (ذكر وأنثى) مصابين بمرض استقلابي بدأت تظاهراته مبكراً؟

A) صبغي جسدي متنحي
B) صبغي جسدي سائد
C) مرتبط بالـ X
D) متقدري",B,B
,"ما هو القانون الذي ينص على أن زاوية الورود تساوي زاوية الانعكاس؟

A) للانعكاس
B) للانعكاس المراوي
C) للانعكاس التبعثري
D) للانعكاس الخشن",A,A
,"ما هي الصيغة التي تعطينا التفاصيل الأقل والنسبة الأبسط للذرات الموجودة في الجزيء؟

A) الصيغة الجزينية
B) الصيغة التجريبية
C) الصيغة البنيوية
D) الصيغة الهيكلية",B,B
,"ما هو الذي يعطي لأشعة جاما مصدرا آخر للأشعة السينية التي يمكن أن تكون مفيدة وطاقتها قريبة من طاقة أشعة جاما الأصلية بحيث يمكن عدهما أشعة واحدة؟

A) النحول الخارجي
B) التحول الداخلي
C) الفلورة
D) إصدار البوزترونات",B,B
,"ما هو التواتر المناسب للأمواج التي يمكن استخدامها للكشف عن المواد غير المرئية بالنسبة للتواتر 500GHz؟

A) الأعلى
B) الأحمض
C) نفسه
D) كل ماسبق خاطئ",A,A
,"ما هو المجال الذي تكون فيه الأمواج تحت الصوتية أصغر منه؟

A) 20 Hz
B) 200 Hz
C) 200 Hz
D) 20KHz",D,A
,"ما هو المقدار الذي يتزايد لدى انتثار فوتون عن الكترون بمفعول كومتون؟

A) طاقته
B) طوله الموجي
C) تواتره
D) شدته",B,B
,"ما الذي يعبر عن شدة الموجة الصوتية؟

A) بالجول لكل ثانية .
B) بالجول .
C) بالواط على المتر المربع .
D) طاقة الموجة التي تعبر واحدة السطوح .",C,C
,"ما هي خصائص الأشعة السينية؟

A) اشعاعات كهرطيسية وبأطوال موجية أقصر بكثير منها في حالة الضوء المرئي.
B) حزمة من الالكترونات ذات طاقة عالية جدا .
C) اشعاعات كهرطيسية وباطوال موجية من نفس مرتبة الضوء المرئي.
D) اشعاعات كهرطيسية وباطوال موجية أطول بكثير منها في حالة الضوء المرئي.",A,A
,"ما هي القوة التي تحدث تشوهاً في الجسم وتكون مطبقة على وحدة السطح؟

A) الانفعال
B) الاجهاد
C) المرونة
D) اللرونة",B,B
,"ماذا تعتبر درجة حرارة النواة والغلاف في جسم الإنسان؟

A) متغيرة - ثابتة
B) ثابتة - متغيرة
C) ثابتة – ثابتة
D) متغيرة - متغيرة",C,B
,"ما هو ثابت التناسب بين تدرج السرعة؟

A) معامل المرونة
B) معامل لزوجه المائع
C) معامل القص
D) معامل اللدونة",B,B
,"ما هو الناتج عندما تتفاعل الألدهيدات مع NaBH5؟

A) أغوال ثانوية
B) الدهيدات
C) أغوال أولية
D) حموض كربوكسيلية",C,C
,"ما هي الطريقة التي يجري بها التبادل الحراري بين الجسم والوسط المحيط؟

A) الأوعية الدموية
B) الكبد
C) الطحال
D) التنكرياس",A,A
,"ما هو المعيار الذي يستخدمه العلماء لحساب الكتل الذرية النسبية؟

A) نظير الأوكسجين 18
B) نظير الهيدروجين 1
C) نظير الكربون 12
D) نظير الهيليوم 2",C,C
,"ما هي الوحدة التي يقاس بها الضغط في إطار السيارة في الولايات المتحدة؟

A) الباوند لكل موجه مربعه
B) البار
C) البوصات او المليمترات الزئبقية
D) التور",A,A
,"ما هو القانون الذي ينص على أن تغير الحقل المغنطيسي يولد حقلا كهربائيا؟

A) غاوس في المغنطيسية
B) غاوس في الكهرباء
C) أمبير ماكسويل
D) فارادي",C,D
,"ما هو وصف جريان المائع المستقر من ناحية سرعته في أي نقطة منه مع الزمن؟

A) معدومة .
B) متزايدة .
C) متناقصة .
D) ثابتة .",D,D
,"ما هي المادة التي تتخذ شكل أسفل الوعاء الذي يحتويها ولها حجم خاص بها؟

A) سائلة
B) غازية
C) صلبة
D) كل ما سبق صحيح",C,A
,"ما تسمى القوى عندما يكون عمر الحالة المثارة طويلا؟

A) مستقرة
B) غير مستقرة
C) شبه مستقرة
D) B,C",C,C
,"ما هو الذي يعطى لأشعة غاما مصدراً آخر للأشعة السينية التي يمكن أن تكون مفيدة وطاقتها قريبة من طاقة أشعة غاما الأصلية بحيث يمكن الحصول على أشعة واحدة؟

A) التحول الخارجي
B) التحول الداخلي
C) الفلورة
D) بإصدار البوزترنات",B,B
,"ما نوع الكثافة التي تعتبر منها العظام ومستحضرات التباين العائمة مثل اليود والباريوم؟

A) المائية .
B) الدهنية.
C) الكلسية.
D) الهوائية.",C,C
,"ما هي طبيعة الأشعة السينية؟

A) اشعة مهبطية
B) شكل من اشكال الضوء المرئي
C) جسيمات مشحونة
D) اشعاعات كهر طيسية",D,D
,"ما هو مجموع الكتل الذرية النسبية في مركب أيوني؟

A) الكتلة الجزيئية النسبية
B) الكتلة الصيغية النسبية
C) الكتلة الأيونية النسبية
D) الكتلة الذرية النسبية",B,B
,"أين يقع مجال التيراهرتز؟

A) الأشعة تحت الحمراء والأمواج المكروية .
B) الأشعة السينية وفوق البنفسجية .
C) أشعة غاما والأشعة السينية .
D) الأمواج المكروية والراديوية .",A,A
,"لماذا يُستخدم الماء في درجة معينة كمادة مرجعية للوزن النوعي؟

A) قيمتها الواسطة
B) قيمتها العظمى
C) قيمتها الصغرى
D) قيمتها المتغيرة",A,B
,"ما هي مكونات صمام الأشعة السينية؟

A) المهبط
B) المصعد
C) المرشح
D) المسدد",A,D
,"ما الذي تتعلق به الطاقة التي يصدرها الجسم الأسود وفقاً لدراسة تغير تابع إشعاع الجسم الأسود؟

A) طبيعة سلحه
B) اصداريته
C) درجة حرارته المطلقة
D) كل ما سبق صحيح",C,C
,"ما هي قوة اللزوجة بالنسبة لاتجاه جريان المائع؟

A) تعاكسه .
B) توافقه .
C) عمودية عليه .
D) الكل خطأ .",A,A
,"ما هي الطاقة التي يمكن بها تفكيك رابطة في خلايا النسج؟

A) فوتون تواتر راديوي.
B) فوتون تواتر راديوي + فوتون تيراهرتز.
C) فوتون أشعة سينينة.
D) فوتون تيراهرتز.",D,C
,"ما يجب أن يكون عليه ضغط الهواء داخل القاعة في حالة الثوران بالنسبة لضغط الماء خارجها حيث تتوازن قوة الضغط نحو الخارج مع قوة التوتر السطحي نحو الداخل؟

A) اصغر
B) اکبر
C) احيانا
D) A,C",B,B
,"ما هو المجال الموجي لأشعة UVC؟

A) 315-400nm
B) 280-315nm
C) 100-280nm
D) كل ماسبق خاطئ",C,C
,"ما هي طبيعة الارتباط بين قرينة الانكسار لوسط مادي معين وسرعة الأمواج في ذلك الوسط؟

A) طرديا - مربع السرعة
B) عكسيا - مربع السرعة
C) عكسيا - سرعة
D) طرديا - سرعة",C,C
,"ما هي الخاصية التي يميزها التواتر والطول الموجي؟

A) الموجة
B) الجسيم
C) الموجة والجسيم
D) ليس أيا مما سبق",A,A
,"ما هي الطاقة التي تحملها الموجة في وحدة الزمن؟

A) شدة الموجة الصوتية
B) شدة الموجة الضوئية
C) استطاعة الموجة الصوتية
D) استطاعة الموجة الضوئية",A,D
,"ما هي قابلية العين التي تسمح بالمطابقة لكل أبعاد الجسم عن العين مع الاستمرار بتشكيل خيال على بعد ثابت من العدسة يتحدد بالفاصل بين العدسة والشبكية؟

A) تعديل البعد بين العدسة والشبكية
B) تعديل شكل القزحية
C) تعديل شكل العدسة
D) كل ما سبق صحيح",C,C
,"كيف يؤثر الضغط على توازن التفاعلات التي تكون متفاعلاتها ومنتجاتها؟

A) مواد صلبة
B) سوائل
C) غازات
D) كل ما سبق",C,C
,"ما هو التواتر في حالة الأمواج الصوتية؟

A) عدد الإنضغاطات الاي تمر في نقطة معينة في الثانية
B) عدد التخلخلات التي تمر في نقطة معينة في الثانية
C) F=c/λ
D) C,B",A,A
,"ما هو شكل الطاقة التي تصدرها أجسامنا حتى في درجات الحرارة العادية؟

A) أجسام حرارية
B) إشعاع كهرطيسي
C) نقاط صفراء
D) ألوان متعددة",B,B
,"ما هي التحولات التي تحافظ على العدد الكتلي؟

A) الايزوتونية
B) الايزوبارية
C) الايزوميرية
D) كل ما سبق صحيح",C,B
,"ما هو القانون الذي يربط بين معدل الجريان الحجمي في وعاء دموي من جهة وفارق الضغط بين طرفي الوعاء ونصف قطره الداخلي وطوله ولزوجة الدم؟

A) قانون بورواري
B) قانون اينشتاين
C) قانون الاستمرارية
D) قانون برنولي",A,A
,"ما نوع الجريان عندما تكون سرعة المائع في أي نقطة منه ثابتة مع مرور الزمن؟

A) غير مستقر
B) مستقر
C) مضطرب
D) A, C",B,B
,"ما هي آلية انتقال الحرارة في الموائع؟

A) النقل
B) الحمل
C) الإشعاع
D) التبخر",B,B
,"ما هي صفات الخيال في المصورات ذات الثقب؟

A) خيال وهمي صحيح.
B) خيال وهمي مقلوب.
C) خیال حقيقي مقلوب.
D) خيال حقيقي صحيح.",B,C
,"ما هي العلاقة التناسبية لقرينة الانكسار لأي وسط معين؟

A) عكسيا مع سرعة الأمواج في ذلك الوسط
B) عكسيا مع مربع سرعة الأمواج في ذلك الوسط
C) طرديا مع سرعة الأمواج في ذلك الوسط
D) طرديا مع مربع سرعة الأمواج في ذلك الوسط",A,A
,"ما هي الأشعة التي حققت حلم الإنسان القديم في رؤية داخل الجسم من دون بضع؟

A) الاشعة فق البنفسجية
B) الاشعة تحت الحمراء
C) الاشعة التير هرتز
D) الاشعة السينية",D,D
,"ما هو المركب الذي يتشكل من تفاعل حمض الآزوت المركز بوجود حمض الكبريت المركز مع نترو البنزين؟

A) بارا ثنائي نترو البنزن
B) ميتا ثنائي نترو البنزن
C) أورثو ثنائي نترو البنزن
D) مزيج من أورثو ثنائي نترو البنزن ويارا ثنائي نترو البنزن",A,B
,"ما هي التبادلات التي تجري بين الجسم الصلب والمانع المتحرك الذي يختلف عنه في درجة الحرارة؟

A) النقل
B) الحمل
C) الإشعاع
D) التنخر",A,B
,"ما هي وظيفة الحقل الكهربائي في الأفران الكروية؟

A) يجعل جزيئات الماء تقوم بحركة دورانية
B) يقوم بتوليد الأمواج المكروية
C) يقوم بتوجيه الأمواج الكروية
D) يخصص مقدار تسرب الأمواج المكروية",C,A
,"ما هي طبيعة الإشعاعات الكهرومغناطيسية؟

A) موجية.
B) جسيمية.
C) مثنوية .
D) كل ما ذكر خطأ.",C,C
,"ما هو التفاعل الذي تخضع له هالوجينات الألكانات بالقلويات؟

A) استبدال نكليوفيلي
B) استبدال الكتروفيلي
C) اضافة
D) ليس اي مما سبق",A,A
,"ما هي استخدامات الليزر الصباغي؟

A) الجراحة .
B) معالجة الوحمات الوعائية .
C) التصوير .
D) الكشف عن سرطان الجلد .",B,B
,"ماذا تصدر النظائر المشعة في التصوير بالأصدر البوزتروني؟

A) اشعة غاما
B) أشعة بينا
C) أشعة X-RAY
D) بوزترونات",D,D
,"ما هي الأشعة التي ساهمت في تقدم علم البلورات؟

A) UV
B) IR
C) تیراهرتز
D) X-RAY",D,D
,"ما الذي يتم التحكم في ارتفاع النهاية المدببة للحفاظ عليه عندما نمسح سطح المعدن في مجهر STM؟

A) ثبات البعد
B) ثبات التيار النفقي
C) A.B
D) كل ما سبق خاطئ",B,B
,"ما هو معدل الإشعاع من سطح إلى معدل الإشعاع من مساحة مساوية من سطح مشع مثالي في درجة الحرارة نفسها؟

A) الإصدارية
B) النفوذية
C) الامتصاصية
D) الانعكاسية",A,A
,"ما هي الجزئيات التي يمكن الاستفادة من تفاعلها في التصوير؟

A) فوتونات الفلورة السينية .
B) أشعة غاما .
C) البوزترونات.
D) الالكترونات.",A,A
,"ما هو الوسط الذي تكون فيه كثافة الأيونات الموجبة والسالبة أكبر من كثافة الأيونات المعتدلة؟

A) ماء
B) بلازما
C) صلب
D) سائل",B,B
,"ما هو الإجراء المستخدم للاطمئنان على صحة الجنين عند المرأة الحامل؟

A) الإيكو غرافي .
B) التصوير المقطعي المحوري .
C) التصوير الحراري .
D) تصوير مغناطيسية الدماغ .",A,A
,"ما يُدعى الضغط الذي يسببه عمود من الزئبق ارتفاعه 1 مم؟

A) التور .
B) البار .
C) الباسكال .
D) الجو .",A,A
,"ما هي الظاهرة التي تنقسم فيها نواة ذات عدد كتلي كبير إلى نواتين أو أكثر لكل منهما عدد كتلي متوسط؟

A) ظاهرة الإندماج النووي
B) ظاهرة الإنشطار النووي
C) ظاهرة التبعثر
D) ظاهرة الإنعكاس",B,B
,"ما هو مجال الأشعة الذي يشع فيه جسم الإنسان بشكل قريب جداً من إشعاع الجسم الأسود؟

A) تحت الحمراء
B) المرئية
C) فوق البنفسجي
D) كل ما سبق صحيح",A,A
,"ما هي الأشعة التي اشتهرت بانتزاع جزيئات الماء لدى تفاعلها مع النسج؟

A) الأشعة تحت الحمراء.
B) الأشعة فوق البنفسجية .
C) الأشعة السينية.
D) التيراهرتز .",B,A
,"ما هي الظاهرة التي تنقسم فيها نواة ذات عدد كتلي كبير إلى نواتين أو أكثر لكل منهما عدد كتلي متوسط؟

A) ظاهرة الاندماج النووي.
B) ظاهرة الانشطار النووي.
C) ظاهرة التبعثر.
D) ظاهرة الانعكاس",B,B
,"ما هي طريقة العلاج الفيزيائي التي تستعمل فيها تيارات كهربائية عالية التردد لإحداث الحرارة في الأنسجة العميقة؟

A) تسخين كامل للأنسجة الحية
B) تسخين موضعي في الانسجة الحية
C) A,B
D) كل ما سبق خاطئ",B,B
,"كيف تتولد الأشعة السينية؟

A) تسرع الفوتونات في أنبوب مقرع ويسمح لها بالسقوط على سطح داخل الانبوب.
B) تسرع الفوتونات بكمون مرتفع ويسمح لها بالسقوط على سطح زجاجي او معدني.
C) تسرع الالكترونات بكمون مرتفع في أنبوب الفراغ ويسمح لها بالسقوط على سطح داخل الانبوب .
D) تسرع الالكترونات بكمون مرتفع في أنبوب زجاجي ويسمح لها بالسقوط على سطح داخل الانبوب.",C,C
,"ما هو الأساس الذي تترتب وفقه العناصر في الجدول الدوري حالياً؟

A) كتلتها الذرية
B) إعدادها الذرية
C) شحنتها
D) بنيتها الكيميائية",B,B
,"ما هو الشرط الذي يجب أن تحققه النقطتان لتطبيق معادلة برنولي على جريان أي مائع مثالي؟

A) خط الانحناء نفسه
B) خط التيار نفسه
C) المستقدم العمودي على منحى الانتشار
D) كل ما سبق صحيح",B,A
,"ما هي الأمواج التي تستخدم في تفتيت الحصى؟

A) الأمواج فوق الصوتية
B) الأمواج الصوتية
C) الأمواج تحت الصوتية
D) كل ما سبق خاطئ",A,A
,"ما هو المجهر الذي يمسح العينة نقطة فنقطة ولكنه يكشف عن الالكترونات النافذة؟

A) STM
B) SEM
C) TEM
D) STEM",B,D
,"من أين تشتق قوة المقاومة من اللزوجة عندما تكون السرعة النسبية بين الجسم والمائع كافية لأن يكون الجريان حول الجسم رقائقياً؟

A) مرتفعة
B) منخفضة
C) متوسطة
D) كل ما سبق صحيح",B,B
,"ما هي الرابطة التي تبقى صلبة دائماً؟

A) الأيونية
B) المعدنية
C) الجزيئية البسيط
D) التشاركية",B,A
,"كم عدد العدسات في مجهر SEM؟

A) ثلاثة
B) اثنتان
C) أربعة
D) واحدة",D,B
,"ما هي الحالة التي تتولد فيها الأمواج الصادمة بالنسبة لسرعة منبع الأمواج الصوتية؟

A) تساوى سرعة الموجة.
B) تتجاوز سرعة الموجة الصوتية .
C) تقل عن سرعة الموجة.
D) تساوى أو تتجاوز سرعة الموجة الصوتية.",B,B
,"ما هو العدد النيوكلوني في نواة ذرة ما؟

A) النترونات
B) البروتونات
C) الإلكترونات
D) مجموع البروتونات والنترونات",D,D
,"ما هو سبب تخامد الأشعة السينية في الجسم المدروس؟

A) قصر طولها الموجى
B) امتصاص الجسم لها
C) ارتدادها عن الجسم
D) A,B",B,B
,"ما يُستخدم لقياس درجة التشوه؟

A) جهاد
B) انفعال
C) مرونة
D) لدونة",B,B
,"ما هي الوحدة التي يقيسها الروتنجن؟

A) امتصاص الإشعاع .
B) التعرض للإشعاع .
C) شدة منبع الاشعاع .
D) تدفق منبع الاشعاع.",B,B
,"ما تتألف منه الحلقة البنزنية؟

A) ثلاثة كربونات
B) أربعة كربونات
C) خمسة كربونات
D) ستة كربونات",D,D
,"ماذا يشير انزياح الضوء من المجرات البعيدة نحو الترددات الأخفض؟

A) اقتراب المجرات منا
B) ابتعاد المجرات عنا
C) ثبات مكان المجرات
D) كل ما سبق صحيح",B,B
,"ما هي الوحدة التي يقيسها الرونتجن؟

A) امتصاص الإشعاع.
B) التعرض للإشعاع.
C) شدة منبع الإشعاع.
D) تدفق الإشعاع.",B,B
,"ما هي النظائر؟

A) لها نفس عدد النترونات
B) تختلف بعدد البروتونات
C) لها نفس عدد النيكليونات
D) لها نفس عدد البروتونات وتختلف بعدد النترونات",D,D
,"ما هي زاوية الورود التي يكون الضوء المنعكس عندها مستقطبا كليا؟

A) الزاوية الحرجة
B) زاوية بروستو
C) الزاوية الخشنة
D) A,B",B,B
,"كيف يمكن توليد الأمواج فوق الصوتية؟

A) بلورات كهربائية
B) بلورات ضغطية
C) بلورات مغنطيسية
D) بلورات كهر ضغطية",D,D
,"أين تشكل العين مديدة البصر (العين الطامسة) خيال الجسم القريب؟

A) أمام الشبكية.
B) وراء الشبكية.
C) على الشبكية تماماً.
D) لا وجود لمثل هذا العيب فى العين.",B,B
,"ما هو الاضطراب الذي يمثل هذه الحالة؟

A) المتقدمة الجريان المستقر
B) الحدية للجريان المستقر
C) الحدية للجريان غير المستقر
D) المتقدمة للجريان غير المستقر",C,B
,"متى يأخذ احتمال وجود الالكترون قيمة عظمى في الحالة الأساسية في ذرة هيدروجين؟

A) بعده عن النواة أكبر من نصف قطر بور
B) بعده عن النواة أصغر من نصف قطر بور
C) بعده عن النواة يساوي من نصف قطر بور
D) بعده عن النواة يساوي من مربع نصف قطر بور",C,B
,"ما ينص عليه قانون الانعكاس الأول؟

A) يغير الشعاع الضوئي جهته عند انتقاله بين وسطين مختلفين.
B) زاوية الورود لا تساوي زاوية الانعكاس.
C) زاوية الورود تساوي زاوية الانعكاس.
D) يقع كل من الشعاع الوارد والشعاع المنعكس بجهتين مختلفتين.",C,C
,"ما هو الانفعال في حالة التشوه التحددي أو الانضغاطي؟

A) التغير النسبي في الطول زيادة أو نقصانا
B) نسبة الإزاحة النسبية بين سطحين في
C) التغير النسبي في الحجم أو الكتلة
D) كل ما سبق صحيح",B,A
,"ما هو وزن الحجم المنغمس من الجسم عندما يكون الجسم مغموساً وليس مغموراً كلياً نتيجة كون كثافة المائع أكبر من كثافة الجسم؟

A) وزن السائل كاملا
B) وزن الجسم
C) حجم السائل كاملا
D) حجم الجسم",B,B
,"ما اسم الجهاز الذي يصور مقاطع في الجسم البشري بالأشعة السينية والاستعانة بالحاسب؟

A) الكاشف.
B) الماسح .
C) المطياف .
D) المصورة.",B,B
,"ما هو العنصر الأكثر استخداماً في التصوير بالتجاوب المغناطيسي؟

A) الكربون
B) الهيدروجين
C) الأوكسجين
D) النيتروجين",B,B
,"ما هو سبب تخامد الأشعة السينية في الجسم المدروس؟

A) قصر طولها الموجى
B) امتصاص الجسم لها
C) ارتدادها عن الجسم
D) A,B",B,B
,"ما هي الخطوة الأولى في التفاعلات؟

A) المبادرة
B) التغلغل (التنامي)
C) الانهاء
D) الاضافة",A,A
,"ماذا يزداد عندما ترتد الفوتونات التي تعبر الثقب في الحجرة عن الجدران مرات عديدة قبل أن تغادر؟

A) احتمال ارتدادها
B) احتمال انعكاسها
C) احتمال عبورها
D) احتمال امتصاتصها",C,D
,"كيف تعمل الحزم الإلكترونية على معالجة الأورام؟

A) القريبة من الجلد
B) العميقة
C) A,B
D) كل ما سبق خاطئ",C,A
,"ما هو السبب وراء تكرار الطراز (الدورية في الجدول الدوري) الناجم عن ترتيب العناصر؟

A) ازدياد كتلها الذرية
B) ازدياد أعدادها البروتونية
C) ازدياد الكهرسلبية
D) ازدياد قطرها الذري",B,B
,"ما هو المركب الذي يتشكل عند أكسدة الكيلات البنزن (مثل ميتيل البنزن) ببرمنغنات البوتاسيوم (VII) القلوية أو بأي مؤكسد قوي آخر؟

A) الفينول
B) البنزن
C) نترو البنزن
D) حمض البنزويك",D,D
,"ما هي النوى التي لها عدد N ثابت حيث تحوي العدد نفسه من النترونات؟

A) ايزوتونات
B) ايزوبارات
C) ايزوميرات نووية
D) نظائر",A,A
,"ماذا يحدث إذا كانت الحقول الكهربائية لمنبع الأمواج الكهرطيسية لها اتجاهات عشوائية عند انتشاره؟

A) مستقطب
B) غير مستقطب
C) مستقطب خطي
D) مستقطب جزئی",B,B
,"ما هو التفاعل الذي تخضع له الألكانات مع الهالوجينات في ضوء الشمس؟

A) استبدال
B) اضافه تليوفيلية
C) إضافة الكتروفيلية
D) نزع",A,A
,"ما هو الشيء الذي تهتز حوله الذرتان في الجزيء ثنائي الذرة؟

A) الكتل الأولى
B) مركز كتلتيهما
C) الكتلة الثانية
D) الكتلة الأنقل",B,B
,"ما هي البنية لأكسيد المغنزيوم؟

A) مشتركة عملاقة
B) ايونية عملاقة
C) جزئية بسيطة
D) ليس أيا مما سبق",B,B
,"ماذا يزداد عندما ترتد الفوتونات التي تعبر الثقب في الحجرة عن الجدران مرات عديدة قبل أن تغادر؟

A) احتمال ارتدادها
B) احتمال انعكاسها
C) احتمال عبورها
D) احتمال امتصاتصها",C,D
,"ما هي وحدة قياس الجرعة المكافئة للإشعاع؟

A) بالغري .
B) بالسفرت .
C) بالراد .
D) بالروتنجن .",A,B
,"ما هي طريقة التصوير التي يمكن اعتبارها الأقل ضرراً على الجسم؟

A) التصوير الحراري.
B) الرنين المغنطيسي .
C) التصوير الطبقي المحوري .
D) التصوير الومضاني.",B,A
,"ما هي أعمار النصف للنظائر المشعة المستخدمة في تقنية الـ PET؟

A) طويلة نسبيا
B) قصيرة نسبيا
C) A,B
D) متوسطة نسبيا",B,B
,"ما هي المماكبات (الإيزوميرات)؟

A) تختلف بعددها الذري .
B) تختلف بعدد النيترونات.
C) تختلف بعدد البروتونات .
D) تختلف في طاقتها الداخلية فقط .",B,D
,"ما هو القانون الذي تمثل معادلة برنولي المطبقة على جريان المائع أحد أشكال انحفاظه؟

A) الطاقة .
B) الكتلة .
C) السرعة.
D) الكل خطأ .",A,A
,"ماذا يستخدم قانون ستوكس لقياسه؟

A) مقاومة اللزوجة .
B) اللزوجة .
C) سرعة تدفق السائل .
D) حجم السائل .",B,A
,"ما هو العلم الذي يقوم بحساب البعد بين الذرات عند معرفة الطول الموجي للأشعة السينية وقياس الزاوية؟

A) علم الانكسارات
B) علم البلورات
C) علم الطبوغرافيا
D) كل ما سبق خاطئ",B,B
,"ما هي الأوساط التي تنتشر فيها الأمواج العرضانية؟

A) الموائع
B) الجسم الصلب
C) الغازات
D) A,B",B,B
,"ما هي الخصائص التي تتمتع بها حزمة الفوتونات من أشعة X عالية الطاقة والتي تجعلها تستخدم في الطب النووي عند المعالجة عن بعد؟

A) قدرة اختراق عالية تسمح بتدمير الأورام السطحية والعميقة .
B) قدرة اختراق منخفضة تسمح بتدمير الأورام السطحية فقط .
C) خواص علاجية وتشخيصية .
D) خواص غير هجومية .",A,A
,"ما هو القانون الذي ينص على أن تشوه مادة يتناسب طرديا مع القوى التي تحدث التشوه؟

A) قانون بولتزمان
B) قانون هوك
C) قانون هاينغز
D) قانون اینشتاین",B,B
,"علام نعتمد لتفسير لثنائية الإصدار في طيف بخار الصوديوم؟

A) النظرية الذرية
B) العدد الكمومي المداري الثانوي
C) العدد الكمومي المداري المغنطيسي
D) العدد الكمومي السيني",B,A
,"ما هي المعادلة التي تعبر عن انخفاض الطاقة في الموائع؟

A) معادلة بيرنولي
B) معادلة الاستمرارية
C) معادلة اينشتاين
D) معادلة كومتون",A,A
,"متى يحدث تفاعل اشعاع الليزر مع النسج؟

A) تمتصه النسج .
B) تعكسه .
C) تنثره .
D) تمرره .",A,A
,"ما هي البنية التي تأخذها الشبكات الأيونية لكلوريد الصوديوم وأكسيد المغنزيوم؟

A) رباعية الوجوه
B) مكعبية
C) ثمانية الوجوه
D) مسدسة الشكل",B,B
,"ما هو العمل الذي يقوم به المائع على المائع الذي يتقدمه في وحدة الجريان؟

A) الحجم
B) الضغط
C) الطاقة
D) الحركة",B,B
,"ما هي الكمية الوسطية للأوزون في الغلاف الجوي؟

A) 200 DU
B) 250 DU
C) 300 DU
D) 350 DU",C,C
,"ما هو النكليد الإشعاعي المماكب الذي يشيع استخدامه في التشخيص الطبي؟

A) التكنسيوم - 99
B) المولبيدن - 99
C) التيرتيوم - 3
D) الكربون - 14",A,A
,"كيف يتغير نصف القطر الذري عبر الدور الثالث من اليسار إلى اليمين؟

A) يتناقص
B) يتزايد
C) يبقى ثابتاً
D) يتعلق بشحنة الايون",A,A
,"إذا كان الإشعاع وحيد الطول الموجي فمن أي نوع من الفوتونات يكون مؤلفاً؟

A) المتساوية الطاقات
B) المختلفة الطاقات
C) المتباعدة الطاقات
D) المتقاربة الطاقات",A,A
,"ما هي الأمواج الميكانيكية التي تنشأ عن الوحدات المحركة في الألياف ولا تدركها الأذن؟

A) الأمواج الصوتية
B) الأمواج فوق الصوتية
C) الأمواج تحت الصوتية
D) لا شيء مما سبق",C,C
,"ما هو مصدر العنصر المشع الذي يعطى للمريض عند استخدام تقنية التصوير SPECT؟

A) لجسيمات الفا .
B) لأشعة غاما .
C) لجسيمات بيتا .
D) كل ما ذكر صحيح .",B,B
,"ما نوع الصورة التي نحصل عليها في التصوير الومضاني للجزء المصور من جسم المريض؟

A) ثنائية البعد .
B) ثلاثية البعد .
C) متعددة المقاطع .
D) كل الإجابات السابقة صحيحة .",A,A
,"إذا تضيق قطر الشريان إلى ثلث قيمته الأصلية عند مريض مصاب بمرض وعائي وقلبي وبقي هبوط الضغط فيه على حاله، إلى كم ينخفض معدل جريان الدم؟

A) .. 1/16 من قيمته الأصلية.
B) 81/1 من قيمته الأصلية .
C) 1/6 من قيمته الأصلية.
D) 27/1 من قيمته الأصلية .",A,B
,"ما هي السكريات التي لا تحتاج أثناء امتصاصها من الأمعاء الدقيقة لوجود الصوديوم؟

A) الغلوكوز.
B) الفركتوز.
C) الغالاكتوز.
D) اللاكتوز.",B,B
,"ما هو الأنزيم المعوي الذي يحول مولد التربسين إلى تربسين؟

A) الإنتيروكيناز.
B) الأمينوبولي ببتيداز.
C) المالتاز.
D) الليباز.",A,A
,"ما هو العامل الهرموني الذي يحرض إفراز عصارة بنكرياسية غنية بالإنزيمات الهاضمة؟

A) الكوليسيستوكينين CCK
B) السكرتين.
C) الغاسترين.
D) الهيستامين.",A,A
,"ما هو الإنزيم الذي يفكك سكر اللبن (اللاكتوز) إلى غلوكوز وغالاكتوز؟

A) الإنتيروكيناز.
B) الأمينو ببتيداز.
C) السكراز.
D) اللاكتاز.",D,D
,"ما هو مستودع الصفراء خارج أوقات الهضم والذي يعمل على تكثيفها؟

A) البنكرياس.
B) جزر لانغرهانس.
C) الكبد.
D) المرارة.",D,D
,"ما هي الشوارد التي يكون تركيزها أقل في اللعاب منه في البلازما؟

A) صوديوم وبيكربونات.
B) صوديوم وكلور.
C) بيكربونات وكلور.
D) بوتاسيوم وكلور.",B,B
,"ما هو الهرمون الذي يحفز إفراز عصارة بنكرياسية غنية بالأنزيمات الهاضمة؟

A) السكرتين.
B) الكوليسيستوكينين CCK
C) الغاسترين.
D) الهيستامين.",B,B
,"ما هو السكر الذي لا يحتاج للصوديوم من أجل عملية امتصاصه؟

A) الغلوكوز.
B) الغالاكتوز.
C) الفركتوز.
D) السكروز.",C,C
,"ما هو الناقل العصبي الذي يتحرر من العصبونات بعد العقدة في القسم الودي؟

A) أستيل كولين.
B) نورابينفرين.
C) أدرينالين.
D) النورابينفرين أو الأستيل كولين.",B,D
,"ما الذي يحدد نمط استجابة العضو المعصب بواسطة الجهاز العصبي المستقل (استثارة أو تثبيط)؟

A) كونه معصب بالقسم الودي.
B) كونه معصب بالقسم اللاودي.
C) كونه معصب بالقسمين معاً.
D) نمط المستقبلات الموجودة في العضو.",D,D
,"ما هو الناقل الكيميائي الذي تحرره جميع العصبونات قبل العقدة؟

A) الأستيل كولين.
B) السيروتونين.
C) الأدرينالين.
D) النور أدرينالين.",,A
,"ما هو الناقل العصبي الذي يتحرر من طرفيات جميع الألياف اللاودية بعد العقدية؟

A) أستيل كولين.
B) نور أدرينالين.
C) دوبامين.
D) أستيل التميم A.",A,A
,"ما هي الميزة التي تتمتع بها قنوات IF في النسيج العقدي القلبي التي تمكنها من توليد التنبيه عفوياً؟

A) عندما تنفتح يتجاوز التيار الداخل من الصوديوم التيار الخارج من البوتاسيوم
B) عندما تنفتح يتجاوز التيار الخارج من البوتاسيوم التيار الداخل من الصوديوم
C) تتأثر هذه القنوات بالأدرينالين أكثر من الأستيل كولين
D) تبقى هذه القنوات مفتوحة خلال كامل فترة زوال الاستقطاب",A,A
,"ما هي الفائدة الوظيفية من التأخير الزمني في كمون الفعل لمدة 0.1 ثانية عند مروره في العقدة الأذينية البطينية؟

A) إنهاء تقلص الأذينات قبل بدء تقلص البطينات.
B) يطيل فترة تقلص الأذينة.
C) يطيل فترة كامن الفعل.
D) يحمي عضلة القلب من التكزز.",A,A
,"ماذا يحدث للبطينات في حال توقف العقدة الجيبية الأذينية عن العمل؟

A) تتوقف عن العمل
B) تتباطأ انقباضاتها
C) تتسرع انقباضاتها
D) لا تتأثر",A,B
,"ما هو سبب ظهور طور الهضبة في كامن فعل العضلة القلبية؟

A) دخول شوارد الكالسيوم.
B) دخول شوارد الصوديوم.
C) عدم دخول شوارد البوتاسيوم.
D) ليس أياً مما سبق.",A,A
,"ما هو سبب طور الهضبة في كمون عمل الليف العضلي القلبي؟

A) الصوديوم.
B) الكالسيوم.
C) البوتاسيوم.
D) الكلور.",B,B
,"ما هي المناطق التي تطبق عليها المعالجة الإشعاعية في علاج أورام الخصية من النمط المنوي؟

A) الورم البدني
B) سلسلة العقد اللمفاوية الحرقفية والأبهرية
C) سلسلة العقد الإربية
D) المنصف
E) التقائل الرئوية",B,B
,"ما هي الأورام التي لا تعتبر المعالجة الشعاعية معالجة شافية لها إذا استخدمت لوحدها في المراحل المبكرة؟

A) اللسان
B) الحبل الصوتي
C) الثدي
D) البروستات
E) عنق الرحم",C,C
,"ما هي الجرعة الكلية الموصى بها في حال تقرر إجراء تشعيع وقائي للقحف بجرعة ٢ غري في كل جلسة؟

A) ۱۸ غري
B) ٢٤ غري
C) ٣٠ غري
D) ٣٦ غري
E) ٤٢ غري",B,C
,"ما هو الزمن الأقل الفاصل بين كل جلستين عند إجراء المعالجة الشعاعية بطريق التجزئة المفرطة؟

A) ساعتان
B) ٣ ساعات
C) ٤ ساعات
D) ٥ ساعات
E) ٦ ساعات",C,E
,"ما الذي يحول مولد الببسين إلى ببسين؟

A) حمض كلور الماء الموجود في المعدة.
B) العامل الداخلي.
C) الفيتامين B12
D) الغلوكاغون.
E) السوماتوستائين.",A,A
,"ما هو سبب حدوث عمى ربعي علوي أيمن مماثل؟

A) الفصل الصدغي
B) الفصل الجداري
C) العصب البصري
D) التصالب البصري
E) السبيل البصري",B,A
,"ما هي المدة الزمنية التي يتطور خلالها الصداع المزمن؟

A) أسبوعين
B) 3أسابيع
C) 4أسابيع
D) 6أسابيع
E) 8أسابيع",C,C
,"ما هو نوع الصداع غير النابض ثنائي الجانب الذي قد يرتبط بتشنج عضلات الرقبة؟

A) الشقيقة
B) الصداع العنقودي
C) صداع التوتر
D) ألم العصب مثلث التوائم
E) الألم العصبي التالي للهوبس",C,C
,"أين يحدث التكيس للجيارديا اللمبلية؟

A) التراب
B) القولونات
C) الماء
D) أثناء التغوط
E) الصائم",A,D
,"ما هي الذبابة ذهبية العيون Chrysop ثوي ناقل له؟

A) الفخرية البنكروفتية
B) كلابية الذئب الملتوية
C) اللوا لوا
D) المحرشفة الصغيرة
E) المثقبية الكروزية",C,C
,"ما هي الفترة الزمنية الذي تظهر فيها إيجابية اختبار سابين فيلدمان بعد العدوى به؟

A) 24 ساعة
B) 1-2 أسبوع
C) 4-6 أسبوع
D) ثلاثة أشهر
E) ستة أشهر",C,B
,"ما الذي تنتهي به المرحلة الخارج خلوية للمتصورات؟

A) الأقاسيم المتحركة
B) المتقسمة
C) الشكل الخاتمي
D) الشكل الأميبي
E) الحيوانات البوغية",C,A
,"أين تتكاثر خبيطيات الفخرية البنكروفتية؟

A) امعاء البعوض
B) الغدد اللعابية للبعوض
C) الأوعية اللمفاوية للانسان
D) أمعاء الانسان
E) جوف الجوادف",A,C
,"ما هو المرض الذي يستخدم عقار melarsporol في علاجه؟

A) الأسطوانية البرازية
B) الشعرية الحلزونية
C) الفخرية البنكروفيتية
D) المثقبية الغامبية
E) التنينة المدينية",C,D
,"ما هو الخمج الطفيلي الذي يمكن أن ينتقل من شخص لآخر؟

A) الصفر الخراطيني
B) الملقوة العنجية
C) المسلكة شعرية الرأس
D) المرمية الدودية
E) المشوكة الحبيبية",C,D
,"ما هي أفضل أماكن الخزع التشخيصية القندية في جسم الإنسان؟

A) الكبد
B) الطحال
C) الدماغ
D) العقد اللمفاوية
E) الدم ونقي العظم",A,B
,"ما هو المسبب لداء هجرة اليرقات الجلدي؟

A) الشريطية
B) الديدان القوسية
C) الشعرية الحلزونية
D) مشركة الشفة اللجوجة",C,B
,"ما هو العلاج المناسب للمتحولة العصبية naegleria fowleri؟

A) البرازيكونتيل
B) النيكلوساميد
C) الأمفوتريسين
D) الكينين
E) المترونيدازول",C,C
,"أين تتوضع يرقات الأسطوانية الوعائية عند الإنسان؟

A) الرئة
B) العضلات
C) الدم
D) الجهاز العصبي المركزي
E) الأمعاء",E,D
,"ما هو الشكل المعدي للإنسان من متفرعة الخصية الصينية؟

A) البيضة
B) خليفة المذنبة
C) الحيوان البوغي
D) المذنب
E) المهذبة .",B,B
,"أين تتوضع الأسطوانية البرازية عند الإنسان؟

A) الجزء النهائي من الدقاق
B) الجزء الأمامي من الصائم
C) الاثنى عشر
D) الأعور
E) القولونات",D,B
,"ما هو العصب الذي يصاب في متلازمة قاع الحجاج؟

A) العصب العيني
B) العصب الوجهي
C) العصب الفكي العلوي
D) العصب الدمعي
E) العصب المحرك العيني",C,C
,"ما هو تعريف الحول المتقارب؟

A) لا يتلاقى فيها المحوران البصريان عند الجسم المنظور
B) يتلاقى فيها المحوران البصريان في نقطة تقع أمام الجسم المنظور
C) يتلاقى فيها المحوران البصريان في نقطة تقع خلف الجسم المنظور
D) يتلاقي فيها محورا الرؤية في نقطة تقع أمام الجسم المنظور
E) يتلاقى فيها محورا الرؤية في نقطة تقع خلف الجسم المنظور",C,D
,"ما هي أسباب حدوث فيض الدمع Epiphora؟

A) زيادة إفراز الدمع الأساسي
B) تخريش الملتحمة
C) نقص إفراز أساسي مع زيادة إفراز انعكاسي
D) نقص في التصريف
E) لا شيء مما ذكر",D,D
,"أين تقع حفيرة البكرة في الجدار العلوي للحجاج؟

A) الأمامي الوحشي
B) الأمامي الأنسي
C) الخلفي الوحشي
D) الخلفي الأنسي
E) لا تفع في الجدار العلوي",B,B
,"ما هي النسبة التي تشكلها القرنية من سطح غلاف كرة العين الليفي؟

A) النصف الأمامي
B) الثلث الأمامي
C) الربع الأمامي
D) الخمس الأمامي
E) السدس الأمامي",C,E
,"ما هو أكثر تنكسات القرنية شيوعاً؟

A) القرنية العرطلة
B) القوس الشيخية
C) القرنية المخروطية
D) حثل الاندوتيليوم الوراثي
E) تصلب القرنية",B,B
,"ما هي الحالات التي تشاهد فيها الرؤية المزدوجة الأحادية الجانب؟

A) الحول الشللي
B) تحت خلع العدسة
C) الحول التوافقي
D) التهاب القزحية والجسم الهدبي
E) انفصال شبكية",B,B
,"ما هو المرض الذي يشاهد فيه حلقة كاي زر- فليشر عند المرضى؟

A) الزهري
B) الإيدز
C) داء ويلسون
D) عوز فيتامين A
E) الحلأ النطاقي",C,C
,"ما الذي يجب فعله في الحالات المعندة وغير المستجيبة للعلاج في الورم الكاذب للحجاج؟

A) الاستمرار في استخدام الصادات
B) اللجوء للجراحة فورا
C) الاستمرار في المراقبة
D) يجب اخذ خزعة من الورم",B,D
,"ما هي النتائج التي تؤدي إليها إصابة الشعبة العينية من العصب الخامس في متلازمة الشق الحجاجي العلوي؟

A) فقد حس الملتحمة والقرنية
B) شلل حركي تام للعين
C) جحوظ مقلة
D) حول انسي",A,A
,"ما هو التشخيص الأقرب لمريض عمره 65 سنة لديه فقد رؤية في النصف العلوي من الساحة البصرية مع بدء مفاجئ؟

A) ضمور عصب بصري
B) خثرة الوريد الشبكي المركزي
C) التهاب العصب البصري الاقفاري
D) التهاب العصب البصري خلف المقلة",C,C
,"ما الذي يدل عليه ظهور تقبب على شكل حويصل أسود في قعر القرحة القرنية الجرثومية؟

A) بداية ظهور القرحة
B) مرحلة شفاء القرحة
C) غزاراة الجراثيم في القرحة
D) تقبب غشاء ديسميه وخطر انثقابه
E) ليس له أي دلالة",B,D
,"ما هي الطريقة التالية لتقدير حدة البصر لدى المريض إذا لم يتمكن من قراءة أكبر أحرف اللوحة؟

A) بعد أصابع الفاحص
B) بتحريك يد الفاحص أمام عين المريض
C) باستخدام منبع ضوئي متحرك من الجهات الأربعة
D) نعتبر أن حدة البصر معدومة
E) كل الإجابات السابقة خاطئة",E,A
,"ما الذي يشكو منه المريض في الحول الشللي عند البالغين؟

A) تدهور حدة الرؤية
B) رؤية مزدوجة
C) حول متناوب
D) كل ما سبق صح
E) كسل وظيفي",B,B
,"متى ينعدم يوروبيلينوجين البول؟

A) اليرقان الانحلالي
B) اليرقان الكبدي
C) اليرقان الانسدادي
D) كل ماسبق خطأ",C,C
,"في الاحتباس الصفراوي ما هو الانزيم الأفضل للوصول للتشخيص؟

A) ALT
B) اميلاز
C) ليباز
D) كل ماسبق خطأ",D,A
,"ما هي نتيجة رحلان البروتينات في الالتهابات الحادة؟

A) ترتفع الموجة a_2غلوبيولين وتنخفض موجة الالبومين
B) ترتفع الموجة a_2غلوبيولين وترتفع الموجة a_1غلوبيولين
C) ترتفع موجة الالبومين وترتفع موجة غاما غلوبيولين
D) يرتفع موجة a_1غلوبيولين وترتفع الموجة β",A,B
,"ما هو المركب الذي يتم اصطناعه بدءا من الحموض الأمينية؟

A) الكوليسترول
B) أمونيا
C) البيريدوكسامين
D) الكولين",C,B
,"ما هي أعراض فقر الدم بعوز الحديد عند المريض؟

A) الصداع
B) الشحوب
C) التكزز
D) ضخامة الطحال",B,B
,"ما هي الحالة التي تعاني منها مريضة عمرها 44 سنة تشكو من تعب عام وكانت قيمة البولة الدموية 140 ملغ/دل وقيمة الكرياتنين 6 ملغ/دل وحمض البول 4 ملغ/دل؟

A) النقرص
B) اليوريميا
C) الازوتيميا قبل الكلوية
D) الازوتيميا بعد الكلوية 
 التوضيح : نلاحظ وجود ارتفاع متناسب بين البولة والكرياتينيم مما يؤدي لانها حالة ازوتيميا كلوية.",D,B
,"ما هو سبب تشمع الكبد عند مريض عمره 12 سنة؟

A) عوز الحديد
B) داء ويلسون
C) فرط حمولة الحديد
D) نقص المغنزيوم",B,B
,"ما هو الاحتمال الأكثر ترجيحاً لسبب تشمع الكبد عند مريض عمره 12 سنة؟

A) نقص مغنيزيوم
B) عوز الحديد
C) داء ويلسون
D) فرط حمولة الحديد",C,C
,"ما هو تصنيف مريض عنده الغلوكوز 210 ملغ / دل؟

A) شخص سليم
B) مريض سكري
C) لديه عدم تحمل السكر مطلقاً
D) ليس أي مما سبق",B,B
,"ما هو تصنيف مريض تم تحليل الغلوكوز الصيامي له فكانت النتيجة 128 ملغ/دل؟

A) شخص طبيعي
B) مريض سكري
C) معه اضطراب تحمل السكر صيامي
D) ليس أي مما سبق",C,B
,"ما هو المركب الذي يعتبر ايتلين ديامين تترا استات مركباً لاقطاً له؟

A) الحديد
B) النحاس
C) الكالسيوم
D) الصوديوم
E) البوتاسيوم",B,C
,"ما هو المركب الذي يستخدم في تدبير حمى البحر الأبيض المتوسط؟

A) الايميتين
B) الكولشيمين
C) داي بيريدامول
D) الريزربين
E) لوسارتان",B,B
,"ما هو النمط التحسسي الذي يعود إليه داء الفقاع المحرض دوائياً؟

A) الأول.
B) الثاني.
C) الثالث.
D) الرابع.
E) الخامس.",C,B
,"ما هي آلية تأثير المركب دابيريدامول؟

A) تثبيط PDE
B) تنشيط مستقبلات ال GABAA
C) قفل مستقبلات ال GABAA
D) تثبيط نشاط مستقبلات NMDA
E) تنشيط مستقبلات NMDA",A,A
,"ما هي جرعة الدواء عند طفل وزنه 17,5 كغ إذا كانت جرعة البالغ 100 ملغ؟

A) 50 ملغ .
B) . 17.5 ملغ.
C) 25 ملغ.
D) . 37.5 ملغ.
E) 35 ملغ.",D,C
,"ما هو معدل التصفية الكلوية للكرياتينين عند رجل عمره 40 سنة ومستوى كرياتينين الدم 1 ملغ/دل ووزنه 72 كغ؟

A) 80
B) 100
C) 120
D) 140 .
E) كل ماسبق خطا",C,B
,"ما هي الخلايا التي تقوم بإفراز بروتين برفورين الذي يفتح ثقوب في غشاء الخلية الهدف؟

A) الخلايا المساعدة.
B) الخلايا القاتلة.
C) الخلايا الذاكرة.
D) الخلايا الكابتة",B,B
,"كيف يتأثر الغاز كلما زاد وزنه الجزيئي؟

A) ازداد معدل الانتشار.
B) انخفض معدل الانتشار.
C) لم يتأثر معدل الانتشار.
D) ازدادت السرعة التي تتحرك بها الجزيئات.",B,B
,"ما هو المبدأ الأساسي للتشتت؟

A) الانكسار
B) الانتشار
C) الانعكاس
D) الامتصاص",B,B
,"ما هو العامل الذي يسرع العامل السابع تشكله؟

A) الاول
B) الثالث
C) الخامس
D) العاشر",B,B
,"ما هو السائل الموجود داخل الخلايا؟

A) الخلط المائي و الزجاج للعين.
B) سوائل غشاء الجنبة والتامور.
C) السيتوبلازما.
D) الأكياس الزليلة للمفاصل.",C,C
,"ما هي مقدرة شخص على إدراك منبهين لمسيين مطبقين على منطقة من سطح الجسم على أنهما منفصلان؟

A) التعرف الحيزي
B) تمييز حس النقطتين
C) الحس المجسم
D) اضطراب نظم",B,B
,"ما هو سبب عدم قدرة ألياف الجهاز العصبي المركزي على التجدد؟

A) غياب النخاعين في معظم الألياف
B) قصر المحور الأسطواني لهذه الألياف
C) غياب غمد شوان
D) عدم وجود الخلايا الدبقية قليلة التغصنات",C,C
,"ما هو المجال الذي تكون فيه النسخ السيتولوجية شفافة نسبياً؟

A) فوق البنفسجي
B) تحت الأحمر القريب
C) تحت الأحمر المتوسط
D) تحت الأحمر البعيد",B,B
,"ما هو العامل الرئيسي الذي يحدد ارتباط الأكسجين بخضاب الدم؟

A) الضغط الجزئي للأوكسجين في الدم PO2.
B) تركيز ثنائي أوكسيد الكربون في الدم PCO2.
C) تركيز شوارد الهيدروجين في الدم.
D) تركيز 2.3 ثنائي فوسفات الغليسيرات DPG في الدم.",A,A
,"ما الذي يؤدي إليه العامل ٣ مع الكالسيوم؟

A) تلقيم راجع سلبي للثرومبين.
B) تلقيم راجع إيجابي للثرومبين.
C) تنشيط العامل ال ٦.
D) تثبيط سبل التخثر.",B,B
,"متى يزداد الانحلال في التلاسيميا؟

A) التعرض للشدة والحمى.
B) عند انخفاض دراجة الحرارة.
C) عند استئصال الطحال.
D) عند ظهور تكتلات ورمية.",A,A
,"ما هو الفيتامين الأساسي في عملية تشكيل عوامل التخثر؟

A) A
B) B
C) C
D) K",D,D
,"ما هو المستوى من الفيزيولوجيا الذي تنتمي إليه دراسة آلية وتوليد ونقل كوامن الفعل في القلب؟

A) الخلوي
B) النسيجي
C) الجهازي
D) الكائن الحي ككل",A,B
,"أين توجد المستقبلات النيكوتينية؟

A) في المشابك بين العصبونات قبل العقدية وبعد العقدية للودي
B) في المشابك بين العصبونات قبل العقدية وبعد العقدية نظير الودية
C) أغشية خلايا العضالت الهيكلية
D) العقدة الجيبية الأذينية في القلب",A,D
,"ما الذي تعتمد عليه سرعة انتشار الأوكسجين عبر غشاء الخلية؟

A) كمية البروتينات في الغشاء الخلوي
B) مقدار ذوبانه في الشحوم
C) وظيفة الخلية
D) كل مما سبق خاطئ",B,B
,"ماذا يحدث عندما يصل التيروكسين إلى المستوى الدوراني المطلوب؟

A) تتحرض الغدة النخامية لافراز THS
B) ترسل الخلايا المتأثرة به إشارات تلقيم ايجابي
C) تتوقف الغدة النخامية عن افراز THS
D) كل ما سبق صحيح",C,C
,"ما هي الوظيفة الرئيسية للعقدة الأذينية البطينية في الحالات السوية؟

A) توليد إشارات تجعلها ناظمة للقلب
B) تأخير زمن مرور الإشارة بمقدار ,1 0 ثانية
C) تأمين المقوية الودية للقلب
D) تأمين وصول الإشارات إلى شغاف القلب",B,A
,"ما هي العوامل التي تحرض إفراز عصارة بنكرياسية غنية بالإنزيمات؟

A) الأستيل كولين والكوليسيستوكينين
B) الأستيل كولين والسكرتين
C) السكرتين والكوليسيستوكينين
D) السكرتين والغاسترين",A,A
,"أين يتم إعادة امتصاص القسم الأعظم من الماء المرتشح؟

A) النبيبات الدانية
B) عروة هانلي
C) النبيبات القاصية
D) النبيبات الجامعة",A,A
,"ما هو سبب الصوت الأول للقلب؟

A) لانغلاق الصمامات السينية
B) تقبض البطنيات
C) انغلاق الصمامات الأذينية البطينية
D) تقبض الاذينات",C,C
,"ما هي الخلايا التي تمتلك أسرع معدل لزوال الاستقطاب؟

A) العقدة الجيبية الأذينية.
B) العقدة الأذينية البطينية.
C) حزمة هيس.
D) ألياف بوركنجي.",A,A
,"ما هو الذي وظيفته تسريع عملية تشكل الترومبوبلاستين الصفيحي؟

A) العامل الخامس
B) العامل الثالث
C) العامل السابع
D) العامل التاسع",A,C
,"ما الذي يعمل على تسهيل الانتقال بين الشهيق والزفير؟

A) المجموعة التنفسية الظهرية
B) المجموعة التنفسية البطنية
C) مولد النسق المركزي
D) مركز التنفس الجسري",C,D
,"ما الذي يزداد في الأسناخ الرئوية؟

A) بزيادة كمية السيرفاكتانت
B) بتضيق فوهة القصيبات
C) بزيادة قطر المنفذ
D) بزيادة نسبة التهوية على التروية",C,B
,"ما يعرف بالموجهة الجسدية؟

A) البرولاكتين
B) الموجهة الكظرية
C) هرمون النمو
D) الموجهة التناسلية",C,C
,"ما هي العقدة الرأسية للجهاز العصبي المستقل؟

A) المخ
B) البصلة السيسانية
C) الوطاء
D) المهاد",C,C
,"ما هي المحطة الرئيسية الدماغية التي تتكامل فيها وظائف الجهاز العصبي المستقل مع وظائف البنى العصبية الأخرى؟

A) البصلة السيسائية
B) جسر الدماغ
C) الجسم اللوزي
D) الوطاء",D,D
,"ما هو الناقل العصبي المحرر من طرفيات الألياف بعد العقدية في القسم الودي؟

A) الأستيل كولين
B) النور أدرينالين
C) الاستيل كولين أو النور أدرينالين
D) الدوبامين",B,C
,"ما هو الدور المهم الذي تؤديه خلايا سيرتولي في الخصية؟

A) إنتاج التستستيرون
B) تغذية النطاف
C) تثبيط الحاثةFSH
D) تحرض نمو وتطور الأعضاء التناسلية الظاهرة",B,B
,"ما هو الذي يروي النسيج الضام للرئة؟

A) الشريان الرئوي.
B) الشريان الأبهر مباشرة.
C) الفروع القصبية للأبهر.
D) الفروع الرئوية للأبهر.",C,C
,"ما هي البوابات التي تتحكم بنفوذية القنوات للشوارد التي تسهم في تشكيل كامن الفعل؟

A) القنوات المبوبة بالربيطة
B) قنوات البروتين
C) قنوات شحمية
D) القنوات المبوبة بالفولطاج",A,D
,"ما هي أجهزة التحكم والضبط والمراقبة في الجسم؟

A) جهاز الدوران
B) جهاز التنفس
C) العصبى الصماوى
D) جهاز الهضم",C,C
,"ما هي المواد التي تحررها نهايات المحاوير العصبية في المشابك والموصلات المشبكية؟

A) النواقل عصبية
B) الهرمونات
C) الهرمونات العصبية الصماوية
D) السيتوكينات",A,A
,"ماذا ينقل الترانسفيرين؟

A) النحاس
B) الحديدي
C) الكلور
D) الأوكسجين",B,B
,"ما هو الإحساس الذي يمكن أن يُدرك كلياً في المهاد؟

A) حس الألم
B) حس الحرارة
C) الإحساسات الجنسية
D) حس الدغدغة",A,A
,"أين توجد المستقبلات المسكارينية؟

A) المشابك بين العصبونات قبل العقدية وبعد العقدية للجهاز اللاودي
B) العقد المستقلة
C) الخلايا المستجيبة للتنبيه بالعصبونات الكولينية الفعل بعد العقدية
D) الوصل العصبي العضلي",C,C
,"ما هي الزمرة الدموية إذا كانت الكرية الحمراء لا تحوي مولد ارتصاص؟

A) A
B) B
C) AB
D) O",D,D
,"ما هو ناظم القلب؟

A) العقدة الأذينية البطينية.
B) حزمة هيس.
C) العقدة الجيبية.
D) ألياف بوركنج.",C,C
,"ما الذي يشكله الجهاز الانزيمي في الخلايا البطانية السليمة اعتباراً من حمض الاراشيدونيك؟

A) الترومبوكسان A2
B) البروستاسايكلين
C) السبروتين
D) ADP",B,A
,"ما الذي تتناسب معه سرعة النقل في الألياف العصبية اللانخاعينية؟

A) الجذر التربيعي ل قطر الليف
B) الجذر التكعيبي ل قطر الليف
C) مربع قطر الليف
D) مع قطر الليف",B,A
,"أين تقع أجسام عصبونات المرتبة الثانية للإحساسات المنقولة بمسلك العمود الظهري؟

A) النواتين الناحلة والإسفينية
B) القرن الخلفي للنخاع الشوكي
C) المهاد
D) التّشكلات الشبكية الصاعدة",C,C
,"ما هي العوامل التي تتناسب معها سرعة الانتشار البسيط؟

A) طردا مع تركيز المادة المنتشرة
B) طردا مع مدروج تركيز المادة المنتشرة
C) عكساً مع تركيز المادة المنتشرة
D) عكساً مع مدروج تركيز المادة المنتشرة",B,B
,"ما هي آلية تحرر شوارد الكالسيوم من الشبكة الهيولية في العضلات الهيكلية؟

A) الانتشار
B) النقل المّيسر
C) النقل المرافق
D) النقل الفاعل الأولي",B,A
,"ما الذي يؤكد الدور الأهم للمراكز الشوكية والبصلية في وظيفة الجهاز العصبي المستقل؟

A) عدم حدوث تبدلت مهمة في وظائف الجهاز العصبي المستقبل عند قطع جذع الدماغ فوق مستوى البصلة
B) عدم حدوث تبدلت مهمة في وظائف الجهاز العصبي المستقبل عند قطع جذع الدماغ فوق مستوى البصلة
C) يؤلف الجهاز الحوفي منطقة واسعة من أدمغة الحيوانات الدن
D) ارتباط الوطاء ارتباطا وثيقا مع الجهاز الحوفي",A,A
,"ما هو الهدف الأساسي للنقل الفاعل عبر الغشاء؟

A) الوصول لتركيز متساو للمادة على جانبي الغشاء
B) الحفاظ على مدروج تركيز مرتفع للمادة عبر الغشاء
C) توفير استهالك الطاقة
D) زيادة حساسية قنوات الفولطاج",B,B
,"ما الذي يتأثر بتغير كمية الأوكسجين في الأسناخ؟

A) الأوعية الدموية للسنخ
B) العضلات الملس لقصبة السنخ
C) مستوى السورفاكتانت في الأسناخ
D) السعة الحيوية للرئتين",B,A
,"ما هي أقصى مدة لحفظ الدم؟

A) 5 أيام
B) 10 أيام
C) 20 يوم
D) شهر",C,C
,"ماذا يحدث عندما تكون تهوية السنخ أعلى من ترويته الدموية؟

A) تحويلة فيزيولوجية
B) حيز ميت فيزيولوجي
C) التّهوية الكلّية والجريان الكلّي متوافقين
D) تبقى تروية السنخ كافية",B,B
,"ما هي الحالات التي تزداد فيها كمية الماء الموجودة في الأحياز الخاصة؟

A) الاسهال
B) الأقياء
C) التجفاف
D) الجنب وانصباب الجنب",D,D
,"ما هو الهرمون المطلق للموجهة القشرية؟

A) TRH
B) CRH
C) PIH
D) GNRH",B,B
,"ما هي الشاردة الإيجابية الأساسية في السائل داخل الخلوي؟

A) صوديوم
B) بوتاسيوم
C) كالسيوم
D) كلور",B,B
,"ما هو نوع المصل الذي يحمله شخص من الزمرة الدموية B؟

A) يحوي الراصة Anti A
B) يحوي الراصة Anti B
C) لا يحوي راصة
D) يحوي الراصتين Anti A, Anti B",A,A
,"ما هي الحالة التي يكون فيها انقلاب الصيغة أكثر شيوعاً؟

A) الأطفال.
B) البالغين.
C) الرجال.
D) الكهل.",A,A
,"ما هو حجم الضربة (Stroke Volume)؟

A) كمّية الدم التي يضخها البطين الأيمن في ضربة واحدة
B) كمّية الدم التي يضخها البطين الأيمن في الدقيقة الواحدة
C) كمية الدم التي يضخها البطينان في الدقيقة الواحدة
D) كمية الدم التي تدخل الأذينة اليمنى في دقيقة واحدة",A,A
,"ما هي أقصى كمية هواء يمكن استنشاقها زيادة على كمية الحجم الجاري السوية؟

A) الحجم الجاري
B) الحجم المثالي
C) حجم الشهيق المخر
D) حجم الزفير المدخر",C,C
,"ما هي الآلية التي يتم من خلالها التنظيم المديد للجريان الموضعي؟

A) إفراز العامل البطاني المرخي من بطانة الأوعية الكبيرة.
B) إفراز الأنجيوجنين وعامل النمو البطاني.
C) عبر جملة الرينين أنجيوتنسين.
D) عبر التعصيب الودي واللاودي.",A,B
,"ما هي الشوارد التي تسبب قوى الجذب بين خيوط الاكتين والميوزين مما يؤدي إلى انزلاق بعضها على بعض؟

A) البوتاسيوم
B) الكالسيوم
C) الصوديوم
D) الصوديوم والكالسيوم",B,B
,"ما هو الهدف من آلية المزلاج في العضلات الملساء؟

A) زيادة سرعة تقلّص العضلات الملساء
B) مقدرتها على العودة إلى قوة تقلّصها الأصلية بعد ثوان أو دقائق من تطاولها أو قصرها
C) تحافظ على تقلّص مقوٍمديد فى العضلات الملمس باستخدام كمية قليلة جداً من الطاقه
D) جعل قوة تقلص العضلات الملس أكبر من قوة تقلص العضلات الهيكلية",B,C
,"ما هي الخلايا الدبقية التي تشكل جزء من الحاجز الوعائي الدموي؟

A) الخلايا السيسائية
B) الخلايا الدبقية الصغيرة
C) الخلايا النجمية
D) الخلايا الدبقية قليلة التغصنات",C,C
,"ما هي الآلية التي يتم من خلالها التنظيم المديد للضغط الشرياني؟

A) افراز العامل البطاني المرخي في بطانة الأوعية
B) افراز الانجيوجينين وعامل النمو البطاني
C) عبر جملة الريلين انجيوتنسين
D) التعصيب الودي واللاودي",C,B
,"ما هي المستقبلة الأسرع تلاؤماً؟

A) روفيني.
B) نهايات عصبية حرة.
C) مستقبلات الألم.
D) باشيني.",A,D
,"لماذا لا تتمكن الألياف العصبية المركزية من التجديد؟

A) عدم وجود غمد النخاعين
B) عدم وجود جسيمات مركزية
C) عدم وجود غمد شوان
D) كثرة التغصنات العصبية",C,C
,"ما هي كمية الهواء الموجودة في الرئتين في نهاية شهيق سوي؟

A) السعة الشهيقية
B) السعة الحيوية
C) السعة الوظيفية المدخرة + الحجم الجاري
D) الحجم المدخر الشهيقي",C,C
,"ما هي الفائدة الوظيفية من التأخير الزمني لكامن الفعل لمدة 0.1 ثانية عند مروره في العقدة الأذينية البطينية؟

A) إنهاء تقلص الأذينات قبل تقلص البطينات
B) يطيل فترة تقلص الذينة
C) يطيل فترة كامن الفعل
D) يحمي عضلة القلب من التباطؤ",A,A
,"ما هي المواد التي يقتصر عليها الامتصاص المعدي؟

A) الشحوم
B) السكريات
C) الماء والشوارد
D) البروتين",C,C
,"ما هو المركب الذي يتشكل من تفاعل الهيموغلوبين مع حمض أو قلوي؟

A) كاربوهيموغلوبين.
B) كاربوكسي هيموغلوبين.
C) هيماتين.
D) هيموسيدرين.",C,C
,"ما الذي يتناسب إفراغه عكسياً مع إفراغ الهيدروجين؟

A) الصوديوم
B) البوتاسيوم
C) الكلور
D) الغلوكوز",B,B
,"ما هو الغشاء الكبيبي نفوذ له؟

A) الكالسيوم.
B) الالبومين.
C) الهرمونات.
D) الحموض الدهنية.",C,B
,"ما هو المسؤول عن إرسال السيالات في العصبونات؟

A) جسم الخليه
B) المحوار
C) الاستطالات الهيوليه
D) المشبك العصبى",C,B
,"ما هو المستوى الذي يعتبر ضخ الدم مثالاً على دراسته؟

A) النسج
B) الأعضاء
C) الأجهزة
D) الخلايا",C,B
,"ما هي العملية التي يتم بها تحويل النورادرينالين إلى أدرينالين؟

A) هدركسلة
B) نزع كربوكسيل
C) ميتلة
D) اكسحة",C,C
,"ما الذي يشكل جسراً بين ألياف الكولاجين والصفيحات الدموية؟

A) الترومبوكسان A2
B) عامل فون ويلبراند
C) البروستاسايكلين
D) ADP",B,A
,"ما هي الفائدة الوظيفية من وجود الكليونات المجاورة للّب؟

A) زيادة القدرة على تمديد البول
B) زيادة القدرة على تكثيف البول
C) زيادة القدرة على طرح البولة
D) زيادة القدرة على إفراز الرينين",B,B
,"ما هو السبب الذي يحمي العضلة القلبية من التكزز؟

A) اعتمادها جزئياً على الكالسيوم خارج الخلوي
B) طول فترة كامن فعل الليف العضلي القلبي
C) قدرة الخلايا العضلية القلبية على تفعيل ذاتها
D) عدم تأثر الخلايا العضلية القلبية بالنواقل العصبية",B,B
,"ما هو الهرمون الذي يخضع لتأثير مزدوج منبه ومثبط من الوطاء؟

A) GH
B) PRL
C) ACTH
D) FSH",A,A
,"أين تقع المساحة الصغرى في ساحة الحس الأولية عند الإنسان؟

A) الجذع
B) القلب
C) الشفتين
D) اليدين",D,A
,"ما هو مصدر الATP الذي تحتاجه الليفات العضلية بشدة؟

A) الكالسيوم خارج الخلوي
B) الكالسيوم داخل الخلوي
C) المتقدرات الغزيرة الموازية للبيفات
D) المدروج الكهربائى لقنوات الصوديوم",C,C
,"ما هو الذي يفعل السبيل الخارجي للتخثر؟

A) معقد ضد مستضد
B) رض الدم
C) تماس الدم مع الزجاج
D) رض الأنسجة
E) الفوسفوليبيدات الصفيحية",C,D
,"ما الذي تتناسب معه سرعة انتشار الغاز عبر الغشاء التنفسي عكسياً؟

A) قابلية ذوبان الغاز في السائل
B) ثخانة الغشاء
C) مساحة مقطع السائل
D) سرعة الجزيئات المتحركة",B,B
,"ما هي القيمة العظمى لضغط الأوكسجين في الأسناخ عند زيادة التهوية السنخية في الحالات السوية؟

A) 95 ملم زئبقي
B) 104ملم زئبقي
C) 149 ملم زئبقي
D) 158 ملم زئبقي",C,C
,"أين يحدث الامتصاص بشكل أساسي؟

A) المعدة
B) الامعاء الدقيقة
C) الكولون بقسمه المستعرض
D) الكولون النهائي والمستقيم",B,B
,"ما هو الهرمون الذي يتم إفرازه نتيجة الشدة (الكروب)؟

A) الألدوستيرون
B) الكورتيزول
C) الثيروكسين
D) الأنسولين",B,B
,"ما هي آلية تحرر شوارد الكالسيوم من الشبكة الهيولية في العضلات الهيكلية؟

A) الانتشار
B) النقل المّيسر
C) النقل المرافق
D) النقل الفاعل الأولي",B,A
,"ماذا يسبب التنبيه اللاودي على القلب؟

A) زيادة القوة الانقباضية للعضلة القلبية.
B) تباطؤ ضربات القلب.
C) تسريع التوصيل.
D) تسرع ضربات القلب.",B,B
,"ما هو المسؤول عن زوال الاستقطاب؟

A) دخول شوارد الصوديوم
B) خروج شوارد الصوديوم
C) دخول شوارد البوتاسيوم
D) خروج شوارد البوتاسيوم",A,A
,"ما هو الرقم الهيدروجيني الطبيعي للبول؟

A) بين 5و8
B) 6.7 و8
C) 8
D) بين 4.7 و 8",D,D
,"ماذا يحدث عند وصول كمية كبيرة من NaCl إلى اللطخة الكثيفة؟

A) توسيع الشرين الوارد فقط
B) توسيع الشريتيت الوارد والصادر
C) تقبيض الشرين الوارد
D) تفعيل حملة الرينين انجيوتسن",B,C
,"ما هي كمية الدم التي تمر في نقطة معينة من الدوران خلال فترة محددة من الزمن؟

A) ضغط الدم
B) تدفق الدم
C) مدروج الضغط
D) المقاومة الوعائية",B,B
,"ما هو الانزيم المعوي الذي يقوم بهضم الدسم في الأمعاء؟

A) الإنتيروكيناز
B) الأمينوببتيداز
C) اللاكتاز
D) الليباز",D,D
,"ماذا يسبب نقص فيتامين B12 وحمض الفوليك؟

A) فقر دم لا تنسجي
B) فقر دم ناقص الصباغ ناقص الحجم
C) فقر دم زائد الصباغ زائد الحجم
D) فقر دم منجلي",A,C
,"ما هي وظيفة الصمامات القلبية؟

A) توجيه مجرى الدم باتجاه واحد
B) توزيع مقدار الضغط
C) دفع الدم من حجرة لأخرى في القلب
D) المحافظة على نظم القلب",A,A
,"ما هو المستوى الذي يعد عليه تنظيم الضغط الشرياني؟

A) الخلايا
B) الأنسجه
C) الأعضاء
D) الأجهزه",D,D
,"ما هو نوع العضلات الذي يمتاز بخاصية الارتخاء بعد الكرب؟

A) العضلات الهدبية للعين
B) العضلة الناصبة للشعرة
C) العضلات وحيدة الوحدة الحشوية
D) عضلة حدقة العين",B,C
,"ما هو أسرع أجزاء الجهاز الناقل في القلب في توصيل السيالة؟

A) العقدة الأذينية البطينية.
B) حزمة هيس.
C) المسالك بين العقد.
D) ألياف بوركنج.",C,D
,"ما هو اسم الأسناخ التي يصلها دم ولا يصلها هواء؟

A) الأسناخ السوية
B) التحويلة الفيزيولوجية
C) الحّيز المّيت التشريحي
D) الحّيز الميت الفيزيولوجي",A,B
,"ما هي الطريقة التي يمكن بها تحرير النص الفعال حيوياً بتقنية الأسر الصوتي؟

A) تفعيله بالامتصاص الثنائي للفوتون
B) تفعليه بالامتصاص الأحادي للفوتون
C) تفعيله بالامتصاص مستدعي الفوتونه
D) كل ما سبق خاطئ",C,C
,"ما هي الشاردة ذات التركيز الأكبر داخل العصبون؟

A) الكالسيوم
B) الصوديوم
C) البوتاسيوم
D) الكلور",C,C
,"ما هو العظم الذي يتمفصل معه الغضروف الطرجهالي؟

A) الغضروف الحلقي
B) الغضروف الدرقي
C) الغضروف الإسفيني
D) الغضروف الفلكي",B,A
,"ماذا يحدث في طور الانقباض الأذيني؟

A) الصمامات الأذينية البطينية مفتوحة و السينية مغلقة
B) الصمامات الأذينية البطينية مغلقة و السينية مفتوحة
C) كلاهما مفتوحتان
D) كلاهما مغلقتان",A,A
,"ما هو الحجم الرئوي الذي يزداد مع التقدم بالعمر؟

A) الحجم الجاري.
B) الحجم الشهيقي الاحتياطي.
C) الحجم المتبقي.
D) جميع الحجوم تنقص مع التقدم بالسن.",C,C
,"ما الذي يحرض إفراز عصارة غنية بالإنزيمات الهاضمة من البنكرياس؟

A) السكرتين
B) CCK
C) السوماتوستاتين
D) التنبيه الودى",B,B
,"ما الذي يتمثل به زوال استقطاب البطينات على مخطط القلب؟

A) الموجة P.
B) الموجة QRS.
C) الموجة S.
D) الموجة T.",B,B
,"ما هو العامل المحرض على زيادة إفراز الألدوستيرون؟

A) زيادة تركيز البوتاسيوم في السائل خارج الخلوي
B) ازيادة تركيز الصوديوم في السائل خارج الخلوي
C) ارتفاع الضغط الشرياني
D) إنخفاض تركيز شوارد الكالسيوم في الوسط خارج الخلوي",A,A
,"ما هي الطريقة المستخدمة لحل الخثرة إذا تشكلت في أوعية القلب والرئتين؟

A) البلازمين
B) الكاليكرين
C) الهيبارين
D) الحقن الوريدي الستربتوكيناز",A,A
,"ما الذي تسمح به خاصية الارتخاء بعد الكرب للأعضاء الجوفاء التي تحوي عضلات ملساء؟

A) تسهيل عملية تقلص العضلة الملساء وكأنها ليف واحد
B) توفير استخدام الطاقة
C) المحافظة على مقدار الضغط نفسه على الرغم من تغير الحجم ضمن حدود معينة
D) زيادة قوة التقلص مقارنة بالهيكلية",C,C
,"ما هو معدل التهوية السنخية؟

A) كمية الهواء الذي يصل للمناطق التنفسية.
B) كمية الهواء الذي يصل للمناطق التنفسية مضروب
C) بمعدل التنفس.
D) كمية الهواء الذي يملأ الطرق التنفسية التوصيلية.",B,B
,"متى يتوقف التقلص العضلي؟

A) انتهاء كمون العمل
B) إعادة الكالسيوم الى الشبكة الهيولية
C) خروج الصوديوم
D) ارتباط الكالسيوم بالتربونين",B,D
,"ما هي عصبونات المرتبة الثانية في المسلك الظهري؟

A) القرن الظهري للنخاع الشوكي
B) النواتين الناحلة واإلسفينية
C) المهاد
D) ساحات الحس في الدماغ",C,B
,"ما هو القشراني المعدني الرئيسي؟

A) الكورتيزول (سكري)
B) الالدوسترون (معدني)
C) التستسترون
D) الأدرينالين",B,B
,"ما هي أقل أنسجة الجسم البشري احتواءً على الماء؟

A) العضلى
B) العصبى
C) الغدى
D) الدهنى",D,D
,"ما هو طليعة الانزيم الذي يتحول إلى شكله الفعال تحت تأثير الخنثرين؟

A) العامل العاشر
B) العامل الحادي عشر
C) العامل الثاني عشر
D) العامل الثالث عشر",A,B
,"ما هي الآلية التي يستطيع من خلالها الجهاز التنفسي تأمين كميات كبيرة من الأكسجين أثناء التمارين المجهدة؟

A) يحصل كامل التبادل الغازي للأكسجين خلال قطع الدم ثلث المسافة عبر الوعاء الشعري.
B) فارق الضغط الكبير بين الأسناخ والدم لغاز الأكسجين.
C) صغر حجم جزيئة الأكسجين.
D) الانحلالية العالية للأكسجين في الغشاء التنفسي.",B,A
,"ما الذي يحول الببسين إلى مولد ببسين؟

A) العامل الداخلي
B) حمض كلور الماء
C) الفيتامين b12
D) الغلوكاكون",A,B
,"ما هي الوظائف التي يتآزر فيها الجهازان الودي واللاودي؟

A) تنظيم افراز اللعاب
B) افراز العرق
C) تنظيم قطر الحدقة
D) تنظيم النبض",A,A
,"من أين يتم إفراز الإريثروبويتين؟

A) الكلية
B) الكبد
C) نقي العظم
D) الدم",A,A
,"ما الجزء من الأجسام الضدية من IgG التي يتم قطعها وأخذها في المراكز الحديثة؟

A) الجزء المفرط التغير
B) الجزء المتغير
C) الجزء الذي يرتبط بالمستضيد
D) لا يتم قطع الجسم الضدي ابدا",C,A
,"ما الذي يؤدي إلى نقصان حجم الدفقة بزيادته؟

A) حجم الدم الجائل.
B) معدل دقات القلب.
C) العود الوريدي للقلب.
D) قوة التقلص الأذيني.",B,B
,"ما تدعى الترنجات العشوائية لشدة الإشعاع المترابط المنتشرة انتشاراً متعدداً؟

A) المويجات
B) الانزلاقات
C) البقع
D) A, B",C,C
,"ما هو المسؤول عن إعادة الاستقطاب؟

A) تحول شبكة بوابة الصوديوم من حالة التفعيل إلى حالة التحميل
B) دخول شوارد البوتاسيوم
C) A+C
D) دخول شوارد الصوديوم",C,D
,"ما هي المادة التي تشتق منها الهرمونات الأمينية؟

A) الكولسترول
B) الفالين
C) الفينيل الانين
D) التيروزين",D,D
,"كيف يؤدي التأثير الحاصر غير المباشر تأثيره على الجهاز العصبي المستقل؟

A) تثبيط مستقبلات الناقل العصبي
B) إنقاص فعالية العصبون قبل المشبكي
C) تنبيه إفراز ناقل عصبي مثبط من العصبون قبل المشبكي
D) زيادة نفوذية القنوات في العصبون بعد المشبك لشوارد البوتاسيوم",C,B
,"ما هو الطريق الهندسي الذي يمكن للضوء أن يقطعه في الخلاء مضروبا بقرينة انكسار الوسط؟

A) المسار الهندسي
B) المسار الضوئي
C) مربع المسار الهندسي
D) مربع المسار الضوئي",D,B
,"ما هي الألياف العصبية التي تتميز بالنقل القفزي؟

A) الألياف المغمدة بالنخاعين
B) الألياف المجردة من النخاعين
C) الألياف العارية من النخاعين
D) كل ما سبق صحيح",A,A
,"ما هو الكمون تقريباً عندما يتكون الليف نفوذ لشوارد البوتاسيوم فقط؟

A) سالب 4 ميلي فولط
B) سالب 86 ميلي فولط
C) سالب 90 ميلي فولط
D) سالب 94 ميلي فولط",C,D
,"ماذا ينقص في حال نقص المتناول من الماء؟

A) الضغط الحلولي للبول
B) ADH
C) الضغط الحلولي للمصورة
D) حجم البول",C,D
,"ما هو الجزء الذي يملك فعالية ATPase؟

A) رأس الميوزين
B) ذراع الميوزين
C) جسم الميوزين
D) مناطق الارتباط على جزئ الاكتين",A,A
,"أين يوجد مركز العطش؟

A) الدم
B) الوطاء
C) النخامة الخلفية
D) الكلية",B,B
,"أين يحدث الامتصاص بشكل رئيسي؟

A) معدة
B) أمعاء دقيقة
C) قولون
D) امعاء غليظة",B,B
,"ما هو الناقل العصبي الذي تحرره الألياف قبل العقدية في القسمين الودي ونظير الودي؟

A) النور أدرينالين
B) الأستيل كولين
C) الأدرينالين
D) السوماتوستاتين",B,B
,"ما هو الصوت الذي يسمع عند بدء الانبساط البطيني؟

A) الاول
B) الثاني
C) الثالث
D) الرابع",C,B
,"ما الذي يُنقص الإفراز المعدي؟

A) الغاسترين
B) السكرتين
C) الهيستامين
D) التنبيه نظير الو ّدي",B,B
,"كيف يتم إلغاء التأثير التثبيطي للتروبونين؟

A) الصوديوم
B) المغنزيوم
C) الكالسيوم
D) البوتاسيوم",C,C
,"ما هي الوظائف التي يتآزر فيها القسمين الودّي ونظير الودّي للجهاز العصبي المستقل؟

A) عمل القلب
B) تحرير الشحوم من مخازنها
C) تنظيم إفراز اللعاب
D) مستوى غلوكوز الدم",C,C
,"ماذا يؤدي نقص تركيز الأوكسجين في الأسناخ؟

A) توسيع الأوعية الدموية لهذه الأسناخ.
B) توسيع المصرف الهوائي المؤدي إلى هذه الأسناخ.
C) تقبض الأوعية الدموية لهذه الأسناخ.
D) تضيق المصرف الهوائي المؤدي إلى هذا السنخ.",C,C
,"ما هي الظاهرة التي تحدث عندما تتجمع المراكز المثارة ويستطيع الإشعاع أن ينتشر مرات كثيرة؟

A) الانتثار المتعدد
B) الانتثار الأحادي
C) الانعكاس الكلي الداخلي
D) الانتثار الإحصائي",A,A
,"ما هو المسؤول عن تحفيز تحرر الكالسيوم من الشبكة الهيولية؟

A) التقلص العضلي
B) كامن الفعل
C) بروتين التروبونين
D) الانابيب المستعرضة",D,B
,"ما هي آلية عمل الحاصرات الغير مباشرة في الجهاز العصبي المستقل؟

A) ترتبط بمستقبل الناقل وتثبط فعله
B) تنقص فعالية العصبون قبل المشبكي
C) تحرض األنزيمات المخربة للناقل العصبي
D) تثبط فعالية العصبون بعد المشبكي",B,B
,"ما هو نمط المستقبلات الموجودة في العضو؟

A) تثبيط إفراز اللعاب
B) تقلص المثانة البولية
C) توسع القصبات
D) إرخاء مصرة المثانة",A,D
,"ما الذي يؤدي إلى انخفاض ضغط الدم عند زيادته؟

A) نتاج القلب
B) مقاومة جريان الدم
C) عدد ضربات القلب
D) قطر الاوعية الدموية",D,D
,"ما هي الحالات التي تنقص فيها سرعة موجة النبض؟

A) بازدياد المقوية.
B) بازدياد المرونة.
C) بتناقص المرونة.
D) بتناقص المقوية.",B,B
,"ما هي الخلايا التي تستجيب للعصبونات بعد العقد اللاودية؟

A) الأستيل كولين
B) النورابنفرين
C) الأدرينالين
D) النورابنفرين أو الاستيل كولين",A,A
,"ما هو الجزء من النفرون الكتيم تماماً للماء؟

A) الأنبوب الملفف الداني
B) الجزء النازل من عروة هانله
C) الجزء الصاعد من عروة هانله
D) النبوب الجامع",B,C
,"أين يتم تخرب الكريات الحمر بشكل رئيسي؟

A) الكبد
B) الكلية
C) الطحال
D) المعدة",C,C
,"ما هو العامل الأساسي الذي يحدد ارتباط الخضاب بالأوكسجين؟

A) ضغط الأوكسجين في الدم.
B) نقص الـ PH
C) قيمة VA/Q
D) الوزن الجزيئي للأوكسجين",A,A
,"ما هو العامل الذي تفرزه الكلية ويؤثر في تشكيل الكريات الحمر؟

A) الاريثروبويتين
B) الانترولوكين
C) التروميو موديولين
D) الترومبوبويتين",A,C
,"إلام يؤدي زيحان منحنى تفارق الأكسجين الخضاب نحو اليمين؟

A) نقص النسبة المئوية لإشباع الخضاب بالأكسجين
B) نقص كمية الاكسجين المتحررة إلى النسج
C) زيادة النسبة المئوية إلشباع الخضاب بالأوكسجين
D) نقص كمية ثاني اكسيد الكربون المرتبطة بالخضاب",B,A
,"ما الذي يشكل غمد النخاعين في الجهاز العصبي المركزي؟

A) الخلايا الدبقية قليلة التغصنات
B) الخلايا السيسائية
C) الخلايا النجمية
D) الخلايا الدبقية الصغيرة",A,A
,"ما الذي يثبط إفراز الـ FSH؟

A) التستسترون
B) البروجسترون
C) GNRH
D) كل من A, B",D,B
,"ماذا تمثل الموجة QRS؟

A) عودة استقطاب البطينين
B) زوال استقطاب البطينين
C) عودة استقطاب الأذينين
D) زوال استقطاب الأينتين",B,B
,"ما الذي يعتمد عليه هرمون النمو في تأثيره على الخلية الهدف؟

A) السوماتوستاتين
B) البرولكتين
C) هرمونات الدرق
D) السوماتوميدين",D,D
,"ما الذي يضمن سرعة توصيل كامن الفعل إلى جميع أنحاء الليف العضلي؟

A) القسيم العضلي
B) الاقراص 2
C) الانابيب الطولانية
D) انابيب المستعرضة",C,D
,"ما الذي يسمع بوضوح في الحالة الطبيعية للإنسان؟

A) الصوت الأول فقط
B) الصوتان الأول و الثاني
C) الصوتان الثالث والرابع
D) الاصوات الأول و الثاني ولثالث",B,B
,"ماذا يحدث لمعدل الترشيح الكبيبي عندما يصبح ضغط الدم 100 ممز؟

A) يزداد
B) ينقص
C) يبقي ثابتا
D) يزداد ثم ينقص",B,C
,"ما هو المستوى الذي يعد عليه تنظيم الضغط الشرياني؟

A) الأعضاء
B) الأجهزة
C) العضوية
D) النسيجي",B,B
,"ما الذي يثبط فعالية جهاز الهضم؟

A) تنبيه ضفيرة اورباخ
B) تنبيه ضفيرة مايستر
C) التنبيه الودي
D) التنبيه اللاودي.",C,D
,"ما هي الأسباب التي تُعزى إليها ظاهرة الانتشار الخلفي المترابط؟

A) تموضع قوي
B) تموضع ضعيف
C) ثبات المبدأ
D) لخامة النسيج",B,B
,"ما الذي يحدث مباشرة قبل صوت القلب الثاني؟

A) الموجة P.
B) الموجة QRS.
C) الموجة T.
D) لا شيء مما سبق.",B,C
,"ما هو الأنزيم المعوي الذي يحول مولد التربسين إلى تربسين؟

A) الإنتيروكيناز
B) مالتاز
C) ليباز
D) أمينو بولي ببتيداز",A,A
,"ما هي أهمية التأخير الذي يحدث أثناء مرور كامن الفعل في العقدة الأذينية البطينية؟

A) إنهاء التقلص الأذيني قبل بدء التقلص البطيني.
B) ضمان انتقال الدم من الأذينة إلى البطين.
C) لضمان الحفاظ على نتاج قلبي سوي.
D) كل ما سبق صحيح.",D,D
,"ما هو سبب ظهور طور الهضبة في كامن فعل العضلة القلبية؟

A) دخول شوارد الكالسيوم.
B) دخول شوارد الصوديوم.
C) عدم دخول شوارد البوتاسيوم.
D) ليس أيا مما سبق.",A,A
,"ما الأقنية التي يسبب انتفاحها بطور الهضبة في كمون عمل الليف العضلي القلبي؟

A) الصوديوم
B) الكالسيوم
C) البوتاسيوم
D) الكلور",B,B
,"ما هو المخطط الذي عبارة عن صندوق ذو قرنين ممتدين بشكل موازي للمحور الشاقولي الذي تتوزع عليه القياسات؟

A) المخطط الصندوقي
B) مخطط الدائرة
C) مخطط الساق والورقة
D) مخطط الانتشار",A,A
,"ما هو المقياس الذي يسمح بترتيب السمات دون اعتبار لتساوي الفروق بين أي رتبتين؟

A) الرتبي
B) الفتروي
C) النسبي
D) الاسمي",A,A
,"ماذا يعني أن تكون قيمة معامل الارتباط تساوي −0.92؟

A) وجود علاقة طردية قوية
B) وجود علاقة عكسية قوية
C) وجود علاقة طردية ضعيفة
D) وجود علاقة عكسية ضعيفة",B,B
,"ما هي مصادر البيانات السكانية؟

A) التعداد
B) مسوح العينة
C) التعداد ومسوح العينة والسجلات السكانية
D) السجلات السكانية",C,C
,"ماذا نحصل عليه بعد تحديد مجتمع الدراسة والعينة وقياس قيم المتغير على أفراد العينة؟

A) البيانات الخام
B) البيانات المنظمة
C) البيانات الكمية
D) البيانات الاسمية",A,A
,"ما هو نوع المتغير الذي يمثله عدد الكريات الحمر؟

A) نوعي
B) عشوائي مستمر
C) عشوائي منفصل
D) رتبي",C,C
,"ما هو المقياس الذي تكون فيه قيمة الصفر نسبية وليست مطلقة؟

A) المقياس الفتروي
B) المقياس النسبي
C) المقياس الرتبي
D) المقياس الاسمي",A,A
,"ما هو مخطط تنظيم البيانات الذي يشبه أسلوب الجداول التكرارية والأعمدة؟

A) المخطط الصندوقي
B) مخطط الساق والورقة
C) مخطط الدائرة
D) مخطط الانتشار",B,B
,"ما هو التوقع الرياضي للعدد الثابت؟

A) ضعف العدد الثابت المحدد
B) العدد الثابت ذاته
C) الصفر
D) لا شيء مما ذكر صحيح",B,B
,"ما هو التوزيع المستخدم من أجل اختبار الفروض حول معامل الارتباط الخطي؟

A) معياري طبيعي
B) ستيودنت بدرجة حرية n-1
C) ستيودنت بدرجة حرية n-2
D) كاي مربع بدرجة حرية n-2",C,C
,"ما هو الإحصاء الذي يسعى لعرض وتوضيح سلوك الظاهرة؟

A) إحصاء وصفي
B) إحصاء استنتاجي
C) إحصاء استدلالي
D) Inferential Statistics",A,A
,"ما هو الغرض الرئيسي من حساب معامل الارتباط الخطي؟

A) التنبؤ بقيم أحد المتغيرين عن طريق المتغير الآخر
B) قياس قوة العلاقة الخطية بين متغيرين
C) التمثيل البياني لكل متغير من المتغيرات المدروسة
D) كل ما سبق غير صحيح",B,B
,"ما هو الخط المنكسر الذي يصل النقاط التي فواصلها مراكز الفئات وترتيبها تكرارات الفئات؟

A) المنحني التكراري
B) المضلع التكراري
C) المدرج التكراري
D) التمثيل الدائري",B,B
,"من أين نحصل على المصادر الداخلية لجمع البيانات؟

A) داخل الشركة أو المؤسسة
B) الدولة
C) المنظمات الدولية
D) لا شيء مما سبق",A,A
,"ما هو الإحصاء؟

A) أي دالة في العينة
B) أي دالة في العينة لا تتبع وسيط مجهول
C) أي دالة في العينة تتبع أي وسيط
D) أي تركيب خطي في العينة والوسيط",B,B
,"ماذا يحتسب اليوم إذا قُبل المريض في يوم وتخرج في نفس اليوم؟

A) دخول
B) خروج
C) مدة استشفاء
D) غير ذلك",A,C
,"ما هي طريقة جمع البيانات التي تتناسب مع الأطفال؟

A) التجربة
B) المقابلة
C) التسجيل
D) الملاحظة",D,D
,"ما هي الدراسات التي بحكم الميدان تنفيذ العمل وجمع البيانات؟

A) الدراسات الكمية
B) الدراسات الكيفية
C) الدراسات السريعة
D) الدراسات الدقيقة",B,B
,"ما هو الغرض من استخدام الجداول التكرارية؟

A) البيانات الوصفية
B) البيانات الكمية
C) البيانات الوصفية والكمية
D) لا يوجد شيء اسمه جداول تكرارية",C,C
,"ما هما نوعا البيانات الموجودان؟

A) كمية ووصفية
B) رسمية وكمية
C) رسمية وغير رسمية
D) اسمية وغير رسمية",A,A
,"ما الذي تعطينا إياه دالة التوزيع الاحتمالي المتجمع؟

A) احتمال أن يأخذ متغير عشوائي X قيمة محددة
B) احتمال ان ياخد المتغير العشوائى x قيمه اكبر من قيمه محدده
C) احتمال ان ياخد المتغير العشوائى x قيمه اقل او تساوى قيمه محددة
D) كل ما ذكر صحيح",C,C
,"كل متى يتكرر التعداد السكاني عادة؟

A) خمسة أعوام
B) عشرة أعوام
C) خمسة عشر عاماً
D) غير ذلك",B,B
,"ما هو الفارق في عدد السكان بين تعدادين متعاقبين تفصلهما فترة معينة كعشر سنوات؟

A) التغير المطلق
B) التغير النسبي
C) التغير الأعظمي
D) التغير الحجمي",A,A
,"ما هو المسجل الذي يهدف إلى تجميع المعلومات عن المرضى؟

A) السجلات الدوائية
B) سجلات الموتى
C) السجلات الإحصائية
D) السجلات الطبية",D,D
,"ما هي من أقدم الطرق المستخدمة لجمع البيانات لمراقبة الكثير من الظواهر لا سيما التي يصعب السؤال عنها؟

A) الملاحظة أو المشاهدة
B) البريد
C) التجربة
D) الهاتف المحمول",A,A
,"ما هو المقياس المستخدم لوصف حالة التدخين (مدخن - غير مدخن)؟

A) الاسمي
B) الرتبي
C) الفتروي
D) النسي",A,A
,"ما هي الطريقة التي يتم بها الحصول على بيانات تتعلق بضغط الدم وسرعة نبضات القلب ونسبة الكوليسترول في الدم لعينة من المرضى خلال فترة أسبوع؟

A) البريد
B) التسجيل
C) استخدام الإنترنت
D) الهواتف المحمولة",B,B
,"ما هي وظائف السجلات الطبية؟

A) معرفة تعداد السكان .
B) اختبار الفرضيات .
C) ترميز الامراض والعمليات .
D) كل ما سبق .",D,C
,"ما هو المقياس الذي يمكن استخدام الطرق الإحصائية الوسيطية فيه؟

A) الرتبي
B) النسبي
C) الاسمي
D) الفتروي",A,B
,"ما هو التوزيع الذي يتبعه مربع المتغير العشوائي Z² إذا كان للمتغير العشوائي Z توزيع طبيعي معياري؟

A) توزيع كاي مربع بدرجة حرية واحدة
B) توزيع كاي مربع بدرجتي حرية
C) توزيع طبيعي معياري
D) كل ما ذكر غير صحيح",A,A
,"ما هي المنظمة التي وضعت التصنيف الدولي للأمراض؟

A) اليونيسيف .
B) الاونروا .
C) منظمة الصحة العالمية .
D) صندوق النقد الدولي.",C,C
,"ما هي الجهة المسؤولة عن السجلات الطبية؟

A) قسم الاستقبال في المشفى
B) قسم الممرضين بالمشفى
C) قسم السجلات الطبية في المشفى
D) قسم التسويق",C,C
,"ما هو التوقع الرياضي لمتحول عشوائي يخضع لتوزيع برنولي؟

A) Np
B) Npq
C) P
D) Q",A,C
,"ما هو التصنيف الدولي للأمراض؟

A) ثلاثة أجزاء .
B) جزء واحد .
C) أربعة أجزاء.
D) خمس اجزاء .",C,A
,"ما هو المستقيم الذي يكون منحنى التوزيع الطبيعي المعياري مناظراً حوله؟

A) x=0
B) Y=0
C) Z=0
D) كل ما سبق خطأ",A,A
,"ما هي أيام الخدمة الإجمالية للمرضى الداخليين؟

A) عدد الأيام التي تلقى فيها الرعاية من المشفى
B) مجموع خدمة جميع المرضى الداخليين خلال مدة معينة
C) الحالة التي أطلقت سلسلة الاحداث التي أدت للوفاة
D) حساب عدد المرضى الداخليين",B,B
,"ما هي قيمة معامل التجديد؟

A) مربع معامل الارتباط الخطي
B) الجذر التربيعي لمعامل الارتباط الخطي
C) ضعفي معامل الارتباط الخطي
D) قيمة ميل مستقيم الانحدار",B,A
,"ما هي وحدة المعاينة؟

A) طريقة أخذ العينة
B) مجموعة عناصر من العينة
C) عنصر من العينة
D) إطار العينة",C,C
,"ما هو الجدول التكراري الذي يضم عدد البيانات في فئة معينة وكل الفئات التي تسبقها؟

A) تكرار المجتمع الهابط
B) تكرار المجتمع الصاعد
C) تكرار المجتمع الطبقي
D) تكرار المجتمع التسلسلي",A,B
,"ما هو معدل الوفيات في المشفى؟

A) حساب عدد المرضى الداخلين في زمن معين
B) عدد الأيام التي تلقى فيها المريض الرعاية في المشفى
C) عدد الوفيات خلال فترة زمنية محددة على عدد المتخرجين والوفيات في نفس الفترة مضروب بـ 100
D) حساب عدد المرضى المتخرجين في زمن معين",C,C
,"ما هو متوسط التوزيع الاحتمالي في تجربة رمي قطعة نقود 3 مرات متتالية حيث x تدل على عدد ظهور H؟

A) 1.5
B) 2025-07-08 0:00:00
C) 3
D) 0.75",A,A
,"ما هو المجتمع الإحصائي (الجمهرة)؟

A) مأخوذة من العينة
B) مأخوذة من بيانات كيفية فقط
C) التي تشترك فيما بينها ببعض الخواص والمميزات
D) التي لا تشترك فيما بينها ببعض الخواص والمميزات",C,C
,"ما هو الرسم البياني الذي يتكون من مجموعة من الأعمدة المتجاورة المقامة على المحور الأفقي الذي تمثل عليه حالات الصفة المدروسة عندما تكون البيانات وصفية وفترات الفئات عندما تكون البيانات كمية ويساوي ارتفاع كل عمود تكرارات الفئة المقام عليها؟

A) المضلع التكراري
B) المدرج التكراري
C) المنحني التكراري
D) B+C",B,B
,"ما هي طريقة جمع البيانات التي من أمثلتها قياس شدة تأثير نوع من الهرمونات في مجموعة من الفئران؟

A) التجربة
B) التسجيل
C) البريد
D) الانترنيت",A,A
,"ما نوع المتغير الذي يمثله طول شخص بالغ وقياس السكر في الدم؟

A) عشوائي منفصل
B) عشوائي اسمي
C) عشوائي مستمر
D) غير ذلك",C,C
,"متى يكون المجتمع غير متجانس في العينة غير العشوائية؟

A) المصادفة
B) العمدية
C) الحصصية
D) القصدية",C,C
,"ما الذي يعتمد عليه توزيع ستيودنت؟

A) المتوسط
B) الانحراف المعياري
C) التباين
D) درجة الحرية",D,D
,"ما هي محتويات السجل الطبي؟

A) صفحة السجل المهني
B) صفحة الموافقة على العلاج
C) السيرة الذاتية
D) العلاقة بين المرضى",B,B
,"ما هو التصنيف الدولي للأمراض وما الغرض من الرموز والأرقام المستخدمة فيه؟

A) عن الظواهر الطبيعية .
B) عن الامراض .
C) عن المرضى .
D) ليس مما سبق .",B,B
,"ما نوع العينة التي نسحبها إذا كنا أمام مجتمع غير متجانس؟

A) بسيطة
B) حصصية
C) طبقية
D) منتظمة",C,C
,"ما هو الغرض من استخدام الجداول التكرارية في عرض البيانات؟

A) الاسمية
B) الكمية
C) الكمية والاسمية
D) لا الكمية ولا الاسمية",C,C
,"ما هي الطريقة التي يتم بها الحصول على بيانات تتعلق بضغط الدم ونسبة الكوليسترول بالدم لعينة من المرضى خلال فترة زمنية معينة؟

A) البريد
B) التسجيل
C) الإنترنت
D) الملاحظة أو المشاهدة",B,D
,"ما هي أعلى مستويات القياس؟

A) المقياس الاسمي
B) المقياس الفتروي
C) المقياس الرتبي
D) المقياس النسبي",D,C
,"ما هو الهدف من تغيير الطرائق في الدراسات بالنسبة للبيانات؟

A) واضحة
B) أكثر من المطلوب
C) أقل من المطلوب
D) أفضل دقة ممكنة",D,D
,"ما هي طريقة جمع البيانات التي تمتاز بالتكلفة العالية؟

A) الملاحظة
B) البريد
C) المقابلة الشخصية
D) الهواتف المحمولة",C,C
,"ما هو الفارق في عدد السكان بين تعدادين متعاقبين تفصلهما فترة معينة كعشر سنوات؟

A) التغير النسبي
B) التغير المطلق
C) التغير الاعظمي
D) التغير الحجمي",B,B
,"ما هو الجزء من الإحصاء الذي يعنى بوصف طبيعة وسلوك الظاهرة المدروسة وعرضها؟

A) الإحصاء الاستنتاجي
B) الإحصاء الوصفي
C) اختبار الفرضيات
D) كل ما سبق صحيح",B,B
,"ما هي الفئة التي تشكل قاعدة الهرم السكاني؟

A) الأطفال
B) الشباب
C) اليفع
D) ما فوق 60",A,A
,"ما هي فرضية العدم لاختبار الفرضيات حول معامل الارتباط الخطي لبيرسون؟

A) قيمة معامل ارتباط المجتمع تساوي الصفر
B) العلاقة طردية
C) العلاقة عكسية
D) قيمة معامل ارتباط المجتمع تساوي واحد",A,A
,"ما هو التكرار المتجمع الهابط لفئة معينة؟

A) عدد البيانات المتضمنة في الفئة والفئات التي تسبقها
B) عدد البيانات في الفئة والفئات التي تليها
C) متوسط عدد البيانات للفئتين السابقة واللاحقة
D) لها مجموع عدد البيانات للفئات السابقة",B,B
,"ما هو التوزيع الذي تتبعه التجربة الثنائية الوحيدة؟

A) البرنولي
B) البواسوني
C) الحداني
D) الطبيعي",A,A
,"ما هو نتاج العوامل المؤثرة في النمو السكاني من مواليد ووفيات وهجرة؟

A) التركيب الاجتماعي
B) التركيب النوعي
C) التركيب العمري
D) غير ذلك",A,C
,"ما هو المقياس المستخدم لقياس خضاب الدم؟

A) الاسمي
B) الرتبي
C) الفتروي
D) النسبي",D,D
,"ما هو نوع المصدر الذي تمثله البيانات التي نحصل عليها من الشركة أو المؤسسة من واقع مستنداتها وسجلاتها وفواتيرها وتقاريرها الدورية؟

A) داخلي
B) خارجي
C) معلن
D) منشور",A,A
,"ما هي الجهة المسؤولة عن السجلات الطبية؟

A) وزارة الصحه فى البلد
B) مديريه الصحه فى المحافظه
C) قسم السجلات الطبيه فى المشفى
D) الاطباء والممرضون",C,C
,"ما هو نوع الإحصاء الذي يتضمن جمع البيانات وتنظيمها وتوصيفها وتبويبها وتلخيصها؟

A) الوصفي
B) الاستنتاجي
C) الاستدلالي
D) A+B",A,A
,"ما نوع العينة التي تمثلها مجموعة من المرضى الذين يراجعون طبيباً معيناً عندما يجري عليهم دراسة؟

A) حصصية
B) مصادفة
C) قصدية
D) عنقودية",A,B
,"ما نوع العلاقة إذا كانت قيمة بيرسون R=0.92؟

A) طردية قوية
B) عكسية موجبة
C) طردية متوسطة
D) موجبة ضعيفة",A,A
,"ما هي وحدة المعاينة؟

A) طريقة أخذ العينة
B) مجموعة عناصر من العينة
C) عنصر من العينة
D) إطار العينة",C,C
,"ما هي الطريقة التي يتم بها الحصول على بيانات تتعلق بضغط الدم وسرعة نبضات القلب ونسبة الكولسترول في الدم لعينة من المرضى خلال فترة أسبوع؟

A) البريد
B) التسجيل
C) استخدام الإنترنت
D) الملاحظة أو المشاهدة",B,D
,"ما نوع الارتباط بين المتغير العشوائي X والمتغير التابع Y إذا كان تزايد X يؤدي إلى تزايد Y؟

A) سلبي
B) عكسي
C) إيجابي
D) كل ما سبق",C,C
,"ماذا تعبر عنه العبارة ""احتمال أي حدث لا يزيد عن الواحد""؟

A) شرط المتغير العشوائي
B) المسلمة الاحتمالية
C) A+B
D) غير ذلك",B,B
,"ما تسمى الظاهرة التي يحدث فيها انحدار معدل أطوال الأبناء من معامل المجتمع؟

A) الانحدار نحو المعدل
B) ارتباط
C) تحديد
D) كل ما سبق صحيح",A,A
,"ما هي التقديرات التي تستخدم لتقدير نسبة النجاح لمجتمع؟

A) المجالي
B) مجالات الثقة
C) التقدير النقطي
D) كل ما سبق خطأ",B,C
,"ما نوع المتغير العشوائي الذي يدل على عدد القذفات عند قذف قطعة نقود حتى يظهر الوجه H للمرة الأولى؟

A) متقطع قيمة الاعداد الطبيعية
B) متصل قيمة الاعداد الطبيعية
C) منفصل قيمة الاعداد الحقيقية
D) مستمر قيمة الاعداد الحقيقية",A,A
,"ما هو متوسط عدد الأطفال الذي يمكن أن تنجبهم المرأة أحياء إذا أمضت حياتها منذ ميلادها بما يتماشى مع معدلات الخصوبة العمرية في سنة معينة؟

A) معدل الخصوبة العام
B) معدل الخصوبة الصافي
C) معدل الخصوبة الكلية
D) معدل المواليد الخام",B,C
,"ما هي الطريقة التي تمكننا من مراقبة رد الفعل على بعض الأسئلة والحصول على إجابات دقيقة؟

A) التجربة
B) المواجهة
C) البريد
D) التسجيل",A,B
,"ما هو نوع البيانات المستخدمة لإنشاء الجدول التكراري؟

A) كمية
B) وصفية
C) رتبية
D) كمية و وصفية",B,D
,"ما هي طبيعة الأفراد أو العناصر التي تشكل المجتمع الإحصائي؟

A) التي تشترك فيما بينها ببعض الخواص والمميزات
B) التي لا تشترك فيما بينها ببعض الخواص والمميزات
C) مأخوذة من العينة
D) مأخوذة من بيانات كيفية فقط",A,A
,"ما هو عدد الكريات الحمر في الجسم؟

A) نوعي
B) عشوائي منفصل
C) عشوائي مستمر
D) رتبي",A,B
,"ما هو معدل وفيات الأمهات الذي يحسب بقسمة عدد الوفيات لدى النساء الحوامل التي حدثت أثناء الحمل أو الولادة أو النفاس على عدد المواليد الأحياء خلال نفس السنة مضروباً في 100000؟

A) معدل الوفيات الخام
B) معدل الوفيات النوعي للعمر
C) معدل وفيات الرضع
D) معدل وفيات الأمهات",D,D
,"ما هي المعدلات التي يكون تركيزها على معدلات الخصوبة لفئة معينة من العمر لغرض المقارنة على امتداد زمن ما ودراسة الفروق في ظاهرة الخصوبة بمختلف الأعمار؟

A) معدل الخصوبة العمري
B) معدل المواليد العام
C) معدل الوفيات العام
D) معدل الخصوبة الخام",A,A
,"ما هي العلاقة بين المتغيرين عندما يؤدي تزايد المتغير العشوائي x إلى تناقص المتغير التابع y؟

A) سلبي
B) إيجابي
C) معدوم
D) كل ما سبق خطأ",A,A
,"ما هو المقياس المستخدم لوصف حالة التدخين (مدخن / غير مدخن)؟

A) مقياس اسمي
B) مقياس رتبي
C) مقياس فتروي
D) مقياس نسبي",A,A
,"ما هي الشروط التي يجب توفرها في مجموعة من المتغيرات العشوائية لتشكل عينة عشوائية؟

A) مرتبطة ولها قانون التوزبع نفسه
B) مستقلة ولها قانون التوزيع نفسه
C) متنافية ولها قانون التوزيع نفسه
D) مستقلة ولكل منها قانون توزيعه الخاص",B,B
,"ما هو المستوى الذي يمكن حساب فيه المتوسطات والانحرافات المعيارية ومقاييس العلاقة الخطية؟

A) الرتبي
B) الإسمي
C) العنقودي
D) كل ما سبق",C,C
,"كم يتراوح عدد الفئات غالباً؟

A) بين 5 و15 فئة
B) بين 15 و25 فئة
C) 5 فئات حصرا
D) كل ما سبق خاطئ",A,A
,"ما هي فرضية العدم لاختبار الفرضيات حول معامل الارتباط الخطي لبيرسون؟

A) العلاقة طردية
B) قيمة معامل ارتباط المجتمع تساوي الصفر
C) العلاقة عكسية
D) قيمة معامل الارتباط المجتمع تساوي الواحد",B,B
,"ما هو معدل الوفيات الخام؟

A) عدد الوفيات لكل الف من الرجال في سنة معينة
B) عدد الوفيات لكل الف من السكان في سنة معينة
C) عدد الوفيات لكل الف من النساء في فئة عمرية
D) نسبة عدد الوفيات الى عدد الولادات",B,B
,"ما هي الجهة المسؤولة عن السجلات الطبية؟

A) وزارة الصحة في البلد
B) مديرية الصحة في المحافظة
C) قسم السجلات الطبية في المستشفى
D) الأطباء والممرضين",C,C
,"ما هو الغرض من استخدام مخطط الانتشار في الدراسة الإحصائية بين خاصتين؟

A) متغيرين
B) متغير واحد
C) عدة متغيرات
D) غير ذلك",A,A
,"ما هو التوقع الرياضي لمجموع متغيرين عشوائيين؟

A) جداء التوقعين الرياضيين للمتغيرين العشوائيين
B) مجموع التوقعين الرياضيين للمتغيرين العشوائيين
C) الفرق بين التوقعين الرياضيين للمتغيرين العشوائيين
D) لا شيء مما ذكر صحيح",B,B
,"ما هو التكرار المتجمع الصاعد لفئة معينة؟

A) عدد البيانات المتضمنة في الفئة والفئات التي تسبقها
B) عدد البيانات في الفئة والفئات التي تليها
C) متوسط عدد البيانات للفئتين السابقة واللاحقة لها
D) مجموع عدد البيانات للفئات السابقة لها",A,A
,"ما هي المنطقة التي تتألف من قيم دالة الاختبار قليلة الاحتمال عندما Ho صحيحة؟

A) منطقة القبول
B) منطقة الرفض
C) المنطقة الأكيدة
D) منطقة العمل",A,B
,"ما هو المجتمع الإحصائي؟

A) التي تشترك فيما بينها ببعض الخواص والميزات
B) التي لا تشترك فيما بينها ببعض الخواص والميزات
C) مأخوذة من العينة
D) مأخوذة من بيانات كيفية فقط",A,A
,"ما الذي يقوم عليه الإحصاء الاستنتاجي؟

A) استخدام المؤشرات الإحصائية
B) على اتخاذ القرارات والتنبؤ والاستقرار والاستدلال
C) وصف طبيعة الظاهرة المدروسة
D) كل ما سبق خطأ",B,B
,"ما هي الجهة التي تصدر التصنيف الدولي للأمراض؟

A) منظمة الصحة العالمية
B) وزارة الصحة
C) مديرية الصحة
D) منظمة الأغذية العالمية",,A
,"ما الذي تختلف تبعاً له دلالات قيم المتغيرات العشوائية؟

A) طبيعة العينة المعرفة عليها
B) المتغير نفسه الذي يعبر عن الظاهرة المدروسة
C) نوعية المقياس المستخدم
D) A+B",C,C
,"ما هي الطريقة التي تستخدم فيها بعض التقنيات الإلكترونية للمراقبة والعد وتسجيل الملاحظات؟

A) التسجيل
B) التجربة
C) البريد
D) المقابلة",A,A
,"ما الذي يحدد زمن حفظ السجلات الطبية؟

A) خمس سنوات
B) عشر سنوات
C) حسب الأسس المتبعة محليا في كل بلد
D) حسب الأسس التي تحددها منظمة الصحة العالمية",C,C
,"ما هو التوزيع الذي يتبعه مجموع متغيرات عينة عشوائية حجمها n من توزيع برنولي بالوسيط P؟

A) البرنولي
B) الثنائي
C) الطبيعي
D) الأسي",B,B
,"ما هي مجموعة قيم المتغير العشوائي x الذي يدل على عدد أخوات طالب ما؟

A) حقيقي موجب
B) صحيح موجب
C) صحيح
D) طبيعي",C,B
,"ما هو معدل المواليد الخام؟

A) عدد المواليد الاحياء في سنة معينة
B) عدد المواليد الاحياء لكل ألف من السكان في سنة معينة
C) عدد المواليد الاحياء لكل ألف من النساء في سنة معينة
D) عدد المواليد الاحياء لكل ألف من النساء المتزوجات في سنة معينة",B,B
,"ما هي الفئة العمرية المهمة جداً من الناحية الصحية والتنموية؟

A) فئة اليفع
B) فئة الأطفال
C) فئة المسنين
D) فئة الشباب",B,B
,"ما هي الطريقة التي تمتاز بوصول الإجابات خلال وقت قصير وتتميز ببساطتها وقلة تكاليفها وسرعتها؟

A) البريد
B) استخدام الانترنيت والمواقع الاجتماعية
C) المواجهة الشخصية
D) الاتصالات الهاتفية",B,B
,"ما هو المخطط الذي يساعد بدراسة العلاقة بين متغيرين وطبيعتها؟

A) مخطط الفطيرة
B) مخطط الصندوق
C) مخطط الساق والورقة
D) مخطط الانتشار",D,D
,"ما الذي يحدد زمن حفظ السجلات الطبية في المشفى؟

A) ثلاث شهور
B) حسب رغبة المريض
C) بناء على الأسس المتبعة محلياً في كل بلد
D) حسب خدمات المشفى",C,C
,"ما هو التوزيع الذي يستخدم في اختبار الفرضيات حول ميل خط الانحدار؟

A) ستيودنت
B) كاي مربع
C) فيشر
D) برنولي",A,A
,"ما هي أسباب تفضيل أسلوب العينة على أسلوب الحصر الشامل؟

A) صعوبة حصر افراد المجتمع
B) العينات تزيد التكلفة والجهد والزمن
C) واسعة الإمكانات لإجراء الحصر الشامل .
D) طريقة الحصر الشامل سهلة على الرغم من وقتها",A,A
,"ما هو السجل الذي يهدف إلى تجميع المعلومات عن المريض؟

A) السجلات الدوائية .
B) السجلات المدنية .
C) السجلات الإحصائية .
D) السجلات الطبية .",D,D
,"ما هو نوع التوزيع الإحصائي إذا علمت أن احتمال شفاء مريض مصاب بالزكام خلال أسبوع دون اللجوء للطبيب هو 0.6 وكان لدينا 10 مرضى بالزكام ولم يراجعوا الطبيب؟

A) برنولي
B) حداني
C) بواسوني
D) أسي",A,B
,"ما هو الشريان الذي ينزف غالباً من قرحة اثني عشرية؟

A) المعدي الأيسر.
B) المعدي العفجي.
C) المعدي الاكليلي الأيسر.
D) المعدي الاكليلي الأيمن.
E) الحجابي السفلي.",B,B
,"ما هي الأورام التي تعالج في القسم البعيد للمعدة؟

A) 1. علاج محافظ دوائي.
B) 2. اجراء قطع معدة جزئي بيلروث II.
C) 3. اجراء قطع معدة تام.
D) 4. كل ما سبق صحيح.
E) 5. كل ما سبق خطأ.",D,D
,"ما هو التشخيص للآفة التي قد تسبب فقراً دموياً والنزف الحاد منها غير شائع والتي تم اكتشافها بالتنظير الهضمي العلوي لرجل عمره 55 سنة؟

A) قرحة معدية.
B) سرطانة معدية.
C) قرحة عفجية.
D) دوالي مريئية.
E) تسحجات معدية.",B,B
,"ما هي الخطوة الأولى الأهم في تدبير مريض يبلغ من العمر 32 سنة أتى لقسم الطوارئ بقصة إقياء لكميات كبيرة من الدم الأحمر القاني؟

A) القصة السريرية والفحص السريري.
B) تحديد عيار الخضاب
C) إنعاش بالسوائل.
D) وضع أنبوب أنفي معدي.
E) اجراء تنظير هضمي علوي اسعافي.",C,C
,"ما هو التشخيص المحتمل لمريضة تبلغ من العمر 45 سنة تشكو من ألم في ثديها الأيسر لمدة أسبوعين مع وجود خيط يشبه الحبل مؤلم وأودة بارزة فوقه بالفحص السريري؟

A) ورم ورقي.
B) غدوم ليفي.
C) سرطان ثدي.
D) داء
E) داء باجيت.",B,D
,"ما هو التشخيص المحتمل لمريضة تبلغ من العمر 40 عاماً من أصول آسيوية وصلت إلى بريطانيا تشكو من كتلة غير مؤلمة في ثديها الأيمن منذ عدة أشهر مع نز الخراج في إبطها الأيمن الذي يشفى ويعاود من جديد؟

A) سرطان ثدي التهابي.
B) سل ثدي.
C) داء باجيت.
D) غدوم ليفي.
E) أكزيما في الثدي.",B,B
,"ما هو التشخيص المحتمل لمريضة تبلغ من العمر 25 سنة راجعت بكتلة شاهدتها صدفة منذ 3 أسابيع في ثديها الأيسر ويمكن تحريك الكتلة من قبل المريضة ضمن نسيج الثدي؟

A) سرطان ثدي التهابي.
B) سل ثدي.
C) داء باجيت.
D) غدوم ليفي.
E) أكزيما في الثدي.",D,D
,"ما هو التشخيص المحتمل لمريضة تبلغ من العمر 50 عاماً تعاني من ألم واحمرار في الثدي الأيمن منذ شهر وقد عولجت بالصادات لمدة أسبوعين دون تحسن وازدادت الحالة سوءاً؟

A) غدوم ليفي.
B) داء باجيت.
C) سرطان التهابي.
D) خراج ثدي.
E) أكزيما.",C,C
,"ما هو التشخيص المحتمل لمريضة مسنة مشخص لديها سابقاً داء هاشيموتو وتراجع بعقدة قاسية غير منتظمة في الفص الدرقي الأيمن؟

A) سرطان لبي.
B) سرطان جريبي.
C) لمفوما.
D) سرطان غير مصنع.
E) سرطان حليمي.",A,C
,"ما هو التشخيص المحتمل لطفل يبلغ من العمر 12 سنة يراجع بعقدة درقية مع ضخامة عقد لمفية ناحية؟

A) سرطان لبي.
B) سرطان جريبي.
C) المفوما.
D) سرطان حليمي.
E) سرطان غير مصنع.",B,D
,"ما هو التشخيص المحتمل لمريضة في منتصف العمر تعاني من سلعة درقية لفترة طويلة مع تضخم الفص الأيمن أكبر من الأيسر وهي سريرياً في حالة سواء درقي؟

A) عقدة درقية سليمة.
B) داء غريف.
C) سلعة متعددة العقد.
D) سرطان حليمي.
E) سرطان جريبي.",A,C
,"ما هو التشخيص الأكثر احتمالاً لفتاة في الربيع الخامس تشكو من عسرة تنفس مع وجود كتلة في جوف الفم بقطر 3 سم على الخط الناصف وعلى مؤخرة اللسان؟

A) لوزة لسانية.
B) درق لسانية.
C) جسم أجنبي علق باللسان.
D) Dermoid
E) وذمة عصبية وعائية.",B,B
,"ما هو العلاج غير المرغوب به في حالة شابة في ربيعها الأربعين تشكو من نقص وزن مع خفقان وجحوظ في العينين مع وجود سلعة درقية متوسطة الحجم منتشرة ومتجانسة وفرط نشاط درق بدني؟

A) إعطاء الميتيمازول Methimazoli
B) إعطاء محلول اللوغول Lugols iodine
C) المعالجة الشعاعية باليود I 131
D) استئصال الدرق التام.
E) الستيروئيدات.",C,C
,"ما هو الإجراء الأول الذي يجب إجراؤه قبل عملية sleeve gastrectomy لمريض البدانة الذي لديه BMI يساوي 40؟

A) استشارة طبيب تغذية.
B) الحصول على موافقة المريض.
C) اجراء التحاليل الدموية اللازمة.
D) تحول المريض لطبيب نفسي.",A,B
,"ما هو الإجراء الأول الذي يجب إجراؤه قبل عملية Sleeve gastrectomy لمريض البدانة الذي لديه BMI يساوي 40؟

A) استشارة طبيب التغذية.
B) تحويل المريض لطبيب نفسي.
C) الحصول على موافقة المريض.
D) إجراء التحاليل الدموية اللازمة.",A,C
,"ما هو التشخيص المحتمل لمريض عمره 25 سنة يعاني من عدم ارتياح عام ونقصان في الوزن وترفع حروري وبراز ملطخ بالدم على نحو متقطع خلال الست أسابيع الأخيرة بعد عودته من شبه القارة الهندية حيث عمل هناك لمدة ستة أشهر، مع وجود كبدية ومضض في الربع العلوي الأيمن وإيكو يظهر جوفا ناقص الصدى في الفص الكبدي الأيمن ذو حوا

A) خراجة كبدية قيحية.
B) خراجة كبدية زحارية.
C) كيسة مائية كبدية.
D) التهاب كبد فيرسي.",B,B
,"ما هو التشخيص المحتمل لمريض عمره 50 سنة يعاني من أصمية حديثة وألم في الربع العلوي الأيمن لمدة 3-4 أشهر مع فحص سريري سلبي ووظائف كبد طبيعية وتنظير هضمي علوي طبيعي بينما أظهر الإيكو وجود آفة كيسية وحيدة تبلغ 6 سم؟

A) متلازمة بود شياري.
B) التهاب الطرق الصفراوية المصلب البدئي.
C) عداء كارولي.
D) داء كيسي بسيط",D,D
,"ما هو التشخيص المحتمل لمريضة تبلغ من العمر 30 سنة تعاني من ألم مستمر في الربع العلوي الأيمن من البطن مع إقياء وارتفاع حرارة وإيجابية علامة مورفي؟

A) تقيح مرارة.
B) التهاب مرارة حاد.
C) قيلة مخاطية في المرارة.
D) التهاب بريتوان تالي لانثقاب مرارة.
E) خزل معوي بسبب حصاة مرارية.",B,B
,"ما هو التشخيص المحتمل لمريض يبلغ من العمر 60 سنة لديه سابقة حصيات مرارية يراجع بقصة ألم بطني شديد ومستمر لمدة 6 ساعات وبالفحص السريري كان المريض غير مرتاح ومصدوم مع انتفاخ البطن ومضض راجع معممين؟

A) تقيح مرارة.
B) التهاب مرارة حاد.
C) قيلة مخاطية في المرارة.
D) التهاب بريتوان تالي لانثقاب مرارة.
E) خزل معوي بسبب حصاة مرارية.",D,D
,"ما هو التشخيص المحتمل لمريض يبلغ من العمر 56 سنة يعاني من ألم شديد في أعلى البطن منذ أسبوع مع حمى متقطعة وعدم راحة شديدة مع وجود علامات لتخريش بريتواني في الربع العلوي الأيمن مع جس كتلة؟

A) تقيح مرارة.
B) التهاب مرارة حاد.
C) قيلة مخاطية في المرارة.
D) التهاب بريتوان تالي لانثقاب مرارة.
E) خزل معوي بسبب حصاة مرارية.",D,A
,"ما هو التشخيص المحتمل لمريض يبلغ من العمر 60 سنة يراجع بقصة ألم بطني ويرقان وحرارة مع عروءات؟

A) تقيح مرارة.
B) التهاب مرارة حاد.
C) قيلة مخاطية في المرارة.
D) التهاب طرق صفراوية صاعد.
E) خزل معوي بسبب حصاة مرارية.",A,D
,"ما هو التشخيص المحتمل لمريضة تبلغ من العمر 40 سنة عولجت لالتهاب مرارة حاد حيث لوحظ وجود مرارة مجسوسة غير ممضة، لم يكن هناك ترفع حروري وكانت المريضة بشكل عام بصحة جيدة؟

A) تقيح مرارة.
B) التهاب مرارة حاد.
C) قيلة مخاطية في المرارة.
D) خزل معوي بسبب حصاة مرارية.",C,C
,"ما هو التشخيص المحتمل لمريض عمره 80 سنة لديه تصبغ جلدي ملحوظ ونسيج ندبي ولديه ندبات بطنية لاستئصال كظر ثنائي الجانب؟

A) فرط تصنع كظر خلقي.
B) داء أديسون.
C) متلازمة نيلسون.
D) نزف في الغدة الكظرية.",B,C
,"ما هو التشخيص المحتمل لمريض عمره 48 سنة يعاني من اضطراب رئوي وصداع وارتفاع ضغط؟

A) متلازمة كوشينغ.
B) داء كوشينغ.
C) متلازمة كون.
D) متلازمة نيلسون.",B,C
,"ما هو التشخيص المحتمل لمريض ربو مع تفاقم متكرر لحالته تطور لديه بشكل تدريجي شعرانية مع بدانة جذعية وكدمات؟

A) متلازمة كوشينغ.
B) داء كوشينغ.
C) متلازمة كون.
D) ورم القوائم.",B,A
,"ما هو التشخيص المحتمل لسيدة حامل تبلغ من العمر 30 سنة تبين أثناء إجراء ايكو بطن لها وجود كتلة متكلسة في الشرسوف يبلغ قطرها 1 سم مع سماع لغط في منطقة الشرسوف دون وجود أي أعراض؟

A) تمزق طحال.
B) احتشاء طحال.
C) أم دم شريان طحالي.
D) فرفريه نقص الصفيحات البدنية.
E) داء تكور الكريات الحمر الوراثي.",B,C
,"ما هو التشخيص الأكثر احتمالاً لطفل عمره 7 سنوات يعاني من فقر دم منجلي ويشكو منذ ساعتين من ألم بطني حاد في الربع العلوي الأيسر مع ضغط 60/100 ملم زئبقي ونبض 110 ن/د وحرارة 37 درجة ومضض في الربع العلوي الأيسر للبطن بدون إيلام مرتد مع صعوبة جس الطحال وخضاب 6.1 غ/دل؟

A) نوبة ألمية بسبب انسداد الأوعية الدموية.
B) نوبة تراص حادة.
C) تمزق طحال عفوي.
D) خراج طحال.
E) احتشاء طحال.",C,A
,"ما هي نسبة الاستفادة من استئصال الطحال في حالة سيدة عمرها 40 سنة تعاني من فرفرية مناعية مزمنة معندة على العلاج بالستيروئيدات؟

A) أقل من 20%
B) 0.4
C) 0.6
D) 0.8
E) لا فائدة من الجراحة.",C,A
,"ما هي الخطوة التالية في تدبير مريض بعمر 70 سنة دون سوابق جراحية يعاني من ألم بطني متقطع منذ أسبوع وتوسع بطني وإقياء مستمر منذ يوم، مع عدم وجود فتوق بالفحص وتعداد 3000 كرية بيضاء / مم؟

A) مراقبة 24 ساعة أخرى.
B) إجراء تنظير هضمي علوي.
C) فتح بطن عاجل.
D) إجراء (CT) التصوير الطبقي المحوسب للبطن.
E) إجراء تحليل CEA",D,D
,"ما هي الخطوة التالية في تدبير مريض بعمر 70 سنة دون سوابق جراحية يعاني من ألم بطني متقطع منذ أسبوع وتوسع بطني وإقياء مستمر منذ يوم، مع عدم وجود فتوق بالفحص وتعداد 3000 كرية بيضاء / مم؟

A) مراقبة 24 ساعة أخرى.
B) إجراء تنظير هضمي علوي.
C) فتح بطن عاجل.
D) إجراء (CT) التصوير الطبقي المحوسب للبطن.
E) إجراء تحليل CEA",D,D
,"ما هي الخطوة التالية في تدبير شاب عمره 20 سنة راجع الإسعاف بعد 20 يوماً من استئصال زائدة ملتهبة ويعاني من إقياء مع تمدد بطن وإيلام خفيف، وتعداد WBC كان 14000 كرية/مم3 والكهارل طبيعية؟

A) مراقبة 24 ساعة أخرى مع وضع NG.
B) إجراء تنظير هضمي سفلي.
C) فتح بطن عاجل.
D) إجراء رحضة باريتية.
E) إجراء (CT) التصوير الطبقي المحوسب للبطن.",E,A
,"ما هي العلامات الأكثر توافقاً مع بالغ عمره 45 سنة لديه ألم بطني حاد وتم تشخيصه بالتهاب مرارة حاد؟

A) حمى وألم مراق أيمن متقطع ويرقان.
B) ألم بطني مستمر ومضض مراق أيمن وارتفاع الكريات البيضاء.
C) ألم مراق أيمن متقطع مع مضض خفيف فوق المرارة
D) ألم شرسوف ينتشر للظهر.
E) يرقان صامت مع مرارة متوترة مجسوسة وغير مؤلمة.",B,B
,"ما هي الخطوة الأولى الأهم في تدبير مريض يبلغ من العمر 32 سنة أتى لقسم الطوارئ بقصة إقياء لكميات كبيرة من الدم الأحمر القاني؟

A) القصة السريرية والفحص السريري.
B) تحديد عيار الخضاب.
C) الإنعاش بالسوائل.
D) وضع أنبوب أنفي معدي.
E) إجراء تنظير هضمي علوي إسعافي.",C,C
,"ما هو التشخيص المحتمل لمريض عمره 70 سنة تطور لديه بعد 3 أيام من احتشاء قلبي ألم بطني مع تعدد البطن وخفوت في أصوات الأمعاء وتحليل غازات الدم يشير إلى احمضاض استقلابي؟

A) انثقاب قرحي.
B) احتشاء مساريقي.
C) انسداد قولون كاذب.
D) التهاب بنكرياس حاد.
E) التهاب رتوج.",B,B
,"ما هي القاعدة الجراحية الأصح حالياً في مراقبة المريض أثناء تدبير مريض الانسداد المعوي ووضع القرار الجراحي المناسب في المراكز الجراحية المتطورة؟

A) يجب ألا تغيب الشمس مرتين على مريض الانسداد المعوي
B) يحب ألا تشرق الشمس مرتين على مريض الانسداد المعوي.
C) يجب إجراء طبقي محوري عاجل، حسب السبب الظاهر بالصور يمكن إتباع المراقبة أو إجراء تداخل جراحي عاجل.
D) يجب دائماً عدم إجراء الجراحة حتى يتم استقرا المريض بعد الإنعاش.",C,D
,"ما هو التشخيص المحتمل للمريضة إذا كانت الصورة البسيطة تدل على سويات معوية دقيقة وغياب لارتسام الكولونات وكانت مقاطع التصوير الطبقي المحوري تشير لتوسع عرى المعي؟

A) وجود تنشؤ على حساب الكولون.
B) المريضة مصابة بداء كرون ساد.
C) وجود التهاب قولون سمي.
D) التصاقات معوية.
E) التهاب زائدة دودية حاد.",B,D
,"ما هو التشخيص الأقوى لمريض عمره 65 سنة تطور لديه ألم بطني حاد مفاجئ مستمر في الربع العلوي الأيمن منذ ساعة، تلاه آلام مغصية سرية مع غثيان، والفحص السريري يبدي سحنة سمية مع فحص بطني سوي تقريباً؟

A) التهاب معدة وأمعاء.
B) التهاب كولون غشائي كاذب.
C) التهاب زائدة دودية حاد.
D) انسداد أمعاء بنقص التروية.
E) حالة نفسية.",C,D
,"ما هو التشخيص المحتمل في المريضة التي تظهر صورتها البسيطة سويات معوية دقيقة وغياب الارتسام الكولوني، وتشير مقاطع التصوير الطبقي المحوري لتوسع عرى المعي الدقيق وزيادة في شحم المساريقا مع عدم ارتسام الكولون بالكامل؟

A) وجود تنشو على حساب الكولون المتقرح.
B) المريضة مصابة بداء كرون ساد وليس التهاب كولون قرحي.
C) وجود التهاب قولون سمي.
D) التصاقات معوية.
E) التهاب زائدة دودية حاد.",B,D
,"ما هو التشخيص لمريض عمره 60 سنة مصاب بداء كرون منذ عشر سنوات راجع المشفى بقصة حمى وعرواءات تلاها خروج هواء ومفرزات معوية عند التبول؟

A) ناسور معدي مثاني.
B) ناسور كولوني كلو.
C) ناسور هضمي بولي.
D) ناسور كولوني حالبي.
E) ناسور معوي مثاني.",C,A
,"ما هي الحالة التي لا تدخل في التشخيص التفريقي لطفلة عمرها 10 سنوات تعاني منذ ساعتين من ألم حفرة حرقفية يمنى دون إيلام مرتد؟

A) التهاب زائدة دودية.
B) التهاب عقد مساريقية.
C) نزف رتج ميكل.
D) انتان بولي.
E) آلام بلوغ مبكر.",E,C
,"ما هو التشخيص المحتمل لمريضة عمرها 50 سنة تعرضت لألم بطني حاد طاعن منذ نصف ساعة في الشرسوف تعمم في أنحاء البطن مع إقياءات بنية اللون وفحص البطن لين؟

A) التهاب بنكرياس حاد.
B) صمة شريان مساريقي علوي.
C) التهاب معدة وأمعاء.
D) احتشاء قلبي سفلي.",A,B
,"ما هو الفحص الذي يجب إجراؤه أولاً لمريض يشتكي من ألم بطني حاد ومفاجئ؟

A) عيار البولة الدموية.
B) صورة شعاعية للصدر.
C) صورة بطن شعاعية.
D) عيار خضاب الدم.
E) مراقبة الصبيب البولي.",E,C
,"ما هو التشخيص الأقوى لمريض عمره 65 سنة تطور لديه ألم بطني حاد مفاجئ ومستمر في الربع السفلي الأيمن منذ ساعة، تلاه آلام مغصة سرية مع غثيان، والفحص السريري يبدي سحنة سمية مع فحص بطن سوي تقريباً؟

A) التهاب معدة وأمعاء.
B) التهاب كولون غشائي كاذب.
C) التهاب زائدة دودية حاد.
D) انسداد أمعاء بنقص التروية.
E) حالة نفسية.",C,D
,"ما هي الخطوة الأولى الأهم في تدبير شاب عمره 32 سنة يراجع قسم الطوارئ بقصة إقياء كميات كبيرة من الدم الأحمر القاني؟

A) القصة السريرية والفحص السريري.
B) تحديد عيار الخضاب.
C) الإنعاش بالسوائل.
D) وضع أنبوب أنفي معدي.
E) إجراء تنظير هضمي عنوي إسعافي.",C,C
,"ما هو التشخيص للآفة التي قد تسبب فقراً دموياً والنزف الحاد منها غير شائع والتي تم اكتشافها بالتنظير الهضمي العلوي لرجل عمره 55 سنة؟

A) 1. قرحة معدية.
B) 2. سرطانة معدية.
C) 3. قرحة عفجية.
D) 4. دوالي مريئية.
E) 5. تسحجات معدية.",B,B
,"ما هي الخطوة الأولى الأهم في تدبير مريض يبلغ من العمر 32 سنة أتى لقسم الطوارئ بقصة إقياء لكميات كبيرة من الدم الأحمر القاني؟

A) 1. القصة السريرية والفحص السريري.
B) 2. تحديد عيار الخضاب
C) 3. الإنعاش بالسوائل.
D) 4. وضع أنبوب أنفي معدي.
E) 5. اجراء تنظير هضمي علوي اسعافي.",C,C
,"ما هو العلاج الأمثل لمريض عمره 40 سنة وجد لديه بالتنظير الهضمي العلوي لمفوما معدية؟

A) 1. استئصال معدة تحت تام.
B) 2. علاج شعاعي.
C) 3. استئصال معدة تحت التام مع علاج شعاعي.
D) 4. علاج كيماوي.
E) 5. استئصال موضع واسع للورم.",E,D
,"ما هو التشخيص المحتمل لطفل يبلغ من العمر 12 سنة يراجع بعقدة درقية مع ضخامة عقد لمفية ناحية؟

A) 1. سرطان لبي.
B) 2. سرطان جريبي.
C) 3. المفوما.
D) 4. سرطان حليمي.
E) 5. سرطان غير مصنع.",B,D
,"ما هو التشخيص المحتمل لمريضة في منتصف العمر تعاني من سلعة درقية لفترة طويلة مع تضخم الفص الأيمن أكبر من الأيسر وهي سريرياً في حالة سواء درقي؟

A) 1. عقدة درقية سليمة.
B) 2. داء غريف.
C) 3. سلعة متعددة العقد.
D) 4. سرطان حليمي.
E) 5. سرطان جريبي.",A,C
,"ما هو التشخيص الأكثر احتمالاً لفتاة في الربيع الخامس تشكو من عسرة تنفس مع وجود كتلة في جوف الفم بقطر 3 سم على الخط الناصف وعلى مؤخرة اللسان؟

A) 1. لوزة لسانية.
B) 2. درق لسانية.
C) 3. جسم أجنبي علق باللسان.
D) 4. Dermoid
E) 5. وذمة عصبية وعائية.",B,B
,"ما هو العلاج غير المرغوب به في حالة شابة في ربيعها الأربعين تشكو من نقص وزن مع خفقان وجحوظ في العينين مع وجود سلعة درقية متوسطة الحجم منتشرة ومتجانسة وفرط نشاط درق بدني؟

A) 1. إعطاء الميتيمازول Methimazoli
B) 2. إعطاء محلول اللوغول Lugols iodine
C) 3. المعالجة الشعاعية باليود I 131
D) 4. استئصال الدرق التام.
E) 5. الستيروئيدات.",C,C
,"ما هو الإجراء الأول الذي يجب إجراؤه قبل عملية Sleeve gastrectomy لمريض البدانة الذي لديه BMI يساوي 40؟

A) 1. استشارة طبيب التغذية.
B) 2. تحويل المريض لطبيب نفسي.
C) 3. الحصول على موافقة المريض.
D) 4. إجراء التحاليل الدموية اللازمة.",A,C
,"ما هو التشخيص المحتمل لمريض عمره 50 سنة يعاني من أصمية حديثة وألم في الربع العلوي الأيمن لمدة 3-4 أشهر مع فحص سريري سلبي ووظائف كبد طبيعية وتنظير هضمي علوي طبيعي بينما أظهر الإيكو وجود آفة كيسية وحيدة تبلغ 6 سم؟

A) 1. متلازمة بود شياري.
B) 2. التهاب الطرق الصفراوية المصلب البدئي.
C) 3. عداء كارولي.
D) 4. داء كيسي بسيط",D,D
,"ما هو التشخيص المحتمل لمريض يبلغ من العمر 60 سنة لديه سابقة حصيات مرارية يراجع بقصة ألم بطني شديد ومستمر لمدة 6 ساعات وبالفحص السريري كان المريض غير مرتاح ومصدوم مع انتفاخ البطن ومضض راجع معممين؟

A) 1. تقيح مرارة.
B) 2. التهاب مرارة حاد.
C) 3. قيلة مخاطية في المرارة.
D) 4. التهاب بريتوان تالي لانثقاب مرارة.
E) 5. خزل معوي بسبب حصاة مرارية.",D,D
,"ما هو التشخيص المحتمل لمريض يبلغ من العمر 56 سنة يعاني من ألم شديد في أعلى البطن منذ أسبوع مع حمى متقطعة وعدم راحة شديدة مع وجود علامات لتخريش بريتواني في الربع العلوي الأيمن مع جس كتلة؟

A) 1. تقيح مرارة.
B) 2. التهاب مرارة حاد.
C) 3. قيلة مخاطية في المرارة.
D) 4. التهاب بريتوان تالي لانثقاب مرارة.
E) 5. خزل معوي بسبب حصاة مرارية.",D,A
,"ما هو التشخيص المحتمل لمريض يبلغ من العمر 60 سنة يعاني من ألم بطني ويرقان وحرارة مع عروءات؟

A) 1. تقيح مرارة.
B) 2. التهاب مرارة حاد.
C) 3. قيلة مخاطية في المرارة.
D) 4. التهاب طرق صفراوية صاعد.
E) 5. خزل معوي بسبب حصاة مرارية.",A,D
,"ما هو التشخيص المحتمل لمريضة تبلغ من العمر 40 سنة عولجت لالتهاب مرارة حاد حيث لوحظ وجود مرارة مجسوسة غير ممضة، لم يكن هناك ترفع حروري وكانت المريضة بشكل عام بصحة جيدة؟

A) 1. تقيح مرارة.
B) 2. التهاب مرارة حاد.
C) 3. قيلة مخاطية في المرارة.
D) 4. التهاب طرق صفراوية صاعد
E) 5. خزل معوي بسبب حصاة مرارية.",,C
,"ما هو التشخيص المحتمل لمريض عمره 48 سنة يعاني من اضطراب رئوي وصداع وارتفاع ضغط؟

A) 1. متلازمة كوشينغ.
B) 2. داء كوشينغ.
C) 3. متلازمة كون.
D) 4. متلازمة نيلسون.",,C
,"ما هو التشخيص المحتمل لمريض ربو مع تفاقم متكرر لحالته تطور لديه بشكل تدريجي شعرانية مع بدانة جذعية وكدمات؟

A) 1. متلازمة كوشينغ.
B) 2. داء كوشينغ.
C) 3. متلازمة كون.
D) 4. ورم القوائم.",,A
,"ما هو التشخيص المحتمل لسيدة حامل تبلغ من العمر 30 سنة تبين أثناء إجراء ايكو بطن لها وجود كتلة متكلسة في الشرسوف يبلغ قطرها 1 سم مع سماع لغط في منطقة الشرسوف دون وجود أي أعراض؟

A) 1. تمزق طحال.
B) 2. احتشاء طحال.
C) 3. أم دم شريان طحالي.
D) 4. فرفريه نقص الصفيحات البدنية.
E) 5. داء تكور الكريات الحمر الوراثي.",B,C
,"ما هي نسبة الاستفادة من استئصال الطحال في حالة سيدة عمرها 40 سنة تعاني من فرفرية مناعية مزمنة معندة على العلاج بالستيروئيدات؟

A) 1. أقل من 20%
B) 2. 40%
C) 3. 60%
D) 4. 80%
E) 5. لا فائدة من الجراحة.",D,A
,"ما هي الخطوة التالية في تدبير مريض بعمر 70 سنة دون سوابق جراحية يعاني من ألم بطني متقطع منذ أسبوع وتوسع بطني وإقياء مستمر منذ يوم، مع عدم وجود فتوق بالفحص وتعداد 3000 كرية بيضاء / مم؟

A) 1. مراقبة 24 ساعة أخرى.
B) 2. إجراء تنظير هضمي علوي.
C) 3. فتح بطن عاجل.
D) 4. إجراء (CT) التصوير الطبقي المحوسب للبطن.
E) 5. إجراء تحليل CEA",D,D
,"ما هي الخطوة التالية في تدبير مريض بعمر 70 سنة دون سوابق جراحية يعاني من ألم بطني متقطع منذ أسبوع وتوسع بطني وإقياء مستمر منذ يوم، مع عدم وجود فتوق بالفحص وتعداد 3000 كرية بيضاء / مم؟

A) 1. مراقبة 24 ساعة أخرى.
B) 2. إجراء تنظير هضمي علوي.
C) 3. فتح بطن عاجل.
D) 4. إجراء (CT) التصوير الطبقي المحوسب للبطن.
E) 5. إجراء تحليل CEA",D,D
,"ما هي الخطوة التالية في تدبير شاب عمره 20 سنة راجع الإسعاف بعد 20 يوماً من استئصال زائدة ملتهبة ويعاني من إقياء مع تمدد بطن وإيلام خفيف وتعداد WBC 14000 كرية/مم2 والكهارل طبيعية؟

A) 1. مراقبة 24 ساعة أخرى مع وضع NG.
B) 2. إجراء تنظير هضمي سفلي.
C) 3. فتح بطن عاجل.
D) 4. إجراء رحضة باريتية.
E) 5. إجراء (CT) التصوير الطبقي المحوسب للبطن.",E,A
,"ما هي الخطوة الأولى الأهم في تدبير مريض يبلغ من العمر 32 سنة يعاني من إقياء كميات كبيرة من الدم الأحمر القاني؟

A) 1. القصة السريرية والفحص السريري.
B) 2. تحديد عيار الخضاب.
C) 3. الإنعاش بالسوائل.
D) 4. وضع أنبوب أنفي معدي.
E) 5. إجراء تنظير هضمي علوي إسعافي.",C,C
,"ما هو التشخيص المحتمل لمريض عمره 70 سنة تطور لديه بعد 3 أيام من احتشاء قلبي ألم بطني مع تطبل البطن وخفوت في أصوات الأمعاء وتحليل غازات الدم يشير إلى حماض استقلابي؟

A) 1. انثقاب قرحي.
B) 2. احتشاء مساريقي.
C) 3. انسداد قولون كاذب.
D) 4. التهاب بنكرياس حاد.
E) 5. التهاب رتوج.",,B
