id,input,prediction,ground_truth
1,"عضلات الكم المدوره للكتف

A) هى ثلاث عضلات
B) كلها تدير العضد للخارج
C) وحدة منها ترتكز على الحديبية الصغرى
D) المدورة الكبيرة اهم واحده منها",C,C
2,"دراسة وظائف العضو ووظائف الاتصال:

A) التشريح الوصفي
B) التشريح السريري
C) التشريح الفيزيولوجي
D) التشريح الجهازي",C,C
3,"مايلي صحيح عن مخاطية البوق عدا:

A) تبطن بظهارة بسيطة اسطوانية.
B) خلايا الظهارة المهدبة تضرب أهدابها باتجاه المبيض.
C) خلايا الظهارة المفرزة غير مهدبة.
D) الخاليا الوتدية cells peg تفرز غليكوبروتينات.",B,B
4,"عصب ينقل إحساس الذوق من ثلث اللسان الخلفي :

A) السابع
B) التاسع
C) العاشر
D) الخامس",B,B
5,"القناة الدافقة إختر الإجابة الخاطئة :

A) تقيس القناة الدافقة أقل من واحد سم
B) تتشكل من إتحاد البربخ مع قناة الحويصلة المنوية
C) تنقب السطح الخلفي للمثانة
D) تنفتح على الجزء الموثي من الإحليل",A,C
6,"ال تحتوي سيتوبلاسما جدر الشعيرات :

A) صهاريج من شبكة سيتوبالاسمية ناعمة.
B) متقدرات.
C) ريبوزوم.
D) معقد كولجي صغير.",C,A
7,"تقوم ال Chief Cell بإفراز :

A) Pepsinogen
B) Trypsinogen
C) Lipase
D) الأول والثالث
E) كل ما سبق صحيح",E,D
8,"قوس بيضاء عند حدود جسم الظفر مع جذره :

A) هليل الظفر
B) سرير الظفر
C) استارة الظفر
D) اللعوة",C,A
9,". من فروع الشريان السباتي الباطن

A) Ophthalmic
B) الشريان المخيخي السفلي الامامي
C) الشريان المخيخي السفلي الخلفي
D) شوكي",B,A
10,". العظم الاضخم في هيكل القدم

A) Calcaneum
B) Navicular bone
C) Cuboid bone
D) Cuneiform bone",A,A
11,"كل ما يلي من صفات الحالب

A) نهايته العلوية تشكل الحويضة
B) عضو داخل البريتوان
C) فيه ثلاثة تضيقات
D) طوله 25 سم",C,B
12,". يقع الخط الالوي السفلي على

A) السطح الخارجي للحرقفة
B) الوجه الداخلي للحرقفة
C) الفرع العلوي للعانة
D) الوجه الخلفي للفخذ",B,A
13,"من جدران الفم ما عدا

A) يرزخ الحلق
B) الشدقان
C) الحنك
D) الشفتان",A,A
14,"اختر الخاطئ :

A) للمخ ست طبقات
B) يقسم المخ الى باحات حسب الانتظام النسيجي
C) الباحات الأولية تعمل على تخزين الذاكرة المكتسبة
D) كل ما سبق صحيح",C,C
15,"لا يمكن تمييز Internal Elastic Lamina بسهولة في :

A) Cerebral Artery
B) الأول والثالث
C) Elastic Artery
D) Muscular Artery",B,C
16,"الحافة من الفرع التي تشكل زاوية الفك السفلي:

A) الأمامية
B) الخلفية
C) العلوية
D) الوحشية",B,B
17,"تتعصب بالعصب الشظوى السطحى

A) العضله الظنبوبيه الخلفية
B) الرأس المستقيم للمستقيمه الفخذية
C) العضله الخياطية
D) العضلة المأبضيه
E) العضله الشظويه الطويله",A,E
18,"كل ما يلي من أثلام الوجه الوحشي لنصف الكرة المخية ماعدا :

A) الثلم الحزامي
B) المركزي
C) الثلم الجداري القذالي
D) الثلم الوحشي",D,A
19,"تشاهد الجسور بين الخلوية في:

A) الطبقة القاعدية من الانسجة الظهارية
B) الطبقة الشائكة من النسيج الظهاري المطبق
C) ظهارة المعدة
D) بين الخلايا العضلية السلية",B,B
20,"العضلات الوحشية في الساق عدا:

A) الشظوية الرابعة
B) الشظوية القصيرة
C) الشظوية الثالثة
D) الشظوية الطويلة",A,A
21,"تتحول الثلمتين الاسكيتين إلى ثقبتين بواسطة

A) الرباط العجزي الشوكي + الرباط الأربي
B) الرباط العجزي الشوكي العجزي الحدبي
C) الرباط الحدبي + الرباط الإربي
D) كل ما سبق خطأ",A,B
22,"في وضع الراحة (النظر الى جسم بعيد(:

A) ترتخي zonule fibers
B) تتقلص العضلة الهدبية.
C) يطبق الجسم الهدبي شدة على ألياف النطيقة وتتسطح العدسة.
D) كل ما سبق صحيح.",A,C
23,"اختر الإجابة الصحيحة حول Ovulation :

A) تحدث حوالي اليوم 14 من الدورة الشهرية.
B) ينتج عنها خلية بيضية ثانوية و جسم قطبي واحد.
C) إذا لم تتلقح الخلية البيضية الثانوية خالل 24 ساعة تبدأ بالتنكس.
D) كل ما سبق صحيح.",D,D
24,"التعصيب الحسي للطرف العلوي: (2016 أولى)

A) الجلدي الأنسي للساعد من الزندي.
B) الجلدي الخلفي للعضد من العصب الكعبري.
C) الجلدي الخلفي للساعد من العصب الكعبري.
D) الجلدي الوحشي العلوي للعضد من الإبطي.
E) الثلثين الوحشيين لراحة اليد من العصب الناصف.",B,A
25,". اختر الاجابة الخاطئة المتعلقة بالبلعوم:

A) يدعى Pharynx
B) يتصل مع الرغامي باربطة ليفية
C) يمتد من القحف حتى الفقرة الرقبية السادسة
D) قسماه الفموي والحنجري يتبعان للجهاز الهضمي",B,B
26,"ما يلي من عضلات الساعد الخلفية العميقة عدا:

A) باسطة الخنصر
B) باسطة الإبهام الطويلة
C) باسطة السبابة
D) باسطة الإبهام القصيرة",D,A
27,"يساهم بتشكيل مسبع ويليس ما عدا:

A) السباتي الظاهر
B) السباتي الباطن الأيسر
C) القاعدي
D) السباتي الباطن الأيمن",B,A
28,"يفرز هرمون ال PTH :

A) الغدد جارات الدرق
B) الغدة الدرقية
C) النخامي
D) الكظر",A,A
29,"من وظائف الهرمونات التي يفرزها المبيض :

A) تضمن تطور وصيانة الصفات الجنسية الأنثوية
B) تنظم الدورات الطمثية
C) تحافظ على الرحم للحمل
D) كل ما سبق صحيح",D,D
30,"توجد فيه Lymphatic vessels

A) Hyalin cartilage
B) Elastic cartilage
C) fubrocartilage
D) كل ما سبق صحيح
E) كل ما سبق خطأ.",E,E
31,"Sebaceous gland في الجلد :

A) هي انبوبة ذات قناة طويلة
B) تبدأ عملها عند البلوغ
C) تتواجد في أدمة الجلد الرقيق والسميك
D) الأول والثاني",D,B
32,"طبقات ال Midbrain :

A) يحتوي بين القسم المتوسط والخلي على المسال المخي
B) السقف في المركز
C) الساق خلفية
D) الغطاء في الامام",A,A
33,"غشاء الخلية العضلية

A) Sarcolemma
B) Epimysium
C) Axolemma
D) Endomyium
E) Hypertrophy",A,A
34,"العبارة الصحيحة عن المبيض:

A) معظم نسيج المبيض يتألف من اللب.
B) مغطى بظهارة بسيطة اسطوانية.
C) معظم نسيج المبيض يتألف من قشر.
D) اللب والقشر منفصلان عن بعضهما بحاجز ليفي.",C,C
35,"يقع بين جسم الفقرة والقوس الفقرية :

A) الثقبة المستعرضة
B) الثقبة بين الفقرية
C) الثقبة الفقرية
D) الثقبة المغذية",B,C
36,"الفازوبريسين:

A) OT
B) ADH
C) FSH
D) T3",B,B
37,"أقسام البلعوم ماعدا:

A) الأنفي
B) الفموي
C) المريني
D) الحنجري",C,C
38,". الاجابة الخاطئة حول السائل الدماغي الشوكي

A) ينتج من ال choroid plexus
B) يمكن بزله اسفل الفقرة القطنية الثانية
C) يتم ارتشافه في الجيب الوريدي الصلبي
D) له دور في النقل الهرموني",C,C
39,"اختر العبارة الخاطئة عن Aganglionosis :

A) غياب الautonomic ganglia
B) تؤدي لتضخم منطقة ماقبل الإصابة
C) عيانيا˝ غياب لويحات باير
D) Megacolon",C,C
40,"نسبة خلايا كوبفر للخلايا الكبدية :

A) 0.05
B) 0.15
C) 0.2
D) 0.3",B,B
41,"كل ما يلي صحيح عن الظهارة التنفسية:

A) الخلايا القاعدية هي خلايا جذعية نشطة انقسامياً
B) الخلايا الكأسية أكثر وفرة من الخلايا مهدبة
C) الخلايا الحبيبة تعتبرعصبية صماوية
D) A+C
E) كل ما سبق صحيح",D,D
42,"- كل ما يلي صحيح عن العظام الطويلة ما عدا:

A) نمو العظم يتم في اتجاهين
B) منطقة نضج وتصنيع عناصر الدم
C) يتألف من جسم ونهايتين
D) مثال عنها Femur",B,A
43,"تتحدد الثلمة البكرية بين

A) الناتئ الزجي + الناتئ المنقاري
B) الناتئ الزجي + الحفرة الحفرة البكرية
C) الحفرة البكرية + الناتئ المنقاري
D) كل ما سبق خطأ",A,A
44,"يحفز PTH تحويل ViTD إلى كالسيفيرول في :

A) المعي
B) العظم
C) الكلية
D) لا شيء مما سبق",C,A
45,"ما يلي صحيح عن الحنك ماعدا

A) له قسم صلب
B) له قسم رخو
C) يفصل كلياً البلعوم الفموي عن الأنفي
D) من اقسامه اللهاة",C,C
46,". ترتكز العضلة ذات الرأسين الفخذية على

A) Tibial tuberosity
B) Head of fibula
C) Radial tuberosity
D) Ulnar tuberosity",A,B
47,"يتكون الشدقان مما يلي ما عدا:

A) ألياف عضلية مخططة
B) الجلد
C) القوس السنخية
D) الغشاء المخاطي",D,C
48,"تضم الحزمة الوعانية العصبية العضدية ماعدا:

A) الشريان العضدي
B) الوريد العضدي
C) العضب العضدي
D) العضب الناصف و الزندي",D,C
49,"تقع المنطقة الشمية في:

A) سقف الأنف
B) مقدمة الأنف
C) الجدارا الوحشي للأنف
D) الجدار الانسي للأنف",C,A
50,"يتصل المدورين بالأمام في الفخذ بـ:

A) الخط بين المدورين
B) العرف بين المدورين
C) الثلمة بين المدورة
D) لا شئ مما سبق",B,A
51,"يوجد التلم الكعبري في جسم العضد:

A) على الوجه الخلفي.
B) على الوجه الانسي.
C) على الوجه الوحشي.
D) كل ماسبق خطأ.",A,A
52,"يتوضع المريء في:

A) المنصف العلوي
B) المنصف الخلفي
C) المنصف الأوسط
D) A+B",D,D
53,"يرتكز الرباط الإبري اللامي على:

A) النهاية العلوية للقرن الصغير للعظم اللامي.
B) النهاية العلوية للقرن الكبير للعظم اللامي C.
C) الوجه الأمامي للعظم اللامي.
D) كل ما سبق خطأ.",A,A
54,"تتشكل ضفيرة راشكوف في لب السن من :

A) ألياف ودية.
B) ألياف نظيرة ودية
C) ألياف حسية.
D) كل من a و .b",B,C
55,"يقع المستقيم بين :

A) القولون النازل والقولون السيني
B) القولون السيني والقناة الشرجية
C) القولون السيني والقولون المعترض
D) القولون المعترض والقولون السيني",B,B
56,"حديبات مونتغومري هي غدد

A) دهنية
B) لعابية
C) عرقية
D) صباغية",C,A
57,"يعبر الشق الحجاجي السفلي:

A) العصب القحفي الرابع
B) العصب القحفي الثالث
C) A+B
D) لا شيء مما سبق",D,D
58,"ما يلي صحيح عن جزر لانغرهانس :

A) الخلايا Bتفرز الغوكلغو
B) الخلايا A تفرز الانسولين
C) الخلايا F تفرز السوماتوستاتين
D) كل ما سبق خطأ",D,D
59,"يتواجد في المناطق المعرضة لقوى السحب والشد

A) Fibrocartilage
B) Elastic cartilage
C) Hyaline cartilage
D) Elastic cartilage + hyaline cartilage كلاهما
E) كل ماسبق خطأ",B,A
60,"العضلة الحرقفية :

A) تنشأ من الحفرة الحرقفية.
B) ترتكز على عظم الفخذ.
C) تعمل على بسط الفخذ على البطن.
D) تسهم في ثني الجذع للأمام.",B,C
61,"يشبه بشكله خاتماً ذا فص كبير :

A) الحلقي
B) الطرجهالي
C) الدرقي
D) القريني",B,A
62,"في السبيل المعدي المعوي :

A) تناول الطعام =<تنغلق التفاغرات الشريانية الوريدية =<يزيد مرور الدم.
B) حالة الصوم=<تنغلق التفاغرات =<يزيد مرور الدم.
C) في تناول الطعام لا حاجة لمرور الدم.
D) كل ماسبق خطأ.",A,A
63,"الطبقة الثالثة من عضلات أخمص القدم تشمل عدا:

A) باسطة الإصبع
B) قابضة الإبهام
C) قابضة الإصبع الصغرى
D) مقربة الإبهام",D,A
64,"المحرك لعضلات اللسان :

A) 11
B) 7
C) 12
D) 9",C,C
65,"يتواجد على الوجه الداخلي أو اللساني لعظم الفك السفلي كل ما يلى عدا :

A) الناشرة الذقنية .
B) الخط الضرسى اللامي.
C) حفرة الغدة تحت الفك السفلى.
D) حفرة ذات البطنين.",B,A
66,"مصطلحات الحركة في مستوى الأطراف كل ما يلي صحيح عدا:

A) التقريب والتبعيد عندما نضع الطرف بجانب الجسم أو نبعده عنه.
B) الدوران الأنسي أو الوحشي عندما يدور الطرف حول محوره الطولاني.
C) الرفع هي الحركة للأعلى والخفض الحركة نحو الأسفل.
D) العطف عندما يتحرك الطرف العلوي نحو الخلف في المستوى السهمي.",D,D
67,"يمر خلف جذر الرئة اليسرى:

A) القناة الصدرية.
B) الأبهر النازل الصدري.
C) العصب الحجابي الأيسر.
D) القسم الصدري من الجذع الودي.
E) الحسب المبهم الأيسر.",B,E
68,"كل الغدد التالية هي حصرا Endocrine باستثناء

A) الدرق
B) الكبد
C) الغدة النخامية
D) جارات الدرق
E) الأول والثالث.",B,B
69,"الأنف الظاهر بتألف مما يلي ما عدا:

A) Apex
B) Root
C) Ala
D) Floor",B,A
70,"خلايا تمتاز نواها بمظهر وجه الساعة أو العجلة.

A) Plasma cells
B) Macrophages
C) Neutrophils
D) Basophils
E) كل ما سبق خطا.",C,A
71,"كل ما يلي من فروع الضفيرة القطنية ماعدا :

A) العصب الحرقفي الوركي
B) العصب الحرقفي الخثلي
C) العصب الحرقفي الفخذي
D) العصب الحرقفي الأربي",D,A
72,"عضلات الساق الأمامية عدا:

A) الظنبوبية الأمامية
B) باسطة إبهام القدم الطويلة
C) باسطة الخنصر القصيرة
D) باسطة الأصابع الطويلة",C,C
73,"العصب الحجابي فرع الضفيرة :

A) العضدية
B) القطنية
C) الرقبية
D) العجزية",A,C
74,"يفرز الأدرينالين من :

A) قشرة الكظر
B) لب الكظر
C) الطحال
D) البنكرياس",B,B
75,"يتشكل الوريد الأجوف السفلي من إتحاد :

A) الوريدين الحرقفيين الخارجي والداخلي
B) الوريدين الحرقفيين المشتركين الأيمن والأيسر
C) الوريدين الفخذيين
D) كل ما سبق خطأ",B,B
76,"كل ما يلي صحيح عن عظم العانة عدا :

A) يتمفصل جسما عظمي العانة في الخلف عبر ارتفاق العانة.
B) يتحد الفرع العلوي مع الحرقفة والاسك لتكوين الحق.
C) يتحد الفرع السفلي مع الإسك أسفل الثقبة السادية.
D) تدعى الحافة العلوية لجسم العانة بالعرف العاني.",B,A
77,"يصعد من الحافه العلويه للغده النكفيه ويصعب حسياً قسماً من فروه الرأس

A) infra-orbital nerve
B) external nasal nerve
C) buccal nerve
D) Imental nerve
E) Auriculo-temporal nerve",E,E
78,"في الشرايين الطبقة الأكثر تمايزاً وكثافة هي:

A) الخارجية
B) المتوسطة
C) الداخلية والمتوسطة
D) الداخلية",D,B
79,"ينتج هرمون T4 من :

A) التوتة
B) الكظر
C) الدرق
D) النخامى",C,C
80,"يتألف القفص الصدري مما يلي ما عدا:

A) العمود الفقري
B) القص
C) الأضلاع
D) الأوراب",D,A
81,"الغدد الرئيسية للجهاز الغدي الصماوي ماعدا:

A) الكبد
B) التوتة
C) المبيض
D) المعتكلة",D,A
82,"تتم حركة رفع الفك السفلي بألياف من العضلة:

A) ذات البطنين.
B) الجناحية الوحشية.
C) الجناحية الأنسية.
D) الضرسية اللامية.
E) ولا واحدة مما سبق.",A,C
83,"تمثل لفافة غالوديت Gallaudet:

A) اللفافة العميقة للعجان.
B) اللفافة العميقة للصفن.
C) اللفافة العميقة للقضيب.
D) اللفافة العميقة للحبل المنوي.
E) اللفافة العميقة لجدار البطن.",B,A
84,"حبال الضفيرة العضدية: (2007 أولى)

A) الأنسي يتشكل من الجذع المتوسط
B) الوحشي يتشكل من الجذع السفلي
C) الخلفي يتوضع خلف الوريد الإبطي
D) يمتد الوحشي أعلى ووحشي الشريان الإبطي",A,D
85,"العضلة التي ترتكز بشكل أساسي على العظم الزورقي:

A) الظنبوبي الأمامي
B) الظنبوبي الخلفي
C) الشظوية الطويلة
D) الشظوية القصيرة
E) قابضة الإبهام الطويلة",A,B
86,"من فروع الزلاقي ماعدا:

A) الطحالي
B) المعدي الأيسر
C) المعدي الأيمن
D) الكبدي",A,C
87,"تقع المنطقة الشمية في :

A) سقف الأنف
B) مقدمة الأنف
C) الجدار الوحشي للأنف
D) الجدار الأنسى للأنف",C,A
88,"الوسادة من النسيج الدهني فوق الارتفاق العاني تدعى

A) جبل العانة
B) الشفر الصغير
C) الشفر الكبير
D) دهليز الفرج",A,A
89,"يعبر من الشق الحجاجي العلوي الأعصاب القحفية :

A) الثالث + الرابع
B) السادس
C) الفرع العينى الخامس
D) كل ما سبق صحيح",D,D
90,"الناشزة القذالية الظاهرة والبارزة الصليبية تتوضعان في:

A) القسم القاعدي
B) القسم الجانبي
C) القسم الصدفى
D) الثقبة الكبيرة",A,C
91,"تتواجد العناصر التالية في المثلث الخلفي: 2015) أولي)

A) الشريان السباتي الظاهر.
B) الشريان السباتي الباطن.
C) الوريد الوداجي الباطن.
D) الشريان القذالي.",A,D
92,"كل ما يلي صحيح عن الصفحة العامودية للعظم الغربالي ماعدا:

A) تشكل الجزء الامامي العلوي للوتيرة الانفية.
B) تمر عبرها الياف العصب الشمي.
C) تتصل مع الميكعة.
D) يبدو عرف الديك وكأنه استمرار لها.",D,B
93,"كل ما يلي صحيح عن الدرق عدا :

A) تفرز الخلايا المجاورة للجريبات أيضا ثلاثي يودوثيرونين T3
B) تفرز الخلايا الجريبية التيروكسين
C) تفرز الخلايا المجاورة للجريبات الكالسيتونين T4
D) تحيط بالغدة الدرقية محفظة مشتقة من اللفافة الرقبية العميقة",C,A
94,"العظم القذالي (الخاطئة):

A) تقع الحديبة الضلعية عند اتصال الجسم مع العنق .
B) يزداد طول الأضلاع من الضلع الأولى حتى الضلع الخامسة ثم يتناقص.
C) يتمفصل رأس الضلع مع وجيهين ضلعيين مع فقرتين متجاورتين.
D) تتصل الأضلاع الحقيقة بالقص بواسطة الغضاريف الضلعية.",B,A
95,"من وظائف الأدمة كل مما يلي ما عدا :

A) دعم البشرة.
B) ربط البشرة مع النسيج الشحمي تحت الجلد.
C) تجديد خلايا الجلد.
D) كل ما سبق صحيح.",D,C
96,"كل ما يلي صحيح عن المخي عدا:

A) يراقب الحركة والتوازن.
B) تصله معلومات عن وضعية الجسم من المفاصل والأوتار والدهليز.
C) يقع بالحفرة القحفية المتوسطة.
D) يقوم بمقارنة الأمر الحركي وتنفيذه.",C,C
97,"الجوف الحقى تمفصل الورك :

A) له سطح مفصلى كروى الشكل
B) يتشكل من اجتماع ثلاث عظام
C) حافته العلوية مثلمه
D) هو جوف ضحل نسبياً",B,B
98,"يتوضع الكولون السيني في

A) الناحية المغبنية اليمنى
B) الناحية المغبنية اليسرى
C) الخثلية
D) لا شيء مما سبق",A,B
99,"من أقسام العظم الوتدي ما عدا:

A) الثقبة الكبرى
B) الجناح الكبير
C) الجناح الصغير
D) الجسم",D,A
100,"العضلة المخاطية في الوصل المريئي الفؤادي :

A) متقطعة.
B) مستمرة.
C) غير موجودة.
D) غير منتظمة.",B,B
101,"الخاطئ مما يلي هو :

A) يصب Hemiazygos Veinفي Azygos Vein والذي يصب Superior Vena Cava
B) يوجد Basilar Vein في الوجه الأنسي للذراع
C) يتشكل Azygos Vein من الوريد القطني الصاعد الأيسر
D) يعطي Cephalic Vein الوريد المرفقي الناصف",B,A
102,"تسبب أذية منشأ العصب الفكي السفلي ما عدا: (2017 أولى)

A) فقدان حسي لمخاطية قاع الفم.
B) فقدان حس الغدة تحت اللسان.
C) فقدان حسي للثلثين الأماميين للسان.
D) فقدان حس اللثة اللسانية.
E) فقدان تذوق للثلثين الأماميين للسان.",B,E
103,"قسم العظم الجبهي الذي يفصل بين القسمين الحجاجيين من الخلف:

A) الصدفة والقسم الحجاجي
B) الثلمة الغربالية
C) الصفيحة الغربالية العمودية
D) القسم الأنفي",C,B
104,"إحدى العضلات التالية تربط الزنار الكتفي بالرأس :

A) شبه المنحرفة.
B) المدورة الكبيرة.
C) العريضة الظهرية.
D) المعينية الكبيرة.",A,A
105,"الفروع الانتهائية للسبات الظاهر:

A) الوتدي والفكي
B) الفكي والصدغي والسطحي
C) الفكي والوجهي
D) لا شيء مما سبق",B,B
106,"تضم الحزمة الوعانية العصبية العضدية ماعدا:

A) الشريان العضدي
B) الوريد العضدي
C) العضب العضدي
D) العضب الناصف و الزندي",D,C
107,". خاطئة عن النوى القاعدية

A) مراكز حسية في عمق المادة البيضاء
B) تتالف من النواة المذنبة والعدسية
C) مسؤولة عن تنسيق الفعالية الحركية
D) مراكز حركية في عمق المادة البيضاء",B,A
108,"ينزح الخلط المائي إلى :

A) قناة شليم (الجيب الوريدي الصليبي)
B) الجيب المستقيم
C) الجيب السهمي العلوي
D) الوريد المخي الكبير",A,A
109,"من أربطة مفصل الورك: (2007)

A) الرباط العجزي الحدبي
B) الرباط العجزي الشوكي
C) الرباط العاني العلوي
D) الرباط الحرقفي الفخذي",A,D
110,"تتصل الحفرة الجناحية الحنكية مع البنى التالية ماعدا: )2014 ثانية)

A) الأذن الوسطى.
B) الحفرة القحفية الوسطى.
C) التجويف الأنفي.
D) التجويف الفموي .
E) تجويف الحجاج.",E,A
111,"العبارة الخاطئة عن الشرايين المرنة هي :

A) تساعد على استقرار ضخ الدم.
B) لونها مائل للأصفر بسبب تراكم الكولسترول.
C) الصفيحة المرنة الداخلية موجودة.
D) كل ما سبق خاطئ.",B,B
112,"المنطقة المتوسطة في نواح البطن

A) الشرسوفية
B) الخثلية
C) السرية
D) المغبنية",B,C
113,". عصب الفك العلوي يمر من

A) الثقبة المدورة
B) الثقبة الشوكية
C) الثقبة البيضية
D) الشق الحجابي العلوي",A,A
114,"نقطة تشريحية على الوجه السفلي لجسم العظم الوتدي

A) العرف الوتدي
B) السرج التركي
C) المنقار الوتدي
D) الثقبة المدورة",C,C
115,"يتوضع كيس الدمع على العظم :

A) الدمعي أنسي الحجاج
B) الجبهي وحشي الحجاج
C) الفك العلوي أنسي الحجاج
D) الجبهي أنسي الحجاج",D,A
116,"ينشأ الشريان السباتي المشترك الأيسر من :

A) قوس الأبهر مباشرة
B) الأبهر البطني
C) الأبهر الصاعد
D) الشريان العضدي الرأسي",A,A
117,"الطبقة الأولى من عضلات أخمص القدم تشمل عدا:

A) العضلات الخراطينية
B) مبعدة إبهام القدم
C) مبعدة إصبع القدم الصغرى
D) قابضة الأصابع القصيرة",A,A
118,"تمفصلات رصغ القدم : (2017)

A) العقب مع أسفل الظنبوب
B) القعب مع النردي
C) الزورقي مع الاسفينية
D) الزورقي مع العقب",C,C
119,". يخرج العصب الفكي العلوي من القحف عبر

A) Foramen rotundum
B) Foramen ovale
C) Foramen spinosium
D) Foramen lacenum",A,A
120,"طول الأسهر

A) 45 سم
B) 15سم
C) 6أمتار
D) 1أمتار",B,A
121,"تزداد مناطق الفيتامين في المناطق التالية عدا:

A) راحة اليد.
B) حول فتحة الشرج.
C) اللعوة.
D) الأعضاء التناسلية الخارجية.",B,A
122,"امتداد الألياف المغروية يسمى :

A) خطوط الامتداد
B) الخطوط المغروية
C) خطوط التشطر
D) خطوط التوازي",B,C
123,"الغدد الدهليزية الكبيرة (بارثولين)

A) تتوضع في جدار المهبل.
B) وظيفتها إفراز المخاط.
C) هي غدد مزدوجة.
D) كل ما سبق صحيح.",D,D
124,"تشمل العضلات الأنسية في الفخذ عدا:

A) المقربة الطويلة
B) المقربة القصيرة
C) المقربة الخلفية
D) العضلة الناحلة",D,C
125,"اختار الجواب الصحيح اذا كان هناك جوابا صحيحا واحدا فقط أو اختر الجواب الأكثر شمولا وتكاملا اذا كان هناك أكثر من جواب صحيح

A) الحافة المخططة مكونة من زغيبات واهداب
B) الحافة المشرشة مكونة من زغيبات طويلة واهداب
C) القضبان الانتهائية مكونة من مناطق الالتصاق والانسداد ) ZONULA OCCLUDNS +ZONULA ADHERE IS
D) الغشاء القاعدي مكون من صفيحة قاعدية + صفيحة من الجاف شبكية
E) الغشاء القاعدي مكون من صفيحة قاعدية فقط",C,C
126,". الخطأ حول الفقرة الرقبية الاولى:

A) ليس لها جسم
B) لها قوسان امامية وخلفية
C) على الوجه الامامي للقوس الخلفية يوجد نقرة مفصلية
D) على الوجه السفلي لكل من الكتلتين الجانبيتين سطح مفصلي",A,C
127,"يتم تنظيم أفرازات البنكرياس من خلال:

A) السيكريتين
B) الكولي سيتوكينين
C) العصب المبهم
D) جميع ما سبق صحيح",D,D
128,"يعبر الشريان السحائي الأوسط عبر:

A) الثقبة البيضية
B) الثقبة المدورة
C) الثقبة الشوكية
D) الثقبة الإبرية الخشانية",A,C
129,"اختر الإجابة الصحيحة

A) تستطيع خلية Schwann واحدة تشكيل غمد النخاعين للعديد من الألياف العصبية
B) تتواجد الخلايا النجمية البروتو بلاسمية في المادة السنجابية
C) ال microglia تتكاثر لتشكل ندبة خلوية نسيجية عند الأنية
D) الإجابتان الأولى والثانية صحيحتان
E) كل ما سبق صحيح",A,B
130,"مستوى فتحة نفير السمع في:

A) الصماخ السفلي.
B) الصماخ الأوسط.
C) الصماخ العلوي.
D) الردهة.
E) البلعوم الأنفي.",C,A
131,"العضلات العرقوبية تشمل ما يلي عدا:

A) ذات الرأسين الفخذية
B) رباعية الرؤوس الفخذية
C) نصف الوترية
D) نصف الغشائية",D,B
132,"في النسج الشحمية، الـ Brown fat –

A) ينجم لونه عن غزارة الشعريات الدموية فيه
B) موجود في أماكن واسعة من الجسم.
C) لا يمكن أن يتحول إلى Unilocular adipose tissue
D) الأول والثالث
E) كل ما سبق صحيح",A,D
133,". الخاطئ عن الجوب الانفية

A) الفكي هو الاكبر
B) الوتدي يمتد احيانا للقذالي
C) الجبهي جيب واحد متصل
D) تتصل الخلايا الغربالية الامامية احيانا مع الجبهي",B,C
134,"اختر العبارة الخاطنة :

A) النواة المذنبة تنتهي بالجسم اللوزي
B) النواة المذنبة تتشكل باللحاء والكرة الشاحبة
C) النواة العدسية تقع وحشي النواة المذنبة
D) في النواة العدسية اللحاء وحشي الكرة الشاحبة",C,B
135,"اختر الإجابة الخاطئة في الجسيمة الكلوية:

A) قطر الجسيمة الكلوية 200 ميكرون
B) الحيز البولي هو الفاصل بين الطبقة الداخلية والخارجية وهو حيز الرشح
C) خلايا الطبقة الرجلاء هي خلايا الطبقة الخارجية
D) تبلغ سماكة حاجز الرشح 0.1ميكرون",D,A
136,"أهم محتويات المراق الأيسر

A) المعدة
B) الطحال
C) الفص الكبير الأيسر
D) الكولون النازل",B,B
137,"مايلي صحيح بالنسبة للنسيج العضلي الهيكلي:

A) بروتين الميوسيزين myomesin يوجد في الخطوط z
B) المنطقة H تمثل خيوط الميوزين غير المتداخلة مع الاكتين
C) يمتد القسيم العضلي من الخط M الى الخط M التالي
D) الاجابتان A+C
E) كل ماسبق صحيح",B,B
138,"الطية الجلدية التي تغطي رأس القضيب تدعى

A) الحشفة
B) لفافة بوك
C) القلفة
D) البصلة",C,C
139,"مكان شائع لإنحشار الأجسام الأجنبية في البلعوم الحنجري :

A) الردب الكمثري
B) برزخ الحلق
C) الثقبة العوراء
D) كل ما سبق خطأ",A,A
140,"من وظائف عضلات البطن ما عدا:

A) تعمل كمطاردة
B) ثني الجذع وتحريكه
C) إذا انقبضت تؤدي إلى شهيق قوي
D) دعم محتويات البطن",C,C
141,"اختر الإجابة الخاطئة المتعلقة بعضلات الحوض والعجان:

A) العضلة الكمثرية هي من عضلات أرضية الحوض.
B) لا تشكل العضلة السدادية الخارجية جزء من عضلات أرضية الحوض.
C) يتشكل الحجاب الحوضي من العضلتين رافعة الشرج والكمثرية.
D) تشكل المصرة الاحليلية جزء من عضلات العجان.",B,C
142,"من فروع الحرقفي الباطن ماعدا

A) المثاني العلوي
B) المستقيمي المتوسط والسفلي
C) الفرجي الداخلي
D) السري والعجاني",B,A
143,"امتداد البريتوان بين حشا والجدار الأمامي للبطن

A) ثرب
B) صفاق
C) رباط
D) مسراق",B,C
144,"الأصل النسيجي للـ Epithelioid cells أو الخلايا الظهارائية.

A) Plasma cells
B) Macrophages
C) Erythrocytes
D) Basophils
E) كل ما سبق خطأ",B,B
145,"- ترتكز على الحفرة المدورية :

A) العضلة السدادية الظاهرة
B) البسواس
C) المشطية
D) المربعة الفخذية",A,A
146,"تحت قيد الباسطات أمام الكاحل : (2017 أولى(

A) وتر الظنبوبية الأمامية على الطرف الأنسي
B) وتر باسطة الإبهام الطويلة على الرف الوحشي
C) العصب الظنبوبي الأمامي يمر فوق القيد
D) الشريان الظنبوبي االأمامي يمر فوق القيد",B,A
147,"الدرز الأكليلي :

A) يتوضع بين العظم الجبهي والجداريين.
B) يتوضع بين الجداريين.
C) يتوضع بين الجداريين والعظم القذالي في الخلف.
D) كل ما سبق خطأ.",A,A
148,"العضلات التي تقوم ببسط الذراع على الكتف ما يلي:

A) العريضة الظهرية.
B) المدورة الكبيرة .
C) الوتر الطويل لذات الرأسين العضدية.
D) الصدرية الكبيرة.",C,C
149,"الخلايا الدبقية:

A) تنشأ كلها من نقي العظم
B) اقل عددا من العصبونات
C) الخلايا قليلة التعصبنات هي بالعات
D) A+B
E) كل ماسبق خطأ",C,E
150,"ما يلي يعتبر مثالا للنسيج العامة الكثيفة المنتظمة:

A) Perichondrium
B) Periosteum
C) الأم الجافية في الدماغ.
D) كل ما سبق خطا.
E) Tendons",E,E
151,"من صفات الغدد اللعابية الداخلية عدا:

A) لها دور في إفراز اللعاب الثانوي
B) تتوضع ضمن الغشاء المخاطي للسان بشكل رئيسي
C) تصب مفرزاتها مباشرة بالفم
D) ترطب الفم خارج أوقات الطعام",D,B
152,"الرباط المتصالب الأمامي: (2017 أولى(

A) يمتد من اللقمة الأنسية للفخذ
B) يرتكز على الحدبة الظنبوبية
C) يمنع انزياح الساق للأمام
D) يمنع انزياح الفخذ للأمام",C,C
153,"تتصف الأمعاء الغليظة بما يلي ما عدا :

A) تشمل الأعور والقولون والمستقيم والقناة الشرجية.
B) التروية الشريانية من تفرعات الشريان المسار في العلوي والسفلي.
C) يتميز القولون المستعرض بدرجة جيدة من الحركة لأنه يملك مساريقي .
D) يتميز القولون السيني بدرجة جيدة من الحركة لانه يملك مساريقا.
E) يتميز الأعور بدرجة جيدة من الحركة لأنه يملك مساريقا.",E,E
154,"فرع الفك السفلي (الخاطئة):

A) حافته العلوية تسمى بثلمة الفك العلوي.
B) يتصل بجسم الفك السفلي .
C) له وجهان .
D) الرأد.",A,A
155,"وظائف الميلاتونين ماعدا :

A) ينظم الإيقاعات اليومية
B) ينظم درجة الحرارة والتناسل
C) يزيد الاستقلاب
D) ينظم الوظيفة القلبية",C,C
156,"الطيتان الصوتيتان :

A) شريطان عضليان غشائيان متحركان
B) لونهما ابيض صدفي
C) يتمادى من زاوية الغضروف الدرقي اماميا الى الناتئ الصوتي للخلف
D) كل ما سبق صحيح",D,D
157,"العصب القحفي الذي يعبر الثقبة البيضية :

A) البصري
B) العينى
C) الفكي السفلي
D) الفكي العلوى",D,C
158,"يمر ضمن الغمد السباتي ويعطي فروعاً لمعظم عضلات الحنك.

A) العصب ظهر الكتف
B) العصب اللاحق (الشوكي)
C) العصب المبهم
D) العصب الحجابي
E) لا شيء مما سبق",B,C
159,"تتفرع القصبات الفصية الى قصبات :

A) تنفسية
B) رئيسية
C) قطعية شدفية
D) ليس كل ما سبق",A,C
160,"تتواجد العناصر التاليه فى المثلث الخلفى للعنق ما عدا:

A) شريان ظهر الكتف
B) الشريان الغذائى
C) عصب فوق الكتف
D) الضفيرة الرقبية
E) العروة القبيه",B,E
161,"توجد نوى الأعصاب القحفية من الثالث حتى الثاني عشر في :

A) القشرة
B) النخاع
C) جذع الدماغ
D) البصلة السيسائية",C,C
162,"ال endoneurium :

A) يتألف من عدة طبقات من خلايا مسطحة ظهارية الشكل تنتجه خلايا شوان
B) يحيط بمجموعة من المحاوير ضمن العصب
C) كل ما سبق خطأ
D) كل ما سبق صحيح",D,B
164,"كل مايلي صحيح عن التهاب البوق عدا:

A) salpingitis هو.
B) الأضرار المخاطية تؤدي إلى العقم(Infertility)اوالحمل خارج الرحم (octopi).
C) ال تؤدي إلى الموت في حال حدوث الحمل البوقي.
D) اسمه الاخر salpinges.",C,C
165,"العبارة الصحيحة عن الرئتين:

A) تغذي الشرايين القصبية النسيج الضام للرئة.
B) الألياف الودية تضيق القصبات.
C) الألياف اللاودية توسع القصبات.
D) القصبة اليسرى أكثر عمودية من اليمني.
E) يصعد جذر الرئتين في الشهيق.",A,A
166,"يحوي البلعوم الفموي اللوزتين:

A) الفمويتين
B) البلعوميتين
C) الحنكيتين
D) الانفيتين",C,C
167,". على اي من وجوه الكبد التالية يوجد مسكن المرارة:

A) العلوي
B) الخلفي
C) السفلي
D) الامامي",B,C
168,"العصب القحفي الثاني:

A) البصري - حاسي
B) العيني - حاسي
C) البصري - حسي
D) العيني – حسي",A,A
169,"مفصل الورك : (نموذج د. جمال

A) نموذج PIVOT
B) المحفظة تغطي كامل عنق الفخذ
C) فيه رباط داخل المفصل
D) الخلع الخلقي قد يكون أمامي",B,C
170,"تحوي صدفة العظم الصدغي ما يلي عدا:

A) الصماخ السمعي الداخلي
B) انطباعات الشريان السحائي الأوسط
C) الناتئ الوجني
D) انطباعات الشريان الصدغي الأوسط",A,A
171,"تتواجد الـ myoepithelial cells فى :

A) غدة الثدي.
B) الغدد العرقية.
C) الغدد اللعابية.
D) كل ما سبق صحيح.
E) كل ما سبق خط.",D,C
172,"العظم القذالي :

A) عظم مفرد.
B) سطحه الخارجي مقعر.
C) سطحه الداخلي محدب.
D) يشغل القسم الامامي العلوي للقحف .",A,A
173,"يؤدي تفعيل الجملة الودية لما يلي عدا:

A) نقص المفرزات
B) توسع الأوعية المحيطة وارتفاع الضغط
C) تثبيط حركية السبيل الهضمي
D) تسرع تنفس",D,B
174,". اي من الفعاليات التالية تشارك بها البصلة

A) منعكس السعال
B) التوازن
C) منعكس الحدقة
D) الذوق",C,A
175,"وظيفة تحت الكتفية: (2017 أولى)

A) دوران وحشي للكتف.
B) دوران أنسي للكتف.
C) عطف المرفق.
D) عطف الكتف.
E) ولا واحد مما سبق.",A,B
176,"اختار الجواب الصحيح اذا كان هناك جوابا صحيحا واحدا فقط أو اختر الجواب الأكثر شمولا وتكاملا اذا كان هناك أكثر من جواب صحيح

A) تتكون جسيمات نسل من شبكة التوبلازمية خشنة
B) تتكون جسيمات نسل من ريبوسومات
C) تتكون جسيمات نسل من حويصلات الاتصال
D) تتكون جسيمات نسل من لايبوبروتينات
E) تتكون جسيمات نسل من غلايكوجينات",B,A
177,"تتصل الجيوب التالية بالجوف الأنفي على الصماخ الأوسط عدا: (2016أولى)

A) الوتدي.
B) الغربالي الأمامي.
C) الغربالي الأوسط.
D) الفكي العلوي.
E) الغربالي الخلفي",E,A
178,"في ارتكاز المشيمة المعيب previa placenta تتوضع المشيمة:

A) الجدار الأمامي للرحم.
B) الجدار الخلفي للرحم.
C) بين الجنين والمهبل.
D) في الفوهة الداخلية لعنق الرحم.",D,C
179,"تصادف Stratified squamous nonkeratinized epithelium في

A) mouth
B) . urinary bladder
C) esophagus
D) الأول والثالث
E) كل ماسبق صحيح",D,D
180,"كل ما يلي حول نقاط التعظم لعظام الرسغ صحيحة عدا :

A) في السنة الأولى العظم الكبير.
B) بين السنة الثالثة والسادسة العظم الهلالي.
C) في السنة الرابعة العظم الكلابي.
D) بين العاشرة والرابعة عشرة العظم الكلابي.",D,C
181,"طبقة من السحايا تغطي الجيوب الوريدية

A) الام الجافية
B) الغشاء العنكبوتي
C) الام الحنون
D) كل ماسبق خطأ",A,A
182,"يفرز المبيض ما يلي عدا :

A) ريلاكسين
B) بروجيسترون
C) إنهيبين
D) استروجين",D,A
183,"تتوضع المنطقة الشمية في :

A) القسم العلوي من مخاطية الأنف
B) القسم السفلي من مخاطية الأنف
C) كل ما سبق صحيح
D) كل ما سبق خطأ",A,A
184,"الألياف التي تربط المراكز القشرية بالمحيط تُدعى:

A) إسقاطية
B) ترابطية
C) مشاركة
D) صوارية",A,A
185,"تتمادى البصلة في الأمام لتشكل في جسم القضيب:

A) الجسم الكهفي
B) الجسم الاسفنجي
C) الساق الوسطى
D) لا شيء مما سبق",B,B
186,"الغدة النخامية :

A) تتواجد في السرج التركي التابع للعظم الوتدي
B) تتصل مع الوطاء عبر
C) لها قسمين Adenohypophysis Neurohpophysisg وقسم ثالث ضافر
D) كل ما سبق صحيح",D,D
187,"في النسيج العظمي

A) تحوي العظام على 70 %من كلس العضوية.
B) تحوي العظام على 80% من كلس العضوية
C) تحوي العظام على 90% من كلس العضوية.
D) تحوي العظام على 99% من كل العضوية.
E) كل ما سبق خطأ.",A,D
188,"الشريان العضدي : (2016 أولى)

A) سطحي التوضع نسبيا.
B) يعطي أربعة فروع هامة.
C) ينتهي بمستوى رأس الكعبرة.
D) العصب الناصف يقع أنسي الشريان على طول مساره.",A,A
189,"- العضلات الوربية :

A) تتوضع في طبقتين
B) مهمتها ربط الأضلاع ببعضها
C) تعتبر عضلة الشهيق الرئيسية
D) تدعى العضلات بين الأضلاع",A,C
190,"ما يلي صح بالنسبة للقسم الخشاني للصدغي عدا:

A) يتمادي بالناتئ الأبري
B) يحوي ثلم ذات البطنين
C) عليه انطباع الجيب السيني
D) يحوي خلايا خشانية",A,A
191,"الفعاليات التالية مركزها في الجسر ماعدا :

A) تفاعل الحدقة مع الضوء
B) الذوق
C) إفراز اللعاب و الدمع
D) المضغ",B,A
192,"ميزابة النبض بين أوتار العضلات:

A) العضدية الكعبرية / قابضة الرسغ الكعبرية
B) العضدية الزندية / قابضة الرسغ الزندية
C) المرفقية / الاستلقانية
D) الكابة المربعة / الكابة المدورة",B,A
193,"أكبر غدد الجسم

A) الكبد
B) الطحال
C) الدرقية
D) التيموس",A,A
194,"يتفرع الشريان الكلوي لخمسة شرايين:

A) قطعية
B) فصية
C) بين الفصوص
D) بين الفصيصات",A,A
195,"اختر الإجابة الصحيحة حول Follicular Theca

A) يقسم إلى ثلاث طبقات.
B) هو عبارة عن تمايز الخلايا اللحمية المحيطة مباشرة بالجريب الأولي النامي
C) تقوم خلايا بإفراز LH.
D) كل ما سبق صحيح.",D,B
196,". ينتهي الشريان الوجهي ب:

A) الشريان العيني
B) السباتي الظاهر
C) الشريان الزاوي
D) اللساني",B,C
197,"ما يلي من عضلات الساعد الأمامية العميقة عدا:

A) الراحية
B) قابضة الابهام الطويلة
C) الكابة المربعة
D) قابضة الأصابع العميقة",C,A
198,"كل ما يلي صحيح عن العصب الوجهي:

A) هو العصب السابع.
B) حركي لعضلات الوجه التعبيرية.
C) يعصب القترائية.
D) يحمل تعصيبا حاسيا .",A,C
199,"الكبد تشمع Cirrhosis

A) غير قابل للعكس
B) يؤدي لقصور كبد مميت
C) فيروس الكبد B والبلهارسيا اهم مسبباته
D) كل ما سبق صحيح",D,D
200,"كل ما يلي صحيح عن الغدة النخامية عدا :

A) تتألف من ثلاث مناطق رئيسية : النخامي الأمامية والخلفية والوسطى
B) وزنها نصف غرام
C) تتصل مع الوطاء عن طريق القمع
D) تدعى HYPOPHYSIS",A,A
201,"طبقة لب السن الأكثر عمقا والأقرب لجوهر اللب :

A) منطقة أرومة الخلايا السنية
B) المنطقة الغنية بالخلايا.
C) المنطقة الخالية من الخلايا
D) كل ما سبق خاطئ.",C,B
202,"تقع فوهة مصب الجيب الأكليلي :

A) أمام وأسفل مصب الأجوف العلوي
B) أمام وأعلى مصب الأجوف السفلي
C) أمام وأسفل مصب الأجوف السفلي
D) إلى الخلف من مصب الأجوف السفلي",B,C
203,". الزاوية الامامية السفلية للعظم الجداري

A) جبهية
B) وتدية
C) قذالية
D) خشائية",A,B
204,"عندما يتجه أخمص القدم نحو الأسفل :

A) PLANTIFLEXION .
B) INVERSION .
C) DORSIFLEXION .
D) RECTRRACTION.",A,A
205,"كل ما يلي حواف العضد عدا:

A) خلفية
B) انسية
C) وحشية
D) أمامية",A,A
206,"المحرك لعضلات اللسان:

A) 11
B) 7
C) 12
D) 9",C,C
207,"تنصف تروية العلج بما يلي ما عدا:

A) تتوضع الأوعية في التقعر بين العلج والمطكلة.
B) الشريان المعثكلي الطجي العلوي فرع الشريان المعدي العفجي.
C) الشريان المعثكلي العفجي السفلي فرع الشريان المساريقي العلوي.
D) الوريد المطكلي العفجي العلوي يصب في وريد الباب
E) تنزح لمف النصف العلوي من المطكلة إلى العقد",A,E
208,"يحوي الوجه الداخلي لفرع الفك السفلي:

A) الشوكة الذقنية
B) الناشزة الذقنية
C) اللسين
D) الخط الضرسي اللامي",B,C
209,"مواد تفرزها الغدد استجابة للتنبيه وترحل عبر الدم :

A) الغدد
B) الهرمونات
C) المستقبلات
D) لا شئ مما سبق",B,B
210,"الزاوية بين قبضة وجسم القص :

A) لويس
B) مونتغومري
C) بيل
D) لا شئ مما سبق",B,A
211,". يقع بين الطيتين الدهليزيتين والصوتيتين

A) Laryngeal ventricles
B) Laryngeal vestiulum
C) Glottis
D) Infraglottic cavity",A,A
212,"المري :

A) يبدأ عند مستوى الفقرة الرقبية السابعة
B) يجتاز الحجاب الحاجز عند مستوى الفقرة الصدرية T10
C) توجد الفتحة المريئية في السويقة اليسرى
D) كل ما سبق صحيح
E) كل ما سبق خاطئ",D,B
213,"كل ما يلي من طيات الأم الجافية عدا :

A) الخيمة المخية
B) مشول المخيخ
C) الخيمة المخيخية
D) مشول المخ",A,A
214,"- كل مما يلي من الحركات الخاصة بالقدم ما عدا :

A) Flexion
B) Eversion
C) Dorsiflexion
D) Inversion",D,A
215,". يخرج العصب الفكي العلوي من:

A) الثقبة البيضية
B) الثقبة الشوكية
C) الثقبة المدورة
D) الثقبة الوداجية",A,C
216,"يتميز النبيب المعوج القريب بما يلي عدا :

A) أطول من النبيب المعوج البعيد
B) خلايا ظهارته محبة للحمض
C) ينشأ من القطب الوعائي لمحفظة بومان
D) نجد في المقطع العرضي 3-5 نوى كروية",B,C
217,"يتحدد المنصف العلوي جانبيا بـ:

A) الجنية المنصفية.
B) النهاية السفلية للعضلة الطويلة العنقية.
C) منشأ العضلة القصية اللامية.
D) منشأ العضلة القصية الدرقية.
E) اللقافة الجانبية للقوس الأبهرية.",A,A
218,"- تتمفصل الوجيهات الموجودة على النواتي المستعرضة للفقرة الصدرية مع:

A) حديبة الضلع الأعلى منه
B) رأس الضلع الموافق
C) حديبة الضلع الموافقة
D) رأس الضلع الأعلى منه",C,B
219,"يمر عبرهما الهواء إلى جوف الأنف :

A) CHOANA
B) المنخرين
C) المنعرين
D) كل ما سبق خطأ",A,B
220,". اختر الاجابة الصحيحة المتعلقة بعضلات جدار البطن:

A) تتخذ الياف المائلة الداخلية اتجاه مستعرض
B) المستقيمة البطنية تقسمها تداخلات وترية
C) تتجه الياف المائلة الخارجية للاعلى والوحشي
D) العضلة الدرقفية من عضلات جدار البطن الامامي",C,B
221,"الأعصاب التالية تتواسط حس التذوق التذوق عدا :

A) السابع والتاسع.
B) الوجهي.
C) الإضافي البلعومي.
D) اللساني.",D,C
222,"تصل الشبكة الخصوية ب القسم الرأسي من البربخ.

A) ductuli efferented.
B) straight tubules.
C) Mesothelium.
D) germinal epithelium.",A,A
223,"ترتكز العضلة العريضة الظهرية : (2017 ثانية)

A) قاع أخدود ذات الرأسين.
B) أنسي اخدود ذات الرأسين.
C) وحشي أخدود ذات الرأسين.
D) الناتئ الغرابي.
E) حديبة العضد الكبرى.",B,A
224,"الظنبوب (الخاطئة):

A) يتمفصل مع لقمتي الفخذ ورأس الشظية في الأعلى.
B) يوجد على الجانب الانسي للقمة الأنسية سطح مفصلي للتمفصل مع رأس عظم الشظية.
C) تتبارز النهاية السفلية نحو الأسفل في الجانب الأنسي لتشكيل الكعب الأنسي.
D) ينفصل السطحان المفصليان للقمتي الظنبوب عن بعضهما بالباحثين بين اللقمتين الأمامية والخليفة .",C,B
225,"أحد القولونات التالية يمتد بشكل أفقي :

A) الكولون النازل
B) الكولون الصاعد
C) الكولون المعترض
D) كل ما سبق خطأ",C,C
226,"من وظائف خلايا سرتولي ما عدا:

A) انتاج الهرمون المضاد لقناة وولف.
B) مساعدة النطيفات على التطور إلى نطاف ناضجة.
C) افراز سائل يساعد في نقل النطاف,،ABP Inhibin B
D) حماية النطاف من التأثير السيئ للمواد المختلفة في الدم.",A,A
227,"الخاطئ حول اللسان :

A) له دور لمسي ذوقي ويساهم في التصويت
B) يوصف له ذروة وجذر ووجه سفلي وظهر
C) يوجد مكان اتصال الثلثين الامامين مع الثلث
D) تبرز فيه بروزات هي حليمات لسانية",C,B
228,"عدد القطع العصعصية في النخاع الشوكي هو :

A) 5
B) 4
C) 2
D) 1",B,D
229,"يتألف الجسم الثفني مما يلي عدا:

A) رأس.
B) منقار.
C) جسم.
D) ركبة .",D,A
230,"تمثل العضلة الدافعة في المثانة الطبقة

A) المخاطية
B) العضلية
C) المصلية
D) تحت المخاطية",B,B
231,"خلايا توجد في الجلد وتعمل كمستقبلات آلية حسية :

A) خلايا لانغرهانس.
B) خلايا ميركل.
C) خلايا الميلانين.
D) a+b",D,B
232,"ما يلي صحيح بالنسبة للمغازل العضلية :

A) هي بنية غير ممحفظة
B) لا تحتوي على أليافه عضلية
C) توجد أيضاً في العضلات الملساء
D) الإجابتان الأولى والثانية صحيحتان
E) كل ما سبق خطأ",C,C
233,"يدخل العظم الجبهي بوجهه الظاهر في تشكيل

A) القحف الحشوي
B) القحف الجداري
C) القحف العصبي
D) الحفرة البكرية",B,A
234,"تضطرب النظم التنفسية وتلقائية التنفس في:

A) تسري نصفي الكرة المخية
B) قطع جذع الدماع العلوي
C) افات غطاء البصلة
D) قطع السبيل الهرمي",C,أفات الدارات اللمبية
235,"كرة صغيرة فوق قمة الغضروف :

A) الطرجهالي
B) القريني
C) الإسفيني
D) الفلكة",A,B
236,"لا توجد الغدد الزهمية في :

A) راحة اليد وأخمص القدم
B) حشفة القضيب
C) دهليز الفرج
D) B+C",D,A
237,"يحتوي Body Vitreous على العناصر التالية عدا:

A) Macrophages
B) Fibroblasts
C) Collagen Fibrils
D) Hyalocytes",B,B
238,"يجري البول في الحالب بفضل:

A) التقلصات التمعجية
B) ضغط الرشح الكبي
C) الجاذبية الأرضية
D) A + B",D,D
239,"مجاورات البلعوم الحنجري : (اختر الخاطئة )

A) غضروف الفلكة في الأعلى
B) الغضروف الحلقي في الأسفل
C) اماميا بالرغامى
D) خلفيا بالفقرات الرقمية 4-5-6",C,C
240,"العصب المسؤول عن حركات عضلات الوجه التعبيرية:

A) السابع
B) الخامس
C) الثالث
D) الأول",A,A
241,"الزاوية الخلفية السفلية في العظم الجداري:

A) خشانية
B) وتدية
C) قذالية
D) جبهية",B,A
242,". مصطلح لاتيني خاطىء:

A) وريد راسي Azygos vein
B) الوريد القاعدي Basilic vein
C) الجذع البطني الزلاقي celiac trunk
D) الوريد نصف الفرد Hemiazygos",D,A
243,". اي من الاتي يشاهد على الوجه الوحشي لنصف الكرة المخية

A) Collateral sulcus
B) Paracentral gyrus
C) Superior temporal gyrus
D) Uncus",A,C
244,"يقع الغضروف الحلقي مقابل الفقرة :

A) T6
B) C6
C) L6
D) ليس كل مما سبق",B,B
245,"يسمى فرع الفك السفلي ايضا:

A) القاعدة.
B) جسم الفك السفلي.
C) الرأد.
D) الحافة السنخية.",C,C
246,"من فروع الابهر النازل البطني أمامية ما عدا:

A) الشريان الحجابي
B) الشريان المساريقي العلوي
C) الشريان المساريقي
D) الجدع البطني",A,A
247,"يتكون العظم الوتدي من ما يلى عدا :

A) ناتئ جناحي مفرد
B) جناحين كبيرين
C) جناحين صغيرين
D) جسم",D,A
248,". الاجابة الصحيحة المتعلقة بال hypoid bone

A) هو عظم مزدوج
B) يتمفصل مع العظم الفكي السفلي
C) له اربع قرون
D) يتجه القرن الصغير نحو الاسفل",A,C
249,". اي من البنى التالية تشاهد على الوجه السفلي للسان

A) الطية المخملية
B) الطية الحنكية اللسانية
C) الطية تحت اللسان
D) اللحمية تحت اللسان",C,A
250,"التعصب الودي للقلب يأتي عبر:

A) الجذع الودي الرقبي
B) الجذع الودي الصدري
C) الجذع الودي القطني
D) المبهم",B,A
251,"تضم المجموعة الأمامية لعضلات الزنار الكتفى المرتبطة بالعضد العضلات التالية عدا:

A) الدالية .
B) الصدرية الصغيرة .
C) الصدرية الكبيرة.
D) الغرابية العضدية.",A,A
252,"كل الهرمونات التالية لها دور في استقلاب النسيج الشحمي في مراحل مختلفة ما عدا:

A) glucocorticoids,
B) thyroid hormone
C) Growth hormone
D) insulin
E) Parathormon",E,E
253,"الرباط المتصالب الأمامى:

A) يمتد من اللقمة الأنسية للفخذ
B) يرتكز على الحدية الظنبوبية
C) يمنع ازياح الساق للأمام
D) يمنع ازياح الفخذ للأمام",A,C
254,"العضلة شبه المنحرفة:

A) تتألف من جزئين علوى وسفلى
B) تعصب من الضفيرة العضدية مباشرةً
C) لها ارتكاز جزئى على الترقوة
D) ليس لها ارتكاز على الاخرمى",A,C
255,"يعبر العصب الوجهي عبر:

A) الثقبة الإبرية الخشانية
B) الثقبة المدورة
C) الثقبة الشوكية
D) الثقبة البيضية",A,A
256,"من محتويات الجيب العجاني العميق عند الأنثى كل مما يلي عدا:

A) جزء من الإحليل.
B) جزء من المهبل.
C) مصرة إحليلية (للإحليل والمهبل).
D) أوعية فرجية باطنة وفروعها.
E) العضلتين العجانيتين المستعرضتين السطحيتين.",E,E
257,"يساهم بتشكيل المفصل الكعبري الرسغي : (2007)

A) رأس العضد.
B) العظم الكبير.
C) قرص مفصلى.
D) العظم الكلابي.",D,C
258,"الperikaryon هو:

A) جسم الخلية العضلية المخططة
B) غشاء الخلية العصبية ( العصبون).
C) غشاء الخلية العضلية القلبية .
D) غمد الليف العصبي.
E) جسم الخلية العصبية ( العصبون).",E,E
259,"يحتوي الجيب العجاني العميق الذكري ماعدا:

A) إحليل غشائي.
B) غدة بصلية إحليلية.
C) معصرة إحليلية.
D) عصب ظهر القضيب.
E) بصلة القضيب.",B,E
260,". ينشأ شريان ظهر القدم من

A) Anterior tiial artery
B) Posterior tibial artery
C) Popliteal artery
D) Femoral artery",B,A
261,"كل ما يلي صحيح عن البريتوان عدا :

A) المراق إمتداد البريتوان من الأمعاء إلى الجدار الأمامي للبطن
B) الثرب إمتداد البريتوان بين حشا وحشا آخر
C) الرباط إمتداد البريتوان من حشا إلى الجدار الأمامي للبطن
D) غشاء مصلي له طبقة جدارية وطبقة حشوية",C,A
262,"تفرز خلايا بيتا في البنكرياس :

A) الغلوكاغون
B) الأنسولين
C) السوماتوستاتين
D) لا شيء مما سبق",B,B
263,"SOLEUS :

A) من عضلات الساق
B) تعمل دوران وحشى للساق
C) هو رباط داخل الركبه
D) تعمل عطف للركبة",A,A
264,"مايلي صحيح عن الخصية testes عدا :

A) تحاط ب الغاللة البيضاء (نسيج ضام كثيف)
B) الحجب الضامة التي تقسم الخصية إلى فصوص تكون غير كاملة.
C) فصيصات الخصية تكون مفصولة عن بعضها تماما.
D) كل فصيص فيها يحوي 4-1 أنابيب منوية.",C,C
265,"من صفات الترقوة ماعدا :

A) الوجه العلوي عليه ميزابة العضلة تحت الترقوة
B) النهاية الأنسية مسطحة
C) الوجه العلوي أملس
D) عظم طويل له شكل حرف S",C,A
266,"اذا أصيبت ينتج عن ذلك :

A) حبسة استقبالية
B) حبسة كلامية
C) حبسة تعبيرية
D) حبسة شرجية",C,C
267,"التامور الخارجي الذي لا يرتبط بالقلب

A) التامور الليفي
B) التامور المصلي الجداري
C) التامور المصلي الحشوي :
D) لا شيء مما سبق",B,A
268,"تشكل جدران الفم :

A) الشفتان
B) الشدقان
C) الحنك
D) كل ما سبق صحيح",D,D
269,"القسم من الضلع الواقع بين الرأس والحديبة:

A) الجسم
B) الميزابة
C) العنق
D) الرأس",C,C
270,"تمثل لفافة collies:

A) الوريدية السطحية للفافة السطحية لجدار البطن الامامي.
B) الوريدية العميقة للفافة السطحية لجدار البطن الامامي.
C) الوريدية العميقة للفافة السطحية للعجفن.
D) اللفافة العميقة للقضيب.
E) الوريدية العميقة للفافة السطحية للعجفن.",A,E
271,"الضفيرة العضدية: (2017 أولى)

A) تتشكل في المثلث الأمامي للعنق .
B) من الأعصاب الشوكيةC 4-5-6 .
C) الحبل الوحشي يعطي العصب الكعبري .
D) الحبل الخلفي يعطي العصب الإبطي .",D,C
272,"كل ما يلي عن القسم الحجاجي للعظم الجبهي صحيح عدا:

A) يحوي في قسمه الوحشي الحفرة البكرية .
B) يدخل في تشكيل سقف الحجاج.
C) يفصله عن القسم الصدفي الحافة فوق الحجاج.
D) ذو توضع أفقي.",D,A
273,"يتمفصل الظنبوب في الأسفل مع:

A) الكعب
B) العقب
C) القعب
D) الفخذ",A,C
274,"من أقسام النفرون ماعدا:

A) الكبيبة الكلوية
B) الأنبوب القريب
C) الشريان القطعي
D) الأنبوب البعيد",C,C
275,"في العصبون:

A) القطعة الابتدائية غير محاطة بفمد النخاعين
B) يتم صنع النواقل العصبية في المحوار
C) النهاية ما بعد المشبكية قد تكون جزءا من محوار عصبون اخر
D) A+C
E) كل ماسبق خطأ",D,D
276,"بالنسبة لتكون الكريات الحمر في نقي العظم:

A) مع تطور الخلايا تحدث زيادة مطردة لحجم الخلية والنواة
B) مع تطور الخلايا يحدث تناقص مطرد في كمية الهيموغلوبين
C) الخلية الشبكية لا تحتوي على نواة
D) A+B
E) كل ما سبق صحيح",C,C
277,"ترتبط من العضلات العميقه التاليه للمثلث الخلفى للعنق بحدبه الاطلس الخلفيه

A) المستقيمه الرأسيه الخلفيه الصغيرة
B) المستقيمه الرأسيه الجانبيه
C) المستقيمه الرأسيه الاماميه
D) المستقيمه الرأسيه الخلفيه الكبيره
E) المنحرفه الرأسيه السفليه",D,A
278,"العضلة ثلاثية الرؤوس العضدية : (2010)

A) تنشأ جميع رؤوسها من عظم العضد.
B) هي من عضلات العضد الأمامية .
C) يعصبها العضلى الجلدى .
D) باسطة المرفق .",D,D
279,"يتصل بالخلف مع البلعوم الفموي عبر برزخ الحلق:

A) دهليز الفم
B) اللثتين
C) جوف الفم المخصوص
D) القوس السنخية",C,C
280,"تقوم القشرانيات المعدنية ب :

A) تحريض تركيب الغلوكوز
B) تتحول إلى تستسترون في عدة أنسجة
C) تحرض على إعادة امتصاص شوارد الصوديوم.
D) b+c",D,C
281,". البنية التي تغطي السطوح الامامي والانسي والوحشي للخصية هي

A) لفافة كولس
B) اللفافة المنوية الخارجية
C) الغلالة الغمدية
D) اللفافة المنوية الداخلية",A,C
282,"موقع الغدة الدرقية

A) تحت الحنجرة وعلى جانبي الرغامي وأمامها
B) يتصل الفصين مع بعضهما بجسر نسيجي يدعى البرزخ
C) تحاط بلفافة من اللفافة الرقبية السطحية
D) A + B",D,A
283,"تتوضع مستقبلات الشم في :

A) الجدار الوحشى للأنف.
B) أرضية الأنف.
C) سقف الأنف.
D) كل ما سبق خطأ .",C,C
284,"هرمونات الغدة النخامية ذات طبيعة:

A) شحمية
B) بيتيدية
C) سكرية
D) لا شيء مما سبق",B,B
285,"مفصل المرفق:

A) نموذج رزى
B) لا يتصل مع الكعبرى الزندى العلوى
C) عبره تتم حركه الكب والاستلقاء
D) لا يشارك رأس الكعبره فى تكوينه",C,A
286,"تنشأ العضلة المدورة الكبيرة من : (2017 إضافية)

A) أسفل الحافة الوحشية لعظم لوح الكتف.
B) الحافة السفلية لشوك الكتف.
C) الحفرة تحت الكتفية لعظم اللوح.
D) الحفرة تحت الشوكية لعظم اللوح.
E) أعلى الحافة الوحشية لعظم اللوح.",E,A
287,"يتوضع الأبهر النازل البطني

A) أيسر الأجوف السفلي
B) خلف الأجوف السفلي
C) أيمن الأجوف السفلي
D) أمام الأجوف السفلي",B,A
288,"يجاور السطح العلوي لمثانة الرجل

A) عرى اللفائفي والكولون السيني
B) الجيب المثاني الرحمي
C) الجيب المستقيمي المثاني
D) لا شيء مما سبق",C,A
289,"عضلة الشهيق الرئيسية:

A) الحجاب الحاجز.
B) رافعات الأضلاع.
C) المستعرضة الصدرية.
D) العضلات الوربية.",A,A
290,"يدخل سرة الكلية من الخلف للأمام:

A) شريان – وريد – حويضة
B) وريد – شريان – حويضة
C) حويضة – شريان – وريد
D) حويضة – وريد – شريان",B,C
291,"تشمل الغلالة الوسطة ماعدا :

A) القزحية
B) المشيمية
C) عدسة العين
D) الجسم الهدبي",C,C
292,"استجابة الاحتياجات العضوية، يتم تحريك واستهلاك النسيج الشحمي :

A) retro-orbital fat pads .
B) mesenteric deposits
C) Subcutaneous fat
D) retroperitoneal deposits
E) الثاني والثالث",E,B
293,"يتصف عظم الزند بما يلي:

A) يقع في الساعد.
B) منه الثلمة الزندية للكعبرة.
C) منه الزج.
D) منه الناتئ المنقاري.",A,B
294,"hypophysis اختر الإجابة الصحيحة:

A) قطرها 1 سم
B) قسمها الأمامي عصبي
C) وزنها جرام واحد
D) كبيرة الحجم",A,A
295,"كل ما يلي عن مجاورات الرغامي صحيح عدا :

A) يقع المرى أمام المري
B) يقع الشريان العضدي الرأسي أمام الرغامي
C) يقع الشريان السباتي المشترك أمام الرغامي
D) تمر قوس الأبهر أمام الرغامي",B,A
296,"البلعوم :

A) يوجد توسع قبل الحنجرة يدعى باسم الردب الكمثري
B) يوجد في مكان التقاء اللسان مع الفلكة ثلاث طيات ناصفة ووحشيتان
C) يوجد تحت الفلكة انخفاض يدعى الوحدة
D) يعد البلعوم الأنفي جزء من أجزاء الجهاز الهضمي",A,A
297,"تحوي الخاصرة اليمني:

A) الفص الكبدي الأيمن
B) المرارة
C) الكولون النازل
D) لا شيء مما سبق",D,D
298,"يحوي الوجه الداخلي لفرع الفك السفلي :

A) الشوكة الذقنية
B) الناشزة الذقنية
C) اللسين
D) الخط الضرسي اللامي",B,B
299,"العظم الفكي السفلي (الخاطئة):

A) تقع ثلمة الفك السفلي أسفل وأمام الحافة العلوية للرأد .
B) يتمادى الخط المائل في الخلف بالحافة الأمامية للرأد.
C) تقع الحفرة تحت اللسانية أعلى الخط الضرسي اللامي.
D) تشكل الثقبة الذقنية الفوهة الأمامية للنفق الفكي السفلي.",A,A
300,"خلايا أكثر عددا وتتوضع في المركز :

A) خلايا ألفا.
B) خلايا بيتا.
C) خلايا سيغما.
D) خلايا pp .",B,B
301,"تتواجد أحمال البوق في :

A) القمع
B) المجل (الأنبورة)
C) البرزخ
D) الجزء داخل الجدار",B,A
302,"تشاهد التلمة الكعبرية للزند على:

A) الوجه الوحشي للزج.
B) الوجه الإنسي السفلي للناتي الإبري.
C) الوجه الوحشي للناتئ المنقاري.
D) الوجه الأنسي للزج.",A,C
303,"المستوى الذي يقسم الجسم إلى نصفين أيمن وأيسر

A) Sagittal plane
B) Frontal plane
C) Transverse plane
D) Coronal plane",A,A
304,"يبطن بالنسيج الظهاري البسيط:

A) الحالب
B) الامعاء
C) الانبوب البولي
D) غشاء البريتوان",C,B
305,"من صفات غشاء الأمعاء الغليظة المخاطي :

A) لا توجد فيه زغابات معوية إطلاقا
B) الغدد المعوية طويلة ومتكدسة.
C) الخلايا الكأسية والماصة غزيرة جدا
D) كل ما سبق صحيح.",A,D
306,"- الناتئ الإبري يقع :

A) وحشي النفق السباتي
B) إنسي النفق السباتي
C) وحشي الحفرة الوداجية
D) إنسي الحفرة الوداجية",B,C
307,"العظام الاسفينية في رصغ القدم: (2006)

A) الأول هو الوحشي.
B) يتمفصل الأنسي في الخلف مع الزورقي.
C) يجاور الثالث من الخلف النردي.
D) يتمفصل الأوسط مع المشط الثالث.",B,B
308,"تتوضع الثقبة العوراء في اللسان :

A) خلف الكلم الإنتهائي
B) في ذروة اللسان
C) أمام الثلم الإنتهائي
D) على حافتي اللسان",C,A
309,"تحت قيد الباسطات أمام الكاحل: (2017)

A) وتر الظنبوبية الأمامية على الطرف الأنسي.
B) الشريان الظنبوبي الأمامي يمر فوق القيد.
C) العصب الظنبوبي الأمامي يمر فوق القيد.
D) وتر باسطة الإبهام الطويلة على الطرف الوحشي.",D,A
310,". الاجابة الصحيحة بخصوص رباعية الرؤوس الفخذية

A) تنشا بثلاث رؤوس من الحوض
B) ترتكز على الخط النعلي للظنبوب
C) تبسط الساق على الفخذ
D) هي triceps brachii",B,C
311,"الأبهر كل ما يلي ماعدا:

A) من الشرايين المتوضعة على الجدار الخلفي لجدار البطن.
B) يدخل البطن عبر الفرجة الأبهرية.
C) ينزل أمام أجسام الفقرات القطنية.
D) من تفرعاته الأمامية الجذع الزلاقي.
E) ينقسم عادة أمام الفقرة القطنية الثالثة إلى الشريانين الحرقفيين الأصليين والشريان العجزي الناصف.",A,E
312,"SUPINATOR

A) من مدورات الكتف
B) عصب الحجره الخلفيه للساعد
C) عضلة مقربة للفخذ
D) عضلة عميقة فى الساعد",A,D
313,"أطول أجزاء الأنبوب الهضمي :

A) المعي الدقيق
B) المري
C) المعدة
D) المعي الغليظ",A,A
314,"تشمل عضلات ضرة اليد عدا:

A) مبعدة الخنصر
B) مقربة الخنصر
C) قابضة الخنصر القصيرة
D) مبعدة الخنصر",D,B
315,"إن ترتيب العضلات من الأعلى للأسفل على الناحية الخلفية للألية:

A) كمثرية - توأمية علوية - سادة باطنة - توأمية سفلية
B) كمثرية - توأمية علوية - توأمية سفلية - سادة باطنة
C) كمثرية - سادة باطنة - توأمية علوية - توأمية سفلية
D) توأمية علوية - سادة باطنة - كمثرية - توأمية سفلية
E) سادة باطنة - كمثرية - توأمية علوية - توأمية سفلية",B,A
316,"يتلقى وريد الباب الدم من:

A) كل أقسام الأنبوب الهضمي عدا القناة الشرجية.
B) كل أقسام الأنبوب الهضمي عدا المستقيم والشرج.
C) كل أقسام الأنبوب الهضمي عدا الثلثين السفليين للمستقيم والقناة الشرجية.
D) كل أقسام الأنبوب الهضمي.",B,C
317,"تنشأ الغدة الصنوبرية من :

A) من الوريقة العصبية الخارجية.
B) من الوريقة المتوسطة.
C) من الوريقة الداخلية.
D) كل ما سبق خطأ.",B,A
318,"من عظام القسم الداني (القريب ) لعظام الرسغ (مكرر):

A) الحمصي.
B) المنحرفي.
C) الكبير.
D) المربعي.",B,A
319,"الحجاب الحاجز إختر الإجابة الخاطئة :

A) هو أهم العضلات التنفسية
B) القسم العضلي ينشأ من القص والأضلاع السفلية والفقرات الصدرية
C) المركز الوتري هو تمادي للألياف العضلية
D) يعصبه العصب الحجابي الذي يأتي من النخاع الشكي الرقبي",C,B
320,"كل ما يلي من تلافيف الوجه الوحشي لنصف الكرة المخية ماعدا :

A) أمام المركزي
B) خلف المركزي
C) الوتد
D) الصدغي العلوي",A,C
321,"من صفات الأجسام الصفائحية:

A) تعتبر علامة للخلايا التنفسية من النمط الأول.
B) حبيبات بقطر 400 - 100 ميكرومتر محاطة بغشاء
C) تعتبر علامة للخلايا التنفسية من النمط الثاني.
D) A+C",D,C
322,"الأعصاب الحسية تنقل المعلومات من الأعضاء التالية عدا:

A) العين
B) الأذن
C) الجلد
D) اللسان",D,C
323,"المنطقة الأعمق في الكظر :

A) اللب
B) الحزمية
C) الشبكية
D) الكبيبية",C,A
324,". كل مايلي حول مرور الاعصاب القحفية من قاعدة القحف صحيح عدا

A) العصب العيني يمر من النفق البصري
B) العصب البكري يمر من الشق الحجابي العلوي
C) العصب الوجهي يخرج من الثقبة الابرية الخشائية
D) العصب الساني البلعومي يمر من الثقبة الوداجية",B,A
325,"الطبقة المبطنة للتامور الليفي:

A) التامور الليفي
B) التامور المصلي الجداري
C) التامور المصلي الحشوي
D) لا شيء مما سبق",B,B
326,"العبارة الخاطئة عن الجلد الرقيق :-

A) مشعر.
B) الطبقة المحببة واللامعة أكثر وضوحا.
C) سماكة البشرة (75 _ 150) مكرون.
D) نشاهد الطبقة القاعدية والشائكة بشكل رئيسي.",C,B
327,"يسير عميقاً من الشريان السباتي ويعصب الحجاب الحاجز.

A) العصب ظهر الكتف
B) العصب اللاحق (الشوكي)
C) العصب المبهم
D) العصب الحجابي
E) لا شيء مما سبق",B,B
328,"كل ما يلي من الأوردة التي تستخدم لأخذ عينات من الدم عدا :

A) الوريد الأبطى
B) الوريد القاعدي
C) الوريد المرفقي الناصف
D) الوريد الرأسي",B,A
329,"اختار الجواب الصحيح اذا كان هناك جوابا صحيحا واحدا فقط أو اختر الجواب الأكثر شمولا وتكاملا اذا كان هناك أكثر من جواب صحيح

A) تتولد الخلايا اللمفاوية في العقد اللمفاوية فقط
B) اللمفاويات على نوعين كبيرة وصغيرة
C) عند الإصابات تتحول التقاويات الى خلايا بالعة
D) عدد اللمفاويات في الهم يزداد في المرتفعات
E) عند الإصابات تتحول بعض اللمفاويات الى بلازمية",B,E
330,"أطول أجزاء أنبوب الهضم:

A) المري
B) المعي الدقيق
C) الكولون
D) البلعوم",B,B
331,"الخلايا الشحمية قادرة على تصنيع Fatty acids من الغلوكوز هي عملية تتسرع بتاثير :

A) الغلوكاغون
B) الانسولين
C) الباراثورمون
D) الثيروكسين
E) الثالث والرابع",B,A
332,"يحوي القسم الصخري للعظم الصدغي التضاريس التالية عدا:

A) الثقبة المدورة
B) ثقبة النفق السباتي
C) الناتئ الأبري ومسم السمع الباطن
D) الحفرة الوداجية",C,A
333,"زاوية الحمل

A) تتكون بين الزند والكعبرة
B) تظهر فى وضعية الكعب
C) تقيس 15 درجة
D) كل ما يبق خطأ",A,C
334,". يدخل في تشكيل التيه العظمي

A) الانفاق نصف الدائرية
B) القريبة
C) القناة القوقعية
D) القنوات نصف الدائرية",A,A
335,"العضو السمعي يوجد ضمن:

A) القناة الموقعية
B) القنوات نصف الدائرية
C) القريبة
D) الكييس",B,A
336,"تروية العفج ما عدا:

A) الشريان العفجي المعتكلي العلوي هو فرع من الشريان المعدي العفجي.
B) الشريان العفجي المعتكلي السفلي هو فرع من الشريان المساريقي العلوي.
C) الوريد المعتكلي العفجي العلوي يصب في وريد الباب.
D) الوريد المعتكلي العفجي السفلى يصب في الوريد المساريقي العلوي.
E) النزح اللمفاوي للقسم العلوي ينتهي إلى العقد المساريقية العلوية.",B,E
337,"الطبقي المحوري من ضمن:

A) التشريح الشعاعي
B) التشريح السريري
C) التشريح الجهازي
D) التشريح الفيزيولوجي",B,A
338,"يربط الرحم بجدران الحوض الجانبية الرباط:

A) الاربي
B) المدور
C) العريض
D) الوريدي",C,C
339,"لون لب الكظر :

A) بني غامق
B) أبيض
C) مائل للصفرة
D) رمادي",A,A
340,"يضم جهاز التنفس :

A) الجزء الناقل
B) الجزء المشكل للصوت
C) الجزء التنفسي
D) كل ما سبق صحيح",D,D
341,". يوجد على الكعبرة:

A) Radial notch
B) Trochlear notch
C) Dorsal tubercle
D) كل ماسبق خطأ",D,C
342,"الخلايا المسائلة ( أو التابعة في العضلات الهيكلية :

A) تتوضع مباشرة تحت ال endomysium
B) يعتقد أن لها دور في تجدد النسيج العضلي
C) توجد في الخلايا العضلية القلبية أيضاً
D) الإجابتان الثانية والثالثة صحيحتان
E) كل ما سبق صحيح",D,B
343,"الخطأ عن المهاد

A) يقع المهاد على الخط الناصف
B) ماتحت المهاد الكرة الشاحبة
C) مافوق المهاد الغدة الصنوبرية
D) يرتبط بالسويقة النخامية الوطاء",B,A
344,". يتكون لجيم البظر من:

A) الشفرين الصغيرين
B) الشفرين الكبيرين
C) جبل العانة
D) العويشكة",A,A
345,"أي الشرايين التالية يعطي فروعا تروي الغدة تحت الفك: (2017 أولى)

A) البلعومي الصاعد.
B) الصدغي السطحي .
C) اللساني.
D) الأذني الخلفي.
E) تحت الذقن.",A,E
346,"ما يلي من تلافيف الوجه السفلي لنصف الكرة المخية ماعدا :

A) المستقيم
B) حصان البحر
C) اللساني
D) المحجن",A,B
347,"تشكل معظم الكتلة العضلية للسان.

A) ذقنية لسانية
B) ضرسية لامية
C) لامية لسانية
D) ذقنية لامية
E) ذات البطنين",A,A
348,"توجد خلايا تتوضع ضمن lacunae

A) Adipose tissue
B) Cartilage
C) Bone
D) Fibrous connective tissue
E) Cartilage + bone",E,E
349,"أصغر الحليمات الذوقية وأكثرها عدداً:

A) الخيطية
B) الفطرية
C) الورقية
D) المحوطة",A,A
350,"على وجهه السفلي تلم لمرور وتر الشظية الطويلة :

A) النردي
B) العقب
C) الزورقي
D) القعب",B,A
351,"كل ما يلي صحيح فيما يتعلق بحدود الغدة النكفية عدا :

A) في الأمام الثاني الخشائي
B) في الخلف الخشاء
C) في الخلف العضلة القترانية
D) في الأمام فرع العظم الفكي السفلي",C,A
352,"أضخم عظم في هيكل القدم:

A) .Calcaneum
B) Navicular .
C) Talus .
D) Cuboid .",A,A
353,". البربخ هو

A) Penis
B) Epididymis
C) Scrotum
D) Teste",B,B
354,"عضلات طويلة تربط الفقرات مع بعضها:

A) عضلات جدار البطن الأمامي
B) عضلات العمود الفقري
C) عضلات الصدر السطحية
D) عضلات الصدر العميقة",B,B
355,"اضيق قسم في جذع الدماغ

A) مستوى المزلاج
B) مستوى الوصل البصلي الجسري
C) مستوى الدماغ المتوسط
D) مستوى منتصف الجسر",B,المستوى الذنبي للبصلة
356,"اي من الخلايا الآتية في الظهارة التنفسية تعد

A) الخلايا الكأسية
B) الخلايا الفرشاتية.
C) خلايا كولشيسكي.
D) الخلايا القاعدية.",B,B
357,"115من عضلات الزنار الكتفي المرتبطة بالعضد

A) الصدرية الكبيرة
B) تحت الترقوة
C) فوق الشوكية
D) الدالية",A,B
358,"يقع التلفيف خلف المركزي في :

A) الفص الصدغي.
B) الفص الجداري.
C) الفص القذالي.
D) فص الجزيرة.",B,B
359,"يتكون الوعاء الدموي مما يلي ما عدا :

A) طبقة متوسطة من الياف عضلية مخططة
B) ظهارة بسيطة مسطحة
C) نسيج ضام تحت البطاني
D) صفيحة مرنة داخلية",A,A
360,". جس النبض

A) الشريان الكعبري
B) الابهر الصاعد
C) الشريان الابطي
D) كل ماسبق خطأ",D,A
361,"التلفيف خلف المركزي يحوي باحة :

A) الحس الجسدي الأولية
B) الحركة الأولية
C) الحس الثانوي
D) السمع",A,A
362,"العضلات الداخلية لليد:

A) تعصب كلها من الزندى
B) تعطف المفاصل بين السلاميات
C) أربع منها لا تنشأ من العظام
D) ترتكز أوتارها على حواف قواعد السلاميات",C,C
363,"إن نقص الوارد الغذائي من الكالسيوم يؤدي لـ:

A) استعداد أكبر للكسور العظمية.
B) Osteopetrosis
C) Osteoporosis
D) الأول والثاني
E) كل ما سبق صحيح",A,A
364,"عضلات تقوم بالدوران الوحشي في الذراع عدا:

A) المدورة الكبيرة
B) الدالية
C) المدورة الصغيرة
D) تحت الشوك",D,A
365,"يضم الغمد السباتي ما يلي عدا:

A) الشريان السباتي الباطن
B) الشريان السباتي الظاهر
C) الشريان المبهم
D) الوريد الوداجي الباطن",B,B
366,"وظائف الميلاتونين ما عدا:

A) ينظم الإيقاعات اليومية
B) ينظم درجة الحرارة والتناسل
C) يزيد الاستقلاب
D) ينظم الوظيفة القلبية",C,C
367,"أصغر الحليمات الذوقية وأكثرها عدداً:

A) الخيطية
B) الفطرية
C) الورقية
D) المحوطة",A,A
368,"العضلة الحرقفية تنتمي لـ:

A) عضلات الزنار الحوضي الأمامية
B) عضلات الزنار الحوضي الخلفية
C) عضلات الزنار الحوضي الأنسية
D) عضلات الزنار الحوضي الوحشية",B,A
369,". العضلات الاتية هي من العضلات السطحية في العنق ماعدا

A) Intercostal musles
B) Trapezius
C) Suprahyoid muscles
D) Sterocleidomastoid",A,A
370,"وظيفة العضلة الظنبوبية الخلفية:

A) شتر القدم
B) القبض الظهري
C) القبض الاخمصي
D) A + C",D,D
371,"(اشر إلى الخيار الخاطئ) جهاز ها فرس يتألف من:

A) هو ثابت لا يتبدل
B) صفيحات متراكزة
C) قناة مركزية
D) توضع الصفيحات بشكل مواز للمحور الطويل للعظم
E) تتوضع الـ Osteocytes غالباً بين الصفيحات.",A,A
372,"القسم المسؤول عن تنظيم الفعالية الحياتية الذاتية هو:

A) جذع الدماغ
B) الدماغ البيني
C) الدماغ الانتهائي
D) المخيخ",A,A
373,"مادة شبيهة بالهلام يشغل أربعة أخماس المقلة :

A) الخلط الماني
B) الخلط الزجاجي
C) العدسة
D) الشبكية",B,B
374,"يتم إفراز الهرمون المضاد للإدرار ADH من عصبونات تقع أجسامها في :

A) الأنوية جانب البصرية
B) الأنوية فوق البصرية
C) الأنوية فوق البطينية
D) الأنوية جانب البطينية",A,B
375,"العظم الصدغي اختر الإجابة الخاطئة :

A) يظهر على وجهه الداخلي الصماع السمعي الظاهر.
B) يجاوره في الأعلى العظم الجداري.
C) يحتوي على أعضاء السمع والتوازن.
D) يجاوره في الأمام العظم الوتدي.",D,A
376,". تقع الاعضاء التالية خلف البريتوان ماعدا

A) المعدة
B) الكلية اليسرى
C) الكظر
D) الكلية اليمنى",B,A
377,"عضلات لها منشأ عظمي وترتكز على باطن جلد الوجه:

A) العضلات الماضغة
B) عضلات الوجه التعبيرية
C) عضلات العنق
D) لا شئ مما سبق",B,B
378,". تاتي التروية الرئيسية للمعدة من

A) فروع الشريان المساريقي العلوي
B) فروع الجذع الزلاقي
C) فروع شريان المساريقي السفلي
D) فروع تاتي من الابهر مباشرة",A,B
379,"Superior (Dorsal) Surface.

A) Anterior limb of the internal capsule
B) Zona incerta
C) Third Ventricle
D) Lateral Ventricle",A,NONE OF THE ABOVE
380,"أطول أجزاء أنبوب الهضم هي:

A) المري
B) المعي الدقيق
C) الكولون
D) البلعوم",B,B
381,"كل مما يلي من مميزات القصبات عدا:

A) تتشكل بعد التفرع العاشر للقصبات.
B) لا تحوي نسيج غضروفي ولا غدد في مخاطيتها
C) تبطن القصيبات الانتهائية الصغيرة بظهارة مطبقة كاذبة اسطوانية.
D) تحوي نسيج ضام كثيف مرتبط بالعضلات الملساء.",C,C
382,"ينشأ الجذع الرئوي من :

A) البطين الأيمن
B) الأذينة اليسرى
C) الأذينة اليمنية
D) البطين الأيسر",A,A
383,"رفع الخصية والصفن للأعلى يدعى المنعكس

A) السلخي
B) المشمري
C) الخصيوي
D) الذكري",C,B
384,"عدد الأضلاع الحقيقية:

A) 12 ضلع
B) 7 أشفاع
C) 10 أشفاع
D) 3 أشفاع",A,B
385,"ترتبط العضلات العميقة التالية للمثلث الخلفي للعنق بالعظم القذالي ما عدا:( 2014 ثانية)

A) المستقيمة الرأسية الأمامية.
B) المستقيمة الرأسية الجانبية.
C) المستقيمة الرأسية الخلفية الصغيرة.
D) المستقيمة الراسية الخلفية الكبيرة.
E) المنحرفة الرأسية السفلية.",D,E
386,"فيما يتعلق بالشريان الكلوي

A) الأيمن أطول من الأيسر
B) يسير الشريان الكلوي الأيمن أمام الوريد الأجوف السفلي
C) ينشأ بشكل متعامد مع الأبهر البطني
D) D - A + C صحيحتان",D,D
387,"العضلة التي تبعد الطيتين الصوتيتين:

A) Thyro arytenoid
B) Crico thyroid
C) Lateral cricoarytenoid
D) Oblique arytenoid
E) Posterior cricoarytenoid",C,E
388,"Regional Anatomy

A) التشريح الناحي
B) التشريح الوصفي
C) التشريح السريري
D) التشريح الجهازي",A,A
389,"على وجهه السفلي تلم لمرور وتر الشظية الطويلة :

A) النردي
B) العقب
C) الزورقي
D) القعب",B,A
390,"العضلات التي تقوم بالبسط في الذراع ما عدا:

A) الألياف الأمامية للدالية
B) مثلثة الرؤوس العضدية
C) الصدرية الكبيرة
D) المدورة الكبيرة",B,A
391,". عدد اشفاع الاعصاب الرقيبة

A) 8 ازواج من اشفاع الاعصاب
B) 12 زوج من اشفاع الاعصاب
C) 5 ازواج من اشفاع الاعصاب
D) زوج واحد من اشفاع الاعصاب",B,A
392,"المنطقة المتوسطة من نواح البطن:

A) الشرسوفية
B) الخثلية
C) السرية
D) المغبنية",B,C
393,"في الظهارية التنفسية:

A) الخلايا الفرشاتية تسمى خلايا كولشيسكي
B) الخلايا الفرشاتية مستقبلات حسية كيميائية
C) الخلايا القاعدية هي خلايا جذعية
D) الاجابتان A+B
E) الاجابتان B+C",E,E
394,"يصل بين الأذينة اليسرى والبطين الأيسر :

A) فوهة مثلث الشرف
B) فوهة التاجي
C) الفوهة الرئوية
D) الفوهة الأبهرية",B,B
395,"يعطي الرباط الحرقفي القطني منشأ ل:

A) العضلة المربعة القطنية.
B) العضلة الحرقفية.
C) العضلة الإليوية الوسطى.
D) العضلة رباعية الرؤوس الفخذية.
E) كل ما سبق خاطئ.",A,A
396,"يمتد مباشرة على عظم العضد: (2007 أولى)

A) العصب الزندي .
B) العصب العضلي الجلدي .
C) العصب الكعبري .
D) الشريان العضدي العميق .",D,B
397,"يتألف اللب الكلوي من :

A) ٦ أهرام
B) ٨ أهرام
C) ۱۲ هرم
D) ١٤ هرم",A,C
398,"طول البوق

A) 10سم
B) 30سم
C) 15سم
D) 50سم",A,A
399,"يحفز ACTH إفراز :

A) الألدستيرون
B) الكوتيزون
C) الأندروجين
D) الكالسيتونين",B,B
400,"تكون الفروع المرافقة للشراييت الرئيسية التالية صحيحة ما عدا:

A) السباتي الباطن / الشريان النخامي السفلي
B) المخفي الامامي/فروع للعنفرة المشيمية في القرن السفلي للبطين الجانبي
C) القاعدي / الشريان التيهي
D) المخي المتوسط / شريان النزيق المخي",A,الشريان المخيخي السفلي الخلفي / فروع الضفيرة المشيمية للبطين الرابع
401,"أكثر أقسام الإحليل قابلية للتمدد وأعرضها

A) الموثي
B) الغشاني
C) البصلي
D) الإسفنجي",A,A
402,"يتكون الزنار الحضي:

A) من العظمين الوركيين و العجز.
B) من العظمين الوركيين والعظمين الفخذيين.
C) من العجز و العظمين الفخذيين.
D) من العظمين الوركيين.",A,A
403,"تقع الباحة الحركية الأولية:

A) أمام التلفيف الجانبي.
B) في التلفيف أمام المركزي .
C) خلف شق رولاندو.
D) في قص الجزيرة.",B,B
404,"- ليست من عضلات الوجه التعبيرية :

A) الدويرية الفموية
B) الماضغة
C) الوجنية
D) خافضة صوار الفم",B,C
405,"كل ما يلي صحيح عن جذر القضيب عدا :

A) يتألف من ثلاث كتل من النسيج الناعظ
B) تقع بصلة القضيب على الخط الناصف
C) ينغطى السطح الخارجي للبصلة بالعضلتين الاسكيتين الكهفيتين
D) تتمادى البصلة نحو الأمام ضمن جسم القضيب وتشكل الجسم الأسفنجي",D,C
406,". من عضلات الطبقة الخلفية للساعد

A) الكابة المربعة
B) المابة الكدورة
C) المرفقية
D) الراحية الطويلة",A,C
407,"المجاورات الأمامي للكلية اليسرى كل مما يلي عدا:

A) المعدة.
B) العفج.
C) الطحال.
D) المعثكلة.
E) الكولون النازل.",E,B
408,"ما يلي صحيح بالنسبة للقلب :

A) ألياف بيركنجي هي محاوير العصبونات تقع اجسامها في العقدة الجيبية الأنينية
B) الياف بيركنجي تنقل التنبيهات بشكل أسرع من الخلايا العضلية القلبية
C) ينظم إيقاع ضربات القلب الجهاز العصبي الذاتي ( اللاإرادي) الودي ونظير الودي
D) الإجابتان الثانية والثالثة صحيحتان
E) كل ما سبق خطأ",D,D
409,"العظام المسطحة (الخاطئة):

A) بين صفيحتيها عظم كثيف.
B) عظم الكتف مثال اخر.
C) تنمو باتجاهين.
D) من الأمثلة عليها عظام القحف.",D,A
410,"في القضيب:

A) جسمين كهفيين محاطين بغلالة بيضاء من نسيج ضام كثيف
B) القلفة تحوي عضلة مخططة
C) النسيج الناعظ يحوي عضلات ملساء
D) كل ما سبق صحيح
E) A+C",E,E
411,". تاتي اهمية الضلع الاولى من علاقته مع

A) الشريان والوريد تحت الترقوة
B) الشريان السباتي الخارجي
C) الشريان السباني المشترك
D) العضلة الاخمعية الخلفية",C,A
412,". عضلة مسؤولة عن قبض الفخذ وقبض الساق

A) الخياطية
B) الرشيقة
C) المقربة الكبيرة
D) المقربة الطويلة",C,A
413,"يتوضع الكولون السيني في:

A) الناحية المغبثية اليمنى
B) الناحية المغبثية اليسرى
C) الخثلية
D) لا شيء مما سبق",A,B
414,"- يقع في مستوى الفقرة الرقبية السادسة:

A) الغضروف الدرقي
B) الغضروف الحلقي
C) الغضروف الطرجهالي
D) غضروف الفلكة",C,A
415,"المصطلح الموافق للمجارة هو :

A) NOSE
B) CHOANA
C) UVALS
D) VESTIBULUM",B,B
416,"اختار الجواب الصحيح اذا كان هناك جوابا صحيحا واحدا فقط أو اختر الجواب الأكثر شمولا وتكاملا اذا كان هناك أكثر من جواب صحيح

A) نسبة الخلية الدموية المتعادلة 55 إلى 68%
B) نسبة الخلية القاعدية 2-5 %
C) نسبة الخلية الحمضية 8-10%
D) نسبة احادية النواة 4-15%
E) نسبة الخلية اللمفاوية 20-30 %",E,A
417,"كل ما يلي عن تروية المفصل الفكي الصدغي صحيح عدا :

A) الشريان الصدغي السطحي.
B) الشريان الأذني الخلفي.
C) الشريان الأذني الصدغي.
D) الشريان الصدغي العميق.",A,C
418,"طول الأسهر

A) 45 سم
B) 15سم
C) 6أمتار
D) 1أمتار",B,A
419,"توجد في الغدد المعدية الأنواع الخلوية التالية عدا :

A) خلايا مخاطية
B) خلايا جدارية
C) خلايا غدية صماوية
D) كل ما سبق صحيح",D,D
420,"تتوضع تحت الطية اللسانية الغدة

A) النكفية
B) تحت الفك السفلى
C) تحت اللسان
D) الثانوية",C,C
421,"تكثر الألياف الشبكية في :

A) الطحال.
B) العقد اللمفية.
C) نقي العظم الأحمر.
D) كل ما سبق صحيح.
E) الأول والثاني.",D,D
422,"تحوي الخاصرة اليسرى:

A) الكولون النازل
B) الطحال
C) الفص الكبدي الأيسر
D) المعدة",B,A
423,"يحوي سرير الظفر على :

A) الطبقة الشالكة والمتقربة
B) الطبقة القاعدية والشالكة والمتقربة
C) الطبقة القاعدية والشالكة فقط
D) كل ما سبق خطأ",B,C
424,"يتوضع السرج التركي:

A) على الوجه السفلي لجسم العظم الوتدي.
B) على الوجه العلوي لجسم العظم الوتدي.
C) على الوجه الأمامي لجسم العظم الصدغي.
D) على الوجه الخلفي لجسم العظم الوتدي.",B,C
425,"جذوع الضفيرة العضدية

A) توضع تحت قاعدة المثلث الخلفى للرقبة
B) اتقسامتها الخلفية تعطى الحبل الخلفى
C) انقسامتها الأمامية تعطى الحبل الأنسى
D) الجذع الأوسط يتابع مشكلاً الحبل الخلفى",A,A
426,"القسم مع الضلع الواقع بين الرأس والحدبية:

A) الجسم
B) الميزابة
C) العنق
D) الرأس",C,C
427,"من وظائف الحجرة :

A) حماية الطرق الهوائية أثناء البلع
B) الحفاظ على إنفتاح الطرق الهوائية أثناء التنفس
C) التصويت
D) كل ما سبق صحيح",D,D
428,"بالنسبة لعنق الرحم :

A) تتألف مخاطية باطن عنق الرحم من ظهارة بسيطة اسطوانية.
B) الصفيحة المخصوصة تحوي غدد عنقية تحوي شرايين حلزونية.
C) سماكتها متغيرة مع تغيرات الدورة المبيضية.
D) كل ما سبق صحيح.",D,A
429,"تنصف الوحدة الوظيفية للرئتين بـ:

A) تحت انقسام من الرئة.
B) تتوضع الشجرة القصبية والوريد الرئوي مركزيا.
C) توزع الشريان الرئوي محيطية.
D) نصاب مرضياً مع مجاوراتها.
E) ولا واحدة مما علا.",C,E
430,"فيما يخص العصب الكعبري كل مما يلي صحيح ماعدا:

A) العصب الساعدي الجلدي الوحشي هو فرع منه
B) يسير في الأخدود الحلزوني للعضد مع الشريان العضدي العميق
C) هو فرع من الحبل الخلفي للضفيرة العضدية
D) يعصب العضلة العضدية الكعبرية
E) أذيته تسبب هبوط اليد drop hand",B,A
431,"أي البنى توجد بالمنصف الخلفي مباشرة خلف التامور:

A) المري
B) العصبين المبهمين
C) الشريان الرئوي الأيمن
D) الوريد الفرد
E) القناة الصدرية",A,B
432,"تتألف الأصابع جميعها من ثلاث سلاميات عدا :

A) الإبهام.
B) البنصر.
C) الوسطى.
D) الخنصر.",A,A
433,"تفرز الخلايا الجدارية كل مما يأتي ما عدا :

A) حمض كلور الماء
B) بعض الكهارل
C) هيستامين
D) عامل معدي داخلي",D,C
434,"كل ما يلي صحيح عن pericytes ما عدا:

A) تساعد على تقلُّص الشعيرات.
B) تعوِّض وترمِّم الأنسجة المتأذية
C) تنقسم وتكوِّن أوعية دموية جديدة باستمرار.
D) تحيط جزئي ا بالخلايا البطانية.",D,C
435,"ظهارية نفير فالوب.

A) simple columnar epithelium
B) stratified squamous epithelium (keratinized)
C) simple squamous epithelium
D) pseudostratified ciliated columnar epithelium
E) كل ما أعلاه خطأ.",D,A
436,"من صفات كرة العين ما عدا:

A) تُسمى المقلة
B) قطرها 2.4 سم
C) تشغل نصف الحجاج
D) تتألف من 3 غلالات",B,C
437,"يحوي الوجه السفلي لصخري للعظم الصدغى ما يلي عدا :

A) المسم السمعي الباطن.
B) الثقبة الخارجية للنفق السباتي.
C) الناتئ الابري.
D) الحفرة الوداجية .",D,A
438,". كل مايلي صحيح عن القضيب ماعدا

A) يعطي الجسم الكهفي في الامام الحشفة
B) يتركب جسم القضيب من ثلاث اسطوانات من النسيج الناعظ
C) القلفة هي طية جلدية تشبه القلنسوة تغطي الحشفة
D) تقع بصلة القضيب على الخط الناصف",B,A
439,"الخاطئ عن البنكرياس

A) تفرز خلايا الفا هرمون الغلوكاغون
B) تفرز الخلايا بيتا هرمون الانسولين
C) تفرز الخلايا دلتا هرمون الغلوكاغون
D) B,a صحيح",D,C
440,"عضلات جدار البطن الخلفي عدا:

A) المنحرفة الباطنة
B) القطنية
C) الحرقفية
D) الرابعة القطنية",D,A
441,"كل ما يأتي من الهرمونات المتحكمة بنمو الاشعار في فروة الراس والوجه ماعدا:

A) هرمونات الغدة الدرقية
B) هرمونات الغدة النخامية
C) الهرمونات الجنسية.
D) هرمونات غدة الكظر.",A,B
442,"العصب الناصف في العضد: (2007 أولى)

A) ينشأ من الحبل الخلفي للضفيرة العضدية .
B) يمتد خلف الشريان الإبطي .
C) يمتد بالأعلى وحشي الشريان العضدي .
D) يعطي فروعا للعضلة العضدية .",A,C
443,"عدد شدف النخاع الشوكي :

A) 31
B) 31 شفعا
C) 12
D) 15",B,A
444,"يسير في المنصف العلوي خلف القص مباشرة:

A) القوس الأبهرية.
B) الوريد العضدي الراسي الأيسر.
C) الشريان السباني الأصلي الأيسر.
D) الرغامي.
E) العصب الحجابي الأيسر.",C,B
445,"يشمل وتر أشيل وتر العضلة:

A) التوأمية الساقية
B) النعلية
C) ثنائية الرؤوس الفخذية
D) A + B",D,D
446,". خطأ حول الحجاب الحاجز:

A) له قسيم عضلي ينشأ من القص والاضلاع السفلية والفقرات القطنية
B) لها قسم وتري محيطي
C) من اهم عضلات التنفس
D) يعصبه العصب الحجابي",A,B
447,"ما يلي من طبقات جدار الصفن ماعدا:

A) لفافة كولس
B) اللفافة المنوية الداخلية
C) الغلاف البيضاء
D) اللفافة المنوية الخارجية",C,C
448,"يفصل القص الجداري عن الفص القنالي

A) التلم الحزامي
B) التلم العمودي القائم
C) الشق الجانبي
D) التلم المهمازي",B,التلم المركزي
449,"- التشريح الناحي يعتمد على:

A) التشريح الوصفي
B) التشريح السريري
C) التشريح التقني
D) التشريح الجهازي",A,A
450,"العضلة الموسعة المسؤولة عن فتح الحنجرة :

A) الحلقية الطرجهالية الوحشية
B) الحلقية الطرجهالية الخلفية
C) الطرجهالية المستعرضة
D) الطرجهالية المائلة",A,B
451,"تشاهد دسامات كيركرينغ في

A) الصائم
B) العفج
C) الدقاق.
D) كل ما سبق صحيح",D,D
452,". اختر الاجابة الخاطئة المتعلقة بالخصية:

A) توجد الزائدة الخصوية على القطب السفلي
B) يحيط بها محفظة ليفية
C) تتركب من فصيصات فيها نبيبات منوية
D) تدعى tests",D,A
453,"القسم العلوي المتسع من الحالب بدعى

A) الحويضة
B) النفرون
C) القشر
D) اللب",A,A
454,"تحوي الطبقة النووية الداخلية للشبكية العصبية أنوية :

A) خلايا العصي
B) خلايا المخاريط.
C) الخلايا عديمة التغصنات
D) كل من a و .b",D,C
455,"يوجد في لنهايه العلويه لعظم الفخذي :

A) المدور الكبير.
B) المدور الصغير.
C) العرف بين المدورين.
D) كل ما سبق صحيح.",D,D
456,"ما يلي صحيح بالنسبة للصفيحات ماعدا:

A) لها دور في تخثر الدم
B) أكبر من الكريات الحمر
C) زيادتها تسبب خثرات
D) نقصها يسبب نزوف",B,B
457,"كل ما يلي من عظام الصف العلوي أو الداني للرسغ عدا:

A) المربعي.
B) الهلالي.
C) الحمصي.
D) الزورقي.",C,A
458,"في المفاصل ( اتحاد العظام ) (الخاطئة):

A) المفصل الزليلي .Synostosis
B) المفاصل بالإغريقية .Arthron
C) التهاب المفاصل. Arthritis
D) المفاصل باللاتينية .Articulates",A,A
459,"اختر العبارة الخاطئة بالنسبة للشعيرات الدموية:

A) قطرها (7 ل 9) ميكرون.
B) طولها لا يتجاوز 50 ميكرون.
C) جدرانها في المقطع العرضي مؤلفة من أجزاء 3ل5 خاليا.
D) مجموع اطوالها حوالي 96000 كم.",C,C
460,"يصبح الشريان الإبطي عضدياً بعد تجاوزه وتر

A) ذات الرأس
B) المدورة الكبيرة
C) المدورة الصغيرة
D) ثلاثية الرؤوس",A,B
461,"أفضل عبارة تصف الشدفة القصبية الرئوية هي:

A) تتوضع الشجرة القصبية والوريد الرئوي مركزياً.
B) يتوزع الشريان الرئوي والوريد الرئوي مركزياً.
C) يتوزع الشريان الرئوي والوريد الرئوي محيطياً.
D) تتزود الشدفة بقصيبة انتهائية.
E) ولا واحدة مما علا.",B,E
462,"ما يلي صح في الجناحين الصغيرين للوتدي ما عدا:

A) يوجد فيهما النفق البصري
B) الحافة الأمامية مسننة للتمفصل مع العظم الغربالي
C) صفيحة أفقية مثلثة
D) وجهه السفلي حجاجي",B,B
463,") تتواجد continuous capillaries في كل من النسج التالية ما عدا :

A) Muscular Tissue
B) Connective Tissue
C) Endocrine Glands
D) Nervous Tissue",D,C
464,"من صفات الخلايا البطانية في الحاجز الهوائي الدموي :

A) قليلة الثخانة بشكل كبير
B) من النوع المستمر.
C) تتميز هيولاها في الأجزاء المسطحة بوجود العديد من الحويصلات الاحتسائية.
D) كل ما سبق صحيح",D,D
465,"فروع الأبهر النازل الصدري ماعدا: -

A) الشرايين الوربية الخلفية
B) الشريان تحت الضلعي
C) الجذع الزلاقي
D) الفروع القصبية والتامورية والنخاعية",D,C
466,". الفتحة العميقة الواقعة امام ووحشي واسفل جوف الانف هي

A) Aperture piriform
B) Cgoana
C) Nartina
D) Nasal septum",A,A
467,"كل مايلي صحيح عن التهاب البوق عدا:

A) salpingitis هو.
B) الأضرار المخاطية تؤدي إلى العقم(Infertility)اوالحمل خارج الرحم (octopi).
C) ال تؤدي إلى الموت في حال حدوث الحمل البوقي.
D) اسمه الاخر salpinges.",C,C
468,"نقطة التعظم البدئية في لوح الكتف توجد في :

A) الحفرة تحت الكتف
B) الحفرة تحت الشوك
C) الحفرة فوق الكتف
D) الحفرة فوق الشوك",C,B
469,"يستمر الشريان تحت الترقوة بالشريان:

A) الابطي
B) المأبضي
C) العضدي
D) القاعدي",C,A
470,"اختار الجواب الصحيح اذا كان هناك جوابا صحيحا واحدا فقط أو اختر الجواب الأكثر شمولا وتكاملا اذا كان هناك أكثر من جواب صحيح

A) يتكون الحاجز الدماغي الدموي من الخلية البطانية وغشائها القاعدى
B) زائدا الخلية الدبقية
C) زائدا الخلية الدبقية وغشائها القاعدي
D) ن الخلية الدبقية وغشائها القاعدي فقط
E) من الخلية البطانية والدبقية فقط",B,B
471,"النسيج الضام تحت الظهاري في الشفاه:

A) نسيج ضام كثيف غير منتظم كولاجيني
B) نسيج ضام كثيف منتظم كولاجيني
C) يحوي غدد ذات غالبية لعابية وأقلية مخاطية
D) يحوي غدد مخاطية فقط.",A,A
472,"يؤدي تفعيل الجملة نظيرة الودية لما يلي عدا :

A) تضيق الحدقة
B) توسع القصبات
C) تباطؤ القلب
D) تباطؤ التنفس",B,B
473,"العضلات الماضغة تشمل:

A) الجناحية الانسية
B) الجناحية الوحشية
C) الصدغية والماضغة
D) كل ما سبق",D,D
474,"الشعور بالنبض عند الحافة السفلية للفك السفلي أمام العضلة الماضفة للشريان: (2015 أولى)

A) اللساني .
B) الوجهي.
C) الوجهي المعترض.
D) الفكي .
E) الصدغي السطحي.",D,B
475,". التضيق الثاني للحالب

A) عند اتصاله بالحويضة
B) عندما يثقب جدار المثانة
C) عند عبوره الشريان الحرقفي المشترك
D) كل ماسبق خطأ",C,C
476,"يشبه بشكله خاتمًا ذا فص كبير:

A) الحلقي
B) الطرجهالي
C) الدرقي
D) القريني",A,A
477,"من جدران الفم ما عدا:

A) برزخ الحلق
B) الشدقان
C) الحنك
D) الشفتان",A,A
478,"كل ما يلي من هرمونات النخامي الخلفية عدا :

A) PRL
B) الفازوبريسين
C) الأوكسيتوسين
D) ADH",A,A
479,"تصرف البنى التالية على العقد اللمفية الرقبية السطحية عدا:

A) المنطقة القذالية.
B) الأسنان واللثة.
C) الأذن الظاهرة.
D) الغدة النكفية.
E) الجبهة.",E,E
480,"يمتاز بان ال matrix فيه مطاطية القوام

A) Adipose tissue
B) Cartilage
C) Bone
D) Fibrous connective tissue
E) Cartilage + bone",B,B
481,"طول حنجرة الرجل:

A) 4.5 سم
B) 6 سم
C) 3سم
D) 9سم",B,A
482,"من ميزات الفقرات العصعصية ماعدا :

A) تحوي الأولى قرني العصعص
B) الأولي لها بعض خصائص الفقرات
C) عددها 7
D) تلتحم مع بعضها لدى المسنين",C,C
483,"تقوم ال Fibroblasts بتصنيع:

A) بروتين الكولاجين.
B) بروتين الإيلاستين.
C) Glycoproteins
D) كل ما سبق صح
E) كل ما سبق خطأ .",D,D
484,"اجسام الخلايا للالياف الحاسيه الناقله للذوق من الثلثين الاماميين للسان توضع فى

A) العقدة الجناحية الحنكية
B) االعقدة الاذينيه
C) عقدة ثلاثى التوائم
D) العقدة تحت الفك
E) ولا واحدة مما علا",A,E
485,"الخيار المناسب للبنى التالية Corpus Albicans :

A) Lung
B) Small intestine
C) Ovary
D) Liver
E) كل ما سبق خطأ",E,C
486,"أاي الفقرات الصدرية التي ليس لها وجيهات مفصلية على النواتئ المستعرضة :

A) و 8 7
B) 11 و 12 .
C) 9 و 10
D) 3 و 4.",B,B
487,"عمل العضلات العرقوبية :

A) قبض الساق على الفخذ
B) بسط الفخذ على الحوض
C) قبض الفخذ على الحوض
D) A+B",D,D
488,"تشمل عضلات أرضية الحوض ما عدا:

A) الكمثرية
B) السدادية الظاهرة
C) رافعة الشرج
D) العصعصية",D,B
489,"الشريان المخي الخلفي فرع:

A) القاعدي
B) السباتي الظاهر
C) الفقري
D) السباتي الباطن",A,A
490,"تفرز الخلايا العينية في البنكرياس:

A) insulin
B) glucagon
C) lipase
D) somatostatine",B,C
491,"تنتج الوذمة edema في الحالات الالتهابية عن:

A) ارتفاع الضغط الحلولي في النهاية الوريدية.
B) ارتفاع الضغط المائي السكوني في النهاية الوريدية.
C) انخفاض الضغط الرشحي في النهاية الوريدية.
D) ارتفاع الضغط المائي السكوني في النهاية الشريانية.",B,B
492,"يحوي الجيب العجاني السطحي الذكري كل مما يلي عدا:

A) الغدد البصلية الإحليلية.
B) ساقا القضيب.
C) بصلة القصيب.
D) الجسم العجاني.
E) الإحليل القضيبي.",B,A
493,"مايلي صحيحي عن الحؤول الحرشفي : عدا squamous metaplasia

A) هو تحول الظهارة التنفسية إلى بسيطة حرشفية
B) يسبقه انعدام في حركة اهداب خلايا الظهارة
C) يتبعه تشكل نسيج ما قبل سرطاني.
D) هو تحول الظهارة التنفسية إلى مطبقة حرشفية",D,D
494,"لا نجد غدد عرقية في :

A) الشقة
B) حشفة القضيب
C) الابط
D) A+B",D,D
495,"إن أكثر البروتينات وفرة في الجسم هو الكولاجين ويشكل

A) %10 من الوزن الجاف للجسم.
B) %30 من الوزن الجاف للجسم
C) 50% من الوزن الجاف للجسم.
D) %70 من الوزن الجاف للجسم
E) %80 من الوزن الجاف للجسم.",B,B
496,". يوجد الخط الاليوي الامامي على

A) Ischium
B) Pupis
C) Ilium
D) Sacrum",C,C
497,"مفصل الركبة (الخاطئة):

A) لا يشارك عظم الشظية في هذا المفصل.
B) تغيب المحفظة المفصلية في الخلف.
C) يقوم هلالا مفصل الركبة بتعميق السطوح المفصلية للقمتي الظنبوب.
D) يرتكز الغشاء الزليل على حافتي الغضروفين الهلاليين.",B,B
498,"في المعدة في منطقة ال Cardia تقوم الغدد بشكل أساسي بافراز

A) Mucus
B) Lysozme
C) Pepsin and Lipase
D) Mucus and Lysozyme",A,D
499,"تمخلب أصابع اليد:

A) يشمل الأصابع الأربعة الأنسية
B) يحدث فرط بسط للمفاصل بين السلامية
C) يحدث عجز فى تقريب الابهام
D) يحدث عجز حركى فقط فى اليد",B,C
500,"كل ما يلي من صفات الحالب

A) نهايته العلوية تشكل الحويضة
B) عضو داخل البريتوان
C) فيه ثلاثة تضيقات
D) طوله 25 سم",C,B
501,"أكبر أعضاء الجسم وزناً ومساحة :

A) الكبد
B) الجلد
C) المعي الدقيق
D) الكولون",B,B
502,"اختر الإجابة الصحيحة :

A) مرض عمى الألوان يصيب المخاريط.
B) القطعة الخارجية للمخاريط تكون أقصر من القطعة الخارجية للعصي.
C) يحدث توسف الأقراص الغشائية بتكرار أقل في المخاريط منه في العصي.
D) كل ما سبق صحيح.",D,D
503,"لا يوجد فيه Perichondrium إطلاقا في كل توضعاته

A) Hyalin cartilage
B) Elastic cartilage
C) fubrocartilage
D) كل ما سبق صحيح
E) كل ما سبق خطأ.",E,C
504,"تدعم أحشاء الحوض بشكل أساسي:

A) العضلة الكمثرية.
B) العضلة الرافعة للشرج.
C) العضلة السدادية الباطنة.
D) العضلة العصعصية.
E) كل ما سبق خاطئ.",B,A
505,"يشكل نصفي الكرة المخية مع الدماغ البيني:

A) المخ
B) الدماغ
C) المخيخ
D) جذع الدماغ",A,A
506,"يسير ضمن مسم السمع الباطن:

A) العصب السابع
B) العصب الثامن
C) العصب التاسع
D) A+B",B,D
507,"اختر العبارة الخاطئة بالنسبة للشعيرات الدموية:

A) قطرها (7 ل 9) ميكرون.
B) طولها لا يتجاوز 50 ميكرون.
C) جدرانها في المقطع العرضي مؤلفة من أجزاء 3ل5 خاليا.
D) مجموع اطوالها حوالي 96000 كم.",C,C
508,". ليست من العضلات الامامية للساق:

A) Anterior tibialis
B) Gracilis
C) Extensor digitorum longus
D) Extensor halluces longus",B,B
509,". الاجابة الصحيحة المتعلقة بالعرف الوتدي

A) يتمفصل مع الصفيحة العمودية للعظم الغربالي
B) يسهم في تشكيل سقف الانف
C) يشكل مسكن الغدة النخامية
D) يقع على جانبيه ثقينا النفق البصري",A,A
510,"من الفؤاد إلى البواب الحافة اليسرى للمعدة:

A) الانحناء الصغير
B) الثرب الصغير
C) الانحناء الكبير
D) الجسم",A,C
511,". الخاطئ عن المعثكلة

A) تقع امام المعدة
B) غدة داخلية وخارجية الافراز
C) ذات قوام متين
D) تفرز الاميلاز",B,A
512,"اختر الإجابة الخاطئة:

A) قاعدة القلب في الأعلى والخلف
B) الأنينة اليسرى ذات توضع أفقي
C) تتشكل بشكل رئيسي من البطين الأيسر
D) الأذينة اليمنى ذات طابع عمودي",C,C
513,"العمود الفقري (الخاطئة) (مكرر):

A) يحوي الوجه الأمامي للعجز خمسة أزواج من الثقوب العجزية الأمامية.
B) النتوءات المستعرضة نامية في الفقرات الصدرية.
C) النواتئ الشوكية في الفقرات القطنية قصيرة ومستوية ومنحنية في نهايتها.
D) النواتئ الشوكية في الفقرات الرقبية قصيرة ومتشعبة في نهايتها.",A,A
514,"مايلي صحيح عن مخاطية البوق عدا:

A) تبطن بظهارة بسيطة اسطوانية.
B) خلايا الظهارة المهدبة تضرب أهدابها باتجاه المبيض.
C) خلايا الظهارة المفرزة غير مهدبة.
D) الخاليا الوتدية cells peg تفرز غليكوبروتينات.",B,B
515,"ينشأ الشريان الشوكي الأمامي من :

A) الفقري
B) القاعدي
C) السباتي الباطن
D) مسبع ويليس",B,A
516,"شكل المثانة القارعة :

A) هرمي
B) مثلثي
C) مربع
D) بيضوي",B,B
517,". يقع الثرب الصغير بين:

A) المعدة والكبد
B) الكبد والطحال
C) المعدة والطحال
D) المعدة والقولون المستعرض",A,A
518,"تدخل الياف الكولاجين في بناء

A) Tendons
B) محافظ الأعضاء
C) السحايا.
D) كل ما سبق صح
E) كل ما سبق خطأ .",D,D
519,"أي من العناصر الآتية لا يشارك بتشكيل الحفرة القحفية الوسطي:

A) جسم العظم الوتدي.
B) ناتئ عرف الديك.
C) الوجه الأمامي لصخرة العظم الصدغي.
D) القسم الصدفي للعظم الصدغي.",B,B
520,"العضلة العريضة الظهرية: (2018)

A) ترتكز أنسي أخدود ذات الرأسين.
B) تعمل على تقريب الذراع.
C) تدير الذراع نحو الوحشي.
D) تعصب من الصدري الطويل.",B,B
521,"اختر الإجابة الصحيحة فيما يتعلق بالحنجرة:

A) تدعم جدرانها بغضاريف مرنة صغيرة وغضاريف زجاجية.
B) لغضاريفها دور في انتاج الصوت
C) تعد ممرا للهواء بطول 7cm
D) A+B",D,D
522,"تحوي كل كلية على :

A) قشرة خارجية
B) لبا داخليا
C) أهرام كلوية
D) كل ما سبق صحيح",D,D
523,"في الخلايا العضلية الهيكلية :

A) الخلية العضلية الهيكلية تملك نواة واحدة محيطية التوضع
B) يتراوح قطر الخلية من 10-1 ميكرون
C) ترد إلى الخلايا العضلية الهيكلية ألياف عصبية من الجملة الذاتية autonomic فقط
D) كل ما سبق صحيح
E) كل ما سبق خطأ",E,E
524,"من عظام القدم ( اختر الخاطئة ) :

A) عظام رسغ القدم
B) مشط القدم
C) سلاميات الأصابع
D) القعب",D,A
525,"ما يلي من عظام الرسغ عدا:

A) الزورقي
B) النردي
C) القاربي
D) الحمصي",D,B
526,"تقع صفيحة الأكيمات في :

A) الدماغ المتوسط .
B) البصلة.
C) المخيخ.
D) الجسر.",C,A
527,". عضلات تتجه اليافها للاسفل والانسي

A) مستعرضة بطنية
B) مائلة خارجية
C) مائلة داخلية
D) مشمرة",A,B
528,"يؤثر Triiodothyronine على استقلاب كل يلي ما عدا:

A) البروتينات
B) النشاء
C) الكالسيوم
D) الدسم",C,C
529,"التلفيف خلف المركزي يحوي باحة:

A) الحس الجسدي الأولية
B) الحركة الأولية
C) الحس الثانوي
D) السمع",A,A
530,"الألياف التي تربط المراكز القشرية بالمحيط تدعى :

A) إسقاطية
B) ترابطية
C) مشاركة
D) صوارية",A,A
531,"المفصل الحلقي الطرجهالي من المفاصل :

A) الليفي
B) الزليلي
C) الزجاجي
D) المرن",B,B
532,"العقدة اللمفاوية المصرفة لقاع الفم.

A) العقد القذالية
B) العقد خلف الصيوان (الخشائية)
C) العقد أمام الصيوان (النكفية)
D) العقد تحت الفك السفلي
E) لا مجموعة مما سبق",B,C
533,"العصب الحركي للعضلات الماضغة:

A) الأول
B) الخامس
C) الثالث
D) السابع",B,B
534,"المنطقة الحاوية على Cementoblast :

A) الملاط الخلوي
B) الملاط اللاخلوي
C) كل من a و .b
D) ليس أيا مما سبق.",B,C
535,"تواجد الغدد العرقية ذات النمط القمي في :

A) الإبط.
B) الهالة.
C) حشفة القضيب و البظر.
D) a+b",C,D
536,"كل مما يلي صحيح عن الدسامات عدا :

A) تنشآن من الطبقة الداخلية.
B) تتألف من خلايا عضلية ملساء.
C) مبطنة بخلايا بطانية.
D) أكثر وفرة في الأطراف السفلية.",A,B
537,"فيما يخص العصب الزندي كل مما يلي صحيح ماعدا:

A) ينشأ من الحبل الأنسي للضفيرة العضدية
B) يدخل الساعد بين رأسي الكابة المدورة
C) يخترق الحاجز الأنسي للعضد برفقة الشريان الجانبي الزندي العلوي
D) يكون وحشي وتر قابضة الرسغ الزندية عند المعصم
E) يعصب العضلة قابضة الرسغ الزندية",C,B
538,"من الامثلة على العظام المسطحة:

A) عظام القحف.
B) الرضفة.
C) الفقرات.
D) العظام السمسمانية.",A,A
539,"اختر الإجابة الخاطئة حول efferents ductuli

A) تتألف من 20-10 قناة .
B) تبطن بظهارة مؤلفة من خلايا مكعبة غير مهدبة .
C) تفرغ محتوياتها في الشبكة الخصيوية .
D) تتوضع حولها خاليا عضلية ملساء بشكل دائري .",C,C
540,"أهمية الحصين :

A) استرجاع الذكريات القديمة.
B) يخزن الذكريات العاطفية.
C) تحويل الذاكرة لطويلة الأمد.
D) تفعيل آلية النسيان.",C,C
541,"عدد فصيصات الخصية:

A) 250
B) 25
C) 20
D) 15",A,A
542,"في نقي العظم:

A) تحدث زيادة المعتدلات اثناء الانتائات الجرثومية بسبب زيادة انتاجها في النقي
B) مع نضج الخلايا اللمفاوية يصبح الكروماتين اقل كثافة وتظهر الذويات بوضوح
C) تنضج اللمفاويات البانية في الغدة الصعتربة thymus gland
D) الاجابتان A+C",D,A
543,"يمر من النفق البصري:

A) الشريان العيني
B) العصب البصري
C) العصب العيني
D) A + B",D,D
544,"(2018) SUBCLAVIS

A) هي قوس شريانية حول الكتف.
B) هو رباط تحت الترقوة.
C) هي عضلة.
D) من عظام زنار الكتف.",C,C
545,"يقع السبيل القشري الشوكي في :

A) الدماغ المتوسط .
B) البصلة.
C) المخيخ.
D) الجسر.",A,A
546,"- من التقنيات المستعملة في التشريح التقني:

A) الإصغاء
B) بزل الأجواف والأحشاء
C) الحقن ضمن المفاصل
D) تثبيت الرغامى",C,A
547,"الرباط المتصالب الركبي (2007 أولى):

A) ينشأ الخلفي من اللقمة الوحشية للفخذ
B) ينشأ الأمامي من اللقمة الأنسية
C) تحيط به المحفظة المفصلية من جميع جوانبه
D) يحد من الحركة الدورانية نحو الداخل",A,D
548,"العضلة الأخمعية الخلفية ترتكز على:

A) الضلع الثاني.
B) الحدبة الأخمعية.
C) لوح الكتف.
D) الترقوة.",B,A
549,"في حالة الـ Osteopetrosis

A) العظام كثيفة وثقيلة.
B) هناك تراجع في ) Bone resorption ارتشاف العظم(
C) هناك هشاشية في العظام.
D) الأول والثاني
E) كل ما سبق صبح",D,D
550,"الصحيح عن الاعصاب القحفية :

A) عددها الكلي في الجانبين هو 12 فقط
B) العصب من 5 الى 12 له علاقة مباشرة مع جذع الدماغ
C) تعصب الرأس والعنق
D) العصب 1 و 2 له علاقة مباشرة مع المخ",A,A
551,"سطحين محدب ومقعر كل منهما جزء من كرة في المفصل:

A) سرجي saddle
B) كروي ball and socket
C) لقمي condyloid
D) صانري pivot",A,B
552,"في القسيم العضلي :

A) الخط ح هو منطقة تقارب خيوط الميورين لقسيمين متجاورين المعنى
B) الشريط I يمثل خيوط الميوزين الذكية
C) الشريط H يمثل خيوط الأكتين فقط عندما لا تتداخل مع خيوط الميوسين
D) كل ما سبق صحيح
E) كل ما سبق خطأ",A,E
553,"مايلي صحيح بالنسبة للنسيج العضلي القلبي:

A) الاقراص المقسمة هي عبارة عن معقدات وصلية
B) الخلية العضلية القلبية لا تحتوي على قسيمات Sarcomeres
C) مصدر الطاقة في الخلية العضلية القلبية هو الغليكوجين
D) B+C
E) كل ماسبق صحيح",A,A
554,"يتوضع الثلم المهمازي على الوجه :

A) الأنسي
B) الوحشي
C) السفلي
D) لا شيء مما سبق",B,A
555,"يؤدي تفعيل الجملة نظيرة الودية لما يلي عدا:

A) انتصاب
B) ارتخاء مصرات
C) قذف
D) زيادة مفرزات",B,C
556,"من صفات الأجسام الصفائحية:

A) تعتبر علامة للخلايا التنفسية من النمط الأول.
B) حبيبات بقطر 400 - 100 ميكرومتر محاطة بغشاء
C) تعتبر علامة للخلايا التنفسية من النمط الثاني.
D) A+C",D,C
557,"القسيم العضلي ( sarcomere ) هو المنطقة بين :

A) الشريطين-I-
B) الشريطين -Z-
C) الشريطين -A-
D) الخطين -Z-
E) كل ما سبق خطأ.",B,D
558,"عندما تخترق الشرينات النسيج الضام لمحفظة الكبيبة فإنه :

A) تصبح اللمعة ضيقة.
B) تصبح اللمعة واسعة.
C) لا تتأثر اللمعة.
D) تختفي الطبقة العضلية.",B,A
559,"العبارة الخاطئة عن السحب الحلولي:

A) 15mmHg
B) يحصل في النهاية الوريدية للشعيرة.
C) هو المسؤول الوحيد عن إعادة السوائل للأوعية الدموية
D) يسعى لسحب السوائل من النسج نحو الدموية",C,C
560,"له شكل حرف L ، له جسم وفرع:

A) الحرقفة
B) الاسك
C) العانة
D) الورك",B,B
561,"ينشأ الكعب الانسي من:

A) الحرقفة
B) الحرقفة والاسك
C) الحرقفة والاسك والعانة
D) لا شئ مما سبق",B,D
562,"تنتج الخلايا المجاورة للجريبات في الدرق:

A) T3
B) T4
C) كاليستونين
D) باراثرمون",C,C
563,"بعد مغادرتها الدوران تتحول الوحيدات Monocytes الى:

A) بالعات
B) لمفاويات
C) الوحيدات لا تغادر الدوران
D) خلايا بديئة
E) ارومات ليفية",A,A
564,"العظم اللامي (الخاطئة) :

A) عظم مفرد .
B) يقع في العنق .
C) له شكل حرف s.
D) مستقل عن بقية العظام.",B,C
565,"يحوي الوجه الأمامي الوحشي للفك العلوي ماعدا:

A) الثقبة فوق الحجاج
B) الحدبة النابية
C) الثقبة تحت الحجاج
D) الحفرة النابية",C,A
566,"كل ما هو ات في بنية الشفاه خاطئ ما عدا :

A) نميز قسم جندي خارجي وقسم داخلي مخاطي فقط
B) غياب القميص تحت المخاطي
C) يوجد فيها عضلات مخططة مستديرة
D) يلاحظ نمو العضلية المخاطية في القسم المخاطي",A,C
567,"كل ما يلي من فروع الشريان الحرقفي الداخلي عدا :

A) الشريان القولوني الأيسر
B) الشريان المثاني الخلفي
C) الشريان العجاني
D) الشريان السري",D,A
568,"ينتهي الشريان الوجهي بالشريان:

A) الفكي
B) الوتدي الحنكي
C) الزاوي
D) الأنفي",B,C
569,"تمتد من قاعدة كل هرم لبي وتخترق القشر :

A) Medullary piramids
B) Medullary rays
C) Renal Pelvis
D) No correct answer",B,B
570,"كل الأعصاب القحفية لها نوى عدا :

A) الأولى
B) الثانية
C) الثالثة
D) A+B",D,D
571,"يتوضع الثلم المهمازي على الوجه:

A) الانسي
B) الوحشي
C) السفلي
D) لا شيء مما سبق",B,A
572,"خلايا سيرتولي

A) تشكل حاجز دموي خصيوي
B) تفرز بروتين رابط للأندروجين
C) بلعمة بقيا عمليات تكون النطاف
D) A+B
E) كل ما سبق صحيح",E,E
573,". العصب القحفي الذي يحمل التعصيب نظير الودي للقلب

A) 8
B) 9
C) 10
D) 11",C,C
574,"avascular tissue

A) Adipose tissue
B) Cartilage
C) Bone
D) Fibrous connective tissue
E) Cartilage + bone",B,B
575,"يمر العصب تحت اللساني في الناحية تحت الفك عميقا من العضلة: (2014ثانية)

A) الذقنية اللسانية .
B) البطن الأمامي لذات البطنين.
C) فرسية لامية.
D) إبرية لسانية.
E) لامية لسانية.",B,E
576,"تحت أي قسم من أقسام التشريح يندرج التنبيب الرغامي:

A) التشريح الجهازي.
B) التشريح التاجي.
C) التشريح التقني .
D) التشريح الوظيفي.",A,C
577,"من المفاصل المسطحة:

A) المفصل الترقوي القصي الضلعي.
B) المفصل الأخرمي الترقوي.
C) مفصل الكتف.
D) تمفصل العضد مع الزند.",A,B
578,"يتشكل مفصل الركبة من:

A) المفصل بين عظمي الفخذ والظنبوب والمفصل بين عظمي الفخذ والرضفة.
B) المفصل بين عظمي الفخذ والظنبوب والمفصل بين عظمي الفخذ والرضفة والمفصل بين عظمي الظنبوب والشظية.
C) المفصل بين عظمي الفخذ والشظية والمفصل بين عظمي الفخذ والرضفة.
D) المفصل بين عظمي الفخذ والشظية والمفصل بين عظمي الشظية والظنبوب.",A,A
579,"حركة خاصة بالساعد

A) الكب
B) العودة
C) المقابلة
D) الشتر",C,A
580,"تتصف تروية المعدة بما يلي ما عدا:

A) التروية الشريانية تأتي من فروع الجذع الذلاقي.
B) الشريان المعدي الخلفي فرع ثابت من الشريان الطحالي.
C) الشريان المعدي الأيمن يروي القسم السفلي المعدة.
D) الشرايين المعدية القصيرة تروي القاع.
E) يصب العود الوريدي بشكل أساسي في وريد الباب.",B,B
581,"تشكل الأعصاب الشوكية من القطنية الأولى حتى القطنية الرابعة:

A) الضفيرة العجزية.
B) LUMBAR PLEXUS .
C) الضفيرة العصعصية.
D) CECRVICAL PLEXUS .",B,B
582,"القسم الأمامي للثلم الأمامي الخلفي الأيسر للكبد يحوي

A) تلم الرباط المدور
B) تلم الرباط الوريدي
C) تلم الأجوف السفلي
D) ثلم المرارة",B,B
583,"عظم الورك (الخاطئة) (مكرر):

A) توجد الثلمة الوركية الكبيرة الى الأعلى والخلف من الحق.
B) تتبارز شوكة الإسك بين الثلمتين الوركيتين الكبيرة والصغيرة.
C) تمفصل الفرعين العلويين لعظمي العانة في الأمام عبر ارتفاق العانة.
D) للإسك جسم وشعبتان علوية وسفلية.",A,C
584,"كل مما يأتي صحيح عن الشعيرات ما عدا :

A) لمعتها منتظمة القطر.
B) قطرها 5 - 30 ميكرون.
C) قطرها 8 ميكرون.
D) يمكن لكرية حمراء واحدة المرور فيها.",C,B
585,"العبارة الخاطئة عن pellucida zona :

A) توجد بين الخلية البيضية والطبقة الأولى من الحبيبية.
B) تحوي مستقبلات تفعل الجسيم الطرفي للنطفة.
C) عبارة عن طبقة خالية جريبية محيطة بالخلية البيضية.
D) كل ما سبق صحيح.",A,C
586,"تتحد الصفيحتان السفليتان للشفرين الصغيرين لتشكل :

A) لجيم البظر
B) قلفة البظر
C) العريكشة
D) جبل العانة",B,A
587,"Gracilis.

A) تعمل دوران وحشي للساق
B) دوران أنسي للساق
C) دوران وحشي للفخذ
D) دوران أنسي للفخذ",C,B
588,"في المثلث البولي التناسلي كل ما يلي عدا:

A) الفرج.
B) الشفران الصغيران.
C) الشفران الكبيران.
D) الدهليز.
E) الشرج.",E,E
589,". فيما يخص الحنك كل مما يلي صحيح عدا

A) يفصل كليا بين البلعوم الانفي والفموي
B) يشكل الحنك ارضية جوف الانف
C) يفصل كليا بين جوفي الانف والفم
D) يشكل الحنك سقف الفم",C,A
590,"Intramembranous ossification

A) يعتبر منشا لمعظم العظام الطويلة.
B) إن النمو الطولي للعظام الطويلة يعتمد عليه.
C) يعتمد عليه نمو العظام القصيرة.
D) كل ما سبق صح
E) كل ما سبق خطا",E,C
591,"وجد على العظم الجداري انطباعات الشريان

A) السحائي اللاحق
B) السحائي الأوسط
C) السباتي الباطن
D) الشريان الزاوي",B,A
592,"العصب الحركي للعضلات الماضغة :

A) الأول
B) الخامس
C) الثالث
D) السابع",B,B
593,"-يقع الشق الحجاجي السفلي بين :

A) الجناح البير والفكي العلوي
B) الجناح الصغير والفكي العلوي
C) الجناحان الكبير والصغير
D) الجناح الكبير والعظم الصدغي",A,A
594,"عضلات طويلة تربط الفقرات مع بعضها :

A) عضلات جدار البطن الأمامي
B) عضلات العمود الفقري
C) عضلات الصدر السطحية
D) عضلات الصدر العميقة",B,B
595,"الوريد الذي يجمع الدم من الدماغ والسحايا

A) الوداجي الباطن
B) الأجوف السفلي
C) القاعدي
D) الصافن الكبير",A,A
596,"يمر في النفق الرسغي : (2007)

A) العصب الناصف.
B) وتر مثنية الإبهام الطويلة.
C) أوتار مثنية الأصابع السطحية.
D) الشريان الزندي.",A,D
597,"العضو المتخصص بتشكيل الصوت والتدخل بالدور في الكلام :

A) الفم
B) الحنجرة
C) المريء
D) الأنف",B,B
598,"من عظام الصف القريب لرسغ اليد (الخاطئة) (مكرر):

A) القاربي.
B) المنحرفي.
C) الهلالي.
D) المثلثي.",D,B
599,"تلعب البشرة دور ا مهم ا في بعض أنواع الأستجابات المناعية بسبب :-

A) احتوائها على الخلايا اللمفاوية وخلايا لانغرهانس.
B) احتوائها على خلايا ميركل.
C) تماسها المباشر مع العديد من الجزيئات المولدة للضد.
D) a+c",D,D
600,"لا يعد من أجزاء النفرون :

A) نبيب متعرج قريب
B) الجسيمات الكلوية
C) نبيب متعرج بعيد
D) نبيب مستقيم متوسط",B,B
601,"حركة الركبة للخلف بمستوى سهمي:

A) عطف
B) بسط
C) دوران انسي
D) دوران وحشي",C,A
602,"كل ما يلي صحيح عن أمراض الغدة الدرقية ماعدا:

A) ينقص حجم الغدة الدرقية في مرض Iodine deficiency goiter
B) داء هاشيموتو أشيع عند الرجال
C) داء غريفز هو مرض مناعي.
D) a+b",D,D
603,"العصب القحفي المتواسط بإفراز الغدد الدمعية واللعابية :

A) السابع
B) الخامس
C) الثالث
D) الأول",A,A
604,"- تروية المفصل الصدغي الفكي السفلي من:

A) الشريان الصدغي السطحي
B) الشريان الصدغي الأوسط
C) الشريان الوجهي
D) كل ما سبق خطأ",B,A
605,"كل ما يلي عن قاعدة القلب صحيح عدا :

A) الأذينة اليسرى يصب عليها الوريدان الأجوفان العلوي والسفلى
B) تتشكل بشكل رئيسي من الأذينة اليسرى
C) تخرج منها جذوع الأوعية الكبيرة
D) تنفتح عليها الأوردة الرئوية",A,A
606,"من الأعضاء التناسلية الظاهرة عند الأنثى كل مما يلي عدا: (هام)

A) الشفرين الكبيرين.
B) الشفرين الصغيرين.
C) الدهليز.
D) البظر.
E) المهبل.",E,E
607,"كل ما يلي عن الضلع الأولى صحيح عدا :

A) يمر خلف الحديبة الأخمعية الوريد تحت الترقوة.
B) مهمة لعلاقتها المباشرة مع الأعصاب السفلية من الضفيرة العضدية.
C) يوجد على وجهها العلوي في منتصفه الحديبة الأخمعية.
D) لها وجهان علوي وسفلي و حافتان خارجية وداخلية.",A,A
608,"كل ما يلى من عضلات العنق عدا:

A) العضلة الماضغة.
B) شبة المنحرفة.
C) عضلات أمام الفقار.
D) القترائية.",A,A
609,"تتوضع الصفيحة الأفقية للعظم الغربالي ضمن:

A) الثلمة الغربالية في العظم الوتدي.
B) الثلمة الغربالية في العظم الغربالي.
C) الثلمة الغربالية في العظم الدمعي.
D) الثلمة الغربالية في العظم الجبهي.",B,C
610,"الوجه Palmer يعتبر وجها

A) اخمصيا
B) ظهريا
C) راحيا
D) كل ماسبق خاطئ",A,C
611,"فتح النفير البلعومي الطبلي ناتج عن التقلص المتزامن للعضلات:

A) رافعة شراع الحنك
B) خافضة شراع الحنك
C) موترة شراع الحنك
D) A+C",D,D
612,"لون لب الكظر :

A) بني غامق
B) أبيض
C) مائل للصفرة
D) رمادي",A,A
613,"أقسام البلعوم ما عدا:

A) الأنفي
B) الفموي
C) المريني
D) الحنجري",C,C
614,"حدوث ثقب بالثقبة المدورة يمكن أن ينتج عنه شلل في أحد العضلات التالية: (2014 أولى)

A) المبوقة.
B) الجناحية الوحشية.
C) القسم القذالي من الجبهية القذالية.
D) الدورية العينية (القسم الحجاجي).
E) لا شئ مما سبق.",D,E
615,"يحتوي الغمد السباتي العناصر الآتية عدا :

A) العصب اللاحق
B) الشريان السباتي الداخلي
C) الوريد الوداجي الداخلي
D) الشريان السباتي المشترك",D,A
616,"وجه العظم الجبهي الذي ينتمي للقحف العصبي:

A) الخارجى
B) الداخلى
C) الانسي
D) العصبي",A,B
617,"مسبع ويليس :

A) تفاغر السباتيين الباطنيين مع القاعدي الناشئ من الفقرين
B) من فروعه : الشريان المخي الأمامي والخلفي والأوسط في كل جانب
C) من الشريان العيني
D) صحيحان D - A + B",D,D
618,"لون لب الكظر:

A) بني غامق
B) أبيض
C) مائل للصفرة
D) رمادي",A,A
619,"تتعلق الخواص الصوتية كطبقة الصوت وغيرها ب:

A) درجة شد الطيات الصوتية
B) عرض لسان المزمار.
C) طول الحنجرة.
D) a+b",D,C
620,"هرم رباعي على الوجه الأمامي للزند:

A) الناتئ الزجي
B) الناتئ المنقاري
C) الناتئ اللقمي
D) لا شئ مما سبق",B,B
621,"تضم المجموعة الخلفية لعضلات الذراع:

A) ثلاثية الرؤوس العضدية
B) المرفقية
C) A + B
D) لا شيء مما سبق",C,C
622,"كل ما يلي عن العظم الصدغي صحيح عدا :

A) عظم مفرد.
B) ينشأ الناتئ الوجني من القسم الصدفي منه.
C) يحوي القسم الخشاني تلم حفرة ذات البطنين وثلم الجيب.
D) يتواجد الناتئ الخشاني خلف الصماخ السمعى الظاهر.",B,A
623,"تؤدي إصابة جذع العصب الكعبري إلى: (2007 أولى(

A) شلل مثنيات الرسغ .
B) شلل ثنائية الرؤوس العضدية .
C) فقدان حسي في القسم الأنسي لظهر اليد .
D) كل ما سبق خطأ .",A,D
624,"كل ما يلي صحيح عن وجوه الكبد عدا

A) الوجه الخلفي يشغل معظمه الفص الأيسر
B) الوجه العلوي محدب يقع تحت الحجاب
C) الوجه الحشوي يحوي أثلام بشكل حرف H
D) الوجه الأمامي أملس وله شكل مثلثي",A,A
625,"يتم إفراز هرمون ال oxytocin من عصبونات تقع أجسامها في :

A) الأنوية جانب البطينية
B) الأنوية فوق البصرية
C) الأنوية فوق البطينية
D) الأنوية جانب البصرية",C,A
626,"من أشكال خلايا الدبق العصبي إجابة واحدة خاطئة:

A) النجمية.
B) الصغيرة.
C) المكعبة.
D) البطانية العصبية.",C,C
627,"يحيط بجسم القضيب لفافة:

A) بوك
B) كولس
C) القضيبية الوسطى
D) الشاملة",C,A
628,"من العضلات الخلفية للساق عدا :

A) التوأمية الساقية
B) باسطة الأصابع الطويلة
C) الظنبوبية الخلفية
D) النعلية",D,B
629,"البسط هو:

A) الحركة للأعلى.
B) عندما يدور الطرف حول محوره الطولي.
C) عندما يتحرك الطرف العلوي نحو الخلف في المستوى السهمي.
D) عندما يتحرك الطرف العلوي نحو الأمام في المستوى المستوى السهمي.",B,C
630,"الطبقة المحيطة بالرئتين:

A) التامور الليفي
B) التامور المصلي الجداري
C) التامور المصلي الحشوي
D) لا شيء مما سبق",B,D
631,"AXILLARY Nerve :

A) يسمى ايضاً CIRCUMFLEX
B) ينشأ من الحبل الوحشى
C) يمر من الحيز الأبطى السفلى
D) يمر من الحيز الأبطى الأنسى",A,A
632,"العضلة التي تعد من العضلات الوحشية للساق وقد تعد من العضلات الأمامية للساق :

A) العضلة الشظوية الطويلة
B) العضلة الشظوية القصيرة
C) العضلة الشظويةالثالثة
D) العضلة الظنبوبية الأمامية",A,C
633,"تحوي الظهارة الشمية على:

A) خلايا قاعدية –عصبونات شمية – خلايا داعمة
B) خلايا قاعدية –خلايا كولشيسكي –عصبونات شمية
C) خلايا كأسية – خلايا قاعدية – عصبونات شمية
D) خلايا كأسية – عصبونات شمية – خلايا داعمة",A,A
634,"لكل قطعة كبدية :

A) فرع من الشريان الكبدي
B) فرع من الوريد البابي
C) قناة صفراوية
D) كل ما سبق صحيح",D,D
635,"في حالة الإصابة بنقص الأكسجة فإن اول ما يتأثر من الخلايا الكبدية :

A) الخلايا الكبدية المحيطية
B) الخلايا الكبدية المركزية
C) كلا˝ من a و .b
D) لا تتأثر خلايا كبدية.",B,B
636,"عضلات طويلة تربط الفقرات مع بعضها :

A) عضلات جدار البطن الأمامي
B) عضلات العمود الفقري
C) عضلات الصدر السطحية
D) عضلات الصدر العميقة",B,B
637,". كل مايلي صحيح حول النفرون عدا

A) تصب القنوات الجامعة في الحويضة
B) يصنف حسب طول عروة هانلة
C) النفرونات ذات عرى هانلة الطويلة لها دور مهم في تكثيف البول
D) يتألف من كبيبة كلوية ونبيب كلوي",A,A
638,"بالنسبة للشفة والشدقين فإن:

A) الجلد يكون خارجياً
B) المخاطية تكون داخلية
C) تتكون من عضلات داخلية
D) م كل ما سبق صحيح",D,D
639,"ما يلي من عضلات الساعد الخلفية السطحية عدا:

A) باسطة الابهام القصيرة
B) باسطة الخنصر
C) باسطة الأصابع المشتركة
D) المرفقية",A,A
640,"الطية الجلدية التي تغطي رأس القضيب تُدعى:

A) الحشفة
B) لفافة بوك
C) القلفة
D) البصلة",C,C
641,"كل ما يلي من أشكال الحليمات الذوقية عدا :

A) فطري.
B) كماي.
C) توتي.
D) ورقي.",D,C
642,". التنبيه نظير الودي يؤدي الى كل مايلي عدا

A) تضيق القصبات
B) تنشيط حركات السبيل الهضمي
C) تسطح العدسة
D) تضيق الحدقة",C,C
643,". يمر العصب الفكي السفلي من

A) الثقبة المدورة
B) الشق الحجابي العلوي
C) الثقبة البيضية
D) الثقبة الشوكية",C,C
644,"يتفرع الشريان الأكليلي الايمن والأيسر من :

A) الأبهر الصاعد
B) الأبهر الصدري
C) الأبهر البطني
D) الأبهر النازل",B,A
645,"ينشأ برزخ الأبهر :

A) قبل منشأ الشريان السباتي المشترك
B) قبل منشأ الشريان تحت الترقوة الأيسر
C) بعد منشأ الشريان تحت الترقوة الأيسر
D) كل ما سبق خطأ",B,C
646,"ما يلي من وجوه العضد عدا:

A) الانسي
B) الوحشي
C) الأمامي
D) الخلفي",A,C
647,"أصغر الفروع الأمامية للابهر البطني:

A) الجذع البطني
B) المساريقي العلوي
C) المساريقي السفلي
D) الشريان الكظري",B,C
648,"اختر الإجابة الخاطئة :

A) يوجد الجيب الرصغي بين القعب والعقب
B) توجد أحدوبة العقبي في الوجه اللفي لعظم العقب
C) العظام الاسفينية تتمفصل مع العظمين
D) يتم ترقيم العظام المشطية من الانسي للوحشي",C,C
649,". اي من الشرايين الاتية من فروع الشريان السباتي الخراجي (الظاهر)

A) الشريان الدرقي العلوي
B) الشريان الفقري
C) الشراين العيني
D) الشريان الابطي",A,A
650,"توجد الشعيرات أشباه الجيوب في :

A) الكبد
B) الرئة
C) الدماغ
D) الكلية",B,A
651,"تتصف غدة الثدي بأنها تفرز

A) البروتينات.
B) الدسم.
C) معقدات من السكريات والبروتينات.
D) كل ما سبق صحيح.
E) كل ما سبق خطأ.",D,D
652,"تتمفصل النهاية السفلية للكعبرة مع العظام: (2007)

A) القاربي.
B) الكبير.
C) الهلالي.
D) الزندي.",D,B
653,". الخطأ عن الاضلاع:

A) الاضلاع الكاذبة يبقى غضروفها حرا ومطمورا في عضلات الصدر
B) تتمفصل في الخلف مع الفقرات الصدرية
C) تتمفصل الحقيقية منها في الامام مع القص
D) الاضلاع الحقيقية تتصل مباشرة عن طريق غضاريفها مع عم القص",A,A
654,"GRACILIS

A) تعمل دوران وحشى للساق
B) تعمل دوران أنسى للساق
C) تعمل دوران وحشى للفخذ
D) تعمل دوران أنسى للفخذ",C,B
655,"الألياف التي تربط التلافيف والفصوص في نصف كرة مخية واحد:

A) إسقاطية
B) ترابطية
C) صوارية
D) التقائية",B,B
656,"ميزابة النبض بين أوتار العضلات :

A) العضدية الكعبرية قابضة الرسغ الكعبرية
B) العضدية الزندية باسطة الرسغ الزندية
C) المرفقية الاستلقائية
D) الكأبة المربعة الكأبة المدورة",B,A
657,". الوريد السطحي الذي يشكل الابطي هو:

A) القاعدي
B) الراسي
C) العضدي
D) تحت الترقوة",B,A
658,"أي العظام التالية يساهم في تشكيل سقف جوف الحجاج: (2015تكميلي)

A) الفكي العلوي.
B) الجبهي.
C) الوجني.
D) الدمعي.
E) الحنكي.",B,E
659,"الطبقة الأولى من عضلات أخمص القدم تشمل عدا:

A) باسطة الأصابع
B) قابضة الإبهام
C) قابضة الأصبع الصغرى
D) مبعدة الإبهام",D,A
660,"تفرز الخلايا ألفا في البنكرياس:

A) الفلوكاغون
B) الانسولين
C) السوماتوستاتين
D) لا شيء مما سبق",A,A
661,"يتالف Extra cellular matrix من ما يلي ما عدا:

A) Epithelial fibers
B) Collagen fibers
C) Ground substance
D) reticular fibers
E) الثالث والرابع",E,A
662,"مايخص المرحلة التكاثرية proliferative phase

A) تكون فيها بطانة الرحم رقيقة.
B) تستمر من 10-8 أيام.
C) تترافق مع زيادة في إفراز الاستروجين و زيادة تركيزه في الدم.
D) كل ماسبق صحيح.",C,D
663,"ما يلي صحيح بالنسبة للب الكظر :

A) ينشأ جنينياً من العرف العصبي
B) تعتبر خلاياه عصبونات نظيرة ودية ما قبل عقدية معدلة
C) تفرز خلاياه الاستيل كولين
D) الاجابتان A+B
E) كل ما سبق صحيح",D,A
664,"أعمق الانخفاضات في الصيوان يُدعى:

A) المحار
B) الحتار
C) فصيص الأذن
D) نظير الحتار",B,A
665,"وظيفة : PTH

A) يرفع كالسيوم الدم
B) يخفض كالسيوم الدم
C) يرفع كالسيوم البول
D) لا شيء مما سبق",A,A
666,"الببتيد الطارح للصوديوم:

A) موسع وعائي يزيد تروية الكبب
B) تنتجه الخلايا الأذينية في القلب
C) تقع مستقبلاته فيmesangial cell
D) كل ماسبق صحيح",D,D
667,"غرفة مراقبة الفعاليات الحركية والتوازن هي:

A) البصلة
B) الجسر
C) المخيخ
D) المخ",C,C
668,"بالنسبة الأعضاء التناسلية الخارجية الانثوية :

A) الدهليز لا يحتوي على غدد
B) الاشعار الصغيرة لا تحتوي على اشعار
C) الاشفار الصغيرة تشابه جلد الصفن
D) الاجابتان B+C",D,B
669,"يمتد من المنخر حتى المنعر:

A) قمة الأنف
B) ظهر الأنف
C) جوف الأنف
D) جذر الأنف",B,C
670,"يتشكل الضفيرة العجزية من الفروع الشوكية:

A) العصب الحرقفي الوركي
B) العصب الحرقفي الخثلي
C) العصب الحرقفي الفخذي
D) العصب الحرقفي الأربي",A,A
671,"يقع بين جسم الفقرة والقوس الفقرية :

A) الثقبة المستعرضة
B) الثقبة بين الفقرية
C) الثقبة الفقرية
D) الثقبة المغذية",B,C
672,". من عضلات ال thenar

A) مقابلة الخنصر
B) مقربة الابهام
C) العضلات الخراطينية
D) العضلات بين العظمية الراحية",B,B
673,"الضفائر الأبهرية كل مما يلي ما عدا:

A) تتشكل من ألياف ودية وقبل وبعد العقدة.
B) تتشكل من ألياف لأودية قبل العقدة.
C) تتشكل من ألياف واردة حشوية.
D) تعطي تكثفات حول مناشئ الشرايين الرئيسية.
E) الألياف اللاودية في الضفيرة المساريقية السفلية مبهمية المنشأ.",B,E
674,"ما يلي صحيح عن العين عدا :

A) تتوضع في الحجاج Orbits .
B) الطبقة الخارجية )ليفية( مؤلفة من الصلبة و القزحية.
C) الطبقة الداخلية تتمثل ب الشبكية.
D) لا يشكل العصب البصري عصبا حقيقيا محيطيا.",B,B
675,"لا نجد غدد عرقية في :

A) الشقة
B) حشفة القضيب
C) الابط
D) A+B",D,D
676,"تتوضع الطية المخملة على:

A) الوجه العلوي للسان
B) الوجه السفلي للسان
C) اللثتين
D) الشدفين",A,B
677,"عندما يتجه أخمص القدم للوحشي:

A) قبض ظهري
B) شنف
C) شتر
D) قبض أخمسى",A,B
678,"العظم الجبهي (مكرر):

A) لا يدخل في تشكيل القحف العصبي.
B) لا يساهم بتشكيل الحفرة القحفية الامامية.
C) يساهم بتشكيل الحجاج.
D) يساهم بتشكيل الحفرة القحفية الخلفية.",C,C
679,"اختر الاجابة الخاطئة :

A) نقص الانزيمات الحالة للسكريات عند الإنسان يسبب اضطرابات هضمية.
B) هذا النقص يكون احيانا ذو منشأ وراثي.
C) متلازمة سوء الامتصاص تحدث نتيجة ضمور مخاطية المعدة.
D) كل ماسبق صحيح.",C,C
680,"يفرز هرمون ال PTH :

A) الغدد جارات الدرق.
B) الغدة النخامية.
C) الغدة الكظرية.
D) الغدة الدرقية.",A,A
681,". اختر الاجابة الخاطئة حول الضفيرة القطنية

A) تشكلها الفروع الظهرية للاعصاب القطنية الاربعة الاولى
B) تعصب جدار البطن
C) تعصب الطرف السفلي
D) تتشكل خلف البسواس",A,A
682,"الفقرات الرقبية اختر الإجابة الخاطئة:

A) الفقرة الرقبية الأولى لها قوس خلفية تفصل مع سن المحور.
B) الثقبة الفقرية مثلثية الشكل.
C) النواتئ الشوكية قصيرة ومتشعبة فى نهايتها.
D) جسم الفقرة صغير.",A,A
683,"الخلايا الشحمية قادرة على تصنيع Fatty acids من الغلوكوز وهي عملية تتسرع بتأثير:

A) الغلوكاغون
B) الأنسولين
C) الباراثورمون
D) الثيروكسين
E) الثالث والرابع.",B,B
684,"كل ما يلي من مؤذيات ظهارة المعدة ذات المنشأ الداخلي ما عدا :

A) حمض كلور الماء
B) ببسين.
C) الايتانول
D) الليباز.",B,C
685,". تتميز الرئة اليمنى عن اليسرى بكل مايلي عدا:

A) لها ثلاث فصوص
B) القبضة الرئيسية
C) لها شقان
D) اثقل وزنا",B,B
686,"ينشأ من اللقيمة الإنسية للعضد (منشأ القابضات) كل مما يلي ماعدا:

A) العضلة الراحية الطويلة
B) العضلة قابضة الرسغ الكعبرية
C) العضلة الكابة المدورة
D) العضلة قابضة الرسغ الزندية
E) العضلة قابضة الإبهام الطويلة",C,E
687,"تنصف المعدة Stomach بما يلي ما عدا :

A) يقع الجزء الأكبر منها تحت المنطقة الضلعية.
B) اليسرى والشرسوف. جسم المعدة يمتد من مستوى فوهة الفؤاد إلى مستوى الكلمة الزاوية.
C) البواب هو فتحة المعدة في الأسفل وهو يفتح على الطج.
D) الكلمة الزاوية ثابتة في القسم السفلي من الانحناء الصغير.
E) يمتد الثرب الصغير بين الانحناء الكبير وبين الكبد.",D,E
688,"العضلات التي تعمل على توازن الرأس على الجذع هي:

A) عضلات الوجه التعبيرية.
B) العضلة الصدغية.
C) عضلات العنق.
D) العضلة الجناحية الأنسية.",C,C
689,"يسير أكبر أقسام :Celiac Trunk :

A) الحافة العلوية للمعثكلة
B) يصعد إلى النهاية السفلية للمريء
C) كل ما سبق خاطئ
D) ضمن الثرب الصغير",A,A
690,"وظيفة العضلة الخياطية:

A) تقبض الساق وتدورها للأنسي
B) تقبض الفخذ
C) تدور الفخذ للوحشي
D) كل ما سبق صحيح",A,D
691,"اختار الجواب الصحيح اذا كان هناك جوابا صحيحا واحدا فقط أو اختر الجواب الأكثر شمولا وتكاملا اذا كان هناك أكثر من جواب صحيح

A) يتكون الكولاجين من جزئيات التروبوكولاجين
B) وتنظيم الجزئيات الترويو كولاجين جنبا الى جنب لتكون خيوط البروكولاجين
C) وترتبط خيوط البروكولاجين لتكوين اللبيقات البدائية
D) وترتبط التصنيفات البدنية لتكون اللبيفات المجهرية
E) كل ما ذكر أعلاه صحيح",E,E
692,"من وظائف عضلات البطن ماعدا:

A) تعمل كطاردة
B) ثني الجذع وتحريكه
C) اذا انقبضت تؤدي إلى شهيق قوي
D) دعم محتويات البطن",C,C
693,"يعبر العصب الوجهي عبر :

A) الثقبة الأبرية الخشائية
B) الثقبة المدورة
C) الثقة الشوكية
D) الثقبة البيضية",A,A
694,"الصحيح عن شرايين الجهاز العصبي المركزي :

A) التروية تاتي من الجملة الوداجية في الامام والسباتي من الخلف
B) من فروع السباتي الباطن : المخي الامامي والعيني
C) من فروع القاعدي : المخيخي السفلي الامامي والخلفي
D) B+C صحيحتان",D,B
695,"تركيب T3:

A) شحمي
B) أميني
C) سكري
D) لا شيء مما سبق",B,B
696,"يتصل المدورين بالخلف في الفخذ بــ:

A) الخط بين المدورين
B) العرف بين المدورين
C) الثلمة بين المدورة
D) لا شيء مما سبق",B,B
697,"حليمات ذات رأس مدور أحمر وقاعدة ضيقة

A) الخيطية
B) الفطرية
C) الورقية
D) المحوطة",B,B
698,"يدخل الحالبان المثانة من سطحها

A) الخلفي
B) الجانبي
C) السفلي
D) العلوى",D,A
699,"الرغامي والقصبات إختر الإجابة الخاطئة :

A) يبلغ طول الرغامي ٩ - ١٥ سم
B) القصبة الرئيسية اليمني قصبة قصيرة وعمودية على الرغامي
C) حلقات الرغامي حلقات غضروفية تامة
D) الحلقات الغضروفية تمنح الصلابة وتمنع انخماص الرغامي",C,C
700,"الباحة المسؤولة عن حركات العين هي:

A) 5 و 6
B) 4
C) 7
D) 8",A,D
701,"يروي المساريقي السفلي ماعدا

A) كل الكولون المعترض
B) السيني
C) الكولون النازل
D) المستقيم",A,A
702,"من الأوساط الكاسرة في العين عدا:

A) الحدقة
B) الخلط المائي
C) العدسة
D) القرنية",C,A
703,". الحد الخلفي للحفرة الجناحية الحنكية هو

A) Pterygoid processes
B) Greater wing
C) Lesser wing
D) Crista galli",A,A
704,"يكون النسيج الشحمي أوضح عند :

A) سكان الأقاليم الباردة
B) سكان الأقاليم الدافئة
C) سكان الأقاليم الحارة
D) لا شيء مما سبق",A,A
705,". الجوف الحقاني مقعر ذو نهاية ضخمة يتمفصل مع عظم العضد ويتجه

A) للاعلى والوحشي والامام
B) للاعلى والانسي والامام
C) للاسفل والوحشي والخلف
D) للاعلى والوحشي",A,A
706,"لا يوجد فيه Perichondrium إطلاقا في كل توضعاته.

A) Hyaline cartilage
B) Elastic cartilage
C) Fibrocartilage
D) كل ما سبق.
E) كل ما سبق خطأ.",E,C
707,"اتصالات جوف الأنف:

A) A الوحشي مع الحجاج والجيب الوتدي
B) B في الأسفل ينعزل عن جوف الفم عن طريق الحنك الصلب
C) C في الأمام يتمادى بفتحة عظمية هي المنخر
D) كل ما سبق صحيح",D,B
708,"قد يصل عدد زغبيات دقيقة في سطح الخلايا المبطنة للامعاء الى:

A) 1500 زغبية في الخلية الواحدة
B) 250 زغبية في الخلية الواحدة
C) 15000 زغبية في الخلية الواحدة
D) 3000 زغبية في الخلية الواحدة",A,C
709,"ينشأ الجذع المشترك للشريان بين العظمين من الشريان

A) الزندي
B) الكعبري
C) العضدي
D) الابطي",A,A
710,". وجه من عظم الترقوة عليه ميزابة طولانية:

A) الوجه العلوي
B) الوجه السفلي
C) الوجه العلوي والسفلي
D) كل ماسبق خطأ",B,B
711,"ثلاثية الرؤوس العضدية: (2007 أولى)

A) ينشأ رأسها الطويل من عظم العضد
B) ترتكز على الكعبرة .
C) يعصبها الكعبري .
D) مثنية للمرفق .",B,C
712,"يساهم بتعصيب مثنية الأصابع العميقة: (2007 أولى)

A) الفرع العميق من الكعبري .
B) العصب بين العظمين الأمامي .
C) الزندي .
D) الناصف والزندي .",A,D
713,". يفرز الغلوكاغون من

A) خلايا بيتا في المعثكلة
B) خلايا الفا في المعثكلة
C) لب الكظر
D) الغدة الدرقية",B,B
714,". تشاهد على الوجه الحجابي للقلب العناصر التالية ماعدا

A) قسم من البطين الايمن
B) قسم من البطين الايسر
C) الشريان بين البطنين الامامي
D) الشريان بين البطينين الخلفي",C,C
715,"الطبقة المبطنة للتامور الليفي:

A) التامور الليفي
B) التامور المصلي الجداري
C) التامور المصلي الحشوي
D) لا شيء مما سبق",B,B
716,"الصفيحة القاعدية للشعيرات المثقبة تكون مستمرة فيما يلي عدا :

A) الكلية
B) الغدد خاجية الافراز
C) الأمعاء
D) الغدد الصماء",B,B
717,"من صفات الضغط الحلولي في الأوعية الدموي:

A) ناتج عن وجود العناصر الدموية من الكريات و البلازما
B) يصل إلى ٣٥ مم زئبقي
C) متغير حسب مناطق الجسم والأوعية
D) ثابت في جميع أنحاء الجسم",C,D
718,"التوسع في نهاية الأسهر يعني

A) مجل الأسهر
B) الحويصل المنوى
C) القناة الدافقة
D) لاشئ مما سبق",A,A
719,"كل ما يلي من مفرزات المنطقة الحزمية في الكظر ماعدا :

A) ACTH
B) أندروجين
C) استيروجين
D) الكورتيكوستيرون",C,A
720,"عدد فقرات الجزء الصدري من العمود الفقري:

A) 10
B) 12
C) 14
D) 8",B,B
721,"يخرج العصب الشوكي من :

A) الثقبة بين الفقرية
B) الثقبة الفقرية
C) الثقبة الكبرى
D) التثقبة الشوكية",A,A
722,"ينتج هرمون الأستروجين من :

A) الخصية
B) المبيض
C) الدرق
D) الكظر",B,B
723,"مايلي صحيح بالنسبة للعدلات:

A) العدلات لا تتحمل ظروف نقص الاكسجة
B) العدلات لا تحصل على الطاقة عن طريق حل الغلوكوز
C) تشكل 10% من الكريات البيض الجاتلة في الدوران
D) A+B
E) كل ما سبق صح",E,B
724,"يحتوي الصفن ماعدا

A) الخصية
B) نهاية الحبل المنوي العلوية
C) البريخ
D) نهاية الحبل المنوي السفلية",D,B
725,"اي من الخلايا الآتية في الظهارة التنفسية تعد

A) الخلايا الكأسية
B) الخلايا الفرشاتية.
C) خلايا كولشيسكي.
D) الخلايا القاعدية.",B,B
726,"السويفة المخية

A) ألياف مقوسة باطنة
B) ألياف مستنة حمراوية
C) ألياف النواة فوق البصرية
D) ألياف سمعية أولية",B,ولا بنية مما علا
727,"يمر تحت قيد العاطفات في الكاحل: (نموذج د.

A) وتر الظنبوبية الطويلة.
B) الشريان الظنبوبي الأمامي.
C) العصب الربلي.
D) وتر الظنبوبية الخلفية.",D,D
728,"من عضلات الوجه التعبيرية :

A) عضلات الجبهة.
B) العضلة حول العين.
C) العضلة حول الأذن.
D) كل ماسبق صحيح .",D,D
729,"كل ما يلي صحيح بالنسبة للكريات البيض ماعدا:

A) مسؤولة عن التخثر
B) عددها 5000-8000 في الميليمتر المكعب
C) ثابتة ومتحركة
D) مسؤولة عن مناعة الجسم",A,A
730,"محتويات الجيب العجاني العميق: ماعدا

A) جزء من الإحليل.
B) جزء من المهبل.
C) المعصرة الإحليلية التي يخترقها الإحليل والمهبل.
D) الأوعية الفرجية الباطنة وفروعها.
E) العضلتين العجانيتين المستعرضتين السطحيتين.",C,E
731,"استحلاب الدسم وظيفة :

A) الحموض الصفراوية
B) الليستين.
C) الخلايا الحدية
D) لاشيء مما سبق.",A,A
732,"كل ما يلي حول barrier testis-Blood صحيح ما عدا:

A) يتشكل من الوصالت السادة بين خلايا سرتولي على المستوى القاعدي الجانبي.
B) تقع spermatids early ضمن الحاجز الدموي الخصيوي.
C) تقع جميع خاليا السلسلة المنوية ضمن الحاجز الدموي الخصيوي.
D) يحمي ظهارة الأنابيب المنوية من التفاعلات المناعية الذاتية.",C,C
733,"يخزن فيتامين A في الكبد ضمن :

A) خلايا كوبفر
B) الخلايا الكبدية
C) خلايا إيتو
D) خلايا لانغرهانس",B,C
734,"أقسام البلعوم ماعدا:

A) الأنفي
B) الفموي
C) المريني
D) الحنجري",C,C
735,"تشكل محتويات الجيب العجاني السطحي ماعدا:

A) جذر البظر (بصلة الدهليز والساقان).
B) العضلة البصلية الإسفنجية.
C) الغدد الدهليزية الكبيرة.
D) جزء من المهبل.
E) مصرة الإحليل.",B,E
736,"الخلايا التي تقوم بتصنيع الصفراء :

A) Hepatocytes
B) خلايا كوبفر
C) المرارة
D) ظهارة الاقنية الصفراوية
E) It's cells",A,A
737,"اخت الإجابة الصحيحة :

A) الداء السكري من النمط 2 معتمد على الانسولين
B) تحاط جزر لانغرهانس بمحفظة ليفية سميكة
C) ترتبط الإصابة بالداء السكري من النمط الثاني بالسمنة Obesity
D) A+B
E) كل ما سبق صحيح",E,C
738,"كل ما يلي عن قاعدة القلب صحيح عدا :

A) تتجه إلى الخلف والأعلى
B) تخرج منها جذوع الأوعية الكبيرة
C) تتشكل بشكل رئيسي من الأذينة اليسرى ذات التوضع العمودي
D) تنفتح عليها الأوردة الرئوية",C,C
739,"الفروع الانتهائية للسباني الخارجي هي:

A) فكي وصدغي عميق
B) فكي وصدغي سطحي
C) حنكي وصدغي سطحي
D) فكي وصدغي أوسط",B,C
740,"فيما يخص مفصل الركبة كل مما يلي صحيح ماعدا:

A) هو تمفصل الفخذ مع الرضفة والشظية والظنبوب
B) يوجد ضمن الركبة رباط متصالب أمامي وخلفي
C) إن وتر المأبضية داخل المفصل
D) تعتمد ثباتية المفصل على الأربطة الخارجية والداخلية
E) الغضروف الهلالي الأنسي يرتبط مع الرباط الجانبي الأنسي",C,E
741,"يجاور وجهها السطحي (الوحشي) الغدة تحت اللسان.

A) ذقنية لسانية
B) ضرسية لامية
C) لامية لسانية
D) ذقنية لامية
E) ذات البطنين",A,A
742,"يحتوي على عدة انواع من الخلايا ومنها خلايا عرطلة عديدة الادوية

A) Adipose tissue
B) Cartilage
C) Bone
D) Fibrous connective tissue
E) Cartilage + bone",E,C
743,"تستلم عضلات الظهلر العميقه تعصيبها الحركى من:

A) الشعب الاوليه البطنيه
B) الشعب الاوليه الظهريه
C) الفروع الخلفيه للاعصاب الناقبه الوحشيه
D) الجذور الظهريه
E) الجذور البطنيه",B,B
744,". الصحيح عن الاجوف العلوي

A) يقع في المنصف السفلي
B) يتيرك انطباع على الرئة اليسرى
C) يصب فيه الوريد الفرد
D) يساهم في تشكيله الوريد الوداجي الباطن",B,C
745,"الخاطئ حول الفم هو:

A) يشكل بداية جهاز الهضم
B) طريق هوائي مساعد
C) له فوهة أمامية وجدران فقط
D) يشارك في المضغ والتصويت",C,A
746,"كل ما يلي من وجوه الجناح الكبير عدا:

A) مخي
B) صدغي + تحت صدغي
C) فكي علوي
D) فكي سفلي",D,D
747,"يعتبر Mesenchyme للمنشأ :

A) خلايا الدم
B) الخلايا العضلية الملساء
C) خلايا النسيج الضام.
D) كل ما سبق صح
E) كل ما سبق خطا .",D,D
748,". الجيب الوريدي الذي يصب في الوريد الوداجي الباطن

A) الجيب الكهفي
B) الجيب القاعدي
C) الجيب السيني
D) الجيب المستعرض",C,C
749,"تضم ناصبات الفقار من عضلات الظهر العميقه ما عدا

A) الشوكيه العنقية
B) الحرقفيه الضلعية
C) الطولى الرأسية
D) الطولى العنقية
E) نصف شوكيه العنق",B,E
750,"اختر الإجابة الصحيحة حول: Bronchioles Terminal

A) ظهارتها بسيطة مكعبة مهدبة.
B) الصفيحة المخصوصة لا تحوي ألياف مرنة.
C) كل من A+B
D) ليس مما سبق.",C,A
751,"تعمل واردات مخيخيه الى التشكيلات الشبكية بشكل خاص من :

A) الطبقة الحبيبية لقشر المخيخ
B) النواة المسننة
C) النواة الأوجية (الأثرية)
D) خلايا بوركنجي",A,القص الندفي العقيدي
752,". يتوضع العظم الكتفي على الجدار الخلفي العلوي للصدر بمحاذاة الاضلاع

A) الاضلاع الثانية حتى السابعة
B) الاضلاع السبعة الاولى
C) الاضلاع الثالثة حتى السابعة
D) الاضلاع الستة الاولى",A,A
753,"المنطقة الأعمق في الكظر :

A) اللب
B) الحزمية
C) الشبكية
D) الكبيبية",C,A
754,"الأجفان :

A) تتوضع أمام الحجاج.
B) بكل جهة جفن علوي وسفلي.
C) بين الجفنين فتحة تسمى الفرجة الجفنية.
D) يغطي الجلد الأجفان من الداخل والخارج.",B,D
755,"وظيفة السوماتوستاتين:

A) تثبيط إفراز ACTH
B) تثبيط إفراز GH
C) تثبيط إفراز FSH
D) a + b",D,D
756,"يقع بين النواة العدسية من جهة والنواة والمهاد من الجهة الأخرى:

A) النواة السوداء.
B) المنقار.
C) المحفظة الداخلية.
D) النواة البينية.",B,C
757,"أي من الأعصاب الآتية يتوسط التبول الإرادي:

A) العصب الحرقفي الخثلي.
B) العصب الفرجي.
C) العصب الفخذي التناسلي.
D) الأعصاب الحشوية الحوضية.
E) العصب الحجابي.",D,B
758,"من عضلات الساعد الخلفية : (2006)

A) الكابة المربعة.
B) المرفقية.
C) باسطة الرسغ الزندية.
D) باسطة السبابة.",A,A
759,"كل ما يلي صح بالنسبة للكولونات عدا:

A) طول الكولون الصاعد 15 سم
B) طول الكولون المعترض 45 سم
C) طول الكولون السيني 30 سم
D) طول الزائدة الدودية 8 -13 سم",A,C
760,"-ينفتح على القرين الانفي العلوي :

A) الجيب الوتدي
B) الجيب الفكي
C) الجيب الغربالي
D) الجيب الجبهي",A,A
761,"- يمكن إجراء الحقن العضلي في القسم العلوي من :

A) ذات الرأسين العضدية
B) الدالية
C) الغرابية العضدية
D) المدورة الصغيرة",A,B
762,"الخط التعلي. (2016 تكميلي(

A) منشأ العضلة النعلية
B) أعلاه تنشا الظنبوبية الخلفية
C) أسفله تنشا الاخمصية
D) يقع وسط السطح الخلفي للظنبوب",B,A
763,"تتوضع الاحدوبة الدالية في العضد على السطح:

A) الانسي
B) الوحشي
C) الخلفي
D) لا شيء مما يلي",B,B
764,"اختر الاجابة الخاطئة :

A) نقص الانزيمات الحالة للسكريات عند الإنسان يسبب اضطرابات هضمية.
B) هذا النقص يكون احيانا ذو منشأ وراثي.
C) متلازمة سوء الامتصاص تحدث نتيجة ضمور مخاطية المعدة.
D) كل ماسبق صحيح.",C,C
765,"من أقسام البوق ماعدا:

A) القمع
B) البرزخ
C) العنق
D) الانبورة",B,C
766,"المراكز نظيرة الودية تقع في :

A) القحف
B) النخاع الشوكي العجزي
C) النخاع الصدري
D) A+B",D,D
767,". تعبر الالياف الاسقاطية عبر

A) Corpus callosum
B) Internal capsule
C) Hippocampus
D) Lentiform nucleus",B,B
768,"أكبر الجيوب جانب الأنف:

A) الفكي
B) الجبهي
C) الغربالي
D) الوتدي",A,A
769,"تركيب T3 :

A) شحمي
B) أميني
C) سكري
D) لا شيء مما سبق",B,B
770,"أقرب طبقات الصفن للخصية هي:

A) اللفافة الغمدية
B) اللفافة العمدية
C) اللفافة البيضاء
D) اللفافة المشمرة",A,A
771,"من وظائف الحنجرة ماعدا :

A) حماية الطرق الهوائية عند البلع .
B) التصويت
C) التنفس
D) عدم إغلاق الطرق الهوائية",D,C
772,"اليرقان jaundice :

A) هو وجود كمية كبيرة من الصفراء في الدم
B) ينتج عن عدم إفراز البيلروبين المرتبط.
C) ينتج عن عدم إفراز البيلروبين غير المرتبط
D) كل ما سبق صحيح.",D,D
773,"- يتوضع في المنصف ما يلي:

A) الحنجرة
B) الرغامي
C) الوريد الأجوف العلوي
D) القلب",B,B
774,"مايلي صحيحي عن الحؤول الحرشفي : عدا squamous metaplasia

A) هو تحول الظهارة التنفسية إلى بسيطة حرشفية
B) يسبقه انعدام في حركة اهداب خلايا الظهارة
C) يتبعه تشكل نسيج ما قبل سرطاني.
D) هو تحول الظهارة التنفسية إلى مطبقة حرشفية",D,D
775,"المحرك لعضلات اللسان :

A) 11
B) 7
C) 12
D) 9",C,C
776,"إن الغشاء القاعدي لخلايا M

A) غير مستمر
B) مستمر
C) يسهل النقل بين الصفيحة الخاصة وخلايا
D) كل من a و .c",B,D
777,"يتوضع تحت الخط الضرسي اللامي :

A) حفرة ذات البطنين
B) حفرة الغدة تحت اللسان
C) حفرة الغدة تحت الفك السفلي
D) لا شيء مما سبق",B,C
778,"كل مما يلي صحيح في الأمعاء الدقيقة ما عدا :

A) مكان للهضم المهائي
B) مكان امتصاص الأغذية المهضومة
C) مكان افراز غدي صماوي
D) مكان لانتاج الطاقة
E) لا شيء مما سبق",C,D
779,"أقسام جهاز التنفس ماعدا: --

A) جزء ناقل
B) جزء تنفسي
C) جزء خلالي
D) جزء مكون للصوت",C,C
780,"تضم ناصيات الفقار من عضلات الظهر العميقة ما عدا: (2017 أولى)

A) الشوكية العنقية.
B) الحرقفية الضلعية.
C) الطولى الرأسية.
D) الطولى العنقية.
E) نصف شوكية العنق.",C,E
781,"عظم العضد :

A) الحديبة الصغيرة تتوضع على الوجه الخلفي.
B) للعضد.
C) الحديبة الكبيرة وحشي راس العضد.
D) الحديبة الصغيرة وحشي الحديبة الكبيرة.",C,B
782,"تمتاز الزائدة الدودية بـ :

A) غزراة الجريبات اللمفاوية
B) لا يوجد فيها شرائط كولونية
C) كل ما سبق صحيح
D) الغدد فيها اكثر منها في الكولون
E) الأول والثاني",A,E
783,"الشريان الذي يجتاز الثقبة الكبرى:

A) القاعدي
B) الفقري
C) السباتي الباطن
D) السباتي الظاهر",C,A
784,"تنشأ من العانة وترتكز أعلى الفخذ:

A) مربعة الرؤوس الفخذية
B) المشطية
C) الخياطية
D) ثنائية الرؤوس الفخذية",A,B
785,"كل مايلي صحيح عن المنطقة الزنجفرية عدا:

A) منطقة انتقالية حمراء
B) تتكون من جلد رقيق +ملحقاته
C) الضفائر الشعيرية قريبة من سطح الجلد
D) هي ال the vermilion zona",D,B
786,"من الامثلة على العظام الطويلة :

A) الداغصة.
B) الفقرات.
C) الكعبرة .
D) لوح الكتف.",C,C
787,"النسيج الشحمي :

A) يشكل 15-20% من وزن الرجل الطبيعي
B) عند النساء تكون نسبته أقل مما هو عند الرجال.
C) هو في حالة تقلب Turnover مستمر.
D) الأول والثالث.
E) الثاني والثالث.",D,B
788,"تتميز الفقرات الصدرية:

A) النواتئ المستعرضة ضامرة.
B) النواتي الشوكية اطول.
C) الثقوب الفقرية كبيرة .
D) كل ما سبق صحيح.",D,B
789,"تشمل النوى القاعدية ما يلى عدا :

A) LENTIFORM NUCLEUS .
B) النواة المذنبة.
C) TAILED NUCLEUS .
D) النواة العدسية.",C,C
790,"الخاطئ مما يلي هو :

A) يفتح على الصماخ العلوي Ethmoidal Sinus
B) الصماخ المتوسط يفتح عليه Frontal Sinus
C) الصماخ المتوسط يفتح عليه Sphenoidal Sinus
D) يفتح على المتوسط أيضاً Ethmoidal Sinus",B,C
791,"الطبقة المحيطة بالقلب والمرتبط به:

A) التامور الليفي
B) التامور المصلي الجداري
C) التامور المصلي الحشوي
D) لا شيء مما سبق",B,C
792,"ك ل ما يلي صحيح عن هرمون calcitonin ما عدا:

A) يفرز من Parafollicular Cells
B) يرفع كالسيوم الدم
C) يخفض كالسيوم الدم
D) تثبيت كالسيوم العظام",B,B
793,"ينشأ الشريان الزاوي من :

A) الشريان الوجهي
B) الشريان اللساني
C) الشريان الفكي
D) الشريان العيني",D,A
794,"تتميز المظاهر التشريحية قي الوصل الجسري البصلي ما عدا:

A) يتجد الشريانان الفقريان ليشكلا الشريان القاعدي
B) تعبر السيل الهرمية من الساق الجسري الى الساق البصلي
C) يستمر الغشل الانسي جنيب الناصف
D) يتوضع الردهان الوحشيان للبطين الرابع",C,يكون مزقه الأثر FASTIGIUM
795,"العصب العضلى الجلدى:

A) ينشأ من الحبل الوحشى
B) يعصب فقط الغرابية العضديه
C) هو عصب حركى فقط
D) عميق التوضع بكامل مساره",A,A
796,". يتشكل الوريد المأبضي من اتحاد

A) الوريد الظنبوبي الامامي والوريد الظنبوبي الخلفي
B) الوريد الظنبوبي الامامي والوريد الشوي
C) الوريد الحرقفي الداخلي والخارجي
D) الوريد الصافن الكبير والصغير",A,A
797,"تنشأ من اللقيمة الأنسية للعضد العضلات التالية ما عدا: (2009)

A) العضلة الاستلقائية.
B) الكابة المدورة.
C) الراحية الطويلة.
D) مثنية الرسغ الزندية.",B,A
798,"تضم الألياف العصبية المارة عبر الضفائر القلبية التالي ما عدا:

A) ألياف ودية قبل عقدية.
B) ألياف ودية بعد عقدية.
C) ألياف واردة مع الأعصاب الودية.
D) ألياف لا ودية قبل عقدية.
E) ألياف واردة مع العصبين المبهمين.",D,A
799,"المنطقة الأعمق في قشرالكظر :

A) الكبيبية
B) الحزمية
C) الشبكية
D) اللب",C,C
800,"حليمات ذات رأس مدور أحمر وقاعدة ضيقة

A) الخيطية
B) الفطرية
C) الورقية
D) المحوطة",B,B
801,"اختر الاجابة الخاطئة المتعلقة بالعظم الوتدي

A) يوجد المنقار الوتدي في السفلي
B) يتوضع السرج التركي على الوجه العلوي
C) هو جزء من القحف الحشوي
D) وجهه الخلفي له شكل مربع",A,C
802,". يقع في عمق التلم الوحشي

A) فص الجزيرة
B) الفص الجبهي
C) الفص الجداري
D) الفص القذالي",A,A
803,"يصب الوريد الكلوي في

A) الوريد الفرد
B) الوريد نصف الفرد
C) الأجوف السفلي
D) الأجوف العلوي",C,C
804,"العصب الناصف

A) ينشأ فى الأبط
B) ينتهى أسفل الساعد
C) يسير على العاطفة السطحية للأصابع
D) يعصب مباشرةً الكابه المربعة",A,D
805,"العصب تحت الكتف يعصب العضلات:( 2007 أولى)

A) deltodeus .
B) subscapularis .
C) teres minor .
D) trapizeus .
E) كل ما سبق خطأ .",E,B
806,"تضم ناصبات الفقار من عضلات الظهر العميقه ما عدا:

A) الشوكيه العنقية
B) الحرقفيه الضلعية
C) الطولى الرأسية
D) الطولى العنقية
E) نصف شوكيه العنق",B,E
807,"- ترتكز على وتر أشيل :

A) التوءمية الساقية + النعلية
B) التوءمية الساقية + الظنبوبية الأمامية
C) التوءمية الساقية + قابضة إبهام القدم الطويلة
D) كل ما سبق خطأ",A,C
808,"ترتكز العضلة المدورة الصغيرة : (2017 ثانية)

A) وحشي اخدود ذات الرأسين.
B) أنسي أخدود ذات الرأسين.
C) قاع أخدود ذات الرأسين.
D) الناتئ الغرابي.
E) حديبة العضد الكبرى.",B,E
809,". الاجابة الخاطئة المتعلقة ب flat ones

A) مثالها العظم الكتفي
B) تتشكل من صفيحتين من العظم الكثيف
C) يفصل بينهما نسيج عظمي اسفنجي
D) يتم نمو هذه العظام في اتجاه واحد",D,D
810,"يحدث التقرن في الشعرة :

A) بشكل مستمر
B) يحدث على الجزء الخارجي للشعرة
C) يحدث على كامل الشعرة
D) بشكل متقطع",B,D
811,"الردب الكمثري يتبع البلعوم:

A) الأنفي
B) الفموي
C) الحنجري
D) لا شيء مما سبق",B,C
812,". يتمفصل العظم الجبهي مع كل مايلي عدا

A) الجدراي
B) الوجني
C) الصدغي
D) الوتدي",A,C
813,"تشكل العظام التالية الجدار الوحشي للأنف عدا: (2014)

A) الوتدي.
B) الغربالي.
C) الدمعي.
D) الأنفي .
E) الميكعة.",E,E
814,"تتوضع المثانة الممتلئة والرحم المتضخم في

A) الناحية المغبنية اليمنى
B) الناحية المغبنية اليسري
C) الخثلية
D) لا شيء مما سبق",B,C
815,"عدد الأعصاب القحفية:

A) 12 عصبًا
B) 12 شفعًا
C) 31 عصبًا
D) 31 شفعًا",D,B
816,"يتوضع نواة العصب العاشر في:

A) الجسر
B) البصلة
C) الدماغ المتوسط
D) المخيخ",A,B
817,"العنصر الذي يجاور الرغامي من الخلف هو :

A) غدة التيموس
B) قوس الأبهر
C) المري
D) الجذع العضدي الرأسي",B,C
818,"العصب القحفي الذي يجتاز النفق الصدري:

A) 1
B) 2
C) 3
D) 4",B,B
819,"العظم الأضخم في هيكل القدم:

A) القعب
B) العقب
C) الزورقي
D) النردي",A,B
820,"ما يلي من طبقات جدار الصفن ما عدا:

A) الجلد
B) عضلة السنخ
C) لفافة بوك
D) لفافة العضلة المشمرة",D,C
821,"الهواء الذي يتم عبر الجزء الناقل يتم :

A) تصفيته
B) ترطيبه
C) تسخينه أو تبريره
D) كل ما سبق صحيح",D,D
822,". يوجد النفير البلعومي السمعي في:

A) الانف
B) البلعوم الفموي
C) البلعوم الانفي
D) البلعوم الحنجري",C,C
823,"ما يلي صحيح عن الغلالة الليفية عدا :

A) تحمي بنى العين داخلها و تؤمن مكانا لارتكاز العضلات.
B) تؤلف القرنية سدس هذه الغلالة.
C) يصل اللم limbus بين الصلبة و القرنية.
D) كل ما سبق صحيح.",D,C
824,"يتوضع الحيز الابطي السفلي بين، ما عدا:

A) الرأس الطويلة لمثلثة الرؤوس العضدية
B) جسم العضد
C) الصدرية الكبيرة
D) المدورة الكبيرة",C,C
825,"خط الدفاع الأول في السبيل المعدي المعوي :

A) الغلوبيولينات المناعة
B) الموصلات المحكمة
C) البالعات الكبيرة
D) النسيج اللمفاوي الملحق",C,A
826,"يحد فتحة وينسلو من الأسفل:

A) البواب.
B) الإثني عشر.
C) الفص المذنب الكبد.
D) الثرب الصغير.
E) مساريقا القولون المعترض.",A,B
827,". الخطأ حول الجذع الرئوي

A) ينشا من البطين الايمن
B) يتفرع الى شريان رئوي ايمن وشريان رئوي ايسر
C) تعطي فروع قصبية تغذي النسيج الرئوي
D) يدخل الشريان الرئوي نقير الرئة الموافقة",A,C
828,"خطأ حول وظائف العضلات:

A) المجموعة الامامية للفخذ قابضة لمفصل الركبة.
B) المجموعة الامامية للساق باسطة للقدم والاصابع.
C) المجموعة الخلفية للساق قابضة للقدم.
D) المجموعة الخلفية للفخذ قابضة لمفصل الركبة.",A,A
829,"اختار الجواب الصحيح اذا كان هناك جوابا صحيحا واحدا فقط أو اختر الجواب الأكثر شمولا وتكاملا اذا كان هناك أكثر من جواب صحيح

A) تتكون الأربطة والأوتار من نسيج ضام كثيف
B) تنتظم القرنية والأوتار والأربطة بصورة حزم
C) غمد الوتر والقرنية والرباط من نسيج ضام مفكك
D) النسيج الضام الباطن في الأوتار والأربطة كثيف
E) سمحاق الغضروف من ضام مفكك",B,A
830,"يُسمى الوجه الأمامي للوح الكتف:

A) الحفرة فوق الشوك
B) الحفرة تحت الشوك
C) الحفرة تحت الكتفية
D) الحفرة فوق الكتفية",A,C
831,"توجد الضفائر المشيمية ضمن :

A) الأم الجافية
B) الأم الحنون
C) الغشاء العنكبوتي
D) لا شيء مما سبق",B,B
832,"يتم تروية القولون الصاعد من الشريان :

A) الكلوي
B) المعدي الأيسر
C) المساريقي العلوي
D) المساريقي السفلي",D,C
833,"اختر الإجابة الصحيحة :

A) خلايا شوان هي خلايا دبقية
B) تتواجد الخلايا النجمية البروتوبلاسمية في المادة السنجابية
C) عند أذية النسيج العصبي تتكاثر الخلايا الدبقية الصغيرة لتشكل ندبة خلوية
D) الإجابتان الأولى والثانية صحيحتان
E) كل ما سبق صحيح",D,D
834,"الطية الجلدية التي تغطي رأس القضيب تدعى

A) الحشفة
B) لفافة بوك
C) القلفة
D) البصلة",C,C
835,"يدعى القسم العلوي المتسع من الحالب :

A) الجيب الكلوي
B) اللب الكلوي
C) الحويضة
D) الهرم الكلوي",C,C
836,"منطقة من القوس الفقرية بين جسم الفقرة والناتئ المستعرض:

A) الصفيحة العظمية
B) السويقة
C) الرجيلة
D) B + C",D,D
837,"حركة الفخذ إلى الأمام في المستوى السهمي هي حركة:

A) القبض.
B) البسط.
C) التقريب.
D) الشتر.",D,B
838,"أي الاتي حول epiglottis صحيح:

A) سطحها الحنجري مغطى بظهارة مطبقة كاذبة اسطوانية.
B) يوجد في الصفيحة المخصوصة غدد مصلية فقط
C) تبرز من الطرف السفلي للحنجرة.
D) سطحها اللساني يغطى بظهارة مطبقة كاذبة مسطحة.",A,A
839,"المنطقة الفاصلة بين الطيتين الصوتيين:

A) الدهليز
B) البطين
C) مشق المزمار
D) الجوف تحت المزماري",C,C
840,"هذه الطبقة من الكظر تتألف من حبال مقوسة من خلايا عمودية متقاربة إنها :

A) الطبقة الكبيبة
B) الطبقة الحزمية
C) محفظة الكظر
D) الطبقة الشبكية
E) لب الكظر",B,A
841,"الخلايا التي تتوضع في اللحمة بين النبيبات

A) المولدة للنطاف
B) لايديغ
C) سيرتولي
D) لا شيء مما سبق",C,B
842,"تتواجد البنى التاليه بالغدة النكفيه ما عدا:

A) الشريان الفكى
B) الشريان الصدغى السطحى
C) العصب الاذنى الصدغى
D) العصب لوجهى المعترض
E) الشريان الوجهى",D,E
843,". فيما يخص العظم القذالي كل مايلي صحيح ماعدا

A) عظم مفرد يساهم في تشكيل قاعدة القحف
B) تتمفصل اللقمة القذالية مع الفهقة
C) تقع الحديبة البلعومية على الوجه المخي لجسم العظم
D) يشكل القسم الصدفي القسم الاكبر من العظم",D,C
844,"تتمفصل الأضلاع بشكل مباشر مع) الخاطئة):

A) أجسام الفقرات الصدرية .
B) النواتيء المستعرضة للفقرات الصدرية.
C) القص.
D) الغضاريف الضلعية.",B,C
845,"من أقسام الأنف الظاهر :

A) APEX
B) ROOT
C) DORSUM OF THE NOSE
D) كل ما سبق صحيح",D,D
846,"المعلومة الصحيحة عن الناتئ الحنكي هي:

A) له تلمان قاطعيان يتصلان مع شوكة الأنف.
B) يتصل به أسناخ السن.
C) العرف الحنكي يتصل مع الميكعة.
D) يشكل معظم الحنك الصلب.",A,C
847,"يتألف الزنار الكتفي مما يلي عدا :

A) الترقوة
B) لوح الكتف
C) القص
D) رأس العضد",C,C
848,"يتواجد على الوجه الأمامي للقسم الصخري للعظم الصدغى مايلى عدا:

A) البارزة المقوسة.
B) انطباع ثلاثي التوائم .
C) الفتحة الظاهرة للمسال الدهليزى
D) فرجة العصب الصخري الكبير.",B,C
849,". الاجابة الخاطئة المتعلقة بالبطين الايمن

A) يأخذ جوف البطين شكلا قمعيا
B) جداره اثخن من جدار الاذينة اليسرى
C) يفصله عن الاذينة اليمنى دسام الثقبة البيضية
D) جداره اثخن من جدار الاذينة اليمنى",B,C
850,"من العظام القصيرة:

A) لوح الكتف.
B) الأسناخ.
C) الرسخ.
D) عظم القص.",B,C
851,"أقسام البلعوم إختر الإجابة الخاطئة :

A) قسم فوق حنجري
B) قسم الموي
C) قسم أنفي
D) قسم حنجری
E) ثلاثة أقسام",E,A
852,"تحوي صدفة العظم الصدغي ما يلي عدا:

A) انطباعات الشريان الصدغي الأوسط
B) انطباعات الشريان السحائي الأوسط
C) الصماخ السمعي الداخلي
D) الناتئ الوجني",B,C
853,"يقع العجان بين :

A) المستقيم والشرج
B) الرحم وعنق الرحم
C) الفتحة الشرجية والفتحة المهبلية
D) كل ما سبق خطأ",D,C
854,"مايلي صحيح عن التهاب الجيوب الانفية:

A) يحدث نتيجة انسداد فتحات التصريف
B) هو sinusitis
C) هو من نتائج متلازمة انعدام الحركة الهدبية
D) كل ما سبق صحيح.",D,D
855,"كل العظام التالية تشارك فى تشكيل سقف الأنف عدا :

A) الجبهي
B) الغربالي
C) الفكي
D) الوتدي",C,C
856,"يتوضع في المنصف ما يلي عدا :

A) القلب
B) الأبهر الصدري
C) الوريد الأجوف السفلي
D) فروع قوس الأبهر",C,C
857,"تتميز العضلات رافعات الاضلاع بالتالي ما عدا:

A) تصل الاضلاع بالعمود الفقري
B) عددها اثنا عشر زوجاً
C) لها عمل شهيقي
D) دورها هام في التنفس
E) تتعصب بالأعصاب العربية",C,E
858,". التيه الغشائي

A) الكييس
B) القوقعة
C) الدهليز
D) الانفاق نصف الدائرية",A,A
859,"في النسيج العظمي

A) العظم الأولى هو نفسه Woven bone
B) العظم الناضج هو نفسه Woven bone
C) العظم الأولي أكثر تمعدناً من الثانوي.
D) العظم الأولى فيه عدد أقل من osteocytes
E) كل ما سبق خطأ .",E,A
860,"السطح الخلفي للفخذ تحت المدور الكبير:

A) الأحدوبة الرشيقة
B) الأحدوبة الأولوية
C) الأحدوبة المربعة
D) حديبة رباعية الرؤوس الفخذية",C,B
861,"القسم الأمامي للثلم الأمامي الخلفي الأيسر للكبد يحوي:

A) ثلم الرباط الوريدي
B) ثلم الرباط المدور
C) ثلم الأجوف السفلي
D) ثلم المرارة",B,B
862,"وظيفتها إتاحة إنزلاق سطح الرئة على الجدار المحيط بها :

A) الحجاب الحاجز
B) الجنبة
C) القفص الصدري
D) الشرايين الرئوية",B,B
863,"من أقسام Scapula ما عدا:

A) الترقوة
B) لوح الكتف
C) رأس العضد
D) القص",A,B
864,"الشريان الذي يروي معظم الوجه الوحشي للمخ :

A) المخي الأمامي.
B) المخى الأوسط.
C) المخي الخلفي.
D) العيني.",B,B
865,"عندما يتجه أخمص القدم للأنسي:

A) قبض ظهري
B) شنف
C) شتر
D) قبض أخمسى",C,C
866,"يتصل بالأشعار ما يلي ما عدا :

A) الجريب الشعري
B) الغدد الدهنية
C) الغدد العرقية
D) العضلة الناصبة للشعرة",B,C
867,"ترشح الكلية 125مل كل دقيقة وتطرح منها في البول :

A) مل1
B) مل5
C) مل0.5
D) مل2.5",B,C
868,"عظم الفخذ (الخاطئة):

A) إن جسم الفخذ ناعم ومستدير في سطحه الأمامي.
B) يقع السطح المأبضي على الوجه الخلفي لجسمه.
C) يصل بين المدورين الكبير والصغير خط في الخلف يسمى الخط بين المدورين.
D) تملك نهايته السفلية لقمتين أنسية ووحشية ولقيمتين تقعان على اللقمتين.",B,C
869,"تعصيب النكفة من

A) المبهم
B) العصب القحفي
C) العقد الأذنية
D) B+C",D,D
870,"المنطقة الفاصلة بين الطيتين الصوتيين:

A) الدهليز
B) البطين
C) مشق المزمار
D) الجوف تحت المزماري",C,C
871,"كل ما يلي عن التامور صحيح عدا :

A) يتألف من التامور الليفي والتامور المصلي
B) يحوي جوف التامور السائل التاموري
C) يرتبط التامور الليفي بالقلب
D) يعمل السائل التاموري كمزلق لتسهيل حركات القلب",C,C
872,"العصب القحفي الذي يعبر الثقبة البيضية:

A) البصري
B) العيني
C) الفكي السفلي
D) الفكي العلوي",B,C
873,"تحدث عملية الاباضة بسبب الدفق الشديد لهرمون :

A) LH
B) FSH
C) TSH
D) GuRH
E) الأول والثاني",A,A
874,". ينتمي الوطاء الى:

A) الدماغ النهائي
B) جذع الدماغ
C) الدماغ البيني
D) كل ماسبق خطأ",B,C
875,"عظم العقب:

A) سطحة الأمامى يتمفصل مع النردى
B) لا يوجد عليه ارتكاز وترى
C) له معلاق على الطرف الوحشى للعظام
D) سطحه الأنسى محدب",C,A
876,"يستهدف الدرق ويحفز إفراز الهرمون الدرقي:

A) T3
B) T4
C) TSH
D) a + b",C,C
877,". الاجابة الخاطئة المتعلقة بالنهاية العلوية لعظم الفخذ

A) يشكل الراس ثلثي كرة ويتمفصل مع الحق
B) يرتكز رباط راس الفخذ على محيط الراس
C) يصل العنق بين الراس والجسم
D) يقع الخط بين المدورين على الوجه الامامي",A,B
878,"غطاء الكلية الذي يحيط بالكظر

A) اللفافة الكلوية
B) المحفظة الليفية
C) الشحم حول الكلية
D) الشحم جانب الكلية",A,A
879,"يشاهد في auditory (Eustachian ) tubes

A) Fibrocartilage
B) Elastic cartilage
C) Hyaline cartilage
D) Elastic cartilage + hyaline cartilage كلاهما
E) كل ماسبق خطأ",B,B
880,"المواد التالية تحرض من افراز HCI في المعدة :

A) Gastrin
B) Histamine
C) Somatostatin
D) A+B
E) كل ما سبق صحيح",D,D
881,"من ميزات الفقرات القطنية ماعدا:

A) القطر الأمامي الخلفي أكبر من المستعرض
B) جسم الفقرة كبير
C) الناتئ الشوكي قصير
D) عددها 5 فقرات",A,A
882,"أكبر عقدة مفردة من النسيج اللمفاوي:

A) الكبد
B) الطحال
C) الدرقية
D) التيموس",B,B
883,"تنشأ من اللقيمة الوحشية للعضد العضلات التالية ما عدا: (2009)

A) العضلة باسطة الخنصر.
B) مثنية الرسغ الكعبرية.
C) العضلة الاستلقائية.
D) باسطة الرسغ الكعبرية الطويلة.",B,B
884,"- العضلة الرئيسية المسؤولة عن قبض المرفق :

A) العضدية
B) قابضة الرسغ الزندية
C) قابضة الرسغ الكعبرية
D) الراحية الطويلة",A,C
885,"اختر الإجابة الصحيحة:

A) الستيروئيدات القشرية جزيئات مرتفعة وزن الجزيئة
B) تحتاج الستيروئيدات القشرية إلى عملية إفرازية تخصصية
C) زيادة إفراز الستيروئيدات القشرية يسبب داء اديسون
D) كل ما سبق خاطئ.",D,D
886,"الإحليل الذكري إختر الإجابة الخاطئة :

A) يمتد من عنق المثانة حتى الصماخ البولي الباطن
B) يقسم إلى خلفي و أمامي
C) الخلفي يضم الموثة والغشائي
D) الأمامي يسمى القضيبي",B,A
887,"توجد على حافتي اللسان وتحوي براعم ذوقية كثيرة:

A) الخيطية
B) الفطرية
C) الورقية
D) المحوطة",B,C
888,"شعيرات دموية تغلفها محفظة بومان

A) القشر الكلوي
B) الكبيبة الكلوية
C) الحليمة الكلوية
D) اللب الكلوي",B,B
889,"الدرزين الجداريين والقذالي:

A) الاكليلي
B) السهمي
C) اللامي
D) القذالي",B,C
890,"في مرحلة النضج لتكون النطاف تكون النطاف :

A) ناضجة وظيفية.
B) ناضجة غير وظيفية.
C) غير ناضجة وظيفية.
D) غير ناضجة غير وظيفية.",A,B
891,"الحافة من الفرع التي تشكل زاوية الفك السفلي :

A) الأمامية
B) الخلفية
C) العلوية
D) الوحشية",B,B
892,"ند خلايا ميركل في :

A) الجلد السميك
B) الجد الرقيق
C) الطبقة المتفرقة للجلد
D) كل ما سبق خاطئ",B,A
893,"الطحال اختر الإجابة الخاطئة :

A) أضخم كتلة مفردة من النسيج اللمعي في الجسم
B) يقوم بتصفية الدم
C) له دور مناعي
D) يتوضع بين المعدة والحجاب الحاجز
E) يسكن المراق الأيمن",E,E
894,"الغمد الليف العاطف:

A) يشكل نفق مسدود بعيداً
B) فى الإبهام يمر فية وتران
C) له غشاء زليلى
D) يرتكز على اللفافه العميقة",B,A
895,"اتصالات الدمعي ماعدا

A) في الأعلى مع الجبهي
B) في الخلف مع الجناح الكبير الوتدي
C) في الأمام مع الناتئ الجبهي للفك العلوي
D) فى الاسفل مع الفك العلوي",B,B
896,"ما يلي يعتبر مثالاً للنسج الضامة الكثيفة المنتظمةregular dense connective tissue :

A) الأم الجافية في الدماغ.
B) Perichondrium
C) Periosteum
D) Cornea
E) كل ما سبق خطأ.",E,D
897,"النسيج الطازج منه يميل لونه الى الاصفر

A) Fibrocartilage
B) Elastic cartilage
C) Hyaline cartilage
D) Elastic cartilage + hyaline cartilage كلاهما
E) كل ماسبق خطأ",C,B
898,"من أهم الأمثلة عن holocrine glands هي:

A) sebaceous glands
B) pancreas
C) sweat glands of the skin
D) الثاني والثالث.
E) كل ما سبق صحيح",A,A
899,"أقسام جوف الحنجرة:

A) الدهليز
B) البطين الحنجري
C) العظم اللامي
D) الجوف تحت الزماري",A,C
900,"تضم العضلات الكعبرية للساعد كل ما يلى عدا:

A) قابضة الرسغ الكعبرية القصيرة
B) الاستلقائية
C) العضدية الكعبرية
D) باسطة الرسغ الكعبرية الطويلة",B,A
901,"ظهارية القصبات.

A) Simple columnar epithelium
B) Stratified squarnous epithelium (keratinized)
C) Transitional epithelium
D) .Simple squamous epithelium
E) Pseudostratified ciliated columnar epithelium",E,E
902,"من العضلات الخلفية للساق عدا:

A) التوأمية الساقية
B) باسطة الأصابع الطويلة
C) الظنبوبية الخلفية
D) النعلية",D,B
903,"في الرئتين:

A) القصبات الانتهائية توجد في الفصيص الرئوي
B) قمم الفصيصات الرئوي تتجه محيطيا
C) النسيج اللمفاوي المتعلق بالمخاطيات يتزايد كلما تقدمنا بالشجرة القصبية نحو الأسفل
D) A+C
E) كل ما سبق صحيح",D,D
904,"تغلف العضلة البصلية الإسفنجية :

A) ساق القضيب
B) الجسم الاسفنجي
C) بصلة القضيب
D) الحشفة",C,C
905,". فيما يخص الغضروف الدرقي للحنجرة كل مايلي صحيح عدا

A) يتألف من صفيحتين غضروفيتين مربعتين بصورة اساسية
B) الشامخة الحنجرية في المننتصف
C) يتمفصل مع الغضروف الطرجهالي
D) على جانبيه قرنان علويان وسفليان",A,C
906,"يشارك في تروية المري الشرايين التالية ماعدا:

A) الشريان الدرقي العلوي
B) فروع الابهر النازل
C) فروع الشرايين القصبية
D) الشريان الدرقي السفلي
E) الشريان المعدي الأيسر",B,A
907,"axillary nerve (2017أولى)

A) يسمى أيضا circumflex.
B) ينشأ من الحبل الوحشي .
C) يمر من الحيز الإبطي السفلي .
D) يمر من الحيز الإبطي الأنسي .",A,A
908,"البنية التشريحية المتوضعة في المنصف العلوي:

A) القناة الصدرية
B) الغمد الوريدي للتامور المصلي
C) الغمد الشرياني للتامور المصلي
D) القسم السفلي من الوريد الأجوف السفلي
E) الوريد الأجوف السفلي",A,A
909,"يخرج العصب الشوكي من :

A) الثقبة بين الفقرية
B) الثقبة الفقرية
C) الثقبة الكبرى
D) التثقبة الشوكية",A,A
910,"العرف القريني في جوف الأنف ينشأ من:

A) العظم الفكي العلوي
B) العظم الفكي الحنكي
C) العظم الفكي السفلي
D) A+B",D,D
911,"العضلة مصرة الحدقة معصبة بألياف :

A) ودية
B) نظيرة ودية
C) شوكية
D) لا شيء مما سبق",B,B
912,"كل ما يلي من عضلات البلعوم صحيح عدا :

A) تتألف من طبقتين خارجية وداخلية
B) الطبقة المحلية الخارجية دائرية
C) الطبقة العضلية الداخلية طولانية
D) تحوى الطبقة العضلية الداخلية ٤ عضلات",B,D
913,"تنقل الأعصاب الحاسية معلومات لكل من الحواس التالية عدا :

A) البصر.
B) التذوق.
C) اللمس.
D) السمع.",B,C
914,"يتمفصل العظم القاربي مع العظام التالية ما عدا : (2009)

A) الكبير.
B) الهلالي.
C) المربعي.
D) المثلثي.",B,D
915,"يحوي الدماغ البيني داخله جوف البطين:

A) الجانبي
B) الرابع
C) الثالث
D) لا شيء مما سبق",C,C
916,"-تصنف العضلة الراحية تصنف مع :

A) المجموعة العميقة لقابضات الساعد
B) المجموعة السطحية لباسطات الساعد
C) المجموعة السطحية لقابضات الساعد
D) المجموعة العميقة لباسطات الساعد",A,B
917,"تعمل العضلات الألوية على:

A) تبعيد الفخذ
B) تقريب الفخذ
C) تدوير أنسى للفخذ
D) A+C",D,D
918,"غضروف له شكل الخاتم هو :

A) Thyroid
B) Cricoid
C) Arytenoid
D) Cuneiform",B,C
919,"يشغل الجزء العلوي من قبة القحف

A) العظم الجداري
B) العظم الجبهي
C) العظم القذالي
D) العظم الوتدي",B,A
920,"تعصب Partoid Gland بواسطة العصب:

A) البلعومي اللساني
B) العصب الوجهي
C) تحت اللساني
D) اللساني",B,C
921,"العصب تحت اللساني يخرج من :

A) النفق تحت اللساني
B) النفق السباتى
C) النفق الوداجي
D) الثقبة البيضية",A,A
922,"الخلايا البالعة الكبدية هي :

A) خلايا مايسنر
B) بالعات كبيرة
C) خلايا كوبفر.
D) ليس أيا˝ مما سبق.",C,C
923,"من الأوساط الكاسرة في العين عدا :

A) القرنية
B) الخلط المائي
C) الحدقة
D) العدسة",D,C
924,"وزن الدماغ:

A) 350 غ عند الوليد
B) 1400 غ عند الكهل
C) 1400 غ عند الوليد
D) a + b",D,D
925,"الضلع الأولى (الخاطئة) :

A) لها وجهان علوي وسفلي.
B) يمر تحتها الوريد تحت الترقوة .
C) لها حافتان داخلية وخارجية.
D) ترتكز عليها العضلة الأخمعية الأمامية.",B,B
926,"أبعاد الكلية ما عدا:

A) الطول 12 سم
B) العرض 3 سم
C) الثخاتة 3 سم
D) A + C",D,B
927,". مسؤول عن افراز اللعاب من الغدة النكفية

A) Ciliart ganglion
B) Otic ganglion
C) Pterygopalatine ganglion
D) None of the aove",B,B
928,". تتم تروية المبيض من :

A) الشريان الرجمي
B) الابهم البطني الحشوي
C) الشريان المهبلي
D) الشريان الحيائي البطني",A,B
929,"أي مما يلي صحيح حول Rod cells:

A) الأقراص الغشائية المتشكلة حديثا تتوضع عند نهاية الخلية.
B) يتوضع الرودوبسين بين الأقراص الغشائية في القطعة الخارجية.
C) وظيفتها الأساسية تمييز الألوان
D) كل ما سبق صحيح.",B,B
930,"يأتي السطح الكبير للأنبوب الهضمي مما يلي عدا :

A) زغابات دقيقة
B) الثنيات
C) انثناء و تعرج الأنبوب
D) دسامات كير كرينغ",D,C
931,"هو الاكثر تواجدا في العضوية

A) Fibrocartilage
B) Elastic cartilage
C) Hyaline cartilage
D) Elastic cartilage + hyaline cartilage كلاهما
E) كل ماسبق خطأ",C,C
932,"يصب الوريد الصافن الكبير (الأنسي) في :

A) الوريد الفخذي
B) الوريد المأبضي
C) الوريد الحرقفي الداخلي
D) الوريد الحرقفي الخارجي",A,A
933,"كل ما يلي من الضفائر الشوكية العصبية ماعدا :

A) العضدية
B) القطنية
C) البطنية
D) العجزية",C,C
934,"يفصل بين المنخرين :

A) NASAL CAVITY
B) العظم الغربالي
C) NASAL SEPTUM
D) كل ما سبق خطأ",C,C
935,"العصب الزندى:

A) يتوضع فى الحجره الخلفية للعضد
B) يتوضع امام الشريان العضدى
C) يمر خلف اللقيمة الانسيه للعضد
D) يتوضع أنسى وتر العاطفة الزندية",A,C
936,"كل ما يلي يمر من النفق البصري :

A) العصب البصري.
B) الشريان العيني.
C) A+B .
D) كل ما سبق خطأ.",C,C
937,"تكون الطبقة الخارجية رقيقة جدا في :

A) الشرايين المرنة.
B) الشرايين الصغيرة.
C) الشرايين العضلية.
D) الشعيرات الدموية.",D,B
938,"أحد ما يلي من الأوردة السطحية للطرف العلوي :

A) الوريد القاعدي
B) الوريد الزندي
C) الوريد العضدي
D) الوريد الابطي",C,A
939,"يتصف الضغط الحلولي في الاوعية الدموية :

A) ناتج عن وجود العناصر الدموية من كريات وخلايا
B) متغير حسب مناطق الجسم والاوعية
C) يصل الى 35m.m.hg
D) ثابت في جميع أنحاء الجسم",B,D
940,"وسائل اتحاد فاصلة في حركية المفصل:

A) المحفظة المفصلية
B) الأربطة
C) العضلات
D) السطوح المفصلية",B,C
941,"في نقي العظم:

A) الصفيحات هي اجزاء سيتوبلاسمية غير حاوية على نواة الخلية النواة اكبر من الخلية ارومة الخلية النواة
B) طلائع الصفيحات هي استطالات متفرغة من ارومة الخلية النواة
C) الاجابتان A+B
D) كل ماسبق خطأ",C,D
942,"تتواجد الحديبه الظهريه(ليستر)

A) العظم الزورقى
B) على الوجه الظهرى للنهايه القاصيه للكعبره
C) قاعدة الناتئ الابرى للكعبره
D) قاعدة العظم المشطى الثانى والثالث
E) العظم الكبير",B,B
943,"النهايات الحسبة في الجلد :

A) تتوزع بصورة منتظمة.
B) للألم والاهتزاز والتوازن.
C) تقل كثافتها بالأعضاء التناسلية.
D) تزداد كثافها حول فوهات الجسم.",C,C
944,"أي مما يلي صحيح حول Luteum Corpus :

A) يتشكل في قشر المبيض.
B) يقوم بإفراز HCG.
C) يتألف من الخلايا الحبيبية و القراب الخارجي للقراب المتبقي.
D) كل ما سبق صحيح.",A,A
945,". تنفتح القناة الصفراوية المشتركة على:

A) القطعة العفجية العلوية
B) القطعة العفجية النازلة
C) القطعة العفجية الافقية
D) القطعة العفجية الصاعدة",B,B
946,"الحويصل المنوي :

A) أنبوب ملتوي بشدة
B) مبطن بظهارة بسيطة مسطحة
C) الظهارة تغطى بأهداب متفرعة تسمى
D) A+B
E) كل ما سبق صحيح",D,A
947,"عضلات اليد : (2016 الأولى)

A) عضلات الضرة وحشية التوضع.
B) عضلات الإلية ثلاثة.
C) الزندي يغذي معظم عضلات اليد.
D) الكعبري يغذي عضلة واحدة فقط.",C,C
948,"يستمر الريان تحت الترقوة بالشريان

A) الإبطي
B) الما بضي
C) العضدي
D) القاعدي",A,A
949,"كل ما يلي صحيح عن العفج عدا :

A) هو القسم الأول من المعي الدقيق
B) له شكل حرف C
C) يحيط بذيل المعثكلة
D) القطعة الثالثة أفقية",D,C
950,"الردب بين عنق الرحم والمهبل تُدعى:

A) الجيب البولي التناسلي
B) الحجاب البولي التناسلي
C) قبو المهبل
D) عنق الرحم المهبلي",B,C
951,"من وظائف جذع الدماغ ما يلي عدا :

A) تنظيم الحرارة.
B) تسرع القلب.
C) حث لب الكظر لإفراز الإيبينفرين.
D) مكان لعبور السبل الصاعدة والنازلة.",C,A
952,"الصحيح حول موقع الدماغ البيني :

A) بين الدماغ الانتهائي والدماغ الامامي
B) بين الدماغ الانتهائي والدماغ المتوسط
C) يحتوي على البطين الرابع
D) B+C صحيحتان",B,B
953,"ما يلي من آليات التحكم ب الجزء القاصي من النخامى عدا :

A) GNRH
B) التلقيم الراجع السلبي
C) اوكسيتوسين
D) كل ما سبق صحيح",C,D
954,"يتم التمفصل بين قبضة وجسم القص في مستوى الفقرة الصدرية :

A) الأولى .
B) الثانية .
C) الرابعة.
D) الثالثة.",B,C
955,"يوصف العصب الوجهي عندما يخرج من الثقبة الإبرية الخشائية بالتالي ما عدا:(2016 تانية)

A) يعصب البطن الخلفي لذات البطنين.
B) يعصب العضلة التي تؤمن توتر الخد.
C) يعطي العصب الصخري الكبير.
D) يكون مساره سطحيا للوريد خلف الفك.
E) يعصب عضلات التي ترفع الشفة العلوية.",B,B
956,"في مرضى القصور الكلوى نجري وصلة بين:

A) الشريان الكعبري والوريد العضدي
B) الشريان الكعبري والوريد الرأسي
C) الشريان الزندي والوريد القاعدي
D) الشريان الزندي والوريد الابطي",B,B
957,"ليست من عضلات الرأس

A) القترائية
B) الوجنية
C) الصدغية
D) الماضغة",A,B
958,"يربط الرحم بجدران الحوض الجانبية الرباط:

A) الإربي
B) المدور
C) العريض
D) الوريدي",C,C
959,"تنشأ من الشوكة الحرقفية الأمامية العلوية وترتكز انسي الظنبوب :

A) مربعة الرؤوس الفخذية
B) المشطية
C) الخياطية
D) ثنائية الرؤوس الفخذية",A,C
960,". كل مما يلي هي من عضلات اخمص القدم عدا

A) باسطة الاصابع الطويلة
B) قابضة الاصابع القصيرة
C) العضلات بين العظام
D) العضلات الخراطينية",D,A
961,"-الفقرة الرقبية الأولى:

A) الأطلس
B) الفائق
C) الشامخة
D) كل ما سبق خطأ",A,A
962,"صحيح عن الانف عدا: (الفصل الثاني عشر)

A) المنطقة الشمية في سقف الانف.
B) المنطقة الشمية اسفل الانف.
C) المنطقة الشمية تشكل اقل من ربع مساحة المنطقة التنفسية.
D) كل ما سبق صحيح.",B,B
963,"تنتج الخلايا الجريبية في الدرق :

A) T3
B) كالسيتونين
C) T4
D) A+C",D,D
964,"الطبقة البطانية الرحمية التي تتعرض إلى تغيرات ملحوظة أثناء الدورة الشهرية:

A) الطبقة الوظيفية.
B) الطبقة التي تملك صفيحة مخصوصة أغنى بالخاليا.
C) الطبقة التي تحوي على الأجزاء العميقة من غدد باطن الرحم.
D) كل ما سبق خطأ.",A,A
965,"التلفيف الصدغي العلوي

A) مراكز القلام الحركية
B) مراكز الشم
C) مراكز الخركة ( الهرمية )
D) مراكز السمع",D,مراكز الحس
966,"في الرؤية القريبة يحدث ماعدا :

A) تقلص العضلة الهدبية
B) تنبيه ودي
C) زيادة تحدب العدسة
D) زيادة القعرة الكاسرة للعدسة",B,B
967,"ينتج مرض المهق بسبب :

A) تنكس وتخرب الخلايا الميلانينية
B) نقص الكوليسترول المفرز من قشر الكظر
C) عدم الخلايا الميلانينية على انتاج الصباغ
D) غياب الخلايا الميلانينية",C,C
968,"يدخل في تشكيل سقف الانف:

A) الصفيحة الافقية للعظم الغربالي.
B) الصفيحة العمودية للعظم الغربالي.
C) التيه الغربالي.
D) كل ما سبق خطأ.",A,A
969,". كل مايلي صحيح عن الجسر ماعدا

A) يتعلق عليه المخيخ بست سويقات
B) يحوي نوى الاعصاب القحفية من الخامس حتى الثامن
C) يصل بين نصفي الكرة المخية والمخيخية
D) يسهم بفعاليات المضغ",B,C
970,"في المخيخ:

A) خلايا بيركنجي هي عصبونات صغيرة جدا
B) الطبقة الخارجية هي الطبقة الجزيئية
C) طبقة الخلايا الحبيبية تقع بين الطبقتين الجزيئية وطبقة خلايا بيركنجي
D) A+C
E) كل ماسبق صحيح",E,B
971,". الشريان الابطي هو استمرار للشريان

A) Lingual artery
B) Subclavian artrty
C) Ulnar artery
D) Maxillary artery",B,B
972,"أي الاتي حول epiglottis صحيح:

A) سطحها الحنجري مغطى بظهارة مطبقة كاذبة اسطوانية.
B) يوجد في الصفيحة المخصوصة غدد مصلية فقط
C) تبرز من الطرف السفلي للحنجرة.
D) سطحها اللساني يغطى بظهارة مطبقة كاذبة مسطحة.",A,A
973,"خلايا موجودة في النسيج الضام ولكنها أتت من أماكن أخرى :

A) Adipose cells
B) Fibroblasts
C) Mast cells
D) الثاني والثالث.
E) كلها تنشأ في النسيج الضام حصرا.",D,E
974,"كل ما يلي عن المعي الدقيق صحيح عدا :

A) يمتد من فتحة البواب إلى بداية المعي الغليظ
B) يتألف من ثلاثة أقسام العفج ، الصائم واللفائفي
C) يكون القسم الأكبر من العفج متحركا
D) يتحرك الصائم واللفائفي بحرية",C,C
975,"الخط - M - في القسيم العضلي يمثل :

A) منطقة تقارب خيوط الأكتين لقسيمين متجاورين.
B) شريط من الاتصالات بين خيوط الميوسين.
C) خيوط الأكتين.
D) خيوط الميوسين.
E) بروتين التيتين ( titin )",A,B
976,"قطر المسام السنخية Alveoral Pores ( :

A) أقل من 5 ميكرومت
B) 5 إلى 10 ميكرومتر.
C) 10 إلى 15 ميكرومتر.
D) ليس مما سبق.",B,C
977,"تمفصلات عظاك رسغ اليد

A) المربعى مع قاعدة المشط الاول
B) المنحرفى مع قاعدة المشط الثالث
C) الكبير مع قاعدة المشط الثانى
D) الزورقى مع الكلابى",B,A
978,". يحيط بمثانة الرجل في الاعلى

A) الكولون السيني
B) الكولون الصاعد
C) الكولون المستعرض
D) الكولون النازل",A,A
979,"تنشأ الحشفة من

A) الجسم الكهفي
B) الجسم الإسفنجي
C) الساقان
D) لا شيء مما سبق",B,B
980,"بطانة الرحم

A) الظهارة تحوي خلايا غير مهدبة
B) الغدد غنية بالخلايا المهدبة
C) الصفيحة المخصوصة فقيرة بارومات الليف
D) 2+3
E) كل ما سبق خطأ",D,E
981,"يتفرع الشريان القطعي لشرايين:

A) قطعية
B) فصية
C) بين الفصوص
D) بين الفصيصات",A,B
982,"المنعكس القلبي التثبيطي من مستقبلات الضغط الموجودة في:

A) الجيب الأبهري.
B) الجيب السباتي.
C) جدار الأذينة اليمني.
D) عند تفرع الأبهر.
E) كل ما سبق خاطئ.",A,B
983,"الآلية الرئيسية في مراقبة فعالية الخلايا في الجزء القاصي من النخامى الغدية هي :

A) الهرمونات الببتيدية
B) التلقيم الراجع السلبي.
C) فعالية النبضات العصبية.
D) كل من a و b",D,A
984,"الوسادة من النسيج الدهني فوق الارتفاق العاني تُدعى:

A) جبل العانة
B) الشفر الصغير
C) الشفر الكبير
D) دهليز الفرج",A,A
985,"أكبر أعضاء الجسم وزناً ومساحة :

A) الكبد
B) الجلد
C) المعي الدقيق
D) الكولون",B,B
986,"عدد الأضلاع السائبة :

A) سبعة في كل جانب.
B) ثلاث في كل جانب.
C) اثنتان في كل جانب.
D) ستة في كل جانب.",B,C
987,"الليباز المعدي أنزيم هاضم ل :

A) السكريات
B) البروتينات
C) الدسم.
D) الفيتامينات.",C,C
988,"البنية الأكثر علوا في جذر الرئة اليسرى:

A) الشريان الرئوي
B) الوريد الرئوي العلوي
C) القصبة اليسرى
D) الوريد الرئوي السفلي
E) الوريد الفرد",A,A
989,"من فروع الزلاقي ماعدا:

A) الطحالي
B) المعدي الأيسر
C) المعدي الأيمن
D) الكبدي",A,C
990,"يحبس انثى وتر ثنائيه الرؤوس العضديه فى المرافق

A) الشريان العضدى
B) الالشريان الزندى
C) الشريان الصدرى العلوى
D) الوريد الرأسى
E) الشريان العضدى العميق",A,A
991,". اختر الاجابة الخاطئة المتعلقة بالاضلاع:

A) هي عظام مسطحة متطاولة
B) تتصل جميعها بعظم القص
C) عددها 12 في كل جانب
D) تقسم الى حقيقية وكاذبة وسائبة",B,B
992,"كل ما يلي أقسام القذالي ما عدا:

A) القسم القاعدي
B) القسم الجانبي
C) القسم الصدفي
D) الجناح الكبير",C,D
993,"تمتاز الفقرة الرقبية الأولى:

A) لها جسم.
B) تدعى Atlas .
C) لها ناتئ شوكي.
D) هي أكبر الفقرات الرقبية.",B,B
994,"يعبر الشريان السحاني الأوسط عبر :

A) الثقبة البيضية
B) الثقبة المدورة
C) الثقة الشوكية
D) الثقبة الأبرية الخشائية",B,C
995,"جوف هوائي يحوي عظيمات السمع:

A) الأذن الخارجية
B) الأذن الداخلية
C) الأذن الوسطى
D) نفير اوستاش",C,C
996,"تقع اللوزة الحنكية :

A) الجدار الوحشي للبلعوم الفموي
B) بين الطيتين الحنكية اللسانية والحنكية البلعومية
C) جانب الفلكة
D) A+B",D,D
997,"العضلة مبعدة الإبهام الطويلة : (الخاطئة) (2009)

A) هي من عضلات الساعد الخلفية.
B) ترتكز على قاعدة السنع الأول.
C) يعصبها العصب الناصف.
D) تساهم في تبعيد اليد.",A,C
998,"الهلالة المفصلية: (2007 أولى)

A) تتمفصل مع البكرة المفصلية في الفخذ
B) تتمفصل مع الظنبوب
C) تلتحم حافتها الداخلية مع المحفظة المفصلية
D) حافتها الخارجية أرق من الداخلية",A,A
999,"يحد الثقبة التريبة (وينسلو) سفليا بـ:

A) الاثني عشر.
B) الثرب الصغير.
C) المعدة.
D) الوريد الأجوف السفلي.
E) القولون المستعرض.",B,A
1000,"المفصل الفكي الصدغي (الخاطئة):

A) مفصل زليلي.
B) له لقمتان.
C) لا يحوي قرصاً مفصلياً.
D) المفصل الوحيد المتحرك في القحف.",C,C
1001,"غضروف غير ثابت يشبه العصية:

A) الطرجهالي
B) القريني
C) الإسفيني
D) الفلكة",B,C
1002,"إن النزح اللمفي القسم العلوي من القناة الشرجية:

A) إلى العقد المساريقية السفلية.
B) إلى العقد المساريقية المتوسطة.
C) إلى العقد الإربية السطحية.
D) إلى العقد الحرقفية الباطنة.
E) ليس أيا مما سبق.",B,A
1003,"يتصل رأس الضلع بين فقرتين عدا الأضلاع:

A) 1 – 11 – 12
B) 11 – 12
C) 1 – 12
D) لا شيء مما سبق",B,A
1004,"اختر الإجابة الصحيحة.

A) في الدماغ لا توجد أوعية لمفاوية
B) السائل الدماغي الشوكي ذو محتوى عالي من البروتينات
C) استسقاء الدماغ ينتج بسبب نقص إفراز السائل الدماغي الشوكي
D) الإجابتان الأولى والثانية صحيحتان
E) كل ما سبق صحيح",A,C
1005,"اختر الإجابة الصحيحة حول recti Tubule

A) تفرغ محتوياتها في الشبكة الخصيوية .
B) حمل النطاف الناضجة إلى الأسهر .
C) تجتمع لتشكل القناة البربخية .
D) كل ما سبق خاطئ .",C,A
1006,"من أقسام العظم الصدغي ما عدا:

A) الصخرة
B) الخشاء
C) الصدفة
D) الجسم",D,D
1007,"يتوضع الوريد الاجوف العلوي في :

A) المفصل القصبي المرفوع لأيمن.
B) الغضروف الضلعي الثاني لأيمن.
C) الغضروف الضلعي الرابع لأيمن.
D) الغضروف الضلعي السادس لأيمن.
E) الغضروف الضلعي السابع لأيمن.",B,B
1008,"وظيفة النهايات العصبية الحرة الواردة ضمن ألياف العضلة القلبية :

A) الإحساس بالضغط.
B) لإحساس بالحرارة.
C) الإحساس بالألم.
D) ليس لها دور بالإحساس.",D,C
1009,"تعمل العضلات الألوية على:

A) تبعيد الفخذ
B) تقريب الفخذ
C) تدوير أنسى للفخذ
D) A+C",D,D
1010,". كل مايلي صحيح عن الجهاز في الكلية عدا

A) تتصل الحويضة بالحالب
B) تصب على الحويضة خمسة رؤوس كبيرة
C) يصب على الكؤويس 2 الى 3 كؤوس
D) يصب كل هرم كلوي في كأس صغيرة عبر الحليمة",B,B
1011,"لكل رئة :

A) شق أساسي وأربعة وجوه
B) شقان ووجهان وقمة وقاعدة
C) شقان وثلاثة وجوه
D) شق أساسي ووجها وقمة وقاعدة",B,D
1012,"إن العضلة المسؤولة عن انتصاب القضيب:

A) بصلية اسفنجية.
B) إسكية كهفية.
C) عجانية سطحية.
D) A و D
E) لا شيء مما سبق.",B,D
1013,"الدماغ الأمامي بشكل إجابة واحدة خاطئة

A) تصفي الكرة المخية.
B) الجسر .
C) الدماغ النهائي.
D) الدماغ البيني.",C,B
1014,"من فروع الشريان الحرقفي الباطن ما عدا:

A) سري
B) مستقيمي أوسط
C) العجاني
D) الفخذي",D,D
1015,"ماهي الخلايا التي تخزن فيتامين A في الكبد :

A) الخلايا الكبدية
B) خلايا إيتو
C) خلايا كوبفر
D) الخلايا البطانية",B,B
1016,"تتوضع نواة العصب الثاني في :

A) الدماغ المتوسط
B) الجسر
C) البصلة
D) لا شئ مما سبق",A,D
1017,"الفقرات الرقبية (الخاطئة) (مكرر):

A) جسم الفقرة صغير.
B) الثقبة الفقرية مثلثة الشكل.
C) النواتي الشوكية قصيرة ومنشعبة في نهايتها.
D) الفقرة الرقبية الأولى لها قوس خلفية تتمفصل مع سن المحور .",D,D
1018,"العضلة القترائية هي :

A) العضلة القصية الترقوية الخشائية.
B) العضلة المنشارية.
C) العضلة شبه المنحرفة.
D) العضلة المستر عضة الظهرية.",A,A
1019,". الحاجز الذي يفصل بين المنخرين:

A) Narinae
B) Dorsum of the nose
C) Ala of the nose
D) Nasal septum",D,D
1020,"تتشكل قناة الصفراء المشتركة (القناة الجامعة ) من إتحاد :

A) القناتين الكبديتين اليمنى واليسرى
B) القناة الكبدية اليمنى مع القناة المرارية
C) القناة الكبدية اليسرى مع القناة المرارية
D) القناة المرارية مع القناة الكبدية المشتركة",A,D
1021,"يحمل الشريان الرئوي الدم غير المؤكسج من :

A) البطين الأيسر
B) الأذينة اليسرى
C) البطين الأيمن
D) الأذينة اليمنى",C,C
1022,"العصب القحفي الثاني :

A) البصري - حاسي
B) العيني - حاسي
C) البصري - حسي
D) العيني - حسي",A,A
1023,"تنتمي الثلمة الاسكية الصغيرة للعظم:

A) الحرقفة
B) الاسك
C) العانة
D) لا شيء مما سبق",B,B
1024,"- كل مما يلي ليست من النقاط التشريحية للوجه الداخلي للفك السفلي ما عدا:

A) الخط المائل
B) الحدبة النابية
C) الخط الضرسي اللامي
D) الناشزة الذقنية",A,B
1025,"تتميز اللقافة السطحية للعنق بكل مما يلي ماعدا:(2017 أولى)

A) تضم مقادير مختلفة من النسج الشحمية .
B) تحتوي عضلة ال .Platysma
C) يتوضع فيها قسم من الوريد الوداجي الظاهر.
D) يوجد ضمنها عقد لمفية رقبية.
E) تطوق كامل العنق.",E,E
1026,". غدة تقع خلف البطين الثالث

A) Pineal glad
B) Pituitary gland
C) Andrenal gland
D) Thyroid gland",A,A
1027,"المقطع السهمي في الرحم ذو شكل

A) مثلثي
B) مجرد شق
C) شبه منحرف
D) دائري",C,B
1028,"الغضروف المرتبط مع الحلقة الرغامية الأولى:

A) الحلقي
B) الطرجهالي
C) الدرقي
D) القريني",B,A
1029,"الخط النعلي : (2016)

A) منشأ للعضلة النعلية.
B) أعلاه تنشأ الظنبوبية الخلفية.
C) أسفله تنشأ الأخمصية.
D) يقع وسط السطح الخلفي للظنبوب.",B,A
1030,"تتوضع المحفظة الداخلية :

A) بين الوطاء والمهاد
B) بين الكرة الشاحبة والأتبة
C) بين النواة العدسية من جهة والنواة المذنبة والمهاد من جهة
D) بين نصفي الكرة المخية",C,C
1031,"النفرونات التي تكثف البول بشكل أساسي

A) تشكل 15 %من النفرونات
B) تشكل 85% من النفرونات
C) تمتد عراها عميقاً ضمن اللب
D) A+C",D,D
1032,"من أشكال الحليمات الذوقية إختر الإجابة الخاطئة :

A) الخيطية
B) الفطرية
C) المختلطة
D) الورقية",D,C
1033,"أبعاد الكلية ماعدا:

A) الطول 12
B) العرض 3 سم
C) الثخانة 3 سم
D) A+C",D,D
1034,"اتصالات الدمعي ما عدا:

A) في الأعلى مع الجبهي
B) في الخلف مع الجناح الكبير للوتدي
C) في الأمام مع الناتئ الجبهي للفك العلوي
D) مع الأسفل مع الفك العلوي",B,B
1035,"المفصل يتألف من سطحين كل منهما محدب في اتجاه ومقعر في اتجاه آخر

A) سرجي saddle
B) كروى ball and socket
C) لقمي condyloid
D) صائري pivot",A,A
1036,"تكون معظم الخلايا في المحضرات النسيجية الأنابيب المنوية هي من نوع :

A) Spermatid
B) type B spermatogonia
C) primary spermatocyte
D) secondary spermatocyte",C,C
1037,"تتواجد اللقمة القذالية على :

A) الوجه السفلي لجسم العظم القذالي.
B) الوجه السفلي للقسم الجانبي للعظم القذالي.
C) القسم الصدفي للعظم القذالي.
D) كل ما سبق صحيح.",D,B
1038,"تحمل الدفعات الألمية عند تعطل تروية القلب:

A) ألياف واردة لاودية
B) ألياف واردة ودية
C) ألياف صادرة لاودية
D) ألياف صادرة ودية
E) ألياف مع العصبين الحجابيين",B,B
1039,"أكبر أعصاب الجسم هو :

A) مثلث القوائم
B) الزندي
C) المبهم
D) الوركي",A,D
1040,"خلايا تفرز هرمون يحفز نشاط الخلايا الرئيسية في المعدة :

A) خلايا ألفا.
B) خلايا بيتا.
C) خلايا سيغما.
D) خلايا pp .",D,D
1041,"عدد العضلات بين العظمية الأخمصية:

A) 3
B) 4
C) 5
D) 6",C,A
1042,"من صفات المثانة عند البالغ عدا:

A) تتوضع خلف عظمي العانة
B) سعتها العظمى 500مل
C) شكل المثانة الممتلئ هرمي
D) عضو خارج الصفاق",B,C
1043,". الاجابة الخاطئة المتعلقة بال occipital one

A) عظم مفرد يشغل القسم الجانبي السفلي من القحف
B) يتكون العظم من جسم وصدفة وقسمين جانبيين
C) يتوضع الجسم امام الثقبة الكبيرة
D) يحتوي الوجه السفلي للجسم الحديبة البلعومية",A,A
1044,"يعبر العصب V2 لمثلث التوائم عبر:

A) الثقبة البيضية
B) الثقبة المدورة
C) الثقة الشوكية
D) الثقبة الأبرية الخشائية",A,B
1045,"تكون معظم الخلايا في المحضرات النسيجية الأنابيب المنوية هي من نوع :

A) Spermatid
B) type B spermatogonia
C) primary spermatocyte
D) secondary spermatocyte",C,C
1046,"من ميزات الفقرات العصعصية ماعدا :

A) تحوي الأولى قرني العصعص
B) الأولي لها بعض خصائص الفقرات
C) عددها 7
D) تلتحم مع بعضها لدى المسنين",C,C
1047,"بطانة الـ Blood vessels

A) simple columnar epithelium
B) stratified squamous epithelium (keratinized)
C) simple squamous epithelium
D) pseudostratified ciliated columnar epithelium
E) كل ما أعلاه خطأ.",C,C
1048,"تمفصلات عظم رصغ القدم : (2017)

A) النردي مع قاعدة المشط الثالث
B) رأس القعب مع العظم الزورقي
C) العقب يقابل أسفل الظنوب
D) الاسفينية تقابل المشط الأول اماميا",A,B
1049,"اي مما يلي ليس على الصف السفلي للرسغ

A) Hamate
B) Lunate
C) Trapezoid
D) Capitate",D,B
1050,"الضفيرة القطنية:

A) LIلا يشارك فى تكوينها
B) ينشأ منها العصب الفخدى والسدادى
C) هى مستقلة عن الضفيرة العجزية
D) تعصب مباشرةً العضلة الحرقفية",A,B
1051,". مكان دخول المرئ للمعدة

A) Pylorus
B) Antrum
C) Cardia
D) Fundus",C,C
1052,"ينتهي الأبهر النازل بمستوى:

A) C4
B) T4
C) L4
D) L2",B,C
1053,"عدد ثقوب حلمة الثدي:

A) 15-20
B) 20-25
C) 2025-05-10 0:00:00
D) 30",A,A
1054,"كل ما يلي صحيح عن الجريبات ما عدا:

A) من بطبقة unilaminar primary follicle يحاط ظهارة بسيطة مكعبة.
B) بطبقة multilaminar primary follicle يحاط الخلايا الحبيبية.
C) تنشأ الخلايا الحبيبية من استمرار انقسام الخاليا الجريبية خيطيا.
D) الخلايا الجريبية تفرز proteases عند اللقاح.",C,D
1055,"بعض خلايا تفرز alkaline phosphatase

A) Adipose tissue
B) Cartilage
C) Bone
D) Fibrous connective tissue
E) Cartilage + bone",C,C
1056,"-تربط الزنار الكتفي بالخذع من الخلف :

A) العريضة الظهرية
B) المعينية الصغيرة
C) الدالية
D) تحت الكتفية",A,A
1057,"القلب من الداخل:

A) المنشأ الجنيني للأذين الأيسر من مصدر واحد
B) يوجد الشريط الوسيط في جدران البطين الأيسر
C) فتحة الوريد الأجوف العلوي مجهزة بصمامين رديمين
D) سماكة جدران البطين الأيسر تساوي ثلاثة أمثال جدران الأذين الأيسر
E) بالمقطع العرضي البطين الأيسر هلالي الشكل",E,A
1058,"اختر الإجابة الخاطئة بالنسبة للبطين الأيمن:

A) أكبر من الأذينة اليسرى
B) يتصل مع الأذينة اليمنى بالدسام مثلث الشرف
C) يحوي القمع
D) يحوي 4 عضلات حليمية",C,D
1059,"تشريح كل ناحية من نواحي الجسم:

A) وصفي.
B) السريري.
C) الشعاعي.
D) التقني.",A,A
1060,"من صفات الأعصاب الحسية عدا:

A) afferent
B) تحمل الأوامر نحو العضلات
C) تحمل المعلومات نحو الجملة المركزية
D) صادرة",B,C
1061,"كل ما يلي صحيح عن الفقرة النموذجية عدا :

A) تتألف من جسم في الأمام وقوس في الخلف.
B) تقع بين الجسم والقوس الثقبة الفقرية.
C) تتألف من خمسة نواتئ.
D) تقع الصفيحة بين الناتئ المستعرض والناتئ الشوكي .",C,C
1062,"المراكز المسؤولة عن تنسيق الفعالية الحركية وضمان الثباتية :

A) النوى القاعدية
B) القشرة المخية
C) جذع الدماغ
D) المادة البيضاء",A,A
1063,"يصل بين الأذينة اليمنى والبطين الأيمن :

A) فوهة مثلث الشرف
B) فوهة الناجي
C) القوهة الرئوية
D) الفوهة الأبهرية",B,A
1064,"الحفرة الإبطية إختر الإجابة الخاطئة :

A) AXILLARY FOSSA
B) بها شكل هرمي
C) ذروتها خلف الترقوة
D) قاعدتها جلد الإبط
E) تظهر بوضوح عند خفض وتقريب الذراع",C,E
1065,"اختر الإجابة الخاطئة بالنسبة للحويصل المنوي

A) طوله 5 سم
B) يتوضع خلف المثانة
C) يتوضع أنسي الحالب
D) يشكل القناة الدافقة",A,C
1066,"وجه العظم الجبهي الذي ينتمي للقحف العصبي:

A) الخارجي
B) الداخلي
C) الانسي
D) الوحشي",A,B
1067,"ما يلي صحيح بالنسبة للرئتين ماعدا

A) الرئة اليمنى تقسم لثلاثة فصوص
B) الرئة اليسرى أثقل من اليمني
C) تطفوان على الماء
D) الرئة اليسرى تقسم إلى فصيين",B,B
1068,"ما يلي من عضلات الساعد الخلفية للسطحية عدا:

A) المرفقية
B) باسطة الخنصر
C) باسطة الأصابع المشتركة
D) باسطة الإبهام القصيرة",D,D
1069,". الصحيح حول عظم الشظية

A) يقع في الاني
B) يساهم بتشكيل مفصل الركبة
C) يساهم بتشكيل مفصل الكاحل
D) يقع الناتئ الابري في نهايته السفلية",B,C
1070,"ينفتح الجيب الفكي على :

A) الصماخ العلوي
B) الصماخ السفلي
C) الصماخ المتوسط
D) كل ما سبق صحيح",C,C
1071,"أكبر أقسام المعثلكة:

A) الرأس
B) العنق
C) الجسم
D) الذيل",C,A
1072,"تمادي القشر ضمن اللب يُدعي:

A) الكؤيسات
B) الحليمة الكلوية
C) الأشعة الليبية
D) العمود الكلوي",C,D
1073,". يضم جدار الصفن كل مايلي عدا

A) الجلد
B) اللفافة المنوية الخارجة
C) لفافة العضلة المشمرة
D) لفافة بوك",D,D
1074,"عظم الزند: (2007)

A) رأس الزند في الأعلى.
B) حافة جسمه الأنسية حادة.
C) يتوضع أنسي الكعبرة.
D) يتمفصل مع العظم المثلثي.",A,C
1075,"- اختر الاجابة الخاطئة حول حركة في الوضع التشريحي:

A) الاحاطة هي تسلسل لحركات بين القبض والبسط والتقريب والتبعيد والدوران
B) الكب و اتجاخ ابهام اليد نحو الوحشي
C) الشتر هو عندما يتجه اخمص القدم نحو الانسي
D) الشنف هو عندما يتجه اخمص القدم نحو الوحشي",B,B
1076,"اختر الإجابة الصحيحة :

A) مرض عمى الألوان يصيب المخاريط.
B) القطعة الخارجية للمخاريط تكون أقصر من القطعة الخارجية للعصي.
C) يحدث توسف الأقراص الغشائية بتكرار أقل في المخاريط منه في العصي.
D) كل ما سبق صحيح.",D,D
1077,"الحجرة الخلفية للعين بين:

A) القزحية في الأمام والعدسة في الخلف
B) القرنية في الأمام والقزحية في الخلف
C) العدسة في الأمام والشبكية في الخلف
D) لا شيء مما سبق",C,A
1078,"منطقة في الشبكية لا تحتوي على طبقات الشبكية المعروفة ما عدا الألياف العصبية:

A) fovea centralis
B) blind spot
C) conjunctiva
D) eyelids",B,B
1079,"ترتكز العضلة الشظوية القصيرة على :

A) قاعدة المشط الخامس
B) قاعدة المشطى الأول
C) الاسفيني الوحشي
D) B+C",D,A
1080,". اي من المعالم الاتية يقع على عظم العجز

A) Promontory
B) Transverse costal facet
C) Olecranon
D) Dens",A,A
1081,"العضلة الكابة المدورة : (الخاطئة) (2007)

A) من عضلات الساعد العميقة.
B) يعصبها الناصف.
C) ترتكز على عظم الكعبرة.
D) تدور الكعبرة نحو الداخل.",A,A
1082,"أي من البنى التالية تمر من الثقوب العجزية الخلفية:

A) الجذور الحسية.
B) الجذور الحركية.
C) الفروع الأولية الأمامية.
D) الأعصاب الشوكية العجزية.
E) ولا واحدة مما علا.",D,E
1083,"منطقة في الحنجرة تشمل الطيتين الصوتيتين والمسافة بينهما:

A) المزمار
B) مشق المزمار
C) البطين الحنجري
D) الحبل الصوتي",D,A
1084,". اي من الاعصاب التالية هو حسي فقط

A) 2
B) 3
C) 4
D) 5",D,A
1085,"الوهدة تقع في البلعوم:

A) الأنفي
B) الفموي
C) الحنجري
D) لا شيء مما سبق",A,B
1086,"تتوضع تحت الطية اللسانية الغدة:

A) النكفية
B) تحت الفك السفلي
C) اللسان
D) الثانوية",C,C
1087,"كل ما يلي صحيح عن النخامي الأمامية عدا :

A) تدعى النخامي الغدية
B) تنتج ستة هرمونات ببتيدية
C) تنتج هرمون النمو
D) تنتج الهرمون المضاد للإبالة ADH",D,D
1088,"ليس من وسائل الارتباط بين الخلايا الظهارية:

A) الحواجز الانتهاية
B) الجسور بين الخلوية
C) المادة اللاصقة ببن الخلايا
D) الياف الكولاجين",A,D
1089,"يتصف عظم الزند بما يلي عدا :

A) نهاية علوية ضخمة.
B) فيه الزج والثلمة البكرية.
C) لجسمه شكل اسطواني.
D) تملك نهايته السفلية ناتئاً إبرياً.",B,C
1090,"تعمل العضلات العرقوبية على :

A) ثني الساق على الفخذ
B) بسط الفخذ على الحوض
C) باسطة لمفصل الركبة
D) A+B",D,D
1091,"ما يلي من أقسام العظم الجبهي ما عدا:

A) الصدفة والقسم الحجاجي
B) الثلمة الغربالية
C) الصفيحة الغربالية العمودية
D) القسم الأنفي",D,C
1092,"تنتج الخلايا الجريبية في الدرق:

A) T3
B) كاليستونين
C) T4
D) a + c",D,D
1093,"كل مما يلي صحيح ما عدا:

A) 7/1 من النفرونات هي نفرونات مجاورة للب
B) 7/6 من النفرونات هي نفرونات قشرية.
C) عروة هانلة تساهم في طرح الماء من الجسم
D) تساهم كل النفرونات في عمليات الرشح وعود الامتصاص والافراز",B,C
1094,"غير صحيح عن الخلية الكبدية :

A) تحوي حوالي الفي ميتاكوندريا
B) تخزن البروتينات ك حبيبات إفرازية في السيتوبلاسما
C) تحوي قطيرات دسمة
D) تقوم بقبط وتحويل وإفراز مكونات الدم لداخل الاقنية الصفراوية",B,B
1095,"اختر العبارة الخاطئة لعضلات المشط:

A) 3 أو 4 عضلات بين عظمية رامية
B) 5 عضلات بين عظمية ظهرية
C) عضلات خراطينية
D) عدد العضلات الخراطينية أربعة",D,B
1096,"الخلايا الفرشاتية في القصيبات الانتهائية:

A) هي خلايا حبيبية صغيرة صماوية ((DNES
B) مستشعرة كيميائية تتحسس مستوى الاكسجين
C) هي ذاتها الخلايا القصبية ذات الإفراز الخارجي
D) كل ما سبق صحيح.",D,B
1097,"تحوي الخاصرة اليسرى

A) المعدة
B) الطحال
C) الفص الكبير الأيسر
D) الكولون النازل",B,D
1098,"أي الخلايا وظيفتها تخزين الوسائط الكيماوية للإرتكاس الإلتهابي:

A) Plasma cells
B) Macrophages
C) Erythrocytes
D) Mast cells
E) كل ما سبق خطأ.",D,D
1099,"طية جلدية ليفية عضلية أمام الحجاجين :

A) الملتحمة
B) الأجفان
C) الشدقين
D) الصلبة",B,B
1100,"تؤدي أذية العصب الفخذي إلى (الخطأ) (2009)

A) غياب المنعكس الرضفي .
B) تنميل و خدر في الوجه الأنسي للساق .
C) عدم إمكانية ثني مفصل الركبة .
D) خلل في حساسية جلد ناحية الفخذ الأمامية .",B,C
1101,"الخلايا التي تقوم بإدخار واحتواء الميلانين المتشكل

A) الأرومات الليفية.
B) خلايا الطبقة اللامعة.
C) الخلايا الظهارية.
D) الخلايا البدينة.",D,C
1102,"ينتقل الحس غير عام (حس الذوق) من الثلث الأمامي للسان عبر: (2014 ثانية)

A) العصب الوجهي.
B) العصب تحت اللساني.
C) العصب اللسانى البلعومى.
D) العصب الفكى السفلي.
E) العصب الفكى.",A,B
1103,"الشعيرات الدموية الموجودة في الأمعاء تتميز بأن :

A) الاتصالات بين خلاياها البطانية مستمرة وصفيحتها القاعدية غير مستمرة.
B) كل من بطانتها وصفيحتها القاعدية غير مستمر.
C) الاتصالات بين خلاياها البطانية غير مستمرة )مثقبة(و صفيحتها القاعدية مستمرة.
D) كل من بطانتها وصفيحتها القاعدية مستمر",C,C
1104,". الاجابة الصحيحة غن الرئتين

A) الرئة اليسرى تحوي ثلاث فصوص
B) اليمنى تحوي فصين
C) اللسين موجود فقط في اليسرى
D) الشق الافقي موجود في الرئتين اليسرى واليمنى",C,C
1105,"ترتكز العضلة ثلاثية الرؤوس العضدية على : (2017 تشرين)

A) الغشاء بين العظمين.
B) جسم عظم الكعبرة.
C) الوجه الخلفي للمحفظة المفصلية للمرفق.
D) جسم عظم الزند.",D,C
1106,"يروي المساريقي العلوي:

A) الأمعاء الدقيقة
B) المعدة
C) المرئ
D) البريتوان",C,A
1107,"خلايا تنشأ في نقي العظم ولها دور في الارتكاسات الجلدية المناعية :-

A) خلايا لانغرهانس.
B) خلايا ميركل.
C) خلايا الميلانين.
D) a+b",A,A
1108,"كل ما يلي صحيح عن عظم الشظية عدا :

A) يسهم في تشكيل مفصل الركبة.
B) يشكل الكعب الوحشي لمفصل الكاحل.
C) نهايته العلوية تحوي ناتنا أبريا.
D) يرتكز على حافته الغشاء بين العظمين.",B,A
1109,"التنبيه نظير الودي للقضيب يؤدي إلى :

A) استرخاء العضلات الملساء.
B) تضيق الفراغات الكهفية.
C) توسع الفراغات الكهفية.
D) a+c",D,D
1110,"المقطع السهمي في الرحم ذو شكل

A) مثلثي
B) مجرد شق
C) شبه منحرف
D) دائري",C,B
1111,"يتكون القحف العصبي من :

A) FRONTAL BONE .
B) PORIETAL BONE .
C) OCCIPITAL BONE .
D) كل ما سبق صحيح .",D,D
1112,"تتميز العضلات رافعات الأضلاع بالتالي ما عدا:

A) تصل الأضلاع بالعمود الفقري.
B) عددها اثنا عشر زوجاً.
C) لها عمل شهيقي.
D) دور هام في التنفس.
E) تتعصب بالأعصاب الوربية.",C,E
1113,"يتصف وريد الباب بكل ما يلي ما عدا:

A) يصل لسرة الكبد وينقسم إلى فرعين إنتهائيين أيمن وأيسر.
B) طوله من 5.5-8 سم.
C) من روافده وريد معدي أيمن.
D) يتشكل خلف عنق المعتكلة.
E) يتكون من اجتماع الوريد المساريقي السفلي مع الطحالي.",E,E
1114,"الجزء الواقع بين رأس الضلع وحديبة الضلع هو:

A) غضروف الضلع.
B) عنق الضلع.
C) جسم الضلع.
D) نهاية الضلع.",B,D
1115,". الغدة التي يخترقها الاحليل الذكري

A) الحويصلان المنويان
B) الموثة
C) غدد جانب الاحليل
D) كل ماسبق خطأ",B,B
1116,"ما يلي من طبقات الجهاز المفرغ العلوي عدا

A) المصلية
B) العضلية
C) المخاطية
D) تحت المخاطية",A,D
1117,"عند الوضعية التشريحية يكون الساعد

A) Pronation
B) Supination
C) Opposition
D) Reposition",A,B
1118,"من محتويات الناحية السرية إجابة واحدة صحيحة :

A) الفص الأيسر للكبد والمعدة
B) الطحال
C) القولون الصاعد والكلية اليمني
D) العرى المعوية",C,D
1119,"خلايا تقوم يتصنيع الـ Antibodies كرد فعل للـ Antigens

A) Plasma cells
B) Macrophages
C) Neutrophils
D) Basophils
E) كل ما سبق خطا.",A,A
1120,"ما يلي صحيح بل نسبة لل غدة النخامية : hypophysis

A) تقع في الدماغ المتوسط .midbrain
B) تزن حوالي Kg .0.5
C) تتطور جزئيا˝ من النسيج العصبي.
D) تتطور كليا˝ من الوريقة الخارجية الفموية.",C,C
1121,"عظم العقب : (نموذج د. جمال)

A) يتمفصل في الأعلى مع القعب
B) لا يتمفصل مع النردي
C) له جسم وعنق ورأس
D) سطحه الوحشي مقعر",A,A
1122,"كل ما هو آت خاطئ في البنكرياس ما عدا:

A) عدم احتوائه على الأقنية المخططة.
B) إفراز الهرمونات المنظمة للنمو.
C) غدة أنبوبية مركبة.
D) تصنيع الانزيمات في جزر لانغرهانس",B,A
1123,"المنطقة الأعمق من قشر الكظر :

A) المنطقة الكبيبية
B) المنطقة الحزمية
C) المنطقة الشبكية
D) كل ما سبق خطأ",C,C
1124,"في حال حدوث كسر في جدل عظم العضد بين الثلث المتوسط والقاصي فإن أكثر الأعصاب تعرضًا للأذية:

A) العصب الزندي
B) العصب العضلي الجلدي musculocutaneous
C) العصب الكعبري
D) العصب الناصف
E) العصب الإبطي",A,A
1125,"من أنواع الأعصاب المحيطية ماعدا :

A) حركية
B) صوارية
C) حاسية
D) حسية",B,B
1126,"- الثقبة الفقرية كبيرة ومثلثية الشكل في:

A) الفقرة الرقبية
B) الفقرة الصدرية
C) الفقرة الصدرية
D) الفقرة القطنية",A,A
1127,"لون قشر الكظر :

A) بني غامق
B) أبيض
C) مائل للصفرة
D) رمادي",C,C
1128,"العظم (الخاطئة):

A) تتشكل العظام المسطحة من صفيحتين من العظم الكثيف يفصل بينهما نسيج عظمي إسفنجي.
B) تحاط كل العظام بسمحاق عظمي يغطي كامل سطوحها.
C) تتشكل العظام القصيرة من طبقة خارجية قشرية من العظم الكثيف تحيط بنسيج اسفنجي.
D) تفصل الصفيجة المشاشية بين جسم العظم الطويل وكل من المشاشتين أثناء فترة النمو.",D,B
1129,"أي الأعصاب الرقبية الاتية يملك وظيفة حركية:

A) تحت القذالي.
B) القذالي الصغير.
C) القذالي الكبير.
D) الأذني الكبير.
E) العنابي المتعرض.",A,A
1130,"نسيج ضام ليفي يرتكز حول السطوح المفصلية:

A) المحفظة المفصلية
B) الأربطة
C) السطوح المفصلية
D) العضلات",A,A
1131,"يتواجد في الغضاريف الضلعية الأمامية

A) Hyalin cartilage
B) Elastic cartilage
C) fubrocartilage
D) كل ما سبق صحيح
E) كل ما سبق خطأ.",D,A
1132,"مايلي صحيح عن التهاب الجيوب الانفية:

A) يحدث نتيجة انسداد فتحات التصريف
B) هو sinusitis
C) هو من نتائج متلازمة انعدام الحركة الهدبية
D) كل ما سبق صحيح.",D,D
1133,"من صفات غشاء الطبل عدا :

A) قطره 1 سم
B) ذو توضع مائل
C) تتثبت قبضة الركاب في وجهه الأنسي
D) يجاور عصب حبل الطبل",A,C
1134,"العظم الغربالي (الخاطئة):

A) تتوضع الصفيحة الأفقية للعظم في الثلمة الغربالية.
B) الصفيحة الأفقية تحوي ثقوباً تمر عبرها ألياف العصب الشمي.
C) الصفيحة العمودية تشكل الجزء السفلي من الوتيرة الأنفية.
D) يبدو عرف الديك كأنه امتداد للصفيحة العمودية.",B,C
1135,"العضلة التي ترتكز على الحافة الضلعية:

A) المستعرضة الصدرية.
B) الوربية الباطنة.
C) المنشارية الأمامية.
D) الصدرية الصغيرة.
E) كل ما سبق خاطئ.",E,B
1136,"كل مما يلي صحيح عن الآفات العصيدية عدا:

A) ثخانة بؤرية موضعية في الطبقة الداخلية.
B) تكاثر الخلايا العضلية الملساء.
C) ترسب الكولسترول في الخلايا العضلية الملساء والبالعات.
D) أكثر الشرايين عرضة الشرايين المخية.",D,D
1137,"عدد شدف النخاع الشوكي:

A) 31
B) 31 شفعًا
C) 12
D) 15",B,A
1138,"يتلقى المستقيم ترويته من:

A) الشريان المستقيمي العلوي.
B) الشريان المستقيمي الأوسط.
C) الشريان المستقيمي السفلي.
D) كل ما سبق صحيح.
E) كل ما سبق خاطي.",D,D
1139,"من ميزات الفقرة الرقبية الأولى ماعدا:

A) جسم الفقرة صغير
B) تتمفصل مع لقمتي القذالي
C) تتمفصل مع الفقرة الرقبية الثانية
D) تحوي ثقبة مستعرضة",D,A
1140,"العضلة النعلية: (2017)

A) تعصب من عصبين.
B) تعمل على عطف الركبة.
C) قد تكون غائبة.
D) ترتكز على الكعب الوحشي.",C,A
1141,"يسهم بتشكيل الضفيرة العضدية الأعصاب النخاعية الرقبية (الخطأ): (2009 أولى)

A) الثالث .
B) الرابع .
C) الخامس.
D) الثامن .",D,A
1142,"مرض هاشتيوتو :

A) نقص نشاط الدرق مناعي ذاتي
B) نقص نشاط درق عند الأطفال
C) ضخامة غدة درقية بنقص اليود
D) C+D
E) كل ما سبق خاطئ",A,A
1143,"الزاوية بين قبضة وجسم القص:

A) لويس
B) مونتغومري
C) بيل
D) لا شيء مما سبق",B,A
1144,"هذه الخلايا تسهل حركة و انتقال السائل الدماغي الشوكي إنها :

A) ال astrocytes
B) ال oligodendrocytes
C) ال microglia
D) . خلايا Schwann
E) ال ependymal cells",E,E
1145,"تفرز الخلايا العنبية في البنكرياس :

A) insulin
B) glucagon
C) lipase
D) somatostatine",B,C
1146,"تتوضع الأحدوبة الظنبوبية عند :

A) اتصال الحافة الأمامية مع النهاية العلوية للظنبوب .
B) اتصال الحافة الأنسية مع النهاية العلوية للظنبوب.
C) اتصال النهاية الأنسية مع النهاية السفلية للظنبوب.
D) اتصال الحافة الأمامية مع النهاية السفلية للظنبوب .",B,A
1147,"تقع اللطخة الصفراء :

A) وحشي البقعة العمياء
B) أنسي البقعة العمياء
C) وحشي كرة العين
D) أنسي كرة العين",A,A
1148,"اختر الإجابة الصحيحة

A) في الأعصاب المحيطية المحاوير ذات القطر الصغير لا تحاط عاده بغمد شوان
B) عقد رانفييه هي انقطاعات على مسار حمد النخاعين
C) المسافة بين عقدتي رانفييه هي من 1-2 سنتيمتر
D) الإجابتان الأولى والثانية صحيحتان
E) كل ما سبق صحيح",A,D
1149,"من المفاصل الليفية ما عدا:

A) الدروز.
B) القرص المشاشي.
C) المفصل الوتدي.
D) المرتبطات.",C,B
1150,"يساهم هذا البروتين في الحفاظ على ارتصاف خيوط جهاز التقلص وعلى مقاومة الشد لألياف العضلات المخططة ، إنه ال :

A) ألفا أكتينين alpha-actinin
B) ميوميسين myomesin
C) تيتين titin
D) استيل كولين acetylcholine
E) . كل ما سبق خطا",C,C
1151,"يكون التصريف اللمفى للثلث للسان مباشرة الى:

A) القعد التكفيه
B) العقد تحت الفكيه
C) العقد اللثويه
D) العقد الحنكية
E) العقد الرقبيه العميقه",B,E
1152,"يمر عبر الجيب الكهفي ما يلي عدا :

A) الشريان السباتي الباطن.
B) العصب الفكي العلوي.
C) العصب الثالث.
D) العصب الثامن.",C,D
1153,"تقوم بإفراز الميلاتونين:

A) الخلايا الكوكبية.
B) الخلايا الدبقية.
C) الخاليا الصنوبرية.
D) a+c",D,C
1154,"تؤدي إصابة العصب الناصف في المرفق إلى: (2007)

A) شلل باسطة الرسغ الكعبرية الطويلة.
B) فقدان تقريب الأصابع.
C) شلل الكابة المدورة.
D) عدم إمكانية ثني الرسغ.",C,C
1155,". الشريانين المبيضيين من فروع

A) Aorta adominis
B) Internal iliac artery
C) External iliac artery
D) Anterior tiial artery",A,A
1156,". الشريان الذي له انطباعات على الوجه الداخلي للعظم الصدغي هو فرع من الشريان

A) الفكي
B) السباتي الداخلي
C) السباتي الخراجي
D) الصدغي السطحي",C,A
1157,". العظم الرابع من عظام الصف الاول لرسغ اليد عند ترتيبها من الوحشي الى الانسي هو العظم

A) Scaphoid
B) Lunate
C) Trapezoid
D) Pisiform",B,D
1158,"أي من الفروع الشريانية الاتية تسير في الأثلام الموجودة على الوجه المخي للقسم الصدفي من العظم الجداري:

A) فروع الشريان الصدغي العميق.
B) فروع الشريان السحائي الأوسط.
C) فروع الشريان الصدغي السطحي.
D) فروع الشريان الوجهي.",B,B
1159,"أي من الفروع الشريانية الآتية تسير في الأثلام الموجودة على الوجه المخير للقسم الصدفي من العظم الصدغي :

A) فروع الشريان الصدغي العميق.
B) فروع الشريان السحائي الأوسط.
C) فروع الشريان الصدغي السطحي.
D) فروع الشريان الوجهي.",B,B
1160,"التصنيف الذي يمكننا من معرفة العضلات التي تشارك في كل مرحلة مفصلية وتطبيق ذلك أثناء الفحص هو تصنيف :

A) وظيفي.
B) جنيني.
C) التوضع.
D) الشكل.",A,A
1161,"أى من الحليمات التالية له دور حسى فقط و لا يتدخل فى حاسة الذوق :

A) الحليمات الخيطية
B) الحليمات الكمنية
C) الحليمات الورقية
D) الحليمات المحوطة",A,A
1162,"الشرايين التي تسير بين الفصوص بإتجاه القشرة على كل جانب من جانبي الهرم الكلوي :

A) الشرايين الفصية
B) الشرايين بين الفصوص
C) الشرايين المقوسة
D) الشرايين بين الفصيصات",B,B
1163,"يتألف الجهاز المفرغ العلوي في الجهاز البولي من ٣ طبقات إختر الإجابة الخاطئة :

A) الفصلية في الخارج
B) تليها تحت المصلية
C) ثم العضلية
D) بعدها المخاطية",D,B
1164,"السطو المهادى النخاعي. اسئلة (11-15) قابل كل تلفيف مخفي تالي مع المركز الوظيفي المسؤول عنه :

A) اللفيف الحزامي
B) المرئ
C) الجسم اللوزي
D) الكره الداخلية",A,ولا بنية مما علا
1165,"التلفيف جار حصان البحر أسئلة (2016) جميع الاحساسات تبدأ بمستقبل وتشكيل نواه والعمل مع مركز فوق نخاعي اختر لكل مستقبل او نواه مما يلي المسار المناسب للترابط معه:

A) مراكز القلام الحركية
B) مراكز الشم
C) مراكز الخركة ( الهرمية )
D) مراكز السمع",B,مراكز الحس
1166,"تكون الأقة المسببة متلازمة هورنر مع أذية الأعصاب القحفية m. IV.VI والفرع العيني ل V متوضعة في:

A) الوطاء
B) الزاوية الجسرية المخيخية
C) الجيب الكهفي
D) غطاء الدماغ المتوسط",B,الشق الحجاجي العلوي
1167,"تكون الروافد المترافقة مع الحيزات الوريدية التالية صحيحة ماعدا: -اسئلة (31-35) اختر لكل مظهر تشريحي تالي المستوى المناسب في جذع الدماغ:

A) الوريد القاعدي /الوريد المخي الأمامي
B) الجيب الكهفي /الوريد المخفي المتوسط السطحي
C) وريد جالينوس Galen/ اوردة الدماغ البيني
D) الوريد المخي الباطن/ الوريد المشيمي",D,الجيب السهمي (الطولاني ) العلوي/ اوردة مخية علوية
1168,"ذات حزم نازلة طولانيا في الساق أسئلة (36-40) اختر لكل سبيل ( ألياف ) وارد الي المخيخ قسماً مخيحياً مناسبأ يسقط عليه:

A) مستوى المزلاج
B) مستوى الوصل البصلي الجسري
C) مستوى الدماغ المتوسط
D) مستوى منتصف الجسر",B,المستوى الذنبي للبصلة
1169,"الآلياف الدالية للموقع الأزرق اسئلة (41-45) اختر لكل مصطلح لغوي شائع ( الدارج )المصطلح التنقي (العلمي) الصحيح:

A) الفص المتوسط المخيخي
B) الفص الامامي
C) المخيخ ( القشر – الألوية )
D) اللوزة المخية",D,القص الندفي العقيدي
1170,"الحزمة الوطانية النخامية #2# اسئلة (51-55) حدود المهاد اختر لكل جهة من المهاد البنية المناسبة المجاور لها :

A) ألياف مقوسة باطنة
B) ألياف مستنة حمراوية
C) ألياف النواة فوق البصرية
D) ألياف سمعية أولية",B,ولا بنية مما علا
1171,"كل مما يلي صحيح عن the of junctionocculdents zonula في الشعيرات الدموية ما عدا:

A) تتواجد بين الخلايا البطانية ذات الأهمية الفزيولوجية.
B) وظيفتها األساسية تأمين نفاذية تجاه الجزيئات الدقيقة.
C) تلعب دورا مهما في الحالات السوية.
D) تلعب دورا مهما في الحالات المرضية.",B,B
1172,"الغدد الموجودة في الجلد والأوعية الدموية تساهم في كل ما يلي ما عدا :

A) التنظيم الحراري
B) تنظيم ضغط الدم.
C) body metabolism
D) Excretion",D,B
1173,"كل ما يلي من الخلايا الأقل شيوعا من الظهارية في البشرة ما عدا :

A) Melanocytes
B) Langerhans cells
C) Meckel's cells
D) Stem cells",C,D
1174,"منطقة في الشبكية تحوي أوعية صغيرة تتفرع ضمن طبقة الألياف العصبية لتغذية خلايا الشبكية:

A) fovea centralis
B) eyelids
C) blind spot
D) apparatus",A,C
1175,"اي من الخلايا الآتية في الظهارة الشمية مسؤول عن تأمين بيئة مكروية لأداء الوظيفة الشمية :

A) olfactory neurons
B) supporting cells
C) Basal cells
D) كل ماسبق خطأ.",B,B
1176,"السائل المفرز حول الاهداب الشمية من غدد بومان الموجودة في الصفيحة المخصوصة للظهارة الشمية مسؤول عن :

A) ترطيب الهواء المستنشق.
B) السماح بوصول الروائح الجديدة
C) التقاط الاجسام الغريبة.
D) كل ما سبق صحيح.",D,B
1177,"كل مما يلي صحيح عن the of junctionocculdents zonula في الشعيرات الدموية ما عدا:

A) تتواجد بين الخلايا البطانية ذات الأهمية الفزيولوجية.
B) وظيفتها األساسية تأمين نفاذية تجاه الجزيئات الدقيقة.
C) تلعب دورا مهما في الحالات السوية.
D) تلعب دورا مهما في الحالات المرضية.",B,B
1178,"الغدد الموجودة في الجلد والأوعية الدموية تساهم في كل ما يلي ما عدا :

A) التنظيم الحراري
B) تنظيم ضغط الدم.
C) body metabolism
D) Excretion",D,B
1179,"كل ما يلي من الخلايا الأقل شيوعا من الظهارية في البشرة ما عدا :

A) Melanocytes
B) Langerhans cells
C) Meckel's cells
D) Stem cells",C,D
1180,"منطقة في الشبكية تحوي أوعية صغيرة تتفرع ضمن طبقة الألياف العصبية لتغذية خلايا الشبكية:

A) fovea centralis
B) eyelids
C) blind spot
D) apparatus",A,C
1181,"اي من الخلايا الآتية في الظهارة الشمية مسؤول عن تأمين بيئة مكروية لأداء الوظيفة الشمية :

A) olfactory neurons
B) supporting cells
C) Basal cells
D) كل ماسبق خطأ.",B,B
1182,"السائل المفرز حول الاهداب الشمية من غدد بومان الموجودة في الصفيحة المخصوصة للظهارة الشمية مسؤول عن :

A) ترطيب الهواء المستنشق.
B) السماح بوصول الروائح الجديدة
C) التقاط الاجسام الغريبة.
D) كل ما سبق صحيح.",D,B
1183,"نجد نموذج الكبيبة glomera للشعيرات الدموية في كل ما يلي عدا:

A) الوجه
B) وسادات الأصابع
C) سرير الظفر
D) الأذنين",D,A
1184,"كل ما هو آت صحيح عن الجهاز البولي ما عدا:

A) الجزء الوظيفة الأساسي هو الأنبوب البولي
B) تبطن جميع قنواته وطرقه بالنسيج الظهاري الانتقالي
C) تعتبر الحويضة من الطرق الناقلة للبول
D) لا تقوم الكلية بإنتاج البول",A,AORB
1185,"كل ما هو آت صحيح عن محفظة بومان ما عدا:

A) تتداخل الاستطالات القدمية مع بعضها لتشكل شقوق الرشح
B) تتصل المسافة المحفظية بجوفها مع لمعة الأنبوب القريب
C) تعطي الوريقة الحشوية استطالات ترافق تفرعات الأوعية الدموية
D) ترسل الخلايا القدمية استطالات سيتوبلازمية باتجاه المسافة المحفظية",B,D
1186,"كل ما هو آت صحيح في المثانة ما عدا:

A) يبطن القميص المخاطي بطبقة انتقالية
B) يمكن أن تأخذ الخلايا الظهارية السطحية الشكل الكمثري
C) تتوزع العضلات في ثلاثة طبقات غير واضحة
D) ثخانة القميص المخاطي ثابتة لا تتبدل",D,D
1187,"كل ما يلي من الملحقات الحلدية ما عدا:

A) الغدد المخاطية
B) الأشعار
C) الغدد المصلية العرقية
D) الغدد الدهنية",C,A
1188,"يتكون الجهاز الوعائي الدموي مما يلي ما عدا:

A) الشرايين
B) الأوردة
C) الشعيرات اللمفية
D) القلب",C,C
1189,"تملك الطبقة الداخلية من الوعاء الدموي ما يلي عدا:

A) النسيج الضام تحت البطاني
B) البطانة الوعائية
C) الصفيحة المرنة الداخلية
D) الصفيحة المرنة الخارجية",C,D
1190,"كل ما يلي من تفرعات الأبهر الأمامية ما عدا:

A) الجذع الزلاقي.
B) الشريان المساريقي العلوي.
C) الشريان المساريقي السفلي.
D) الشريان الحجابي السفلي",C,D
1191,"تضم ناصيات الفقار من عضلات الظهر العميقة التالي ما عدا: السؤال للاطلاع

A) الطولي الرأسية.
B) الطولى العنقية.
C) المديدة الصدرية.
D) الحرقفية الضلعية.
E) الشوكية الرأسية.",E,C
1192,"تحدث التغيرات التالية في الصدر أثناء الشهيق ما عدا:

A) يسحب الهواء إلى الشجرة القصبية.
B) يصعد جذرا الرئتين.
C) يحدث ضغط سلبي على السطح الخارجي للرئتين.
D) تنخفض الحواف السفلية للرئتين.
E) تتمدد الرئتين.",C,B
1193,"تتوضع مباشرة خلف الحيز الوربي الرابع أيمن القص

A) الوريد الأجوف العلوي
B) الوريد العضدي الرأسي الأيمن
C) الوريد العضدي الرأسي الايسر
D) الشريان العضدي الرأسي
E) الأذينة اليمني RT atrium",B,E
1194,"تتواجد البنى التالية بباطن البطين الأيمن ما عدا:

A) الحجاب بين البطينين
B) الترابيق اللحمية
C) دسام ثنائي الشرف
D) العضلة الحليمية الامامية
E) الشريط المنظم (العارضة الحاجزية)",A,C
1195,"تحدث التغيرات التالية في الصدر أثناء الشهيق ما عدا:

A) يسحب الهواء الى الشجرة القصبية
B) يصعد جذرا الرئتين
C) يحدث ضغط سلبي على السطح الخارجي للرئتين
D) تنخفض الحواف السفلية للرئتين الى الأسفل
E) تتمدد الرئتين",D,B
1196,"يشتق العصب الحشوي الكبير من الشدفات الصدرية التالية ما عدا:

A) T5
B) T7
C) T8
D) T9
E) T10",D,E
1197,"يستلم الوريد العضدي الرأسي دماً وريداً مباشرة من التالي ما عدا:

A) الوريد تحت الترقوة
B) الوريد الوداجي الباطن
C) الوريد الوداجي الظاهر
D) الوريد الدرقي السفلي
E) الوريد الصدري الباطن",B,C
1198,"تضم ناصيات الفقار من عضلات الظهر العميقة التالي ما عدا: السؤال للاطلاع

A) الطولي الرأسية
B) الطولي العنقية
C) نصف الشوكية الرأسية
D) الشوكية الرأسية
E) الحرقفية الضلعية العنقية",E,E
1199,"كل ما يلي يعتبر من مخاطر التخدير ما عدا

A) الغثيان و الاقياء
B) اعتلال الأعصاب المركزية
C) اضطرابات النظم القلبية
D) الانخماص الرئوي",B,D
1200,"الدواء الأمثل لبدء التخدير لمريض مصاب بنزف حاد هو

A) بروبوفول
B) ثيوبنتال
C) ميثو كيزيتال
D) دروبيريدول
E) كيتامين",B,E
1201,"كل ما يعتبر من التأثيرات المحيطية للمورفين ما عدا:

A) A. ينقص التقلصات التمعجية ويزيد التقلصات غير التمعجية
B) B. لحرر الهيستامين
C) C. لا يعبر المشيمة
D) D. يسبأ الادمان والاعتياد
E) E. يسبأ لشنج قصبي",C,C
1202,"تستعمل البنزوديابينات في كل ما يلي عدا

A) احداث التهدئة وازالة القلق قبل العمل الجراحي
B) مباشرة التخدير العام
C) ضبط الاختلاجات الصرعية
D) تخفيف التأثيرات المقلدة للذهان للكيتامين
E) معاكسة التثبيط التنفسي المحدث بالباربيتوات",B,E
1203,"فيما يخص المرخيات النازعة للاستقطاب كل ما يلي صح عدا

A) لا يوجد أي دواء نوعي لمعاكسة تأثيرها
B) نشبه ببنيتها الأستيل كولين
C) تعمل كمضادات تنافسية لمستقبلات الأستيل كولين
D) تؤدي لحدوث التقلصات الحزمية
E) تستقلب بواسطة خميرة استيل كولين استيراز الكاذبة 25. الألياف العصبية الناقلة لحس الألم هي",E,E
1204,"تتميز الفينوليازينات بما يلي عدا

A) مضادات اقياء محيطية
B) للتهدئة
C) حالة القلق
D) ميزات معاكسة للكولين
E) تقوية فعل المسكنات المورفينية",C,A
1205,"يتميز المخدر التالي بالمباشرة والصحو السريعين

A) النايتروس اوكسايد
B) الهالوثان
C) الايزوفلوران
D) السيفوفلوران
E) الديسفلوران",A,E
1206,"تبدي البنزوديازبينات العديد من الميزات المفيدة للتحضير الدوائي ما عدا:

A) A. حالة قلق
B) B. تحدث نساوة
C) C. بالجرعات المنخفضة تحرض التخدير
D) D. تحدث ارخاء
E) E. تبدي ميزات مضادة الاختلاج",C,C
1207,"تستعمل البنزوديابينات في كل ما يلي عدا:

A) A. احداث التهدئة وازالة القلق قبل العمل الجراحي
B) B. مباشرة التخدير العام
C) C. ضبط الاختلاجات الصرعية
D) D. معاكسة التثبيط التنفسي المحدث بالباربيتوات
E) E. تخفيف التأثيرات المقلدة للذهان للكيتامين",B,D
1208,"كل ما يتعلق بالمخدرات الموضعية صح عدا

A) تسبب إضافة النورايبيفرين لطاول مدة التأثير
B) يزيد القصور الكبدي خطورة الانسمام الجهازي بالليدوكائين
C) تعتبر الأعراض العصبية المظاهر الباكرة الأولي للانسمام بالمخدرات الموضعية
D) يمكن استخدام الليدوكائين بتراكيز منخفضة وريدياً لعلاج بعض بالمخدارت الموضعية
E) تستقلب المخدرات الموضعية الاميدية بواسطة خميرة كولين الزائفة",E,E
1209,"كل ما يلي صحيح بالنسبة للفنتائيل ما عدا:

A) بداية تأثيره سريعة 2-1 دقيقة وتتراوح فترة تأثيره 30 دقيقة
B) أن التهدئة الناجمة عنه ضئيلة مقارنة مع المورفين
C) قد تحدث الجرعات العالية منه صلابة في جدار الصدر
D) تأثيراته على الجهاز القلبي الوعائي كبيرة كبيرة يحدث انخفاض شديد في الضغط الشرياني",B,D
1210,"ينقص كل من المحضرات التالية معدل الستقالب الدماغي والتوتر داخل القحف:

A) االيثوميدات
B) الكيتامين
C) الثيوبنتال
D) البروبوفول
E) دروبيريدول",D,B
1211,"الدواء الأمثل لبدء التخدير لمريض مصاب بنزف رضي حاد:

A) بروبوفول
B) ثيوبنتال
C) كيتامين
D) ميثوهيكزيتال
E) دروبيريدول",C,C
1212,"بما يتعلق بالمرخيات غير المزيلة للاستقطاب اجابة واحدة خاطئة

A) تتطاول فترة التأثير في حالة اضطراب خميرة كولين استيراز الورلثي
B) تعتمد فترة تأثيرها علي الجرعة المستخدمة
C) تحتل مستقبلات الأستيل كولين في اللوحة المحركة
D) تنقص النخدرات الانشاقية من حاجة المريض لها
E) يسبب انخفاض درجة الحرارة تطاول الحصار الناجم عنها",A,A
1213,"المرخي العضلي الأمثل لتسهيل تنبيب مريض ذو خطورة عالية الاستنشاق هو:

A) اتراكوريوم
B) سيساتراكوريوم
C) بانكورونيوم
D) بيبكورونيوم
E) السكسونيل كولين",A,E
1214,"يتميز الأميدارون بما يلي

A) ينقص مدة تأثير الجهد الكهربائي
B) يطيل فترة QT
C) تأثير ضعيف لتقليل انقباض عضلة القلب
D) قد يؤدي إلي انخفاض ضغط الدم
E) يعطي 300 ملغ بالوريد",B,A
1215,"اختر الإجابة الصحيحة :

A) تفيد الستيروئيدات القشرية حقنا خاللها في تدبير الألم المزمن
B) يمكن معاكسة التأثيرات المسكنة للوخز بالإبر بإعطاء النالوكسون
C) قد يؤدي تطبيق التنبيه الكهربائي على الجملة العصبية لتسكين الألم الحاد والمزمن
D) يفيد التبريد من أجل تدبير الألم المرافق مع الذات الحادة خاصة مع وجود الوذمة ر
E) كل ما سبق صحيح
F) كل ما سبق خطأ",E,E
1216,"فيما يخص مراحل التخدير العام كل ما يلي صحيح عدا:

A) تترافق المرحلة الأولى مع تقبض الحدقة
B) تترافق المرحلة الثانية مع تبيه مركز اللقياء
C) تترافق مرحلة الشلل البصلي مع تثبيط شديد للقلب والتنفس
D) تبدأ المرحلة الجراحية من فقدان المنعكس الجفني حتى شلل العضلة الحجابية
E) تترافق المرحلة الجراحية مع زوال المنعكسات",A,A
1217,"من مضادات استطباب الحصار المحوري العصبي:

A) A. رفض المريض
B) B. الاعتلالات النزفية
C) C. نقص الحجم الشديد
D) D. الانتان موضع إجراء الحصار
E) E. كل ما سبق صح",E,E
1218,"يتميز الببتدين بما يلي عدا

A) مسكن مورفيني صدمي
B) يسببت تحرر الهيستامين بشكل أقل من المورفين
C) أقل سمية من المورفين
D) يبدي خواص مشابهة للكولين
E) يؤثر علي منعكس السعال قسم الدكتور بنود",D,E
1219,"المرخي العضلي الأمثل لتسهيل تنبيب مريض ذي خطورة عالية للاستنشاق هو

A) السوكسنيل كولين
B) ألراكوريوم
C) سيسأتراكوريوم
D) بانكورونيوم
E) البيكورونيوم",C,A
1220,"بما يخص محضر البروبوفول:

A) يزيد معدل الجريان الدموي الدماغي
B) شديد المحال في المحاليل المائية
C) يسبب تحرر الكاتيكول أمين
D) يحدث نوما أطول من ذاك الناجم عن الثيوبنتال
E) يبدي قدرة مسكنة ضعيفة",B,E
1221,"بالنسبة لمثبطات خميرة سيكلواوكسيجيناز:

A) A. تثبط عملية تركيب البروستاغلاندين
B) B. المحضرات التي تثبط بشكل انتخابي خميرة co-2 ذات سمية أقل للجهاز الهضمي
C) C. تمتص بشكل جيد عبر الجهاز الهضمي
D) D. يجب تعديل جرعاتها عند المصايين باضطراب كبدي
E) E. معظم مركباتها ضعيفة الارتباط بالبروتينات",B,E
1222,"إن الترياق المناسب للتسمم بالمورفين هو:

A) A. النالوكسون
B) B. N استيل سيستين
C) C. فلومازينيل
D) D. الفحم الفعال
E) E. ميركابتوبيورين",A,A
1223,"كل ما يتعلق بالأفيونات صح عدا

A) كلما زادت شدة الاوبان بالدسم تطاولت فترة التأثير
B) لا تؤثر علي قلوصية العضلة القلبية
C) يمكن حقنها ضمن الحيز فوق الجافية
D) تزداد خطورة التثبيط التنفسي عند مرضي تشمع الكبد
E) مسببة للغثيان والاقياء",B,A
1224,"كل ما يلي يعتبر من الأدوية المستخدمة للتحضير الدوائي ما عدا

A) حاصرات الكالسيوم
B) الباربيتورات
C) البنزوديازيبينات
D) الفينوتيازينات
E) المسكنات المورفينية",E,A
1225,"يتميز الألم المزمن بما يلي عدا:

A) A. يستمر لفترة لزيد عن ستة أشهر
B) B. الألياف A هي المسؤولية عن عملية نقل هذا الألم
C) C. الاستجابة الصماوية الغدية ضعيفة
D) D. يترافق مع اضطراب النوم والمزاج
E) E. قد ينجم عن الاعتلال العصبي",B,B
1226,"يجأ لجنأ المخدر الانشاقي التالي لعملية لنحراف وترة سيتم فيها حقن الادرينالين للمريض

A) الايزوفلوران
B) النايتروس اوكسايد
C) الهلوثان
D) السيفوفلوران
E) الديسفلوران",D,C
1227,"مريض يعاني من جرح نافذ للعين يجب تجنب:

A) A. البروبوفول
B) B. الثيوبنتال
C) C. الكيتامين
D) D. الهالوثان
E) E. الميدازولام",C,C
1228,"كل ما يتعلق بتدبير الألم المزمن صحيح عدا:

A) A. يلجأ المعالج النفسي لتقنية تحويل الادراك لتعليم التكيف مع الألم
B) B. لا يفيد حصار الضفائر العصبية في هذا النوع من الألم
C) C. يفيد التبريد لتدبير الألم المترافق مع الوذمة
D) D. يحث الوخز بالابر علي تحرير المورفينات داخلية المنشأ
E) E. يفيد التنبيه الكهربائي للنخاع الشوكي",B,B
1229,"تنخفض قيمة مالك في الحالات التاية عدا:

A) A. ارتفاع التوتر الشرياني
B) B. الإنسمام الكحولي الحاد
C) C. فقر الدم
D) D. التقدم بالعمر
E) E. الحمل",B,A
1230,"اختر الاجابة الصحيحة:

A) A. ان الفلومازنيل و مضاد البنزوديادبينات والباربيتوريات
B) B. ان الالروبين و مضاد للمبيدات الفسفورية العضوية
C) C. ان النالوكسون و مضاد المورفين
D) D. كل ما سبق صح
E) E. كل ما سبق خطأ",D,B
1231,"كل ما يعتبر من التأثيرات المحيطية للمورفين ما عدا

A) ينقص التقلصات التمعجية ويزيد التقلصات غير التمعجية
B) لحرر الهيستامين
C) لا يعبر المشيمة
D) يسبأ الادمان والاعتياد
E) يسبأ لشنج قصبي",C,C
1232,"فيما يتعلق بالتوزيع الدوائي للمخدر الوريدي:

A) في مرحلة التوزيع الأولي تمتلئ الأعضاء غزيرة التروية بالدواء حد الإشباع
B) يزداد تركيز الدواء الحر إذا نقصت كمية البروتينات الرابطة
C) الصحو من تأثير الثيوبنتال ال ينجم عن استقالة او اطراحه بل عن عود توزيعه من الدماغ إلى العضلات
D) يعتمد توزيع المخدر الوريدي على درجة ذوبانه بالدسم
E) كل ما سبق صحيح",E,E
1233,"من أشكال التخدير الناحي كل ما يلي عدا

A) التخدير داخل الجافية
B) التخدير فوق الجافية
C) التخدير النا ي الوريدي
D) التخدير الايلي
E) التخدير الالانفصالي",A,E
1234,"أكثر المخدرات الانشقاقية التي تحدث تأثيرا مسكنا :

A) سيفوفلوران
B) ايزوفلوران
C) الهالوثان
D) ديسفلوران
E) النايتروس أوكسيد",B,E
1235,"قد يؤدي الألم الحاد الي مايلي ماعدا

A) يحرض الداء القلبي
B) يؤدي لقرحة الشدة
C) يزيد معدل إفراز الأنسولين
D) يضعف فعالية السعال
E) ازدياد قابلية الخثار الدموي أسئلة الدكتورة رائعة",C,C
1236,"كل مايلي يخفض التوتر داخل القحف أثناء التخدير عدا

A) الباربيتورات
B) الكيتامين
C) البروبوفول
D) ايثوميدات
E) دروبيريدول",B,B
1237,"كل ما يلي صحيح عن الديازيبام عدا:

A) بنزوديازيبين منحل بالدسم وغير منحل بالماء
B) يجب إعطاؤه حقنا عضليا و فمويا
C) يمكن اعطاؤه بالطريق المستقيم
D) ان نصف العمر الطراحي طويل نسبيا
E) يستخدم في الحالات الصرعية",B,B
1238,"يستخدم النظام المعدل للتخدير المبكر للتعرف علي المريض ذو الحالة الحرجة ويعتمد علي

A) النبض
B) الضغط الانبساطي
C) معدل التنفس
D) درجة الحرارة
E) درجة الوعي",B,B
1239,"ما يلي صحيح بالنسبة لمضادات المستقبلات الكولولينيرجية ما عدا

A) الأتروبين والهيوسين رباعية تعبر الحاجز الوعائي
B) الغليكوبيرونيوم أمين ثلاثي لا يعبر الحاجز الوعائي الدماغي
C) التأثيرات المضادة للإلعاب للهيوسين أقوي من الأتروبين
D) لا يبدي الهيوسين تأثيرات مهدئة ومحدثة للنساوة
E) الغليكوبيرونيوم يحدث تغير في النبض أقل من الأتروبين",D,A+B
1240,"بالنسبة للأفيونات كل ما يلي صح ما عدا :

A) A. يمكن حقنها عضلياً ضمن القراب أو ضمن الحيز فوق الجافية
B) B. وجد الفنتائيل مضاد أفيوني
C) C. تؤدي للاعتماد الفيزيائي بعد الاعطاء المتكرر
D) D. من الشائع احداتها للغثيان والاقياء
E) E. يزيد احتمال حدوث تثبيط تنفسي مع التقدم بالعمر",B,B
1241,"في فرط الحرارة الخبيث كل ما يلي صح عدا

A) يعد الكيتامين من العوامل المسببة
B) الداء النوعي هو Dantroline
C) العلامة الأولي المنبئة لحدوثه تقلص عضلات الفك السفلي
D) ترتفع درجة حرارة المريض تدريجياً
E) يتم التشخيص بخزعة عضلية وتعريضها للعامل المحرض",A,A
1242,"كل ما يلي من المشاكل المصادفة تخدير مريض بدين ما عدا:

A) قد يسبب صعوبة في التنبيب
B) هم أكثر ميلا للإصابة بنقص التروية الإكليلية
C) يتعرضون لجرعات فائضة من المرخيات حيث يجب التعامل معهم على أساس كتلة العضلات وليس كتلة العضلات وليس الوزن الكلي
D) الصحو لديهم سريع بسبب توزع المخدرات في طبقات الدسم الكبيرة",D,D
1243,"كل ما يلي صحيح بالنسبة للفلومازينيل ما عدا

A) عند استخدامه بجرعات عالية يبدي بعض الميزات المقلدة للبنزوديازبينات
B) يعاكس التأثيرات المركزية للبنزوديازبينات
C) يستخدم في الات التسمم و حوادث الانتحار بالفينوليازينات
D) المعاكسة لبدأ خلال دقيقة وا حدة فقط من الحقن
E) فترة التأثير لعتمد علي الجرعة المعطاة",E,C
1244,"يفضل استعمال المرخي العضلي التالي لمريض القصور الكلوي

A) بانكورانيوم
B) أتراكوريوم
C) بيبكورونيوم
D) ميفاكوريوم
E) دوكساكوريوم",D,B
1245,"يتميز الميدازولام بما يلي ما عدا:

A) A. عبارة عن بنزوديازبين منحل بالدسم
B) B. يمكن اعطاؤه بالوريد أو العضل
C) C. نصف عمره الاطرلحي أقل من الديازيبام
D) D. ذو بداية تأثير أسرع من الديازيبام
E) E. يمكن اعطاؤه فمويا أو عن طريق المستقيم",C,A
1246,"تشمل الصفات الفيزيائية الأيزوفلورين ما يلي:

A) قابل لالشتعال بوجود االوكسجين
B) MAC 0.75
C) لونه األحمر
D) غير ثابت الكلس الصودي
E) ورائحته اللاذعة",A,E
1247,"الميدازولام:

A) A. مفيد في ضبط الاختلاجات الصرعية
B) B. ينافس البربوفول في سرعة تنويم المريض
C) C. قليل الانحلال بالدسم
D) D. محرض للبورفيريا
E) E. يسبب حالة من التخدير الإنفصالي",B,A
1248,"كل ما يلي يعتبر من أهداف التحضير الدوائي ما عدا

A) تهدئة المريض وازالة قلقه ومخاوفه
B) رفع الاستجابات الودية الكظرية
C) انقاص المفرزات
D) انقاص احتمال حدوث غثيان والاقياء
E) تخفيف ولجم المنعكسات المبهمية قسم الدكتورة رائعة",B,B
1249,"فيما يتعلق بالبدانة صحيح ما عدا:

A) زيادة %20 عن الوزن المثالي
B) تترافق مع أمراض نقص التروية الإكليلية
C) معرضين أكثر للقلس والاستنشاق أثناء بدء التخدير
D) مباشرة التخدير متعبة وأكثر صعوبة
E) تحسب جرعة الأدوية المنحلة بالماء على أساس الوزن المثالي",A,E
1250,"تتميز المرحلة الأولي من التخدير العام بكل ما يلي عدا

A) فقدان الااكرة
B) زوال حس الألم
C) ثبات مقلة العين للأمام
D) لنتهي بفقدان الوعي
E) تبقي جميع المنعكسات طبيعية",C,C
1251,"في علاج الألم المزمن

A) تحدث مضادات الاكتئاب تأثيراً مسكناً بجرعة أكبر من تلك اللازمة لمعاكسة الاكتئاب
B) الفنتوئين في تدبير ألم اعتلال العصبي السكري
C) قد تؤدي مضادات الاختلاج لتأثيرات جانبية خارج هرمية
D) لا يفيد حقن الستيروئيدات ضمن الحيز فوق الجافية
E) كل ماسبق صح",E,C
1252,"مريض مصاب بالتهاب كبد يجأ استبعاد المخدر الانشاقي التالي أثناء التخدير

A) النيتروس اوكسايد
B) الهالوثان
C) الديسفلوران
D) الايزوفلوران
E) السيفوفلوران",B,B
1253,"مريض سيخضع لعملية لرقيع غشاء الطبل يجأ تجنب الانشاقي التالي

A) النيتروس أوكسايد
B) الهالوثان
C) الديسفلوران
D) الايزوفلوران
E) السيفوفلوران",A,A
1254,"كل ما يلي صحيح بالنسبة لخطورة التخدير للمرضي الذين في سوابقهم احتشاء عضلة قلبية ماعدا

A) حدوث احتشاء جديد بنسبة 40% خلال الأشهر الثلاثة الأولي التالية للاحتشاء
B) حدوث احتشاء جديد بنسبة 15% بين الشهرين 3-6
C) حدوث احتشاء بنسبة 5% بعد 6 أشهر
D) تبلغ نسبة الوفيات الناجمة عن الاحتشاء التالي للعمل الجراحي 40-60%
E) تقع هذه الحوادث معظمها في الساعات الأولي بعد العمل الجراحي",A,E
1255,"مريض سيخضع جراحي اسعافي ويعاني من قصور كلوي يفضل استعمال المرخي العضلي التالي

A) بانكورانيوم
B) أتراكوريوم
C) بيبيكورونيوم
D) ميفاكوريوم
E) دوكساكوريوم",A,B
1256,"أثناء تخدير مريض يعاني من نقص تروية اكليلة يجب استبعاد

A) فنتانيل
B) الإيزوفلوران
C) الديسفلوران
D) الريميفنتاليل
E) السيسألراكوريوم",A,B
1257,"كل ما يلي من المشاكل المتوقعة حدوثها عند البدينين ول العمل الجراحي ما عدا

A) صعوبة نقلا المريض ولحريكه
B) صعوبة مراقبة ضغطه
C) احتمال لعرض المريض للاستنشاق
D) صعوبة العمليات علي البطن
E) التنبيب عند هؤلاء المرضي سهل جداً رغم البدانة",B,E
1258,"كل ما يلي صحيح بالنسبة لخطورة التخدير للمرضي الذين في سوابقهم احتشاء عضلة قلبية ما عدا

A) حدوث احتشاء جديد بنسبة 40% خلال الأشهر الثلاثة الأولي التالية للاحتشاء
B) حدوث احتشاء جديد بنسبة 15% بين الشهرين 3-6
C) حدوث احتشاء جديد بنسبة 5% بعد 6 أشهر
D) تبلغ نسبة الوفيات الناجمة عن الاحتشاء التاي للعمل الجراحي 40-60%
E) تقع هذة الحوداث معظمها في الساعات الأولي بعد العمل الجراحي",E,E
1259,"عندما يكون المريض عل جهاز التنفس ولديه نقص الضغط غاز الاوكسجين في الدم الشرياني كل الإجراءات التالية صحيحة ما عدا

A) رفع نسبة الأوكسجين
B) زيادة PEEP
C) زيادة التهدئة
D) إعطاء الإرخاء
E) كل ما سبق صح قسم الدكتورة رائعة",C,E
1260,"سوف يخضع مريض مصاب بالتهاب الكبد الى عملية استئصال المرارة يجب تجنب المخدر الشاقي التالي:

A) سيفوفلوران
B) الهالوثان
C) ايزوفلوران
D) الديسفلوران
E) النيتروساوكسايد",B,B
1261,"كل ما يلي صحيح من تأثيرات الضغط الإيجابي في نهاية الزفير PEEP ما عدا:

A) يحسن اكسجة الشريانية
B) الريح الصدرية من اختلاطات استعماله
C) يؤدي الى هبوط الضغط الشرياني
D) يرفع التوتر داخل القحف
E) الانخماص الرئوي من اختلاطات استعماله",B,E
1262,"كل ما يلي من عالمات على التخطيط الكهربائي يدل على اضطراب رئوي ما عدا:

A) نقص الفولتاج ونقص تطور الموجة R
B) موجة T أعلى من 2.5
C) انحراف المحور نحو اليمين
D) ضخامة بطين أيمن
E) حصار غصن أيمن",B,B
1263,"كل مما يلي يؤدي الى تطاول الحصار العصبي العضلي المحدث بالمرخيات غير المزيلة لالستقطاب:

A) انخفاض درجة الحرارة
B) الحماض التنفسي
C) نقص الكالسيوم
D) المشاركة مع المخدرات الانشاقية
E) انخفاض تركيز خميرة الكولين استيراز",A,E
1264,"تبلغ تراكيز الباربيتورات القلبية والدماغية مستويات أعلى )عند إعطاء نفس الجرعة مقارنة مع الحالات الطبيعية( في الحالات التاليةما عدا:

A) حالة صدمة نقص الحجم
B) تشمع الكبد
C) الحماض
D) الأمراض التنفسية المزمنة
E) نقص ألبومين المصل",C,D
1265,"كل ما يلي صحيح ما عدا: كل المخدرات الانشاقية التالية تحفظ بشكل سائل طيار بالضغط الجوي النظامي:

A) هالوثان
B) نيتروس أوكسيد
C) ايزوفلوران
D) سيفوفلوران
E) ديسفلوران",D,B
1266,"كل ما يلي من المشاكل المتوقعة حدوثها عند البدينين حول العمل الجراحي ما عدا:

A) التنبيب عند هؤلاء المرضى سهل جدا رغم
B) صعوبة مراقبة ضغطه
C) احتمال تعرض المريض لاستنشاق البدانة
D) صعوبة نقل المريض وتحريكه
E) صعوبة العمل الجراحي خاصة على البطن",A,A
1267,"هناك العديد من العوامل المؤثرة على الحصار العصبي العضلي المحدث بالمرخيات غير النازعة لاستقطاب ما عدا:

A) السن
B) الاضطرابات الشاردية
C) سرعة الحقن
D) درجة الحرارة
E) الأعراض المرافقة",E,C
1268,"كل ما يلي صحيح عن تدبير شخص أصيب بعسرة بلع وضيق نفس بعد عدة دقائق من تعرضه للسعة نحلة ما عدا:

A) اعطاء 0،01 مل/ كغ من محلول 1000:1 من الأدرينالين تحت الجلد
B) نقله إلى المستشفى
C) إجراء التنبيب الرغامي فورا
D) إعطاءه الدايفين هيدرامين ( مضاد هيستامين) وريديا",C,C
1269,"ما المرخي العضلي المناسب الذي يجب أن تستخدمه عند مريض يحتاج إنتاج قلبي توتر شرياني مرتفع:

A) اتراكوريوم
B) سيساتراكوريوم
C) سكسونيل كولين
D) بانكورونيوم
E) كل مما سبق خطأ",A,D
1270,"أعطي المريض جرعة من الكيتامين ولقد بقيت عيناه مفتوحتين مع رأرأة خفيفة وحركات غير هادفة أن ما سبق يشير:

A) أن الجرعة غير كافية
B) يجب إعطاء المزيد من الكيتامين إيقاف تلك الحركات
C) أن الجرعة مفرطة
D) ان المريض يعاني من الاختلاجات
E) أن الجرعة السابقة مركنة ومخدرة",A,E
1271,"إذا أعطيت جرعة صغيرة من مرخ غير نازع لاستقطاب قبل 3 دقائق من إعطاء جرعة التنبيب من السكسونيل كولين:

A) تسمح هذه المقاربة بالتنبيب أسرع
B) هذه المقاربة تمنع حدوث اللانظميات القلبية
C) هذه المقاربة تمنع أو تخفف من حدوث التقلصات الحزمة العضلية
D) هذه المقاربة ال تمنع ارتفاع التوتر داخل القحف",C,C
1272,"يؤدي اعطاء السكسونيل كولين بجرعة 1 ملغ / كغ الى ظهور التأثيرات التالية باستثناء:

A) تسرع القلب عند البالغين بعد تكرار تلك الجرعات عدة مرات
B) ارتفاع الضغط داخل المعدة
C) بطء القلب عند الولدان والرضع
D) ارتفاع التوتر داخل القحف
E) فرط البوتاسيوم عند المريض المصاب بالشلل النصفي السفلي",E,A
1273,"قبل مريض في المستشفى إلجراء عملية إسعافية حيث وجد لدى المريض أنه يعاني من قصور كلوي ما الدواء المنتخب والرخاء العضلي والتنبيه:

A) سكسونيل كولين
B) بانكورونيوم
C) اتراكوريوم
D) بانكورونيوم
E) روكرونيوم",B,C
1274,"كل ما يلي صحيح بالنسبة لخطورة التخدير للمرضي الذين في سوابقهم احتشاء عضلة قلبية ماعدا:

A) A. حدوث احتشاء جديد بنسبة 40% خلال الأشهر الثلاثة الأولي التالية للاحتشاء
B) B. حدوث احتشاء جديد بنسبة 15% بين الشهرين 3-6
C) C. حدوث احتشاء بنسبة 5% بعد 6 أشهر
D) D. تبلغ نسبة الوفيات الناجمة عن الاحتشاء التالي للعمل الجراحي 40-60%
E) E. تقع هذه الحوادث معظمها في الساعات الأولي بعد العمل الجراحي",B,E
1275,"مريض سيخضع جراحي اسعافي ويعاني من قصور كلوي يفضل استعمال المرخي العضلي التالي:

A) A. بانكورانيوم
B) B. أتراكوريوم
C) C. بيبيكورونيوم
D) D. ميفاكوريوم
E) E. دوكساكوريوم",A,B
1276,"يجأ لجنأ المخدر الانشاقي التالي لعملية لنحراف وترة سيتم فيها حقن الادرينالين للمريض:

A) A. الايزوفلوران
B) B. النايتروس اوكسايد
C) C. الهلوثان
D) D. السيفوفلوران
E) E. الديسفلوران",B,C
1277,"كل ما يلي من المشاكل المتوقعة حدوثها عند البدينين ول العمل الجراحي ما عدا:

A) A. صعوبة نقلا المريض ولحريكه
B) B. صعوبة مراقبة ضغطه
C) C. احتمال لعرض المريض للاستنشاق
D) D. التنبيب عند هؤلاء المرضي سهل جداً رغم البدانة
E) E. صعوبة العمليات علي البطن",D,D
1278,"كل ما يلي صحيح بالنسبة لخطورة التخدير للمرضي الذين في سوابقهم احتشاء عضلة قلبية ما عدا:

A) A. حدوث احتشاء جديد بنسبة 40% خلال الأشهر الثلاثة الأولي التالية للاحتشاء
B) B. حدوث احتشاء جديد بنسبة 15% بين الشهرين 3-6
C) C. حدوث احتشاء جديد بنسبة 5% بعد 6 أشهر
D) D. تبلغ نسبة الوفيات الناجمة عن الاحتشاء التاي للعمل الجراحي 40-60%
E) E. تقع هذة الحوداث معظمها في الساعات الأولي بعد العمل الجراحي",D,E
1279,"عندما يكون المريض عل جهاز التنفس ولديه نقص الضغط غاز الاوكسجين في الدم الشرياني كل الإجراءات التالية صحيحة ما عدا:

A) A. رفع نسبة الأوكسجين
B) B. زيادة PEEP
C) C. زيادة التهدئة
D) D. إعطاء الإرخاء
E) E. كل ما سبق صح",E,E
1280,"مريض يعاني من جرح نافذ بالعين يجب تجنب:

A) A. البروبوفول
B) B. الثيوبنتال
C) C. السوكسونيل كولين
D) D. الهالوثان
E) E. الميدوزولام",C,C
1281,"تدون الحد الحموض الأمينية التقية على زمرة لا قطبية عدا:

A) Ala
B) Vel
C) Pro
D) Met",B,D
1282,"في النسخة الأولية للرنا والتي تسمى hn RNA أو Heteronucleor RNA) الخطأ (

A) هي أصغر من mRNA الناضج
B) لا تحوي على الرأس القبعة Capping
C) لا تحوي على الذيل Tailing
D) هي نفسها ال Pre mRNA",D,A
1283,"يتم اصطناع الدقائق الكيلوسية:

A) في الكبد
B) في الدماغ
C) في الطحال
D) في الأمعاء",A,B
1284,"بوتانال+سيانيد الهيدروجين:

A) هيدروكسي بنتان نتريل
B) هيدروكسي ميتان نتريل
C) هيدروكسي بروبان نتريل
D) هيدروكسي ايتان نتريل",B,A
1285,"الدور الحيوي للتمائم (FMN) و (FAD) هو:

A) حامل عابر للزهرة الأسباية.
B) حامل عابر الزمرة أمينية.
C) حامل عابر الزهرة الكربوكسيل.
D) كل ما سبق خطأ.",A,D
1286,"تكون الآليات المنظمة الأكثر تأثيراً في النمط الظاهري Phenotype للكائن الحي هي بشكل أساسي على المستوى:

A) معالجة الرنا.
B) تدرك الرنا.
C) الترجمة.
D) كل ما سبق خطأ.",D,D
1287,"كل ما يلي حول البروتينات صحيح ما عدا:

A) تشكل ٩٠% أو أكثر من الوزن الجاف للخلايا.
B) توجد في جميع الخلايا الحية وفي جميع أجزائها أيضاً.
C) قد توجد مئات الأنواع من البروتينات في خلية واحدة.
D) تعتمد كل العمليات الحيوية في الجسم على البروتينات.",A,A
1288,"كل مما يلى من الاختلاطات المتاخره للداء السكرى ما عدا:

A) متلازمه النفروز
B) احتشاء العضله القلبيه
C) قصور الكليه
D) انفصال شبكيه العين",A,A
1289,"تشكل الكاريا مونيل الفوسفات بإنزيم

A) الارجيناز
B) الكاربامونيل فوسفات 1
C) ارجينو سوكسينات لباز
D) اسبارتات ترانس كاربوا موني لاز",B,B
1290,"كل مما يلي حول وحدات النظام الدولي صحيح ما عدا :

A) تستخدم الوحدة (كانال (لتر) للتعبير عن فعالية الإنزيمات.
B) تستخدم الوحدة (باسكال) للتعبير عن ضغط غازات الدم.
C) تستخدم الوحدة (حريرة) للتعبير عن الطاقة الحرارية.
D) تستخدم الوحدة (مول التر) للتعبير عن تركيز شوارد الهيدروجين.",A,C
1291,"من أسباب عوز الحديد:

A) زيادة متطلبات الجسم من الحديد
B) تناقص امتصاص حديد الطعام
C) أي سبب يؤدي لفقد الدم الحاد او المزمن
D) كل ما سبق",D,D
1292,"من الركائز المستخدمة في عملية استحداث السكر:

A) اللاكتات
B) الغليسرول
C) بعض الحموض الأمينية
D) كل ما سبق صحيح",D,D
1293,"كل ما يلي عن صفات بروتين الكولاجين صحيح عدا:

A) يكثر في بنيته وجود الأرجينين
B) يتحمل قوة شد كبيرة جدا
C) ذو بنية حلزونية ثلاثية تشبه الحبل
D) يشكل حوالي ثلث كتلة البروتين الإجمالي في الجسم",A,A
1294,"كل ما يلي حول Classic phenylketonuria صحيح ما عدا:

A) سببها عوز إنزيم (تيروزين هيدروكسيلان).
B) قد تسبب تراجع عقلي.
C) قد تسبب إقياء معند.
D) تستجيب للعلاج باستخدام الحمية الغذائية.",A,A
1295,"وجود الكريات الحمراء في السائل المنوي يدل على:

A) سل الجهاز التناسلي
B) رضوض الخصية
C) دوالي الحبل المنوي
D) كل ما سبق صحيح",D,D
1296,"الببسين يفكك:

A) الدسم
B) البروتين
C) السكريات
D) الغليسرين",B,B
1297,"الحمض الأميني التالي هو: H-CH-COO وفيه NH3 موجب:

A) الغليسين.
B) البرولين.
C) السيرين.
D) السيستئين.",A,A
1298,"الأسس البورينية:

A) أدينين - غوانين
B) ثايمين - سيتوزين
C) أدينين - ثايمين
D) كل ما سبق خاطئ",A,A
1299,"من التظاهرات السريرية لالتهاب السحايا لدى حديثي الولادة:

A) سوء تغذية ونقص شهية.
B) بكاء مستمر عالي النبرة.
C) ارتفاع الحرارة.
D) كل ما سبق صحيح.",D,D
1300,"روابط الفوسفو دي استر:

A) تتشكل بين النوكليوتيدات المتقابلة على طاقي الدنا
B) تتشكل نتيجة ارتباط زمرة الفوسفات على النهاية 5 من النوكليوتيد التالي مع زمرة الهدروكسيل على النهاية 3 من النوكليوتيد الأول
C) تتشكل نتيجة ارتباط زمرة الهدروكسيل على النهاية 5 من النوكليوتيد الأول مع زمرة فوسفات على النهاية 3 من النوكليوتيد التالي
D) تتكون بشكل رئيسي بين الاسس الازوتية للنوكليوتيدات",B,B
1301,"من الحموض الدهنية المشبعة حمض:

A) الأوليك
B) الستياريك
C) اللينولينيك
D) الأراشيدونيك",B,B
1302,"يزداد عدد الأسطوانات الهيالينية في:

A) التجفاف
B) قصور القلب الاحتقاني
C) الجهد
D) كل ما سبق صحيح",D,D
1303,"كل ما يلي حول التمسخ صحيح ما عدا:

A) عملية قابلة للعكس
B) هو عملية زوال تطوي البروتين وتشوه بنيته الثانوية والثالثية
C) يؤدي لفقدان البروتين لوظيفته الحيوية
D) سببه تفكك الروابط الببتيدية",B,D
1304,"سبب هذه الحالة هو عوز في أنزيم:

A) المالتاز
B) اللاكتاز
C) السكراز
D) الألدولاز",B,B
1305,"من الحموض الدهنية الأساسية حمض:

A) الأوليك
B) الستياريك
C) اللينولينيك
D) البالميتيك",C,C
1306,"في معالجة الحمض النووي الريبي المرسال: mRNA Processing (الخطأ)

A) تتم في النواة والهيولي
B) تحتاج إلى الطاقة ATP
C) حصول تغيير في الأسس مكان الوصل يؤدي حدوث الطفرات
D) تتم إضافة القلنسوة Cap في البداية بالكربون رقم 5",C,A
1307,"الكولاجين ماعدا:

A) يتشكل في الخلايا المولدة للكولاجين
B) كروي
C) الروابط الهيدروجينية مهمة للبنية
D) يحوي على هيدروكسي ليزين وهيدروكسي برولين
E) يتشكل من طليعة الكولاجين",B,B
1308,"متلازمة فرنيكة – كور سأكوف:

A) تحدث عند الرضع
B) من اعراضها فقدان الذاكرة
C) تسبب الساد العيني
D) كل ما سبق خطأ",C,B
1309,"يمكن ان تفاعل جزيئات الاتن مع بعضها تحت ظروف معنية لتشكل البولي اتن (متعدد اتن) ما التعبير الصحيح لوصف جزيئات الاتن في هذا التفاعل:

A) مونوميرات (موحودات)
B) كربوكاتيون
C) نكليوفيلات
D) جذور حرة",A,A
1310,"فحص مجهري للجراثيم سلبي الغرام كل مايلي ما عدا:

A) E. coli
B) سالمونيلا تيفية
C) مكورات عنقودية
D) انواع المتقلبات",C,C
1311,"كل مما يلي حول التهاب الكبد الخاطف صحيح ما عدا:

A) قد لا يحدث ارتفاع في قيم AST – ALT.
B) بدل الارتفاع غير الشديد في البيليروبين على سوء إنذار.
C) يدل استمرار تطاول زمن البروترومبين على سوء الإنذار.
D) يدل تشارك HDHBV على سوء الإنذار.",B,A
1312,"كل مما يلي حول البرقان الولادي العائلي العابر صحيح ما عدا:

A) الارتفاع في البيلروبين غير المقترن.
B) يظهر البرقان في اليوم 3- 5 بعد الولادة.
C) يصل البرقان إلى ذروته في اليوم الثالث بعد الولادة.
D) يختفي اليرقان خلال 2-3 أسابيع بعد الولادة.",C,C
1313,"يستخدم للكشف عن متلازمة داون:

A) FISH
B) CGH
C) Mcb
D) karyotype",D,D
1314,"يرتفع تركيز الكرياتينين عند إصابة الوظيفة الكلوية بنسبة:

A) 0.2
B) 0.35
C) %50 >
D) 0.1",C,C
1315,"كل مما يلي حول التهاب الكبد الفيروسي A صحيح ما عدا:

A) من الحالات تتحول إلى حامل مزمن chronic carrier.
B) يتم الانتقال عن الطريق البرازي النموي.
C) تكون الأعراض والعلامات في أغلب الأحيان معتدلة.
D) مخبرياً يمكن معايرة HAV Ab IgG-IgM.",A,A
1316,"فقد البروتين الشحمي بيتا Abetalipoproteinemia:

A) يتميز بغياب HDL.
B) اضطراب صيفي مرتبط بالجنس X-Linked.
C) قد يسبب موز في الفيتامينات الذوابة في الدهن.
D) قد يسبب فقر دم بعوز الحديد",C,C
1317,"من مثبطات سلسلة نقل الالكترون.

A) .Rotenone
B) Oligomycin.
C) Amobarbital.
D) كل ما سبق صحيح.",D,D
1318,"الوراثة عديدة العوامل هي:

A) وراثة وحيدة الصبغي
B) وراثة عديدة الجينات
C) وراثة مندلية
D) تضافر كل من العوامل الجينية والبيئية",D,D
1319,"صحيح عدا:

A) يتثبط بارتفاع مستويات ال ATP
B) يتفعل بارتفاع مستويات السيترات
C) يتفعل بارتفاع مستويات ال AMP
D) يتفعل بارتفاع مستويات الفركتوز 2_6 ثنائي الفوسفات",C,C
1320,"بروتين الألفا كراتين:

A) يحوي بصورة مميزة على ثمالات البرولين
B) من وظائفه تأمين الوقاية الخارجية للجسم
C) يشكل الوزن الجاف الكلي تقريبا للجلد
D) كل ما سبق صحيح",D,B
1321,"اختر الاجابة الصحيحة:

A) ينتمي كل من الأدنين والسيتوزين الى البورينات
B) ينتمي كل من التيمين والسيتوزين الى البيريميدينات
C) ينتمي كل من الغوانين والتيمين الى البيريميدينات
D) ينتمي كل من الغوانين والسيتوزين الى البورينات",B,B
1322,"في دورة حمض الليمون تعمل مع الانزيمات التمائم التالية ما عدا

A) فوسلوريلاز
B) FAD
C) NAD
D) CoA",B,A
1323,"تشمل مناطق الارتباط على الريباسات ما يلي: (الخطأ)

A) بمنطقة ارتباط RNAm على الوحيدة الصغيرة.
B) منطقة ارتباط رنا مرسال على الوحيدة الكبيرة.
C) T RNA site -Aminoacyl المنطقة.
D) T RNA site - Peptidyl المنطقة P.",B,B
1324,"كل المعلومات المذكورة أدناه عن بوليميراز الرنا للجراثيم E. coli صحيحة عدا:

A) يحوي فعالية تفكيك لطاقي الدنا
B) يحوي فعالية إعادة ربط لطاقي الدنا
C) يحفز إضافة 400 نكليوتيد كل ثانية
D) لا يحتاج لمشرع ليبدأ اصطناع سلسلة الرنا",D,C
1325,"في التهاب الدرق المؤلم Painful Thyroiditis:

A) غالباً ما تنخفض قيم الغلوبيولين الدرقي (Thyroglobulin).
B) غالباً ما ترتفع قيم سرعة التلف ESR.
C) عادة ما تكون أضداد TPO مرتفعة.
D) D كل ما سبق صحيح.",B,B
1326,"التعبر (التعبيرية:)

A) نمط جيني نافذ.
B) يمكن لجين ما رغم انتفاذها أن تعبر عن نفسها بدرجات مختلفة.
C) مجموعة جينات مسؤولة عن ظهور صفة ما قادرة على التعبير عن نفسها في نمط ظاهري.
D) جميع ما ذكر صحيح.",D,D
1327,"يكون الصبغي شاذاً بنيوياً في الحالات التالية: (الخطأ)

A) فقد قسم كبير منه
B) إذا تضاعف جزء صغير منه
C) إذا شكل حلقة
D) فقد كاملاً",D,D
1328,"كل مما يلي حول التهاب الكبد المزمن المستمر صحيح ما عدا :

A) ترتفع ALT، AST عادة إلى 2-5 أضعاف المستوى السوي.
B) الفوسفاتاز القلوية في الحدود السوية أو ترتفع ارتفاعاً معتدلاً.
C) البروتينات والألبومين وزمن البروثرومبين عادة في الحدود السوية.
D) غالباً ما يدخل المريض في حالة السبات Coma.",D,A
1329,"الفلاكتوزيمية:

A) تبدأ بالظهور بعد فطام الطفل عن حليب الأم
B) سببها عوز أنزيم الألدولاز
C) تعالج بإعطاء الحليب
D) كل ما سبق خطأ",D,D
1330,"من تظاهرات المتلازمة السرطاوية Carcinoid syndrome ما عدا:

A) بيغ (إحمرار) الجلد flushing of the skin.
B) ارتفاع مفاجيء لضغط الدم.
C) اسهال مائي.
D) ارتفاع 5-HIAA في البول.",B,B
1331,"من أسباب الاعتلال المعوى المضبع للبروتين Protien-Losing Enteropathy :

A) تشمع الكبد
B) متلازمه النفروز
C) الداء الزلافى
D) كل ما سبق صحيح",D,C
1332,"هرمون يسهم في ضبط تكامل عملية استقلاب الطاقة:

A) الأنسولين
B) الغلوكاكون
C) A&B كل من
D) كل ما سبق خاطئ",C,C
1333,"يشير النمط XXXY إلى: (الخطأ)

A) شذوذ صبغي
B) عددي
C) أنثى
D) خنثوية",C,C
1334,"يتكون التكليوتيد من:

A) حموض امينية
B) tRNA, Mrna
C) اساس ازوتي وسكر ومجموعة فوسفات
D) سيستينين وتريبتوفان",C,C
1335,"كل مما يلي حول التهاب الكبد الفيروسي B صحيح ما عدا :

A) ارتفاع AST + ALT يتناسب مع درجة التخرب الخلوي الكبدي.
B) انخفاض زمن البروثرومبين يتناسب مع درجة الأذية الكبدية.
C) ارتفاع (GGT + Alk) يتناسب مع درجة الركود الصفراوي.
D) يرتفع مستوى البيلروبين خليط من المقترن وغير المقترن).",B,D
1336,"من الاختلاطات المتأخرة لداء السكري:

A) اعتلال الأعصاب السكري
B) إصابة شبكية العين
C) القدم السكرية
D) كل ما سبق صحيح",D,D
1337,"كل مما يلي حول العمر النصفي للبروتينات صحيح ما عدا -

A) الكولاجين – ٢٠٠ ساعة.
B) الأنسولين – ٦,٥ – ٩ دقائق.
C) بروتينات العضلة ١٨٠٠ يوم.
D) البروتينات الناقلة – ثوان قليلة.",C,A
1338,"كل مما يلي حول التهاب الكبد الفيروسي B صحيح ما عدا :

A) فترة الحضانة تستمر من 1-2 شهر.
B) يلاحظ عند 90 من المرضى آلام مفصلية.
C) في بداية المرض قد تظهر أعراض غير نوعية (قهم، غثيان، إقياء).
D) في بداية المرض يكره المريض رائحة السجائر.",D,B
1339,"من العناصر المعدنية النادرة:

A) مغنيزيوم Mg
B) كبريت S
C) كلوران
D) كل ما سبق خاطئ",D,D
1340,"فى اليرقان الانحلالى (قبل الكبدى):

A) يرتفع الخضاب
B) تنخفض الشكيات
C) يرتفع انزيم GT
D) كل ما سبق خطأ",D,D
1341,"الخواص الفيزيائية للسكريات البسيطة واحد فقط مما يلي: (من خارج المقرر)

A) التراكب
B) لا فاعلية ضوئية
C) التماكب
D) غير قابل للإرجاع",B,C
1342,"كل مما يلى حول البرقان الانحلالي الولادي صحيح ما عدا:

A) السبب الأشيع على الإطلاق هو شافر زمر Rh في الوليد.
B) بيدا ظهور البرقان في اليوم الأول بعد الولادة.
C) معدل ارتفاع البيليروبين لا يتجاوز 5ملغ يوميا.
D) لا يكون الارتفاع على حساب البيليروبين غير.",C,C
1343,"في الطفرات المنشئة :Germinal Mutations

A) تنتقل للأبناء.
B) تنتقل للنطاف.
C) تنتقل للبيوض.
D) تصيب الخلايا الجنسية المنشئة.
E) تبقى الخلايا الجسمية عند الأبناء سليمة.",D,A
1344,"كل مما يلي حول التهاب الكبد الفيروسي B صحيح ما عدا:

A) 5-10 من الحالات تتحول إلى حامل مزمن chronic carrier.
B) 50 من الحالات تتحول إلى التهاب كبد مزمن مستمر.
C) نسبة قليلة من المرضى يحدث لديهم سرطانه كيد.
D) من الحالات تتحول إلى التهاب كيد مزمن فعال.",B,D
1345,"في عملية الترجمة: translation: (الخطأ)

A) تحدث مع الانتساخ بنفس الوقت عند طلائعيات النوى
B) يحتوي الرنا المرسال على 60 نيكليوتيد
C) تكون الروابط بين الرنا المرسال والحموض الأمينية تكافؤية
D) يتفعل الرنا المرسال عندما يرتبط بالحمض الأميني",A,B
1346,"كل مما يلي من صفات بروتين الكولاجين ما عدا:

A) يكثر في بيئته وجود الأرجنتين.
B) يتحمل قوة شد كبيرة جدا.
C) ذو بنية حلزونية ثلاثية تشبه الحبل.
D) يشكل حوالي ثلث كتلة البروتين الإجمالية في الجسم.",A,A
1347,"وظائف فيتامين A كل ما يلي عدا:

A) البصر
B) النمو
C) بناء الظهاريات
D) تخثر الدم",C,D
1348,"كل مما يلي حول العمر النصفي للبروتينات صحيح ما عدا -

A) الكولاجين -- ٢٠٠ ساعة.
B) الأنسولين -- ٦,٥ -- ٩ دقائق.
C) بروتينات العضلة ١٨٠٠ يوم.
D) البروتينات الناقلة -- ثوان قليلة.",C,A
1349,"كل ما يلي حول فيتامين E صحيح ما عدا:

A) يعتبر عاملا طبيبا مضادا للأكسدة
B) هو القل سمية بين كل الفيتامينات المخلة بالدسم
C) يفصح بإعطائه دوائيا كوقاية من المراض
D) يسبب عوزه ازدياد هشاشيه الكريات الحمراء",B,C
1350,"كل ما سبق صحيح ما عدا:

A) في الوسط الحمضي تصبح شحنة الحموض الأمينية موجبة
B) في الوسط القلوي يعطي الحمض الأميني بروتون
C) في الوسط الحمضي يتقبل الحمض الأميني بروتون
D) في",B,D
1351,"عوز إنزيم البيروفات كيناز يسبب:

A) فقر دم انحلالي
B) قصور قلب
C) فقر دم بنقص الحديد
D) قصور كلية",A,A
1352,"في سببيات متلازمة تيرنر: الخطأ

A) 45, X.
B) 45,X/46,XX.
C) 46,X,dup(X)(p23).
D) 46,X,del(X)(p11).
E) 46,X,r(X).",B,A
1353,"خلال أكسدة السوكسينات إلى فومارات يتشكل:

A) GTP
B) FADH2
C) ATP
D) NADH",B,B
1354,"يمكن ان يتفاعل الكلور مع البروبان في ضوء الشمس لانتاج-1 كلورو بروبان ماذا ندعو هذه الالية:

A) إضافة نكليوفيلية
B) استبدال الجذور الحرة
C) اضفة الكتروفيلية
D) استبدال الكتروفيلي",B,B
1355,"عملية تشكيل عديدات الببتيد من سلاسل رنا ناضج هي:

A) Transcription
B) Translation
C) Gene Expression
D) Reverse Transcription",B,B
1356,"اسطوانات منحنية، تكون سهلة التمييز المحتواها الكاسر للضوء:

A) هيالينية
B) شمعية
C) حبيبية
D) دهنية",B,B
1357,"يطلق على الأنزيم المسؤول عن وظيفة تنسخ الدنا:

A) Primase
B) DNA pol I
C) DNA pol II
D) DNA pol III",D,D
1358,"في DNA المتقدرات: (الخطأ)

A) يكون حلقيا
B) مصدره أموي
C) يشكل 15% من الدنا الكلي
D) يحوي مورثات ذات تعبير مورثي",B,C
1359,"من الحموض الأمينية (المشحونة سلبا):

A) أرجنين
B) اسباريتك
C) ألانين
D) غليسين",B,B
1360,"كل مما يلي حول التهاب الكبد الخاطف صحيح ما عدا:

A) يحدث غالبا خلال 18 أسابيع من الإصابة بالتهاب الكبد الحاد.
B) أهم الملامح السريرية هو دخول المريض في اعتلال دماغي.
C) البقيا على قيد الحياة عند حدوث السبات Coma، أقل من ٧٠%.
D) يحدث عادة قصور كلوي مرافق لتخرب الخلايا الكبدية.",D,A
1361,"ما هي الزاوية التقريبة للرابطة في جزيء الإيثين:

A) 90
B) 109.5
C) 120
D) 180",C,C
1362,"عوز فيتامين البيوتين:

A) سببه تناول الذرة بكميات كبيرة.
B) من أعراضه الشعرانية.
C) من أعراضه التهاب اللسان.
D) من أعراضه التخلف العقلي.",C,D
1363,"من مفرزات الصفراء:

A) تناول أطعمة تحتوي على الكريما.
B) هرمون كولي سيتوكينين.
C) الأملاح الصفراوية.
D) تناول أطعمة تحتوي على صفار البيض.",C,C
1364,"تساهم في المحافظة على ثباتية البنية الثالثية:

A) الروابط الهيدروجينية.
B) الروابط ثنائية الكبريت.
C) التفاعلات الكارهة للماء.
D) كل ما سبق صحيح.",D,D
1365,"تتضمن تقانات المتعضيات المحمورة تتضمن وراثيا: GMOS

A) إقصاء الجين Gene knock out
B) إضافة الجين Gene knock in
C) دمج تقانتي الإقصاء والإضافة للجين
D) جميع ما سبق صحيح",D,D
1366,"شجرة وراثية لخلة متنحية جسدية فيها الأبوين مصابين تتميز ب:

A) لا يظهر مطلقاً على الأبناء بسبب التنحي
B) كل الأبناء مصابين
C) سيطرة الذكور المصابين
D) يظهر الاضطراب على طراز أفقي في الشجرة",B,B
1367,"فى النفاخ الرئوى emphysema كل ما يلى صحيح ما عدا:

A) البروتين الفا 1 انتى تربيسينيثبط فعاليه الإلاستاز
B) يتخرب بروتين الإلاستينفى الجدار السنخية للرئتين
C) السبب عوز وراثى فى البروتين الفا 1 انتى تريبسين
D) ترتفع الموجه a1 غلوبيولين",C,D
1368,"ارتفاع قيمة إنزيم كرياتين كيناز في المصل تشير الي:

A) إصابة قلبية أو عضلية
B) إصابة دماغية
C) إصابة كبدية
D) كل ما سبق صحيح",A,A
1369,"سم النواتج المتشكلة عند تفاعل معدن الصوديوم مع الاتانول؟

A) اوكسيد الصوديوم وهيدروجين
B) أوكسيد الصوديوم وايتلن
C) هدروكسيد الصوديوم وايتلن
D) ميتوكسيد الصوديوم والماء",C,A
1370,"في أنزيم RNA Polymerase :

A) يشكل الروابط التكافؤية الإستيرية.
B) يتألف من عدة وحيدات subunit.
C) يرتبط مع المحضض.
D) يركب ال RNA من الاتجاه 3 إلى5.
E) لا يحتاج إلى بادي (مشرع ).",B,A
1371,"النطفة عديمة الصبغي nullsomic : الخطأ

A) عدد الصبغيات فيها 0.
B) تنجم عن ظاهرة عدم الإنفصال.
C) يمكن للإنسان الطبيعي أن يحوي عدداً منها.
D) تفسر حصول إجهاض عفوي.
E) يكون النمط النووي في دم حاملها طبيعياً.",A,C
1372,"في جزيء DNA النكليوتيد :

A) يمكن أنيرتبط به أكثر من مجموعة فوسفات واحدة.
B) يرتبط الأساس الازوتي بالكربون رقم 1.
C) ترتبط مجموعة الفوسفات بالكربون رقم رقم 5.
D) يكون نقص الأكسجين في الكربون رقم 2.
E) يكون نقص الأكسجين في الكربون رقم 3.",C,A
1373,"الزمرة الوظيفية للألدهيدات هي:

A) CHO
B) -CO-
C) COOH
D) COOC",A,A
1374,"فيتامين البيوتين:

A) يعتبر حامل عابر لزوج من ذرات الهيدروجين
B) يصنع من قبل الجراثيم المعوية
C) له دور أساسي في تفاعلات تحلل السكر
D) سبب عوز هو تناول السمك النئ",B,B
1375,"حالة عدم تحمل اللاكتوز:

A) قد تسبب تخلف عقلي لدى المصاب
B) من أسبابها الإسهالات الشديدة
C) سببها عوز انزيم غالاكتوز -1- فوسفات يوريديل ترانسفراز
D) تظهر عند الرضع فقط",D,B
1376,"الخواص العامة للإنزيمات ما يلي عدا:

A) تأثيرها النوعي
B) التثبيط
C) تثبيط تنافسي
D) لا شيء مما سبق",D,D
1377,"يتفعل إنزيم Citrate Synthase تفارغياً بـ:

A) ADP
B) ATP
C) NADH
D) Succinyle-CoA",B,A
1378,"الدور الحيوي للتمائم (FAD-FMN) هو:

A) حامل عابر للزمرة الأمينية
B) حامل عابر الزوج من ذرات الهيدروجين
C) حامل عابر الزمرة الكربوكسيل
D) كل ما سبق خطأ",B,B
1379,"سبب حالة -- بيلة الفركتوز الاساسية -- هو عوز الزيم:

A) الدولاز B.
B) هكسوكيناز.
C) فوسفوفركتوايزوميراز.
D) كل ما سبق خطأ.",D,D
1380,"دور الأللولاكتوز في مشغل اللاكتوز:

A) Repressor.
B) Co-Repressor.
C) Inducer.
D) Activator.",C,C
1381,"كل ما يلي حول استقصاءات التهاب الكبد بالنمط A صحيح ما عدا :

A) تقاس الأضداد فقط (Anti HAV) ولا تقاس المستضدات.
B) وجود IgG فقط يدل على إصابة حديثة.
C) قد تبقى الأضداد في المصل مدداً قد تتراوح بين عدة أشهر إلى سنة.
D) لا توجد سلبية كاذبة، ولكن قد توجد أحياناً إيجابية كاذبة.",B,B
1382,"كل ما يلي حول فيتامين K صحيح ما عدا:

A) يمتص بالأعياء بوجود الأملاح الصفراوية والدسم
B) يتظاهر عوزه عند حديثي الولادة بالمتلازمة
C) قد يحدث عوزه بسبب المعالجة المديدة بالمضادات
D) الاحتياج اليومي فيه 200 غرام يوميا",D,D
1383,"داء الخضاب c:

A) يسبب الوفاة بعمر ١٥-٢٥ سنة
B) يعالج بنقل الدم المتكرر
C) سببه تراكم الخضاب F
D) كل ما سبق خطأ",D,D
1384,"كل ما يلي يسبب طفرة انزياح الإطار ماعدا:

A) إضافة نكليوتيد
B) استبدال نكليوتيد واحد
C) حذف نكليوتيد
D) إضافة أو حذف أكثر من نكليوتيد واحد",B,B
1385,"يزداد معدل حدوث التوءمة ثنائية الزايغوت:

A) زيادة عدد حالات الاجهاض التلقائي لدى الاناث
B) قصة حدوث توءمة في العائلة
C) تترافق مع النساء قصيرات القامة
D) صغر عمر الام",B,B
1386,"في تفاعل البلمرة المتسلسل: (Polymer Chain Reaction (PCR (الخطأ)

A) يستخدم لإكثار المورثات المرغوبة
B) يجري داخل الخلايا الحية In - Vivo
C) يحتاج إلى نوكليوتيدات
D) يحتاج إلى بادنات (مشرعات Primers)",C,B
1387,"تشاهد زيادتها في التهاب كبب وكلية حاد مترافق مع أذية أنبوبية:

A) الظهارية المتوسفة
B) الظهارية الانتقالية
C) الظهارية الأنبوبية الكلوية
D) الظهارية في الأنابيب الجامعة",C,D
1388,"الفلوكيناز ماعدا:

A) يؤثر في باقي السكاكر السداسية
B) غالبا ينعدم في الداء السكري
C) يوجد في الكبد
D) ال Vmax عالية",B,A
1389,"كل ما يلي حول أكسدة الحموض الدسمة ما عدا:

A) تتم في المتقدرة
B) تعرف باسم أكسدة بيتا B-oxidation
C) ينتج عنه Acetyl-CoA
D) ينتج عن أكسدة كل حمض دسم ٣ جزيئات ATP",D,D
1390,"السكاكر الألدوزية ماعدا:

A) الأسيتون
B) غليسير ألدهيد
C) الريبوز
D) الفلوكوز",C,A
1391,"ترتفع المعتدلات في CSF في الحالات التالية:

A) بعد نزوف الجهاز العصبي المركزي.
B) بعد الاحتشاءان الدماغية.
C) كل ما سبق صحيح.
D) غلوكوز السائل الدماغي الشوكي:",C,B
1392,"في أي الحالات الآتية يحصل ارتفاع الموجة الألفا 1 والألفا2:

A) تشمع الكبد
B) الحالات الالتهابية الحادة
C) الحالات الالتهابية المزمنة
D) متلازمة نفروز",B,B
1393,"من بروتينات التخثر:

A) الهيموغلوبين
B) الفريتين
C) الألبومين
D) مولد الليفين",D,D
1394,"غياب الفركتوز في السائل المنوي يكون في حال:

A) انسداد الأنابيب المنوية
B) غياب التستوسترون
C) سوء تصنع في الحويصلين المنويين
D) كل ما سبق صحيح",D,D
1395,"تكون الخطوة الأخيرة في طور بدء الترجمة في حقيقيات النوى بتشكيل الريبوزوم الكامل الذي يبلغ حجمه:

A) 60 S
B) 50 S
C) 70 S
D) 80 S",D,D
1396,"يعتبر كل مما يلى حول الحديد صحيح ما عدا:

A) يوحد الحديد بشكل رئيسى فى اللحوم
B) وظيفه الفيريتين فى تخزسن الحديد
C) فى الحاله السويه تمتص الامعاء حوالى 100 ملغ حديد يومياً
D) ان الوظيفه الاساسيه للحديد هى تشكيل الخضاب",C,C
1397,"من اعراض فرط الكالسيوم:

A) الالم البطنى
B) الشلل العضلى
C) التخليط الذهنى
D) كل ما سبق صحيح",D,D
1398,"الأكسيتوسين Oxytocin:

A) يتألف من ٢٠ حمض أميني.
B) تفرزه النخامي الأمامية.
C) ينبه تقلصات الرحم.
D) كل ما سبق صحيح.",C,C
1399,"نادرا ما يكون ارتباط الجين كاملا بسبب:

A) حادثة التعابر بين شقي الصبغي اللامتأخيين من خلال الانقسام الانتصافي.
B) حادثة التعابر بين صبغيات غير متقابلة خلال الانقسام المباشر.
C) حادثة التعابر بين شقي الصبغيين المتأخيين خلال الانقسام الانتصافي.
D) حادثة التعابر والارتباط بين شقي صبغيات الجنس.",C,A
1400,"التحاليل الاساسية للسائل المنوي:

A) عد النطاف
B) تحديد اللون
C) PH قياس
D) كل ما سبق صحيح",D,D
1401,"يعبر مصطلح الهيولى المتغايرة عن الخلايا التي تحوي على:

A) متقدرات سليمة وطافرة
B) متقدرات طافرة
C) متقدرات سليمة
D) كل ما سبق خطا",B,A
1402,"هرمون Cholecystokinin:

A) يعمل على الحويصل الصفراوي (مسببا تحرير الصفراء).
B) يفرز من البنكرياس.
C) يفرز استجابة لانخفاض الكيموس الداخل للأمعاء.
D) يزيد الحركية المعنية يسرع تحرير محتويات المعدة للأمعاء.",A,A
1403,"سم الاستر المتشكل عندما يتفاعل الميتانول مع حمض البوتانوئيك بوجود بضع قطرات من حمض الكبريت المركز:

A) ميتانوات البوتيل
B) بوتانوات الميتيل
C) 2-بوتانوات الميتيل البروبيل
D) 2- ميتانوات الميتيل البروبيل",B,B
1404,"سبب هذه الحالة هو عوز في إنزيم:

A) المالتاز
B) اللاكتاز
C) السكراز
D) الألدولاز",B,B
1405,"التمسخ:

A) عملية غير قابلة للعكس
B) هو تخرب البنية الأولية للبروتين
C) يؤدي لفقدان البروتين وظيفته الحيوية
D) كل ما سبق خطأ",D,C
1406,"من الأدوية التي قد تسبب ركود صفراوي Cholestasis ما عدا :

A) كلوربرومازين.
B) مانعات الحمل الفموية.
C) باراسيتامول.
D) مثيل تستوستيرون.",C,D
1407,"من الأخطاء والعثرات التي تعترض الاستنصاح الوراثي عدا:

A) التشخيص الخاطئ
B) التشوهات البنيوية
C) عدم النفاذ
D) التغاير الجيني الوراثي",B,B
1408,"الذي أكد لنا تشخيص حالة هذا المريض 100% هو:

A) انخفاض قيمة خضاب الدم لديه
B) ارتفاع البيليروبين غير المتقرن
C) وجود النوب الألمية المتكررة
D) الرحلان الكهربائي ووجود الخضاب S",D,D
1409,"تشمل معالجة معاجلة الحمض النووي الريبي المرسال mRNA Processing :

A) إغلاق نهايته بذيل Tail من Polyadenosine.
B) لصق الاكسونات.
C) إغلاق بدايته بقلنسوة cap من .Methylcytosine
D) إزالة الانترونات.
E) تتم اضافة الذيل بوساطة Poly A Factors.",E,A
1410,"من الأضداد التي تطلب لتشخيص التهاب الكبد بالنمط B ما عدا :

A) HBs Ab .
B) HBc- Ab .
C) HBc Ab .
D) HBe Ab .",C,B
1411,"عوز فيتامين الريبوفلافين:

A) يسبب يرقان
B) يسبب فقر دم انحلالي
C) يشاهد عند الكحوليين المزمنين
D) من أعراضه الإمساك",C,C
1412,"يقوم دواء Orlistat بشبيط:

A) الليباز اللساني والبنكرياس
B) الليباز اللساني والمعدي
C) الليباز البنكرياسي والمعدي
D) كل ما سبق خطأ",A,C
1413,"ترتفع المعتدلات في CSF في الحالات التالية:

A) بعد النوبات الصرعية.
B) بعد نزوف الجهاز العصبي المركزي.
C) بعد الاحتشاءان الدماغية.
D) كل ما سبق صحيح.",D,B
1414,"يمكنها امتصاص الأشعة فوق البنفسجية ما عدا:

A) تربتوفان
B) الانين
C) تیروزین
D) هستیدین",D,B
1415,"مثل ما يلي حول Classic phenylketonuria صحيح ما عدا .

A) سببها عوز إنزيم (تيروزين هيدروكسيلان).
B) قد تسبب تراجع عقلي.
C) قد تسبب إقياء معند.
D) تستجيب للعلاج باستخدام الحمية الغذائية.",A,A
1416,"لدي قياس تركيز شوارد الكالسيوم كانت النتيجة هي 1 ميلي مكافئ التير، هذا يعني أن تركيز شوارد الكالسيوم يساوي:

A) 20 ميلي مول التر.
B) 8 ميلي مول التر.
C) 2 ميلي مول التر.
D) 1.4 ميلي مول التر.",A,C
1417,"الغليكوجين ماعدا:

A) يشبه بينية الأميلوبكتين
B) هو عديد سكاريد ادخاري
C) كافة الروابط ألفا 1-4
D) الأميلاز يحطم الغليكوجين
E) هو سكر ادخاري رئيسي عند الحيوانات",C,C
1418,"من الحموض الأمينية العطرية:

A) اسباراجين.
B) فنيل الانين.
C) سيرين.
D) ميثايونين.",B,B
1419,"ما يلي حول التهاب الكبد المزمن المترقي الفعال صحيح ما عدا:

A) ترتفع ناقلات الأمين )AL.AS100) ضعف القيمة المئوية.
B) ارتفاع الفوسفاتاز القلوية (بدرجات متفاوتة).
C) قد يحدث لدى المرضى رعاف Epistaxis وخدمات وبرقان منطوم.
D) يوجد غالباً مظاهر فرط نشاط الطحال.",D,A
1420,"تزداد حركه الحيوانات المنويه:

A) فى الوسط القلوى
B) عند انخفاض درجه الحراره
C) عند وضعها فى الماء المقطر
D) كل ما سبق خطأ",A,A
1421,"اي من تسلسلات الدنا التالية تعتبر مكملة للتسلسل ATGCATGA

A) TACGTACT
B) UACGUACC
C) CATAGTAA
D) TATUAUAG",A,A
1422,"كل مما يلي حول التهاب الكبد الفيروسي C صحيح ما عدا:

A) لا يتحول هذا النوع إلى تشمع الكبد.
B) الاختبار القوس الدال على الأصلية الحديث هو HCV AS.
C) تظهر Anti HCV Ab في المرحلة المزمنة.
D) علم العدوى في معظم الحالات عن طريق نقل الدم.",A,A
1423,"واحد فقط مما يلي هو بروتين:

A) الأنسولين
B) الميوغلوبين
C) الجلوكاجون
D) الكيروسين",A,B
1424,"كل مما يلي حول عوز فيتامين النياسين صحيح ما عدا:

A) من أعراضه الاسهال.
B) يشاهد عند الشعوب التي تعتمد في غذائها على الذرة.
C) لا يحتاج للعلاج عادة.
D) يحدث عند المصابين بمرض هارتنوب Hartnup.s.",C,C
1425,"كل ما يتعلق بالغلوكوز صحيح عدا:

A) سكريات أحادية
B) سكريات الدوزية
C) يحوي زمرة الدهيدية وأخرى كيتونية
D) يحتوي على زمرة الدهيدية",B,C
1426,"ما يلي حول اصطناع الأجسام الكيتونية صحيح ما عدا:

A) يحدث في Matrix المتقدرة.
B) يحدث بشكل رئيسي في الدماغ.
C) يحدث بكثرة لدى مرضى الداء السكري.
D) يحدث بكثرة خلال الحمل Pregnancy.",B,B
1427,"كل ما يلي حول الميوغلوبين صحيح ما عدا:

A) يوجد في الكلية والدماغ
B) يتألف من سلسلة ببتيدية وحيدة مؤلفة من 153 حمض أميني
C) أهم ما يميز بنيته هو وجود جيب خاص يتسع تماما لجزيء الهيم
D) يعتبر خازن للأكسجين يحتفظ به ليقدمه أثناء عمليات الأكسدة",B,A
1428,"يمكن تحويل الايتلن الي الايتانول في العمليات الصناعية بالإضافة لغاز الايتلن ,أي من المواد التالية تلزم لانتاج الايتانول في الصناعة:

A) الهيدروجين
B) البخار
C) حمض الفوسفور
D) B+C",D,D
1429,"من الأمراض الساندة المرتبطة بالاكس: الصواب

A) التالاسيميا.
B) الفوال.
C) مارفان.
D) سلس الصباغ.
E) التليف الكيسي.",A,C
1430,"في اي من الاغوال التالية سيبقي لون من ثنائي كرومات البوتاسيومVI المحمض برتقاليا عند التخسين؟

A) 2-ميتل البروبان -2-ول
B) البروبان2-ول
C) البروبان -1-ول
D) 2- ميتل البنتان -3-ول",B,A
1431,"ترتفع موجه B غلوبيولين فى الحالات التاليه ما عدا:

A) البرفان الانحلالى
B) فقر الدم بعوز الحديد
C) تناذر النفروز
D) زياده البروتينات الشحميه",B,A
1432,"C2H5OH+PCL5 يعطي التفاعل

A) 3C2H5CL + H3PO3
B) C2H5CL + HCL+ POCL3
C) C2H5CL
D) C2H5CL + HCL",B,B
1433,"في حالة homocystinuria:

A) يتراكم السيستئين.
B) قد يحدث تخلف عقلي.
C) لا تسبب تخلف عقلي عادة.
D) تعالج بإعطاء جرعات عالية من فيتامين E.",B,B
1434,"الكروماتين الحقيقي:

A) يكون الدنا مرزوم بشدة.
B) لا يمكن انتساخ جيناته.
C) يحوي جينات فعالة انتساخيا.
D) Closed.",C,C
1435,"من الحموض الأمينية المعوضة:

A) ليوسين
B) إيزو ليوسين
C) فنيل ألانين
D) غلوتامين",B,D
1436,"الضوء المستقطب:

A) يهتز في الاتجاهات كافة
B) هو عبارة عن حقلين مغناطيسي و كهربائي متعامدان
C) عند مرور ضوء مستقطب في مصاوغين ضوئيين سيدوران الضوء باتجاهان متعاكسان
D) الضوء العادي مستقطب",D,C
1437,"تحدث الوفاة لدى مرض التلاسيميا بسبب:

A) انحلال الدم
B) تراكم الخضاب الجيني
C) تراكم الحديد
D) الندب الألمية الشديدة والمتكررة",C,C
1438,"مورثات الزمر الدموية من نمط المورثات:

A) المتعددة المتقابلة.
B) الكمية.
C) المرتبطة بالجنس.
D) المتنحية.",A,A
1439,"العدد الدوراني أو رقم الانقلاب turnover number للإنزيمات هو:

A) كمية الطاقة اللازمة لجر مول من المادة الى قمة الحائل الطاقي
B) كمية الإنزيم التي تحول 1 ميكرومول من الركيزة خلال دقيقة
C) عدد الوحدات الإنزيمية في كل ميلليغرام واحد من البروتين
D) كل ما سبق خطأ",D,D
1440,"الفيتامينات الذوابة في الدهن:

A) عددها تسعة
B) لا يستطيع الجسم تخزينها
C) قد تسبب السمية عند تناولها بكميات كبيرة
D) كل ما سبق خطأ",C,C
1441,"من الانزيمات الخلوية الخاصة ببعض الاعضاء:

A) الفوسفاتاز القلوية
B) ALT
C) الفوسفاتاز الحامضية
D) LDH",C,C
1442,"الروابط المتشكلة في الدنا: (الخطأ)

A) تكافؤية بين السكر الخماسي والأساس الأزوتي.
B) هيدروجينية ثنائية بين الأدنين والتيامين.
C) هيدروجينية ثلاثية بين الأدنين والتيامين.
D) تكافؤية بين السكر الخماسي ومجموعة الفوسفات.",C,C
1443,"الحمض الأميني التالي هو: cH2-cH-coo-NH3+

A) مثيل ألانين
B) اسباراجين
C) تربتوفات
D) السيستين",A,C
1444,"المنطقة (-20.-40) من المحضض تحوي:

A) Cat Box
B) TATA BOX
C) TEAMCG Box
D) Octamer Box",B,B
1445,"الصيغة الصبغية لأنثى Edward syndrome هي:

A) XXY+44
B) XXY+45
C) XY+45
D) XX +45",D,D
1446,"من الحموض الأمينية الهيدروكسيلية:

A) اسباراجين
B) فينيل ألانين
C) سيرين
D) ميثيونين",C,C
1447,"كل مما يلي حول الكبد صحيح ما عدا :

A) تشكل الخلايا البرانشيمية (المتنية) حوالي ٦٠٪ من وزن الكبد.
B) يمر حوالي ۱۵۰۰ مل من الدم عبر الكبد في الدقيقة.
C) ٢٥ من التروية الدموية تصل للكبد عبر الوريد البابي.
D) حجم الفص الأيمن // أضعاف حجم الفص الأيسر.",D,A
1448,"في الخلال المتنحية المرتبطة بالصبغي: X (الخطأ)

A) لا تنتقل الإصابة من الذكر المصاب إلى ابنه.
B) بنات الذكر المصاب مصابات.
C) لا تشكو الأنثى متغايرة الألائل من أعراض.
D) هناك سيطرة للذكور المصابين.",A,B
1449,"يؤدي حدوث عدم الافتراق بين الصبغيات الجنسية في Meiosis 1 عند المرأة تشكل انماط الاعراس

A) XX,0
B) X ,0
C) XX, X,0
D) X, XXX",A,A
1450,"يعالج داء السكري النمط الثاني ب:

A) تناول خافضات سكر فموية
B) حقن الأنسولين
C) وقف الأدوية
D) كل ما سبق صحيح",D,A
1451,"تتعلق الكثافة النوعية للبول ب؟

A) كمية السوائل المتناولة
B) الجهد الفيزيائي
C) الأول والثاني
D) كل ما سبق خاطئ",C,C
1452,"قد يسبب عوز انزيم غالاكتوكيناز لدى حديث الولادة:

A) ساد عيني
B) تخلف عقلي
C) قصور كبد
D) الوفاة",B,A
1453,"في فرط الدرقية المحرض باليود:

A) غالباً ما تكون الزيادة في 14 دون زيادة واضحة في (73).
B) قبط اليود المشع RAIU مرتفع جداً.
C) تسمى أحياناً De Quervain's thyroiditis.
D) كل ما سبق صحيح.",A,A
1454,"الكروماتين المغاير موجود في الصبغيات:

A) 1
B) 10
C) 2
D) 18",C,A
1455,"الناحية الخاصة بالذكر في الصبغي: الخطأ

A) تشكل معظم الصبغي.
B) تحوي 168 جين.
C) معظمها خاصة بالذكر.
D) ليس لها مماثل على الاكس.
E) يحصل عليها تعابر.",C,A
1456,"يسبب عوز انزيم الليبوبروتين ليباز LPL الي زيادة في:

A) البروتين الشحمي LDL
B) البروتين الشحمي HDL
C) الدقائق الكيلوسية CH
D) البروتين الشحمي VLDL",C,C
1457,". كل ما يلي حول استقصاءات التهاب الكبد بالنمط A صحيح ما عدا :

A) تقاس الأضداد فقط (Anti HAV) ولا تقاس المستضدات.
B) قد تبقى الأضداد في المصل مدداً قد تتراوح بين عدة أشهر إلى سنة.
C) وجود IgG فقط يدل على إصابة حديثة.
D) لا توجد سلبية كاذبة، ولكن قد توجد أحياناً إيجابية كاذبة.",C,A
1458,"جميع الروامز الوراثية التالية هي روامز توقف باستثناء:

A) UAG
B) AUC
C) UGA
D) UAA",B,B
1459,"المركب في الاسفل يدعي:

A) حلقي الهسكان
B) البنزن
C) ميتل اريل
D) هالوجين",B,B
1460,"يؤدي التأخر في فصل البلازما أو المصل من الكريات إلى نقص:

A) الكولسترول.
B) حمض البول.
C) البوتاسيوم.
D) الغلوكوز.",C,D
1461,"من التشوهات الصبغية العددية ماعدا:

A) متلازمة تيرنر
B) متلازمة مواء القطة
C) متلازمة كلينفلتر
D) متلازمة إدوارد",D,B
1462,"إنزيم الدولاز يحفز تفاعل تحول:

A) الفركتوز إلى فركتوز 1 فوسفات
B) الغلوكوز 6 فوسفات إلى غلوكوز ١-٦ فوسفات.
C) غليسر الدهيد الى ثنائي هيدروكسي أسيتون.
D) كل ما سبق خطأ.",D,D
1463,"الزيوت النباتية تحوي:

A) حموض دسمة مشبعة
B) حموض دسمة غير مشبعة
C) حموض دسمة مشبعة وغير مشبعة
D) حموض دسمة غير صلبة",C,B
1464,"دورة كريبس:

A) توجد جميع إنزيماتها في المتقدرات
B) سبيل استقلاب لاهوائي
C) لا تحتاج تفاعلاتها لوجود التمائم
D) كل ما سبق خطأ",D,A
1465,"يعزى الشعر الاشقر عند بعض سكان جزر: Solomon الى

A) تغير في شفع أساس واحد في أحد الجينات
B) تغير كامل سلسلة الدنا
C) عوامل بيئية
D) لا شيء مما ذكر صحيح",A,A
1466,"كل ما يلي صحيح عن مصطلحات المجين المتقدري ماعدا:

A) الاختناق الجيني
B) حمل الطفرة النووي
C) الهيولي المثلية
D) الهيولي المغايرة",D,B
1467,"الأكسيتوسين :Oxytocin

A) يتألف من ٢٠ حمض أميني.
B) تفرزه النخامي الأمامية.
C) ينبه تقلصات الرحم.
D) كل ما سبق صحيح.",C,C
1468,"كل ما يلي حول عملية اصطناع البولة صحيح ماعدا:

A) تحتاج إلى زمرتين امينيتين
B) تحدث في الكبد
C) الفائدة منها هي إزالة سمية الأمونيا
D) عند شطر الأرجينو سوكسينات ينتج السوكسينات والأرجنين",B,D
1469,"حمل الطفرة المتقدري هو:

A) معدل الدنا المتقدري الطافر الى معدل الدنا المتقدري الطبيعي
B) معدل الدنا المتقدري الطبيعي الى معدل الدنا المتقدري الطافر
C) نسبة الخلايا الحاوية على متقدرات فيها المجين نفسه
D) جميع ماذكر خطأ",C,A
1470,"في قصور الدرقية الثانوي تشاهد الموجودات المخبرية التالية ما عدا:

A) 4 T مرتفع.
B) TSH منخفض جداً لدرجات غير قابلة للكشف.
C) الكوليسترول منخفض.
D) قد يوجد نقص في هرمون ACTH.",B,A
1471,"في الرامز الوراثي Genetic Codon (الخطأ)

A) هو عبارة عن تتالي ثلاثة نيكليوتيدات.
B) يوجد 64 احتمال مختلف للروامز.
C) يمكن أين يرمز الرامز لأكثر من حمض أميني.
D) يمكن أن يكون لكل حمض أميني أكثر من رامز.",D,C
1472,"تمتلك الوحيدة الصغيرة لريباسة الجرثومة E. coli على جزيء رنا ريباسي:

A) 5 S
B) 16 S
C) 18 S
D) 23 S",B,B
1473,"التشابه الملاحظ إذا ما وجد بين الشخص المتبنى والعائلة المتبنية مرده الى:

A) العوامل الجينية
B) العوامل المورفولوجية
C) العوامل البينية
D) جميع ما ذكر صحيح",D,C
1474,"كل ما يلي صحيح عن الانترونات ما عدا:

A) غير مرمزة
B) تشكل 50% من الرنا المرسال الناضج
C) غير فعالة انتساخيا
D) ليس لها وظيفة محددة بدقة",B,B
1475,"كل عما يلي حول التهاب السعيد الخاطف صحيح ما عدا:

A) يحدث غالبا خلال 3 أسابيع من الإصابة بالتهاب الكبد الحاد.
B) لهم الملامح السريرية هو دخول المريض في احتلال دماغي.
C) احتمال البقاء على قيد الحياة عند حدوث السبات Come أقل من 20%.
D) يحدث عادة قصور كلوي مرافق لتخرب الخلايا الكبدية.",D,A
1476,"النكليوتيد الذى يصنع اولا (النيكلوتيد البيرونى الاصل) :

A) AMP
B) GMP
C) CMP
D) كل ما سبق خطأ",D,D
1477,"دام Von Gierke's:

A) سببه عوز الزيم غلوكوكيناز.
B) تتأثر المضلات بشكل رئيسي بهذا المرضي.
C) يسبب حالة شديدة من فرط سكر الدم الصيامي.
D) يسبب ضخامة عيدية.",A,D
1478,"النسبة المقبولة للأشكال الشاذة إلى مجموع النطاف هي:

A) 0.2
B) 0.3
C) 0.4
D) 0.5",B,B
1479,"في تفاعل البلمرة المتسلسل: (Polymer Chain Reaction (PCR (الخطأ)

A) تتفكك الروابط الهيدروجينية عند رفع درجة الحرارة إلى 95
B) ترتبط البادئات Primers في مكانها عند درجة الحرارة إلى 65
C) يبدأ طور الإطالة Extension عند رفع درجة الحرارة إلى 72
D) لا يوجد ضرورة لإزالة البادئات",D,B
1480,"كل مما يلي حول اليرقان الانحلالي الولادي صحيح ما عدا:

A) السبب الأشيع على الإطلاق هو تنافر زمر Rh في الوليد.
B) يبدأ ظهور البرقان في اليوم الأول بعد الولادة.
C) معدل ارتفاع البيليروبين لا يتجاوز 5 ملغ يومياً.
D) يكون الارتفاع على حساب البيليروبين غير المقترن.",C,B
1481,"تنقص السعة الإجمالية الرابطة للحديد:

A) المتلازمة الكلائية
B) تشمع الكبد
C) A&B كل من
D) حالات عوز الحديد المزمنة",C,C
1482,"يتفاعل محلول فهلنغ ( محلول قلةي يدويCu2+) مع:

A) الالدهيدات
B) الحموض الكربوكسيلية
C) الاغوال
D) الكيتونات",C,A
1483,"في الخلال المتنحية المرتبطة بالصبغي : الخطأ

A) لا تنتقل الاصابة من الذكر المصاب لابنه.
B) بنات الذكر المصاب مصابات.
C) لا تشكو الانثى متغايرة التلائل من أعراض.
D) هناك سيطرة للذكور المصابين.
E) لا يؤثر تعطيل احدى الاكسين عند الانثى الحاملة على تلك المميزات.",A,C
1484,"تستخدم ثابتة ميكاتيليس ومنتن Km لمعرفة:

A) درجة نقاوة الإنزيم
B) حجم الإنزيم
C) درجة فعالية الإنزيم
D) كل ما سبق خطأ",C,C
1485,"ارادت طالبة أكسدة غول ثانوي لذا سخنته مع حلول من ثنائي كرومات البوتاسيوم71 ماهو الكاشف الذي يحتاجه وعاء التفاعل:

A) محلول هيدروكسيد الصوديوم
B) محلول منغنات البوتاسيوم
C) IIمحلول كبريتات النحاس
D) محلول حمض الكبريت الممدد",B,D
1486,"كل ما يلي حول الحموض الدهنية صحيح ما عدا:

A) تتشرد في PH الفيزيولوجية بحيث تكون مشحونة سلبياً
B) تنقل الحموض غير المؤسترة في الدوران بواسطة الألبومين
C) اللينولينيك هو حمض دهني غير مشبع
D) تكون الحموض المشبعة بحالة زيتية سائلة بدرجة حرارة الغرفة",D,D
1487,"البلاسميد Plasmid :

A) هو DNA حلقي.
B) يوجد في الخلايا الجرثومية.
C) يكون منفصلا عن الصبغي الأصلي.
D) يكون سابحاً في النواة.
E) يستخدم كناقل Vector للمورثات.",E,E
1488,"يتضمن الاستنصاح الوراثي ماعدا:

A) المعالجة الجينية
B) إعطاء فكرة عن النمط الوراثي لكل فرد من العائلة
C) تقدير دجة خطورة نقل المرض إلى الذرية
D) تحديد نمط التوريث وخط الانتقال",A,A
1489,"الأسطوانات الحبيبية توجد:

A) بعد التمارين الشديدة
B) التهاب الحويضة والكلية
C) بعد الشدة النفسية
D) كل ما سبق صحيح",D,D
1490,"ترتيب الاحماض الامينية الى جزيئات الرنا الناقل النوعية بتواسط مجموعه من الانزيمات المسماة:

A) Aminoacyl-tRNA synthetases
B) ببتيديل ترانسفيراز
C) A و B معا
D) RNA بوليمراز",A,C
1491,"قابلية الانتقال بالوراثة:

A) تركز على الاختلافات الجينية ك سبب للتنوع
B) تتأثر بالروكبة
C) A وB معا
D) تتحكم فيها عوامل بيئية",C,C
1492,"كل ما يلي حول عوز فيتامين النياسين صحيح عدا:

A) من أعراضه الاسهال
B) يشاهد عند الشعوب التي يعتمد غذائها على الذرة
C) لا يحتاج للعلاج عادة
D) يحدث عند المصابين بمرض هارتنوب",C,C
1493,"يؤثر في سرعة تفاعل إنزيم معين كل ما يلي عدا:

A) تركيز الإنزيم
B) زمن عمل الإنزيم
C) تركيز الركيزة
D) PHJI",D,B
1494,"يتألف النكليوتيد المنقوص الأكسجين من:

A) اساس ازوتي وسكر ريبوز
B) اساس ازوتي وسكر ريبوز ومجموعة فوسفات
C) اساس ازوتي وسكر ريبوز منقوص الاوكسجين ومجموعة فوسفات
D) اساس ازوتي وسكر ريبوز منقوص الأكسجين ومجموعتي فوسفات",C,C
1495,"من المستضدات التي تطلب التشخيص التهاب الكبد بالنمط B ما عدا:

A) HBs Ag
B) HB-DNA
C) HBc Ag
D) HBc Ag",D,D
1496,"في نشوء التنوع الضدي : الخطأ

A) في صبغيات الخلايا البانية.
B) هذه الأجزاء الجينية هي V,D,J في السلسلة الثقيلة من الضد.
C) تحصل التوليفة الجينية الجديدة من خلال عملية التأشب الجسدي التي تتم بين صبغيات غير متماثلة.
D) يحصل من تركيب توليفة جينية من عدد من الأجزاء الجينية.
E) بعد التعرف على التركيبة الجينية لسطح المستضد.",C,A
1497,"كل ما يلي صحيح عن نموذج كوندسون للتسرطن ما عدا:

A) يرث الطفل الاستعداد لحدوث السرطان
B) الطفرة الأولى متماثلة الآلائل بنيوية
C) الطفرة الأولى لوحدها غير كافية
D) الطفرة الثانية غير نوعية",B,B
1498,"يرتفع الأميلاز عند الإصابة بالتهاب البنكرياس الحاد ويصل للذروة خلال:

A) 12 ساعة
B) 14 ساعة
C) 24 ساعة
D) كل ما سبق خطاً",C,C
1499,"في الطفرات المحايدة: (الخطأ)

A) يتغير الأساس الأزوتي
B) يتغير الرامز Codon
C) يتغير الحمض الأميني
D) لا يتغير البروتين",D,D
1500,"كل ما يلى حول النقرس عدا:

A) هو مرض شائع
B) اكثر شيوعا لدى الذكور
C) يتميز بارتفاع حمض البول فى المصل والبول
D) تحدث الحصيات الكلويه لدى كل مرضى النقرس",D,D
1501,"في تناذر النفروز يظهر في البول قبل الترانسفرين:

A) الحديد
B) الكالسيوم
C) الألبومين
D) كل ما سبق صحيح",D,C
1502,"في وراثة الزمر الدموية ABO :

A) تتوضع مورثة الزمر الدموية على الصبغي السادس.
B) تكون سيادة الأليل A تامة على الأليلO.
C) تكون سيادة الأليل B تامة على الأليل O.
D) تكون سيادة الأليل A مشتركة ( غير تامة ) على الأليل B.
E) تملك مورثات الزمر الدموية ثلاثة أليلات.",D,C
1503,"يستخدم كزمرة ملحقة لجميع الإنزيمات الناقلة الزمرة الأمين:

A) الثيامين بيروفوسفات
B) البيوستين
C) البيرودوكسال فوسفات
D) NADH",C,C
1504,"من الأمثلة على الوراثة المندلية عند الانسان:

A) لون البشرة.
B) صفة الذكاء.
C) الطول.
D) لا شيء مما ذكر.",D,D
1505,"هي:X الاستبدال النكليوفيلي الأسرع في التفاعل الآتي يحدث في حال كانت

A) ذرة بروم
B) ذرة كلور
C) ذرة يود
D) ذرة فلور",D,C
1506,"السلبية الكاذبة للبروتين سببها؟

A) وجود الألبومين في البول
B) البول الممدد
C) البروتين الموجود ليس ألبومين
D) B&C كل من",D,D
1507,"تحوي عصارة المعتكلة:

A) إنزيمات هاضمة للسكر
B) يتم إفراز المشكلة هرمون بانكوزايمن
C) الأميلاز البنكرياسي
D) A.C",D,D
1508,"العلاج الثاني لمرض التلاسيميا بيتا:

A) زرع كبد
B) تناول الحديد فمويا
C) استئصال الطحال
D) زرع نقي عظام",D,D
1509,"ما يلي حول عوز إنزيم Hydroxylase – 218 صحيح ما عدا:

A) هو الشكل الأشيع المتلازمة الكفرية التناسلية.
B) يحدث فيه نقص في انتاج التستوستيرون.
C) يحدث فيه نقص في انتاج الكورتيزول.
D) يعتبر إذا لم يعالج) حالة مهددة للحياة",D,B
1510,"تنقص قيمة pH البول في الحالات التالية ما عدا؟

A) سوء حفظ العينة
B) تناول القوت البروتيني
C) الحماض الاستقلابي
D) الحماض التنفسي",D,A
1511,"الدور الحيوي للتمائم (FMN) و (FAD) هو:

A) حامل عابر للزهرة الأسباية.
B) حامل عابر الزمرة أمينية.
C) حامل عابر الزهرة الكربوكسيل.
D) كل ما سبق خطأ.",A,D
1512,"في حال حدوث قصور كلية:

A) ينقص الكرياتينين
B) تزداد التصفية الكلوية للكرياتينين
C) تنقص التصفية الكلوية للكرياتينين
D) a,b كل من",C,C
1513,"من الحموض الأمينية الكبريتية:

A) أسبارجين.
B) قبيل الانين.
C) سيرين.
D) ميثيونين.",D,D
1514,"كل ما يلي حول الأسباراجين والغلوتامين صحيح ما عدا:

A) من الحموض الأمينية القطبية غير المشحونة
B) سبب قطبيتهما وجود الزمرة الهيدروكسيلية في بنيتهما
C) يعتبران أميدان لحمض الأسبارتيك وحمض الغلوتاميك
D) بالحلمهة الحمضية لهما ينتج حمض الاسبارتيك وحمض الغلوتاميك",B,B
1515,"كل مما يلى يرجع أن البرقان الولادي بسبب مرضي ما عدا:

A) إذا استمر البرقان بعد الأسبوع الأول من الولادة.
B) إذا ظهر البريقان فية ان 24 ساعة الأولى بعد الولادة.
C) إذا ارتفع البيليروبين بمعدل ، ملغ /دل أو أكثر في اليوم الواحد.
D) إذا كان أول قياس البيليروبين لدى الخضع أكثر من 7 ملغ /دل.",D,D
1516,"من الحموض الأمينية الأساسية كل ما يلي عدا:

A) فالين.
B) لوسين.
C) تيرونين.
D) الأسبارجين.",D,D
1517,"الجين الرئيسي الذي له علاقة بتحديد الجنس:

A) PAX .
B) MSX .
C) SOX8 .
D) AZF .",D,E
1518,"جزيء لا يتم انتساخه من قبل بوليميراز الرنا 3:

A) tRNA.
B) snRNA.
C) الرنا المرسال mRNA.
D) 5s rRNA.",D,C
1519,"الإنزيم الذي يمتلك نوعية مطلقة تجاه ركيزته:

A) المالتاز
B) الكيموتريسين
C) الأسبارتاز
D) البيسين",A,C
1520,"الغليسين ما عدا

A) يلعب دور هام كسلف للبور فيرينات
B) هو من اهم الحموض الامينية المولدة للسكر
C) له دور أساسي في وظيفة العضلات
D) يدخل في تركيب الغلوتاتيون",B,E
1521,"فقر الدم العرطل في متلازمة ليش نيهان:

A) يتجاوب بالفوليك
B) لا يتجاوب بالفوليك
C) يتجاوب بالأوليك
D) لا شيء مما سبق",B,A
1522,"حال مما يلي حول التحويل بين الوحدات صحيح ما عند

A) ميلي مول اكتر – ملغ دل – (18) العاملة الجزيلة)
B) جول – حريرة – 4.1868
C) نانوكاتال اكثر – وحدة دولية التر (1670)
D) ميلي دول اكتر – ميلي مكافئ اكثر ( المتدافع)",B,A
1523,"من اسباب فرط البروتين الكلى:

A) تشمع الكبد
B) تناذر النفروز
C) الورم النقومى المتعدد multiple myeloa
D) كل ما سبق خطأ",D,C
1524,"الطفرة التبادلية:

A) استبدال الأدنين بالغوانين
B) استبدال السيتوزين بالتيمين
C) استبدال الأدنين بالتيمين
D) كل ما سبق خاطئ",D,C
1525,"من محرضات إفراز الإنسولين:

A) الغلوكوز
B) سكرتين
C) البروتينات
D) كل ما سبق صحيح",D,D
1526,"كل ما يلي حول التشمع الصفراوي الأولى صحيح ما عدا:

A) السبب تخريب مستمر ومتطور للقنوات الصفراوية السبب مجدول.
B) أكثر من 70% من الحالات يترافق مع أمراض مناعية ذاتية.
C) أكثر من 90% من المرضى ذكور.
D) قد يترافق مع التهاب كحبيبات الكلى",C,A
1527,"منطقة المشغل ال Operator في ال Operone عند طلائعيات النواة: (الخطأ)

A) تتوضع قبل المحضض مباشرة.
B) تكون مسؤولة عن بدء تشغيل المورثات الثلاث.
C) لها شكل العروة.
D) يربط بها بروتين كاظم Repressor.",D,A
1528,"في أنواع المورثات (الجينات): (الخطأ)

A) المورثات الخدمية House Keeping.
B) المورثات المتخصصة Specific.
C) تعمل المورثات الخدمية بشكل متقطع.
D) تعمل المورثات التخصصية في أوقات معينة.",C,C
1529,"من أعراض البري بري عند الأطفال ما عدا:

A) اختلاجات.
B) اقياء.
C) حركة نواسية نظمية لكرة العين (رأرأة).
D) تسرع قلب.",D,D
1530,"في عملية الانتساخ: (الخطأ)

A) يجب تمييز المحضض أولا.
B) يتم لطاق واحد وهو القالب.
C) يتم في الاتجاه من 3 ل 5 في الطاق القالب.
D) الطاق القالب يكون متمم للرنا المنتسخ.",B,D
1531,"في معالجة الحمض النووي الريبي المرسال :mRNA Processing

A) تتم في النواة و الهيولى.
B) تحتاج إلى الطاقة ATP.
C) حصول تغيير في الأسس مكان الوصل يؤدي إلى حدوث الطفرات.
D) تتم إضافة القلنسوة Cap في البداية بالكربون رقم (5).
E) تتم إضافة الذيل Poly A Tail في النهاية بالكربون رقم (3).",D,E
1532,"في عملية انهاء الانتساخ المعتمدة على بروتين الانهاء :RHO

A) يحتاج إلى منهي Terminator.
B) يشبه بروتين الانهاء RHO انزيم الـ Helicase.
C) يحتاج إلى طاقة ATP.
D) يعتمد على وجود بروتين الانهاء RHO.
E) يقطع البروتين الانهاء الروابط الهيدروجينية.",D,C
1533,"تشاهد الزيادة المرضية لها في التنخر الأنبوبي الحاد:

A) الظهارية المتوسفة
B) الظهارية الانتقالية
C) الظهارية الأنبوبية الكلوية
D) الظهارية في الأنابيب الجامعة",C,C
1534,"التمسخ ما عدا

A) بسبب تخرب البنية الثالثية
B) لا عكوس
C) يتم بتأثير الحرارة
D) يتم بتأثير الضغط",C,B
1535,"البلورات التي تشبه الساعة الرملية هي:

A) بلورات حمض البول
B) بلورات اوكزالات الكالسيوم
C) بلورات اليورات
D) كل ما سبق خطأ",B,B
1536,"عوز أنزيم Pyruvate Dehydrogenase:

A) يسبب ساد عيني تحت عمر 40 سنة
B) يعالج بتناول وجبات غنية بالسكاكر
C) يؤثر على الدماغ بشكل رئيسي
D) تبدأ أعراضه بالظهور في عمر 20-25 سنة",C,C
1537,"من أسباب نقص سكر الدم الارتكاسي:

A) نقص سكر الدم الهضمي
B) الحساسية للوسين
C) الغالاكتوزيمية
D) كل ما سبق صحيح",D,D
1538,"سبيل استحداث السمكر:

A) يحدث 10% من استحداث السكر في الدماغ
B) لا يتطلب تقديم طاقة
C) يستطيع تغطية الحاجة من الغلوكوز ٥٠٤ أيام
D) من الطلائع التي قد تستخدم فيه الحموض الكيتونية.",D,D
1539,"الهيموغلوبين الجنيني F:

A) يتألف من سلسلتين ألفا وسلسلتين عاما.
B) يبدأ اصطناعة منذ الأسابيع الأولى بعد الولادة.
C) يعتبر الخضاب الأساسي عند البالغ.
D) كل ما سبق خطأ.",D,A
1540,"الأمراض المرتبطة بالصبغي X السائدة: (الخطأ)

A) نادرة
B) تشيع عند الإناث
C) منها متلازمة ريث
D) لا ينتقل من ذكر مصاب",C,D
1541,"من صفات البروتين ألفا كيراتين:

A) يحوي بصورة مميزة على ثمالات التريبتوفان
B) يشكل الوزن الجاف للشعر والأظافر
C) بروتين كروي
D) يمتلك بنية رابعية",B,B
1542,"يصنف الصبغي 10 شكليا بـ:

A) طرفي القسيم المركزي
B) مطرفي القسيم المركزي
C) وسطي القسيم المركزي
D) موسطاني القسيم المركزي",B,D
1543,"أي من الغلوبيولينات الآتية تصنع في الكبد:

A) الفا 1 غلوبيولين
B) بيتا غلوبيولين
C) غاما غلوبيولين
D) bوa كل من",D,D
1544,"الكيمو تربسين ما عدا

A) يفرز بشكل كيمو تريسين
B) يوجد شكلان للكيمو تريبسيتوجين
C) يهضم الكيمو تريبسيتو جين الروابط الببتيدية الحاوية على زمرة كربوكسيلية تابعة للحموض الامينية العطرية
D) PH المثنى بين 7 و8",D,A
1545,"بنية البروتين ماعدا:

A) ثابتة بكل الظروف
B) ثالثية تمثل البنية الفراغية
C) لها دور في وظيفة البروتين
D) أولية في تسلسل الحموض الأمينية
E) تتطور بالوراثة",A,A
1546,"ان العنصر الذي يضيف ذرة الكربون ال سلسلة هالوجين الكان عند تفاعله معها هو:

A) غير خاملة كيميائيآ
B) قابلة للاتهاب
C) سامة
D) كل ما ذكر صحيح",D,A
1547,"كل ما يلي حول استقصاءات التهاب الكبد بالنمط C صحيح ما عدا:

A) إيجابية HCV A تدل على الإصابة الحديثة.
B) إيجابية HCV A تدل أن الفيروس في طور التناسخ replication.
C) في ٥٠% من حالات التهاب الكبد C قد يوجد حامل مزمن.
D) أضداد التهاب الكبد C قد لا تظهر إلا بعد اشهر من الإصابة .",A,C
1548,"من اسباب البرقان الانسدادي بعد الكبدي:

A) بعض الأدوية
B) نقل دم غير مناسب
C) انسداد الطرق الصفراوية داخل الكبد
D) كل ما سبق خطأ",D,D
1549,"كل ما يلي حول عوز النياسين صحيح ماعدا:

A) من أعراضه الإسهال
B) قد يؤدي للوفاة إذا لم يعالج
C) من أعراضه التهاب الجلد
D) يشاهد عند الشعوب التي تأكل الأرز المقشور",D,D
1550,"في منطقة ضبط الانتساخ Transcription Control Sequence أو المنطقة المنظمة العمل المورثة Regulatory Sequence: (الخطأ)

A) ترتبط بها عوامل الانتساخ
B) يمكن أن تحوي على معزز Inhancer
C) يمكن أن يحوي على مثبط Inhabiter
D) يمكن أن تحوي على Silencer",D,E
1551,"كل مما يلي حول اليرقان الولادي العائلي العابر صحيح ما عدا :

A) الإنذار ممتاز غالباً.
B) يظهر البرقان في اليوم الأول بعد الولادة.
C) وظائف الكبد في الحدود السوية.
D) يختفي اليرقان خلال ٢-٣ أسابيع بعد الولادة.",B,C
1552,"الحمض القطبي الأساسي (المشحون إيجابيا):

A) ألانين
B) غلوتامين
C) برولين
D) ليزين",D,D
1553,"منظمات فوسفوفركتو كيناز ماعدا:

A) ATP
B) Citrat
C) اللاكتاز
D) AMP",B,C
1554,"يوجد فرط شديد في بيليروبين المصل غير المرتبط وعوز جزئي: UDPGT

A) دوبن جونسن
B) روتر
C) كريجلر نجار
D) جيلبرت",C,C
1555,"في المحضض: PROMETER (الخطأ)

A) يلي التسلسل المنظم لعمل مورثة عادة.
B) يقع قبل المورثة.
C) يرتبط فيه RNA Polymerase.
D) تكون بدايته عادة TATATA أو TATAAAA.",B,A
1556,"من المثبطات اللاعكوسة:

A) الفومارات
B) المالونات
C) نازع ماء الثريونين
D) كل ما سبق خطأ",D,D
1557,"كل ما يلي حول الاستقلاب صحيح عدا: دورة 2018-2017

A) يمثل نشاطا خلويا منسقا ومنظما وهادفا
B) يجري بصورة عشوائية
C) أغلب السبل الاستقلابية هي سبل خطية الشكل
D) تجري المئات من تفاعلات الاستقلاب بجسم الانسان",B,B
1558,"علاج هذا المريض هو:

A) الديال Dialysis
B) الكولشسن
C) الصادات
D) الاسبرين",B,A
1559,"المواد المستعملة لتحويل بروم الاتان الي الاتن:

A) مع حمض الكبريت الممددVI ثنائي كرومات البوتاسبوم
B) مع حمض الكبريت الممددVII منغنات البوتاسبوم
C) محلول هيدروكسيد الصوديوم الاتانولي
D) محلول مركز من الامونيا",B,C
1560,"علاج إحمضاض الدم البرويبوني propionic academia:

A) حمية غنية بالبروتين.
B) حمية فقيرة بالميثايونين.
C) حمية غنية بالفالين والايزوليوسين.
D) .L-Dopa",B,C
1561,"سبيل اصطناع الغليكوجين:

A) يحدث في المتقدرة.
B) يتطلب طاقة يوفرها ATP.
C) الكبد هو العضو الوحيد القادر على اختزان الغليكوجين.
D) يعتبر وجود مركب GTP ضرورياً جداً في هذا السبيل.",B,B
1562,"الحمض الضروري (الأساسي) :Essential Amino Acid

A) ليوسين.
B) اسباراجين.
C) الانين.
D) غليسين.",A,A
1563,"بشطر روابط يساهم بها (ارجنين -- ليزين) بزمرة كربوكسيل:

A) الإلاستاز.
B) الكربوكسي ببتيداز .B
C) الكربوكسي ببتيداز .A
D) التربيسين.",C,D
1564,"في تحلل السكر

A) بالظروف الهوائية البيروفات هو ناتج تحلل السكر
B) بالظروف اللاهوائية NADH يستخدم في تشكل اللكنات من البيروفات
C) نزع هيدروجين يتم من جزيئتين غليسير الدهيد 3 فوسفات
D) يعاد استخدام جزيئيين من NADH مجددا للتفاعل",A,E
1565,"تتواسط الإنزيمات تفاعلات هامة ماعدا:

A) تدرك
B) نقل
C) تقوم الجملة الإنزيمية نفسها بالنقل
D) تتدخل في السبل الاستقلابية المختلفة",C,C
1566,"من الالات التى تؤدى الى حدوثاذيه خلايا كبديه+ركود صفراوى:

A) الحمل
B) بعد العمل الجراحى
C) تناول حبوب منع الحمل
D) كل ما سبق خطأ",D,D
1567,"التغيرات التي تطرأ على عينة حمض البول عند حفظها في درجة حرارة الغرفة لفترة طويلة؟

A) ازدياد عدد الجراثيم
B) ينخفض تركيز الغلوكوز
C) يزداد البيليروبين واليوروبيلينوجين
D) A&Bالجواب",D,D
1568,"الحمض الأميني الحاوي زمرة قطبية:

A) ALA.
B) VAL.
C) GLY.
D) TYR.",D,D
1569,"يضطرب توازن هاردي - وينبيرغ الجيني في جمهرة بتدخل العوامل التالية: الخطأ

A) ثبات معدل الطفرة عند الفرد مدى الحياة.
B) الهجرات الكبيرة.
C) التجمعات المعزولة.
D) التزاوج غير العشوائي.
E) الانتقاء الطبيعي.",A,A
1570,"كل ما يلي صحيح عن داء البول القيقبي MSUD عدا:

A) تبدأ أعراضه بالظهور عادة من الأيام الأولى للحياة
B) سببه خلل في استقلاب التيروزين
C) قد يسبب الوفاة إذا لم يعالج
D) يتظاهر بإضطرابات تغذوية متنوعة (غثيان - إقياء)",B,D
1571,"الهيموغلوبين الجنيني f:

A) يتألف من سلسلتين ألفا وسلسلتين عاما
B) يبدأ اصطناعه منذ الأسابيع الأولى بعد الولادة
C) يعتبر الخضاب الأساسي عند البالغ
D) كل ما سبق غير صحيح",D,A
1572,"ليس من صفات الوراثة عديدة العوامل:

A) يزداد اختطار الرجعة لدى الأقرباء
B) ليس لديها ميل للجنس
C) تضافر كل من العوامل الجينية والبيئية
D) يزداد اختطار الرجعة بازدياد وخامة المرض",B,B
1573,"كل ما يلي حول استقصاءات التهاب الكبد بالنمط B صحيح ما عدا :

A) إذا كان HBS Ag إيجابياً دل على إصابة حديثة أو قديمة.
B) إذا كان HBS Ag سلبياً يفضل قياس (HBs Ab).
C) ايجابية HBc Ag تدلل على حداثة الإصابة بالفيروس.
D) يمكن طلب HB-DNA لتحديد عدد النسخ الفيروسية.",C,C
1574,"ما يلي حول عوز Pyruvate Dehydrogenase صحيح ماعدا:

A) أشيع الأسباب الكيميائية للحماض اللبني الولادي.
B) يسبب الشكل الشديد منه حماض لبني عارم يودي للـوفاة.
C) يسبب الشكل الثالث منه (الخفيف) رنح ثوبي.
D) يعالج بالابتعاد عن تناول الأطعمة التي تحوي بيروفات.",D,D
1575,"كل مما يلي حول الاستقلاب صحيح ما عدا:

A) يمثل نشاطاً خلوياً منسقاً ومنظماً وهادها.
B) يجري بصورة عشوائية.
C) أغلب السبل الاستقلابية هي سبل خطية الشكل.
D) تجري المئات من تفاعلات الاستقلاب في جسم الانسان.",B,B
1576,"كل ما سبق صحيح.

A) في التهاب السحايا الجرثومي نلاحظ مخبريا:
B) بروتين CSF أقل من 60 ملغ /دل.
C) الكريات البيض أكثر من 1000 كرية مم .
D) كل ما سبق خطا.",D,D
1577,"تحدث الوفاة لدى مرضى التلاسيميا بسبب:

A) انحلال الدم
B) تراكم الخضاب الجنيني
C) تراكم الحديد
D) النوب الألمية الشديدة جدا والمتكررة",C,C
1578,"في الكروماتين المتغاير: (الخطأ)

A) يكون حلزون الدنا ملتف بشدة على الهيستونات.
B) يوجد تباعد بين الجسيمات النووية.
C) تكون القدرة التعبيرية أقل.
D) يعتبر نمط غير فعال بشكل عام.",B,B
1579,"تختلف في بنية الهيكل الكربوني:

A) المصاوغ الموضعي
B) المصاوغ السلسي
C) المصاوغ سيس ترانس
D) المصاوغ الضوئي",B,B
1580,"في روامز التوقف: (الخطأ)

A) UGA.
B) UAG.
C) AGU.
D) UAA.",A,C
1581,"يسبب عوز الثيامين الشديد:

A) داء البلاغرا
B) فقر الدم ضخم الأرومات
C) العشى الليلي
D) البري بري",D,D
1582,"سبب حاله هذا المريض غالبا هو:

A) فقر الدم الانحلالى
B) التهاب الكبد الفيروسى
C) فقر الدم المنجلى
D) سرطان رأس البنكرياسى",C,D
1583,"من الاسباب التى تؤدى حدوث هذه الحاله:

A) قصور القلب
B) حصيات الحالب
C) ضخامه البروستات
D) قصور الكليه",B,D
1584,"البروتين الشحمي HDL:

A) يحتوي على نسبة مرتفعة من الشحوم الثلاثية.
B) يحتوي على الصميم 100 -- apoB.
C) يتشكل في الكبد والأمعاء.
D) يحتوي على نسبة منخفضة من البروتينات.",C,C
1585,"سبيل استحداث السكر:

A) يحدث 90% من استحداث السكر في الدماغ
B) لا يتطلب تقديم طاقة
C) يستطيع تغطية الحاجة من الغلوكوز 4_5 أيام
D) من الطلائع التي تستخدم فيه الحموض الكيتونية",C,D
1586,"كل ما يلي حول فيتامين E صحيح ماعدا:

A) يعتبر عاملا طبيعيا مضادا للأكسدة
B) هو الأقل سمية بين كل الفيتامينات المنحلة بالدسم
C) ينصح بإعطائه دوائيا كوقاية من الأمراض
D) يسبب عوزه ازدياد هشاشية الكريات الحمراء",C,C
1587,"من الانزيمات التي يتطلب وجود التميم AD+

A) نازع هيدروجين البيروفات
B) نازع هيدروجين المالات
C) نازع هيدروجين ألفاكيتوغلوتارات
D) كل ما سبق صحيح",D,D
1588,"يرجع البيليروبين بفعل الفلورا الجرثومية للمعي الغليظ إلى:

A) Urobilin
B) Stercobilin
C) Urobilinogen
D) كل ما سبق خاطئ",B,C
1589,"تورث المتقدرات وصبغياتها جمعيا من:

A) الاب
B) الاب والام معا
C) الام
D) جميع ما ذكر خطأ",C,C
1590,"من الأدوية التي تقلل من تحول T4 إلى T3 ما عدا :

A) الستيروئيدات السكرية.
B) السالسيلات.
C) امیودارون.
D) بروبرانولول.",D,A
1591,"يبلغ عدد الجينات التي تشفر لجزيئات الرنا الأصغري miRANS في مجين الإنسان:

A) 50 جين.
B) 100 جين.
C) 125
D) 200",C,C
1592,"عند كتابة شجرة المورثات: (الخطأ)

A) المربع يرمز للذكر.
B) الدائرة ترمز للأنثى.
C) الخط يرمز إلى التزاوج.
D) المعين يرمز الي جنس غير محدد.",D,E
1593,"حالة المهق Albinism:

A) سبيها عوز إنزيم (تيروزيناز).
B) قد يحدث لدى المريض رهاب ضوئي.
C) يكون شعر المريض أبيض اللون.
D) كل ما سبق صحيح.",D,D
1594,"لقحت نطفة أحادية الصيغة الصبغية بيضة تحوي على صبيغيين 21 فتكون الزيجوت الناتجة تحوي على:

A) 46
B) 45
C) 47
D) 69",C,C
1595,"يسبب وجود المستعمرات الجرثومية في السائل المنوي خمج الطرق التناسلية إذا كان عدد تلك المستعمرات:

A) أكثر من ۱۰۰ مستعمرة / مل
B) أقل من ۱۰۰ مستعمرة / مل
C) أكثر من ۱۰۰۰ مستعمرة / مل
D) أقل من ۱۰۰۰ مستعمرة / مل",A,C
1596,"كل ما يلي صحيح عن الإزفاء ماعدا:

A) انتقال شدف من الدنا بين صبغيين غير متماثلين
B) لا يؤدي إلى خلل في إنتاج الأعراس
C) ينجم صبغي فيلادلفيا عن إزفاء متبادل
D) لا يسبب فقداناً في المادة الوراثية",B,B
1597,"كل ما يلي صحيح حول الميوغلوبين عدا:

A) يتميز بلونه الأصفر
B) يقوم بدور خازن مؤقت للأوكسجين
C) من البروتينات الهيمية
D) بنيته الثالثية سجقية الشكل مؤلفة من 8 قطع",A,A
1598,"واسم قد يستخدم للمتابعة أثناء العلاج وبعده في سرطان المثانة:

A) CA 125 .
B) PSA B74.
C) AFP .
D) CA 15-3 .",B,A
1599,"يستخدم في رسم الشجرة الوراثية: (الخطأ)

A) المثلث الفارغ يشير إلى الاسقاط العفوي.
B) الخطان الأفقيان المتوازيان يشيران إلى زواج الأقارب.
C) يشير الخطان المتوازيان إلى توائم وحيدة البيضة.
D) يرمز للأجيال بالأرقام اللاتينية.",C,C
1600,"يتم اصطناع الدقائق الكيلوسية في:

A) الكبد
B) الدماغ
C) الطحال
D) الأمعاء",A,D
1601,"كل مما يلي من تفاعلات الحموض الامينية ما عدا

A) استره
B) استله
C) اريلة
D) الاستقلاب",D,E
1602,"كل ما يلي حول السرطانة الكبدية صحيح ما عدا :

A) تحدث السرطانة الأولية الكبدية بشكل أساسي في الإناث.
B) في ٨٠٪ من الحالات يوجد أحد أنواع تشمع الكبد.
C) قد تصادف بشكل كبير في حالات الصباغ الدموي.
D) قد تصادف بشكل كبير في حالات التشمع الكحولي.",A,A
1603,"يشاهد نقص سكر الدم الهضمي عند مرضى:

A) استئصال المعدة
B) رأب البواب
C) A&B كل من
D) كل ما سبق خاطئ",C,C
1604,"يقوم المغنيزيوم ب:

A) تنشيط تحلل السكر
B) نقل البوتاسيوم والكالسيوم
C) دور هام في الخواص الكهربائية للأغشية الخلوية
D) كل ما سبق",D,D
1605,"في الورم الأرومي الشبكي الموروث: الخطأ

A) يحوي المصاب طفرتان في RB1 gene.
B) واحدة موروثة.
C) والثانية حصلت خلال الطفولة.
D) في كريات بيضاء المصاب يكون اليلا الجين بحالة متماثلة.
E) في شبكية عينه يكون الجين متماثل الدلائل.",E,A
1606,"انزيم a-ketoglutarate dehydrogenase:

A) يتثبط ب NADH
B) يتثبط ب ATP
C) يتفعل بوجود شوارد الكالسيوم
D) كل ما سبق صحيح",A,D
1607,"الكيموتريسين ماعدا:

A) يفرز بشكل كيموتريسين
B) يوجد شكلان للكيموتريسين
C) يهضم الكيموتربسينوجين الروابط الببتيدية الحاوية على زمرة كربوكسيلية تابعة للحموض الأمينية العطرية
D) PH المثلى بين ال ٧ وال ۸
E) نواتج الحلمهة هي الحموض الأمينية الحرة وقليلة الببتيد",C,A
1608,"واسم سرطاني نوعي لتشخيص ومتابعة سرطان الرئة ذي الخلايا

A) Cyfra 21 .
B) CEA .
C) NSE.
D) كل ما سبق صحيح.",D,A
1609,"يوجد AP بكميات كبيرة في:

A) الكبد
B) العظام
C) الكلية
D) A&B كل من",D,D
1610,"في أنزيم: RNA polymerase (الخطأ)

A) يشكل الروابط التكافؤية ثنائية الإسترية
B) يتألف من عدة وحيدات Subunit
C) يرتبط مع المحضض
D) يركب الرنا من الاتجاه 3 إلى 5",A,D
1611,"كل مما يلي حول الكبد صحيح ما عدا:

A) تشكل الخلايا البرانشيمية (المتنية) حوالي 160 من وزن الكيد.
B) يمر حوالي 1500 هل من الدم عبر العبد في الدقيقة.
C) 75% من التروية الدموية تعمل الكبد عبر الشريان الكبدي.
D) حجم النص الأيمن 27 أضعاف حجم الفص الأيسر.",A,B
1612,"من آليات التسمم بالزرنيخ الثلاثي بأنه:

A) يثبط إنزيم بيروفات كيناز
B) يثبط إنزيم ألفا كيتوغلوتارات ديهيدروجيناز
C) ينافس المغنيزيوم كعامل مساعد لإنزيمات تحلل السكر
D) يثبط إنزيم هكسوكيناز",B,B
1613,"الأنسجة المسيطرة على عملية استقلاب الوقود في الجسم تتواصل مع بعضها عبر:

A) الجملة العصبية
B) توافر الركائز في الدوران
C) التبدلات في مستويات الهرمونات في البلازما
D) كل ما سبق صحيح",D,D
1614,"البروتين الشحمي HDL

A) يحتوي على نسبة مرتفعة من الشحوم الثلاثية.
B) يحتوي على الصميم 100-apoB.
C) بتشكل في الكبد والأمعاء.
D) يحتوي على نسبة منخفضة من البروتينات.",C,C
1615,"سبب هذا المرض هو طفرة نقطية أدت إلى:

A) استبدال الحمض الأميني اسباراتيك بالحمض الأميني فالين
B) عدم اصطناع السلسلة بيتا
C) استبدال الحمض الأميني غلوتاميك بالحمض الأميني فالين
D) استبدال الحمض الأميني سيرين بالحمض الأميني غليسين",C,C
1616,"يتم ربط شدف أوكازاكي بوساطة

A) دنا بوليميرازا
B) أنزيم الليغاز
C) Primase أنزيم
D) كل ما سبق خطأ",B,B
1617,"أكثر الأنزيمات فعالية تحفيزية في جسم الانسان هو انزيم:

A) بيروفات ديهيدروجيناز
B) كاربونيك انهيدراز.
C) بيروفات كيناز.
D) الدولاز.",B,B
1618,"من الحموض الأمينية العطرية:

A) تيروزين
B) فنيل ألانين
C) تربتوفان
D) كل ما سبق صحيح",D,D
1619,"الشكل الفعال لفيتامين B6 هو:

A) البيريدوكسين
B) البيريدوكسال
C) البيريدوكسال فوسفات
D) البيريدوكسامين",C,C
1620,"الخبن الانتهائي هو:

A) حذف الجزء الانتهائي من الصبغي
B) انتقال الجزء الانتهائي لصبغي إلى صبغي آخر
C) مناطق غنية بتكرارات من تسلسلات الدنا
D) تبديل مكان الجزء الانتهائي للصبغي",B,A
1621,"مثل مما يلي حول تشمع العقيد اللامعاوض صحيح ماعدا :

A) انعدام اليوروبيلينوجين المطروح في البول
B) درجة ارتفاع البيليروبين التناسب مع درجة قصور الغالية المعينية
C) يوجد لدى المرضى نشمي خلايا شامل Tacky toxemia
D) نور غالباً ما يوجد ارتفاع معتدل. مل مستوى الفا فينوبروتين",C,C
1622,"كل مما يلي حول ضخامة النهايات Acromegaly صحيح ما عدا :

A) حوالي 99٪ من الحالات سببها ورم نخامي بدئي.
B) 90% من المصابين بهذا المرض من الرجال.
C) من الحالات سببها زيادة إفراز الوطاء لـ GHRH.
D) يعتبر اختبار تحمل السكر من الاختبارات المساعدة في التشخيص.",B,A
1623,"CFCS ليس من استعمالات

A) مبيض في مسحوقات الغسيل
B) غاز للتبريد في البرادات
C) مذيب
D) عامل نفخ للبلمرات",C,A
1624,"كل مما يلي صحيح عدا:C2H4 في جزيء الإتن

A) تقع جميع ذراته في مستوي واحد
B) أعظمي P تداخل المدرارات ليس
C) تحاط كل ذرة كربون بثلاث روابط سيغما
D) يحوي رابطة باي واحدة",B,B
1625,"أنزيم الرنا بوليميراز لدى الحقيقيات: (الخطأ)

A) يركب الروابط التكافؤية.
B) يفك مؤقتا الروابط الهيدروجينية.
C) يتألف من 14 وحيدة.
D) لا يحتاج الى بادي.",C,C
1626,"السيستيلين ما عدا

A) غير مولد للسكر
B) يدخل بتركيب الانسولين
C) يدخل بتركيب تميم A
D) يدخل بتركيب غلوتاثيون",C,A
1627,"رجل زمرة دمه A وامرأة زمرة دمها B لا يمكن ان ينجبا طفلا زمرة دمه:

A) A.
B) B.
C) AB.
D) O.",D,D
1628,"في حال زواج حملة يكون احتمال إنجاب طفل مصاب:

A) 0.5
B) 0.75
C) 0.25
D) 0",D,C
1629,"امرأة مصابة بمتلازمة فرط كوليسترول الدم تزوجت من رجل سليم. احتمال إنجاب طفل مصاب:

A) 1
B) 0.5
C) 0.25
D) 0",D,B
1630,"ما هو الواسم الورمي الذي تطلب معايرته دوريا لمراقبة مريض خضع لعملية استئصال البروستات الجذري:

A) .CA 19-9
B) PSA .
C) PSMA .
D) CA 15-3 .",B,B
1631,"من اسباب نقص مقاومهمريض الداء السكرى للجراثيم:

A) ازدياد ورم الدم للانسجه
B) نقص اصطناع البروتينات وخاصه الغلوبيولينات
C) نقص تركيز الغلوكوز الحر فى تيار الدم
D) كل ما سبق خطأ",D,B
1632,"كل ما يلي حول مريض التلاسيميا بينا الكبرى صحيح ما عدا:

A) العلاج الشافي هو زرع نقي العظم.
B) يحتاج لنقل دم بشكل متكرر.
C) لا يحدث لديه احتشاءات عادة.
D) عادة ما يموت بعمر ٦-٨ أشهر.",C,D
1633,"* مريض عمره 20 سنة يشكو من تعب عام وإرهاق وشحوب دائم في الوجه مع حدوث ندبة ألمية متكررة وبإجراء الاختبارات الكيميائية، كانت قيمة خضاب الدم منخفضة مع ارتفاع في البيبروبين غير المقترن، وبإجراء الحجلان الكهربائي للخضاب فكان 90% من خضابه هو من النوع Hbs هذا المريض يعاني من:

A) تلاسيميا بيتا الكبرى
B) داء الخضاب المنجلي
C) تلاسيابيا الصغرى
D) السمة المنجلية",D,B
1634,"* مريض عمره 20 سنة يشكو من تعب عام وإرهاق وشحوب دائم في الوجه مع حدوث ندبة ألمية متكررة وبإجراء الاختبارات الكيميائية، كانت قيمة خضاب الدم منخفضة مع ارتفاع في البيبروبين غير المقترن، وبإجراء الحجلان الكهربائي للخضاب فكان 90% من خضابه هو من النوع Hbs سبب هذا المرض هو طفرة نقطية أدت إلى:

A) استبدال الحمض الأميني اسباريتك بالحمض الأميني فالين
B) عدم اصطناع السلسلة بيتا
C) استبدال الحمض الأميني غلوتاميك بالحمض الأميني فالين
D) استبدال الحمض الأميني سيرين بالحمض الأميني غايين",C,C
1635,"* مريض عمره 20 سنة يشكو من تعب عام وإرهاق وشحوب دائم في الوجه مع حدوث ندبة ألمية متكررة وبإجراء الاختبارات الكيميائية، كانت قيمة خضاب الدم منخفضة مع ارتفاع في البيبروبين غير المقترن، وبإجراء الحجلان الكهربائي للخضاب فكان 90% من خضابه هو من النوع Hbs متوسط عمر الكرية الحمراء لدى هذا المريض:

A) 120 يوم
B) 200 يوم
C) 100 يوم
D) 20 يزم",A,D
1636,"مريض نتائج التحليل لديه كالتالي urea: 120 creatinine:2 فيكون التشخيص المناسب:

A) أزوتيميا قبل كلوية
B) آزوتيميا كلوية
C) آزوتيميا بعد كلوية
D) النتائج طبيعية",B,C
1637,"أفاد التحليل المريض بالنتائج الآتية: urea: 140 creatinine: 1 فيكون التشخيص:

A) أزوتيميا قبل كلوية
B) آزوتيميا كلوية
C) أزوتيميا بعد كلوية
D) النتائج طبيعية",B,A
1638,"افاد تحليل المريض بالنتائج التالية urea: 152 creatinine: 7 فيكون التشخيص:

A) آزوتيميا قبل كلوية
B) أزوتيميا كلوية
C) آزوتيميا بعد كلوية
D) النتائج طبيعية",B,B
1639,"الأنزيم الوحيد الذي تعايره في الحالة التالية (مريض مصاب بالتهاب البنكرياس الحاد منذ 4 أيام) هو:

A) حصرا ليباز
B) اميلاز حصراً
C) آنزيم الفوسفاتاز القلوية
D) AST آنزیم",B,A
1640,"طفل عمره ١٢ سنة لديه الأعراض إرهاق وتعب عام بعد تناول وجبة الغذاء للون أصفر في قرنية العين مع تلون البول بالأصفر الداكن ونتائج الفحوصات المخبرية لديه نقص عند الكريات الحمر مع انخفاض في الخصاب وارتفاع الشبكيات (ALT,AST,AP) قيم طبيعية ل وبإجراء الرحلان الكهربائي للخضاب أظهر موجودات طبيعية فالتشخيص المحتمل للطفل هو:

A) فقر دم منجلي
B) التهاب كبد فيروسي
C) داء الفوال
D) سرطان رأس البنكرياس",C,C
1641,"مريض عمره ٧٢ سنة لديه الأعراض: اصفرار في لون الجلد وقرنية العين مع بول أصغر داكن (كلون الشاي). ونتائج للفحوصات المخبرية لديه: APارتفاع قيمة ال طبيعيةALT وارتفاع قيمة البيليروبين المقترن وكانت قيم الخضاب و فالتشخيص المحتمل للمريض:

A) يرقان انحلالي
B) يرقان كبدي خلوي
C) يرقان انسدادي
D) يرقان نووي",B,C
1642,"مريض من فئة حديثي الولادة لتظاهر أعراض المرض لديه بشلول تشنجية وتبدو عليه علامة قبضة الملاكم ونتائج الفحوصات المخبرية لديه ارتفاع البيليروبين الحر في مصل الدم فالتشخيص المحتمل:

A) يرقان انحلالي
B) برقان انسدادی
C) يرقان كبدي
D) يرقان نووي",D,D
1643,"مريض بعمر ٤٠ سنة، نتائج الفحوصات المخبرية لديه البيليروبين الكلي في المصل البيليروبين غير المقترن في المصل البيليروبين المقترن في المصل وكانت نتيجة الرحلان الكهربائي للخضاب مختلفة S حيث يظهر الخضاب فالتشخيص المحتمل:

A) يرقان انحلالي
B) يرقان انسدادي
C) يرقان كبدي
D) يرقان نووي",A,A
1644,"مريض عمره ٣٥ سنة، نتائج الفحوصات المخبرية لديه ارتفاع البيليروبين الكلي بنوعيه (بالمصل) ALT,AST وارتفاع فالتشخيص المحتمل:

A) يرقان انحلالي
B) يرقان انسدادي
C) يرقان كبدي
D) يرقان نووي",C,B
1645,"عند مريض نقص الكالسيوم فإن عند معايرة PTH:

A) يدل على قصور درق PTH نقص تركيز
B) يدل على فرط درق PTH زيادة تركيز
C) D يدل على عوز فيتامين PTI زيادة تركيز
D) A&C كلا من",D,D
1646,"مريض يعاني من تشمع الكبد مع حلقة صفراء في القرنية فإن التشخيص:

A) اليرقان
B) ارتفاع بيليروبين المصل
C) داء ويلسون
D) عم يدلل المريض",C,C
1647,"تكون نتيجة الكشف عن الغلوكوز في البول إيجابية كاذبة في حال كان تركيزه أقل من ١٠٠ ملغ / د عنما نعطي المريض كميات كبيرة من؟

A) فيتامين a
B) فيتامين b
C) فيتامين c
D) البروفين",C,C
1648,"يكون الشخص مريض بداء السكري إذا كان الغلوكوز الصيامي عنده:

A) اقل من ١٢٥ ملغ / دل
B) أكثر من ١٢٥ غ\ل
C) أكثر من ١٢٥ ملغ / دل
D) اقل من ١٢٥ غ\ل",C,C
1649,"كل ما يلي حول مريض التلاسيميا بينا الكبرى صحيح ما عدا:

A) العلاج الشافي هو زرع نقي العظم.
B) يحتاج لنقل دم بشكل متكرر.
C) لا يحدث لديه احتشاءات عادة.
D) عادة ما يموت بعمر ٦-٨ أشهر.",C,D
1650,"كل ما يلي حول مريض مرض التلاسيميا صحيح عدا:

A) العلاج الشافي حول زرع نقي عظام
B) يحتاج نقل دم بشكل متكرر
C) لا يحدث لديه احتشائات غالبا
D) عادة يموت بعمر 6_8 أشهر",C,D
1651,"مريض عمره 12 سنة لديه ساد عيني مع عدم وجود أي أعراض أو علامات مرضية أخرى: هذا المريض يشكو من حالة مرضية هي:

A) عدم تحمل اللاكتوز
B) الغالكتوزيمية
C) التسمم بالفركتوز
D) الداء السكري الغالاكتوزي",B,D
1652,"يشارك في تشكيل مغزل الانقسام كل ما يلي ما عدا

A) الجسيم المركزي .
B) النجماء .
C) الغشاء النووي .
D) بروتينات التوبيولين .",C,C
1653,"الطاقة:

A) تتبدد ونكون بحاجة لمصدر مستمر ودائم لها .
B) تستنفذ في بناء الكائنات الحية وكطاقة حركية ميكانيكة .
C) تتبدد بشكل حرارة الى الفضاء الخارجي .
D) كل ما سبق صحيح .",D,D
1654,"تمنع آلية الـ NMD تشكل بروتين:

A) طافر.
B) مبتور.
C) عالي الفعالية.
D) خميري.",B,B
1655,"ال MYOD تحول الخلايا غير العضلية لأرومات عضلية تعمل بألية

A) المحددات السيتوبلاسمية
B) التحريض
C) التثبيط الجانبي
D) الضبط التوالفي",B,C
1656,"يتدخل الهيكل الخلوي في:

A) تخزين الغليكوجين.
B) الانقسام الخلوي.
C) تركيب البروتينات .
D) استهلاك الطاقة .",B,B
1657,"المشغّلات Operons نموذج عن:

A) آلية التحكم الإيجابي
B) آلية التحكم السلبي
C) الآلية الكاظمة السلبية
D) الآلية الكاظمة الإيجابية",B,D
1658,"دورة العتبة :CT

A) تتناسب طردياً مع عدد نسخ الدنا البدئي
B) تتناسب طردياً مع عدد مشارع الدنا البدئية
C) تتناسب عكسياً مع عدد نسخ الدنا البدئي
D) تتناسب عكسياً مع عدد مشارع الدنا البدئية",D,B
1659,"السمة الأبرز لحقيقيات النوى تحت المجهر الضوئي

A) وجود النواة
B) وجود الريبوزومات
C) وجود الجدار الخلوي
D) وجود الغشاء الخلوي",A,A
1660,"في شجرة نسب مرتبطة بخلة متقدرية عند الأم:

A) الذكور مصابون دون الإناث.
B) الخلة تظهر لدى كل الأولاد.
C) لا تتوقف الخلة عند الذكور في الأولاد.
D) تؤثر العوامل البيئية على ظهورها.",C,B
1661,"تحدث الخطوة الأولى من الفسفرة التأكسدية لتحطيم الغلوكوز في :

A) السيتوبلاسما.
B) ADAMS.
C) كل من A و B خاطئ .
D) كل من A و B صحيح .",C,D
1662,"من صفات المالتوز عدا

A) يتألف من جزيئتي غلوكوز
B) مرجع
C) يعد من أكثر المواد النقية انتشارا
D) له نوعان bوa",B,D
1663,"من الامثلة على تفعيل الجينات الورمية بطريقة التضخيم الجيني :

A) BCR-ABL
B) P21.
C) HRAS
D) N_MYC",D,D
1664,"كل ما يلي صحيح عن إقصاء الجين ما عدا:

A) يستخدم النيوماسين كصاد حيوي
B) يحدث التأشيب المماثل
C) عند إقصاء عامل التخثر الثامن لفأر ينتج نموذج الناعور B
D) دراسة تأثير غياب الجين في الخلايا المتمايزة الناتجة عن تعطيل وإقصاء الجين المستهدفة",A,A
1665,"يبدا الانتساخ للجينات المرمزة للبروتينات بارتباط RNApol11 عند :

A) المحضض القريب .
B) المفراز .
C) المسكت .
D) السوائل .",A,A
1666,"تنتج الفسفرة الناتجة عن تفكك الغلوكوز: دورة

A) 5 جزيئات NADH .
B) 15جزيئة NADH .
C) 10جزيئات .NADH
D) 10جزيئات FADH2 .",B,C
1667,"عند غياب الغلوكوز من وسط جراثيم coli.E

A) يتوقف مشغل اللاكتوز عن العمل.
B) ترتفع مستويات camp.
C) يتوقف انتاج Galactosidase- B .
D) يتوقف انتاج Permease.",A,B
1668,"تستخدم تقنية dHPLC في:

A) كشف وفصل المثنويات المتغيرة والمتماثلة الناجمة عن الطفرات النقطية
B) التمييز بين النمطين المتماثل والمتخالف للأليل الطافر
C) نكشف الاختلاف في نكليوتيد واحد دون الحاجة لإنزيمات
D) تمييز التغيير في طول نواتج التفاعل",C,C
1669,"الموقع الطبيعي للجين الورمي ABL :

A) 22q11
B) 9q34
C) 13q1
D) Bq24",B,B
1670,"من البروتينات المصنعة في الجسم التي تزيد من الشهية:

A) PYY
B) Melanocortin_4 receptor
C) Leptin receptor
D) Neuropeptide Y",D,D
1671,"وظيفة المعززات بالوحدة المنظمة

A) بدء انتساخ الجينات
B) تزيد معدل الانتساخ
C) تخفض معدل الانتساخ
D) توقف معدل الانتساخ",B,B
1672,"مؤسس قانون الاصطفاء الطبيعي

A) Woese
B) Darwin
C) Linnaeus
D) Dall",B,B
1673,"من أنماط التحريض

A) النمط المباشر
B) النمط غير المباشر
C) النمط التأزري
D) a+b",D,D
1674,"تحريض تشكل الأديم المتوسط في جنين الضفدع يتبع ل

A) نمط التحريض الأول
B) نمط التحريض الثاني
C) المحددات السيتوبلاسمية
D) لدور التثبيط الجانبي",B,A
1675,"كل ما يلي يحدث في آلية التداخل بالرنا ما عدا:

A) يقوم معقد RISC بشطر الرنا المرسال في حال التكامل التام
B) RISC مسؤول عن التنظيم اللاحق للانتساخ عبر زيادة ثباتية الرنا
C) يقوم معقد RISC فقط بتثبيط ترجمة الرنا المرسال في حال التكامل غير التام
D) يوجد التتالي المستهدف من قبل RISC في الحيوانات في 3' UTR من الرنا المرسال",C,B
1676,"يتم نقل الغلوكوز من خارج الخلية إلى داخلها بواسطة

A) الانتشار البسيط .
B) النقل الفعال .
C) النقل الميسر .
D) قنوات شاردية .",C,C
1677,"تركيب الجزيئات الكبدية في النباتات اعتمادا على الكربون

A) O2 fixation
B) Co2 fixation
C) Coupling
D) Green house effect",B,B
1678,"الخلية الكبدية

A) كاملة القدرات
B) عديدة القدرات
C) قليلة القدرات
D) وحيدة القدرات",B,C
1679,"كل مما يلي من صفات المحددات السيتوبلاسية في البيضة

A) تتوزع بشكل متناظر على الخلايا البنات
B) جزيئات كبرى مرتبطة بألياف الهيكل الخلوي
C) لها قدرة على تغيير التعبير الجيني
D) تؤثر في الدنا النووي",B,A
1680,"الشكل المرئي من أشكال الطاقة:

A) طاقة حركية
B) طاقة كامنة
C) طاقة حرارية
D) لا شيء مما سبق",D,D
1681,"مما يلي يدل على العضية ووظيفتها الصحيحه :

A) الجسيمات البيروكسيدية انتاج الطاقه .
B) الميتكوندريا استحداث السكر .
C) الليزوزمات عمليات هضم داخل الخلية .
D) الريبوزومات اكسدة السموم .",C,C
1682,"لقد تبين في حالة التفارز المستقل أن التركيب الجيني الجديد يظهر لدي (......) من مجموع النسل:

A) 0.4
B) 0.1
C) 0.2
D) 0.5",B,B
1683,"فيما يلي عن اعادة نمذجة الكروماتين:

A) تؤدي استله الكروماتين الى انخفاض الفعالية الانتساخية.
B) تحدث الاستلة عند ثمالات الليزين في ذيل الهيستون 1H.
C) يؤدي نزع الاستلة الى تثبيط التعبير الجيني.
D) يترافق نزع الاستلة مع تحول الكروماتين من النمط المغلق الى النمط المفتوح.",A,C
1684,"في تزيّق الخط الانتاشي :

A) في المضغة بعد الإخصاب
B) في طلائع البيوض والنطاف
C) تلاحظ في تكون العظم الناقص
D) كل ما سبق صحيح",D,D
1685,"يمكن دراسة الوراثة البشرية للخلات من خلال منظورين:

A) دراسة وتحليل بيانات أعداد كبيرة من البشر
B) يمكن أن تدرس وراثة خلة ما بين الأقارب ضمن عائلات مفردة
C) إنشاء شجرة النسب
D) كل ما سبق صحيح",D,B
1686,"تواتر اضطراب فرط كوليسترول الدم:

A) 500/1
B) 100000/1
C) 10000/1
D) 4000-01-01 0:00:00",B,C
1687,"تشافع : Shine Dalarno

A) تشافع نوكليوتيدي موجود عند النهاية 5` للرنا المرسال
B) قي القسم غير المترجم للرنا المرسال3`UTR
C) تشافع نوكليوتيدي موجود عند النهاية 3` لـ 16S rRNA
D) كل ما سبق صحيح",D,B
1688,"يبدأ انتساخ الجينات المرمزة للبروتينات بارتباط انزيم الرنا بوليميراز إلى

A) المعزز enhances.
B) المطلق القريب promoter .
C) المسكتات sssiiilencers.
D) النكليوتيد رقم 10 .",B,B
1689,"تحتاج متلازمة ....... إلى التقييم من قبل اختصاصي غدد صم :

A) متلازمة داون
B) متلازمة تيرنر
C) متلازمة كلاينفلتر
D) متلازمة باتو",C,D
1690,"يوجد للرنا الريباسي :Rrna

A) الرنا المرمز للبروتين
B) الرنا المرسال
C) ثلاثة أنواع
D) ست أنواع",C,A
1691,"كل ما يلي صحيح عن طور البدء في البدائيات النوي ماعدا:

A) يتحرر العامل سيغما بعد اصطناع سلسلة مؤلفة من 8 إلي 9 نوكليوتيدات رنا
B) تتشكل روابط فسفورية ثنائية الاستر بين النوكليوتيدات الريبية القليلة الأولي في سلسلة الرنا الجديدة
C) يرمز لموقع بدء الانتساخ ب1+وهو أول نوكليوتيد في النهاية `3 لسلسلة الرنا الجديدة
D) يشار لموقع بدء الانتساخ بالتتاليات صعدآ",D,C
1692,"الصحيح عن المشتملات كل ما يلي عدا :

A) عضيات خلوية .
B) خالية من النشاط الاستقلابي .
C) توجد في السيتوبلاسما .
D) غير متحركة .",B,A
1693,"Binary Fission

A) عند طلائعيات النوى
B) عند كل النباتات
C) عند كل الحيوانات
D) لا شيء مما سبق",A,A
1694,"عدد طبقات الفوسفولبيد في المذيلة

A) 1
B) 2
C) 3
D) 4",B,C
1695,"يدخل الكولاجين 4 في تركيب

A) الأجهزة الموصلة .
B) الغشاء القاعدي .
C) الأنابيب الدقيقة .
D) الأهداب الحقيقية .",B,B
1696,"تؤدي استلة الهيستونات الى:

A) تفعيل الانتساخ.
B) تثبيط التنسخ.
C) زيادة رزم الجسيمات النووية.
D) اعاقة ارتباط عوامل الانتساخ.",B,A
1697,"في الالية المنظمة المحرضة الإيجابية:

A) يثبط الانتساخ في غياب تميم الكاظم.
B) يحرض الانتساخ بوجود كل من الكاظم وتميم الكاظم.
C) يثبط الانتساخ في وجود كل من المنفعل والمحرض.
D) يثبط الانتساخ بغياب المحرض.",B,D
1698,"انتشار اضطراب بيلة الفينيلكيتون:

A) 10000/1
B) 20000/1
C) 2500-01-01 0:00:00
D) 500/1",B,C
1699,"حنف القدم يوّرث بطريقة :

A) متعددة العوامل
B) جسدية متنحية
C) جسدية سائدة
D) لا يوجد لها تفسير",C,B
1700,"كل ما يلي صحيح عن السرطان الحميد ماعدا :

A) نمو خلوي غير مضبوط
B) لا يشكل نقائل
C) يغزو أعضاء أخرى من الجسم
D) نتيجة خلل في جينات تنظيم الدورة الخلوية",C,A
1701,"يشير الرمز X 81 Arg إلى طفرة:

A) أصابت موقع التضفير في الموقع 8
B) استبدال للحمض الأميني الأرجينين في الموقع81
C) هرائية للحمض الأميني الأرجينين في الموقع 81 حولّته إلى رامز توقف
D) إنزياح إطار أدت لإقحام عند الموقع 81",B,D
1702,"من صفات السكاكر الأحادية ما عدا

A) ذات هيكل كربوني
B) جزيئات صغيرة
C) ضعيفة الذوبان في الماء
D) لا يمكن تحليلها مائيا",C,B
1703,"تتميز متلازمة كلاينفلتر بما يلي :

A) نقص الخصوبة أو العقم.
B) قصر القامة.
C) تخلف عقلي.
D) نسبة انتشارها 1 من كل 1000 والدة جنين حي.",A,A
1704,"يعرف التمايز الخلوي بانه

A) الآلية التي تغير فيها الخلية حالتها من قليلة التخصص إلى أكثر تخصصاً .
B) تشكيل خلايا جذعية .
C) يؤدي إلى الموت الخلوي المبرمج .
D) كل ما سبق خطأ .",A,A
1705,"كل البروتينات التالية تنقص الشهية ما عدا:

A) Lepton
B) PYY
C) Sterol COA denaturize 1
D) Melanocortin 4 receptor",C,C
1706,"يرتبط أنزيم البروتين كيناز CPKc على الوجه السيتولاسمي فقط

A) سبب ارتباط CPKc بالوجه الداخلي هو الشحنة السالبة الضرورية للارتباط
B) اختر العبارة الخاطئة
C) الفوسفاتيديل إينوزيتول هو أحد أكثر الفوسفوليبيدات الشائعة بالغشاء الخلوي
D) يتوضع بشكل كلي بالوريقة الداخلية للغشاء",B,A
1707,"تتميز شجرة النسب الحاوية على حالة وراثة متعلقة بالمتقدرات و الام فقط فيها مصابة ب:

A) الذكور دون الإناث مصابون.
B) الإناث دون الذكور مصابون.
C) كل الأولاد مصابون.
D) كل الاولاد سليمون.",B,C
1708,"يتدخل بتركيب الزغيبات:

A) الأكتين
B) الميوزين
C) التوبيولين
D) الكيراتين",C,A
1709,"داء الناعور B:

A) يصيب الذكور بنسبة 1 لكل 5000.
B) يشكل %30 من اضطرابات التخثر.
C) ينجم عن وراثة متنحية مرتبطة بالصبغي X.
D) تترافق الطفرات خاطئة التعبير بالحالات الشديدة.",D,C
1710,"تتميز الطفرة المحايدة Neutral mutation بما يلي:

A) لا تفقد فيها وظيفة البروتين.
B) لا يتغير الرامز.
C) لا يتغير الحمض الأميني.
D) لا يتغير الرامز المعاكس.",A,A
1711,"اختر الإجابة المناسبة:

A) عدد العوامل المحددة لصفة ما تبقي نفسها من جيل للذي يليه
B) ظهور صفة ما يعكس التركيب الوراثي الضمني لكائن ما
C) التنحي والسيادة هما صفتان من صفات الجينات أو الألائل
D) يدعي الكائن الحي الحاوي علي أليلين مختلفين لجين ما بزيجوت متغاير الألائل",C,C
1712,"يشير مصطلح الاختناق الجيني الى :

A) عدد المتقدرات في هيولى كل خلية.
B) عدد المتقدرات في الخلية البيضية.
C) انخفاض عدد المتقدرات في الخلية البيضية عند نضجها.
D) انخفاض عدد المتقدرات في الخاليا المضغية.",C,C
1713,"الطفرة المحايدة:

A) طفرة مغلّطة لكن بدون عواقب ملحوظة
B) لها تأثير ضار دائماً
C) لا يتغير الحمض الأميني
D) لا يتغير البروتين",A,B
1714,"نوزع المتقدرات الطافرة بين الخلايا خلال تشكيل الأنسجة الجينية:

A) يعتمد علي عوامل بيئية
B) يعتمد علي المصادفة أي بشكل عشوائي
C) يعتمد علي عوامل جينية
D) ليس أيآ مما سبق",B,A
1715,"تتم أستلة الهستونات للحمض الأميني:

A) الليزين
B) الأرجينين
C) اللوسين
D) السيرين",A,C
1716,"الكروماتين الحقيقي:

A) يكون الدنا مرزوم بشدة
B) Closed
C) لا يمكن انتساخ جيناته
D) يحوي جينات فعّالة انتساخياً",A,C
1717,"يعمل انزيم RNA بوليميراز على

A) نسخ شريط الدالة
B) شطر المنتسخ البدني
C) تشكل المعقد النهائي
D) لا شيء مما سبق",A,A
1718,"تواتر المصابين متماثلي الزيجوت للداء الليفي الكيسي في شمال أوروبا :

A) واحد لكل 2500
B) واحد لكل 250
C) واحد لكل 25
D) واحد لكل 17000",A,B
1719,"الأساس الازوتي المميز للدنا

A) يوراسيل
B) تايمين
C) غوانين
D) ادينين",B,A
1720,"كل ما يلي صحيح عن إنزيم النكلياز ما عدا:

A) يشطر المثنويات المتغايرة
B) يشطر المثنويات المتماثلة
C) في حال عدم تكامل
D) في حال وجود تباين",C,A
1721,"تتم معالجة المنتسخ البدئي:

A) تضفير الانترونات .
B) تضفير الاكسونات .
C) اضافة ذيل الأدينات للنهاية 5 .
D) اضافة الـ Gap للنهاية ٣ .",B,B
1722,"تزيد ثباتية الكولاجين بتواسط أنزيم:

A) بروليل هيدروكسيلاز
B) أدينيل سيكلاز
C) فاليل هيدروكسيلاز
D) غليسين هيدروكسيلاز",A,A
1723,"من وظائف البروتينات الغشائية كل ما يلي ما عدا

A) النقل داخل الغشائي .
B) التعرف الخلوي .
C) التقاط المعلومات.
D) تحديد سيولة الغشاء .",D,D
1724,"تكون الروامز المرمزة للأحماض الأمينية :

A) مختلفة بالخصائص الكيميائية وتختلف عادةً بنوكليوتيد واحد
B) متشابهة بالخصائص الكيميائية وتختلف عادةً بنوكليوتيد واحد
C) مختلفة بالخصائص الكيميائية ومتشابهة
D) كل ما سبق خاطئ",B,C
1725,"يتشارك أقرباء الدرجة الثالثة والرابعة مع المستلفت بـ :

A) ثلث مادتهم الوراثية
B) سدس مادتهم الوراثية
C) ثمن مادتهم الوراثية
D) ربع مادتهم الوراثية",B,B
1726,"يكون الصبغي في أقصى درجات التكثف

A) في الطور .G1
B) في الطور .S
C) في الطور .G2
D) في الطور .M",D,D
1727,"يعد كل ما يلي من الأخطاء والعثرات التي تعترض عمل الاستنصاح الوراثي عدا:

A) عدم وجود تشخيص دقيق للمستلفت.
B) التغاير الجيني الوراثي.
C) التزيق القندي.
D) النفاذ.",C,D
1728,"بلمعة المواد الصلبة واحتساء السائلة

A) احتساء المواد الصلبة وبلمعة السائلة
B) A+b
C) لا شيء مما سبق
D) النقل المنفعل",B,B
1729,"يرمز ب NARP:

A) الاعتلال الدماغي المتقدري المترافق مع الحماض اللاكتيكي
B) اعتلال العصب البصري
C) اعتلال الصرع الرمعي العضلي والألياف الحمراء الممزقة
D) الاعتلال العصبي المترافق مع الرنح والتهاب الشبكية الصبغي",C,B
1730,"المصدر الأساسي لتنوع الكائنات الحية:

A) Growth .
B) Regulation .
C) Adaptaion .
D) Evolution .",D,A
1731,"البروتينات المسية ما عدا:

A) دورها وظيفي
B) تحرض نمو وتمايز الخلايا
C) لها دور باستشفاء الجروح
D) لها دور بنيوي مباشر",D,D
1732,"نفوذه للماء وغير نفوذه للأيونات

A) نفوذه للأيونات وغير نفوذه للماء
B) نفوذه للماء والأيونات
C) غير نفوذه لكليهما
D) الاكوابورينات",D,A
1733,"كل مما يلي هو من الجزء البصري من المجهر الضوئي عدا:

A) العينيه العدسه .
B) الجسميه العدسه .
C) المكثف .
D) الضوابط الصغيرة .",D,D
1734,"وراثة الزمر الدموية تنتمي ل:

A) الوراثة المندلية
B) الوراثة وحيدة الصبغي
C) الوراثة عديدة الجينات
D) A+B",D,D
1735,"الخلية الأكثر نشاطا مما يلي

A) ذات النواة الصغيرة
B) ذات السيتوبلازما الكبيرة
C) ذات الحجم الأصغر
D) ذات السطح الأصغر",B,C
1736,"ينظم تجمع الخلايا في كل تجمع خلوي بوساطة

A) ضبط معدل الانقسام الخلوي
B) ضبط معدل الموت الخلوي
C) كل ما سبق صح
D) كل ما سبق غلط",C,C
1737,"يتشارك أقرباء الدرجة الثانية ب :

A) كل المادة الوراثية.
B) نصف المادة الوراثية.
C) ربع المادة الوراثية.
D) ثمن المادة الوراثية.",C,C
1738,"جزيئات كبرية داخل الخلية تعمل تباعا لنقل الإشارة:

A) السبيل الإشاري الداخلي
B) المستقبلات البروتينية
C) البروتينات المستفعلة
D) الجزيئات الإشارية",A,D
1739,"ال MyoD تحول الخلايا غير العضلية لأرومات عضلية تعمل بألية

A) المحددات السيتوبلاسمية
B) التحريض
C) التثبيط الجانبي
D) الضبط التوالفي",B,D
1740,"تتألف الفوسفولبيدات من حمضين دسمين والفوسفات و:

A) الكوليسترول .
B) الكولين .
C) السيفنغوميلين .
D) الغليسرول .",D,D
1741,"وظيفة الوحيدة سيغما في انزيم بوليمراز RNA البكتيري:

A) إطالة سلسلة ال RNA.
B) إنهاء عملية اصطناع ال RNA.
C) فك طاقي ال DNA.
D) التعرف على المحضض.",B,D
1742,"تؤدي ذيول عديد الأدنيل المُضافة إلى النهاية 3` لسلسلة الرنا البدئي عند حقيقيات النوى:

A) دور مهم في نقل الرنا مرسال خارج النواة إلى الهيولى
B) المساعدة في ترجمة الرنا في الهيولى
C) حماية سلسلة الرنا من التدرك
D) ضروري لربط عدة عوامل بروتينية",C,B
1743,"بنى صغيرة توجد ضمن الخلية تؤدي وظائف نوعية

A) Atom
B) Molecule
C) Organelles
D) Cell",C,C
1744,"كل ما يلي صحيح عن المعزازات ما عدا:

A) لا تعمل اال إذا كانت بجوار المحضض
B) تعمل بشكل مستقل عن اتجاهها بالنسبة للجين
C) تعمل بشكل مستقل عن موقعها صعدا او نزال من الجين
D) طولها مئات من النكليوتيدات وتكون نوعية للنسج غالبا",A,A
1745,"ينشط المرسال الثاني IP3 اطلاق ايونات الكالسيوم في البلازما الخلوية بتأثيره على مستقبلاته في

A) المصورات الخلوية .
B) الغشاء النووي .
C) الشبكة السيتوبلاسمية الداخلية .
D) الغشاء السيتوبلاسمي .",B,C
1746,"يعتمد ضبط النظام الخلوي الجذعي على إشارات جزئية تتبادل بين

A) الخلايا الجذعية وذريتها .
B) الخلايا الجذعية والنسج المحيطة .
C) الخلايا الجذعية وذريتها والنسج المحيطة .
D) تعتمد على نفسها فقط .",C,C
1747,"من الأصناف الرئيسية للسكاكر ما عدا

A) سكاكر أحادية
B) سكاكر ثلاثية
C) قليلات سكاكر
D) عديدات سكاكر",C,A
1748,"الكفاءة

A) هي قدرة الخلية على الاستجابة لإشارة
B) مستقبلاتها غير نوعية
C) ترتبط بدور المحددات السيتوبلاسمية
D) كل ما سبق صحيح",D,A
1749,"تمتلك كل حالة اضطراب وراثي بشري مدونة في الOMIM:

A) مجموعة من المعلومات حول الإعتلال وأساسه الجزيئي
B) وراثه الإعتلال الجزيئي
C) الملامح و التدرابير السريرية لهذا الإعتلال
D) كل ما سبق صحيح",D,D
1750,"يصيب الناعور B الإناث :

A) بنسبة واحد لكل خمسة آلاف
B) بنسبة واحد لكل 30000 ألف
C) بنسبة واحد لكل ألفين
D) ليس أياً مما سبق",B,B
1751,"تظهر ال Tetrad بوضوح خلال:

A) prophase
B) Metaphase
C) anaphase
D) telophase",B,C
1752,"الترتيب الصحيح للمستويات التراتبية من الأصغر:

A) العضو ← الجهاز العضوي ← الجمهرة ← الكائن .
B) الكرة الحيوية المجتمع ← المنظومة ← البيئية ← الجمهرة .
C) المنظومة البيئية ← الكرة الحيوية ← المجتمع ← الكائن .
D) الجمهرة ← المجتمع ← المنظومة البيئية ← الكرة الحيوية .",D,D
1753,"اول مايترسب من العضيات الخلوية بتقنية التثقيل التفاضلي .

A) النواة .
B) الريبوزومات .
C) الستوبلاسما .
D) جهاز غولجي .",B,A
1754,"استخراج الماء من العينة النسيجية

A) Fixation
B) Dehydration
C) Embedding
D) Staining",B,B
1755,"تدعى البروتينات المشكلة لمعقدات الثقوب النووية

A) اللامين .
B) الكاريوفبرينات .
C) الامبورتين .
D) النكليوبورين .",B,D
1756,"تزال المتقدرات الحاوية على طفرات بالية:

A) المتقطعة الأنزيمات.
B) الجيني الاختناق.
C) التفارز المستقل
D) التضفير.",D,B
1757,"التحوير الوراثي هو:

A) NORTHERN.
B) .WESTERN
C) SOUTHERN .
D) استبدال جين.",D,D
1758,"يتصف الرامز الوراثي بكل مما يلي عدا :

A) مؤلف من 3 نكليوتيدات.
B) ال يحوي فواصل.
C) خاص بكل كائن حي.
D) غير متداخل.",C,C
1759,"المتلقى الالكترونى الأخير في العديد من منظومات النقل الالكتروني:

A) Fe3.
B) o.
C) FMN .
D) FAD.",C,B
1760,"عامل الإطلاق في حقيقيات النوى :

A) RF1
B) eRF
C) RF2
D) Eif",D,C
1761,"يهدف الاستنصاح الوراثي إلى ألالائل لنفس الخلة فإننا سنحصل على:

A) فهم طبيعة الاضطراب الوراثي وانتقاله.
B) تطبيق المعالجة الجينية المناسبة.
C) الكشف عن الأمراض الوراثية.
D) معالجة الأجيال اللاحقة.",A,A
1762,"يعتمد معامل التثفيل لعضية ما على ما يلي عدا

A) حجمها
B) شكلها
C) كثافة ولزوجة الوسط المحيط بها
D) دورها البيولوجي",D,D
1763,"الجمهرة

A) عدد من الكائنات الحية من نفس النوع
B) تكاثر أفراد من أنواع مختلفة
C) المجتمع إضافة الى البيئة الفيزيائية
D) كل المنظومات البيئية على الكوكب",C,A
1764,"يتميز الرنا الريباسي بكل مما يلي عدا:

A) طوله عشرة آلاف.
B) له نمطان في المتقدرات.
C) له أربعة أنواع هيولية.
D) يرتبط مع بروتينات ليشكل الريباسات.",A,A
1765,"يتحول G3P لاحقا إلى:

A) غلوكوز فوسفات
B) أحماض دسمة
C) أحماض أمينية
D) أحماض نووية",B,D
1766,"تخزن الطاقة الزائدة عن استطاعة الكبد لاستيعابها أولا في

A) النشاء.
B) البروتينات.
C) النسج الشحمية.
D) الأحماض الأمينية.",C,C
1767,"يؤدي تثلث الصبغي X إلى :

A) طول قامة .
B) نفاذ مبكر للجريبات.
C) تباعد في العينين.
D) مشاكل في التعلم..",D,D
1768,"كل ما يلي صحيح عن سرطان الثدي ماعدا :

A) يكون وراثياً بنسبة %10_5
B) يصيب أكثر من %35 في من أعمارهن أقل من الثلاثين
C) يعود إلى طفرات BRCA1 بنسبة نحو %35
D) يصيب أقل من %1 في سن فوق الثمانين",B,B
1769,"ما يلي صحيح بالنسبة لخيوط الأكتين عدا:

A) مستقطبة
B) تنمو بإضافة موجودات من الأكتين
C) النمو في الطرف السالب أسرع
D) توجد في جميع حقيقيات النوى",C,C
1770,"تبدأ عملية تشكل معقد الانتساخ في الحقيقيات بارتباط العامل (----) بأحد عناصر المحضض القريب:

A) TfIIB .
B) TFIID .
C) TFIIF .
D) TFIIE .",B,C
1771,"مراحل تحضير المقاطع النسيجية :

A) تجفيف _تثبيت _ادماج _تقطيع_ تلوين .
B) تلوين _تقطيع _تجفيف _ادماج _تثبيت.
C) تثبيت_تجفيف_ادماج_تقطيع_تلوين.
D) ادماج _تقطيع_ تلوين _تثبيت_ تجفيف .",A,C
1772,"في تقانة الدنا المأشوب :

A) مستعمرات الجراثيم الحاوي على البالسميد المؤشب تظهر بلون أزرق.
B) بمكن الكشف عن الجراثيم الحاوية فقظ على البالسميد المؤشب من خلال تنيمه الجراثيم في وسط يحوي صاد حيوي
C) نميز بين الجراثيم التي تحوي البالسميد أو لا تحويه من خلال تنمية الجراثيم في وسط يحوي صاد حيوي.
D) لا تستطيع الجراثيم الحاوية على بالسميد فقط أن تنمو.",C,C
1773,"الكروماتين الحقيقي:

A) يكثر تواجده في القسيم المركزي للصبغيات.
B) يكثر تواجده في القسيم الطرفي للصبغيات.
C) منطقة غنية بالجينات الفعالة.
D) يبقى متكثفاً خلال دورة الانقسام.",C,C
1774,"تتواجد تتاليات الدنا المتكررة في:

A) يتواجد DNA Satellite في القسيمات الطرفية.
B) يتواجد DNA Minisatellite في القسيمات المركزية.
C) يتواجد DNA Microsatellite في الصبغيات كلها.
D) يتواجد DNA Satellite في الكروماتين الحقيقي.",C,C
1775,"نستخدم في تقنيات التبقيع أغشية من

A) النايلون أو السيللوز.
B) Amino acyl sit.
C) Peptide site.
D) الاسيتونتريل مع مادة TEAA.",A,A
1776,"تركيز البروتونات في المتقدرات يكون أعلى في:

A) مطرس المتقدرة
B) الفراغ البيني
C) الغشاء الخلوي
D) a+b",A,B
1777,"كل ما يلي صحيح عن إلازفاء ما عدا :

A) هو انتقال لشدفة او شدف ما بين صبغيين غير متماثلين.
B) يمكن تحري الازفاء مرة واحدة من كل800 مولود حي.
C) لا يؤدي الى خلل في انتاج الأعراس.
D) ليس للازفاء في كثير من الأحيان تأثرات حيوية مباشرة على الشخص الذي يحمله بسبب ان المادة الوراثيى ال تفقد.",C,C
1778,"تتوضع تسلسلات الوحدة المنظمة

A) في مواقع بعيدة عن نقطة بدء الانتساخ
B) بعد التسلسل المنهي للجين
C) ضمن الانترونات
D) كل ما سبق صح",D,D
1779,"يبدأ طور الإطالة عند البدائيات ب:

A) ارتباط أحد tRNA Aminoacyl الى الموقع P في الريباسة.
B) ارتباط أحد tRNA Aminoacyl الى الموقع A في الريباسة.
C) ارتباط أحد tRNA Amino acyl الى الموقع E في الريباسة.
D) ارتباط أحد tRNA Amino acyl الى الموقع A دون وجود عوامل اطالة",A,B
1780,"الخلايا الجذعية الميزانشيمية مأخوذة من

A) أجنة الإخصاب بالزجاج
B) نسيج الحبل السري البشري
C) الخلايا المولدة للأعراس
D) كل ما سبق",D,D
1781,"المعقدات المستخدمة لإعادة نمذجة الكروماتين هي:

A) المعقدات الأنزيمية المضيفة للكربوكسيل.
B) الأنزيمات المضيفة لمجموعة الأستيل.
C) الأنزيمات المحطمة للـ DNA .
D) الأنزيمات المضيفة للأدنين.",B,B
1782,"تنجم الأمراض الوراثية لدى الإنسان عن:

A) أليل سائد فقط
B) أليل متنحي فقط
C) أليل سائد ومتنحي
D) كل ما سبق خطأ",C,B
1783,"نص فرضية Knudson في الشكل:

A) يرث المصاب كال الاليلين الطافرين من ابويه معا.
B) يرث المصاب كال الاليلين الطافرين من ابيه فقط .
C) تكون طفرة الاليل الثاني جسدية مكتسبة.
D) يرث المصاب كال الاليلين الطافرين من امه فقط.",C,C
1784,"يتم في المرحلة الأولى من التضفير عند حقيقيات النوى:

A) شطر الانترون من النهاية 5 َ بتواسط 2U.
B) شطر الانترون من النهاية 3 َ بتواسط 2U.
C) شطر الانترون من النهاية 3بتواسط 1U.
D) شطر الانترون من النهاية 5 َ بتواسط 1U.",A,D
1785,"طرق انتقال المسار التمايزي للخلايا البنات

A) العروة إيجابية التقليم الراجع
B) تكاثف الكروماتين
C) تمثيل الدنا
D) ما سبق صحيح",D,E
1786,"تنجم متلازمة ولف هيرشون عن:

A) خبن انتهائي في الذرع القصير من الصبغي الرابع
B) خبن خلالي في الذرع القصير من الصبغي X
C) خبن خلالي في الذرع الطويل من الصبغي X
D) خبن انتهائي في الذرع القصير من الصبغي الخامس",A,B
1787,"تؤدي الأملاح المعدنية دورا في الحفاظ على حياة الخلية من خلال المحافظة على

A) الرابطة التساهمية .
B) الضغط التناضحي .
C) الانقسام .
D) PHالخلية.",B,A
1788,"الأمراض متعددة العواملMultifactorial diseases:

A) تضم جينات متعددة تتأثر مع بيئتها الجينية المحيطة بها .
B) تضم عوامل جينية وعوامل ال جينية.
C) ليس للبيئة أي تأثير فيها.
D) تنتقل عبر العوامل حسب قوانين مندل.",B,B
1789,"التشخيص قبل التعشيش يتضمن ما يلي عدا:

A) اعتيان الز غابات المشيمية.
B) اعتيان خاليا الأرومة المغذية.
C) اعتيان التويتة الباكرة.
D) اعتيان الجسم القطبي الأول.",B,A
1790,"الفقاع الشائع ما عدا:

A) مرض مناعي ذاتي
B) تظهر فيه اضداد البروتين الديسموكولين والكاتينين
C) يفكك النسيج الظهاري
D) PERMPHIGUS VULGARIS",D,B
1791,"تتكون الارجل الصفائحية للكريات البيض من

A) خيوط الاكتين .
B) خيوط التوبولين .
C) بروتينات عابرة للغشاء .
D) فوسفوليبيدات .",A,A
1792,"في آلية التحكم المحرض السلبي يمكن لإنزيم بوليميراز الرنا أن يرتبط بمحضض الجين البنيوي:

A) عندما يرتبط الكاظم بالمحرض
B) عندما يرتبط المعقد كاظم – محرضّ بالموقع RPBs
C) عندما يرتبط الكاظم بشكله الحر إلى الموقع RPBs
D) ليس أياً مما سبق",C,C
1793,"يتكون التتالي المحفوظ في المنطقة –10 من المحفز من التتاليات:

A) TTATAT
B) TTATTT
C) TATAAT
D) كل ما سبق خطأ",B,C
1794,"يكون الحمض الأميني الأول في جميع عديدات الببتيد عند بدائيات النوى:

A) الميثونين العادي غير المعدل.
B) الثيرونين غير المعدل.
C) الثيرونين المعدل المضاف له جذر الفورميل.
D) الميثيونين المعدل المضاف له جذر الفورميل.",D,C
1795,"من وظائف البيروكسيزومات ما عدا

A) أكسدة الجزيئات السامة
B) تساهم باستحداث السكر
C) تسهم في صنع الكوليسترول
D) استقلاب السكاكر",B,D
1796,"الخلية الملتزمة

A) تلتزم مسارا تمايزيا محددا
B) تتحول إلى مصير آخر إذا تعرضت لظروف قسرية كافية
C) عندما تصبح محددة لا تغيرها شروط الوسط حولها
D) كل ما سبق",D,D
1797,"التزيق في الفرد هو:

A) خلل في الانقسام الفتيلي يؤدي لفقد الصيغة الصبغية.
B) خلل في الانقسام الانتصافي يؤدي لفقد الصيغة الصبغية.
C) خلل في الصيغة الصبغية لكل خاليا الجسم.
D) خلل في الصيغة الصبغية لمجموعة خاليا دون أخرى.",B,D
1798,"تتميز عملية الترجمة في حقيقيات النوى بكل ما يلي ماعدا :

A) تتم في هيولى عند حقيقيات النوى
B) يرتبط الرنا المرسال مع الريباسة من النهاية 3` للرنا المرسال
C) يرتبط أولًا مع الوحيدة الصغيرة للريباسة
D) الحمض الأميني الأول هو الميثيونين",B,C
1799,"التوحد :

A) إعاقة عقلية عند %75 من المصابين
B) معدل التواؤم عند التوائم الأحادية %90_40
C) خطورة رجعة التوحد بين الأشقاء أقل من %0.13
D) نسبة المصابين بالتوحد ولديهم صرع %30",B,D
1800,"يبلغ طول قطع Okazaki عند بدائيات النوى:

A) من 5-10 نكليوتيدات
B) من 100-200 نكليوتيدات
C) من 1000-2000 نكليوتيدات
D) كل ما سبق خطأ",B,C
1801,"(Trisomy 21)

A) متلازمة داون
B) متلازمة ترنر
C) متلازمة كلاينفلتر
D) متلازمة باتو",A,D
1802,"كل مايلي من الخلايا نهائية التمايز عدا

A) الخلايا الكبدية .
B) الكريات الحمراء .
C) خلايا البشرة السطحية .
D) خلايا لمعة الأمعاء .",B,A
1803,"الريبوزوم هو

A) بروتينات +mRNA
B) بروتينات + rRNA
C) بروتينات +mDNA
D) بروتينات +rDNA",B,B
1804,"أهم أعراض متلازمة كليفنتر

A) تخلف عقلي .
B) تثلث صبغي XXY .
C) تثلث صبغي 21 .
D) قصر في القامة (قزامة) .",C,B
1805,"يدل رمز الفرد -2I على :

A) أنثى مصابة.
B) أنثى حاملة المرض.
C) ذكر مصاب.
D) غير محدد الجنس.",B,A
1806,"أكثر وأسهل الأشكال وصولا للطاقة في مصادر الطاقة طويلة الأجل:

A) المدرجات الأيونية
B) الروابط التساهمية C-C
C) ATP
D) لا شيء مما سبق",C,A
1807,"قد يكمن السبب الفيزيائي لظهور العصابات في النمط النووي إلي كل ما يلي ماعدا:

A) الاختلاف بتركيب النكليوتيدات
B) وجود بني ثانوية مثل العري في مناطق من الصبغيات دون غيرها
C) ارتباط بروتينات معينة مع مناطق محددة من الصبغيات دون غيرها
D) نوع معالجة الصبغيات قبل التلوين",D,B
1808,"يكون العدد الصبغي عند الخلية البشرية تدخل طور الانقسام

A) 1n .
B) 3n .
C) 2n .
D) 4n.",C,C
1809,"خلايا متجددة باستمرار

A) خلايا الجلد
B) خلالا الأمعاء
C) الدم
D) كل ما سبق",D,D
1810,"بروتين يضم سلاسل بيبتيدية فقط

A) بروتين شحمي
B) كازنين
C) بروتامين
D) بروتين سكري",C,C
1811,"في الألية المنظمة المحرضة السلبية:

A) يقوم المحرض بتنشيط المفعل وتحريض الانتساخ.
B) يحرض الانتساخ بوجود المحرض.
C) يثبط الانتساخ بوجود تميم الكاظم.
D) يحرض الانتساخ بوجود الكاظم وتميم الكاظم.",B,B
1812,"تحوي المنهيات المستقلة عن العامل Rho في لدينا تسلسلات غنية ب :

A) الأدنين و الغوانين
B) الأدنين و التيامين
C) التيامين والسيتوزين
D) الغوانين والسيتوزين",B,C
1813,"ُيطلق على دمج البيانات الجينية مع المعلومات الفيزيولوجية والكيميائية الحيوية مصطلح:

A) Personalized Medicine
B) Precision Medicine
C) . Medicine Regenerative
D) . Genomic Personalized",B,B
1814,"بازدياد حاجة الخلية للطاقة يزداد عدد(الخاطئة):

A) الجسيمات المفككة للبروتينات.
B) الاعراف داخل المقتدرات
C) المقتدرات
D) معقدات ATPASE داخل المقتدرات",C,D
1815,"من صفات التوائم الأخوان Fraternal Twins ماعدا:

A) تنشأ عن زيجوت واحدة انقسمت إلي مضغتين
B) تنشأ عن ثنائية زيجوتDZ
C) تشترك بنصف جيناتها
D) من الناحية الوراثية متشابهين تشابه الأخوة و الأخوات",A,D
1816,"تشابك أزواج الصبغيات القرينة خلال:

A) prophase
B) Metaphase
C) anaphase
D) telophase",B,B
1817,"ليس من الاضطرابات المتعددة الأجهزة:

A) التصلب الحدبي
B) متلازمة مارفان
C) حثل التأثر العضلي
D) داء الكلية متعدد الكيسات",C,D
1818,"ترتبط سلسلتا عديدي النكليوتيد مع بعضهما البعض بواسطة روابط:

A) فوسفورية.
B) فوسفودي استر.
C) هيدروجينية.
D) غليكوزيدية",B,C
1819,"XXXXX

A) الرابطة C-C
B) ATP
C) معا a+b
D) لا شيء مما سبق",C,B
1820,"المكونات الرئيسية للديسموزوم:

A) الديسموغليين
B) الديسموكولين
C) الديسمين
D) a+b",D,D
1821,"بروتينات تسيطر على الدورة الخلوية:

A) كينازات
B) سيدكلينات
C) كوندسينات
D) a+b",D,A
1822,"الجزيئة الأم للستيرونيدات

A) الماء
B) الكوليسترول
C) الكوريتزول
D) لا شيء مما سبق",B,A
1823,"شجرة وراثية لخلة متنحية فيها الأبوين مصابين تتميز ب:

A) الذكور فقط مصابين.
B) الإناث فقط مصابين.
C) كل الابناء سليمين.
D) كل الأبناء مصابين.",D,D
1824,"يغيب الأليل CYP2D6 المسؤول عن ضعف الاستقلاب في :

A) العرق الأبيض
B) أمريكا
C) آ سيا
D) أوروبا",C,D
1826,"يعطي الأديم الظاهر

A) الظهارة العصبية
B) العضلات الهيكلية
C) جهاز الأطراح
D) جهاز الدوران",A,A
1827,"يمثل كل ما يلي امراضا مرشحة للمعالجة الجينية داخل العضوية vivo in ما عدا:

A) الكيسي التليف Cystic Fibrosis.
B) العضلي الحثل Muscular Dystrophy.
C) الناعور Hemophilia.
D) SCID",D,D
1828,"الخلايا الخبيثة خاليا خالدة ألنها تملك فعالية إنزيم:

A) Ligase
B) DNA polymerase
C) Premise
D) Telomerase",D,D
1829,"يحدث التعابر الصبغي بين:

A) الصبغيين الأخويين
B) الصبغيين غير الأخويين
C) الصبغيين المتجانسين
D) كل ما سبق خطأ",B,A
1830,"عند وجود التربتوفان:

A) ينخفض معدل ترجمة منتسخات الجينات البنيوية
B) يزداد معدل ترجمة منتسخات الجينات البنيوية
C) ينخفض معدل انتساخ الجينات البنيوية
D) يرتفع معدل انتساخ الجينات البنيوية",A,C
1831,"الشكل الذي يربط ADP و Pi بقوة أكبر:

A) O
B) L
C) T
D) R",B,B
1832,"الناعور A:

A) عوز في العامل الثامن لتخر الدم
B) قصور قشرة الكظر
C) عوز الفوسفات
D) عوز إنزيم HGPRT",A,B
1833,"بروتينات تسبب مقاومة الخلايا لأدوية السرطان :

A) الهرسبتين
B) السيتوكروم P–450
C) الديجوكسين
D) PGPs",A,A
1834,"من الطرق المتبعة للتحقق من الخلات متعددة العوامل كل ما يلي عدا:

A) قابلية الانتقال بالوراثة.
B) دراسات الارتباط الواسع للمجين.
C) الاختطار التجريبي.
D) الانتقاد و التعبر.",D,D
1835,"يتميز الرنا الريباسي بكل مما يلي عدا:

A) طوله عشرة آلاف نوكليوتيد.
B) له نمطان في المتقدرات.
C) له أربعة أنواع هيولية.
D) يرتبط مع بروتينات ليشكل الريباسات.",A,A
1836,"تشمل الأخطاء والعثرات التي تعترض عمل الاستنصاح الوراثي كل مما يلي ما عدا:

A) تشخيص خاطئ للمستلفت.
B) عدم النفاذ.
C) وجود وفيات.
D) التزيق القندي.",D,C
1837,"الجينات علي الصبغيات في حالة التفارز المستقل""

A) تكون مرتبطة بشكل خطي عند تواجدها علي الصبغي نفسه
B) تكون غير مرتبطة عند تواجدها علي صبغيات مختلفة
C) تورث علي شكل مجموعات
D) كل ما سبق صحيح",D,D
1838,"تتميز الطفرة الهرائية بكل ما يلي عدا :

A) يتغير فيها الرامز الى رامز توقف.
B) قد تؤدي الى انتاج بروتين مبتور.
C) ال يتغير فيها الرامز المعاكس.
D) قد يتدرك فيها الرنا المرسال.",C,C
1839,"كل مما يلي من صفات متلازمة مارفان ماعدا:

A) أصابع اليد والقدم طويلة
B) تشوهات هيكلية
C) بدء مبكر لمرض الشريان
D) جنف",D,B
1840,"الجزيئات الكبرية التي تعتبر مصدرا مهما للطاقة هي التالية

A) السكاكر المتعددة الشحوم.
B) الشحوم.
C) .DNA
D) البروتينات.",B,C
1841,"نطاقات الحياة ما عدا

A) العتائق
B) حقيقات النوى
C) الجراثيم
D) طلائعيات النوى",A,D
1842,"تتحكم بقرار مصير الخلية نقطة التحقق : (اختر الإجابة الصحيحة)

A) G1.
B) G2.
C) M.
D) G0.",A,D
1843,"يعطي النسج قوة وصلابة

A) الكولاجين الصفائحي .
B) الكولاجين الليفي .
C) كل من A + B .
D) كل ما سبق خاطئ .",B,B
1844,"الصفيحة النووية تتألف من:

A) اللامين.
B) LBR و اللامين .
C) LBRو اللامين و الامبرين .
D) ریبوزومات .",C,D
1845,"الحويصلات التي تنقل من ER الى مدخل غولجي تكون مغطاة ب

A) بروتين الكلاثرين
B) بروتين COP2
C) بروتين COP1
D) لا شيء مما سبق",A,B
1846,"من الامراض ذات الوراثة المرتبطة بالصبغي :

A) متلازمة البورت.
B) داء هنتغتون.
C) التليف الكيسي.
D) داء السكري.",B,A
1847,"النقل الفعال هو النقل من التركيز

A) الأعلى إلى الأدنى دون استهلاك طاقة .
B) الأدنى الى الأعلى مع استهلاك طاقة .
C) الأعلى إلى الأدنى مع استهلاك طاقة .
D) الأدنى الى الأعلى دون استهلاك طاقة .",B,B
1848,"التضفير هو :

A) ازالة الانترونات وجدل الاكسونات .
B) ازالة الاكسونات وجدل الانترونات .
C) ازالة الاكسونات والنترونات .
D) ازالة بعض الاكسونات وبعض الانترونات .",B,C
1849,"الالتقام هو

A) بلعمة المواد الصلبة واحتساء المواد السائلة .
B) احتساء المواد الصلبة وبلعمة المواد السائلة .
C) البلعمة فقط .
D) الاحتساء فقط.",A,A
1850,"C-C هي :

A) أقوى الروابط وأكثرها خزناً للطاقة .
B) أقوى الروابط وأقلها خزناً للطاقة لطاقة .
C) أضعف الروابط وأكثرها خزناً للطاقة .
D) أضعف الروابط وأضعفها خزناً للطاقة .",B,C
1851,"أكبر مستوى من المستويات التراتبية للحياة :

A) الجمهرة .
B) المنظومة البيئية .
C) الكرة الحيوية .
D) المجتمع .",C,B
1852,"بشير مصطلح الديناميكية الدوائية إلى:

A) امتصاص الدواء.
B) ألفة المستقبل للدواء.
C) استقلاب الدواء.
D) إطراح الدواء.",B,B
1853,"أنماط التكرارات الترادفية

A) تختلف عن بعضها بطول الوحدة التكرارية
B) تختلف عن بعضها بعدد مرات تكرارهاا
C) ينتمي لها تسلسلات القسيمات المركزية والطرفية للصبغيات
D) كل ما سبق صح",D,D
1854,"تشمل متلازمة مواء القطط كل مما يلي عدا:

A) صغر الرأس.
B) بكاء يشبه مواء القطط.
C) تخلف عقلي شديد.
D) ضخامة بالفك والأطراف.",D,D
1855,"يحث كيناز السيرين والتيرونين ATK المعروف أيضا بالتيرونين الخلايا على

A) قتل نفسها بالاستموات .
B) النمو وزيادة الحجم .
C) افراز الهرمونات
D) فسفرة RTK",B,B
1856,"التسلسلات التكرارية

A) موجودة بنسخ عديدة في الجيلوم
B) غير جينية
C) عديدة النسخ
D) كل ما سبق صحيح",D,D
1857,"ملء فراغات العينة بالبرافين

A) Fixation
B) Dehydration
C) Embedding
D) Staining",C,C
1858,"من Chromosomal Rearangement عدا:

A) Deletion
B) Inversion
C) Duplication
D) Tetration",D,A
1859,"في حال كانت الخلات محكومة لجين واحدة فإن نسبة ظهورها عند التوائم المتماثلة تبلغ:

A) 1
B) 0.5
C) 0.25
D) 0.75",A,D
1860,"تدعى جزيئات الرنا الي يتم اصطناعها في النوية

A) mRNA
B) tRNA
C) rRNA
D) miRNA",A,A
1861,"تبدأ جميع عديدات الببتيد في بدائيات النوى ب:

A) الميثيونين غير المعدل.
B) المعدل الميثيونين.
C) المعدل غير الثريونين.
D) المعدل الثريونين.",A,B
1862,"يدل تقدير نسبة تنوع النمط الظاهري لخلة ما بسبب الاختلافات الجينية على :

A) قابلية الانتقال بالوراثة.
B) الاختطار التجريبي
C) معدل الانتشار
D) معدل الوقوع",A,A
1863,"الطابع النووي

A) يكشف الكثير من المتلازمات الوراثية
B) يكشف المتلازمات الغير ناتجة عن التناذرات الصبغية
C) لا يميز زيادة أو نقصان العدد الصبغي
D) لا يميز تغير بنية الصبغيات",A,A
1864,"البروتينات التي ترتبط مع القسيم الطرفي:

A) CENP
B) الحركي الحيز بروتينات.
C) TRF
D) PDG بروتينات .",C,C
1865,"في التليف الكسي يحدث خلل في نقل شاردة:

A) الصوديوم.
B) البوتاسيوم.
C) الكالسيوم.
D) الكلور.",B,D
1866,"الألية التي تضمن للخلية الجذعية استمرارها إلى ما لا نهاية

A) التمايز
B) تحولها إلى نهاية التمايز
C) التجديد الذاتي
D) كل ما سبق",C,C
1867,"يمكن الكشف عن حملة التلاسيميا بيتا عن طريق كل ما يلي ماعدا :

A) صغر حجم الخلايا MCV
B) نقص الهيموغلوبين من A2
C) نقص متوسط الهيموغلوبين في الخلية MCH
D) زيادة الهيموغلوبين F",B,D
1868,"نتج عن ترجمة أول جزيئ رنا مرسال صنعي فقط الحمض الأميني :

A) البرولين
B) الفينيل ألانين
C) الهستيدين
D) الأسبارتين",B,C
1869,"تقوم القلنسوة بحماية سلسلة الرنا من التدرك بإنزيمات :

A) النكلياز
B) الإندونكلياز
C) الليغاز
D) البريماز",B,C
1870,"يتولى الرنا النووي الصغير كل الوظائف التالية ما عدا:

A) التضفير.
B) يحفز انزيم الانتساخ.
C) يتدخل في تضاعف الصبغيات.
D) يشارك في تنسخ الدنا.",B,D
1871,"يتشارك أقرباء من الدرجة الثانية مع المستلفت بـ :

A) ربع مادتهم الوراثية
B) نصف مادتهم الوراثية
C) ثمن مادتهم الوراثية
D) سدس مادتهم الوراثية",A,D
1872,"يطلق مصطلح ذيل احادي الطاق علي:

A) امتداد الطاق الغني بالغوانين
B) امتداد الطاق الغني بالسيتوزين
C) اتصال امتدادي الطاقين الغني بالغوانين مع الغني بالسيتوزين
D) ليس ايا مما سبق",B,B
1873,"تضم المعقدات الموصلية

A) ديسموزومات .
B) زغيبات دقيقة .
C) موصلات التصاق .
D) موصلات محكمة .",D,B
1874,"تضم البروتينات المطرسية كل ما يلي ما عدا

A) الأكتين.
B) التيناسين C .
C) الاستيوبونتين .
D) الترمبوسبودين .",A,A
1875,"تتألف الجينات المرمزة للبروتينات في حقيقيات النوى من تتاليات الدنا:

A) جميعها مرمزة للبروتين.
B) جميعها عبارة عن نترونات .
C) تحوي حصرا على اكسونات مزمرة.
D) تحوي انترونات واكسونات .",D,A
1876,"بنية ملقط الشعر هي بنية

A) ثانوية للدنا
B) أولية للدنا
C) ثانوية للرنا
D) أولية للرنا",C,A
1877,"كل ما يلي بروتينات كروية ما عدا :

A) ألبومين .
B) غلوبيولين .
C) ميوزين .
D) الفانثرين .",D,C
1878,"تبدأ جميع عديدات الببتيد في بدائيات النوى بالحمض الأميني :

A) الميثيونين
B) الفينيل ألانين
C) الميثيونين المرتبط بمجموعة الفورميل
D) A+C",D,D
1879,"السوائل المكروية هي من :

A) التكرارات على نطاق الجينوم .
B) التكرارات الترادفية .
C) التسلسلات المباعدة .
D) كل ماسبق خطأ .",D,A
1880,"عائلة الجينات هي:

A) مجموعة من الجينات تبدي شبهاً كبيراً فيما بينها في تسلسلاتها
B) مجموعة من الجينات التي ترمّز بمنتجات مرتبطة بعضها ببعض وظيفياً
C) كامل الجينات البشريّة المرمّزة للبروتينات
D) كامل الجينات البشرية غير المرمّزة للبروتينات",A,C
1881,"يلتحم الغشاءان النوويان عند:

A) لمعة الغلاف النووي .
B) معدات الثقوب النووية .
C) الصفيحة النووية .
D) السلة النووية .",D,B
1882,"جسيم بار:

A) يوجد عند الإناث فقط
B) يكون فيه XIST غير فعال
C) يوحد عند الذكور
D) لا يوجد عند الإنسان وإنما عند القطط فقط",C,D
1883,"في الطور S من الدورة الخلوية يحدث

A) تضاعف الصبغيات .
B) ترمیم عضياتها .
C) تنمو لتحضر القسها للانقسام .
D) تشكيل المتقدرات والشبكة الاندوبلاسمية",C,A
1884,"المتأثرات

A) Somers
B) Polymers
C) Mono mers
D) Oligomers",C,A
1885,"يتم افتراق الصبغيات القرينة في الانقسام الميتوزي في

A) طليعة الدور الأول.
B) الطور الأول .
C) الطور التالي .
D) طور الصعود.",B,D
1886,"ما تشهده الأرض اليوم من مظاهر الاحتباس الحراري هو نتيجة ارتفاع درجة حرارة الأرض :

A) درجة واحدة .
B) ثلاثة درجات .
C) خمسة درجات .
D) درجتان .",D,A
1887,"تتفعل خلايا البالعات الكبيرة

A) تأتي البالعات وتهضم الخلية الميتة
B) تعد مادة السيراميد من
C) السفنغوليبيدات
D) الستيرونيدات",B,A
1888,"يعطي التصالب بين Rr و rr:

A) نمط ظاهري واحد.
B) نمطين ظاهريين.
C) ثالثة أنماط ظاهرية.
D) أربعة أنماك ظاهرية.",B,B
1889,"المعطي الصحيح فيما يتعلق بالإنترونات:

A) جزء من mRNA تتم عليها عملية الترجمة
B) ليس لها دور وظيفي
C) تلعب دورآ في تنظيم الانتسلخ الجيني
D) تتصل الإنترونات مع بعضها في mRNA الناضج بعد عملية التضفير",C,C
1890,"له دور مهم أثناء استموات الخلية :

A) الفسفاتيديل سيرين .
B) الفسفاتيديل كولين .
C) الفسفاتيديل ايتانول آمین .
D) الفسفاتيديل اينوزيتول.",D,D
1891,"يؤدي توقف عمل الجسيمات المفككة للبروتينات لداء

A) زيلويغر
B) تاي ساكس
C) هتنغتون
D) a+c",B,C
1892,"الأحماض الأمينية الداخلية ببنية الكولاجين ما عدا:

A) غليسين
B) فالين
C) برولين
D) هيدروكسي برولين",D,B
1893,"كل ما يلي صحيح عن الانقلاب عدا:

A) تظهر تأثيرات الانقلاب خلال الانقسام المنصف خلال التعابر
B) يحدد فيما إذا كان ضار أم لا نقطة أو مكان الكسر
C) يكون القسيم المركزي خارج الشدفة المنقلبة في الانقلاب المجاور للمركز
D) يحدث أذية في حال حدث الكسر خارج بنية الجين",D,C
1894,"أحماض أمينية قطبية معتدلة تحوي مجموعة NH2

A) اسبارجين
B) غلوتامين
C) بروتين
D) A+b",D,B
1895,"ليس من الاعتلات الناتجة عن طفرة في الجين المتقدري:

A) العمي
B) التصلب الحدبي
C) الصمم
D) اعتلال عضلة القلب",D,D
1896,"يحوي الـ DNA المتقدري روامز موقفة للترجمة هي:

A) AGG , AGA , UAA , AUG
B) AGG , AGA , UAG , UAA.
C) UAA , UGA , AUG.
D) UAG , UAA , UGA",B,B
1897,"الخطأ في إضافة الأسس الآزوتية أثناء التنسخ شائع يورث كخلال :

A) جسدية سائدة
B) مرتبطة بالصبغي X سائدة
C) جسدية متنحية
D) مرتبطة بالصبغي X متنحية+",D,D
1898,"من الاضطرابات متعددة العوامل التي لا تعالج معالجة دوائية ::

A) الداء السكري
B) الصرع
C) فرط كولسترول الدم
D) تضيق البواب",D,B
1899,"الشبكة العضلية

A) في الخلايا العضلية SER
B) في الخلايا العضلية RER
C) في الخلايا الهضميةSER
D) A+b",D,A
1900,"يعبر معدل الانتشار لمرض ما عن:

A) عدد الأفراد المصابة في فترة زمنية محددة
B) عدد الأفراد المصابة خلال عام
C) النسبة المئوية *
D) كل ما سبق خطأ",C,A
1901,"جهاز التكاثر الأثنوي عند الزهرة:

A) الكأس
B) الأسدية
C) المدقة
D) ليس أيآ مما سبق",B,B
1902,"بروتين مطرسي يرتبط مع الكولاجين ويحرض تمايز الخلايا العظمية:

A) ثرومبوسبودين 2
B) ثرومبوسبودين 1
C) سبارك
D) تياناسين سي",C,D
1903,"في حال إصابة أب بصفة تخضع لوراثة متنحية مرتبطة بالصبغي X :

A) ينقل الصفة فقط لأبنائه الذكور
B) لا ينقل الأب الصفة إلى الأولاد
C) ينقل الصفة لجميع أولاده الذكور والإناث
D) ينقل الصفة فقط لبناته",B,D
1904,"يمكن للغلسير الدهيد ۳ فوسفات أن تتحول الى المركبات العضوية التالية ما عدا :

A) الأحماض الدسمة .
B) الأحماض الأمينية .
C) الغليسيرول .
D) . ATP",B,A
1905,"التنحي والسيادة صفتان من صفات:

A) الأنماط الظاهرية
B) الجينات
C) الألائل
D) BوC",D,A
1906,"القانون الثاني في الترموديناميك يؤكد:

A) ميل أنظمة الطاقة لزيادة الانتروبية
B) ثباتية الطاقة
C) b+a
D) لا شيء مما سبق",A,A
1907,"في حقيقيات النوي يخضع المنتسخ الأولي قبل خروجه من النواة ل:

A) إضافة قلنسوة إلي النهاية `5
B) إضافة ذيل من عديد الأدنين إلي النهاية `3
C) شطر الإنترونات وتضفير الإكسونات
D) كل ما سبق صحيح",D,B
1908,"الريبوزومات

A) بروتينات
B) سكريات
C) شحميات
D) أحماض نورية",A,A
1909,"يعمل البوسيندولول بفعالية مميزة عند المرضى الذين يرمّز عندهم أليلا مستقبل بيتا 1 :

A) أحدهما الحمض الأميني الليزين والآخر الأرجنين
B) أحدهما الحمض الأميني الغليسين والآخر الأرجنين
C) كلاهما الحمض الأميني الغليسين
D) كلاهما الحمض الأميني الأرجنين",B,C
1910,"الشعر الأشقر عند بعض سكان جزر Solomon { الخطأ}:

A) يعود إلي تغير شفع واحد من الأسس في إحدي الجينات
B) يمتلك ذو الشعر الأشقر SNP علي الصبغي التاسع ضمن تدعي TYRP1
C) يتحكم الميلانين بالجين TYRP1
D) تؤدي الطفرة في هذه الجين إلي أحد أنواع المهق",B,B
1911,"كل ما يلي من تقانات التهجين ما عدا:

A) Blotting
B) Microarrays
C) DNA Sequencing
D) in situ Hybridization",C,D
1912,"تبدأ الصبغيات بفك ارتباطها لتعود وتأخذ البنية الكروماتينية عندما

A) تدخل الخلية طور الانقسام.
B) تخرج الخلية من طور الانقسام .
C) تدخل الخلية الطور التالي من الانقسام.
D) في نهاية الطور الداخلي من الانقسام .",B,B
1913,"كل ما يلي صحيح عن القلنسوة ماعدا :

A) تضاف على النهاية 5` للرنا المرسال
B) ترتبط مع مقدمة المنتسخ عبر رابط فوسفاتي 5 إلى 5`
C) عبارة عن 7 متيل غوانوزين
D) يحفز إضافتها إنزيم واحد",B,B
1914,"الطور S من الدورة الخلوية :

A) هو أول مرحلة في الطور البيني.
B) هو طور التضاعف دنا الصبغيات.
C) يتشكل فيه مغزل الإنقسام.
D) يتضاعف فيه الجسيم المركزى.",B,D
1915,"كل مايلي صحيح عدا :

A) الجينوم في البدايات أقل تعقيدا.
B) شكل جزيء DNA البدائيات خطي في الحقيقيات .
C) لدينا أكثر من صبغي في الحقيقيات .
D) تحدث الترجمة في السيتوبلاسما .",B,D
1916,"صبغي فيلادلفيا هو

A) شذوذ صبغي جسدي.
B) انقلاب جزء من الصبغي 9.
C) إزفاء لقطعة من الصبغي 9 إلى الصبغي 22 .
D) تضاعف منطقة من الصبغي 22 .",C,C
1917,"في سرطان عنق الرحم الموروث للورم :

A) يكون اختطار الرجعة مرتفع بالمقارنة مع النسبة العامة للمجتمع.
B) يكون اختطار الرجعة منخفض بالمقارنة مع النسبة العامة للمجتمع.
C) يكون اختطار الرجعة مساوياً تقريبا مع الإصابة العامة للمجتمع.
D) تقدر النسبة العامة للإصابة في المجتمع ب %88.",A,C
1918,"يبدي الإنزيم المصنّع للغلوتامين استجابة سواء أدتّ لتنشيطه أم تثبيطه إلى ..... عبر التغيرات التفارغية:

A) 61 مستقبل
B) 12 مستقبل
C) 10 مستقبلات
D) 8 مستقبلات",B,B
1919,"الحويصلات المسؤولة عن النقل المنظم والاساسي للمواد الإفرازية خلال الإيماس :

A) حويصلات مغطاة بالكلاثرين .
B) حويصلات مغطاة بالكوب ١ .
C) حويصلات مغطاة بالكوب ٢ .
D) حويصلات مغطاة بالكوب ٣ .",B,A
1920,"تتميز انزيمات الاقتطاع بما يلي عدا:

A) تق طع جزيئات الدنا ثنائية الطاق.
B) تحطم الروابط الهيدروجينية بين الطاقين.
C) تفصل بين النوكليوتيدين المتجاورين.
D) تقطع في مواقع محددة.",B,B
1921,"تنشأ فقاعة الاتنساخ بفعل:

A) بوليميراز الدنا
B) إنزيم الهيليكاز
C) بروتينات رابطة للدنا
D) بوليميراز الرنا",B,A
1922,"المكونات الفوسفوليبيدية

A) البروتينات الغشائية
B) كل ما سبق صحيح
C) كل ما سبق غلط
D) القنوات البروتينية",B,C
1923,"المتقدرات والصانعات ظهرتا بإدخال جراثيم داخل الخلايا نقوم بالفسفرة والتركيب الضوئي

A) فرضية التعايش الداخلي
B) فرضية الاصطفاء الطبيعي
C) فرضية الموت الذاتي
D) قانون الترموديناميك الثاني",A,A
1924,"بروتين مطرسي يتأثر مع الكولاجين ويثبط تكاثر الخلايا الجذعية:

A) ثرومبوسبودين 2
B) ثرومبوسبودين 1
C) سبارك
D) تياتاسين سي",B,A
1925,"ينتقل البروتين G من الحالة المفعلة الى الحالة الغير مفعلة بواسطة فعالية انزيمية من نوع

A) الفوسفاتاز .
B) GTPASE .
C) الكيناز .
D) الفوسفوليباز .",B,B
1926,"في البروتين G يتم العمل للشكل غير الفعال عبر:

A) حلمهة GTP إلى GDP
B) حلمهة ATP إلى ADP
C) تركيب GTP
D) تركيب ATP",A,A
1927,"اختر العبارة الخاطئة

A) تعد الفوسفوليبيدات مركبات غير قطبية في الجزء الذي يضم سلاسل الأحماض الدسمة
B) تعد الفوسفوليبيدات مركبات قطبية في الجزء الذي يضم مجموعة الفوسفات
C) نسبة الفوسفوليبيدات قليلة في أغشية الخلايا الحية
D) جزيء شحم برأس سحب وذيلين كارهين -> صفيحة ثنائية الطبقة",C,C
1928,"إذا تزاوج الفرد 4-lll من ذكر سليم فإن الاحتمال التالي وارد عند الأولاد:

A) مصابون.
B) حاملين للمرض.
C) سليمون.
D) غير معروفين.",B,B
1929,"Karyotype:

A) هو الصورة المأخوذة للصبغيات بعد حل الخلايا وتثبيتها وتلوينها .
B) يمكننا من التمييز بين الأشفاع الصبغية المختلفة .
C) يفيد في الكشف عن المتلازمات .
D) كل ماسبق صحيح .",D,B
1930,"يشير مصطلح Tuberous sclerosis إلي:

A) داء الكلية متعددة الكيسات
B) التصلب الحدبي
C) التهاب الشبكية الصباغي
D) حثل التأثر العضلي",B,B
1931,"تعطي جزيئا خاملا كيميائيا

A) توجد بكميات كبيرة في الأغشية الخلوية
B) توجد أعلى نسبة كوليسترول في أغشية خلايا
C) الكظر
D) الخلية السنخية",A,C
1932,"الجينات المعبرة عن البروتينات التركيبية هي

A) الجينات المحرضة
B) الجينات الكظومة
C) الجينات دائمة التعبير
D) الجينات العاملة",C,C
1933,"يسبب وجود الألائل السائد في الأنماط الجينية المختلفة التالية RRYY و RrYy و RRYy و RrYY :

A) نمط ظاهري جديد
B) نمط ظاهري وحيد
C) نمط ظاهري مختلف
D) نمط ظاهري غريب",C,A
1934,"تتمتع الخلايا بدائيات النوى بـ :

A) أبسط أنواع الخلايا .
B) تتضاعف بالانقسام الخيطي .
C) تستطيع العيش في ظروف قاسية.
D) جميع تفاعلاتها في السيتوبلازما .",D,B
1935,"الجينات الورمية :

A) تنشط بشكل طبيعي الانقسام الخلوي
B) تمنع بشكل طبيعي التكاثر الخلوي غير المنضبط
C) تحرض الاستماتة
D) تسبب السرطان إذا تفعّلت بشكل ملائم",D,B
1936,"تختزل الصبغة المضاعفة المفردة في نهاية:

A) prophase
B) Metaphase
C) anaphase
D) telophase",C,C
1937,"يوجد نحو 200 حالة وراثية بشرية سببها جينات:

A) جسدية متنحية
B) جنسية متنحية
C) جسدية سائدة
D) جنسية سائدة",B,B
1938,"كل ما يلي من روامز التوقف عند الدنا المتقدري ما عدا:

A) UAA
B) UAG
C) AGA
D) UGA",C,D
1939,"تتميز متلازمة داون بكل مما يلي عدا:

A) بروز لسان.
B) فلح الشفة والحنك.
C) جسر أنف مسطح.
D) تباعد عينين.",B,B
1940,"من أهم وظائف الأكتين مايلي ماعدا

A) تحديد وتغيير لزوجة السيتوبلازما .
B) المساهمة في تشكيل الأهداب .
C) حركة العضيات الخلوية .
D) انفصال سيتوبلاسما الخلايا في نهاية الانقسام الخلوي .",A,B
1941,"يعرف اختطار الرجعة بأنه:

A) وجود أمراض تتميز بأعراض وعالمات مميزة.
B) ظهور الأمراض الوراثية في جيل الأجداد.
C) معرفة السير الطبيعي للاضطراب الوراثي.
D) معدل عود توارد المرض في الذرية.",D,D
1942,"تستخدم دراسة النمط النووي ( Karyotype) عند الفرد (الخاطئة)

A) للكشف عن بعض التناذرات .
B) للكشف عن وجود خلل في تشكل الصبغيات .
C) للكشف عن وجود خلل في عدد الصبغيات .
D) للتحديد مواقع المورثات على الصبغيات .",B,D
1943,"ُيشير الرقم 4 في الرمز التالي 4211q :

A) رقم الصبغي.
B) منطقة في الصبغي.
C) عصابة في الصبغي.
D) تحت عصابة في الصبغي.",B,B
1944,"Trisomy XXY:

A) متلازمة داون
B) متلازمة ترنر
C) متلازمة كلاينفلتر
D) متلازمة باتو",C,A
1945,"الخطأ حول السرطانات الموروثة:

A) وجود قصة عائلية.
B) اختطار الرجعة مرتفع عند الأقارب.
C) تعدد الأورام الأولية.
D) يظهر في عمر متأخر.",D,D
1946,"يتألف الطور المتحرك في تقنية dHPLC من:

A) TEAA
B) البوليسترين
C) لأسيتونتريل
D) A+C",D,D
1947,"الكفاءة

A) هي قدرة الخلية على الاستجابة لإشارة
B) مستقبلاتها غير نوعية
C) ترتبط بدور المحددات السيتوبلاسمية
D) كل ما سبق صحيح",D,D
1948,"إصلاح الخلل أو الفقدان في أنسجتنا:

A) Regenerativ
B) Mitosis
C) Meiosis
D) Packaging",A,B
1949,"Lipofusion

A) المنصهرات الدسمة
B) القطيرات الدسمة
C) الحبيبات السكرية
D) لا شيء مما سبق",A,A
1950,"اكبر نسبة للبروتينات في اغشية خلايا الجسم توجد في :

A) الغشاء الخلوي للمتقدرة .
B) الغشاء الخلوي للصانعات الخضراء .
C) الشبكة السيتوبلاسمية الداخلية.
D) الجسيمات المفككة للبروتينات.",A,B
1951,"المسؤول عن إزالة مشراعالرنا قرب انتهاء تنسخ الدنا واستبدالها بنكليوتيدات الدنا:

A) بوليميراز الدنا من النمط الأول
B) بوليميراز الدنا من النمط الثاني
C) بوليميراز الدنا من النمط الثالث
D) بوليميراز الدنا من النمط الثاني",A,A
1952,"في طور البدء يدخل {الميتيونيل - }tRNA :

A) Aminoacyl site
B) Peptidyl site
C) Exit site
D) ليس أياً مما سبق",A,C
1953,"ترتبط الصبيغيات الشقيقة على انيبيبات مغزل الانقسام بواسطة

A) القسيم المركزي .
B) الجسيم المركزي .
C) الجسيم الحركي .
D) النجيماء .",D,C
1954,"يوجد SNP المؤثر على الاستجابة الدوائية في كل ما يلي ما عدا :

A) تسلسل المحضض
B) تسلسل الجين المرمزة للبروتين
C) تسلسل المعزاز
D) تسلسل المسكتات",C,B
1955,"ليس للارقاء تأثيرات حيوية على الشخص الحامل لها يوجب

A) ان المادة الوراثية لا تتغير
B) المادة الوراثية *
C) المادة الوراثية لا تعقد
D) جميع ماسبق صحيح",B,C
1956,"نحتاج لإزالة الانترونات من:

A) tRNA
B) mRNA
C) rRNA
D) snoRNA",B,C
1957,"تفاعلات التركيب الضوئي:

A) تفاعلات اكسدة .
B) تفاعلات ارجاع.
C) تفاعلات حلمهة .
D) A+B.",D,A
1958,"نمط بولميراز الرنا ينسخ الجينات المرمزة ل:

A) rRNAs .
B) البروتينات .
C) SnRNAs.
D) tRNAs.",A,A
1959,"تسلسل التصدير النووي

A) NLS
B) NES
C) PTS
D) MSS",B,B
1960,"تتم عملية اصطناع جزيئات الهستون بالتزامن مع:

A) الطور التحضيري Prophase
B) الطور التالي Metaphase
C) تنسخ الدنا في الطور S من الدورة الخلوية
D) طور الصعود Anaphase",C,D
1961,"المكون الاساسي للبروتينات :

A) احماض امينية .
B) احماض دسمة + غليسيرول .
C) سكاكر احادية .
D) نكلوتيدات .",A,D
1962,":بين endo-siRNA طول يبلغ

A) 21 – 22 نيكليوتيد
B) 70 و 80 نيكليوتيد
C) u0 و 3u0 نيكليوتيد
D) 24 و 31 نيكليوتيد",B,D
1963,"ميزات جهاز غولجي ما عدا

A) عضية غشائية
B) المدخل: هو مكان دخول الحويصلات من ER
C) المخرج: مكان خروج الحويصلات من غولجي
D) حويصلات المخرج أصغر من الحويصلات الداخلة للمدخل",D,D
1964,"الجزيئات المتحرى عنها في تبقيع ويسترن:

A) DNA
B) RNA
C) البروتينات
D) كل ما سبق صحيح",C,D
1965,"تلعب الوحيدة سيغما الموجودة في بوليمراز الرنا دوراً هاماً في:

A) تثبيت الأنزيم على المحضض.
B) إطالة الانتساخ.
C) التع رف على المحضض.
D) ربط النوكليوتيدات.",C,C
1966,"الداء الليفي الكيسي :

A) يُشخصّ بقياس الصوديوم والكلور في العرق
B) يدل عدم وجود التربسين المقاس على حدوث إصابة
C) يورّث كخلة جسدية متنحية
D) أكثر الطفرات شيوعاً المسببة له هي خبن في الموضع 508",A,C
1967,"تتميز شجرة نسب نموذجية سائدة لوراثة جسدية سائدة:

A) الفرد المصاب أحد والديه بالضرورة مصاب.
B) الفردين غير مصابين يولد لهما ولد مصاب.
C) يختفي المرض في جيل ويظهر في الجيل التالي.
D) تتعلق الإصابة بجنس الفرد.",A,A
1968,"الانغستروم يقدر :

A) 0.0000000001cm .
B) 0.0000000001m .
C) 0.0000001m .
D) 0.0000001cm .",B,B
1969,"ما يلي صحيح عن التضاعف ما عدا:

A) يؤدي الى فقد المادة الوراثية.
B) قطعة من الصبغي تتكرر على الصبغي نفسه.
C) يرمز له ب dup.
D) ينتج من حادثة تعابر غير متساوي في اثناء انقسام انتصافي.",A,A
1970,"كل ما يلي صحيح في متيلة الدنا ما عدا:

A) من آليات تنظيم عمل المورثة على مستوى الصبغيات
B) تحجب عوامل الانتساخ
C) ترخي الدنا حول الهستونات
D) عملية معاكسة لعملية الأستلة",D,D
1971,"يشترك كل من الإنسان العاقل ونبات الذرة بالمستوى التصنيفي:

A) Phylum .
B) Kingdom .
C) Class .
D) Domain .",B,C
1972,"في الية الاستموات

A) تشترك فيها عائلة بروتيناز الكاسبيز
B) تنظم فعالية طلائع عائلة Bcl2 Family
C) من أهم أفراد العائلة المحرضة للموت البررتينات BAK – BAX
D) كل ما سبق",D,D
1973,"عملية تشكل عديدات الببتيد من سلاسل رنا ناضج:

A) . Transcription
B) Translation .
C) Gene expression
D) Reverse transcription .",B,B
1974,"يتم تصنيع الرنا الريبوزومي لكل من وحيدتي الريباسات في :

A) النواة .
B) السيتوبلاسما .
C) A+B.
D) النوية.",D,D
1975,"وظائف خيوط الأكتين ما عدا:

A) حركة العضيات الخلوية
B) انفصال سيتوبلازما الخلية
C) المساهمة بالتقلص العضلي
D) المساهمة بتشكيل الجسيمات المركزية",B,D
1976,"من خصائص ظاهرة تعطيل الصبغي X: واحد خطأ

A) تحصل في الأسبوع الثاني بعد الإلقاح
B) عند أنثى طبيعية
C) يحصل على الصبغي X الأبوي
D) التعطيل بظواهر الـ epigenetic",D,C
1977,"تخزن الطاقة الزائدة عن استطاعة الكبد لاستيعابها في:

A) النشاء .
B) البروتينات .
C) النسج الشحمية.
D) الأحماض الأمينية .",C,B
1978,"Repression:

A) تثبيط راجع سلبي
B) يؤثر في اصطناع الإنزيم نفسه
C) تحدث عند تثبيت منتج ما لسبيل استقلابي معين أحد الإنزيمات المسؤولة عن هذا السبيل
D) كل ما سبق صحيح",D,B
1979,"توضع عدة ثيلاكويدات فوق بعضها بشكل

A) اللحمة
B) الغشاء الداخلي
C) الحبيبة اليخضورية
D) لا شيء مما سبق",C,C
1980,"كل ما يلي صحيح عن المجين المتقدري ماعدا:

A) جزيء حلقي مفرد.
B) يحوي طاق خفيف غني بالسيتوزين.
C) يحوي طاق ثقيل غني بالأدنين.
D) له منشأ تضاعف واحد هو loop-D/CR region.",D,C
1981,"النمط الأكثر شهرة من أنماط التواصل الخلوي:

A) بث إشارات وإلقائها في الدم
B) التأشير الموضعي
C) التأشير العصبي والاتصال المباشر
D) كل ما سبق صحيح",D,A
1982,"يتميز الانقلاب المحيط للمركز inversion Pericentric بما يلي:

A) يؤدي إلى ضياع الصبغي الحقاَ.
B) يكون شاملا للقسيم المركزي.
C) ال يتسبب بأي ضرر.
D) الأعراس الناتجة سليمة.",B,B
1983,"تصنع سلاسل RNA كمثيلاتها في DNA في الاتجاه:

A) 5ˊ-إلى 3ˊ
B) 3ˊ- إلى 5ˊ
C) في الاتجاهين 5ˊ-إلى 3ˊ و 3ˊ- إلى 5ˊ
D) كل ما سبق خطأ",A,A
1984,"ليس من متطلبات تقنية ويسترن:

A) بروتين
B) غشاء نتروسيللوز
C) مسابر موسومة
D) ترحيل كهربائي",D,C
1985,"تتميز شجرة النسب الحاوية على حالة وراثة متعلقة بالمتقدرات وإلام فقط فيها مصابة:

A) الذكور دون الإناث مصابون.
B) الإناث دون الذكور مصابات.
C) الاولاد كلهم مصابون.
D) الأولاد كلهم سليمين.",B,C
1986,"يوجد في بدائيات النوى:

A) نمط وحيد من انزيم الرنا بوليميراز.
B) 3أنماط من انزيم الرنا بوليميراز.
C) 4أنماط من انزيم الرنا بوليميراز.
D) 5أنماط من انزيم الرنا بوليميراز.",A,A
1987,"التعبير الجيني هو حادثة يتم من خلالها الانتقال :

A) من النمط الجيني الى الظاهري.
B) من النمط الظاهري الى الجيني .
C) من النمط الجيني الى mRNA .
D) كل ماسبق خطأ .",A,A
1988,"لا علاقة له بصلابة الغشاء

A) هو من الغليسريدات الثلاثية
B) الغلسريدات الثلاثية
C) تتألف من جزيئة غليسيرول + سلسلتين أحماض دسمة + زمرة فوسفات
D) هي شحوم غير معتدلة",C,C
1989,"تختلف الانترونات عن الاكسونات ب:

A) تركيبها الكيميائي.
B) عدم انتساخها.
C) ترتيب الروامز فيها.
D) لا تترجم إلى بروتين.",B,D
1990,"يحتوي مطرس المتقدرات ما يلي عدا

A) صبغي دائري من DNA
B) T RNA
C) r RNA
D) m RNA",D,C
1991,"تمثل الخطوط الأفقية التي ترسم أعلي الدوائر و المربعات في شجرة النسب:

A) الأشقاء لوالدين
B) الأزواج الأقارب
C) التواءم
D) ليس أيآ مما سبق",C,C
1992,"الحالة الفسيفسائية Mosaicism (التزيفّ:(

A) اختلال الصيغة الصبغية بنوعيها زيادةً أو نقصاناً في مجموعة من الخلايا دون الأخرى
B) تحدث بسبب خلل في الانقسام الفتيلي أثناء خطور الزيجوت
C) تسبب أعراضاً أقل وخامة
D) كل ما سبق صحيح",D,B
1993,"عابرة مرة واحدة للغشاء

A) عابرة عدة مرات للغشاء
B) غير عابرة للغشاء
C) كل ما سبق غلط
D) المعطف الخلوي كل ما يلي صحيح عدا",B,D
1994,"كل ما يلي موجود في الكائنات الحية عدا:

A) السكريات الاحادية L-from .
B) السكريات الثنائية D-from .
C) بروتينات سكرية .
D) ليبيدات.",A,A
1995,"يسمى Hn RNA بـ:

A) RNA الريبوزومي
B) RNA النووي المتجانس
C) RNA النووي غير المتجانس
D) كل ما سبق خطأ",B,C
1996,"الموصلات المحكمة ما عدا:

A) تسمح بالمرور العشوائي عبر الفراغ بين الخلايا
B) تمنع مرور بروتينات الغشاء القمي للقاعدة
C) توجد بين الخلايا الظهارية
D) يعتمد تفعيلها على شوارد الكالسيوم",B,D
1997,"مستقبلات منشطة

A) مستقبلات مثبطة
B) منها مستقبلات الأنسولين ومستقبلات عوامل النمو
C) Multi-pass transmembrane proteins
D) البروتينات المحيطية",B,D
1998,"يعبر مصطلح الهيولي المتغايرة عن الخلايا التي تحتوي على:

A) متقدرات سليمة وطافرة
B) متقدرات طافرة
C) متقدرات سليمة
D) كل ما سبق خطأ",B,A
1999,"المثل الأول الذي بين علاقة تغير بنية جزيئة حيوية بظهور مرض وراثي:

A) فقر الدم المنجلي
B) الناعور
C) sicklecellanemia
D) A+C",A,D
2000,"مستقبلات النقل النووي

A) تسمى الكاربوفيرينات
B) الأمبورتين متخصصة بالنقل لداخل النواة
C) الاكسبوريتن متخصصة بالنقل لخارج النواة
D) كل ما سبق صحيح",D,D
2001,"يمكن تمييز الصبغيات بعضها عن بعض عن طريق:

A) النمط الوراثي
B) النمط النووي
C) النمط الجيني
D) النمط الوظيفي",B,C
2002,"يتواسط نقاط التحقق:

A) عوامل نمو.
B) بروتينات تنظيمية للدورة الخلوية.
C) جزيئات نقل إشارة.
D) عوامل انتساخ نووية.",C,B
2003,"في الرحلان الكهربائي لشدف الدنا

A) يجري الرحلان على هلامة سيكروز.
B) ترحل الشدف من القطب الموجب إلى السالب.
C) يتم الكشف عن أنواع الطفرات.
D) يمكن فصل الشدف حسب حجمها.",B,D
2004,"البروفلاكتين

A) يثبط بلمرة الأكتين .
B) ينشط ويثبط .
C) ينشط بلمرة الأكتين .
D) لاعلاقة له بالأكتين .",A,A
2005,"يتوضع الصبغي Y:

A) بالقرب من إحدي نهايتي الصبغي
B) بالقرب من وسط الصبغي
C) بالقرب من إحدي نهايتي الصبغي
D) تحت السائل",A,D
2006,"تختزن الطاقة الكامنة في مدروج للشحنات الكهربائية، يعبر عنها

A) بالكمون الكهربائي.
B) بالمدروج الكيميائي الكهربائي.
C) بالمدروج الكيميائي.
D) بالأنتروبية.",A,A
2007,"ينذر حدوث طور الأرومات الحادة عند مرضى CML بسبب كل ما يلي ماعدا :

A) وجود صبغي فيلادلفيا إضافي
B) تثلث الصبغي 8
C) فقدان الصبغي Y
D) تغيرات صبغية ثانوية للصبغي 17P",C,D
2008,"يقوم أنظيم Helicas ب:

A) اصطناع مشارع من الرنا
B) حل العقدة أو الالتواء المتشكل عن فك الارتباط بين طاقي الدنا
C) جلب النكليوتيدات ورصفها بشكل متمم للطاق الأصلي
D) فك طاقي الدنا الملتفين",B,C
2009,"نقطة تحقق المغزل:

A) نقطة التحقق G1
B) نقطة التحقق G2
C) نقطة التحقق S
D) نقطة التحقق M",B,C
2010,"تتشكل الأرجل الصفائحية من

A) الأكتين.
B) الميوزين .
C) التوبيولين .
D) ألياف متوسطة .",A,A
2011,"الجين المصاب بطفرة في فرط الحرارة الخبيث:

A) RYR
B) MDR
C) CYPD
D) RP1",A,A
2012,"السائل ذو السعة الحرارية الأعلى

A) الزيت
B) الماء
C) الغول
D) لا شيء مما سبق",B,B
2013,"ما يلي من الأحماض الأمينية

A) الغليسين
B) الفالين
C) التريبتوفان
D) السيرين",D,C
2014,"يعرف المعقد الناتج عن اجتماع كل من البروتين الملتم والسيتوكروم والكاسبيز النشط باسم

A) طلائع الكاسبيز .
B) الكاسبيز النشط .
C) جسيم الموت .
D) المستقبل الخلوي الداخلي .",C,C
2015,"أربع عناصر تشكل ۹۹% من كتلة الجسم :

A) H-O-N-C.
B) CL-Na-Pb-N.
C) O-H-N-k.
D) H-CL-O-P.",A,A
2016,"يتضمن الاستنصاح الوراثي كل ما يلي ماعدا :

A) القصة المرضية والعائلية
B) بناء شجرة النسب
C) الفحص الكيميائي
D) الفحص الفيزيائي",C,D
2017,"يتبع الفصام نمط الوراثة :

A) جسدية سائدة
B) جسدية متنحية
C) متعدد ةالعوامل
D) مرتبطة بالصبغي X متنحية",C,B
2018,"يعتمد الطب الفرداني بشكل أساسي على:

A) عمر المريض.
B) التكوين الجيني للمريض.
C) جنس المريض.
D) تركيب الدواء المناسب.",D,B
2019,"كل ما يلي صحيح عن متلازمة مواء القطة عدا:

A) ينجم عن طفرة من نوع الخبن
B) له صوت بكاء يشبه بمواء القطة
C) تصيب الذراع الطويل من الصبغي الخامس
D) يبدي المصاب تخلّفاً عقلياً شديداً",C,D
2020,"إن دلالة ولد مصاب في الوراثة الجسدية المتنحية تعني أن:

A) الولدان مصابان بالمرض
B) الولدان حاملان للمرض
C) أحد الوالدين مصاب بالمرض
D) كل ما سبق خطأ",D,D
2021,"ظاهرة الكل أو اللاشيء :

A) انتفاذ ناقص
B) تعبُّر
C) تزيّق جسدي
D) تزيّق الخط الانتاشي",D,C
2022,"الرابطة في البنية الثانوية للحمض النووي

A) استيرية
B) هيدروجينية
C) سكرية
D) بيبتيدية",B,B
2023,"العامل النهائي الذي يحدد النمط الشكلي :

A) النمط الجيني
B) النمط الظاهري
C) A و B
D) التأثيرات البيئية",C,D
2024,"تتميز شجرة النسب الحاوية على حالة وراثية متعلقة بالمتقدرات والوالدين فيها مصابين ب:

A) الذكور دون الإناث مصابين.
B) الإناث دون الذكور مصابين.
C) الأولاد كلهم مصابون.
D) الأولاد كلهم سليمون.",B,C
2025,"تعد جينات الرنا الريباسي من الجينات :

A) الخدمية.
B) المتغايرة.
C) محرضة التعبير.
D) كظومة التعبير.",A,A
2026,"كل ما يلي صحيح عن SNP ماعدا :

A) تعدد شكلي مفرد في تسلسلات الجين التي ترمز هده البروتينات
B) يؤدي إلى تغاير في استجابة المرضى للمعالجة
C) يكون منتشراً أكثر من %1 من أفراد المجتمع
D) اختلاف في أساس نوكليوتيدي واحد في تسلسل الدنا",C,C
2027,"الهيكل الخلوي هو

A) الغشاء الخلوي بما يحويه .
B) شبكة من البروتينات .
C) شبكة من البروتينات والسكريات .
D) مجموع دسم وبروتينات الخلية .",A,B
2028,"قدرة الكائن على صون وحفظ شروطه الداخلية

A) التكيف .
B) الاستتباب .
C) استجابة للمنبهات .
D) التطور .",B,B
2029,"تتألف الدراسة العلمية المنهجية من العناصر التالية عدا

A) الاختبار والنتائج .
B) الملاحظة .
C) المناقشة والاستنتاج.
D) فكرة عابرة عشوائية.",D,D
2030,"الايماس Exocytosis هو عملية

A) ادخال المواد الى الخلية.
B) اخراج المواد من الخلية .
C) اصطناع المواد داخل الخلية .
D) هضم المواد داخل الخلية.",B,B
2031,"تحدد بدء الانتساخ

A) المحضضات .
B) المعززات .
C) المسكتنات .
D) الإكسونات والانترونات .",D,A
2032,"من السكاكر البروتينية

A) الفيبرونكتين .
B) الهيالورنان .
C) الأغريكان .
D) التوبيولين .",D,C
2033,"عرف ماندل الوراثة علي أنها:

A) ظاهرة حيوية متغيرة تعتمد علي الصفحة التي درست
B) ظاهرة حيوية ثابتة لا تعتمد علي الصفحة التي درست
C) ظاهرة حيوية ثابتة تعتمد علي الصفحة التي درست
D) كل ما سبق صحيح",B,D
2034,"الجين هو: واحد خطأ

A) متوالية نوكليوتيدية
B) مكونة من A, G, C, U
C) توجد الروامز في الاكسونات
D) ينتهي برامزة توقف",B,C
2035,"إن أكسدة جزيء غلوكوز يعطي:

A) 36 ATP .
B) 34 ATP .
C) 30 ATP .
D) 3 ATP .",A,A
2036,"اي من المسابر التالية يقوم بتمييز الصبغيات غن بعضها البعض بالمجهر الضوئي:

A) مسابر التتاليات النوعية.
B) مسابر الرسم.
C) مسابر القسيمات الطرفية. Telomerase
D) المسابر الساتلة.",D,B
2037,"يزداد عدد نسخ جين ورمي ما بحدوث تكرارات عديدة غالباً ما تكون على شكل :

A) مناطق صبغية متجانسة اللون HSRS
B) سلاسل من قطع رفيعة تدعى الدقائق المضاعفة
C) SNP
D) A+B",D,C
2038,"توجد في الخلايا المشتقة من الخلايا الميزانشيمية:

A) خيوط الديسمين
B) خيوط الفيمنتين
C) خيوط الأكتين
D) الخيوط العصبية",A,B
2039,"إذا حدث تأشيب في 80 انقسام فإن عدد الصبغيات المأشوبة:

A) 320
B) 240
C) 480
D) 160",B,A
2040,"تتلف الخبوط المتوسطة الداخلة في تركيب الصفيحة النووية من

A) بروتينات اللامين.
B) بروتينات الكيراتين.
C) بروتينك الدسمين.
D) بروتينات الفيميتين.",A,A
2041,"الانقلاب الحاوي على القسيم المركزي:

A) يؤدي الى ضياع الصبغي.
B) يؤدي الى تشوه الصبغي.
C) قد ال يبدي أعراض سريرية.
D) قد يسبب ضياع المادة الوراثية.",B,A
2042,"من صفات السيللوز عدا

A) ينحل بصعوبة بالماء
B) سكر بنيوي
C) لا يتأثر بالأنزيمات في جهاز هضم الإنسان
D) يتشكل من وحدات من الغلوكوز",D,B
2043,"الصفيحة النووية

A) تتوضع فوق الغشاء النووي الداخلي
B) تتوضع فوق الغشاء النووي الخارجي
C) تتوضع تحت الغشاء النووي الداخلي
D) تتوضع تحت الغشاء النووي الخارجي",A,C
2044,"يبلغ عدد الجينات في كل مناطق تحت القسيم الطرفي في الصبغيات كلها:

A) 171 جين علي الأقل
B) 263 جين علي الأقل
C) 500 جين علي الأقل
D) 300 جين علي الأقل",B,A
2045,"تكوين متعضية تشبه الأبوين من بيضة مخصبة يتم ب

A) التنامي الجنيني
B) حادثة النمو فقط
C) النضج الجنسي أولاً
D) لا شيء مما سبق",A,A
2046,"كل ما يلي صحيح لكشف وجود الطفرات عن طريق تحليل منحنى الانصهار ما عدا:

A) تعطي الصبغات المفلورة فلورة فقط عند ارتباطها بنواتج الـPCR ثنائية الطاق
B) نعرضّ نواتج الـPCR إلى درجات حرارة متزايدة للكشف اللحظي عن انفضال طاقي الدنا وتحوله إلى أحادي الطاق فتنخفض شدة الفلورة بشدة
C) تعرف نقطة الانصهار بدرجة الحرارة التي تكون عندها جزيئة الدنا كلها أحادية الطاق
D) يمكن بواسطة هذه التقنية الكشف عن وجود الطفرة والتمييز بين النمطين المتماثل أو المتخالف للأليل الطافر",C,D
2047,"في الانتشار المنفعل عبر الثقوب النووية

A) القنوات المائية مفتوحة بشكل دائم
B) تنتشر عبرها المواد المنحلة بالماء بحجم < 60 كيلودالتون
C) تنتشر بحرية وبدون انتقائية بالاتجاهين
D) كل ما سبق صحيح",D,D
2048,"في نهاية الانقسام المنصف وبسبب حادثة العبور ينتج عن كل زوج من الصبغيات المضاعفة

A) أربعة صبغيات مأشوبة .
B) أربعة صبغيات غير مأشوية .
C) ع ثلاثة صبغيات مأشوبة وصبغي غير مأشوب .
D) صبغيان مأشوبان وصبغيان غير مأشوبان تتوزع بشكل مستقل على الأعراس الأربعة",D,D
2049,"ينتج عن حلمهة اللاكتوز

A) جزيء، غلوكوز وجزيء غالاكتوز .
B) جزيء غلوكوز وجزيء فروكتوز .
C) جزيئتي علوكوز.
D) جزيئتي غالاكتوز .",A,A
2050,"الفرد 1-I هو:

A) سليم متماثل ألالائل.
B) مصاب متخالف ألالائل.
C) متخالف ألالائل.
D) متماثل ألالائل.",B,C
2051,"ان تفاعلات التركيب الضوئي من امتصاص الضوء الى اصطناع ATP تتحضر عبر:

A) بروتينات تقع في الغشاء الثالاكوئيدي.
B) بروتينات فى السدى .
C) بروتينات تقع في سيتوبلازما الخلية النباتية .
D) A+B.",D,C
2052,"أفضل طريقة للمقارنة بين التعبير الجيني لمجموعتين من الخلايا

A) سلسلة الدنا.
B) التهجين في الموضع.
C) الدنا.
D) المصفوفات الصغرية.",D,D
2053,"من اهم ما يميز الجينات الورمية:

A) طفراتها من النمط السائد.
B) تكون دائما متماثلة ألالائل.
C) مثبطة لتكاثر الخلايا.
D) تحرض على الاستموات.",A,A
2054,"يقوم إنزيم الاقتطاع EcoRl بشطر تسلسل الدنا في موقع التعرف GAATC بين النيكليوتيدين:

A) الأدنين والتيامين
B) التيامين والسيتوزين
C) الأدينين والأدينين
D) الأدينين والغوانين",A,A
2055,"في الوراثة الجنسية المناحية يظهر الاحلال الوراثي:

A) على الذكور فقط من الأبناء
B) على الإناث فقط من الأبناء
C) على الذكور والإناث من الأبناء
D) لا يظهر مطلقا على الابناء بسبب *",C,C
2056,"يرمز للانقلاب وفق النظام العالمي :ISCN

A) del
B) dup
C) inv
D) t",C,A
2057,"يعتمد معامل تثفيل العضيات الخلوية (الخاطئة):

A) حجم العضيات.
B) عدد العضيات.
C) شكل العضيات.
D) كثافة العضيات .",D,D
2058,"المجهر الذي يدرس السطح الطبوغرافي

A) مجهر القوة الذرية .
B) مجهر المستقطب .
C) مجهر متحد البؤر .
D) مجهر الإلكتروني .",A,A
2059,"في عملية الانتساخ كل ما يلي صحيح ماعدا:

A) يتم لطاق واحد وهو القالب
B) يتم في الاتجاه من `3 إلي `5 في الطاق القالب
C) يجب تمييز المحضض أولآ
D) الطاق القالب يكون متمم للرنا المنتسخ",B,C
2060,"لها دور في الحفظ على القسيم الطرفي للصبغيات:

A) ß-satellite DNA
B) satellite DNA
C) Macrosatellite DNA
D) Minisatellite DNA",B,D
2061,"تتألف الجينات من

A) الوحدة المنتسخة
B) الوحدة المنتظمة
C) المنتسخة هي قطعة DNA التي تنتسخ ل RNA
D) كل ما سبق صح",D,D
2062,"تظهر الخلايا الهدفية في:

A) مرض التلاسيميا بيتا.
B) الهيموفيليا او الناعور.
C) مرض الفوال.
D) ابيضاض الدم النقوي.",A,A
2063,"organic campounds

A) الحاوية على الكربون
B) الحاوية على نيتروجين
C) الحاوية على أيونات
D) الحاوية على روابط تساندية",A,A
2064,"الصحيح عن داء فيردنغ –هوفمان كل ما يلي ماعدا :

A) فقد لخلايا القرن الأمامي
B) اختلال في مستوى الكرياتين كيناز في المصل
C) سببه طفرات خصوصاً خبن في الجين SMA
D) تواتر الإصابة به واحد في كل 10 آلاف",B,D
2065,"ينقص السيولة

A) لا علاقة له بالسيولة
B) كل ما سبق خطأ
C) بروتينات الغشاء الخلوي
D) لا علاقة لها بوظيفة الخلية",C,C
2066,"يتضمن الاستنصاح الوراثي كل ما يلي ماعدا :

A) المعالجة الجنينية
B) تقدير درجة خطورة نقل المرض إلى الذرية
C) إعطاء فكرة عن النمط الوراثي لكل فرد من العائلة
D) تحديد نمط التوريث وخط الانتقال",A,D
2067,"قدرة الكائن الحي على صون شروطه الداخلية

A) Order
B) Homeostasis
C) Adaptation
D) Evolution",B,B
2068,"بنى سيتويلازمية مغلفة بغشاء واحد على الأقل

A) الريبوزومات
B) العضبيات
C) الهيكل الخلوي
D) الجسيمات الحالة للبروتينات",B,B
2069,"تسلسل من الدنا يتكرر لعدد متباين من المرات بين الأفراد المختلفين:

A) DNP
B) GWAS
C) SNP
D) CNVS",D,C
2070,"تضحية الخلية بنفسها وموتها تلقائيا

A) Apoptosis
B) Differentation
C) Order
D) Evolution",A,A
2071,"يمكن الكشف عن طفرات الإقحام أو الخبن عن طريق:

A) الآغاروز
B) البولي أكريك أميد
C) A + B
D) ليس أياً مما سبق",B,D
2072,"في حالة تثلث الصبغي 19 جزئي تكون صيغة الزيجوت الحاملة:

A) [7,7/19,19]
B) [7,7/19,der(19)]
C) [7,der(7)/19,19]
D) [7,der(7)/19,der(19)]",B,D
2073,"يتضاعف الجسيم المركز :

A) الطور G1.
B) الطور S.
C) الطور G2.
D) الطور M.",B,A
2074,"في عملية الانتساخ لدى حقيقيات النوى:

A) يحدث الانتساخ لكال طاقي الدنا.
B) الرنا الناتج بترجم مباشرة.
C) الرنا الناتج أولي يحتاج إلى معالجة.
D) يصطنع الرنا في الاتجاه '3 إلى '5 .",C,C
2075,"كل مما يلي صحيح عن عمليات إصلاح الدنا ماعدا:

A) اكتشاف الأذية في جزيئة الدنا
B) يقوم إنزيم النوكلياز بقص الدنا المتأذي في نقطتين وإزالة الشدفة المتأذية
C) يملأ إنزيم بوليميراز الدنا الأول بالنكليوتيدات مكان التي تمت إزالتها
D) يربط الليغاز بين نهايات النكليوتيدات مشكلآ روابط فوسفودي استر بينها",D,C
2076,"تتواسط الارتباطات في التأثرات المتجانسة:

A) بروتينات عابرة للغشاء.
B) بروتينات متطابقة بنيوياً.
C) بروتينات مختلفة في التركيب الكيمائي.
D) السير وبروزيدات.",C,B
2077,"يشير مصطلح nucleotides Mismatchedإلى:

A) تقابل السيتوزين مع الغوانين.
B) تقابل الأذينين مع الثيمين.
C) تقابل الغوانين مع السيتوزين.
D) تقابل السيتوزين مع الثيمين.",D,D
2078,"تتميز شجرة النسب الحاوية على حالة وراثة متعلقة بالمتقدرات والوالدين فيها مصابين:

A) الذكور دون الإناث مصابين.
B) الإناث دون الذكور مصابات.
C) الأولاد كلهم مصابون.
D) الأولاد كلهم سليمون.",B,C
2079,"كل ما يلي من التبدلات الصبغية البنيوية عدا:

A) الخبن.
B) الازفاء.
C) التضاعف.
D) زيادة الصبغي.",D,D
2080,"تتكدس النكليوزومات بعضها فوق بعض لتشكل ليف الكروماتين بمساعدة:

A) H2A
B) H2B
C) H1
D) H3",C,B
2081,"كل ما يلي يعد من الأمثلة عن الحركة الدوائية ماعدا :

A) الاستقلاب
B) فرط الحرارة الخبيث
C) الامتصاص
D) الإطراح",B,B
2082,"من الأمراض التي يجب استبعادها عند تشخيص التوحد :

A) التصلب الحدبي
B) متلازمة الصبغي X الهش
C) متلازمة ليش–نيهان
D) A+B",D,C
2083,"العلم الذي يدرس الحياة بكل تفاصيلها:

A) Microbiology .
B) Cell biology .
C) Neurobiology .
D) Virology .",B,C
2084,"كل ما يلي من الأخطاء والعثرات التي تعترض عمل الاستنصاح الوراثي ماعدا :

A) عدم وجود تشخيص دقيق للمستلفت {الشخص المصاب}
B) عدم النفاذ
C) مرض موصوف سابقاً
D) التزيق القندي",D,D
2085,"يرتبط الحمض الأميني في tRNA مع :

A) النهاية الفوسفاتية لـ tRNA.
B) النهاية الكربوكسيلية لـ .tRNA
C) النهاية الهيدروكسيلية لـ tRNA.
D) الرامز المعاكس لـ tRNA.",C,C
2086,"كل ما يلي صحيح عن العنصر الانتقالي SINES ما عدا:

A) لا يرمّز أي بروتين
B) يمكنه الانتقال وحده
C) تنتشر ضمن مناطق الكروماتين الحقيقي
D) يحوي عائلات عدة منها عائلة N4 وعائلة MIR",B,C
2087,"البروتينات التي تهضم في الجسيمات المفككة للبروتين عدا

A) البروتين ذو فترة الحياة القصيرة جدا
B) البروتينات الطافرة
C) البروتينات الفيروسية
D) بروتينات الجملة الغشائية الداخلية",D,D
2088,"تختلف الأحماض الأمينية عن بعضها ب

A) المجموعة الأمينية
B) المجموعة الكربوكسيلية
C) الجذر R المتغاير
D) لا شيء مما سبق",C,B
2089,"طرق انتقال المسار التمايزي للخلايا البنات

A) العروة إيجابية التلقيم الراجع
B) تكاثف الكروماتين
C) تمثيل الدنا
D) ما سبق صحيح",D,D
2090,"في شجرة الوراثة مربع صفير مملوء فهو يشير إلي:

A) طفل مصاب مات في مرحلة مبكرة
B) طفلة مصابة ماتت في مرحلة مبكرة
C) طفل مصاب
D) طفلة مصابة",B,C
2091,"الحويصلات المغطاة ببروتينات COP 2 مسؤولة عن

A) نقل مواد الانتقام من الغشاء الخلوي الى السيتوبلاسما .
B) النقل المباشر للمواد الإفرازية حتى خارج الخلية .
C) النقل التقدمي والتراجعي للمواد بين كييسات جهاز غولجي.
D) النقل التقدمي للمواد بين الشبكة السيتوبلاسمية الداخلية ومدخل جهاز غولجي .",C,D
2092,"يغيب الكولاجين الليفي 1 عن تركيب

A) الكريات البيض .
B) قرنية العين .
C) الجلد .
D) العظام.",B,A
2093,"كل ما يلي صحيح عن الانترونات ما عدا:

A) وظيفتها مازالت غير محددة بدقة .
B) تتاليات غير مرمز.
C) لها دور محتمل في تنظيم التعبير الجيني للجينات التي تحتويها.
D) تشكل %50 من الرنا المرسال الناضج.",D,D
2094,"الكروماتين هو

A) معقد مكون من دنا - بروتين .
B) معقد مكون من دنا – رنا .
C) معقد مكون من الزيمات تضاعف الدنا والرنا.
D) كل ما سبق خطأ .",A,C
2095,"خلية فائقة التمايز

A) خلايا الدم .
B) الخلايا العصبية .
C) خلايا الدبق .
D) الخلايا الجذعية الجنينية ESCS .",D,A
2096,"يبلغ طول الشدف المتكررة لأكثر من مرة :(CNVS)

A) 100 نيكليوتيد
B) 1000 نيكليوتيد
C) 10000 نيكليوتيد
D) 100000 نيكليوتيد",B,D
2097,"يتميز الشكل الوراثي للسرطان بجميع ما يلي:

A) وجود قصة عائلية.
B) اختطار الرجعة مرتفع عند الأقارب.
C) الظهور المبكر وتعدد الأورام الأولية.
D) يتبع الوراثة المندلية.",C,D
2098,"من خواص الغليكوجين ما عدا

A) يتوضع بشكل رئيسي في الكبد والعضلات
B) متبلور
C) يحتوي على ما يقارب 10000 وحدة غلوكوز
D) سكر ادخاري",B,D
2099,"تحتاج رابطة الفوسفور ثنائية الأستر كي تتشكل إلى الهيدروكسيل الموجود على ذرة الكربون:

A) 1'
B) 2'
C) 3'
D) 4'",B,C
2100,"يهدف تفاعل البوليميراز التسلسلي اللحظي والكمي الى:

A) حري وجود الطفرات في نسخ الدنا.
B) قياس العدد البدئي لنسخ الدنا في العينة.
C) تضخيم شدفة من الدنا لعدد كبير من المرات.
D) معرفة تسلسل النوكليوتيدات في شدفة من الدنا.",C,B
2101,"ينتمي نبات الذرة إلى صف:

A) النباتات المزهرة .
B) الكوميلينات .
C) أحاديات الفلقة .
D) الذرة .",A,A
2102,"دور الاستموات

A) تشكل العديد من النسج
B) المحافظة على حجم الأعضاء
C) كل ما سبق صح
D) كل ما سبق خطأ",C,C
2103,"تحدث التلاسيميا بيتا نتيجة:

A) خلة جسدية سائدة.
B) خلة جسدية متنحية.
C) خلة مكتسبة سائدة.
D) خلة مكتسبة متنحية.",B,B
2104,"تصنف البيئة الكابتونية ضمن الأمراض:

A) الوراثية
B) خطأ الاستقلاب الخلقي
C) الآفات الجلدية
D) كل ما سبق خطأ",D,D
2105,"في مشغل التيربتوفان وجود التربتوفان يؤدي ل

A) تثبيط انتساخ الجينات
B) يحفز انتساخ الجينات
C) يشكل معزاز للانتساخ
D) كلها خاطئة",C,A
2106,"مخازن الطاقة طويلة الأمد long term:

A) تمثل في الطاقة المختزنة في الرابطة التساهمية CC .
B) لا تتحرر إلا نتيجة تفاعلات استقلابية معقدة .
C) تستخلص منها الطاقة وتتحول الى ATP .
D) كل ماسبق صحيح .",D,A
2107,"تتألف SnRNP من:

A) بروتين و SnRNA .
B) برويتن و mRNA .
C) بروتينات .
D) كل ماسبق خطأ .",A,D
2108,"البيولوجيا الجزيئية:

A) بغية معرفة الآلية التي تسبب فيها التغيرات في هذه الجزيئات الكبيرة تعطيلا للعمليات الحيوية
B) تهدف إلي فهم آليات العمليات الحيوية ضمن الخلية علي المستوي الجزيئي
C) تقاطع لعلوم الوراثة والكيمياء الحيوية
D) كل ما سبق صحيح",D,D
2109,"في الاضطراب الطبيعي الجسدي السائد :

A) يصاب الذكور فقط
B) يصاب الإناث فقط
C) لدى أي طفل من والد مصاب اختطار %50 لوراثة الاضطراب
D) يصاب الذكور والإناث بنسب متساوية",C,D
2110,"اختر الإجابة الخاطئة:

A) الجينات هي تسلسل من أزواج النوكليوتيدات
B) الموقع الجيني الواحد يملك أليلآ واحدآ
C) ترمز النوكليوتيدات المعلومات الخاصة بمنح الجين الذي هو بروتين في معظم الحالات
D) تعطي الجينات البشرية رموزآ من أحرف كبيرة مائلة بحسب ال LSGN :",B,B
2111,"تتم عملية التضفير البديل alternative splicing للرنا المرسال البدئى بواسطة :

A) Spliceosome .
B) الريبوزومات .
C) RNA pol-3 .
D) RNA pol-1 .",A,D
2112,"كل ما يلي صحيح عن الديجوكسين ماعدا :

A) هو دواء مقوي لوظيفة العضلة القلبية
B) مجاله العلاجي ضيق
C) إنّ وجود SNP في بروتين MDR1 يؤدي إلى ارتفاع مستويات الديجوكسين بشدة في مصل المرضى
D) يتم طرده وإعادته إلى لمعة الأمعاء ومنع امتصاصه إلى الدم لدى المرضى متماثلي الزيجوت للأليل الحاوي على SNP",C,A
2113,"النمط الأقل شهرة للتواصل الخلوي:

A) الهرمونات
B) السائل بين الخلوي
C) الدم
D) السيالة العصبية",B,B
2114,"الخطأ حول الوراثة المتقدرية:

A) الأم المصابة تنقل الإصابة لجميع أبنائها.
B) الأب المصاب ينقل الحالة الى نصف أبنائه.
C) لأفراد العائلة الوحدة المصابون أنماطاً ظاهرية متنوعة.
D) من أمثلتها وراثة اعتلال العصب البصري لليبر.",C,B
2115,"تساعد حلقة الأكتين المتقلصة على:

A) انقسام السيتوبلازما
B) انقسام النواة
C) انقسام العضيات
D) لا شيء مما سبق",A,B
2116,"تشابه بين منحني الانصهار و PCR اللحظي والكمي:

A) نستخدم المواد المشعة.
B) وجود مواد ُمتفلورة ترتبط بطاق الدنا المضاعف.
C) يستخدمان بوليميراز الدنا المستخرج من بعض أنواع العتائق.
D) استخدام مشارع من الرنا.",C,A
2117,"مركبان يحدثان استجابة جينية وتعبير جيني

A) التستيسترون والهيموغلوبين
B) الاستروجين والانسولين
C) النيكوتين والتستيسترون
D) البروجسترون والدهون",C,B
2118,"الهيستونات

A) مسؤولة عن المستوى الأول من رزم ال DNA
B) احماضها الأمينية أغلبها موجبة
C) تساهم بتكوين الجسيمات النووية
D) كل ما سبق صح",D,D
2119,"العصارة الخلوية محمية من تأثير أنزيمات الجسيم الحال بسبب

A) غلاف الجسيم الحال
B) الجسيم الحال PH
C) طبيعة عضيات العصارة
D) A+b",D,D
2120,"الصبغي الدائري في المتقدرات حجمه هو

A) 17 نكليوتيد .
B) 16 الف نكليوتيد .
C) 17 الف نكليوتيد .
D) 16 نكليوتيد .",C,C
2121,"يدل المعين في شجرة النسب علي:

A) الفرد مات في مرحلة مبكرة
B) جنس الفرد غير محدد
C) توءمي الزيجوت الواحدة
D) الفرد الذي بدأت عنده الدراسة",B,A
2122,"تمتاز الوحيدة الكبرى للجسيمات الريبية بـ) الخاطئة: (

A) معامل تسدم ٦٥s .
B) وجود موقع واحد لارتباط mRNa.
C) وجود ثلاث مواقع لارتباط tRNA .
D) احتوائها على انماط متعددة من rRNA والبروتينات .",B,A
2123,"يحتوي Genome E.Coli على ...... جينات مسؤولة عن الاصطناع الحيوي للحمض الأميني التربتوفان:

A) 3
B) 4
C) 5
D) 6",B,D
2124,"يسمى البروتين المرتبط مع القسيم الطرفي بـ:

A) Telomer
B) Subtelomer
C) Primosome
D) كل ما سبق خطأ",D,D
2125,"حويصلات كوب ٢ مسؤولة عن:

A) النقل المنظم والاساسي للمواد اثناء الايماس .
B) النقل التقدمى من الشبكة البلازمية الى مدخل غولجي فقط .
C) A+B .
D) مسؤولة عن النقل التراجعى .",C,B
2126,"يحوي المدار الخارجي لذرة الكربون على

A) 6 الكترونات
B) 4 الكترونات
C) 2الكترونات
D) 8الكترونات",B,B
2127,"صحيح ما عدا Signal sequences

A) تسلسلات أحماض أمينية
B) حمض أميني 10 - 20
C) تدل البروتينات المصنعة على أماكن ارسالها
D) تكون مفردة دائما",C,D
2128,"بروتينات غير منحلة بالماء ولا في المحاليل الممددة

A) البروتينات الكروية .
B) البروتينات الليفية .
C) الالبومين .
D) البروتامينات.",B,B
2129,"دواء مضاد للتخثر :

A) imantinib
B) warfarin
C) sinavastatin
D) Bucindolol",B,C
2130,"اجتماع عدة أجهزة عضوية مختلفة ومتمايزة

A) Tissue
B) Organ
C) Organ system
D) اجتماع عدة نسج",B,D
2131,"من أهم تطبيقات استقطاب الرابطة بين الأكسجين والهيدروجين في الماء هي

A) تشكيل الرابطة الهيدروجينية .
B) تشكيل الرابطة التساهمية .
C) الأيونات الموجبة .
D) الأيونات السالبة .",A,C
2132,"يوجد الايلاستين في ما يلي ما عدا

A) الجلد.
B) الأشعار .
C) الأوعية الدموية .
D) الأسناخ الرئوية .",B,B
2133,"اكسدة الاحماض الدسمة في الجسيمات المؤكسدة يعطي:

A) كمية كبيرة من الطاقة .
B) كمية قليلة من الطاقة .
C) ماء CO2+ .
D) لا شيء مما سبق .",A,B
2134,"ينجم عن طفرة في جين P53 :

A) سرطان الرئة
B) الورم الأرومي الشبكي
C) سرطان القولون
D) الورم الأرومي العصبي",B,D
2135,"من صفات عديدات السكاكر ما عدا

A) لا رائحة لها
B) تذوب بالماء
C) ليس لها قدرة الارجاع
D) بنيوية أو ادخارية",C,A
2136,"يضم التشخيص الجزيئي الذي قد يسهم في تحليل المرض:

A) النمط النووي
B) الوسائل المتعددة لكشف الطفرات
C) التطبيقات المختلفة لتضخيم الدنا
D) كل ما سبق صحيح",D,B
2137,"تتركز بكثافة في محيط الخلية

A) Micro tubules
B) Micro filaments
C) Intermediate filaments
D) Macro tubules",B,B
2138,"إذا كان انتشار مرض التالاسيميا في مجتمع (0000)، يكون معدل الحاملين في ذلك المجتمع:

A) 1000M
B) 2000M
C) 50M
D) 500M",B,C
2139,"تجري عملية photo synthesis في

A) المتقدرات
B) الصائعات الخضراء
C) الريبوزومات
D) النواة",B,B
2140,"تستخدم طريقة تحليل الدنا لعينات الجنين لتشخيص قبل الولادة اضطرابات:

A) التليف الكييسي Cystic filbrosis
B) متلازمة الصبغي X الهش
C) الحثل العضلي لدوشين
D) كل ما سبق صحيح",D,D
2141,"كل ما يلي صحيح عن آليات حدوث الشذوذات الصبغية البنيوية ما عدا:

A) أثناء عملية التعابر
B) تعرّض لمكسرات للدنا
C) إعادة ترتيب غير طبيعي للجينات
D) تعابر متساوي",D,B
2142,"ترتيب التصنيف

A) نوع - جنس - عائلة - رتبة- صف-شعبة - مملكة
B) جنس - نوع - عائلة- صف - رتبة - شعبة - مملكة
C) نوع – جنس – صف – رتبه – عائلة – شعبة – مملكة
D) عائلة – نوع – جنس – رتبة – صف – شعبة – مملكة",A,A
2143,"ترسبات سكرية ودسمة واصبغة

A) Cytosol
B) Cell membrane
C) Cytoskeleton
D) Inclusions",D,D
2144,"الصفيحة النووية هي

A) طبقة قاعدية تتوضع عليها النواة .
B) شبكة من البروتينات تتصل مع الغشاء الخارجي للنواة .
C) شبكة من البروتينات الليفية تدعم الغلاف النووي من الداخل .
D) بنية تشكل مخزناً الإبونات الكالسيوم.",C,C
2145,"يرتبط TFID ب

A) المحضض
B) المعزز
C) المسكتات
D) كل ما سبق صح",D,A
2146,"يوجد على سطحه جسيمات ريبية

A) الشبكة البلاسمية الداخلية الملساء .
B) جهاز غولجي .
C) الغشاء الخارجي للغلاف النووي .
D) الغشاء الداخلي للغلاف النووي.",A,C
2147,"الغشاء الداخلي للمتقدرات:

A) غير نفوذ للايونات والجزيئات .
B) نفوذ للايونات والجزيئات .
C) لا يحوي بروتينات غشائية بسبب نفوذيته .
D) B+C.",A,A
2148,"ينتج عن أكسدة كل جزيء : NADH

A) 53.5 حريرة .
B) 52.6 حريرة .
C) 52.6 كيلو حريرة .
D) 53.5 كيلو حريرة .",D,B
2149,"في الخلية النشيطة اختر الإجابة الخاطئة

A) نسبة حجم النواة الى حجم السيتوبلازما كبيرة
B) حجم الخلية يكون كبير بالنسبة لسطحها
C) نسبة السطح الى الحجم تكون كبيرة
D) سطح تبادل الخلية يكون كبيرا بالنسبة لحجمها",C,B
2150,"تحمل بداية السلسلة الببتيدية مجموعة :

A) أمين
B) متيل
C) هيدروكسيل
D) كربوكسيل",A,B
2151,"كل ما يلي صحيح عن العنصر الانتقالي 1 Line ما عدا:

A) قادرة على الانتقال كونها ترمزّ إنزيمات تمتلك فعالية النوكلياز الداخلية
B) قادرة على الانتقال كونها ترمزّ إنزيمات تمتلك فعالية المنتسخة العكسية
C) تتوضع بشكل رئيسي في مناطق الكروماتين المغاير
D) تؤدي دور في تشكيل الجينات الكاذبة",D,B
2152,"تتركز بكثرة في الوريقة الخارجية

A) لتوضعها دور في تعرف خلايا الجملة المناعية على خلايا الجسم نفسه
B) السكاكر المرتبطة بالشحوم تكون عديدة
C) كل ما يلي صحيح حول السيفينغوليبيدات عدا
D) أبسط أنواعها هي مادة السيراميد",C,B
2153,"كل ما يلي صحيح عن القسيم المركزي ماعدا:

A) يرتبط مع مغزل الانقسام عبر الحيز الحركي.
B) يتكون من تكرارات لنسخ الدنا تسمى satellite DNA –a.
C) ترتبط فيه بروتينات CENP بشكل نوعي على a-satellite.
D) يكون مسؤول عن تشكيل مغزل الانقسام.",B,D
2154,"عند انخفاض نسبة الكوليسترول في الغشاء الخلوي

A) تزداد سماكة الغشاء .
B) تقل سماكة الغشاء .
C) تزداد مرونة الغشاء.
D) تقل مرونة الغشاء .",D,C
2155,"كل ما يلي صحيح عن جفاف الجلد الصباغي ماعدا :

A) نتيجة مطفرات بيئية
B) اضطراب متنحي جسمي نادر
C) اختلال إصلاح استئصال مثنوية أدنين
D) يحدث فيه سرطان جلد",D,A
2156,"ينشأ مركب اللاكتوز من شطر اللاكتوز بانظيم:

A) ادنيل سكلاز.
B) ترانس اميناز.
C) بيتا غلاكتوزيداز.
D) بريماز.",C,C
2157,"أطول أطوار الدورة الخلوية:

A) G1
B) G2
C) S
D) M",A,B
2158,"التفارز المستقل :

A) يحصل عند عدم وجود عبور
B) هو توزع الأعراس بشكل عشوائي عن الألائل
C) يحصل عندما تتوضع جينتان علي صبغيين مختلفين
D) كل ما سبق صحيح",D,A
2159,"يفيد ارتباط جزينات الالتصاق الخلوي بالهيكل الخلوي فيما يلي عدا:

A) ثباتية الالتصاق
B) تنبيغ الإشارة
C) زيادة مرونة الغشاء السيتوبلازمي
D) a+b",C,C
2160,"عندما تكون جمهرة (population) في توازن جيني حسب هاردي-واينبرغ، هذا يعني أنها تحقق الشروط التالية: واحد خطأ

A) التزاوج بين أفرادها عشوائي
B) معدل الطفرات فيها ضمن الحدود الطبيعية
C) لا توجد عوامل خارجية تؤثر على نمط جيني معين
D) أفراد متجانسين وراثيًا",D,A
2161,"يعرف المعقد الناتج عن اجتماع كل من البروتين الملتم والسيتوكروم C و الكاسبيز المنشط باسم

A) طلائع الكاسبيز .
B) الكاسبيز المنشط.
C) جسيم الموت Apoptosome .
D) المستقبل الخولي الداخلي .",C,C
2162,"المستقبلات النيكوتينية للاستيل كولين ما عدا:

A) تتركز في الخلايا العصبية
B) لها شكل وريدة ثلاثية
C) الوحيدة ألفا رئيسية لارتباط الاستيل كولين إليها
D) تتركز في الخلايا العضلية",C,B
2163,"الرامز AGG في الدنا المتقدري:

A) يرمز الحمض الأميني الأرجينين
B) رامز توقف
C) يرمزّ الحمض الأميني الليزين
D) رامز بدء",B,D
2164,"يحدث اصطناع عوامل الانتساخ:

A) داخل النواة
B) خارج النواة
C) خارج الخلية
D) ليس أياً مما سبق",A,B
2165,"تحوي الشحوم طاقة نافعة:

A) أكثر من السكاكر.
B) اقل من السكاكر.
C) أكثر من البروتينات .
D) C+A.",D,D
2166,"يتحد الغشاءان النوويان الداخلي والخارجي عند

A) معقدات الثقوب النووية
B) بأماكن عشوائية
C) كل ما سبق صحيح
D) كل ما سبق غاط",A,A
2167,"عدد القواعد الآزوتية اللازمة لإنتاج بروتين الأنسولين المكوّن من 51 حمض أمين إنتاج كامل ثم

A) 51
B) 54
C) 156
D) 153",B,D
2168,"الجهاز العصبي في الحيوان والغصن في النبات مثال على:

A) Organ system .
B) Organism.
C) Organ.
D) Population.",C,B
2169,"يعتمد تفاعل السلسلة على استخدام منهيات التفاعل المؤلفة من:

A) ريبوز منقوص الأوكسجين يحتوي على زمرة هيدروكسيل في الموقع 3’
B) ريبوز يحتوي زمرة هيدروكسيل في الموقعين 2’ و 3’
C) ريبوز منقوص الأوكسجين لا يحتوي على زمرة هيدروكسيل في الموقع 3’
D) ريبوز لا يحتوي زمرة هيدروكسيل في الموقعين 3’ و 2’",C,C
2170,"ترسبات صباغية تحوي بروتين الفيرتين

A) قطيرات دسمة
B) حبيبات غليكوجين
C) ترسبات صباغية
D) حبيبات هيمرسيدرين",C,D
2171,"تبدأ الصبغيات بفك التفافها لتعود وتأخذ البنية الكروماتينية الليفية عندما:

A) تدخل الخلية طور الانقسام .
B) تخرج الخلية من طور الانقسام .
C) تدخل الخلية الطور التالي من الانقسام .
D) في نهاية الطور التالى من الانقسام .",B,B
2172,"كل ما يلي صحيح عن الطفرة السائدة السلبية ما عدا:

A) استبدال نكليوتيد بآخر.
B) تصيب أحد الاليلين.
C) المنتج البروتيني يرتبط مع المنتج الطبيعي وينقص فعاليته.
D) قد يدخل المنتج البروتيني الطافر في ارتباطات مع بروتينات أخرى وينقص فعاليتها.",C,A
2173,"يورث اعتلال NARP عن طريق:

A) الجسدية السائدة
B) الوراثة المرتبطة بالجنس المتنحية
C) المتقدرات
D) كل ما سبق خطأ",C,C
2174,"كل ما يلي يشكل 99% من كتلة ذرات جسم الانسان

A) H
B) C
C) N
D) P",A,D
2175,"توجد انزيمات حلقة كريبس في الجسيمات الكوندرية، وتحديداً في

A) الغشاء الخارجي .
B) الغشاء الداخلي .
C) الحجرة الخارجية.
D) الحجرة الداخلية (المطرس).",D,D
2176,"في شجرة النسب يتم إغفال أحد الزوجين من أجل:

A) تقليل المساحة لدي الرسم
B) للدلالة علي أن أحدهما مريض
C) عدم مساهمته البيولوجية
D) A و C",D,B
2177,"أفضل طور لتمييز وتلون الصبغيات هو:

A) الصعود.
B) التالي.
C) الهجرة.
D) التضاعف.",D,B
2178,"السكر الخماسي في جزيئه الATP

A) غوانين
B) سيتوزين
C) ريبوز
D) ريبوز منقوص الأكسجين",C,B
2179,"اول عنصر من عناصر الدراسة العلمية المنهجية :

A) الفرضية .
B) الملاحظة .
C) المناقشة والاستنتاج .
D) الاختبار والنتائج .",B,D
2180,"يستخدم بزل السلي Amniocentesisل:

A) كشف الشذوذات الصبغية مثل متلازمة تثلث الصبغي 21
B) من أجل الاستقصاءات الصبغية والتي تعد عملا روتينيا من ممارسة رعاية الأمومة أثناء الحمل
C) الكشف عن تغيرات كيميائية حيوية عن مسار أمراض أخطاء الإستقلاب الوراثية
D) كل ما سبق صحيح",D,D
2181,"تشير النجمة بعد رمز الجين إلي :

A) وجود أليل ما للجين
B) لترميز الجينات
C) لتحديد موقع الجينات
D) وجود أليل طبيعي لهذه الجين",A,B
2182,"يعتمد تشكيل الأنماط الجينية ونوعها خلال تشكل الأعراس علي:

A) شكل النمط الجيني لدي الوالد ثنائي متماثل الألائل مقرونآ فقط
B) شكل النمط الجيني لدي الوالد ثنائي متخالف الألائل مقرونآ فقط
C) شكل النمط الجيني لدي الوالد ثنائي متخالف الألائل مفروقأ فقط
D) شكل النمط الجيني لدي الوالد ثنائي متماثل الألائل مفروقآ كان أم مقرونآ",C,D
2183,"متلازمة نقص في الصبغي هي

A) ويليام.
B) داون .
C) إدوارد .
D) كلاينفلتر.",B,A
2184,"عدة أعضاء مترابطة الوظيفة

A) Tissue
B) Organ
C) Organ system
D) اجتماع عدة نسج",B,C
2185,"تحرير الرنا :

A) يتم عبر تغيير بنى الأسس النوكليوتيدية
B) يتم عبر إضافة اليوراسيل فقط
C) كالرنا المرسال لجين apo_B
D) A+C",D,D
2186,"نواقل الالكترونات والانزيمات المتوضعة في الأغشية الخلوية:

A) سلسلة نقل الالكترون
B) مخازن الطاقة طويلة الأجل
C) الأشكال الطافية الجاهزة للاستخدام
D) لا شيء مما سبق",A,A
2187,"كل ما يلي صحيح عن رموز الشجرة الوراثية ما عدا:

A) المربع يرمز للذكر.
B) الدائرة ترمز للأنثى.
C) المثلث يرمز للإجهاض المحرض.
D) المعين يعني أن الفرد غير محدد الجنس.",C,C
2188,"ناقل الطاقة الذي يشارك بعملية التركيب الضوئي:

A) NADPH / NADP+
B) NADH / NAD+
C) O- / O
D) Fe+2 / Fe+3",A,A
2189,"يعتبر حفظ الخضراوات بإضافة كمية كبيرة من الملح بطريقة المخللات من تطبيقات

A) القنوات الشاردية.
B) النقل الفعال .
C) الانتشار البسيط.
D) التحال.",D,D
2190,"المستلفت:

A) أول فرد أُصيب بالمرض.
B) كل فرد مصاب في شجرة النسب.
C) الفرد الذي جلب الانتباه للمرض.
D) الفرد الحامل للمرض.",C,C
2191,"امتصاص بعض المواد الضوء بطول موجة ومن ثم إصداره بطول موجة أطول يعرف ب

A) الاشعاع
B) التألق
C) الثانية
D) التماهي",B,B
2192,"مصطلح بيولوجي خاطئ :

A) خلية جرثومية .
B) خلية فيروسية .
C) خلية نباتية .
D) خلية حيوانية .",B,B
2193,"المرسال البدئي mRNA Primer عند حقيقيات النوى:

A) اقصر من المنتسخ الناضج Mature RNA.
B) يحوي انترونات واكسونات.
C) يحوي اكسونات فقط.
D) ال يخضع لعملية التضفير. splicing",A,B
2194,"اتخن مكونات الهيكل الخلوي:

A) Micro tubules
B) Micro filaments
C) Intermediate filaments
D) Macro tubules",D,A
2195,"عند مزاوجة فردين يختلفان بصفتين يكون:

A) هجونة أحادية
B) تصالب ثنائي الجين
C) تصالب أحادي الجين
D) AوC",B,B
2196,"يتميز الرنا الناقل بكل ما يلي

A) يحمل رامز الترجمة
B) يرتبط الحمض الأميني بالنهاية '5
C) نوكليوتيدات غير اعتيادية مثل االينوزين
D) نوكليوتيدات اعتيادية مثل البسودوتيمين",B,C
2197,"تتضمن المعالجة الجينية داخل العضوية:

A) حقن مباشر لجسيمات الفيروس المعدلة وراثياً ضمن الكائن الحي.
B) حقن مباشر لجراثيم ضمن الكائن الحي.
C) إخراج خاليا المريض وإعداءها بالفيروس المعدل جينياً ثم إعادتها إلى المريض.
D) إخراج خاليا المريض وإعداءها بالجراثيم ثم إعادتها إلى المريض.",C,A
2198,"تنشط الجين الورمية في حالة ابيضاض الدم النقوي الحاج CML نتيجة :

A) طفرة نقطية
B) إعادة ترتيب صبغي
C) تضخيم جيني
D) ليس أياً مما سبق",B,C
2199,"تتألف الجملة الغشائية الداخلية للخلية من (الخاطئة)

A) الشبكة السيتوبلاسمية الداخلية ER .
B) الجسيمات الحالة .
C) الجسيمات الريبية .
D) جهاز غولجي .",C,C
2200,"نوع وترتيب الأحماض الأمينية البروتين يدعى

A) البنية الأولية
B) البنية الثانوية
C) البنية الثالثية
D) البنية الرابعية",A,A
2201,"يلاحظ بالنسبة للأسس االزوتية في جزيء الدنا بأن:

A) A/T = C/G.
B) A+G =C+T.
C) A=2T.
D) A=G.",B,B
2202,"عند حدوث خلل في تنظيم السبيل الإشاري WNT ينتج

A) سرطان معدة
B) سرطان أمعاء
C) سرطان كبد
D) سرطان دماغ",B,B
2203,"من ميزات الجزيئات الإشارية الضخمة عدا:

A) كارهة للماء
B) لا يسمح لها حجمها بعبور الغشاء
C) لها مستقبلها على غشاء الخلية الهدف
D) منها البروتينات",D,A
2204,"ينتمي الإنسان الى شعبة :

A) الحبليات .
B) الثدييات .
C) الرئيسات .
D) الحيوان .",A,B
2205,"تلتقي الألياف الممتدة باتجاه داخل النواة معا لتشكل

A) السلة النووية
B) اللوامس
C) كليهما
D) لا شيء مما سبق",A,A
2206,"كل ما يلي صحيح عن الطاق المتلكئ ماعدا:

A) يصنع علي مراحل بشكل شدف
B) طوله نحو 1000_2000 عند حقيقيات النوي
C) كل شدفة تحتاج إلي شرع خاص بها ليتم اصطناعها
D) يربط إنزيم الليغار بين هذه الشدف",C,D
2207,"ما هي المعلومة الصحيحة حول شدف Okazaki ؟

A) تقابل السيتوزين مع الغوانين.
B) تقابل الأذينين مع الثيمين.
C) تقابل الغوانين مع السيتوزين.
D) تقابل السيتوزين مع الثيمين.",B,D
2208,"العلم الذي يهتم بالتأثير والتأثر بين الجزيئات كالDNA والRNA والبروتينات:

A) علم الأحياء الدقيقة .
B) البيولوجيا العصبية .
C) بيولوجيا الخلية .
D) البيولوجيا الجزيئية .",D,B
2209,"وظيفة بروتين النكسين:

A) ربط الثلاثيات المحيطية في بنية الأهداب والسياط.
B) ربط الأنيبيات A,B,C فى الثلاثية الواحدة من بنية السياط والأهداب.
C) ربط الثنائيات المحيطية في بنية الأهداب والسياط .
D) ربط الأنيبين A,B في الثنائية الواحدة في بنية السياط والاهداب .",B,A
2210,"من الخصائص المشتركة بين المقتدرات والجسيمات المؤكسدة (الخاطئة)

A) كلاهما يستخدم الاكسجين .
B) كلاهما يحصل على بروتيناته بطريقة النقل العابر للغشاء .
C) كلاهما يتكاثر بالانشطار .
D) كلاهما ينتج ATP .",B,D
2211,"يحدث في داء الكوليرا في خلال الأمعاء:

A) عدم تفعيل بروتين G
B) تبقى الوحيدة ألألفا بشكلها الفعال في بروتين G
C) تمنع الوحيدة أليفا من التفعيل في بروتين G
D) تمنع جزيئة ATP كن التشكل في بروتين G",B,B
2212,"يقوم عامل البدء EF-Tu بـ :

A) حلمهة GTP الذي جاء به EF-Tu لتشكيل الرابطة الببتيدية
B) يساعد على دخول Aminoacyl-tRNA الريباسة للارتباط بالموقع A
C) يمتلك فعالية إنزيمية ناقلة للببتيد
D) A+B",D,D
2213,"ينتقل البروتين G من الحالة المفعلة إلى الحالة غير المفعلة بوساطة فعالية أنزيمية من نوع

A) الفوسفاتاز Phosphatase .
B) GTPase .
C) الكيناز .
D) الفوسفوليباز C .",B,B
2214,"تعتمد استجابة الخلايا للبروتين الإشاري على

A) محتوى الخلايا من الشحوم
B) محتوى الخلايا من السيتوبلاسما
C) محتوى الخلايا من بروتينات منظمة أخرى
D) كل ما سبق",C,C
2215,"ينتج عن إزفاء ما بين الصبغيين 7 و 19 حيث الصيغة المعبرة ]t(7:19)(q22,q13)[

A) زيجوت تحمل صيغة صبغية كاملة خالية من الإزفاء
B) تثلث صبغي 7 جزئي وأحاد صبغي 19 جزئي
C) تثلث صبغي 19 جزئي وأحاد صبغي 7 جزئي
D) كل ما سبق صحيح",C,C
2216,"التكيف هو إحدى عواقب التطور نتيجة :

A) التكاثر .
B) الاصطفاء الطبيعي .
C) النمو .
D) الاحتباس الحراري .",B,B
2217,"تؤدي زيادة فعالية إنزيم 6D2CYP إلى :

A) زيادة استقلاب المورفين.
B) زيادة فعالية المورفين.
C) انخفاض فعالية الكودئين.
D) زيادة فعالية الكودئين.",D,D
2218,"تكثر جزر CpG في:

A) الاكسونات.
B) النترونات.
C) المحضضات.
D) المنطقة الانتساخية.",B,C
2219,"ليست من عديدات السكاكر :

A) الغليكوجين .
B) السللوز.
C) الرافينوز.
D) النشاء .",C,C
2220,"يعتبر d-glyceraldehyde من السكاكر

A) الثلاثية
B) الخماسية
C) السباعية
D) السداسية",A,D
2221,"يتكون مغزل الإنقسام :

A) بروتين التوبيولين.
B) جزيئات الأكتين.
C) السكلينات.
D) الكينازات.",A,C
2222,"الأساس الأزوتي المتمم للتايمين في الرنا

A) الأدنينن
B) اليوراسيل
C) السيتوزين
D) الغوانين",B,B
2223,"ترتبط وخامة المرض المتعلق باعتلالات المتقدرات ب :

A) نوع الجين الطافرة في النواة.
B) عدد الجينات النووية الطافرة.
C) عدد الجينات في المتقدرات.
D) توزع المتقدرات الطافرة بين الأنسجة.",D,D
2224,"يبدأ انتساخ الجينات المرمزة للبروتينات بارتباط انزيم الرنا بوليميراز الى

A) المعزز.
B) المطلق القريب .
C) المسكتات .
D) النكليوتيد رقم + 1 .",B,B
2225,"كل ما يلي صحيح عن الرنا المرسال عدا:

A) متمم ومعاكس القطبية لطاق الدنا المرصاف.
B) يتم اصطناعه بالاتجاه 5 الى 3 .
C) مطابق لطاق الدنا المرصاف.
D) يخضع في حقيقيات النوى لثالث تعديلات حتى يصبح بشكله الناضح.",C,C
2226,"لها دور أساسي بتكوين الطبقة الثنائية الكارهة للماء

A) تشكل حاجز غير انتقائي
B) تؤمن قاعدة ارتكاز أساسية للبروتينات الغشائية
C) لا دور لها بتنبيغ الإشارة الخلوية
D) البروتينات الغشائية من وظائفها",B,B
2227,"كل ما يلي صحيح عن الرنا المرسال عدا:

A) متمم ومعاكس القطبية لطاق الدنا المرصاف.
B) يتم اصطناعه بالاتجاه 5 الى 3.
C) متمم لطاق الدنا المرصاف .
D) يخضع في حقيقيات النوى لثالث تعديلات حتى يصبح بشكله الناضح.",C,C
2228,"تقع الجين المسؤولة عن الزمر الدموية عند البشر على:

A) الصيغي 15
B) الصيغي 9
C) الصيغي 23
D) الصيغي 21",C,B
2229,"الحويصلات الافرازية الأكبر في جهاز غولجي

A) تدخل الى Cis face
B) تدخل الى trase face
C) تخرج من Cis face
D) تخرج من trase face",B,D
2230,"تمتلك الطفرة تأثيراً سائداً عندما:

A) تغير كمية المنتج لجين زيادةً حيث كامل أو معظم ذاك المنتج مطلوبة للخلية
B) تغير كمية المنتج لجين نقصاناً حيث كامل أو معظم ذاك المنتج مطلوب للخلية
C) تؤدي إلى اصطناع منتج جديد يمتلك تأثيراً ضاراً
D) كل ما سبق صحيح",D,B
2231,"تعتمد تفاعلات سلسلة الدنا :

A) نكليوتيدات ريبية.
B) نكليوتيدات دنا ال تحتوي هيدروكسيل على الموقع 3‘.
C) نكليوتيدات دنا لا تحتوي هيدروكسيل في الموقع 5 ‘.
D) نكليوتيدات دنا لا تحتوي هيدروكسيل في الموقع 1 ’.",B,B
2232,"يعود الدور الرئيسي في تعرف جسيم التضفير مواقع التضفير الى :

A) rRNAs.
B) rRNAs.
C) snRNA.
D) snRNPs.",D,D
2233,"دور ألاللولاكتوز في مشغل اللاكتوز:

A) Activator
B) Repressor
C) Co-Repressor
D) Induce",A,C
2234,"ينتج ال CML عن جين:

A) ABL/BCR
B) RYR 1
C) RB1.
D) MYC",A,A
2235,"يتميز الالتهام الذاتي

A) ظهور فجوات سيتوبلاسمية وجسيمات حالة ذاتية .
B) تنكمش الخلايا .
C) ظهور أجسام الاستموات .
D) تقوم البالعات الكبيرة بمساعدتها .",A,A
2236,"تظهر حالة ابيضاض الدم النقوي المزمن CML نتيجة إزفاء مبتادل بين الصبغيين:

A) 9 و 17
B) 9 و 22
C) 13 و 22
D) 9 و 11",B,D
2237,"يشارك في تصنيع انزيمات الجسيمات الحالة ما عدا

A) RER
B) الريبوزومات
C) جهاز غولجي
D) البيروكسيزومات",A,D
2238,"الجينات الموجودة علي صبغيات مختلفة يربط بعضها مع بعض وسوف تتفارز بشكل مستقل:

A) التزاوج المتصالب الرجعي
B) الاستيلاء الحقيقي
C) التهجين أحادي الخلة
D) الاستيلاء غير الحقيقي",D,D
2239,"يعبر المصطلح homozygous dominant للكائن عن:

A) زيجوت متغاير ألالائل متنحي.
B) زيجوت متغاير ألالائل سائد.
C) زيجوت متماثل ألالائل متنحي.
D) زيجوت متماثل ألالائل سائد.",D,D
2240,"يضاف إليه جذر فوسفات بوساطة انزيمات الكينازات

A) يغلق ارتباط الفوسفاتيديل اينوزيتول بجذر الفوسفات مواقع ارتباط لبروتينات العصارة الخلوية
B) كل ما يلي من وظائف انزيم الفوسفوليباز عدا
C) تفكيك الفوسفاتيديل إينوزيتول في الوريقة الداخلية للغشاء
D) تحريض دخول الكالسيوم للشبكة السيتوبلاسمية الداخلية",B,B
2241,"يعتمد توقيت ومعدل وعدد الانقسامات الخلوية على كل ما يلي ماعدا :+

A) السكلين والكيناز
B) عوامل النمو ومستقبلاتها والهرمونات
C) طول القسيمات الطرفية
D) طول القسيمات المركزية",C,C
2242,"يحدث تمثيل الدنا في خلايا الفقاريات على أساس

A) الأديتين
B) الغوانين
C) السيتوزين
D) التايمين",A,C
2243,"عند تزاوج نباتات تعطي دوما بذور مجعدة مع نباتات تعطي دوما بذور مدورة تكون نسبة البذور المجعدة الى البذور المدورة في نباتات الحيل الثاني :

A) 3:01:00
B) 1:03:00
C) 1:02:01
D) 1:01:00",A,A
2244,"نشاهد في الرحلان الكهربائي لدى متخالف ألالائل لجين ال يحتوي النمط الطبيعي فيه أي موقع تعرف بينما تسبب الطفرة إضافة موقع تعرف جديد، وباستخدام أنزيم شطر نوعي:

A) عصابة واحدة.
B) عصابتين.
C) عصابات ثالث.
D) أربع عصابات.",B,C
2245,"اذا ادت طفرة استبدال الى الغاء موقع تعرف وحيد الزنيم اقتطاع في احد نواتج تضخيم جين ما فكم يبلغ عدد عصابات الرحلان الكهربائي لدى متخالف اللواقح بعد قطع منتج التضخيم بأنزيم الاقتطاع نفسه:

A) عصابة واحدة.
B) عصابتين.
C) ثالث عصابات.
D) اربع عصابات.",B,C
2246,"جميع ما يلي هو من الأنزيمات الشائعة المسؤولة عن استقلاب ما يزيد عن %90 من الأدوية الشائعة ما عدا :

A) A21CYP.
B) C YP2C9.
C) CYP2D6.
D) 3A19.",A,D
2247,"أي من الجينات التالية لها أهمية في اتخاذ القرار العلاجي لدى مريضات سرطان الثدي:

A) Personalized medicine.
B) Percision medicine
C) Regenerative medicine
D) Personalized genomic medicine",D,D
2248,"الأنماط الظاهرية لنبات البازلاء الناتجة عن التزاوج ما بين ابوين أحدهما نمطه الجيني RrYy والثاني rryy :

A) 1:3:3:9
B) 1:1:1:1
C) 1:2:1:2
D) 2:2:3:9",B,B
2249,"في حال التفارز المستقل بين المورثتين A و B سيكون عدد الأنماط الظاهرية المختلفة في الجيل الثاني :

A) 5
B) 6
C) 7
D) 8",B,D
2250,"اذا كان الارتباط بين المورثتين A و B كامل فان عدد الأنماط الجينية في اعراس لفرد نتغاير ألالائل AB/ab سيكون:

A) 1
B) 2
C) 3
D) 4",B,B
2251,"عندما صالب ماندل نباتات تعطي بذورآ مدورة مع تلك التي تعطي بذورآ مجعدة كانت نسبة البذور المدورة إلي المجعدة في الجيل الثاني:

A) 3 إلي2
B) 4 إلي 5
C) 4 إلي1
D) 1 إلي 3",C,A
2252,"عند تهجين فرد من نبات بازلاء طويل الساق T مع فرد قصير الساق t ينتج أفراد طويلة وأفراد قصيرة فإن الفرد الطويل الساق نمط وراثي:

A) tt
B) TT
C) Tt
D) BوC",D,B
2253,"يطلق علي الأفراد التي تعطي لدي مزاوجتها بعضها مع بعض صفات مختلفة عن تلك المشاهدة في جيل الآباء:

A) استيلاء حقيقي
B) استيلاء غير حقيقي
C) تطالب ذاتي
D) هجين أحادي الخلة",B,C
2254,"عندما صالب ماندل بذرة نباتات تعطي بذورآ ملساء مع تلك التي تعطي بذورآ مجعدة كلن ما يلي بالنسبة للجيل الثاني:

A) يمتلك ثلاثة أنماط جينية
B) يمتلك نمطين ظاهريين
C) 4/1 زيجوت متغاير الألائل
D) نسب النمط الظاهري 1:3",B,D
2255,"لدي مصالبة النباتات التي تعطي بذورآ مدورة وصفراء RRYY مع تلك التي تعطي بذورآ مجعدة خضراء rryy فإن نسبة النمط الظاهري للأفراد الناتجة RYوRyوryوrY :

A) 9:3:3:1
B) 6:3:6:4
C) 12:2:2:2:4
D) 9:3:3:1",B,D
2256,"في حالة التفارز المستقل يؤدي التزاوج ما بين ثنائي متخالف الألائل مع ثنائي متماثل الألائل المتنحي إذ تتوضع كلتا الجينتين علي صبغيين غير متماثلين إلي تشكيل ... من التراكيب الجينية الجديدة:

A) 0
B) 0.5
C) 0.2
D) 0.4",D,A
2257,"إذا كان الموقع A يبعد بمقدار ⅿu20 عن الموقع B والموقع C يبعد عن الموقع B بمقدار ⅿu5 وعن الموقع A بمقدار ⅿu25 فإن موقع C :

A) يمين AوB
B) خارج A و B علي يسار A
C) خارج A و B علي يسار B
D) ليس أيآ مما سبق",B,D
2258,"ليس من النماذج الأربعة المختلفة الأحادية الجين التي يمكن أن تورث فيها خلة ما محددة بموقع جيني واحد:

A) جسدي سائد
B) مرتبط بالجنس مشترك
C) مرتبط بالجنس سائد
D) جسدي متنح",D,A
2259,"يؤدي وجود أليل سائد مرتبط بالصبغي X في شجرة النسب إلي ظهور النمط الظاهري المرتبط بوجود الأليل لدي:

A) الإناث فقط
B) الذكور فقط
C) الإناث والذكور
D) التواءم",B,B
2260,"عندما تعبر جين عن نفسها بدرجات مختلفة رغم انتفاذها عندما يدعي التعبير الناتج عن نمط جين نافذ باسم:

A) التعبر
B) الانتقاذ
C) Expressivity
D) A و C",C,B
2261,"الجينات المميتة المتنحية قد تكون غير مميتة عندما يكون انتفاذ وتعبر النمط الجيني ... وتسمي عندها الجينات:

A) متماثل اللواقح ، تحت المميتة
B) متخالف اللواقح ، مميتة
C) متماثل اللواقح ، المميتة المتنحية
D) متخالف اللواقح ، تحت المميتة",A,D
2262,"لتحديد فيما إذا كانت العوامل الجينية وحددها دون البيئية هي من يسهم في تنوع خلات ما درست حالات:

A) التبني
B) التوائم
C) الاختطار التجريبي
D) A+B",D,B
2263,"يفهم طبيعة الحمض الأميني الذي يجب تحميله على جزيء الرنا الناقل نفسه من خلال قراءة الرامز المعاكس للرنا الناقل :

A) الرنا بوليميراز من النمط Ⅱ
B) أمينو أسيل سينثتيز
C) عامل الإطلاق RF
D) المثيونين",B,D
2264,"يحفز تشكيل الرابطة الببتيدية بين حمضين أمينين في الموقع A و P فعالية إنزيمية ناقلة للببتيد يتمتع بها :

A) 23S rRNA
B) 5S rRNA
C) البروتينات الريباسية
D) كل ما سبق صحيح",D,B
2265,"تنقل الريباسة شفرة وراثية واحدة باتجاه 3` للرنا المرسال خلال طور الإطالة في عملية ترجمة البروتين وذلك بفضل :

A) GTP جزيء
B) عامل الإطالة EF-G
C) CRFSعوامل الإطلاق
D) A+B",D,C
2266,"عند القيام بعملية تأشيب يدل الحصول على مستعمرات جراثيم باللون الأزرق وذلك عندما تنمو على وسط يحوي أحد الصادات الحيوية:

A) نجاح عملية التأشيب
B) تداخل الجين في تسلسل الجين المولدة للون
C) مقاومة الصاد الحيوي والقيام بعملية النمو
D) إنتاج هرمون النمو البشري",C,B
2267,"عند إضافة كمية قليلة من ddATP في أحد أنابيب طريقة سانغر في سلسلة الدنا ينتج تسلسلات دنا متمم أقصر نتجت عند ارتباط ddATP عند:

A) كل موقع احتوى فيه الدنا المرصاف على الأدنين
B) كل موقع احتوى فيه الدنا المرصاف على التيامين
C) كل موقع احتوى فيه الدنا المرصاف على الغوانين
D) كل موقع احتوى فيه الدنا المرصاف على السيتوزين",B,D
2268,"تقانة تهجين تستخدم في مقارنة مستوى التعبير الجيني بين الخلايا لجين يكثر أو يقل التعبير عنها في شروط معينة:

A) تبقيع ساوثرن
B) تبقيع ناوثرن
C) تبقيع ويسترن
D) كل ما سبق صحيح",D,D
2269,"أحد تقنيات المعالجة الجينية هو إبطال نسخة من الجين السليم بحقنه في الجسم بشكل مباشر في الخلية الهدف:

A) المعجالة الجينية داخل العضوية
B) المعالجة الجينية خارج العضوية
C) إقصاء الجين
D) إضافة الجين",A,A
2270,"عند إضافة جين بشري لبيضة فأرة ومن ثم تشكيل البيضة الملقحة ويتم زرعها في رحم فأرة أم بديلة يكون ....... من الذرية إيجابية تعبر عن الجين البديل:

A) فأر تلقى هرمون النمو البشري وكانت استجابة سلبية
B) فأر تلقى جين غريبة وكانت استجابته إيجابية
C) فأر تلقى جين غريبة وكانت استجابته سلبية
D) فأر تلقى هرمون النمو البشري وكانت استجابته غريبة",B,A
2271,"يؤدي عدم حدوث الاختراق بين الصبغيات الجنسية في الانقسام الانتصافي الأول عند المرأة إلى تشكل نمط الأعراس:

A) XX,O
B) X, O
C) XY,Y,O
D) X,XXX",D,B
2272,"عند عدم التمكّن من وضع تشخيص نوعي من أجل تقدير اختطار الرجعة من أجل مختلف أفراد العائلة:

A) يجب مناقشة التشخيصات التفريقية المتنوعة مع العائلة والمعلومات التجريبية المتوافرة
B) دراسة النمط الصبغي Karyotype
C) تحاليل سلسلة الدنا
D) كل ما سبق صحيح",D,B
2273,"يكون والدا الطفل المصاب حاملين متغايري الألائل عديمين الأمراض في الوراثة :

A) الجسدية المتنحية
B) الجسدية السائدة
C) المرتبطة بالصبغي X السائدة
D) المرتبطة بالصبغي X المتنحية",A,A
2274,"إذا عانى فرد متخالف الألائل من أعراض مرض وكان موضع الجين على الصبغي 5 يكون هذا المرض من نمط

A) مرتبط بـX متنحي
B) صبغي جسدي سائد
C) مرتبط بـ Y
D) صبغي جسدي متنحي",B,B
2275,"حسب طراز شجرة نسب يظهر انتقال المرض الوراثي المرتبط بالصبغي X المتنحي كل ما يلي ماعدا :

A) بنات المصاب حملة
B) أبناء المصاب مصابين
C) جميع الذكور المصابين ذوي قربى من خلال انتقال الجين عبر سلسلة من الإناث الحاملات
D) بنت الوالد المصاب طبيعية",D,D
2276,"في حال زواج أنثى حاملة لمرض حمّى الفول من رجل سليم فحملت بذكر يكون اختطار أن يكون الأطفال المصابين :

A) 1
B) 0.5
C) 0.25
D) 0",D,D
2277,"امرأة مصابة بمتلازمة فرط كولسترول الدم تزوجت من رجل سليم , احتمال إنجاب طفل مصاب :

A) 1
B) 0.5
C) 0.25
D) 0",D,D
2278,"من الآليات التي تغير من استجابة أي مريض كل ما يلي ماعدا :

A) استقلاب الدواء
B) نقل الدواء
C) شكل مستقبل الدواء
D) الزمرة الكيميائية للدواء",C,D
2279,"تعالج مريضات سرطان الثدي اللواتي تعبر خلايهن عن الـ HER–2 بـ :

A) التاموكسيفين
B) البوسينودلول
C) الهرسبتين
D) imantinib",C,D
2280,"تبين أنّ الدواء المناسب لدى %60 من مريضات سرطان الثدي في حال كانت الخلايا السرطانية من نمط ER- :

A) الهرستبين
B) التاموكسيفين
C) بوسيندولول
D) الدينجوكسين",C,B
2281,"أم مصابة أنجبت ذكرًا مصابًا بالورم التليفي العصبي، تسأل عن اختطار المرض في الحمل التالي، علما أن زوجها سليم. الجواب هو:

A) 0
B) 0.25
C) 0.5
D) 1",B,C
2282,"أنجب أبوان سليمان طفلان (ذكر وأنثى) مصابان بمرض استقلابي بدأت تظاهراته مبكرًا. الاحتمال الأول لطراز انتقال هذا المرض الوراثي هو:

A) صبغي جسدي متنحي
B) صبغي جسدي سائد
C) مرتبط بالـ X
D) متقدري",A,B
2283,"عندما يكون 50% من الأفراد الذين يحملون طفرة سائدة دون أن يظهر لديهم أعراض مرضية، نقول عن هذا المرض إنه: واحد صح

A) epistatic
B) ناقص الاختراق
C) متغير التعبير
D) متنحي",B,C
2284,"في تجربة دافيسون وجيرمر تم الكشف عن الطول الموجي المرافق للإلكترونات المنتثرة رغم قصره نظرا لان :

A) التباعد بين الذرات اكبر من الطول الموجي
B) التباعد بين الذرات اصغر من الطول الموجي
C) التباعد بين الذرات من رتبة الطول الموجي
D) كل ما سبق خاطئ",C,C
2285,"زاوية الورود تساوي زاوية الانعكاس هو قانون ك

A) للانعكاس
B) للانعكاس المراوي
C) للانعكاس التبعثري
D) للانعكاس الخشن",A,A
2286,"من تطبيقات الأشعة السينية: (الخطأ)

A) التصوير الشعاعي.
B) التصوير الطبق المحوري.
C) تصوير الكسور.
D) التصوير الوظيفي.",D,D
2287,"مجال الأمواج الصوتية المسموعة ما بين :

A) 20 Hz و 200 Hz
B) 20 Hz و 2000HZ
C) 20Hz و 20 HZ
D) 2 Hz و 200 Hz",B,C
2288,"يشير مفعول دوبلر في الطيف الكهرطيسي إلى:

A) انزياح الطيف الوارد عن الأجرام المبتعدة عنا نحو الأحمر.
B) انزياح الطيف الوارد عن الأجرام المقتربة منا نحو الأزرق.
C) انزياح الطيف الوارد عن الأجرام (مبتعدة \ أو مقتربة) عنا نحو الأحمر.
D) الجوابين A و. B",D,D
2289,"الصيغة التي تعطينا التفاصيل الأقل و النسبة الابسط للذرات الموجودة في الجزيء

A) الصيغة الجزينية
B) الصيغة التجريبية
C) الصيغة البنيوية
D) الصيغة الهيكلية",B,B
2290,"الذي يعطي لأشعة جاما مصدرا آخر للأشعة السينية التي يمكن أن تكون مفيدة وطاقتها قريبة من طاقة أشعة جاما الأصلية بحيث يمكن عدهما أشعة واحدة هو

A) النحول الخارجي
B) التحول الداخلي
C) الفلورة
D) إصدار البوزترونات",B,B
2291,"بعد كلا من ..... العضلة القلبية دليلا سريريا على صحة تلك العضلة :

A) حجم وضغط
B) ضغط وتوتر
C) سرعة وحجم
D) كل ما سبق صحيح",D,B
2292,"إن (even-odd) تدل على:

A) تساوي العزم المغناطيسي للنوى ذات الأعداد الزوجية من البروتونات والفردية من النترونات والعزم المغنطيسي للتكليون المتفرد المتبقي
B) انعدام العزم المغنطيسي للنوى ذات الأعداد الزوجية من البروتونات والنترونات
C) تساوي العزم المغنطيسي للنوى ذات الأعداد الفردية من البروتونات والزوجية من النترونات والعزم المغناطيسي للتكليون المتفرد المتبقي
D) A,C",D,C
2293,"مرتبة التفاعل الذي لا تتغير فيه قيمة السرعة بتغير التركيز:

A) صفر
B) واحد
C) اثنين
D) ثلاثة",A,A
2294,"زيادة الورود التي تقابل زاوية انكسار تدعى :

A) الزاوية الحرجة
B) الزاوية المنفرجة
C) الزاوية الحادية
D) زاوية الانكسار",B,B
2295,"المواد غير المرئية بالنسبة للتواتر 500GHz يمكن الكشف عنها بالأمواج ذات التواتر:

A) الأعلى
B) الأحمض
C) نفسه
D) كل ماسبق خاطئ",A,A
2296,"مجال الأمواج تحت الصوتية أصغر من :

A) 20 Hz
B) 200 Hz
C) 200 Hz
D) 20KHz",A,A
2297,"ان معادله بيرنولي تطبق على جريان اي مائع مثالي طالما تقع النقطتان على:

A) خط الانحناء نفسه
B) خط التيار نفسه
C) المستقدم العمودي على منحنى الانتشار
D) كل ما سبق صحيح",B,A
2298,"يعتبر الكشف عن الأورام السرطانية للخلايا القاعدية في الجلد عبر نظام تصوير آمن من أهم تطبيقات:

A) التصوير بالأشعة السينية.
B) التصوير بأشعة التيراهرتز.
C) التصوير بالأمواج المكروية .
D) جميع العبارات السابقة خاطئة.",B,B
2299,"– المقدار الذي يتزايد لدى انتثار فوتون عن الكترون بمفعول كومتون :

A) طاقته
B) طوله الموجي
C) تواتره
D) شدته",B,B
2300,"واحدة من هذه الذرات ليس لها نصف ذرى :

A) الارغون
B) الالمنيوم
C) الكبريت
D) ليس أيا مما سبق",B,A
2301,"عندما يموت الجسم الحي تصبح:

A) تصبح حرارته صفر كلفن.
B) الأشعة تحت الحمراء التي يصدرها عالية.
C) الأشعة تحت الحمراء التي يصدرها غير موجودة.
D) كل الإجابات السابقة صحيحة.",C,C
2302,"اختر المعلومة الحدودية فيما الصحيحة فيما تعلق الظاهرة EMR

A) ترتبط بالخصائص المعملية التكاليونات في داخل النوى
B) ترتبط العملية الإلكترونات في الذرات
C) ترتبط بالخصائص الكهريائية تمكنهونات في داخل النوى
D) ترتبط بالخصائص الكهربائية الإلكترونات في الذرات",C,B
2303,"السبين يتجه :

A) للأعلى
B) للأسفل
C) للأفق
D) كل ما سبق صحيح",B,B
2304,"الأصبغة المتفلورة عديمة اللون تصدر الضوء ....... عندما تخضع للـ : ........

A) الأحمرUV _
B) الأزرق _
C) الازرق _
D) مالأزرق _ UV",A,D
2305,"يعبر عن شدة الموجة الصوتية :

A) بالجول لكل ثانية .
B) بالجول .
C) بالواط على المتر المربع .
D) طاقة الموجة التي تعبر واحدة السطوح .",C,C
2306,"تتميز الاشعة السينية:

A) اشعاعات كهرطيسية وبأطوال موجية أقصر بكثير منها في حالة الضوء المرئي.
B) حزمة من الالكترونات ذات طاقة عالية جدا .
C) اشعاعات كهرطيسية وباطوال موجية من نفس مرتبة الضوء المرئي.
D) اشعاعات كهرطيسية وباطوال موجية أطول بكثير منها في حالة الضوء المرئي.",A,A
2307,"في تصوير الصدى انتقال البني مرتين تتعرض الحرمة فوق الصوتية يودي إلى انسحاب الخط التمثيلي للأصداء

A) ببطئ ثابت موازيا
B) بطئ غير ثابت معامدا
C) بسرعة ثابتة موازيا
D) بسرعة عمر ثابتة معامدا",C,B
2308,"من ميزات ماسحات الجيل الأول والثاني:

A) أجهزة معدة جيدا للعمل
B) تبدي مقدرات فاصلة عالية تتلاءم جيدا مع استكشاف الجمجمة
C) A,B
D) كل ما سبق خاطئ",C,C
2309,"القوة التي تحدث تشوها في الجسم وتكون مطبقه على واحده السطح هي:

A) الانفعال
B) الاجهاد
C) المرونة
D) اللرونة",B,B
2310,"تعطى شدة الموجة بالعلاقة:

A) 2π²Ps v f²A⁵
B) 2π²Ps v f²A²
C) P/s
D) C, B",B,D
2311,"النواة في جسم الإنسان تكون درجة حرارتها ............ والغلاف ويكون درجة حرارته..................

A) متغيرة - ثابتة
B) ثابتة - متغيرة
C) ثابتة – ثابتة
D) متغيرة - متغيرة",B,B
2312,"ان ثابت التناسب بين تدرج السرعة هو:

A) معامل المرونة
B) معامل لزوجه المائع
C) معامل القص
D) معامل اللدونة",B,B
2313,"يدعى المقدار اسم :

A) مغنطون
B) مغلطون دور
C) طول الموجة كومتون
D) كل ما سبق صحيح",D,B
2314,"يستخدم الاستر :

A) في المنكهات الاصطناعية
B) في العطور
C) في مزيل طلاء الاظافر
D) كل ما سبق",D,C
2315,"عند اغلاق الشريان تحت الترقوة في احد جانبي الجسم جزئيا يترتب على سرعة الدم أن......عند ذلك الجانب ليتوفر الدم اللازم:

A) تنخفض
B) ترتفع
C) لا تتغير
D) كل ما سبق صحيح",B,B
2316,"أطلق على الأشعة فوق البنفسجية اسم الأشعة الخلائية الفيزيائى :

A) فكتور شومان
B) جوهان ریتر
C) A,B
D) كل ما سبق خاطئ",B,A
2317,"IR يعطى جرعة ممتصة مقدارها في الهواء نحو :

A) 0.869 rad
B) 8.69x103 Gray
C) A,B
D) 0.869 Gray",D,C
2318,"العدد الكمومي الرئيسي nيحدد :

A) سويات الطاقة الرئيسية
B) طاقة الموتونات
C) سويات الطاقة الفرعية
D) A+B",A,A
2319,"تعطي الالدهيدات مع NaBH5:

A) أغوال ثانوية
B) الدهيدات
C) أغوال أولية
D) حموض كربوكسيلية",C,C
2320,"تجري الباب الصراع التلاومي بين الجسم والوسط المحيط عن طريق:

A) الأوعية الدموية
B) الكبد
C) الطحال
D) التنكرياس",A,A
2321,"ترتبط شدة الموحة الصوتية في وسط معين في:

A) ضغط الموحة الصوتية
B) السرعة الإهتزازية لجزيئات الوسط
C) ممانعة الوسط الصوتية
D) كل ما سبق صحيح",D,D
2322,"استخدام العلماء معيار لحساب الكتل الذرية النسبية هو:

A) نظير الأوكسجين 18
B) نظير الهيدروجين 1
C) نظير الكربون 12
D) نظير الهيليوم 2",C,C
2323,"بعد أن حققت الأشعة السينية رؤية داخل الجسم من دون بضعه لكنها أسفرت عن خطر الإصابة بإحادث:

A) التهابات الجلد الاشعاعية
B) انصباب الجنب
C) السرطانات
D) A,C",D,D
2324,"في الولايات المتحدة يقاس الضغط في اطار السيارة بـ:

A) الباوند لكل موجه مربعه
B) البار
C) البوصات او المليمترات الزئبقية
D) التور",C,A
2325,"القانون الذي ينص على أن تغير الحقل المغنطيسي يولد حقلا كهربائيا هو:

A) غاوس في المغنطيسية
B) غاوس في الكهرباء
C) أمبير ماكسويل
D) فارادي",D,D
2326,"الضوء بمنار من الأشعة السينية بـ كل ماياتي ماعدا :

A) غير مؤين
B) غير محومي
C) تكلفة تقنيات التصوير الضوئي أكثر من التصوير السيني
D) تكلفة تقنيات التصوير الضوئي أقل من التصوير السنين",C,C
2327,"كثيرا ما تتضمن الحفازات المتجانسة تغيرا في رقم أكسدتها وبذلك يشترط لعمل الحفازات:

A) أن تكون كمونات المساري التي تتضمن الحفاز أعلى من كمونات المساري التي تتضمن المتفاعلين
B) أن تكون كمونات المساري التي تتضمن الحفاز قيمة جبرية بغض النظر عن كمونات مساري المتفاعلين
C) أن تقع كمونات المساري التي تتضمن الحفاز بين كمونات المساري التي تتضمن المتفاعلين
D) ان تكون كمونات المساري التي تتضمن الحفاز أخفض من كمونات المساري التي تتضمن المتفاعلين",C,C
2328,"يوصف جريان المائع بأنه مستقر إذا كانت سرعته في أي نقطة منه مع الزمن :

A) معدومة .
B) متزايدة .
C) متناقصة .
D) ثابتة .",D,D
2329,"هي عرض الخط الطبقي الذي يقارب .......... البزر هليوم بدون متعدد الأنماط عند ما يكون وحيد النمط.

A) 10cm-20cm
B) 100cm-200cm
C) 100cm-20cm
D) 50cm-20cm",B,A
2330,"من أحد أنواع التصاوغ الفراغي

A) التصاوغ الموضعي
B) تصاوغ الزمرة الوظيفية
C) التصاوغ الضوئي
D) التصاوغي سلسلي",B,C
2331,"من الوسائل التي تقلل من الإشعاع المنتثر عن الجسم البشري:

A) الحظار والمخاربط .
B) الشبكة المضادة للانتثار.
C) مضخم السطوع.
D) A,B .",D,D
2332,"المادة التي تتخذ شكل أسفل الوعاء الذي يحتويها لها حجم خاص بها تكون:

A) سائلة
B) غازية
C) صلبة
D) كل ما سبق صحيح",C,A
2333,"يعد الميلانين واقيا ممتازا من الضوء لانه :

A) يمتص الاشعاع وبيدد الطاقة على شكل حراري غير مؤذ
B) يمتص الاشعاع الطاقة على شكل حراري غير مؤذ
C) لا يتمص أي اشعاع
D) كل ما سبق خاطئ",A,C
2334,"علل لا يمكن للأفراد أن يدركو الأشعة البنفسجية مباشرة :

A) لأن عدسة عين الإنسان توقف معظم الإشعاع في مجال (٤٠٠ - ۳۰۰(
B) لأن قرينة عين الإنسان توقف معظم الإشعاع في مجال (٤٠٠ - ۳۰۰(
C) لأن قرينة عين الإنسان توقف معظم الأطوال الموجية الأقصر من ٣٠٠
D) A,C",D,D
2335,"كل ما يلي صحيح عن الحركات الاهتزازية ما عدا :

A) مثل حركة كتلة معلقة بنابض
B) ذات مكونات تتحرك بأطوار مختلفة وإزاحات مختلفة
C) ذات مكونات تتحرك بطور زاوي واحد
D) A,C",D,B
2336,"النسبة المئوية الكتلية للكربون في حمض الايتانوبك CH3COOH علما أن:O:16 , H:1.0 , C:12

A) 0.4
B) 0.2
C) 0.3
D) 0.25",C,A
2337,"عندما تنتقل الموجة الصوتية من وسط ممانعته كبيرة إلى وسط ممانعته أصغر فإن الموجة الصوتية ……… من الناظم:

A) تبتعد
B) تقترب
C) A أو B
D) كل ما سبق خاطئ",B,B
2338,"عندما يكون عمر الحالة المثارة طويلا تدعى القوى :

A) مستقرة
B) غير مستقرة
C) شبه مستقرة
D) B,C",C,C
2339,"من مواصفات أشعة التيراهرتز :

A) إشعاع غير مؤين.
B) يخترق الغيوم والضباب لمسافات محدودة.
C) لا يخترق الماء السائل والمعادن.
D) كافة الإجابات صحيحة.",D,D
2340,"الذي يعطى لأشعة غاما مصدرا آخر للأشعة السينية التي يمكن أن تكون مفيدة وطاقتها قريبة من طاقة أشعة غاما الأصلية بحيث يمكن عندها من أشعة واحدة هو :

A) التحول الخارجي
B) التحول الداخلي
C) الفلورة
D) بإصدار البوزترنات",B,B
2341,"تعتبر العظام ومستحضرات التباين العائمة كلها كاليود والباريوم من الكثافة:

A) المائية .
B) الدهنية.
C) الكلسية.
D) الهوائية.",A,C
2342,"ماهي طبيعة الاشعة السينية :

A) اشعة مهبطية
B) شكل من اشكال الضوء المرئي
C) جسيمات مشحونة
D) اشعاعات كهر طيسية",A,D
2343,"يمكن اعتبار طريقة التصوير التالية هي الأقل ضرراً على الجسم:

A) التصوير الحراري.
B) التصوير الشعاعي.
C) التصوير الطبقي المحوري.
D) التصوير باستخدام المواد المشعة.",A,A
2344,"إن أصل الضغط من وجهه نظر مجهرية ناتجه عن:

A) تصادمات بأنواعها المختلفة
B) تصادمات بنوع معين
C) اهتزازات جزئيه
D) كل ما سبق صحيح",D,A
2345,"ظاهرة التفاعل الإنشطارى :

A) يمكن أن تنشطر النواة وتكون غير مستقرة
B) النواة الثقيلة يمكن أن تنشطر إلى نواتين وتعطى جملة أكثر إستقراراً
C) النواة الثقيلة لا يمكن أن تنشطر
D) النواة الثقيلة غير مستقرة",B,B
2346,"مجموع الكتل الذرية النسبية في مركب أيوني هي:

A) الكتلة الجزيئية النسبية
B) الكتلة الصيغية النسبية
C) الكتلة الأيونية النسبية
D) الكتلة الذرية النسبية",B,B
2347,"يقع مجال التيراهرتز بين :

A) الأشعة تحت الحمراء والأمواج المكروية .
B) الأشعة السينية وفوق البنفسجية .
C) أشعة غاما والأشعة السينية .
D) الأمواج المكروية والراديوية .",A,A
2348,"يتم النقل بالإشعاع في:

A) الهواء
B) الخلاء
C) A,B
D) كل ما سبق خاطئ",C,C
2349,"اختبر الماء في الدرجة كمادة مرجعية للوزن النوعي لان كثافة الماء في هذه الدرجة تكون في:

A) قيمتها الواسطة
B) قيمتها العظمى
C) قيمتها الصغرى
D) قيمتها المتغيرة",B,B
2350,"بعد أن حققت الأشعة السينية رؤية داخل الجسم من دون بضعه لكنها أسفرت عن خطر الإصابة بإحادث:

A) التهابات الجلد الاشعاعية
B) انصباب الجنب
C) السرطانات
D) A,C (",D,D
2351,"يحدث حسر البصر او قصر البصر عندما : الامتحان الحل طلابي

A) ترى الاجسام البعيدة بوضوح
B) تكون شكل كرة العين او لدى وجود افراط في انحناء القرنية
C) عندما تشكل العين خيالا للجسم القريب اما الشبكية
D) عندما تكون القوة الكاسر للعدسة صغيرة جدا",B,D
2352,"يتكون صمام الأشعة السينية من:

A) المهبط
B) المصعد
C) المرشح
D) المسدد",A,D
2353,"توافر أمواج التيراهرتز ما عدا :

A) رؤية العظام
B) رؤية بشرية فائقة
C) رؤية الجسم تعددت الثبات
D) تركيب الاوية",C,C
2354,"يمكن لقوة مطبقة مماسية على مانع أن تجعله :

A) بهتر في موقعه
B) يجري بسهولة
C) فينضغط حجميا
D) كل ما سبق صحيح",D,C
2355,"تعنى معادلة الاستمرارية لمائع هو قابل لانضغاط

A) A1/v1= A2/v2
B) A1v1= A2v2
C) A1/A2 = v2/v1
D) كل ما ذكر خاطئ",B,B
2356,"يمكن تعقب الجزيئات الموسومة في أثناء :

A) حركتها في العضوية
B) عندما تخضع لتفاعلات كيميائية
C) A,C
D) كل ما سبق صحيح",D,D
2357,"مجال الـ UVA طوله الموجي بين :

A) 315-400nm
B) 280-315nm
C) 100-280nm
D) كل ماسبق خاطئ",A,B
2358,"أي من المركبات الآتية الأكثر حموضة ؟:

A) الماء
B) الفينول
C) الإناتول
D) المتانول",B,B
2359,"الزاوية الحرجة للياقوت الذي يحيط به الهواء هي (علما أن 1.77=n1 و 1= n2 (:

A) °q = 34.4
B) sin q c = 0.565
C) sinc = 1/1.77
D) كل ما سبق صحيح",D,D
2360,"يمثل الاضطراب الحالة

A) المتقدمة للجريان المستقر
B) الحدية للجريان المستقر
C) الحدية للجريان غير المستقر
D) المتقدمة للجريان غير المستقر",C,C
2361,"تدل دراسة تغير تابع إشعاع الجسم الأسود على أن الطاقة التي يصدرها الجسم الأسود لا تتعلق الا بـ:

A) طبيعة سلحه
B) اصداريته
C) درجة حرارته المطلقة
D) كل ما سبق صحيح",C,C
2362,"العدسة التي تكون ثخانتها صغيرة مقارنة بنصفي قطري إنحنائها :

A) عدسىة جسمية
B) عدسة رقيقة
C) عدسة إسقاط
D) عدسة كهر ضغطية",B,B
2363,"قوة اللزوجة بالنسبة لاتجاه جريان المائع :

A) تعاكسه .
B) توافقه .
C) عمودية عليه .
D) الكل خطأ .",A,A
2364,"يمكن تفكيك رابطة في خلايا النسج طاقتها بـ :

A) فوتون تواتر راديوي.
B) فوتون تواتر راديوي + فوتون تيراهرتز.
C) فوتون أشعة سينينة.
D) فوتون تيراهرتز.",D,C
2365,"يشير المسقط وفق خط الاشعة السينية:

A) شدة الحزمة عند المنبع المطروح منها شدة الحزمة النافذة.
B) الامتصاص الكلي وفق خط الحزمة .
C) الاستثار الكلى .
D) A,B .",D,D
2366,"لا تعتبر الخاصة التالية من الخواص المميزة لمفهوم الموجة:

A) طول الموجة .
B) التردد التواتر.
C) الزمن الدوري .
D) الكثافة.",D,C
2367,"تؤدي الحركة الجماعية للشحنات إلى :

A) الامتصاص الشديد للإشعاع المكروي
B) تبدلات في أماكن النسج و حصول حالات حروق
C) انفصالات أخرى للشحنات متسارعة تؤدي إلى توليد إشعاع كهرطيسي جديد
D) A,C",D,D
2368,"تدعى الظاهرة القوية للانتثار الخلفي التي تحدث عندما يتعدد الاشعاع المترابط في انتثاره في وسط عشوائي :

A) انتثاره خلفي مترابط
B) انتثار امامي مترابط
C) انتثار خلفي ضعيف
D) A,C",D,D
2369,"يجب على ضغط الهواء داخل القاعة في حالة الثوران أن يكون ......... من ضغط الماء خارجها حيث تتوازن قوة الضغط نحو الخارج مع قوة التوتر السطحي نحو الداخل:

A) اصغر
B) اکبر
C) احيانا
D) A,C",B,B
2370,"ان تعارف عوامل المرونة هي تعاريف من وجهه نظر الميكانيك:

A) حركيه
B) ديناميكية
C) توازنيه
D) كل ما سبق صحيح",D,C
2371,"وفقا للعلاقة يزداد تخامد فإن معامل التخامد u :

A) العدد الذري للوسط
B) كثافة الوسط
C) طاقة الاشعاع الوارد
D) كل ما سبق صحيح",D,B
2372,"مجال الـ UVC طوله الموجي بين :

A) 315-400nm
B) 280-315nm
C) 100-280nm
D) كل ماسبق خاطئ",C,C
2373,"تتناسب قرينة الانكسار وسط مادي معين ..........مع .........الأمواج في ذلك الوسط

A) طرديا - مربع السرعة
B) عكسيا - مربع السرعة
C) عكسيا - سرعة
D) طرديا - سرعة",B,C
2374,"سرعة الأمواج الطولانية في قضيب صلب ووتر:

A) :
B) :
C) :
D) :",A,B
2375,"في اثناء قياس الضغط بالمانومتر يمكن سماع الجريان.............. قبيل التصنيف بسماعة صدر:

A) الصفائحي
B) الرقائقي
C) المضطرب
D) الانسيابي",B,C
2376,"تتميز الأصبغة السلة بعتبة لبزرة

A) منخفضة جدا
B) مرتفعة جدا
C) متوسط
D) A,C",B,B
2377,"يولد المسح في ال BOLD منحنيات استجابة همودينيكية اكثر من دون إضافة معلومات تزيد كثيرا ما على يعطيه TR اعلى في حالة :

A) TRاقل من ثانية او ثانيتين
B) TRاكبر من ثانية
C) TRاقل من ثلاث ثوان
D) كل ما سبق صحيح",A,B
2378,"يتشكل انتفاخ حيث تضعف جدر الأبهر في حالة

A) أم دم الأبهر
B) الخثرات
C) التصلب الشرياني
D) كل ما سبق صحيح",D,A
2379,"هناك علاقة وثيقة بينظاهرتي الانعكاس والانكسار يمكن التعبير عنها بقوانين ... التي تعتمد على ....:

A) اينشتاين – اطوال الموجات
B) نيوتن – ثخانة الموجات
C) فرنل –قرائن الانكسار
D) A,C",D,A
2380,"كانت طريقة للعلاج الفيزيائي تستعمل فيها تيارات كهربائية عالية التردد لإحداث

A) تسخين كامل للأنسجة الحية
B) تسخين موضعي في الانسجة الحية
C) A,B
D) كل ماسبق خاطئ",B,B
2381,"– التواتر والطول الموجي هي من مميزات :

A) الموجة
B) الجسيم
C) الموجة والجسيم
D) ليس أيا مما سبق",A,A
2382,"يطلق على ـــــــ الـــــ NMR

A) انزياح السبين
B) صدى السبين
C) صورة السبين
D) كل ما ذكر صحيح",D,B
2383,"عند مرور حزمة من الالكترونات وحزمة البروتونات بجوار صفيحة مشحونة سلبا فإن حزمة الإلكترونات تنحرف مبتعدة عن الصفيحة وحزمة البروتونات تنحرف مقتربة من الصفيحة:

A) شدة انحراف حزمة الإلكترونات مشابهة لشدة انحراف البروتونات
B) شدة انحراف حزمة البروتونات أكبر بقليل من شدة انحراف البروتونات
C) شدة انحراف حزمة الإلكترونات أكبر بكثير من شدة انحراف البروتونات
D) تتعلق شدة الانحراف بعدد البروتونات وعدد الإلكترونات في كل حزمة",C,C
2384,"الطاقة التى تحملها الموجة في وحدة الزمن

A) شدة الموجة الصوتية
B) شدة الموجة الضوئية
C) استطاعة الموجة الصوتية
D) استطاعة الموجة الضوئية",C,D
2385,"علل لا يمكن للأفراد أن يدركو الأشعة البنفسجية مباشرة :

A) لأن عدسة عين الإنسان توقف معظم الإشعاع في مجال (٤٠٠ - ۳۰۰(
B) لأن قرينة عين الإنسان توقف معظم الإشعاع في مجال (٤٠٠ - ۳۰۰(
C) لأن قرينة عين الإنسان توقف معظم الأطوال الموجية الأقصر من ٣٠٠
D) A,C",D,D
2386,"تم دراسة خصائص مغناطيسية نواة الهيدروجين لأنها

A) أكثر تواجدا في جسم الإنسان
B) سهولة الحصول عليها
C) لأنها الأكثر استخداما
D) كل ما سبق صحيح",D,D
2387,"تسمح قابلية ....... بالمطابقة بالمطابقة من اجل كل ابعاد الجسم عن العين مع الاستمرار بتشكيل خيال على بعد ثابت من العدسة يتحدد بالفاصل بين العدسة والشبكية :

A) تعديل البعد بين العدسة والشبكية
B) تعديل شكل القزحية
C) تعديل شكل العدسة
D) كل ما سبق صحيح",C,C
2388,"يؤثر الضغط على توازن التفاعلات التي تكون متفاعلاتها ومنتجاتها:

A) مواد صلبة
B) سوائل
C) غازات
D) كل ما سبق",C,C
2389,"إن التواتر في حالة الأمواج الصوتية هو :

A) عدد الإنضغاطات الاي تمر في نقطة معينة في الثانية
B) عدد التخلخلات التي تمر في نقطة معينة في الثانية
C) F=c/λ
D) C,B",D,A
2390,"نتيجة الحصول على صور مشوشة بالتصوير المقطعي دعا ذلك إلى :

A) الاستعانة بالحاسوب.
B) معالجة الصور بمرشحات حاسوبية.
C) تقليل كمية الأشعة الساقطة .
D) A,B .",D,D
2391,"تصدر أجسامنا الطاقة حتى في درجات الحرارة العادية على شكل:

A) أجسام حرارية
B) إشعاع كهرطيسي
C) نقاط صفراء
D) ألوان متعددة",B,B
2392,"كل مايلي صحيح عن أمواج التيراهرتز ماعدا

A) بعد الغلاف الجوي ماصا شديدا التيراهرتز في كل مجالة
B) تستخدم أمواج التيراهرتزفي الكشف من النخور السينية غير المرئية
C) تستخدم أمواج التيراهرتز في تشخيص الإصابة بالسرطان في مرحلة مبكرة
D) تستخدم أمواج التيراهرتز في تحديد موقع الإصابة بالسرطان في مرحلة مبكرة",A,A
2393,"كل العبارات التالية صحيحة ماعدا :

A) لكل عشرة ملايين جزيء من الهواء هناك ما لايزيد على ثلاثة جزيئات O3
B) تأثيرات O3 الوسيطية التي لا تستهلكه تجعل وجوده مهما جدا
C) ثقب الأوزون هو إنخفاض تركيز الأوزون فيه
D) ثقب الأوزون هو إنخفاض جزينات تركيز الأوزون فيه",D,D
2394,"العالم الذي قام بانتكار نظرية وتقنيه انعراج الأشعة السينية بالطورات هو:

A) انشتاین
B) روتنجن
C) براع
D) A,B",C,C
2395,"يكون الحمل تلقائيا في مانع معين عندما تنجم حركته حصرا عن:

A) تغيرات كثافته المرتبطة بتسخينه او تبريده
B) تغيرات في حجم المائع
C) تغيرات في شكل المائع
D) كل ما سبق صحيح",D,A
2396,"يمكن للنوى التالية أن تصدر البوزيترونات (الخطأ) :

A) الأكسجين 15
B) الكربون 11
C) البوتاسيوم 39
D) الأزوت 13",C,C
2397,"التجربة التي برهنت على تكمية القضاء هي:

A) تجربة غيرلاش
B) تجربة دافنسون وحرمر
C) تجربة كومتون
D) كل ما سبق صحيح",D,D
2398,"عندما تتضاعف شدة الموجة الصوتية عشر مرات:

A) يتضاعف المستوى الصوتي
B) يرتفع المستوى الصوتي بمقدار dp 10
C) يرتفع المستوى الصوتي بمقدار dP 3
D) يرتفع المستوى الصوتي بمقدار dp 6",C,B
2399,"أي هذه الجزيئات تبدي تصاوغا ضوئيا:

A) CHBrCIF
B) CHBr2F
C) CHCIF2
D) CH2CIF",A,A
2400,"التحولات التي تحافظ على العدد الكتلي تدعى التحولات:

A) الايزوتونية
B) الايزوبارية
C) الايزوميرية
D) كل ما سبق صحيح",C,B
2401,"الجرعة المكافئة تصف التأثير البيولوجي وهي عبارة عن :

A) حداء....الجرعة الممتصة في عامل النوعية
B) عامل النوعية
C) مجموع الجرعة الممتصة وعامل النوعية
D) مجموع الجرعة الممتصة في الجملة الحيوية",C,A
2402,"بالاعتماد علي اجابتك علي السوائل 6 ،، يكون السبب :

A) زيادة شحنة النواة
B) فقد طبقة إلكترونية
C) تنافر الكتروني
D) ازدياد طبقة إلكترونية",C,B
2403,"في الـ NMR طبقت تغير السن في الحام معين سيعود هذا السين بد انتهاء المنصة إلى النحافة الأول بمعمل يعد نشره مع البنات المجاورة بعبر

A) ثابت استرخاء ثان
B) ثابت استرخاء أول
C) معتل النبض
D) السرعة الزاوية",B,C
2404,"وفقا للعلاقة E=EA فإن طاقة ارتباط النواة الكلية تتناسب مع:

A) كتلة تكويناتها.
B) عدد تكويناتها.
C) حجم تكويناتها.
D) . A,C",D,B
2405,"في تجربة رذرفورد عندما يقترب جسيم ألفا لأقل مسافة ممكنة من النواة عند هذه المسافة تتحول:

A) الطاقة الحركية إلى طاقة كامنة ثقالية
B) الطاقة الكامنة إلى طاقة حركية
C) الطاقة الحركية إلى طاقة كولونية
D) الطاقة الكامنة إلى طاقة حرارية",C,C
2406,"تعرف وحدة قياس الجرعة الممتصة بالمساواة:

A) 1Gr=0.1J/kg=10rad .
B) 1Gr=0.1J/kg=100rad .
C) 1Gr=1J/kg=1000rad.
D) 1Gr=13/ka=100rad .",B,D
2407,"في حالة مجس يتكون من شبكة من تراجيم خطية فيمكن تبذير الموجة عن طريق :

A) عدسات تقليبية
B) عدسات صوتية
C) خطوط تأخير الكترونية
D) C+A",C,D
2408,"تحضر البلورات الكهر ضعطية من

A) ثاني اكسيد السيلكون
B) الكوارتر
C) مادة سراميكية
D) كل ما سبق صحيح",D,D
2409,"كل ما يلي صحيح عن سبكا الانعراج :

A) تستخدم في المطباقية الضوئية
B) تتكون من عدد كبير من الشقوق المتقاربة والمتساوية الابعاد
C) تعد النهايات العظمى التي نحصل عليها من تطبيقات التداخل
D) سميت شكة انعراج لحدوث انعراج عند كل شق من شقوقها",B,B
2410,"القانون الذي يربط بين معدل الجريان الحجمي في وعاء دموي من جهة وفارق الضغط بين طرفي الوعاء ونصف قطره الداخلي وطوله ولزوجه الدم هو:

A) قانون بورواري
B) قانون اينشتاين
C) قانون الاستمرارية
D) قانون برنولي",A,A
2411,"يفسر فيزيائيو اليوم الحقل المغناطيسية لذرات الفضة والهيدروجين أنها تنشأ من:

A) الاندفاع الزاوي المداري
B) الاندفاع السبيني
C) الاندفاع الزاوي
D) كل ما سبق صحيح",D,B
2412,"عندما تكون سرعة المائع في اي نقطه منه ثابتة مع مرور الزمن فالجريان يكون:

A) غير مستقر
B) مستقر
C) مضطرب
D) A, C",B,B
2413,"نعبر العلاقة عن آلية انتقال الحرارة بـ:

A) النقل
B) الحمل
C) الإشعاع
D) التبخر",B,B
2414,"إن الحركة الحسية

A) الأكثر أهمية من بين جميع الحركات الاهتزازية
B) أبسط الحركات الإهتزازية
C) أشكل تمثيل كافي الدقة بكثير من الظواهر الاهتزازية
D) كل ما سبق صحيح",D,D
2415,"عندما يجري في طبقات منتظمة وكأنها منفصلة بعضها عن بعض بحيث ان كل جزء صغير من كل طبقة يتبع المسار نفسه كاي جزء اخر من هذه الطبقة فان الجريان يكون:

A) مستقراً ورقائقياً
B) مستقراً وطبقياً
C) غير مستقل وغير رقائقي
D) A, B",D,D
2416,"من أهم تطبيقات الأمواج المكروية:

A) المعالجة الفيزيائية .
B) الكشف عن الجزيئات العضوية عبر بصمتها الجزيئية .
C) التصوير الشعاعي عبر قياس شدة نفوذيتها من العضو المصور.
D) جميع العبارات السابقة خاطئة .",B,A
2417,"صفات الخيال في المصورات ذات الثقب:

A) خيال وهمي صحيح.
B) خيال وهمي مقلوب.
C) خیال حقيقي مقلوب.
D) خيال حقيقي صحيح.",B,C
2418,"من الأليات التي من شأنها إتلاف الخلايا بعد امتصاص الضوء في :

A) المفعول الفوتو كيميائي
B) الاستئصال الضوئي أو الكهربائي أو الميكانيكي او الكمومي
C) المفعول الحراري
D) كل ما سبق صحيح",D,C
2419,"تتناسب قرينة الانكسار لأي وسط معين:

A) عكسيا مع سرعة الأمواج في ذلك الوسط
B) عكسيا مع مربع سرعة الأمواج في ذلك الوسط
C) طرديا مع سرعة الأمواج في ذلك الوسط
D) طرديا مع مربع سرعة الأمواج في ذلك الوسط",A,A
2420,"الذرة المثارة عندما تفقد الطاقة المكتسبة تلقائيا فهذا الإصدار يدعى

A) اصدار محثوث
B) إصدار تلقاني
C) فلورة
D) B,C",B,D
2421,"كل ما يلي صحيح عن المعالجة عن قرب ما عدا :

A) تستخدم فيه صيدلانيات إشعاعية مناسبة للعضو
B) تساعد الصيدلانيات الإشعاعية على تخفيف الأعراض الجانبية أو الآذية التي يمكن أن تلحق بالأعضاء أو البني المجاورة للعضو المعالج
C) من أهم المصادر المشعة المستخدمة في العلاج89-Sr , 153-Sm , 90-Yt , 131-I
D) يتم تناول الصيدلانيات فمويا فقط",D,D
2422,"– الاشعة التي حققت حلم الانسان القديم في رؤية داخل الجسم من دون بضعة هي :

A) الاشعة فق البنفسجية
B) الاشعة تحت الحمراء
C) الاشعة التير هرتز
D) الاشعة السينية",D,D
2423,"وفقا للعلاقة)h +(n+ (Ɩ+1) فإنها تمثل:

A) En
B) Et
C) Ent
D) Em",C,C
2424,"من ميزات التصوير المقطعي المحوري:

A) أحدث ثورة في مجالات الطلب
B) توفير تشخيص أقل ضررا
C) أكثر دقة
D) كل ما سبق صحيح",D,D
2425,"تشير مجموعة المعطيات التجريبية الحديثة أن :

A) للبروتون بنية معقدة غير متجانسة
B) للنترون بنية معقدة غير متجانسة
C) للإلكترون بنية معقدة غير متجانسة
D) A,B",D,D
2426,"إن وسط الربح في ليزر معين هو مادة يمكن التحكم بها بـ

A) نقاوتها
B) أبعادها وشكلها
C) تركيزها
D) كل ماسبق صحيح",D,D
2427,"يؤدي تفاعل حمض الآزوت المركز بوجود حمض الكبريت المركز مع نترو البنزن إلى تشكل

A) بارا ثنائي نترو البنزن
B) ميتا ثنائي نترو البنزن
C) أورثو ثنائي نترو البنزن
D) مزيج من أورثو ثنائي نترو البنزن ويارا ثنائي نترو البنزن",A,B
2428,"الاستبدال النكليوفيلي الأسرع في التفاعل الآتي يحدث في حال كانت X هي: CH3CH2 X + OH- → CH3CH2 OH + X-

A) ذرة بروم Br
B) ذرة كلور CL
C) ذرة يود I
D) ذرة فلور F",C,C
2429,"التبادلات التي تجري بين الجسم الصلب والمانع المتحرك الذي يختلف عنه في درجة الحرارة تكون:

A) النقل
B) الحمل
C) الإشعاع
D) التنخر",B,B
2430,"وظيفة الحقل الكهربائي في الأفران الكروية

A) يجعل جزيئات الماء تقوم بحركة دورانية
B) يقوم بتوليد الأمواج المكروية
C) يقوم بتوجيه الأمواج الكروية
D) يخصص مقدار تسرب الأمواج المكروية",C,A
2431,"الوسط الفعال في ليزر الإلكترونات الحرة:

A) صلب.
B) أو سائل .
C) أو غاز .
D) لا صلب ولا سائل ولا غاز .",D,D
2432,"إذا حدث خطأ في اختيار ابعاد الفتحة ومدة التعرض فإن تعرض الفلم يكون :

A) أكثر مما يسعى
B) اقل مما ينبغي
C) A,B معا
D) B أوA",D,D
2433,"زمن الطيران هو:

A) الزمن الذي تستغرقه الموجة من المنبع حتى الوصول إلى السطح ثم الارتداد عنه حتى الوصول إلى الكاشف
B) الزمن الذي تستغرقه الجسيمات من المنبع حتى الوصول إلى السطح ثم الارتداد عنه حتى الوصول إلى الكاشف
C) الزمن الذي تستغرقه الموجة من المنبع حتى الوصول إلى الكاشف
D) كل ماسبق خاطئ",A,A
2434,"تنطلق الدورة الصوتية بحدة وسطاء

A) نصف قطر انحناء العدسة
B) ابعاد البلورة الكهر ضغطية
C) تواتر الموجة الصوتية
D) كل ما سبق صحيح",D,D
2435,"تتميز الاشعاعات الكهرطيسية بطبيعة:

A) موجية.
B) جسيمية.
C) مثنوية .
D) كل ما ذكر خطأ.",C,C
2436,"لا تنتمي طريقة التصوير التالية الى طرائق التصوير التشخيصي في الطب النووي:

A) التصوير الومضاني scintigraphy .
B) SPECT .
C) PET.
D) التجاوب المغناطيسي النووي .",D,D
2437,"إن الممانعة الصوتية : (الخطأ)

A) تكون أكبر ما يمكن في النسج العظمية .
B) أصغر ما يمكن في الرئتين .
C) وتكون في النسيج الشحمي أخفض منها في الرئتين .
D) ممانعة النسيج الشحمي أعلى منها في العضلات.",C,D
2438,"تخضع هالوجينات الالكانات إلى تفاعل......... بالقلويات

A) استبدال نكليوفيلي
B) استبدال الكتروفيلي
C) اضافة
D) ليس اي مما سبق",C,A
2439,"يمكن تشخيص الأمراض المختلفة بالأمواج فوق الصوتية والتي تواترها من مرتبة :

A) A هرتز
B) 20000 هرتز
C) هرتز
D) هرتز",B,C
2440,"الطريقة التي تبلغ مقدرة فاصلة من مرتبة أصغر من البعد الخلوي

A) الإيكو عربي
B) الأشعة السينية
C) التصوير المقطعي بالترابط الضوئي
D) التصوير الضوصوتي",C,C
2441,"الأاشعة فوق البنفسجية :

A) تدعى الضوء الأسود.
B) يمكن مشاهدتها بالعين المجردة.
C) حصتها من الاستطاعة الكلية لضوء الشمس يقارب ال 50%.
D) كل ما سبق صحيح.",A,A
2442,"السبين يتجه :

A) للاعلى
B) للاسفل
C) للافق
D) كل ما سبق صحيح",B,D
2443,"يستخدم الليزر الصباغي في :

A) الجراحة .
B) معالجة الوحمات الوعائية .
C) التصوير .
D) الكشف عن سرطان الجلد .",B,B
2444,"يستخدم ليزر غاز الأرغون في :

A) لحم الشبكة بالمشيمة .
B) تصوير الشبكية .
C) تصوير العضلة القلبية .
D) المعالجة الفوتودينمكية .",D,A
2445,"افترض افوكادرو أن:

A) حجوما متساوية من الغازات المختلفة لها نفس الكتلة
B) حجوما متساوية من الغازات المختلفة (في نفس الشروط من الحرارة والضغط) تحتوي نفس العدد من المولات
C) كتل متساوية من الغازات المختلفة تحتوي نفس العدد من المولات
D) حجوما متساوية من الغازات المختلفة تحتوي نفس العدد من المولات بصرف النظر عن الحرارة والضغط",B,B
2446,"عند تسميه الالدهيدات يجب مراعاة أنه :

A) ان نضيف المقطع (ال)
B) ليس هنالك حاجة للترقيم
C) تشتاق من اسم الالكان الموافق
D) كل ما سبق",D,D
2447,"كل مايلي صحيح عن الإصدارية ماعدا:

A) تدل على الإشعاع الممتص عند الطول الموجي
B) عندما يعبر الإشعاع كنه أو يرتد عنه فان إصداريته تساوي الصفر
C) عندما يمتص كله فإن إصدار يته تساوي الواحد من أجل كل الأطوال
D) هي عدد ليس له أبعاد قيمته بين الصفر والواحد وهي نسبة الموجية معدل الإشعاع من سطح معين إلى معدل الإشعاع من مساحة مختلفة من سطح مشع أسود مثالي في درجة الحرارة نفسها.",B,D
2448,"تدل البقع الداكنة السواد في فيلم التصوير الشعاعي على وجود؟ في مسار حزمة الأشعة السينية:

A) نسيج رخو قليل الكثافة.
B) هواء.
C) نسيج عظمي عالي الكثافة.
D) نسيج شحمي.",C,B
2449,"يعطي تسخين 2- نترو الفينول مع القصدير وحمض كلور الماء المركز:

A) 2- هيدروكسي البنزن
B) 2- هيدروكسي نترو البنزن
C) فينيل أمين
D) 2 - أمينو الفينول",B,D
2450,"من ميزات التصوير الرقمي المتلفز ماعدا:

A) يعاد فيها التقاط الصورة المتشكلة على شاشة مضخم السطوع الثانوية عن طريق محول رقمي / تمثيلي يقوم بتعيين رقم لكل نقطة منها.
B) تسمح الأجهزة الحالية بتمثيل ما يزيد على مئتي قيمة للسطوع .
C) عدد عناصر الصورة نحو 250000 بيكسل.
D) تحفظ الصورة الرقمية في ذاكرة مغناطيسية ليقوم الحاسب بمعالجتها ومن ثم إعادة تشكيلها على شاشة عن طريق محمول رقمي/ تمثيلي.",B,A
2451,"عند تكون تواترات الموجة لا تقابل التوترات الطبيعية للجسيمات يحدث :

A) الامتصاص
B) الانتثار
C) الانعكاس
D) الانكسار",D,B
2452,"أن عدد النيكلونات في وحدة الحجوم ............

A) يتناسب طردًا مع طبيعتها
B) يتناسب عكسًا مع طبيعتها
C) مستقل عن طبيعتها
D) A, C",C,C
2453,"بالنسبة العلاقة فان العبارة الخاطئة

A) سعة الحقل الكهربائي
B) التواتر الز اوى
C) ثابت الطور
D) ساعات انتشار الموجة",B,D
2454,"عندما يصدر منبع معزول اشعاعي في اتجاهات الفراغ كلها يعدى الإصدار :

A) متماثل النواحي
B) كروبا
C) ISOTROPIC
D) كل ما سبق صحيح",D,D
2455,"تولد ليزرات الأيونات المعدنية.

A) ضوء احمر
B) ضوء فوق بنفسجي
C) ضوء تحت احمر
D) A,C",D,B
2456,"بيتم الكشف عن التفضيلات العرضائية للنسج بـ... وأما فيما يتعلق بالمقدرة الفاصلة الطولانية فهي تعتمد على ..........

A) المقدرة الفاصلة للمجهرية الضوئية - قصر النبضات الضوئية المستخدمة
B) النبضات الضوئية المستخدمة - المقدرة الفاصلة للمجهرية الضوئية
C) المسار الضوئي - المسار الهندسي
D) المسار الهندسي - المسار الصوتي .",A,A
2457,"تصدر العضلات تواترات

A) تحت صوتية
B) صوتية
C) فوق صوتية
D) A,B",D,A
2458,"تدل دراسة تغير تابع إشعاع الجسم الأسود على أن الطاقة التي يصدرها الجسم الأسود لا تتعلق الا بـ:

A) طبيعة سلحه
B) اصداريته
C) درجة حرارته المطلقة
D) كل ما سبق صحيح",C,C
2459,"الكثافات الشعاعية الأساسية في الجسم البشري:

A) الكثافة المائية والكثافة الهوائية .
B) الكثافة الدهنية والكثافة الكلسية .
C) الكثافة الزئبقية والكثافة الهيدروجينية.
D) A,B .",D,D
2460,"درجة الإحمرار وإثارة العين لا تتنبأ بالآثار ....... الأمد للــ : UV

A) قصيرة
B) متوسطة
C) طويلة
D) A,B",C,C
2461,"من الخصائص المغناطيسية للمادة (الخطأ)

A) المغنطة الموافقة .
B) المغنطة المعاكسة .
C) المغنطة الحديدية .
D) الناقلية الفائقة .",D,D
2462,"النظائر المشعة في التصوير بالأصدر البوزتروني تصدر.

A) اشعة غاما
B) أشعة بينا
C) أشعة X-RAY
D) بوزترونات",A,D
2463,"كل ما يلى صحيح عن M ماعدا

A) تمثل مختلف الأصداء على شكل نقاط مضيئة
B) كبير الشيخ بركة.
C) ثم إدخال معامل الزمن في معالجة الصورة
D) يستخدم لمعالجة الوحمات الوعائية",B,C
2464,"يرافق جريان الموانع في التضيقات:

A) زيادة في السرعة وصعود في الضغط.
B) زيادة في السرعة وهبوط في الضغط .
C) نقص في السرعة وصعود في الضغط .
D) نقص في السرعة وهبوط في الضغط .",B,B
2465,"بالنسبة للدورات الصباغية ايا من العبارات التالية خاطئة

A) تستخدم صناعا عضويا كوسط ربح على شكل محلول سائل عادة
B) يسمح اتساع طيف ربح الأصبغة المتوافرة لهذه الليزرات بان تكون قابلة للتوليف على نطاق واسع أو أن تولد نبضات قصيرة جدا
C) اتساع عرض عصابتها مناسبة بشكل خاص الليزرات قابلة للتوليف وليزرات نبضة
D) يمكن استبدال الصباغ بنوع اخر لتوليد مختلف الأطوال الموجبة لليزر اخر",D,D
2466,"في حالة وجود فائض في عدد البروتونات

A) إما أن تصدر النواة الكترونا موجبا لدى تحول أحد بروتوناتها إلى نترون بالإضافة إلى نترينو
B) يحدث الإصدار البوزيتروني حيث يتفاعل هذا البوزيترون مع أحد الكترونات الوسط ليعطي فوتونين جاماويين ينطلقان في اتجاهين متعاكسين
C) الفوتونان الناتجان عن الإصدار البوزيتروني يمكن الاعتماد عليهما في إدارة الجسم البشري والحصول على صورة وظيفية من خلال التصوير المقطعي البوزيتروني
D) كل ما سبق صحيح",D,D
2467,"يمكن استكشاف الجسم عن طريق الأمواج أو الأشعة الصادرة عنه في: (الخطأ)

A) الطب النووي.
B) تصوير العضلات .
C) الصور الحرارية.
D) التصوير شعاعي .",C,D
2468,"يتشكل انتفاخ حيث تضعف جدر الأبهر في حالة:

A) أم دم الأبهر
B) الخثرات
C) التصلب الشرياني
D) كل ما سبق صحيح",D,B
2469,"التصوير الحراري يجعل المرء قادرا على رؤية بيته:

A) بوجود إنارة
B) من دون وجود إنارة
C) بوجود أجسام معينة
D) A,B",D,D
2470,"تستخدم المصورات الحرارية المنخفضة:

A) صفائف محززة
B) صفائف مستوية الدورة
C) صفائف متحدة المركز
D) A ,C",D,B
2471,"يتم تبريد المصعد في انبوبة رونتجن بهدف :

A) توليد الأشعة السينية.
B) إطالة عمره.
C) توليد عمامة الكترونية.
D) جعله يدور .",B,B
2472,"تنخفص الملوثات عندما تتعرض إلى شدات ..... للـ UV عند الأطوال الموجبة ..... :

A) منخفضة من (٢٤٠ إلى ٢٨٠)
B) عالية من (٢٤٠ الى ۲۸۰)
C) عالية من (۲۵۰ إلى ۲۸۰)
D) كل ما سبق خاطئ",B,B
2473,"ماهي الاشعة التي ساهمت في تقدم علم البلورات :

A) UV
B) IR
C) تیراهرتز
D) X-RAY",D,D
2474,"طاقة فوتونات الاشعاعات الكهرطيسية: (الخطأ)

A) تتناسب طردا مع التواتر.
B) تتناسب عكسا مع الدور.
C) تتناسب طردا مع السرعة.
D) تتناسب طردا مع طول الموجة.",A,D
2475,"من صفات الأمواج المكروية ماعدا:

A) أشعة غير مؤيلة
B) التعرض لهما على المدى الطويل يمكن أن يكون له أثار مسرطنة
C) التعرض لشدات عالية جدا منها يمكن أن يسحب التسخين والحروق
D) التعرض للإشعاع المكر وموجي يمكن أن يحدث السرطان على المدى القصير",D,D
2476,"العين أكثر حساسية للتلف بـ UV في العصابة ذات الأطوال الموجية:........

A) الأقصر
B) المتوسطة
C) الأطول
D) B,A",A,A
2477,"تستخدم في الطب النووي عند المعالجة عن قرب الصيدلانيات الإشعاعية على شكل جرعات تؤخذ عن طريق :

A) الفم
B) الحقن الوريدي
C) زراعة المادة المشعة في المنطقة المصابة
D) كافة الإجابات صحيحة",D,D
2478,"إن مكونات المادة الحية تختلف في امتصاصها للضوء بحسب.

A) الطول الموجي
B) ثخانة الإشعاع
C) كثافة المادة
D) B,C",A,B
2479,"الامتصاص الثنائى الفوتون هو عملية من المرتبة ...........تكون أضعف من الامتصاص الخطى بعدة مراتب عند شدات صوتية

A) الثانية - منخفضة
B) الثالثة - منخفضة
C) الثالثة - مرتفعة
D) الثانية - مرتفعة",B,B
2480,"الطريق الهندسي الذي يمكن للضوء أن يقطعه في الخلاء مضروبا بقرينة انكسار الوسط هو:

A) المسار الهندسي
B) المسار الضوئي
C) مربع المسار الهندسي
D) مربع المسار الضوئي",C,D
2481,"تمتلك الذرة وفق للنظرية الكمومية :

A) حدودا واضحة
B) عمامة إلكترونية مختلفة الكثافة
C) A+B
D) كل ما سبق خاطئ",C,B
2482,"عندما نمسح النهاية المدببة سطح المعدن في مجهر STM يتم التحكم في ارتفاعها للحفاظ على :

A) ثبات البعد
B) ثبات التيار النفقي
C) A.B
D) كل ما سبق خاطئ",B,B
2483,"معدل الإشعاع من سطح إلى معدل الإشعاع من مساوية من سطح مشع مثالي في درجة الحرارة نفسها:

A) الإصدارية
B) النفوذية
C) الامتصاصية
D) الانعكاسية",A,A
2484,"العين أكثر حساسية للتلف بـ UV في العصابة ذات الأطوال الموجية:........

A) الأقصر
B) المتوسطة
C) الأطول
D) B,A",A,A
2485,"يمكن من خلال التفاعل+ الاستفادة في التصوير من :

A) فوتونات الفلورة السينية .
B) أشعة غاما .
C) البوزترونات.
D) الالكترونات.",A,A
2486,"كل ما يلي صحيح عن كاميرا انجيه ماعدا. الكواشف فيها مكونة من بلورة ومضائية وأنابيب مضاعفة فوتوكهربائية فقط الكواشف فيها مكونة من بلورة ومضانية وأنابيب مضاعفة فوتوكهربائية وصفيحة تسديد رصاصية تتضمن الكاميرا عدد كبير من الكواشف النشاطية الاشعاعية في العديد من النقاط في الوقت نفسه تعرف بكاميرا غاما

A) الكواشف فيها مكونة من بلورة ومضائية وأنابيب مضاعفة فوتوكهربائية فقط
B) الكواشف فيها مكونة من بلورة ومضانية وأنابيب مضاعفة فوتوكهربائية وصفيحة تسديد رصاصية
C) تتضمن الكاميرا عدد كبير من الكواشف النشاطية الاشعاعية في العديد من النقاط في الوقت نفسه
D) تعرف بكاميرا غاما",A,D
2487,"كل مايلي صحيح عن مقباس مايكلسون التداخلي ما عدا :

A) يتكون من منبع صوتي وشاطر
B) عنما ترد حزمة الضوء المترابط إلى مجرئ الحزمة ينفذ منه نصف الحزمة إلى المرآة M1 وينعكس النصف الأخر نحو المرآة M2
C) تنعكس الحزمة الصوبيتان عن المرآتين لتنضم إحداهما للأخرى وتظهران على الشاشة
D) إذا كلنا نراعا مقياس التداخل مختلفين في الطول يمكن أن يظهر فوق الطور بين التواعن على شكل ضوء خافت",D,D
2488,". يعرف الانفعال بالـ:

A) مقياس تعامل ويع
B) مقياس لدرجة التشوة
C) مقياس لعامل القروية
D) مقياس لعامل الصلابة",B,C
2489,"الأمواج أحادية البعد:

A) أمواج عرضانية في وتر
B) أمواج طولانية في قضيب أو أنبوب مملوء بمائع
C) أمواج خطية
D) كل ما سبق صحيح",D,D
2490,"وفقا لمعادله الاستمرارية إذا كان المقطع أسطواني الشكل فستكون سرعة جريان الماء حيث يكون نصف القطر كبيراً سرعته بحيث يكون نصف القطر صغيرا:

A) أكبر من
B) أصغر من
C) يساوي
D) A, C",B,B
2491,"القوى التي تكون تدافعية بين كل النكليونات وتسبب نواة عدم انضغاطية النواة ومسؤولة عن النشاط الإشعاعي 6 هي :

A) قوى التأثر الشديد القصيرة المدى
B) قوى التأثر الضعيف القصيرة المدى
C) قوى التأثر الكهرطيسية
D) قوى التأثر المعروفة في الطبيعة وهو الثقالي < 0.5 fm",B,B
2492,"كل مايلي صحيح غت الناظم ما عدا :

A) في حالة الانعكاس يرتد الضوء الوارد وفق الناظم على نفسه
B) في حالة الانكسار ينفذ من السطح الكاسر بزاوية انكسار صفر
C) في حالة الانكسار ينفذ من السطح الكاسر بدون انكسار
D) الناظم يكون اقرب لزاوية الورود دائماً",B,D
2493,"الجهاز الذي يعمل عكس المصورة هو :

A) جهاز إسقاط الشرائح
B) جهاز الصور المتحركة
C) A,B
D) كل ما سبق خاطئ",C,C
2494,"النموذج الذي لم يستطع تجبر المفعول الكهرضوئي واشعاع الجسم الأسود هو :

A) النموذج الفوتون للضوء
B) النموذج الجسيمي للضوء
C) النموذج الموجي للضوء
D) A.BC صحیحان",C,C
2495,"أيا من العبارات التالية صحيحة حول EB :

A) هي طاقة الإرتباط الكلية للنواة
B) هي الطاقة التي يجب تقديمها لتفكيك بروتون عن نترون في حالة نواة الديتريوم
C) هي طاقة موجبة تنشأ من فعل القوى التي توحد النكليونات في النواة
D) كل ماسبق صحيح",D,D
2496,"وفقا للعلاقة3 πr K=فإن V تمثل:

A) كتلة النواة
B) حجم النواة
C) حجمها
D) A,B",C,B
2497,"يحدث تبادلات حرارية عديدة بين الإنسان ومحيطه وتكون 90% من هذه التبادلات في:

A) العضلات
B) الجلد
C) النواة
D) الكبد",B,C
2498,"ترتبط عتبة الألم لدى الإنسان في حالة الموجة الصوتية ب: (الخطأ)

A) نوع المنبع .
B) الضغط الصوتي .
C) بسعة انتقال الجزيئات المهتزة .
D) شدة الموجة الصوتية .",D,C
2499,"تقع مستويات الأمواج فوق الصوتية

A) من 0.01 إلى 0.1
B) من 1 الى 2
C) من 0.1 إلى 0.2
D) من 0.001 الى 0.1",B,C
2500,"عند توازن التفاعل A + B = C بلغ ضغط كلاً من A و C(2.5×10 pa) و[[B= 0.1M فيكون ثابت التوازن

A) 10
B) 2.5×10 pa
C) 1
D) 2.5×10 pa",A,C
2501,"الوسط الذي تكون فيه كثافة الأيونات الموجبة والسالبة أكبر من كثافة الأيونات المعتدلة يسمى:

A) ماء
B) بلازما
C) صلب
D) سائل",B,B
2502,"يمكن تعريف معامل تخامد الأمواج الصوتية في النسج بـ : (الخطأ)

A) dB)α
B) 4.343μ
C) loge× 10× μ
D) loge× 10×",D,D
2503,"الاطمئنان على صحة الجنين عند المرأة الحامل يكون بإجراء:

A) الإيكو غرافي .
B) التصوير المقطعي المحوري .
C) التصوير الحراري .
D) تصوير مغناطيسية الدماغ .",A,A
2504,"تنتج الأعداد الكمومية m1,I,nعن :

A) معادلة ماكسويل
B) معادلة شرودنغر
C) A,B
D) كل ما سبق خاطئ",B,B
2505,"يدعى الضغط الذي يسببه عمود من الزئبق ارتفاعه mm 1:

A) التور .
B) البار .
C) الباسكال .
D) الجو .",A,A
2506,"يمكن معرفة الكثير عن المادة إذا أمكن وضعها في شكل بلوري وذلك بـ :

A) تحليل نماذج الانكسار
B) تحليل نماذج الاستقطاب
C) تحليل نماذج الانعراج
D) A,B",D,C
2507,"تزداد التبادلات بالنقل عندما :

A) تزداد سرعة المانع
B) تنخفض سرعة المانع
C) ليس لها علاقة بسرعة المانع
D) كل ما سبق صحيح",B,B
2508,"في أثناء عملية تنقية النحاس في خلية التحلل الكهربائي:

A) يستخدم النحاس غير النقي كمهبط.
B) تتأكسد أيونات النحاس على المصعد.
C) ترجع ذرات النحاس على المهبط.
D) يحافظ الكهرل CuSO4 على لونه الأزرق.",C,D
2509,"تتميز المحسن بمقدرة فاصلة محورية وتتعين بإمكانية التميز بين جسمين..احدهما من الخر مسافة تقدر......... وهي في حالة التواترات ...........افضل منها ف حالة التواترات.........

A) قريبين- اضعاف الطول الموجي - العالية -المنخفضة
B) عددين -نصف الطول الموجي – المنخفضة- العالية
C) بيعدين- نصف الطول الموجي – المنخفضة- العالية
D) البعيدة -ربع- الطول الموحى – المنخفضة- العالية",A,A
2510,"يدعى الضوء الهندسي أيضا الضوء الشعاعي لأنه :

A) يستخدم طريقة الأمواج في تمثيل الإنعكاس
B) يستخدم طريقة الأشعة في تمثيل الإنتشار
C) يستخدم طريقة الأمواج
D) يعتمد على الرسوم الفراغية",B,B
2511,"ترتبط ظاهرة ال NMR ب :

A) الخصائص المغنطيسة للنكليونات
B) الخصائص المغنطيسية للإلكترونات
C) العزم المغنطيسي النووي والحقل المغنطيسي
D) A.C",C,A
2512,"يقتصر مجال تطبيق التصوير بأمواج التيراهرتز على

A) الجلد
B) النسج الظهارية
C) جدار الأمعاء
D) كل ما سبق صحيح",D,D
2513,"الطبقة هي :

A) جميع الحالات التي لها نفسه
B) جميع الحالات التي لها نفسه
C) جميع الحالات التي لها نفسه
D) كل ما سبق صحيح",D,B
2514,"يسلك جسم الإنسان سلوك مفاعل حراري مستقل حيث :

A) تتحرر العلاقة في هذا المفاعل نتيجة التفاعلات الفيزيائية المتعددة.
B) تتحرر الطاقة في هذا المفاعل نتيجة التفاعلات الكيميائية المتعددة.
C) تجرى التفاعلات ؟؟؟؟؟؟ مستوى خلايا العصبية .
D) B+C",D,D
2515,"تصدر الأجسام في درجة من الحرارة فوق الصفر المطلق صفائف إشعاعاً:

A) فوق بنفسجيا
B) مرئياً
C) تحت احمر
D) سينياً",C,C
2516,"في حالة التشوه الحجمي يكون الاجهاد :

A) عموديا على السطح
B) موازيا للسطح
C) مطبقا من جميع الجهات وبمثله تغير الضغط الذي يؤثر في الجسم أو الضغط الصوتي
D) كل ما سبق صحيح",C,B
2517,"تمكن تحقيق الأجسام السوداء محتدربا باستخدام:

A) اجسام غازية متوهجة محمولة إلى ترجك حرارية مرتفعة نحو وبنياتها معقدة نوعا ما.
B) اجسام سائلة متوهجة محمولة إلى درجات حرارية مرتفعة نحو وبنياتها معقدة نوعا ما.
C) اجسام صلبة متوهجة محولة الى درجات حرار مرتفعة نحو معقدة نوعا ما.
D) أجسام صلبة متوهجة المحمولة إلى درجات حر مرتفعة نحو وشياتها معقدة نوعا ما.",C,C
2518,"إن انتقال الإلكترون من مدار إلى آخر أكثر بعدا عن النواة يترافق مع تزايد الطاقة الخارجية للذرة :

A) الطاقة الخارجية للجزيئات
B) الطاقة الداخلية للذرة
C) الطاقة الداخلية للحزينات
D) الطاقة الخارجية للذرة",D,C
2519,"عند وضع الجسم في النقطة O على بعد p1 أمام السطح الأول وتشكل خيال حقيقي فإن موقعه يكون:

A) خلف السطح
B) يسار السطح
C) يمين السطح
D) A,B",D,C
2520,"قانون استیمان بولومان:

A) تتناسب الكثافة الإجمالية لتدفق الإشعاع طردياً مع القوة الرابعة لدرجة الحرارة .T
B) تتناسب الكثافة الإجمالية لتدفق الإشعاع عكسياً مع القوة الرابعة لدرجة الحرارة T .
C) تتناسب الكثافة الإجمالية لتدفق الإشعاع عكسياً مع القوة الثالثة الدرجة الحرارة T .
D) تتناسب الكثافة الإجمالية لتدفق الإشعاع طردياً مع القوة الثالثة الدرجة الحرارة. T",A,A
2521,"يدل m فى 99mTc على أن هذا العنصر :

A) مستقر
B) غير مستقر
C) مشع
D) B,C",D,D
2522,"لدينا وسطان ممانعتهما الصوتيتان Z , Z1. وكثافتاهما p1 و p فإن سرعة الصوت فيهما

A) V=
B) V=
C) V=PZ
D) V=PZ2",D,A
2523,"الليزر الياقوتي المشوب بالتيتانيوم يصدر الطول الموجي في المجال :

A) المرئي .
B) تحت الأحمر .
C) فوق البنفسجي .
D) لا شيء مما سبق .",B,C
2524,"يطلق على النظائر التى لها العدد الكتلى نفسه والذري نفسه اسم :

A) النظائر
B) المماكبات
C) الايزرتونات
D) الايزوبارات",C,B
2525,"يتكون حارف الحزمة في مجهر SEM من سلسلة من :

A) الملفات الكهرطيسية
B) الملفات الكهربائية
C) الملفات مغناطيسية
D) كل ما سبق صحيح",D,D
2526,"الامتصاص الثنائي الفوتون يختلف عن الامتصاص الخطى في أن محل الانتقال الذري الناجم عن TPA يحمد على

A) مربع الشدة الضوئية
B) الجذر التربيعي للشدة الضوئية
C) الشدة الضوئية
D) كل ما سبق خاطى",A,A
2527,"إن النسج يكون : (الخطأ)

A) امتصاصها أعظم ما يمكن عند الطول الموجي 9.6μm .
B) وشفافيتها أكبر ما يمكن عند الطول الموجي m1μ.
C) وانعكاسها في المجال المرئي .
D) ويمكن معالجتها فيزيائياً بالأشعة فوق البنفسجية .",A,D
2528,"الطاقة المتراكمة في عنصر معن من تدعى:

A) الطاقة الحركية
B) الطاقة المتكتيكية
C) الطاقة الداخلية
D) الطاقة الخارجية",C,C
2529,"في حالة انتثار مرن وابعاد جسيمات اصغر من طول موجة الاشعاع الوارد يطلق عليه اسم

A) انتثار بريلون
B) انتثار مي
C) انتثار ريليه
D) كل ما سبق صحيح",D,C
2530,"جاء مصطلح الالكترونات الحرة في ليزر الالكترونات الحرة من

A) كون الالكترونات عبر مقيدة ومبعثرة
B) كون الالكترونات بسنوية أي سرعتها قريبة من سرعة الضوء
C) كون الالكترونات سرعتها منخفضة سنيا
D) A,C",B,D
2531,"تعمل قوى المرونة والتوتر السطحي لجدر الشرايين على :

A) منع تكلس الشرايين .
B) منع تدفق الدم في سوائل الجسم .
C) المحافظة على ضغط الدم داخلها .
D) الجوابين B و C .",C,D
2532,"ان الماء ينقل الضغط:

A) بأمانة في اتجاه واحد
B) بأمانة في جميع الاتجاهات
C) بشكل جزئي في اتجاه واحد
D) بشكل جزئي في جميع الاتجاهات",B,B
2533,"النظائر المستخدمة في تقنية PET هي :

A) الكربون - 11 ، الأكسجين - 16 ، الفلور - 18 ، الأزوت - 13
B) الكربون - 11 ، الأكسجين -16 ، الفلور - 20 ، الأزوت -13
C) الكربون - 11 ، الأكسجين - 15 ، الفلور - 18 ، الأزوت -13
D) كل ما سبق خاطئ",C,C
2534,"أن التعبير الصغير في التواتر الذي ينتج عن الجوار المباشر

A) يمكن قياسه وتدعى الانزياح الكيميائي
B) هو المبدأ الذي يعتمد عليه في مطيافية لمستقبلات الحيوية التي يكشف عنها في الجرعات المتقطعة من الأورام
C) A.B
D) كل ما سبق خاطئ",C,C
2535,"بالإعتماد على اجابتك علي السؤال السابق يكون السبب:

A) زيادة عدد الطبقات الإلكترونية
B) نقص عدد الطبقات
C) القوى التشاركية
D) قوي فاندر فالس",A,D
2536,"مقدار الطاقة الصادرة من واحدة السطوح من المنبع واحدة الزمن لكل ستبراديان من الزاوية الصلبة هو:

A) الاستطاعة
B) التألق الطيفي
C) السطوع
D) B,C",D,A
2537,"الفرق بين الحركة الموحية والحركة الاهتزازية

A) الحركة الاهتزازية حركة كتلة والحركة الموحية حركة مكونات الكتلة
B) الحركة الاهتزازية مرتبطة بالمسع والحركة الموجية مرتبطة
C) الحركة الموجية مرتبطة بالمسبع والحركة الاهتزازية مرتبطة بالوسط المحيط
D) A+B",D,A
2538,"أدت فكرة الطبيعة الموجبة للإلكترونات الى :

A) تصميم مجاهر الكترونية تكبيرها اعلى من المجاهر الضوئية
B) تصميم مجاهر الكترونية تكبيرها اعلى من المجاهر الالكترونية
C) تصميم مجاهر الكترونية خاصة للإلكترونات
D) تصميم مجاهر ضوئية والكترونية",A,A
2539,"تعد الملوثات في البيئة الداخلية :

A) مركبات عضوية
B) مركبات غير عضوية
C) مركبات تركيبها يعتمد على الكربون
D) C,A",D,D
2540,"من المشاكل التي تواجهنا في المجاهر الضوئية عند استخدام ضوء ذو طول موجي قصير حدا :

A) تصنيع عدسات مناسبة
B) تصنيع مكبرات مناسبة
C) إيجاد الكترونات مناسبة
D) تصنيع شاشات مناسبة",A,A
2541,"يمكن تفسير ثنائية الاصدار في طيف بخار الصوديوم بالاعتماد علي :

A) النظرية الذرية
B) العدد الكمومي المداري الثانوي
C) العدد الكمومي المداري المغناطيسي
D) العدد الكمومي السبيني",D,D
2542,"تستطيع العين تقريب الأشعة الصادرة من الخيال المشكل من قبل عدسة التصحيح على الشبكية لانها :

A) تكون بعد نقطة المدى
B) لاتتجاوز نقطة المدى
C) تقع على نقطة المدى دائما
D) كل ما سبق خاطئ",B,B
2543,"الظاهرة التي تنقسم فيها نواة ذات عدد كتلى كبير إلى نواتين أو أكثر لكل منهما عدد كتلي متوسط :

A) ظاهرة الإندماج النووي
B) ظاهرة الإنشطار النووي
C) ظاهرة التبعثر
D) ظاهرة الإنعكاس",B,B
2544,"كل ما يلي صحيح عن العين ما عدا :

A) هي كروية تقريبا ومتوسط قطرها
B) يوجد في مقدمة العين بروز مملوء بمانع مائي ومغطى من الخارج بغشاء شفاف يدعى لقرنية
C) يتم الإبقاء على زيادة الضغط في المانع المائي للإبقاء على البروز قليلا نحو الخارج
D) يقوم سطح العدسة المنحني بمعظم عملية انكسار الاشعة الضوئية التي تدخل العين",C,D
2545,"تستخدم الأمواج فوق الصوتية في

A) سوق الدواء
B) وقف الترف وتحطيم الخثرات
C) تفتيت الحصى
D) كل ما سبق صحيح",D,A
2546,"معامل تخمد الماء للصوت .......... معامل تخامد النسيج للصوت:

A) قليل - قليلي
B) مرتفع - مرتفع
C) مرتفع - قليل
D) قليل مرتفع",C,D
2547,"عندما تمتص فوتونات حزمة التواتر فان النوى سوف تثار من الحالة000000إلى الحالة .......

A) الأعلى - الأحمس
B) الاخفص – الأعلى
C) الاخفض - الأخفض
D) الأعلى - الأعلى",B,A
2548,"إن الميلانين الذي هو صباغ السائد في مجالات البشرة يمتص في مجال واسع يمتد من

A) فوق البنفسجي إلى السيني
B) فوق البنفسجي إلى تحت الأحمر القريب
C) فوق البنفسجي إلى تحت الأحمر المتوسط
D) البنفسجي إلى الأصفر",B,B
2549,"وسط الربح في النزر معين هو مادة يمكن التحكم بها :

A) نقاوتها
B) أبعادها وشكلها
C) تركيزها
D) كل ما سبق صحيح",D,D
2550,"الضجيج الذي كان يواجه العالمين الفلكيين في منظارهما الراديوي كان يقع في المجال:

A) الراديوي
B) المكروموجي
C) تحت الأحمر
D) البنفسجي",A,B
2551,"المواقع الرئيسية الثلاثة لقياس درجة حرارة النواة هي:

A) المستقيم
B) البلعوم
C) الأذن
D) كل ماسبق صحيح",D,D
2552,"تدعى الجسيمات النانوية ذات الأقطار[1-5] nm نقاط كمومية وهي تعمل على الكشف عن أنواع محددة من الجراثيم (تبعاً لأقطارها) بعد وسم كل منها بالضد المناسب وبإضاءتها بليزر طول موجته nm 365 تتحرض النقاط الموسومة التي عثرت على الجراثيم بإصدار أطياف ملونة يدعى الإصدار الحاصل:

A) إصدار بالفسفرة .
B) إصدار بالفلورة .
C) أمواج بلازمونية.
D) كافة الإجابات خاطئة .",B,B
2553,"تستخدم جزيئات الصباغ العضوي كوسط لإنتاج الليزر لأنها:

A) تتمتع بربحية عالية.
B) تمتلك عتبة ليزرة منخفضة .
C) تمتص الإصدار الناتج بالفلورة .
D) تمتص الإصدار الناتج بالفسفرة .",B,A
2554,"عندما تزال القوى التي تحدث التشوه عن جسم مرن يعود هذا الاخير تبعا لقانون هوك الى ابعاده وشكله الاصليين نظرا لتمتع ذلك الجسم بـ:

A) المدونة
B) المرونة
C) الصلابة
D) كل ما سبق صحيح",B,B
2555,"يشع جسم الإنسان بشكل قريب حدا من إشعاع الجسمالأسود في مجال الأشعة:

A) تحت الحمراء
B) المرئية
C) فوق البنفسجي
D) كل ما سبق صحيح",A,A
2556,"تمثل النسبة

A) ثابت المتناسب
B) عامل المرونة
C) A,B
D) عامل اللدونة",C,C
2557,"من الأشعة التي اشتهرت بانتزاع جزيئات الماء لدى تفاعلها مع النسج :

A) الأشعة تحت الحمراء.
B) الأشعة فوق البنفسجية .
C) الأشعة السينية.
D) التيراهرتز .",B,A
2558,"يمكن إستخدام بعض المركبات تلعب دور قفاءات التفاعلات الحيوية منها :

A) النكليدات
B) النظائر غير المشعة
C) النظائر المشعة
D) A,C",D,D
2559,"تنشأ نتيجة لوجود مثل قوى فاندر فالس الخصائص الرئيسية للسوائل كي... في حالة التوازن السكوني والاختلاف الكبير في عامل في حالة الحركة.

A) اللزوجة - التوتر السطحي
B) التوتر السطحي - اللزوجة
C) يعدل الجريان - الضغط
D) كل ما سبق صحيح",B,B
2560,"تهدف المطابقة تغيير شكل عدسة العين لإبقاء خيال الجسم الواقع في المدى على الشبكية ويتم ذلك بالضغط الذي تسببه العضلات الهدبية على عدسة العين وهذا يعني:

A) عدسة مضغوطة بعد محرقي أكبر.
B) عدسة مضغوطة بعد محرقي أصغر.
C) عدسة منبسطة بعد محرقي كبير.
D) الجوابين B و C .",D,D
2561,"يستعمل الـ UV فى التحاليل.........للفلزات فتظهر بال... مختلفة تبعا لـ ..... تعرضها للإشعاع فوق البنفسجي.

A) الكمية - تركيبها
B) الكيفية – لونها الأصلي
C) الكيفية - تركيبها
D) كيفية - إمتصاصها",D,C
2562,"ان البروبان- - a2اول:

A) غول أولي
B) غول ثانوي
C) غول ثالثي
D) ديول",B,B
2563,"الظاهرة التي تنقسم فيها نواة ذات عدد كتلي كبير إلى نواتين أو أكثر لكل منهما عدد كتلي متوسط:

A) ظاهرة الاندماج النووي.
B) ظاهرة الانشطار النووي.
C) ظاهرة التبعثر.
D) ظاهرة الانعكاس",B,B
2564,"عندما ينعكس الضوء على سطح أملس فإن :

A) الأشعة الواردة بزاوية معينة تنعكس بالزاوية نفسها
B) زاوية الورود تساوي زاوية الإنعكاس
C) يدعى الإنعكاس المراوي
D) كل ما سبق صحيح",D,D
2565,"ان التمثيل لسعة البيضة المنعكسة الصوتية للحزمة فوق الصوتية عن الاشاعات التي تقابلها بدلالة الزمن هو السطوح من النمط :

A) المطاطي
B) السطوح
C) نمط الحركة بدلالة الزمن
D) A.B",C,A
2566,"يمكن لزيادة النشاط الإشعاعية ...... فيها أن تمثل :

A) زيادة في نشاطية العضو
B) إنخفاض في نشاطية العضو
C) إصابة أو ورم
D) كل ما سبق صحيح",D,D
2567,"في الفلورة يكون حلول موجة الضوء طول موجة الشعاع الممتص الصادر

A) أطول من
B) أقصر من
C) يساوي
D) C,A",D,A
2568,"أي العبارات التالية تصح مع العنصر الانتقالي:

A) هو عنصر ينتمي للكتلة P
B) هو عنصر ينتمي للكتلة d
C) كل عناصر الكتلة pعناصر انتقالية
D) كل عناصر الكتلة d عناصر انتقالية",B,B
2569,"أيا ممايلي صحيح بالنسبة للهواني

A) سلك على شكل حلقة يودي دور هوائي ذي قطبين مغنطيسي
B) عندما يتغير الحقل المغناطيسي الموجة الكهرطيسة يتغير التدفق المغناطيسي في الحلقة
C) يكون التيار في الهوائى أصغر عندما لا يكون موجها وافق الحقل الكهربائى
D) لا يسرع الالكترونات وفق الهوائي الا مركبة الحقل الذي تعامده",B,D
2570,"سيكون الضغط داخل النخروب الرئوي أعلى بـ..... من الضغط خارجه.

A) 2.6KPa
B) 2.7KPa
C) 2.8KPa
D) 3kPa",B,D
2571,"نقطة تقاطع المحور الضوئي مع الكاسر تسمى :

A) مركز الكرة
B) راس الكاسر
C) النقطة المضيئة
D) الكاسر",B,لا
2572,"الطرائق المستخدمة لرؤية أطر الأعضاء:

A) تصوير مقطعي إصداري.
B) تصوير حراري .
C) تصوير مغناطيسية الدماغ .
D) الإيكوغرافي .",D,D
2573,"بصبح تقريب الحركة الطبقية عندما تكون سرع الحريان ....... وعندما . سرعة المانع في نقطة معينة يكون الحريان ...... ويصبح ..... :

A) صغيرة - ترتفع - غير مستقر - اضطرابيا
B) صغيرة - ترتفع - غير مستقر - مستقر
C) كبيرة - ترتفع - غير مستقر - اضطرابيا
D) كل ما سبق صحيح",A,D
2574,"ان تجربة غيرلاش – ستيرن :

A) أكدت مفهوم تكميه الفضاء
B) أثبتت وجود اندفاع زاوي سبيني تجريبياً
C) A,B
D) كل ما سبق خاطئ",C,C
2575,"كانت طريقة للعلاج الفيزيائي تستعمل فيها عبارات كهربائية عالية التردد لإحداث

A) تسخين كامل للأنسجة الحية
B) تسخين موضعي في الانسجة الحية
C) A,B
D) كل ما سبق خاطئ",B,B
2576,"تمثل المعادلة C9H18🡪C7H14 + C2H4

A) تكسير النونات
B) تشكيل الهبتان
C) تكسير الهبتان
D) ليس ايا مما سبق",A,A
2577,"تتولد الاشعة السينية عندما :

A) تسرع الفوتونات في أنبوب مقرع ويسمح لها بالسقوط على سطح داخل الانبوب.
B) تسرع الفوتونات بكمون مرتفع ويسمح لها بالسقوط على سطح زجاجي او معدني.
C) تسرع الالكترونات بكمون مرتفع في أنبوب الفراغ ويسمح لها بالسقوط على سطح داخل الانبوب .
D) تسرع الالكترونات بكمون مرتفع في أنبوب زجاجي ويسمح لها بالسقوط على سطح داخل الانبوب.",C,C
2578,"نشطر خط الاصدار لـ 3 خطوط بسبب B هو مفعول :

A) کومتون
B) زیمان
C) اینشتاین
D) كل ما سبق خاطئ",B,B
2579,"ان العناصر تترتب الان في الجدول الدوري وفق :

A) كتلتها الذرية
B) إعدادها الذرية
C) شحنتها
D) بنيتها الكيميائية",B,B
2580,"عمل البلورات الكهر ضعطية.

A) تحول الاشارة الصوتية إلى اشارة
B) تحول الإشارة الكهربائية إلى إشارة
C) A+B
D) تحول الاشارة الكهربائية إلى إشارة",B,C
2581,"إذا تضيق قطر شريان الى نصف قيمته الأصلية بفعل التوصيفات اللويحية فان معدل الجريان الدم:

A) يزيد بمقدار 16 مره من قيمته الأصلية
B) ينخفض الى من قيمته الأصلية
C) ينخفض الى من قيمته الأصلية
D) كل ما سبق صحيح",A,B
2582,"إن النظرية الحديثة تدل على أن الالكترون :

A) جسيم أولي
B) جسيم ثانوي
C) لا بنية داخلية له
D) A+C",D,D
2583,"تنخفض طاقة التأين الأولى ضمن مجموعة العناصر من الأعلى إلى الأسفل بسبب:

A) ازدياد العدد الذري
B) بعد الإلكترون عن النواة
C) ازدياد فعل الحجب
D) كل ما سبق صح",D,D
2584,"كل العبارات التالية خطا عن المانومتر الزئبقي ما عادة:

A) يتكون من انبوب شاقولي على شكل U
B) يحوي بعض الزئبق
C) أحد طرفيه مفتوح على الهواء والاخر موصل الى وعاء يحوي غاز
D) كل ما سبق صحيح",D,D
2585,"إصدار فوري للضوء من مادة سبق أن امتحت الضوء

A) فلورة
B) فسفرة
C) شكل من أشكال التألق
D) B,A",C,D
2586,"لزوجة السائل بازدياد درجة الحرارة :

A) تزداد.
B) تنخفض .
C) تبقى ثابتة .
D) الكل صح .",A,B
2587,"وفقا للعلاقة يمثل و فإن يمثل ........ و يمثل ...........

A) الكمون الحراري - المقاومة الحرارية.
B) المقاومة الحرارية - التدفق الحراري.
C) الكمون الحراري - الناقلية الحرارية.
D) كل ماسبق صحيح.",D,A
2588,"الضغط القياسي guage pressure بالتعريف هو:

A) الضغط المسجل لغاز محصور في وعاء مغلق .
B) الفرق بين الضغط المطلق للغاز والضغط الجوي.
C) مجموع الضغط المطلق للغاز والضغط الجوي .
D) كافة الإجابات خاطئة .",B,B
2589,"المصطلحين HiFU و MRgFus طريقة طبيعية تستخدم ل :

A) تسخين النسيج المريض
B) تحطيم النسيج المريض
C) الاستئصال
D) كل ما يلي صحيح",D,C
2590,"ان معادلة برنولي تطبق على جريان أي مائع مثالي طالما تقع النقطتان على

A) خط الانحناء نفسه
B) خط التيار نفسه
C) المستقدم العمودي على منحى الانتشار
D) كل ما سبق صحيح",B,A
2591,"يمكن التمييز بين مختلف النسخ التي بتركب منها السن من خلال قرائن كسرها لتوترات

A) الـ UV
B) THz
C) IR
D) كل ما سبق خاطي",D,B
2592,"تترجم الاستجابة الهمودينميكية عن الحوادث في الــ Boldمن خلال التغير في

A) إشارة التواتر الصادر
B) اشارة التجاوب المغنطيسي للفعالية العصبونية
C) إشارة التردد
D) كل ما سبق صحيح",D,A
2593,"تستخدم نسبة MRF في معالجة :

A) Cysts
B) أورام حميدة
C) أورام خبيثة
D) كل ما سبق صحيح",D,C
2594,"تعتمد مقدرة BOLD الفاصلة الزمنية أعلى

A) زمن معالجة التماع لمختلف الحوادث
B) زمن التكرار TR
C) A,B
D) زيادة الضخ",B,C
2595,"ينزاح التفاعل السابق في الاتجاه المباشر في حال:

A) زيادة ضغط
B) نقص تركيز
C) زيادة تركيز
D) كل ما سبق صحيح",C,D
2596,"إن تخفيض ابعاد الفتحة يؤدي إلى :

A) نقص عمق الحقل
B) زيادة عمق الحقل
C) A,B
D) B أوA",B,B
2597,"في حالة التشوه التحددي أو الانضغاطي فان الانفعال يكون هو

A) التغير النسبي في الطول زيادة أو نقصانا
B) نسبة الإزاحة النسبية بين سطحين في الجسم إلى الفاصل بينهما وقد يعبر عنها براوية فتل
C) التغير النسبي في الحجم أو الكتلة الحجمية
D) كل ما سبق صحيح",D,B
2598,"الـ Voxels هي :

A) تكون على شكل مكعبات
B) تدعى العناصر الحجمية
C) B , A
D) كل ما سبق خاطئ",C,C
2599,"القوى التي تكفل تماسك النواة وتكون من 1.2 إلى 0.6 فرمي هي:

A) قوى التنافر الشديد القصيرة المدى
B) قوى التأثير الضعيف القصيرة المدى
C) قوى التنافر الكهرطيسية التدافعية
D) . A,B",D,A
2600,"التي تمثل قيمة تغير الحجم النسبي هي

A) مقاومة الجسم لحركة المستويات الداخلية
B) مقاومة الجسم لتغير حجمه
C) مقاومة الجسم للحمولة
D) كل ما سبق صحيح",B,B
2601,"الأمواج التي تستخدم في تفتيت الحصى هي :

A) الأمواج فوق الصوتية
B) الأمواج الصوتية
C) الأمواج تحت الصوتية
D) كل ما سبق خاطئ",B,A
2602,"إذا كانت كتلة الصيغة التجريبية للمركب A2B تساوي 20 وكتلته الجزيئية النسبية 60 هذا يعني أن صيغته الجزيئية هي:

A) ( A2B)
B) (A3B)
C) (A5B3)
D) (A3B2)",C,C
2603,"أن التكليونات ضمن النواة الذرية تخضع لثلاثة أنواع من القوى هي قوى:

A) التنافر الكهرطيسي والتجاذب الشديد قصير المدى والتجاذب الضعيف قصير المدى 0.5fm .
B) التجاذب الكهرطيسي والتجاذب الشديد قصير المدى والتجاذب الضعيف قصير المدى 0.5fm .
C) التنافر الكهرطيسي والتجاذب الشديد قصير المدى والتجاذب الضعيف قصير المدى 1fm>.
D) A,C",A,A
2604,"تتكون شبكات الانعراج :

A) من عدد كبير من الشقوق المتعامدة وغير متساوية الأبعاد
B) من عدد كبير من الشقوق المتوازية وغير متساوية الابعاد
C) من عدد كبير من الشقوق المتعامدة و متساوية الابعاد
D) من عدد كبير من الشقوق المتوازية و متساوية الابعاد",D,D
2605,"إن تفاعل C2H5OH مع CH3COOH:

A) يعتمد عل الخاصية الأساسية للغول الايتيلي
B) يعتمد على الخاصة الحمضية للغول الايتيلي
C) تفاعل عكوس
D) الجواب b وc صحيحان",D,D
2606,"أيا من الطرائق سمح برؤية كل من برنشيم الكبد والطحال والكبد والبنكرياس او الكليتين :

A) التصوير المقطعي
B) التصوير بالأشعة السينية
C) التصوير المقطعي المحوسب
D) التصوير بالصدى",C,D
2607,"العدسة الرقيقة:

A) ثخانتها رقيقة بالنسبة لنصفي قطري انحنائها.
B) يمكن إهمال ثخانتها .
C) يكون فيها .
D) كل ما سبق صحيح.",D,D
2608,"كل مما يلي من استخدامات التيرا هرتز ما عدا:

A) التصوير الطبي والتشخيص
B) المسح الأمني
C) معالجة حالات جلدية كالصداف والبهق
D) التحكم في جودة الصناعات نصف الناقلة",C,C
2609,"يكون معامل التخامد بالـ : dB/m

A) 4.343μ
B) μ
C) 5.5μ
D) كل ما سبق خاطئ",A,D
2610,"إن سبب زيادة طول الموجة المنتثرة عن طولها الأصلي بفسره :

A) اصطدام الفوتونات بالإلكترونات وامتصاص طاقة الفوتون
B) اصطدام الفوتونات بالإلكترونات ونقصان تواتر الاشعاع
C) a .b
D) ليس أيا مما سبق",B,C
2611,"المجهر الذي يمسح العينة نقطة فنقطة ولكنه يكشف عن الالكترونات النافذة هو :

A) STM
B) SEM
C) TEM
D) STEM",B,D
2612,"عند وضع بعض الذرات في حقل مغناطيسي لوحظ :

A) انشطار خطوط الاصدار الأحادية إلى مجموعات من ثلاثة خطوط طبقة متقاربة
B) اندماج التكليونات
C) تحرر الالكترون
D) كل ما سبق صحيح",A,A
2613,"يساعد التوتر السطحي:

A) النباتات على حمل الماء من الجزور الى الأدوات
B) العابرات المائية والحشرات الصغيرة التي تتحرك على سطح بركه
C) اليرقات ومسترقات البعوض بالتعلق على سطح الماء
D) كل ما سبق صحيح",D,D
2614,"كل مايلي صحيح عن أمواج التيراهرتز ماعدا

A) يعد الغلاف الجوي ماصا شديدا للتيراهرتز في كل محالة
B) تستخدم أمواج التيراهرتز في الكشف عن غير المرئية
C) تستخدم أمواج التيراهرتز في تشخيص الإصابة بالسرطان في مرحلة مبكرة
D) تستخدم أمواج التيراهرتز في تحديد موقع الإصابة بالسرطان في مرحلة مبكرة",A,A
2615,"تشتق قوة المقاومة من اللزوجة عندما تكون السرعة النسبية بين الجسم والمائع ...... إلى حد يكفي لأن يكون الجريان حول الجسم رقائقيا

A) مرتفعة
B) منخفضة
C) متوسطة
D) كل ما سبق صحيح",B,B
2616,"يستخدم الأطباء BOLD لـ

A) تقييم مدى خطورة جراحة الدماغ
B) المعالجة المماثلة اللاهجومية في حالة مريض
C) ليعرفوا كيفية عمل دماغ طبيعي أو مريض أو سليم
D) كل ما سبق صحيح",D,D
2617,"مجال الـ UVA طوله الموجي بين :

A) 315-400nm
B) 280-315nm
C) 100-280nm
D) كل ماسبق خاطئ",A,B
2618,"يعد الماء ماصا جيدا للأمواج المكروية لأن:

A) جزئ الماء عاكس
B) جزئ الماء لاقطبي
C) جزئ الماء قطبي
D) A, B",C,C
2619,"يعزي الاختلاف بين الاستئصال المتحرض بالبلازما و:

A) كثافتيهما الاستطاعيتين
B) كثافتيهما الطاقيتين
C) زمنيهما
D) A,C",D,B
2620,"الرابطة التي تبقى صلبة دائماً:

A) الأيونية
B) المعدنية
C) الجزيئية البسيط
D) التشاركية",B,A
2621,"في تجربة انتثار الاشعة السينية لاحظ كومتون بأن :

A) تواتر الاشعة المنتثرة اخفض قليلا من تواتر الاشعة الساقطة
B) تواتر الاشعة المنتثرة يساوي تواتر الاشعة الساقطة
C) تواتر الاشعة المنتثرة اعلى قليلا من تواتر الاشعة الساقطة
D) كل ما سبق خاطئ",A,A
2622,"العدد الكمومي المداري L قيمة صحيحة :

A) n-1 ® 0
B) n ® 0
C) ¥ N ®
D) كل ما سبق صحيح",A,A
2623,"إن طاقة فوتون التواتر الراديوي في التجاوب المغنطيسي النووي :

A) أكبر من طاقة الروابط الجزيئية في العضوية.
B) أصغر بكثير من طاقة الروابط الجزيئية في العضوية .
C) يمكن أن تؤدي إلى تأيين الخلايا .
D) يمكن أن تؤدي إلى تحطيم الروابط الجزيئية .",B,B
2624,"اختر ناتج تفاعل المعادلة الأيونية NaOH29(aq) + FeSO4(aq)

A) Fe(OH)25 +Na2SO4
B) Na2SO4
C) Fe(OH)2 +Na2SO6
D) Fe(OH)2",A,A
2625,"يعبر طول الامتصاص /1=L في قانون لامبرت عن:

A) مسافة الاختراق التي تنعدم عندها الشدة النافذة .
B) مسافة الاختراق التي تنخفض فيها الشدة النافذة عن الواردة بمقدار 1\ e .
C) مسافة الاختراق التي تكون عندها الشدة النافذة I(z) = lo/e .
D) الجوابين B و C .",D,D
2626,"إن شدة الفلورة تتناسب.......... الإضاءة الليزرية.

A) طرديا مع
B) عكسيا مع
C) طرديا مع مربع
D) عكسيا مع مربع",B,A
2627,"يمكن قياس الجرعة المكافئة للإشعاع بالواحدات التالية :

A) الروتنجن .
B) الريم .
C) الراد.
D) الغري.",A,B
2628,"يجب لدى التصوير بالرنين المغنطيسي :

A) الإبقاء على البدل السنية.
B) الإبقاء على الصمامات القلبية وإجراء التصوير .
C) نزع الصمامات القلبية وإجراء التصوير .
D) نزع البدل السنية وإجراء التصوير .",D,D
2629,"إن الخطوط الطيفية التي تصدرها الذرات اذا ما تعرضت لطيف مستمر تعتمد على :

A) درجة حرارة المنبع
B) درجة حرارة الغاز الماص
C) A,B
D) كل ماسبق خاطئ",D,C
2630,"التجارب التي اثبتت بنية السوائل هي

A) تجارب التداخل
B) تجارب انعراج الأشعة السينية
C) تجارب کومتون
D) كل ما سبق صحيح",D,A
2631,"إعادة بناء الصورة في التصوير المقطعي المحوري يتم بإتباع إحدى الطريقتين:

A) الحساب المصفوفي
B) الحساب بطريقة التلاف
C) B أوA
D) B و A",C,C
2632,"أمواج ثلاثية البعد:

A) الصوت الصادر من مكبر الصوت
B) أمواج الهزة الأرضية
C) A, B
D) الأمواج السطحية كالأمواج المائية",C,C
2633,"في مركبات العضوية تتعين الخواص الكيميائية تبعا ل

A) الزمرة الوظيفية
B) عدد ذرات الكبون
C) عدد الروابط الاحادية
D) كل ما سبق",A,A
2634,"عندما تخترق حزمة الأشعة السينية ثخانة كبيرة من النسج الرخوة :

A) يتولد اشعاع ثانوي منتشر.
B) يمتص كامل الإشعاع الصادر من المنبع .
C) بتولد اشعاع أولي بولده الجسم.
D) A,B .",D,A
2635,"يعطي تفاعل البروبن مع Br2:

A) 2,1- ثنائي بروم البروبان
B) 1,1- ثنائي بروم البروبان
C) 3,1- ثنائي بروم البروبان
D) 2,2- ثنائي بروم البروبان",D,A
2636,"– عدد العدسات في مجهر SEM :

A) ثلاثة
B) اثنتان
C) أربعة
D) واحدة",B,B
2637,"تتولد الأمواج الصادمة عندما سرعة منبع الأمواج الصوتية :

A) تساوى سرعة الموجة.
B) تتجاوز سرعة الموجة الصوتية .
C) تقل عن سرعة الموجة.
D) تساوى أو تتجاوز سرعة الموجة الصوتية.",B,B
2638,"أكسيد الألمنيوم يتفاعل مع:

A) الماء
B) المحاليل الحمضية ولا يتفاعل مع القلوية
C) المحاليل القلوية ولا يتفاعل مع الحمضية
D) يتفاعل مع المحاليل الحمضية القلوية",B,D
2639,"تتصل مجموعة الكربونية في .........بذرتي كربون اخرتين

A) الالدهيد
B) الكيتون
C) الغول
D) ليس ايا مما سبق",B,D
2640,"عندما يخضع ثنائي قطب كهربائي لحقل كهربائي فإنه يخضع لعزم يسعى لتوجيه ثنائي قطب ب :

A) عكس اتجاه الحقل
B) اتحاه الحقل
C) اتجاه بعامد الحقل
D) A,B",B,B
2641,"العدد النيوكلوني في نواة ذرة ما يعبر عن عدد:

A) النترونات
B) البروتونات
C) الإلكترونات
D) مجموع البروتونات والنترونات",D,D
2642,"كل ما يلي صحيح عن القوة الكاسرة ما عدا :

A) هي مقلوب البعد البؤري
B) تقاس بالكسيرة
C) تكون موجبة في العدسات المبعدة
D) تكون موجبة في العدسات المقرنة",C,C
2643,"كل مايلي صحيح عن الليزر ما عدا

A) تستعمل كلمة ليزر في وصف تقانات أخرى لا ضوئية لنصف بصفاته
B) يطلق اسم الليزر الذري على منبع الجزيئات الموجودة في حالة مترابطة
C) يصدر ضوء الليزر نموذجيا في حزمة ضيقة ضعيفة التباعد مترابطة مكانيا
D) بدل مصطلح الضوء المترابط في تقانة الليزر الضوء الصادر على منبع ضوئي يولد أمواجا منتظمة متطابقة في التوتر والطور الاستقطاب",B,D
2644,"الطبقة هي:

A) جميع الحالات التي لها nنفسه
B) جميع الحالات التي لها Lنفسه
C) جميع الحالات التي لها mنفسه
D) كل ما سبق صحيح",D,A
2645,"الأشعة السينية تتخامد في الجسم المدروس بسبب:

A) قصر طولها الموجى
B) امتصاص الجسم لها
C) ارتدادها عن الجسم
D) A,B",D,B
2646,"صيغة مركب فوسفات (III) الصوديوم هو:

A) NapO2
B) Na2Po3
C) Na3Po4
D) Na2Po2",B,B
2647,"تصحيحات لورنتز الضوئية أدخلت على :

A) الكتلة
B) الطول
C) الزمن
D) كل ما سبق صحيح",D,D
2648,"للقياس درجة التشوه يدعي:

A) جهاد
B) انفعال
C) مرونة
D) لدونة",A,B
2649,"يتناسب تدفق الفوتونات في نقطة من الفراغ تبعد مسافة عن المنبع:

A) طردا مع .
B) عكسا مع .
C) طردا مع .
D) عكسا مع .",B,D
2650,"ز ثقب الأوزون هو منطقة يهبط فيها تركيز الأوزون إلى نحو :

A) 100 DU
B) 150 DU
C) 200 DU
D) 0 DU",A,A
2651,"الاداة المؤلفة من شفرات معندية متداخلة التي تؤدي نور قزحية العين والتي تنظم ابعاد الصحة هى:

A) الحظار
B) المغلاق
C) العلم
D) العدسة",D,A
2652,"ستظهر الوان مختلفة اذا اضيء الغشاء بلون مركب:

A) لتغير قرنية الانكسار بتغير الوسط
B) لتغير قرنية الانكسار بتغير الغشاء
C) لتغير قرنية الانكسار بتغير الطول الموجي
D) كل ما سبق صحيح",C,C
2653,"الروتنجن هي واحدة لقياس :

A) امتصاص الإشعاع .
B) التعرض للإشعاع .
C) شدة منبع الاشعاع .
D) تدفق منبع الاشعاع.",B,B
2654,"الظاهرة التي تحد من المقدر الفاصلة للمجهر الضوئي التقليدي هي :

A) التصادم
B) التداخل
C) الانعراج
D) كل ما سبق صحيح",D,C
2655,"اكثر من 80% من سرطانات البالغين تصيب :

A) النسج الضامة
B) النسج الدموية
C) النسج الظهارية
D) النسج الشبكية",C,D
2656,"إن فرط التعرض للإشعاع UVB يسبب :

A) الحرق الشمسي
B) بعض أشكال سرطان الجلد
C) B,A
D) كل ما سبق صحيح",D,D
2657,"العلاقة صحيحة عندما :

A) لمدة تقاس بالمتر الطاقة بالحول
B) لمدا تقاس بالانغستروم والطاقة بالإلكترون فولط
C) لمدا تقاس بالانغستروم والطاقة بالجول
D) لمدا تقاس بالمتر والطاقة بالإلكترون فولط",B,B
2658,"نمط التفاعل الآتي هو: CH3CH2OH H2SO4( 98% ) CH2= CH2 + H2O

A) تفاعل حذف.
B) تفاعل إضافة.
C) تفاعل أكسدة.
D) تفاعل استبدال.",A,A
2659,"يعتمد MPI على مبدأ :

A) أن العضلة القلبية المريضة تتلقى تدفقا دمويا أقل من العضلة السليمة في حالة الإجهاد
B) أن العضلة القلبية المريضة تتلقى تدفقا دمويا أكثر من العضلة السليمة في حالة الإجهاد
C) تقسيم تدفق الدم في الدماغ
D) A,C",A,A
2660,"تدل التجربة على أن:

A) العزم المغناطيسي للبروتون يساوي nµ1. 9 = nµ
B) العزم المغناطيسي للنترون يساوي nµ1.8 = nµ
C) العزم المغناطيسي nµ2.79 = nµ
D) العزم المغناطيسي للبروتون يساوي nµ2.79 =",D,A
2661,"تتألف الحلقة البنزنية من:

A) ثلاثة كربونات
B) أربعة كربونات
C) خمسة كربونات
D) ستة كربونات",D,D
2662,"يستخدم اختبار 2 , 4- ثنائي نتروفينيل هيدرازين ل

A) الكشف عن الوظيفة الكربونيلية
B) الكشف عن الوظيفة الألدهيدية فقط
C) الكشف عن الوظيفة الكيتونية فقط
D) التمييز بين الوظيفة الألدهيدية والكيتونية",A,A
2663,"الصداع الأساسي في الجلد والذي يعد اهم حامل لون جلدي هو :

A) الهيمو غلوبين
B) الميلانين
C) المينوتين
D) الكوليسترول",B,C
2664,"تتكون الأيونات عندما:

A) تخسر الذرة إلكترون أو أكثر
B) تربح الذرة إلكترون أو أكثر
C) تربح أو تخسر الذرة إلكترون أو أكثر
D) كل ما سبق صحيح",D,D
2665,"عند إحضار تكليون من خارج النواة إلى داخلها فلا بد للطاقة الكلية أن تنخفض بمقدار طاقة ارتباطه أو يصدر هذا الفارق على شكل إشعاع، علما أن هذا الإشعاع:

A) علي شكل اشعاع غاما
B) يدخل في حساب نوع من أنواع التحول الإشعاعي.
C) A,B
D) كل ما سبق صحيح",C,C
2666,"كل ما يلي صحيح عن التضحيم الكلي ماعدا .

A) يتناول الأصداء كلها
B) يزيد من شدة الأصداء السطحية ونجعلها تتجاوز شدة عتبة الاشعاع
C) يصبح إبراك الأصداء الأكثر بعدا ممكنا
D) كل ما سبق خاطئ",D,D
2667,"يرتبط تخامد الموجة الصوتية : (الخطأ)

A) بالمسافة التي تقطعها الموجة
B) بتواتر الموجة الصوتية
C) بمادة الوسط الذي تخترقه الموجة
D) لكنه لا يتعلق بشدة الموجة الصوتية",B,D
2668,"ليزرات الأيونات المعدنية

A) غازية
B) صلبة
C) سائلة
D) منحلة",B,A
2669,"يتشكل البروباذون بنتيجة أكسدة :

A) CH3CH2_CH
B) CH3CH2CH2 _OH
C) OHCH3CHCH3
D) OHCH3CHCH2CH3",B,C
2670,"عند انزياح الضوء من المجرات البعيدة التواترات الاخفض فإن ذلك يشير إلى :

A) اقتراب المجرات منا
B) ابتعاد المجرات عنا
C) ثبات مكان المجرات
D) كل ما سبق صحيح",B,B
2671,"في حالة التشوه الفضي فإن الانفعال يكون هو

A) النخير النسبي في الطول زيادة أو نقصانا
B) نسبة الإزاحة النسبية بين سطحين في الجسم إلى الفاصل بينهما وقد يعبر عنها بزاوية قتل
C) التغير النسبي في الحجم أو الكتلة
D) كل ما سبق صحيح",D,B
2672,"في جهاز مقياس الضغط يقيس المانومتر:

A) الضغط المطلق للغاز في الحزام
B) الضغط القياسي للهواء في الحزام
C) الضغط الانفعال الهواء في الحزام
D) كل ما سبق صحيح",C,B
2673,"اكتشف العالمان الفلكيان ويلسون و* أن تكون يسمح بالأمواج:

A) الراديوية
B) المكروية
C) التيراهرتز
D) فوق البنفسجية",B,B
2674,"الرونتجن هي واحدة لقياس :

A) امتصاص الإشعاع.
B) التعرض للإشعاع.
C) شدة منبع الإشعاع.
D) تدفق الإشعاع.",B,B
2675,"من تطبيقات لدرر الشلال الكمومي

A) المطباقية والاستشعار عن بعد للغارات المبينية والملوثات في الغلاف الجوي وفي أمان البلاد
B) التشخيص الطبي كمحللات للنفس ودراسة كيمياء البلازما
C) مطيافية التبرا هرتز في التعرف على الحزينات الثقيلة المعقدة وتكميتها كالمواد الكيميائية السامة والمتفجرات والأدوية
D) كل ماسبق صحيح",D,D
2676,"تتناسب الشدة عكسيًا مع:

A) البعد
B) مربع البعد
C) المساحة
D) C, B",B,D
2677,"وفقا للعلاقة يزداد تخامد الاشعةالسينية بـ:

A) نقصان طول مسارها.
B) ازدیاد طولها الموجي.
C) ازدیاد طول مسارها.
D) A,B",D,C
2678,"يختلف مجال إصدار اللبزرات الغازية اختلاف

A) الغاز المستعمل
B) مزائح الغازات المستعملة
C) كثافة المادة
D) A,B",D,D
2679,"يكون أسرع جريان للطبقة في حاله الجريان اللزج داخل انبوب دائري المقطع في:

A) محيط الانبوب
B) مركز الانبوب
C) وسط الطبقات
D) كل ما سبق صحيح",B,B
2680,"اختر المعلومة الصحيحة فيما يتعلق بظاهرة NMR

A) تربط بالخصائف بالعطيسية المكتوبات في داخل المين
B) ربط الخصص لمعصية الإنكدونات في المرت
C) ارتبط بالحمد لص الكهربائية المكليبات في داخل النوى
D) تربط الخصائص الكميائية الإلكترونات في الذرات",C,A
2681,"يتم قياس درجة حرارة الصدر والبطن والجملة:

A) الأذن
B) المستقيم
C) البلعوم
D) كل ما ذكر صحيح",D,D
2682,"الأصبغة المتفلورة عديمة اللون تصدر الضوء ....... عندما تخضع للـ : ........

A) الأحمرUV _
B) الأزرق _
C) الازرق _
D) مالأزرق _ UV",A,D
2683,"التصوير الضوئي بالإشعاع فوق البنفسجي المنعكس يفيد في :

A) الكشف عن خدش البشرة
B) التعديلات في الوثائق
C) تصليح العمل على اللوحات الفنية
D) كل ما سبق صحيح",D,D
2684,"تعتمد ظاهرة التجاوب المغناطيسي على:

A) المغنطة الحديدية
B) الليزر
C) الناقلية الفائقة
D) المغنطة الموافقة",D,D
2685,". ما هي أشعة التيرا هرتز في ....

A) عامة وهو ثابتة تتكشف
B) ليس من الضروري إضافة الجسم باشعة التي يصدرها المراقب
C) يكفي الكشف عن الأمواج الصادرة من الجسم نفسه
D) كل ما سبق صحيح",D,D
2686,"فقدان الحرارة بالنقل:

A) يرتبط بوضعية الجسم وفعاليته.
B) مهملاً في وضعية الوقوف.
C) يتزايد هذا النوع من التبادل في حالة الجلوس أو لدى النوم.
D) كل الإجابات السابقة صحيحة.",C,D
2687,"النظائر هي ذرات من نفس العنصر:

A) لها نفس عدد النترونات
B) تختلف بعدد البروتونات
C) لها نفس عدد النيكليونات
D) لها نفس عدد البروتونات وتختلف بعدد النترونات",D,D
2688,"إذا كان الجسم لا يختص الضوء كله عند طول موجى تكون إصداريته:

A) أكبر من الواحد
B) تساوي الواحد
C) أصغر من الواحد
D) تساوي الصفر",B,C
2689,"تؤدي الهالة إلى كل ما يأتي ما عدا :

A) تدني العزل الكهربائي
B) إصدار أكسيد الحديد
C) إصدار الأوزون
D) إصدار أكسيد النتروجيني",B,B
2690,"زمن الطيران هو

A) الزمن الذي تستغرقه الموحة من المنبع حتى الوصول إلى السطح ثم الارتداد عنه حتى الوصول إلى الكاشف
B) الزمن الذي تستغرقه الجسيمات من المنبع حتى الوصول إلى السطح ثم الارتداد عنه حتى الوصول إلى الكاشف
C) الزمن الذي تستغرفه الموحة من المنبع حتى الوصول إلى الكاشف
D) كل ماسبق خاطئ",B,B
2691,"المجهر الإلكتروني:

A) يتميز بمقدرة فاصلة عالية.
B) يتضمن حقلا مغناطيسيا .
C) يعتمد على مفعول كومتون.
D) يتضمن حزمة من الإلكترونات.",D,A
2692,"إن طاقة التكليون:

A) تزداد بسرعة مع تزايد العدد الكتلي
B) تزداد بسرعة مع تزايد مربع العدد الكتلي
C) تزداد بسرعة مع ناقص العدد الكتلي
D) تنقص بسرعة مع تزايد مربع العدد الكتلي",B,A
2693,"وفقا للعلاقة M= فإن M تسمى:

A) الكتلة الحرجة
B) الطاقة المختزنة
C) الكتلة المختزلة
D) الكتلة المختزنة",C,D
2694,"الظاهرة التي تترك النواة في حالة شبه مستقرة فينتج عنها إصدار فوتون غاما تدعى :

A) الإنشطار
B) الإندماج
C) الأسر الإلكتروني
D) كل ما سبق صحيح",C,C
2695,"يصدر إشعاع التيراهرتز من:

A) الجمادات
B) الكائنات الحية
C) المعادن
D) كل ماسبق صحيح",D,D
2696,"أن مصطلح Palliative radiation therapy يعني :

A) العلاج بالأشعة الأزالة الأورام.
B) العلاج بالاشعة لتخفيف الآلام المرافقة للأورام
C) العلاح بالاستئصال الصوتي
D) العلاج بالتعريض الالكتروني",B,D
2697,"يمكن تصوير الأعضاء الأكثر عمقا شروط في كل ما يأتي ما عدا

A) منابع سينية استطاعتها كبيرة
B) منابع صوتية استطاعتها كبيرة
C) منابع صوتية ملائمة
D) حساسية من",D,A
2698,"تسمى منطقة الحقل القريب

A) فرانهومز متغيرة تكسيا مع البعد
B) فرانهومز متغيرة تكسيا مع مربع البعد
C) فرنل - متغيرة تكسيا مع مربع البعد
D) فرنل -سريعة التغير",C,D
2699,"من عيوب استخدام الطرائق التقليدية للتصوير بالأشعة السينية هو أن لصور الحاصلة تتضمن:

A) كمية أشعة كبيرة جدا
B) مساقط لمختلف النسج التي تمر بها
C) كمية قليلة جدا من الأشعة
D) A,B",D,B
2700,"يكون ثابت التناسب في حاله الاستطاعة او الانضباط:

A) عامل المرونة الحجميB
B) عامل القصS
C) عامل بانغ Y
D) كل ما سبق صحيح",D,C
2701,"ان ما يحدد المقددة الفاصلة للصورة في التصوير المقطعي المحوري هو :

A) عرض الكواشف.
B) عرض حزمة الأشعة السينية.
C) A,B .
D) كل ما سبق صحيح .",C,D
2702,"زاوية الورود التي يكون الضوء المنعكس عندها مستقطبا كليا هي :

A) الزاوية الحرجة
B) زاوية بروستو
C) الزاوية الخشنة
D) A,B",B,B
2703,"يعد الضغط الذي نقيسه او نشعر به متحولا:

A) مجهريان
B) جهريا
C) اصطناعيا
D) انتقائيا",B,B
2704,"تستخدم الأفران المكروية المنزلية أمواج مكروية تساعد على:

A) رؤية الطعام أثناء عملية الطهو .
B) تسخين الطعام بفعل الحرارة التي تنشرها حول صحن الطعام .
C) تسخين الطعام بفعل الحركات الدورانية لجزيئات الماء فيه .
D) رؤية الطعام أثناء عملية الطهو .",C,C
2705,"التجربة التي برهنت على تكمية الفضاء هي :

A) تجربة غيرلاش
B) تجربة دافسون وجرمر
C) تجربة كومتون
D) كل ما سبق صحيح",D,A
2706,"المعادلة التي تربط بين الضغط وسرعة التدفق والارتفاع في نقطتين من وعاء دموي هي

A) معادلة برنولي
B) معادلة الاستمرارية
C) معادلة ابنشتاين
D) كل ما سبق صحيح",A,A
2707,"يمكن ان يعاد بناء الصورة في ال اعتمادا على ... ولو هذه الصورة غير مفيدة كثيرا ل .......

A) كثافة النسيج – صعف تباين فيها
B) كثافة ذات الهيدروجين – التباين الشديد
C) كل ما سبق صحيح
D) كثافة ذرات الهيدروجين – ضعف تباين فيها",C,A
2708,"الظاهرة التى يحدث فيها تحول النواة غير المستقرة إلى نواة أخرى أكثر إستقرارا بإصدار جسيم معدن أو فوتون هي :

A) الإنتثار
B) النشاط .....
C) التحول البور ....
D) A,C",D,B
2709,"عدد الفوتونات التي يصدرها اي جسم أو يمتصها يرتبط بـ:

A) طبيعة ذلك الجسم
B) عدد المستويات الطاقية فيه
C) تغير درجة حرارة الجسم المصدر
D) كل ما سبق صحيح",D,D
2710,"نتشابه السوائل مع الغازات في

A) أنها تقاوم الاجهاد الفاطمي المطبق على المائع في الاناء المغلق
B) بكثافة الجزيئات
C) بتباعد الجزيئات
D) كل ما سبق صحيح",C,A
2711,"عامل μ هو:

A) المرونة الحجمي
B) عامل القص ويعير عن قساوة النسيج
C) عامل مرونة المادة
D) الكتلة الخطية m/l",B,D
2712,"من استعمالات الأشعة فوق البنفسجية :

A) تساعد في تكوين فيتامين. D
B) تستخدم في تعقيم المعدات الطبية.
C) تستخدم في معالجة مرض الصدف.
D) كل ما سبق صحيح .",D,D
2713,"إذا لم تجاوز حدود مجال مهين من الاجهادات والانفعالات المقابلة لها لا يعود الجسم إلى أبعاده الأصلية ولا إلى شكله الأصلي فيوصف بأنه في مجال

A) المرن
B) اللدن
C) الحجمي
D) القصبي",B,A
2714,"تتمتع الأغوال بدرجات غليان أكبر من الألكانات الموافقة:

A) لأنها أعلى في الوزن الجزيئي
B) لأنها أقل في الوزن الجزيئي
C) لأنها قادرة على تشكيل روابط هيدروجينية فيما بينها
D) كل ما ذكر صحيح",C,C
2715,"ان فقدان الحرار بالحمل في الهواء:

A) اقل منها في الماء
B) اعلى منها في الماء
C) تساوي الماء
D) كل ما سبق خاطئ",B,D
2716,"إن (even-even) تدل على:

A) تساوي العزم المغناطيسي للنوى ذات الأعداد الزوجية من البروتونات والفردية من النترونات والعزم المغنطيسي للتكليون المتفرد المتبقي
B) انعدام العزم المغنطيسي للنوى ذات الأعداد الزوجية من البروتونات والنترونات
C) تساوي العزم المغنطيسي للنوى ذات الأعداد الفردية من البروتونات والزوجية من النترونات والعزم المغناطيسي للتكليون المتفرد المتبقي
D) A,C",B,A
2717,"ان صيغة المركب السابق

A) منشورة
B) بنيوية
C) هيكلية
D) خبرية",A,B
2718,"لوحظ في أثناء الحرب العالمية الثانية أن الأفراد الذين يقعون في مسار منشات الرادار يعانون ………….. استجابة للإشعاع

A) القرقمات
B) أصوات الطنين
C) الصمم
D) A,B",D,D
2719,"يمكن توليد الأمواج فوق الصوتية عن طريق

A) بلورات كهربائية
B) بلورات ضغطية
C) بلورات مغنطيسية
D) بلورات كهر ضغطية",D,D
2720,"غالبا ما تكون سرعه التثقل صغيرة لأسباب هي:

A) إذا لم تكن سرعه التثقل أكبر بكثير من المائع فإن المجموعة الشعاعي لقوى الثقالة والطفو يكون صغيراً
B) أسرع نهاية تتناسب طرديا مع............
C) ان الجسم كبير مقارنة بالمائع
D) A, B",D,D
2721,"يتفاعل الصوديوم مع الأوكسجين :

A) بلطف
B) بعنف
C) ببطء
D) ليس أيا مما سبق",B,B
2722,"تقدر إصدارية سطح نحاسي ناعم حوالي:

A) 0.2
B) 0.3
C) 0.4
D) 0.5",C,B
2723,"يكون الإجهاد طولانيا عندما تكون القوة:

A) موازية للسطح
B) مائلة عن السطح
C) عمودية على المصطلح
D) منطبقة على السطح",C,B
2724,"من ميزات مجهر المفعول النفقي ما عدا :

A) يعبر بسهول أحادية على السطح
B) النهاية المدببة بدقة ما تحت السطح
C) البعد بين النهاية المدببة وسطح العينة بضعة ميكرونات
D) تختار الالكترونات حاجز الكمون بالعبور النفقي",D,C
2725,"تكون طاقة الروابط ............(1-5ev)

A) الأيونية
B) الهيدروجينية
C) التشاركية
D) A,C",D,D
2726,"أن الكلوريدات الأريلية ك:

A) تتحمله ببطء
B) تتحمله بسرعة
C) لا تتحمله
D) ليس أيا مما سبق",C,C
2727,"كل مايلي صحيح عن التصوير الرقمي بالأشعة تحت الحمراء ماعدا:

A) إجراء تشخيصي مساعد مامون خال من الألم وغير هجومي.
B) تستخدم فيه صورة للإشعاع تحت الأحمر المتوسط لتسجيل النماذج الحرارية وتغيرات درجة الحرارة على سطح الجسم
C) تكشف عن الخلل الوظيفي أو النحو غير الطبيعي للنسج أو كليهما
D) تستخدم بسبب عدم ظهور التغيرات الحرارية",D,D
2728,"مركب له رابطة مزدوجة:

A) الإيتان
B) الإيتن
C) الميتان
D) الهكسان",B,B
2729,"كل مايلي صحيح عن أمواج التيراهرتز ماعدا

A) يمكن أن تكشف الاختلافات في المحتوى الماني للنسيح وفي كثافته
B) يمكن أن تكشف عن السرطان الظهاري
C) يمكن الحصول على صور ثلاثية الأبعاد للأسنان
D) يمكن الكشف عن سرطان العقد اللمفاوية",C,D
2730,"يستخدم علم الفلك الـ UV لـ :

A) الكشف عن التركيب الكيميائي للوسط بين النجوم
B) درجة حرارة النجوم وتركيبها
C) B,A
D) كل ماسبق صحيح",C,D
2731,"تشكل العين مديدة البصر (العين الطامسة) للجسم القريب خيالاً:

A) أمام الشبكية.
B) وراء الشبكية.
C) على الشبكية تماماً.
D) لا وجود لمثل هذا العيب فى العين.",B,B
2732,"المستويات الطاقية الاهتزازية هي نفسها ل:

A) الهزاز الانعكاسي
B) الهزاز التوافقي
C) الكتلتين على نابض
D) * الثقلي",B,B
2733,"أيا من العبارات التالية صحيحة حول اليزرات الشلال الكمومي:

A) بتصميم الطبقات بالثخانة الملائمة
B) يمكن بناء انقلاب إسكاني بين عصابتين جزئيتين في الجملة يلزم لتحقيق الإصدار الليزري
C) لما كان موقع المستويات الطاقية يتحدد بشكل رئيسي بثخانة الطبقة وليس المادة فإنه يمكن توليف طول موجة إصدارها على مجال واسع في حملة المواد نفسها
D) تنتقل الإلكترونات في بنياتها إلى الدور التالي في البنية بالعبور النفقى",B,D
2734,"يمثل الاضطراب الحالة :

A) المتقدمة الجريان المستقر
B) الحدية للجريان المستقر
C) الحدية للجريان غير المستقر
D) المتقدمة للجريان غير المستقر",C,B
2735,"بالنسبة للجزيئات الأكثر تعقيدا كثافتي أكسيددد الكربون ويفصل بين كل اثنين من المستويات الطاقية أقل من........ ومن ثم فهمي تولد فوتونات تحت الأحمر بطول موجي يزيد عل........

A) *
B) 1𝛍m-2Ev
C) 1𝛍m-1Ev
D) 3𝛍m-3Ev",B,C
2736,"تكون الشدة في حالة الاشعاع وحيد  اللون :

A) متناسبة مع عدد الالكترونيات
B) متناسبة مع الطول الموجي
C) متناسبة مع عدد الفوتونات
D) متناسبة مع التواتر",C,C
2737,"ليزر الياقوت مؤلف من :

A) أكسيد الألمنيوم + أكسيد الفضة .
B) أكسيد الكروم + الألمنيوم .
C) أكسيد الألمنيوم + الكروم.
D) أكسيد الألمنيوم + الكروم + اليورانيوم .",C,C
2738,"إن كلمة LASER منحوتة من العبارة.

A) تضخيم الليزر بالإصدار التلقائي للإشعاع
B) تضخيم الضوء بالإصدار التلقائي للإشعاع
C) تضخيم الضوء بالإصدار المحثوث للإشعاع
D) تضخيم الضوء بالإصدار المنفصل للإشعاع",B,D
2739,".38تكون الإصدارية أكبر:

A) للسطوح العائمة
B) للسطوح الناعمة
C) للسطوح الفاتحة
D) للسطوح الخشنة",D,A
2740,"يأخذ احتمال وجود الالكترون قيمة عظمى في الحالة الأساسية في ذرة هيدروجين عندما يكون :

A) بعده عن النواة أكبر من نصف قطر بور
B) بعده عن النواة أصغر من نصف قطر بور
C) بعده عن النواة يساوي من نصف قطر بور
D) بعده عن النواة يساوي من مربع نصف قطر بور",A,B
2741,"ينص قانون الانعكاس الأول على:

A) يغير الشعاع الضوئي جهته عند انتقاله بين وسطين مختلفين.
B) زاوية الورود لا تساوي زاوية الانعكاس.
C) زاوية الورود تساوي زاوية الانعكاس.
D) يقع كل من الشعاع الوارد والشعاع المنعكس بجهتين مختلفتين.",C,C
2742,"في حالة التشوه التحددي أو الانضغاطي فإن الانفعال يكون هو

A) التغير النسبي في الطول زيادة أو نقصانا
B) نسبة الإزاحة النسبية بين سطحين في
C) التغير النسبي في الحجم أو الكتلة
D) كل ما سبق صحيح",D,A
2743,"اذا كان الطول الموجي للأشعة السينية معروفا وقيست الزاوية يمكن معرفة :

A) البعد بين الفوتونات
B) البعد بين الذرات
C) الأطوال الموجية المرافقة
D) كل ما سبق صحيح",B,B
2744,"البوزترون هو :

A) من الجسيمات الثقيلة
B) جسيم مضاد للالكترون
C) جسيم مضاد للبروتون
D) من الفوتونات",B,B
2745,"العزم المغناطيسي في التجاوب النووي : (الخطأ)

A) يمتص موجة راديوية .
B) يصدر موجة راديوية .
C) يمتص ويصدر موجة راديوية .
D) لا يتعلق بالموجة راديوية .",D,D
2746,"يعتمد مقياس أكسجة النبض pulse oxymeter على قياس تغيرات الإشباع الشرياني بالأكسجين ويستخدم لذلك طولين موجيين يكون فيهما امتصاص الهيموغلوبين أعظمياً:

A) 830nm للمؤكسج و nm 780 لغير المؤكسج .
B) 3 950nm للمؤكسج و nm 650 لغير المؤكسج .
C) 780 nm للمؤكسج و nm 830 لغير المؤكسج.
D) nm 650 للمؤكسج و 950 nm لغير المؤكسج .",B,A
2747,"يمكن أن تعود النوى المثارة إلى الحالة الأساسية بعد :

A) التفكك المباشر
B) أن تتأخر عنه
C) A أوB
D) كل ما سبق خاطئ",C,C
2748,"الإشعاع الذي يؤدي إلى إتلاف الـDNA :

A) UVA
B) UVB
C) UVC
D) B,A",C,B
2749,"تتميز الإشعاعات التالية بأن لها كتلة سكونية

A) أشعة ألفا .
B) أشعة غاما.
C) الأشعة فوق البنفسجية .
D) ضوء الليزر .",A,A
2750,"إذا كان الجسم مغموسا وليس مغمورا كليا نتيجة كون كثافة المائع اكبر من كثافة الجسم فينغمس حجم من الجسم ووزنه يساوي:

A) وزن السائل كاملا
B) وزن الجسم
C) حجم السائل كاملا
D) حجم الجسم",B,B
2751,"من البرامترات الأساسية التى تتحكم في المقدرة الفاصلة الزمنية في الـ Boldهي

A) دور تكرار إثارة المغنطة في الدماغ
B) المعدل النبضي
C) A,B
D) كل ما سبق خاطئ",C,D
2752,"العدة التي تتولى تنظيم درجة الحرارة في جسم الإنسان هي:

A) النخامية
B) الصنوبرية
C) الدرقية
D) الكظرية",B,A
2753,"ينجم الامتصاص في النسج الحيوية بشكل رئيسي :

A) عن جزيئات الماء
B) عن الجزيئات الضخمة كالبروتينات والاصبغة
C) عن جزيئات الشحم
D) A,B",D,B
2754,"يمكن الكشف عن باحات الدماغ المعنية بوظيفة معينة بـ : (الخطأ)

A) الـ PET
B) BLOD
C) قياس كهربائية الدماغ
D) MEG",A,C
2755,"عندما يقترب تكليونان أحدهما من الآخر شدة يفعل قوى التأثير الشديد فإن قوى التأثير الضعيف التي تسود عند الأبعاد الصغيرة جدا. فتشكل نوع من القلب القاسي يجعل النواة غير قابلة للانضغاط

A) تمنع أي جسيم من الانشطار
B) تمنع أي جسيم من الاندماج
C) تمنع أي جسيم من التحول
D) كل ما سبق صحيح",B,B
2756,"المقدرة الفاصلة في طريقة التصوير: acousto-optic

A) من مرتبة الطول الموجي للنبضة الضوئية .
B) من مرتبة الطول الموجي للنبضة فوق الصوتية.
C) تضاهي المقدرة الفاصلة في حالة التصوير بالأشعة .
D) منخفضة جدا .",B,B
2757,"في التصوير PET يساعد الإصدار المتزامن لزواج الفوتونات على :

A) إعطاء معلومات أكثر دقة عن مكان الإصدار
B) مقدار فصل مكانية عالية
C) A,B
D) معرفة سرعة",C,C
2758,"يسمي المركب العضوي HCHO:

A) متان
B) متيل
C) متانول
D) متانال",D,D
2759,"يحدث الأسر الالكتروني عند:

A) وجود فائض في عدد البروتونات
B) وجود فائض في عدد النترونات
C) وجود نقص في عدد البروتونات
D) وجود نقص في عدد البيرونات",B,A
2760,"لحنى قضيب من الحديد يجب

A) تغير الذرات في مواقع معينة
B) تغير ترتيب الذرات
C) تكثيف الذرات في مواقع معينة
D) كل ما سبق صحيح",D,B
2761,"يحدث الأسر الإلكتروني عند :

A) وجود فائض في عدد البروتونات
B) وجود فائض في عدد النترونات
C) وجود نقص في عدد البروتونات
D) وجود نقص في عدد النترونات",B,A
2762,"عامل μهو

A) عامل المرونة الحجمي
B) عامل القص وبعد عن قساوة النسيج
C) عامل مرونة المادة
D) الكتلة الخطية =",A,D
2763,"لو أخذانا في نموذج بور 0 = L يعني هذا أن الإلكترون يتحرك بحركة.........على طول خط مستقيم يعبر النواة وهي صورة غير مقبولة فربانيا للإلكترون :

A) إهتزازية
B) دورانية
C) A+B
D) كل ما سبق خاطئ",A,A
2764,"الحروق الشمسية ينجم عن المفعولات التمزيقية للجزء .... من مجال ال لخلايا الجلد :

A) البعيد
B) المتوسط
C) القريب
D) كل ما سبق خاطئ",B,D
2765,"ينص قانون فارادای :

A) الحقول الكهربائية تبدأ على الشحنات الموجبة تتوقف فى الشحنات السالبة
B) تعتبر الحقل المغناطيسي بوك حقلا كهربائيا
C) التيار الكهربائي او الحقل الكهربائي يولد حقلا مغناطيسيا
D) لا وجود لا حاديات قطب مغناطيسية وأن خطوط الحقل المغناطيسي هي دائما حلقات مغلقة",C,B
2766,"التكليونات التي لها عدد ذري نفسه وتختلف بعددها الكتلي هي:

A) باردونات
B) نظائر
C) ليبتونات
D) إيزوتونات",B,B
2767,"من تطبيقات أشعة التيراهرتز

A) في التصوير والاتصالات
B) تعطيل معدات الكترونية
C) A, B
D) كل ما سبق خاطئ",C,C
2768,"تكشف القدرة الامتصاصية تبعا لمحتوى النسيج من:

A) الماء
B) المعادن
C) الشوادر
D) A,B",D,B
2769,"الجهاز الذي يصور مقاطع في الجسم البشري بالأشعة السينية والاستعانة بالحاسب اسمه:

A) الكاشف.
B) الماسح .
C) المطياف .
D) المصورة.",B,B
2770,"بقدر إمتصاص الطاقة في الهواء المقابل لتعرض قدره 1R بنحو :

A) 8.69×103 J
B) 8.69 J
C) 8.69×103 J/g
D) 8.69x103 J/kg",B,D
2771,". الأمواج المناسبة للتعرف على المواد وتشوفو معلومات بنيوية منها واتركيها

A) أمواج التيرا هرتز
B) الأمواج المكروية
C) UV
D) 1R",B,A
2772,"أن قوه اللزوجة:

A) تعاكس جريان المائع
B) تساعد جريان المائع
C) ليس لها علاقة بجريان المائع
D) كل ما سبق صحيح",A,A
2773,"كل مايلي صحيح عن ضرر الـ DNA بالـ UV ما عدا :

A) UVB يؤدي إلى اتلاف DNA مباشرة
B) يتأذى الـ DNA بشكل غير مباشر
C) الأكسجين التفاعلي الذي تنتجه UVA يضر بالـ DNA بشكل غير مباشر
D) كل ما سبق خاطئ",D,D
2774,"العنصر الأكثر استخداما في التصوير بالتجاوب المغناطيسي

A) الكربون
B) الهيدروجين
C) الأوكسجين
D) النيتروجين",B,B
2775,"يؤدي الضوء الموجي UV عند الطول الموجي 254 nm إلى :

A) إتلاف RNA المتعضيات المكروية
B) إتلاف DNA المتعضيات المكروية
C) تبيد الجراثيم
D) C,B",D,D
2776,"تمتاز الأشعة السينية بقدرتها على عبور الجسم البشري ويكون ذلك أسهل بقدر ما:

A) تكون قساوتها أكبر.
B) يكون الكمون المستخدم في توليدها كبيرا.
C) يكون الجسم أثخن.
D) A,B .",D,D
2777,"المعرض... هو مقدار :

A) يعبر عن التأين الذي تحدثه الأشعة الغاماوية في الهواء
B) يقدر بالرونتجن
C) يعبر عن التأين الذي تحدثه الأشعة السينية في الهواء
D) كل ما ذكر صحيح",D,D
2778,"يعطى مستوى الصوت بالعلاقة :

A) 20 log.
B) 10 log.
C) 10 log.
D) 10 log.",B,C
2779,"الأشعة السينية تتخامد في الجسم المدروس بسبب:

A) قصر طولها الموجى
B) امتصاص الجسم لها
C) ارتدادها عن الجسم
D) A,B",D,B
2780,"لما يتاكسد الغول نحصل علي:

A) يعطي كيتون
B) يعطي الدهيد
C) لا يحدث تفاعل
D) يختلف الناتج حسب الغول (أولي ،ثانوي،ثالثي)",D,D
2781,"عرض طاق واحد من DNA

A) 1nm
B) 0.1nm
C) 2nm
D) 5nm",B,C
2782,"زيادة الشدة بعامل قدره 100 يقابل زيادة في مستوى الصوت قدره:

A) 10dB
B) 20dB
C) 30db
D) 40dB",B,B
2783,"أن التغيرات في درجة حرارة السطح تعكس الاختلافات في:

A) توزع الدهن
B) تدفق الدم في النسخ تحت الجلد
C) ,B A
D) كل ما سبق خاطئ",D,B
2784,"من صفات ماسح الجيل الثالث ما عدا:

A) يستخدم حزمة مروحية من الأشعة السينية ومجموعة من الكواشف التي تتكون من حجرات تأيين كزينونية.
B) تقتصر الحركة فيه على الحركة الدورانية .
C) المدة التي يستغرقها لاقتناء المعطيات ست ثوان.
D) تم ابتكار هذا الماسح بعد ازدهار الرياضيات .",B,C
2785,"الـ UVA عند الاطوال الموجية التي تبدأ بالقرب من العصابة n.mUVB 5(3) تسبب :

A) تقرنات ضيائية وإحمرار في الجلد
B) لا تسبب أي ضرر
C) لا تسبب أي تفاعل تماما
D) سرطانات جلدية",A,A
2786,"عند معايرة شوارد الحديد الثنائي في حبة دواء بواسطة برمنغنات البوتاسيوم المشعر المستخدم:

A) الفينول فنتالين
B) أحمر المتيل
C) مطبوخ النشا
D) اعتمدنا على تغير لون البرمنغنات",C,D
2787,"وجود الروابط الهيدروجينية بين جزيئات الماء يفسر

A) كون التوتر السطحي ولزوجته أعلى من غيره من السوائل
B) كون توتره السطحي ولزوجته أخفض من غيره من السوائل
C) كون لزوجته وكثافته أعلى وتوتره السطحي أخفض من باقي السوائل
D) كون توتره السطحي وكثافته أعلى ولزوجته أخفض من غيره من السوائل",B,A
2788,"اى من العبارات التالية صحيحة حول ليزرات

A) تصدر مئات الكيلو واط عند الطولين الموجى و
B) تستخدم في القطع وفي اللحام
C) يزيد مردودها على 10%
D) B.C",D,D
2789,"وفقا للنظرية ……………تتناسب درجة حرارة عنصر صغير من المادة مع الطاقة ....... للجزيئات التي يتكون منها :

A) الحرارية - الحركية
B) الحركية - الحركية
C) الحرارية - الحرارية
D) الحركية - الحرارية",A,B
2790,"في المصورة البسيطة يجب أن تكون العدسة في حالة الأجسام البعيدة على :

A) بعد بؤري واحد من العدسة
B) بعد بؤري واحد من الفلم
C) A,B
D) كل ماسبق خاطئ",B,B
2791,"في التوازن التالي تزداد سرعة التفاعل المباشر: H2 + I2

A) بزيادة تركيز H2
B) بنقصان تركيز I2
C) بزيادة تركيز HI
D) لا يؤثر تغير تركيز أحد المكونات على سرعة التفاعل المباشر",A,A
2792,"ان الخطوة الأولى في التفاعلات هي

A) المبادرة
B) التغلغل (التنامي)
C) الانهاء
D) الاضافة",A,A
2793,"إن تنوع الرابع من قوى التأثير المعروفة في الطبيعة هو ............ فهو عند هذا المقياس:

A) الكهرطيسي.
B) الثقالي.
C) الحراري.
D) الكهراكي.",B,B
2794,"تعتبر النسج البرنشيمية كالكبد والطحال والغضاريف والدم من الكثافة:

A) المائية.
B) الدهنية.
C) الكلسية.
D) الهوائية.",A,A
2795,"برامتر واحد يسمى مسؤول عن أنوع آليات تأثر * مع المادة الحية هو:

A) كثافة العلاقة
B) كثافة الاستطاعة
C) مدة التعرض
D) وأبعاد البقعة البؤرية",C,C
2796,"يتكون الليزر من :

A) وسط ربح داخل تجويف ضوئي عالي الانعكاسية
B) وسيلة لتوليد وسط ربح بالطاقة
C) عاكس شديد وقارن الخرج وحزمة الليزر
D) كل ما سبق صحيح",D,D
2797,"يختلف النموذج الكمومي لذرة الهيدروجين عن نموذج بور من حيث أنه:

A) أكثر دقة في تحديد نصف قطر المدار.
B) يتعامل مع الإلكترون كموجة مستقرة.
C) يتعامل مع الإلكترون كجسيم مفيد.
D) يحدد الموضع بنسب مختلفة الاحتمال.",B,D
2798,"ثخانة الحاجز في مجهر STM هو بين :

A) راس مدبب والالكترون
B) السطح الدروس والالكترون
C) راس مدبب والسطح المدروس
D) كل ما سبق صحيح",C,C
2799,"إن زيادة التعرض للأشعة فوق البنفسجية يؤدي إلى :

A) إتلاف بعض الروابط الجزيئية
B) تأين بعض المركبات والجزيئات
C) يؤذي المواد والنسج بشكل عام
D) كل ماسبق صحيح",D,D
2800,"الفوتونات التي تعبر الثقب في الحجرة ترتد عن الجدران مرات عديدة قبل أن تغادر وبذلك يزداد.

A) احتمال ارتدادها
B) احتمال انعكاسها
C) احتمال عبورها
D) احتمال امتصاتصها",B,D
2801,"عندما يكون التدرج الحرارى سالباً فإن التدفق يكون :

A) سالب
B) موجب
C) معتدل
D) A,B",D,B
2802,"وظيفة الكاشف هي:

A) قياس شدة الأشعة النافذة.
B) قياس طول الأشعة النافذة.
C) قياس توتر الأشعة النافذة .
D) كل ما سبق خاطئ.",D,A
2803,"القدرة الامتصاصية شهيم علويين المؤكسج والمرجع الكون أضعف ما يمكن:

A) تمتص المجال فوق البنفسجي
B) تمتص مجال الطيف المرئي
C) 650m-950mm
D) A+C",D,C
2804,"يكون الضغط العباري خارجه Porn هو

A) 4KPα
B) -3.2Kpa
C) -3.2Pa
D) -400Kpa",B,C
2805,"الحزم الإلكترونية تعمل على معالجة الأورام :

A) القريبة من الجلد
B) العميقة
C) A,B
D) كل ما سبق خاطئ",C,A
2806,"تكرار الطراز (الدورية في الجدول الدوري) ناجمة عن ترتيب العناصر حسب

A) ازدياد كتلها الذرية
B) ازدياد أعدادها البروتونية
C) ازدياد الكهرسلبية
D) ازدياد قطرها الذري",B,B
2807,"الشكل الفراغي لمعقد …….[Fe(H2O)4]+2ودرجة أكسدة ذرة الحديد........

A) ثماني وجوه ، 3+
B) رباعي وجوه ، 2+
C) ثماني وجوه ، 2+
D) رباعي وجوه ، 3+",C,C
2808,"يكون الضغط العياري خارجه Pout هو

A) -4kPa
B) -3.2KPa
C) -3.2Pa
D) -400KPa",B,A
2809,"من تطبيقات الفلورة

A) علم التعدين والجواهر
B) الحساسات الكيميائية والرسم بالفلورة
C) الأصبغة والكشف عن الأشعة الكونية
D) كل ما سبق صحيح",D,D
2810,"تؤدي أكسدة الكيلات البنزن (مثل ميتيل البنزن) ببرمنغنات البوتاسيوم (VII) القلوية أو بأي مؤكسد قوي آخر إلى تشكل:

A) الفينول
B) البنزن
C) نترو البنزن
D) حمض البنزويك",A,D
2811,"بالاعتماد على التيراهرتز يمكن الكشف عن :

A) الأشعة تحت الحمراء .
B) النخور السنية .
C) سرطان الجلد .
D) صلاحية الدواء بالاعتماد على البصمة الجزيئية .",D,A
2812,"يا من العلماء تننا بتعبر قرينة الانكسار من وسط الى اخر بصورة خاطئة:

A) تیون
B) ایشتان
C) هونغر
D) كل ما سبق صحيح",A,B
2813,"التواتر هو :

A) عدد الذرا
B) عدد القيعان
C) الدورات الكاملة التي تمر بها نقطة معينة في واحدة الزمن
D) كل ما سبق صحيح",C,D
2814,"النواة في جسم الإنسان تكون درجة حرارتها .... والغلاف ويكون درجة حرارته :

A) متغيرة - ثابتة
B) ثابتة - متغيرة
C) ثابتة - ثابتة
D) منجرة - متغيرة",B,B
2815,"بعد كل من العدسة والقرنية سريع العطب بشكل خاص لـ:

A) وجود أوعية كثيرة تسبب غزارة التي
B) عدم احتوائها على أوضة دموية يمكن
C) أن تقرعهما من الحرار
D) احتوائها على الخلط الفاني احتوائها على الخلط الحاج",B,B
2816,"تسلك الغازات النادرة جميعها سلوكاً كيميائياً متشابهة وتتميز بعلاقة تأين :

A) متساوية نسبياً
B) منخفضه نسبياً
C) عالية نسبياً
D) مختلفة نسبياً",B,C
2817,"احد اشكال الليزرات فوق البنفسجية هو

A) ليزر الإكسايمر
B) ليزر
C) ليزر الإكسبيلكس
D) A,B",D,D
2818,"تعض معادلة الاستمرارية المانع غير قابل للانضغاط :

A) A1/1-A2/v2
B) A11-A22 চে
C) A1/A22/1
D) كل ما ذكر حاطئ",D,B
2819,"أيا من العبارات التالية خاطئة حول الليزرات الديودية

A) تصدر أطوالا موجية تزيد على μm 3
B) تستخدم الديودات المنخفضة الاستطاعة إلى الطابعات الليزرية سواقات CD
C) تستخدم الدبودات السورية ذات الاستطاعة الأعلى في الضخ الضوئي للبزرات أخرى عالية المردود
D) يمكن لبعض هذه الليزرات أن تولد خروجا عالية الاستطاعة وإشعاعا طوله الموجي قابل للتوليف وواسع عرض الخط أو نبضات ليزرية فائقة القصر",A,D
2820,"أيا من العبارات الاتية خاطئة:

A) تتفق الحركة الانسحابية الدورانية التي يستخدم فيها عدة كواشف مع المبدأ الثاني.
B) تنتمي أجهزة الحركة الدورانية البحتة إلى المبدأ الثالث.
C) المبدأ الرابع يتعلق بدوران الصمام الموك للأشعة فقط حول المنطقة المدروسة
D) تتوزع الكواشف وفق قوس دائرية تقع زاويتها بين و في ماسح المبدأ الرابع.",C,D
2821,"لو أخذنا في نموذج دور L=0سيعني هذا أن الالكترون يتحرك بحركة ............ على طول خط مستقيم يعبر النواة وهي صورة غير مقبولة فيرد بأننا للإلكترون :

A) اهتزازية
B) دورانية
C) A+B
D) كل ما سبق صحيح",B,A
2822,"النوى التي لها عدد N ثابت حيث تحوي العدد نفسه من النترونات هي:

A) ايزوتونات
B) ايزوبارات
C) ايزوميرات نووية
D) نظائر",A,A
2823,"اذا كانت الحقول الكهربائية لمنبع الأمواج الكهرطيسية لها اتجاهات عشوائية عند انتشاره فان

A) مستقطب
B) غير مستقطب
C) مستقطب خطي
D) مستقطب جزئی",B,B
2824,"بقدر معدل التكرار في النظام النبضي بنحو........دة كل نبضة فوق صوتية نحو.......... عند التواتر .......

A) 1MHz -0.8-1KHz
B) 3MHz 0.8-2KHz
C) 3MHz-0.7-1KHz
D) 3MHz-0.7-2KHz",D,C
2825,"يدعي مقدار اسم :

A) مغنطون
B) مغنطون دور
C) طول موجة كومتون
D) كل ما سبق صحيح",D,B
2826,"يكون تأثر أي نكليون مع آخر يقتصر على النكليونات الواقعة في جواره المباشر بسبب :

A) كبر نصف قطر التأثر الشديد
B) صغر نصف قطر التأثر الشديد
C) صغر البعد بين النكليونات
D) كبر البعد بين النكليونات",B,B
2827,"عدم وضع الحاضنة وفيها الطفل الخديج قرب النوافذ:

A) يبرد الخديج.
B) يبرد الخديج بالإشعاع نحو جدار الحاضنة .
C) تفقد جدران الحاضنة الحرارة بالإشعاع نحو النافذة.
D) كل الإجابات السابقة صحيحة.",D,D
2828,"الاستقطاب الذي يبقى فيه الحقل الكهربائي في مستوى واحد أثناء الانتشار أو متغير الاتجاه في المستوى العمودي على الانتشار هو:

A) استقطاب جزئي
B) استقطاب خطي
C) A,B
D) B أوA",B,B
2829,"من الأشعة التي تعبر الجسم بشكل كامل :

A) السينية وغاما
B) نترونات سريعة
C) نترونات بطيئة
D) A,B",D,D
2830,"تخضع الالكانات لتفاعل ....... بالهلوجينات في ضوء الشمس

A) استبدال
B) اضافه تليوفيلية
C) إضافة الكتروفيلية
D) نزع",A,A
2831,"غالبا ما تختلف النسخ السليمة من الورمية بـ.

A) ترويتها
B) اكسجتها
C) بلونها
D) كل ماسبق صحيح",D,D
2832,"تعتمد النظرية الموجبة عموما اعتمادا كبيرا على

A) الطور
B) فرق الطور للامواج المتباينة
C) A,B
D) كل ماسبق خاطي",B,C
2833,"أي هذه الروابط كسرها هو الأصعب :

A) C-l
B) C-Br
C) C-Cl
D) C-F",D,D
2834,"يؤدي احتراق 1مول من الإيثن C2 H4 إلى تشكل ثنائي أكسيد الكربون والماء: ما هي قيم الثوابت الستوكيومترية للمعادلة الموزونة؟

A) 1:3:2:2
B) 1:2:2:2
C) 1:3:1:2
D) 1:2:2:1",B,A
2835,"أن تحقيق افضل مقدرة فاصلة عند عمق معين يتعلق :

A) اختبار المحبس في البعد المحرقي الموافق
B) تواتر الموجة
C) طولها الموجي
D) B+A",D,D
2836,"وفقا للعلاقة R = r₀Aكل العبارات التالية صحيحة حول r₀ ما عدا:

A) هو ثابت مرتبته من رتبة مدى تأثير القوى النووية.
B) تحدد قيمته تجريبيا
C) r₀ = 1.2 × 10⁻¹⁵ m
D) r₀ = 1.2 × 10⁻¹⁵ fm",D,A
2837,"إن مقدر يمكن قياسه لبناء الصورة هو :

A) شدة الاشعاع الممتص
B) شدة الاشعاع الذي اعيد إصداره من مختلف نقاط الجسم الكثيرة
C) شدة الاشعاع الصادر
D) A.B",D,B
2838,"يبلغ المستوى ال صوتي75Db في شارع ما شدة الصوت هناك:

A) I=3.2w/m²
B) I=3.2×10²w/m²
C) I=3.2×10⁵w/m²
D) كل ماسبق خاطئ",A,C
2839,"تفرز التخاريب الرئوية مادة الليستينات في السائل المخاطي المحيط بها بهدف خلق فروق كبيرة في الضغط بين داخلها وخارجها الأمر الذي يسهل تمددها في الشهيق وتقلصها في الزفير وذلك عن طريق:

A) خفض التوتر السطحي للسائل .
B) رفع التوتر السطحي للسائل .
C) خفض لزوجة السائل .
D) رفع لزوجة السائل .",B,A
2840,"إن تخامد شدة الموجة الصوتية : (الخطأ)

A) يتعلق بنوع النسيج .
B) ليس له علاقة بنوع النسيج .
C) يتناسب طردياً مع ثخانة النسيج .
D) يتناسب طردياً مع شدة الموجة الصوتية .",B,B
2841,"يكون الاجهاد طولانيا عندما تكون القوة :

A) موازية للسطح
B) مائلة عن السطح
C) عمودية على لسطح
D) متطبقة على السطح",C,A
2842,"المطابقة:

A) ثبات في البعد البؤري لعدسة العين.
B) تغير في البعد البؤري لعدسة العين.
C) ثبات في شكل وأبعاد العدسة.
D) كل ما سبق صحيح.",B,B
2843,"الانماط المختلفة لدراسة صورة الصدى :

A) النمط المطالي A
B) نمط السطوع B
C) نمط الحركة بدلالة الزمن Move T - M
D) كل ما سبق صحيح",D,D
2844,"تمثل النسبة لك

A) ثابت المتناسب
B) عامل المرونة
C) A.B
D) عامل اللدونة",B,A
2845,"الصيغة الجزيئية لأنكن يحوي 18 ذرة كربون

A) C18H18
B) C18H39
C) C18H36
D) C18H32",C,C
2846,"NMR هو أداء فعالة في :

A) مجالات الفيزياء والكيمياء الحيوية :
B) التصوير الطبي والتحليل
C) البحث العلمي
D) كل ما سبق صحيح",D,D
2847,"يعطي التفاعل: C2H3OH + PCL5→

A) 3C2H5 + H3PO3
B) C2H2CL + HCL+POCL
C) C2H5CL + HCL
D) C2H5CL",C,B
2848,"طيف الأثر الحمامي:

A) احمرار البشرة بسبب الإشعاع.
B) تغير تأثير الضوء في قرنية وبشرة الإنسان بتابعية الطول الموجي.
C) معدل النشاط الفيزيولوجي بدلالة طول موجة الضوء.
D) كل ما سبق صحيح.",D,D
2849,"بالنسبة للجزيئات الأكثر تعقيدا كثنائي أكسيد الكربون ويفصل بين كل اثنين من المستويات الطاقية أقل من ........... ..... ومن ثم فهي تولد فوتونات تحت الأحمر بطول موجي يزيد

A) 10
B) 1μm-2eV
C) 1μm1eV
D) 3μm-3eV",B,C
2850,"العدسات التي ابتكرت مؤخراً لتشكيل طلقات صوتية تقوم بدور جراحي هي :

A) تحت صوتية
B) صوتية
C) سينية
D) مغنطيسية",B,B
2851,"في الـ NMR إذا تم تطبيق تدرج حقل بعد نبضة التواتر الراديوي يصبح تواتر الفوتونات

A) الواردة مقياسا للمكان التي وردت إليه
B) الصادرة مقياسا للمكان التي صدرت منه
C) الصادرة مقياسا للمكان التي سترد إليه
D) A,C",B,D
2852,"من أجل الحلة n=3لذرة الهيدروجين يأخذ العدد الكمومي المداري lالقيم المسموحة :

A) (0,1)
B) ((-1,0,1
C) 0
D) L=[",A,D
2853,"إن القياس الدقيق لتواترات إصدار المادة أو امتصاصها في مجال التيراهرتز يقسم المجال أمام

A) إضاءة هذه الأجسام باشعاعات ددقيقة
B) التعرف على بعض الأنواع الكيميائية المتوفرة فيها
C) حذف النقط غير المضيئة
D) كل ماسبق صحيح",D,B
2854,"تهتز الذرتان في الجزيء ثنائي الذرة حول

A) الكتل الأولى
B) مركز كتلتيهما
C) الكتلة الثانية
D) الكتلة الأنقل",B,B
2855,"البنية لأكسيد المغنزيوم تكون :

A) مشتركة عملاقة
B) ايونية عملاقة
C) جزئية بسيطة
D) ليس أيا مما سبق",B,B
2856,"إذا كان هبوط الضغطp∆ يحافظ على معدل جريان معين في انبوب طوله L فان انبوب مماثل طوله 2L يحتاج الى للإبقاء على معدل الجريان نفسه:

A) ضعف ارتفاع الضغط
B) ضعف هبوط الضغط
C) هبوط الضغط وفقا للقوة الرابعة
D) كل ما سبق صحيح",B,B
2857,"حسب مبدأ إينشتاین تتناسب طاقة الفوتون طرديا مع.........موجة الإشعاع الكهرطيسى :

A) طول
B) تواتر
C) تردد
D) B,C صحيحان",D,D
2858,"تسبب الحركات الدورانية لجزئبات الماء الامتصاص والاحتكاك ما يسخن الطعام بسرعة ل

A) احتوائه الشحوم في معظم مكوناته
B) احتوائه الماء في معظم مكوناته
C) A,B
D) كل ما سبق صحيح",B,A
2859,"آلية هالوجين الألكان الثانوي:

A) Sn1
B) Sn2
C) A+B
D) E2",C,C
2860,"يمكن أن تصدر الأمواج والإشعاعات التالية من الجسم البشري : (الخطأ(

A) التيراهرتز.
B) الأمواج تحت الصوتية .
C) الأشعة تحت الحمراء .
D) الأشعة فوق البنفسجية .",D,D
2861,"يكون ثابت التناسب في حالة الالتواء أو القتل

A) عامل المرونة الحجمي B
B) عامل القص S
C) عامل بانغ Y
D) كل ما سبق صحيح",D,B
2862,"ان تعاريف عوامل المرونة هي تعاريف... من وجهة نظر الميكانيك

A) حركية
B) ديناميكية
C) ثوارنية
D) كل ما سبق صحيح",D,A
2863,"تتشكل الأخيلة الحقيقية بالإنكسار :

A) أمام السطح
B) جانب السطح
C) A,B
D) خلف السطح",A,D
2864,"تستعمل الأمواج فوق الصوتية الموسومة بأمواج قصية ك:

A) لمعالجة الأورام.
B) مجس آمن للكشف عن الأورام .
C) الكشف عن الكسور .
D) تشخيص حالات مرضية .",B,B
2865,"يتضمن تحليل البول ايونا قياسيا للوزن النوعي عادة من:

A) 1.015 الي 1.035
B) 1.020 الي 1.040
C) 1.015 الي 1.030
D) كل ما سبق صحيح",A,C
2866,"تتصف الأشعة السينية بأنها:

A) ير مؤيمة تنها رات التي تعبرها.
B) تواين الغازات التي تعبرها.
C) خطره ويحذر الوقوف في طريقها دون رداء رصاصي.
D) B+C",D,D
2867,"أثر الشروق الشمسية ( الطيف الفعال ) يساوي حاصل ضرب :

A) طيف ضوء الشمس وطيف الأثر الحمامي
B) شدة الإشعاع وإحمرار البشرة بسبب الإشعاع
C) شدة الإشعاع وحساسية البشرة
D) كل ماسبق صحيح",D,D
2868,"الفوتونات التي تعبر الثقب في الحجرة ترتد عن الجدران مرات عديدة قبل أن تغادر وبذلك يزداد.

A) احتمال ارتدادها
B) احتمال انعكاسها
C) احتمال عبورها
D) احتمال امتصاتصها",B,D
2869,"تحول أبواغ الفطور الممرضات إلى منتجات ثانوية عاطلة غير ضارة عن طريق تفاعل كيميائي تحفيزي من........والتعرض للضوء.......من شأن أكسدة المادة العضوية.

A) أكسيد الصوديوم UVB _
B) أكسيد الصوديوم _ UVC
C) أكسيد التيتانيوم_ UVB
D) أكسيد التيتانيوم UVC_",D,D
2870,"بما ان السؤال لانقسام تغيير الشكل عند تطبيق الاجهاد المماسي وانما تقاوم الجريان في هذه الحالة فيعبر عن ذلك بمعامل:

A) اللدونة
B) القص
C) اللزوجة
D) الانفعال",C,C
2871,"من أكثر الصيدلانيات الإشعاعية المستخدمة في FBI :

A) 99m – TC – HMOPAO
B) HMAPO
C) 99m – MO
D) B.C",A,D
2872,"يعرف التوتر السطحي:

A) بأنه القوة المطليقة على السطح
B) بأنه الضغط المطليق على السطح
C) بأنه القوة في واحدة الفلول التي يؤثر بها السفلح على حافته
D) بأنه القوة في واحدة السطح التي يؤثر بها السطح على حافته .",D,C
2873,"في التصاوغ الوظيفي يكون للمتصاوغين

A) زمرة وظيفية نفسها
B) خواص كيميائية نفسها
C) خواص كيميائية مختلفة
D) كل من c,a",D,C
2874,"تستخدم واحدة الدوبسن (DU: Dobson) لقياس:

A) تركيز فيتامين D في الجلد.
B) شدة الأشعة فوق البنفسجية التي تصل الى الأرض .
C) تركيز الأوزون في الغلاف الجوي.
D) جميع العبارات السابقة صحيحة.",D,C
2875,"إن مماكب التكنيوم غير المستقر الذي يتفكك لاحقا بإصدار فوتون . يمكن استخدامه في استكشاف الجسم البشري:

A) سيني
B) غاما
C) فوق بنفسجي
D) تحت أحمر",B,B
2876,"كل ما يلي عن الاشعة السينية ماعدا :

A) أطوالها الموجبة بين
B) تدفق الفوتونات التي يصدرها المنبع ذو طابع إحصائي.
C) قيمة تدفق الفوتونات الوسطية وانحرافه واحرافه النسبي .
D) يعرف الانحراف بالتشويش الكمومي وهو من العيوب لحودة الثور",D,C
2877,"تقدر الجرعة المكافئة للإشعاع :

A) بالغري .
B) بالسفرت .
C) بالراد .
D) بالروتنجن .",B,B
2878,"كل ما يلي صحيح عن تحليل الضوء ماعدا:

A) بحللالموشور الضوء الأبيض إلى قوس قزح لأن قرينة انكسار مادة معينة تعتمد على الطول الموجي
B) يكون انحناء الضوء البنفسجي أكبر من انحناء الضوء الأحمر
C) تحلل الضوء الأبيض الى كامل الطيف يدعى التشتت
D) تنحرف الأطوال الموجية المختلفة بدرجات متساوية",D,D
2879,"الـ تسمى بالضوء الأسود لأنه :

A) لايرى بالعين مباشرة
B) لمايقوم به من تفاعلات في طبقات الجو المختلفة
C) A,B
D) كل ما سبق خاطئ",C,D
2880,"ان سرعة التنقل تتناسب .... مع g

A) طرديا
B) عكسيا
C) طرديا مع القوة الرابعة
D) A,B",D,A
2881,"يمكن التنبأ عن التوزع الالكتروني للإلكترونات في المحيط الالكتروني للذرة من خلال:

A) قيم طاقات التأين المتتالية
B) ترتيب النوكليونات في النواة
C) عدد الإلكترونات
D) اشكال المدرات الفرعية",A,A
2882,"أي من الإشعاعات التالية ينتمي إلى طيف الإشعاعات الكهرطيسية: (الخطأ) أمواج أشعة الليزر

A) أشعة بيتا .
B) أشعة غاما .
C) أمواج أشعة الليزر .
D) الأشعة الضوئية .",C,A
2883,"يمكن اعتبار طريقة التصوير التالية هي الأقل ضرراً على الجسم :

A) التصوير الحراري.
B) الرنين المغنطيسي .
C) التصوير الطبقي المحوري .
D) التصوير الومضاني.",A,A
2884,"إن الضغط الذي يطبقه الهواء على أجسامنا يقدر بنحو1 atm ونحن لا نتحطم بهذا الضغط لأن

A) ضغط معظم الموائع في أجسامنا أكبر من ضغط الهواء الذي يحيط بنا
B) ضغط معظم الموائع في أجسامنا يساوي تقريبا الهواء الذي يحيط بنا
C) ضغط معظم الموائع في أجسامنا أصغر من ضغط الهواء الذي يحيط بنا
D) كل ما سبق صحيح",B,B
2885,"تستغرق دراسة معظم تجارب BOLD للعمليات الدماغية التي تستمر بضع ثانيات نحو يضع

A) خمس دقاق
B) عشرات الدقائق
C) سبع دقائق
D) مئات الدقائق",B,B
2886,"من نواتج تفكك (الخطأ):

A) الأزوت (النتروجين) .
B) جسيم بيتا .
C) النترينو.
D) النترينو المضاد .",D,C
2887,"من الأمور التي تتدخل في تصوير وظائف الدماغ بالتصوير المقطعي الإصداري الثنائي الفوتون : (الخطأ)

A) مماثل للغلوكوز غير قابل للاستقلاب .
B) نظير مصدر للبوزترونات .
C) نظير مصدر لأشعة غاما .
D) تراكم مماثل للغلوكوز في الخلايا المستهلكة للطاقة .",C,C
2888,"التي تمثل قيمة تغير الحجم النسبي هي:

A) مقاومة الجسم لحركة المستويات الداخلية فيه التي ينزلق بعضها فوق بعض
B) مقاومة الجسم لتعبر حجمه
C) مقاومة الجسم للحمولة .
D) كل ما سبق صحيح",D,C
2889,"العين الحسيرة :

A) الحالة التي يتطاول عندها شكل كرة العين
B) تكون القوة الكاسرة للعدسة كبيرة جدا
C) تصحح بعدسة مبعدة
D) كل ما سبق صحيح",D,D
2890,"تتم دراسة أمراض القلب ووظائفه بإستخدام :

A) تقنيات التصوير النووي Spect
B) الصيدلانيات الاشعاعية
C) A,B
D) كل ما سبق خاطئ",C,C
2891,"تستخدم تقنية الـ PET مجموعة من النظائر المشعة ذات أعمار نصف :

A) طويلة نسبيا
B) قصيرة نسبيا
C) A,B
D) متوسطة نسبيا",B,B
2892,"يستخدم الليزر الصباغي طبياً في:

A) تنعيم الجلد واستئصال النسج المتضررة وخفض الضرر الحاصل بالنسج المحيطة بها .
B) معالجة الوحمات الوعائية .
C) معرفة أعمار الفلورة للجزيئات الصيدلانية .
D) كافة الإجابات صحيحة .",D,D
2893,"يدعى المسار يسلكه المانع الخطوط التيار وتعريف :

A) بانها منحنيات ولها سرعة عبر ثابتة
B) بانها خطوط وهمية مستقيمة وليس لها سرعة ثابتة
C) بانها خطوط مستقيمة لها سرعة ثابتة
D) بانها المنحنيات التي يمثل المماس في كل نقطة منها سرعة تلك النقطة",B,C
2894,"كل مايلي صحيح عن الأمواج المكروية ماعدا:

A) تحتل الجء والتواتر الأعلى والطول الموجي الأقصر من طيف الأمواج الراديوية
B) أول من قام بتوليدها Hertz
C) يتضمن الأمواج الملمترية UHE و DHF على السواء
D) تتضمن كامل العصاية HF والهندسسة الراديوية RF",B,C
2895,"وظيفى الغلاف المعدني المحيط بتجويف الفرن :

A) إعادة عكس الأمواج المكروية
B) تبريد المصادر
C) تخفيض مقدار تسرب الأمواج المكروية
D) A+C",D,D
2896,"سرعة الأمواج الطولانية في مائع:

A) .
B) .
C) .
D) .",A,C
2897,"يمكن ان تكون مادة وسط الربح :

A) غازية او سائلة
B) صلبة
C) بلازما
D) كل ما سبق صحيح",D,B
2898,"المماكبات ( الإيزوميرات) هي نوى :

A) تختلف بعددها الذري .
B) تختلف بعدد النيترونات.
C) تختلف بعدد البروتونات .
D) تختلف في طاقتها الداخلية فقط .",B,D
2899,"ترتبط فعالية UVC بشكل مباشر بـ :

A) شدتها
B) موقع التعرض
C) شدتها ومدة التعرض
D) B,A",D,C
2900,"ايا من العبارات التالية خاطئة حول الية تضخيم الضوء

A) عندما يمر الضوء من وسط الربح ينكسر
B) إذ تكفل المراتين مرور معظم الضوء في وسط الربح عددا كبيرا من المرات فتضخم شكل متكرر
C) إن جزء من الضوء بين المرأتين يعتر خلال المرأة الشفافة حزنيا ويغادرها على شكل حزمة ضوئية
D) يجري تزويد الطاقة إما على شكل تبار كهربائي إما على شكل ضوء باطوال موجية مختلفة من مصباح ومعطي او بليزر اخر",B,A
2901,"العدسة الرقيقة هي :

A) العدسة التي تكون ثخانتها كبيرة مقارنة بنصفي قطري انحنائها
B) العدسة التي تكون ثخانتها تساوي نصفي قطري انحنائها
C) العدسة التي تكون ثخانتها صغيرة مقارنة بنصفي قطري
D) العدسة التي تكون ثخانتها كبيرة مع محرقها",C,C
2902,"ثغرة ظاهرة الانتثار الخلفي المترابط الى :

A) تموضع قوي
B) تموضع ضعيف
C) ثبات المبدأ
D) ثخانة النسيج",B,A
2903,"عند انتقال الجزيئات من مستوى طاقة إلى آخر تمتص أو تصدر فوتون ويقع تواتره ضمن مجال التيراهرتز لأن

A) تواترات الدوران أو الاهتزاز الأساسية لهذه المواد تقع ضمن مجال تحت الحمراء
B) تواترات الدوران أو الاهتزاز الأساسية لهذه المواد تقع ضمن مجال التيراهرتز
C) طبيعية هذه المواد قادرة على امتصاص الأطوال الموجية القصيرة
D) العدد الذري لهذه المواد مناسب لامتصاص هذه الأطوال",B,B
2904,"تتشابه الأشعة تحت الحمراء والأمواج تحت الصوتية بأن :

A) لهما الطبيعة نفسها.
B) آلية الإصدار نفسها .
C) تنتميان إلى الجزء المنخفض من طيفيهما .
D) وتدلان على الأمراض نفسها .",C,C
2905,"كانت الاشعة السينية التقليدية قادرة على تميز كل ما يلى ماعدا :

A) العظام .
B) الأنبوب الهضمي والمجاري البولية.
C) الكبد والطحال .
D) الأوعية الدموية .",C,C
2906,"أي من هذه إلكتروفيل:

A) H
B) OH
C) COO
D) SO4",C,A
2907,"إن الأشعة السينية المنتثرة عن الجسم البشري التي تبلغ الفلم :

A) تزيد من التشويش الخلفية.
B) تضعف تباين الصورة الشعاعية.
C) تقلل من كمية المعلومات التي تحويها الصورة.
D) كل ما سبق صحيح.",D,D
2908,"يعطي تفاعل المركب مع الايتانول:

A) غول
B) الدهيد
C) استرات
D) حمض كربوكسيلي",C,C
2909,"الماص المثالي هو:

A) مصدر مثالي في الوقت نفسه
B) جسم رمادي
C) جسم أسود
D) ,C",C,D
2910,"صدور الموجة البعيدة تبدأ بالأمواج فتسبب.....وتسمى......وتكون شدة.......ويعتمد جودة هذا التقريب على ..........

A) الانعراج- فراونهومز- متغيرة نكسيا مع البعد طول الموجة وقطر فتحة المجس
B) التداخل- فراونهمومر- متغيرة تكسيا مع البعد -طول الموجة وقطر فتحة المجس
C) الانكسار- حزين سريعة التغير- طول الموجة
D) لا شيء مما سبق",A,A
2911,"بتعليق حقل مغنطيسى تشعر طاقة على طاقة السودة.

A) إلى عدة مستورات طاقية
B) إلى ثلاث مستويات طاقية
C) ع إلى مستوين طاقيين
D) كل ما ذكر خاطئ",C,C
2912,"يكون أبطئ حريان للطبقة في حالة الحريان اللزج داخل أنبوب دائري المقطع في :

A) محيط الأنبوب
B) مركز الأنبوب
C) وسط الطبقات
D) كل ما سبق صحيح",B,A
2913,"معادلة برنولي المطبقة على جريان المائع هي من أشكال قانون انحفاظ :

A) الطاقة .
B) الكتلة .
C) السرعة.
D) الكل خطأ .",A,A
2914,"الاطياف المتقطعة تصدر عن :

A) سلك متوهج
B) الذرة في هيئة اقدارا ضوئية
C) النيران
D) الالكترونات",B,D
2915,"من تطبيقات التيرا هرتر ماعدا

A) توصيف الخصائص الأساسية للمواد كتر كبر حاملات الشحنة وحركتيهما
B) دراسة الفيتامينات وكيفية تثيرها في الجسم من أجل تشكيل الدواء
C) التحكم في جودة الصناعات نصف النافية والصيدلانية
D) المسح الأمني وتفتيش البريد للكشف أجسام أو مواد لا معتدة مؤدية",B,B
2916,"إن التغيرات في درجة حرارة السطح:

A) تعكس الاختلافات في تدفق الدم في النسيج تحت الجلد.
B) دل العالم لاوسن على وجود ورم في الثدي.
C) تحمل معلومات تشخيصية.
D) كل الإجابات السابقة صحيحة.",D,D
2917,"تعود قوة تكبير المجهر الإلكتروني المقدرة ب 500 مرة قوة تكبير المجهر الضوئي:

A) قدرة الفصل العالية.
B) طاقة الإلكترونات العالية.
C) العدسات المغناطيسية.
D) قصر الموجة المصاحبة للإلكترون مقارنة بموجة الضوء المرئي.",D,D
2918,"من استخدامات الأمواج فوق الصوتية في الجراحة :

A) تفتيت الحصى .
B) تشكيل طلقات فوق الصوتية .
C) تقوم بمفعولات حرارية .
D) كل الإجابات السابقة صحيحة .",D,D
2919,"النوى التي تحوي العدد نفسه من النيترونات والبروتونات ولكنها تختلف فيما بينها بحالة الإثارة هي:

A) ايزوتونات
B) ايزوميرات نووية
C) مماكبات
D) . B,C",B,D
2920,"يطلق على النظائر التي لها العدد الكلي نفسه والعدد الذري نفسه اسم:

A) النظائر
B) المماكبات
C) الايزوبارات
D) كل ما سبق صحيح",B,B
2921,"تدور جزيئات الماء في الاتجاهين لتلحق باتجاه الحقل الكهربائي للأمواج المكروية ف:

A) تمتص طاقة من الحقل وتتحرك
B) تمتص طاقة من الحقل وترتفع درجة حرارتها
C) تمتص طاقة من الجزيئات وتنخفض درجة حرارتها
D) كل ماسبق صحيح",B,B
2922,"بنشأ تخامد الحزمة الصوتية عن كل شيء ماعدا

A) عطالة الجسيمات
B) احتكاكها فيما بينها
C) اصطداماتها المرنة
D) اصطداماتها اللامرنة",D,D
2923,"مجال الأمواج فوق الصوتية أكبر من :

A) 20 Hz
B) 200 Hz
C) 2000 Hz
D) 20KHz",D,D
2924,"بالنسبة للعلاقة فان هي الزاوية بين :

A) اتجاه استقطاب زاوية الورود والناظم
B) اتجاه استقطاب زاوية الورود ومحور تمرير المقطب
C) الناظم ومحور تمرير المقطب
D) كل ما سبق صحيح",B,B
2925,"يتحدد الاهتزاز الناتج ب :

A) الاهتزا الطبيعي
B) الاهتزاز الحر
C) الاهتزاز القسري
D) A,C",D,D
2926,"يستخدم قانون ستوكس لقياس :

A) مقاومة اللزوجة .
B) اللزوجة .
C) سرعة تدفق السائل .
D) حجم السائل .",B,A
2927,"يشيع تسمية NMR ب

A) MRN
B) MRI
C) NRI
D) MIN",B,D
2928,"إحدى هذه الاشعاعات لا تنتمي الى مجال التوترات المنخفضة :

A) اشعة سينية
B) أمواج صادرة عن العضلات
C) الاشعاع تحت الأحمر
D) اشعاع التيرا هرتز",B,A
2929,"يمكن ان تكون مادة وسط الربح

A) غازبة أو سائلة
B) صلبة
C) بلازما
D) كل ماسبق صحيح",D,D
2930,"لم يكن نيوتن قادرًا من خلال النموذج الجسيمى للضوء على تفسير :

A) الانعراج
B) التداخل
C) الاستقطاب
D) كل ما سبق صحيح",D,D
2931,"المسعر المناسب لمعايرة حمض ضعيف مع اساس ضعيف

A) فينول فيالين
B) احمر الفنيل
C) ازرق بروم التيمول
D) لا يمكن استخدام مشعرات لونية",D,D
2932,"في حاله التشوه القصي يكون الاجهاد:

A) عموديا على السطح
B) موازيا للسطح
C) مطبقا من جميع الجهات ويمثله تغير الضغط الذي يؤثر في الجسم او الضغط الصوتي
D) كل ما سبق صحيح",D,B
2933,"يعتمد فائض الضغط على

A) التوتر السطحي
B) أبعاد الفقاعة
C) اللزوجة
D) A,B",D,D
2934,"إذا إعتبرنا أن الإلكترون كرة مشحونة تدور حول ذاتها كلاسيكيا فإن الجزء القريب من سطحها سيدور بسرعات :

A) منخفضه
B) قريبة من سرعة الضوء
C) A,B
D) كل ما سبق صحيح",B,B
2935,"بعد التصوير بالتيرا هرتز :

A) هجومي وغير مؤلم ومأمون
B) مأمون وغير هجومي ولكنه مؤلم
C) غير مأمون وهجمومي ومؤلم
D) مأمون وغير هجومي وغير مؤلم",B,D
2936,"عامل shear هو

A) عامل المرونة الحجمي
B) عامل القص وبعبر عن قساوة النسيج
C) عامل مرونة المادة
D) الكتلة الخطبة .",B,D
2937,"يظهر السن تلف نتيجة تلف:

A) طبقة السن الداحلية
B) طبقة السن الخارجية
C) الميناء
D) C, D",C,D
2938,"في تجربة رذرفورد عندما يقترب جسيم ألفا إلى أقل مسافة ممكنة من النواة عند هذه المسافة تتحول :

A) الطاقة الحركة إلى طاقة كامنة ثقالية
B) الطاقة الكامنة إلى طاقة حركية
C) الطاقة الحركية إلى طاقة كولونية
D) الطاقة الكامنة إلى طاقة حرارية",C,C
2939,"إعادة بناء الصورة في التصوير المقطعي المحوري يتم بإتباع إحدى الطريقتين:

A) الحساب المصفوفي
B) الحساب بطريقة التلاف
C) B أوA
D) B و A",C,C
2940,"يصحح الحسر (قصر النظر) باستخدام عدسة؟ فيتشكل للجسم الواقع في اللانهاية خيال وهمي في نقطة؟

A) مبعدة \ المدى.
B) مبعدة \ الكثب.
C) مقربة \ المدى.
D) مقربة \ الكثب.",A,A
2941,"عندما تكون النأثر بين جزيئات السائل وجزيئات مادة الإناء أقوى من التأثر فيما بينها فإن

A) حزينات السائل ستمتد فوق عادة الإناء قدر المستطاع
B) سطح السائل سينحني متعدا ص اطراف الاناء
C) سيكون التاثير بين ذلك
D) كل ما سبق صحيح",B,B
2942,"من تطبيقات التيراهرتز ماعدا

A) التصوير الطبي والتشخيص
B) الكشف عن السرطان
C) الكشف المبكر عن النحور السنية
D) كل ماسبق خاطئ",D,D
2943,"العلاقة التي تربط بين البعد البؤري وبعد الجسم وبعد الخيال في حالة العدسة الرقيقة هي :

A) 1/p1 - 1/q2= 1/f
B) 1/p1 +n/q1= 1-n/R1
C) n/p2+1/q2= n-1/R2
D) 1/p +1/q=1/f",A,D
2944,"اشعاع التيراهرتز يقع بين :

A) تحت احمر البعيد والامواج فوق البنفسجية
B) المرئي وتحت الأحمر البعيد
C) تحت الأحمر البعيد والامواج المكروبة
D) كل ما سبق خاطئ",C,C
2945,"كل مايلي صحيح عن مبدأ التصوير بنبضات التيراهرتز ماعدا

A) ينعكس جزء من النبضة الواردة حيثما يوجد تغير في قرنية الانكسار
B) تسمح إعادة بناء النبضات المتعددة التي يتم استقبالها برسم البروفايل بدلالة العمق
C) تسمح عملية المسح لكامل سطح السن بالحصول على صورة ثلاثية الأبعاد
D) كل ماسبق خاطئ",D,D
2946,"ان اصغر فترة زمنية يمكن تمييز الفاعلية العصبونية في BOLD خلالها بموثوقية هي

A) المقدرة الفاصله الزمنيه
B) المقدرة الفاصله الزمنيه
C) المعدل النبضي
D) A,C",D,B
2947,"فوتونات الضوء المرئي تسبب تغيرا في:

A) روابط جزئ الرودسن في شبكية عين الإنسان
B) روابط جزئ الماء وتوليد عزم ثنائئ قطب
C) روابط جزئ النسيج الشحمي وتوليد إشعاع كهرطيسي
D) كل ماسبق صحيح",A,A
2948,"أيا من العبارات التالية حول القيمة المتوسطة لطاقة ارتباط التكليون:

A) هي النسبة بين طاقة ارتباط النواة والعدد الكتلي.
B) هي القيمة التي تحدد استقرارية النواة.
C) إن طاقة ارتباط التكليون تزداد بسرعة مع تزايد العدد الكتلي حتى تبلغ قيمة قصوى وقدرها MeV 8.6 عند A=60.
D) إن طاقة ارتباط التكليون عند A=60 تبدأ بالهبوط إلى أن تصل إلى قيمة MeV 7.6 عند A=240.",C,D
2949,"العلم الذي يقوم بحساب البعد بين الذرات عند معرفة الطول الموجى للأشعة السينية وقيست الزاوية هو:

A) علم الانكسارات
B) علم البلورات
C) علم الطبوغرافيا
D) كل ما سبق خاطئ",B,B
2950,"في تجربه برنولي يكون العمل الكلي:

A) الطاقة الحركية
B) الطاقة الكلية الثابتة
C) A, B
D) الطاقة الكهربائية",B,C
2951,"نسبة التوتر السطحي للنخروب الرئوي إلى قطره أثناء التنفس :

A) تبقى ثابتة .
B) تزداد .
C) تنخفض.
D) تتغير دائماً .",B,A
2952,"يتعلق امتصاص الأشعة السينية في حالة الثخانة نفسها بـ :

A) كثافة الاشعاع .
B) الكتلة الذرية للوسط.
C) طبيعة الإشعاع .
D) A,C .",D,B
2953,"ان كلور فلور الالكانات.

A) هي مركبات خاملة كيميائياً
B) غير سامة
C) غير قابلة للالتهاب
D) كل ما سبق",D,D
2954,"أي من الآتي إلكترونه الأخير يقع في الطبقة الثانوية 17CL- , 13AI P

A) كلاهما يقعان
B) ولا أي منهما
C) 17CL-
D) 13AI",C,A
2955,"إن فائض الطاقة يصدر على شكل :

A) فوتون غاوي
B) طاقة إلى السحابة الإلكترونية ليقذف بأحد إلكتروناتها خارج الذرة
C) فوتون سينى
D) A أوB",D,D
2956,"إذا تحقق شرط الإضاءة فإنه سيتحقق من أجل:

A) طول موجي معين
B) ثخانة معينة للغشاء
C) A,b
D) كل ماسبق خاطئ",C,C
2957,"أهم طريقة لفحص حركة العضلة القلبية او الجنين :

A) الإيكوغرافي .
B) التصوير الطبقي المحوري .
C) التصوير الإصداري الأحادي الفوتون SPECT .
D) التصوير المقطعي الإصداري الثنائي الفوتون PET .",A,A
2958,"كل ما يلي صحيح عن HiFU ماعدا

A) في معالجة فرط حرارية
B) تتضمن طرائق لا هجومية
C) تجري الـ HIFU بالتراس مع إجراء تصوير
D) كل ما سبق خاطئ",C,D
2959,"وظيفة الكاشف هي :

A) قياس شدة الاشعة النافذة
B) قياس طول الموجي النافذة
C) قياس توتر الاشعة
D) كل ما سبق خاطئ",D,C
2960,"الأمواج الفعالة للكشف المبكر عن * السنية:

A) UV
B) IR
C) أمواج التيراهرتز
D) الأمواج المكروية",C,C
2961,"كل مايلي صحيح عن أمواج التيراهرتز ماعدا:

A) يستغرق مسح سطح جلدي يقدر مساحته بنحو 4cm2 نحو دقيقة واحدة
B) لدي تحليل النبضات المنعكسة عن الجلد يمكن بناء صورة تمتد على عمق صغير من الجلد تكاد تكون ثلاثية الأبعاد
C) عن طريق التصوير بأشعة التيراهرتز حيث يعكس تباين الصور على الأرجح محتوى النسج من الماء
D) يمكن الكشف عن أمراض الطحال",D,D
2962,"الطبقة هي :

A) جميع الحالات التي لها n نفسه
B) جميع الحالات التى لها L نفسه
C) جميع الحالات التي لها m1 نفسه
D) كل ما سبق صحيح",D,A
2963,"توفر أمواج التيراهرتز ماعدا:

A) رؤية العظام
B) رؤية بشرية فائقة
C) رؤية الجسم ذات *
D) تحديد تركيب الأدوية",C,A
2964,"الجسم الذي اصدار يته أقل من الواحد ولكن ثابتة هو

A) الجسم الأسود
B) الجسم الأبيض
C) الجسم الرمادي
D) A,B",C,B
2965,"ان الزمرة الوظيفية للالكنات

A) COOH-
B) CH3-
C) C-C
D) C=C",B,D
2966,"عندما L=0🡨l=0 هي قيمة مقبولة وتدل في ميكانيك الكم أن القمامة :

A) لها محور تناظر
B) متناظر كرويا
C) ليس لها محور تناظر
D) B,C",D,D
2967,"كل العبارات التالية عن EUV خاطئة ماعدا :

A) إشعاع مؤين تماما ويمتصه الغلاف الجوي بشكل كامل
B) إشعاع مؤين تماما ويمتصه الغلاف الجوي بشكل جزئي
C) إشعاع مؤين تماما ولا يمتصه الغلاف الجوي بشكل كامل
D) كل ماسبق خاطئ",A,A
2968,"القاعدتان اللتان تتحكمان بجريان المائع المثالي هما:

A) معادلة الاستمرارية
B) معادلة برنولي
C) معادله أرخميدس
D) A, B",D,D
2969,"يتم امتصاص الإشعاع تحت الأحمر البعيد بكل مما يلي عدا:

A) الأنماط الدورانية في جزيئات الغازات
B) فونونات الأجسام الصلبة
C) بخار الماء في الغلاف الجوي
D) الأوزون في الطبقات العليا",D,D
2970,"التي تمثل قيمة الالتواء أو القتل هي.

A) مقاومة الجسم لحركة المستويات الداخلية فيه التي بنزلق بعضها فوق بعض
B) مقاومة الحسم لتغير حجمه
C) مقاومة الجسم للحمولة
D) كل ما سبق صحيح",D,A
2971,"في حالة الانتثار الأحادي تسعى عشوائيا التأثرات لان تمثل بعدد كبير من حوادث الانتثار بحيث يبدو المسار النهائي للاشعاع :

A) متخامدا كليا
B) توزعا حتميا للشدة
C) توزعا انعكاسيا
D) B,C",D,D
2972,"بعد مبدأ الارتياب لـ هايز نبرج، أحد أساسيات:

A) الضغط
B) ميكانيكا الكم
C) علم الفيزياء
D) A, C",D,B
2973,"ماذا يعني الكشف عن شدة منخفضة لأشعة غاما المنتثرة عن العظام:

A) كثافة عالية.
B) كثافة منخفضة.
C) منبع منخفض الطاقة.
D) الكشف عن مرض الصدفية الجلدي.",B,B
2974,"أمواج التيراهرتز تجد منافذ بها في :

A) المجال العسكري (الأمن المحمي)
B) حماية البيئة
C) الاتصالات(المعلوماتية)
D) كل ماسبق صحيح",D,D
2975,"تنتشر الأمواج العرضانية في :

A) الموائع
B) الجسم الصلب
C) الغازات
D) A,B",D,B
2976,"تعبر الأشعة السينية الجسم البشري الذي يمتص جزءا منها يتناسب في كل رقعة من الجسم مع:

A) ثخالة تلك الرقعة وثخانتها.
B) عددها الذري .
C) A,B .
D) كل ما سبق خاطئ .",C,C
2977,"رمز للطبقات الرئيسية بالحروف:

A) K,M,N…..
B) S,P,D,F,G,H……..
C) L,M
D) N,L",A,A
2978,"الدع لكمية (wt+p) (a

A) زاوية الطور
B) الطور
C) الطور الابتدائي
D) C,A",D,A
2979,"اقترح غودسميت وأولنبيك أن للإلكترون :

A) إندفاع زاوي ذاتي
B) طاقة حركية
C) كتلة حركية
D) كل ما سبق صحيح",A,A
2980,"تستخدم العصا الكهربائية التي تستعملها الشرطة أمواجا

A) مترية
B) مكرومترية
C) ملمترية
D) سنتيمترية",A,B
2981,"تستخدم في الطب النووي عند المعالجة عن بعد حزمة فوتونية من أشعة X عالية الطاقة نظراً لتمتعها بـ:

A) قدرة اختراق عالية تسمح بتدمير الأورام السطحية والعميقة .
B) قدرة اختراق منخفضة تسمح بتدمير الأورام السطحية فقط .
C) خواص علاجية وتشخيصية .
D) خواص غير هجومية .",A,A
2982,"تكون الصور الناتجة مقدرتها الفاصلة أعلى من نظم الرؤية الليلية في حالة:

A) الإضاءة الخافتة
B) الإضاءة الفعالة
C) كاميرات الديجيتال
D) A,C",D,B
2983,"واحدة قياس شدة الموجة الصوتية هي :

A) W/
B) W/m
C) Wm
D) W",A,A
2984,"يمكن فعالية اشعة التيراهرتز في :

A) الكشف عن المتفجرات البلاستيكية
B) الكشف عن العناصر الممرضة
C) الكشف عن أسلحة ببيولوجية
D) كل ما سبق صحيح",D,B
2985,"المعادلة التي تربط بين سرعة التدفق في وعاء دموي ومساحة مقطعه هي :

A) معادلة برنولي
B) معادلة الاستمرارية
C) معادلة اينشتاين
D) كل ما سبق صحيح",B,A
2986,"القانون الذي ينص على أن تشوه مادة يتناسب طرديا مع القوى التي تحدث التشوه هو:

A) قانون بولتزمان
B) قانون هوك
C) قانون هاينغز
D) قانون اینشتاین",B,B
2987,"يمكن تفسير ثنائية الإصدار في طيف بخار الصوديوم بالاعتماد على :

A) النظرية الذرية
B) العدد الكمومي المداري الثانوي
C) العدد الكمومي المداري المغنطيسي
D) العدد الكمومي السيني",D,A
2988,"كل مايلي صحيح عن الانعكاس ما عدا :

A) زاوية الورود تساوي زاوية لانعكاس
B) الشعاع الوارد والشعاع المنعكس والناظم في المستوي
C) وقوع الشعاعين الوارد والمنعكس في جهتين متقابلتين من الناظم
D) كل ما سبق خاطئ",D,B
2989,"المعادلة التي تعبر عن انخفاض الطاقة في الموائع هي:

A) معادلة بيرنولي
B) معادلة الاستمرارية
C) معادلة اينشتاين
D) معادلة كومتون",A,A
2990,"أضعف الروابط بين الذرات هي:

A) روابط هيدروجينية
B) روابط أيونية
C) روابط *
D) كل ماسبق صحيح",C,C
2991,"يؤدي تطبيق حزمة مركزة بتواتر 95GH لمدة ثانيتين إلى تسخين الجلد الى الدرجة

A) 129°F
B) 55°F
C) 54°F
D) A,C",D,D
2992,"أيا من العبارات التالية صحيحة حول E₀:

A) هي طاقة الارتباط الكلية للنواة.
B) هي الطاقة التي يجب تقديمها لتفكيك بروتون عن نترون في حالة نواة الديتريوم.
C) هي طاقة موجبة تنشأ من فعل القوى التي توحد التكليونات في النواة.
D) كل ما سبق صحيح",D,A
2993,"تجري آليات الصراع التلاؤمي بين الجسم والوسط المحيط عن طريق الاوعية الدموية:

A) التي تتوسع أقطارها أو تتضيق.
B) ترسل الغدة النخامية إشارات في الصيف نحو الغدد العرقية فتسمح بالتبخر.
C) بالتبخر ومن ثم فقدان الحرارة.
D) كل الإجابات السابقة صحيحة .",D,D
2994,"كل ما يلي صحيح عن العين ما عدا :

A) يتم ضبط ابعاد بؤبؤ العين بالقزحية
B) القزحية هي نسيج عضلي حلقي
C) تتوسع القزحية في الضوء الشديد لتخفيض ابعاد بؤبؤ والحد من كمية الضوء التي تدخل العين
D) تتقلص في الضوء الخافت لتسمح بدخول كمية اقل من الضوء من فتحة العين المتوسعة",C,V
2995,"يجب على المانع وفقا لمعادلة الاستمرارية أن ....... عندما يدخل تضيقا ثم ...... إلى سرعته الابتدائية

A) بشاطئ - بتسارع
B) يتسارع - يتباطئ
C) بتسارع - يتسارع
D) يتباطئ – يتباطئ",B,B
2996,"الاشار الكهربائية التي تنشا عن الترجام المركزي ستخضع الى .....

A) أطول تأخير
B) اقصر تأخير
C) تأخير متوسط الزمن
D) كل ما سبق خاطئ",B,B
2997,"يمكن تطبيق التصوير المقطعي المحوسب على:

A) التصوير بالأمواج فوق الصوتية
B) إصدارات النظائر المشعة
C) التجاوب المغناطيسي النووي
D) كل ما سبق صحيح",D,D
2998,"أيا من العلماء تنبأ بتغير قرينة الإنكسار من وسط إلى آخر بصورة خاطئة :

A) هويغنز
B) نيوتن
C) اينشتاين
D) كل ما سبق صحيح",B,B
2999,"تنخفض النسب نظرا لأنه :

A) لم يعد ممكنا تعويض قوى التأثر الكهرطيسي التدافعية بين البروتونات بالتفاعل الشديد المشبع الأمر الذي يجعل النوى الثقلية غير مستقرة
B) لم يعد ممكنا تعويض قوى التأثر الثقالي
C) لم يعد ممكنا تعويض قوى التأثر الكهرطيسي التجاذبية
D) كل ما سبق خاطئ",A,A
3000,"يكون ثابت التناسب في حالة الاستطاعة أو الانضغاط

A) عامل المرونة الحجمي B
B) عامل القص S
C) عامل يانغ .Y
D) كل ما سبق صحيح",D,B
3001,"تفاعل اشعاع الليزر مع النسج لا يحدث إلا عندما:

A) تمتصه النسج .
B) تعكسه .
C) تنثره .
D) تمرره .",A,A
3002,"ان تقنية ال SPECT :

A) تستخدم نظائر بأعمار نصف طويلة نسبيا
B) هذه التقنية اقل تكلفة من ال
C) تعمل على تشخيص الزهايمر بدقة اعلى من التقنيات التقليدية
D) كل ما سبق صحيح",D,D
3003,"تأخذ الشبكات الأيونية لكلوريد الصوديوم وأكسيد المغنزيوم بنية:

A) رباعية الوجوه
B) مكعبية
C) ثمانية الوجوه
D) مسدسة الشكل",B,B
3004,"أيا من العلماء اثبتت تجاربه في عام الطبيعة الموجبة للإشعاع الكهر طيسي عامة :

A) يانغ
B) فرنيل
C) ماكسويل
D) بلانك",C,C
3005,"تعتمد المفعولات الضوئية الصوتية في وسط معين على:

A) طول موجة الضوء
B) تواتر الموحة فوق الصوتية
C) قرينة انكسار الوسط
D) تغير قرينة انكسار الوسط",D,D
3006,"تطبيق كل طبقه من المائع قوى لزوجة على الطبقات المجاورة حيث ان هذه القوة:

A) توافق الحركة النسبية للطبقات
B) تعاكس الحركة النسبية للطبقات
C) A, B
D) كل ما سبق صحيح",B,B
3007,"استعمل قيمة ثابت أفوكادرو (1023x6.02)، واحسب العدد الكلي لذرات الأكسجين في 16.0 غرام هي الأوزون (o=16.0) O3:

A) 2.01x1023
B) 3.01x1023
C) 3.21x1034
D) 6.02x1023",B,D
3008,"يصدر الجسم البشرى الطاقة في درجات الحرارة العادية على شمل إشعاع كهرطيسي :

A) يزداد معدله بسرعة مع ارتفاع درجة الحرارة وفقاً للقوة الرابعة لدرجة الحرارة المطلقة لسطح الجسم
B) يتناسب معدل الإشعاع طردياً مع مساحة سطح الجسم
C) يقع الإشعاع في جمال الأشعة تحت الحمراء
D) كل ما ذكر صحيح",D,D
3009,"ان الانضغاطات هي

A) المناطق التي يكون فيها التباعدات أصغر
B) المناطق التي تكون فيها التناعدات أكثر
C) AأوB
D) كل ما سبق خاطئ",C,A
3010,"يشير عدم التناظر في المخطط البياني لمتوسط طاقة ارتباط النكليون الواحد إلى أن العلاقة بين طاقتي الانتشار والاندماج النوويتين:

A) الاندماج أقل من الانتشطار.
B) الانشطار أقل من الاندماج.
C) الطاقتان متكافئتان.
D) كل الإجابات محتملة .",B,B
3011,"من أكثر الصيدلانيات الإشعاعية المستخدمة في FBI هي :

A) 99m - TC - HMPAO
B) HMPAO
C) 99m-MO
D) B,C",A,A
3012,"يحدث الساد نتيجة التعرض إلى الأمواج

A) الراديوية
B) المكروية
C) التيرا هيرتز
D) فوق البنفسجية",D,B
3013,"إن العمل الذي يقوم به المائع على المائع الذي يتقدمه في وحدة الجريان هو

A) الحجم
B) الضغط
C) الطاقة
D) الحركة",B,B
3014,"يتكون الماسح السينمائي من :

A) مدفع الكتروني ضخم يطلق حزمة الالكترونات.
B) ملفات مغنطيسية تتحكم في توجيه الحزمة وتحريكها على هدف من الزجاج.
C) هدف من التنغستين مكون من حلقة إلى أربع حلقات تحيط بالمريض.
D) مجموعتين إكليليتين من الكواشف لهما مركز الحلقات نفسه.",A,B
3015,"عندما يطلق الكترون التحول الداخلي فإن الغمامة الالكترونية تعيد ترتيبها لتصدر فوتونات:

A) فلورة غاما
B) فلورة سنية
C) فلورة كهرضغطية
D) كل ما سبق خاطئ",B,B
3016,"يعبر عن حالات التبخر بين جزيئات السائل جزيئات مادة الإناء عادة:

A) زاوية التماس من السطح الحر للسائل وسطح المادة
B) زاوية حادة فقط
C) زاوية منفرجة فقط
D) زاوية التماس بين قاع السائل والسطح المادة",A,A
3017,"إن التخلخلات هي :

A) المناطق التي يكون فيها التباعدات أصغر من حالة الوازن
B) المناطق التي يكون فيها التباعدات أكبر من حالة الوازن
C) Aأو B
D) كل ما سبق خاطئ",B,B
3018,"10 ان الامتصاص والانتثار يجعلان انکشاف الجسم البشري بالضوء

A) سهلا
B) صعبا
C) AوB احيانا
D) كل ما سبق أخرى",B,B
3019,"تستخدم الأشعة السينية في العديد من مجالات التصوير الشعاعي مثل :

A) فحص الصدر
B) الهيكل العظمى
C) السرطانات الجلدية
D) A,B",D,D
3020,"من التقنيات التي نستخدمها في التصوير النووي التشخيصي :

A) التصوير الومضاني التشخيصي
B) التصوير المقطعي المحوسب بالاصدار الأحادى الفوتون
C) التصوير المقطعي بالإصدار البوزتروني أو الثنائي الفوتون
D) كل ما سبق صحيح",D,D
3021,"يسمح كل من قابلية التوليف باللبزرات الصباغية وصدق عرض عصابتها وارتفاع شدتها بـ :

A) تنوع أكثر بكثير منه في حالة المنابع الضوئية الأخرى
B) تصدق حزمة الليزر فقط
C) ريادة لحالة المادة
D) كل ما سبق صحيح",D,A
3022,"عندما تجمع معادلات ماكسويل يكون حلها

A) خطب
B) حبيبا
C) حبيبا لحقلين كهربائي و مغناطیسی متغيرين بدلالة الزمان والمكان
D) كل ماسبق صحيح",C,C
3023,"أيا من العبارات التالية صحيحة بالنسبة للمانع المثالي:

A) معادلة الاستمرارية
B) معادلة برنولي
C) معادلة ارخميس
D) كل ما سبق صحيح",D,A
3024,"تقدر الكمية الوسطية للأوزون في الغلاف الجوي بنحو :

A) 200 DU
B) 250 DU
C) 300 DU
D) 350 DU",C,C
3025,"عندما n=2نحصل علي:

A) 8 حالات
B) 9حالات
C) 6 حالات
D) 5 حالات",B,A
3026,"كل ما يلى صحيح عن انتشار الصوت ما عدا:

A) يمكن أن تنتشر في الخلاء
B) الموجة الصوتية تحرك مختلف شرائح مانع وسط الانتشار
C) ينتقل بشكل أسرع في الصلب من السائل واسرع منه في الغازات
D) C,B",D,A
3027,"يشيع في التشخيص الطبي إستخدام النكليد الإشعاعي المماكب :

A) التكنسيوم - 99
B) المولبيدن - 99
C) التيرتيوم - 3
D) الكربون - 14",A,A
3028,"ترتبط الذرات فيما بينها بطرائق متعددة

A) جزيئات
B) تركيبات اكثر
C) ايونات
D) A,B",D,D
3029,"لوحظ في أثناء الحرب العالمية الثانية أن الأفراد الذين يقعون في مسار منشآت الرادار يعانون ........ استجابة للإشعاع:

A) الفرقعات
B) أصوات الطنين
C) الصمم
D) A, B",D,D
3030,"المجال الأقصى EUV طوله الموجي بين :

A) 121-122nm
B) 100-200nm
C) 10-100nm
D) كل ماسبق خاطئ",B,C
3031,"جرت معايرة 50.0cm3 من محلول هيدروكسيد الصوديوم فلزم لإتمام المعايرة 25.0 ml من حمض كلور الماء تركيزه 0,2 mol/dm3، تركيز محلول ماءات الصوديوم هو:

A) 2.0 mol/dm3
B) 0.1 mol/dm3
C) 4.0 mol/dm3
D) 3.0 mol/dm3",B,B
3032,"تعطى الاستطاعة بالعلاقة

A) 2π2 m2А2
B) 2m2 psiltf A2
C) B.A
D) 2T PSVF2A",A,D
3033,"كل ما يأتي صحيح عن الصباغ البني ما عدا :

A) واقيا للقرنية
B) واقيا للبشرة
C) واقيا ممتازا من الضوء
D) يمتص UVA و UVB ويبدد الطاقة على شكل حرارة",C,A
3034,"علل ان تكبير المجاهر هو الالكترونية اعلى بكثير منه في حالة المجاهر الضوئية :

A) لان المصاحب للإلكترونات اكبر بكثير من الضوء المرئي
B) لان تواتر الإلكترونات اصغر من تواتر الضوء المرئي
C) لان المصاحب للالكترونات اقصر بكثير من الضوء المرئي
D) لان تواتر الإلكترونات اصغر من تواتر الضوء المرئي",A,C
3035,"تكون طافة الروابط..........(1-SeV)

A) الأيونية
B) الهيدروجينية
C) التشاركية
D) A, C",D,D
3036,"يستخدم الليزر التالي كبديل في طريقة العلاج الصينية بالوخز الإبري :

A) ليزر ثنائي أكسيد الكربون.
B) ليزر الهيليون_نيون .
C) ليزر الإكسايمر .
D) ليزر الأرغون .",B,B
3037,"تدل كلمة micro في الأسواح المكروية على أن

A) أطوالها الموجية تقع في عمال للمكرومتر
B) أطوالها الموجية قصيرة مقارنة بالأمواج المستخدمة في البث الراديوي
C) أطوالها الموجية قصيرة مقاربة بأمواج التيراهرتز
D) أطوالها الموجية قصيرة مقاربة بالضوء المرئي",B,B
3038,"إذا كان الخيال الناجم عن السطح 1 حقيقيا فإن q1 يكون :

A) موجبا
B) خلف السطح
C) سالبا
D) A,B",D,D
3039,"يتم اختيار عرض كل فوكس في التصوير المقطعي المحوري وفقا لعرض..........:

A) الكواشف.
B) عرض حزمة الأشعة السينية.
C) B,A .
D) كل ما سبق صحيح.",B,D
3040,"بدى البعير الصغير في لوثر الاصدار الذي يمنح عن الجوار

A) الأنزياح الموجي
B) الأنزياح الكيميائي
C) الأنزياح التوتر
D) الأنزياح الطبيعي",B,B
3041,"ان نصف القطر الذري عبر الدور الثالث (من اليسار الي اليمين) :

A) يتناقص
B) يتزايد
C) يبقى ثابتاً
D) يتعلق بشحنة الايون",A,A
3042,"التصوير الضوئي بالإشعاع فوق البنفسجي المنعكس يفيد في الدراسات :

A) الطبية
B) العلمية
C) الشرعية
D) كل ماسبق صحيح",D,D
3043,"ان زيادة السطح للتوتر السطحي يحتاج الى صرف عمل ويختزن هذا العمل في السطح على شكل :

A) طاقة عميقة
B) طاقة سطحية
C) طاقة حركية
D) A,C",B,A
3044,"ان حلمهة هالوجين الالكان بالماء......... من OH

A) أبطأ
B) اسرع
C) أسرع بضعف
D) لا تختلف السرعة",B,A
3045,"تصدر أشعة التيراهرتز من المواد نتيجة:

A) الحركات الاهتزازية للجزيئات
B) الحركات الدورانية للجزيئات
C) الحركات الانجزابية للجزيئات
D) A, B",D,D
3046,"أي من تغيرات الانتالبية الآتية يتطلب حسابه معرفة كميات المواد المتفاعلة حسب معادلة التفاعل:

A) تغير انتالبية الاحتراق
B) تغير انتالبية التشكل
C) تغير انتالبية التفاعل
D) تغير انتالبية التفعيل",B,C
3047,"تستخدم العدسات في :

A) المصورات والمقاريب
B) المجاهر
C) تشكيل الأخيلة بالإنكسار
D) كل ماسبق صحيح",D,D
3048,"وظيفة الكاشف هي:

A) قياس شدة الأشعة النافذة.
B) قياس طول الأشعة النافذة.
C) قياس توتر الأشعة النافذة .
D) كل ما سبق خاطئ.",D,A
3049,"يعتمد التصوير بالضوء الموسوم (المكيف) بالأمواج فوق الصوتية على :

A) تكييف جزء من الضوء بنبضة فوق صوتية مبارة داخل النسيج.
B) القدرة على توليد منبع افتراضي داخل النسج .
C) قدرة الأمواج فوق الصوتية على توليد شبكة قرائن انكسار داخل النسج .
D) كافة الإجابات صحيحة .",D,D
3050,"المركب العضوي المتشكل في التفاعل الآتي هو: CH3CH2OH + SOCI2 → ? + -------

A) C2H5SH
B) CH3CHO
C) C2H5CI
D) غير كل ما سبق",C,C
3051,"النواة في جسم الإنسان تكون درجة حرارتها ............ والغلاف ويكون درجة حرارته..................

A) متغيرة - ثابتة
B) ثابتة - متغيرة
C) ثابتة – ثابتة
D) متغيرة - متغيرة",B,B
3052,"من ميزات التصوير المقطعي المحوري:

A) أحدث ثورة في مجالات الطلب
B) توفير تشخيص أقل ضررا
C) أكثر دقة
D) كل ما سبق صحيح",D,D
3053,"إن الطبقة الخارجية الملاصقة للأنبوب في حالة الجريان اللزج داخل أنبوب دائري المقطع تكون

A) متحركة بأكبر سرعة
B) ساكنة لا تتحرك
C) متحركة بسرعة بطينة
D) كل ما سبق صحيح",B,B
3054,"– اذا كان الاشعاع وحيد فإنه يكون مؤلفا من كمية من الفوتونات :

A) المتساوية الطاقات
B) المختلفة الطاقات
C) المتباعدة الطاقات
D) المتقاربة الطاقات",A,A
3055,"كل مايلي صحيح عن مد البصر ما عدا:

A) العين المديد البصر ترى بوضوح اجساما بعيدة ولكن ليس الاجسام القريبة
B) تكون نقطة الكثب وبعيدة جدا
C) البؤرة الكاسرة صغيرة
D) القرنية والعدسة تكسر الاشعة الى حد كاف يجعلها تتقارب على الشبكية",C,C
3056,"– الأمواج الميكانيكية التي تنشأ عن الوحدات المحركة في الالياف ولا تدركها الاذن :

A) الأمواج الصوتية
B) الأمواج فوق الصوتية
C) الأمواج تحت الصوتية
D) لا شيء مما سبق",C,C
3057,"يجب أن تكون d من رتبة الطول الموجي إذا كان ....... ويصبح هذا الشرط أقل تهديدا إذا كان:

A) الضوء مترابط، الضوء غير مترابط
B) الضوء غير مترابط، الضوء مترابط
C) الضوء مترابط، ضوء الليزر
D) كل ماسبق خاطئ",B,B
3058,"يمكن تمثيل الاشعاع وقفا للطبيعة الموجبة بموجبة كهرطيسية تنتشر :

A) في الخلاء بخط منحن بسرعة 3000 مليون م/ ثا
B) في الهواء بخط مستقيم بسرعة3000 مليون م / ثا
C) في الخلاء بخط مستقيم بسرعة 3000 مليون م / ثا
D) في الخلاء بخط مستقيم بسرعة 300 مليون م / ثا",C,D
3059,"طبيب قلبيه يكتب تقريرا لمريضه ان نصف قطر الشريان الداخلي النازل من القلب تضيق بمقدار 10% فان نصف قطر الشريان المتضايق يساوي:

A) 0.90r1
B) 0.10r1
C) 0.80r1
D) كل ما سبق صحيح",A,A
3060,"من صفات أجهزة المنبع الثابت وتوجه حزمة الالكترونات فيها بحقول مغناطيسية نحو أهداف من التنعتن تحيط بالمريض :

A) المنابع الأسرع
B) المنابع الأبطئ
C) مفيدة لمسوحات القلب
D) C , A",D,D
3061,"من صفات أجهزة المنبع الثابت وتوجه حزمة الالكترونات فيها بحقول مغناطيسية نحو أهداف من التنعتن تحيط بالمريض :

A) المنابع الأسرع
B) المنابع الأبطئ
C) مفيدة لمسوحات القلب
D) C , A",D,D
3062,"لإنتقال الفوتونات في PET على خط واحد وفى إتجاهين.........فإنه يتم الكشف عن تطابقهما بحلقة من....... التى تحيط بالمريض فيها ترابط .......بين كل ..متقابلين وإذا أمكن تحديد الفارق في.......... وصول الفوتونين بدقة امكن حساب موقع النكليد المصدر.

A) متماثلين - الكواشف - إلكتروني - مكان
B) متعاكسين - المنابع - بوزتروني - مكان
C) متعاكسين - الكواشف - إلكتروني - زمن
D) كل ما سبق خاطئ",C,C
3063,"تدعى كريات السيليس النانوية ذات الأقطار nm 100والمغلفة بغشاء من الذهب نقاط كمومية وبتعريضها لطول موجة ليزر مناسب تتولد على سطحها أمواج كثافة إلكترونية ترفع درجة حرارته إلى 45C° وبدأ يتم إتلاف الخلايا المريضة تدعى هذه الأمواج:

A) أمواج بالفسفرة .
B) أمواج بالفلورة .
C) أمواج بلازمونية .
D) كافة الإجابات خاطئة .",C,C
3064,"عند استخدام تقنية التصوير SPECT يعطى المريض عنصر مشع مصدر :

A) لجسيمات الفا .
B) لأشعة غاما .
C) لجسيمات بيتا .
D) كل ما ذكر صحيح .",B,B
3065,"نحصل في التصوير الومضاني للجزء المصور من جسم المريض على صورة : متعددة المقاطع :

A) ثنائية البعد .
B) ثلاثية البعد .
C) متعددة المقاطع .
D) كل الإجابات السابقة صحيحة .",D,A
3066,"إذا تضيق قطر الشريان الى ثلث قيمته الأصلية عند مريض مصاب بمرض وعاني وقلبي وبقي هبوط الضغط فيه على حاله فإن معدل جريان الدم ينخفض إلى :

A) .. 1/16 من قيمته الأصلية.
B) 81/1 من قيمته الأصلية .
C) 1/6 من قيمته الأصلية.
D) 27/1 من قيمته الأصلية .",A,B
3067,"يشارك في تشيكل الحجاب الحاجز

A) septum transversum
B) مساريقا المري الظهرية
C) القطع العضلية 5 ل 7
D) كل ماسبق صحيح",D,D
3068,"مما يجري علي القلب من تبدلات في الاسبوع ال5

A) اندماج الجزء القريب للبصلة القلبية في جدار البطين الايمن
B) اكتمال تشكل الحاجز البصلي الشرياني الحزوني
C) اتغلاق الثقبة بين البطينين
D) اكتمال تشكل الصميمات الاذينينة البطينية",A,D
3069,"في تطور الانف

A) تتشكل الشفة العلوية من البروز الأنفية الوحشي
B) تتشكل الوتيرة من البروز الوجهي
C) تتشكل أرنبة الأنف من البروز الأنفي الآنسي
D) الإجابتان A+B
E) الإجابتان B+C",E,E
3070,"يشترك في تشكيل الوريد الاجوف السلفي

A) الوريد الاصلي المشترك الايمن
B) القطعة الذينية من الوريد الاصلي الخلفي الايمن
C) لقطعة الذينية من الوريد المحي الايسر
D) القرن الايمن من الجيب الوريدي",B,B
3071,"يظهر الوصول للقلب النهائي تطورات منها

A) انقسام القناه الآذينية البطينية
B) اندماج البصلة القلبية في جدار البطين الايمن
C) ظهور الحواجز الآذينية والبطيينة
D) كل ماسبق صحيح",D,D
3072,"في تشكل الحجاب الحاجز

A) يتشكل الوريد الأصلي المشترك ضمن الأغشية البريتوانية
B) ينشكل التامور الليفي من الأغشية التامورية
C) يتشكل الحجاب الحاجز في مستوي الفقرة القطنية الاولي خلال
D) الإجابتان A+B
E) الإجابتان A+C",E,B
3073,"عند مريض رض الرأس ولديه فصل دماغ يكون سلم غلاسكو لديه

A) 3
B) 4
C) 5
D) 6
E) 7",E,A
3074,"دور الفحوصات المتممة في رضوض البطن المغلقة عدا:

A) يشير سوء توضع الأنبوب الأنفي المعدي إصابة الحجاب الحاجز
B) قد تترافق كسور النتوءات المعترضة للفقرات بإصابة الأحشاء المجاورة
C) يساعد ال (scan CT )في وضع خطة العلاج المحافظ
D) يستعمل اليكو بشكل روتيني في رضوض البطن
E) لا يعتبر (CT) بديالً لغسيل البريتوان التشخيصي عند المرضى المستقرين من الناحية الهيموديناميكياً",D,E
3075,"من صفات رضوض البطن المغلقة ما عدا

A) رضوض الكلية المرافقة ال تعبر عن شدة الإصابة
B) نسبة الوفيات عالية
C) قد ترافق بإصابات عصبية
D) كثرة النزوف
E) كثرة الإصابة الأحشاء الكتيمة",D,A
3076,"في الرضوض عند الأطفال < 1 سنة

A) رضوض الدماغ هي السبب الأول للوفيات
B) معدل وفيات الاناث أكبر منه عند الذكور
C) الكحول يسجل كسبب في 20 % من الحالات
D) ثداوحلل ردان ببس ربتعت ريسلا ثداوح المميتة
E) حوادث السير عند الأطفال تشكل 60 % من حوادث الوفاة الكلية عند الأطفال",A,A
3077,"رضوض البطن المغلقة بطلق ناري ما عدا:

A) اصابات غالباً متعددة
B) الإصابة تتعلق بسرعة الطلق الناري وقرب المصاب من المسبب
C) إصابات الطلق الناري تتطلب فتح بطن استقصائي
D) إصابة الأحشاء تحدث بنسبة %70<.%90
E) كل ما سبق صح.",C,D
3078,"يستطب العمل الجراحي في رضوض الرأس في كل الحالات التالية عدا:

A) الكسور الانخماصية أكثر من 5 ملم
B) الورم الدموي فوق الجافية مع انزياح الخط الناصف
C) الورم الدموي تحت الجافية مع انزياح الخط الناصف
D) استسقاء الدماغ الحاد
E) الورم الدموي ضمن المادة الدماغية أقل من 30 ملم",E,E
3079,"من صفات أذيات الطلق الناري في البطن ما عدا:

A) الإصابة النافذة بالسكين شديدة الأذية إذا ما قورنت بإطلاق ناري
B) إن ازدياد سرعة الطلق الناري وقربه من المصاب يؤدي الزيات نسيجية تتعدى مسار الطلقة
C) قد يحدث تغير في مسرى الطلق الناري
D) تكون إصابة الأحشاء غالباً متعددة
E) كل فوهة دخول ال تحتم وجود فوهة خروج",A,A
3080,"يتم تدبير جروح البطن بأداة حادة بالوسائل التالية عدا:

A) بإجراء ايكو للبطن
B) تداخل جراحي
C) الفحص السريري المتكرر
D) استكشاف الجرح
E) المرنان المغناطيسي",A,E
3081,"من صفات رضوض البطن المغلقة ما عدا:

A) كثرة النزوف
B) نسبة الوفيات عالية
C) قد تترافق بإصابات عصبية
D) رضوض الكلية المرافقة تعبر عن شدة الإصابة
E) قلة إصابة الأحشاء الكتيمة",A,E
3082,"من علامات إصابة الإحليل:

A) دم عند وضع قثطرة بولية
B) كسر في الشعبة العانية
C) عدم القدرة على التبول
D) سحجات حول الصفن
E) كل ما سبق صح",E,E
3083,"من صفات أذيات الطلق الناري في البطن ما عدا:

A) الإصابة النافذة بالسكين شديدة الأذية إذا ما قورنت بإطلاق ناري
B) إن ازدياد سرعة الطلق الناري وقربه من المصاب يؤدي الزيات نسيجية تتعدى مسار الطلقة
C) قد يحدث تغير في مسرى الطلق الناري
D) تكون إصابة الأحشاء غالباً متعددة
E) كل فوهة دخول ال تحتم وجود فوهة خروج",A,A
3084,"طفل عمره 3 سنوات تم إخراجه من حريق في مركز تسوق بالفحص الحكمي الطفل

A) ارساله للمشفي بسيارة اسعاف مع وجود خبير التنبيب الرغامي عند الاطفال
B) ارساله للمنزل وتطمين الأهل
C) ارساله لمستوصف قريب لتلقي الاسعافات الأولية
D) اعطاء المراهم صادات مع مسكنات وحمية سائلة
E) اعطاؤه مضادات الوذمة وقائيا بالاضافة للمطهرات الفموية",A,A
3085,"في اذيات البطن الناجمة عن حزام الأمان عند الأطفال أكثر ما نشاهد

A) أذيات معثكلة وعفج
B) اذيات كبد وأمعاء وكسر فقرات قطنية
C) تمزق طحال وكلية وكولون
D) كسر اطراف علوية
E) كل ما سبق خطأ",E,B
3086,"دور الفحوصات المتممة في رضوض البطن المغلقة عدا:

A) يشير سوء توضع الأنبوب الأنفي المعدي إصابة الحجاب الحاجز
B) قد تترافق كسور النتوءات المعترضة للفقرات بإصابة الأحشاء المجاورة
C) يساعد ال (scan CT )في وضع خطة العلاج المحافظ
D) يستعمل اليكو بشكل روتيني في رضوض البطن
E) لا يعتبر (CT) بديالً لغسيل البريتوان التشخيصي عند المرضى المستقرين من الناحية الهيموديناميكياً",D,E
3087,"من صفات رضوض البطن المغلقة ما عدا:

A) انخفاض الضغط يلي تسرع النبض
B) يحدث انخفاض الهيماتوكريت بوقت متأخر
C) يشاهد ارتفاع الكريات البيضاء في الدم
D) الإحساس بالعطش
E) ارتفاع حرارة المصاب",D,E
3088,"من أشيع رضوض البطن الناجمة عن مقود الدراجة عند الأطفال:

A) اذيات معثكلة وعفج
B) اذيات كبد وطحال
C) اذيات عمود فقري ومعدة
D) اذيات كولون وطحال
E) اذيات امعاء دقيقة كالصائم والدقاق",B,A
3089,"من ميزات رضوض الصدر عند الأطفال عن البالغين:

A) يعاوضون نقص السعة الحيوية التنفسية بزيادة القطر الأمامي الخلفي للصدر
B) عضلات التنفس لديهم قوية
C) وجود كسور أضلاع يعني رض قوي جدا
D) افضل منطقة لاصغاء الصدر في حالات الريح الصدرية أو الانصباب احادي الطرف هو الجدار الأمامي للصدر",A,C
3090,"من صفات أذيات الطلق الناري في البطن ما عدا:

A) الإصابة النافذة بالسكين متعددة الأعضاء إذا ما قورنت بالطلق الناري
B) إن ازدياد سرعة الطلق الناري وقربه من المصاب يؤدي الزيات نسيجية تتعدى مسار الطلقة
C) قد يحدث تغير في مسرى الطلق الناري
D) تعدد إصابة الأحشاء
E) كل فوهة دخول ال تحتم وجود فوهة خروج",A,A
3091,"في الصدمة النزفية عند الأطفال

A) يهبط الضغط الانقباضي لنقص العود الوريدي
B) العلامات الحيوية لديهم تتأثر بسرعة مقارنة مع البالغين
C) ضغط النبض ينقص بعد هبوط الضغط
D) المعاوضة غير فعالة لديهم
E) لا يمكن الاعتماد على غؤور اليوافيخ في تقييم الصدمة عن الرضع",B,A
3092,"في تمزق الإحليل الغشائي:

A) يتلو غالباً كسر حوض
B) تظهر الكرة المثانية
C) ال يترافق بتمزق المثانة
D) يعالج إسعافياً بقثطار مثاني فوق العانة
E) قد يترافق بأذيات حشوية",A,C
3093,"طفل عمره 3 سنوات تم إخراجه من حريق في مركز تسوق بالفحص الحكمي الطفل واعي وهناك فقط حروق من درجة ثانية حول الشفة يمتد للغشاء المخاطي للفم مع وجود هباب الفحم على منخري الأنف برأيك ما الخطوة التالية:

A) ارساله للمشفي بسيارة اسعاف مع وجود خبير التنبيب الرغامي عند الاطفال
B) ارساله للمنزل وتطمين الأهل
C) ارساله لمستوصف قريب لتلقي الاسعافات الأولية
D) اعطاء المراهم صادات مع مسكنات وحمية سائلة
E) اعطاؤه مضادات الوذمة وقائيا بالاضافة للمطهرات الفموية",A,A
3094,"مريض لديه رض رأس يفتح عينيه للألم ويصدر أنين وعند الألم تكون الاستجابة بحسب الطرف ويكون سلم غلاسكو للسبات لديه

A) 5
B) 6
C) 7
D) 8
E) 9",B,D
3095,"مريض لديه رض رأس يفتح عينيه للألم ويصدر أنين وعند الألم تكون الاستجابة بحسب الطرف ويكون سلم غلاسكو للسبات لديه:

A) 5
B) 6
C) 7
D) 8
E) 9",B,D
3096,"السكريات التي لا تحتاج أثناء امتصاصها من الأمعاء الدقيقة لوجود الصوديوم هي:

A) الغلوكوز.
B) الفركتوز.
C) الغالاكتوز.
D) اللاكتوز.",B,B
3097,"كل مما يلي من وسائل حماية المعدة ما عدا:

A) المخاط.
B) البيكربونات.
C) تجدد الخلايا الظهارية.
D) العامل الداخلي المفرز من الجدار الداخلي للمعدة.",D,D
3098,"ارتفاع درجة الباء هاء (PH) في الجهاز الهضمي ينقص كل مما يلي عدا:

A) امتصاص الكالسيوم المعوي.
B) امتصاص الحديد المعوي.
C) تحول مولد البيبسين إلى بيبسين.
D) فعالية الأميلاز البنكرياسي.",B,D
3099,"الأنزيم المعوي الذي يحول مولد التربسين إلى تربسين هو:

A) الإنتيروكيناز.
B) الأمينوبولي ببتيداز.
C) المالتاز.
D) الليباز.",A,A
3100,"العامل الهرموني الذي يحرض إفراز عصارة بنكرياسية غنية بالإنزيمات الهاضمة هو:

A) الكوليسيستوكينين CCK
B) السكرتين.
C) الغاسترين.
D) الهيستامين.",A,A
3101,"الإنزيم الذي يفكك سكر اللبن (اللاكتوز) إلى غلوكوز وغالاكتوز:

A) الإنتيروكيناز.
B) الأمينو ببتيداز.
C) السكراز.
D) اللاكتاز.",D,D
3102,"من العناصر الغذائية التي يحدث لها هضم في الفم:

A) الماء والشوارد.
B) السكاكر.
C) البروتينات.
D) الدسم.",B,B
3103,"من العوامل التي تسبب زيادة امتصاص الحديد في المعي الدقيق:

A) ارتفاع قيمة PH الوسط المعوي.
B) انخفاض قيمة PH الوسط المعوي.
C) نقص الإرتروبيوتين.
D) وجود حمض الفيتي.",B,B
3104,"من العوامل التي تسبب انخفاض امتصاص الكالسيوم في المعي الدقيق:

A) انخفاض PH الوسط المعوي.
B) زيادة انحلالية الكالسيوم.
C) وجود حمض الفيتي.
D) كل ما سبق خاطئ.",C,C
3105,"يعود لون البراز الأصفر المائل إلى البني إلى وجود:

A) جراثيم الإندول.
B) جراثيم كبريت الهيدروجين.
C) الستركوبيلين واليوروبيلين.
D) جراثيم السكاتول.",C,C
3106,"توجد العضلات المخططة الإرادية الخاصة بجهاز الهضم في كل مما يلي ما عدا:

A) الفم.
B) الشرج.
C) القسم العلوي من المريء.
D) القسم السفلي من المريء.",D,D
3107,"يزداد الإفراغ المعدي بازدياد كل مما يلي ما عدا:

A) حجم الطعام في المعدة.
B) حموضة الكيموس.
C) الضغط الحلولي للكيموس.
D) غنى الكيموس بالبروتينات.",D,D
3108,"إفراز الحمض المعدي في حالات الراحة (خارج أوقات الهضم):

A) عند المرأة أكثر من الرجل.
B) عند الرجل أكثر من المرأة.
C) متساوي عند الرجل والمرأة.
D) لا يوجد إفراز في حالات الراحة.",B,B
3109,"مستودع الصفراء خارج أوقات الهضم ويعمل على تكثيفها:

A) البنكرياس.
B) جزر لانغرهانس.
C) الكبد.
D) المرارة.",D,D
3110,"حركات المزج في الأمعاء الدقيقة، كل ما يلي صحيح عدا:

A) تقوم بها العضلات الملس الطولانية.
B) تمزج الكيموس مع العصارات الهاضمة.
C) تسهل امتصاص المواد الغذائية.
D) تزيد تماس الكيموس مع مخاطية الأمعاء.",A,A
3111,"غنى الكيموس بالمواد الدسمة يسبب كل ما يلي عدا:

A) تثبيط حركية المعدة.
B) خفض مقوية البواب.
C) تحريض إفراز الكوليسيستوكينين.
D) زيادة زمن إفراغ المعدة.",B,B
3112,"يفرز كل ما يلي من مخاطية الأنبوب الهضمي عدا:

A) الغاسترين.
B) السيكريتين.
C) الكوليسيستوكينين.
D) الكيموتريسين.",D,D
3113,"كل ما يلي يخفض ضغط معصرة المريء السفلية ما عدا:

A) زيادة حموضة المعدة.
B) التدخين.
C) الكافئين.
D) الطعام الدسم.",D,A
3114,"كل مما يلي من العوامل المحرضة لإفراز المفرزات المعدية ما عدا:

A) السكرتين.
B) هبوط مستوى سكر الدم.
C) الهيستامين.
D) التنبيه اللاودي.",B,A
3115,"الشوارد التي يكون تركيزها أقل في اللعاب منه في البلازما:

A) صوديوم وبيكربونات.
B) صوديوم وكلور.
C) بيكربونات وكلور.
D) بوتاسيوم وكلور.",B,B
3116,"كل مما يلي من الإنزيمات المعوية ما عدا:

A) الببسين.
B) السكراز.
C) اللاكتاز.
D) الإنتيروكيناز.",A,A
3117,"هرمون يحفز إفراز عصارة بنكرياسية غنية بالأنزيمات الهاضمة:

A) السكرتين.
B) الكوليسيستوكينين CCK
C) الغاسترين.
D) الهيستامين.",B,B
3118,"سكر لا يحتاج للصوديوم من أجل عملية امتصاصه:

A) الغلوكوز.
B) الغالاكتوز.
C) الفركتوز.
D) السكروز.",C,C
3119,"يزداد زمن الإفراغ المعدي عند كل مما يلي ما عدا:

A) غنى الكيموس بالمواد الدسمة.
B) زيادة حجم وجبة الطعام.
C) تناول وجبات صلبة.
D) تثبيط إفراز الـ CCK.",D,D
3120,"الناقل العصبي الذي يتحرر من العصبونات بعد العقدة في القسم الودي هو:

A) أستيل كولين.
B) نورابينفرين.
C) أدرينالين.
D) النورابينفرين أو الأستيل كولين.",B,D
3121,"يتحدد نمط استجابة العضو المعصب بواسطة الجهاز العصبي المستقل (استثارة أو تثبيط) بـ:

A) كونه معصب بالقسم الودي.
B) كونه معصب بالقسم اللاودي.
C) كونه معصب بالقسمين معاً.
D) نمط المستقبلات الموجودة في العضو.",D,D
3122,"يؤدي تنبيه مستقبلات بيتا الأدرينالينية إلى كل ما يلي ما عدا:

A) تسرع القلب.
B) تقلص معصرة المثانة.
C) توسيع القصيبات التنفسية.
D) تحلل الشحوم.",B,B
3123,"الناقل العصبي الذي يتحرر في الألياف قبل العقدة لكل من الجملتين الودية واللا ودية:

A) الأستيل كولين.
B) النور ابينفرين.
C) الإبينفرين.
D) كل ما سبق صحيح.",A,A
3124,"يحدث تكامل بين الجهاز العصبي المستقل والبنى العصبية الأخرى في:

A) البصلة السيسائية.
B) الوطاء.
C) جسر الدماغ.
D) النخاع الشوكي.",B,B
3125,"يتكامل (يتآزر) العمل الودي مع نظير الودي في تنظيم:

A) عمل القلب.
B) عمل المعدة.
C) إفراز اللعاب.
D) إفراغ البول من المثانة.",D,C
3126,"يحدث في التفريغ الجسيم الودي كل مما يأتي ما عدا:

A) ازدياد جريان الدم في العضلات الهيكلية.
B) ازدياد معدل الاستقلاب
C) ازدياد تدفق الدم إلى الجلد والأحشاء.
D) ارتفاع معدل الغلوكوز في الدم.",C,C
3127,"الناقل الكيميائي الذي تحرره جميع العصبونات قبل العقدة هو:

A) الأستيل كولين.
B) السيروتونين.
C) الأدرينالين.
D) النور أدرينالين.",A,A
3128,"مركب يحاكي فعل الناقل العصبي ويزيد من فعالية العصبون قبل المشبكي هو:

A) مناهض مباشر.
B) شاد غير مباشر.
C) شاد مباشر.
D) مناهض غير مباشر.",C,B
3129,"أحد الأمثلة التي تشير إلى التآزر في كل من القسمين الودي واللا ودي:

A) تعصيب الغدد الدرقية.
B) تنظيم ضربات القلب.
C) تنظيم إفراز اللعاب.
D) ليس أياً مما سبق.",B,C
3130,"جميع الألياف اللا ودية بعد العقدية يتحرر من طرفياتها:

A) أستيل كولين.
B) نور أدرينالين.
C) دوبامين.
D) أستيل التميم A.",B,A
3131,"كل مما يلي ينجم عن استنفار الجهاز العصبي المستقل الودي باستثناء:

A) التحفيز الجنسي.
B) زيادة سرعة دقات القلب.
C) ارتفاع مستوى غلوكوز الدم.
D) تحرير الشحوم من مخازنها.",A,A
3132,"كل مما يلي من أعراض التفريغ الودي ما عدا:

A) زيادة إفراز اللعاب.
B) زيادة إنتاج القلب.
C) زيادة معدل الاستقلاب
D) زيادة جريان الدم في العضلات الهيكلية.",D,A
3133,"كل ما يلي من تأثيرات الودي ما عدا:

A) توسع الحدقة.
B) تقلص العضلة الدافعة للمثانة.
C) جفاف الفم.
D) زيادة حل الشحوم.",B,B
3134,"تحريض مستقبلات بيتا 2 يحدث كل التأثيرات التالية ما عدا:

A) يوسع الحدقة.
B) يرخي جدار المثانة.
C) يرخي الأمعاء.
D) يوسع القصيبات التنفسية.",A,A
3135,"كل مما يلي من تأثيرات الفعالية اللاودية ما عدا:

A) زيادة حركية وإفراز المعدة.
B) زيادة إفراز اللعاب.
C) حل الغليكوجين.
D) تقلص العضلة الدافعة للمثانة.",C,C
3136,"يزداد عمل القلب وحاجته لـ O2 بتفعيل مستقبلات:

A) ألفا 1
B) بيتا 2
C) الموسكارينية
D) بيتا 1",D,D
3137,"الذي يمثل مدة التقلص البطيني على تخطيط القلب الكهربائي هو:

A) الفترة PQ أو PR
B) الفترة QT
C) الفترة ST
D) الفترة PR",B,B
3138,"تزداد قوة تقلص العضلة القلبية بزيادة كل مما يلي ما عدا:

A) طول الليف البدئي
B) تركيز الكالسيوم
C) شدة التنبيه
D) الأدرينالين",D,C
3139,"المناطق في القلب القادرة على إصدار كوامن فعل بشكل تلقائي ودون الاعتماد على مصدر خارجي في الحالات السوية هي: (الخاطئة)

A) العقدة الجيبية الأذينية
B) الحلقة الليفية بين الأذينة والبطين
C) العقدة الأذينية البطينية
D) حزمة هيس",B,A
3140,"الميزة التي تتمتع بها قنوات IF في النسيج العقدي القلبي التي يمكنها من توليد التنبيه عفوياً:

A) عندما تنفتح يتجاوز التيار الداخل من الصوديوم التيار الخارج من البوتاسيوم
B) عندما تنفتح يتجاوز التيار الخارج من البوتاسيوم التيار الداخل من الصوديوم
C) تتأثر هذه القنوات بالأدرينالين أكثر من الأستيل كولين
D) تبقى هذه القنوات مفتوحة خلال كامل فترة زوال الاستقطاب",A,A
3141,"الفائدة الوظيفية من التأخير الزمني في لكامن الفعل لمدة 0.1 ثانية عند مروره في العقدة الأذينية البطينية هو:

A) إنهاء تقلص الأذينات قبل بدء تقلص البطينات.
B) يطيل فترة تقلص الأذينة.
C) يطيل فترة كامن الفعل.
D) يحمي عضلة القلب من التكزز.",A,A
3142,"دراسة آلية تولد ونقل كوامن الفعل في القلب هي جزء من الفيزيولوجيا على المستوى:

A) الخلوي
B) النسيجي
C) الجهازي
D) الكائن الحي ككل",B,B
3143,"حجم الدم الذي يضخه البطين خلال دقيقة واحدة هو:

A) Cardiac Output
B) Stroke Volume
C) Cardiac Index
D) End Systolic Volume",A,A
3144,"تتلقى الأذينة اليمنى الدم ناقص الأكسجة من كل مما يلي ما عدا:

A) الوريد الأجوف العلوي
B) الوريد الأجوف السفلي
C) الأوردة الرئوية الأربعة
D) الجيب الإكليلي",C,C
3145,"عندما تسيطر العقدة الأذينية البطينية يبلغ معدل إطلاق كوامن الفعل:

A) 70 نبضة / دقيقة
B) 80 نبضة / دقيقة
C) 60-40 نبضة / دقيقة
D) 75-55 نبضة / دقيقة",D,C
3146,"تباطأ النبضات المتولدة في النسيج العقدي داخل القلب (0.1) ثانية عند مرورها بـ:

A) العقدة الجيبية الأذينية
B) العقدة الأذينية البطينية
C) المسالك بين العقد
D) حزمة هيس",B,B
3147,"في حال توقف العقدة الجيبية الأذينية عن العمل فإن البطينات:

A) تتوقف عن العمل
B) تتباطأ انقباضاتها
C) تتسرع انقباضاتها
D) لا تتأثر",D,B
3148,"تعود أهمية التأخير الذي يحدث أثناء مرور كامن الفعل في العقدة الأذينية البطينية:

A) إنهاء التقلص الأذيني قبل بدء التقلص البطيني.
B) ضمان انتقال كامل محتوى الأذينة من الدم من الأذينة إلى البطين.
C) لضمان الحفاظ على نتاج قلبي سوي.
D) كل ما سبق صحيح.",D,D
3149,"سبب ظهور طور الهضبة في كامن فعل العضلة القلبية هو:

A) دخول شوارد الكالسيوم.
B) دخول شوارد الصوديوم.
C) عدم دخول شوارد البوتاسيوم.
D) ليس أياً مما سبق.",A,A
3150,"تزداد قوة القلب التقلصية بازدياد كل مما يلي ما عدا:

A) التنبيه الودي
B) طول الألياف قبل تقلصها
C) الديجتال والأدرينالين
D) زيادة شدة المنبه",D,D
3151,"تزداد قوة تقلص العضلة القلبية بزيادة كل مما يلي ما عدا:

A) طول الليف البدئي.
B) تركيز الكالسيوم.
C) شدة المنبه.
D) الأدرينالين.",A,C
3152,"يعود طور الهضبة في كمون عمل الليف العضلي القلبي إلى انفتاح أقنية:

A) الصوديوم.
B) الكالسيوم.
C) البوتاسيوم.
D) الكلور.",B,B
3153,"تمثل الزمن اللازم لانتقال التنبيه من العقدة الجيبية الأذينية إلى البطين:

A) الفترة PQ أو PR
B) الفترة QT
C) القطعة S- T
D) الفترة R- R",A,A
3154,"يزداد نتاج القلب بزيادة كل مما يلي ما عدا:

A) حجم الدم الجائل
B) العود الوريدي
C) التقلص الأذيني
D) معدل دقات القلب",D,A
3155,"تزداد قوة تقلص العضلة القلبية بزيادة كل مما يلي عدا:

A) طول الليف البدئي
B) الفعالية الودية
C) العود الوريدي
D) شدة التنبيه",B,D
3156,"في اختبارات الوظائف التنفسية عند مريض ال C.O.P.D كل مايلي صحيح ماعدا

A) تنخفض السعة الرئوية الكلية.
B) تنخفض FVC
C) تنخفض علاقة تيفنو.
D) تنخفض FEV1
E) زداد حجم الهواء الباقي D.RV",E,A
3157,"في التهاب الأسناخ التحسسي الخارجي كل ما يلي صحيح ما عدا

A) يشمل رئة المزارع.
B) رئة مربي الطيور.
C) الالتهاب الناجم عن سوء صيانة المكيفات.
D) عمال صناعة القهوة.
E) عمال صناعة الكاتو والبيتيفور.",C,E
3158,"يكون الإنذار جيداً في التليف الرئوي في كل مما يلي ما عدا

A) كشف المرض في مراحله الأخيرة.
B) الكشف المبكر للمرض.
C) وجود الخلايا التائية المساعدة بالغسالة القصبية.
D) مظهر الزجاج الغشى شعاعياً.
E) اصابة الإناث وبالأعمار المبكرة.",E,A
3159,"في تشخيص التهاب الأسناخ التحسسي الخارجي كل مما يلي صحيح ما عدا

A) ينجم عن التعرض للقش المخزن والرطب.
B) مرض تحسسي يصيب الأسناخ.
C) التحسس فوري ومباشر وفقط من النمط الأول لجل وكومبس.
D) يشاهد عند مربي الطيور.
E) أهم مسبب لرئة المزارع.",C,C
3160,"مريض عمره 24 سنة راجعت بطفح جلدي مؤلم على الساقين وصورة الصدر أظهرت ضخامة في السرتين ماهو التشخيص الأكثر احتمالاً

A) تليف رئة ذاتي.
B) غرناوية.
C) Hypersensitivity
D) Lymphangioleiomyomatosis
E) سل دخني.",E,B
3161,"مريضة عمرها 68 سنة راجعت بتعجر أصابع مع خراخر في الساحتين الرئويتين والعامل المضاد للنواة ايجابي، ما هو التشخيص الأكثر احتمالاً انصباب الجنب

A) تليف رئة ذاتي.
B) غرناوية.
C) Hypersensitivity
D) Lymphangioleiomyomatosis
E) سل دخني.",A,A
3162,"في انصبابات الجنب القيحية كل مما يلي صحيح في فحص سائل الجنب ما عدا

A) الألبومين أكثر من 30 غ\لتر
B) السكر 15 مغ\100مل
C) LDH2000 وحدة\100مل
D) الكريات البيضاء أقل من 10 بالساحة
E) الكريات الحمراء أكثر من 50 بالساحة",D,E
3163,"مريض عمره 70 سنه ولديه دائ رئوي انسدادي مزمن COPD وغازات الدم الشرياني كانت كما يلي: PO2 50MMHG\PCO2 60MMHG\HCO3 34MMOL\L ماهو التشخيص الأكثر احتمالاً

A) قلاء استقلابي مزمن.
B) قلاء تنفسي معاوض.
C) حماض استقلابي معاوض.
D) حماض تنفسي معاوض.
E) حماض استقلابي حاد.",B,A
3164,"في هجمة الربو القصبي الحادة تستعمل كل الأدوية التالية مما يلي ما عدا

A) المورفين.
B) الثيوفللين.
C) الكورتيزون.
D) السالبوتامول.
E) الايبراتروبيوم.",A,A
3165,"كل مما يلي من الستيروئيدات القشرية التي تستخدم عن طريق الاستنشاق ما عدا

A) Prednisolone
B) Fluticasone
C) Mometasone
D) Ciclesonide
E) Budesonide",A,A
3166,"مريض عمره 60 سنة كان يعمل بمنجم للفحم لمدة 20 سنة، راجع بسعال وزلة تنفسية، صورة الصدر أظهرت ارتشاحات خلالية، فحص القششع كان إيجابياً لعصية كوخ، أي من العوامل الآتية قد يكون عاملاً مؤهباً لإصابته بالتدرن

A) Beryllium
B) Cadmium
C) Coal
D) Silica
E) House dust",D,D
3167,"في تشخيص التهاب الأسناخ التحسسي الخارجي مما يلي صحيح ما عدا

A) ينجم عن التعرض للقش المخزن والرطب.
B) مرض تحسسي يصيب الأسناخ.
C) التحسس فوري ومباشر وفقط من النمط الأول لجل وكومبس.
D) يشاهد عند مربي الطيور.
E) أهم سبب لرئة المزارع.",C,C
3168,"في ذات الرئة عند مضعفي المناعة كل مما يلي صحيح ما عدا

A) أهم سبب المتكيسة الكارينية.
B) قد يصاب المريض بالسل الرئوي.
C) تشاهد عند مرضى الايدز.
D) تصيب أيضا الأصماء والرياضيين.
E) تعداد الكريات البيضاء طبيعي أو ناقص.",D,D
3169,"في معالجة التدرن الرئوي عند المرأة الحامل كل مما يلي ما عدا

A) يُعطى الأيزونيازيد.
B) يُعطى الريفامبيسين.
C) فترة العلاج 9 أشهر.
D) يُعطى البيرازيناميد.
E) يعطى الأيناميتول.",C,D
3170,"من عوامل الخطر في انقطاع التنفس أثناء النوم كل مما يلي ما عدا

A) شرب الماء الحليب قبل النوم.
B) التدخين
C) الوزمة المخاطية.
D) داء العملقة.
E) البدانة.",A,A
3171,"من استطبابات الجراحة في التوسع القصبي كل مما يلي خطأ ما عدا

A) السعال الشديد.
B) متلازمة الفص المتوسط.
C) الألام الصدرية.
D) القشع الغزير الصباحي.
E) أسباب تجميلية.",B,B
3172,"في التدرن الرئوي عند الحامل كل مما يلي صحيح ما عدا

A) عادة يلد الطفل ناقص الوزن.
B) لا يزيد نسبة وفيات الأجنة.
C) حدوث ولادات مبكرة.
D) تأخر في نمو الطفل.
E) يزيد نسبة الإجهاض في الأشهر الأولى للحمل.",B,B
3173,"من عوامل الخطورة في الصمة الرئوية كل مما يلي صحيح ما عدا

A) الحمل.
B) الداء الرئوي الانسدادي المزمن.
C) التهاب الأذن الوسطى.
D) خثار وريدي عميق.
E) السرطان",C,C
3174,"من علامات انقطاع التنفس أثناء النوم كل مما يلي صحيح ما عدا

A) الشخير.
B) اضطرابات النوم.
C) نعاس نهاري.
D) بوال ليلي.
E) نفث الدم.",E,E
3175,"تلعب المعالجة الإشعاعية دوراً هاما في علاج أورام الخصية من النمط المنوي وذلك بتطبيقها على :

A) الورم البدني
B) سلسلة العقد اللمفاوية الحرقفية والأبهرية
C) سلسلة العقد الإربية
D) المنصف
E) التقائل الرئوية",B,B
3176,"من الأدوية التي تستخدم كمعالجة كيميائية مشاركة ومحسسة للمعالجة الشعاعية في أورام الحنجرة :

A) Bleomycin
B) Vincristine
C) Cisplatin
D) Irinotecan
E) Etoposide",C,C
3177,"فيما يتعلق بانسداد الأمعاء الناجم عن حالة ورمية كل كل ممايلي صحيح ماعدا :

A) قد يكون الانسداد على مستوى الأمعاء الدقيقة أو الغليظة
B) أكثر سبب شائع للانسداد هو سرطان الكولون
C) قد يكون الاند الانسداد بسبب : سرطان المبيض
D) كاجراء تلطيفي يمكن اجراء ففر كولون أو لفائفي
E) يمكن وضع موسع عبر التنظير لحل مشكلة الانسداد في في حالات اورام الكولون الأيمن.",E,E
3178,"ان استئصال النقائل الرئوية يحسن معدل البقيا أكثر ماي ما يمكن في حالات سرطان :

A) الكولون
B) الرحم
C) الكلية
D) الخصية
E) الساركوما",D,D
3179,"يعتبر كل مما يلي من الأنسجة ذات الارتكاس الباكر على المعالجة الشعاعية ما عدا:

A) مخاطية المثانة
B) مخاطية الأمعاء
C) البطانة الوعائية
D) الكريات البيض
E) بشرة الجلد",B,C
3180,"لا تعتبر المعالجة الشعاعية معالجة شافية إذا استخدمت لوحدها في المراحل المبكرة من أورام :

A) اللسان
B) الحبل الصوتي
C) الثدي
D) البروستات
E) عنق الرحم",C,C
3181,"من الأدوية التي تستخدم كمعالجة كيميائية مشاركة ومحسسة للمعالجة الشعاعية في أورام الحنجرة :

A) Doxorubicin
B) Bleomycin
C) Vincristine
D) Cisplatin
E) Gemcitabine",D,D
3182,"من الأدوية التي تست تستخدم كمعالجة كيميائية مشاركة ومحسنة عاعية في أورام الحنجرة :

A) Doxorubicin
B) Bleomycin
C) Vincristine
D) Cisplatin
E) Gemcitabine",D,D
3183,"من الأدوية التي تستخدم كمعالجة كيميائية مشاركة ومحسسة للمعالجة الشعاعية في أورام الحنجرة :

A) Fluorouracil
B) Bleomycin
C) Vincristine
D) Cisplatin
E) Gemcitabine",D,D+A
3184,"الإشعاعات التي تستخدم في معالجة ورم جلدي SCC علي الأنف غير  قابل للجراحة هي :

A) تحت الحمراء
B) الكترونات
C) بروتونات
D) نترونات
E) شوارد الكربون",B,B
3185,"عند تطبيق معالجة إشعاعية على الحوض لورم عنق الرحم ، فإنه تجنباً لحدوث اختلاطات يجب عدم تجاوز جرعة التحمل ل

A) المثانة
B) جسم الرحم
C) المهبل
D) الأوعية الحرقفية
E) كل ما سبق صح",E,E
3186,"في حال تقرر إجراء تشعيع وقائي للقحف بجرعة ٢ غري في كل جلسة فإن الجرعة الكلية الموصى بها :

A) ۱۸ غري
B) ٢٤ غري
C) ٣٠ غري
D) ٣٦ غري
E) ٤٢ غري",B,C
3187,"عند إجراء المعالجة الشعاعية بطريق التجزئة المفرطة فإن الزمن الأقل الفاصل بين كل جلستين هو :

A) ساعتان
B) ٣ ساعات
C) ٤ ساعات
D) ٥ ساعات
E) ٦ ساعات",E,E
3188,"توجد العضلات المخططة الإرادية في كل مما يلي عدا:

A) الفم.
B) البلعوم.
C) القسم العلوي من المريء.
D) القسم العلوي من الأمعاء الدقيقة.
E) المعصرة الشرجية الخارجية.",B,D
3189,"يثبط فعالية جهاز الهضم:

A) تنبيه ضفيرة أورباخ.
B) الأستيل كولين.
C) تنبيه ضفيرة مايسنر.
D) النور أدرينالين.
E) التنبيه اللاودي.",D,D
3190,"يحدث في المعدة كل مما يلي ما عدا:

A) تختزن الطعام الوارد إليها خاصة في القسم السفلي.
B) تفتت الطعام وتمزجه مع العصارات الهاضمة.
C) تفرغ الكيموس في العفج.
D) تستغرق من 3 إلى 5 ساعات لإفراغ وجبة الطعام.
E) تتعلق سرعة الإفراغ المعدي بعمل المضخة البوابية.",E,A
3191,"يحول مولد الببسين إلى ببسين:

A) حمض كلور الماء الموجود في المعدة.
B) العامل الداخلي.
C) الفيتامين B12
D) الغلوكاغون.
E) السوماتوستائين.",A,A
3192,"يسبب البروستاغلاندين كل مما يلي ما عدا:

A) إفراز المخاط.
B) إفراز البيكربونات.
C) المحافظة على جريان دموي طبيعي.
D) إفراز الحمض المعدي.
E) تأمين سلامة المخاطية المعدية وتجديدها.",D,D
3193,"وجود الشرائط قليلة النسيلة OCB في عينة السائل النخاعي يدل علي:

A) ارتفاع الضغط داخل القحف
B) اصفرار النخاع الشوكي
C) تزف تحت الجافية
D) التهاب سحايا
E) تصلب متعدد",D,D
3194,"كل ما يلي من اختلافات البزل القطني ما عدا:

A) الصداع التاي للبزل القطيني
B) ألم علي مسار جذر العصب
C) انفتاق الدماغ
D) التهاب السحايا
E) ألم في المنقطة الرقبية",C,E
3195,"كل ما يلي من العوامل المحرضة لنوبة الصرع ما عدا:

A) الاجهاد الجسدي و العقلي
B) الكحول
C) الجلاعة الزائدة من أدوية الصرع
D) الانتانات المتداخلة
E) الأضواء الوامضة",C,C
3196,"كل ما يلي من أسباب الصرع البؤري الثانوي ما عدا:

A) النزف داخل الدماغي
B) الأورام
C) نقص المغنزيوم
D) خراج الدماغي
E) ولا واحد مما سبق",C,C
3197,"كل ما يلي من أسباب نوبات الصرع المعمم ما عدا:

A) التهاب الدماغ
B) ايزونيازيد
C) أدوية MAO
D) نقص الاكسجين الدماغي
E) الانحساب الكحولي",B,A
3198,"في النوبات النفسية غير الصرغية يحدث كل ما يلي عدا:

A) يتحول لون الخشص إلي الأحمر
B) الوعي قد يبقي موجود
C) الأجفان مغلقة
D) تنتهي بأقل من 5 دقائق
E) ولا واحدة مما سبق",E,D
3199,"في النوبات المعممة التشنجية الرمعية يحدث كل ما يلي ما عدا:

A) الأجفان مفتوحة
B) صرخة نوبة
C) اهتزاز غير متزامن للأطراف
D) حالة الوعي تكون ضعيفة أو مفقودة
E) ولا واحدة مما سبق",E,C
3200,"شكل من أشكال داء الرقص لكنه يشمل مساحات اكثر من الجسم:

A) الكنع
B) الزفن
C) عسر المقوية
D) العرات
E) الرمع العضلي",A,B
3201,"كلام أجش وهامس ومنخفض ناجم عم سبب ميكانيكي بالحنجرة:

A) عسر تصويت
B) رتة عسر النطق
C) عسر كلام حبسة طليقة
D) عسر كلام حبسة غير طليقة
E) حبسة صرفة",A,A
3202,"عمي ربعي علوي أيمن مماثل يحدث بسبب إصابة في:

A) الفصل الصدغي
B) الفصل الجداري
C) العصب البصري
D) التصالب البصري
E) السبيل البصري",A,A
3203,"في استقصاءات اعتلال الأعصاب المحيطية كل مايلي صحيح عدا:

A) أول استقصاء هو قياس سكر الدم الصيامي
B) الاستقصاء المؤكد للسبب هو اختبار توصيل العصب (NCS)
C) تقييم فيتامين E
D) تقييم فيتامين B12
E) تقييم فيتامين B6",B,B
3204,"في متلازمة غيلان باريه كل مايلي صحيح ماعدا:

A) غالبية الحالات هي مزيلة للنخاعين وليست محوارية
B) غالبا ما ترتبط الإصابة ب GBS المحوارية بالكامبيلوباكتر
C) عادة هو مستجيب للعلاج لأنه مزيل للنخاعين باستثناء بعض الحالات
D) السمة المميزة هي بدء اعتلال الأعصاب من الأعلي لإلي الأسفل
E) يستبعد غيلان باريه في حال اشتداد المنعكسات الوترية",E,D
3205,"المظاهر السريرية لغيلان باريه كل مايلي صحيح ماعدا:

A) عسرة بلع
B) خلل تصويت
C) قصور تنفسي انسدادي
D) الخدر و الألم يسبق ضعف العضلات
E) كل ماسبق خاطئ",C,C
3206,"في ( llH ارتفاع التوتر داخل القحف مجهول السبب) اختر المخالفة:

A) الرنين المغناطيسي طبيعي
B) قد يحرض المستويات العالية للفيتامين D الإصابة
C) أكثر الأعصاب تأثير بال llH هو العصب الثامن
D) أكثر المتغيرات حساسية في مراقبة ال هو حدد البصر
E) الأسيتازولاميد علاج غير فعال",E,A
3207,"الصداع المزمن هو الصداع الذي يتطور خلال أكثر من:

A) أسبوعين
B) 3أسابيع
C) 4أسابيع
D) 6أسابيع
E) 8أسابيع",E,C
3208,"كل مايلي صحيح عن الصداع العنقودي ما عدا:

A) متوسط سن الإصابة 25
B) يوجد دور لتحت المهاد في آليته الإمراضية
C) يترافق مع دماع
D) يستخدم فالبروات الصوديوم في علاج الهجمة الحادة
E) صداع أحادي الجانب",A,D
3209,"صداع غير نابض ثنائي الجانب قد يرتبط بتشنج عضلات الرقبة:

A) الشقيقة
B) الصداع العنقودي
C) صداع التوتر
D) ألم العصب مثلث التوائم
E) الألم العصبي التالي للهوبس",C,C
3210,"التراكيب الخارج قحفية التالية حساسة للألم ماعدا:

A) الجلد
B) العضلات
C) عظم الجمجمة
D) العين
E) الشرايين السطحية",C,C
3211,"كل مايلي صحيح عن ألم العصب مثلث التوائم ما عدا:

A) يشاهد علي مسير الفرعين الثاني والثالث للعصب
B) الفحص العصبي طبيعي
C) الخط الاول للعلاج مضادات الاختلاج
D) غير مفيد في التشخيصMri
E) يشاهد في أواسط العمر أو أواخره",B,D
3212,"كل الاضطرابات التالية تنتقل بصفة قاهرة عدا:

A) حثل دوشين
B) حثل فرط المقوية
C) الحثل العيني البلعومي
D) الحثل القاصي
E) FSHD",C,A
3213,"ما يلي صحيح حول الوهن العضلي الوخيم عدا:

A) لا يوجد ضمور أو ضعف عضلي
B) لا يصيب العضلات المخططة
C) يظهر الوهن بالجهد وهو غير مؤلم
D) إصابة عضلات الوجه ثنائية الجانب
E) تشاهد سحنةsnarl",B,B
3214,"من العوامل المؤهبة لإنتانات الجهاز العصبي المركزي عدا:

A) التهاب الجيوب الأنفية والأذن الداخلية
B) خراجات والتهابات سنبة
C) تجرثم الدم
D) ذورات الرئة وخراجاتها
E) البزل القطني الملوث",D,A
3215,"حول إصابة الجهاز العصبي المركزي بداء البروسيلات الإجابة الصحيحة هي:

A) التهاب السحايا هو عرض مبكر
B) الاستقاءات المخبرية تجري علي عنية CSF فقط
C) صفات CSF تكون صفات إصابة جرتومية نموذجية
D) الأعراض المبكرة نوعية
E) فد تسبب آفات في المادة البيضاء",A,E
3216,"منم الاضطرابات الدماغية بدون تظاهرات خارج هرمية عدا:

A) الزهايمر
B) الشلل فوق النووي المترقي
C) داء بيك
D) موه الرأس ذو الضغط الطبيعي
E) كل ماسبق خطأ",D,B
3217,"تظاهرات فقد الذاكرة لكورساكوف كل ما يلي عدا:

A) فقدان الذاكرة القريبة
B) ضعف التسجيل
C) اللامبالاة
D) التخريف شائع
E) اضطراب خفيف بالذاكرة طويلة الأمد",C,B
3218,"كل ما يلي من مظاهر نقص الصوديوم عدا:

A) التشنج العضلي
B) الإمساك
C) الرجفان
D) منعكس أخمصي بالانبساط
E) وذمة حليمة",B,B
3219,"انسداد الشريان المخي الأوسط الأيمن يسبب ما يلي عدا:

A) إهمال نصفي أيسر
B) عمي نصفي متطابق أيسر
C) ميل للتحديق إلي اليمين
D) حبسة كلامية
E) عمه العاهة",B,D
3220,"كل ما يلي صحيح بالنسبة لخثار الجيوب الوريدية عدا :

A) من مظاهره الصداع
B) قد يتلو الولادات العسيرة
C) الدواء النفضل للعلاج هو الوارفارين
D) يحدث فيه ضعف وعي
E) التصوير بالرنين المغناطيسي مع الحقن وإظهار الطور الوريدي هو الاستقصاء الأفضل",C,C
3221,"كل مايلي داء الأورام الليفية العصبية صحيح ماعدا:

A) داء فون ريكينلغاوزن الأقل شيوعا
B) نمط 1 طفرة علي الصبغي 17
C) له نمطان
D) قد تظهر عقيدات في القزحية",A,A
3222,"كل ما يلي من تفرعات الأبهر الأمامية ما عدا:

A) 1. الجذع الزلاقي.
B) 2. الشريان المساريقي العلوي.
C) 3. الشريان المساريقي السفلي.
D) 4. الشريان الحجابي السفلي",C,D
3223,"المسافة الوربية الخامسة اليسرى من الخط الناصف للترقوة.

A) 2. المسافة الوربية الثالثة اليسرى من الخط الناصف للترقوة.
B) 3. بمستوى الذيل الحنجري على بعد عرض إصبع أيسر الخط الناصف.
C) 4. بمستوى الفقرة الصدرية الخامسة في الخط الناصف للترقوة اليسرى.
D) 5. ولا مكان مما علا.",B,A
3224,"ينغلق بحاجز متكامل من الألياف العضلية تتقارب إلى الوتر المركزي.

A) 2. يشكل حدوده الخلفية الفقرة الصدرية العاشرة.
B) 3. يمر المري والرغامى عبر مخرج الصدر.
C) 4. ينحدر باتجاه الأسفل والخلف.
D) 5. يزداد الضغط داخل الصدر أثناء تقلص هذا الحاجز.",B,D
3225,"القناة الصدرية عندما تنحرف من الأيمن إلى الأيسر

A) 2. قوس الفرد.
B) 3. قوس الأبهر.
C) 4. الغدة الصعترية
D) 5. العصب المبهم.",B,E
3226,"تتوضع مباشرة خلف الحيز الوربي الرابع أيمن القص

A) 1. الوريد الأجوف العلوي
B) 2. الوريد العضدي الرأسي الأيمن
C) 3. الوريد العضدي الرأسي الايسر
D) 4. الشريان العضدي الرأسي
E) 5. الأذينة اليمني RT atrium",B,E
3227,"تتواجد البنى التالية بباطن البطين الأيمن ما عدا:

A) 1. الحجاب بين البطينين
B) 2. الترابيق اللحمية
C) 3. دسام ثنائي الشرف
D) 4. العضلة الحليمية الامامية
E) 5. الشريط المنظم (العارضة الحاجزية)",B,C
3228,"تحدث التغيرات التالية في الصدر أثناء الشهيق ما عدا:

A) 1. يسحب الهواء الى الشجرة القصبية
B) 2. يصعد جذرا الرئتين
C) 3. يحدث ضغط سلبي على السطح الخارجي للرئتين
D) 4. تنخفض الحواف السفلية للرئتين الى الأسفل
E) 5. تتمدد الرئتين",D,B
3229,"يشتق العصب الحشوي الكبير من الشدفات الصدرية التالية ما عدا:

A) 1. T5
B) 2. T7
C) 3. T8
D) 4. T9
E) 5. T10",D,E
3230,"يستلم الوريد العضدي الرأسي دماً وريداً مباشرة من التالي ما عدا:

A) 1. الوريد تحت الترقوة
B) 2. الوريد الوداجي الباطن
C) 3. الوريد الوداجي الظاهر
D) 4. الوريد الدرقي السفلي
E) 5. الوريد الصدري الباطن",B,C
3231,"تضم ناصيات الفقار من عضلات الظهر العميقة التالي ما عدا: السؤال للاطلاع

A) 1. الطولي الرأسية
B) 2. الطولي العنقية
C) 3. نصف الشوكية الرأسية
D) 4. الحرقفية الضلعية العنقية
E) 5. الشوكية الرأسية",E,D
3232,"في العفج كل ما يلي صحيح ما عدا:

A) لا يمكن عزل ترويته عن تروية البنكرياس تشريحياً.
B) العود الوريدي إلى وريد الباب.
C) لمعته هي الأوسع في الأمعاء الدقيقة.
D) تصب عليه مفرزات المعدة والصفراء.
E) تصب القناة الجامعة في القطعة الثانية منه.",A,D
3233,"في الأمعاء الغليظة كل ما يلي صحيح ما عدا:

A) الأعور محاط بشكل كامل بالألياف العضلية الطولانية.
B) أجزاء منه تتروى دموياً من فروع الشريان المساريقي العلوي.
C) الكولون النازل يتوضع خلف البريتوان.
D) للقولون المستعرض مساريقا.
E) قسم من النزح اللمفاوي في العقد المساريقية العلوية.",A,A
3234,"كل العضلات التالية لها شكل صفيحة عضلية وترية عدا:

A) العضلة المنحرفة الظاهرة.
B) العضلة المنحرفة الباطنة.
C) العضلة المعترضة البطنية.
D) العضلة المستقيمة البطنية.
E) عضلة الحجاب الحاجز.",A,D
3235,"كل ما يلي عن الأمعاء الدقيقة ما عدا:

A) تمتد من البواب إلى بداية الأمعاء الغليظة عند الدسام اللفائفي الأعوري.
B) تتضمن الاثني عشر والصائم واللفائفي.
C) نسيج لمفاوي.
D) أنبوب مخاطي عضلي يصل طوله لعدة أمتار.",C,C
3236,"كل ما يلي عن الأمعاء الغليظة ما عدا:

A) الأعور متحرك ويملك مساريقا.
B) أجزاء منه تتروى من فروع المساريقي العلوي.
C) الكولون المستعرض له مساريقا.
D) قسم من النزح اللمفاوي يتم في العقد المساريقي العلوية.",A,A
3237,"كل ما يلي عن الأمعاء الدقيقة ما عدا:

A) العفج مغطى كاملاً بالبريتوان.
B) أطول أجزاء السبيل الهضمي.
C) يتألف من عفج، صائم، لفائفي.
D) تمتد من البواب إلى بداية الأمعاء الغليظة عند الدسام اللفائفي الأعوري.",A,A
3238,"تتوضع الطبقات التالية في جدار البطن الأمامي ما عدا:

A) Camper's fascia.
B) Colles fascia.
C) Scarpa's fascia.
D) Transversalis fascia.
E) Deep fascia.",E,B
3239,"يعطي فروع تتفاغر مع فروع الشريان المساريقي العلوي:

A) Gastro_duodenal artery.
B) Marginal artery.
C) Proper hepatic artery
D) Splenic artery
E) None of the above arteries",C,B
3240,"تحدث التفاغرات البابية الجهازية عبر أوردة الأعضاء التالية ما عدا:

A) الكولون الصاعد.
B) الكولون المستعرض.
C) الكولون النازل.
D) الإثني عشر.
E) البنكرياس.",D,B
3241,"تتميز الأمعاء الغليظة عن الدقيقة بالتالي ما عدا:

A) هي أطول أجزاء السبيل الهضمي.
B) قطرها أكبر.
C) تحوي الشرائط الكولونية.
D) جدارها متكيس.
E) تحوي زوائد تربية.",A,A
3242,"كل مما يلي صحيح حول جوف البريتوان عدا:

A) يتألف من طبقين جدارية وحشوية.
B) عند الأنثى يتصل بالوسط الخارجي عبر النفيرين.
C) يتصل الكيس الكبير بالكيس الصغير عبر الفوهة الثربية.
D) البريتوان الحشوي حساس للضغط والألم.
E) البريتوان الجداري الحوضي يتعصب بالعصب السدادي.",B,D
3243,"من عناصر الحبل المنوي (كل ما يلي صحيح ما عدا):

A) أسهر.
B) أوعية دموية: شريان خصوي وشريان أسهري.
C) أعصاب ودية.
D) أوعية لمفية تنزح لمف الصفن.
E) لفافات منوية ثلاث.",B,D
3244,"العضلة المنحرفة البطنية الظاهرة (كل ما يلي صحيح عدا):

A) صفيحة عضلية صفاقية.
B) تسير أليافها بشكل مائل للأمام والأسفل والأنسي.
C) ترتكز على الخط الأبيض من الرهابة إلى العانة.
D) تتعصب من القطني الثاني.
E) تتعصب من قطني أول.",E,D
3245,"المعترضة البطنية (كل ما يلي صحيح عدا):

A) صفيحة عضلية قليلة السماكة.
B) عميقة بالنسبة للمنحرفة الباطنة.
C) أفقية نحو الأمام والأنسي.
D) تتعصب من الوربيات الستة السفلية.
E) تتعصب من L2.",D,E
3246,"المسافة خلف البريتوان (كل ما يلي صحيح عدا):

A) حيز افتراضي بين جدار البطن الخلفي والبريتوان الحشوي المغطي له.
B) تحوي الكليتين.
C) تحوي الكظرين.
D) تحوي الأجوف السفلي.
E) تحوي العفج.",E,A
3247,"أي من الشرايين التالية تغذي جزر لانغرهانس في المعثكلة:

A) Gastro_duodenal artery
B) Marginal artery
C) Proper hepatic artery
D) Splenic artery
E) None of the above arteries",D,D
3248,"العضلة المستقيمة البطنية كل ما يلي خطأ ما عدا:

A) تنشأ في الوجه العميق للأضلاع الستة السفلية.
B) تنشأ في اللفافة القطنية.
C) تدعم جدار البطن وتساعد في التنفس.
D) تتعصب من القطني الأول.",B,C
3249,"جدر القناة الإربية كالآتي (كل ما يلي صحيح ما عدا):

A) سفاق العضلة المنحرفة الظاهرة للجدار الأمامي.
B) الجدار الخلفي: رباط مشترك في الوحشي ولفافة معترضة في الأنسي.
C) السقف: ألياف مقوسة في المنحرفة الباطنة والمعترضة.
D) الأرضية: الرباط الإربي والجوبي.",B,B
3250,"المنحرفة الباطنة (كل ما يلي صحيح عدا):

A) عميقة بالنسبة للمنحرفة الظاهرة.
B) تتعصب من الوربيات الستة السفلية.
C) تتعصب من القطني الأول.
D) تنشأ من السطوح الظاهرة للغضاريف الستة السفلية.",B,D
3251,"المعترضة البطنية كل ما يلي خطأ عدا:

A) تتعصب من الوربيات الستة العلوية.
B) ترتكز على الخط الأبيض من الرهابة إلى العانة.
C) تتعصب من قطني ثاني.
D) صفيحة عضلية متوسطة السماكة.",A,B
3252,"المعدة تتصف (كل ما يلي خطأ ما عدا):

A) تكون متحركة بشكل كبير باستثناء نهايتها.
B) قاع المعدة هو أسفل منطقة المعدة ويمتد بين الثلمة الزاوية والبواب.
C) يمتد الرباط المعدي الطحالي بين القسم العلوي للإنحناء الصغير والطحال.
D) يمتد الثرب الكبير بين الانحناء الصغير والكبد.",C,A
3253,"يتصف الشريان الطحالي وفروعه بما يلي ما عدا:

A) يسير بشكل متعرج على الحدود السفلية للبنكرياس
B) يمر عبر الرباط الطحالي الكلوي
C) يعطي الشرايين المعدية القصيرة عند سرة الطحال والتي تسير عبر الرباط الطحالي المعدي
D) يعطي تروية للبنكرياس",A,A
3254,"في المصطلحات التشريحية كل ما يلي عدا:

A) يعتمد التشريح الوصفي على وصف العظام والعضلات والمفاصل والأوعية والأعصاب والتشريح الناحي.
B) التشريح السريري هو دراسة البنية العيانية ووظيفة الجسم بقدر ما تتعلق بالممارسة الطبية والعلوم الصحية الأخرى.
C) المستوى السهمي الناصف هو المستوى العمودي الذي يمر عبر مركز الجسم قاسما إياه بالتساوي إلى قسمين أمامي وخلفي.
D) يشير مصطلح أمامي إلى مقدمة الجسم.",D,C
3255,"في المصطلحات التشريحية كل ما يلي عدا:

A) الداني يشير إلى الأبعاد النسبية عن جذور الأطراف.
B) القاصي يشير إلى الأبعاد النسبية عن جذور الأطراف.
C) الجانب الموافق يشير إلى الجانب المقابل من الجسم.
D) وضعية الاستلقاء هي وضعية الاضطجاع على الظهر.",C,C
3256,"كل مما يلي صحيح عن التغذية العصبية للحجاب الحاجز ماعدا:

A) التغذية العصبية الحركية من العصبين الحجابيين الأيمن والأيسر 3.4.5C
B) التعصيب الحسي لغشاء الجنب الذي يغطي السطوح المركزية للحجاب من العصب الحجابي
C) يأتي التعصيب الحركي لغشاء الجنب المحيطي من الأعصاب العربية الستة السفلية
D) يأتي التعصيب الصفاقي الجداري الذي يغطي السطوح المركزية للحجاب من العصب الحجابي",C,C
3257,"تركيب الجدار البطني الأمامي كل ما يلي ما عدا:

A) يتكون من الجلد، لفافة سطحية، لفافة عميقة، عضلات، لفافة خارج الصفاق، والصفاق الجداري
B) يأتي التعصيب لجدار البطن الأمامي من الفروع الأمامية للأعصاب القطنية الصدرية الستة السفلية فقط
C) يقع القطاع التشريحي الصدري السابع في الشرسوف فوق الناتئ الرهابي
D) يتوزع القطاع القطني الأول فقط فوق الرباط الأربي والارتفاق العاني",B,B
3258,"يمكن تمييز الصائم عن اللفائفي بالمميزات التالية ماعدا:

A) يتوضع اللفائفي في القسم السفلي من جوف الصفاق في الحوض.
B) قطر الصائم أكبر وجدارة أثخن وأكثر احمرارا من اللفائفي.
C) يحوي الصائم لطاخات باير
D) تشكل الأوعية المساريقية الصائمية قوسا واحدا أو اثنين فقط مع فروع طويلة تصل بين القوس وجدار المعي",C,C
3259,"في التشريح السطحي لجدار البطن الخط الأبيض ماعدا:

A) حزمة ليفية تسير شاقوليا تمتد من ارتفاق العانة إلى ناتئ الرهابة.
B) يتوضع على الخط الناصف.
C) يتشكل من التحام سفق عضلات جدار البطن الأمامي.
D) تتمثل على السطح بثلم ناصف عميق.
E) تتوضع السرة في منتصفه.",A,D
3260,"عضلة الحجاب الحاجز إجابة خطأ دورة 2013-2012/ 2014-2013

A) صفيحة عضلية وترية تفصل بين جوف الصدر وجوف البطن.
B) القسم القصي ينشأ من السطح الخلفي لناتئ الرهابة.
C) القسم الضلعي ينشأ من السطوح العميقة للأضلاع والغضاريف الستة السفلية.
D) القبة اليمنى أقل ارتفاعاً من اليسرى.
E) القسم الأنسي من المنشأ الفقري يدعى سويقتي الحجاب.",B,D
3261,"الفتحة المرينية في الحجاب الحاجز (إجابة خطأ) 2013-2012

A) يمر عبرها المري.
B) يمر عبرها العصب المبهم الأيمن.
C) يمر عبرها العصب المبهم الأيسر.
D) تقع بمستوى T12.
E) يحدها من الخلف الأبهر البطني.",A,D
3262,"المسافة خلف البريتوان: هام جداً ومكرر بعدة صيغ:

A) حيز افتراضي بين جدار البطن الأمامي والبريتوان الجداري.
B) تحوي على الطحال.
C) تحوي كامل الكولونات.
D) كل ما سبق صح.
E) كل ما سبق خطأ.",A,E
3263,"تتشكل جدر القناة الإربية كالآتي: هام ومكرر

A) العضلة المنحرفة الباطنة تدعم الجدار الأمامي مقابل فوهة الباطنة.
B) يتألف السقف من العضلتين البطنيتين المنحرفة الباطنة والمعترضة.
C) الأرضية من الرباط الإربي والرباط الجوبي.
D) كل ما سبق صحيح.
E) كل ما سبق خاطئ.",D,D
3264,"الأعضاء التناسلية الظاهرة عند الأنثى (إجابة خطأ):

A) الشفرين الكبيرين.
B) الشفرين الصغيرين.
C) الدهليز.
D) المهبل.
E) البظر.",A,D
3265,"الأعضاء التناسلية الباطنة عند الأنثى (إجابة خطأ):

A) المبيضين.
B) النفيرين الرحمين.
C) البظر.
D) الرحم.
E) المهبل.",C,E
3266,"يساهم العصب القطني الأول بتعصيب عضلات البطن ما عدا:

A) منحرفة ظاهرة.
B) منحرفة باطنة.
C) مستقيمة بطنية.
D) مشمريه عند الذكر.
E) مشمريه عند الأنثى.",A,C
3267,"العضلات التالية لها شكل ضفيرة عضلية وترية ماعدا:

A) منحرفة ظاهرة.
B) منحرفة باطنة.
C) معترضة بطنية.
D) مستقيمة بطنية.
E) عضلة الحجاب الحاجز.",C,D
3268,"من عناصر الحبل الإربي عند الأنثى (إجابة خطأ):

A) الأسهر.
B) شريان مبيضي.
C) أوعية لمفية تنزح لمف الشفر الكبير.
D) تحوي أوعية مشمرية.
E) أوعية لمفية للمبيض تنزح نحو الأبهر البطني.",A,A
3269,"من الفروق التشريحية بين الأمعاء الدقيقة والغليظة (إجابة خطأ): 2014-2013

A) الأمعاء الدقيقة (عدا العفج) متحركة بينما الأجزاء الصاعدة والنازلة من القولون مثبتة.
B) قطر الأمعاء الدقيقة في الحالة السوية أكبر من قطر الأمعاء الغليظة.
C) ليس للأمعاء الدقيقة زوائد دهنية تربية متصلة بجدارها، بينما تتواجد في الغليظة.
D) جدار الأمعاء الدقيقة أملس بينما الأمعاء الغليظة متكيس.
E) الغشاء المخاطي للأمعاء الدقيقة زغابات بينما تغيب في الأمعاء الغليظة.",B,B
3270,"الجذع الزلاقي يروي كل ما يلي: (الإجابة الخاطئة): 2015-2014

A) عفج.
B) مري صدري.
C) طحال.
D) كبد.
E) بنكرياس.",A,B
3271,"يروي الشريان المساريقي العلوي (إجابة خطأ): 2015-2014

A) عفج.
B) صائم.
C) دقاق.
D) زائدة دودية.
E) كولون نازل.",A,E
3272,"يمكن تمييز الصائم عن اللفائفي بالمميزات التالية ما عدا: 2013-2014

A) يتوضع اللفائفي في الجزء السفلي من جوف الصفاق وفي الحوض.
B) قطر الصائم أكبر وجدرانه أثخن وأكثر احمراراً من اللفائفي.
C) يحوي الصائم على لطاخات باير.
D) تشكل الأوعية المساريقية الصائمية قوساً واحداً أو اثنين فقط مع فروع طويلة تصل بين القوس وجدار المعي.",C,C
3273,"كلابية الذنب المتلوية

A) ثنائية الفوهات الكلبية
B) المحرشفة القزمة
C) ينصف الجائف بكل ما يلي عدا
D) ببطن مؤلفة من أربعة حلقات
E) باربعة أزواج من الأرجل",C,E
3274,"تحتوي حبيبات كاسرة للضوء

A) تطوف بسهولة بالمحاليل المشبعة
B) ذات شكل مستطيلي
C) يمكن أن تنتقل الاخماج التالية عبر نقل الدم عدا
D) المتصورات
E) المقوسات",C,E
3275,"يقدر عدد الأكياس لكل غرام براز من شخص مصاب بـ:

A) 100 كيس
B) 500 كيس
C) ألف كيس
D) 20 ألف كيس
E) 200 ألف كيس",D,E
3276,"تلعب الأسماك دوراً ثوياً متوسطاً للطفيليات التالية عدا

A) متفرعة الخصية الصينية
B) منقوعة المعي المغمنة
C) الاتزاكيد
D) متأخرة الخصية الهرية
E) جانبية المناسل الوسترمانية",B,B
3277,"تتصف المنشقة الدموية بكل مايلي عدا

A) خصي للذكر
B) بمحاجم فموية وبطنية وتناسلية
C) بطول ١٠-١٥ ملم للذكر
D) ببشرة ملساء للانثى
E) برحم طويل للانثى يتضمن 20-30 بيضة",C,B
3278,"تنتقل طفيليات داء هجرة اليرقات الحشوي عبر الدوران إلى الأعضاء التالية  :

A) الكبد
B) الرئتين
C) الدماغ
D) القلب
E) كل ماورد خطأ",E,E
3279,"مصدر الخمج بالمتحولة العصبية naegleria fowleria

A) استنشاق براز الطيور
B) ابتلاع أطعمة الطيور
C) من التراب
D) من ابتلاع استنشاق المياه الملوثة
E) التماس مع الحيوانات الخموجة",D,D
3280,"تتصف الديدان المثقوبة بكل ما يلي عدا:

A) بوجود مبيضين
B) بعدم وجود جهاز دوراني
C) بعدم وجود جوف جسمي
D) بعدم وجود جهاز تنفسي
E) بعدم وجود ثلاثة محاجم عند بعضها",B,A
3281,"تختلف المتورقة البوسكية عن الكبدية بكل ما يلي عدا:

A) بعمص فموي كبير مقارنة مع البطني
B) ساعورين بدون تفرعات جانبية
C) بخاصيات متعددة
D) بعدم وجود قمح رأسي
E) بحجم أكبر",B,A
3282,"تشاهد اسنان هوتشنسن عن الاصابة بالعامل الممرض:

A) Treponema pallidum
B) Helicobacter polyrs
C) Rubella virus
D) west Nile virus
E) Ebola virus",A,A
3283,"اختر الاجابة الخاطئة عن البوريليا:

A) سبب داء لايم الذي ينتقل عبر الجهاز التنفسي
B) جراثيم لولبية متحركة تتلون بسهولة بصبغة غيمزا
C) تكون ذات لفات غير منتظمة والمسافة بين كل لفتين من 2 ل 4 مكرون
D) تسبب الحمى الراجعة التي تنتقل عبر القمل
E) تكون سبب خناق فنسان",A,A
3284,"يحدث التكيس للجيارديا اللمبلية في:

A) التراب
B) القولونات
C) الماء
D) أثناء التغوط
E) الصائم",C,D
3285,"من افضل وسائل الوقاية المتبعة لمنع انتشار المتورقة الكبدية

A) عدم اطعام الحيوانات النباتات الملوثة
B) غسل النباتات المائية أو عليها قبل تناولها
C) القضاء على العائل المتوسط
D) ارتداء احذية واقية اثناء العمل بالارض
E) عدم تلويث المياه بالمخلفات البشرية او الحيوانية",C,C
3286,"يستخدم في علاج الاسطوانية البرازية

A) الميترونيدازول
B) الثيا بندازول
C) الميبندازول
D) البندازول
E) تتراكلورايتلين",B,B
3287,"أنسب تشخيص لاتهاب المشيمة والشبكية بعد تناول لحم نيء خمج ب:

A) العوساء العريضة
B) المقوسات القندية
C) الشعريات الحلزونية
D) الديدان القوسية
E) المثقبيات القوسية",D,B
3288,"الذبابة ذهبية العيون Chrysop هي ثوي ناقل ل

A) الفخرية البنكروفتية
B) كلابية الذئب الملتوية
C) اللوا لوا
D) المحرشفة الصغيرة
E) المثقبية الكروزية",A,C
3289,"يمتاز الشكل المسوط في الليشمانيا بكل ما يلي عدا:

A) بشكل مغزلي
B) بطول 10 ميكرون
C) بسوط ذي غشاء متموج
D) بنواة مركزية
E) بجسيم حركي أمام النواة",A,C
3290,"فيما يخص الشَّوكَميبة (اختر الجواب الصحيح)

A) لا تعيش عادة في المياه.
B) تنتقل عبر الجلد أو الجهاز التنفسي عند السباحة في المياه الملوثة.
C) تكون فيه الهيولي متمايزة إلى خارجية وداخلية
D) تشكل رجل واحدة في حين أن النِّيجَارِيَّةُ تشكل عدة أرجل كاذبة.
E) تسبب التهاب الملتحمة و القرينة عند المثبطين مناعياً.",B,B
3291,"إن المتحول disperse مسؤول عن إصابات المتحول الحال للنسج المسجلة سابقا بنسبة:

A) 10 % من الإصابات
B) 20 % من الإصابات
C) 30 % من الإصابات
D) 40 % من الإصابات
E) 90 % من الإصابات",B,E
3292,"تقدر عدد الأكياس البيضية المطروحة يوميا بالمقوسة البيضية ب:

A) 50 كيسة بيضية
B) 100 كيسة بيضية
C) 500 كيسة بيضية
D) 1000 كيسة بيضية
E) مليون كيسة بيضية",D,A
3293,"تظهر إيجابية اختبار سابين فيلدمان بعد العدوى ب:

A) 24 ساعة
B) 1-2 أسبوع
C) 4-6 أسبوع
D) ثلاثة أشهر
E) ستة أشهر",B,B
3294,"العدوى متعلقة بأكل لحوم الأسماك نوع Mullet

A) تعيش في الجزء الامامي من الأمعاء الدقيقة
B) بعائلتين متوسطين
C) انتى المنشقات تضع بيوض بشكل عناقيد عندما تكون من نوع
D) الدموية
E) الماسونية",C,C
3295,"يحتاج الشكل المعدي للمستخفية بارفوم ليصبح ناضجاً:

A) عدة ساعات
B) أسبوع
C) أسبوعين
D) شهر
E) ناضجة فور خروجها",B,E
3296,"تمتاز الملقوات العفجية بكل الصفات التالية عدا:

A) بطول الأنثى 8-22 ملم
B) بعرض 0.4 ملم
C) بفم انتهائي ذو أسنان خطافيه
D) بثلاث أزواج من الأسنان
E) بمسافة واضحة بين البيضة وقشرتها",E,C
3297,"تتصف المنشقة الدموية بكل مايلي عدا

A) 5-4 خصي للذكر
B) بمحاجم فموية وبطنية وتناسلية قريبة من بعضها
C) بطول ١٠-١٥ملم للذكر
D) ببشرة ملساء للانثى
E) برحم طويل للانثى يتضمن ۲۰ - ٣٠ بيضة",A,B
3298,"البابيسيا

A) الشعرينة الحلزونية احياناً
B) المتقبية الكروزية
C) تتمايز المتحولة اليودية البوتشيلية بكل مايلي عدا
D) قطر ۱۰ میکرون
E) فجوات هيولية خشنة",C,C
3299,"تمتاز المثقبية brucei بأنها:

A) خامجة للإنسان أحيانا
B) خامجة للحيوان
C) تسبب حمى شديدة عند الإنسان
D) لا تعتبر من المسوطات الدموية
E) تنتشر في أمريكا الجنوبية",A,B
3300,"من العوامل التي تزيد من الإصابة بالزقية القولونية:

A) بعض الأماكن الجغرافية
B) كثرة تناول اللحوم
C) كثرة تناول النشويات
D) كثرة تناول الأطعمة البحرية
E) تناول العقول التتراسيكلين لفترة طويلة",A,C
3301,"يبدي الشكل الناشط للتكليريافوليري أذرع هيولية يقدر عددها ب:

A) واحد
B) اثنان
C) ثلاثة
D) أربعة
E) بعدم وجد أذرع هيولية",D,E
3302,"أطول الديدان التالية

A) ثنائية الفوهات الكلبية.
B) الصفر الخراطيني
C) المسلكة شعرية الراس
D) المحرشفة القزمة
E) المشوكة الحبيبية",C,A
3303,"كل ما يلي صحيح فيما يتعلق بالمتكيسة العضلية ما عدا:

A) الثوي النهائي هو اللواحم
B) يتضمن الكيسة البيضية اثنين من الكيسات حميات البوغية بدون حاجز يفصل بينهما
C) تحوي كل كيسة بوغية على ٤ حيوانات بوغية
D) يسبب إصابة معوية عند تناول الإنسان لحوم المجترات
E) التشخيص صعب بسبب تشابه الكيسات البيضية مع خفيات الأبواغ",B,E
3304,"الوسط المناسب لتكاثر المشعرة المهبلية يكون عند درجة pH:

A) 2025-05-06 0:00:00
B) 4-4.5
C) 2025-03-04 0:00:00
D) 2025-07-08 0:00:00
E) أكثر من 8",B,A
3305,"من أكبر المتحولات:

A) المتحول الهارتماني
B) المتحول القولوني
C) المتحول اللثوي
D) الوئيدة القزمة
E) المتحولة اليودية البوتشيلية",A,B
3306,"يتضمن الوسط المناسب لنمو الشعرة المهبلية كل مما يلي عدا:

A) Cysteine
B) Peptose
C) Liver
D) ضغط O₂ منخفض
E) Maltose",E,D
3307,"أصيب شخص بالسل والمكورات الرئوية حدد التصنيف الصحيح لهذا المرض:

A) عدوى رئيسية
B) عدوى ثانوية
C) عدوى مضاعفة
D) عدوى مختلطة
E) عدوى انتكاسية",B,D
3308,"اختر العبارة الصحيحة فيما يخص التهاب الكبد A الفيروسي:

A) ترتفع أنزيمات الكبد عند الاصابة بالفيروس
B) تنتقل العدوى بالاتصال الجنسي
C) يظهر الفيروس في البراز قبل يومين فقط من ظهور الأعراض
D) ينتمي الفيروس المسبب الى فيروسات RNA المغلفة
E) يشفى المريض غالبا خلال يومين",A,A
3309,"أكبر البيوض حجما العائدة ل

A) الصفر الخراطيي
B) المسلكة شعرية الراس
C) الشريطية العزلاء
D) الشريطية المسلحة
E) المنشقة الدموية",D,E
3310,"نجد اللاقحة المتحركة ookinete ضمن أطوار طفيلي:

A) البابيسيا
B) المنشقات
C) المتصورات
D) الليشمانيا
E) المثقبيات",B,C
3311,"تنتقل الأكانتامييا إلى الإنسان عبر الطرق التالية عدا:

A) البلع
B) الجلد
C) الاستنشاق
D) العين
E) الجنس",B,E
3312,"المقوسة العددية

A) اللشمانيا دونوقاني
B) كل الطفيليات التالية تحدث فقرأ للدم في سياق خمجها عدا
C) الموساء العريضة
D) الملقوة العلجية
E) المتصورات",B,E
3313,"تتوضع الأسطوانية الشعرية عند الإنسان في :

A) الأنسجة اتلعضلية
B) الدم واللمف
C) الأمعاء الدقيقة
D) الطرق الصفراوية
E) الدماغ",C,C
3314,"يتصف اختبار كازوني بكل مايلي عدا

A) بأنه يعود للعالم كازوني عام ۱۹۱۱
B) يتم بحقن مستضد من الكيسة العذارية
C) مكان الحقن في ادمة جلد الساعد
D) الإيجابية تظهر بشكل حطاطة بقطره ملم
E) يفضل قراءة النتيجة بعد حوالي ٦ ساعات",B,E
3315,"تنتهي المرحلة الخارج خلوية للمتصورات بتحرر:

A) الأقاسيم المتحركة
B) المتقسمة
C) الشكل الخاتمي
D) الشكل الأميبي
E) الحيوانات البوغية",C,A
3316,"أي من المثقوبات التالية يكون فيها المبيض خلف الخصيتين؟

A) المتورقة المبدية
B) متفرعة الخصية الصينية
C) متفرعة المعي المغصنة
D) الخيفانة الخيفاء
E) كل ما ورد خطأ",E,C
3317,"العامل الذي يفرز الزيفان المعوي verocx

A) Actinomces Israeli
B) Lactobacillus
C) E. coli
D) Clostridium difficle
E) Bacillus anthracis",D,E
3318,"تتمايز الليشمانيا الجلدية الرطبة عن الجافة بكل ما يلي عدا:

A) بفترة حضانة أطول
B) بآفة جلدية أكبر
C) بإنتان ثانوي أكبر
D) بكثرة شيوعها في الريف
E) بخطأ كل ماورد",E,A
3319,"بقطع جسمية تقدر ب ٢٠٠ قطعة

A) بقطع طولانية الشكل
B) بثلاث خصيات في القطع الناضجة
C) يتمايز راس المحرشفة القزمة ب
D) 4 محاجم فقط
E) 4 محاجم مع4 كلاليب",C,D
3320,"فيما يخص المتصورات المنجلية (اختر الجواب الصحيح):

A) نادراً ما تظهر الأشكال العرسية في الدم المحيطي
B) لا نجد أكثر من خاتم في الكرية الواحدة
C) لا توجد الأشكال الناشطة في الدم وإنما داخل الخلايا الكبدية
D) تتضخم الكريات الحمر المصابة وتصبح مشرشرة الحواف
E) تبدو المتقسمات على شكل حبة الفاصولياء",D,C
3321,"الملقبية الكروزية

A) البابيسيا
B) مستنبت يتضمن شحوم صفراوية ومخاطية معوية وخلايا اظهارية مع ضغط منخفض من 02 يصلح لاستنبات
C) الجيارديا
D) المستخفيات بارقوم
E) المتصورات",B,A
3322,"تتميز المنشقات عن بقية الديدان المثقوبة بـ:

A) بأعورين غير ملتحمين
B) بيوض غير مغطاة
C) بأطوار ريديه
D) بعدوي غير متعلقة بأكل لحوم الأسماك
E) بمحفظات ذات ذيل طويل غير متفرع",A,B
3323,"اكثر الديدان التالية وضعاً للبيوض عبر البراز  هي

A) الأسكاريس
B) العوساء العريضة
C) المملكة شعرية الراس
D) الاسطوانية الشعرية
E) كلهم متساوين في وضع البيوض",A,B
3324,"تأخذ المتورقة الكبدية زمنا للتطور داخل العائل المتوسط يقدر ب:

A) 10-14 يوم
B) 1-2 شهر
C) 3-4 أشهر
D) 1-2 يوم
E) 1-2 أسبوع",B,B
3325,"كل ما يلي صحيح فيما يتعلق بالمشعرات المهبلية ما عدا:

A) تستعمر المشعرات المهبلية مخاطية وغدد السبيل البولي التناسلي المذكر والمؤنث.
B) للأتاريف شكل أجاصي مضغوط.
C) لا يوجد هناك طور كيسي في دورة حياة هذه المتعضيات.
D) يعتبر الإنسان والحيوانات الثديية الثوي الوحيد
E) يحدث الانتقال من إنسان إلى آخر عند الاتصال الجنسي.",A,D
3326,"كل ما يلي عن الصفات التركيبية للفطور صحيح ما عدا :

A) لا تمتلك اليخضور
B) تعتبر مملكة مستقلة لا تنتمي لمملكة الحيوانات أو النباتات
C) هي خلايا حقيقية النواة Eucaryotes
D) يحتوي الغشاء السيتوبلاسمي على Ergosterin
E) يحتوي على البيبتيدو غليكان كما هو الحال عند الجراثيم",E,E
3327,"تتصف إسهالات الإصابة بالمستخفات بـ:

A) إسهالات مدماة
B) إسهالات مخاطية
C) إسهالات دهنية
D) إسهالات مائية
E) إسهالات ذات رائحة كريهة",D,D
3328,"النيابة ذهبية العيون Clarysop هي ثوي ناقل ل

A) الفخرية البنكروفتية
B) كلابية الذنب الملتوية
C) اللو الوا
D) المحروقة الصغيرة
E) المثقبية الكروزية",B,C
3329,"كل مما يلي صحيح للتفريق بين السالمونيلا والشيغيلا ما عدا:

A) الشيغيلا متحركة أما السالمونيلا غير متحركة
B) السالمونيلا تطلق H2S أما الشيغيلا فلا تطلقه
C) الشيغيلا لها رائحة الحيوانات المنوية أما السالمونيلا فلا رائحة لها
D) الشيغيلا تصيب الأنسان فقط أما السالمونيلا فإنها تصيب الحيوان والإنسان
E) تعالج الشيغيلا بلسبيرو فلاكساسين أما السالمونيلا تعالج بالسفتریاکسون",A,A
3330,"تمتاز ذبابة الرمل بكل مايلي عدا

A) بثلاثة ازواج من الارجل
B) بلوامس مشعرة مؤلفة من عدة قطع
C) بقرون استشعار طويلة عند الذكر
D) بخرطوم اطول من قرون الاستشعار
E) ببطن منتهية بملقط خاص عند الذكر",D,D
3331,"عام

A) عامين
B) خمسة اعوام
C) تتظاهر متلازمة كانا ياما بكل ما يلي عدا
D) بضخامة كبدية وطحاليةm
E) حمى مع عرواءات",C,C
3332,"كل ما يلي صحيح عن حمى بونتيناك ما عدا:

A) اعراضها الم عضلي وقشعريرة
B) الانذار سليم
C) الشفاء تلقائي
D) الاصابة حميدة
E) تصيب الرئتين",B,E
3333,"لعلاج الصفر الخراطيني عند الاطفال تحت عمر السنتين يفضل

A) البرازيكوانتيل
B) میبندازول
C) بارانتيل باموات
D) ليفاميزول
E) ثيابندازول",A,C
3334,"الجرثوم الذي يكون عائله الرئيسي الأرنب وعائله الثانوي الانسان هو:

A) pasturella
B) Brucellia
C) Yersenia
D) Legionella
E) Francisella",A,E
3335,"تتكاثر خبيطيات الفخرية البنكروفتية في:

A) امعاء البعوض
B) الغدد اللعابية للبعوض
C) الأوعية اللمفاوية للانسان
D) أمعاء الانسان
E) جوف الجوادف",A,C
3336,"يستخدم عقار melarsporol في علاج:

A) الأسطوانية البرازية
B) الشعرية الحلزونية
C) الفخرية البنكروفيتية
D) المثقبية الغامبية
E) التنينة المدينية",D,D
3337,"يُستخدم البرازيكوننتل بجرعة أكبر في علاج:

A) المنشقة الدموية
B) المنشقة اليابانية
C) المنشقة الماسونية
D) المنشقة الكبدية
E) المنشقة المتلاحمة",D,B
3338,"هناك امكانية لانتقال العدوى الطفيلية من شخص لاخر عند الخمج التالي ب

A) الصفر الخراطيني
B) الملقوة العنجية
C) المسلكة شعرية الرأس
D) المرمية الدودية
E) المشوكة الحبيبية",C,D
3339,"كل ما يلي حول طرق العدوى في المقوسات صحيح ماعدا:

A) تناول الأغذية الملوثة ببراز القطط المخموجة
B) التماس المباشر مع القطط المخموجة وبرازها الذي يحوي الأكياس الكاذبة
C) تناول اللحوم النية
D) عمليات نقل الدم
E) عمليات نقل الأعضاء",C,B
3340,"Tetra cholor ethylene

A) Thiabendazole
B) Metronidazole
C) أي من الاخماج الطفيلية التي تسبب انحلالة دمويا
D) المتبانغة البشرية
E) المقوسة الغندية",C,C
3341,"أفضل أماكن الخزع التشخيصية القندية في جسم الإنسان:

A) الكبد
B) الطحال
C) الدماغ
D) العقد اللمفاوية
E) الدم ونقي العظم",D,B
3342,"كل الأمراض الثانية تسببها المكورات الرئوية ما عدا:

A) التهاب مفاصل
B) التهاب أذن وسطى
C) التهاب سحايا وباني
D) ذات رئة
E) التهاب جيوب أنفية",A,C
3343,"ناشط من الأوالي كبير الحجم يتضمن نواة على شكل الكلية في منتصف الهيولي مع نواة تكاثرية صغيرة يعود ل:

A) المشعرة المهبلية
B) الوئيدة القزمة
C) القريبة القولونية
D) المستخفية parvum
E) الجيارديا اللمبلية",D,C
3344,"أنسب تشخيص لحالة إسهال حدث بعد أسبوعين من مغادرة منطقة متدنية النظافة هو:

A) الاسطوانية البرازية
B) الجيارديا اللمبلية
C) المنشقات
D) المتصورات
E) المستخفيات",B,B
3345,"تعتبر حشرة Simulium ناقل ل :

A) المتصورات
B) كلابية الذنب الملتوية
C) الفخرية البنكروفتية
D) مشوكة الشفة اللجوجة
E) التنينة المدينيية",D,B
3346,"كل الصادات التالية تمنع تشكل جدار الخلية الجرثومية ماعدا

A) الفانكومايسين
B) سيفادروكسيل
C) اوغمنتين
D) جنتاميسين
E) باستراسين",B,D
3347,"تتمايز كيسة المتحول الثنائية الهشة بوجود:

A) نواة.
B) نواتين.
C) 3 نوات
D) 0 نواة
E) كل ما ورد خطأ",D,E
3348,"كل ما يلي حول داء اللايشمتيات الحشوي (كالازار) صحيح ماعدا:

A) تحدث حمى وتورم طحال وكبد وعقد لمفية ونقص البيض والصفيحات وفقر دم
B) تترافق بعض الحالات باليرقان والحبن والوذمات بسبب نقص بروتينات الدم.
C) يحدث تصبغ الجلد (المرض الأسود).
D) من مضاعفات المرض ذات رئة قصبية ونزوف
E) يحدث عادة قصور كلوي نتيجة مهاجمة الطفيلي للكلية.",E,E
3349,"الانزايد

A) متاخرة الخصية الهرية
B) جانبية المناسل الوسترمائية
C) من صفات بيوض الصفر للنقش Unifertilised eggs كل مايلي عدا :
D) طول ۱۰ میکرون
E) ذات طبقة خارجية خشنة",A,D
3350,"من افضل وسائل الوقاية المتبعة لمنع انتشار المتورقة الكبدية

A) عدم اطعام الحيوانات النباتات الملوثة
B) غسل النباتات المائية او غليها قبل تناولها
C) بالقضاء على العائل المتوسط
D) ارتداء احذية واقية اثناء العمل بالارض
E) عدم تلويث المياه بالمخلفات البشرية أو الحيوانية",C,D
3351,"بلوهات تناسلية نائلة

A) بخصيات ذات عند أكثر
B) يرحم ذو عدد بيوض أكثر
C) نجد Germ Balls في طور
D) Cercaria
E) Meracidium",C,D
3352,"تتمايز البراغيث فيما بينها بالامشاط و

A) اللون
B) الشعرة المنصبة
C) عدد القطع الصدرية
D) عدد القطع البطنية
E) وجود المشابك الجنسية",B,B
3353,"كل ما يلي صحيح فيما يتعلق باللايشمانيا ماعدا :

A) يتواجد الطور اللامسوط في الإنسان والحيوانات الفقارية داخل الكريات البيضاء والبالعات
B) عند الصبغ بصبغة غيمزا تتلون النواة بلون أحمر بنفسجي فيما تتلون الهيولي باللون الأزرق الفاتح
C) تعيش هذه الطفيليات وتتكاثر داخل الجهاز الشبكي البطاني
D) يشاهد طليعة الشكل المسوط في العائل الناقل ويدعى بالشكل خارج الخلوي
E) يتواجد الغشاء المتموج في طليعة الشكل المسوط",C,E
3354,"كل ما يلي عن القطار الجِلْدِي Dermatophytosis صحيح ماعدا :

A) هي فطور محبة للكيراتين
B) الفطور الشغروية Trichophyton تصيب الجلد والأشعار والأظافر
C) تصيب الفطور البويغائية Microsporum الجلد والأشعار فقط
D) تصيب الفطور البشروية Epidermophyton الجلد والأظافر فقط
E) الإصابة بها تسمى السعفات Tinea saginata",D,E
3355,"العوساء العريضة

A) الشعرية الحلزونية
B) الشريطية المزلاء
C) تتصف البراغيث بكل ما يلي عدا
D) براس صغير مع زوج طويل من قرون الاستشعار
E) بطور عذراء ذات شريقة",B,A
3356,"الثوي المتوسط المتورقة البوسكية:

A) planorbids
B) Prunella
C) Bithinea
D) Apatosaurus
E) Cailliadi",A,A
3357,"كل ما يلي حول داء اللايشمانيات الجلدي صحيح ماعدا:

A) الليشتيا الكبرى هي العامل المسبب للشكل الريفي
B) الليشمانيا المدارية هي العامل المسبب للشكل الحاد
C) تعتبر القوارض المستودع الرئيسي للشكل الرطب
D) العامل الناقل للشكل الرطب هو P. papatasi
E) نادراً ما تكون الآفة متعددة في الشكل المدني",B,B
3358,"فحص عدة عينات بأيام متتالية حين السلبية

A) عدم التلوث بالماء او البول
B) عدم تناول الباريوم
C) من المبيدات اللمعية للمتحول الحال للنسج :
D) دایلو کسانید
E) تینیدازول",D,A
3359,"تتوضع المستخفيات عند الإنسان في:

A) الأثني عشر
B) الأمعاء الدقيقة
C) الأمعاء الغليظة
D) الأمعاء الدقيقة والغليظة
E) المستقيم بشكل خاص",B,D
3360,"فيما يخص الشوكميبة (إختر الجواب الصحيح) :

A) لا تعيش عادة في المياه
B) تنتقل عبر الجلد أو الجهاز التنفسي عند السياحة في المياه الملوثة
C) تكون فيه الهيولي متمايزة إلى خارجية وداخلية
D) تشكل رجل واحدة في حين أن النيجرلية تشكل عدة أرجل كاذبة
E) تسبب إلتهاب الملتحمة والقرينة عند المثبطين مناعياً",B,B
3361,"يستخدم دواء الايفرميكتين في علاج الطفيليات التالية عدا:

A) الخيطيات الخبيثة
B) كلابية الذئب الملتوية
C) اللوالوا
D) الفخرية البنكروفتية
E) التنينة المدينية",E,E
3362,"تشاهد علامات ونتربوتوم في:

A) المثقبية الأفريقية
B) كلابية الذئب الملتوية
C) الملقوة الكلبية
D) اللوالوا
E) الديدان القوسية",C,A
3363,"كل ما يلي يعتبر نتائج لأنماط التكاثر غير الجنسي عند الفطور ماعدا:

A) الأبواغ الدعامية Basidiospore
B) الأبواغ المتدثرة Chlamydospore
C) الأبواغ الغبيرية Conidia
D) الأبواغ المفصليةArthrospore
E) الأبواغ المتبرعمة Blastospore",E,A
3364,"اختر العبارة الصحيحة عن S.pyogens

A) تفرز أنزيم الهيالورونيداز الذي يمنع تخثر الدم
B) لا يمكن معالجتها بالبنسلين
C) تفرز ذيفان Erythrogenic المسبب للحمى القرمزية
D) تسبب انحلالا للدم نمط ألفا
E) لديها ذيفان حال للدم H و O",C,C
3365,"المسبب لداء هجرة اليرقات الجلدي :

A) الشريطية
B) الديدان القوسية
C) الشعرية الحلزونية
D) مشركة الشفة اللجوجة",B,B
3366,"تعود التسمية اللاتينية للديدان المثقوبة ب:

A) الغير مقطعة
B) ورقة الشجر
C) الممصات
D) التسطح
E) الثقب",C,C
3367,"الاسكاريس

A) الشعرية الحلزونية
B) المسلكة شعرية الراس
C) لتشخيص الخيطيات باللطاقة الدموية يستخدم صبغة
D) غرام
E) هيماتوكسيلين",C,B
3368,"كل مما يلي صحيح عن جراثيم E.coli ما عدا:

A) لها مستضد هدبي H مكون من بروتين وآخر K يتكون من سكريات
B) تشكل 40% من أسباب إنتان الطرق البولية الجرثومي
C) المجموعة EIEC منها تسبب إسهالا منشابهاً مع الشيغيلا الزحارية
D) تفيد في الكشف عن تلوث الآبار أو الحليب بالبراز
E) المجموعة EPEC تسبب التهاب الأمعاء الطفلي ولا تنتج ذيفانات",A,B
3369,"تمتاز بيوض الملقوة العفجية بكل ما يلي عدا:

A) بشكل بيضوي
B) بغلاف خارجي عديم اللون
C) بجنين يطور الأربع خلايا غالباً
D) بمسافة بين البيضة والغلاف
E) بإطراح يومي يقدر بـ 50 مليون بيضة لكل أنثي",C,E
3370,"يستخدم مركب تتراكلور ايتلين في علاج:

A) المسلكة شعرية الرأس
B) ثنائية الفوهة الكلبية
C) الشعراوية الحلزونية
D) الملقوة العفجية
E) اللوالوا",A,D
3371,"العلاج المناسب المتحولة العصبية: naegleria fowleria

A) البرازيكونتيل
B) النيكلوساميد
C) الأمفوتريسين
D) الكينين
E) المترونيدازول",C,C
3372,"اختر العبارة الخاطئة عن الذيفانات الداخلية للجراثيم:

A) ذات سمية ضعيفة
B) لا تحث الجسم على تشكيل اضداد ولا يوجد مناعة ضدها
C) يمكن لجراثيم السلمونيلا ان تفرزها
D) تقاوم درجة الحرارة 60 مئوية
E) من تطبيقاتها لقاح DTP",B,E
3373,"كل مما يلي يعتبر من المتحولات المعوية ما عدا:

A) المتحولة الحالة للنسج
B) المتحولة الهارتمانية
C) الونيدة الضخمة
D) المتحولة الثنائية الهشة
E) المتحولة اليودية البوتشيلية",C,C
3374,"يتوافق اختلاط التحلل الدموي داخل وعائي مع المتصورة المنجلية عندما يبلغ خمج الكريات الحمراء أكثر من:

A) 0.01
B) 0.02
C) 0.05
D) 0.1
E) 0.2",B,C
3375,"إحدى سلالات E. coli تلتصق إلى جدار الأمعاء وتسبب تخريب وضياع في الزعابات المعوية:

A) الممرضة للأمعاء EPEC
B) المنتجة للذيفان المعوي ETEC
C) الغازية للأمعاء EIEC
D) الساعة للخلايا VTEC
E) المكننة للأمعاء BAggEC",A,A
3376,"بنواة مركزية

A) بجسيم حركي امام النواة
B) اي من الاطوار التالية نجد فيها نواتين
C) كيسة المعانية البشرية
D) كيسة المتحولة الثنائية الهشة
E) كيسة الوليدة القزمة",B,A
3377,"يحدث الخمج الداخلي عند الإصابة بالمستخفي paravum في:

A) %20 من الكيسات البيضية المطروحة
B) %20 من الإصابات عموماً
C) %20 من الإصابات الشديدة فقط
D) %20 من الأقاسيم المتحركة
E) %20 من الكيسات البوغية",B,A
3378,"تتصف الخيفاتة الخيفاء بكل ما يلي عدا

A) اصغر المنقوبات
B) بدورة حياة قصيرة تندر باسبوع . العدوى منطقة بأكل لحوم الاسماك نوع Mullet
C) تعيش في الجزء الأمامي من الاسماء الدقيقة
D) بعائلين متوسطين",B,D
3379,"الديدان التي تأخذ شكل حرف Y عند التزاوج  :

A) المسلكة شعرية الرأس
B) الإسكاريس
C) الملقوة العفجية
D) المنشقات عموماً
E) جانبية المناسل الوسترمانية",D,C
3380,"كل ما يلي يعتبر من أنواع الفطور الكاذبة ماعدا:

A) الفطور المخاطية
B) فطور فليقية
C) الفطور الشعية
D) النوكارديا
E) الفطور الزقية",D,E
3381,"جانبية المناسل الوسترمانية

A) الصفر الخراطيني
B) المشوكة الحبيبية
C) تستطيع بيوض الاسكاريس في درجة حرارة ية في التراب لفترة ١٠ مئوية البقاء حية في:
D) ثلاثة اشهر
E) سنة اشهر",C,D
3382,"تصبغ الأكياس النسيجية للمقوسة القندية بصباغ:

A) الفضة
B) حمض سيف
C) رايت
D) جيسا
E) اليود",A,A
3383,"من أصغر الديدان المثقوبة:

A) المتورقة الكبدية
B) الخيفاتة الخيفاء
C) متفرعة الخصية الصينية
D) جانبية المتناسل الفسر مائية
E) المنشقة اليابانية",B,B
3384,"كل ما يلي صحيح عن اسواط الجراثيم ما عدا:

A) يكون السوط اطول من الخلية الجرثومية
B) بعض الجراثيم لها سوط واحد وبعضها متعدد الاسواط
C) تحوي مستضدات من النمط K
D) كل المكورات لها سياط
E) تفيد السياط في التمييز بين السلمونيلا والشيغيلا",D,C
3385,"تتوضع الإصابة بالمتبائغة غالباً في:

A) المريء
B) المعدة
C) الأعور
D) الدقاق
E) الصائم",C,E
3386,"تتوضع يرقات الأسطوانية الوعائية عند الإنسان في

A) الرئة
B) العضلات
C) الدم
D) الجهاز العصبي المركزي
E) الأمعاء",C,D
3387,"من ميزات الجذام الدرني

A) الإصابة خطيرة ومتطورة
B) يسبب إصابة عصبية متناظرة
C) المناعة الخلوية تكون معطوبة
D) يكون اختيار الجذامين سلبياً
E) عند الفحص المجهري تلاحظ عصيات الجذام بأعداد كبيرة",B,B
3388,"كل ما يرد صحيح بالنسبة للمتصورات عدا:

A) تحدث المتصورات النشيطة تحدث حمى ثلاثية
B) المتصورة الوبالية تزمن أيانا
C) المتصورة المنجلية تحدث حمى غير منتظمة
D) المتصورة قد تنكس
E) صعوبة استجابة للعلاج في المتصورة",C,E
3389,"كل ما يتعلق بـ المُتكَيسَةُ العَضَلِيةُ البَشَرِيَّة صحيح ما عدا :

A) تتكاثر لا جنسياً في الأبقار والخنازير
B) يتم التكاثر الجنسي عند الإنسان
C) لا يتم تكوين أطوار لاجنسية عند الإنسان
D) تطور الطفيلي في الإنسان داخل خلوياً
E) الطور الخامج هو الكيسات البوغية الموجودة في براز الأبقار والخنازير",A,E
3390,"تتمايز المتورقة الكبدية العملاقة بكل ما يلي عدا:

A) أكثر انتشارا في شرق آسيا
B) الثوي المتوسط من نوع Cailliadi
C) بتواضع الغدد التناسلية في الجزء الأمامي
D) من أكبر المتوركات حجما
E) تسمىfasciola gigantica",B,C
3391,"فقر دم عرطل ممكن مشاهدته عند الإصابة ب:

A) المتحول النسيجي
B) الزقية القولونية
C) خفيات الأبواغ
D) الجيارديا اللمبلية
E) خطأ كل ما ورد",E,D
3392,"كل ما يلي حول داء اللايشمانيات الحشوي (كالأزار) صحيح ما عدا :

A) تحدث حمى وتورم طحال وكبد وعقد لمفية ونقص البيض والصفيحات وفقر دم
B) تترافق بعض الحالات باليرقان والحبن والوذمات بسبب نقصبروتينات الدم
C) يحدث تصبغ الجلد (المرض الأسود)
D) من مضاعفات المرض ذات رئة قصبية ونزوف
E) يحدث قصور كلوي نتيجة مهاجمة الطفيلي للكلية",E,E
3393,"أهم المستودعات الحيوانية للمتوركة البوسكية:

A) الأبقار
B) الخراف
C) الأسماك
D) الخنازير
E) القطط",D,D
3394,"تزداد الإصابة بالجيارديا اللمبلية مع كل مما يلي، عدا:

A) التهاب البنكرياس المزمن
B) سوء الامتصاص
C) نقص حموضة المعدة
D) بعض الأمراض المناعية الخلقية والمكتسبة
E) داء السكري",C,E
3395,"بنهاية مستقيمة

A) بلون ابيض مائل للصغار بعد موتها
B) العلاج المناسب للمتحولة العصبية Naeglerin Fowleri
C) البرازيكوانتيل
D) النيكلوساميد
E) الامنوتيرسين",B,C
3396,"من صفات بيوض الصفر الخراطيني الغير قابلة للنتش Unifertilised eggs والمقشورة كل مايلي عدا

A) طول ۹۰ ميكرون
B) ذات طبقة خارجية
C) تحتوي حبيبات كاسرة للضوء
D) لا تطوف بسهولة بالمحاليل المشبعة
E) ذات شكل مستطيلي",D,B
3397,"المتحول الحال للنسج

A) القريبة القولونية
B) اقل عدد من الأدوية موجود في كينه
C) المتحول النسيجي
D) Polecki المتحول
E) المتحول القولوني",C,B
3398,"عزل البيوض من براز شخص مصاب بالسرمية الدويدية تكشف

A) ١٠٠%  من الاصابات
B) 75%  من الاصابات
C) 50% من الاصابات
D) ١٠%  من الاصابات
E) 5% من الاصابات",D,E
3399,"الطفيلي الذي يمكن أن ينتقل عن طريق نقل الدم هو (اختر الجواب الصحيح):

A) المتصورات الوبالية
B) النجليريا الدجاجية
C) المشعرات المهبلية
D) الجيارديا اللمبلية
E) اللشمانيا المدارية",A,A
3400,"يعتبر الرخويBrotia ثوي متوسط ل

A) جانبية المناسل الوسترمانية
B) المتورقة الكبدية
C) الخيفانة الخيفاء
D) متفرعة المعنى المغصنة
E) متفرعة الخصية الصينية",B,A
3401,"يوجد أربعة نوى في كل الأكياس التالية عدا:

A) المتحول اللثوي
B) الوئيدية القزمة
C) المتحولة الهارتمانية
D) المتحول dispar",C,A
3402,"حد العبارة الخاطئة حول المكورات السبحية الخضراء:

A) قد تسبب تسوس الأسنان
B) يتم تشخيصها بزرع الدم
C) قد تسبب التهاب شغاف القلب الجرثومي تحت الحاد
D) توجد في الأمعاء والجهاز التناسلي
E) تحلل الدم من النمط بيتا",E,E
3403,"إن التقرير السريري وفحص اللطاخة ومعايرة الأضداد تكشف الإصابة بالمثقبية الإفريقية بنسبة:

A) 0.1
B) 0.2
C) 0.5
D) 0.8",D,D
3404,"اليابانية

A) الكبدية
B) المقتحمة
C) خلال حشرة Lutzomyia طفيلي المسبب ل
D) الليشمانيا الجادية
E) اللشمانيا الجلدية المخاطية",C,B
3405,"كل ما يلي صديح حول المتحولة الحالة للنسج ماعدا:

A) تعيش المتحولة الحالة النسيج في الأمعاء الغليظة الإنسان
B) تكون الأتاريف في لمعة الأمعاء في احتكاك مع المخاطية
C) تكون نواة الأتروفة كبيرة نسبيا تظهر كروماتين متوضع على حافة النواة
D) تتكاثر بالإنقسام المضاعف ولا يوجد تكاثر جنسي
E) لا تسبب خراجات عند الإنسان",B,E
3406,"تتميز المتصورة المنجلية عن بقية الأنواع بكل ما يلي عدا:

A) بفترة حضانة أقصر
B) بوجود أكثر من خاتم في الكرية الحمراء أحيانا
C) بنسبة نكس عالية
D) بخمجة دموية عالية تتجاوز 20% من عدد الكريات الحمر
E) C+D",A,E
3407,"أي من الموسطات التالية يمتلك ثلمًا حلزونيًا؟

A) المشعرة المهبلية
B) القعساء المعوية
C) المشعرة اللاطئة
D) شفوية السياط المنسلية
E) المشعرة البشرية",A,D
3408,"الشكل المعدي للانسان من متفرعة الخصية الصينية

A) البيضة
B) خليفة المذنبة
C) الحيوان البوغي
D) المذنب
E) المهذبة .",B,B
3409,"كل الديدان التالية تتوضع في المجاري الصفراوية عدا

A) المتورقة الكندية
B) متأخرة الخصية البرية
C) منقرعة الخصية الصينية
D) المتورقة العملاقة
E) المتورقة البوسكية",A,E
3410,"تتوضع الأسطوانية البرازية عند الإنسان في

A) الجزء النهائي من الدقاق
B) الجزء الأمامي من الصائم
C) الاثنى عشر
D) الأعور
E) القولونات",C,B
3411,"بطور ربوي .

A) بفترة حياة قد تصل ل ٣٠ سنة
B) بعدوى ذاتية داخلية وخارجية
C) تتمايز الفتاكة الامريكية عن الملقوة العفجية بكل ما يلي عدا:
D) اقصر طولا
E) بيبوض اصغر حجما",C,C
3412,"بالنسبة لمتفرعة الخصية الصينية:

A) الشكل المعدي هو البيضة
B) الشكل المعدي هو خليفة المذنب
C) الشكل المعدي للإنسان هو الحيوان البوغي
D) الشكل المعدي للإنسان هو المذنبة
E) الشكل المعدي للإنسان هو المهدبة",D,C
3413,"تتسم متماثله التوابع البديعة بما يلي (اختر الجواب الصحيح)

A) تحدث دورة الحياة الجنسية في القوارض
B) الشكل المعدي هو الكيسة البيضية الموجودة في براز القطط
C) تحتاج الكيسة البيضية إلى فترة زمنية لتصبح معنية
D) المستودع الحيواني هو المواشي
E) يتم انتقال العدوى عبر الطريق التنفسي",B,C
3414,"أكياس بيضية مقاومة للحمض تحوي أرومتين بوغيتين ذات شكل قاروري بقطر 15x25 ميكرون تعود لـ:

A) المقوسة القندية
B) المتكيسة الرئوية الكارينية
C) المتبائغة belli
D) المستخفية paravum
E) المتصورة المنجلية",B,C
3415,"تتشكل التقسيمات النائمة hypnozoites في:

A) كل أنواع المتصورات
B) في النشيطة والنجيلية
C) في النشيطة والبيضوية
D) في المنجلية فقط
E) في النشيطة فقط",D,C
3416,"يحتاج الخمج بالفخرية البنكروفتية للإنسان لعدد من لسعات الثوي الناقل تقدر ب  :

A) لسعة واحدة
B) لسعة واحدة لمة اسبوع
C) عشرات اللسعات
D) آلاف اللسعات
E) لا تنتقل عبر الحشرات",B,D
3417,"كل الأمراض التابة سببها ذيفانات العنقودية المذهبة ما عدا:

A) الحمى الرمزية
B) تناذر الجلد المسمط SSS
C) التهاب حب الشباب
D) التسمم الغذائي
E) متلازمة الصدمة الذيفانية مع إقياء وإسهال",C,A
3418,"تتصف المشوكة المتعددة الفجوات بكل مايلي عدا

A) بنوي نهائي قد يكون الثعالب
B) بثوي متوسط قد يكون احد القوارض البرية
C) اقل خطورة من المشركة الحبيبية.
D) بجسم يتألف من ٣-٥ قطع
E) بمصدر عدوى من الخضار والفواكه الملوثة",C,C
3419,"المستقيم فقط

A) المثانة فقط
B) تشاهد علامة Winter bottom مع الإصابة ب
C) المثقبية الافريقية
D) كلابية الذنب الملتوية
E) الملقوة الكلبية",B,A
3420,"داخل العائل الناقل تشاهد أطوار المتصورات التالية عدا:

A) المنقسمة
B) اللاقحة المتحركة
C) الكيسة البيضية
D) الحيوانات البوغية
E) اللاقحة",B,A
3421,"من مسببات داء هجرة اليرقات الجلدي

A) الشريطية المسلحة
B) الملقوة الكلبية
C) الديدان القوسية
D) الشعرية الحلزونية
E) مشوكة الشفة اللجوجة",B,B
3422,"عند إصابة المرأة بالمقوسات القندية للمرة الأولى أثناء الحمل يحدث كل ما يلي ما عدا:

A) إجهاض
B) ولادة ميت غالباً
C) استسقاء دماغ
D) تكلسات داخل دماغية
E) التهاب شبكية ومشيمية",C,B
3423,"عند إصابة المرأة بالمقومات القندية المرة الأولى أثناء الحمل يحدث كل ما يلي ما عدا:

A) اجهاض
B) حدوث حمل خارج الرحم
C) استسقاء دماغ عند الوليد
D) تكلمات داخل دماغية عند الوليد
E) التهاب شبكية ومشيمية عند الوليد",C,B
3424,"فيما يخص الحجاج:

A) يضم المقلة والعصب الشمي
B) له 4 جدران
C) جداره الإنسي مربع الشكل
D) جدرانه الباقية مثلثية وذروتها في الخلف
E) العصب البصري طوله (25) - (30) ملم",D,C
3425,"في الحروق الكيميائية:

A) تصيب المواد الحامضية الطبقات السطحية وتنفذ المواد القلوية إلى البيت الأمامي.
B) تصيب المواد القلوية الطبقات السطحية وتنفذ المواد الحامضية إلي البيت الأمامي
C) ينفذ كل من المواد الحامضية والقلوية للبيت الأمامي الحامضية إلى البيت الأمامي.
D) تصيب كل من المواد الحامضية والقلوية الطبقة السطحية فقط.
E) لا شيء مما سبق.",A,A
3426,"تنجم الشعرة عادة عن ما يلي عدا:

A) التراخوما
B) حروق الملتحمة
C) قرحات القرنية
D) رضوض الأجفان
E) تندبات الملتحمة",B,C
3427,"يعالج ورم الجذيعات الشبكية بما يلي عدا:

A) استئصال العين
B) تفريغ العين
C) التخثير الضوئي
D) العلاج الشعاعي
E) العلاج الكيميائي",E,C
3428,"داء بهجت:

A) مرض مزمن إنذاره جيد
B) يشاهد عند العقد الأول والثاني من الحياة
C) قد ينتهي بالتهاب عين ودي
D) إصابة القسم الأمامي للعنبة أكثر شيوعاً من الخلفي
E) كل ما سبق خطأ",E,E
3429,"يتألف الجدار الأنسي للحجاج من كل مما يلي ما عدا:

A) الصفيحة الورقية للعظم الغربالي
B) العظم الوتدي
C) العظم الدمعي
D) العظم الوجني
E) العظم الفكي",D,D
3430,"يتميز التهاب ما فوق الصلبة بما يلي عدا:

A) يحدث كارتكاس أليرجائي لذيفانات داخلية
B) وجود عقيدة
C) يوجد تبيغ في الأوعية العميقة
D) الملتحمة متحركة فوق العقيدة
E) يمكن أن تؤدي إلى حدوث العنبة الصلبية",A,E
3431,"كل ما يلي صحيح ما عدا:

A) غشاء بروك يفصل المشيمية عن الأتيليوم الشبكي الصباغي
B) الجسم الهدبي مسؤول عن إفراز الخلط الزجاجي
C) تعصب العضلة الموسعة للحدقة من العصب الودي
D) تتوضع العضلة الموسعة للحدقة في القسم المحيطي للقزحية
E) تتعصب العضلة المقبضة بعصب نظير ودي",A,B
3432,"أي العلامات التالية أكثر أهمية في توجيه التشخيص نحو التهاب القزحية والجسم الهدبي:

A) عين حمراء مؤلمة
B) خوف الضياء
C) الترسبات خلف القرنية
D) توسع الحدقة",C,D
3433,"أي من الموجودات التالية يجعلنا نصف اعتلال الشبكية السكرية بأنه تكاثري:

A) وجود نزوف نقطية
B) وجود نزوف بقعية
C) وجود نتجات قاسية
D) وجود أوعية مستحدثة
E) وجود أمهات دم دقيقة",D,C
3434,"أي الأمراض التالية أقلها ترافقاً بالتهاب قزحية وجسم هدبي:

A) التهاب الفقار اللاصق
B) التهاب المفاصل العديد عند الأطفال
C) متلازمة رايتر
D) التهاب المفاصل الصدفي
E) التهاب المفاصل الرثياني",B,C
3435,"يمكن أن يحدث الساد نتيجة للتعرض لما يلي عدا:

A) الأشعة تحت الحمراء
B) الأشعة فوق البنفسجية
C) الأشعة السينية
D) الأشعة المئينة
E) الأمواج فوق الصوتية",D,E
3436,"في التهاب المشيمية نصادف الأشكال الالتهابية التالية: (الخاطئة)

A) التهاب مشيمية نتحي
B) التهاب مشيمية منتثر
C) التهاب مشيمية أمامية
D) التهاب مشيمية مركزي
E) التهاب مشيمية زاوي",C,E
3437,"التهاب الهلل الحجاجي قبل الحجاب يترافق ب:

A) جحوظ
B) تحدد حركة العين
C) اضطراب التفاعل الحدقي
D) كل ما سبق خطأ
E) كل ما سبق صحيح",E,D
3438,"الشعرة Trichiasis:

A) هي الاتجاه الخلفي لبعض الأهداب عوضاً عن اتجاهها للأمام
B) هي التهاب حاد يصيب أشعار الأجفان
C) هي صف إضافي من الأهداب خلف غدد ميبوميان
D) هي تساقط الأهداب العفوي
E) هي التهاب حاد في غدد زايس",A,A
3439,"يتميز جفاف العين الناجم عن نقص إفراز الطبقة المخاطبة بما يلي عدا: f. يشاهد انقطاع سريع للفلم الدمعي

A) يحدث نتيجة تخريب الخلايا الكأسية
B) تعتبر متلازمة جوغرن من أهم أسبابه
C) يشاهد في الفقاع الكاذب
D) يبقى اختبار شيرمر طبيعياً
E) يشاهد انقطاع سريع للفلم الدمعي",E,B
3440,"في جروح القرنية.. كل ما يلي صح عدا:

A) قد تترك الصغيرة منها (1-2) ملم دون خياطة
B) تتراوح من صغيرة إلى ممتدة لتشمل الصلبة
C) إذا ترافق بتفتق قزحية ترح لمكانها أو نقطع الجزء المنفتق
D) تخاط بخيوط مجهرية
E) نقوم بتصنيع قرنية ثاقب إذا حصلت ندبة قرنية محيطية",E,E
3441,"يتغذى العصب البصري شريانياً من:

A) الشرايين الهدبية الخلفية القصيرة
B) الشرايين الهدبية الخلفية الطويلة
C) الشرايين الهدبية الأمامية
D) الشريان الشبكي المركزي
E) الإجابات a و d صحيحة",E,E
3442,"تشتق أقسام الجسم الهدبي التالية من الوريقة المتوسطة عدا:

A) الطبقة الظهارية الصباغية
B) المسافة فوق المشيمية
C) الطبقة العضلية
D) الصفيحة القاعدية (غشاء بروك)
E) الطبقة الوعائية",B,A
3443,"من الأسباب الشائعة لوذمة الأجفان ما يلي عدا:

A) رضوض الأجفان
B) القصور الكلوي
C) نار حالات تحسسية
D) التراخوما
E) السمع الحشرات",D,D
3444,"كل مما يلي من أسباب التهاب العنبة الأمامية ما عدا: #26#

A) التهاب القزحية والجسم الهدبي المتباين اللون لفوكس
B) التهاب القرنية والعنبة بحمة العقبولة
C) التهاب العنبة السلي
D) متلازمة رايتر
E) التهاب العنبة الناجم عن العدسة المزروعة داخل العين",D,C
3445,"يتميز الجحوظ الغدي في فرط نشاط الدرق بما يلي عدا:

A) يحدث بين العقدين الرابع والخامس
B) يصيب الذكور أكثر من الإناث
C) قد يكون أحادي الجانب
D) يكون الجحوظ محوريا عادة
E) يحدث في غياب المظاهر السريرية والمخبرية لفرط نشاط الدرق",B,B
3446,"فيما يخص الجدار العلوي للحجاج:

A) يسمى السقف
B) يفصل جوف الحجاج عن النص الجبهي للدماغ
C) يتألف من العظم الجبهي في الأمام والجناح الصغير للعظم الوتدي في الخلف
D) حفرة الغدة الدمعية تقع في القسم الأمامي الإنسي من هذا الجدار
E) يجاوره الجيب الجبهي",E,D
3447,"قد تؤدي رضوض العين الكليلة إلى كل ما يلي عدا:

A) التهاب القزحية والجسم الهدبي
B) عكر أو سوية دموية في البيت الأمامي
C) ساد رضي
D) خلع أو تحت خلع الجسم البلوري
E) لا يتأثر العصب البصري",E,E
3448,"في الجحوظ العيني ما عدا:

A) يقاس بمقياس هرتل
B) ويمكن قياسه بمسطرة مدرجة
C) قد يكون وحيد او ثنائي الجانبي
D) يكون محوري اذا كانت المقلة مركزية
E) يكون محوري اذا كانت المقلة مائلة",E,E
3449,"أي العبارات التالية التي تصف الشكل الجاف من التنكس الشيخي في البقعة الصفراء صحيحة:

A) سببه تجفاف في منطقة البقعة
B) يسمى شيخياً لأنه يشاهد فقط بعد الثمانين
C) لا تتأثر حدة الرؤية عادةً إذا لم يترافق بساد
D) تعتبر البراريق شكلاً سابقاً له
E) يبدي قمر العين أوعية مستحدثة تحت الشبكية",C,D
3450,"في الورم الكاذب للحجاج:

A) ثنائي الجانب عند الاطفال في ثلث الحالات
B) ثنائي الجانب عند الكبار دائما
C) يؤدي لزيادة حركة المقلة وهو شائع
D) المعالجة الشعاعية مجدية دائما
E) الخزعة غير ضرورية في الحالات المعندة",A,A
3451,"العرض الأكثر شيوعاً في الوذمة الركودية في العصب البصري: A+B (d A+C (e

A) تشوشات عابرة في الرؤية
B) الصداع
C) فقد موقت للرؤية
D) A+B
E) A+C",E,B
3452,"العدسة جنينيا:

A) تنشأ العدسة من الطبقة المتوسطة
B) تتغمد العدسة في الشهر الجنيني الثاني
C) ينفصل الحويصل في الشهر الجنيني الثالث
D) تتمايز في الشهر الجنيني السادس
E) تتمايز قبل الولادة",B,E
3453,"في رضوض العين الكليلة (اختر الصح):

A) لا نعطي شالات المط المطابقة
B) الستيروئيدات مضاد استطباب
C) موسعات الحدقة غير مفيدة
D) نلاحظ التهاب الجسم الهدبي والقزحية
E) كل ما سبق صح",E,D
3454,"تدعى الغدد الزيتية الموجودة في سماكة الرصغ والتي تنفتح على حافة الأهداب:

A) غدد مول
B) غدد ميبوميان
C) غدد زايس
D) غدد مول
E) غدد ولفرانج",B,B
3455,"استحالة العصب البصري لليبر:

A) هي ضمور ثانوي في العصب البصري
B) يرتبط بالصبغي X وبالتالي يصيب الإناث فقط
C) الضمور مترقي ويصيب الرؤية المركزية
D) الإجابة b, c
E) كل ما سبق",C,C
3456,"في التهاب القزحية كل مما يلي صحيح ما عدا:

A) ارتفاع ضغط العين في المرحلة الفعالة
B) صعوبة تصريف الخلط المائي
C) ضرورة استخدام الأتروبين
D) اختلاط التشخيص مع الزرق الحاد
E) العلاج متماثل في كلا الحالتين",C,E
3457,"يتألف الجدار السفلي للحجاج من كل مما يلي ما عدا:

A) عظم الفك العلوي
B) العظم الوجني
C) العظم الحنكي
D) العظم الغربالي",B,D
3458,"يتصف التهاب العصب البصري خلف المقلة بما يلي:

A) خال من العلامات
B) نقص الرؤية
C) عتمة مركزية
D) تضيق ساحة بصرية محيطي للأحمر والأخضر
E) كل ما سبق صحيح",E,E
3459,"يبدي تنكس الشبكية الصباغي المظاهر التالية عدا:

A) توضعات سباغية نجمية الشكل
B) نقص معمم في أقطار الشرايين
C) شحوب حليمة العصب البصري
D) عدم اتضاح حدود الحليمة
E) تغيرات شديدة في تخطيط الشبكية الكهربائي",B,D
3460,"كل ما يلي يصحح اللابؤرية المنتظمة عدا:

A) النظارات
B) العدسات اللاصقة
C) زرع القرنية
D) عدسات اسوانية
E) الاكسيمر ليزر",D,C
3461,"عند تشكل الساد الرضي:

A) يمر الخلط المائي إلى ألياف الجسم البلوري محدثاً كثافات بشكل ورقة.
B) يمر الخلط المائي إلى ألياف الجسم البلوري محدثاً كثافات بشكل وردة.
C) يمر الخلط الزجاجي إلى ألياف الجسم البلوري محدثاً كثافات بشكل ورقة.
D) يمر الخلط الزجاجي إلى ألياف الجسم البلوري محدثاً كثافات بشكل وردة.
E) لا شيء مما سبق.",B,B
3462,"تستخدم شالات العضلة الهدبية فيما يلى عدا:

A) فحص أسواء الانكسار
B) بعد جراحة الزرق
C) قرحات القرنية
D) التهاب العصب البصري",C,D
3463,"في العصب البصري كل مما يلي صحيح ما عدا:

A) يتكون من محاوير الخلايا العقدية في الشبكية
B) تتجمع في حليمة العصب البصري في حزم منفصلة
C) تمر عبر الصفيحة المصفوية من كرة العين
D) تمر ألياف العصب البصري الآتية من القسم الأنسي من الشبكية عبر الجزء الوحشي من حليمة العصب البصري
E) تمر الحزم الآتية من البقعة الصفراء عبر الحافة الصدغية للحليمة",D,D
3464,"أي العبارات التالية المتعلقة بالقرنية صحيحة:

A) تحدب الوجه الأمامي 12 مم
B) تتغذى خارجياً من أوعية الملتحمة
C) ينتهي تشكلها قبل الولادة مباشرة
D) تتغذى الطبقات الداخلية عبر الخلط المائي
E) تشكل القرنية سطحاً كروياً مثالثاً",D,D
3465,"قد تخفي جرحا صلبيا

A) جروح الجسم البلوري
B) جروح الصلبة
C) جروح القرنية
D) جروح الملتحمة",C,D
3466,"الطبقة المائية للدمع:

A) تكون الطبقة الخلفية للفيلم الدمعي
B) تكون الطبقة الوسطى لفيلم الدمع
C) تكون الطبقة الأمامية لفيلم الدمع
D) تفرز من غدد مانز في الملتحمة
E) تفرز من غدد هنلة في الملتحمة",A,B
3467,"يتميز الحول الكامن بأنه:

A) أكثر كثر أنواع الحول شيوعاً
B) يظهر عند تعطل الدمج
C) قد يترافق بألم خلف المقلة
D) كل ما سبق صحيح
E) كل ما سبق خطأ",D,D
3468,"في الحجاج ماعدا:

A) له أربعة جدارن
B) الجدار العلوي يفصل الحجاج عن الفص الجبهي للدماغ
C) الجدار السفلي يشكل سقف الجيب الفكي
D) الجدار الأنسي رقيق جدا ومثقب ويجاور الخلايا الغربالية والجيب الوتدي
E) الجدار الخلفي عميق ويشكل نقطة محورية للجحوظ المستقيم",D,E
3469,"في اعتلال العصب البصري الإقفاري، كل مما يلي صحيح ما عدا:

A) يحدث لدى المرضى بعمر 45- 65 سنة
B) يتميز ببدء مترقي
C) يظهر لدى مرضى ارتفاع الضغط
D) يرتبط بالتهاب الش ا ريين كالتهاب الشريان الصدغي
E) تظهر عتمة نصفية علوية أو سفلية",B,B
3470,"أي مما يلي تستبعد إصابته في الجحوظ الورمي (الصحيحة):

A) العصب البصري
B) العصب الثالث
C) العصب السادس
D) العصب العاشر
E) كل ما سبق لا يصاب",D,D
3471,"إن أحد الموجودات التالية في اعتلال الشبكية السكري يؤدي إلى اعتباره ما قبل تكاثري

A) وجود أمهات ثم دقيقة
B) وجود بقع ندف القطن
C) وجود نزوف تمشية ضمن الشبكية
D) وجود نوع على القزحية
E) وجود وذمة في للطخة",A,B
3472,"العصب الذي يصاب في متلازمة قاع الحجاج هو :

A) العصب العيني
B) العصب الوجهي
C) العصب الفكي العلوي
D) العصب الدمعي
E) العصب المحرك العيني",A,C
3473,"في بقاء الغشاء الحدقي:

A) ينجم عن بقاء جزء من الغمد الوعائي الخلفي
B) تشاهد بقاياه بشكل خيوط دقيقة تمتد عبر الحدقة
C) تتميز عن الالتصاقات الخلفية الالتهابية بأنها تبدأ من الوجه الأمامي للقزحية إلى المحيط
D) الغشاء الحدقي الجنيني يتألف من أوعية دموية وخلايا صباغية
E) الخلايا الصباغية قطرها 5-6 ملم و هي لا تؤثر في القدرة البصرية",B,A
3474,"يتميز الزرق الأولي مفتوح الزاوية بما يلي عدا:

A) أكثر أنواع الزرق شيوعاً
B) يزداد حدوثه بتقدم العمر
C) تطوره بطيء مترق
D) أحادي الجانب غالباً
E) يوجد له استعداد وراثي",D,D
3475,"يتصف العصب البصري بما يلي:

A) كون من ألياف العصي والمخاريط في الشبكية
B) تكون الألياف العصبية فيه معراة من غمد النخاعين
C) يحاط بالسحايا
D) جزئه داخل الحجاج هو أقصر أج ا زئه
E) كل ما ذكر صحيح",E,C
3476,"يتصف التهاب العصب البصري الكاذب الإجابة الصحيحة:

A) الأجسام الهيالينية على الحليمة
B) اقفار في حليمه العصب البصري
C) الوذمة الركودية في العصب البصري
D) كل ما سبق صحيح
E) كل ما سبق خطأ",D,A
3477,"من العوامل المؤهبة للزرق البدني المغلق الزاوية:

A) البلورة الأمامي تسبياً
B) الغرفة الأمامية الضحلة
C) اقتراب القزحية المحيطية من القرنية
D) كل ما ورد صحيح
E) كل ما ورد خطأ",D,D
3478,"الأمراض العينية التي تترافق بالزرق المزمن البسيطة:

A) مد البصر
B) التهاب الشبكية الصباغي
C) الساد
D) التصلب المنتشر
E) ضمور الشبكية والمشيمية",C,E
3479,"تتميز القرنية المخروطية بما يلي عدا:

A) استحالة وراثية
B) ثنائية الجانب غالباً
C) تظهر الأعراض عادة في سن البلوغ
D) تؤدي إلى حرج بصر
E) تؤدي إلى مد بصر",A,E
3480,"أي العلامات التالية أكثر أهمية في تمييز التهاب حليمة العصب البصري عن وذمة العصب البصري:

A) التدني الحاد السريع في حدة الرؤية
B) شدة الانتفاخ في الحليمة
C) وجود النزوف حول الحليمة
D) وجود النزوف حول الحليمة
E) وجود اضطراب في الساحة البصرية
F) كون الحالة ثنائية الجانب",A,A
3481,"كل ما يلي صحيح عن الجحوظ الدرقي السليم ما عدا :

A) يترافق بانكماش الجفن أو الجفنين العلويين
B) يترافق بانتفاخ الجفن أو الجفنين السفليين
C) يترافق بامتلاء الثلم تحت الجفن
D) يترافق أحيانا بالشفع
E) غير قابل للرد",B,E
3482,"في انسداد الوريد الشبكي المركزي كل ما يل يصح ما عدا:

A) تشاهد نزوف واسعة لهبية
B) يستطب إجراء الأرغون ليزر
C) وذمة عصب بصري
D) نشوء أوعية حديثة في القزحية
E) يحدث في سياق التهاب قزحية وجسم هدبي حاد",B,E
3483,"يعالج انفصال الشبكية بجميع الطرق التالية عدا:

A) بتطبيق الليزر أرغون على الشبكية المنفصلة
B) بتطويق الصلبة بشرط سيليكون بعد الثقوب
C) يقطع الزجاجي وحقن غاز داخل العين
D) بقطع الزجاجي وحقن زيت السيليكون داخل العين
E) بحقن غاز داخل العين دون قطع الزجاجي",E,A
3484,"الشطور:

A) شائع بعد من ال 40
B) يظهر عند تعطل الدمج
C) تحتاج إلى علاج جراحي
D) كل ما سبق صح
E) كل ما سبق خطأ",D,B
3485,"في التهاب المشيمية النضحي (النتحي) نجد ما يلي ما عدا:

A) تبدو البقعة الالتهابية الحديثة بمستوى أعمق من الأوعية الشبكية
B) ما يميزه هو تخرب غشاء بروك في المراحل الباكرة للمرض
C) توضع الإصابة في المحيط فلما يترافق مع أعراض تذكر
D) في إصابة القطب الخلفي يشكو المريض من تشوه الأشكال
E) الشبكية متغيمة وكثافات منتشرة في الزجاجي",B,B
3486,"قياس ضغط العين (ما عدا):

A) التحري الإصبعي
B) طريقة شيوتز
C) جهاز ماكلاكوف
D) جهاز غولدمان
E) جهاز ماكاي",A,E
3487,"أورام الأجفان الصفراء:

A) هي عبارة عن توضعات من الكوليسترول في الأدمة
B) تترافق عادة مع ارتفاع كوليسترول الدم
C) يستطب استئصال الأورام الصفراء عند الحوامل نظراً لاحتمال تسرطنها
D) كل ما ذكر صحيح
E) كل ما ذكر خطأ",D,E
3488,"أحد المواد التالية لا يسبب التهاب العصب البصري:

A) الديجتال
B) التريديون
C) التبغ
D) الأسبرين
E) الستربتومايسين",D,D
3489,"كل ما يلي صحيح عن العصب البصري ما عدا:

A) هو العصب القحفي الثاني
B) يتكون من محاوير خلايا مولر في الشبكية
C) S يأخذ شكل حرف S في الحجاج
D) يتعرض للانضغاط عند مروره عبر الصفيحة المثقبة
E) يتعرض للإنتانات من الخلايا الغربالية في التهاب الجيوب",B,B
3490,"في جروح العين النافذة: )اختر الخاطئة( )السليمة(.

A) تحدث عند إصابة العين بأدوات حادة.
B) تخرب هذه الأجسام أنسجة العين بشكل غير مباشر.
C) قد تسبب التهاب باطن العين القيحي.
D) قد يحدث التهاب العين الودي في العين الأخرى
E) قد تحدث عند إصابة العين بالأجسام الأجنبية المتطايرة.",B,B
3491,"تصنف التهابات العنبة وفقاً للعامل المسبب إلى: (الخاطئة) #15#

A) إنتانات خارجية المنشأ
B) إنتانات داخلية المنشأ
C) التهابات تحسسية
D) التهابات حبيبومية
E) التهابات ثانوية المنشأ",E,D
3492,"كل ما يلي من أع ا رض التهاب حليمة العصب البصري ما عدا:

A) نقص طفيف في الرؤيا
B) ألم عند تحريك المقلة
C) اضطراب في تمييز الألوان
D) عتامة مركزية
E) تضيق الساحة البصرية",B,A
3493,"كل مما يلي صحيح عن الجحوظ الغدي لفرط نشاط الدرق ما عدا:

A) صيب الذكور أكثر من الإناث بنسبة 5 إلى 4
B) يحدث نتيجة اضطراب مناعي ذاتي
C) غالبا ثنائي الجانب ومحوري
D) يحدث عادة في العقدين الرابع والخامس
E) في حوالي 10-20% من الحالات يحدث الاعتلال العيني الدرقي رغم غياب المظاهر السريرية والكيميائية والحيوية لفرط الدرق",A,A
3494,"تكون الصورة السريرية في رضوض العين الكليلة: )اختر الخاطئة (

A) يكون البيت الأمامي رائق
B) التهاب القزحية والجسم الهدبي
C) نقبض رضي في الحدقة مترافق تشنج مطابق
D) قد تظهر نزوف في المشيمية
E) قد يحدث انفكاك لجذر القزحية",C,A
3495,"يتميز التهاب ما فوق الصلبة بما يلي عدا:

A) يحدث كارتكاس البرجائي لنيفانات داخلية
B) وجود عقيدة
C) يوجد تبيغ في الأوعية العميقة
D) الملتحمة متحركة فوق العقيدة
E) يمكن أن يؤدي إلى حدوث العنبة الصلبة",C,E
3496,"فيما يتعلق بالتهاب الملتحمة اختر العبارة الصحيحة:

A) تشيع الضخامة العقدية أمام الأذن في التهاب الملتحمة الجرثومي
B) من الشائع أن يترافق التهاب الملتحمة التحسسي بمفرزات قيحية
C) قد تأخذ التهابات الملتحمة الجرثومية الشكل المزمن
D) يرجع السياق الوبائي كون التهاب الملتحمة جرثومي وليس فيروسي
E) كل ما سبق خاطئ",C,C
3497,"في الورم الوعائي المشيمي (الخاطئة)

A) يتوضع في القطب الخلفي للعين
B) يحتاج لعلاج دائما
C) يكون بشكل قرصي أو قبة
D) من الممكن أن يترافق مع انفصال شبكية
E) كل ما سبق صحيح",E,B
3498,"كل ما يلي فيما يتعلق باعتلال الشبكية في الداء السكري صح ما عدا:

A) يعتمد على مدة الإصابة بالسكري
B) يعتمد على شدة الإصابة بالسكري
C) يزداد في السكر غير المضبوط
D) علاجه بالليزر
E) قد يؤدي إلى نزف زجاجي مفاجئ",E,B
3499,"الحول المتقارب تعريفا هو الحالة التي:

A) لا يتلاقى فيها المحوران البصريان عند الجسم المنظور
B) يتلاقى فيها المحوران البصريان في نقطة تقع أمام الجسم المنظور
C) يتلاقى فيها المحوران البصريان في نقطة تقع خلف الجسم المنظور
D) يتلاقي فيها محورا الرؤية في نقطة تقع أمام الجسم المنظور
E) يتلاقى فيها محورا الرؤية في نقطة تقع خلف الجسم المنظور",B,D
3500,"الأسباب المؤدية لحدوث الزرق الولادي (ما عدا):

A) بقاء الطبقة الجنينية الوسطى في زاوية البيت الأمامي
B) الارتكاز الغير طبيعي للعضلة الهدبية في منطقة الجويئز
C) أورام الجذع العصبي
D) صابة الأم ال الحامل بالحصبة الألمانية
E) تناذر ستيرج ويبر",E,D
3501,"فيما يتعلق بالرمد الربيعي فإن إحدى العبارات التالية خاطئة:

A) يحدث في فصلي الربيع والصيف غالباً
B) ثنائي الجانب غالباً
C) يصيب الأطفال واليافعين عادةً
D) كثيراً ما نعثر على شكايات عائلية مشابهة
E) يلعب ال IgA دوراً في حدوثه",E,E
3502,"بمقارنة الإنذار لكل من الحروق الكيميائية والحروق الحرارية:

A) لحروق الكيميائية أفضل إنذاراً من الحروق الحرارية.
B) الحروق الحرارية أفضل إنذاراً من الحروق الكيميائية.
C) لكلا النوعين الإنذار نفسه.
D) لا توجد دراسات كافية بعد.
E) لا شيء مما سبق.",B,B
3503,"كل ما يلي صحيح عن الخوص ما عدا :

A) هو غؤور المقلة
B) غالبا ثنائي الجانب
C) يمكن أن يكون ولادي
D) يمكن أن يكون رضي
E) يمكن أن يكون شللي",A,B
3504,"في سحجات القرنية كل ما يلي صحيح عدا:

A) من رضوض العين اللا نافذة
B) تترافق مع خوف من الضياء
C) تترافق مع دماع
D) غير مؤلمة شديد
E) تسبب الشعور بوجود جسم أجنبي",D,D
3505,"في التهاب العين الودي: (اختر الإجابة الخاطئة)

A) قد تصاب العين الشديدة بالتهاب عنبة شديد.
B) التهاب العين الودي مرض مناعي ذاتي.
C) تلعب خلايا العنبة دور المستضدات.
D) تنتقل الأضداد المتولدة مع الجريان الدموي إلى العين السليمة.
E) ينتج عن التفاعل المناعي التهاب عنبة غير حبيبي.",E,E
3506,"إن ظهور الساد بشكل مبكر قبل سن الخمسين يجب أن يدعونا إلى التفتيش عن وجود ما يلي عدا:

A) الداء السكري
B) ارتفاع التوتر الشرياني
C) التعرض لعوامل فيزيائية كالأشعة تحت الحمراء أو فوق البنفسجية أو السينية
D) الاستخدام الموضعي لبعض الأدوية مثل الكورتيزونا
E) التناول الجهازي لبعض الأدوية مثل الكورتيزون",E,B
3507,"من اختلاطات مد البصر ما يلي عدا:

A) زرق مفتوح الزاوية
B) غمش (كسل وظيفي)
C) وذمة كاذبة في حليمة العصب البصري
D) حول أنسي
E) زرق مغلق الزاوية",D,A
3508,"يبلغ طول العصب البصري وسطيا:

A) 45 mm
B) 25 mm
C) 35 mm
D) 30 mm
E) كل ما سبق خاطئ",B,A
3509,"يتميز انسداد القناة الدمعية الأنفية عند الأطفال ب:

A) سببه غالباً انسداد عظمي في القناة الدمعية الأنفية
B) يشاهد عند 1-2% من حديثي الولادة
C) يبقى دون تظاهرات سريرية ويكشف عادة عفوياً بالفحص الروتيني
D) يعالج بالمفاغرة الجراحية بين كيس الدمع والأنف إذا لم يتم الانفتاح العفوي بعد سن الستة أشهر
E) ليس للمعالجة المحافظة دور",D,B
3510,"في التهاب الملتحمة والقرنية النفاطي ما يلي صحيح ما عدا:

A) تتشكل عقيدة جيلاتينية في مركز القرنية
B) المناعة من النوع الرابع
C) تحاط الآفة بارتشاح خلوي واحتقان
D) قد يكون سبب الآفة تحسسي للسل TB
E) قد يكون سبب الآفة تحسسي لذيفان العنقوديات Staphylococus",E,A
3511,"ينجم قصور البصر أساساً عن:

A) نقص تقلص العضلة الهدبية نتيجة تصلبها مع العمر
B) تنكس ألياف النطيقة مع العمر وفشلها في نقل عمل العضلة الهدبية إلى العدسة
C) زيادة سماكة عدسة العين مع العمر
D) زيادة تصلب عدسة العين مع العمر ومقاومتها لتغيير شكلها
E) لا شيء مما ذكر",D,D
3512,"في التهاب العنبة بالتوكسوبلاسموز عند الوليد:

A) تكون حالة الوليد جيدة
B) لا تترك عقابيل في حال بقي الوليد على قيد الحياة
C) تترك الإصابة ندبة ناقصة التصبغ
D) إصابة الشبكية لا تكون واضحة لوضع التشخيص
E) كل ما سبق خطأ",E,E
3513,"يمر من الشق الحجابي العلوي ما يني عدا:

A) أعصاب ودية
B) العصب الرابع
C) العصب الحسي لمثلث التوائم
D) العصب السادس
E) العصب البكري الاشتياقي",D,A
3514,"يحدث فيض الدمع Epiphora بسبب:

A) زيادة إفراز الدمع الأساسي
B) تخريش الملتحمة
C) نقص إفراز أساسي مع زيادة إفراز انعكاسي
D) نقص في التصريف
E) لا شيء مما ذكر",D,D
3515,"العدسة:

A) الدرز الأمامي له شكل y مقلوب
B) تشكل 25٪ من قوة انكسار العين
C) يزداد تحديها مع تقدم العمر
D) تزداد شفافية النواة مع تقدم العمر مما يؤدي إلى قدرة المريض على الرؤية القريبة
E) كل ما سبق صحيح",D,B
3516,"الجدار العلوي للحجاج:

A) يتشكل من العظم الجبهي
B) يتشكل من العظم الجبهي والجناح الصغير للعظم الوتدي
C) تأنيه يؤدي إلى جحوظ غير نابض
D) هو أرق وأضعف جدران الحجاج
E) معرض للرضوض أكثر من باقي الجدران",B,B
3517,"في الجسم الهدبي (الخاطئة)

A) من وظائف الجسم الهدبية المطابقة
B) من وظائف الجسم الهدبي إفراز الخلط المائي
C) التعصيب الحركي للعضلة الهدبية يأتي من العصب الثالث
D) يتعصب الجسم الهدبي حركياً من العصب مثلث التوائم الفرع العيني
E) يشكل الجسم الهدبي القسم المتوسط للعنبة",D,D
3518,"يمكن أن ينجم التهاب الملتحمة النزفي عن الإصابة بما يلي: 1 2 3 4 5 6 7 8 E D D C C D D D #2#

A) Haemophilus
B) فيروس الحلأ البسيط
C) فيروس كوكساكي
D) a + c
E) كل ما ذكر",E,D
3519,"جميع العلامات التالية ذات أهمية في توجيه التشخيص نحو كسر قاع الحجاج عدا:

A) الفرقعة الغازية في الجفن السفلي
B) التكدم الشديد في الجفن السفلي
C) غؤور العين وهبوطها للأسفل
D) الخدر في الوجنة والجفن السفلي
E) التحدد المؤلم في رفع العين",B,B
3520,"جروح القرنية: )اختر الصحيحة(

A) تصنف على أنها من جروح العين النافذة
B) تتراوح من صغيرة إلى ممتدة.
C) تترك الصغيرة دون خياطة.
D) في حال كان الجرح كبيراً وجبت خياطته.
E) كل ما سبق صحيح.",E,E
3521,"يشبع تحت خلع العدسة في الحالات التالية عدا:

A) الرضوض
B) تناذر مارفان
C) تناذر ماركيزاتي
D) الحسر الشديد
E) الزرق الولادي",B,E
3522,"إذا ترافق بتفتق تقطع الأنسجة المتفتقة:

A) جروح الجسم البلوري.
B) جروح الصلبة.
C) جروح القرنية.
D) جروح الملتحمة.
E) لا شيء مما سبق.",B,B
3523,"كل ما يلي يستخدم في تدبير التهاب القرنية الحلأي ما عدا:

A) الأسيكلوفير
B) الإيودوكسيوريدين
C) الكورتيكوستيروئيدات
D) موسعات الحدقة في حال ترافقه بالتهاب قزحية
E) صادات في حال الإنتان الثانوي",C,C
3524,"في التهاب العنبة بالتوكسوبلاسموز:

A) يمكن أن يترافق بإصابة في أي نسيج في الجسم
B) يصيب الشبكية والمشيمية
C) ينتقل إلى الجنين من أمه عبر المشيمية
D) آفات العين ثنائية الجانب
E) كل ما سبق صح",E,E
3525,"في الضمور البدني البسيط للعصب البصري كل ما يلي صحيح ما عدا:

A) عتمة مركزية للون الأبيض
B) يكون ثنائي الجانب عادة
C) عدم تفاعل الحدقتين وشكلهما الغير منتظم مميز للمرض
D) الإنذار سيء وينتهي المرض بالعمى
E) انخفاض القدرة البصرية",C,A
3526,"في متلازمة المخروط خلف المقلة كل ما يلي صحيح ما عدا:

A) تحدث في الأورام التي تقع ضمن المخروط العضلي
B) تؤدي إلى جحوظ محوري
C) تؤدي إلى حدوث اضطرابات حركية وألم
D) يشاهد وذمة حليمة العصب البصري
E) يشاهد تثنيات شبكية في القطب الخلفي حول اللطخة الصفراء",E,C
3527,"تقع حفيرة البكرة في الجدار العلوي للحجاج في قسمه :

A) الأمامي الوحشي
B) الأمامي الأنسي
C) الخلفي الوحشي
D) الخلفي الأنسي
E) لا تفع في الجدار العلوي",B,B
3528,"جميع العبارات التالية المتعلقة بالبردة صحيحة عدا:

A) هي التهاب حبيبي مزمن في غدد ميبوميان
B) لا تترافق بألم
C) تنمو ببطء
D) تلتصق بالجلد عادة
E) كل ما سبق صحيح",E,D
3529,"بخصوص الجسم الهدبي (الخاطئة)

A) يشكل القسم الأمامي من العنبة
B) يرتكز في الأمام إلى مهماز الصلبة
C) تقع حدوده الخلفية عند الحاشية المشرشرة للشبكية
D) يتألف من قسم مشتق من الوريقة المتوسطة وقسم شبكي
E) يشكل الجسم الهدبي حلقة مغلقة عرضها 8 ملم",B,A
3530,"في علاج التهاب الهلل الجرثومي ما عدا:

A) حالة إسعافيه تتطلب استشفاء
B) قد يحدث التهاب سحايا ودماغ والتهاب في الجيب الكهفي
C) يجب تقييم حالة العصب البصري كل 4 ساعات
D) حاجة للجراحة في حالات انخفاض حدة البصر أو الخراجات",D,D
3531,"تتصف العضلة الهدبية بأنها تضم:

A) اليافا شعاعية
B) اليافا طولانية
C) اليافا دائرية
D) B+c
E) A+b+c",E,E
3532,"كل مما يلي من أسباب شفوفية القرنية ما عدا :

A) توازي ألياف نسيجها الخاص
B) انتظام ألياف نسيجها الخاص
C) رقة الأ وعية الدموية فيها
D) الإماهة
E) عدم وجود الأوعية",C,C
3533,"يتظاهر اعتلال الشبكية المصلي المركزي بما يلي عدا:

A) نقص حدة رؤية
B) حسر بصر مكتسب
C) تغير في حجم المرئيات
D) تشوه المرئيات
E) اضطراب في الرؤية الملونة",B,B
3534,"يحدث تحدد حركات بسبب

A) خزل العضلات بسبب النزف والوذمة
B) كسر الجدار السفلي أو الأنسي مع انحباس العضلة
C) النزف
D) بسبب ناسور سباتي كهفي
E) بسبب مرور الهواء من الأنف للحجاج",A,A
3535,"رضوض وجروح العين اللا نافذة تقسم إلى ما يلي ما عدا:

A) تسحجات
B) رض ضوئي
C) أجسام أجنبية خارج العين
D) رضوض كليلة
E) كل ما سبق عدا واحدة",E,B
3536,"كل الحالات التالية تعتبر مؤهبة لحدوث انفصال الشبكية التمزقي ""البدني"" عدا:

A) حسر البصر
B) اللاعنسية
C) الاستحالات الشبكية المحيطية
D) تميع وانفصال الزجاجي الخلفي
E) اعتلال البقعة الشيخي",B,E
3537,"بقاء غمد النخاعين في حيلمة العصب البصري:

A) قد يسبب العمى
B) لا يمتد للشبكية
C) لا يؤثر في القدرة البصرية
D) لا يؤدي الى اتساع البقعة العمياء
E) كل ما سبق خطأ",A,C
3538,"يتميز فوق المآق بما يلي:

A) يترافق مع حول وحشي كاذب
B) يكثر في العرق الأسود
C) غالباً ما يحتاج لتداخل جراحي لإصلاحه
D) يترافق مع نقس تطور جذر الأنف
E) كل ما سبق خطأ",E,D
3539,"في فحص رؤية الألوان كل مما يلي صح عدا:

A) يتم باستخدام أحجار ولوحات أطلس ايشيهارا
B) يعتمد الفحص على التدرج اللوني
C) أن إصابة المحور أزرق - أصفر على المخطط يدل على وجود إصابة في العصب البصري
D) يسمى هذا الفحص بفحص فارنسورث Farnsworth
E) كل ما سبق صح",C,C
3540,"حلقة كايسر – فليشر Kaiser Fleicher في القرنية:

A) توجد في القسم المركزي للقرنية
B) تتكون من ترسبات الحديد
C) لونها فضي غامق
D) تؤثر بشدة على القدرة البصرية
E) محيطية ولا تؤثر على القدرة البصرية",B,E
3541,"في اعتلال الشبكية بارتفاع التوتر الشرياني نشاهد ما يلي عدا:

A) نزوف لهبية
B) علامة حبة الكرز
C) انتفاخ رأس العصب البصري
D) عدم انتظام اقطار الشرايين
E) نزوف بقعية",B,B
3542,"تشكل القرنية من سطح غلاف كرة العين الليفي :

A) النصف الأمامي
B) الثلث الأمامي
C) الربع الأمامي
D) الخمس الأمامي
E) السدس الأمامي",B,E
3543,"الساد الرضي (اختر الخطأ):

A) من أسبابه رضوض العين الكليلة
B) يحدث نتيجة خلل في نفوذية المحفظة الخلفية
C) في تنظير قعر العين يظهر بشكل وردة
D) لكنه لا يتطور نحو ساد تام
E) فقط d+b",D,D
3544,"جحوظ نابض

A) خزل العضلات بسبب النزف والوذمة
B) كسر الجدار السفلي أو الأنسي مع انحباس العضلة
C) النزف
D) بسبب ناسور سباتي كهفي
E) بسبب مرور الهواء من الأنف للحجاج",B,D
3545,"في الحول الشللي الولادي يحدث لدى الطفل:

A) حول متناوب
B) رؤية مزدوجة
C) كسل وظيفي
D) كل ما سبق خطا
E) كل ما سبق صحيح",E,C
3546,"تعد الحالات التالية استطبابات للمعالجة الجراحية للظفرة عدا:

A) إذا أدت إلى حرج بصر كبير
B) إذا كانت تسب شكاية جمالية
C) إذا كانت صدفية رقيقة خوفاً من التنكس الورمي الخبيث
D) إذا أدت إلى تحدد في حركات العين
E) إذا كانت تطورية واقتربت من الحدقة",B,C
3547,"في الحروق الكيماوية كل ما يلي صحيح ما عدا:

A) تؤدي الحوامض إلى تنخر خثري
B) تنقذ المواد القلوية إلى البيت الأمامي
C) تؤدي إلى احتقان في الملتحمة مع قضاء الملتحمة وكثافات قرنية
D) كل ما ورد صح
E) كل ما ورد خطأ",B,E
3548,"يتظاهر التهاب العنبة الخلفي بما يلي:

A) أحد أشكاله التهاب العنبة السلي
B) عادة لا يسبب نقص رؤية
C) العين بيضاء سليمة
D) لا تعالج بموسعات الحدقة
E) كل ما سبق صحيح",E,A
3549,"في الجحوظ الغازي: (الخاطئة)

A) يحدث نتيجة كسر في الحجاج الانسي
B) يكون الجحوظ في البدء معتدلا
C) يحتاج لعلاج جراحي سريع
D) يزداد الجحوظ الغازي اذا اكثر المريض من اخراج الهواء من الانف
E) انتباج الجفن يعطي جسها شعورا بالفرقعة الثلجية",D,C
3550,"أي العبارات التالية التي تصف الزرق غير صحيحة:

A) الزرق الحاد هو ارتفاع في ضغط العين فوق 22 مم زئبق
B) الزرق مغلق الزاوية يشير إلى تماس القزحية المحيطية مع القرنية
C) الزرق الحاد هو ارتفاع كبير وسريع في الضغط داخل العين
D) ينجم الرزق مغلق الزاوية غالباً عن الحصار الحدقي
E) لا تتأثر حدة الرؤية إلا في المراحل المتأخرة من الزرق مفتوح الزاوية",D,A
3551,"من الآثار الجانبية لقطرة التيمولول:

A) تصبغ الملتحمة
B) تباطؤ القلب
C) تشنج قصبي
D) B+C
E) تشنج المطابقة",B,D
3552,"الساد الولادي التام ثنائي الجانب يؤدي إلى:

A) رأرأة
B) حول فقط
C) غمش (كسل وظيفي) فق
D) حول مع غمش
E) كل ما سبق صحيح",D,A
3553,"يتميز التهاب الجسم الهدبي الحاد بما يلي ما عدا:

A) تمتلئ الغرفة الخلفية بالنتحة الالتهابية
B) ترسبات على اندوتليوم القرنية مثلثية الشكل
C) زيادة إفراز الخلط المائي
D) يمكن أن يحدث انفصال الشبكية
E) يمكن أن يتشكل خلف العدسة غشاء هدبي",B,C
3554,"أكثر تنكسات القرنية شيوعا هو :

A) القرنية العرطلة
B) القوس الشيخية
C) القرنية المخروطية
D) حثل الاندوتيليوم الوراثي
E) تصلب القرنية",C,B
3555,"كل مما يلي من أسباب التهاب العنبة الأمامية ما عدا:

A) التهاب القزحية والجسم الهدبي مجهول السبب
B) التهاب المفاصل الرثواني الشبابي
C) التهاب الفقار الرثياني
D) الابيضاض الدموي واللمفوما
E) الإفرنجي",E,D
3556,"كل ما يلي صحيح في التهاب العنبة الحبيبومي ما عدا:

A) يمكن أن يصيب أي قسم في العنبة وبشكل خاص المشيمية
B) تجلى بارتشاح التهابي عقيدي من خلايا نظيرة البشرة وخلايا عرطلة ولمفاويات محيطية التوضع
C) يحدث بشكل خاص بعد غزو النسيج بالعامل الممرض الفعال
D) ناجم عن فرط التحسس للنسج المناعية الذاتية",D,D
3557,"يخاط بخيوط مجهرية:

A) جروح الجسم البلوري.
B) جروح الصلبة.
C) جروح القرنية.
D) جروح الملتحمة.
E) لا شيء مما سبق.",C,C
3558,"إصابة العصب التالي يسبب التهاب القرنية التغذوي العصبي :

A) العصب الثالث
B) العصب الرابع
C) العصب الخامس
D) العصب السادس
E) العصب السابع",C,C
3559,"تعصيب القزحية:

A) حسي: من الأعصاب الهدبية الطويلة
B) نظير ودي: من الأعصاب الهدبية القصيرة
C) ودي
D) كل ما ورد صحيح
E) كل ما ورد خطأ",D,C
3560,"أكثر الجراثيم التالية مصادفة في التهاب الملتحمة الجرثومي:

A) المكورات العنقودية المذهبة
B) المكورات العنقودية البيضاء
C) عصيات Morax - Axenfield
D) المستديمات النزلية
E) الوتديات غير الخناقية",C,A
3561,"ما يدعى Recidivational Erosion هي سحجة قرنية:

A) سهلة العلاج
B) سريعة الالتئام
C) تصيب الظهارية فقط
D) معاودة (متكررة)
E) لا تتلون بالفلوريسين",D,D
3562,"في الساد المكتسب تحت المحفظة الخلفية:

A) تنقص حدة الرؤية ببطء
B) تنقص حدة الرؤية بسرعة
C) لا تتأثر حدة الرؤية
D) كل ما سبق صحيح
E) كل ما سبق خطأ",B,B
3563,"من صفات القرحة في التهاب القرنية الجرثومي ما يلي ما عدا:

A) شكل مدور أو بيضوي
B) حواف منتظمة
C) يتوضع الجرثوم في حوافها
D) تتوضع في مركز القرنية
E) قد تتوضع في المحيط",D,B
3564,"من علامات التهاب حليمة العصب البصري ما يلي عدا:

A) نقص شديد في حدة الرؤية
B) عتمة مركزية
C) تضيق في الساحة البصرية
D) اضطراب الرؤية الملونة
E) اتضاح حدود الحليمة",A,E
3565,"يتميز التهاب القزحية والجسم الهدبي المزمن كل ما يلي صحيح ما عدا:

A) الألم خفيف أو غائب
B) يترافق السير المزمن مع هجمات اشتدادية
C) قد تكون الخلايا في البيت الأمامي هي العلامة الوحيدة على الفعالية
D) تشيع الترسبات خلف القرنية
E) لا بد من وجود التصاقات حتى نصف الحالة بالإزمان",E,E
3566,"فيما يخص المهق Albinism ما يلي صحيح عدا:

A) يخص العين فقط
B) وراثي
C) تفصل بين أوعية قعر العين مساحات بيضاء
D) المريض لديه رأرأة وخوف من الضياء
E) تدني القدرة البصرية",A,A
3567,"يجاور الصلبة من الأمام:

A) القرنية
B) القزحية
C) الملتحمة
D) عضلات العين الخارجية
E) كل ماسبق الخطأ",D,C
3568,"في التهاب القزحية والجسم الهدبي:

A) لا يعتبر الألم عرضاً بارزاً
B) يعتبر توهج الخلط المائي علامة وصفية
C) الترسبات خلف القرنية هي عبارة عن نتحة بروتينية مع خلايا التهابية
D) وجود السوية القيحية دليل على المنشأ الإنتاني
E) كل ما ذكر صحيح",E,C
3569,"التبدلات العينية في الجحوظ الغدي: (الصحيحة)

A) ضخامة في العضلات الخارجية للمقلة
B) ارتشاح في النسيج الشحمي والضام
C) يرتفع الضغط داخل الحجاج
D) كل ما سبق صحيح
E) كل ما سبق خاطئ",D,B
3570,"التهاب العين الودي من علاماته المبكرة اختر الخطأ:

A) خوف من الضياء
B) نقص مطابقة
C) ألم عند جس المنطقة الهدبية
D) خلايا التهابية في البيت الأمامي
E) انخفاض ضغط العين",B,E
3571,"كل ما يلي صحيح عن العصب البصري ما عدا:

A) هو العصب القحفي الثاني
B) يتكون من محاوير خلايا مولر في الشبكية
C) يأخذ شكل حرف في الحجاج
D) يتعرض للانضغاط عند مروره عبر الصفيحة المثقبة
E) يتعرض للإنتانات من الخلايا الغربالية في التهاب الجيوب",B,B
3572,"تعتبر ظاهرة ماركوس عن:

A) إطراق الجفن عند فتح الفم
B) إطراق عضلي
C) شتر خارجي شللي
D) الإجابتان a وb صحيحة
E) الإجابتان a وc صحيحة",D,C
3573,"يستخرج الجسم الاجنبي عبر الطريق الامامي توضعه في: اختر الخطأ

A) البيت الأمامي
B) البيت الخلفي
C) الجسم البلوري
D) القسم الامامي من الشبكية
E) يتم بإجراء شق عند اللم",B,D
3574,"يشكو المريض في التهاب القزحية الحاد من:

A) ألم في العين
B) ألم في الجبهة
C) ألم في فروة ال أ رس
D) A + b
E) A + b + c",D,E
3575,"في الإصابات الشديدة للرض الضوئي قد نشاهد ثقبة في: )اختر الصحيحة(

A) القرنية.
B) الجسم البلوري.
C) البقعة الصفراء.
D) النقطة العمياء.
E) كل ما سبق صحيح.",E,C
3576,"في الجحوظ الغدي بفرط نشاط الدرق (الخاطئة)

A) يحدث في العقدين الرابع والخامس
B) يصيب الذكور أكثر من الاناث
C) الاصابة تكون نوعية ناجمة عن اضطراب منيع الذات
D) تكون الأضداد (IGg) مسؤولة عن التبدلات العينية
E) تكون الاصابة ثنائية الجانب ومحوريا",C,D
3577,"جميع العبارات التالية المتعلقة بظهارية القرنية صحيحة عدا:

A) تتألف من 5 - 6 طبقات من الخلايا الشائكة المتقرنة
B) تشكل حاجزا أمام دخول الجراثيم
C) تشكل حاجزاً انتقائياً أمام عبور الأدوية
D) تؤمن الأكسجين للقرنية من الهواء الخارجي
E) تغطى بطبقة من المخاط تساعد على تثبيت الفلم الدمعي",A,A
3578,"فيما يخص المشيمية كل ما يلي صحيح ما عدا:

A) تشكل القسم الأمامي للعنبة
B) تبلغ سماكتها 0.2-0.4 ملم
C) تتألف من خمس طبقات
D) تقوم بتغذية الطبقات المحيطية للشبكية
E) تتصل مع الصلبة فقط حول العصب البصري",C,A
3579,"إحدى العبارات المتعلقة بالخلايا المستقبلية للضوء خاطئة:

A) المخاريط مسؤولة عن الرؤية في النور القوي
B) تنعدم العصيات في الحفيرة
C) المخاريط مسؤولة عن رؤية الألوان
D) العصيات مسؤولة عن الرؤية في الضوء
E) المخاريط أكثر عدداً من العصيات",B,E
3580,"تشاهد الرؤية المزدوجة الأحادية الجانب في:

A) الحول الشللي
B) تحت خلع العدسة
C) الحول التوافقي
D) التهاب القزحية والجسم الهدبي
E) انفصال شبكية",A,B
3581,"ما يلي يفيد في تشخيص الجحوظ :

A) قصة سريرية واضحة ودقيقة
B) الأشعة السينية مع حقن الأوعية الظليلة
C) التصوير الطبقي المحوري
D) الرنين المغناطيسي
E) كل ما سبق صحيح",E,E
3582,"يتصف التهاب القرنية بالعقبول البسيط بكل ما يلي ما عدا:

A) يلي أمراضا مضعفة للمناعة
B) وحيد الجانب غالبا
C) يترافق بنقص حس القرنية
D) سرعة الشفاء
E) الميل للنكس",B,D
3583,"في التهاب العصب البصري الإقفاري، كل مما يلي صحيح ما عدا:

A) يحدث لدى المرضى بعمر 45-65 سنة
B) يتميز ببدء مترقي
C) يظهر لدى مرضى ارتفاع الضغط
D) يرتبط بالتهاب الشرايين كالتهاب الشريان الصدغي
E) تظهر عتمة نصفية علوية أو سفلية",B,B
3584,"إحدى العلامات التالية توجه التشخيص نحو قرحة القرنية المسببة بالحلأ البسيط:

A) وجود مفرزات قيحية تغطي سطح القرحة
B) نقص الحس القرني المرافق
C) وجود تقيح مرافق في البيت الأمامي
D) عدم الاستجابة على المعالجة بالصادات
E) إزمان القرحة",E,A
3585,"أهم ثلاثة عوامل ممرضة مسبية لالتهاب القرنية الجرثومي هي ما يلي: Pseudomonas. d الهيموفيلس  E.Coli Pseudomonas. e العنقوديات الهيموفيلس

A) العنقوديات المكورات الرئوية الزوائف Pseudomonas
B) المكورات الرئوية Pseudomonas العصيات الكولونية E. Coli
C) Coli المكورات الرئوية، الهيموفيلس
D) Pseudomonas الهيموفيلس E.Coli
E) Pseudomonas العنقوديات الهيموفيلس",D,A
3586,"كل ما يلي صحيح عن الجحوظ ما عدا :

A) هو بروز العين إلى الأمام
B) يقاس الجحوظ بمقياس هرتل
C) قد يكون وحيد الجانب
D) قد يكون ثنائي الجانب
E) يكون كاذب في حال نتج عن نزوف الحجاج",E,E
3587,"اختر الإجابة الصحيحة فيما يلي:

A) الأحولال: توازن المحاور البصرية بدون جهد
B) المحور البصري يصل اللطخة الصفراء بمركز القرنية والجسم المرئي
C) زاوية كابا: موجبة حين يكون منعكس هيرشبرغ إلى الوحشي قليلاً من مركز الحدقة
D) تساهم المستقيمة العلوية في الدوران الخارجي Extorsion
E) العمل الأولي للمنحرفتين هو الدوران",C,E
3588,"من اختلاطات استعمال العدسات اللاصقة كل ما يلي عدا:

A) التهاب ملتحمة تحسسي
B) التهاب ملتحمة وقرنية لمي علوي
C) التهاب قرنية نقطي سطحي
D) قرحات قرنية
E) التهاب ملتحمة جرابي ضخامی",E,A
3589,"ليس من أعراض وعلامات التهاب العنبة القيحي (الصحيحة) #17#

A) ارتفاع الحرارة
B) ارتفاع توتر العين وكبر حجمها في الحالات الشديدة
C) وذمة شديدة واحمرار في الأجفان
D) احتقان هدبي وملتحمي شديدين
E) تخرب الزوائد الهدبية في الحالات الشديدة",D,B
3590,"من مضادات استطباب الكورتيكوستيروئيدات:

A) التهاب القرنية النفاطي.
B) التهاب القرنية الخلالي الزهري.
C) التهاب حليمة العصب البصري
D) القرحة القرنية العقبولية.
E) جميع ما سبق صحيح",E,D
3591,"إن ظهور الساد في عين واحدة فقط مع بقاء العدسة الأخرى شفافة تماماً يجب أن يدعو لاستقصاء ما يلي عدا:

A) السوابق الرضية على العين المصابة
B) وجود سوابق التهابية في تلك العين
C) وجود إصابة ورمية في تلك العين
D) متلازمة تغاير الصباغ لفوكس
E) السوابق الوراثية",D,E
3592,"من أسباب ارتفاع التوتر داخل القحف ما يلي عدا:

A) أورام الدماغ
B) التهاب السحايا
C) رضوض الجمجمة
D) أمهات الدم الدماغية
E) كل ما سبق خطأ",E,E
3593,"قد تخفي جرحاً صلبياً:

A) جروح الجسم البلوري.
B) جروح الصلبة.
C) جروح القرنية.
D) جروح الملتحمة.
E) لا شيء مما سبق.",C,D
3594,"يتظاهر التهاب حليمة العصب البصري الحاد بالأعراض والعلامات التالية عدا:

A) انخفاض حدة الرؤية
B) اضطراب في الرؤية الملونة يصيب المحور أحمر / أخضر
C) عتمة مركزية أو عيوب قطاعية في الساحة البصرية
D) ضعف تفاعل الحدقة للضوء إذا سلط على العين المصابة وتفاعلها الجيد إذا سل على العين الأخرى
E) الغثيان والإقباء",B,B
3595,"كل ما يلي من مكونات زاوية البيت الأمامي للعين عدا:

A) الخلط الزجاجي
B) الجسم الهدبي
C) الجويئز
D) قناة شيلم
E) المهماز الصلبي",A,A
3596,"إن التهاب القرنية التغصني هو نوع من التهاب القرنية :

A) الحلأي
B) الأرجي
C) الجرثومي
D) الفطري
E) التعرضي",D,A
3597,"في ارتجاج الشبكية أو وذمة برلين كل ما يلي صحيح ما عدا:

A) تنتشر في القطب الخلفي
B) تكون الشبكية بيضاء رمادية
C) تكون الحفرة المركزية حمراء كرزية
D) تترافق بتشوش وتدي الرؤية
E) كل ما ورد خطأ",C,E
3598,"التهاب الصلبة وتينون يعتبر من :

A) التهاب الصلبة الأمامي.
B) التهاب الصلبة الخلفي
C) التهاب ما حول الصلبة أمامي
D) التهاب ما حول الصلبة الخلفي
E) كل ماسبق خطأ",B,B
3599,"أي العبارات التالية التي تصف اعتلال الشبكية السكري صحيحة:

A) قد يتسبب في انفصال الشبكية الشدي
B) النتحات اللينة هي توضعات من الكوليسترول
C) تعتبر أمهات الدم الدقيقة من العلامات على الدخول في المرحلة التكاثرية
D) لا تنخفض حدة الرؤية في النمط غير التكاثري
E) كل ما سبق صحيح",E,A
3600,"فيما يتعلق بالجدار السفلي للحجاج كل ما يلي صحيح ما عدا:

A) يسمى قاع الحجاج
B) يحوي الشق الحجابي العلوي
C) يشكل كل سقف الجيب الفكي
D) يتألف من العظم الوجني والحنكي والفكي العلوي
E) كل ورد صبح",B,B
3601,"تشاهد حلقة كاي زر- فليشر عند المرضى المصابين ب :

A) الزهري
B) الإيدز
C) داء ويلسون
D) عوز فيتامين A
E) الحلأ النطاقي",C,C
3602,"كل مما يلي من أسباب التهاب العنبة الأمامية ما عدا:

A) التهاب القزحية والجسم الهدبي الرضي
B) اعتلال المشيمية الزاحف
C) الالتهاب المعوي
D) الهجمة الزرقية الهدبية
E) التهاب القزحية والجسم الهدبي السلي",B,B
3603,"يتألف القسم الأمامي للقزحية من:

A) الطبقة المحددة الخارجية و اللحمة
B) العضلة الموسعة للحدقة
C) العضلة المقبضة للحدقة
D) الطبقة الصباغية
E) الطبقة المحددة الداخلية",A,A
3604,"كل ما يلي يمر من الثقبة البصرية ما عدا: #3#

A) العصب البصري
B) الشريان والوريد العيني
C) فروع ودية من الضفيرة السباتية
D) الشريان تحت الحجاج",D,D
3605,"كل ما يلي عن الجحوظ الغازي صحيح ما عدا:

A) هو دخول الهواء إلى الحجاج اتياً من الأنف
B) يكون تدريجيا مع انتباج في الاجفان مع جس فرقعة
C) يزداد اذا أكثر المريض من إخراج الهواء من الأنف بعنف
D) يمتص الهواء المندخل في الحجاج تلقائياً ولا يحتاج لاي علاج",D,E
3606,"أحد الحالات التالية لا يسبب ابدأ تدني في حدة البصر:

A) التهاب الهلل ما قبل الحاجز
B) التهاب هلل الحجاج الجرثومي
C) الورم الكاذب في الحجاج
D) الجحوظ الدرقي الخبيث",D,A
3607,"في الحالات المعندة وغير المستجيبة للعلاج في الورم الكاذب للحجاج يجب:

A) الاستمرار في استخدام الصادات
B) اللجوء للجراحة فورا
C) الاستمرار في المراقبة
D) يجب اخذ خزعة من الورم",B,D
3608,"في الناسور بين الشريان السباتي والجيب الكهفي ما عدا:

A) يكون الجحوظ نابض مجسوس
B) هناك انتباج في الاجفان
C) لإصغاء الحجاج والحفرة الصدغية يمكن سماع نفخة
D) لا يؤدي لنتائج خطيرة ابدا",D,D
3609,"إن إصابة الشعبة العينية من العصب الخامس في متلازمة الشق الحجاجي العلوي تؤدي إلى:

A) فقد حس الملتحمة والقرنية
B) شلل حركي تام للعين
C) جحوظ مقلة
D) حول انسي",A,A
3610,"الاضطراب الذي لا يسبب الم في افات الحجاج التالية:

A) الجحوظ الرضي
B) التهاب هلل الحجاج الجرثومي
C) التهاب هلل ما قبل الحاجز
D) متلازمة خلف المقلة",C,D
3611,"الورم الكاذب للحجاج ما عدا: امراض العصب البصري

A) يحدث بين ال 20-50 سنة من العمر
B) غالباً ثنائي الجانب عند الكبار
C) غالباً ثنائي الجانب عند الاطفال
D) قد تسبب إصابات في حدة البصر وتليف في أنسجة الحجاج",B,B
3612,"من أسباب التهاب العصب خلف المقلة كل ما يلي صحيح ما عدا:

A) تصلب متعدد
B) انسمامات كحولية وتبغية
C) التهاب الجيوب الأنفية و أمراض الحمات الراشحة الرضوض
D) البراريق",D,D
3613,"تشمل تبدلات وظيفة العين في التهاب العصب خلف المقلة اختر الإجابة الصحيحة:

A) انخفاض القدرة الابصارية
B) العتمة المركزية
C) تضيق الساحة البصرية المحيطية خاصة الأحمر والأخضر
D) كل ما سبق صحيح",D,D
3614,"في علاج التهاب حليمة العصب البصري: اختر الإجابة الصحيحة: #12#

A) لا نعطي مضادات حساسية
B) فيتامينات (e-c-b1)
C) مرشفات الوذمة
D) كورتيكوستيرونيدات موضعيا",B,C
3615,"التهاب العصب البصري خلف المقلة كل ما يلي صحيح ما عدا:

A) يحدث في التصلب المتعدد
B) شائع عند صغار السن
C) الحليمة شاحبة مع تضيق أوعيتها
D) يحدث في سياق الانسمامات العامة",B,B
3616,"التهاب العصب البصري خلف المقلة: اختر الإجابة الصحيحة:

A) يعتمد التشخيص بشكل ثانوي على تبدلات وظيفة العين
B) لا تتراجع القدرة البصرية
C) تضيق الساحة البصرية للعين
D) لا تتأثر مشاهدة الألوان",C,C
3617,"الوذمة الركودية في العصب البصري كل ما يلي صحيح ما عدا:

A) أعراض قليلة أو معدومة
B) قد نلاحظ تشوشات عابرة في الرؤيا
C) الصداع غير شائع
D) فقد رؤيا مؤقت",C,D
3618,"الوذمة الركودية في العصب البصري كل ما يلي صحيح ما عدا:

A) لون الحليمة رمادي زهري
B) يصعب التفريق بينها وبين التهاب الحليمة
C) غالبا وحيد الجانب
D) نقص رؤيا متأخر",C,C
3619,"في التهاب العصب البصري الاقفاري اختر الإجابة الصحيحة:

A) يحدث لدى المرضى بين 25-35
B) يتميز بالبدء المفاجئ
C) نادرا ما يظهر عند المصابين بارتفاع التوتر الشرياني
D) لا تتأثر القدرة البصرية بشكل ملحوظ",B,B
3620,"مريض عمره 65 سنة لديه فقد رؤية في النصف العلوي من الساحة البصرية البدء مفاجئ التشخيص الأقرب:

A) ضمور عصب بصري
B) خثرة الوريد الشبكي المركزي
C) التهاب العصب البصري الاقفاري
D) التهاب العصب البصري خلف المقلة",B,C
3621,"يحدث ضمور العصب البصري بسبب: كل ما يلي ما عدا

A) التهاب ، وذمة ، انضغاط
B) في كثير من الأحيان بسبب إصابة الجملة العصبية المركزية
C) التهاب الصلبة
D) انسمام بالكحول",C,C
3622,"في ضمور حليمة العصب البصري يحدث: كل ما يلي ما عدا:

A) شحوب حليمة العصب البصري
B) تضيق أوعية شديد
C) عندما يصل إلى ذروته تصبح الحليمة بيضاء
D) يكثر عدد الأوعية الدقيقة",D,D
3623,"في ضمور العصب البصري كل ما يلي صحيح ما عدا: #14#

A) إصابة حزم ألياف العصب البصري الواردة من البقعة الصفراء تظهر شحوب خفيف في الجانب الصدغي من العصب
B) القدرة البصرية تتأثر في كل حالات ضمور العصب البصري
C) فحص الساحة البصرية يقدم عونا كبيرا في التشخيص
D) تظهر بعض الصعوبات في تشخيص ضمور العصب البصري بمراحله الباكرة",B,B
3624,"في الضمور البدني البسيط للعصب البصري كل ما يلي صحيح ما عدا:

A) يشاهد بكثرة في الزهري
B) يترافق بتضيق الساحة البصرية خاصة للونين الأحمر والأخضر
C) انخفاض القدرة البصرية
D) يشاهد عند المرضى في أواسط العمر",D,D
3625,"البراريق (الأجسام الهيالينية على حليمة العصب البصري): اختر الإجابة الصحيحة:

A) بسبب التبدلات التنكسية في ألياف العصب البصري السطحية
B) تغطي الأجسام الهيالينية أوعية الحليمة
C) تكون الحليمة متسعة اللمعة ومتعرجة
D) تظهر النزوف على حليمة العصب البصري",A,A
3626,"في الورم الدبقي: (دبقوم العصب البصري) كل ما يلي صحيح ما عدا: #15#

A) تنمو ببطء حتى تصبح بحجم الجوزة أو البيضة
B) تخترق غلاف العصب البصري السحائي وتعطي انتقالات
C) تمتد موضعيا حتى تصل إلى التصالب البصري
D) يمكن أن تؤدي إلى العمى وحتى الموت",D,B
3627,"في الورم الدبقي (دبقوم العصب البصري): كل ما يلي صحيح ما عدا:

A) ينمو على حساب الجزء الديقي من نسيج العصب البصري
B) تشبه الأورام الدبقية الدماغية من حيث مظهرها
C) يمتد أن يمتد الورم إلى العصب البصري المقابل
D) يظهر الورم غالبا عند الكبار رغم أنه يمكن أن يصيب الأطفال",D,D
3628,"في الورم الدبقي: (دبقوم العصب البصري): اختر الإجابة الصحيحة:

A) لا تلاحظ وذمة ركودية في العصب البصري
B) تكون الآفة وحيدة الجانب
C) يكون الإنذار سيئا عند الأطفال وحسنا عند الشباب
D) العلاج دوائي محافظ",B,B
3629,"في الورم السحائي كل ما يلي صحيح ما عدا:

A) يتطور على حساب النسيج البشروي بين الأم الجافية والحنون
B) ورم سليم
C) يمكن للورم أن يمتد إلى جذع العصب البصري
D) لا يمكن أن يمتد خارج العصب في الحجاج",D,D
3630,"في تأثير الأذية الكليلة على ضغط العين يحدث زرق رضي بسبب (اختر الخطأ):

A) توسع وعائي
B) التهاب قزحية وجسم هدبي
C) انسداد زاوية البيت الخلفي للعين
D) نزف المقلة",C,C
3631,"في تأثير الأذية الكليلة لضغط العين يحدث ما يلي: (اختر الخطأ):

A) زرق رضي بسبب نزف المقلة
B) انخفاض ضغط العين بسبب تمزق المقلة
C) زرق رضي بسبب خلع الجسم البلوري
D) انخفاض ضغط العين بسبب نزف المقلة",B,D
3632,"في تأثير الأذية الكليلة على الخلط الزجاجي: (اختر الخطأ):

A) تميع
B) كثافات صباغية
C) نزف في الخلط الزجاجي
D) تكلسات",D,D
3633,"في تأثير الأذية الكليلة على المشيمة: (اختر الخطأ):

A) نزوف منتشرة
B) تؤدي النزوف لبقع ضمور في المشيمة والشبكية
C) تمزقات بيضاء مصفرة
D) تكون التمزقات عمودية على الحافة الصدغية لحليمة العصب البصري",C,D
3634,"في تأثير الأذية على الشبكية: (اختر الخطأ): #18#

A) انفكاك عند الدائرة المنشارية
B) هذا الانفكاك يسبب انفصال شبكية شدي
C) نزوف واستحالات
D) تمزقات مؤدية لنزف شديد",B,B
3635,"في تأثير الأذية الكليلة على العصب البصري: (اختر الخطأ)

A) تكون شائعة في كسور قاعدة الجمجمة
B) يحدث وذمة + نزف
C) من الشائع انقلاع العصب بسبب طلق ناري
D) يحدث تمزق المقلة في مكان ضعيف مثل اللم حول العصب البصري",C,C
3636,"آلية الجروح النافذة بأداة حادة: (اختر الخطأ) اختر من العمود أ ما يناسبه من العمود ب: أ

A) تخريب مباشر للأنسجة العينية
B) تسبب التهاب باطن العين القيحي
C) التهاب عين ودي في العين المصابة
D) التهاب عين ودي في العين الأخرى (السليمة)",D,C
3637,"تترك الصغيرة منها (1-2) ملم دون خياطة إذا كان البيت الأمامي متشكلا

A) جروح الجسم البلوري
B) جروح الصلبة
C) جروح القرنية
D) جروح الملتحمة",C,C
3638,"تسبب أحيانا زرقا أو التهاب عنبة ثانوي

A) جروح الجسم البلوري
B) جروح الصلبة
C) جروح القرنية
D) جروح الملتحمة",A,A
3639,"إذا ترافق بتفتق قزحية تعاد القزحية لمكانها أو يقطع الجزء المنفتق

A) جروح الجسم البلوري
B) جروح الصلبة
C) جروح القرنية
D) جروح الملتحمة",B,C
3640,"تدبير الرضوض بالحروق الكيميائية ""اختر الخطأ"" #22#

A) غسل العين مكان الحادث لوقت طويل
B) بعد الغسل بالمصل الفزيولوجي تقبض الحدقة
C) تعطى الصادات
D) إعطاء مثبطات انزيم الحال للكولاجين",B,B
3641,"في مراحل الحروق الكيميائية "" اختر الخطأ ""

A) في مرحلة النتح يحدث نقص حساسية
B) في مرحلة نقص التروية الشامل تصبح القرنية بيضاء
C) يحدث احتقان في الملتحمة في مرحلة الالتهاب البسيط
D) يحدث كثافات في القرنية في مرحلة النتح",B,D
3642,"فيما يخص المشيمية كل ما يلي صحيح ما عدا: تتصل مع الصلبة فقط حول العصب البصري

A) تشكل القسم الأمامي للعنبة
B) تبلغ سماكتها 0.2-0.4 ملم
C) تتألف من خمس طبقات
D) تقوم بتغذية الطبقات المحيطية للشبكية",D,A
3643,"ما يلي صحيح بالنسبة لالتهاب المشيمية النضحي (النتحي): #28#

A) في حال توضع الإصابة في القطب الخلفي يمكن أن تبدو الأشكال أصغر أو أكبر من حجمها الطبيعي
B) حال توضع الإصابة في القطب الخلفي قلما يترافق مع أعراض تذكر
C) في حال توضع الإصابة في المحيط يشكو المريض من تشوه الأشكال
D) يتخرب غشاء بروك في المراحل الباكرة للمرض في إصابة القطب الخلفي تكون المنطقة الملتهبة منخفضة قليلاً",A,A
3644,"في التهاب المشيمية المجاور لحليمة العصب البصري:

A) يحدث عند الكهول بشكل أساسي
B) تكون النتيجة أكبر بكثير من حجم حليمة العصب البصري
C) يخمد الالتهاب دون أن يترك أي أثر
D) قد يتكرر الالتهاب إذا لم يعالج العامل المسبب",D,D
3645,"عند فحص قعر العين تكون الرؤية مكبرة وغير مجسمة باستخدام: (اختر الإجابة الصحيحة)

A) منظار قعر العين غير المباشرة
B) منظار قعر العين المباشر
C) المصباح الشقي
D) كل مما سبق خطأ",A,B
3646,"في فحص قعر العين باستخدام المنظار المباشر: (اختر الإجابة الصحيحة)

A) يستخدم الفاحص عينيه الاثنين
B) الصورة تكون مقلوبة وصغيرة نسبيا
C) الصورة تكون مكبرة ولكن غير مجسمة
D) الصورة تكون مكبرة ومجسمة",D,C
3647,"في فحص قعر العين باستخدام المنظار غير المباشر: (اختر الاجابة الصحيحة)

A) يستخدم الفاحص عينيه الاثنين
B) يستخدم الفاحص عين واحدة
C) تكون رؤية الفاحص للقعر مكبرة وغير مجسمة
D) كل مما سبق صحيح",D,A
3648,"في فحص قعر العين بالمنظار غير المباشر: (اختر الاجابة الخاطئة)

A) الصورة تكون مقلوبة
B) الصورة تكون صغيرة نسبيا
C) يستخدم الفاحص عينيه الاثنين
D) رؤية الفاحص للقعر تكون مكبرة وغير مجسمة",D,D
3649,"في فحص قعر العين بالمصباح الشقي: اختر الاجابة الخاطئة #34#

A) يفحص الجسم الزجاجي باستخدام عدسات خاصة ملامسة للقرنية مثل فولك
B) يستخدم المصباح لتحديد عمق آفة ما في القرنية
C) يستخدم المصباح لقياس ضغط العين
D) يستخدم المصباح لقياس عمق الغرفة الامامية للعين",C,A
3650,"في فحص الجسم الزجاجي باستخدام المصباح الشقي: (اختر الاجابة الخاطئة)

A) تستخدم عدسات خاصة توضع على القرنية مثل العدسات مثلثة المرايا
B) تستخدم عدسات توضع امام القرنية مثل عدسة فولك
C) يعطي الجهاز رؤية مجسمة ومكبرة للقسم الامامي للعين
D) يعطي الجهاز رؤية مكبرة ومجسمة للقسم الخلفي للعين",D,C
3651,"في فحص العين بالمصباح الشقي: اختر الخطأ

A) في فحص الجسم الزجاجي نستخدم عدسة خاصة تلامس القرنية مثل عدسة فولك
B) في فحص الجسم الزجاجي المستخدم عدسة خاصة توضع على القرنية مثل مثلثة المرايا
C) يمكننا الجهاز من تحديد موقع آفة ما في القرنية
D) يستخدم الجهاز لقياس ضغط العين بإضافة جهاز آخر",A,A
3652,"في قياس ضغط العين باستخدام المصباح الشقي: (اختر الاجابة الصحيحة)

A) تسمى الطريقة Applanation
B) يستخدم بوضع مادة الفلوريستين
C) يقدر ضغط العين ب ملم زئبقي
D) كل مما سبق صح",D,D
3653,"في فحص ملحقات العين: (اختر الاجابة الصحيحة)

A) يتم فحص الملتحمة الجفنية العلوية في نهاية الفحص
B) يتم فحص الملتحمة الجفنية العلوية في بداية الفحص
C) يتم فحص الملتحمة العلوية بطلب من المريض النظر للأعلى
D) كل مما سبق صحيح",D,A
3654,"في فحص ملحقات العين: اختر الاجابة الصحيحة

A) فحص الملتحمة العلوية هو فحص مزعج
B) فحص الملتحمة العلوية يتم بطلب من المريض النظر للأعلى
C) فحص الملتحمة العلوية يتم في بداية الفحص
D) كل مما سبق صحيح",D,A
3655,"في فحص ملحقات العين: اختر الاجابة الصحيحة

A) يتم فحص كل من الطرق الدمعية وقلم الدمع
B) فحص الملتحمة العلوية يتم بطلب من المريض النظر للأسفل
C) فحص الملتحمة السفلية يتم بطلب من المريض النظر للأعلى
D) كل مما سبق صح",D,D
3656,"أي العلامات التالية أكثر أهمية في تمييز التهاب حليمة العصب البصري عن وذمة العصب البصري:

A) التدني الحاد السريع في حدة الرؤية
B) شدة الانتفاخ في الحليمة
C) وجود النزف حول الحليمة
D) وجود اضط ا رب في الساحة البصرية
E) كون الحالة ثنائية الجانب",A,A
3657,". أي العبا ا رت التالية المتعلقة بتشريح القزحية صحيحة: من الجسم pars plana الاملس الهدبي

A) ترتكز حافتها المحيطية على القسم
B) يغطي سطحها الامامي بطبقة ظهارية مصطبغة
C) وجهها الخلفي اسود عند جميع الناس
D) تحتوي على شبكة الترييق
E) وجهها الامامي املس",A,C
3658,"يحدث في التهاب القرنية والجسم الهدبي الناجم عن الداء السكري: أسئلة الرضوض )بنك أسئلة (

A) احتقان هدبي شديد
B) وذمة في الأجفان والقرنية
C) توعي القزحية
D) نزيف في الغرفة الامامية
E) كل ما ورد صح",E,E
3659,"يبلغ طول العصب البصري وسطياً: 25 ملم( 35 ملم ( 45 ملم( 55 ملم

A) 25 مم
B) 35 مم
C) 45 مم
D) 55 مم
E) كل ما سبق خاطئ",B,C
3660,"عند تنظير قعر العين عند مريض لديه وذمة ركودية في العصب البصري ، قد نشاهد كل مما يلي ما عدا : #4#

A) توذم الحليمة
B) تبارز الحليمة للأمام
C) تعرج وتوسع الشريايين
D) انحناء الأوعية فوق الحليمة
E) لون الحليمة رمادي إلى زهري",E,C
3661,"عند تنظيرك لقعر العين لدى مريض، وجدت لديه ازدياد في حجم الحليمة وامحاء لحوافها، تستطيع التمييز بين أنواع وذمات حليمة العصب البصري عن طريق كل مما يلي ما عدا:

A) في الوذمة الالتهابية يكون نقص الرؤية سريع الظهور
B) في الوذمة الالتهابية تكون غالباً ثنائية الجانب
C) في الوذمة الركودية نقص الرؤية يظهر متأخراً بعد ضمور العصب البصري
D) في الوذمة الركودية تكون غالباً ثنائية الجانب
E) في التهاب العصب البصري الاقفاري تكون الوذمة أحادية الجانب",D,B
3662,"لدى تنظير قعر العين في ضمور العصب البصري ، قد نشاهد كل ما يلي ما عدا:

A) توسع الأوعية
B) شحوب حليمة العصب البصري
C) عند ذروة الضمور تصبح الحليمة بيضاء مائلة للرمادي
D) ويقل فيها عدد الأوعية الدقيقة
E) لا شيء مما سبق",E,A
3663,"في تنظير قعر العين في دبقوم العصب البصري كل مما يلي صحيح ما عدا:

A) تظهر وذمة ركودية في العصب البصري
B) قد يظهر ضمور في العصب البصري
C) التغيرات وحيدة الجانب
D) الإنذار جيد عند الأطفال
E) الإنذار جيد عند الشباب",C,E
3664,"من العلامات والأعراض التي ممكن أن تحدث بسبب إصابة الأعصاب في الجحوظ الورمي (الصحيحة):

A) شفع
B) فقد حس
C) فقد رؤية
D) تحدد في حركات المقلة
E) كل ما سبق صحيح",E,E
3665,"العلامات التي تدل على استحالة الوحمة إلى ورم قيتاميني خبيث (الصحيحة) #19# E  B D C B C B B D A C C الإجابة

A) رؤية شرر ضوئي
B) ارتفاع الآفة بشكل كروي
C) تبدلات في الابتيليوم الصباغي على سطح الآفة
D) تشكل انفصال شبكية
E) كل ما سبق صحيح",E,E
3666,"كل ما يلي صحيح عن حثل الاندوثيليوم الوراثي الولادي في القرنية ما عدا :

A) القرنية بيضاء مزرقة
B) حالة إحادية الجانب
C) الوراثة جسدية
D) تترافق بوذمة في القرنية
E) تترافق برأرأرة أحيانا",B,B
3667,"ظهور تقبب على شكل حويصل أسود في قعر القرحة القرنية الجرثومية يدل على :

A) بداية ظهور القرحة
B) مرحلة شفاء القرحة
C) غزاراة الجراثيم في القرحة
D) تقبب غشاء ديسميه وخطر انثقابه
E) ليس له أي دلالة",D,D
3668,"فيما يخص التهاب العصب البصري بتأثير المواد السامة كل ما يلي صح عدا :

A) قد يحدث بسبب بعض المواد كالديجيتال و السلفوناميدات
B) تنخفض القدرة الابصارية بشدة وبسرعة
C) حليمة العصب البصري مفرطة التبيغ وقد تحدث وذمة فيها
D) العلاج هو إيقاف تناول هذه المواد و إعطاء الكوتيكوستيروئيدات
E) الإنذار جيد بعد إيقاف هذه المواد حتى في الحالات الشديدة",B,E
3669,"كل ما يلي صحيح عن الجحوظ الغدي في فرط نشاط الدرق ما عدا :

A) يحدث عادة بين العقدين الرابع والخامس
B) يصيب الذكور أكثر من الإناث
C) يكون عادة ثنائي الجانب
D) يحدث فيه ضخامة في العضلات الخارجية للمقلة
E) له شكلان سليم وخبيث",B,B
3670,"تترك الصغيرة منها ) 1 - 2 ( ملم دون خياطة إذا كان البيت الأمامي متشكلا :

A) جروح الجسم البلوري.
B) جروح الصلبة.
C) جروح القرنية.
D) جروح الملتحمة.
E) لا شيء مما سبق.",C,C
3671,"كل ما يلي صحيح عن استطبابات تداخل جراحي عند مرضى التهاب الهلل الجاج الجرثومي ما عدا:

A) في حال عدم الاستجابة للصادات
B) تدني الرؤية
C) وجود خراج مرافق
D) كل ما سبق صح
E) كل ما سبق خطأ",D,D
3672,"يستخدم في تشخيص آفات العين ما عدا: MRI .B x-ray .D مع حقن وتعد وسائل قديمة

A) Ct
B) MRI
C) Echo
D) x-ray
E) اختبار العكوسية",C,E
3673,"في القسم الأمامي من العصب البصري داخل الحجاج التوضع الألياف الآتية من الأقسام المحيطية من الشبكية: اختر الإجابة الصحيحة

A) مركز الحزمة الآتية من البقعة الصفراء
B) أنسي الحزمة الآتية من البقعة الصفراء
C) وحشي الحزمة الآتية من البقعة الصفراء
D) أعلى وأسفل الحزمة الآتية من ا البقعة الصفراء
E) كل ما سبق خطأ",B,D
3674,"في القسم الخلفي من العصب البصري داخل الحجاج تتوضع الحزم الآتية من اللطخة الصفراء في: #9#

A) محيط الشبكية
B) المركز
C) الصفيحة المصفوية
D) الأجسام الركبية الوحشية
E) كل ما سبق خطأ",B,B
3675,"من صفات وذمة الحليمة في التهاب حليمة العصب البصري كل ما يلي صحيح ما عدا:

A) زيادة حجمها
B) تبارز الجسم الزجاجي إلى الأمام
C) غياب التقعر الفيزيولوجي
D) احتقان الشريان والوريد الشبكي المركزي
E) كل ما سبق خطا",B,E
3676,"في جروح الملتحمة.. كل ما يلي صح عدا: #19# اختر من العمود الأول ما يقابله من العمود الثاني:

A) الجرح الصغير يترك بلا خياطة
B) نعطي صادات موضعية وبالطريق العام
C) نتحرى أولا وجود إصابة للقرنية
D) قد تخفي جرحا صلبيا نافذا
E) تترافق عادة بنزف تحت الملتحمة",E,C
3677,"في الالتهابات الناجمة عن فرط التحسس للنسج الذاتية كل مما يلي صحيح ما عدا:

A) يشاهد في التهاب المفاصل الرثياني
B) التهاب الفقار الرثياني
C) داء رايتر
D) متلازمة بهجت
E) الحمى المالطية",D,E
3678,"أي من التهابات المشيمية التالية تبدو بشكل مماثل للشكل المنتثر إلا أن العلامات تكون محصورة في الجزء المحيطي لقعر العين:

A) التهاب المشيمية المركزي
B) التهاب المشيمية النضحي
C) التهاب المشيمية المنتثر
D) الالتهاب المشيمية الأمامية
E) التهاب المشيمية المجاور لحليمة العصب البصري",D,D
3679,"كل مما يلي من العلامات التي تدل على استحالة الوحمة المشيمية إلى ورم قيتاميني خبيث ما عدا:

A) القطر أكبر من 5 ملم للآفة الكروية أو البيضوية
B) تبدل الظهارة الصباغية على سطح الآفة
C) انفصال شبكية مصلي واسع فوق الآفة
D) ارتفاع الآفة بشكل كروي
E) رؤية شرر ضوئي",B,A
3680,"إذا لم يتمكن المريض من قراءة أكبر أحرف اللوحة، الطريق التالية لتقدير حدة البصر لديه:

A) بعد أصابع الفاحص
B) بتحريك يد الفاحص أمام عين المريض
C) باستخدام منبع ضوئي متحرك من الجهات الأربعة
D) نعتبر أن حدة البصر معدومة
E) كل الإجابات السابقة خاطئة",E,A
3681,"نوع التخطيط بالأمواج فوق الصوتية الذي يفيد في تحديد قوه العدسة المزروعة (اجابه صحيحه)

A) النوع A
B) النوع B
C) النوع C
D) النوع D
E) كل ما سبق خطأ",A,A
3682,"في الحول الشللي عند البالغين يشكو المريض من:

A) حول متناوب
B) رؤية مزدوجة (شفع)
C) تدهور حدة الرؤية
D) كل ما سبق خطأ
E) كل ما سبق صحيح",E,B
3683,"في الحول الشئلي عند البالغين يشكو المريض من:

A) تدهور حدة الرؤية
B) رؤية مزدوجة
C) حول متناوب
D) كل ما سبق صح
E) كسل وظيفي",D,B
3684,"من اسباب البيلة الجرثومية(وجود بكتريا دون كريات بيض)

A) تناول الصادات
B) الاورام
C) التهاب الاحليل بالمكورات البنية
D) كل ماسبق خطأ",D,D
3685,"من العناصر المعدنية النادرة :

A) البوتاسيوم
B) الحديد
C) الفوسفور
D) المغنيزيوم",D,B
3686,"من المظاهر السريرية لداء السكري:

A) التبول الكيتوني
B) انخفاض الحموض الدهنية الحرة
C) الإحساس بالشبع
D) القلاء الاستقلابي",A,A
3687,"فقر الدم بعوز الحديد:

A) نادر الحدوث
B) من علاماته الضخمة الكبد
C) من مسبباته الداء الزلاقي
D) كل ما سبق خطأ",C,C
3688,"الكريات البيضاء من صفاتها :

A) مستطيلة الشكل
B) مستديرة الشكل
C) قطرها 100 ميكرومتر
D) تنحل بالكحول",B,B
3689,"من أسباب البيلة القحفية (وجود كريات بيض بدون بكتيريا) :

A) الإصابة بالجراثيم من نوع البريميات
B) الداء السكري
C) تلوث عينة البول
D) الإصابة بالحمى التيفية",C,A
3690,"من الأسباب التي تؤدي الى حدوث هذه الحالة:

A) قصور القلب
B) النزف الهضمي
C) وجود حصيات بولية
D) التهاب الكلية والحويضة المزمن",C,D
3691,"وظائف الكالسيوم :

A) نقل الدفعات العصبية
B) تثبيط الاستثارة العصبية العضلية
C) تنشيط الإنزيمات
D) كل ما سبق صحيح",D,D
3692,"الكالسيوم :

A) 99% منها في العظام
B) 1% منها في لعظام
C) غير مستقر عند الأطفال
D) الحاجة اليومية تختلف حسب الجنس",A,A
3693,"من أسباب نقص السكر الصيامي

A) إنسولينوما
B) عوز هرمون النمو
C) المعالجة المفرطة بالإنسولين وخافضات السكر الفموية
D) كل ما سبق صحيح",D,D
3694,"تركيز الفركتوز في السائل المنوي :

A) اعلى من 150 ملغ / دل
B) اقل من 150 ملغ /دل
C) 150 ملغ / دل
D) ليس أي مما سبق",B,A
3695,"قد ينتج البيلروبين من تحطم:

A) الفرتين
B) الاميلاز
C) الميوغلوبين
D) الترانسفيرين",A,B
3696,"ترتفع الموجة b غلوبيولين في الحالات التالية ما عدا:

A) اليرقان الانحلالي
B) تناذر النفروز
C) فقردم بعوز الحديد
D) زيادة البروتينات الشحمية",C,A
3697,"من صفا السائل المنوي الطبيعي :

A) يتميع خلال 90 دقيقة
B) حجمه حوالي 9 مل
C) يمتلك قيمة PH=9
D) عكر المظهر",B,D
3698,"العناصر النادرة وزنها لا يتجاوز :

A) 100 ملغ / يوم
B) 150 ملغ / يوم
C) 1000 ملغ / يوم
D) 10000 ملغ / يوم",B,A
3699,"من اسباب البيلة الدموية

A) قصور الكلية
B) الداء السكري
C) حصيات الطرق الصفراوية
D) كل ماسبق خطأ",D,D
3700,"ينعدم يوروبيلينوجين البول في

A) اليرقان الانحلالي
B) اليرقان الكبدي
C) اليرقان الانسدادي
D) كل ماسبق خطأ",A,C
3701,"من أسباب فرط حمولة الحديد:

A) القوت المنخفض للفوسفات
B) دوالي المريء
C) غزارة الحيض
D) الداء الزلاقي",A,A
3702,"في الاحتباس الصفراوي ما هو الانزيم الافضل للوصول للتشخيص

A) ALT
B) اميلاز
C) ليباز
D) كل ماسبق خطأ",D,A
3703,"يتخرب الخصاب يوميا بنسبة تبلغ

A) حوالي 75 ملغ/يوم
B) حوالي 7.5 ملغ/يوم
C) جوالي 75 غرام/يوم
D) كل ماسبق خطأ",B,A
3704,"أسباب نقص المغنيزيوم :

A) تشمع الكبد
B) الكحولية الحادة
C) التهاب المعثكلة الحاد
D) كل ما سبق صحيح",D,D
3705,"من الحالات التي تؤدي الى أذية الخلايا الكبدية + ركود صفراوي :

A) الحمل
B) تنازل حبوب منع الحمل
C) بعد العمل الجراحي
D) كل ما سبق خطأ",D,D
3706,"تتألف السلسلة بيتا من الغلوبين من

A) 141 حمض اميني
B) 144 حمض اميني
C) 146 حمض اميني
D) كل ماسبق خطأ",B,C
3707,"سبب حالة هذا المريض :

A) تلفيف قناة جامعة
B) التهاب كبد فيروسي
C) فقر دم منجلي
D) سرطان رأس بنكرياس",A,C
3708,"البروتين الارتكاسي(CRP) Reactive protein. C :

A) من بروتينات الطور الحاد
B) يصنع في الكلية
C) يزيد مقدار في المصل بعد 24 ساعة من بدء الحالة الالتهابية
D) كل ما سبق صحيح",D,A
3709,"من أسباب اليرقان الكبدي الخلوي :

A) اللمفويات
B) متلازمة روتر + متلازمة دوين جونسون
C) داء الفوال
D) داء هودجكن",B,B
3710,"قد يظهر الكيتون في البول في الحالات التالية ما عدا :

A) التجفاف الشديد
B) الحمى
C) الداء السكري غير المعالج
D) نقص نشاط الدرق",B,D
3711,"الخمائر في عينة البول :

A) الأكثر شيوعا في الكاند يدا
B) تشاهد في حالات التهاب المهبل الفطري
C) بيضوية الشكل وبعضها متبرعم
D) كل ما سبق صحيح",D,D
3712,"يرتفع CK في الحالات التالية ما عدا:

A) إصابات عضلية
B) إصابات قلبية
C) إصابات دماغية
D) قصور درق",C,C
3713,"نتيجة رحلان البروتينات في الالتهابات الحادة :

A) ترتفع الموجة a_2غلوبيولين وتنخفض موجة الالبومين
B) ترتفع الموجة a_2غلوبيولين وترتفع الموجة a_1غلوبيولين
C) ترتفع موجة الالبومين وترتفع موجة غاما غلوبيولين
D) يرتفع موجة a_1غلوبيولين وترتفع الموجة β",A,B
3714,"من أسباب انخفاض AP :

A) المرضى الذين يخضعون للديال الدموي دوريا
B) وجود حصيات مرارية
C) التئام الكسور العظمية
D) داء باجت",A,A
3715,"من أسباب ارتفاع AST :

A) فقر دم انحلالي
B) تعرض للأشعة
C) التسمم بالسياليسيلات
D) كل ما سبق",D,D
3716,"المريض يعاني من حالة هي

A) اليرقان الكبدي
B) اليرقان الانحلالي
C) اليرقان الانسدادي
D) كل ماسبق خطأ",C,C
3717,"أثناء نمو العظام عند الأطفال يرتفع:

A) LDH
B) AST
C) CK
D) كل ما سبق خاطئ",D,C
3718,"تنقص السعة الاجمالية الرابطة للحديد في :

A) حالات الخمج المزمن
B) المتلازمة الكلائية
C) تشمع الكبد
D) كل ما سبق صحيح",D,D
3719,"التركيز الطبيعي للالبومين في المصل

A) 60-80 غ/ل
B) 30-40 ملغ/ل
C) اكثر من 1000 ملغ /دل
D) 35-50 غ/ل",D,D
3720,"المركب الذي يتم اصطناعه بدءا من الحموض الأمينية هو:

A) الكوليسترول
B) أمونيا
C) البيريدوكسامين
D) الكولين",C,B
3721,"بلورات الليوسين:

A) يمكن أن تنحل في الحموض والقلويات
B) تأخد شكل مستطيل مقطوع الزاوية
C) تشاهد بكثرة لدى مرضى السكري
D) كل ما سبق خاطئ",D,A
3722,"من البروتينات التي تلعب دوراً في تخثر الدم :

A) الفريتين
B) الترانسفرين
C) الفيبرينوجين
D) الميوسين",C,C
3723,"يعتبر كل مما يلي من أسباب عوز الحديد ما عدا:

A) التلاسيميا
B) المدخول القوتي الفقير بالحديد
C) النزف من دوالي المريء
D) وجود طفيليات في الأمعاء",A,A
3724,"من أسباب الاعتلال المعوي المرافق لفقد البروتين:

A) سرطان المعدة
B) الحروق
C) الحين
D) كل ما سبق صحيح",D,A
3725,"من صفات الكريات البيض أنها :

A) مستطيلة الشكل
B) تحوي حبيبات خشنة لماعة
C) قطرها 100 ميكرومتر
D) تنحل بالكحول",B,B
3726,"في اسباب فرط الغلوبيولين الكلي ماعدا

A) سرطان الدم اللمفاوية
B) امراض الكبد والتهاب الكبد الوبائي
C) حالات الاصابة بالبلهارسيا والملاريا والليشمانيا
D) امراض الجهاز المناعي والامراض المعدية الحادة والمزمنة",D,A
3727,"من أسباب زيادة امتصاص الحديد:

A) الحمل
B) وجود فيتامين C
C) كل ما سبق صحيح
D) وجود الحموض الأمينية",C,D
3728,"من أسباب البيلة القيحية العقيمة :

A) الداء السكري
B) السل الكلوي
C) الحمى التيفية
D) تلوث عينة البول",D,B
3729,"من الادوية المتهمة بإحداث الداء السكري المجرض بالأدوية:

A) السيفالوسبورينات
B) البنسلينات
C) الساليسيلات
D) كل ما سبق خاطئ",D,D
3730,"من اعراض فقر الدم بعوز الحديد عند المريض

A) الصداع
B) الشحوب
C) التكزز
D) ضخامة الطحال",B,B
3731,"مريضة عمرها 44 سنة تشكو من تعب عام، تم إجراء الاختبارات الكيميائية فكانت قيمة البولة الدموية 140 (13) ملغ دل وقيمة الكرياتنين هي 6 ملغ دل وحمض البول 4 ملغ دل. المريضة تعاني من حالة هي:

A) النقرص
B) اليوريميا
C) الازوتيميا قبل الكلوية
D) الازوتيميا بعد الكلوية 
 التوضيح : نلاحظ وجود ارتفاع متناسب بين البولة والكرياتينيم مما يؤدي لانها حالة ازوتيميا كلوية.",D,B
3732,"مريض عمره ٧٣ سنة بوله داكن اللون وبإجراء المعايرات كان البيلروبين الكلي ١٠ ملغ / دل والبيلروبين غير المقترن ١.٥ ملغ / دل وفعالية انزيم ALT في المصل ٣٢ وحدة التر وإنزيم Y GT مرتفع بشدة بينما كان تركيز الالبومين لدى هذا المريض ٤١ غ /ل المريض يعاني من حالة:

A) يرقان كبدي
B) يرقان بعد كبدي
C) يرقان انحلالي
D) كل ما سبق خاطئ",A,C
3733,"سبب تشمع الكبد عند مريض عمره 12 سنة هو:

A) عوز الحديد
B) داء ويلسون
C) فرط حمولة الحديد
D) نقص المغنزيوم",B,B
3734,"مريض عمره 12 سنة يشكو من قصور ( تشمع كبد ) احتمال أن يكون:

A) نقص مغنيزيوم
B) عوز الحديد
C) داء ويلسون
D) فرط حمولة الحديد",C,C
3735,"من أسباب نقص مقاومة المريض داء السكري للجراثيم :

A) ازدياد ورود الدم للأنسجة
B) نقص تركيز الغلوكوز في تيار الدم
C) نقص اصطناع البروتينات وخاصة الغلوبيولين
D) كل ما سبق خطأ",C,B
3736,"مريض عنده الغلوكوز 210 ملغ / دل فهو :

A) شخص سليم
B) مريض سكري
C) لديه عدم تحمل السكر مطلقاً
D) ليس أي مما سبق",B,B
3737,"مريض تم تحليل الغلوكوز الصيامى له فكانت النتيجة : 128 ملغ /دل فهو :

A) شخص طبيعي
B) مريض سكري
C) معه اضطراب تحمل السكر صيامي
D) ليس أي مما سبق",C,B
3738,"المركب ايتلين ديامين تترا استات مركب لاقط لـ :

A) الحديد
B) النحاس
C) الكالسيوم
D) الصوديوم
E) البوتاسيوم",A,C
3739,"مركب يستخدم في تدبير حمى البحر الابيض المتوسط

A) الايميتين
B) الكولشيمين
C) داي بيريدامول
D) الريزربين
E) لوسارتان",A,B
3740,"البارافينيتيدين يملك سمية:

A) كبدية
B) كلوية
C) دموية
D) عصبية
E) كل ماسيق خطأ",E,B
3741,"مشتقات الحمض البروبيوني كل ما يلي عدا:

A) ايبوبروفين
B) نابروكسين
C) تيابروفينيك أسيد
D) هيفا ناميك أسيد
E) كيتوبروفين",D,D
3742,"داء الفقاع المحرض دوائياً يعود للنمط التحسسي:

A) الأول.
B) الثاني.
C) الثالث.
D) الرابع.
E) الخامس.",D,B
3743,"آلية تاثير المركب دابيريدامول تعتمد على:

A) تثبيط PDE
B) تنشيط مستقبلات ال GABAA
C) قفل مستقبلات ال GABAA
D) تثبيط نشاط مستقبلات NMDA
E) تنشيط مستقبلات NMDA",A,A
3744,"كل من العبارات التالية صحيحة ما عدا:

A) يمكن استخدام الكيتورولاك كبديل عن المورفين كمسكن للالام المتوسطة.
B) للـــــ كيتورولاك سمية كلوية.
C) يعطى الــــ تيلوكسيكام بجرعة 150 ملغ مرتين باليوم ( 150× 2= 300 ملغ).
D) يثبط الغوانيتيدين تحرر النورادرينالين.
E) يعتبر الميكا ميلامين من شالات العقد.",C,C
3745,"كل ما يلي عن البيندولول صحيح عدا

A) حاصر و ، لا يملك نشاط مقلد ودي داخلي
B) حاصر و ، لا يملك نشاط مقلد ودي داخلی
C) يستخدم في ارتفاع الضغط عند الرياضيين
D) يستخدم في ارتفاع الضغط عند السكريين
E) يشابه تأثير الأسيبتولول",E,B
3746,"أحد المركبات التالية يعمل على فتح ؟؟؟؟؟؟ البوتاسيوم:

A) لاموتريجين.
B) بروكاتين.
C) فلوكستين.
D) كاربامازبين.
E) ميتوكيسنيل.",B,E
3747,"أحد المركبات التالية يستخدم في تدبير التسمم الغذائي أو الدوائي:

A) بيزوتيفن.
B) ارغوتامين.
C) السكلامات.
D) الايميتين.
E) زولميتريبتان.",D,D
3748,"المركب Methadone يستخدم

A) لتخفيف الاذية الهضمية الناتجة عن NASID
B) كخافض للضغط
C) كمسكن الم مركزي
D) كمضاد لانفصام الشخصية
E) رافع للضغط",C,C
3749,"المركب ديمركابرول بملك تأثير:

A) مرخي للعضلات الهيكلية.
B) خافض للضغط.
C) لاقط لعنصر الرصاص .
D) موسع للقصبات.
E) موسع للأوعية الدماغية.",C,C
3750,"البنزبرومارون يملك تأثير:

A) مضاد التهاب غير ستيروئيدي.
B) يملك تأثير مدر للبول.
C) يملك تأثير مضاد للسعال
D) يملك تأثير طارح الحمض البول.
E) كل ما سبق خطأ.",D,D
3751,"كل ما يني عن الأري كولين غير صحيح عدا:

A) يستخلص من جذور كوريانث يوهمب
B) يساعد على الهضم
C) غليكوزيد طبيعي
D) يستخدم بالمشاركة مع الأوكسي تريمورين",A,B
3752,"كل ممايلي صحيح حول حمض الفوليك ماعدا:

A) عوزه أثناء الحمل يزيد خطورة تشوهات الأنبوب الهضمي عند الجنين.
B) ضروري للتركيب الطبيعي للـ .DNA
C) يتحول في الجسم إلى تتراهيدروفولات.
D) نقصه يسبب فقر الدم.
E) يمتص بشكل ثابت من الأنبوب الهضمي.",E,A
3753,"النورأميدو بيرين يملك تاثير :

A) خافض للحرارة
B) مسكن للألم
C) منقص لعدد التريات البيض
D) كل ماسبق صحيح
E) كل ماسبق خطا",D,D
3754,"ال اميلوياربيتون من الباربيتوريات :

A) طويلة مدة التأثير
B) متوسطة مدة التأثير
C) قصيرة مدة التأثير
D) قصيرة مدة التأثير جدا
E) كل ماسبق خطأ",B,B
3755,"احد من المركبات التالية يستخدم في التشخيص:

A) تولازولين
B) ارغوتوكسين
C) كبريتات الباريوم
D) يوهمبين
E) برازوسين",C,C
3756,"يستخرج برومبلينز من:

A) بذور الخلة السورية
B) بذور الفوفل
C) ثمار الاناناس
D) جذور عرق الذهب
E) كل ماسبق خطأ",A,C
3757,"تنبيه مستقبلات B2 يؤدي الى كل مما يلي عدا ؟

A) السمحة اللون
B) زيادة اطراح الأميلاز.
C) رجفان عضلي
D) ارتخاء مثانة
E) تثبيط تحرر الرينين",B,B
3758,"إن 200 ملغ من البروبرانولول الفموي تعادل بالإعطاء الوريدي بالملغ:

A) 5
B) 10
C) 15
D) 30
E) 50",B,E
3759,"كل ما يلي عن الكالسيتونين صحيح عدا

A) من خلاصة الغدة الدرقية لسمك السلمون
B) يستخدم في علاج داء باجيت
C) يستخدم في ترقق العظام
D) ينقص الطرح الكالسيوم في البول
E) ينقص كالسيوم الدم",C,D
3760,"أحد الأمراض التالية يمكن معالجته بواسطة الجينات:

A) الربو.
B) الحل العضلي.
C) احتشاء العضلة القلبية.
D) توسع القصبات.
E) التهاب المفاضل التنكسي.",B,B
3761,"كل من العبارات التالية صحيحة حول اللاكتولوز ماعدا:

A) يعتبر من الملينات
B) عبارة غليكوزيد ثنائي تركيبي
C) لا يمتص
D) يستخدم في تدبير الامساك
E) يستخدم في تدبير اعتلال الدماغ الكبدي",E,B
3762,"كل مما يلي من المشتقات البروبيونية ماعدا:

A) بيروكسيكام .
B) ايبوبروفين.
C) نابروكسن.
D) تيار بروفينيك اسيد.
E) كيتوبروفين.",D,A
3763,"أحد مسكنات الألم التالية لايجوز مشاركته مع الباراستامول :

A) بوبري نورفين
B) بنتازوسين
C) بيوتور فانول
D) ترامادول
E) نيفوبام",C,E
3764,"أحد المركبات التالية يعمل على فتح أقنية البوتاسيوم:

A) لاموتريجين.
B) بروكانين.
C) فلوكستين.
D) کاربامازبين.
E) مينوكسيديل.",E,E
3765,"المركب ترانيل سيبرومين يملك تأثير مثبط ل :

A) الكحول دي هيدروجيناز
B) MAO
C) N.O.S
D) COMT
E) كل ماسبق خطا",D,B
3766,"يمكن للحديد أن يدخل في تركيب:

A) السيتوكروم أكسيداز.
B) مونو امینواکسیداز.
C) الكاتالاز.
D) كل ما سبق صحيح.
E) كل ما سبق خطأ.",D,D
3767,"احد هذه المركبات التالية يحاصر مستقبلات 5HT3

A) بيزوتيفن
B) ارغرتامين
C) اوندانسترون
D) زولميتريبتان
E) دومبيريدون",C,C
3768,"تعتبر كل من العبارت التالية صحيحة حول الوسيط N° (النيتريك اوكسيد) ماعدا:

A) وسيط ذو طبيعة غازية
B) مدة تأثيره قصيرة حوالي 5 ثواني
C) يصنع من أسبارتيك اسيد
D) ينشط انزيم غوانيل سيكلاز
E) يملك تأثير خافض للضغط",C,C
3769,"اذا كانت جرعة دواء عند بالغ 1200 ملغ فان جرعته: عند طفل عمره 6 سنة هي:

A) 200 ملغ
B) 300 ملغ
C) 400 ملغ
D) 150 ملغ
E) كل ماسبق خطأ",B,C
3770,"المركب الذي ينشط ∆ امينوليفولينيك اسيد سينثتاز ويثبط است الدهيد ديهيدروجيناز هو:

A) هالوبيريدول
B) امينوفينازون
C) بيرازيناميد
D) الكيفين
E) غريزيوفولفين",B,E
3771,"ادخل 8 ملغ من دواء الى الجسم وكان تركيزه البلازمي0.2 ملغ/ليتر فان VD هي:

A) 30ملغ
B) 20 ليتر
C) 25 ملغ
D) 1.44 ملغ2/ليتر
E) كل ماسيق خطأ",B,E
3772,"احد المركبات التالية يمكن ان يشارك مع الكاريسويرودول من اجل احداث تازر دوائي

A) نيكيثاميد
B) سلدينافيل
C) ستركتين
D) فنلزين
E) كل ماسبق خطأ",B,E
3773,"احد المركبات التالية من المخدرات العامة: انتهت الاسئلة مع اطيب التمنيات بالتوفيق والنجاح د.هيثم جواد اجوبة- حملة

A) برودانيديد
B) ديكلونين
C) سينابتوبريفين
D) تترازودون
E) كل ماسبق خطأ",C,A
3774,"إذا كانت جرعة دواء عند البالغ ۱۰۰ ملغ فإن جرعته عند طفل وزنه 17,5 كغ هي:

A) 50 ملغ .
B) . 17.5 ملغ.
C) 25 ملغ.
D) . 37.5 ملغ.
E) 35 ملغ.",A,C
3775,"أدخل ۱۲ ملغ من دواء الى الجسم وكان تركيزه البلازمي 0.4 ملغ/ ليتر فإن VD هي:

A) (30 ملغ).
B) (15 ليتر).
C) (30 ليتر).
D) (4.8 ملغ2/ ليتر).
E) (15 ملغ).",B,C
3776,"كل ممايلي من الأدوية التي تزيد من استقلاب الأدوية بالكبد ماعدا:

A) فينوباربيتون.
B) ريفامبيسين.
C) الفينيتوتين.
D) السيميتنين.
E) کاربامازبين.",D,D
3777,"كل ممايلي يمكن أن يستخدم في تدبير الأعراض الوظيفية الناجمة عن فرط تنسج الموثة الحميد ما عدا:

A) تیرازوسين.
B) برازوسين.
C) تامسولوسين.
D) ألفوزوسين.
E) أوكسي بوتينين.",E,E
3778,"أحد المركبات التالية يستخدم لأرخاء المثانة في حالة زيادة عدد مرات التبول:

A) پیریدوسنغمین.
B) أمبيتوتيوم.
C) اري كولين.
D) ؟؟؟؟؟؟؟؟؟؟
E) تاكرين.",A,D
3779,"يمكن استخدام البروبرانولول في تدبير كل مما يلي ما عدا :

A) الشقيقة .
B) خناق الصدر.
C) ارتفاع الضغط الشرياني.
D) برودة الأطراف.
E) فرط نشاط الدرق.",B,D
3780,"كل ممايلي صحيح حول فقر الدم بنقص الحديد ومركبات الحديد ما عدا:

A) من أسبابه النزوف الهضمية.
B) يحدث زيادة فى السمة الرابطة للحديد.
C) يمكن معالجته بـ غلوكونات الحديدي عن طريق الفم.
D) يمكن معالجته بـ دكستران الحديد عن طريق الحقن.
E) في حالة فقر الدم الانحلالي يفضل مشاركة مركبات الحديد مع الكورتيزونات.",E,E
3781,"يعطى الـ د.بنسلامين بجرعة ؟؟؟؟ مقدرة بالملغ عند البالغين بمقدار يومي يقدر بـ:

A) 20. 30.
B) 1 ملغ.
C) 10ملغ.
D) 125. 250 ملغ.
E) 0.5 ملغ / كغ .",D,D
3782,"مع وجود استطباب لوصف أحد حاصرات عند الرياضين يفضل وصف المركب :

A) بروبرانولول.
B) بندولول.
C) بيسوبرولول.
D) أثينولول.
E) كل ماسبق خطأ.",B,B
3783,"اذا كانت جرعة دواء البوسية عند بالغ ۱5۰۰ ملغ فإن جرعته عند طفل عمره 6 سنوات هي :

A) (500) ملغ.
B) (750) ملغ.
C) (1000) ملغ.
D) (1500) ملغ.
E) (2000) ملغ.",B,A
3784,"كل من المركبات التالية يملك تأثير مثبط للأنزيمات الكبدية ماعدا :

A) السيميتدين.
B) الأريثرومايسين.
C) کاربامازبین.
D) هيدرالازين.
E) كيتو كونازول.",C,C
3785,"كل مما يلي يمكن أن يستخدم في تدبير صداع الشقيقة ماعدا :

A) بيزوتيفن.
B) ارغوتامین.
C) سوماترببتان.
D) البرينزبين.
E) زولميتريبتان.",D,D
3786,"يمكن استخدام كل من الصادات التالية في تدبير القرحة الناجمة عن الإصابة بالملتوية البوابية ماعدا :

A) ميترونيدازول.
B) اموكسيسللين.
C) تتراسكلین.
D) كلاريترومايسين.
E) كليندا مايسين.",E,E
3787,"المركب الذي ينشط ؟؟؟؟ أمينو ليغوليتيك أسيد سبنشتاز ويثبط أست ألدهيد دیهیدروجیناز هو:

A) هالوبيريدول.
B) أمينوفينازون.
C) بیرازینامید.
D) الكينين.
E) غريزيو فولفين.",C,E
3788,"في المرحلة المتقدمة من التسمم الصفصافي يحدث كل مما يلي ماعدا

A) ارتفاع حرارة
B) التهاب معدة نزفي
C) قلاء تنفسي
D) D. زيادة سكر الدم
E) هبوط ضغط",C,C
3789,"كل من المركبات التالية يملك تأثير مثبط للأنزيمات الكبدية ماعدا :

A) السيميتدين الأريثرومايسين
B) ريفامبيسين
C) D. هيدر الارين
D) كيتو كونازول",C,C
3790,"كل مما يلي يمكن ان يستخدم في تدبير صناع الصديق ماعدا :

A) بيزوتيفن
B) ارغوتامين
C) سوماتر يبتان
D) ایزوسوربيد داي نترات
E) زولميتريبتان",D,D
3791,"أحد المركبات التالية يعمل على تثبيط تقلصات الرحم في المخاض الباكر :

A) نيو ستغمين
B) ايدروفونیوم
C) ريتودرين
D) بيلوكاربين
E) اري كولين",C,C
3792,"إن معدل التصفية الكلوية للكرياتينين عند رجل عمره 40 سنة ومستوى كرياتينين الدم 1 ملغ دل و وزنه ۷۲ كغ مقدرة بـ مل / د هي :

A) 80
B) 100
C) 120
D) 140 .
E) كل ماسبق خطا",B,B
3793,"تناول شاب بقصد الانتحار ثلاث أمبولات بانكورونيوم عن طريق الفم من المتوقع أن يحدث له :

A) شلل عضلات الأجفان
B) شلل عضلات الوجه و الفكين
C) شلل عضلات الصدر التنفسية
D) كل ماسبق صحيح
E) أن لا يحدث لديه أي شلل",D,E
3794,"المركب الذي ينشط كلا من ∆ أمينوليفولينيك أسيد سينثتار و است الدهيد ديهيدروجيناز هو

A) هالوبيريدول
B) امينوفينازون
C) بیرازینامید
D) الكينين
E) غريزيو فولفين",B,E
3795,"كل مما يلي يمكن أن يحدثه الـ - D تيوبوكورارين ماعدا :

A) هبوط ضغط
B) زيادة الحركة الحوية
C) زيادة المفرزات الهضمية
D) شلل العضلات التنفسية
E) تضيق قصبي",B,B
3796,"أحد مسكنات الألم التالية يملك قدرة عالية مسكنة اللالم تعادل قوة المورفين

A) بوبري نورفين
B) بنتازوسين
C) بيوتور فانول
D) ترامادول
E) نيقوبام",C,E
3797,"المستقبل المورفيني المسؤول عن تقبض الحدة. الشديد والتأثير المركن هو مستقبل :

A) K
B) μ
C) ε
D) ∆
E) σ",B,A
3798,"مريض ذكر مصاب بفقر دم بنقص الحديد مستوى خضابه ۸ غ / د. ليتر يحتاج لكمية من الحديد تقدر بـ الـغ :

A) -0.25
B) -0.5
C) -1
D) -1.5
E) -2",B,E
3799,"اشر الى العبارة الخطا حول تأثير درجة الحرارة والرطوبة وأشعة الشمس على فعالية الادوية:

A) يفقد مركب 5-fU(فلورورايسل) فعاليته عند تعرضه لاشعة الشمس وله تأثير مضاد لسرطان الثدي ويتم تسربيه
B) يقد مركب صوديوم نتروبروسايد فعاليته عند تعرضه لاشعة الشمس وله تاثیر خافض شديد للضغط الشرياني ويتم تسريبه وريديا
C) يفقد مركب نترو غليسرين فعاليته بالرطوبة واشعة الشمس ولكن لا يحدث تأثير حس حارق وكاوي تحت اللسان دلالة على فقدان فعاليته
D) يفقد محلول الادرنيالين والنور ادرينالين الممدد فعاليته ويتحول الى اللون الوردي دلالة على فقدان فعاليته بدلا من اللون الشفاف
E) يفقد ماء الاوكسجني فعاليته المؤكسدة والمانحة للأوكسجين عند تعرضه للهواء واشعة الشمس",D,C
3800,"أحد المركبات التالية من الأضداد المؤشبة وحدة النسيلية المستخدم في تدبير سرطانة الثدي

A) ایتانیرسبت
B) الفكيلسيماب
C) ريتوكسيماب
D) او ماليزوماب
E) تراستوزوماب",E,E
3801,"اشر الى العبارة الخطا حول التأثيرات الضارة للأدوية في أثناء الحمل

A) يستفاد من مركب الايترينات في معالجة داء الصدف خاج فترة الحمل ولكنه يسبب الاجهاض
B) يستفاد من مركب تريتينوين بن معالجة حب الشباب خارج فترة الحمل ويحضر بشكل اقراص عن طريق الفم
C) يستفاد من مركب تري ميثاديون في معالجة الصرع الصغير خارج فترة الحمل ولكنه يسبب تشوهات في تطور الوجه والقحف
D) والجملة العصبية المركزية في أثناء الحمل يستفاد من مركب سيكلامات كمادة محلية خارج فترة الحمل ولكنه يسبب سرطان المثانة عند الجنين
E) تسبب موانع الحمل الفموية عند تناولها في اثناء الحمل سرطان الكبد عند الجنين",A,B
3802,"كل ما يلي من مضادات H1 غير مثبطة لـ CNS عدا :

A) اليميمازين
B) لوراتادین
C) تري فينادين
D) فيكسو فينادين",B,A
3803,"أي من المركبات التالية يسبب سمية كلوية عند الاستخدام أكثر من 5 أيام:

A) ديكلوفيناك
B) كيتورولاك
C) نابروكسين
D) اندومتاسین
E) تینوکسیکام",B,B
3804,"خلايا تقوم بإفراز بروتين برفورين الذي يفتح ثقوب في غشاء الخلية الهدف :

A) الخلايا المساعدة.
B) الخلايا القاتلة.
C) الخلايا الذاكرة.
D) الخلايا الكابتة",B,B
3805,"فيما يخص الهيم:

A) يتألف من 4 حلقات ببرولية
B) كل جزيئة هيم ترتبط بحزينة O2
C) ارتباط الهيم بال O2 ضعیف و عکوس
D) كل ما سبق صحيح",D,D
3806,"كل ما يلي يؤمن العود الوريدي عدا:

A) النبض الشرياني
B) التقلص العضلي
C) الزفير
D) الصمامات الوريدية",A,C
3807,"- كلما زاد الوزن الجزيئي للغاز:

A) ازداد معدل الانتشار.
B) انخفض معدل الانتشار.
C) لم يتأثر معدل الانتشار.
D) ازدادت السرعة التي تتحرك بها الجزيئات.",B,B
3808,"من مميزات الألياف البطيئة:

A) شبكة هيوليه ناميه
B) لا تعتمد بصورة أساسية على الاستقلاب
C) غزيرة التروية الدموية
D) الاستقلاب التأكسدي فيها ثانوي",B,C
3809,"المبدأ الأساسي للتشتت هو:

A) الانكسار
B) الانتشار
C) الانعكاس
D) الامتصاص",B,B
3810,"الدور الأساسي للعامل السابع هو تسريع تشكل العامل:

A) الاول
B) الثالث
C) الخامس
D) العاشر",B,B
3811,"تعمل البروستاغالندينات على حماية مخاطية المعدة من خلال كل ما يلي عدا:

A) تنبيه إفراز المخاط
B) نقص الجريان الدموي
C) تنبيه إفراز البيكربونات
D) تثبيط إفراز الحمض المعدي",B,B
3812,"عند فرط التهوية الرئوية يتفعل :

A) مركز الشهيق.
B) مركز الزفير القسري.
C) مركز الشهيق القسري.
D) المركز الناهي.",D,B
3813,"السائل داخل الخلايا يكون في

A) الخلط المائي و الزجاج للعين.
B) سوائل غشاء الجنبة والتامور.
C) السيتوبلازما.
D) الأكياس الزليلة للمفاصل.",C,C
3814,"يمكن للطبيب القيام بغسل المعدة قبل امتصاص مواد سامة :

A) في معدة فارغة
B) نتيجة لصغر الحجم المعدة
C) بسبب فقدان سمية هذه المواد بتأثير الحمض المعدي
D) كل ما سبق صحيح",D,A
3815,"فيما يخص التلاؤم (الخاطئ) :

A) تشترك معظم المستقبلات بصفة واحدة هي التلاؤم
B) تختلف سرعة حدوث التلاؤم باختلاف المستقبل
C) المستقبلات التي تتلاءم بسرعة تسمى مقوية
D) مستقبلات الألم لا تتلاءم أبدا",C,C
3816,"مقدرة شخص على ادراك منبهيين لمسيين مطبقين على منطقة من سطح الجسم على انهما منفصلتان :

A) التعرف الحيزي
B) تمييز حس النقطتين
C) الحس المجسم
D) اضطراب نظم",B,B
3817,"سبب عدم قدرة ألياف الجهاز العصبي المركزي على التجدد هو:

A) غياب النخاعين في معظم الألياف
B) قصر المحور الأسطواني لهذه الألياف
C) غياب غمد شوان
D) عدم وجود الخلايا الدبقية قليلة التغصنات",C,C
3818,"مستقبلات اللمس الدقيق :

A) باشيني
B) مايستر
C) أقراص ميركل
D) روفيني",C,B
3819,"تزداد قوة تقلص القلب ب

A) الحمى المديدة.
B) زيادة البوتاسيوم.
C) زيادة الكالسيوم.
D) كل ما سبق صحيح.",D,C
3820,"أن النسخ السيولوجية شفافة نسبيا في المجال:

A) فوق البنفسجي
B) تحت الأحمر القريب
C) تحت الأحمر المتوسط
D) تحت الأحمر البعيد",B,B
3821,"كل ما يلي يعد صحيحاا حول الختالف بين العضلات الملس والعضلات الهيكلية عدا:

A) قوة تقلص العظمى للعضلات الملساء أصغر من تلك في العضلات الهيكلية
B) زمن بدء التقلص واسترخاء النسيج في العضلات الملساء يكون أكبر
C) تحتاج العضلات الهيكلية إلى طاقة أكبر
D) سرعة دوران الجسور التصالبية في العضلات الهيكلية أسرع",C,A
3822,"يؤدي الدور الأكبر في امتلاء البطينين أثناء الجهد طور :

A) الانقباض الاذيني
B) الانقباض البطيني
C) الاسترخاء الأذيني البطيني
D) كل ما سبق خاطئ حصدانا",C,A
3823,". العامل الرئيسي الذي يحدد ارتباط الأكسجين بخضاب الدم هو:

A) الضغط الجزئي للأوكسجين في الدم PO2.
B) تركيز ثنائي أوكسيد الكربون في الدم PCO2.
C) تركيز شوارد الهيدروجين في الدم.
D) تركيز 2.3 ثنائي فوسفات الغليسيرات DPG في الدم.",A,A
3824,"يحوى على نسبة عالية من الدسم:

A) اللمف القادم من الكبد
B) اللمف القادم من الأمعاء
C) اللمف القادم من الساقين
D) اللمف القادم من القلب",B,B
3825,"أي مما يلي يسبب رفع الضغط

A) ADH
B) جملة الرينين - انجيوتنسين - الدوستيرون.
C) الببتيد الطارح للصوديوم ANP
D) كل من a و b",D,D
3826,"معدل الترشيح الكبيبي GFR

A) نستخدم الانولين لقياسه.
B) يعادل تقريبا تصفية الكرياتينين.
C) يبلغ حوالي ١٢٥ ملد.
D) كل ما سبق صحيح.",D,D
3827,"السعة الحياتية VC :

A) IRV+ TV
B) ERV+IRV+ TV
C) RV+ERV+IRV+ TV
D) ERV+TV",C,B
3828,"العامل ٣ مع ca يؤدي الى :

A) تلقيم راجع سلبي للثرومبين.
B) تلقيم راجع إيجابي للثرومبين.
C) تنشيط العامل ال ٦.
D) تثبيط سبل التخثر.",B,B
3829,"توجد المستقبلات النيكوتينية في كل ما يلي عدا:

A) المشابك بين العصبونات قبل العقدية وبعد العقدية للجهازين الودي واللاودي
B) في النهايات العصبية لعصبونات القشرة المخية
C) في الخلايا التي تستجيب للتنبيه بالعصبونات بعد العقدية للجهاز العصبي اللاودي
D) في اغشية خلايا العضلات الهيكلية",D,C
3830,"البيئة الداخلية هي كل ما يلي ما عدا:

A) السوائل داخل الخلايا
B) السوائل خارج الخلايا
C) الدم
D) الخلط المائي",D,A
3831,"في التلاسيميا يزداد الانحلال عند :

A) التعرض للشدة والحمى.
B) عند انخفاض دراجة الحرارة.
C) عند استئصال الطحال.
D) عند ظهور تكتلات ورمية.",A,A
3832,"الفيتامين الأساسي في عملية تشكيل عوامل التخثر:

A) A
B) B
C) C
D) K",D,D
3833,"من مميزات الطريق الحركي الجسدي:

A) توجد خلاياه داخل الجهاز العصبي المركزي
B) توجد أجسام خلاياه خارج الجهاز العصبي المركزي ومحاويره داخله
C) توجد بالكامل خارج الجهاز العصبي المركزي
D) توجد أجسام خلاياه داخل الجهاز العصبي المركزي ومحاويره خارجه",B,D
3834,"يزداد الضخ البلغمي:

A) بالضغط على الوعاء اللمفاوى بشكل متقطع
B) وجود صمامات في الأوعية اللمفاوية
C) نبضان الشرايين المحاذية للأوعية اللمفاوية
D) كل ما سبق صحيح",D,D
3835,"العصب الودي القلبي:

A) يفرز الأدرينالين.
B) يفرز الاستيل كولين.
C) هو العصب المبهم.
D) يبطئ حركة القلب.",C,A
3836,"كل ما يلي من مميعات الدم داخل الأوعية الدموية عدا:

A) مضاد الخثرين
B) الاسبرين
C) الهيبارين
D) البلازمين",D,D
3837,"يعيد السائل لداخل الأوعية :

A) الضغط الغرواني للدم
B) ضغط الدم
C) الضغط الغروانى للخلال
D) ضغط الخلال السلبي",A,A
3838,"دراسة آلية و توليد و نقل كوامن الفعل فى القلب هي جزء من الفيزيولوجيا على المستوى (سؤال ربط مع الفصل الخامس )

A) الخلوي
B) النسيجي
C) الجهازي
D) الكائن الحي ككل",C,B
3839,"توجد المستقبالت النيكوتينية في الأماكن التالية:

A) في المشابك بين العصبونات قبل العقدية وبعد العقدية للودي
B) في المشابك بين العصبونات قبل العقدية وبعد العقدية نظير الودية
C) أغشية خلايا العضالت الهيكلية
D) العقدة الجيبية الأذينية في القلب",A,D
3840,"تمثل عودة استقطاب البطينين :

A) الموجة P
B) الموجة T
C) المركب Qrs
D) الفترة PQ",B,B
3841,"تحدث الأمور في الانقباض البطيني عدا:

A) تكون الصمامات الأذينية البطينية مفتوحة
B) تكون الصمامات السينية مفتوحة
C) يصل الضغط في البطين إلى أعلى قيمة له
D) يصل الضغط في الأذينات إلى أخفض قيمة له",B,A
3842,"المشبك الذي يتحكم بكمية النقل العصبي:

A) Axo-Denteric synapses
B) Axo-Axonic synapses
C) Axo-somatic synapses
D) Denteric-Denteric synapses",B,C
3843,"يتحدد الاهتزاز الناتج من:

A) الاهتزاز الطبيعي
B) الاهتزاز الحر
C) الاهتزاز القسري
D) A, C",C,C
3844,"تزداد سرعة زوال الاستقطاب الخلايا ذاتية النظم في القلب في:

A) زيادة نفوذية الغشاء لشوارد البوتاسيوم
B) نقص نفوذية الغشاء لشوارد الكالسيوم
C) زيادة نفوذية الغشاء لشوارد الصوديوم
D) زيادة نفوذية الغشاء لشوارد الكلور",A,C
3845,"تساهم العوامل التالية في الكمون الكهربائي السالب عبر غشاء الخلّية في حالة الّراحة عدا:

A) نفوذية الغشاء العالية للبوتاسيوم
B) مدروج التركيز الكيميائي المرتفع للبوتاسيوم
C) عدم قدرة الشوارد العضوية الموجبة الشحنة على مغادرة الخليه
D) مضخة صوديوم بوتاسيوم",C,C
3846,"يعني وجود المقوية الودّية أو اللاودّية:

A) قدرة جهاز على زيادة فعّالية عضو
B) قدرة جهاز واحد أو أكثر على ضبط فعّالّية العضو زيادة أو نقصاناً
C) قدرة الجهاز على إنقاص فاعلية عضو
D) وجود تفريغ متقطّع من الجملة الودّية أو اللاودّية",B,B
3847,"كل مما يلي يخضع لعملية التلقيم الراجع الشلبي عدا:

A) إفراز LH & FSH عند الذكر
B) التهوية الرئوية
C) عملية الإباضة
D) تنظيم الضغط الشرياني",D,C
3848,"تعتمد سرعة انتشار الأوكسجين عبر غشاء الخلية على:

A) كمية البروتينات في الغشاء الخلوي
B) مقدار ذوبانه في الشحوم
C) وظيفة الخلية
D) كل مما سبق خاطئ",B,B
3849,"في الدوران اللمفي كل ما يلي صحيح عدا :

A) تنتهي الأوعية بجذوع.
B) له دور مناعي هام.
C) يصب في الأجوف السفلي.
D) يحوي دسامات المرور اللمف باتجاه واحد.",C,C
3850,"في الوهن العضلي الوبيل :

A) أهم علاماته تدلي في الرقبة.
B) يتصف بمناعة ذاتية لمستقبلات الأستيل كولين.
C) العلاج يتم عبر الفيزوستيغماين.
D) كل ما سبق صحيح.",D,B
3851,"من أسباب فقر الدم بعوز الحديد :

A) النزف الهضمي
B) الغذاء ناقص الحديد.
C) ضمور المعدة الحاد.
D) كل ما سبق صحيح.",D,D
3852,"عندما يصل التيروكسين الى المستوى الدوراني المطلوب:

A) تتحرض الغدة النخامية لافراز THS
B) ترسل الخلايا المتأثرة به إشارات تلقيم ايجابي
C) تتوقف الغدة النخامية عن افراز THS
D) كل ما سبق صحيح",C,C
3853,"الوظيفة الرئيسية للعقدة الأذينية البطينية في الحالت السوية:

A) توليد إشارات تجعلها ناظمة للقلب
B) تأخير زمن مرور الإشارة بمقدار ,1 0 ثانية
C) تأمين المقوية الودية للقلب
D) تأمين وصول الإشارات إلى شغاف القلب",A,A
3854,"من خواص التلقيم الراجع السلبي كل مما يلي ما عدا:

A) يتم من خلال معاكسة المتغير البدئي وتصحيحه.
B) يخضع للمراقبة من قبل التلقيم الراجع الإيجابي.
C) يساعد على استتباب البيئة الداخلية للجسم.
D) يعد تنظيم مستوى سكر الدم من الأمثلة عليه.",B,B
3855,"تحّرض العوامل التالية إفراز عصارة بنكرياسية غنّية بالإنزيمات:

A) الأستيل كولين والكوليسيستوكينين
B) الأستيل كولين والسكرتين
C) السكرتين والكوليسيستوكينين
D) السكرتين والغاسترين",A,A
3856,"مرض فوق فليراند :

A) يحصل فيه تطاول زمن النزف
B) وراثته جسمية مقهورة
C) هو الناعور الوعائي
D) كل ما سبق صحيح",D,D
3857,"يتم إعادة امتصاص القسم الأعظم من الماء المرتشح في مستوى:

A) النبيبات الدانية
B) عروة هانلي
C) النبيبات القاصية
D) النبيبات الجامعة",B,A
3858,"حجم الدم الذي يضخه البطين الأيسر في الدقيقة:

A) أكبر من الحجم الذي يضخه البطين الأيمن.
B) أقل من الحجم الذي يضخه البطين الأيمن.
C) نفس الحجم الذي يضخه البطين الأيمن.
D) أكبر أو أصغر حسب قوة الانقباض.",C,C
3859,"يؤدي تنبيه مستقبلات بيتا إلى ما يلي عدا:

A) تسّرع القلب
B) تقلص العضلات التنفسية
C) إرخاء الأمعاء
D) تحلل الشحوم",C,B
3860,"- أهمية السوفاكتانت الوظيفية هي:

A) نقص قوى التوتر السطحي داخل السنخ.
B) إرخاء العضلات الملس في الطرق التنفسية.
C) إرخاء المعصرات قبل الشعرية.
D) تحريض إفراز المخاط.",A,A
3861,"الصوت الأول للقلب ناتج عن :

A) لانغلاق الصمامات السينية
B) تقبض البطنيات
C) انغلاق الصمامات الأذينية البطينية
D) تقبض الاذينات",A,C
3862,"الخاطئ حول تأثير النورادرينالين:

A) يحرض تقليص العضلات الملمس في الاوعية الدموية للجلد
B) ارخاء العضلات الملس في المعي
C) انتصاب القضيب
D) انتصاب الشعر",B,C
3863,"معدل التهوية السنخية

A) X TV معدل التنفس في الدقيقة
B) الحيز الميت × معدل التنفس في الدقيقة
C) ( TV - الحيز الميت ) × معدل التنفس في الدقيقة
D) هي حجم الهواء الجديد الذي يدخل الرئتين كل دقيقة",D,C
3864,"من المقبضات الوعائية:

A) السيروتونين
B) الادرينالين
C) البروستاسايكلين
D) عامل فون ويلبراند",B,D
3865,"اختر الإجابة الخاطئة :

A) ضغط O2 في الأسناخ أقل من ضغطه في الهواء الجوي
B) ضغط CO2 في الأسناخ أكبر من ضغطه في الهواء الجوي
C) ضغط الـO2 في هواء الزفير اقل من ضغطه في الأسناخ
D) ضغط ال CO2 في هواء الزفير أقل من ضغطه في الأسناخ",C,C
3866,"الخلايا التي تمتلك أسرع النظم الأسرع من زوال الاستقطاب:

A) العقدة الجيبية الأذينية.
B) العقدة الأذينية البطينية.
C) حزمة هيس.
D) ألياف بوركنجي.",A,A
3867,"ينشأ من الشريان السباتي الخارجي كل ما يلي عدا:

A) الشريان القذالي
B) الشريان الدرقي العلوي
C) الشريان الفقري
D) الشريان الوجهي",C,C
3868,"وظيفته تسريع عملية تشكل الترومبوبلاستين الصفيحي:

A) العامل الخامس
B) العامل الثالث
C) العامل السابع
D) العامل التاسع",C,C
3869,"يعمل على تسهيل الانتقال بين الشهيق والزفير :

A) المجموعة التنفسية الظهرية
B) المجموعة التنفسية البطنية
C) مولد النسق المركزي
D) مركز التنفس الجسري",B,D
3870,"من طرائق التشخيص المخبرية والشعاعية للانت البولي:

A) إجراء زرع البول.
B) مراقبة ضغط الدم وقياس الرينين والانجيوتينسين
C) التصوير الشعاعي بالإيكو دوبلر
D) كل ما سبق صحيح.",D,D
3871,"يزداد التخصص في الأسناخ الرئوية

A) بزيادة كمية السيرفاكتانت
B) بتضيق فوهة القصيبات
C) بزيادة قطر المنفذ
D) بزيادة نسبة التهوية على التروية",C,B
3872,"يعرف بالموجهة الجسدية:

A) البرولاكتين
B) الموجهة الكظرية
C) هرمون النمو
D) الموجهة التناسلية",B,C
3873,"يعمل الترحام كـ:

A) مستقبل الأصداء النبضة
B) دام مصدر للأمواج بالنمط المستمر
C) مصدر للأمواج بالنمط النبضي
D) كل ما سبق",D,D
3874,"العقدة الرأسية للجهاز العصبي المستقل هي:

A) المخ
B) البصلة السيسانية
C) الوطاء
D) المهاد",C,C
3875,"كل مما يلي من أشكال ابيضاض الدم الحاد ما عدا :

A) ابيضاض الدم بالأرومة الوحيدة.
B) ابيضاض الدم ذو الخلايا المصلية.
C) الابيضاض اللمفاوي يحدث في سن الأربعين
D) داء غوغليمو.",C,B
3876,"محطة رئيسية دماغية تتكامل فيها وظائف الجهاز العصبي المستقل مع وظائف البنى العصبية الأخرى:

A) البصلة السيسائية
B) جسر الدماغ
C) الجسم اللوزي
D) الوطاء",D,D
3877,"فيما يخص احساسات الجلد الآلية والحرارية :

A) يختلف توزع بين مناطق الجسم المختلفة
B) النهايات العصبية الحرة تتوزع بغزارة في الجلد
C) تستجيب النهايات العصبية للنماذج الحسية كافة
D) كل ما سبق صحيح",D,D
3878,"- التحويلة الفيزيولوجية:

A) نسبة VA/Q تحت القيمة السوية.
B) نسبة VA/Q فوق القيمة السوية.
C) نسبة VAQ تساوي القيمة السوية.
D) ليس لهذه النسبة علاقة بالتحويلة الفيزيولوجية",B,A
3879,"كل ما يلي ينتقل عبر الألياف BA عدا:

A) مايستر
B) باشيني
C) النهايات العصبية الحرة
D) أقراص ميركل",C,C
3880,"الناقل العصبي المحرر من طرفيات الألياف بعد العقدية فى القسم الودي :

A) الأستيل كولين
B) النور أدرينالين
C) الاستيل كولين أو النور أدرينالين
D) الدوبامين",B,C
3881,"النسيج الضام الدبقي :

A) هو نسيج داعم في الجهاز العصبي المركزي
B) يفوق عدده 50 ضعف عدد العصبونات
C) غير قادر على توليد سيالة عصبية
D) كل ما سبق صحيح",D,D
3882,"يزداد معدل الرشح الكبيبي في كل مما يلي عدا:

A) توسع الشريان الوارد
B) انخفاض الضغط التناضحي الغرواني لبروتينات البلازما
C) ارتفاع الضغط في محفظة بومان
D) ارتفاع الضغط المائي السكوني للشعريات الكبية",B,C
3883,"كل ما يلى من تأثيرات الانجيوتنسين 2 عدا:

A) يحبس سوائل
B) بقبض الأوعية
C) يثبط افراز الآلدوسترون
D) يزيد الحساسية للمقبضات",C,C
3884,"ما يلي من خصائص األوردة في الحالت السوّية عدا:

A) انخفاض مطاوعتها
B) انخفاض الضغط فيها
C) احتوائها على أكثر من 60 % من الدم
D) تكون كمية السوائل التي تخرج منها أعلى من التي تعود إليها",C,A
3885,"كل ما يلي صحيح عن الصمامات عدا:

A) تعمل بشكل منفعل
B) ترتبط بالعضلات الحلمية.
C) الصمامات الشريانية أكثر قطراً من الأذينية البطينية.
D) تمنع عودة الدم بالاتجاه المعاكس.",C,C
3886,"من المناعة المكتسبة :

A) الليزوزيم
B) اللمفاويات المفعلة
C) الاضداد
D) الاجابتين b+c",D,D
3887,"فيما يخص غمد شوان :

A) يختفي في منطقة اتصال المحوار مع جسم الخلية
B) يمنح الألياف العصبية المحيطية القدرة على التجدد
C) يزيد سرعة النقل في الألياف العصبية
D) كل من A, B صحيح",D,D
3888,"من فرضيات التوتر الشرياني الاساسي

A) انخفاض نتاج القلب.
B) الحمية منخفضة الملح.
C) احتباس الماء والأملاح.
D) نقصان المقاومة الوعائية.",C,C
3889,"اختر المعلومة الخاطئة فيما يتعلق بثابت ""عمر الحالة المثارة"":

A) يتعلق الثابت بالموجة الواردة
B) يأخذ قيمة تمتد من الثانية إلى النانو ثانية
C) يتناسب عند الذرات التي تملك مستويات طاقة محددة طردياً مع مربع الثابت
D) يتعلق الثابت بالذرة المثارة و بالمستوى",C,C
3890,"ضغط النبضة :

A) الانقباضي + الانبساطي
B) (2 الانقباضي + الانبساطي )/۳
C) الانقباضي - الانبساطي
D) (الانقباضي +2 الانبساطي) /۳",B,C
3891,"تؤدي خلايا سيرتولي في الخصية دواراً مهماً في:

A) إنتاج التستستيرون
B) تغذية النطاف
C) تثبيط الحاثةFSH
D) تحرض نمو وتطور الأعضاء التناسلية الظاهرة",B,B
3892,"وظيفة العزل الكهربائي في الالياف النخاعينية:

A) نقص سعة الغشاء نحو 50 ضعف
B) يسمح حدوث عود استقطاب بنقل عدد قليل من الشوارد
C) الخيارين صحيحين
D) الخيارين خاطئين",C,C
3893,"تسهم حموضة المعدة المرتفعة بما يلي عدا:

A) تحويل التريبسينوجين إلى تربسين
B) تحريض العفج على إفراز السكرتين
C) قتل العوامل الممرضة
D) المساعدة على امتصاص الحديد و الكالسيوم",D,A
3894,"أحد أشكال الليزرات فوق البنفسجية هو:

A) ليزر الإكسايمر
B) ليزر CO2
C) ليزر الإكسبلكس
D) A, B",C,D
3895,"خلال طور زوال الاستقطاب غي العصبون تكون:

A) قنوات البوتاسيوم مفتوحة
B) قنوات الصوديوم مفتوحة
C) كلاهما مفتوحان
D) كلاهما مغلقان",A,B
3896,"توجد مستقبلات الضغط في كل البنى التالية عدا:

A) قوس الابهر
B) الاذينة اليمنى
C) الشرايين الكبيرة في منطقة الصدر والعنق
D) الجيب السباتي",B,B
3897,"يتروى النسيج الضام للرئة ب:

A) الشريان الرئوي.
B) الشريان الأبهر مباشرة.
C) الفروع القصبية للأبهر.
D) الفروع الرئوية للأبهر.",C,C
3898,"تتميز أنواع النفرونات في الكلية بما يلي عدا

A) النفرونات القشرية تشكل ٨٥٪ من عدد النفرونات الإجمالي
B) النفرونات قرب اللب تمتلك عرى هانلي طويلة
C) يحدث تركيز البول في النفرونات القشرية
D) يتم إعادة امتصاص معظم حجم الرشاحة الكبيبية في النبيب القريب
E) النفرونات غير قابلة للتجدد",C,C
3899,"تؤدي الأملاح الصفراوية الوظائف التالية عدا:

A) تؤدي دورا مهما في هضم الدسم
B) حلمهة الشحوم
C) تؤدي دورا في تركيب الشحوم الفوسفورية وإفرازها
D) منع تشكل الحصيات الصفراوية",D,B
3900,"إن مصطلح DCT يعني:

A) التصوير المقطعي للترابط الضوئي
B) التصوير الصدى الصوتي
C) A,B
D) كل ما سبق خاطئ",A,C
3901,"فيما يتعلق بتمييز حس النقطتين :

A) يجب ان تكون العينان مغمضتان
B) تختلف عتبة التمييز اللمسي باختلاف مناطق سطح الجسم
C) تزداد مسافة التمييز كثيرا في منطقة الظهر
D) كل ما سبق صحيح",D,D
3902,"البوابات التي تتحكم بنفوذية القنوات للشوارد التي تسهم في تشكيل كامن الفعل:

A) القنوات المبوبة بالربيطة
B) قنوات البروتين
C) قنوات شحمية
D) القنوات المبوبة بالفولطاج",A,D
3903,"ضروري لتفعيل بقية الصفيحات:

A) PF3
B) ADP
C) خيوط الاكتين والميوزين
D) السروتونين",A,D
3904,"الخاطئ فيما يخص امتصاص الفيتامينات :

A) يرتبط امتصاص الفيتامينات الذوابة بالدسم بوجود الاملاح الصفراوية
B) فيتامين ي وفيتامين د من الفيتامينات المنحلة بالماء والدسم
C) فيتامين ب وفيتامين ث من الفيتامينات المنحلة بالماء
D) فيتامين ا وفيتامين ك من الفيتامينات المنحلة بالدسم",B,B
3905,"متلازمة ليش نيهان :

A) فقر الدم العرطل مع تخلف علقي.
B) فقر الدم العرطل فقط
C) فقر الدم الخبيث.
D) فقر الدم الشبابي.",A,A
3906,"الانسجة اللينة والعضلات تحوي:

A) 10% ماء
B) 20% ماء
C) 45% ماء
D) 65% ماء",D,D
3907,"تتصف ألية التلقيم الراجع السلبي بما يلي ما عدا:

A) تعمل بها معظم أجهزة التحكم المعنية باستتباب بيئة الجسم الداخلية
B) تحافظ على حالة الاستتباب
C) تعمل على تعزيز المتغير البدئي
D) تشارك بشكل واسع في تنظيم عدد كبير من المتغيرات البيولوجية مثل تنظيم سكر الدم",C,C
3908,"المدير المعلومة الخاطئة فيما يتعلق بليزر الإكسامر:

A) يتجمع بين غاز حامل وآخر فعال
B) لا يوجد الحربي الكاتب إلا في الحالة المثارة
C) يستخدم في مكنة المواد العضوية والمكرونة
D) يعمل بنضية الحرق بدقة متناهية",B,D
3909,"أجهزة التحكم والضبط والمراقبة في الجسم:

A) جهاز الدوران
B) جهاز التنفس
C) العصبى الصماوى
D) جهاز الهضم",C,C
3910,"إن لمعة كل مما يلي غير مهدبة ما عدا :

A) النبيب الداني.
B) النبيب القاصي.
C) النبيب الجامع.
D) عروة هائلي.",B,A
3911,"في حالة التوازن الحراري تخضع الذرات لقانون بولتزمان ويكون أي إشعاع وارد

A) احتمال تحريضه للإصدار المحتوث يساوي الواحد
B) احتمال تحريضه للإصدار التلقائي يساوي العمر تقريباً
C) احتمال اختصاصه يساوي الواحد تقريباً
D) كل ما سبق خاطئ",C,B
3912,"يكون النسيج شديد الامتصاص عند الطولين الموجيين 2.9 و 6.0 وهما تنجمان عن:

A) الحركات الاهتزازية لجزيء الماء
B) الحركات الدورانية لجزيء الماء
C) الحركات الانتفاعية لجزيء الماء
D) A, B",D,D
3913,"تتشكل الحموض الصفراوية من :

A) من الكوليسترول في الكبد
B) من الحموض النووية
C) من الحموض الأمينية
D) كل ما سبق صحيح",A,A
3914,"تحررها نهايات المحاوير العصبية في المشابك والموصلات المشبكية :

A) النواقل عصبية
B) الهرمونات
C) الهرمونات العصبية الصماوية
D) السيتوكينات",A,A
3915,"كل ما يلي من الخواص الهرمونية للانجيوتنسين II ما عدا :

A) مقبض وعائي.
B) يزيد معدل الرشح الكبيبي.
C) ينشط افراز ADH
D) يثير مركز العطش في الوطاء.",B,B
3916,"الترانسفيرين ينقل:

A) النحاس
B) الحديدي
C) الكلور
D) الأوكسجين",B,B
3917,"يعمل على تنظيم إفراز الكورتيزول:

A) TRH
B) ACTH
C) CRH
D) GnRH",B,B
3918,"الإحساس الذي يمكن أن ُيدرك كلياً في لمهاد هو:

A) حس الألم
B) حس الحرارة
C) الإحساسات الجنسية
D) حس الدغدغة",C,A
3919,"توجد المستقبلات المسكارينية في:

A) المشابك بين العصبونات قبل العقدية وبعد العقدية للجهاز اللاودي
B) العقد المستقلة
C) الخلايا المستجيبة للتنبيه بالعصبونات الكولينية الفعل بعد العقدية
D) الوصل العصبي العضلي",D,C
3920,"يكون التصالب في المسلك الأمامي الجانبي في مستوى:

A) البصلة السيسائية
B) المهاد
C) النخاع الشوكي
D) القشر المخى",B,C
3921,"يقوم بمراقبة اسمولية البلازما كل مما يلي عدا:

A) الكولين استيراز
B) الكليتان.
C) ADH.
D) مستقبلات الضغط في الوطاء.",A,A
3922,"Functional Residual Capacityهي:

A) كمية الهواء الموجودة في الرئتين عند نهاية الزفير الجهدي
B) كمية الهواء الموجودة في الرئتين عند نهاية الزفير السوي
C) كمية الهواء الموجودة في الرئتين عند نهاية الشهيق السوي
D) كمية الهواء في زفير جهدي يتلو شهيق جهدي",B,B
3923,"الصحيح ينتظم وظائف الجسم:

A) قدر الكائن على الحفاظ على حالة داخلية ديناميكية
B) يوجد نوعان من التنظيم كيميائي (هرموني) وعصبي
C) التنظيم الذاتي هو جزء من التنظيم العصبي
D) كل ما سبق خاطئ",D,D
3924,"بالنسبة لحجم الدم:

A) حجمه لا يختلف باختلاف كتل الأشخاص
B) لا يتعلق حجمه بالجنس
C) حجمه يبلغ 5 ل عند شخص ووزنه 70kg
D) يغلب الجزء الخلوي على الجزء السائل في تكوينه",C,C
3925,"المستراصات :

A) بروتينات غلوبيولينة مناعية.
B) بروتينات سكرية.
C) لا تتواجد الا في المصل.
D) نسبة وجودها %9% على سطح RBCs",A,B
3926,"العقوية الوعائية كل ما يلي ما عدا:

A) تعصب العضلات الملساء للأوعية الدموية.
B) استجابتها شديدة عندما تتبدل شدة المنبه.
C) تختلف من عضو لآخر.
D) تخرج من T1 وحتى L2",B,B
3927,"عند اعطاء مثبطات انهيدراز کاربونیکا :

A) يزداد CI داخل الكرية
B) يزداد نقل ال Co2 في الدم
C) يزداد Pco2 النسيجي
D) تحدث ظاهرة الزيحان الكلوري",C,C
3928,"الجهاز الانزيمي في الصفيحات يشكل اعتباراً من حمض الاراشيدونيك:

A) الترومبوكسان A2
B) البروستاسايكلين
C) السبروتين
D) ADP",A,D
3929,"يخلص مسلك العمود الظهري بكل مما يلي عدا :

A) حس الاهتزاز
B) احساس اللمس المرهف
C) حس البرودة والدفء
D) حس الوضع",D,D
3930,"اذا كانت الكرية الحمراء لا تحوي مولد ارتصاص فتكون الزمرة:

A) A
B) B
C) AB
D) O",D,D
3931,"كل مما يلي صحيح عن علم شكل الأعضاء Morphology ما عدا:

A) الدراسة المهتمة بها تكون وصفية.
B) هي علوم ديناميكية.
C) تعتمد الدراسات على تشريح أجزاء من جسم الكائن الحي.
D) نتائج الدراسات تكون ثابتة ومستقلة.",D,B
3932,"كل ما يلي افرازة منفعل عدا:

A) NH3
B) عقار الكينيدين
C) حمض الصفصاف
D) البار امينو هيبوربك اسيد",C,D
3933,"الخاطئ حول ضبط وظائف الاحشاء:

A) عمل الجهازين العصبي والمستقل والجسدي مستقلان عن بعضهما
B) يمكن للعوامل النفسية ان تظهر باعراض حشوية جسدية
C) يضبط الجهاز المستقل البيئه الداخية للجسم
D) ينظم الجهاز العصبي المستقل دوران الدم بشكل غير مباشر",A,A
3934,"مثبطات لتكوين الكرية الحمراء:

A) البروجسترون
B) التستسترون
C) الاستروجين
D) كل من C,A",D,D
3935,"ناظم القلب هو:

A) العقدة الأذينية البطينية.
B) حزمة هيس.
C) العقدة الجيبية.
D) ألياف بوركنج.",C,C
3936,"كل مايلي صحيح عن الدوران اللمفي عدا:

A) يشبه عمل الدوران الوريدي.
B) أهميته كمية بشكل خاص.
C) تتم اعادة البروتينات المتسربة للأوردة.
D) ذو اهمية نوعية.",B,B
3937,"عند وضع الكريات الحمر في وسط منخفض الضغط الحلولي:

A) تنكمش
B) تنتيج
C) لا تناثر
D) كل ما سبق خاطئ",A,B
3938,"ليس من أجهزة التماس:

A) جهاز التنفس.
B) جهاز الهضم.
C) الدم.
D) الجلد وأعضاء الحس.",C,C
3939,"الشعيرات الدموية حول النبيبة :

A) الضغط الدموي مرتفع حوالي 25 ممز
B) الضغط الغوراني منخفض حوالي 10 ممز
C) يحدث امتصاص للسوائل
D) كل ما سبق صحيح",D,C
3940,"كل ما يلي يسرع الجريان الدموي عدا:

A) كثرة الكريات الحمراء.
B) توسع الأوعية الدموية.
C) نقص فرق الضغط.
D) ارتفاع نسبة البروتينات في البلازما الدموية.",C,C
3941,"الجهاز الانزيمي في الخلايا البطانية السليمة يشكل اعتباراً من حمض الاراشيدونيك:

A) الترومبوكسان A2
B) البروستاسايكلين
C) السبروتين
D) ADP",B,A
3942,"المرحلة ٢ من كمون عمل العضلة القلبية:

A) زوال استقطاب مديد.
B) خروج الكالسيوم من الشبكة الساركوبلازمية و التقلص.
C) انخفاض نفوذية الليف للبوتاسيوم خمس أضعاف.
D) كل ما سبق صحيح.",D,D
3943,"المشابك التي تتحكم بكمية الناقل العصبي الذي تحرره النهايات المحوارية استجابة للإشارات التي نتلقاها من عصبون آخر هي:

A) Axo- dendritic
B) Axo- somatic
C) Axo- Axonic
D) Dendro- dendritic",A,C
3944,"من الأمثلة عن الدوران المختلط:

A) الكلية
B) القلب
C) العضلات
D) الكبد",A,C
3945,"تزداد كمية الهيموغلوبين في حالات فيزيولوجية سوية مثل:

A) امراض القلب الوراثية
B) امراض الرئة
C) المدخنين و سكان المرتفعات
D) كل ما سبق صحيح",C,C
3946,"أي مما يلي يزيد معدل الترشيح الكبيبي GFR

A) انخفاض BP الشعري.
B) النزف.
C) زيادة تدفق الدم الكلوي.
D) كل ماسبق صحيح.",C,C
3947,"اختر الإجابة الصحيحة:

A) فيتامين ب ۱۲ وحمض الفوليك عاملان ضروريان لتجميع الحمض النووي ونضج الخلايا الحمراء.
B) كل ذرة خضاب تحوي ذرتي هيم.
C) كل ذرة خضاب تحوي اربع ذرات هيم وثمان ذرات حديد وتتحد مع ثمان ذرات اوكسجين.
D) كل ما سبق خاطئ",A,A
3948,"تتناسب سرعة النقل في الالياف العصبية اللانخاعينية مع:

A) الجذر التربيعي ل قطر الليف
B) الجذر التكعيبي ل قطر الليف
C) مربع قطر الليف
D) مع قطر الليف",B,A
3949,"تطرح الكلية شوارد الهيدروجين علي شكل:

A) فشفات حامضية
B) امونيوم
C) Nh4+
D) كل ما سبق صحيح",D,D
3950,"يحرض انتاج النطاف :

A) FSH
B) التستسترون
C) كلاهما صح
D) كلاهما خطأ",C,C
3951,"فيما يخص آلية عمل الهرمونات كل ما يأتي صحيح عدا:

A) كل مستقبل يتميز بنوعية عالية لهرمون معين
B) إحداث استجابة خلوية كبيرة تحتاج لكميات كبيرة من الهرمون
C) تزداد شدة الاستجابة الخلوية بزيادة عدد المستقبلات الهرمونية
D) تأثير هرمون ما لا يطال كل خلايا الجسم",B,B
3952,"حجم البول:

A) يساوي حجم الرشاحة الكبيبة
B) اكبر من حجم الرشاحة الكبيبة
C) اقل من حجم الرشاحة الكبيبة
D) يمكن ان يكون اكبر او اصغر من حجم الرشاحة الكبيبة",B,C
3953,"كل ما يلي من العوامل الرافعة للضغط الشرياني عدا:

A) جملة الرنين – أنجيوتنسين I I
B) الألدوستيرون
C) هرمون ال ADH
D) البراديكنين",D,D
3954,"التصفية الكلوية لمادة يساوي :

A) معدل الافراغ الكلوي للمادة / تركيزها بالبلازما
B) معدل الافراغ الكلوي للمادة x تركيزها البلازمي
C) تركيز المادة بالبلازما x تركيز المادة بالبول
D) تركيز المادة بالبلازما / تركيز المادة بالبول",B,A
3955,"كل مايلي صحيح عن الشبكيات ماعدا :

A) تحوي RNA ولا تملك نواة.
B) هي المرحلة السابقة لتشكل الكريات الحمراء الناضجة.
C) نقصها يدل على زيادة نشاط نقي العظم.
D) تدعى reticulocyte",D,C
3956,"فيما يخص الصحة (الإجابة الخاطئة):

A) تتضمن البيئة التي يعيش فيها الفرد
B) مقومات الصحة جسدية عقلية اجتماعية
C) يكفي غياب الداء أو العاهة ليكون الانسان صحي
D) يجب ان تكون جميع مكوناتها سليمة ليكون الانسان بصحة تامة",C,C
3957,"الشرائط القاتمة:

A) تدعى شريط sotropicA (Ani)
B) تتشكل من ميوزين فقط
C) خيوط الميوزين متجانسة في ضوء مستقطب
D) كل من A و bصح",D,A
3958,"تقع أجسام عصبونات المرتبة الثانية للإلحساسات المنقولة بمسلك العمود الظهري في:

A) النواتين الناحلة والإسفينية
B) القرن الخلفي للنخاع الشوكي
C) المهاد
D) التّشكلات الشبكية الصاعدة",A,C
3959,"حاملة اللون الرئيسيان في النافذة الضوئية واللقان تحددان لون نسيج معين هما الشكلان:

A) المرجع Hb O2 – المؤكسج HD
B) المرجع HD – المؤكسج Hb O2
C) الهيموغلوبين المؤكسخ – الهيموغلوبين منزوع الاوكسجين
D) C.B",A,D
3960,"تتناسب سرعة الانتشار البسيط:

A) طردا مع تركيز المادة المنتشرة
B) طردا مع مدروج تركيز المادة المنتشرة
C) عكساً مع تركيز المادة المنتشرة
D) عكساً مع مدروج تركيز المادة المنتشرة",B,B
3961,"أي العبارات التالية صحيحة :

A) تغير الحجم بتغير الضغط يقيس المطاوعة الرئوية
B) تتعلق المطاوعة الكلية للصدر بمطاوعة الصدر فقط
C) الارتداد المرن للرئتين يدعم الشهيق
D) يحافظ السورفوكتانت على توتر سطحي ثابت",A,A
3962,"تحرر شوارد الكالسيوم من الشبكة الهيولية في العضلات الهيكلية يحدث بآلية:

A) الانتشار
B) النقل المّيسر
C) النقل المرافق
D) النقل الفاعل الأولي",B,A
3963,"يؤدي ارتفاع الضغط الشرياني إلى ما يلي ما عدا:

A) تنبيه مستقبالت الـBaroreceptors
B) تسرع القلب
C) توسع الأوعية وإنقاص مقاومته
D) انخفاض القوة التقلصية للقلب",C,B
3964,"ما يؤكد الدور األهم للمراكز الشوكية والبصلية في وظيفة الجهاز العصبي المستقل:

A) عدم حدوث تبدلت مهمة في وظائف الجهاز العصبي المستقبل عند قطع جذع الدماغ فوق مستوى البصلة
B) عدم حدوث تبدلت مهمة في وظائف الجهاز العصبي المستقبل عند قطع جذع الدماغ فوق مستوى البصلة
C) يؤلف الجهاز الحوفي منطقة واسعة من أدمغة الحيوانات الدن
D) ارتباط الوطاء ارتباطا وثيقا مع الجهاز الحوفي",A,A
3965,"الهدف الساسي للنقل الفاعل عبر الغشاء:

A) الوصول لتركيز متساو للمادة على جانبي الغشاء
B) الحفاظ على مدروج تركيز مرتفع للمادة عبر الغشاء
C) توفير استهالك الطاقة
D) زيادة حساسية قنوات الفولطاج",B,B
3966,"في تنظيم الميوزين عبر الفسفرة :

A) اتحاد شوارد الكالسيوم والكالموديوم مع كيناز السلسلة الخفيفة.
B) قيام معقد الكالسيوم كالموديوم كيناز بفسفرة السلسة الخفيفة ..
C) يحدث في العضلات الملساء للأوعية.
D) كل ما سبق صحيح.",D,D
3967,"يؤدي انخفاض الضغط الشرياني إلى ما يلي ما عدا:

A) تثبيط مستقبلات الضغط
B) تقبض الأوعية الدموية
C) بطء القلب
D) زيادة القوة التقلصية للقلب",B,C
3968,"يؤثر تغير كمية الأوكسجين في الأسناخ على:

A) الأوعية الدموية للسنخ
B) العضلات الملس لقصبة السنخ
C) مستوى السورفاكتانت في الأسناخ
D) السعة الحيوية للرئتين",A,A
3969,"يتميز الغشاء الكبيبي بكل مما يلي عدا

A) تشكل الخلايا القدمية (Podocytes) الطبقة الخارجية منه
B) يحتوي الغشاء القاعدي على بروتينات سكرية ذات شحنة موجبة
C) يسمح للجزيئات ذات معامل نفاذية يساوي 1 بالعبور بحرية
D) الجزيئات الأكبر قطرًا من 9 نانومتر لا تستطيع العبور
E) يتميز بنفاذية عالية مقارنة بالشعيرات الدموية الأخرى",C,B
3970,"كل العبارات التالية خاطئة حول انتشار مي ما عدا:

A) يحدث عندما تكون أبعاد الجسيمات أكبر من طول موجة الإشعاع الوارد
B) يبدي ارتباطًا بالطول الموجي أكثر مما عليه في انتشار ريليه
C) يحدث بشكل أفضل في اتجاه الأمام
D) إن شدته الأمامية والخلفية متساويتان",B,C
3971,"اكل الحالات الأتية تنقص إفراز ADH عدا:

A) زيادة الضغط التناضحي
B) زيادة حجم الدم الجائل
C) تنبيه مستقبلات الضغط في لشريان الأبهر
D) الكحول",B,A
3972,"كل ما يلي صحيح عن الكريات الحمر عدا:

A) قرصية الشكل
B) لونها أحمر عديمة الحركة
C) منواة عند الانسان والثديات
D) غير قادرة على الانقسام عند الانسان",C,C
3973,"النقل الفاعل الثانوي:

A) لا يحتاج لطاقة
B) يحدث مع انتشار الصوديوم لداخل الخلية
C) لا يحتاج بروتين حامل
D) كل ما سبق صحيح",D,B
3974,"إن سبب ال macrocytic anemia:

A) نقص vitB12
B) نقص حمض الفوليك.
C) نقص انتاج الDNA.
D) كل مماسبق.",D,D
3975,"أقصى مدة لحفظ الدم:

A) 5 أيام
B) 10 أيام
C) 20 يوم
D) شهر",D,C
3976,"ينقص الكورتيزول كل مما يلي عدا :

A) عدد اللمفاويات في الدم
B) الحموض الشحمية الحرة في الدم.
C) انتاج الاضداد و الحمضات في الدم
D) انتاج الانترلوكين في الكريات البيض",D,B
3977,"كل ما يلي يحدث عند نقص الكالسيوم في السائل خارج الخلوي ما عدا:

A) تصبح قنوات الصوديوم حساسة جداً لأي زيادة في كامن الغشاء فوق مستوى الراحة
B) تصبح الألياف العصبية عالية الاستثارة
C) Tetanus
D) الارتخاء العضلي",D,D
3978,"عندما تكون تهوية السنخ أعلى من ترويته الدّموية:

A) تحويلة فيزيولوجية
B) حيز ميت فيزيولوجي
C) التّهوية الكلّية والجريان الكلّي متوافقين
D) تبقى تروية السنخ كافية",B,B
3979,"تمنع الهرمونات التالية تقويض البروتينات في الجسم عدا:

A) الكورتيزول
B) هرمونات الدرق 3Tو 4T
C) هرمون النمو
D) التستوستيرون",C,A
3980,"من وظائف الهرمون الدريقي:

A) تفعيل الخاليا البانية للعظام
B) يثبّط إعادة امتصاص شوارد الكالسيوم والفسفات في مستوى الكلية
C) زيادة إفراز الفسفات مع البول
D) يزيد طرح الفسفات والكالسيوم مع البول",D,C
3981,"يتظاهر التفريغ الجسيم للودّي بما يلي عدا:

A) زيادة نتاج القلب
B) ازدياد جريان الدم في العضلات الهيكلية
C) ارتفاع معدل الغلوكوز في الدم
D) إفراغ المثانة البولية",C,D
3982,"فيتامين K ضروري لتشكيل العامل:

A) الاول
B) الثالث
C) العاشر
D) الثاني عشر",C,A
3983,"تتميز الالياف العضلية السريعة بكل ما يلي عدا:

A) شبكة هيولية واسعة
B) عدد قليل من المتقرات
C) كبيرة الاقطار
D) غزيرة التروية الدموية",B,D
3984,"في تجربة ضغط الدم المتغيرات المساعدة هي:

A) سرعة القلب
B) قوة التقلص
C) قطر الاوعية الدموية
D) كل ما سبق صحيح",D,D
3985,". تنقص ألفة خضاب الدم للأكسجين في الحالات التالية عدا:

A) زيادة تركيز شوارد الهيدروجين في الدم.
B) ارتفاع تركيز ثنائي أكسيد الكربون في الدم.
C) زيادة DPG في الدم.
D) ارتفاع الضغط الجزئي للأكسجين.",D,D
3986,"في حال التجفاف:

A) يتم افراز ADH من النخامة الخلفية
B) بول أكثر تركيزاً
C) إعادة امتصاص ماء الكلية
D) كل ما سبق صحيح",D,D
3987,"تدفق الدم:

A) يزيد عن النتاج القلبي
B) يساوي النتاج القلبي
C) أقل من النتاج القلبي
D) كل ما سبق خاطئ",B,B
3988,"في التمارين الرياضية كل ما سبق صحيح عدا :

A) يزداد عدد الشعيرات المفتوحة
B) الوداد المقاومة الوعائية الرئوية
C) لا يرتفع الضغط الشرياني الا قليلا
D) يزداد معدل الجريان عبر كل وعاء شعري",B,B
3989,"المسلك الأمامي الجانبي للألحاسيس التالية عدا:

A) حس االألم
B) احساسات اللمس الفج
C) الحساسات الحرارية
D) اللمس الدقيق",B,D
3990,"الصفيحات الدموية

A) عمرها من 20-30 يوم
B) تحوى يروتينات تقلصيه
C) تحوى الانزيم CD39
D) تفرز عامل فون ويلبراند
E) تفرز البروستاغلاندين 12",C,D
3991,"يزيد استثارية الليف العصبي:

A) وجود البروكانين
B) نقص الكالسيوم
C) زيادة كمية التتراكانين
D) B+C",D,A
3992,"فيما يتعلّق بالهرمونات كل ما يلي صحيح عدا:

A) إما أن تكون ستيروئيدات أو بروتينات
B) الهرمونات الستيروئيدية هي هرمونات قشر الكظر و الأقتاد
C) تكون مستقبلات الهرمونات البروتينية على جدار الخلايا الهدف
D) كل الهرمونات الاستيروئيدية و هرمونات الدرق تزيد مستوى الكاسيوم داخل الخلية",C,D
3993,"إن لمعة كل مما يلي غير مهدبة ما عدا :

A) النبيب الداني.
B) النبيب القاصي.
C) النبيب الجامع.
D) عروة هائلي.",B,A
3994,"أي العناصر الآتية لا يخضع لقانون الكل أو العدم:

A) العضلة الهيكلية.
B) العضلة القلبية.
C) الليف العصبي.
D) الليف العضلي الهيكلي.",D,A
3995,"كل ما يلي يرفع الضغط عن طريق زيادة نتاج القلب عدا:

A) هرمون الدرق
B) الأدرينالين
C) الانجيوتنسين
D) النور أدرينالين",C,C
3996,"اى مما يلي بحالة فتح أثناء طور الراحة:

A) بوباة تعطيل قناة الصوديوم
B) قناة الكلور
C) بوابة تفعيل قناة الصوديوم
D) قناة البوتاسيوم",A,A
3997,"تصنف الهرمونات حسب بنيتها الكيميائية الى كل مما يلي عدا :

A) بروتينية أو عديدات ببتيد
B) أمينية
C) سكرية
D) ستيروئيدية",C,C
3998,"العضلة القلبية:

A) تتألف من مخلاتين و بينهما نسيج ليفي.
B) تختلف تماما عن العضلة الهيكلية.
C) الليف العضلي عبارة عن سيتوبلازما محاطة بغشاء خلوي يحوي نواة واحدة.
D) لا تحوي على خيوط ميوزين وأكتين.",B,A
3999,"المستقبلات الكيميائية المركزية :

A) توجد في قوس الأبهر و الشريان السباتي
B) حساسة بشدة لنقص O2 في الدم
C) حساسة بشدة لتغيرات CO2 الحادة
D) A و B",D,C
4000,"تزداد كمية الماء الموجودة في الاحياز الخاصة:

A) الاسهال
B) الأقياء
C) التجفاف
D) الجنب وانصباب الجنب",C,D
4001,"الهرمون المطلق للموجهة القشرية هو :

A) TRH
B) CRH
C) PIH
D) GNRH",B,B
4002,"يزداد معدل ضربات القلب في الحالات الاتية عدا:

A) التنبيه الودي.
B) ارتفاع حرارة الجسم.
C) النزف الدموي.
D) قصور الغدة الدرقية.",D,D
4003,"من الموسعات الوعائية:

A) البروستاغلاندين 12
B) البروستاسايكلين
C) اكسيد النتريك
D) كل ما سبق صحيح",D,B
4004,"الشاردة الإيجابية الأساسية في السائل داخل الخلوي:

A) صوديوم
B) بوتاسيوم
C) كالسيوم
D) كلور",B,B
4005,"يعصب كل ليف عضلي هيكلي من طرفيه:

A) محوار واحد في طرف الليف
B) محوار واحد في وسط الليف
C) محوار من كل طرف
D) كل ما سبق خاطئ",C,B
4006,"يزداد معامل انتشار الغاز بزيادة كل مما يلي عدا :

A) قابلية الغاز للذوبان
B) السرعة التي تتحرك بها الجزيئات
C) الوزن الجزيئي للغشاء
D) مساحة الغشاء",A,C
4007,"تزداد قوة القلب التقلصية بازدياد كل مما يلي عدا :

A) الديجتال والأدرينالين
B) التنبيه الودي
C) زيادة شدة المنبه
D) طول الاستجابة قبل تقلصها",D,D
4008,"يوافق الانقباض البطيني ما يلي:

A) إغلاق الصمامين التاجي ومثلث الشرف.
B) إغلاق الصمامين الأبهري والرئوي.
C) انفتاح الصمامين الأبهري والرئوي.
D) كل ما سبق خطأ.",B,C
4009,"كل ما يلي يفعل الطريق الداخلي عدا:

A) اصابة بطانة الوعاء الاملس وتحوله الي سطح خشن
B) تفاعل مناعي اوجرثومي
C) اصابة النسيج او الوعاء الدموي
D) تفاعل دوائي او مادة سامة",D,D
4010,"غازات في الكولون مسؤولة عن رائحة براز :

A) الاندول و السكاتول
B) المركبتان
C) كبريت الهيدروجين
D) كل ما سبق صحيح",D,D
4011,"يستطيع ليف عصبي نخاعيني له فترة حران 12500/ ثان ينقل ك حد أقصى:

A) دفعة واحدة بالثانية
B) 500 دفعة بالثانية
C) 2500 دفعة بالثانية
D) 1\2500 دفعة بالثانية",B,C
4012,"كل ما يلي مثال عن العصبونات متعددة الأقطاب عدا :

A) العصبونات المحركة الشوكية
B) خلايا بوركنج في المخيخ
C) خلايا شبكية العين
D) الخلايا الهرمية في المخ",C,C
4013,"شخص يحمل الزمرة B فان مصله:

A) يحوي الراصة Anti A
B) يحوي الراصة Anti B
C) لا يحوي راصة
D) يحوي الراصتين Anti A, Anti B",B,A
4014,"يكون لون الدم احمر قرمزي:

A) اذا كان غير مؤكسج
B) اذا كان دم وريدي
C) في الأوردة الرئوية الاربعة
D) كل ما سبق خاطئ",A,C
4015,"يقوم الكورتيزول بكل الوظائف التالية ما عدا:

A) ينقص معدل استهلاك الغلوكوز من قبل معظم خلايا الجسم
B) يزيد مخزون البروتين في خلايا الجسم
C) تحريض استحداث الغلوكوز الكبدي اعتبارا من البروتينات
D) يجعل الحموض الشحمية المصدر الأساسي للطاقة",B,B
4016,"انقلاب الصيغة أكثر شيوعاً عند :

A) الأطفال.
B) البالغين.
C) الرجال.
D) الكهل.",A,A
4017,"كل ما يلي من هرمونات الوطاء عدا :

A) الهرمون المطلق للميلانين
B) الهرمون المثبط للبرولاكتين
C) الهرمون المثبط للموجهة القشرية
D) الهرمون المثبط لهرمون النمو",D,C
4018,"يمكن باستخدام نبضات ليزرية من رتبة الفمتوثانية تعيين عمق منطقة بمقدرة فاصلة ...

A) ملمترية
B) ميكرومترية
C) مترية
D) كل ما سبق خاطئ",B,B
4019,"العامل الأهم في انتشار الغازات هو:

A) فرق الضغط على وجهي الغشاء
B) سماكة الغشاء
C) المسافة المقطوعة
D) مساحة المقطع",A,A
4020,"أيًا من العبارات التالية خاطئة؟

A) استطاعة ليزر الهيليوم نيون أكبر بمقدار مئة ألف مرة من استطاعة مصباح الزنبق
B) سطوع ليزر الهيليوم نيون أكبر بمقدار عشرة ملايين مرة من سطوع مصباح الزنبق
C) عرض الشريط الطيفي لليزر الهيليوم نيون أقل منه في حالة مصباح الزنبق
D) زاوية الإصدار الصلبة لليزر الهيليوم نيون أصغر منها في حالة مصباح الزنبق",B,A
4021,"من الأمثلة على الاضطرابات النفسية الجسدية عدا:

A) القرحات المعدية
B) ارتفاع ضغط الدم المفرط
C) التهاب القولون القرحي
D) القصور الكلوي",D,D
4022,"تؤدي زيادة شدة المنبه إلى ما يلي عدا:

A) زيادة عدد المستقبلات المنبهة
B) زيادة سعة كمون المستقبلة
C) زيادة عدد كوامن الفعل المتولدة من المستقبلة
D) زيادة سعة كوامن الفعل المتولدة في المستقبلة",D,D
4023,"كل ما يلي من احساسات الاستقبال الآلي عدا :

A) اللمس و الضغط
B) الاهتزاز والدغدغة
C) البرودة و الدفء
D) الحس العميق",D,C
4024,"يتصف تنظيم الجهاز العصبي المستقل بما يلي عدا:

A) يوجد جسم العصبون قبل العقدة خارج الجهاز العصبي المركزي
B) يوجد أنماط مختلفة من الخلايا التي يعصبها الطريق الحركي
C) الأستيل كولين هو الناقل العصبي الذي ُيفَرز من نهايات الياف العصبونات قبل العقدة
D) اختلاف استجابات الأعضاء المستهدفة",D,A
4025,"من العظام القصيرة:

A) الفخذ
B) العضد
C) السنع
D) الرسغ",C,D
4026,"Stroke Volume هو:

A) كمّية الدم التي يضخها البطين الأيمن في ضربة واحدة
B) كمّية الدم التي يضخها البطين الأيمن في الدقيقة الواحدة
C) كمية الدم التي يضخها البطينان في الدقيقة الواحدة
D) كمية الدم التي تدخل الأذينة اليمنى في دقيقة واحدة",A,A
4027,"قنوات الصوديوم والبوتاسيوم التي طرأت عليها تحولات الفتح والاغلاق خلال طوري زوال وعودة الاستقطاب هي من نمط:

A) الربيطة
B) المبوبة الفولطاج
C) كل ما سبق صحيح
D) كل ما سبق خاطئ",B,B
4028,"ينخفض الضغط النخماصي للألسناخ في الحلات التالية عدا:

A) زيادة قطر السنخ
B) نقص التوتر السطحي في هذه الأسناخ
C) نقص كمية الماء في الأسناخ
D) نقص كمية السورفاكتانت في الأسناخ",B,D
4029,"تختلف تراكيز الغازات في هواء الأسناخ عن مثيلتها في الهواء الجوي بسبب :

A) الاستبدال الجزئي لهواء الأسناخ بهواء الجو
B) الأوكسجين يمتص باستمرار من الهواء السنخي
C) Co2 دائم الانتشار إلى الاسناخ
D) كل ما سبق صحيح",D,D
4030,"من اسباب فقر الدم الخبيث :

A) نقص فيتامين ب ۱۲
B) إصابة الدقاق.
C) فقر الدم شبابي.
D) كل ما سبق صحيح.",D,D
4031,"ارتفاع درجة الباءهاء في الجهاز الهضمي ينقص كل مما يلي عدا:

A) امتصاص الكالسيوم المعوي
B) امتصاص الحديد المعوي
C) تحويل مولد البيبسين إلى بيبسين
D) فعالية الأميلاز البنكرياسي",C,D
4032,"تدخل البيكربونات الي خلايا النبيبات علي شكل:

A) HCO3
B) CO2
C) A+B
D) H2CO3",B,B
4033,"تعزز الهرمونات التالية استخدام الشحوم كمصدر أساسي للطاقة عدا:

A) هرمون النمو
B) التيروكسين
C) التستوسترون
D) الكورتيزول",C,D
4034,"أقصي كمية هواء يمكن استنشاقها زيادة علي كمية الحجم الجاري السوية :

A) الحجم الجاري
B) الحجم المثالي
C) حجم الشهيق المخر
D) حجم الزفير المدخر",C,C
4035,"تؤدي الحالات الأتية إلى ارتفاع الضغط النخماصي للأسناخ الرئوية ما عدا:

A) نقص السورفاكتانت
B) زيادة كمية الماء في الأسناخ
C) الشهيق الجهدي
D) الأسناخ صغيرة الحجم",D,C
4036,"كل ما يلي صحيح حول طور الاسترخاء الأنيني البطيني عدا :

A) الأذينان والبطينان في حالة استرخاء
B) الضغط في الأجواف القلبية منخفض
C) يمر الدم الى البطينين بشكل فاعل
D) تمتلئ الأذينتين والبطينين بالدم",C,C
4037,"في الدورة القلبية السوية كل ما يلي صحيح عدا:

A) يؤدي انغلاق الدسام التاجي إلى سماع الصوت الأول.
B) يؤدي انغلاق الدسام الأبهري إلى سماع الصوت الثاني.
C) يسمع الصوت الثالث بسبب اهتزاز الدم في البطينات أثناء امتلائها.
D) يسمع الصوت الرابع بسبب انفتاح الدسام مثلث الشرف.",D,D
4038,"ما يلي من وسائل حماية المعدة عدا:

A) المخاط
B) البيكربونات
C) بروستاغالندينات
D) العامل الداخلي المفرز من الخاليا الجدارية للمعدة",D,D
4039,"المرحلة 1 من كمون عمل العضلة القلبية:

A) يتم فيها عودة استقطاب خفيفة.
B) يتم فيها تثبيط إقنية الصوديوم السريعة.
C) قد يحدث فيها تطاول QT بسبب تشوه جيني.
D) كل ما سبق صحيح.",D,D
4040,"يتم التنظيم المديد للجريان الموضعي عبر:

A) إفراز العامل البطاني المرخي من بطانة الأوعية الكبيرة.
B) إفراز الأنجيوجنين وعامل النمو البطاني.
C) عبر جملة الرينين أنجيوتنسين.
D) عبر التعصيب الودي واللاودي.",B,B
4041,"فى عمليه البلعمه كل مما يلى صحيح عدا

A) تزداد بوجود عامل المنتمة C4
B) يساعد السطح الخشن على حدوثها
C) تبلعم البالعات اكثر من 100 جرثوم
D) تبللعم المعتدلات حتى 25 جرثوم
E) تحوى البالعات على انزيم الليباز",A,A
4042,"لا يعد مشبك نموذجي :

A) مشبك محوار – تغصن
B) مشبك محوار – جسم الخلية
C) مشبك تغصن – تغصن
D) مشبك محوار – محوار",B,C
4043,"كل مما يلي يزيد هرمون البرولكتين عدا:

A) الحمل
B) الإرضاع
C) الدوبامين
D) العامل المطلق للدوبامين",C,C
4044,"كل ما يلي صحيح عن النقل القفزي أو الوثاب عدا:

A) يحدث نتيجة سريان تيار كهربائي عبر السوائل خارج الخلوية المحيطة بصفائح النخاعين وعبر جبلة المحوار
B) يحدث استثارة للغشاء الخلوي في مناطق العقد واحدة تلو الأخرى
C) تتناسب السرعة عكسياً مع قطر الليف
D) يتم في الالياف النخاعينية",C,C
4045,"تحدث قوى جذب بين خيوط الاكتين والميوزين مسببة انزلاق بعضها على بعض بسبب شوارد:

A) البوتاسيوم
B) الكالسيوم
C) الصوديوم
D) الصوديوم والكالسيوم",B,B
4046,"كل ما يلي يزيد الافراز البنكرياسي عدا

A) التنبيه الودي
B) التنبيه اللاودي ( المبهم )
C) النظر الي الطعام
D) وصول الطعام الي المعدة والأمعاء",A,A
4047,"كل ما يلى بنيه المركز التنفسي نفسه عدا :

A) زيادة CO2 في السائل الدماغي الشوكي
B) تغيرات O2 في السائل الدماغي للدم
C) زيادة شوارد الهيدروجين في السائل الدماغ ماغي الشوكي
D) انخفاض PH",B,B
4048,"تزداد قوة تقلص العضلة القلبية بزيادة كل ما يلي عدا:

A) طول الليف البدني.
B) تركيز الكالسيوم.
C) شدة التنبيه.
D) الأدرينالين.",A,C
4049,"كل ما يلي من تأثيرات الجهاز اللاودي عدا:

A) زيادة حركية الجهاز الهضمي
B) توسيع حدقة العين
C) ضيق مجري التنفس
D) تنقص معدل دقات القلب",D,B
4050,"prostacyclin:

A) مثبط قوي لالتصاق الصفيحات.
B) يفرز من الخلايا البطانية.
C) موسع وعاني.
D) كل من a و b",D,D
4051,"الألية التي يتم من خلالها تعزيز التغير البدئي:

A) التلقيم لراجع السلبي
B) التلقيم الراجع الإيجابي
C) الستتباب
D) Osmosis",B,B
4052,"تكون النسبة FEV1/FVC منخفضة في

A) النفاخ الرئوي
B) تليف الرئة
C) تشوه جدار الصدر
D) ضعف العضلات التنفسية
E) كل ما سبق",E,A
4053,"يكون تأثير القسمين الودي و اللاودي متعاكساً في الأماكن التالية ما عدا:

A) البنكرياس
B) القصيبات التنفسية
C) القلب
D) إفراز اللعاب",B,B
4054,"تركيب العصارة المعوية من :

A) مخاط
B) انزيمات معوية
C) الماء والشوارد
D) كل ما سبق صحيح",D,D
4055,"كمية الدم التي يضخها القلب في الدقيقة:

A) Pulse Pressure
B) Cardiac Output
C) Stroke Volume
D) Atrial Pressure",B,B
4056,"تُدعى الظاهرة القوية للانتثار الخلفي التي تحدث عندما يتعدد الإشعاع المترابط في انتشاره في وسط عشوائي:

A) انتشار خلفي مترابط
B) انتشار أمامي مترابط
C) انتشار خلفي ضعيف
D) A, C",D,A
4057,"تكمن صعوبة الطريقة الضوئية في خصوص:

A) لمسار مستقيم
B) لمسار انتشار متعددة ومعقد في النسيج
C) A, B
D) كل ما سبق خاطئ",B,B
4058,"تعتمد طريقة التصوير بتركيز النسيج ومن ثم توفر صورة تشخيصية مبكرة للعمليات الاستقلابية التي تقود للسرطان قبل الشلف السنوي الذي يسببه الورم

A) الميلانس
B) الهيموغلوبين المؤكسج
C) الهيموغلوبين غير المؤكسج
D) B, C",A,B
4059,"تركيز الهيموغلوبين الوسطي :

A) تقسيم الهيماتوكريت على الهيموغلوبين.
B) تقسيم الهيماتوكريت على عدد الكريات الحمراء.
C) تقسيم الهيموغلوبين على عدد الكريات الحمراء.
D) تقسيم الهيموغلوبين على الهيماتوكريت.",D,D
4060,"الهدف من آلية المزلاج في العضلات الملساء:

A) زيادة سرعة تقلّص العضلات الملساء
B) مقدرتها على العودة إلى قوة تقلّصها الأصلية بعد ثوان أو دقائق من تطاولها أو قصرها
C) تحافظ على تقلّص مقوٍمديد فى العضلات الملمس باستخدام كمية قليلة جداً من الطاقه
D) جعل قوة تقلص العضلات الملس أكبر من قوة تقلص العضلات الهيكلية",C,C
4061,"ينقص انتاج الهيبسيدين عند :

A) نقص حديد البلازما.
B) الالتهاب.
C) زيادة الوارد من الحديد.
D) كل ما سبق خطأ.",B,A
4062,"الخلايا الدبقية التي تشكل جزء من الحاجز الوعائي الدموي هي:

A) الخلايا السيسائية
B) الخلايا الدبقية الصغيرة
C) الخلايا النجمية
D) الخلايا الدبقية قليلة التغصنات",D,C
4063,"مثال عن العصبونات ثنائية القطب :

A) الخلايا الهرمية
B) خلايا العقد الحسية للجذر الخلفي للدماغ
C) خلايا بوركنج
D) خلايا شبكية العين",B,D
4064,"الحاصرات المباشرة:

A) ترتبط بمستقبلات الناقل وتحفيزه
B) زيادة فعالية العصبون قبل المشبكي
C) ترتبط بمستقبل الناقل وتكبح فعله
D) تنقص فعالية العصبون قبل المشبكي",C,C
4065,"يتم التنظيم المديد للضغط الشرياني عبر:

A) افراز العامل البطاني المرخي في بطانة الأوعية
B) افراز الانجيوجينين وعامل النمو البطاني
C) عبر جملة الريلين انجيوتنسين
D) التعصيب الودي واللاودي",C,B
4066,"يزداد إنتاج الإريثروبيوتين في حالات نقص الأكلر التالية:

A) داء مونغ.
B) تخرب نقي العظم.
C) قصور القلب.
D) كل ماسبق صحيح.",D,D
4067,"كل ما يلي صحيح عن الصمامات عدا:

A) تعمل بشكل منفعل
B) ترتبط بالعضلات الحلمية.
C) الصمامات الشريانية أكثر قطراً من الأذينية البطينية.
D) تمنع عودة الدم بالاتجاه المعاكس.",C,C
4068,"من آليات حدوث الرجفان البطيني

A) مرور التنبيه في طريق طويل كما في توسع اجواف القلب.
B) زيادة سرعة مرور التنبيه.
C) زيادة فترة العصيان.
D) عند تنبيه نقطة في العضل القلبي تنتشر في اتجاه واحد.",A,A
4069,"المستقبلة الأسرع تلاؤماً:

A) روفيني.
B) نهايات عصبية حرة.
C) مستقبلات الألم.
D) باشيني.",D,D
4070,"يغذي الشريان الإكليلي الأيمن كل مايلي عدا:

A) القسم الأمامي للبطين الأيمن.
B) القسم الامامي للبطين الأيسر.
C) القسم الخلفي للبطين الأيمن.
D) القيم الخلفي للبطين الأيسر.",B,B
4071,"ما يلي من خصائص الألياف العضلية القلبية القابلة التقلص ما عدا:

A) وسيلة الربط الألي بين الخلايا هو الديسموزوم
B) وسيلة الربط الكهربائي بين الخلايا هو Gap Junctions
C) الشبكة الهيولية العضلية أصغر حجماً مقارنة بالهيكليه
D) تشكّل المتقدرات ثُلثي حجم الليف العضلي القلبي",C,D
4072,"بروتين شبيه بالتربوتين:

A) كالموديولين
B) ميوغلوبين
C) هيموغلوبين
D) كل ما سبق صحيح",D,A
4073,"كل ما يلي يحرض إفراز العصارة المعدية عدا:

A) هبوط مستوى سكر الدم
B) الغاسترين التنبيه الودّي
C) التنبيه الودّي
D) الهيستامين",A,C
4074,"لا تتمكن الألياف العصبية المركزية من التجديد بسبب:

A) عدم وجود غمد النخاعين
B) عدم وجود جسيمات مركزية
C) عدم وجود غمد شوان
D) كثرة التغصنات العصبية",C,C
4075,"تصدر عنها محاوير ترتسم على القشرة المخية الحسية الجسدية الأولية:

A) عصبون المرتبة الأولى
B) العصبون الثاني
C) العصبون الثالث
D) كل ما سبق صحيح",B,C
4076,"واحد من الخصائص التالية تجعل من العضلة القلبية مشابهة للعضلات الملس وحيدة الوحدة:

A) اعتمادها على الكالسيوم داخل الخلوي لبدء التقلص
B) وجود آلية تمكنها من الحفاظ على تقلص مقو مديد باستخدام كمية قليلة من الطاقة
C) وجود الـ Gap junction
D) تحافظ على الضغط بغض النظر عن التغير في الحجم",B,C
4077,"كل ما يلي من تأثيرات هرمون النمو عدا:

A) ينقص تقويض البروتينات الموجودة مسبقا
B) يزيد تحريك الشحوم
C) يزيد تحول الخلايا الغضروفية لخلايا مولدة للعظم
D) ينقص انتاج الغلوكوز في الكبد",D,D
4078,"اختر الإجابة الخاطئة :

A) العصبونات التي تقوم مشابك مع تغصنات خلية أخرى هي استثارية
B) العصبونات التي تقوم مشابك مع جسم خلية أخرى هي تثبيطية
C) إشارات الجهاز العصبي المستقل تحريضية دائما
D) تسلك الاشارات التي يبثها الجهاز العصبي الميد طريق مكون من عصبونين",C,C
4079,"يختلف مجال إصدار الليزرات الغازية باختلاف:

A) الغاز المستعمل
B) مزيج الغازات المستعملة
C) كثافة المادة
D) A, B",D,D
4080,"إن الطفرة الدائمة في الخلايا الورمية ... وفي حالة الخلايا السليمة فإنها تهبط إلى ... في أورام المثانة ... وفي أورام القولون والمستقيم:

A) أضعف قليلاً – النصف – بعشرين مرة
B) أضعف كثيراً – النصف – بعشرين مرة
C) أضعف كثيراً – الربع – بعشرين مرة
D) أضعف كثيراً – النصف – بحسين مرة",B,B
4081,"كل مما يلي ُيعد هرمون نخامي أمامي عدا:

A) GH
B) ACTH
C) البرولكتين
D) الفازوبرسين",D,D
4082,"عند حدوث نقص في ماء الجسم يحدث كل ما يلي عدا:

A) يزداد تأثير ADH في النبيب البعيد والقناة الجامعة
B) تفرغ الكلية كميات اقل من الماء
C) يصبح حجم البول اقل من الطبيعي
D) يصبح البول ممدد بشكل اكبر",D,D
4083,"كمية الهواء الموجودة في الرئتين في نهاية شهيق سوي هو:

A) السعة الشهيقية
B) السعة الحيوية
C) السعة الوظيفية المدخرة + الحجم الجاري
D) الحجم المدخر الشهيقي",C,C
4084,"تنظيم العوامل التالية إفراز الألدوستيرون من قشر الكظر عدا:

A) حجم الدم
B) تركيز البوتاسيوم
C) جهاز الرينين-أنجيوتنسين
D) ACTH",D,D
4085,"في إصدار تحت الأحمر المتوسط توجد ليزرات:

A) سيلينيد الرصاص
B) الشلال الكمومي
C) الديود الليزري
D) كل ما سبق صحيح",D,D
4086,"الفائدة الوظيفية من التأخير الزمني لكامن الفعل لمدة 0.1 ثانية عند مروره في العقدة الأذينية البطينية هو:

A) إنهاء تقلص الأذينات قبل تقلص البطينات
B) يطيل فترة تقلص الذينة
C) يطيل فترة كامن الفعل
D) يحمي عضلة القلب من التباطؤ",A,A
4087,"كل ما يلي صحيح عن الانزيمات المعوية عدا:

A) الانتيروكيناز يحول مولد التربسين الى تربسين
B) الأمينو ببتيداز الذي يحول عديدات الببتيد الى حموض امينية وبيتيدات ثنائية وثلاثية
C) الايزومالتاز يفكك سكر القصب
D) اللكتار الذي يفكك سكر اللبن",C,C
4088,"كل مما يلي يعد من وظائف الكورتيزول عدا:

A) زيادة تركيز الحموض الشحمية الحرة في المصورة
B) خفض الحرارة
C) زيادة عدد الحمضات والأسسات
D) إنقاص مخزون البروتينات في كامل الخلايا عدا الخلايا الكبدية",B,C
4089,"تساهم الإنزيمات المعوية التالية بهضم السكريات عدا:

A) الإنتيروكيناز
B) السكراز
C) المالتاز
D) اللاكتاز",A,A
4090,"عامل يفقد في حال حفظ الدم ليومين:

A) الخامس
B) السابع
C) التاسع
D) كل ما سبق صحيح",D,D
4091,"إذا علمت أن FRC=3L , ERV=1.5 , TV=650 ML , RV=150 ML , و معدل التنفس = 15/د فكم تبلغ التهوية السنخية :

A) 2500 مل
B) 4500 مل
C) 6500 مل
D) 7500 مل",B,D
4092,"المنسب القلبي :

A) نتاج القلب X مساحة الجسم
B) حجم النفضة X معدل القلب
C) نتاج القلب / مساحة الجسم
D) حجم النفضة / معدل القلب",B,C
4093,"يقتصر الامتصاص المعدي على :

A) الشحوم
B) السكريات
C) الماء والشوارد
D) البروتين",C,C
4094,"تفاعل الهيموغلوبين مع حمض او قلوي يؤدي لتشكل :

A) كاربوهيموغلوبين.
B) كاربوكسي هيموغلوبين.
C) هيماتين.
D) هيموسيدرين.",C,C
4095,"يتناسب افراغة عكسيا مع افراغ الهيدروجين:

A) الصوديوم
B) البوتاسيوم
C) الكلور
D) الغلوكوز",B,B
4096,"الغشاء الكبيبي نفوذ ل:

A) الكالسيوم.
B) الالبومين.
C) الهرمونات.
D) الحموض الدهنية.",D,B
4097,"المسؤل عن ارسال السيالات فى العصبونات:

A) جسم الخليه
B) المحوار
C) الاستطالات الهيوليه
D) المشبك العصبى",B,B
4098,"يعتبر ضخ للدم مثالاً على دراسة وفق مستوى:

A) النسج
B) الأعضاء
C) الأجهزة
D) الخلايا",C,B
4099,"تكثر في الانتانات الطفيلية :

A) Neutrophils
B) Eosinophils
C) Basophils
D) Monocytes",B,B
4100,"من أهم أسباب فقر الدم الحديدي :

A) ابيضاض الدم.
B) انسمام النقي العظمي.
C) الانسمام بالرصاص.
D) الورم النقوي المتعدد.",C,B
4101,"يتم تحويل النورادرينالين الى ادرينالين بعملية تدعي:

A) هدركسلة
B) نزع كربوكسيل
C) ميتلة
D) اكسحة",C,C
4102,"تقوم الأليات التالية بتنظيم معدل الترشيح الكبيبي عدا:

A) زيادة نسبة النفرونات القشرية إلى النفرونات اللّبية
B) توسع الشرينات الواردة
C) تضيق الشرينات الواردة
D) تقبّض العضلات الملساء للأوعية الكلوية عند زيادة جريان الدم فيها",C,A
4103,"يشكل جسراً بين الياف الكولاجين والصفيحات الدموية:

A) الترومبوكسان A2
B) عامل فون ويلبراند
C) البروستاسايكلين
D) ADP",B,A
4104,"الببسين :

A) انزيم معدي حال للدسم
B) انزيم معدي حال للبروتين
C) انزيم معوي حال للدسم
D) انزيم معوي حال للبروتين",B,B
4105,"أكبر كمية من الماء توجد عند:

A) الأطفال حديثي الولادة.
B) الشباب.
C) الإناث اليافعات.
D) الرجال المسنين.",A,A
4106,"من وظائف السرفكتانت ما عدا :

A) يحفظ الأسناخ من التلف.
B) يقي من جهد عضلات التنفس.
C) يبقي السنخ مفتوح أثناء الزفير.
D) يقلل من ارتشاح السوائل من جدار الأوعية الدموية المجاورة.",C,A
4107,"يؤدي تنبيه مستقبلات بيتا الأدرينرجية الى كل مما يلي عدا:

A) تسرع القلب
B) تقلص معصرات المثانة
C) توسيع القصبات
D) تحلل الشحوم",B,B
4108,"الفائدة الوظيفية من وجود الكليونات المجاورة للّب هو:

A) زيادة القدرة على تمديد البول
B) زيادة القدرة على تكثيف البول
C) زيادة القدرة على طرح البولة
D) زيادة القدرة على إفراز الرينين",B,B
4109,"يسمح نمط الموجة المستمرة بالحصول على:

A) الصور الضوئية
B) الصور الصوتية الضوئية
C) AO
D) C,B",D,D
4110,"معدل الافراغ الكلوي للمادة يساوي:

A) سرعة جريان البول x تركيز المادة بالبلازما
B) تركيز المادة بالبول x تركيز المادة بالبلازما
C) سرعة جريان البول X تركيز المادة بالبول
D) كل ما سبق خاطئ",C,C
4111,"توجد مستقبلات الحرارة في:

A) الجلد
B) المهاد
C) الوطاء
D) كل من C,A",D,D
4112,"فقر الدم اللاتنسجي:

A) سوي الحجم
B) ناقص الحجم
C) زائد الحجم
D) اعداد الكربات الحمر طبيعية",B,A
4113,"يبدأ ظهور الغلوكوز في البول عندما يتجاوز تركيزه في البلازما:

A) 300 ملغ / 100مل
B) 180 ملغ / 100 مل
C) 125 ملغ 100 مل
D) كل ما سبق خاطئ",B,B
4114,"كل ما يلي من خواص المسلك العمودي الظهري عدا:

A) تكون اليافه مغمدة بالنخاعين.
B) تنتمي اليافه لزمرة الألياف AB.
C) يتم التصالب في البصلة السيسائية.
D) يحدث التصالب في النخاع.",B,D
4115,"الامتصاص الثنائي الفوتون هو عملية من المرتبة:

A) الثانية – منخفضة
B) الثالثة – منخفضة
C) الثالثة – مرتفعة
D) الثانية – مرتفعة",C,B
4116,"كل ما يلي صحيح عن العضلات الملس عديدة الوحدة عدا:

A) الياف مستقلة وسطحها الخارجي يحاط بغشاء قاعدي
B) كل ليف يعصب بنهاية عصبية مفردة
C) كل ليف يتقلص بشكل مستقل عن الالياف الاخرى
D) التحكم بها يتم بشكل رئيسي بتنبيهات غير عصبية",B,D
4117,"الخلايا الجذعية :

A) خلايا ناضجة.
B) يمكن أن تتمايز إلى جميع أنواع خلايا الجسم.
C) ذات قدرة تجددية ذاتية فقط.
D) خلايا كلية القدرات.",B,B
4118,"واحد من العوامل الأتية يؤدي إلى زيادة لزوجة الدم:

A) نقص عدد الكريات الحمر
B) ارتفاع نسبة البروتينات في البلازما
C) التقدم في السن
D) نقص خضاب الدم",B,B
4119,"في إعادة امتصاص الرشاحة الكلوية، كل مما يلي صحيح عدا

A) إعادة امتصاص إجبارية في النبيب المعوج القريب
B) يعاد امتصاص بعض الماء عبر الذراع الصاعد لعروة هنلي
C) يعاد امتصاص الماء في النبيب البعيد بوجود ADH
D) يعاد امتصاص كامل الغلوكوز في النبيب القريب
E) يعاد امتصاص الحموض الأمينية في النبيب القريب",B,B
4120,"كل العوامل الاتية يعاد امتصاصها بشكل فعال عدا :

A) الحموض الأمينية.
B) الفوسفات.
C) الكلور.
D) الغلوكوز.",B,C
4121,"السبب الذي يحمي العضلة القلبية من التكزز:

A) اعتمادها جزئياً على الكالسيوم خارج الخلوي
B) طول فترة كامن فعل الليف العضلي القلبي
C) قدرة الخلايا العضلية القلبية على تفعيل ذاتها
D) عدم تأثر الخلايا العضلية القلبية بالنواقل العصبية",B,B
4122,"الهرمون الذي يخضع لتأثير مزدوج منبه و مثبط من الوطاء :

A) GH
B) PRL
C) ACTH
D) FSH",A,A
4123,"التلقيم الراجع الإيجابي يُعني:

A) معاكسة المتغير البدني
B) زيادة المتغير البدني دائماً
C) نقص المتغير البدني
D) دعم المتغير البدني",D,D
4124,"الخضاب المضغي :

A) A2
B) Lamda
C) Ibsilon
D) F",A,C
4125,"أهمية المضغ كل ما يلي عدا:

A) تسهيل مضغ الطعام بعد مزجه باللعاب
B) حماية المعدة من التسحج
C) تبريد الاطعمة
D) تعريض الأطعمة المفرزات انظيمات هاضمة",C,C
4126,"كل ما يلي صحيح عن اللعاب عدا :

A) يشكل الماء 99% من وزن اللعاب
B) تركيز شوارد الصوديوم والكلور فيه اقل من تركيزها في البلازما
C) تركيز شوارد البوتاسيوم والبيكربونات فيه اقل من تركيزها في البلازما
D) يحوي انزيم الليباز اللساني",A,C
4127,"عند الانسان المساحة الصغرى في ساحة الحس الاولية تقع :

A) الجذع
B) القلب
C) الشفتين
D) اليدين",C,A
4128,"في مطيافية تحت الأحمر القريب، يؤثر في نفوذ الضوء كل من:

A) تغيرات حجم الدم
B) إشباع الدم – Co2
C) إشباع الدم ب O2
D) A,C",D,D
4129,"كل العوامل الآتية تخفض معدل الترشيح عدا:

A) زيادة تركيز الألبومين.
B) انخفاض الضغط التناضحي البروتينات البلازما.
C) نقص عدد النفرونات.
D) انسداد الحالب.",D,B
4130,"اذا كانت السعة الكلية للرئة 8 لتر والسعة المتبقية الوظيفية 3 لتر وحجم الزفير الاحتياطي 1.5 لتر ومعدل التنفس 15/د فكم يبلغ الحجم المتبقي :

A) 500 مل
B) 1000 مل
C) 1500 مل
D) 2000 مل",B,C
4131,"مصدر الATP الذى تحتاجه اللييفات العضلية بشدة يأتي من:

A) الكالسيوم خارج الخلوي
B) الكالسيوم داخل الخلوي
C) المتقدرات الغزيرة الموازية للبيفات
D) المدروج الكهربائى لقنوات الصوديوم",C,C
4132,"التنبيه الودي للكلية:

A) يزيد النواتج الأزوتية.
B) يزيد إفراغ البول.
C) يخفض النواتج الأزوتية.
D) لا يؤثر على النواتج الأزوتية.",B,A
4133,"كل ما يلي صحيح عن النواقل العصبية عدا :

A) تحررها نهاية المحاوير العصبية
B) من الرسل الكيميائية التي تصون الاستتباب
C) تفرز في المشابك
D) تأثيرها عام في الجسم",B,D
4134,"يتم تفعيل السبيل الخارجي للتخثر عن طريق

A) معقد ضد مستضد
B) رض الدم
C) تماس الدم مع الزجاج
D) رض الأنسجة
E) الفوسفوليبيدات الصفيحية",D,D
4135,"أيًا من الليزرات تولد بالإفراغ الكهربائي الوهاج؟

A) ليزرات الأرغون الأيوني
B) ليزرات الهيليوم-نيون
C) ليزرات CO2
D) ليزرات النيتروجين",C,D
4136,"عامل التماس يتم تنشيطه عند ملامسة الصفيحات للسطوح الزجاجية:

A) العامل العاشر ( عامل ستيوارات )
B) العامل الحادي عشر ( طليعية الترومبوبلاستين البلازمي )
C) العامل الثاني عشر ( عامل هاجمان )
D) العامل الثالث عشر ( العامل المثبت لليفين)",A,D
4137,"تتناسب سرعة انتشار الغاز عبر الغشاء التنفسي عكسا ا مع:

A) قابلية ذوبان الغاز في السائل
B) ثخانة الغشاء
C) مساحة مقطع السائل
D) سرعة الجزيئات المتحركة",D,B
4138,"كل ما يلي صحيح عن قنوات البوتاسيوم المبوبة بالفولطاج عدا:

A) تملك بوابتين
B) لها دور مهم في زيادة سرعة عودة الاستقطاب
C) انفتاحها بطئ
D) تكون مغلقة اثناء الراحة",C,A
4139,"بعد الهيموغلوبين الموكسج والهيموغلوبين منزوع الأوكسجين من أكثر المكونات امتصاصا المجال:

A) فوق البنفسجي
B) تحت الأحمر
C) المرئي
D) C,B",D,D
4140,"العامل الأهم في توسيع الشرينات والشرايين في التنظيم السريع للدوران الموضعي:

A) حمض اللبن
B) البوتاسيوم
C) عامل النمو البطانى
D) No",D,D
4141,"ان عودة الضغط داخل المثانة الى مستواه الأصلي بعد دقيقة رغم تمدد جدار المثانة هو:

A) اليه المزلاج
B) الارتخاء بعد الكرب
C) ضربه القدرة
D) التقلص العضلي",A,B
4142,"من وظائف بروتينات البلاسما :

A) نقل المواد وظيفة اللألبومين
B) الغلوبيولينات ككل تزود الجسم بالمناعة
C) مسؤولة دون غيرها في الحفاظ على PH الدم
D) كل ما سبق خاطئ",D,D
4143,"لكل جزئية ميوزين:

A) رأس في كل جهة
B) رأسان في جهة واحدة
C) رأسان فى كل جهة
D) رأس واحدة فى جهة واحدة",C,B
4144,"المقلد المباشر:

A) يرتبط بمستقبل الناقل ويحفزه
B) زيادة فعالية العصبون قبل المشبكي
C) ترتبط بمستقبل الناقل وتكبح فعله
D) تنقص فعالية العصبون قبل المشبكي",C,A
4145,"كل ما يأتي من الهرمونات الأمينية عدا :

A) التيروكسين
B) التيرونين
C) البرولاكتين
D) النور أدرينالين",A,C
4146,"صل بين كل بروتين و وظيفته :

A) يضخ القلب الدم الؤكسج
B) يستقبل القلب الدم غير المؤكسج
C) تستقبل الرئتين دم غير مؤكسج
D) تصخ الرئتين دم غير مؤكسج",A,C
4147,"القيمة العظمى لضغط الأوكسجين في الأسناخ عند زيادة التهوية السنخية في الحالات السوية هي:

A) 95 ملم زئبقي
B) 104ملم زئبقي
C) 149 ملم زئبقي
D) 158 ملم زئبقي",B,C
4148,"يحدث المتصاص بشكل أساسي في:

A) المعدة
B) الامعاء الدقيقة
C) الكولون بقسمه المستعرض
D) الكولون النهائي والمستقيم",B,B
4149,"تؤدي الشدة (الكروب) إلى افراز هرمون:

A) الألدوستيرون
B) الكورتيزول
C) الثيروكسين
D) الأنسولين",B,B
4150,"الشكل الخلقي لفقر الدم الحديدي :

A) يصيب الإناث وينتقل عن طريق الذكور.
B) نقص في فعالية الإنزيم بيردوكسال فوسفتاز
C) نقص في صنع الحمض أمينو ليفولينك.
D) كل من c و d",D,D
4151,"يتميز القصور الكلوي المزمن بكل مما يلي عدا

A) شح بول (أقل من 500 مل/ 24 ساعة)
B) حماض استقلابي
C) زيادة كالسيوم الدم
D) فقر دم ونزوف
E) حدوث وذمة رئة",C,C
4152,"تحرر شوارد الكالسيوم من الشبكة الهيولية في العضلات الهيكلية يحدث بآلية:

A) الانتشار
B) النقل المّيسر
C) النقل المرافق
D) النقل الفاعل الأولي",B,A
4153,"فيما يخص الخلية القلبية

A) تعتمد كليا على الكالسيوم خارج الخلوي
B) أصغر حجما مقارنة بالعضلات الهيكلية
C) تشغل المتقدرات ثلثي حجم الليف العضلي القلبي
D) كل ما سبق صحيح",D,B
4154,"فيما يخص الهرمونات المرتبطة ببروتينات المصورة :

A) غير قادرة على الانتشار عبر جدران الأوعية الشعرية
B) فعالة وظيفيا
C) من أمثلتها الباراثورمون
D) كل من A,C صح",D,A
4155,"ترفع المواد التالية الضغط في معصرة المري السفلية عدا:

A) ارتفاع حموضة المعدة
B) هرمون الغاسترين
C) تنبيه الألياف الودية
D) الطعام الغني بالبروتين",C,C
4156,"فيما يخص المقاومة الوعائية، الخطأ:

A) هي ممانعة تدفق الدم في الوعاء
B) أغلب الاحتكاك يكون في الدوران المركزي
C) تقيس مقدار الاحتكاك الذي يواجه الدم
D) تتناسب عكسياً مع نصف قطر الوعاء",B,B
4157,"يسبب التنبيه اللاودي على القلب:

A) زيادة القوة الانقباضية للعضلة القلبية.
B) تباطؤ ضربات القلب.
C) تسريع التوصيل.
D) تسرع ضربات القلب.",D,B
4158,"يتطلب التشكيل السوي لعوامل التخثر:

A) وجود كلية سوية
B) وجود كبد سوي
C) توافر فيتامين K
D) كل من C,b صح",D,B
4159,"المسؤول عن زوال الاستقطاب:

A) دخول شوارد الصوديوم
B) خروج شوارد الصوديوم
C) دخول شوارد البوتاسيوم
D) خروج شوارد البوتاسيوم",B,A
4160,"البالعات عدا:

A) تفعل من قبل السيتوكينات.
B) TNF تفرز
C) تساعد من قبل الاجسام المضادة.
D) تقوم بقتل الاحياء الدقيقة.",C,C
4161,"فيما يخص الهرمونات موضعية التأثير:

A) تؤثر في منطقة قريبة من منطقة افرازها
B) تنتج و تحرر و ينتهي تأثيرها بسرعة
C) أحد أمثلتها الأستيل كولين
D) كل ما سبق صحيح",D,D
4162,"إن معامل انتشار نسيج معين فهو يرتبط بـ:

A) نسبة النسيج
B) كثافة النسيج
C) أبعاد الخلايا وأشكالها
D) كل ما سبق صحيح",D,D
4163,"لا يعمل الجهاز الودي:

A) في حالات الكروب والخوف ونقص السكر
B) علي خفض معدلات الاستقلاب
C) علي تعزيز فعاليات اجهزة الامداد
D) زيادة جريان الدم محو العضلات الهيكلية اثناء التمرين",B,B
4164,"PH البول :

A) بين 5و8
B) 6.7 و8
C) 8
D) بين 4.7 و 8",A,D
4165,"عن الداء السكري (الخاطئة):

A) يسبب تصلب الكبب الكلوية.
B) يسبب تصلب الشرايين الكلوية.
C) يسبب التنخر الحليمي.
D) يعالج باعطاء رافعات سكر الدم.",D,D
4166,"كل ما يلي من وظائف خلايا الدبق العصبي عدا:

A) تقوم الخلايا السيسائية بإفراز السائل الدماغي الشوكي
B) تقوم الخلايا الدبقية الصغيرة بوظيفة البلعمة
C) تُشكل الخلايا النجمية جزءاً من الحاجز الدماغي الدموي
D) تساهم الخلايا الدبقية قليلة الّتغصنات بتغذية العصبونات",A,D
4167,"يهتم علم الفيزيولوجيا البشرية بكل ما يلي عدا:

A) دراسة التركيب الدقيق ألعضاء وأجهزة الجسم
B) العمليات الاستقلالية في جسم الكائن الحي
C) إنجاز الوظائف الاستقلالية ونمو الكائن
D) عمليات استقلاب الغذاء والحصول على الطاقة",A,A
4168,"الخاطئ فيما يخص البيكربونات :

A) تفرزها الخلايا المعدية و العفجية
B) تفرز عند انخفاض PH
C) تؤدي دورا مهما في امتصاص السكر
D) تقوم بتعديل حمض كلور الماء",C,C
4169,"في تكون خلايا الدم الحمراء

A) هو انتاج خلايا الدم الحمراء جديدة لتحل محل القديمة عند موتها.
B) نخاع العظم مسؤول عن هذه الوظيفة عند البالغين.
C) الخلايا الجذعية متعددة القدرات قادرة على انتاج اي نوع من خلايا الدم.
D) كل ما سبق صحيح.",D,D
4170,"الفترة :

A) تمثل زمن التقلص البطين.
B) تترواح بين ۰,۱۲ و ۰٫۲۰ ثانية.
C) يتعلق زمنها بسرعة النظم.
D) كل من a و c",D,D
4171,"تكون أكسجة الشرايين طبيعية في كل مما يلي عدا :

A) احمرار الدم البدني.
B) احمرار الدم الثانوي الناجم عن نقص الأكسجة.
C) احمرار الدم النسبي الناجم عن زيادة الأرثروبيوتين.
D) احمرار الدم النسبي.",B,A
4172,"ان وصول كمية كبيرة من Nacl الي اللطخة الكثيفة يؤدي الي :

A) توسيع الشرين الوارد فقط
B) توسيع الشريتيت الوارد والصادر
C) تقبيض الشرين الوارد
D) تفعيل حملة الرينين انجيوتسن",B,C
4173,"التسرعات الانتيابية :

A) نبضات سريعة تتولد في أي جزء من النسيج الناقل.
B) يحدث التسرع بشكل نوبي.
C) يمكن انهاء النوب بتفعيل المبهم.
D) كل ماسبق.",D,D
4174,"يتم افراز الرينين عند:

A) انخفاض معدل الترشيح
B) انخفاض ضغط الدم
C) وصول كميات منخفضة من Nacl للطخة الكثيفة
D) كل ما سبق صحيح",D,D
4175,"كمية الدم التي تمر في نقطة معينة من الدوران خلال فترة محددة من الزمن:

A) ضغط الدم
B) تدفق الدم
C) مدروج الضغط
D) المقاومة الوعائية",B,B
4176,"كل ما يلي من وظائف الماء فى الجسم عدا :

A) يسهم فى التنظيم الحراري
B) دور حماية و مقاومة الاحتكاك
C) ضروري لحدوث التفاعلات الحلمهة
D) ضروري لتشكيل الكمونات الغشائية",D,D
4177,"كل مما يلي يزيد قوة قلص العضلة القلبية عدا:

A) شدة المنبه
B) زيادة طول الليف العصبي
C) زيادة تركيز شوارد الكالسيوم داخل الليف العضلي
D) استخدام الديجتال (الديسموزوم(",B,A
4178,"الدورة الكبرى:

A) الاوعبة
B) الدم
C) الرئتين
D) القلب",A,D
4179,"الانزيم المعوي الذي يقوم بهضم الدسم في الأمعاء هو:

A) الإنتيروكيناز
B) الأمينوببتيداز
C) اللاكتاز
D) الليباز",D,D
4180,"كل مما يلي صحيح عند تنبيه مستقبل بمنبه ملائم ما عدا:

A) يدعى الإحساس المدرك نتيجة هذا التنبيه بالنموذج الحسي
B) يتم تحويل طاقة هذا المنبه إلى دفعات عصبية
C) يولد هذا المنبه كمون نزع استقطاب منتشر يعرف عادة باسم كمون المستقبل
D) كمون المستقبل يطلق كمونات فعل",D,C
4181,"يشاهد التلم التصالبي:

A) خلف السرج التركي
B) أمام السرج التركي
C) في قاع السرج التركي
D) جانب السرج التركي",B,B
4182,"الخاطئة فيما يخص الهرمونات الستيروئيدية :

A) يتم تركيبها من الكوليسترول
B) تختزن بكميات كبيرة
C) قابلة للانحلال بالدسم
D) تنتقل عبر الدوران مرتبطة ببروتينات المصورة",B,B
4183,"تتوسع المعصرات قبل الشعيرية عند (اختر الخاطئة) :

A) عند تراكم حمض اللين و CO2
B) ازدياد معدل الاستقلاب
C) ازدیاد فعالية العضو الموعي
D) الراحة",D,B
4184,"في الحالة النموذجية يتجمع ليزر الإكسايمر في:

A) غاز حامل وغاز فعال
B) أرغون وفلور
C) كريبتون أو كريبتون وكلور
D) كل ما سبق صحيح",D,D
4185,"كل ما يلي يفرز انزيمات هاضمة للسكريات عدا :

A) الغدد اللعابية
B) المعدة
C) الامعاء الدقيقة
D) البنكرياس",B,B
4186,"تزداد سرعة الإفراز المعدي بالعوامل التالية عدا:

A) زيادة حجم الطعام في المعدة
B) زيادة حموضة الكيموس المعدي
C) غنى الكيموس بالمواد الدسمة والبروتينات
D) زيادة الضغط الحلولي للكيموس",D,C
4187,"يتميز الألم العميق بكل ما يلي عدا:

A) ينجم عن تنبيه مستقبلات الالم في بني الجسم العميقة
B) سهل تحديد الموضع
C) مديد ومبهم
D) ينبه الجهاز العصبي المستقل",C,B
4188,"كل ما يلي صحيح عن داء كلانزمان ما عدا :

A) صفيحات المرض لا تتكدس بوجود ادرينالين
B) صفيحات المرض لا تتكدس بوجود ADP
C) صفيحات المرض لا تتكدس بوجود الشريط الضاغط الإيجابي.
D) علاج المرض يتم بنقل البلازما مع PTTK.",C,D
4189,"كل مما يلي من وظائف الماء ما عدا:

A) الإسهام في التنظيم الحراري
B) التخميد والتزليق
C) ضروري لوجود الكمونات الغشائية
D) تفاعلات الحلمهة",D,C
4190,"اقترح عدد من التقنيات للتغلب على الفلتر الشديد للنسخ البيولوجية، منها كل ما يلي ما عدا:

A) التصوير الصوتي في نطاق الزمن
B) التصوير الصوتي في نطاق الحلول الموجي
C) التصوير الصوتي في نطاق التواتر
D) التصوير المنزلي في الترابط الجنوبي",D,B
4191,"كل ما يلي يزيد الافراز المعدي عدا :

A) هبوط سكر الدم
B) رؤية الطعام
C) حاصرات الهستامين (سيميتيدين)
D) الغاسترين",C,C
4192,"تزداد قوة تقلص العضلة القلبية بتأثير كل ما يأتي عدا:

A) الكحول الإيتيلي.
B) الأدرينالين والديجتال.
C) تراكم شوارد الكالسيوم داخل الألياف العضلية القلبية.
D) زيادة طول الليف العضلي القلبي.",A,A
4193,"نقص فيتامين B12 وحمض الفوليك يسبب:

A) فقر دم لا تنسجي
B) فقر دم ناقص الصباغ ناقص الحجم
C) فقر دم زائد الصباغ زائد الحجم
D) فقر دم منجلي",C,C
4194,"الريبونكلياز هو انزيم بنكرياسي :

A) حال للدسم
B) حال للسكر
C) حال للبروتين
D) حال للحموض النووية",B,D
4195,"وظيفة الصمامات القلبية:

A) توجيه مجرى الدم باتجاه واحد
B) توزيع مقدار الضغط
C) دفع الدم من حجرة لأخرى في القلب
D) المحافظة على نظم القلب",A,A
4196,"يعد تنظيم الضغط الشرياني على المستوى:

A) الخلايا
B) الأنسجه
C) الأعضاء
D) الأجهزه",D,D
4197,"أي مما يلي يزيد امتصاص الحديد:

A) حموضة المعدة.
B) فيتامين ..
C) الشاي.
D) a+b",D,D
4198,"عضلة زفيرية

A) الوربية الظاهرة.
B) الشوكية
C) القترانية.
D) المنحرفة الباطنة.",A,C
4199,"كل مما يلي من وظائف الماء ما عدا:

A) الإسهام في التنظيم الحراري.
B) التخميد والتزليق.
C) دوره كناتج للتفاعل.
D) دوره كناقل.",C,C
4200,"نشاهد غمد النخاعين في :

A) الألياف قبل العقدة في الجهاز العصبي المستقل
B) الألياف بعد العقدة في الجهاز العصبي المستقل
C) الألياف العصبية الناقلة لاشارات الألم البطيء
D) كل من C , B",D,A
4201,"تزداد سرعة الإفراغ المعدي في الحالت الأتية ما عدا:

A) ازدياد حجم الطعام
B) ازدياد حموضة الكيموس
C) غنى الكيموس بالمواد الدسمة
D) ارتفاع الضغط الحلولي للكيموس",C,C
4202,"نوع من العضلات يمتاز بخاصية الارتخاء بعد الكرب:

A) العضلات الهدبية للعين
B) العضلة الناصبة للشعرة
C) العضلات وحيدة الوحدة الحشوية
D) عضلة حدقة العين",C,C
4203,"الخاطئ فيما يتعلق بضغط الدم :

A) يتاثر بحجم الدم و نتاج القلب
B) يتأثر بالنوم و الطعام و الرياضة
C) يتعلق بالعمر والجنس و الوزن
D) عندما يكون ضغط الانقباض 145 فهذا مؤشر مرضي خطير",D,D
4204,"- من أسباب متلازمة الضائقة التنفسية لدى الخدج:

A) لها أسناخ ذات أقطار أقل من ربع السوي.
B) السورفاكتانت لا يبدأ إفرازه إلا بعد الشهر 6 أو 7 من الحمل.
C) ازدياد كمية السورفاكتانت.
D) كل من A وB.",D,D
4205,"ينتج عن العلاج بالستيروئيدات :

A) نقص العدلات.
B) زيادة الحمضات.
C) نقص اللمفاويات.
D) زيادة الاسسات.",A,C
4206,"يزداد نبضان الضغط في حال:

A) زيادة ADH
B) التصلب العصيدي.
C) تفعيل جملة الرينين - أنجيوتنسين.
D) تنبيه الجملة الودية.",C,B
4207,"التسرعات الانتيابية :

A) نبضات سريعة تتولد في أي جزء من النسيج الناقل.
B) يحدث التسرع بشكل نوبي.
C) يمكن انهاء النوب بتفعيل المبهم.
D) كل ماسبق.",D,D
4208,"الناقل العصبي الرئيسي الذي تحرره الالياف بعد العقدية الودية:

A) الاستيل كولين
B) النورادرينالين
C) السيروتونين
D) الانكيفالين",B,A
4209,"أسرع أجزاء الجهاز الناقل في القلب في توصيل السيالة هو:

A) العقدة الأذينية البطينية.
B) حزمة هيس.
C) المسالك بين العقد.
D) ألياف بوركنج.",D,D
4210,"مثال عن العصبونات أحادية القطب :

A) الخلايا الهرمية
B) خلايا العقد الحسية للجذر الخلفي للدماغ
C) خلايا بوركنج
D) خلايا شبكية العين",B,B
4211,"من المخرجات الوظيفية: (الخطأ)

A) التوالد.
B) التلاؤم الفيزيولوجي.
C) العمل الذهني.
D) درجة حموضة الدم.",D,D
4212,"كمية الهواء الموجودة في الرئتين في نهاية شهيق سوي هو:

A) السعة الشهيقية
B) السعة الحيوية
C) السعة الوظيفية المدخرة + الحجم الجاري
D) الحجم المدخر الشهيقي",C,C
4213,"من أجهزة الضبط والتحكم في الجسم:

A) جهاز التنفس
B) جهاز الدوران
C) الجهاز العصبي والجهاز الغدي الصماوي
D) جهاز الاطراح",C,C
4214,"ان حقن مركب الفلوريدزين يؤدي :

A) محاصرة مصادر الطاقة اللازمة لاعادة امتصاص الغلوكوز
B) يخفض بشدة المقدرة القصوى لامتصاص الغلوكوز
C) يؤدي الي ظهور بيلة غلوكوزية
D) كل ما سبق صحيح",D,D
4215,"- المؤثر على توسع القصبات التنفسية:

A) زيادة تركيز CO2 في الأسناخ.
B) تناقص تركيز CO2 في الأسناخ.
C) زيادة تركيز O2 في الأسناخ.
D) تناقص تركيز O2 في الأسناخ.",A,A
4216,"معدل الرشح الكبيبي (GFR)، كل مما يلي صحيح عدا

A) يساوي حجم الرشاحة في كل كلية خلال دقيقة
B) يقاس باستخدام مادة ترتشح بحرية ولا يعاد امتصاصها أو يتم إفرازها
C) يؤدي نقص الجريان في الشريان الوارد إلى نقص معدل الرشح الكبيبي
D) ينخفض معدل الترشيح على طول الشعيرات الكبيبية باتجاه الشريان الصادر
E) يزداد بزيادة الضغط الدموي",E,A
4217,"السوائل الموجودة داخل القناة الهضمية:

A) هي عملياً ضمن البيئة الداخلية للجسم.
B) هي عملياً خارج البيئة الداخلية للجسم.
C) هي ليست سوائل خلاليه.
D) B+C",D,B
4218,"في الدورة القلبية السوية كل ما يلي صحيح عدا:

A) يؤدي انغلاق الدسام التاجي إلى سماع الصوت الأول.
B) يؤدي انغلاق الدسام الأبهري إلى سماع الصوت الثاني.
C) يسمع الصوت الثالث بسبب اهتزاز الدم في البطينات أثناء امتلائها.
D) يسمع الصوت الرابع بسبب انفتاح الدسام مثلث الشرف.",D,D
4219,"تدعى الاسناخ التي يصلها دم ولا يصلها هواء بـ:

A) الأسناخ السوية
B) التحويلة الفيزيولوجية
C) الحّيز المّيت التشريحي
D) الحّيز الميت الفيزيولوجي",C,B
4220,"كل مما يأتي يؤدي لتوسيع المعصرات قبل الشعرية:

A) زيادة معدل الاستقلاب
B) زيادة الأوكسجين
C) تاثير حمض اللين وال CO2
D) تأثير الأدينوزين والبوتاسيوم",C,B
4221,"بتقنية الأسر الصوتي يمكن تحرير النص الفعال حيويا ب :

A) تفعيله بالامتصاص الثنائي للفوتون
B) تفعليه بالامتصاص الأحادي للفوتون
C) تفعيله بالامتصاص مستدعي الفوتونه
D) كل ما سبق خاطئ",B,C
4222,"الشاردة ذات التركيز األكبر داخل العصبون:

A) الكالسيوم
B) الصوديوم
C) البوتاسيوم
D) الكلور",B,C
4223,"يتمفصل الغضروف الطرجهالي مع:

A) الغضروف الحلقي
B) الغضروف الدرقي
C) الغضروف الإسفيني
D) الغضروف الفلكي",B,A
4224,"كل ما يلي من وظائف الماء في الجسم عدا:

A) يسهم في التنظيم الحراري
B) ضروري لحدوث تفاعلات الحلمية
C) دور حماية ومقاومة للاحتكاك
D) ضروري لتشكيل المكونات الغشائية في الخلايا العصبية",D,D
4225,"من طرق علاج قصور القلب الغير المعاوض ماعدا :

A) تقوية العضلة القلبية.
B) استعمال الاربطة الضاغطة.
C) تقليل الوارد من الماء والأملاح.
D) تمكن الكلى من طرح الماء والأملاح.",B,B
4226,"في طور الانقباض الأذيني :

A) الصمامات الأذينية البطينية مفتوحة و السينية مغلقة
B) الصمامات الأذينية البطينية مغلقة و السينية مفتوحة
C) كلاهما مفتوحتان
D) كلاهما مغلقتان",B,A
4227,"فيما يخص المركز النهائي القلبي :

A) يقع في البصلة السيسانية
B) برسل ايعازات عبر المبهم
C) تقع العصبونات اللاودية بعد العقدية في جدار القلب
D) كل ما سبق صحيح",D,D
4228,"تمتد خيوط الاكتين بالاتجاهين لتتداخل مع خيوط الميوزين من خلال:

A) الاقراص z
B) الجسور التصالبية
C) البروكانين
D) كل ما سبق صحيح",D,A
4229,"كل ما يلي صحيح عن الكرياتينين ماعدا:

A) ينتج بشكل غير محدود في الجسم.
B) زيادة تركيزه في الدم مؤشر على ضعف عمل الكليتين.
C) يتم ترشيحه خارج الجسم.
D) ينتج عن استقلاب فسفات كرياتين العضلات.",A,A
4230,"الكريات الحمراء:

A) تنشأ في نقي العظم من خلايا جذعية قليلة القدرات.
B) الخلايا المتخصصة بإنتاجها تدعى CFU-E.
C) من مراحل تمايزها ال Megakaryocyte
D) يساعد على انقسامها الانترلوكين - ٢.",B,B
4231,"الحجم الرئوي الذي يزداد مع التقدم بالعمر

A) الحجم الجاري.
B) الحجم الشهيقي الاحتياطي.
C) الحجم المتبقي.
D) جميع الحجوم تنقص مع التقدم بالسن.",C,C
4232,"هناك نوعين من الجسيمات الثانوية، النقاط الكمومية هي:

A) النقاط الكمومية المصدرة للضوء وكريات من السيليس مغلفة بالذهب
B) النقاط الكمومية الماصة للضوء – وكريات السيليس معلقة بالذهب
C) ذرة هيدروجين ونقاط كمومية مصدرة للضوء
D) كل ما سبق خاطئ",A,A
4233,"أثناء التمارين الرياضية :

A) يزداد الحريان الدموي عبر الرئتين
B) يزداد عدد الشعيرات المفتوحة
C) يزداد معدل الجريان عمر كل وعاء شعري
D) كل ما سبق صحيح",D,D
4234,"تنقص الفة خضاب الدم للارتباط بالأوكسجين في الحلات التالية ما عدا:

A) زيادة تركيز الهيدروجين في الدم
B) ارتفاع تركيز ثنائي أكسيد الكربون في الدم
C) زيادة DPG في الدم
D) ارتفاع الضغط الجزئي لألكسجين",A,D
4235,"من العوامل المؤثرة على افتراق O2 والخضاب

A) الحرارة.
B) تأثير ٣-٢ دي فوسفو غليسريت.
C) درجة الPH
D) كل ماسبق.",D,D
4236,"في تخطيط القلب الكهربائي:

A) تعبر T عن عودة الاستقطاب الأذيني.
B) تعبر P عن زوال الاستقطاب الأذيني.
C) تعبر QRS عن عودة الاستقطاب البطيني.
D) كل ما سبق صحيح.",B,B
4237,"يحرض إفراز عصارة غنية بالإنزيمات الهاضمة من البنكرياس:

A) السكرتين
B) CCK
C) السوماتوستاتين
D) التنبيه الودى",B,B
4238,"من اآلليات التي تزيد الرشاحة الكلوية عدا:

A) تقبّض الشريان الصادر
B) تقبّض الشريان الوارد
C) زيادة الجريان الدموي
D) نقص األلبومين",B,B
4239,"يسمح انفتاح قنوات الاستيل كولين لكميات كبيرة من شوارد........بالدخول الى داخل الليف العضلي:

A) البوتاسيوم
B) الكالسيوم
C) الصوديوم
D) الصوديوم والكالسيوم",B,C
4240,"اختر الاجابة الخاطئة :

A) كل 15 من الخضاب يرتبط ب 19,4 مل منO2 في الدم الشرياني السوي
B) نسبة الاشباع الشرياني السوي 97% من الأوكسجين
C) كل 15 من الخضاب يرتبط ب 14.4 مل من O2 في الدم الوريدي السوي
D) ينقل 20 مل منO2 إلى النسج في كل ديسيلتر دم في الشروط السوية",D,D
4241,"أهم ميزة تتصف بها العقدة الأذينية البطنية في الحالات السّوية هي:

A) قدرتها على توليد كوامن الفعل بشكل ذاتي
B) تواتر إصدارها للإشعارات أقل من العقدة الجيبية الأذينية
C) تتعرض الإشارة أثناء مرورها فيها إلى فترة تأخير تساوي 0.1 ثانية
D) تستطيع الإشارة في بعض الحالات أن تعود إلى الأذينة",B,C
4242,"الخلايا التي تسهم في تشكيل الحاجز الدموي الدماغي هي:

A) العصبونات الكبيرة
B) الخلايا النجمية
C) الخلايا الدبقية الصغيرة
D) الخلايا السيسانية",B,A
4243,"يتمثل زوال استقطاب البطينات على مخطط القلب ب:

A) الموجة P.
B) الموجة QRS.
C) الموجة S.
D) الموجة T.",B,B
4244,"في الانقباض متساوي الحجم كل مما يلي صحيح عدا

A) يحدث صوت القلب الأول
B) يكون الصمام التاجي مغلقًا
C) يكون الصمام الأبهري مغلقًا
D) يترافق مع قمة مركب QRS
E) يرتفع الضغط داخل البطين الأيسر ليتجاوز ١٢٠ ملم ز",E,E
4245,"العامل المحرض على زيادة إفراز الألدوستيرون هو:

A) زيادة تركيز البوتاسيوم في السائل خارج الخلوي
B) ازيادة تركيز الصوديوم في السائل خارج الخلوي
C) ارتفاع الضغط الشرياني
D) إنخفاض تركيز شوارد الكالسيوم في الوسط خارج الخلوي",A,A
4246,"اذا تشكلت خثرة في اوعية القلب والرئتين نقوم بحلها عن طريق:

A) البلازمين
B) الكاليكرين
C) الهيبارين
D) الحقن الوريدي الستربتوكيناز",A,A
4247,"تسمح خاصية الارتخاء بعد الكرب للأعضاء الجوفاء التي تحوي عضلات ملساء ب:

A) تسهيل عملية تقلص العضلة الملساء وكأنها ليف واحد
B) توفير استخدام الطاقة
C) المحافظة على مقدار الضغط نفسه على الرغم من تغير الحجم ضمن حدود معينة
D) زيادة قوة التقلص مقارنة بالهيكلية",C,C
4248,"الخلايا القاتلة الطبيعية:

A) نمطيها CD56 و CD26
B) تفعل ب الانترلوكين ..
C) تعتمد على المستقبلات F بشكل كامل.
D) تفعل بالانترفيرون",A,D
4249,"معدل التهوية السنخية

A) كمية الهواء الذي يصل للمناطق التنفسية.
B) كمية الهواء الذي يصل للمناطق التنفسية مضروب
C) بمعدل التنفس.
D) كمية الهواء الذي يملأ الطرق التنفسية التوصيلية.",B,B
4250,"الخاطئ فيما يخص الترشيح:

A) تمتاز الشعيرات الكبية بنفوذية مرتفعة
B) هو حدثيه منفعلة لا تحتاج الي طاقة
C) المكون الاساسي للرشاحة هو بروتينات البلازما
D) لا نري خلايا الدم في الرشاحة",C,C
4251,"كل ما يلي صحيح عن الشعيرات الدموية عدا:

A) يوجد معصرة بين الشعيرات وفروع الشرينات
B) لا توجد معصرة بين الشعيرات وفروع الوريدات
C) نفوذية جدران الشعيرات الدموية عالية
D) لا تنعكس التغيرات الهيموديناميكية الوريدية في مستوى الشعيرات",B,C
4252,"الخاطئ فيما يخص الهرمونات :

A) مستقبلاتها توجد في الخلايا الهدف
B) تأثيرها يرتبط بوجود أو بغياب المستقبلات الخاصة بها
C) جميع الهرمونات تؤثر في عدة أنماط خلوية
D) الخلايا التي لا تحوي مستقبلات هرمون ما تستثنى من تأثيره",C,C
4253,"كل ما يلي صحيح عن علوم وظائف الأعضاء:

A) علوم ديناميكية في حركة دائمة
B) دراستها تستخدم عينات حية ومواد حيوية
C) نتائجها مرتبطة بالوقت ومتغيرة بمروره
D) تعتمد على تثبيت العينات النسيجية",A,D
4254,"المعلومة الخاطئة حول المستقبل:

A) مستقبل التنفس محيطي
B) مستقبل الضغط التناضحي مركزي
C) مستقبل حرارة الجسم مركزي
D) مستقبل ضغط الدم مركزي",B,D
4255,"يتوقف التقلص العضلي عند:

A) انتهاء كمون العمل
B) إعادة الكالسيوم الى الشبكة الهيولية
C) خروج الصوديوم
D) ارتباط الكالسيوم بالتربونين",B,D
4256,"يزداد عدد الكريات البيض في حالات:

A) سوء التغذية
B) الصيام المديد
C) الشدة النفسية
D) الاصابة بفقر دم لا تنسجي",C,D
4257,"كل العبارات التالية صحيحة بالنسبة لليزر الشلال الكمومي ما عدا:

A) إن عملية إلكترون واحد يسبب إصدار العديد من الفوتونات لدى عبوره بنية QCLS تعطي اسم الشلال.
B) عملية الشلال تجعل المردود يزيد على الوحدة مما يؤدي إلى استطاعات خرج أعلى منها في حالة الليزرات الشائعة.
C) تغطي أطوال موجة الإصدار مجال الأطوال الموجية الذي يمتد من 250 نانومتر – 2.75 ميكرومتر ويصل إلى 355 ميكرومتر.
D) إن كلا من انخفاض خرج الاستطاعة الضوئية ومجال توليفه وتشغيلها في درجة حرارة الغرفة يجعلها معينة في تطبيقات المطيافية.",C,D
4258,"عصبونات المرتبة الثانية في المسلك الظهري:

A) القرن الظهري للنخاع الشوكي
B) النواتين الناحلة واإلسفينية
C) المهاد
D) ساحات الحس في الدماغ",B,B
4259,"جميع العناصر الآتية من النسيج الناقل في القلب عدا:

A) العقدة الجيبية الأذينية.
B) العقدة الأذينية البطينية.
C) العقدة الإكليلية.
D) حزمة هيس.",C,C
4260,"كل ما يلي صحيح عن العضلات الملس وحيدة الوحدة عدا:

A) الكتلة الكاملة للالياف العضلية تتقلص معاً
B) اغشية اليافها الخلوية ملتصقة مع بعضها في عدة نقط
C) كل ليف يتقلص بشكل مستقل عن الاخر
D) توجد في المعي والأقنية الصفراوية والحالبان والرحم",C,C
4261,"يهتم علم الفيزيولوجيا بكل ما يلي عدا:

A) دراسة التراكيب الدقيق لأعضاء وأجهزة الجسم
B) العمليات الاستقلالية في جسم الكائن الحي
C) انجاز الوظائف الاستقلالية ونمو الكائن
D) عمليات استقلاب الغذاء والحصول على الطاقة",A,A
4262,"الخاطئ فيما يتعلق بالنسيج الضام الليفي :

A) يحوي خلايا ليفية وخلايا شوان
B) هو نسيج داعم في الجهاز العصبي المحيطي
C) هو نسيج داعم في الجهاز العصبي المركزي
D) يشكل اغلفة السحايا في الدماغ",A,C
4263,"يتم تنظيم عمل الخصية من خلال:

A) GNRH
B) FSH
C) LH
D) كل ما سبق صحيح",D,D
4264,"يتواجد لدى الشخص ذو الزمرة الدموية : A:

A) مولد الإرتصاص B
B) الراصة a
C) مولد الإرتصاص A و الراصة b
D) مولد الإرتصاص A و الراصة a",D,C
4265,"القشراني المعدني الرئيسي:

A) الكورتيزول (سكري)
B) الالدوسترون (معدني)
C) التستسترون
D) الأدرينالين",B,B
4266,"أقل أنسجة الجسم البشري احتواءً على الماء:

A) العضلى
B) العصبى
C) الغدى
D) الدهنى",B,D
4267,"يزداد الضغط الوريدي المركزي في حال

A) ازدیاد قوة انقباض القلب.
B) انخفاض قوة انقباض القلب.
C) زيادة العود الوريدي.
D) كل من b و c.",D,D
4268,"كل مايلي صحيح عن البلاعم السنخية عدا:

A) مصدرها الوحيدات.
B) توجد في الجلد.
C) توجد في الرئة.
D) تدخل في تشكيل الجهاز الشبكي البطاني.",A,B
4269,"في الثورة يكون حلول موجة الضوء الصادر ... طول موجة الإشعاع الممتص:

A) أطول من
B) أقصر من
C) يساوي
D) C,A",D,A
4270,"هو طليعة انزيم يتحول الى شكله الفعال تحت تأثير الخنثرين:

A) العامل العاشر
B) العامل الحادي عشر
C) العامل الثاني عشر
D) العامل الثالث عشر",C,B
4271,"يزداد نتاج القلب عند :

A) زيادة حجم الدم الجائل
B) زيادة العود الوريدي
C) التردد ضمن حدود
D) كل ما سبق صحيح",D,D
4272,"من الاعراض المشاهدة في فاقات الدم الانحلالية المناعية بالراصات الباردة الثانوية

A) تشظي الرئة.
B) بيلة خضابية.
C) الأصابع الأبوقراطية.
D) كل من b و c.",B,B
4273,"تزداد قوّة تقلّص القلب في الحالات التالية عدا:

A) ارتفاع تركيز شوارد الكالسيوم في السائل خارج الخلوي
B) تثبيط نظير الودّي
C) الديجيتال
D) زيادة العود الوريدي إلى القلب",B,B
4274,"الحالة التي يمكن أن تؤدي إلى تركيب الطاقة بواسطة مضخة الصوديوم بوتاسيوم هي:

A) نقص كمية الـ ATP داخل الخلية
B) زيادة مدروج تركيز كل من شوارد الصوديوم و البوتاسيوم عبر الغشاء الخلوي
C) انخفاض تركيز الكاليسيوم داخل الخلية
D) زيادة نفوذية قنوات الشوارد في الغشاء الخلوي",B,B
4275,"الخاطئ فيما يخص تركيب وتقويض الاستيل كولين:

A) يتم معظم التركيبات في الحويصلات المشبكيية
B) يتم تخزينه في الحويصلات المشبكية
C) يقوض الاستيل كولين بواسطة استيل كولين استراز
D) يعاد استعمال الكولين الناتج عن عملية التقويض",A,B
4276,"تعد من المناعة الفطرية اذ توجد على المخاطيات

A) . IgE
B) . IgA
C) . IgM
D) . IgG",B,B
4277,". يستطيع الجهاز التنفسي تأمين كميات كبيرة من الأكسجين أثناء التمارين المجهدة من خلال الآلية التالية:

A) يحصل كامل التبادل الغازي للأكسجين خلال قطع الدم ثلث المسافة عبر الوعاء الشعري.
B) فارق الضغط الكبير بين الأسناخ والدم لغاز الأكسجين.
C) صغر حجم جزيئة الأكسجين.
D) الانحلالية العالية للأكسجين في الغشاء التنفسي.",B,A
4278,"يحول الببسين الى مولد ببسين :

A) العامل الداخلي
B) حمض كلور الماء
C) الفيتامين b12
D) الغلوكاكون",B,B
4279,"يؤدي الى انخفاض معدل ضربات القلب :

A) تأثير الأستيل الكولين
B) تأثير الجهاز اللاودي
C) زيادة النفوذية للبوتاسيوم
D) كل ما سبق صحيح",D,D
4280,"يتآزر الجهازان الودي واللاودي في:

A) تنظيم افراز اللعاب
B) افراز العرق
C) تنظيم قطر الحدقة
D) تنظيم النبض",A,A
4281,"يتم افراز الاربتروبيوتين من:

A) الكلية
B) الكبد
C) نقي العظم
D) الدم",C,A
4282,"في المراكز الحديثة يتم اخذ الاجسام الضدية من IgG وقطع :

A) الجزء المفرط التغير
B) الجزء المتغير
C) الجزء الذي يرتبط بالمستضيد
D) لا يتم قطع الجسم الضدي ابدا",A,A
4283,"السبب الذي يجعل من العقدة الجيبية الأذينية ناظمة القلب pacemaker في الحالة السوية هو:

A) كونها تصدر كوامن فعل هي الأسرع تواتراً في القلب.
B) وجودها في الجدار الخلفي العلوي للأذينة اليمني.
C) نفوذية غشائها الخلوي لشوارد الصوديوم أثناء الراحة.
D) نفوذية غشائها الخلوي لشوارد الكالسيوم أثناء الراحة.",A,A
4284,"ينقص حجم الدفقة بزيادة:

A) حجم الدم الجائل.
B) معدل دقات القلب.
C) العود الوريدي للقلب.
D) قوة التقلص الأذيني.",C,B
4285,"تدعى الترنجات العشوائية لشدة الإشعاع المترابط المنتشرة انتشاراً متعدداً بـ:

A) المويجات
B) الانزلاقات
C) البقع
D) A, B",D,C
4286,"المسؤول عن إعادة الاستقطاب:

A) تحول شبكة بوابة الصوديوم من حالة التفعيل إلى حالة التحميل
B) دخول شوارد البوتاسيوم
C) A+C
D) دخول شوارد الصوديوم",C,D
4287,"الهرمونات الأمينية مشتقة من :

A) الكولسترول
B) الفالين
C) الفينيل الانين
D) التيروزين",C,D
4288,"يسهم في جميع مراحل التخثر:

A) الفيرينوجين
B) البروترومبين
C) شوارد الكالسيوم
D) العامل المسرع",C,B
4289,"اختر الاجابة الصحيحة

A) يتناسب افراغ البوتاسيوم طردا مع افراغ الهيدروجي في البول.
B) القسم الأكبر من افراز الهيدروجين يكون في النبيب القاصي.
C) افراغ الهيدروجين في النبيب الجامع يتم بشكل رئيسي بواسطة مضخة الهيدروجين.
D) كل ما سبق صحيح.",D,C
4290,"من مميزات العضلات الملساء :

A) لا تملك لوحة محركة انتهائية.
B) تستعمل الكالموديولين عوضاً عن التروبوميوزيز
C) نظام الانزلاق مختلف عن العضلة الهيكلية.
D) تحوي نبيبات T في أغشيتها.",A,A
4291,"يكون الدم أحمر قاتم:

A) اذا كان مؤكسج
B) اذا كان دم شرياني
C) في الشريان الرئوي
D) كل ما سبق خاطئ",D,C
4292,"من استخدامات مضادات انزيم الاستيل كولين استيراز :

A) غاز الخردل.
B) الفيزوستيغماين لعلاج الزرق.
C) النيوستيغماين لعلاج العمى.
D) كل ما سبق صحيح.",B,B
4293,"حجم الدم الذي يضخه القلب خلال دقيقة واحدة:

A) End Systolic Volume.
B) Cardiac input.
C) Cardiac Output.
D) Stroke Volume.",C,C
4294,"تتميز خلايا النسيج العقدي القلبي بكل مما يلي ما عدا:

A) تستطيع توليد الإشارات دون الحاجة لمصدر خارجي
B) أصغر حجما من الخلايا العضلية القلبية
C) تحتوي على عدد قليل من الألياف المتقلصة
D) تشارك في ضخ الدم بين أجواف القلب",B,D
4295,"محور القلب :

A) ينحرف عن الطبيعي بسبب تغيرات موقع القلب.
B) المجال الطبيعي له بين ال ٦٠ وال ۱۰۰
C) ان كانت الزاوية ٥٩ ينحرف لليمين.
D) ان كانت الزاوية - ٥٩ ينحرف لليسار.",A,A
4296,"يؤدي التأثير الحاصر غير المباشر تأثيره على الجهاز العصبي المستقل من خلال:

A) تثبيط مستقبلات الناقل العصبي
B) إنقاص فعالية العصبون قبل المشبكي
C) تنبيه إفراز ناقل عصبي مثبط من العصبون قبل المشبكي
D) زيادة نفوذية القنوات في العصبون بعد المشبك لشوارد البوتاسيوم",C,B
4297,"الطريق الهندسي الذي يمكن للضوء أن يقطعه في الخلاء مضروبا بقرينة انكسار الوسط هو:

A) المسار الهندسي
B) المسار الضوئي
C) مربع المسار الهندسي
D) مربع المسار الضوئي",C,B
4298,"تتميز بالنقل القفزي :

A) الألياف المغمدة بالنخاعين
B) الألياف المجردة من النخاعين
C) الألياف العارية من النخاعين
D) كل ما سبق صحيح",B,A
4299,"عندما يتكون الليف نفوذ لشوارد البوتاسيوم فقط فإن الكمون سيكون تقريباً:

A) سالب 4 ميلي فولط
B) سالب 86 ميلي فولط
C) سالب 90 ميلي فولط
D) سالب 94 ميلي فولط",B,D
4300,"كل ما يلي في عضلات شهيقية قسرية عدا :

A) الوربية الظاهرة
B) الوربية الباطنة
C) الفترانية
D) الأخمعية",D,B
4301,"الخاطئ فيما يتعلق بتأثير الهرمونات الدرقية:

A) تزيد تركيب البروتين
B) يزيد مستوى الكوليسترول في الدم
C) يزيد معدل الاستقلاب و زيادة الحرارة
D) يحرض نمو الدماغ والجملة العصبية أثناء الحياة الجنينية",B,B
4302,"في حال نقص المتناول من الماء ينقص:

A) الضغط الحلولي للبول
B) ADH
C) الضغط الحلولي للمصورة
D) حجم البول",C,D
4303,"من اهم اسباب خلل الوظيفة القلبية

A) شذوذ النظم في ناظم الخطأ.
B) وجود سبل نقل شاذة.
C) توليد نبضات عفوية من أي جزء من القلب.
D) كل ماسبق صحيح.",D,D
4304,"من أسباب حدوث الانتان البولي :

A) الامساك المزمن
B) انسداد المسالك البولية.
C) ضغط الرحم على الحالب اثناء الحمل.
D) كل ما سبق صحيح.",D,D
4305,"عند استئصال الكبد ينخفض مستوى :

A) سكر الدم
B) فيتامين د
C) الفيبرونوجين والبيليروبين المقترن
D) كل ما سبق صحيح",D,D
4306,"كل ما يلى من تأثيرات المركز المسرع القلبي عدا:

A) زيادة سرعة القلب
B) انخفاض حاجة القلب للأوكسجين
C) يزداد عمل و نتاج القلب
D) تزداد قوة القلب التقلصية",B,B
4307,"الجزء الذي يملك فعالية ATPase:

A) رأس الميوزين
B) ذراع الميوزين
C) جسم الميوزين
D) مناطق الارتباط على جزئ الاكتين",A,A
4308,"يوجد مركز العطش في:

A) الدم
B) الوطاء
C) النخامة الخلفية
D) الكلية",B,B
4309,"كل ما يلي صحيح عن الحران النسبي عدا:

A) يلي زمن حدوثة الحران المطلق
B) خلالها يستعيد العصبون القدرة على الإنتاج كامن الفعل الجديد اذا تعرض لمنبه يفوق مستوى العتبة
C) تحدث بسبب انغلاق بعض قنوات الصوديوم والبوتاسيوم
D) تشغل القسم الصاعد من كامن الفعل",C,D
4310,"الامتصاص يحدث بشكل رئيسي في :

A) معدة
B) أمعاء دقيقة
C) قولون
D) امعاء غليظة",B,B
4311,"ناقل عصبي تُحرره الألياف قبل العقدية في القسمين الودي ونظير الودي:

A) النور أدرينالين
B) الأستيل كولين
C) الأدرينالين
D) السوماتوستاتين",B,B
4312,"من تطبيقات الثورة:

A) علم التعدين والجواهر
B) الحساسات الكيميائية والرسم بالبورة
C) الأصبغة والكشف عن الأصبغة الكونية
D) كل ما سبق صحيح",D,D
4313,"اختر الاجابة الخاطئة فيما يتعلق بالتنظيم الكيميائي للتنفس

A) تغيرات CO2 في الدم لها تأثير بالتهوية السنخية أكثر من تغيرات شوارد الهيدروجين
B) تغيرات تركيز ال CO2 في الدم تأثير حاد بعد بضعة أيام
C) تغيرات تركيز ال CO2 في الدم تأثير مزمن ضعيف بعد بضعة أيام
D) تتأثر عصبونات المراكز التنفسية بشكل مباشر بتغيرات co2 في الدم",B,B
4314,"عن الداء السكري (الخاطئة):

A) يسبب تصلب الكبب الكلوية.
B) يسبب تصلب الشرايين الكلوية.
C) يسبب التنخر الحليمي.
D) يعالج باعطاء رافعات سكر الدم.",D,D
4315,"يسمع عند بدء الانبساط البطيني الصوت:

A) الاول
B) الثاني
C) الثالث
D) الرابع",B,B
4316,"اثناء الزفير :

A) يسعد الحجاب للأعلى
B) ينقص القطر الطولاني لجوف الصدر
C) تنخفض الأضلاع
D) كل ما سبق صحيح",D,D
4317,"يُينقص اإلفراز المعدي:

A) الغاسترين
B) السكرتين
C) الهيستامين
D) التنبيه نظير الو ّدي",A,B
4318,"كل ما يلي صحيح عن تقلص العضلات عدا:

A) كلما زاد زمن ارتباط الجسور التصالبية بخيوط الاكتين زادت قوة التقلص
B) تتمتع العضلات الهيكلية باليه المزلاج
C) جزيءATP واحد يلزم لكل دورة في العضلات الملس بغض النظر عن مدتها
D) البطء في بدء تقلص واسترخاء كامل النسيج العضلي الاملس",D,B
4319,"من اسباب الرجفان الأذيني

A) عدم تقلص البطين بشكل فعال.
B) تقلص الأذين بشكل فعال.
C) توسع الانين.
D) كل من a و b.",C,C
4320,"كل ما يلي صحيح عن اللييفات العضلية عدا:

A) تحوي خيوط اكتين وخيوط ميوزين
B) خيوط الميوزين اكثر عددا من خيوط الاكتين
C) عبارة عن جزيئات بروتينية كبيرة
D) تشكل الوحدة المسؤولة عن التقلص الفعلي للعضلة",B,B
4321,"يتم الغاء التأثير التثبيطي للتروبونين:

A) الصوديوم
B) المغنزيوم
C) الكالسيوم
D) البوتاسيوم",C,C
4322,"يتآزر القسمين الودّي ونظير الودّي للجهاز العصبي المستقل في:

A) عمل القلب
B) تحرير الشحوم من مخازنها
C) تنظيم إفراز اللعاب
D) مستوى غلوكوز الدم",C,C
4323,"فيما يتعلق بسلف طليعة الهرمون :

A) عند شطرها تعطي هرمون
B) جزيئات فعالة وظيفيا
C) تختزن ضمن الحويصلات الافرازية
D) كل ما سبق خاطئ",D,D
4324,"الصحيح عن آلية المناعة الحديثة

A) السيتوكينات IL2 تفرز من الوحيدات.
B) ال IL1 و IL2 تساعد في التكاثر وتمييز البانية.
C) الخلايا البانية تتحول إلى خلايا متغصنة بواسطة IL456
D) كل ماسبق خاطئ",D,B
4325,"يزيد كل ما يلي من سرعة إفراغ المعدة ما عدا:

A) زيادة حجم الطعام
B) زيادة حموضة الكيموس
C) الوجبات الدسمة
D) الوجبات السائلة",B,C
4326,"من أجهزة التحكم:

A) جهاز التنفس
B) الكلية
C) جهاز الهضم
D) أعضاء الحس",A,B
4327,"تنشأ الأورام الأليفة للحمض بشكل كبير على حساب:

A) هرمون النمو
B) البرولاكتين
C) الموجهة الكظرية
D) موجهة الغدد التناسلية",C,A
4328,"في الثقابة الثانوية يمكن ابتكار حوامل ثانوية للدواء تقترن أغلفتها بـ ... للاستهداف و ... للتعقب في الجسم الحي:

A) أجسام مضادة – مولدات الأضداد
B) أجسام مضادة – الكروموفورات المتطورة
C) B,A
D) كل ما سبق صحيح",B,D
4329,"يتميز العصبون بكل ما يلي عدا :

A) جسم العصبون لا يتجدد
B) شكل العصبون عند الولادة غير نهائي
C) يستهلك الغلوكوز فقط للحصول على طاقة
D) يحتاج انسولين لادخال الغلوكوز",C,D
4330,"المستقبلات الكيماوية المركزية :

A) توجد في الجسر
B) تحرض المراكز التنفسية عند ارتفاع O2
C) تحرض المراكز التنفسية عند ارتفاع co2
D) تحرض المراكز التنفسية عند ارتفاع ph",C,C
4331,"محور القلب Qt:

A) ECG هو
B) مجموع الكمونات الكهربائية في كافة الجسم.
C) محصلة الفعل الكهربائي القلبي.
D) محصلة الفعل الكهربائي العصبي والقلبي معاً.",C,C
4332,". يؤدي نقص تركيز الأوكسجين في الأسناخ إلى:

A) توسيع الأوعية الدموية لهذه الأسناخ.
B) توسيع المصرف الهوائي المؤدي إلى هذه الأسناخ.
C) تقبض الأوعية الدموية لهذه الأسناخ.
D) تضيق المصرف الهوائي المؤدي إلى هذا السنخ.",A,C
4333,"من بين استخدامات الليزرات ذات الحالة الصلبة ما عدا:

A) في الجراحة والمعالجة العقلية
B) في الحفر الحجري
C) في تصنيع أنصاف النواقل
D) في توليد حزم دقيقة من تحت الأحمر",D,D
4334,"المستقبلات الكيميائية المحيطية في النفس :

A) توجد في الأجسام السبانية وقوس الأبهر
B) حساسة بشكل كبير لنقص Po2
C) حساسة بشكل أقل لتغيرات ال Pco2 أو شوارد الهيدروجين
D) كل ما سبق صحيح",D,D
4335,"عندما تتجمع المراكز المثارة هنا، ويستطيع الإشعاع أن ينتشر مرات كثيرة، تُعرف هذه الظاهرة بـ:

A) الانتثار المتعدد
B) الانتثار الأحادي
C) الانعكاس الكلي الداخلي
D) الانتثار الإحصائي",A,A
4336,"ابيضاض الدم اللمفاوي المزمن

A) يرافقه تناذر ميكوليز.
B) . يعالج بتخفيض حمض البول في الدم.
C) من أعراضه نقص شديد باللمفاويات الناضجة.
D) كل ما سبق صحيح.",C,A
4337,"يتحسس المتغيرات:

A) المستقبل
B) الجهاز المراقب
C) المتغير المنظم
D) المقارن",C,A
4338,"معدل تغير حجم الرئتين تحت تأثير الضغط هو:

A) Compliance
B) Homeostasis
C) Functional Risidual Capacity
D) Aleveolar Ventilation",A,A
4339,"يؤدي التجفاف إلى كل ما يأتي باستثناء:

A) طلب الماء وتحريض النخامى العصبية
B) انخفاض ال ADH
C) ارتفاع الضغط التناضحي الخاللي
D) انخفاض إفراغ الكلية",B,B
4340,"أطوال موجة الضوء التي تعطي امتصاصًا أعظميًا هي:

A) الأخضر والأحمر
B) الأخضر و الأصفر
C) الأزرق و الاحمر
D) كل ما سبق صحيح",B,B
4341,"المسؤول عن تحفيز تحرر الكالسيوم من الشبكة الهيولية:

A) التقلص العضلي
B) كامن الفعل
C) بروتين التروبونين
D) الانابيب المستعرضة",D,B
4342,"في التقلص الإسوتوني:

A) تتقلص العضلة معاكسة حملاً
B) يبقى توتر العضلة ثابت
C) يبقى طول العضلة ثابت
D) C+B",D,B
4343,"تعمل الحاصرات الغير مباشرة في الجهاز العصبي المستقل باأللية التالية:

A) ترتبط بمستقبل الناقل وتثبط فعله
B) تنقص فعالية العصبون قبل المشبكي
C) تحرض األنزيمات المخربة للناقل العصبي
D) تثبط فعالية العصبون بعد المشبكي",B,B
4344,"كل ما يلي ينقص معدل الترشيح عدا:

A) زيادة تركيز الالبومين البلازمي
B) وذمة داخل الكلية
C) وضح كلوي
D) اثناء التمارين الرياضية",B,D
4345,"تحدث الاستجابة لنقص الأكسجين عندما ينخفض PO2 من خلال

A) الجسم الأبهري
B) الجسم السباتي
C) المستقبلات الكيميائية المركزية
D) جميع ما سبق",D,B
4346,"تتصف آلية التلقيم الراجع السلبي بما يلي عدا:

A) تعمل بها معظم أجهزة الجسم
B) تعمل على المعاكسة
C) تحافظ على الاستتباب
D) من الأمثلة عليها تنظيم مستوى سكر الدم",B,C
4347,"ينتج عن تنبيه مستقبلات الفا كل ما يلي عدا:

A) تقبض الاوعية الدموية للجلد
B) تحلل الشحم
C) تقبض اوعية المخاطيات
D) تثبيط افراز الانسولين",D,B
4348,"يختلف علم الفيزيولوجيا عن العلوم المورفولوجية الأخرى بـ:

A) يهتم بالتركيب الدقيق لأعضاء الجسم.
B) نتائج دراساته مرتبطة بالوقت ومتغيرة بمروره.
C) يعتمد على دراسات وصفية.
D) لا يعتمد على تجارب حية.",B,B
4349,"نمط المستقبلات الموجودة في العضو

A) تثبيط إفراز اللعاب
B) تقلص المثانة البولية
C) توسع القصبات
D) إرخاء مصرة المثانة",B,D
4350,"يسعى لسحب السائل نحو الخارج:

A) ضغط الدم
B) ضغط السائل الخلالي
C) الضغط التناضحي للبلازما
D) الضغط التناضحي للسائل الخلالي",B,D
4351,"تنتقل الأحاسيس التالية في المسلك الأمامي الجانبي عدا:

A) حس الألم
B) إحساسات اللمس الفج
C) إحساس الدغدغه
D) إحساس الاهتزاز",D,D
4352,"ينخفض ضغط الدم بزيادة:

A) نتاج القلب
B) مقاومة جريان الدم
C) عدد ضربات القلب
D) قطر الاوعية الدموية",B,D
4353,"سرعة موجة النبض تنقص :

A) بازدياد المقوية.
B) بازدياد المرونة.
C) بتناقص المرونة.
D) بتناقص المقوية.",C,B
4354,"يُمتص الإشعاع في المجال فوق البنفسجي والمرئي من الطيف بشكل رئيسي عن طريق:

A) البروتينات
B) الأصبغة
C) جزيئات الماء
D) A, B",D,A
4355,"كل ما يلي من وظائف الكلية عدا

A) المحافظة علي ضغط الدم
B) التوازن الشاردي والحلولي لسوائل الجسم
C) المحافظة علي توازن كلس الدم
D) تعمل كجهاز مناعة",D,D
4356,"الخلايا التي تستجيب للعصبونات بعد العقد اللاودية

A) الأستيل كولين
B) النورابنفرين
C) الأدرينالين
D) النورابنفرين أو الاستيل كولين",D,A
4357,"كل مايلي صحيح عن البلاعم السنخية عدا:

A) مصدرها الوحيدات.
B) توجد في الجلد.
C) توجد في الرئة.
D) تدخل في تشكيل الجهاز الشبكي البطاني.",A,B
4358,"يؤدي الى زيادة سرعة دقات القلب عدا :

A) التنبيه الودي
B) محرضات B1
C) زيادة النفوذية ل الصوديوم
D) نقص النفوذية Cad",C,D
4359,"تزداد قوة تقلص القلب ب

A) الحمى المديدة.
B) زيادة البوتاسيوم.
C) زيادة الكالسيوم.
D) كل ما سبق صحيح.",D,C
4360,"الجزء من النفرون الكتيم تماماّ للماء:

A) الأنبوب الملفف الداني
B) الجزء النازل من عروة هانله
C) الجزء الصاعد من عروة هانله
D) النبوب الجامع",C,C
4361,"يتم تخرب الكريات الحمر بشكل رئيسي في:

A) الكبد
B) الكلية
C) الطحال
D) المعدة",C,C
4362,"فيما يتعلق بالتيروكسين والتيرونين :

A) يسهمان في زيادة معدل الاستقلاب
B) التيرونين أكثر فعالية
C) لكلاهما التأثير نفسه
D) كل ما سبق صحيح",D,A
4363,"أحد الهرمونات الذي يخضع لتأثير هرمون محرض من الوطاء :

A) GH
B) PRL
C) FSH
D) ADH",C,C
4364,"الإجابة الصحيحة فيما يتعلق بنسب مكونات الجسم:

A) يشكل الماء %85 من وزن الجسم
B) تشكل البروتينات 15 %18- من الوزن
C) يشكل الدسم %25 من الوزن
D) تشكل المعادن %2-1 من الوزن",B,B
4365,"فيما يخص التربونين:

A) المكون الثاني له شديد الألفة للتربوميوزين
B) المكون الثالث له شديد الألفة الكالسيوم
C) لو ثلاث مكونات مرتبطة مع بعض بشكل رخو
D) كل ما سبق صحيح",D,D
4366,"الخيوط الثخينة :

A) توجد في الشرائط النيرة.
B) توجد في مركز القسيم العضلي.
C) ذيل الميوزين يحتوي روابط لل ATP والأكتين.
D) كل ما سبق خاطئ.",C,B
4367,"- العامل الأساسي الذي يحدد ارتباط الخضاب بالأوكسجين:

A) ضغط الأوكسجين في الدم.
B) نقص الـ PH
C) قيمة VA/Q
D) الوزن الجزيئي للأوكسجين",A,A
4368,"ترتبط سعة تكثف النقع مباشرة بـ ... في النقطة الدورية فوق الصوتية:

A) المقدرة الفاصلة العرضانية
B) المقدرة الفاصلة الطولانية
C) الخصائص الضوئية للوسط
D) A,B",D,C
4369,"عامل تفرزه الكلية ويؤثر في تشكيل الكريات الحمر:

A) الاريثروبويتين
B) الانترولوكين
C) التروميو موديولين
D) الترومبوبويتين",A,C
4370,"كل ما يلي صحيح عن مضخة الصوديوم- بوتاسيوم عدا:

A) تضخ 3 شوارد صوديوم من داخل الخلية إلى خارجها
B) مسؤولة عن صون التراكيز الشاردية المتباينة لكل من الصوديوم والبوتاسيوم على جانبي الغشاء
C) لها دور في بدء زوال الاستقطاب
D) تعطيل فعالية مضخة الكالسيوم",C,C
4371,"يؤدي زيحان منحنى تفارق الاكسجين الخضاب نحو اليمين إلى:

A) نقص النسبة المئوية لإشباع الخضاب بالأكسجين
B) نقص كمية الاكسجين المتحررة إلى النسج
C) زيادة النسبة المئوية إلشباع الخضاب بالأوكسجين
D) نقص كمية ثاني اكسيد الكربون المرتبطة بالخضاب",A,A
4372,"مضخة الصوديوم والبوتاسيوم:

A) تضخ 3 شوارد صوديوم داخل الخلية
B) مهمة في أداء الخلايا العصبية لوظائفها
C) تضخ شاردتي بوتاسيوم لخارج الخلية
D) كل ما سبق صحيح",D,B
4373,"تشكل غمد النخاعين في الجهاز العصبي المركزي :

A) الخلايا الدبقية قليلة التغصنات
B) الخلايا السيسائية
C) الخلايا النجمية
D) الخلايا الدبقية الصغيرة",A,A
4374,"يملك الضوء الصادر بالفلورة في معظم الحالات:

A) طول موجة أطول وبالتالي طاقة أكبر من الإشعاع الممتص
B) طول موجة أقصر وبالتالي طاقة أخفض من الإشعاع الممتص
C) طول موجة أقصر وبالتالي طاقة أكبر من الإشعاع الممتص
D) طول موجة أطول وبالتالي طاقة أخفض من الإشعاع الممتص",D,D
4375,"كل ما يلي صحيح عن التنظيم العصبي للضغط عدا:

A) يدعي الجهاز الدارئ للضغط
B) تمثل أسرع الية لتنظيم الضغط الشرياني
C) تبلغ أهميتها في التنظيم المديد للضغط الشرياني
D) تتكيف مع أي مستوى من الضغط خلال 2-3 يوم",C,C
4376,"يفرز الوطاء العوامل التالية عدا:

A) السوماتوستاتين
B) السوماتوميدين
C) الهرمون المطلق للميلانين
D) الهرمون المطلق للبرولاكتين",B,B
4377,"تقوم بهضم المعقد ضد مستضد) بعد إنهاء عمله :

A) Monocytes
B) Basophils
C) Eosinophils
D) Neutrophils",D,B
4378,"يتم تثبيط افراز ال FSH :

A) التستسترون
B) البروجسترون
C) GNRH
D) كل من A, B",D,B
4379,"الفترة التي تمثل التقلص البطيني:

A) QT.
B) PQ.
C) ST.
D) QRS.",D,A
4380,"كل ممايلي من العضلات الشهيقية عدا:

A) الحجاب الحاجز.
B) القترائية.
C) الوربية الباطنة.
D) الوربية الظاهرية",D,D
4381,"يزداد معدل الترشيح في كل ما يلي عدا:

A) الحمل
B) نزف دموي شديد
C) داء كبدي
D) الاستلقاء",B,B
4382,"بالنسبة للسيروم:

A) يفضل استخدام البلازما بدلاً عنه في المختبرات
B) يتميز بصعوبة تحضيره والحصول عليه
C) معظم الأنزيمات لا تتثبت في حال تم تجميدها
D) تغير ثبات الغلوكوز في السيروم بدرجة حرارة الغرفة أقل بكثير من تغير ثباته في الدم الكلي",D,D
4383,"تحرض العوامل التالية إفراز الهرمون المضاد للإدرار عدا:

A) زيادة الضغط التناضحي
B) نقص حجم الدم الجائل
C) انخفاض الضغط الشرياني
D) تناول الكحول",D,D
4384,"يفرز من الامعاء :

A) الانتبروكيناز
B) السيكرتين
C) الماء
D) كل ما سبق صحيح",D,D
4385,"تمثل الموجة: QRS.

A) عودة استقطاب البطينين
B) زوال استقطاب البطينين
C) عودة استقطاب الأذينين
D) زوال استقطاب الأينتين",B,B
4386,"إن المادة الحية والمركبات العضوية مناسبة لـ...

A) الضوء المرئي
B) الضوء البنفسجي
C) الضوء فوق البنفسجي
D) كل ما سبق صحيح",D,C
4387,"تتحكم العوامل التالية بالامتصاص بالأمعاء الدقيقة عدا:

A) الضغط التناضحي للكيموس
B) الـ pH في الوسط المعوي
C) البروستاغلاندينات
D) الأملاح الصفراوية",D,C
4388,"داء الحفر يعالج ب :

A) فيتامين ث.
B) فيتامين أ.
C) ليس له علاج.
D) فيتامين ب.",B,A
4389,"طور الانقباض البطيني:

A) البطينان والأذينان في حالة استرخاء.
B) يستمر نحو 0.15 ثانية.
C) الصمامات السينية مغلقة.
D) انقباضه يقذف ثلثي الدم الموجود.",B,D
4390,"واحدة من العبارات التالية فيما يخص دور المهاد خاطئة:

A) تمر جميع المسالك الحسية في أثناء سيرها نحو القشرة المخية الحديثة بالمهاد
B) للمهاد دور في الإدراك الفج للأحاسيس
C) يمكن لحس الألم ان يدرك كلياً في المهاد
D) المهاد مكان وجود عصبونات المرتبة الثالثة لجميع الأحاسيس",C,A
4391,"لا يمتص بطريقة الانتشار التسهيلي المرتبط بالصوديوم :

A) الغلوكوز
B) الغالاكتوز
C) الفركتوز
D) كل من a و b",C,C
4392,"بالنسبة لليزرات الصباغية، أيًا من العبارات التالية خاطئة؟

A) تُستخدم صبغة عضوية كوسط ربح على شكل محلول سائل عادة.
B) يسمح اتساع طيف ربح الأصباغ المتوافر لهذه الليزرات بأن تكون قابلة للتوليف على نطاق واسع أو أن تولد نبضات قصيرة جدًا.
C) اتساع عرض عصابتها مناسبة بشكل خاص لليزر ات قابلة للتوليف وليزرات نبضية.
D) يمكن استبدال الصباغ بنوع آخر لتوليد مختلف الأطوال الموجية لليزر آخر.",D,D
4393,"أي العبارات التالية صحيحة :

A) تمتلك العضلات التنفسية فعالية نظمية ذاتية
B) العضلات الوربية هي العضلات الرئيسية للتنفس
C) الابقاع التنفسى ينجم عن عصبونات موجودة في القسم البطني من البصلة
D) مركز التنفس الجسري يحدث بشكل رئيسي الشهيق",A,C
4394,"البيرول:

A) غليسين + بروتوبورفيرين.
B) غليسين + سكسنيل كوإنزيم A
C) غليسين + هيم.
D) كوإنزيم A + بروتوبورفيرين.",B,B
4395,"في حال تناول كميات كبيرة من الماء يزداد:

A) الضغط الحلولي للبول
B) ADH
C) الضغط الحلولي للمصورة
D) حجم البول",C,B
4396,"كل مما يلي من المستقبلات الآلية عدا :

A) السمع والتوازن
B) العصي و المخاريط
C) الاهتزاز
D) اللمس و الضغط",B,B
4397,"الزمرةA :

A) مصل الدم فيها يحتوي على anti A.
B) لا تحوي على مستراصات.
C) نسبة وجودها ٤٧%.
D) نمطها الجنيني (AA,AO ).",A,D
4398,"يمكن توسيع القصبات بتحريض مستقبلات:

A) الفا 1
B) بيتا 2
C) بيتا 1
D) المسكارينية",B,B
4399,"يتم تسريع ESR :

A) عند الإصابة بالسل والروماتيزم
B) ارتفاع الغلوبيولين
C) نقص الالبومين
D) كل ما سبق صحيح",D,D
4400,"ينقص عدد الكريات الحمر ويبقى حجمها طبيعي بنقص:

A) الفيتامين B12
B) الحديد
C) الاريتروبيوتين
D) حمض الفوليك",B,C
4401,"إن الإشعاعات الكهرطيسية الذي معظم منابع الليزر من المجال ... إلى ...

A) تحت الأحمر المتوسط 10um = - فوق البنفسجي القريب 200um
B) تحت الأحمر القريب 5um = - فوق البنفسجي البعيد 200nm
C) تحت الأحمر المتوسط 10um = - فوق البنفسجي القريب 200nm
D) A, C",C,C
4402,"يعتمد هرمون النمو في تأثيره على الخلية الهدف على:

A) السوماتوستاتين
B) البرولكتين
C) هرمونات الدرق
D) السوماتوميدين",D,D
4403,"له أقوى تأثير في تنبيه المستقبلات الكيميائية المحيطية:

A) زيادة 2P
B) نقص 2P
C) نقص 2P
D) زيادة 2P",B,C
4404,"كل العوامل التالية تحث نقي العظم على تشكيل الكريات الحمر عدا:

A) انخفاض نسبة O2 في الدم
B) زيادة افراز العامل الكلوي
C) زيادة افراز الكلية للاريتروبيوتين
D) اشباع النسج بالأوكسجين",D,D
4405,"يضمن سرعة توصيل كامن الفعل الى جميع انحاء الليف العضلي:

A) القسيم العضلي
B) الاقراص 2
C) الانابيب الطولانية
D) انابيب المستعرضة",C,D
4406,"يسمع بوضوح في الحالة الطبيعية للإنسان :

A) الصوت الأول فقط
B) الصوتان الأول و الثاني
C) الصوتان الثالث والرابع
D) الاصوات الأول و الثاني ولثالث",B,B
4407,"تزداد لزوجة الدم ب:

A) زيادة RBCs فقط
B) زيادة بروتين البلازما فقط
C) زيادة تركيز كامل العناصر الدموية
D) A&B",D,D
4408,"يؤدي الى خفض معدل ضربات القلب :

A) حصر مستقبلات B1
B) حصر مستقبلات a1
C) حصر مستقبلات B2
D) حصر مستقبلات a2",A,A
4409,"يؤدي وضع الخلايا في الماء المقطر الى:

A) انكماشها
B) انتباجها
C) انفجارها
D) لا تتأثر",B,D
4410,"عندما يصبح ضغط الدم 100 ممز فان معدل الترشيح الكبيبي:

A) يزداد
B) ينقص
C) يبقي ثابتا
D) يزداد ثم ينقص",B,C
4411,"كل جزئية خصاب يمكنها حمل:

A) جزيئتين O2
B) 4جزيئات O2
C) 6جزيئات O2
D) 8 جزيئات O2",B,B
4412,"يتم امتصاص الشوارد و مبادلتها في المعي بتأثير :

A) فرق مدروج التركيز
B) الضغط النموي
C) كمية الماء
D) كل ما سبق صحيح",D,A
4413,"يدخل في عملية تمايز الكريات الحمر كل مما يلي عدا:

A) فيتامين K
B) سليفة الأرومات السوية
C) مولد الاريثروبويتين
D) الاريثروبويتين",A,C
4414,"يعد تنظيم الضغط الشرياني على مستوى :

A) الأعضاء
B) الأجهزة
C) العضوية
D) النسيجي",C,B
4415,"تغير الضغط ناجم عن:

A) تدفق المنتظم للدم.
B) تمدد و انخماص الرئة.
C) وجود الرئتين أعلى الجذع.
D) لا شيء مما سبق.",B,B
4416,"يساهم في تشكيل الدم في الحياة الجنينية:

A) نقي العظام
B) الكبد والطحال
C) البرعم الدموي\
D) كل ما سبق صحيح",D,D
4417,"من المناعة المكتسبة :

A) الليزوزيم
B) اللمفاويات المفعلة
C) الاضداد
D) الاجابتين b+c",D,D
4418,"الزيحان الكلوري :

A) تبادل الكلور بين هواء الاسناخ والخلايا البالغة
B) تبادلين البيكربونات والكلور بين الكريات الحمر و البلازما
C) تأثير الكلور على افراز المخاط في التليف الكيسي
D) التبادل بين شاردة الكلور وحمض الكربون في البلازما",B,B
4419,"تفتح بوابات البوتاسيوم:

A) عندما توجد شحنة سلبية شديدة على السطح الخارجي للغشاء
B) عندما توجد شحنة سلبية شديدة على باطن الغشاء
C) عندما توجد شحنة إيجابية على باطن الغشاء
D) عندما توجد شحنة إيجابية على السطح الخارجي للغشاء",A,C
4420,"تتحسس المستقبلات الكيميائية في البصلة السيسائية مباشرة لـ

A) PCO2 في الدم
B) الشوارد الهيدروجينية في الدم
C) الشوارد الهيدروجينية في السائل الخلالي
D) كل ما سبق
E) كل ما سبق خطأ",D,C
4421,"زيادة الجريان الدموي

A) يجعل pco2 النسخ 10 ممز
B) يزيد pco2 النسج
C) يجعل Pco2 النسج يقارب 40 ممز
D) كل ما سبق صحيح",D,C
4422,"فيما يخص قبط الأوكسجين :

A) تتم أكسجة الدم بشكل كامل بعد عبوره نصف المسافة عبر الوعاء الشعري
B) يبقى الدم في الحالة السوبة في الشعيرات الرئوية 3 أضعاف المدة الضرورية لأكسجته بشكل كامل
C) يحتاج الدم لكي يتأكسج بشكل كامل أن العرض للأوكسجين لفترة طويلة
D) كل ما سبق صحيح",D,B
4423,"المقصود بالتلاؤم:

A) تزايد تواترات كمون الفعل عندما يطبق المنبه نفسه بصورة مستمرة.
B) تناقص تواترات كمون الفعل عندما يطبق المنبه نفسه بصورة مستمرة.
C) تزايد شدة كمون الفعل عندما يطبق المنبه نفسه بصورة مستمرة.
D) تناقص شدة كمون الفعل عندما يطبق المنبه نفسه بصورة مستمرة.",B,B
4424,"يثبط فعالية جهاز الهضم :

A) تنبيه ضفيرة اورباخ
B) تنبيه ضفيرة مايستر
C) التنبيه الودي
D) التنبيه اللاودي.",C,D
4425,"الذي يؤكد الدور الأهم للمراكز الماستئصال الجسرلا يؤثر على الوظائف اللا إراديةستقلة الشوكية و البصلية :

A) لا يوجد أهمية للوطاء فى الجهاز العصبي
B) استئصال الجسر لا يؤثر على الوظائف اللاإرادية
C) قطع جذع الدماغ فوق مستوى البصلة السيسائية يحدث تبدلات مهمة فى الجهاز العصبي المستقل
D) ارتباط الوطاء ارتباطا وثيقا مع الجهاز الحوفي",C,C
4426,"القسيم العضلي يولد قوة تقلص عظمى عند طول:

A) 1 ميكرو متر
B) 2 ميكرو متر
C) 3 ميكرو متر
D) 4 ميكرو متر",B,B
4427,"تحوي الصفيحات الدموية على كل مما يلي عدا

A) الثروميوبويتين
B) الثرومبوكسان A2
C) كالسيوم
D) العامل XIII
E) عامل النمو البطانى",A,A
4428,"كل ما يلي يزيد ال TSH عدا:

A) TRH
B) البرد
C) تنقص حجم الدم الجائل
D) نقصان تركيز 3T و 4T",C,C
4429,"معدل الترشيح الكبيبي GFR

A) نستخدم الانولين لقياسه.
B) يعادل تقريبا تصفية الكرياتينين.
C) يبلغ حوالي ١٢٥ ملد.
D) كل ما سبق صحيح.",D,D
4430,"يزيد البروستاغلاندين افراز كل ما يلي عدا :

A) المخاط
B) البيكربونات
C) الحمض
D) الجريان الدموي",C,C
4431,"الكرية التي تحوي نسبة هيموغلوبين ۲۰-۲۸ بيكو غرام تدعى :

A) . Normochromic.
B) . Hypochromic.
C) Hyperchromic.
D) كل ما سبق خطأ.",C,B
4432,"اختر الخاطئة ، فيما يخص الغدد الصم :

A) تلقي مفرزاتها في الدم مباشرة
B) تلقى مفرزاتها عبر قنوات افرازية
C) تعرف بالغدد داخلية الافراز
D) تنشأ من خلايا ظهارية",B,B
4433,"وظيفته تنقية الدم:

A) جهاز الهضم
B) جهاز المناعة
C) جهاز الدوران
D) الجهاز الدولي",C,D
4434,"تتميز الفقرات القطنية بأنها:

A) القطر المستعرض أصغر من القطر الأمامي الخلفي
B) ينقص ارتفاع الجسم وعرضه من الأولى حتى الخامسة
C) النواتئ الشوكية قصيرة ومنتجة في نهايتها
D) النواتئ الشوكية قصيرة ومتشعبة في نهايتها",A,C
4435,"خلايا بانية مسؤولة بإنتاج الاضداد :

A) Neutrophils
B) . Eosinophils
C) Monocytes
D) Plasma cells.",D,C
4436,"فيما يخص الغدة النخامية:

A) النخامة الامامية هي الغدة
B) النخامة الخلفية هي العصبية
C) الجزء المتوسط ضامر عديم الوظيفة عند الانسان
D) كل ما سبق صحيح",D,D
4437,"تُعزى ظاهرة الانتشار الخلفي المترابط إلى:

A) تموضع قوي
B) تموضع ضعيف
C) ثبات المبدأ
D) لخامة النسيج",B,B
4438,"فيما يخص خيوط الميوزين في العضلات الملس:

A) تتبعثر بين خيوط الاكتين
B) قطرها ضعف قطر خيوط الاكتين
C) عددها اقل من خيوط الاكتين
D) كل ما سبق صحيح",D,D
4439,"يتميز التنظيم العصبي للضغط الشرياني ب:

A) لا يتلاءم.
B) يتدخل في حال ارتفاع الضغط فقط.
C) سرعة التدخل.
D) يتدخل في حال هبوط الضغط فقط.",C,C
4440,"تزداد قوة تقلص العضلة القلبية بزيادة:

A) طول الليف البدني.
B) الفعالية اللاودية.
C) تواتر التنبيه.
D) شدة التنبيه.",A,A
4441,"صوت القلب الثاني يحدث مباشرة بعد:

A) الموجة P.
B) الموجة QRS.
C) الموجة T.
D) لا شيء مما سبق.",B,C
4442,"حجم الدم الذي يضخه البطين خلال دقيقة واحدة هو:

A) Cardiac Output
B) Stroke Volume
C) Cardiac Input
D) End systolic volume",A,A
4443,"الذي يمثل مدة التقلص البطيني على تخطيط القلب الكهربائي هو:

A) الفترة PQ
B) الفترة QT
C) الفترة ST
D) الفترة PR",B,B
4444,"الأنزيم المعوي الذي يحول مولد التربسين إلى تربسين هو:

A) الإنتيروكيناز
B) مالتاز
C) ليباز
D) أمينو بولي ببتيداز",A,A
4445,"واحد من العوامل التالية يعد الأكثر أهمية في تنشيط حركات جهاز الهضم:

A) أستيل كولين
B) اكوليستوكينين
C) سكرتين
D) نورأدرينالين",A,A
4446,"الذي يمثل مدة التقلص البطيني على تخطيط القلب الكهربائي هو:

A) الفترة PQ أو PR.
B) الفترة QT.
C) الفترة ST.
D) الفترة PR.",B,B
4447,"حجم الدم الذي يضخه البطين خلال دقيقة واحدة هو:

A) Cardiac output.
B) Stroke Volume.
C) Cardiac Index.
D) End Systolic Volume.",A,A
4448,"تعود أهمية التأخير الذي يحدث أثناء مرور كامن الفعل في العقدة الأذينية البطينية:

A) إنهاء التقلص الأذيني قبل بدء التقلص البطيني.
B) ضمان انتقال الدم من الأذينة إلى البطين.
C) لضمان الحفاظ على نتاج قلبي سوي.
D) كل ما سبق صحيح.",D,D
4449,"سبب ظهور طور الهضبة في كامن فعل العضلة القلبية هو:

A) دخول شوارد الكالسيوم.
B) دخول شوارد الصوديوم.
C) عدم دخول شوارد البوتاسيوم.
D) ليس أيا مما سبق.",A,A
4450,"تزداد قوة القلب التقلصية بازدياد كل مما يلي ما عدا:

A) التنبيه الودي.
B) طول الألياف قبل تقلصها.
C) الديجتال والأدرينالين.
D) زيادة شدة المنبه.",B,D
4451,"تزداد قوة تقلص العضلة القلبية بزيادة كل مما يلي ما عدا:

A) طول الليف البدني
B) تركيز الكالسيوم
C) شدة المنبه
D) الأدرينالين",D,C
4452,"يعود طور الهضبة في كمون عمل الليف العضلي القلبي إلى انفتاح أقنية:

A) الصوديوم
B) الكالسيوم
C) البوتاسيوم
D) الكلور",B,B
4453,"تمثل الزمن اللازم لانتقال التنبيه من العقدة الجيبية الأذينية إلى البطين:

A) الفترة PQ أو PR.
B) الفترة QT.
C) القطعة S-T.
D) الفترة R-R.",A,A
4454,"يزداد نتاج القلب بزيادة كل مما يلي ما عدا:

A) وزن الدم الجائل.
B) العود الوريدي.
C) التقلص الأذيني.
D) معدل دقات القلب.",B,A
4455,"تزداد قوة تقلص العضلة القلبية بزيادة كل مما يلي ما عدا:

A) طول الليف البدني.
B) الفعالية الودية.
C) العود الوريدي.
D) شدة التنبيه.",B,D
4456,"تعود أهمية التأخير الذي يحدث أثناء مرور كامن الفعل في العقدة الأذينية البطينية:

A) إنهاء التقلص الأذيني قبل بدء التقلص البطيني
B) ضمان انتقال كامل محتوى الأذينة من الدم إلى البطين
C) لضمان حفظ نتاج قلبي سوي
D) كل مما سبق صحيح",D,A
4457,"ان مص الطفل لحلمة الثدي يؤدي الى:

A) يحرض انتاج العامل المطلق للبرولاكتين من الوطاء
B) يزيد انتاج البرولاكتين في النخامة الامامية
C) يزيد تركيب الاوكسيستوسين في الوطاء
D) كل ما سبق صحيح",D,D
4458,"عند ازدياد قطر الوعاء الدموي الى ضعفي قطره الأصلي فان جريان

A) يزداد ضعفين
B) يزداد اربع اضعاف
C) ينقص الى النصف
D) يزداد 16 مره
E) يزداد 32 مره",B,E
4459,"فى حاله النزف الشديد الحاد الذى يؤدى الى نفقص حجم الدم كل مما يلى صحيح عدا

A) ينخفض الضغط ضمن الشريان الوارد فيحرض افراز الرنيين
B) يرتفع الضغط الحلولى للبلازما فيتنبه مركز العطش
C) يزداد افرازى الهرمون المضاد للادرار
D) يزداد افراز الالديستيرون
E) يزداد الانجيوستين",E,B
4460,"يحدث التقبض الوعائى بعد اذيه الوعاء بسبب كل مما يلى عدا

A) منعكسات الفيه
B) الثرومبوكسان A2
C) تنشأ من تشنج موضعي
D) البروستاغلاندين 12
E) السيروتونين من الصفيحات الدموية",D,C
4461,"تؤثر العوامل التالية على تشكل الكريات الحمراء (اختر الإجابة الصحيحة)

A) هرمون الدرق نقصه يزيد إنتاج الكريات
B) يحدث فرط إنتاج في قصور الكبد
C) النفاخ الرئوي ينقص إنتاج الكريات
D) يحدث احمرار دم في أذيات الكلية
E) الفيتامين B12 يؤثر على نضج الكريات",D,E
4462,"عند غزو الجلد بجرثوم عالي الفوعة كل مما يلي صحيح عدا

A) يحدث انتشار واسع للاثنان
B) يحدث تحديد لمنطقة الإصابة
C) تتوسع الأوعية الدموية في الموقع
D) تحدث الوذمة
E) تباشر البلعميات النسيجية عملها فورًا",B,A
4463,"سبب حدوث الكمون التلقائي الثاني في النسيج العقدي القلبي هو

A) قنوات الكالسيوم المعتمدة على الكمون
B) قنوات تسريب البوتاسيوم
C) قنوات تسريب الصوديوم
D) تعطيل قنوات الصوديوم السريعة
E) قنوات البوتاسيوم المعتمدة على الكمون",A,C
4464,"في حالة حماض الدم (نقص pH) مع وظيفة تنفسية طبيعية، كل مما يلي صحيح عدا

A) ينقص انجذاب الخضاب للأكسجين في الأنسجة
B) يتحرك منحنى انفصال الخضاب عن الأكسجين نحو اليمين
C) يزداد معدل وسرعة التنفس
D) يزداد طرح ثاني أكسيد الكربون عبر الرئة
E) تنخفض نسبة ارتباط الخضاب بالأكسجين في الأوردة",B,D
4465,"فيما يخص تنظيم الضغط الشرياني، كل مما يلي صحيح عدا

A) عند انخفاض الضغط يزداد نشاط الجهاز الودي
B) يؤدي الأنجيوتنسين إلى زيادة المقاومة الوعائية المحيطية
C) تساهم الآليات العصبية في ضبط الضغط على المدى الطويل
D) يؤدي المغنيسيوم إلى خفض الضغط الشرياني
E) يسبب الكورتيزول ارتفاع الضغط الشرياني",C,C
4466,"يزداد معدل الدفق القلبي عند الانفعال بسبب كل مما يلي عدا

A) زيادة إفراز النورأدرينالين
B) زيادة نفاذية الغشاء للصوديوم
C) زيادة نفاذية الغشاء للكالسيوم
D) بقاء الكالسيوم فترة أطول داخل الخلية
E) يصبح كمون الراحة في الخلايا العقدية أكثر سلبية",B,E
4467,"مريض لديه ابيضاض دم مزمن مع خضاب 8، السبب الأكثر احتمالًا لفقر الدم هو

A) نقص الحديد
B) نقص فيتامين B12
C) نقص حمض الفوليك
D) انحلال الدم بسبب الراصات الباردة
E) زيادة إنتاج السيتوكينات",B,D
4468,"مريض لديه ناعور 8، كل مما يلي يمكن أن يوجد لديه عدا

A) نزف من اللثة
B) مفصل دموي
C) تأخر نمو العظام
D) تطاول PT
E) تطاول PTT",D,D
4469,"مريض بعمر 15 سنة لديه ارتفاع توتر شرياني، السبب الأقل احتمالًا هو

A) تضيق الشريان الكلوي
B) التهاب الكبب والكلية
C) أسباب وراثية
D) كوشينغ
E) تضيق برزخ الأبهر",A,D
4470,"في فرط التوتر الشرياني الأساسي، يحدث كل مما يلي عدا

A) زيادة إفراز الهرمون المضاد للإدرار (ADH)
B) زيادة العمل البعدي (Afterload)
C) زيادة فعالية جملة الرينين - الأنجيوتنسين - الألدوستيرون
D) اختلال شبكية العين
E) يزداد إنتاج كل من NO و Endothelin",E,E
4471,"المخطط الذي عبارة عن صندوق ذو قرنين ممتدين بشكل موازي للمحور الشاقولي الذي تتوزع عليه القياسات:

A) المخطط الصندوقي
B) مخطط الدائرة
C) مخطط الساق والورقة
D) مخطط الانتشار",A,A
4472,"نقول عن فضاء عينة أنه افضاء منفصل:

A) عندما يحوي عدد لا نهاية قابلة للعد
B) عندما يكون عدد لا نهاية غير قابل للعد
C) عندما يكون عدد منتهي من النقاط
D) A+C",D,D
4473,"تأتي أهمية التركيب العمري والنوعي للسكان من أنه:

A) يحدد الفئات المنتجة التي يقع عليها عبء الإعالة
B) تبين الحالة المهنية للسكان
C) تبين توزع السكان حسب مكان الإقامة (ريف وحضر)
D) تبين طبيعة النمو السكاني والخصوبة",A,A
4474,"المقياس الذي يسمح بترتيب السمات دون اعتبار لتساوي الفروق بين أي رتبتين هو:

A) الرتبي
B) الفتروي
C) النسبي
D) الاسمي",A,A
4475,"إذا كانت قيمة معامل الارتباط تساوي −0.92-0.92، فهذا يعني:

A) وجود علاقة طردية قوية
B) وجود علاقة عكسية قوية
C) وجود علاقة طردية ضعيفة
D) وجود علاقة عكسية ضعيفة",B,B
4476,"سحبنا عينة حجمها 40 لتقدير نسبة المدخنين في مجتمع حجمه 500 فوجدنا أنها 0.1 فما حد الخطأ في هذا التقدير:

A) 0.090995
B) 0.325813
C) 0.092154
D) 0.321714",A,C
4477,"إن مصادر البيانات السكانية هي:

A) التعداد
B) مسوح العينة
C) التعداد ومسوح العينة والسجلات السكانية
D) السجلات السكانية",C,C
4478,"بعد تحديد مجتمع الدراسة والعينة وقياس قيم المتغير على افراد العينة نحصل على:

A) البيانات الخام
B) البيانات المنظمة
C) البيانات الكمية
D) البيانات الاسمية",A,A
4479,"في حال كان يراد اختبار الفرضية P1=P2 مقابل الفرضية فإن الاختبار من:

A) الطرف الأيمن
B) الطرف الأيسر
C) الطرفين
D) لا شيء مما سبق",B,C
4480,"عدد الكريات الحمر هو متغير:

A) نوعي
B) عشوائي مستمر
C) عشوائي منفصل
D) رتبي",C,C
4481,"قيمة الصفر تكون نسبية وليست مطلقة في:

A) المقياس الفتروي
B) المقياس النسبي
C) المقياس الرتبي
D) المقياس الاسمي",A,A
4482,"إن مخطط تنظيم البيانات والذي يشبه أسلوب الجداول التكرارية والأعمدة هو:

A) المخطط الصندوقي
B) مخطط الساق والورقة
C) مخطط الدائرة
D) مخطط الانتشار",D,B
4483,"في الدراسات الكمية يتم اللجوء الى كل مما يأتي ماعدا:

A) المقابلات المعمقة
B) السجلات الطبية
C) الاستبيانات وقوائم التحقق
D) الأسئلة المغلقة",A,A
4484,"التوقع الرياضي للعدد الثابت يساوي:

A) ضعف العدد الثابت المحدد
B) العدد الثابت ذاته
C) الصفر
D) لا شيء مما ذكر صحيح",B,B
4485,"أسلوب العرض الذي يستفاد منه في مقارنة عينتين أو أكثر هو:

A) المخطط الصندوقي
B) المدرج التكراري
C) مخطط الساق والورقة
D) A+B",D,D
4486,"كي تصلح دالة (f(x كدالة كثافة احتمالية يجب أن تحقق x ما عدا:

A) - f(x) ≥ 0
B) دالة منفصلة
C) المساحة تحت (f(x تساوي الواحد تماماً
D) دالة مستمرة",B,B
4487,"ان الفروق بين الدرجات متناسب مع الفروق بين الرتب فى المقياس:

A) الفتروي
B) الاسمي
C) الرتبي
D) كل ما سبق صحيح",C,A
4488,"عينة حجمها 100 ومتوسطها وتباينها ، أوجد حد الخطأ في تقدير المتوسط إذا كان Z = 1.969 و α = 0.05:

A) ε = 0.892
B) ε = 0.588
C) ε = 1. 33
D) ε = 2.15",B,B
4489,"اختر العبارة الخاطئة بالنسبة للعوامل التي تؤثر في الخصوبة:

A) العمر: حيث تتراجع الخصوبة في أطراف العمر والتغذية الجيدة مهمة للإنجاب
B) ممارسة الرضاعة الطبيعية إذ أن إنهاء الرضاعة يعرض المرأة للحمل
C) ممارسة تنظيم الأسرة مهمة من ناحية الصحة الإنجابية وفي المشكلة السكانية العامة
D) إذا كانت الفتاة متعلمة ومتحضرة وتعمل أعمال ذهنية فمعدل الخصوبة عندها مرتفع",B,D
4490,"من أهم خصائص التعداد السكاني:

A) الشمول والآنية
B) عدم الدورية
C) عدم الإلزام الحكومي
D) كل ما ذكر صحيح",D,A
4491,"من أجل اختبار الفروض حول معامل الارتباط الخطي تستخدم توزيع:

A) معياري طبيعي
B) ستيودنت بدرجة حرية n-1
C) ستيودنت بدرجة حرية n-2
D) كاي مربع بدرجة حرية n-2",C,C
4492,"إذا كان 1 < |αa/2| < 1، فإن:

A) σ2/a > σa/2
B) σ2/2 > σ2/2
C) σ2/a > σ1/2
D) σ2/a ≠ σa/2",A,A
4493,"ان معدل الوفيات الخام هو: .

A) عدد الوفيات خلال سنة / عدد السكان) × 1000
B) عدد الوفيات بين كل 1000 من السكان في سنة معينة
C) عدد الوفيات / عدد السكان 1000×
D) A+B",D,D
4494,"الإحصاء الذي يسعى لعرض وتوضيح سلوك الظاهرة هو:

A) إحصاء وصفي
B) إحصاء استنتاجي
C) إحصاء استدلالي
D) Inferential Statistics",A,A
4495,"الفرض الرئيسي من حساب معامل الارتباط الخطي هو:

A) التنبؤ بقيم أحد المتغيرين عن طريق المتغير الآخر
B) قياس قوة العلاقة الخطية بين متغيرين
C) التمثيل البياني لكل متغير من المتغيرات المدروسة
D) كل ما سبق غير صحيح",B,B
4496,"إذا علمت أن Σd2=250\Sigma d^2 = 250 وأن n=10n = 10، فإن قيمة معامل ارتباط سبيرمان تساوي:

A) 0- 8480.848
B) −0.848-0.848
C) 0- 6670.667
D) 0- 800.80",A,A
4497,"إن الخط المنكسر الذي يصل النقاط التي فواصلها مراكز الفئات وترتيبها تكرارات الفئات هو :

A) المنحني التكراري
B) المضلع التكراري
C) المدرج التكراري
D) التمثيل الدائري",B,B
4498,"نحصل على المصادر الداخلية لجمع البيانات من:

A) داخل الشركة أو المؤسسة
B) الدولة
C) المنظمات الدولية
D) لا شيء مما سبق",A,A
4499,"نقوم بعملية*تصحيح من اجل الاستمرار*عندما:

A) نحول التوزع المنفصل الى متصل
B) نحول التوزع الحداني الى طبيعي
C) A+B
D) كل ما سبق خطأ",C,C
4500,"تحتوي الإحصاءات اليومية الرسمية للمشفى على:

A) ملخص تخريج المريض
B) العدد الإجمالي للمتخرجين
C) تقارير الفحوص الشعاعية
D) كل ما سبق صحيح",D,B
4501,"شكل منحنى توزيع الكثافة للتوزيع الطبيعي:

A) شكل الجرس
B) ليس له شكل محدد
C) قطع زائد
D) غير ذلك",A,A
4502,"الإحصاء هو:

A) أي دالة في العينة
B) أي دالة في العينة لا تتبع وسيط مجهول
C) أي دالة في العينة تتبع أي وسيط
D) أي تركيب خطي في العينة والوسيط",D,B
4503,"عندما تكون المتغيرات كمية نستخدم:

A) سبيرمان
B) بيرسون
C) الاقتران
D) التوافق",B,B
4504,"نقول عن فضاء عينة انه فضاء منفصل:

A) عندما يحتوي عدد لانهاية قابل للعد .
B) عندما يحتوي عدد منتهياً من النقاط
C) عندما يكون عدد لانهاية غير قابل للعد
D) A+B",D,D
4505,"إذا قبل المريض في يوم وتخرج في نفسه يحتسب يوم:

A) دخول
B) خروج
C) مدة استشفاء
D) غير ذلك",B,C
4506,"ليست من الإحصاءات الروتينية المهمة للمشفى:

A) العدد الإجمالي لأيام المريض في المشفى
B) الإحصاء اليومي الرسمي
C) العدد الإجمالي لسكان المنطقة
D) العدد الإجمالي لوفيات الأمهات والأجنة وللولدان الأحياء",C,C
4507,"اختبر لقاح جديد لتحديد فعاليته في الوقاية من الزكام وقد اعطى لعشرة اشخاص وثم مراقبتهم لفترة سنة فاذا كان احتمال عدم الإصابة بالزكام خلال سنة بصورة طبيعية هو 0,5 فما احتمال الا يصاب ثمانية او اكثر

A) توزيع بواسوني
B) توزيع حداني
C) توزيع حداني
D) توزيع بواسوني",A,C
4508,"إن طريقة جمع البيانات التي تتناسب مع الأطفال هي:

A) التجربة
B) المقابلة
C) التسجيل
D) الملاحظة",D,D
4509,"تسمى التجربة التي لها نتيجتين:

A) التجربة الوسطية
B) التجربة البرنولي
C) التجربة العشوائية
D) كل ما سبق خطأ",B,B
4510,"من امثلة المصادر الداخلية:

A) مكتب الاستقبال في قسم الإسعاف
B) قسم التسويق في شركة الادوية
C) سجلات المرضى في المشفى
D) كل ما سبق صحيح",D,D
4511,"إن مجال الثقة مستعمل في حالة:

A) n1, n2 <30 مجهولان ,
B) n1,n2 >30, معلومان،
C) n1 , n2 > مجهولان،
D) n1 , n2 < 30 معلومان ،",B,A
4512,"بعض التعاريف الصحية:

A) سبب الولادة
B) سبب الهجرة
C) سبب الوفاة
D) كل ما سبق خطأ",D,C
4513,"الفرضية الإحصائية هي:

A) مقولة أو تخمين تتعلق بوسطاء المجتمع
B) مقولة أو تخمين تتعلق بشكل توزيع المجتمع
C) مقولة أو تخمين تحتمل الصحة أو الخطأ
D) كل ما ذكر صحيح",D,D
4514,"في حالة متغير عشوائي مستمر:

A) يمكن تخصيص احتمال كبير
B) يمكن تخصيص احتمال صغير
C) لا يمكن تخصيص أي احتمال
D) كل ما سبق غير صحيح",C,C
4515,"النسخة المستخدمة في ترميز الأمراض حسب منظمة الصحة العالمية:

A) ICD10
B) ICD11
C) ICD
D) غير ذلك",A,A
4516,"لان عدد وسطاء التوزيع الطبيعي يساوي :

A) متغير قيمة اعداد صحيحة فقط
B) متغير قيمة اعداد حقيقة فقط
C) متغير قيمة اعداد عقدية فقط
D) متغير اعداد موجبة فقط",B,B
4517,"من أجل المقارنة بين متوسطي وزن مجموعتين من الشباب: مجموعة مدخنة (A) ومجموعة غير مدخنة (B), فإن الاختبار الإحصائي المستخدم هو:

A) اختبار الفرضيات حول الفرق بين متوسطي مجتمعين تباينهما معلوم.
B) مجال الثقة للفرق بين متوسطين حسابيين.
C) اختبار الفرضيات حول الفرق بين متوسطي مجتمعين تباينهما مجهولان.
D) A و B صحيحتان.",D,C
4518,"من اهم الخطوات عند تصميم العينات :

A) تحديد اهداف الدراسة
B) تحديد المجتمع محل الدراسة
C) تحديد الاطار
D) كل ما ذكر صحيح",D,A
4519,"في مخطط الفطيرة تتناسب سعة القطاع الدائري:

A) عكساً مع عدد التكرارت لكل فئة
B) طرداً مع عدد التكرارت لكل فئة
C) طرداً مع حجم العينة
D) كل ما سبق صحيح",B,B
4520,"بفرض احتمال ولادة الذكر 0.5 في عائلة فيها 3 أولاد ما احتمال ان يكون كلهم ذكور:

A) 625
B) 125
C) 0,25
D) 445",C,B
4521,"أيًا من المجتمعات التالية لا نستخدم فيه الحصر الشامل:

A) المجتمع الكبير
B) المجتمع المتجانس
C) المجتمع الإحصائي
D) كل ما سبق",B,B
4522,"الدراسات التي بحكم الميدان تنفيذ العمل وجمع البيانات هي:

A) الدراسات الكمية
B) الدراسات الكيفية
C) الدراسات السريعة
D) الدراسات الدقيقة",B,B
4523,"إن نوعية المعلومات التي نحصل عليها من العينة تعتمد على:

A) حجمها
B) عدد عناصرها
C) تباعدها بعضها عن بعض
D) كل ما سبق",D,D
4524,"من الخطوات الرئيسية في تصميم العينات الاطار من امثلتها ماعدا

A) قائمة بأسماء أطباء الاسنان
B) قائمة بأسماء شركات الادوية في بلد
C) خريطة منطقة
D) اجراء قرعة",B,D
4525,"أحد الأمثلة عن المصادر الخارجية :

A) سجلات المرضى في المشفى
B) مسم التسويق في شركة الادوية
C) مكتب الاستقبال في قسم الإسعاف
D) توجيه الأسئلة أو بالمشاهدة",D,D
4526,"باعتبار x يدل على عدد مرات النجاح في تجربة برنولية مكررة مرة واحدة فإن x له توزيع:

A) برنولي
B) حداني
C) ثنائي
D) كل ما سبق صحيح",A,A
4527,"الجداول التكرارية تستخدم لعرض:

A) البيانات الوصفية
B) البيانات الكمية
C) البيانات الوصفية والكمية
D) لا يوجد شيء اسمه جداول تكرارية",C,C
4528,"يوجد نوعين من البيانات هما:

A) كمية ووصفية
B) رسمية وكمية
C) رسمية وغير رسمية
D) اسمية وغير رسمية",A,A
4529,"المتغير العشوائي:

A) هو وسيلة رياضية التي نقرن بها كل فرد من أفراد المجتمع بقياس عددي
B) لكل فرد من أفراد المجتمع قيمتان
C) يأخذ قيمة من الأعداد الصحيحة
D) لا تتغير قيمه بشكل عشوائي من عنصر لأخر (أي قيمة ثابتة)",A,A
4530,"في حال Ho منطقة القبول من دالة الاختبار و H1 منطقة الرفض وكانت H1: θ>θ₀ هنا تشغل منطقة الرفض:

A) الطرف الأيمن من توزيع دالة الاختبار
B) الطرف الأيسر من توزيع دالة الاختبار
C) نضع منطقة الرفض في كل طرف من طرفي توزيع دالة الاختبار
D) كل ما سبق خاطئ",A,A
4531,"دالة التوزيع الاحتمالي المتجمع تعطينا:

A) احتمال أن يأخذ متغير عشوائي X قيمة محددة
B) احتمال ان ياخد المتغير العشوائى x قيمه اكبر من قيمه محدده
C) احتمال ان ياخد المتغير العشوائى x قيمه اقل او تساوى قيمه محددة
D) كل ما ذكر صحيح",D,C
4532,"ليكن لدينا البيانات المؤلفة من 45 قيمة فيها Xmax=3.35,Xmin=2.3)) و7=K ما هو الحد الأدنى للفئة الثالثة:

A) 2.61
B) 2.76
C) 2.44
D) 2.9",B,B
4533,"مصادر البيانات في الدراسات الكمية: ما عدا:

A) الوثائق
B) السجلات الطبية
C) الاستبانات وقوائم التحقق
D) كل ما سبق صحيح",D,D
4534,"اختر الإجابة الخاطئة بالنسبة لطريقة الحصر الشامل:

A) هي الطريقة التي تعني دراسة شاملة لجميع أفراد
B) كلفتها عالية وتحتاج إلى جهود وإمكانيات ضخمة
C) يتم عادة على فترات متقاربة مثل تعدادات السكان
D) تستخدم في التخطيط لمختلف البرامج السكانية",D,C
4535,"تكون تقارير الفحوص المخبرية والشعاعية من محتويات:

A) بيانات حياة المريض
B) السجل الطبي
C) بيانات المشفى
D) بيانات وزارة الصحة",B,B
4536,"اختر الإجابة الصحيحة بالنسبة لطريقة الملاحظة:

A) هي طريقة مناسبة لجمع بيانات عن سلوك الأفراد وتفاعلهم وعن البيئة المحيطة
B) تحتاج إلى أشخاص متدربين وكلفتها قليلة
C) تستغرق وقت طويل والملاحظ غير متحيز
D) كل ما سبق",D,A
4537,"من وظائف علم الإحصاء:

A) اتخاذ القرارات
B) التنبؤ
C) تلخيص المعطيات
D) كل ما سبق صحيح",D,D
4538,"من خصائص التعددات السكانية ما عداك

A) شمولها لأفراد المجتمع قاطبة وآنيتها
B) الدورية
C) ارتباطها بالرقم الوطني
D) الطابع الالزامي الحكومي لها",A,C
4539,"كل مايلي من صفات المتغير العشوائي ماعدا:

A) العشوائية
B) يعرف على افراد العينة ويأخذ قيمه من R
C) لكل متغير عشوائي مدى
D) لكل فرد من افراد العينة قيمتين او أكثر من قيمة",B,D
4540,"الصحيح عن المنحني التكراري:

A) النقاط على ox تمثل قياساً
B) النقاط على oy تمثل تواتر القياس
C) النقاط على oy تمثل تكرار ظهور القياس في مجتمع
D) كل ما سبق صحيح",D,D
4541,"يتكرر التعداد السكاني عادة كل:

A) خمسة أعوام
B) عشرة أعوام
C) خمسة عشر عاماً
D) غير ذلك",B,B
4542,"أي من المجتمعات لا نستخدم فيه الحصر الشامل:

A) المجتمع الكبير
B) المجتمع المتجانس
C) المجتمع الاحصائي
D) كل ما سبق صحيح",D,B
4543,,,D
4544,"إذا كان X متغير عشوائي له توزيع كاي مربع بـ ٧ درجات حرية فإن:

A) V(X)=Y
B) V(X)=2Y
C) V(X)=1
D) كل ما ذكر غير صحيح",B,B
4545,"من أساليب العينة العشوائية البسيطة .

A) اجراء قرعة عندما يكون حجم العينة صغيرا
B) استخدام جداول الأرقام العشوائية
C) عندما يكون حجم العينة كبيرة
D) A+B",D,C
4546,"الفارق في عدد السكان بين تعدادين متعاقبين تفصلهما فترة معينة كعشر سنوات:

A) التغير المطلق
B) التغير النسبي
C) التغير الأعظمي
D) التغير الحجمي",A,A
4547,"يجب أن يكون حجم العينة صغيرا في حال:

A) المجتمع غير متجانس
B) الميزانية صغيرة
C) دقة الدراسة غير مهمة
D) كل ما سبق",D,D
4548,"سبب الوفاة:

A) الحالة التي أطلقت سلسلة الأحداث التي أدت للوفاة مباشرة
B) عدد الأيام التي مكث فيها المرضى المتخرجون في المستشفى
C) عدد الوفيات خلال فترة معينة على عدد المتخرجين والوفيات في نفس الفترة*1000
D) أخذ عدد المرضى الداخليين الموجودين في زمن معين من كل يوم",C,A
4549,"العلاقة ( ) تستخدم ل:

A) تقدير متوسط المجتمع
B) تقدير تباين المجتمع
C) تقدير تباين المتوسط
D) تقدير الانحراف المعياري",C,C
4550,"في توزيع كاي مربع في حالة عينتين فإن درجة الحرية تكون:

A) Y=n1+n2+2
B) Y=n1-n2
C) Y=n1-1+n2-1
D) لا شيء مما سبق",C,C
4551,"المسجل الذي يهدف الى تجميع المعلومات عن المرضى:

A) السجلات الدوائية
B) سجلات الموتى
C) السجلات الإحصائية
D) السجلات الطبية",D,D
4552,"الاستعمالات الرئيسية للسجلات الطبية هي :

A) . لدراسة النمو الاجتماعي
B) . للدراسات الثقافية
C) . للدراسات الاجتماعية
D) . للدراسات الإحصائية والبحثية",D,D
4553,"ان قم القبول (مكتب القبول) في المشافي يهتم ب

A) يركز على تاريخ القبول واسم عائلة المريض .
B) يركز على سبب القبول .
C) يحدد زمن حفظ السجلات الطبية .
D) كل ما ذكر صحيح .",D,D
4554,"يوجد للبيانات

A) نوعين يمكن تنظيمها في جداول تكرارية
B) نوعين لا يمكن تنظيمها في جداول تكرارية
C) نوع واحد
D) لم يتم تصنيفها الى أنواع",B,A
4555,"معامل الارتباط الخطي R:

A) نصف معامل التحديد
B) ربع معامل التحديد
C) الجذر التربيعي لمعامل التحديد مضروب بإشارة a
D) كل ما سبق خطأ",C,C
4556,"إذا كان X متوسط العينة من X و Y متوسط العينة من Y حيث X و Y متغيران عشوائيان مستقلان فإن:

A) X-y N( +
B) X-y N( +
C) X-y N(
D) كل ما سبق غير صحيح",B,B
4557,"(3.49) Φ تساوي:

A) -0.9998
B) -0.7998
C) -0.8998
D) -0.0998",A,A
4558,"من استخدامات السجلات الطبية ما عدا:

A) توثيق سير المرضى لدى المريض ومتابعة معالجته وفي جمع الإحصائيات الحيوية
B) إحداث صلة بين الأطباء والفريق الصحي
C) المداومة على تقديم الرعاية الطبية للمرضى
D) إمكانية القيام بأبحاث صغيرة فقط حول أمراض سارية",D,D
4559,"التوقع الرياضي للمتغير العشوائي الأسي:

A) λ
B) -
C) np
D) -",A,B
4560,"ليكن لدينا دالة احتمال المتغير العشوائي x من الشكل:

A) بثقة 95%
B) بثقة 95%
C) بثقة 95%
D) بثقة95%",A,D
4561,"48.9+2.694x=y فإن قيمة معامل التحديد حيث 0.92=R هو:

A) -0.85
B) 0.92
C) 0.85
D) -0.92",C,C
4562,"في العينة العشوائية نراعي ان:

A) نختار افراد المجتمع بشكل غير متحيز
B) نضمن لكل فرد من المجتمع نفس الامكانية في الظهور في العينة
C) تخضع للقوانين الاحتمالية
D) كل ما سبق صحيح",D,D
4563,"من أقدم الطرق المستخدمة لجمع البيانات لمراقبة الكثير من الظواهر لا سيما التي يصعب السؤال عنها:

A) الملاحظة أو المشاهدة
B) البريد
C) التجربة
D) الهاتف المحمول",A,A
4564,"المقياس المستخدم لوصف حالة التدخين (مدخن - غير مدخن) :

A) الاسمي
B) الرتبي
C) الفتروي
D) النسي",A,A
4565,"من طرائق جمع البيانات الكيفية:

A) المجموعات البؤرية
B) المقابلات المعمقة
C) الملاحظة
D) كل ما ذكر صحيح",D,D
4566,"يتم الحصول على بيانات تتعلق بضغط الدم وسرعة نبضات القلب ونسبة الكوليسترول في الدم لعينة من المرضى خلال فترة أسبوع عن طريق:

A) البريد
B) التسجيل
C) استخدام الإنترنت
D) الهواتف المحمولة",C,B
4567,"من وظائف السجلات الطبية .

A) معرفة تعداد السكان .
B) اختبار الفرضيات .
C) ترميز الامراض والعمليات .
D) كل ما سبق .",D,C
4568,"يمكن استخدام الطرق الإحصائية الوسيطية في المقياس:

A) الرتبي
B) النسبي
C) الاسمي
D) الفتروي",A,B
4569,"يهتم علم السكان بدراسة:

A) حجم وتوزيع السكان
B) تركيب السكان
C) التغيرات السكانية
D) كل ما ذكر صحيح",D,D
4570,"إذا كان لدينا n=16 و x=3.2 و و nهي عينة من مجتمع طبيعي وإذا كان Z0.975=2.58فإن 99% مجال ثقة حول المتوسط هو:

A) [(3.2) (2.58)
B) [(3.2)+_(2.58)
C) [(3.2)+_(2.58)
D) [(3.2)+_(4)",B,B
4571,"ليس من وظائف الإحصاء:

A) عرض المعطيات والحقائق بصورة واضحة
B) وضع أساس لمقارنة المتغيرات
C) إيجاد حلول للمشكلات الفنية في المنشآت الصناعية
D) تطوير نظريات جديدة حول اختبار الفرضيات",C,C
4572,"إذا كان للمتغير العشوائي Z توزيع طبيعي معياري، فإن مربعه Z² يتبع:

A) توزيع كاي مربع بدرجة حرية واحدة
B) توزيع كاي مربع بدرجتي حرية
C) توزيع طبيعي معياري
D) كل ما ذكر غير صحيح",A,A
4573,"يُعطى معامل الاقتران بالعلاقة:

A) AD=2BCAD = 2BC
B) DC=ABDC = AB
C) AD=3BCAD = 3BC
D) AD=BCAD = BC",A,D
4574,"المنظمة التى وضعت تصنيف دولي للأمراض .

A) اليونيسيف .
B) الاونروا .
C) منظمة الصحة العالمية .
D) صندوق النقد الدولي.",C,C
4575,"الجزء الأكثر استعمالاً في عملية وضع الرموز:

A) الجزء الأول ذو الثلاثة حروف
B) الجزء الثالث
C) الجزء الثاني
D) الجزء الرابع",C,B
4576,"الخطأ من النوع الأول:

A) الخطأ الناجم عن قبول H0 فيما هي خاطئة
B) الخطأ الناجم عن رفض H1 فيما هي صحيحة
C) الخطأ الناجم عن رفض H1 فيما هي خاطئة
D) الخطأ الناجم عن رفض H0 فيما هي صحيحة",A,D
4577,"أساليب جمع البيانات تتضمن:

A) الملاحظة أو المشاهدة
B) التجربة
C) التسجيل
D) كل ما ذكر صحيح",D,D
4578,"من أدوات الإحصاء الوصفي كل مما يلي ماعدا:

A) الجداول التكرارية
B) الانحراف المعياري
C) مخطط الأعمدة المركب
D) فترات الثقة",D,D
4579,"في الدراسات الكمية يتم اللجوء الى كل ما يأتي عدا:

A) المقابلات العميقة
B) الأسئلة المفتوحة
C) المجموعات البؤرية
D) الأسئلة المغلقة",A,D
4580,"الجهة المسؤولة عن السجلات الطبية:

A) قسم الاستقبال في المشفى
B) قسم الممرضين بالمشفى
C) قسم السجلات الطبية في المشفى
D) قسم التسويق",C,C
4581,"إذا كانت عينة عشوائية من التوزيع الطبيعي وكان ، فإن مجال الثقة 95% حول المتوسط الحقيقي μ يكون:

A) [24 , 25.98]
B) [25 , 25.96]
C) [24.02, 25.98]
D) [23.04, 26.96]",A,C
4582,"دالة (تابع) التوزيع الاحتمالي للمتغير العشوائي X يعطى بالصيغة:

A) F(t) = P(X ≤ t)
B) F(t) = P(X ≥ t)
C) F(t) = 1 . P(X ≤ t)
D) F(t) = 1 . P(X ≥ t)",A,A
4584,"يعتبر متوسط العينة Xمقدراً:

A) غير متحيز لمتوسط المجتمع μ
B) متحيز لمتوسط المجتمع μ
C) غير متحيز لانحراف المجتمع σ
D) غير متحيز لتباين المجتمع σ²",B,A
4585,"عرف علم الإحصاء بأنه علم التقدير والاحتمال:

A) Booding ton
B) Lovitt
C) مجموعة من الخبراء
D) Cowdencroxton",D,A
4586,"التوقع الرياضي لمتحول عشوائي يخضع لتوزيع برنولي:

A) Np
B) Npq
C) P
D) Q",A,C
4587,"ليكن x وy متغيرين مستقلان V(x)=1 و v(x)=2 فالتباين ل Z: Z=3x+2y+5

A) 10
B) 7
C) 1
D) 17",B,D
4588,"التصنيف الدولي للأمراض يتألف من .

A) ثلاثة أجزاء .
B) جزء واحد .
C) أربعة أجزاء.
D) خمس اجزاء .",B,A
4589,"ان منحنى التوزيع الطبيعي المعياري يكون مناظر حول المستقيم:

A) x=0
B) Y=0
C) Z=0
D) كل ما سبق خطأ",A,A
4590,"نسمي الفرضية H0:

A) الفرضية الأساسية
B) الابتدائية
C) العدم
D) كل ما سبق صحيح",D,D
4591,"يعرف معامل التحديد بأنه:

A) نسبة التباين المفسر بالنموذج إلى التباين الكلي في بيانات المتغير X
B) نسبة التغير في بيانات المتغير Y المفسرة بالتباين في قيم المتغير المستقل X
C) نسبة التباين المفسر بالنموذج إلى التباين الكلي في بيانات المتغير Y
D) B + C",C,D
4592,"أسس العمل الاحصائي:

A) اجراء مقابلات
B) جمع البيانات
C) المجموعات البؤرية
D) الملاحظة",B,B
4593,"لا يحتوي السجل الطبي على:

A) الصفحة التعريفية
B) تقرير العمل الجراحي
C) بطاقات المداواة اليومية
D) العدد الإجمالي للقبول بالمشفى",D,D
4594,"أيام الخدمة الاجمالية للمرضى الداخليين:

A) عدد الأيام التي تلقى فيها الرعاية من المشفى
B) مجموع خدمة جميع المرضى الداخليين خلال مدة معينة
C) الحالة التي أطلقت سلسلة الاحداث التي أدت للوفاة
D) حساب عدد المرضى الداخليين",B,B
4595,"قيمة معامل التجديد تساوي:

A) مربع معامل الارتباط الخطي
B) الجذر التربيعي لمعامل الارتباط الخطي
C) ضعفي معامل الارتباط الخطي
D) قيمة ميل مستقيم الانحدار",B,A
4596,"إن وحدة المعاينة هي:

A) طريقة أخذ العينة
B) مجموعة عناصر من العينة
C) عنصر من العينة
D) إطار العينة",B,C
4597,"جدول تكراري يضم عدد البيانات في فئة معينة وكل الفئات التي تسبقها:

A) تكرار المجتمع الهابط
B) تكرار المجتمع الصاعد
C) تكرار المجتمع الطبقي
D) تكرار المجتمع التسلسلي",C,B
4598,"معدل الوفيات في المشفى عبارة عن:

A) حساب عدد المرضى الداخلين في زمن معين
B) عدد الأيام التي تلقى فيها المريض الرعاية في المشفى
C) عدد الوفيات خلال فترة زمنية محددة على عدد المتخرجين والوفيات في نفس الفترة مضروب بـ 100
D) حساب عدد المرضى المتخرجين في زمن معين",C,C
4599,"من صفات العينة الثابتة ما عدا:

A) تنعكس إيجابياً على نوعية وجودة البيانات
B) تؤدي إلى الضجر والملل
C) تحوي على نفس وحدات المعاينة
D) تعتمد على نوعية المجتمع والهدف من الدراسة",B,A
4600,"عينة حجمها 100 ومتوسطها1 وتباينها 4 أوجد حد الخطأ في تقدير المتوسط اذا كانت القيمة الجدولية Z=1.96

A) وزارة الصحة في البلد
B) مديرية الصحة في البلد
C) قسم السجلات الطبية في المشفى
D) الأطباء والمرضيين",C,B
4601,"في تجربة رمي قطعة نقود 3 مرات متتالية فإن متوسط التوزيع الاحتمالي هو: حيث x تدل على عدد ظهور H

A) 1.5
B) 2025-07-08 0:00:00
C) 3
D) 0.75",A,A
4602,"الفرضية الإحصائية:

A) مقولة أو تخمين تتعلق بوسطاء المجتمع
B) مقولة أو تخمين تتعلق بشكل توزيع المجتمع
C) مقولة أو تخمين تمثل الصح أو الخطأ
D) كل ما سبق صحيح",D,D
4603,"يتم حساب القطاع الزاوي لفئة ما:

A) التكرار النسبي لفئة ماX 360 درجة
B) التكرار النسبي لفئة ما 360 / درجة
C) التكرار المئوي لفئة ما X 180 درجة
D) التكرار النسبي لفئة ما / 180 درجة",A,A
4604,"المجتمع الاحصائي (الجمهرة) هو مجموعة من الأفراد أو العناصر :

A) مأخوذة من العينة
B) مأخوذة من بيانات كيفية فقط
C) التي تشترك فيما بينها ببعض الخواص والمميزات
D) التي لا تشترك فيما بينها ببعض الخواص والمميزات",C,C
4605,"إن مجال الرفض لـ H₁: θ < θ₀ في حال μ والتباين معلوم:

A) [Zα, +∞[
B) [Z1-α, +∞[
C) ]-∞, Zα]
D) ]-∞, Z1-α]",A,A
4606,"اذا كان لدينا: x, n1=100, X=28.5, s1=4, x~y (myu1, a1^2, x); y, n2=100, Y=27.3, s2=4, x~y (myu2, a2^2, x) وكانت العينات مستقله وكان 95% مجال ثقه حول من الشكل فعندئذ :

A) بثقة 95%
B) بثقة 95%
C) بثقة 95%
D) بثقة 95%",B,A
4607,"ان منحني التوزيع ستيودنت علاقته بالوسيط غاما (درجة الحرية):

A) علاقة عكسية
B) علاقة طردية
C) كلما زادت قيم غاما زاد انحناء التابع نحو الأعلى
D) B+C",D,D
4608,"كل ما يأتي صحيح عن العوامل المؤثرة بالخصوبة ما عدا:

A) تتراجع الخصوبة في أطراف العمر
B) الفتاة متعلمة ومتحضرة فمعدل الخصوبة عندها مرتفع
C) ممارسة الرضاعة الطبيعية
D) ممارسة تنظيم الاسرة في مجال الصحة الإنجابية وفي المشكلة السكانية عامة",B,B
4609,"من الشروط التي ينبغي مراعاتها في نوعية المقياس

A) القواعد المختلفة التي يتم استخدام الأرقام بناء عليها حيث نميز بين شيء واخر دون تحديد كميته
B) الخواص الرياضية للمقياس الناتج عن استخدام الأرقام تحت هذه القواعد
C) العمليات الإحصائية التي يمكن استخدامها لمعالجة المقياس الناتج
D) كل ما سبق صحيح",D,D
4610,"من طرائق جمع البيانات الكيفية ما عدا:

A) المجموعات البؤرية
B) المقابلات المعمقة
C) الملاحظة
D) البريد",D,D
4611,"من محتويات السجل الطبي:

A) صفحة السجل المهني
B) الصفحة التعريفية
C) صفحة السيرة الذاتية
D) صفحة التواصل",B,B
4612,"إذا قبل المريض في يوم وتخرج في اليوم الذي يليه يحتسب يوم:

A) الدخول
B) الخروج
C) مدة الاستشفاء
D) كل ما سبق صحيح",D,A
4613,"ان هو :

A) 0.6826
B) 9544
C) 0.9974
D) 0.13",B,A
4614,"علم الإحصاء هو علم قديم ارتبط منذ نشأته بـ التي كانت تجريها الدولة في العصور الوسطى لحساب الضرائب

A) عمليات القسمة
B) عمليات العد
C) عمليات التحويل
D) كل ما سبق",B,B
4615,"من خصائص السجلات السكانية ما عدا:

A) شموليتها
B) الزاميتها
C) مجانية ومرتبطة بالرقم الوطني
D) دوريتها كل خمس سنوات",D,D
4616,"يتميز المقياس النسبي بوجود الصفر:

A) المطلق
B) الحقيقي
C) النسبي
D) A+B",D,D
4617,"إذا كان لدينا X~N (2,3) فإن للمتغير

A) المعياري الطبيعي
B) الأسى
C) البواسوني
D) الثنائي",A,A
4618,"يتكون من مجموعة من الأعمدة المتجاورة المقامة على المحور الأفقي الذي تمثل عليه حالات الصفة المدروسة عندما تكون البيانات وصفية وفترات الفئات عندما تكون البيانات كمية ويساوي ارتفاع كل عمود تكرارات الفئة المقام عليها:

A) المضلع التكراري
B) المدرج التكراري
C) المنحني التكراري
D) B+C",B,B
4619,"من أهم الخطوات عند تصميم العينات:

A) تحديد هدف الدراسة
B) تحديد المجتمع محل الدراسة
C) تحديد الإطار
D) تحديد الإطار",D,C
4620,"أقل الطرق تكلفة لجمع البيانات:

A) المواجهة
B) الملاحظة
C) البريد
D) الانترنت",C,C
4621,"ليس من وظائف علم الإحصاء:

A) تلخيص المعطيات وقيم المشاهدات
B) يساعد في وضع الأسس المقارنة المتغيرات
C) يساعد في الوصول إلى تنبؤات عن اتجاه الظواهر
D) عرض المعطيات والحقائق بصورة مبهمة",D,D
4622,"طريقة لجمع البيانات من أمثلتها قياس شدة تأثير نوع من الهرمونات في مجموعة من الفئران:

A) التجربة
B) التسجيل
C) البريد
D) الانترنيت",A,A
4623,"ان طول شخص بالغ وقياس السكر في الدم هو متغير:

A) عشوائي منفصل
B) عشوائي اسمي
C) عشوائي مستمر
D) غير ذلك",C,C
4624,"إذا كان B=3.3B = 3.3، فإن معامل التوافق يساوي تقريبًا:

A) 0- 74
B) 0- 47
C) 0- 83
D) 0- 38",B,C
4625,"أساليب جمع البيانات تتضمن:

A) الاتصالات الهاتفية
B) المواقع الاجتماعية
C) استخدام الإنترنت
D) كل ما سبق صحيح",D,D
4626,"من محتويات السجل الطبي:

A) صفحة السجل المهني
B) الصفحة التعريفية
C) صفحة السيرة الذاتية
D) صفحة التواصل",B,B
4627,"من سلبيات العينات

A) النتائج تقديرية
B) يحتاج الى كوادر فنية مدروسة ومؤهلة
C) يحتاج الى تخطيط واعداد وتنفيذ ومن ثم تحليل البيانات
D) جميع ما ذكر صحيح",D,D
4628,"يكون المجتمع غير متجانس في العينة غير العشوائية:

A) المصادفة
B) العمدية
C) الحصصية
D) القصدية",B,C
4629,"يعتمد توزيع ستيودنت على:

A) المتوسط
B) الانحراف المعياري
C) التباين
D) درجة الحرية",D,D
4630,"من محتويات السجل الطبي

A) صفحة السجل المهني
B) صفحة الموافقة على العلاج
C) السيرة الذاتية
D) العلاقة بين المرضى",B,B
4631,"التصنيف الدولي للأمراض هو عبارة عن رموز وأرقام للإشارة:

A) عن الظواهر الطبيعية .
B) عن الامراض .
C) عن المرضى .
D) ليس مما سبق .",B,B
4632,"فيما يتعلق بحجم العينة:

A) إذا كان المجتمع متجانساً يجب أن يكون العينة صغيراً
B) إذا كان المجتمع غير متجانس يجب أن يكون حجم العينة كبيراً
C) إذا كان المجتمع متجانس أو غير متجانس يجب أن يكون حجم العينة كبيراً
D) A+B",D,D
4633,"يكون نوع البيانات وحجمها في قياس البيان الاحصائي التالي: 15- 7, 12- 1, 16- 2, 16- 2, 15- 9, 18- 9, 18- 3, 16- 1, 16- 4, 16- 2, 16- 3, 15- 9, 16- 8, 13- 9, 15- 3, 15- 9, 16- 3, 16- 3, 14- 4, 16- 5, 16- 1, 14- 2, 15- 8, 14- 6, 17- 3

A) وصفية وحجمها 25
B) كمية وحجمها 50
C) وصفية وحجمها 50
D) كمية وحجمها 25",D,D
4634,"إذا كنا أمام مجتمع غير متجانس فإننا نسحب عينة:

A) بسيطة
B) حصصية
C) طبقية
D) منتظمة",C,C
4635,"لتكن x₁, x₂, ..., xₙ عينة عشوائية من مجتمع طبيعي وسيطه μ معلوم والانحراف المعياري σ مجهول، أي من الدوال التالية لا تمثل إحصاء:

A) X̄
B) Σⁿᵢ₌₁ Xᵢ
C) Σⁿᵢ₌₁ (Xᵢ – μ)
D) Σⁿᵢ₌₁ Xᵢ / σ",C,D
4636,"تستخدم الجداول التكرارية لعرض البيانات:

A) الاسمية
B) الكمية
C) الكمية والاسمية
D) لا الكمية ولا الاسمية",C,C
4637,"يعبر عن وحدة المعينة بأنها :

A) طريقة أخذ العينة
B) مجموعة عناصر من العينة
C) عنصر من العينة
D) إطار العينة",C,C
4638,"يكون حجم العينة المناسب لتقدير بثقة 95% وبخطأ لا يتجاوز(1) وبتباين (2500) علماً بأن Z 0.975=1.96 هو:

A) n>9500
B) n>9604
C) n>98
D) n>100",B,B
4639,"من أهم الوظائف التي يؤديها علم الإحصاء هي:

A) تلخيص المعطيات باستخدام قيم تلخيصية قليلة ذات معنى .
B) صياغة واختبار الفرضيات البحثة وتطوير نظريات جديدة.
C) يساعد في الوصول الى تنبؤات عن اتجاه الظواهر مستقبلا ويساعد في وضع الخطط واتخاذ القرارات المطلوبة بصددها.
D) كل ما سبق صحيح .",D,D
4640,"يتم الحصول على بيانات تتعلق بضغط الدم ونسبة الكوليسترول بالدم لعينة من المرضى خلال فترة زمنية معينة عن طريق:

A) البريد
B) التسجيل
C) الإنترنت
D) الملاحظة أو المشاهدة",C,D
4641,"التكرار النسبي للفئة (i) يعطى بالعلاقة:

A) fi /n
B) n/fi
C) fi/2n
D) 2fi/n",A,A
4642,"احصاء المرضى الداخلين يومياً ..

A) العدد الإجمالي للقبول
B) سبب القبول اليومي
C) الإحصاء الرسمي اليومي
D) كل ما سبق خاطئ",D,C
4643,"من مصادر بيانات الإحصاء الطبي ما عدا:

A) التحريات والمسوحات الوبائية المجراة
B) الأبحاث العلمية
C) الإبلاغ عن الأمراض السارية
D) مفردات المجتمع",D,D
4644,"أعلى مستويات القياس:

A) المقياس الاسمي
B) المقياس الفتروي
C) المقياس الرتبي
D) المقياس النسبي",D,C
4645,"يهدف تغيير الطرائق في الدراسات للحصول على بيانات:

A) واضحة
B) أكثر من المطلوب
C) أقل من المطلوب
D) أفضل دقة ممكنة",D,D
4646,"طريقة جمع البيانات والتي تمتاز بالتكلفة العالية:

A) الملاحظة
B) البريد
C) المقابلة الشخصية
D) الهواتف المحمولة",C,C
4647,"الفارق في عدد السكان بين تعدادين متعاقبين تفصلهما فترة معينة كعشر سنوات:

A) التغير النسبي
B) التغير المطلق
C) التغير الاعظمي
D) التغير الحجمي",B,B
4648,"ان علاقة حجم العينة اللازم لتقدير متوسط المجتمع هي:

A) D=(
B) D=(
C) D=(
D) 5. غير ذلك",B,A
4649,"ليكن لدينا مجتمعاً حجمه N وعينة منه، فإن تقدير تباين متوسط العينة لا يساوي:

A) 0.08.
B) 0.4
C) 2
D) 0.5",B,B
4650,"الجزء من الإحصاء الذي يعنى بوصف طبيعة وسلوك الظاهرة المدروسة وعرضها هو:

A) الإحصاء الاستنتاجي
B) الإحصاء الوصفي
C) اختبار الفرضيات
D) كل ما سبق صحيح",B,B
4651,"الفئة التي تشكل قاعدة الهرم السكاني هي:

A) الأطفال
B) الشباب
C) اليفع
D) ما فوق 60",A,A
4652,"اختر الإجابة الخاطئة بالنسبة للعينة العشوائية الطبقية:

A) تستخدم عندما يكون المجتمع غير متجانس
B) يقسم المجتمع إلى مجموعات متجانسة تسمى طبقات
C) نختار منه عينة عشوائية طبقية من كل طبقة
D) نختار عشوائيًا من كل طبقة عينة عندها يتناسب مع عدد افراد الطبقة إلى عدد أفراد المجتمع",D,C
4653,"إذا كان حجم المجتمع 250 وحجم العينة 50 وتباينها 25 فإن تقدير تباين متوسط العينة x يساوي:

A) 0.08
B) 0.4
C) 2
D) 4",B,B
4654,"علم وفن التحكم وقياس دقة المعلومات الإحصائية باستخدام النظريات العلمية:

A) الإحصاء
B) المعاينة
C) المتغير العشوائي
D) كل ما سبق",D,B
4655,"لاختبار الفرضيات حول معامل الارتباط الخطي لبيرسون تكون فرضية العدم:

A) قيمة معامل ارتباط المجتمع تساوي الصفر
B) العلاقة طردية
C) العلاقة عكسية
D) قيمة معامل ارتباط المجتمع تساوي واحد",A,A
4656,"ليس من سمات المقياس الرتبى:

A) نستطيع أن نعد تكرارات العينة عند كل رتبة
B) نستطيع حساب الوسيط ومعامل سبيرمان لارتباط الرتب
C) نستطيع حساب بعض الاختبارات الإحصائية مثل اختبار الوسيط وغير ذلك
D) نستخدم فيا الاعداد فقط للتمييز بين الأشياء",D,D
4657,"التكرار المتجمع الهابط لفئة معينة

A) عدد البيانات المتضمنة في الفئة والفئات التي تسبقها
B) عدد البيانات في الفئة والفئات التي تليها
C) متوسط عدد البيانات للفئتين السابقة واللاحقة
D) لها مجموع عدد البيانات للفئات السابقة",A,B
4658,"إذا كان معدل الوفاة لكل مريض هو 0.002، ما عدد الأشخاص المتوقع وفاتهم في عينة تحوي 1000 مريض؟

A) 2
B) 3
C) 4
D) غير ذلك",A,A
4659,"احدى سلبياتها التحيز:

A) البريد
B) استخدام الانترنيت والمواقع الاجتماعية
C) المواجهة او المقابلة الشخصية
D) كل ما سبق صحيح",D,D
4660,"معدل وفيات الرضع:

A) عدد الوفيات خلال سنة / اجمالي عدد السكان في نفس السنة*1000
B) عدد الوفيات لفئة عمرية خلال سنة / عدد السكان من نفس الفئة العمرية في منتصف السنة*1000
C) عدد الوفيات الأطفال دون السنة من العمر خلال سنة معينة / عدد المواليد الأحياء خلال نفس السنة*1000
D) B + C",D,C
4661,"التجربة الثنائية الوحيدة يكون لها التوزيع:

A) البرنولي
B) البواسوني
C) الحداني
D) الطبيعي",A,A
4662,"تبدأ إجراءات التسجيل اعتبار من:

A) دخول المرضى للمشفى
B) استلام السجلات الطبية للمرضى المتوفين فقط
C) استلام السجلات الطبية للمرضى المتخرجين او المتوفين
D) كل ما سبق صحيح",D,C
4663,"نتاج للعوامل المؤثرة في النمو السكاني من مواليد ووفيات وهجرة:

A) التركيب الاجتماعي
B) التركيب النوعي
C) التركيب العمري
D) غير ذلك",B,C
4664,"من أسباب تفضيل أسلوب العينة على الحصر الشامل :

A) صعوبة حصر كافة أفراد المجتمع
B) عدم تجانس المجتمعات
C) الحاجة إلى بيانات دقيقة
D) كل ما ذكر خطأ",A,A
4665,"المقياس الرتبي:

A) يستخدم فقط للتمييز بين الأشياء
B) أدق المقاييس
C) يتمتع بوحدات متساوية
D) يسمح بترتيب السمات دون التساوي بين الفروق بين هذه السمات",B,D
4666,"فيما يتعلق بالعينة العشوائية البسيطة لكل ما يلي صحيح عدا:

A) أبسط أنواع العينات
B) يتم اختيار الأفراد بإجراء القرعة
C) قيام طبيب بإجراء دراسة على مرضى مراجعين له مثال عليها
D) تستخدم في حالة تجانس المجتمع",C,C
4667,"لقياس خضاب الدم يستخدم المقياس:

A) الاسمي
B) الرتبي
C) الفتروي
D) النسبي",D,D
4668,"يعرف مدى البيانات:

A) الفرق بين أكبر وأصغر قيمة
B) مجموع قيم البيانات مقسومة على عددها
C) عبارة عن الحد الاعظمي للقيم
D) الفرق بين كل قيمة والمتوسط الحسابي في البيانات.",A,A
4669,"إن تقدير معدل الامطار في سوريا يكون:

A) المجتمع متجانس وحجم العينة صغير
B) المجتمع متجانس وحجم العينة كبير
C) المجتمع غير متجانس وحجم العينة كبير
D) غير ذلك",C,C
4670,"العلاقة بين متغيرين في مخطط الانتشار يمكن أن تكون:

A) خطية
B) تابع من الدرجة الثانية
C) A, B
D) غير ذلك",C,C
4671,"احدى هذه الطرق لا تشمل كل المجتمع:

A) الهواتف المحمولة
B) استخدام الانترنيت
C) الاتصالات الهاتفية
D) كل ما سبق صحيح",D,D
4672,"البيانات التي نحصل عليها من الشركة أو المؤسسة وذلك من واقع مستنداتها وسجلاتها وفواتيرها وتقاريرها الدورية تعتبر مصدر:

A) داخلي
B) خارجي
C) معلن
D) منشور",A,A
4673,"معدل وفيات الأمهات:

A) يعبر عن معدل الوفيات في فئة عمرية معينة
B) عدد الوفيات بين كل 1000 من السكان في سنة معينة
C) عدد الوفيات لدى النساء الحوامل التي حدثت أثناء الحمل أو الولادة أو النفاس / عدد المواليد الأحياء خلال نفس السنة 100,000
D) المتوسط التقديري لعدد السنوات التي يتوقع أن يعيشها الفرد عند الولادة أو بعد سن معينة",C,C
4674,"أهمية علم الإحصاء في الأبحاث العلمية الحديثة هي صحيحة ما عدا:

A) يزود الباحثين بالمهارات الحديثة
B) لا تخلو أي دراسة أو بحث من دراسة تحليلية تتعرض لأصل الظاهرة
C) لا تصور الظاهرة المدروسة في قالب عميق
D) لا يتسنى لأصحاب القرار اتخاذ الإجراءات والسياسات الصحيحة المناسبة",C,C
4675,"من جملة العوامل التي تؤثر على الخصوبة ماعدا

A) العوامل البيولوجية
B) العوامل الديموغرافية
C) العوامل الصحية السلوكية
D) العوامل الاجتماعية الاقتصادية",D,B
4676,"المنطقة التي تتألف من قيم دالة الاختبار قليلة الحدوث عندما تكون H0 صحيحة هي:

A) منطقة القبول
B) المنطقة الحرجة
C) منطقة الرفض
D) B+C صح",B,D
4677,"منحني التوزيع المتناظر بالنسبة لمحور التراتيب هو:

A) توزيع كاي مربع
B) توزيع ستيودنت
C) توزيع معياري طبيعي
D) B+C",D,D
4678,"معدل المواليد الخام:

A) هو عدد المواليد الأحياء لكل ألف من السكان في سنة معينة
B) عدد الولادات الحية التي تحدث في سنة/عدد السكان في منتصف السنة * 1000
C) هو عدد المواليد لكل ألف من السكان في سنة
D) A + B",D,D
4679,"الجهة المسؤولة عن السجلات الطبية هي:

A) وزارة الصحه فى البلد
B) مديريه الصحه فى المحافظه
C) قسم السجلات الطبيه فى المشفى
D) الاطباء والممرضون",C,C
4680,"إن جمع البيانات وتنظيمها وتوصيفها وتبويبها وتلخيصها موجود في الإحصاء:

A) الوصفي
B) الاستنتاجي
C) الاستدلالي
D) A+B",D,A
4681,"فيما يتعلق بمجال الثقة للنسبة بين تباينين، نقول إن المجتمعين متجانسان:

A) إذا كان طرفا مجال الثقة أكبر من 1
B) إذا كان طرفا مجال الثقة أصغر من 1
C) إذا كان أحد طرفي مجال الثقة أصغر من 1 والطرف الآخر أكبر من 1
D) إذا كان أحد طرفي مجال الثقة أصغر من 1 والطرف الآخر أكبر من 1",B,C
4682,"عينة حجمها 100 ومتوسطها 10 وتباينها 4أوجد الخطأ في تقدير المتوسط إذا كانت القيمة الجدولية ل = Z 1,96

A) 832
B) 392
C) 1,33
D) 2,15",C,D
4683,"إذا أجرى طبيب دراسة على مجموعة من المرضى الذين يراجعونه تكون هذه المجموعة هي عينة:

A) حصصية
B) مصادفة
C) قصدية
D) عنقودية",C,B
4684,"اذا كانت قيمة بيرسون R=0.92 فإن العلاقة:

A) طردية قوية
B) عكسية موجبة
C) طردية متوسطة
D) موجبة ضعيفة",A,A
4685,"أي من القيم التالية تعكس الارتباط الخطي الأقوى؟

A) R=0.22R = 0.22
B) R2=0.5R^2 = 0.5
C) R=0.09R = 0.09
D) R2=0.2R^2 = 0.2",B,B
4686,"في الاختبار ثنائي الجانب الخاضع للتوزيع الطبيعي، تقع منطقة القبول في المجال:

A) [Z1.a/2,+ ∞]
B) [Za/2. , Z1.a/2]
C) [.∞ ,Za/2]
D) كل ما ذكر غير صحيح",B,B
4687,"يعبر عن وحدة المعاينة بأنها:

A) طريقة أخذ العينة
B) مجموعة عناصر من العينة
C) عنصر من العينة
D) إطار العينة",B,C
4688,"يتم الحصول على بيانات تتعلق بضغط الدم وسرعة نبضات القلب ونسبة الكولسترول في الدم لعينة من المرضى خلال فترة أسبوع عن طريق:

A) البريد
B) التسجيل
C) استخدام الإنترنت
D) الملاحظة أو المشاهدة",C,D
4689,"من الخطوات التي يجب الإلمام بها قبل الشروع بعملية جمع البيانات

A) تعيين المتغيرات وحصر المصادر
B) تعيين مجال الظاهرة المراد دراستها وبحثها
C) A+B
D) السجلات الصحية",C,C
4690,"إذا كان تزايد المتغير العشوائي X يؤدي إلى تزايد المتغير التابع Y فإن الارتباط بينهما:

A) سلبي
B) عكسي
C) إيجابي
D) كل ما سبق",C,C
4691,"التوقع الرياضي لدالة عددية في X:

A) - E[g(x)] = Σ g(x) * f(x)
B) - E[g(x)] = g(x) Σ f(x)
C) - E[g(x)] = Σ g(x)
D) - E[g(x)] = Σ g(x) + Σ f(x)",A,A
4692,"احتمال أي حدث لا يزيد عن الواحد "" العبارة السابقة تعبر عن

A) شرط المتغير العشوائي
B) المسلمة الاحتمالية
C) A+B
D) غير ذلك",B,B
4693,"ان معدل اطوال الأبناء تنحدر من معامل المجتمع فتسمى الظاهرة:

A) الانحدار نحو المعدل
B) ارتباط
C) تحديد
D) كل ما سبق صحيح",A,A
4694,"تستخدم التقدير....... لتقدير نسبة النجاح لمجتمع:

A) المجالي
B) مجالات الثقة
C) التقدير النقطي
D) كل ما سبق خطأ",B,C
4695,"في مخطط الساق والورقة:

A) الساق القسم الصحيح من العدد والورقة تضم عدد التكرارات
B) الساق القسم العشري والورقة القسم الصحيح
C) الساق القسم الصحيح ولورقة القسم العشري
D) الورقة القسم الصحيح والساق يضم عدد التكرارات",B,C
4696,"نقذف قطعة نقود حتى يظهر الوجه H للمرة الأولى فإن المتغير العشوائي الذي يدل على عدد القذفات هو متغير:

A) متقطع قيمة الاعداد الطبيعية
B) متصل قيمة الاعداد الطبيعية
C) منفصل قيمة الاعداد الحقيقية
D) مستمر قيمة الاعداد الحقيقية",A,A
4697,"لتكن لدينا قياسات العينة الآتية 3,4,5,6,7 والمسحوبة من مجتمع حجمه 10 وتباينه 3 فإن قيمة الانحراف المعياري للعينة السابقة:

A) 1.58
B) 1.41
C) 2
D) 2.5",B,A
4698,"ومن أجل اختبار الفرضية H0: P = P0 مقابل الفرضية H1: P ≠ P0 عند مستوى معنوية 0.05، تكون منطقة الرفض لـ H0 هي:

A) [Z0.05 , +∞]
B) [-Z0.05, Z0.05]
C) [0, Z0.05]
D) [-Z0.05, +∞]",B,B
4699,"متوسط عدد الأطفال الذي يمكن أن ينجبوا أحياء لكل امرأة إذا أمضت حياتها منذ ميلادها بما يتماشى مع معدلات الخصوبة العمرية في سنة معينة:

A) معدل الخصوبة العام
B) معدل الخصوبة الصافي
C) معدل الخصوبة الكلية
D) معدل المواليد الخام",C,C
4700,"طريقة تمكننا من مراقبة رد الفعل على بعض الأسئلة والحصول على إجابات دقيقة:

A) التجربة
B) المواجهة
C) البريد
D) التسجيل",A,B
4701,"ندعو 8 مقدراً غير منحاز للوسيط 8 إذا تحقق E(8) = 0 :

A) V(8) = 0
B) غير واضح
C) E(8) = 0
D) lim V(8) = 0 عندما n → ∞",B,C
4702,"إن نوع البيانات المستخدمة لإنشاء الجدول التكراري هو :

A) كمية
B) وصفية
C) رتبية
D) كمية و وصفية",B,D
4703,"كل ما يلي من صفات المتغير العشوائي ما عدا:

A) تتغير قيمة المتغير من عنصر لآخر
B) قد يكون الفرد من افراد العينة أكثر من قيمة
C) لكل متغير مدى من القيم الممكنة
D) يأخذ قيمته في مجموعة الاعداد الحقيقية",B,B
4704,"اذا كانت مقابل و فإن قيمة إحصائية الاختبار تحت صحة تساوي تقريبا :

A) 3
B) .2.8
C) 4.8
D) 3.8",B,D
4705,"ليكن X متغيراً له التوزيع، ولتكن لدينا عينة عشوائية حجمها 25، وكان X̄ = 10، و 1.65 = Z0.95، و 1.96 = Z0.975، عندئذ %95 مجال ثقة حول متوسط المجتمع يكون من الشكل:

A) [10 . (1.65), 10 + (1.65)]
B) [10 . (1.96), 10 + (1.96)]
C) [10 . (1.65), 10 + (1.65)]
D) [10 . (1.96), 10 + (1.96)]",A,B
4706,"في بيان احصائي معطى بجدول تكراري, اذا كان التكرار النسبي للفئة الرابعة هو 20% فإن زاوية قطاع الفئة الرابعة تكون:

A) A100 درجة
B) B60 درجة
C) C72درجة
D) D70 درجة",C,C
4707,"تلخيص وتبويب البيانات يقوم بها الاحصاء :

A) الوصفي .
B) الاستنتاجي .
C) الاستدلالي .
D) كل ما سبق خاطئ .",A,A
4708,"كل ما يلي صحيح عن السجلات الطبية ما عدا:

A) من الضروري فتح سجل وحيد لكل مريض
B) من معايير الجودة في السجلات الطبية دمج رقم السجل مع الرقم الوطني
C) يبدأ السجل الطبي عند قبول المريض أول مرة كمريض داخلي حصراً
D) يبدأ السجل الطبي عادة بالمعلومات التعريفية عن المريض",C,C
4709,"من المعلومات التي يمكن اللجوء فيها لتقدير معالم المجتمع عند دراسة العينة:

A) متوسط أو مجموع
B) نسبة ما للمجتمع
C) فترات الثقة لهذه المعالم باستخدام الإحصائيات
D) كل ما سبق صحيح",D,D
4710,"إن الإحصاء يخضع إلى توزيع ثقة:

A) f(n1, n2)
B) f(n – 1, n2 – 1)
C) t(n – 2)
D) A + B",C,B
4711,"يتميز المقياس النسبي بوجود الصفر:

A) المطلق
B) الحقيقي
C) النسبي
D) A+B",D,D
4712,"يوجد نوعين للبيانات هما

A) اسمية وكمية
B) وصفية وكمية
C) رسمية وغير رسمية
D) A+B",D,D
4713,"من امثلة التوزيع الأساسي ما عدا:

A) عمر عنصر الكتروني (مكثفة-مقاومة)
B) الزمن العشوائي لتحديد زبون في مرفق خدماتي
C) العدد العشوائي للمكالمات بيوم واحد
D) زمن عشوائي بين مكالمتين هاتفيتين",D,A
4714,"المجتمع الإحصائي هو مجموعة من الأفراد أو العناصر:

A) التي تشترك فيما بينها ببعض الخواص والمميزات
B) التي لا تشترك فيما بينها ببعض الخواص والمميزات
C) مأخوذة من العينة
D) مأخوذة من بيانات كيفية فقط",A,A
4715,"الفرضية الإحصائية:

A) مقولة أو تخمين تتعلق بوسطاء المجتمع
B) مقولة أو تخمين تتعلق بشكل توزيع المجتمع
C) مقولة أو تخمين تحتمل الصحة أو الخطأ
D) كل ما ذكر صحيح",D,D
4716,"عند جمع البيانات يختلف حجم العينة:

A) حسب عدد السكان
B) حسب أغراض المسح
C) حسب طبيعة السكان
D) كل ما سبق صحيح",D,B
4717,"عدد الكريات الحمر في الجسم هو متغير:

A) نوعي
B) عشوائي منفصل
C) عشوائي مستمر
D) رتبي",C,B
4718,"من العوامل التي تؤثر في الخصوبة ما عدا:

A) العوامل البيولوجية
B) العوامل الصحية السلوكية
C) العوامل السكانية
D) العوامل الاجتماعية الاقتصادية",C,C
4719,"إذا كان معدل الولادات في مشفى دار التوليد هو 3 ولادات كل ساعة فاحتمال أن يكون هناك 4 ولادات على الأكثر خلال ساعة معينة:

A) 0.082
B) 0.82
C) 0.149
D) 0.014",B,B
4720,"عدد الوفيات لدى النساء الحوامل التي حدثت اثناء الحمل او الولادة او النفاس / عدد المواليد الاحياء خلال نفس السنة مضروبا ب 100000

A) معدل الوفيات الخام
B) معدل الوفيات النوعي للعمر
C) معدل وفيات الرضع
D) معدل وفيات الأمهات",D,D
4721,"يعرف مدى البيانات بأنه:

A) نسبة عدد الفترات إلى طول الفترة
B) الفرق بين أكبر قيمة وأصغر قيمة
C) عدد الفترات التي ينصح بها ستارج
D) نسبة أكبر قيمة إلى أصغر قيمة",B,B
4722,"إذا كان يكون:

A) وجود علاقة خطية إيجابية
B) علاقة سلبية
C) علاقة منحنية
D) كل ما سبق صحيح",D,A
4723,"المعدلات التي يكون تركيزها على معدلات الخصوبة لفئة معينة من العمر لغرض المقارنة على امتداد زمن ما ودراسة الفروق في ظاهرة الخصوبة بمختلف الاعمار:

A) معدل الخصوبة العمري
B) معدل المواليد العام
C) معدل الوفيات العام
D) معدل الخصوبة الخام",A,A
4724,"تزايد المتغير العشوائي x يؤدي إلى تناقص متغير التابع y فإن العلاقة بين المتغيرين:

A) سلبي
B) إيجابي
C) معدوم
D) كل ما سبق خطأ",A,A
4725,"طريقة الحصر الشامل:

A) باهظة التكاليف
B) يمكن تنفيذها بإمكانيات بسيطة
C) تتم على فترات متقاربة
D) لا يمكن استخدامها في الدراسات السكانية",B,A
4726,"إذا كان x متغير عشوائي يتبع توزيع برنولي بالوسيط p فإن:

A) E(X)=P
B) E(X)=np
C) E(X)=npq
D) E(X)=2P",A,A
4727,"إذا كنا أمام مجتمع غير متجانس فإننا نسحب عينة:

A) بسيطة
B) حصصية
C) طبقية
D) منتظمة",C,C
4728,"يعطي جدول توزيع ستيودنت:

A) القيم الموجبة لـ t التي تقع على يسارها α من المساحة
B) القيم السالبة لـ t التي تقع على يسارها α من المساحة
C) القيم الموجبة لـ t التي يمينها α من المساحة
D) القيم السالبة لـ t التي يمينها α من المساحة",A,A
4729,"المقياس المستخدم لوصف حالة التدخين (مدخن / غير مدخن) هو:

A) مقياس اسمي
B) مقياس رتبي
C) مقياس فتروي
D) مقياس نسبي",A,A
4730,"نقول عن مجموعة من المتغيرات العشوائية انها تشكل عينة عشوائية اذا كانت :

A) مرتبطة ولها قانون التوزبع نفسه
B) مستقلة ولها قانون التوزيع نفسه
C) متنافية ولها قانون التوزيع نفسه
D) مستقلة ولكل منها قانون توزيعه الخاص",B,B
4731,"المستوى الذي يمكن حساب فيه المتوسطات والانحرافات المعيارية ومقاييس العلاقة الخطية هو :

A) الرتبي
B) الإسمي
C) العنقودي
D) كل ما سبق",A,C
4732,"طول شخص بالغ هو:

A) نوعي
B) عشوائي مستمر
C) عشوائي منفصل
D) رتبي",B,B
4733,"ان صفحة الموافقة على العلاج هي:

A) من محتويات السجل المدني .
B) من محتويات السجل الطبي .
C) مؤلفة من قسمين .
D) B+C",D,D
4734,"من الخطوات الرئيسية عند تصميم العينات:

A) تحديد هدف الدراسة
B) تحديد المجتمع محل الدراسة
C) تحديد الإطار
D) كل ما ذكر صحيح",D,D
4735,"السجلات الطبية هي جزء مهم :

A) لدراسة النمو الاجتماعي.
B) للدراسات الثقافية .
C) للدراسات الاجتماعية .
D) للدراسات الإحصائية والبحثية .",D,D
4736,"يتراوح عدد الفئات غالبا عددها:

A) بين 5 و15 فئة
B) بين 15 و25 فئة
C) 5 فئات حصرا
D) كل ما سبق خاطئ",A,A
4737,"عند تسجيل البيانات في الدراسات الكيفية تلجأ إلى:

A) استخدام بروتوكول المقابلة
B) المناقشة
C) سبر أسئلة افضل إجابة حول الموضوع
D) كل ما سبق صحيح",D,D
4738,"من العوامل الاجتماعية الاقتصادية التي تؤثر في الخصوبة هي:

A) تعليم الفتاة.
B) التحضر .
C) العمل.
D) كل ما ذكر صحيح .",D,D
4739,"التوقع الرياضي لـ (C * X) حيث C ثابت ما، يساوي:

A) C2=EX
B) C=EX
C) C=EX/C
D) C/EX",A,D
4740,"لاختبار الفرضيات حول معامل الارتباط الخطي لبيرسون تكون فرضية العدم:

A) العلاقة طردية
B) قيمة معامل ارتباط المجتمع تساوي الصفر
C) العلاقة عكسية
D) قيمة معامل الارتباط المجتمع تساوي الواحد",B,B
4741,"من خطوات جمع البيانات ماعدا

A) تحديد المشكلة
B) تحديد الأسلوب
C) حصر المصادر
D) عدم الاتفاق على وحدة القياس",D,D
4742,"الخطأ من النوع الثاني هو :

A) الخطأ الناجم عن قبول الفرضية فيما هي خاطئة
B) الخطأ الناجم عن رفض الفرضية فيما هي صحيحة
C) الخطأ الناجم عن رفض الفرضية فيما هي خاطئة
D) الخطأ الناجم عن رفض الفرضية فيما هي صحيحة",A,A
4743,"معدل الوفيات الخام هو:

A) عدد الوفيات لكل الف من الرجال في سنة معينة
B) عدد الوفيات لكل الف من السكان في سنة معينة
C) عدد الوفيات لكل الف من النساء في فئة عمرية
D) نسبة عدد الوفيات الى عدد الولادات",B,B
4744,"الجهة المسؤولة عن السجلات الطبية:

A) وزارة الصحة في البلد
B) مديرية الصحة في المحافظة
C) قسم السجلات الطبية في المستشفى
D) الأطباء والممرضين",C,C
4745,"التعداد السكاني:

A) لا يوفر المعلومات عن السكان
B) يوفر أكبر قدر من المعلومات الصحيحة عن السكان
C) يوفر معلومات محددة من نوع السكان فقط
D) يوفر معلومات عن عدد السكان فقط",B,B
4746,"معدل الوفيات الخام:

A) عدد الوفيات خلال سنة/إجمالي عدد السكان في نفس السنة*1000
B) عدد الوفيات لفئة عمرية خلال سنة/عدد السكان من نفس الفئة العمرية في منتصف السنة*1000
C) عدد الوفيات الأطفال دون السنة من العمر خلال سنة معينة/عدد المواليد الأحياء خلال نفس السنة*1000
D) B + C",A,A
4747,"إذا علمت أن 2 = B فإن r₀ هي:

A) 2025-01-16 0:00:00
B) 0.25
C) 2025-02-06 0:00:00
D) 0.707",B,D
4748,"إن مخطط الانتشار لدراسة إحصائية بين خاصتين يستخدم

A) متغيرين
B) متغير واحد
C) عدة متغيرات
D) غير ذلك",B,A
4749,"أي الطرق التالية تتيح الحصول على إجابات أدق؟

A) التسجيل
B) الاتصالات الهاتفية
C) البريد
D) المقابلة الشخصية",D,D
4750,"لدينا عينة حجمها 50وأصغر مفردة 13.5 وأكبر مفردة 18.5 فإن: K=6

A) W= 0.81
B) W=0.8
C) W=6
D) كل ما سبق خطأ",B,B
4751,"يكون حجم العينة المناسب لتقدير μ بثقة 95% وبخطأ لا يتجاوز (1) وبتباين (2500) علماً أن 1.96 = Z0.975 هو:

A) n ≥ 9500
B) n ≥ 9604
C) n ≥ 98
D) n ≥ 100",B,B
4752,"الإحصاء الاستدلالي (الاستنتاجي) هو:

A) يهتم بدراسة معطيات المجتمع من خلال العينة
B) يتخذ من تحليل المعطيات المتوفرة من العينة أساس في تحليل بيانات المجتمع
C) ينظم البيانات ويلخصها ويعرضها
D) كل ما ذكر صحيح",D,D
4753,"من سلبيات المقابلات المعمقة في جمع البيانات

A) الوقت الطويل
B) تحتاج الى تدريب جيد للمنفذين
C) حجم المعلومات يكون كبير
D) كل ما سبق صحيح",D,D
4754,"عندما تكون العينة المختارة ثابتة:

A) الهدف مراقبة التغيرات التي تطرأ على المتغيرات خلال فترات زمنية
B) تؤدي إلى الضجر والملل
C) معدلات الإصابة بأحد الحمات الراشحة
D) كل ما سبق صحيح",D,D
4755,"من أنواع المتغيرات العشوائية:

A) متغيرات عشوائية نسبية
B) متغيرات عشوائية منفصلة (منقطعة)
C) متغيرات عشوائية مستمرة (متصلة)
D) B+C",D,D
4756,"تعبر المتغيرات العشوائية المستمرة عن متغيرات:

A) تكون قيمها اعدادا صحيحة
B) تكون قيمها أي عدد حقيقي من مجال محدد
C) تكون قيمها لا تشمل الأعداد الحقيقية في مجال محدد
D) قيمها ثابتة في مجموعة الأعداد الصحيحة",B,B
4757,"عند فحص الدم يكون:

A) المجتمع متجانس وحجم العينة كبير
B) المجتمع متجانس وحجم العينة صغير
C) المجتمع غير متجانس وحجم العينة صغير
D) المجتمع غير متجانس وحجم العينة كبير",B,B
4758,"التوقع الرياضي لمجموع متغيرين عشوائيين يساوي:

A) جداء التوقعين الرياضيين للمتغيرين العشوائيين
B) مجموع التوقعين الرياضيين للمتغيرين العشوائيين
C) الفرق بين التوقعين الرياضيين للمتغيرين العشوائيين
D) لا شيء مما ذكر صحيح",B,B
4759,"أنواع العينات العشوائية:

A) البسيطة
B) المنتظمة
C) العنقودية
D) كل ما سبق صحيح",D,D
4760,"يمكن التحكم بالخطأ الأعظمي ع بتغيير:

A) حجم العينة
B) التباين
C) الانحراف
D) B + C",A,A
4761,"التكرار المتجمع الصاعد لفئة معينة هو :

A) عدد البيانات المتضمنة في الفئة والفئات التي تسبقها
B) عدد البيانات في الفئة والفئات التي تليها
C) متوسط عدد البيانات للفئتين السابقة واللاحقة لها
D) مجموع عدد البيانات للفئات السابقة لها",A,A
4762,"تأتي أهمية مرحلة جمع البيانات من كون الأخطاء فيها تؤدي الى:

A) لا يؤدي الى خطا
B) خطأ في مرحلة جمع البيانات
C) أخطاء ليس لها أثر
D) . لا شيء مما سبق",D,B
4763,"مثال على التغير العشوائي المستمر:

A) أنواع الأسماك
B) طول شخص بالغ
C) قياس السكر في الدم
D) C+B",D,D
4764,"توزيع بواسون هو عدد الأحداث الملحوظة خلال:

A) زمن
B) مسافة
C) مساحة
D) كل ما سبق صحيح",D,D
4765,"إن المنطقة التي تتألف من قيم دالة الاختبار قليلة الاحتمال عندما Ho صحيحة هي:

A) منطقة القبول
B) منطقة الرفض
C) المنطقة الأكيدة
D) منطقة العمل",B,B
4766,"اختر الإجابة الخاطئة حول السجلات السكانية:

A) تعرف باسم السجلات المدنية
B) هي سجلات رسمية تدون فيها وقائع الأحوال المدنية للسكان
C) تختلف بياناتها عن بيانات التعداد في أن تسجيل الواقعات الحياتية يتم على مدار العام في السجلات المحفوظة على أساس التقويم الهجري
D) توفر السجلات المدنية إلى جانب التعدادات السكانية العامة أفضل وسيلة لمراقبة التحولات السكانية",C,C
4767,"ينتج معمل الأدوية نوعاً من العلاج قام المسؤولون في المصنع بتحليل عينة من 30 حبة فوجدوا أن الانحراف المعياري لكمية هذه المادة في الحبوب يساوي 1.30 هل تقودنا النتائج إلى القول بأن التباين سيكون أقل 1.50 عند (0.05=α) فإن:

A) H₁: σ² > 1.50
B) H₁: σ² < 1.50
C) H₁: σ² < 1.50
D) H₁: σ² = 1.50",B,C
4768,"المجتمع الاحصائي هو مجموعة من الافراد او العناصر:

A) التي تشترك فيما بينها ببعض الخواص والميزات
B) التي لا تشترك فيما بينها ببعض الخواص والميزات
C) مأخوذة من العينة
D) مأخوذة من بيانات كيفية فقط",A,A
4769,"طريقة لجمع البيانات *التجربة* من أمثلتها ما عدا:

A) دراسة كية الأمطار
B) تأثير بعض العوامل في منتج زراعي
C) قياس تأثير نوع السماد ونوع البزر ونوع التربة
D) قياس شدة تأثير نوع من الهرمونات في مجموعة من الفئران",D,A
4770,"يقوم الإحصاء الاستنتاجي على:

A) استخدام المؤشرات الإحصائية
B) على اتخاذ القرارات والتنبؤ والاستقرار والاستدلال
C) وصف طبيعة الظاهرة المدروسة
D) كل ما سبق خطأ",B,B
4771,"ان استخدام العينات يحتاج الى:

A) كوادر فنية مدربة ومؤهلة
B) تخطيط واعداد وتنفيذ ثم تحليل المعلومات
C) A+B
D) غير ذلك",C,C
4772,"التصنيف الدولي للأمراض هو وثيقة تصدرها:

A) منظمة الصحة العالمية
B) وزارة الصحة
C) مديرية الصحة
D) منظمة الأغذية العالمية",A,A
4773,"في مجال جمع البيانات الأهم في الدراسات الكمية هو:

A) استخدام أفضل الأشخاص المتدربين
B) الحصول على وثائق دقيقة
C) تعيير الطرائق للحصول على بيانات عالية الجودة
D) A + B",C,C
4774,"تمتاز طريقة الحصر الشامل بأنها:

A) باهظة التكاليف
B) يمكن تنفيذها بإمكانيات بسيطة
C) تتم على فترات متقاربة
D) لا يمكن استخدامها في الدراسات السكانية",B,A
4775,"ليكن x و y متغيرين عشوائيين مستقلين تباينهما على الترتيب 5 و 10، عندئذٍ تباين المتغير العشوائي 2x + y يساوي:

A) 90
B) 60
C) 30
D) 15",B,C
4776,"تستخدم اليوم وعلى نطاق واسع في جمع المعلومات وتسجيلها:

A) الانترنيت
B) الفاكس
C) البريد الالكتروني
D) كل ما سبق صحيح",D,D
4777,"وفقاً للسؤال رقم (36) وعند 42.6 = (29) χ²0.05 فإن مستوى:

A) H₀ مقبولة
B) H₁ مرفوضة
C) H₀ مرفوضة
D) A + C",A,D
4778,"تختلف دلالات قيم المتغيرات العشوائية تبعا ل:

A) طبيعة العينة المعرفة عليها
B) المتغير نفسه الذي يعبر عن الظاهرة المدروسة
C) نوعية المقياس المستخدم
D) A+B",D,C
4779,"المقياس النسبي هو:

A) أدنى مستويات القياس
B) أعلى مستويات القياس
C) أقل دقة من المقياس المجالي (الفتروي)
D) أدق من المقياس الاسمي وأقل دقة من المقياس الرتبي",B,B
4780,"التكرارت النسبية تساوى:

A) عدد التكرارات لكل فئة + عدد العينة كلها
B) عدد التكرارات لكل فئة X عدد العينة كلها
C) عدد التكرارات لكل فئة / نصف عدد العينة
D) كل ما سبق خاطئ",D,B
4781,"الطريقة التي تستخدم فيها بعض التقنيات الإلكترونية للمراقبة والعد وتسجيل الملاحظات هي:

A) التسجيل
B) التجربة
C) البريد
D) المقابلة",A,A
4782,"يحدد زمن حفظ السجلات الطبية ب:

A) خمس سنوات
B) عشر سنوات
C) حسب الأسس المتبعة محليا في كل بلد
D) حسب الأسس التي تحددها منظمة الصحة العالمية",C,C
4783,"لتكن لدينا عينة عشوائية حجمها n من توزيع برنولي بالوسيط P، فإن توزيع مجموع متغيرات هذه العينة يتوزع وفق التوزيع:

A) البرنولي
B) الثنائي
C) الطبيعي
D) الأسي",C,B
4784,"إن منحنى الكثافة الاحتمالية للتوزيع الطبيعي متناظر بالنسبة للمستقيم:

A) x = 0
B) x = µ
C) 𝜎x =
D) غير ذلك",B,B
4785,"يمكن حساب الوسيط ومعامل سبيرمان لارتباط الرتب في:

A) المقياس الاسمي
B) المقياس الفتروي
C) المقياس النسبي
D) B+C",D,D
4786,"إذا كان n=150وFi=30فإن التكرار المئوي:

A) 0.2
B) 0.002
C) 0.0002
D) 0.0002",A,A
4787,"باعتبار xمتغير عشوائي يدل على عدد أخوات طالب ما فإن مجموعة قيمه هي العدد:

A) حقيقي موجب
B) صحيح موجب
C) صحيح
D) طبيعي",B,B
4788,"إن مجال الثقة يستعمل في حالة:

A) Σ₁², σ₂² -Aمجهولان n1, n2 < 30
B) σ₁², σ₂² معلومان n1, n2 ≥ 30
C) σ₁², σ₂² مجهولان n1, n2 ≥ 30
D) σ₁², σ₂² معلومان n1, n2 < 30",C,A
4789,"معدل المواليد الخام:

A) عدد المواليد الاحياء في سنة معينة
B) عدد المواليد الاحياء لكل ألف من السكان في سنة معينة
C) عدد المواليد الاحياء لكل ألف من النساء في سنة معينة
D) عدد المواليد الاحياء لكل ألف من النساء المتزوجات في سنة معينة",B,B
4790,"الفئة العمرية المهمة جدا من الناحية الصحية والتنموية:

A) فئة اليفع
B) فئة الأطفال
C) فئة المسنين
D) فئة الشباب",B,B
4791,"خاصية الدورية والشمولية تعبر عن .

A) التعداد السكاني .
B) السجلات السكانية .
C) A+B
D) غير ذلك .",C,A
4792,"من مزايا طريقة المواجهة أو المقابلة الشخصية ما عدا:

A) الحصول على إجابات دقيقة ومراقبة ردود
B) ارتفاع نسبة المستجيبين
C) كلفتها عالية
D) تستخدم في المجتمعات التي ترتفع فيها نسبة الأمية",B,C
4793,"بفرض احتمال الشفاء من مرض دموي هو 0.33 في عينة مكونة من 3 مرضى، ما احتمال أن يشفوا جميعاً:

A) تقريباً 0.75
B) تقريباً 0.036
C) تقريباً 0.075
D) تقريباً 0.36",B,B
4794,"في العينة العشوائية المنتظمة صحيح ماعدا

A) نستخدمها عندما يكون المجتمع متجانس ومرتباً وفقاً لصفة معينة
B) يعتمد اختيار كل فرد على حجم العينة وحجم المجتمع
C) إذا فرضنا ان الفرد الأول يحمل الرقم 1 فالفرد الثاني يحمل الرقم 5 والثالث بحمل الرقم 9 وهكذا
D) يكون المجتمع غير متجانس وغير مرتب",C,D
4795,"الانحراف المعياري هو:

A) جذر التوقع
B) مربع التبيان
C) مربع التوقع
D) حذر التباين",D,D
4796,"الذي عرف الإحصاء بأنه الطريقة العملية التي تختص بجمع المعطيات والحقائق بالشكل الذي يسهم عملية تحليلها وتفسيرها ومن ثم استخلاص النتائج وتأيلها واتخاذ القرار على ضوء ذلك

A) Lovitt
B) Boddington
C) Cowden Croxton
D) مجموعة من الخبراء",C,D
4797,"يستخدم شكل الانتشار للكشف عن:

A) إذا كان هناك علاقة بين أي متغيرين
B) معاملات الانحناء
C) وسطاء العينة
D) كل ما سبق صحيح",D,A
4798,"من مميزاتها تصلنا الإجابات خلال وقت قصير وتمتاز ببساطتها وقلة تكاليفها وسرعتها:

A) البريد
B) استخدام الانترنيت والمواقع الاجتماعية
C) المواجهة الشخصية
D) الاتصالات الهاتفية",B,B
4799,"ليكن X2,1X متغيران عشوائيان طبيعيان متوسطهما وتباينهما معلومان وليكن لدينا عينتين عشوائيتين من X2,1X هما x1 من حجم 29 x من حجم متوسطهما, X2,1X على الترتيب فإن:

A) 𝜎2 2> 𝜎2 1
B) 𝜎2 2 ≤ 𝜎2 1
C) 𝜎2 2 < 𝜎2 1
D) 𝜎2 2 = 𝜎2 1",B,C
4800,"عرف علم الإحصاء بانه العلم الذي يختص بجمع وتحليل وتفسير المعطيات الكمية هو:

A) Bodding ton .
B) Lovitt .
C) Codencroxton
D) الخبراء بشكل عام",D,C
4801,"الخطأ من النوع الأول هو:

A) رفض الفرضية H₀ رغم أنها صحيحة
B) قبول الفرضية H₀ رغم أنها خاطئة
C) رفض الفرضية H₀ رغم أنها صحيحة
D) رفض الفرضية H₁ رغم أنها خاطئة",A,C
4802,"المخطط الذي يساعد بدراسة العلاقة بين متغيرين وطبيعتها:

A) مخطط الفطيرة
B) مخطط الصندوق
C) مخطط الساق والورقة
D) مخطط الانتشار",D,D
4803,"عند جمع البيانات من مبيعات إحدى شركات الأدوية فمصدر البيانات هو:

A) خارجي
B) داخلي
C) معلن
D) A+C",B,B
4804,"تباين فرق متغيرين عشوائيين مستقلين:

A) جداء تباين المتغيرين العشوائيين المحددين
B) ناتج قسمة المتغيرين المحددين
C) مجموع تباين المتغيرين العشوائيين المحددين
D) الفرق بين المتغيرين العشوائيين المحددين",C,C
4805,"من محاسن المقابلات العميقة ما عدا:

A) توفر بيانات غنية ومعمقة
B) تحتاج الى جهود وإمكانات ضخمة
C) تسمح في توضيح المسائل
D) حدوث استجابات مفيدة",B,B
4806,"تحدد زمن حفظ السجلات الطبية في المشفى:

A) ثلاث شهور
B) حسب رغبة المريض
C) بناء على الأسس المتبعة محلياً في كل بلد
D) حسب خدمات المشفى",C,C
4807,"المتغير العشوائي X له التوزيع الطبيعي فيكون المتوسط عينة منه التوزيع:

A) المعياري
B) الطبيعي
C) بواسون
D) ستيودنت",B,B
4808,"إذا كان x يدل على حالة مدخن وغير مدخن أي [0,1] =RXفإنه يعبر عن:

A) المقياس الرتبي
B) المقياس النسبي
C) المقياس الاسمي
D) المقياس الفتروي",C,C
4809,"إذا أردنا تقدير نسبة المدخنين في أحد الأحياء وكان عدد السكان هذا الحي 10000 فرداً فإن حجم العينة المناسب لحساب التقدير بحيث لا يتجاوز خطأ التقدير 0.3 هو:

A) 12
B) 120
C) 1200
D) 50",C,A
4810,"فى احدى العينات الغير عشوائية نقوم باختيار الافراد او العينات وذلك لتحقيق هدف معين

A) المنظمة
B) الحصصية
C) المصادفة
D) كل ما سبق صحيح",D,C
4811,"في المتغيرات العشوائية المنفصلة تكون فيها المتغيرات:

A) أعداد صحيحة
B) أعداد حقيقية
C) أعداد عقدية
D) أعداد عشرية",A,A
4812,"يستخدم اختبار الفرضيات حول ميل خط الانحدار توزيع:

A) ستيودنت
B) كاي مربع
C) فيشر
D) برنولي",A,A
4813,"تمتاز طريقة الحصر الشامل :

A) باهظة التكاليف
B) يمكن تنفيذها بإمكانيات بسيطة
C) تتم على فترات متقاربة
D) لا يمكن استخدامها في الدراسات السكانية",B,A
4814,"نستخدم معدل الخصوبة العمرية لكل مما يأتي ماعدا:

A) دراسة الفروقات في ظاهرة الخصوبة في أعمار مختلفة
B) المقارنة على امتداد زمن ما
C) تركيز على معدل الخصوبة لفئة - معينة من العمر
D) مؤشر السلوك الانجابي في المجتمع",C,D
4815,"الملاحظة تكون طريقة مناسبة لجمع البيانات عنك

A) سلوك الافراد
B) تفاعل الافراد
C) البيئة المحيطة
D) كل ما سبق صحيح",D,D
4816,"من أسباب تفضيل أسلوب العينة على أسلوب الحصر الشامل

A) صعوبة حصر افراد المجتمع
B) العينات تزيد التكلفة والجهد والزمن
C) واسعة الإمكانات لإجراء الحصر الشامل .
D) طريقة الحصر الشامل سهلة على الرغم من وقتها",A,A
4817,"فيما يتعلق بحجم العينة

A) دقة الدراسة تتناسب مع حجم العينة
B) الميزانية المقررة للدراسة تحدد جم العينة
C) كلما كان حجم العينة أكبر كانت النتائج تبتعد عن الواقع
D) كلما كانت المخصصات قليلة لابد من تكبير حجم العينة وعندما تكون كبيرة نزيد حجم العينة",B,E
4818,"الطريقة التي تستخدم التقنيات الالكترونية للمراقبة والعد وتسجيل الملاحظات:

A) التجربة
B) التسجيل
C) الملاحظة
D) المشاهدة",C,B
4819,"الاستعمالات الرئيسية للسجلات الطبية هي:

A) توثيق سير المرض لدى المريض و متابعته و معالجته
B) المداومة على تقديم الرعاية الطبية للمرضى
C) جمع الإحصائيات الصحية
D) كل ما سبق صحيح",D,D
4820,"يمكن اكتشاف شكل العلاقة بين وزن مريض ونسبة السكر في الدم باستخدام

A) الجدول التكراري
B) الجدول التكراري التصاعدي
C) . الفطيرة (الدائرة)
D) مخطط الانتشار",D,D
4821,"عينة مؤلفة من 50 مريض اذا كان متوسط أيام الشفاء هو 4 أيام وبانحراف معياري 0.5 يوم فإن حجم العينة المناسب لتقدير بثقة 95% :

A) غير منحاز لمتوسط المجتمع .
B) منحاز لمتوسط المجتمع .
C) منحاز لتباين المجتمع .
D) غير منحاز لتباين المجتمع .",A,A
4822,"إذا كان متوسط المدة اللازمة لاستجابة المريض لدواء مهدئ هو 10 دقائق اقترح دواء جديد هل يمكننا أن القول إن الدواء القديم هو أفضل من الجديد:

A) H₁: μ ≠ 10
B) H₁: μ > 10
C) H₁: μ < 10
D) ليس أيا مما سبق",B,B
4823,"السجل الذي يهدف الى تجميع المعلومات عن المريض:

A) السجلات الدوائية .
B) السجلات المدنية .
C) السجلات الإحصائية .
D) السجلات الطبية .",D,D
4824,"اذا قبل المريض في يوم وتخرج في اليوم التالي فيحتسب

A) يوم الدخول
B) يوم الخروج
C) يوم الاستشفاء
D) A+B",D,A
4825,"اذا قبل المريض في يوم وتخرج في اليوم نفسه فيحتسب يوم .

A) دخول .
B) خروج .
C) مدة استشفاء .
D) A+B",D,C
4826,"لدينا عينة عشوائية مكونة من 350 مريضاً، تتراوح قيمة الضغط الانقباضي لديهم بين 50 و 175 ملم زئبقي. إن عدد فئات المتغير الكمي حسب قاعدة ستارجيس يساوي:

A) 8
B) 9
C) 10
D) 11",B,C
4827,"يمكن اكتشاف شكل العلاقة بين وزن مريض ونسبة السكر في الدم باستخدام:

A) الجدول التكراري
B) الجدول التكراري التصاعدي
C) الفطيرة (الدائرة)
D) مخطط الانتشار",D,D
4828,"عينة مؤلفة من 50 مريضًا، إذا كان متوسط عدد أيام الشفاء هو 4 أيام وبانحراف معياري 0.5 يوم، فإن حجم الهيئة المناسب لتقدير Pبثقة 95% هو:

A) 400
B) 380
C) 385 تقريباً
D) 500",C,C
4829,"تم وزن عينة عشوائية مكونة من 64 مريضًا، بلغ متوسط الوزن 65 كجم بانحراف معياري 10 كجم، وكانت . إذا كانت الفرضية البديلة ، فإن منطقة القبول هي:

A) [.1.96; 1.96]
B) [1.96, +∞]
C) [1.96, +∞] OR [-1.96, -∞]
D) [-1.96, -∞]",B,A
4830,"عينة مؤلفة من 36 مريضًا، كان متوسط عدد أيام الشفاء من هذا المرض هو 4 أيام، وبانحراف معياري 0.5 يوم، فإن حجم العينة المناسب لتقدير μ بثقة 95% وبخطأ لا يتجاوز 0.05، حيث القيمة الجدولية (0.975) = 1.96، هو:

A) 400
B) 380
C) تقريبًا 385
D) 500",C,C
4831,"لدراسة قوة العلاقة بين العمر (بالسنوات) وضغط الدم الانقباضي (ملم زئبقي) في عينة من 100 مريض، تُستخدم:

A) معامل الاقتران
B) معامل التوافق
C) تحليل الانحدار
D) معامل الارتباط لبيرسون",A,D
4832,"إذا علمت أن احتمال شفاء مريض مصاب بالزكام خلال أسبوع دون اللجوء للطبيب هو 0.6 فإذا كان لدينا10 مرضاً بالزكام ولم يرجع الطبيب فالمسألة مسألة توزيع:

A) برنولي
B) حداني
C) بواسوني
D) أسي",A,B
4833,"إذا كان متوسط المدة اللازمة للاستجابة للدواء 5 دقائق واقترح دواء جديد وجرب على 64 مريض فكان متوسط المدة هو 4,7 وبانحراف 1,2 فإن قيمة إحصائية الاختبار:

A) Z0=-2
B) Z0=2.33
C) Z0=2
D) Z0=3",B,A
4834,"عينة مؤلفة من 36 مريض كان متوسط أيام الشفاء من هذا المرض 4 أيام وبانحراف معياري 0,5يوم فإن حجم العينة المناسب بمستوى ثقة 95% وبخطأ لا يتجاوز 0,05حيث القيمة الجدولية ل Z =1,96 هو:

A) 400
B) 380
C) 585
D) 500",B,C
4835,"يشمل تدبير المريض السابق ما يلي ما عدا:

A) إنعاش اش السوائل وتعويض الشوارد.
B) الدعم الغذائي.
C) السيطرة على الخمج.
D) حماية الجلد.
E) الدراسة التشريحية للناسور",E,B
4836,"كل ما يلي من عوامل الخطورة في سرطانه المعدة عدا:

A) الجنس المؤنث.
B) القصة العائلية.
C) الحميات عالية النترات.
D) استئصال معدي سابق.
E) التدخين.",A,A
4837,"3. كل ما يلي من أسباب الرتج الجذبي الحقيقي:

A) 1. ارتفاع الضغط داخل المريء.
B) 2. الضعف العضلي داخل المريء.
C) 3. غياب التناسق العصبي.
D) 4. كل ما سبق صحيح.
E) 5. كل ما سبق خطأ.",D,E
4838,"في التهاب المرارة الحاد اللاحصوي كل ما يلي صحيح ما عدا:

A) من العوامل المؤهبة الإصابة بداء السكري.
B) تترافق الحالة مع أمراض أخرى.
C) التشخيص صعب غالباً.
D) الوفيات أعلى مما هي عليه في التهاب المرارة الحاد الحصوي.
E) تعالج الحالة بشكل جيد عن طريق تصميم المرارة عبر الجلد.",C,A
4839,"تجرى الجراحة المحافظة للثدي المصاب بورم خبيث ضمن الشروط التالية: عبارة واحدة خاطئة

A) أن يكون الورم صغيراً
B) ألا يكون الثدي صغير الحجم
C) ألا يكون الورم مقدماً موضعياً Locally advanced
D) لا علاقة بموقع الورم بالقرار الجراحي.
E) من الناحية السرطانية فإن نتيجة العلاج الجراحي المحافظ للثدي تعدل نتيجة الاستئصال التام في نفس الشروط.",D,D
4840,"6. بالنسبة للمريضة السابقة ما هو العلاج المناسب؟

A) 1. الاستئصال الجراحي.
B) 2. العلاج الشعاعي.
C) 3. العلاج الكيماوي.
D) 4. المعالجة الهرمونية.",D,D
4841,"في الناسور المعوي كل ما يلي صحيح ما عدا):

A) هو اتصال أو سبيل بين سطحين بشرويين.
B) تصنف النواسير وفقاً للتشريح ومعدل الصبيب من الناسور (النتاج) والآلية المسببة.
C) تترافق النواسير البعيدة باختلاطات أكثر من تلك في النواسير القريبة.
D) من التظاهرات الشائعة للنواسير القريبة حدوث التجفاف العميق، وسوء التغذية، واضطرابات الشوارد.",C,C
4842,"الكبد

A) 1. يعاني مريض عمره 25 سنة من عدم ارتياح عام ونقصان في الوزن وترفع حروري وبراز ملطخ بالدم على نحو متقطع خلال الست أسابيع الأخيرة بعد عودته من شبه القارة الهندية حيث عمل هناك لمدة ستة أشهر. بالفحص السريري: كبدية مع مضض في الربع العلوي الأيمن وأظهر الإيكو جوفا ناقص الصدى الفص الكبدي الأيمن ذو حواف واضحة. ما هو التشخيص المحتمل؟
B) 1. خراجة كبدية قيحية.
C) 2. خراجة كبدية زحارية.
D) 3. كيسة مائية كبدية.
E) 4. التهاب كبد فيرسي.",C,B
4843,"20. من العوامل المؤهبة لحدوث القلس ما يلي عدا:

A) 1. تباعد سويقتي الحجاب الحاجز اليمنى واليسرى.
B) 2. خلل في تعصيب المعصرة الذاتي.
C) 3. وجود الوصل المعدي المريئي داخل البطن.
D) 4. قصر طول منطقة الضغط العالي (HP).
E) 5. غياب زاوية هي في المعدة.",D,C
4844,"4. تتألف متلازمة 2A MEN من كل مما يلي ما عدا:

A) 1. ورم القواتم.
B) 2. فرط تصنع جارات الدرق.
C) 3. سرطان لبي في الدرق.
D) 4. سرطان حليمي في الدرق.",D,D
4845,"كل ما يأتي صحيح في البازهر ما عدا:

A) الشعري يظهر أكثر لدى النساء.
B) النباتي يظهر لدى المسنين.
C) يعالج بالمواد الحامضة.
D) يطلب من المريض مضغ الطعام جيداً.
E) قد يسبب انسداد بواب.",C,C
4846,"في الألم البطني الحاد ما عدا:

A) البطن الحادة تعرف كبداية حديثة أو مفاجئة للألم البطني.
B) يمكن أن يكون ألماً جديداً أو زيادة في الألم المزمن.
C) البطن الحادة لا تعني الحاجة دائماً للتدخل الجراحي.
D) التقييم الجراحي غير مبرر.
E) قد تنجم عن أسباب غير جراحية.",D,D
4847,"كل من الأمراض التالية مرتبط مع البدانة ماعدا:

A) الداء السكري النمط 2.
B) ارتفاع التوتر الشرياني.
C) متلازمة المبيض متعدد الكيسات.
D) داء الجزر المعدي المريئي.
E) كل ما سبق صحيح.",D,E
4848,"غالباً الشريان النازف من قرحة اثني عشريه:

A) المعدي الأيسر.
B) المعدي العفجي.
C) المعدي الاكليلي الأيسر.
D) المعدي الاكليلي الأيمن.
E) الحجابي السفلي.",B,B
4849,"18. في التهاب المرارة الحاد عبارة واحدة خاطئة:

A) 1. الألم مستمر يتوضع في المراق العلوي الأيمن أو الشرسوف.
B) 2. هناك مضض ودفاع في الربع العلوي من البطن.
C) 3. يعتبر الإيكوغرافي من الفحوص الهامة في التشخيص.
D) 4. في الحالات الصعبة يمكن اللجوء إلى الدراسة الومضانية ال HIDA scan الذي يمتاز بحساسية عالية إذ ترتسم المرارة بوضوح.
E) 5. قد يترافق التهاب المرارة الحاد مع شلل أمعاء وغياب أصوات الحركات الحوية في البطن.",D,D
4850,"الداء القرحي الهضمي (كل ما يلي صحيح ما عدا):

A) يحدث نتيجة لخلل التوازن بين الإفراز الحمضي وآليات الدفاع المخاطي.
B) في القرحة المعدية يكون السبب هو ضعف في آليا الهجوم.
C) في القرحة العفجية يكون السبب الرئيسي هو زيادة في عوامل الهجوم.
D) انخفاض ثابت في معدل الحدوث للداء القرحي الهضمي منذ الستينات.
E) نسبة الوفيات المرتبطة به بقيت ثابتة ب أو ارتفعت قليلاً.",D,B
4851,"15. الجهاز اللمفاوي كل مما يلي صحيح ما عدا:

A) 1. مسؤول عن إزالة السائل بين الخلايا من النسج.
B) 2. يمتص وينقل الحموض الدسمة والدهون على شكل كيلوس chyle من الجهاز الهضمي.
C) 3. ينقل خلايا الدم البيضاء من وإلى العقد اللمفاوية إلى العظم.
D) 4. ينقل اللمف خلايا المستضد المقدمة antigen-presenting cells مثل الخلايا الشجيرية إلى العقد اللمفاوية حيث يتم تنبيه الإستجابة المناعية.
E) 5. تشكيل الكريات الحمر وتخزين الحديد.",E,E
4852,"تدل الإقياءات الصفراوية على إجابة واحدة صحيحة

A) تضيق بواب ولادي
B) ضمور مري ولادي
C) انفتال معدة.
D) انسداد القطعة الثالثة للعفج.
E) قلس معدي مريني.",D,D
4853,"العوامل المؤهبة للأورام الخبيثة في المري:

A) الطعام المدخن.
B) الحروق.
C) مري باريت.
D) التوزع الجغرافي.
E) كل ما سبق صحيح.",E,E
4854,"2. تعالج أورام في القسم البعيد للمعدة:

A) 1. علاج محافظ دوائي.
B) 2. اجراء قطع معدة جزئي بيلروث II.
C) 3. اجراء قطع معدة تام.
D) 4. كل ما سبق صحيح.
E) 5. كل ما سبق خطأ.",B,D
4855,"أجري تنظير هضمي علوي لرجل عمره 55 سنة وتم اخباره أن لديه آفة قد تسبب فقراً دموياً والنزف الحاد منها غير شائع ما هو هذا التشخيص؟

A) قرحة معدية.
B) سرطانة معدية.
C) قرحة عفجية.
D) دوالي مريئية.
E) تسحجات معدية.",C,B
4856,"أتى شاب 32 سنة لقسم الطوارئ بقصة إقياء (لكميات كبيرة من الدم الأحمر القاني). ما هي الخطوة الأولى الأهم في تدبير هذا المريض؟

A) القصة السريرية والفحص السريري.
B) تحديد عيار الخضاب
C) إنعاش بالسوائل.
D) وضع أنبوب أنفي معدي.
E) اجراء تنظير هضمي علوي اسعافي.",A,C
4857,"شكت مريضة تبلغ من العمر 45 سنة من ألم في ثديها 2. الأيسر لمدة أسبوعين بالفحص السريري كان لديها خيط يشبه الحبل مؤلم مع أودة بارزة فوقها. ما هو التشخيص المحتمل؟

A) ورم ورقي.
B) غدوم ليفي.
C) سرطان ثدي.
D) داء
E) داء باجيت.",B,D
4858,"وصلت مريضة تبلغ من العمر 40 عاماً من أصول آسيوية إلى بريطانيا تشكو من كتلة في ثديها الأيمن منذ عدة أشهر لم تكن الكتلة مؤلمة لكنها كانت تعاني من نز الخراج في إبطها الأيمن والذي يشفى ويعاود من جديد. ما هو التشخيص المحتمل؟

A) سرطان ثدي التهابي.
B) سل ثدي.
C) داء باجيت.
D) غدوم ليفي.
E) أكزيما في الثدي.",A,B
4859,"راجعت مريضة تبلغ من العمر 25 سنة بكتلة شاهدتها صدفة منذ 3 أسابيع في ثديها الأيسر ويمكن تحريك الكتلة من قبل المريضة ضمن نسيج الثدي. ما هو التشخيص المحتمل؟

A) سرطان ثدي التهابي.
B) سل ثدي.
C) داء باجيت.
D) غدوم ليفي.
E) أكزيما في الثدي.",D,D
4860,"راجعت مريضة تبلغ من العمر 50 عاماً بشكاية ألم واحمرار في الثدي الأيمن منذ شهر وقد عولجت من قبل طبيب آخر بالصادات لمدة أسبوعين من دون تحسن وقد ازدادت الحالة سوءاً مما دفعها إلى مراجعة طبيب جراحة ما هو التشخيص المحتمل؟

A) غدوم ليفي.
B) داء باجيت.
C) سرطان التهابي.
D) خراج ثدي.
E) أكزيما.",C,C
4861,"بالنسبة للمريضة السابقة ما هي الوسيلة المناسبة لوضع التشخيص الأكيد؟

A) اجراء ايكو للثدي.
B) اجراء FNA.
C) إجراء Core biopsy
D) اجراء ماموغرام.
E) اجراء خزعة جراحية.",C,C
4862,"بالنسبة للمريضة السابقة ما هو العلاج المناسب؟

A) الاستئصال الجراحي.
B) العلاج الشعاعي.
C) العلاج الكيماوي.
D) المعالجة الهرمونية.",A,D
4863,"راجعت مريضة مسنة مشخصي لديها سابقاً داء هاشيموتو بعقدة قاسية غير منتظمة في الفص الدرقي الأيمن. ما هو التشخيص المحتمل؟

A) سرطان لبي.
B) سرطان جريبي.
C) لمفوما.
D) سرطان غير مصنع.
E) سرطان حليمي.",A,C
4864,"راجع طفل يبلغ من العمر 12 سنة بعقدة درقية مع ضخامة عقد لمفية ناحية ما هو التشخيص المحتمل؟

A) سرطان لبي.
B) سرطان جريبي.
C) المفوما.
D) سرطان حليمي.
E) سرطان غير مصنع.",B,D
4865,"راجعت مريضة في منتصف العمر بسلعة درقية لفترة طويلة والفص الأيمن متضخم بشكل أكبر من الأيسر وسريريا وسري كانت في حالة سواء درقي. ما هو التشخيص المحتمل؟

A) عقدة درقية سليمة.
B) داء غريف.
C) سلعة متعددة العقد.
D) سرطان حليمي.
E) سرطان جريبي.",A,C
4866,"فتاة في الربيع الخامس شكت من عسرة تنفس بالفحص تبين بوجود كتلة في جوف الفم بقطر 3 سم على الخط الناصف وعلى مؤخرة اللسان. ما هو التشخيص الأكثر احتمالاً؟

A) لوزة لسانية.
B) درق لسانية.
C) جسم أجنبي علق باللسان.
D) Dermoid
E) وذمة عصبية وعائية.",A,B
4867,"شابة في ربيعها الأربعين تشكو من نقص وزن مع خفقان وجحوظ في العينين. بالفحص السريري تبين وجود سلعة درقية متوسطة الحجم منتشرة ومتجانسة، بالفحوص الدموية تبين وجود فرط نشاط درق بدني، ما هو العلاج غير المرغوب به في هذه الحالة؟

A) إعطاء الميتيمازول Methimazoli
B) إعطاء محلول اللوغول Lugols iodine
C) المعالجة الشعاعية باليود I 131
D) استئصال الدرق التام.
E) الستيروئيدات.",A,C
4868,"راجع مريض بدانة طبيبه وكان BMI لديه 40 فقرر الطبيب إجراء عملية sleeve gastrectomy ما هو الإجراء الأول الذي يجب إجراؤه قبل العملية؟

A) استشارة طبيب تغذية.
B) الحصول على موافقة المريض.
C) اجراء التحاليل الدموية اللازمة.
D) تحول المريض لطبيب نفسي.",B,B
4869,"راجع مريض بدانة طبيبه وكان BMI لديه 40 فقرر الطبيب إجراء عملية Sleeve gastrectomy ما هو الإجراء الأول الذي يجب إجراؤه قبل العمل الجراحي؟

A) استشارة طبيب التغذية.
B) تحويل المريض لطبيب نفسي.
C) الحصول على موافقة المريض.
D) إجراء التحاليل الدموية اللازمة.",C,C
4870,"يعاني مريض عمره 25 سنة من عدم ارتياح عام ونقصان في الوزن وترفع حروري وبراز ملطخ بالدم على نحو متقطع خلال الست أسابيع الأخيرة بعد عودته من شبه القارة الهندية حيث عمل هناك لمدة ستة أشهر. بالفحص السريري: كبدية مع مضض في الربع العلوي الأيمن وأظهر الإيكو جوفا ناقص الصدى الفص الكبدي الأيمن ذو حواف واضحة. ما هو التشخيص المحتمل؟

A) خراجة كبدية قيحية.
B) خراجة كبدية زحارية.
C) كيسة مائية كبدية.
D) التهاب كبد فيرسي.",B,B
4871,"يعاني مريض عمره 50 سنة ويبدو بصحة جيدة من أصمية حديثة وايلام وألم في الربع العلوي الأيمن لمدة 3-4 أشهر. كان الفحص السريري سلبيا. سريري سلبياً وكانت وظائف الكبد طبيعية وكذلك. التنظير الهضمي العلوي أما الايكو فأظهر وجود آفة كيسية وحيدة تبلغ 6 سم. ما هو التشخيص المحتمل؟

A) متلازمة بود شياري.
B) التهاب الطرق الصفراوية المصلب البدئي.
C) عداء كارولي.
D) داء كيسي بسيط",D,D
4872,"راجعت مريضة تبلغ من العمر 30 سنة بقصة ألم مستمر في الربع العلوي الأيمن من البطن مع إقياء وارتفاع حرارة وإيجابية علامة مورفي ما هو التشخيص المحتمل؟

A) تقيح مرارة.
B) التهاب مرارة حاد.
C) قيلة مخاطية في المرارة.
D) التهاب بريتوان تالي لانثقاب مرارة.
E) خزل معوي بسبب حصاة مرارية.",B,B
4873,"راجع مريض مشخص لديه سابقة حصيات مرارية يبلغ من العمر 60 سنة بقصة ألم بطني شديد ومستمر 6 ساعات وبالفحص السريري كان المريض غير مرتاح ومصدوم من انتفاخ البطن ومضض راجع معممين ما هو التشخيص المحتمل؟

A) تقيح مرارة.
B) التهاب مرارة حاد.
C) قيلة مخاطية في المرارة.
D) التهاب بريتوان تالي لانثقاب مرارة.
E) خزل معوي بسبب حصاة مرارية.",B,D
4874,"راجع مريض يبلغ من العمر 56 سنة بألم شديد في أعلى 4 البطن منذ أسبوع مع حرارة spiking fever وكان غير مرتاح بشدة مع وجود علامات لتخريش بريتواني في الربع العلوي الأيمن مع جس كتلة ما هو التشخيص المحتمل؟

A) تقيح مرارة.
B) التهاب مرارة حاد.
C) قيلة مخاطية في المرارة.
D) التهاب بريتوان تالي لانثقاب مرارة.
E) خزل معوي بسبب حصاة مرارية.",D,A
4875,"راجع مريض يبلغ من العمر 60 سنة بقصة ألم بطني ويرقان وحرارة مع عروءات، ماهو التشخيص المحتمل؟

A) تقيح مرارة.
B) التهاب مرارة حاد.
C) قيلة مخاطية في المرارة.
D) التهاب طرق صفراوية صاعد.
E) خزل معوي بسبب حصاة مرارية.",D,D
4876,"عولجت مريضة تبلغ من العمر 40 سنة لالتهاب مرارة حاد حيث لوحظ وجود مرارة مجسوسة غير ممضه، لم يكن هناك ترفع حروري وكانت المريضة بشكل عام بصحة جيدة، ما هو التشخيص المحتمل؟

A) تقيح مرارة.
B) التهاب مرارة حاد.
C) قيلة مخاطية في المرارة.
D) خزل معوي بسبب حصاة مرارية.",B,C
4877,"مريض عمره 80 سنة لديه تصبغ جلدي ملحوظ ونسيج ندبي ولديه ندبات بطنية لاستئصال كظر ثنائي الجانب. ما هو التشخيص المحتمل؟

A) فرط تصنع كظر خلقي.
B) داء أديسون.
C) متلازمة نيلسون.
D) نزف في الغدة الكظرية.",A,C
4878,"راجع مريض عمره 48 سنة باضطراب رئوي وصداع وارتفاع ضغط ما هو التشخيص المحتمل؟

A) متلازمة كوشينغ.
B) داء كوشينغ.
C) متلازمة كون.
D) متلازمة نيلسون.",B,C
4879,"مريض ربو مع تفاقم متكرر لحالته تطور لديه بشكل تدريجي شعرانية مع بدانة جذعية وكدمات ما هو التشخيص المحتمل؟

A) متلازمة كوشينغ.
B) داء كوشينغ.
C) متلازمة كون.
D) ورم القوائم.",B,A
4880,"امرأة مسنة عمرها 30 سنة تشكو آلام مفصلية مع وهن عضلي الفحص الفيزيائي كان طبيعياً الروتين الدموي أظهر النتائج التالية: الخضاب الدموي طبيعي، وظائف الكلية البولة والكرياتنين سوية، كالسيوم المصل 11-12 ملغ / دل، أي الحالات التالية لا تتناسب مع حالة المريضة:

A) وجود الميوغلوبين في البول.
B) عيار الهرمون PTH مرتفع في المصل.
C) اطراح الكالسيوم في البول مرتفع.
D) قد تشاهد أورام بنكرياسية.
E) قد تشاهد أورام نخامية.",E,C
4881,"أثناء إجراء ايكو بطن لسيدة حامل تبلغ من العمر 30 سنة تبين وجود كتلة متكلسة في الشرسوف يبلغ قطرها 1 سم وقد سمع لغط في منطقة الشرسوف ولم يكن لديها أي أع أعراض. ما هو التشخيص المحتمل؟

A) تمزق طحال.
B) احتشاء طحال.
C) أم دم شريان طحالي.
D) فرفريه نقص الصفيحات البدنية.
E) داء تكور الكريات الحمر الوراثي.",C,C
4882,"طفل عمره 7 سنوات يعاني من فقر دم منجلي، بدأ يشكو منذ ساعتين من ألم بطني حاد في الربع العلوي الأيسر من البطن. بالفحص الضغط 60/100 ملم زئبقي النبض 110 ن/د.الحرارة 37. بالجس يوجد مضض في الربع العلوي الأيسر للبطن بدون ايلام مرتد يجس الطحال بصعوبة، باقي الفحص ضمن الحدود الطبيعية. الخضاب 6.1 غ / دل. التشخيص الأكثر احتمالاً هو

A) نوبة ألمية بسبب انسداد الأوعية الدموية.
B) نوبة تراص حادة.
C) تمزق طحال عفوي.
D) خراج طحال.
E) احتشاء طحال.",B,A
4883,"سيدة عمرها 40 سنة تشكو من فرفرية مناعية مزمنة Chronic immune thrombocytopenic purpura (ITP) معندة على العلاج بالستيروئيدات اقترح لها استئصال طحال ماهي نسبة الاستفادة من الجراحة؟

A) أقل من 20%
B) 0.4
C) 0.6
D) 0.8
E) لا فائدة من الجراحة.",B,A
4884,"راجع مريض بعمر 70 سنة دون سوابق جراحية بألم بطني متقطع منذ أسبوع وتوسع بطني وإقياء مستمر منذ يوم، بالفحص المريض لا يوجد فتوق مع تعداد 3000 كرية بيضاء / مم ما هي الخطوة التالية؟

A) مراقبة 24 ساعة أخرى.
B) إجراء تنظير هضمي علوي.
C) فتح بطن عاجل.
D) إجراء (CT) التصوير الطبقي المحوسب للبطن.
E) إجراء تحليل CEA",D,D
4885,"راجع مريض 20 عاماً من الرقة يعاني من ألم بطني غير محدد وحين متوسط الكمية وترفع حروري بسيط وتعرق ليلي، نقص وزن وقهم وإعياء منذ عدة أسابيع، ما يلي يدخل في التشخيص التفريقي ما عدا:

A) التهاب بريتواني سلي.
B) تسرطن بيرتواني.
C) لمفوما.
D) تشمع الكبد.
E) التهاب كبد فيروسي A.",E,E
4886,"غالباً يتم الوصول للتشخيص الباكر الأكيد بإجراء (واحد مما يلي):

A) تنظير للبطن باكر وأخذ جرعات بيرتوانية أو موجهة.
B) تحاليل دموية.
C) تنظير هضمي علوي.
D) تنظير هضمي سفلي.
E) خزعة النقي.",A,A
4887,"يشمل العلاج المناسب المريض السابق ما يلي ما عدا:

A) حل المشكلة الأساسية.
B) الحمية الغذائية عالية البروتين.
C) الحمية الغذائية عالية الملح.
D) إعطاء المدرات الطارحة للبوتاسيوم.
E) إعطاء المدرات الحافظة للبوتاسيوم.",C,C
4888,"مريضة عمرها 60 سنة، مصابة بحبن متوسط الشدة منذ شهرين. كل ما يلي يدخل في خطة العمل والبحث عن السبب ما عدا:

A) القصة السريرية.
B) الفحص السريري.
C) الفحوص المخبرية.
D) الفحوص التنظيرية الداخلية.
E) فتح البطن الاستقصائي أولاً.",E,E
4889,"يشمل علاج المريضة السابقة ما يلي ما عدا:

A) حل المشكلة الأساسية.
B) الحمية الغذائية عالية البروتين.
C) الحمية الغذائية عالية الملح.
D) إعطاء المدرات الطارحة للبوتاسيوم.
E) إعطاء المدرات الحافظة للبوتاسيوم.",C,C
4890,"العوامل التي تساعد على انتشار الإنتان في البريتوان وحدوث التهاب البريتوان المعمم: كل ما يلي صحيح ما عدا:

A) سرعة حدوث التلوث الجرثومي.
B) تحريض الأمعاء على الحركة عن طريق الطعام أو الشراب أو الرحضات الشرجبة.
C) الفحص الخشن: قد يساهم في تمزق التجمعات المتوضعة.
D) الثرب النامي خاصة لدى الأطفال.
E) نقص المناعة والفوعة الجرثومية الشديدة.",B,D
4891,"مريضة عمرها 20 سنة مصابة بحبن متوسط الشدة منذ شهر، كل ما يلي يدخل في خطة العمل والبحث عن السبب ما عدا:

A) القصة السريرية والفحص السريري.
B) الفحوص المخبرية والشعاعية.
C) بزل سائل الحين.
D) الفحوص التنظيرية الداخلية.
E) تنظير البطن الاستقصائي أولاً.",E,E
4892,"يشمل علاج المريضة السابقة ما يلي ما عدا:

A) حل المشكلة الأساسية.
B) الحمية الغذائية فقيرة الملح.
C) الحمية الغذائية عالية الشحوم.
D) إعطاء المدرات طارحة البوتاسيوم.
E) إعطاء المدرات الحافظة للبوتاسيوم.",C,C
4893,"العوامل التي تساعد على تحديد انتشار الإنتان في البيرتوان وحدوث التهاب البيرتوان الموضع: كل ما يلي صحيح ما عدا:

A) وضع المتفجرات الجراحية لكي تسمح بنز السوائل بشكل موجه عبرها.
B) الفحص الخشن: قد يساهم في تمزق التجمعات المتوضعة.
C) الثرب صغير الحجم وغير النامي: الأطفال.
D) نقص المناعة: الدوائي أو المرضي (الداء السكري، السل، الأيدز، تشمع الكبد).
E) الفوعة الجرثومية الشديدة.",C,A
4894,"راجع مريض بعمر 70 سنة دون سوابق جراحية بألم -بطني متقطع منذ أسبوع وتوسع بطني وإقياء مستمر منذ يوم، بفحص المريض لا توجد فتوق مع تعداد 3000 كرية بيضاء / مم ما هي الخطوة التالية؟

A) مراقبة 24 ساعة أخرى.
B) إجراء تنظير هضمي علوي.
C) فتح بطن عاجل.
D) إجراء (CT) التصوير الطبقي المحوسب للبطن.
E) إجراء تحليل CEA",D,D
4895,"أي الحالات التالية قد يستجيب على العلاج المحافظ؟

A) مريضة 70 سنة مع انفتال معي متوسط.
B) مريضة 80 سنة مع انسداد بحصة مرارية.
C) مريضة 45 سنة بانسداد بعد 10 أيام من استئصال مرارة بالمنظار.
D) طفل بعمر يومين لديه انسداد معوي.
E) شاب 20 سنة لديه انسداد معوي جزئي مع فتق أربى غاصص.",C,C
4896,"شاب 20 سنة بعد 20 يوماً من استئصال زائدة ملتهبة. راجع الإسعاف بإقياء مع تمدد بطن وإيلام خفيف. تعداد WBC كان 14000 كرية/ مم2 والكهارل طبيعية، الخطوة التالية؟

A) مراقبة 24 ساعة أخرى مع وضع NG.
B) إجراء تنظير هضمي سفلي.
C) فتح بطن عاجل.
D) إجراء رحضة باريتية.
E) إجراء (CT) التصوير الطبقي المحوسب للبطن.",E,A
4897,"بالغ 45 سنة لديه ألم بطني حاد والتشخيص هو التهاب مرارة حاد. ماهي العلامات الأكثر توافقاً مع المريض؟

A) حمى وألم مراق أيمن متقطع ويرقان.
B) ألم بطني مستمر ومضض مراق أيمن وارتفاع الكريات البيضاء.
C) ألم مراق أيمن متقطع مع مضض خفيف فوق المرارة
D) ألم شرسوف ينتشر للظهر.
E) يرقان صامت مع مرارة متوترة مجسوسة وغير مؤلمة.",B,B
4898,"أتى شاب 32 سنة لقسم الطوارئ بقصة إقياء (لكميات كبيرة من الدم الأحمر القاني). ما هي الخطوة الأولى الأهم في تدبير هذا المريض؟

A) القصة السريرية والفحص السريري.
B) تحديد عيار الخضاب.
C) الإنعاش بالسوائل.
D) وضع أنبوب أنفي معدي.
E) إجراء تنظير هضمي علوي إسعافي.",A,C
4899,"مريض 70 سنة تطور لديه بعد 3 أيام من احتشاء قلبي ألم بطني مع تعدد البطن وخفوت في أصوات الأمعاء. تحليل غازات الدم يشير إلى احمضاض استقلابي. فالتشخيص المحتمل هو؟

A) انثقاب قرحي.
B) احتشاء مساريقي.
C) انسداد قولون كاذب.
D) التهاب بنكرياس حاد.
E) التهاب رتوج.",B,B
4900,"مريضة عمرها 50 عاماً بعد أسبوعين من استئصال رحم تام لآفة سليمة، راجعت قسم الإسعاف بقصة خروج مفرزات برازية غزيرة من الجرح في اليوم الثالث مع حالة عامة متوسطة، وفلغمون في منطقة الجرح. فالحالة هي أحد ما يلي ماعدا:

A) ناسور جلدي معوي مع الأعور.
B) ناسور جلدي معوي مع الدقاق.
C) ناسور جلدي معوي مع السين.
D) ناسور جلدي معوي مع المستقيم.",D,B
4901,"لدينا مجموعة من المرضى الذين يعانون من انسداد أمعاء لأسباب مختلفة، ويجب إجراء التداخل الجراحي يشكل باكراً مع عدم الانتظار فيكل ما يلي ما عدا: إجابة خاطئة

A) بسبب فتق ظاهر مختنق.
B) بسبب آفة اقفارية مساريقية.
C) ليس لديه تداخل جراحي على البطن.
D) لديه تداخل جراحي على البطن.
E) بعد مجازات إكليلية.",C,C
4902,"في المراكز الجراحية المتطورة، إن القاعدة الجراحي الأصح حالياً في مراقبة المريض أثناء تدبير مريض الانسداد المعوي ووضع القرار الجراحي المناسب، هي:

A) يجب ألا تغيب الشمس مرتين على مريض الانسداد المعوي
B) يحب ألا تشرق الشمس مرتين على مريض الانسداد المعوي.
C) يجب إجراء طبقي محوري عاجل، حسب السبب الظاهر بالصور يمكن إتباع المراقبة أو إجراء تداخل جراحي عاجل.
D) يجب دائماً عدم إجراء الجراحة حتى يتم استقرا المريض بعد الإنعاش.",C,D
4903,"مريض عمره 50 سنة حدثت لديه بداية مفاجئة الألم البطني (خلال ثواني) شرسوفي سري، كل ما يلي يدخل بالتشخيص التفريقي ما عدا:

A) التهاب البنكرياس الحاد.
B) تمزق أم دم الشريان الأبهري البطني.
C) احتشاء العضلة القلبية السفلي.
D) التهاب زائدة دودية حاد.
E) الانسداد المساريقي الحاد.",D,D
4904,"راجعت مريضة عمرها 35 سنة بقصة انسداد معوي منذ ثلاثة أيام، في السوابق توجد قصة فتح بطن لاستئصال زائدة دودية بعمر 9 سنوات، في التدبير يمكن اجراء ما يلي ما عدا:

A) تعويض السوائل والشوارد.
B) اجراء صورة بطن بوضعية الوقوف.
C) اجراء تصوير طبقي محوري.
D) إعطاء صادات حيوية وقائياً.
E) مراقبة المريضة لفترة 24 ساعة أخرى.",B,E
4905,"في المريضة السابقة إذا كانت الصورة البسيطة تدل على سويات معوية دقيقة وغياب لارتسام الكولونات وكانت مقاطع التصوير الطبقي المحوري تشير لتوسع عرى المعي فالتشخيص المحتمل هو:

A) وجود تنشؤ على حساب الكولون.
B) المريضة مصابة بداء كرون ساد.
C) وجود التهاب قولون سمي.
D) التصاقات معوية.
E) التهاب زائدة دودية حاد.",B,D
4906,"مريض عمره 50 سنة حدثت لديه بداية مفاجئة لألم بطني خلال ثوالي شرسوفي سري، كل ما يلي يدخل بالتشخيص التفريقي ما عدا:

A) انثقاب قرحة هضمية.
B) التهاب زائدة دودية حاد.
C) تمزق أم دم الشريان الأبهري البطني.
D) احتشاء العضلة القلبية.
E) انسداد المساريقي الحاد.",C,B
4907,"مريض عمره 65 سنة تطور لديه الم بطني حاد مفاجئ مستمر في الربع الفلي الأيمن منذ ساعة، تلاه الام ماغصة سرية مع غثيان، الفح السريري يبدي سحنة سمية مع فحص بطني سوي تقريباً فالتشخيص الأقوى هو:

A) التهاب معدة وأمعاء.
B) التهاب كولون غشائي كاذب.
C) التهاب زائدة دودية حاد.
D) انسداد أمعاء بنقص التروية.
E) حالة نفسية.",C,D
4908,"إن الفحص المقترح المشخص للمريض السابق هو:

A) ايكو بطن.
B) صورة بطن بالوقوف.
C) طبقي محوري للبطن بدون حقن.
D) تصوير وعاني مساريقي.
E) فحص البراز.",C,D
4909,"إن خط العلاج للمريض السابق تتضمن ما يلي ما عدا:

A) تعويض السوائل والشوارد.
B) عمل جراحي عاجل بعد تحسن الحالة العامة.
C) تأخير العمل الجراحي حت تتحسن الحالة العامة.
D) قثطرة وعائية مساريقية عاجلة إن توفرت ...
E) وضع المريض على المميعات.",B,C
4910,"راجعت مريضة عمرها 35 سنة بقصة انسداد معوي منذ ثلاثة أيام، في السوابق توجد قصة التهاب كولون قرحي منذ عشر سنوات، بالفحص الشرجي وجدت نواسير شرجية عديدة، في التدبير يمكن اجراء ما يلي ما عدا:

A) تعويض السوائل والشوارد.
B) اجراء صورة بطن بوضعية الوقوف.
C) إجراء تصوير طبقي محوري.
D) إعطاء صادات حيوية وقائياً.
E) مراقبة المريضة لفترة 24 ساعة أخرى.",B,E
4911,"في المريضة السابقة إذا كانت الصورة البسيطة: تدل على سويات معوية دقيقة وغياب الارتسام الكولونات وكانت مقاطع التصوير الطبقي المحوري تشير لتوسع عرى: المعي الدقيق وزيادة في شحم المساريقا مع عدم ارتسام الكولون بالكامل فالتشخيص المحتمل هو:

A) وجود تنشو على حساب الكولون المتقرح.
B) المريضة مصابة بداء كرون ساد وليس التهاب كولون قرحي.
C) وجود التهاب قولون سمي.
D) التصاقات معوية.
E) التهاب زائدة دودية حاد.",B,D
4912,"مريض عمره 60 سنة، مصاب بداء كرون منذ عشر سنوات راجع مشفى بقصة حمى وعرواءات تلاها خروج هواء ومفرزات معوية عند التبول، فالتشخيص

A) ناسور معدي مثاني.
B) ناسور كولوني كلو.
C) ناسور هضمي بولي.
D) ناسور كولوني حالبي.
E) ناسور معوي مثاني.",C,A
4913,"مريضة بدينة عمرها 45 سنة أجري لها استئصال واسع: للأمعاء الدقيقة نتيجة تموت اقفاري، وبقي لديها 45 سم من المعي الدقيقة، مع بقاء الكولون سليم. كل ما يلي يتوقع حدوثه عند هذه المريضة ما عدا:

A) فرط الإفراز المعدي لعاة أسابيع فقط.
B) تشكل الحصيات الصفراوية.
C) فرط الأوكسالات البولية مع تحصي كلوي.
D) الإسهال والتغوط الدهني.
E) نقص شديد في الوزن.",A,A
4914,"في خطة علاج المريضة السابقة نجري كل ما يلي ما عدا:

A) نجري اضطرابات عوامل التخثر.
B) وضع المريضة على المعالجة بالوارفارين الفموي.
C) دعم تغذية المريضة الفموي حصراً.
D) إعطاء مثبطات الحركة.
E) إعطاء مضادات الإفراز الحمضي المعدي.",C,C
4915,"قد يترافق الناسور المعوي الجلدي الذي يحدث بعد خمسة أيام من استئصال الأمعاء الدقيقة القطعي بسبب داء كرون قد يترافق مع ما يلي ما عدا:

A) تسريب مفاغرة.
B) انسداد معوي اثم بعد الناسور.
C) وجود خراج مفجر بشكل ناقص مجاور للمفاغرة.
D) حدوث تغميم أمعاء رضي أثناء فك الالتصاقات لم ينتبه له.
E) داء كرون الناكس.",E,B
4916,"مريضة شابة نفساء في الأسبوع الثاني، راجعت بالم بطني سفلي حاد منذ ساعة فكل ما يلي يدخل بالتشخيص التفريقي ما عدا:

A) خثار مبيضي.
B) قولنج مراري.
C) التهاب البنكرياس الحاد.
D) التهاب رتج ميكل حاد.
E) انثقاب قرحة هضمية.",B,B
4917,"مريض عمره 45 سنة حدثت لديه بداية مفاجئة لألم بطني (خلال ثواني) شرسوفي سري ما يلي يدخل بالتشخيص التفريقي ما عدا:

A) احتشاء العضلة القلبية السفلي.
B) الانسداد المساريقي الحاد.
C) التهاب البنكرياس الحاد.
D) التهاب رتج ميكل حاد.
E) انثقاب قرحة هضمية.",B,C
4918,"مريضة شابة نفساء في الأسبوع، راجعت بألم بطني سفلي حاد منذ ساعة فكل ما يلي يدخل بالتشخيص التفريقي ما عدا:

A) خثار مبيضي.
B) انفتال كيسة مبيض.
C) نوب تحت انسداد معوي.
D) التهاب الزائدة الدودية الحاد.
E) قولنج مراري.",E,E
4919,"مريض عمره 50 سنة حدثت لديه بداية مفاجئة لألم بطني (خلال ثواني) شرسوفي سري، ما يلي يدخل بالتشخيص التفريقي ما عدا:

A) التهاب البنكرياس الحاد.
B) تمزق أم دم الشريان الأبهري البطني.
C) احتشاء العضلة القلبي السفلي.
D) التهاب زائدة دودية حاد.
E) الانسداد المساريقي الحاد.",D,D
4920,"مريضة متزوجة بعمر 30 سنة لديها سوابق تداخل جراحي على البطن، مع سوابق تباعد طموث شديد وتعاني من ألم بطني سفلي متكرر يستمر عدة ساعات راجعت بالم بطني سفلي حاد منذ ساعة فكل ما يلي يدخل بالتشخيص التفريقي ما عدا:

A) حمى بحر أبيض متوسط.
B) قولنج مراري.
C) نوب تحت انسداد معوي.
D) التهاب الزائدة الدودية الحاد.
E) تمزق الحمل الهاجر.",B,B
4921,"مريض عمره 50 سنة حدثت لديه بداية مفاجئة لألم بطني (خلال ثواني) شرسوفي سري، ما يلي يدخل بالتشخيص التفريقي ما عدا:

A) انثقاب قرحة هضمية.
B) التهاب زائدة دودية حاد.
C) تمزق أم دم الشريان الأبهري البطني.
D) احتشاء العضلة القلبية.
E) الانسداد المساريقي الحاد.",B,B
4922,"فتاة عمرها 17 سنة كانت لديها ......... بطن حادة منذ ثلاثة أيام، أجري لديها فتح بطن ووجدت التهاب زائدة منتقبة، بعد العملية لم تتحسن حالتها العمة وتطور لديها عرواءات، كل ما يلي يدخل بالتشخيص التفريقي ما عدا:

A) التهاب جرح.
B) جراحة بطنية.
C) ذات رئة قاعدية.
D) التهاب مثانة.
E) انتان حويضة وكلية.",C,A
4923,"إن خطة العلاج للمريضة السابقة يتضمن ما يلي ما عدا:

A) فحص سريري جيد لاسيما الجرح والمس الشرجي.
B) اجراء ايكو للبطن والحوض.
C) اجراء تقييم دموي جديد.
D) اجراء صورة صدر بسيطة.
E) اجراء تنظير بولي تشخيصي.",E,A
4924,"مريض عمره 50 سنة حدثت لديه بداية مفاجئة لألم بطني (خلال ثواني) شرسوفي سري، ما يلي يدخل بالتشخيص التفريقي ما عدا:

A) انثقاب قرحة هضمية.
B) تمزق أم دم الشريان الأبهري البطني.
C) احتشاء العضلة القلبية.
D) الانسداد المساريقي الحاد.
E) التهاب زائدة دودية حاد.",E,E
4925,"مريضة متزوجة بعمر 30 سنة لديها سوابق تداخل جراحي على البطن، مع سوابق تباعد طموث شديد وتعاني من ألم بطني سفلي متكرر يستمر عدة ساعات راجعت بألم بطني سفلي حاد منذ ساعة فكل ما يلي يدخل بالتشخيص التفريقي

A) حمى بحر أبيض متوسط.
B) نوب تحت انسداد معوي.
C) التهاب الزائدة الدودية الحاد.
D) الحمل الهاجر.
E) قولنج مراري.",B,E
4926,"راجعت قسم الإسعاف طفلة عمرها 10 سنوات تعاني منذ ساعتين من ألم حفرة حرقفية يمنى دون إيلام مرتد فالحالة التي لا تدخل فالتشخيص التفريقي:

A) التهاب زائدة دودية.
B) التهاب عقد مساريقية.
C) نزف رتج ميكل.
D) انتان بولي.
E) آلام بلوغ مبكر.",E,C
4927,"كهل بعمر 48 سنة لديه ألم شرسوفي منذ عدة أيام وهن مع شحوب متوسط الشدة لدى التشخيص كل ما يلي صحيح ما عدا:

A) قد نتوقع التشخيص من قصة تناول NSAIDS
B) يمكن وضع التشخيص مبكرا بإجراء التنظير الهضمي العلوي.
C) يمكن وضع التشخيص مبكراً بإجراء طبقي محوري متعدد الشرائح.
D) كل ما سبق صحيح.
E) كل اما سبق خطا.",E,E
4928,"مريضة عمرها 50 سنة تعرضت لألم بطني حاد طاعن منذ نصف ساعة في الشرسوف تعمم في أنحاء لبطن مع اقياءات بنية اللون، فحص البطن لين فالتشخيص المحتمل:

A) التهاب بنكرياس حاد.
B) صمة شريان مساريقي علوي.
C) التهاب معدة وأمعاء.
D) احتشاء قلبي سفلي.",A,B
4929,"مريض يشتكي من ألم بطني حاد ومفاجئ يجب أن نجري له أولاً:

A) عيار البولة الدموية.
B) صورة شعاعية للصدر.
C) صورة بطن شعاعية.
D) عيار خضاب الدم.
E) مراقبة الصبيب البولي.",A,C
4930,"مريض عمره 65 سنة تطور لديه ألم بطني حاد مفاجئ ومستمر في الربع السفلي الأيمن منذ ساعة، تلاه الام ماغصة سرية مع غثيان، الفحص السريري يبدي سحنة سمية مع فحص بطن سوي تقريباً فالتشخيص الأقوى هو:

A) التهاب معدة وأمعاء.
B) التهاب كولون غشائي كاذب.
C) التهاب زائدة دودية حاد.
D) انسداد أمعاء بنقص التروية.
E) حالة نفسية.",C,D
4931,"إن الفحص المقترح المشخص للمريض السابق هو:

A) ايكو بطن.
B) صورة بطن بالوقوف.
C) طبقي محوري للبطن بدون حقن.
D) تصوير وعاني مساريقي.
E) فحص البراز.",C,D
4932,"اى شاب 32 سنة لقسم طوارئ بقصة إقياء (الكميات كبيرة من الدم الأحمر القاني). ما هي الخطوة الأولى الأهم في تدبير هذا المريض:

A) القصة السريرية والفحص السريري.
B) تحديد عيار الخضاب.
C) الإنعاش بالسوائل.
D) وضع أنبوب أنفي معدي.
E) إجراء تنظير هضمي عنوي إسعافي.",A,C
4933,"مريض لديه نزف هضمي علوي (اختر الصحيحة):

A) نزف المعدة والعفج علوي.
B) لون البراز ناتج عن لون الحديد المرجع في الدم
C) وجود الدم في الأمعاء يبطئ حركية الأمعاء.
D) عدم إعطاء الصادات يزيد في البولة الدموية.
E) التنظير الهضمي العلوي واجب خلال 24 ساعة من قبول المريض في المشفى.",A,A
4934,"3. أجري تنظير هضمي علوي لرجل عمره 55 سنة وتم اخباره أن لديه آفة قد تسبب فقراً دموياً والنزف الحاد منها غير شائع ما هو هذا التشخيص؟

A) 1. قرحة معدية.
B) 2. سرطانة معدية.
C) 3. قرحة عفجية.
D) 4. دوالي مريئية.
E) 5. تسحجات معدية.",C,B
4935,"4. أتى شاب 32 سنة لقسم الطوارئ بقصة إقياء (لكميات كبيرة من الدم الأحمر القاني). ما هي الخطوة الأولى الأهم في تدبير هذا المريض؟

A) 1. القصة السريرية والفحص السريري.
B) 2. تحديد عيار الخضاب
C) 3. الإنعاش بالسوائل.
D) 4. وضع أنبوب أنفي معدي.
E) 5. اجراء تنظير هضمي علوي اسعافي.",A,C
4936,"34. العلاج الأمثل لمريض عمره 40 سنة وجد لديه بالتنظير الهضمي العلوي لمفوما معدية هو:

A) 1. استئصال معدة تحت تام.
B) 2. علاج شعاعي.
C) 3. استئصال معدة تحت التام مع علاج شعاعي.
D) 4. علاج كيماوي.
E) 5. استئصال موضع واسع للورم.",D,D
4937,"2. راجع طفل يبلغ من العمر 12 سنة بعقدة درقية مع ضخامة عقد لمفية ناحية ما هو التشخيص المحتمل؟

A) 1. سرطان لبي.
B) 2. سرطان جريبي.
C) 3. المفوما.
D) 4. سرطان حليمي.
E) 5. سرطان غير مصنع.",B,D
4938,"3. راجعت مريضة في منتصف العمر بسلعة درقية لفترة طويلة والفص الأيمن متضخم بشكل أكبر من الأيسر وسريريا وسري كانت في حالة سواء درقي. ما هو التشخيص المحتمل؟

A) 1. عقدة درقية سليمة.
B) 2. داء غريف.
C) 3. سلعة متعددة العقد.
D) 4. سرطان حليمي.
E) 5. سرطان جريبي.",B,C
4939,"24. فتاة في الربيع الخامس شكت من عسرة تنفس بالفحص تبين بوجود كتلة في جوف الفم بقطر 3 سم على الخط الناصف وعلى مؤخرة اللسان. ما هو التشخيص الأكثر احتمالاً؟

A) 1. لوزة لسانية.
B) 2. درق لسانية.
C) 3. جسم أجنبي علق باللسان.
D) 4. Dermoid
E) 5. وذمة عصبية وعائية.",B,B
4940,"25. شابة في ربيعها الأربعين تشكو من نقص وزن مع خفقان وجحوظ في العينين. بالفحص السريري تبين وجود سلعة درقية متوسطة الحجم منتشرة ومتجانسة، بالفحوص الدموية تبين وجود فرط نشاط درق بدني، ما هو العلاج غير المرغوب به في هذه الحالة؟

A) 1. إعطاء الميتيمازول Methimazoli
B) 2. إعطاء محلول اللوغول Lugols iodine
C) 3. المعالجة الشعاعية باليود I 131
D) 4. استئصال الدرق التام.
E) 5. الستيروئيدات.",B,C
4941,"8. راجع مريض بدانة طبيبه وكان BMI لديه 40 فقرر الطبيب إجراء عملية Sleeve gastrectomy ما هو الإجراء الأول الذي يجب إجراؤه قبل العمل الجراحي؟

A) 1. استشارة طبيب التغذية.
B) 2. تحويل المريض لطبيب نفسي.
C) 3. الحصول على موافقة المريض.
D) 4. إجراء التحاليل الدموية اللازمة.",C,C
4942,"4. يعاني مريض عمره 50 سنة ويبدو بصحة جيدة من أصمية حديثة وايلام وألم في الربع العلوي الأيمن لمدة 3-4 أشهر. كان الفحص السريري سلبيا. سريري سلبياً وكانت وظائف الكبد طبيعية وكذلك. التنظير الهضمي العلوي أما الايكو فأظهر وجود آفة كيسية وحيدة تبلغ 6 سم. ما هو التشخيص المحتمل؟

A) 1. متلازمة بود شياري.
B) 2. التهاب الطرق الصفراوية المصلب البدئي.
C) 3. عداء كارولي.
D) 4. داء كيسي بسيط",D,D
4943,"2. راجع مريض مشخص لديه سابقة حصيات مرارية يبلغ من العمر 60 سنة بقصة ألم بطني شديد ومستمر 6 ساعات وبالفحص السريري كان المريض غير مرتاح ومصدوم من انتفاخ البطن ومضض راجع معممين ما هو التشخيص المحتمل؟

A) 1. تقيح مرارة.
B) 2. التهاب مرارة حاد.
C) 3. قيلة مخاطية في المرارة.
D) 4. التهاب بريتوان تالي لانثقاب مرارة.
E) 5. خزل معوي بسبب حصاة مرارية.",D,D
4944,"3. راجع مريض يبلغ من العمر 56 سنة بألم شديد في أعلى 4 البطن منذ أسبوع مع حرارة spiking fever وكان غير مرتاح بشدة مع وجود علامات لتخريش بريتواني في الربع العلوي الأيمن مع جس كتلة ما هو التشخيص المحتمل؟

A) 1. تقيح مرارة.
B) 2. التهاب مرارة حاد.
C) 3. قيلة مخاطية في المرارة.
D) 4. التهاب بريتوان تالي لانثقاب مرارة.
E) 5. خزل معوي بسبب حصاة مرارية.",D,A
4945,"4. راجع مريض يبلغ من العمر 60 سنة بقصة ألم بطني ويرقان وحرارة مع عروءات، ماهو التشخيص المحتمل؟

A) 1. تقيح مرارة.
B) 2. التهاب مرارة حاد.
C) 3. قيلة مخاطية في المرارة.
D) 4. التهاب طرق صفراوية صاعد.
E) 5. خزل معوي بسبب حصاة مرارية.",D,D
4946,"5. عولجت مريضة تبلغ من العمر 40 سنة لالتهاب مرارة حاد حيث لوحظ وجود مرارة مجسوسة غير ممضه، لم يكن هناك ترفع حروري وكانت المريضة بشكل عام بصحة جيدة، ما هو التشخيص المحتمل؟

A) 1. تقيح مرارة.
B) 2. التهاب مرارة حاد.
C) 3. قيلة مخاطية في المرارة.
D) 4. التهاب طرق صفراوية صاعد
E) 5. خزل معوي بسبب حصاة مرارية.",B,C
4947,"2. راجع مريض عمره 48 سنة باضطراب رئوي وصداع وارتفاع ضغط ما هو التشخيص المحتمل؟

A) 1. متلازمة كوشينغ.
B) 2. داء كوشينغ.
C) 3. متلازمة كون.
D) 4. متلازمة نيلسون.",B,C
4948,"3. مريض ربو مع تفاقم متكرر لحالته تطور لديه بشكل تدريجي شعرانية مع بدانة جذعية وكدمات ما هو التشخيص المحتمل؟

A) 1. متلازمة كوشينغ.
B) 2. داء كوشينغ.
C) 3. متلازمة كون.
D) 4. ورم القوائم.",B,A
4949,"8. امرأة مسنة عمرها 30 سنة تشكو آلام مفصلية مع وهن عضلي الفحص الفيزيائي كان طبيعياً الروتين الدموي أظهر النتائج التالية: الخضاب الدموي طبيعي، وظائف الكلية البولة والكرياتنين سوية، كالسيوم المصل 11-12 ملغ / دل، أي الحالات التالية لا تتناسب مع حالة المريضة:

A) 1. وجود الميوغلوبين في البول.
B) 2. عيار الهرمون PTH مرتفع في المصل.
C) 3. اطراح الكالسيوم في البول مرتفع.
D) 4. قد تشاهد أورام بنكرياسية.
E) 5. قد تشاهد أورام نخامية.",E,C
4950,"4. أثناء إجراء ايكو بطن لسيدة حامل تبلغ من العمر 30 سنة تبين وجود كتلة متكلسة في الشرسوف يبلغ قطرها 1 سم وقد سمع لغط في منطقة الشرسوف ولم يكن لديها أي أع أعراض. ما هو التشخيص المحتمل؟

A) 1. تمزق طحال.
B) 2. احتشاء طحال.
C) 3. أم دم شريان طحالي.
D) 4. فرفريه نقص الصفيحات البدنية.
E) 5. داء تكور الكريات الحمر الوراثي.",D,C
4951,"17. طفل عمره 7 سنوات يعاني من فقر دم منجلي، بدأ يشكو منذ ساعتين من ألم بطني حاد في الربع العلوي الأيسر من البطن. بالفحص الضغط 60/100 ملم زئبقي النبض 110 ن/د.

A) 1. نوبة ألمية بسبب انسداد الأوعية الدموية.
B) 2. نوبة تراص حادة.
C) 3. تمزق طحال عفوي.
D) 4. خراج طحال.
E) 5. احتشاء طحال.",C,A
4952,"18. سيدة عمرها 40 سنة تشكو من فرفرية مناعية مزمنة Chronic immune thrombocytopenic purpura (ITP) معندة على العلاج بالستيروئيدات اقترح لها استئصال طحال ماهي نسبة الاستفادة من الجراحة؟

A) 1. أقل من 20%
B) 2. 40%
C) 3. 60%
D) 4. 80%
E) 5. لا فائدة من الجراحة.",B,A
4953,"2. راجع مريض بعمر 70 سنة دون سوابق جراحية بألم بطني متقطع منذ أسبوع وتوسع بطني وإقياء مستمر منذ يوم، بالفحص المريض لا يوجد فتوق مع تعداد 3000 كرية بيضاء / مم ما هي الخطوة التالية؟

A) 1. مراقبة 24 ساعة أخرى.
B) 2. إجراء تنظير هضمي علوي.
C) 3. فتح بطن عاجل.
D) 4. إجراء (CT) التصوير الطبقي المحوسب للبطن.
E) 5. إجراء تحليل CEA",D,D
4954,"9. راجع مريض 20 عاماً من الرقة يعاني من ألم بطني غير محدد وحين متوسط الكمية وترفع حروري بسيط وتعرق ليلي، نقص وزن وقهم وإعياء منذ عدة أسابيع، ما يلي يدخل في التشخيص التفريقي ما عدا:

A) 1. التهاب بريتواني سلي.
B) 2. تسرطن بيرتواني.
C) 3. لمفوما.
D) 4. تشمع الكبد.
E) 5. التهاب كبد فيروسي A.",E,E
4955,"21. مريضة عمرها 20 سنة مصابة بحبن متوسط الشدة منذ شهر، كل ما يلي يدخل في خطة العمل والبحث عن السبب ما عدا:

A) 1. القصة السريرية والفحص السريري.
B) 2. الفحوص المخبرية والشعاعية.
C) 3. بزل سائل الحين.
D) 4. الفحوص التنظيرية الداخلية.
E) 5. تنظير البطن الاستقصائي أولاً.",E,E
4956,"22. يشمل علاج المريضة السابقة ما يلي ما عدا:

A) 1. حل المشكلة الأساسية.
B) 2. الحمية الغذائية فقيرة الملح.
C) 3. الحمية الغذائية عالية الشحوم.
D) 4. إعطاء المدرات طارحة البوتاسيوم.
E) 5. إعطاء المدرات الحافظة للبوتاسيوم.",C,C
4957,"3. راجع مريض بعمر 70 سنة دون سوابق جراحية بألم -بطني متقطع منذ أسبوع وتوسع بطني وإقياء مستمر منذ يوم، بفحص المريض لا توجد فتوق مع تعداد 3000 كرية بيضاء / مم ما هي الخطوة التالية؟

A) 1. مراقبة 24 ساعة أخرى.
B) 2. إجراء تنظير هضمي علوي.
C) 3. فتح بطن عاجل.
D) 4. إجراء (CT) التصوير الطبقي المحوسب للبطن.
E) 5. إجراء تحليل CEA",D,D
4958,"5. شاب 20 سنة بعد 20 يوماً من استئصال زائدة ملتهبة. راجع الإسعاف بإقياء مع تمدد بطن وإيلام خفيف. تعداد WBC كان 14000 كرية/ مم2 والكهارل طبيعية، الخطوة التالية؟

A) 1. مراقبة 24 ساعة أخرى مع وضع NG.
B) 2. إجراء تنظير هضمي سفلي.
C) 3. فتح بطن عاجل.
D) 4. إجراء رحضة باريتية.
E) 5. إجراء (CT) التصوير الطبقي المحوسب للبطن.",E,A
4959,"6. بالغ 45 سنة لديه ألم بطني حاد والتشخيص هو التهاب مرارة حاد. ماهي العلامات الأكثر توافقاً مع المريض؟

A) 1. حمى وألم مراق أيمن متقطع ويرقان.
B) 2. ألم بطني مستمر ومضض مراق أيمن وارتفاع الكريات البيضاء.
C) 3. ألم مراق أيمن متقطع مع مضض خفيف فوق المرارة
D) 4. ألم شرسوف ينتشر للظهر.
E) 5. يرقان صامت مع مرارة متوترة مجسوسة وغير مؤلمة.",B,B
4960,"11. أتى شاب 32 سنة لقسم الطوارئ بقصة إقياء (لكميات كبيرة من الدم الأحمر القاني). ما هي الخطوة الأولى الأهم في تدبير هذا المريض؟

A) 1. القصة السريرية والفحص السريري.
B) 2. تحديد عيار الخضاب.
C) 3. الإنعاش بالسوائل.
D) 4. وضع أنبوب أنفي معدي.
E) 5. إجراء تنظير هضمي علوي إسعافي.",A,C
4961,"13. مريض 70 سنة تطور لديه بعد 3 أيام من احتشاء قلبي ألم بطني مع تعدد البطن وخفوت في أصوات الأمعاء. تحليل غازات الدم يشير إلى احمضاض استقلابي. فالتشخيص المحتمل هو؟

A) 1. انثقاب قرحي.
B) 2. احتشاء مساريقي.
C) 3. انسداد قولون كاذب.
D) 4. التهاب بنكرياس حاد.
E) 5. التهاب رتوج.",B,B
4962,"16. مريضة عمرها 50 عاماً بعد أسبوعين من استئصال رحم تام لآفة سليمة، راجعت قسم الإسعاف بقصة خروج مفرزات برازية غزيرة من الجرح في اليوم الثالث مع حالة عامة متوسطة، وفلغمون في منطقة الجرح. فالحالة هي أحد ما يلي ماعدا:

A) 1. ناسور جلدي معوي مع الأعور.
B) 2. ناسور جلدي معوي مع الدقاق.
C) 3. ناسور جلدي معوي مع السين.
D) 4. ناسور جلدي معوي مع المستقيم.",B,B
