id,input,prediction,ground_truth,raw_output,primary_reasoning_objective,judge_label
1,"مريض: السلام عليكم دكتور، من كم شهر وأنا أحس بالعوار في عظامي، وعندي إمساك بشكل متكرر. بعد أحس بتعب وما أقدر أركّز، تفكيري مب صافي.

مساعد طبي: وعليكم السلام، فاهم عليك. تقدر توصفلي عوار العظام بتفصيل أكثر؟ وهل استوى عندك حصى بالكلى في الفترة الأخيرة؟

مريض: العوار مب في مكان محدد، أحس جنه عظامي تعورني من داخل. وللأسف، ياني حصى بالكلى مرتين خلال الثلاث سنين اللي طافت.

مساعد طبي: تمام، هالمعلومة مهمة. على حسب أعراضك وتاريخك مع حصى الكلى، ومع التحاليل اللي تبين إن الكالسيوم مرتفع بالدم، ممكن يكون عندك فرط نشاط الغدة الجار درقية. بنحتاج نسوي فحوصات إضافية عشان نأكد التشخيص.

مريض: فرط نشاط الغدة الجار درقية؟ أول مرة أسمع فيه. هل هو خطير؟ وشو العلاج اللي أحتاجه؟","فرط نشاط الغدة جار درية مش خطير إن ما يعالج، بس لازم نأكد التشخيص. بنحتاج نسوي فحوصات مثل مستوى PTH في الدم و scan for the glands. إن كان التشخيص إيجي, بنحتاج نعمل جراحة عشان استئصال الغدة.",الغدد الجار دراقية غدد صغيرة تكون ورا الغدة الدراقية. وظيفتها الأساسية  انها تنظّم مستوى الكالسيوم في الدم،  أحيانًا ممكن تصير خطيرة إذا الكالسيوم ارتفع بسرعة وبشكل حاد. الزين إن هالحالة لها علاج وغالبًا تكون عن طريق استئصال هالغدد بعملية جراحية. المهم انك ما تأخّر ولا تهمل الموضوع، ولازم تتابع مع دكتور مختص في الغدد الجار دراقية. بدون علاج ممكن تسبب آلام وحصى كلسية، وبعد ممكن تبطّئ حركة الجهاز الهضمي.,"ANSWER: فرط نشاط الغدة جار درية مش خطير إن ما يعالج، بس لازم نأكد التشخيص. بنحتاج نسوي فحوصات مثل مستوى PTH في الدم و scan for the glands. إن كان التشخيص إيجي, بنحتاج نعمل جراحة عشان استئصال الغدة.",,Incorrect
2,"مريضة: السلام عليكم دكتور. أحس بتعب وايد من يوم رجعت من إجازة الأمومة، ووزني زاد وايد مع إني ما آكل مثل قبل.

مساعد طبي: وعليكم السلام. أفهم قلقِج، فترة من عقب الولادة تكون متعبة. تحسين بأعراض ثانية غير زيادة الوزن وقلة الشهية؟

مريضة: هيه، أحس بالبرد على طول حتى لو الجو دافي، وبشرتي استوت ناشفة وايد. وبعد لاحظت شعري قام يطيح من الاطراف.

مساعد طبي: هالأعراض مهمة. لاحظتي أي تغيّر فالدورة الشهرية أو أي انتفاخ بمنطقة الرقبة؟

مريضة: هي والله، الدورة صارت اثجل واتيني كل ثلاث أسابيع بدل الشهر. وأحس شي برقبتّي، كأنها منتفخة شوي بس بدون عوار.

مساعد طبي: تمام. عندِج تاريخ بالعائلة لأمراض الغدد أو أمراض مناعة ذاتية؟ وتحسين بصعوبة فالبلع؟

مريضة: هي، أمي فيها سكري النوع الأول. أما البلع ما أحس بصعوبة، بس أنا وايد محاتية لانه كل ها الأعراض طالعة مع بعض","هالأعراض مع بعض تستاهل نسوي فحوصات لهرمونات الغدة الدرقية، لأننا نحتاج نقيس مستويات TSH, T3, and T4. أنصحك تراجع دكتور متخصص في الغدد الصماء عشان نأكد التشخيص.",هالحالة تعتبر بسيطة وعلاجها موجود لالتهاب أو خمول الغدة الدرقية بعد الولادة. المهم تتابعين ويا دكتور مختص بالغدة الدرقية وتسوين فحص هرمون TSH وفحص TPO antibodies عشان نتأكد إذا السبب من المناعة. وغالبًا هالمرض يتعالج بسرعة وبشكل نهائي، ف لا تحاتين.,"ANSWER: هالأعراض مع بعض تستاهل نسوي فحوصات لهرمونات الغدة الدرقية، لأننا نحتاج نقيس مستويات TSH, T3, and T4. أنصحك تراجع دكتور متخصص في الغدد الصماء عشان نأكد التشخيص.",,Incorrect
3,"مريض: السلام عليكم دكتور. أنا من تقريباً ست شهور أعاني من كم مشكلة وحاب أستشيركم.

مساعد طبي: وعليكم السلام. حيّاك، في شو أقدر أساعدك. شو المشاكل اللي تحس فيها بالضبط؟

مريض: عندي ضعف في الرغبة الجنسية وضعف في الانتصاب، وبعد لاحظت إن شعر ويهي قام يقل وصرت أتحلق أقل عن العادة.

مساعد طبي: فهمت. هذي أعراض مهمّة. عندك أعراض ثانية؟ مثل صداع أو مشاكل في النظر أو أي تغيّرات في الجسم؟

مريض: هي نعم، هالفترة عندي صداع خفيف بس مستمر، وأحس إن النظر الجانبي عندي صار فيه ضبابية شوي. وبعد لاحظت انتفاخ بسيط في الثدي.

مساعد طبي: هاي معلومات مفيدة وايد. تاخذ أي أدوية الحين؟ وهل تعرّضت لأي ضربة في الراس أو سويت عمليات قبل؟

مريض: لا، ما آخذ أي أدوية وما تعرّضت لأي إصابات في الراس ولا عمليات. هالأعراض مرتبطة ببعض؟ أنا وايد محاتي.","هالأعراض قد تكون بسبب خلل في الغدة الدرقية أو نقص في هرمون التستوستيرون, لازم نعمل فحوصات دم ونسوي الغدة.",هي، هالأعراض ممكن تكون مرتبطة طبياً ونحتاج تشخيص واضح. ممكن يكون الموضوع له علاقة بالغدة النخامية (البيتويتري)، واللي تحسين فيه ممكن يكون بسبب زيادة افراز هرمون البرولاكتين في الدم. غالبًا يكون ورم حميد ومب سرطاني، ويستجيب وايد زين للعلاج بالأدوية. المهم تتابعين ويا دكتور غدد صمّاء. لازم تسوي MRI (رنين مغناطيسي) عشان نحدد الحجم، وتسوي فحص نظر عشان نقيم التأثير على النظر الجانبي. باختصار، ما له داعي للذعر—هالحالة لها علاج إذا تتابعت ويا المختصين.,"ANSWER: هالأعراض قد تكون بسبب خلل في الغدة الدرقية أو نقص في هرمون التستوستيرون, لازم نعمل فحوصات دم ونسوي الغدة.",,Incorrect
4,"مريض: السلام عليكم دكتور. أنا وايد احاتي من الأعراض اللي مستويه فيني هالفترة. وزني زاد 12 كيلو خلال السنة اللي طافت، وأحس بضعف قوي في عضلاتي.

مساعد طبي: وعليكم السلام. فاهم ليش محاتية. هاي زيادة وزن مبينه. تقدرين تقولين لي وين متركزة الزيادة بالضبط؟ وشو نوع ضعف العضلات اللي تحسين فيه؟

مريض: الزيادة أكثر شي في البطن والويه. وبالنسبة لضعف العضلات، أتعب وايد وأنا أحاول أقوم من كرسي واطي وعميق، جنه ريولي ما تشيلني. وبعد طلعت لي خطوط لونها بنفسجي على بطني وورجي.

مساعد طبي: هاي أعراض مهمة. لاحظتي أي تغييرات ثانية هالأيام؟ مثلًا تغيّر في الدورة الشهرية أو طلوع شعر بشكل مو طبيعي؟

مريض: هي، دورتي صارت متلخبطة ومب منتظمة، طالعلي شعر في مكان يديد واللي هو على ويهي. وبعد دكتوري قال إن ضغطي مرتفع وصعب نسيطر عليه، وإن سكر الدم صار مرتفع شوي.

مساعد طبي: مشكورة على هالمعلومات الدقيقة. هالأعراض مع بعض—الزيادة اللي متركزة، الخطوط البنفسجية، ضعف العضلات، لخبطة الدورة، نمو الشعر، وارتفاع الضغط والسكر—تدل على احتمال يكون في خلل هرموني. نحتاج نسوي فحوصات هرمونات محددة عشان نأكد التشخيص.

مريض: تتوقع هالشي خطير؟ أنا وايد خايفة لأن كل هالأعراض طلعت بسرعة خلال سنة بس.","هالأعراض تدل على احتمال يكون في متلازمة كوشينغ. نحتاج نسوي فحوصات هرمون الكورتيز وCT scan عشان نأكد. هالمرض خطير لو ما يتreatedش, بس مع العلاج اللي مناسب، هتتحسن.",هالأعراض اللي عندج ممكن تكون متلازمة كوشينغ، وتعتبر خطيرة إذا ما تعالجت من البداية. لازم تراجعين دكتور غدد (endocrinologist) فأسرع وقت وتسوين الفحوصات اللازمة مثل الأشعة والتحاليل. بس لا تشلين هم، لها علاج وممكن تتحسنين بشكل كبير.,"ANSWER: هالأعراض تدل على احتمال يكون في متلازمة كوشينغ. نحتاج نسوي فحوصات هرمون الكورتيز وCT scan عشان نأكد. هالمرض خطير لو ما يتreatedش, بس مع العلاج اللي مناسب، هتتحسن.",,Correct
5,"مريض: السلام عليكم دكتور. من حوالي شهر فيني عطش وايد قوي، وأشرب ماي وايد كل يوم وما أحس إني أرتوي أبد.

مساعد طبي: وعليكم السلام. هلا فيك. هالشي يحتاج تقييم دقيق. تقريباً كم لتر ماي تشرب باليوم؟ ولاحظت أي تغيير بعدد مرات التبول؟

مريض: أشرب تقريباً 8 لترات أو أكثر باليوم! وفي اليل أقوم تقريباً كل ساعة عشان ابول، وهذا مأثر على رقادي وايد. والبول مستوي شفاف نفس الماي بالضبط.

مساعد طبي: هذا بصراحة مقلق. صار لك أي إصابة في راسك من جريب؟ ولا لاحظت أي تغيير في وزنك  في الفترة الأخيرة؟

مريض: هيه، استوالي حادث دراجة نارية بسيط من شهرين ياني ارتجاج خفيف  في المخ، بس الدكاترة قالوا ما فيه كسور  في الجمجمة. ونزلت 3 كيلو خلال الشهر اللي طاف.

مساعد طبي: فهمت الحين. عندك أي أعراض ثانية مثل تشوّش بالرؤية؟ وفيه تاريخ بالعائلة للسكر أو مشاكل  في السكر؟

مريض: لا، نظري طبيعي وما عندنا تاريخ عائلي للسكر. المشكلة الوحيدة هالعطش الشديد وكثرة التبول اللي تخلّيني مرات أشرب ماي بدال ما آكل وجبات.",هالاعراض كلها مشير لسكر. لازم نعمل فحوصات دم عشان نأكد.,هالحالة ممكن تكون خطيرة، اسمها دايبيتس إنسيبيدس، وتصير بسبب نقص هرمون ADH. هالشي يسبب جفاف قوي إذا ما تعالج، وممكن يسوي مضاعفات. نقدر نتأكد من التشخيص بفحوصات الدم والبول، وفي علاج يخفف الحالة. عشان جي لازم تراجع دكتور غدد خلال يوم أو يومين بالكثير.,ANSWER: هالاعراض كلها مشير لسكر. لازم نعمل فحوصات دم عشان نأكد.,,Incorrect
6,"مريضة: السلام عليكم دكتور. أنا طالبة جامعة، عمري 22 سنة، ومن أيام البلوغ وأنا أعاني من كذا مشكلة. الدورة عندي مب منتظمة أبد، ما تييني إلا ثلاث أو أربع مرات بالسنة.

مساعد طبي: وعليكم السلام. أفهم قلقج من عدم انتظام الدورة. في أعراض ثانية؟ مثل تغيّر بالوزن، أو زيادة بالشعر، أو مشاكل بالبشرة؟

مريضة: إي نعم. عندي حب شباب من أيام البلوغ، وما نفع وياي العلاج الموضعي. وبعد لاحظت شعر خشن وغامج يطلع بالذقن وفوق الشفة، وهذا محرج وايد.

مساعد طبي: أفهم ضيجج من هالأعراض. لاحظتي تغيّر بلون الجلد، خصوصاً بالرقبة أو تحت الإبط؟ وكم وزنچ تقريباً الحين؟

مريضة: إي، في بقع غامجة وملمسها مثل المخمل برقبتّي وتحت إبطي. وبالنسبة للوزن، أنا زايد وزني والـ BMI عندي 31. مع إني مسوية دايت وأقلل السعرات، بس ما أقدر أنزّل وزني، وهذا محبط وايد.

مساعد طبي: على حسب الأعراض اللي تقولينها—عدم انتظام الدورة، زيادة الشعر، حب الشباب، والبقع الغامجة بالجلد—ممكن يكون عندچ متلازمة تكيّس المبايض. سويتي قبل سونار للحوض؟

مريضة: إي، سويت سونار قبل، والدكتور قال شي عن وجود “أكياس” بس ما فهمت التفاصيل زين. هل هالشي له علاقة بكل هالمشاكل اللي أعاني منها؟","هالأكياس اللي في سونار هي بسبب متلازمة تكيّس المبايض، وده هو السبب في عدم انتظام الدورة، زيادة الوزن, وزيادة الشعر. هأكتب لك دواء عشان تنظيم الدورة وعلاج الأعراض, وده هيساعدك في تنظيم الهرمونات.",هي، على الأغلب عندج تشخيص اسمه PCOS (تكيس المبايض). هالحالة يكون فيها لخبطة بالهرمونات ومقاومة للإنسولين، وأكياس على المبايض. التشخيص المبكر وايد مهم. لازم تراجعين دكتورة نسا أو دكتور غدد عسبت ينظّمون الهرمونات وترجع الدورة لوضعها الطبيعي.,"ANSWER: هالأكياس اللي في سونار هي بسبب متلازمة تكيّس المبايض، وده هو السبب في عدم انتظام الدورة، زيادة الوزن, وزيادة الشعر. هأكتب لك دواء عشان تنظيم الدورة وعلاج الأعراض, وده هيساعدك في تنظيم الهرمونات.",,Correct
7,"مريض: السلام عليكم دكتور. أنا خايف من ضغط دمي. مع إني آخذ دوائين للضغط، بس القراءات لين الحين عالية وأحس بتشنجات في العضلات وتعب وضعف عام.

مساعد طبي: وعليكم السلام. فاهم ليش انت خايف... تقدر تقول لي آخر قراءة للضغط كم كانت؟ ومتى بديت تحس بهالتشنجات والضعف؟

مريض: آخر قراءة كانت 165/105. التشنجات بَدَت من كم أسبوع، خصوصاً في الريول، والضعف العام يزيد شوي شوي. وبعد التحاليل طلع عندي البوتاسيوم نازل.

مساعد طبي: هالشي صدق يخوف، خصوصاً ويا نزول البوتاسيوم. تاخذ أي أعشاب أو عرق سوس؟ وفي حد في العيلة عنده تاريخ سكتة مبكرة أو أمراض في الكلى؟

مريض: لا، ما آخذ أي أعشاب ولا عرق سوس، وما عندنا تاريخ سكتة ولا أمراض كلى. وأنا ملتزم بأكل قليل ملح مثل ما قلتوا لي.

مساعد طبي: حسب الأعراض ونزول البوتاسيوم مع ارتفاع الضغط رغم العلاج، يمكن نحتاج فحوصات زيادة عشان نستبعد حالة اسمها متلازمة كون. بحوّلك للدكتور خالد عشان يسوي لك فحص مستوى الألدوستيرون والرينين في الدم.

مريض: شو هي متلازمة كون؟ وهل هي خطيرة؟ ومتى أقدر أسوي هالفحوصات؟","متلازمة كون هي حالة بسبب زيادة هرمون aldosterone, which can cause high blood pressure and low potassium. It's serious if not treated, but we can manage it. You can do the tests tomorrow morning after fasting.",متلازمة كون (فرط الألدوستيرون الأولي) مرض قابل للعلاج. يصير بسبب زيادة هرمون الألدوستيرون، وهذا يسبب نقص بالبوتاسيوم واحتباس الصوديوم، وبالتالي ارتفاع الضغط. غالبًا السبب يكون تضخّم أو ورم حميد في الغدة الكظرية. لازم نأكد التشخيص بالتحاليل والفحوصات، وبعدها العلاج يكون يا بالأدوية أو عملية حسب السبب.,"ANSWER: متلازمة كون هي حالة بسبب زيادة هرمون aldosterone, which can cause high blood pressure and low potassium. It's serious if not treated, but we can manage it. You can do the tests tomorrow morning after fasting.",,Correct
8,"مريض: دكتور، أحس بتعب وايد وما عندي طاقة من فترة. مع إني ملتزم آخذ أدوية الغدّة الدرقية والتستوستيرون بانتظام بعد عملية الغدّة النخامية، بس ما أحس إني قاعد أتحسن.

مساعد طبي: فاهم عليك. تقدر تقول لي أكثر عن هالتعب؟ وكيف يكون؟ ولاحظت أي تغييرات ثانية بجسمك أو بحالتك النفسية؟

مريض: هيه نعم، انتبهت دهون البطن زادت مع إني أتمرّن بانتظام، وبعد حسّيت إن الكتلة العضلية عندي نقصت. حتى بشرتي صارت أرق وفيها تجاعيد أكثر من اللي بعمري.

مساعد طبي: هذي أعراض مهمة. تحس بتغيّر بحالتك النفسية أو الاجتماعية؟ وسويت أي فحوصات قريب؟

مريض: هيه، أحس مزاجي  متعكر وما أحس بالوناسه، واستويت أتجنب النشاطات الاجتماعية أكثر عن قبل. وعقب آخر فحص لكثافة العظام بيّن تراجع بمنطقة أسفل الظهر.

مساعد طبي: على حسب الأعراض اللي تقولها، أظن عندك نقص بهرمون النمو. هالشي ممكن بعد جراحة الغدّة النخامية. بنحتاج نسوي فحص تحفيز الهرمون عشان نتأكد من التشخيص.

مريض: يعني تقصد إني أحتاج علاج  زيادة؟ وكم بياخذ وقت هالفحص وشو المخاطر المحتملة؟",هالعلاج لازم عشان تحافظ على صحتك، وفحص تحفيز الهرمون بياخد يومين. المخاطر ضئيلة، بس ممكن يكون بعض تهيج في مكان الحقنة.,بعد ما نأكّد التشخيص من خلال فحص الدم—وعادةً ياخذ من ساعتين لين ثلاث ساعات—بنراقب كيف جسمج يتجاوب مع الإنسولين ونزول السكر، وهل يستجيب ويطلع كورتيزول ولا ما يطلع. ممكن تحسين بأعراض هبوط السكر مثل الدوخة والعرج والتعب. إذا تأكّد التشخيص، بتحتاجين تاخذين إبر هرمون النمو لمدة ما بين ستة وتسعة أشهر على الأقل.,ANSWER: هالعلاج لازم عشان تحافظ على صحتك، وفحص تحفيز الهرمون بياخد يومين. المخاطر ضئيلة، بس ممكن يكون بعض تهيج في مكان الحقنة.,,Incorrect
9,"مريض: أحس بألم قوي وايد في بطني وغثيان مستمر، وما أقدر أوقف الترجيع من الفجر.

مساعد طبي: فاهم عليج إنج وايد متضايقة. أشوف في ملفج إن عندج سكري نوع أول وتستخدمين مضخة إنسولين. متى بدت هالأعراض؟ وشو وضع مضخة الإنسولين؟

مريض: بدت الأعراض أمس يوم لاحظت إن مكان المضخة صار أحمر ومنتفخ شوي، بس ما غيّرت الأنبوب. واليوم أحس بتعب شديد ونفسي قام يصير سريع وعميق.

مساعد طبي: هذا وايد مهم. عدم تغيير أنبوب المضخة يوم يطلع احمرار ممكن يعني إن الإنسولين ما يوصل عدل. فحصتي سكر الدم قريب؟ وتحسين بجفاف في حلجج؟

مريض: إي، حلجي ناشف وايد ولساني بعد ناشف. ما فحصت السكر من أمس لأني كنت تعبانة وايد.

مساعد طبي: لازم أفحص السكر الحين فوراً ونسوي فحوصات ثانية. هالأعراض—الغثيان، الاستفراغ، ألم البطن، النفس السريع والعميق، والجفاف—ممكن تدل على حالة طارئة اسمها الحماض الكيتوني السكري. بنبدي العلاج بسوائل وريدية والإنسولين فوراً.

مريض: أنا خايفة وايد، هل هالشي خطير؟ وكان لازم أغيّر أنبوب المضخة أول ما شفت الاحمرار؟",هالحالة خطيرة، بس ما تخافي. لازم نبدأ العلاج فوراً. غيّر أنبوب المضخة حالاً ونسوي فحوصات.,هي، هالحالة ممكن تكون وايد خطيرة، ولازم تدخلين المستشفى فورًا. غالبًا بتحتاجين العناية المركّزة عشان تاخذين العلاج بسرعة: أول شي سوائل عن طريق الوريد، والإنسولين بعد عن طريق الوريد، ومعاهم نراقب الأملاح ونحسّن وضعج العام. وبخصوص الاحمرار مكان الإنسولين: هي نعم، المرة الياية لازم تخبرين دكتور الغدد بأسرع وقت. الاحمرار مكان المضخة ممكن يدل على إن الإنسولين ما يوصل للجسم صح.,ANSWER: هالحالة خطيرة، بس ما تخافي. لازم نبدأ العلاج فوراً. غيّر أنبوب المضخة حالاً ونسوي فحوصات.,,Correct
10,"مريض: أحس بحرارة قوية وايد وقلبي يدق بسرعة وايد! ما أقدر أسيطر على عمري، أحس اني متلخبط بالقو.

مساعد طبي: فاهم عليج إنج تحسين بتعب شديد. تتذكرين إذا كنتي تاخذين دوى الميثيمازول بانتظام عشان فرط نشاط الغدة الدرقية؟

مريض: لا... ما خذت الدوا من أسابيع. كان عندي التهاب فالمسالك البولية ودخلوني المستشفى بسببه.

مساعد طبي: هالشي مهم وايد. أشوف عندج حرارة عالية وسرعة فدقات القلب مع إسهال مائي متكرر. تحسين بعد بتعرّق شديد؟

مريض: هيه! أتعرّق وايد وأحس بالحر وايد. بعد ضغطي نازل والممرضات وايد خايفات.

مساعد طبي: حالتج تحتاج علاج فوري لشي يسمونه العاصفة الدرقية. بنبدا الحين على طول بحاصرات البيتا والكورتيكوستيرويدات وأدوية مضادة للدرقية. هاي حالة طارئة.

مريض: أنا وايد خايفة... هل ها خطير؟ مب فاهمة شو اللي قاعد يصير لي بالضبط.",لا تخافي، هالعلاج هيعمل على تخفيف الأعراض بسرعة. هادخلك المستشفى عشان نراقبك ونعالجك بشكل متكامل.,هي، هالحالة ممكن تكون وايد خطيرة، والأحسن إنج تدخلين المستشفى، وبالخصوص العناية المركزة، عشان نبدأ الدواء بأسرع وقت. في أدوية تنزّل نبض القلب اسمها بيتا بلوكرز، وفي أدوية مضادّة للغدّة الدرقية، وكورتيزون عشان يوقف تحويل الهرمونات اللي تطلع من الغدّة الدرقية. هالمرض الحمدلله ما عليه شي وقابل للعلاج، والأحسن بعد ما تطلعين من المستشفى تتابعين مع دكتورة متخصصة بالغدّة الدرقية عسب تكملين العلاج على المدى البعيد، إن شاء الله.,ANSWER: لا تخافي، هالعلاج هيعمل على تخفيف الأعراض بسرعة. هادخلك المستشفى عشان نراقبك ونعالجك بشكل متكامل.,,Correct
11,"مريض: دكتور، أحس بضعف وايد قوي وما أقدر أوقف، وقاعد أزوع على طول من أمس.

مساعد طبي: فاهم عليك. خبرني، عندك أي أمراض مزمنة؟ وتاخذ أي أدوية بانتظام؟

مريض: إي نعم، عندي أديسون وآخذ هيدروكورتيزون يومياً. بس يتني نزلة معوية قبل يومين وما قدرت أثبّت الدوا فمعدتي لمدة ٢٤ ساعة كاملة.

مساعد طبي: هذا خطير وايد. عندك آلام ثانية؟ ولاحظت أي تغيّر في لون يلدك؟

مريض: إي، عندي ألم قوي في أسفل الظهر، وأحس بدوخة يوم أحاول أقعد. ويلدي صار أغمج، خصوصاً عند المفاصل.

مساعد طبي: حالتِك تدل على أزمة قصور الغدة الكظرية وتحتاج رعاية طبية فوراً. لازم ننقلك المستشفى الحين عشان نعطيك الهيدروكورتيزون بالوريد ومحاليل.

مريض: يعني هالشي خطير؟ أحس إني أسوأ كل ساعة.",هالشي خطير وايد، لازم نعمل كمان فحوصات عشان نحدد السبب، بس أول حاجة نعملها هو استقرار حالتك.,هيه، هالمرض خطير وممكن يسبّب تدهور بالأزمة لدرجة ممكن يؤدي للوفاة إذا ما اتعالج. الأحسن إنك تروح المستشفى ويدخلونك العناية المركزة عشان تاخذ هيدروكورتيزون عن طريق الوريد (IV) وبأسرع وقت ممكن. الحمد لله، هالمرض ما عليه شي وممكن يتعالج على المدى البعيد. وبعد ما يسيطرون على هالعاصفة، الأحسن تتابع مع دكتور غدد عشان العلاج الطويل الأمد.,ANSWER: هالشي خطير وايد، لازم نعمل كمان فحوصات عشان نحدد السبب، بس أول حاجة نعملها هو استقرار حالتك.,,Incorrect
12,"مريضة: بنتي لقتني مغمى عليّ في شقتي اللي كانت وايد باردة، ويابتني المستشفى. أحس ببرد وايد وما أقدر أركّز عدل.

مساعد طبي: فاهم إنج تمرّين بظرف صعب. تتذكرين شو صار قبل لا إغمى عليج؟ وعندج مشاكل فالغدّة الدرقية؟

مريضة: عندي مشاكل في الغدّة الدرقية من سنين، بس ما راجعت دكتور من زمان. ولاحظت إن ويهي ويديني متورّمين وايد هالأيام.

مساعد طبي: متى آخر مرة خذيتي أدوية الغدّة الدرقية؟ وهل سويتي أي عملية فالرّقبة قبل؟

مريضة: سويت عملية فالرّقبة من سنين وايد، وآخذ حبوب الغدّة الدرقية بس خلصن من عندي من شهور وما جددتهن.

مساعد طبي: هذا يفسّر حالتج الحين. إنتِ عندج حالة خطيرة اسمها غيبوبة الوِذمة المُخاطية بسبب نقص هرمونات الغدّة الدرقية. لازم نبدأ علاج طارئ بهرمونات الغدّة الدرقية عن طريق الوريد فوراً.

مريضة: يعني هالشي خطير؟ أحس نفسي يضيج وحركتي بطيّة وايد.",إنتِ عندج حالة خطيرة، بس مع العلاج السريع هتتحسن. لازم نبدأ العلاج فوراً عشان نرفع مستوى الهرمونات في دمك.,هيه، هالمرض ممكن يكون خطير وخطير وايد. لازم تروحين المستشفى ويدخلونج العناية المركزة عشان يعالجونج بهرمونات الغدة الدرقية عن طريق الوريد. وإذا ما اتعالجتي بسرعة ممكن يسبب قصور بوظايف القلب والجهاز التنفّسي، وهذا ممكن يوصل للوفاة. الخبر الزين إن هالمرض ما عليه شي وممكن يتعالج على المدى البعيد. يوم تطلعين من المستشفى، تابعي ويا دكتور غدد عشان تكملين العلاج على المدى الطويل عن طريق أخذ هرمونات الغدة الدرقية.,ANSWER: إنتِ عندج حالة خطيرة، بس مع العلاج السريع هتتحسن. لازم نبدأ العلاج فوراً عشان نرفع مستوى الهرمونات في دمك.,,Incorrect
13,"مريض: ريلي طاح عليه الإغماء اليوم الصبح! لقيته فغرفة النوم مغمّى عليه وهو يرجف ويتعرّق وايد. عمره خمسة وستين وعنده سكّري وياخذ إنسولين وجليبيرايد.

مساعد طبي: فاهم قلقِج، هذي حالة طارئة. قستوا مستوى السكر فدَمّه؟ وكان يتصرف طبيعي قبل لا يغمى عليه؟

مريض: إي، قسنا السكر وطلع بس اثنين وثلاثين! قبل لا يطيح كان يتصرف بشكل غريب، كان ملخبط ومعصّب وايد. نبضه سريع، حوالي مية وعشرين نبضة بالدقيقة.

مساعد طبي: هذا هبوط حاد فالسكر ويحتاج تدخّل فوري. خذ أدويته اليوم الصبح؟ وكلّ ريوق؟ بعد، تحسين في ريحة فواكه؟

مريض: خذ أدويته كاملة الصبح بس ما رَيّق. هو ماشي على دايت صيام يديد عشان ينزّل وزن. ولا، ما في ريحة فواكه منه.

مساعد طبي: لازم ينقلونه فوراً للمستشفى عشان يعطونه محلول جلوكوز بالوريد أو إبرة جلوكاجون. هذي غيبوبة بسبب هبوط السكر وتحتاج تدخّل طبي عاجل. اتصلي بالإسعاف الحين.

مريض: باتصل بالإسعاف الحين. أقدر أسوي شي الحين يساعده لين يوصل الإسعاف؟",عجّل، اعطيه عصير أو شوكولا أو أي شاي حلو عشان يرفع السكر.,هاي حالة طارئة، ما تقدرين تتريين. دقي عالاسعاف الحين. بما إنه فاقد الوعي، بيحتاج جلوكوز وريد. الشي الوحيد اللي تقدرين تسوينه إنج تتأكدين إنه يوصل المستشفى فورا.,ANSWER: عجّل، اعطيه عصير أو شوكولا أو أي شاي حلو عشان يرفع السكر.,,Incorrect
14,"مريض: السلام عليكم، أنا ولد المريض. أبوي عمره ثمانين سنة وهو في دار رعاية كبار السن، وجابوه الطوارئ لأن حالته تدهورت فجأة. هو تقريبًا فاقد الوعي وما يستجيب لنا مثل أول.

مساعد طبي: وعليكم السلام. أحس فيكم. تقدرون تخبروني عن تاريخه المرضي؟ وشو الأعراض اللي لاحظتوها عليه هالأيام؟

مريض: أبوي عنده سكري نوع ثاني وعنده خرف. كان فيه التهاب رئوي قريب وتعالج منه. الأسبوع اللي طاف لاحظنا إنه ضعف وايد وخسر وزن بشكل كبير، وكان واضح عليه عطش وجفاف قوي. جلده صار مرتخي وايد.

مساعد طبي: هذي أعراض مقلقة وايد. لاحظتوا أي تغيير في تنفّسه؟ كان يتنفس بسرعة أو بصعوبة؟ وآخر قراءة سكر انقاست له كم كانت؟

مريض: لا، تنفّسه مب سريع بس ضعيف. يوم وصلنا المستشفى قالوا سكره عالي وايد — 950! وسوّوا له فحوصات ثانية وقالوا في شي اسمه الأسمولية عالي وايد بعد.

مساعد طبي: هذي حالة طارئة وتحتاج تدخل فوري. والدكم عنده حالة اسمها متلازمة فرط الأسمولية اللاكيتونية. بنحتاج نعطيه سوائل وريدية بكميات كبيرة بس بشكل تدريجي ومنظّم، ومعاها إنسولين بجرعات محسوبة. عندكم أي أسئلة عن خطة العلاج؟

مريض: مشكورين على التوضيح. نحن واثقين بالفريق الطبي تمامًا. بس أبي أعرف: هل حالته بتتحسن؟ وكم ممكن ياخذ العلاج من وقت؟ نحن خايفين عليه وايد.",حاله بتتحسن إن شاء الله، بس لازم نكون صابرين. العلاج ممكن ياخد أيام، بسنا نراقب حاله كل دقيقة.,هيه، هالحالة ممكن تكون خطيرة إذا ما تعالجت بسرعة. المريض ممكن يتحسّن خلال ساعات بعد ما ينعطى إنسولين وسوايل، بس بعض الحالات ممكن تاخذ أكثر من 24 ساعة. أغلب المرضى يطلعون من المستشفى بعد يومين أو ثلاثة، إلا إذا كان في التهاب بكتيري ويحتاج مضاد حيوي.,ANSWER: حاله بتتحسن إن شاء الله، بس لازم نكون صابرين. العلاج ممكن ياخد أيام، بسنا نراقب حاله كل دقيقة.,,Incorrect
15,"مريض: دكتور، أحسّ بتنميل قوي حول فمي وبأطراف أصابعي من كم ساعة. وبعد أحس بقلق وايد وتوتر غريب.

مساعد طبي: أفهم قلقك. إنت سويت عملية استئصال الغدة الدرقية كاملة أمس، صح؟ لاحظت أي تشنجات في إيدينك أو في ويهك؟

مريض: إي نعم، بالضبط قبل ٢٤ ساعة. واللي يستغرب إنه يوم الممرض قاس ضغطي قبل شوي، إيدي تشنجت وصارت مثل المخلب! ما أقدر أتحكم فيها.

مساعد طبي: هالشي مؤشر مهم وايد. خلّني أفحص ويهك شوي. تحسين الحين بصعوبة في التنفس أو فالبلع؟

مريض: لا، التنفس طبيعي بس أحس بتشنجات في عضلات ويهي بعد. هذا طبيعي بعد العملية؟ أنا خايف وايد.

مساعد طبي: اللي تحسين فيه مو طبيعي ويحتاج علاج فوراً. هذي أعراض نقص حاد بالكالسيوم بسبب تأثر الغدد جارات الدرقية وقت العملية. بنبدي علاج كالسيوم عن طريق الوريد فوراً عشان نمنع مضاعفات خطيرة.

مريض: أوه يا الله! يعني هالشي خطير؟ متى بحس إني تحسّنت؟ هل بتقعد هالأعراض عندي على طول؟",هالعلاج بيكفي عشان تحس بتحسين فوراً. هالأعراض مش دائمة، بس لازم تاخد دواء على طول عشان تحافظ على مستوى الكالسيوم.,هيه، هالمرض خطير إذا ما تعالج فوراً. لازم تدخلون المستشفى، ويفضّل العناية المركزة، عشان تاخذون كالسيوم عن طريق الوريد. العلاج سريع، وأول ما يدخل الكالسيوم بيستقر الوضع بشكل زين. وعلى المدى البعيد الحمدلله لها علاج، ولازم تتابعون ويا دكتور الغدد وتلتزمون بالدوا بدون ما توقفونه، هالشي وايد مهم.,ANSWER: هالعلاج بيكفي عشان تحس بتحسين فوراً. هالأعراض مش دائمة، بس لازم تاخد دواء على طول عشان تحافظ على مستوى الكالسيوم.,,Correct
16,"مريض: السلام عليكم دكتور. عندي كحّة ناشفة مستمرة من فترة، وأحس بضيق نفس يوم أشيل أشياء ثقيلة في الشغل.

مساعد طبي: وعليكم السلام. فاهم عليك. تقدر تقولي شو طبيعة شغلك وكم سنة تشتغل فيه؟

مريض: أنا أشتغل في المقاولات من عشرين سنة، وأسوي ترميم لعمارات سكنية قديمة. وبعد أنا مدخّن من سنين طويلة.

مساعد طبي: هالشي مهم وايد. تحس بألم في الصدر أو في حرارة؟ ولا لاحظت دم مع الكحّة؟

مريض: لا، ما في ألم في الصدر ولا حرارة، ولا في دم مع الكحّة. بس لاحظت إن قدرتي على الرياضة قامت تقل شوي شوي.

مساعد طبي: على حسب شغلك وأعراضك، أحتاج نسوي فحوصات زيادة. بحوّلك للدكتور خالد عشان يسوي لك CT عالي الدقّة للصدر عشان نقيّم الرئتين بدقّة.

مريض: في خطورة من الغبار والمواد اللي تكون في المباني القديمة؟ أنا قلقان من هالأعراض.",هالغبار والمواد في المباني القديمة ممكن يكون سبب في تهيج الرئه أو حتى أمراض مثل السليكويس. لازم نأكد التشخيص عن طريق الفحوصات.,بما إنك كنت تشتغل في موقع بناء لفترة طويلة، وارد تكون تعرّضت للأسبستوس. هالمادة تطلّع ألياف دقيقة في الهوا، وإذا تنفّست هالألياف مع الوقت ممكن تسبب تليّف وتندّب في الرئة. هالشي ممكن يوصّل لتليّف الرئة، أو لنوع نادر من السرطان اسمه ورم المتوسطة، واللي هو سرطان يصيب بطانة الرئة. عشان جي، مهم نسوي لك فحوصات تصويرية عشان نفهم ليش عندك هالأعراض وتاخذ العلاج المناسب.,ANSWER: هالغبار والمواد في المباني القديمة ممكن يكون سبب في تهيج الرئه أو حتى أمراض مثل السليكويس. لازم نأكد التشخيص عن طريق الفحوصات.,,Correct
17,"مريض: السلام عليكم دكتور، عندي مشكلة في الرقاد وأحس بتعب قوي طول النهار مع إني أنام ساعات كفاية.

مساعد طبي: وعليكم السلام، هلا والله. تقدر/ين تقول لي أكثر عن هالتعب؟ متى تحس فيه وقدّيش قوته؟

مريض: الصراحة إني أنام فـ أوقات مو مناسبة أبد، حتى فالاجتماعات أو وأنا أقرأ. ومرتي دوم تشتكي من الشخير وايد عالي.

مساعد طبي: فهمت، هالشي مهم وايد. هل مرتك أو أي حد ثاني لاحظوا إن نفسك يوقف وإنت نايم؟ وشلون تحس يوم تقوم الصبح؟

مريض: إي والله، مرتي تقول إني يوقف نفسي وبعدين أطلع شهيق قوي فجأة. وكل صباح أقوم وعندي صداع فـي بداية الراس وحلجي ناشف وايد.

مساعد طبي: هذي أعراض مهمة وايد وتدل على احتمال يكون عندك انقطاع النفس يوم تنام. أبغي أسألك: تدخن؟ وعندك تاريخ مرضي مع أمراض الرئة أو الربو؟

مريض: لا، ما أدخن أبد وما عندي أي أمراض فالرئة ولا ربو. بس عندي ضغط وآخذ له أدوية من فترة.",هالشي يبرر انك تراجع دكتور متخصص في النوم عشان نأكد انك مصاب بانقطاع النفس ونتأكد من مستوى الأكسجين في دمك. هالمرض يمكن يعالج وده مهم عشان يحسن جودة نومك ويمنع مضاعفات.,مب حالة طارئة، بس تحتاج علاج لأن ضعف النفس أو انقطاع النفس وقت النوم يسبب قلة تركيز وتعب خلال النهار، وممكن يرفع الضغط ويسبّب مضاعفات في نبضات القلب. المهم تسوي دراسة نوم عشان نحدد إذا في ضعف فالتنفس وقت النوم. والعلاج يكون جهاز السي باب (CPAP)، يعني تستخدم جهاز صغير يعطي ضغط خفيف عشان يخلي مجرى التنفس مفتوح وانت نايم.,ANSWER: هالشي يبرر انك تراجع دكتور متخصص في النوم عشان نأكد انك مصاب بانقطاع النفس ونتأكد من مستوى الأكسجين في دمك. هالمرض يمكن يعالج وده مهم عشان يحسن جودة نومك ويمنع مضاعفات.,,Incorrect
18,"مريض: السلام عليكم دكتور. عندي كحّة مستمرة من تقريباً شهرين، ومضايقتني وايد خصوصاً بالليل.

مساعد طبي: وعليكم السلام. فهمت إن الكحّة مستمرة من شهرين. تمام. بدت هاي الكحّة عقب زكام ولا التهاب بالجهاز التنفّسي؟

مريض: هيه نعم، بدت عقب زكام ياني. والمشكلة إن الكحّة ناشفة تماماً وما يطلع وياها أي بلغم، وتزيد إذا تكلمت وايد في الصف لأني مُدرّسة.

مساعد طبي: تمام. وهل تلاحظين في أشياء ثانية تهيّج الكحّة غير الكلام الطويل؟

مريض: هيه، إذا تعرّضت لهوا بارد تزيد الكحّة. وهل يفرق أني كان عندي أكزيما في يوم كنت صغيرة؟

مساعد طبي: هيه، هذا مهم وايد. تاريخ الإكزيما في الطفولة ممكن يكون له علاقة. تحسين بضيق نفس أو صفير بالصدر أو ضيق في الصدر؟

مريض: لا، ما أحس بهالأعراض. بس الكحّة الناشفة اللي مضايقتني خصوصاً بالليل وما تخلّيني أنام براحة.",هاي الأعراض مع تاريخ الإكزيما يرجح إن عندك كحّة عصبية أو كحّة بسبب حساسية. هأكتب لك دواء مضاد للالتهاب ومخفف للجهاز. انصحك تاخذي دواء مضاد للهيستامين عشان الحساسية.,هالوضع مب مقلق، بس يحتاج علاج. والأهم نتأكد إن ما عندك ربو ممكن يسبب كحة مزمنة حتى بدون صفير. الخطوات الياية: لازم نسوي فحص وظائف الرئة، وفي فحص ثاني اسمه الميثاكولين ممكن يساعدنا نأكد التشخيص. العلاج قريب من علاج الربو: بخاخ كورتيزون، وفنتولين يوسع الشعب الهوائية، ودواء للحساسية.,ANSWER: هاي الأعراض مع تاريخ الإكزيما يرجح إن عندك كحّة عصبية أو كحّة بسبب حساسية. هأكتب لك دواء مضاد للالتهاب ومخفف للجهاز. انصحك تاخذي دواء مضاد للهيستامين عشان الحساسية.,,Incorrect
19,"مريض: السلام عليكم دكتور. أنا عندي كحّة مستمرة من سنين، وزادت وايد السنة اللي طافت. والبلغم صار أثخن ولونه أخضر.

مساعد طبي: وعليكم السلام. أفهمك، هالكحّة المزمنة متعبة. لاحظت أي أعراض ثانية معها؟ وخذت مضادات حيوية قبل حق هالمشكلة؟

مريض: إي نعم، خذت مضادات حيوية كذا مرة على أساس اللي قالوا الدكاترة التهاب شعب. وبعد عندي انتفاخ فالبطن وإسهال دهني، خصوصاً عقب الوجبات الدسمة. ونزل وزني حوالي 4 كيلو بالفترة الأخيرة.

مساعد طبي: هالأعراض شوي مقلقة. في عندكم بالتاريخ العائلي ربو أو أمراض تنفسية وراثية؟ وشلون كان وزنك بشكل عام طول حياتك؟

مريض: لا، ما عندي تاريخ عائلي للربو ولا لأمراض وراثية. وبالنسبة للوزن، أنا ضعيف من يوم كنت صغير رغم إني آكل كميات كبيرة. هالشي محيّرني ومحيّر أهلي.

مساعد طبي: على حسب الأعراض اللي تقولها—كحّة مزمنة مع بلغم ثقيل، نزول وزن رغم الأكل الكثير، ومشاكل هضم—أحس نحتاج نسوي فحوصات متخصصة. بحوّلك لدكتور خالد عشان يسويلك فحص شامل وفحوصات مختبرية خاصة.

مريض: مشكور. تعتقد في شي خطير؟ أنا قلق لأن هالأعراض مأثرة على حياتي اليومية ودوامي، وأبغي أعرف السبب الحقيقي ورا كل هالشي.",هالأعراض ممكن تكون بسبب مرض مزمن مثل مرض السلي أو مرض الالتهاب اللمفا. لازم نأكد التشخيص عن طريق فحوصات مختبرية وصدى.,هالتشخيص ممكن يكون سيستك فايبروسس، وهي حالة مزمنة وتحتاج متابعة وعناية عند دكتور رئة مختص بالسيستك فايبروسس. أول شي لازم نتأكد من التشخيص عن طريق اختبار العرق (سويت تست)، ومعاه الفحص الجيني الوراثي، وفي فحوصات ثانية بعد مثل الأشعة المقطعية على الرئة. الحمدلله الحين في أدوية يديدة يقدر المريض ياخذها عشان تظل الرئة بحالة زينة وتمنع التدهور اللي ممكن يوصل لمرحلة تحتاج زراعة رئتين مثل قبل.,ANSWER: هالأعراض ممكن تكون بسبب مرض مزمن مثل مرض السلي أو مرض الالتهاب اللمفا. لازم نأكد التشخيص عن طريق فحوصات مختبرية وصدى.,,Incorrect
20,"مريض: السلام عليكم دكتور. أنا من حوالي ست شهور فيني ضيج النفس، وقاعد يسير أخس شوي شوي. وبعد عندي كحّة ناشفة مستمرة ومضايقتني وايد.

مساعد طبي: وعليكم السلام. فاهم عليك بخصوص ضيج النفس والكحّة الناشفة. تقدر/ين تخبرني عن تاريخك المرضي؟ وهل تاخذ/ين أي أدوية الحين؟

مريض: إي نعم، عندي تاريخ مع التهابات المسالك البولية اللي ترد وتتكرر. وعشان جي آخذ نيتروفورانتوين يومياً من حوالي سنتين للوقاية. أنا عمري ما دخّنت، وما تعرضت لأي غبار في الشغل.

مساعد طبي: هذي معلومات وايد مهمة. النيتروفورانتوين ممكن يسبب مشاكل في الرئة إذا الاستخدام كان لفترة طويلة. فحصت/ي صدرك قريب؟ وكم كانت قراءة الأكسجين بالدم؟

مريض: إي، سويت أشعة للصدر وبيّنت زيادة في العلامات الخلالية. وبعد دكتور المسالك البولية كان خايف من نزول الأكسجين عندي، وصلت ٩٢٪ على الهواء العادي. ولما فحصني سريرياً، سمع أصوات في قاعدة الرئتين.

مساعد طبي: بناءً على الأعراض وتاريخ الدوا والفحوصات، يبين إن عندك تليّف رئوي بسبب النيتروفورانتوين. لازم نوقف هالدوا فوراً ونتواصل مع دكتور المسالك البولية عشان نلقى بديل آمن. وبعد بنحتاج نسوي CT عالية الدقة للرئتين عشان نقيم حجم الضرر.

مريض: هذا يخوّف وايد. يعني الدوا اللي كان يحميني من التهابات المسالك البولية سبّب ضرر في رئتي؟ وهل ممكن حالتي تتحسّن بعد ما أوقف الدوا؟",إي، هالدوا كان السبب. بعد ما نوقفها ونتابع مع دكتور المسالك، ممكن حالتك تتحسّن. لازم نبدأ على العلاج مع دكتور الرئة عشان نوقف التليف.,هي للأسف، إذا ما في سبب ثاني، النيتروفيرانتون ممكن يسبّب تليّف في الرئة. والأفضل نوقف هالدواء بأسرع وقت ممكن عشان ما تسوء حالة الرئة. ممكن الرئة تتحسّن مع الوقت، بس غالباً بتتم نفس ما هي، وهذا يعتمد على نتيجة الأشعة المقطعية للصدر/للرئة. إذا طلع فيه تليّف مزمن، غالباً ما بيتحسّن.,ANSWER: إي، هالدوا كان السبب. بعد ما نوقفها ونتابع مع دكتور المسالك، ممكن حالتك تتحسّن. لازم نبدأ على العلاج مع دكتور الرئة عشان نوقف التليف.,,Correct
21,"مريض: السلام عليكم دكتور. أحس بضيق في النفس من يوم طلعت من المستشفى الشهر اللي طاف، والموضوع قام يسوء يوم عن يوم.

مساعد طبي: وعليكم السلام. أفهم قلقك. عندك أعراض ثانية مثل حرارة أو ألم في الصدر؟ وشو الأدوية اللي تاخذها الحين؟

مريض: لا ما عندي حرارة ولا ألم في الصدر، بس عندي كحّة ناشفة مستمرة. الدكتور كتب لي أميودارون وأبيكسابان عقب المشكلة القلبية الأخيرة.

مساعد طبي: متى بالضبط بدت هالأعراض؟ ولاحظت أي تغيير في قدرتك تسوي أمورك اليومية؟

مريض: تقريباً بدت الأعراض عقب أسبوعين من ما بديت العلاج. صار طلوع الدرج متعب وايد، وأحس بضيق نفس حتى وأنا أمشي مسافات قصيرة.

مساعد طبي: هالشي مهم وايد. الأميودارون ممكن أحياناً يسبب مشاكل في الرئة. بحوّلك على طول لدكتور خالد عشان فحص عاجل ونسوي أشعة للصدر. يمكن نحتاج نوقف الأميودارون.

مريض: يعني تقصد الدوا ممكن يكون هو السبب بهالمشاكل؟ أنا خايف لأن نفسي صار أصعب من قبل.",إي، هالأعراض مش عادي. هالدوا ممكن يكون سبب. هادول الفحوصات هيساعدنا نحدد السبب ونغير الدوا إن كان لازم.,الغالب إن الأميو درون سبّب تسمّم بالرئة، ولازم نوقف هالدواء بأسرع وقت بعد ما نبلّغ دكتور القلب عشان يقدر يبدّله بدوا ثاني. الحمدلله مع الوقت ممكن الرئة تتحسّن ويا علاج الكورتيزون، ونكمّل نتابع وظائف الرئة ونعيد الأشعة المقطعية عقب ثلاثة شهور عشان نتأكد من التحسّن. ما له داعي الذعر، وضع الرئة مستقر وما نتوقع يسوء إذا وقف الدوا.,ANSWER: إي، هالأعراض مش عادي. هالدوا ممكن يكون سبب. هادول الفحوصات هيساعدنا نحدد السبب ونغير الدوا إن كان لازم.,,Incorrect
22,"مريض: السلام عليكم دكتور. عندي كحّة ناشفة من كم أسبوع، وأحس بضيق في النفس خصوصاً يوم أركب الدري.

مساعد طبي: وعليكم السلام. فاهم عليك. تحس بعد في حرارة؟ ومتى بالضبط بدت هالأعراض؟

مريض: إي، مرات أحس بحرارة خفيفة في الليل. الأعراض بدت من تقريباً ثلاث شهور، وقاعدة تسوء شوي شوي.

مساعد طبي: تدخّن؟ أو عندك تاريخ مرضي ربو؟ وصار أي تغيير في بيئة البيت عندكم الفترة الأخيرة؟

مريض: لا ما أدخن وما فيني ربو من قبل. بس بنتي خلّت عندي طير البادجي مالها من تقريباً أربع شهور.

مساعد طبي: هالشي مهم وايد. وجود الطير ممكن يكون له علاقة بأعراضك. تحس تتحسّن يوم تكون برا البيت لفترات طويلة؟

مريض: الحين يوم ذكرتني، إي أحس بتحسّن شوي يوم أكون في الدوام أو برا البيت ساعات طويلة. يعني هذا معناته إن الطير هو السبب؟",هالشي مش عادي. لازم نعمل بعض الفحوصات عشان نأكد إن الطير هو السبب. هأكتب لك بعض أدوية عشان تخفف الأعراض، بس لازم تبعد الطير من البيت.,التهاب الرئة التحسّسي (أحيانًا يسمّونه «رئة مُربّي الطيور») هو حالة في الرئة تصير بسبب ردّة فعل تحسّسية من مسبّبات الحساسية اللي تكون في الطيور: مثل الريش، أو زبلها، أو غبارها. الأغلب إن الطير هو اللي مسبّب الأعراض، عشان جي مهم إنك تتجنّب التعرّض له وتراجع دكتور مختص بأمراض الصدر/الرئة عشان يسوّيلك الفحوصات اللازمة ويتأكّد ما في أي تلف في الرئة.,ANSWER: هالشي مش عادي. لازم نعمل بعض الفحوصات عشان نأكد إن الطير هو السبب. هأكتب لك بعض أدوية عشان تخفف الأعراض، بس لازم تبعد الطير من البيت.,,Incorrect
23,"مريض: السلام عليكم دكتور. أنا ممرّضة من الفلبين، عمري خمسين سنة. عندي كحّة مزمنة من تقريباً شهرين، وأحس اني أعرق في الليل يخلّيني أقوم من النوم. وبعد لاحظت إن وزني نازل حوالي خمسة كيلو.

مساعد طبي: وعليكم السلام. فاهم عليج، هذي أعراض لازم تنفحص بدقّة. لاحظتي أي تغيير في البلغم أو فيه دم؟ وعندج تاريخ قبل مع أي فحوصات للسل؟

مريض: إي، الصبح أحياناً أشوف خيوط دم في البلغم. وبصراحة، قبل فترة سويت فحص IGRA وطلع إيجابي، بس للأسف ما كملت العلاج الوقائي اللي كتبوه لي.

مساعد طبي: هذي معلومات وايد مهمّة. بما إنج ممرّضة وتعرّضتي للسل قبل ومع هالأعراض، هذا يخلّينا نخاف شوي. عندج أي أمراض مزمنة مثل السكري أو الضغط أو الربو؟

مريض: لا الحمد لله ما عندي ولا واحد من هالأمراض. بس الكحّة قاعده تزيد وتسوء، والعرق في الليل صار تقريباً يومي. تعتقد هالشي ممكن يكون سل نشط؟

مساعد طبي: نعم، الأعراض اللي تقولينها مع تاريخج الطبي تدلّ بقوّة على احتمال سل رئوي نشط. نحتاج نعزلج فوراً كإجراء وقائي ونسوي فحوصات للبلغم كاملة: AFB وGeneXpert عشان نتأكّد من التشخيص.

مريض: فهمت ضرورة الإجراءات الوقائية، خصوصاً إني أشتغل بالمجال الطبي. متى أقدر أبدأ هالفحوصات؟ وهل بحتاج أبقى في المستشفى؟",هالأعراض مع تاريخك تدلّ على احتمال سل نشط، لازم نبدأ العلاج فوراً. هأكتب لك فحوصات للبلجم وX-ray ونتأكد. هأوصيك بالعلاج في المستشفى عشان نضمن إيداعك ونتأكد من استجابة العلاج.,هي، لازم نبدأ بالفحوصات اللي فيها زراعة بلغم لجرثومة الدرن. كل صباح لمدة ثلاث أيام تجيب/تسوي عيّنة. والعزل الوقائي أحسن يكون فالمستشفى إذا عندك عيال أو حد كبير فالعمر أو عنده مشاكل فالمناعة. وإذا بتطلع من البيت لازم تلبس كمّام N95 عشان يمنع انتشار الدرن. الحمدلله العلاج موجود، وأول ما نتأكد من التشخيص بتبدأ على المضاد الحيوي لمدة ٦ شهور.,ANSWER: هالأعراض مع تاريخك تدلّ على احتمال سل نشط، لازم نبدأ العلاج فوراً. هأكتب لك فحوصات للبلجم وX-ray ونتأكد. هأوصيك بالعلاج في المستشفى عشان نضمن إيداعك ونتأكد من استجابة العلاج.,,Correct
24,"مريضة: السلام عليكم دكتور، أنا خايفة وايد. بنتي عمرها ستعش سنة، ومن فترة وهي تكح دم، واليوم الوضع صار أسوأ بوايد وعندها صعوبة قوية في التنفّس.

مساعد طبي: وعليكم السلام، أفهم خوفِج. متى بدت هالأعراض أول مرة؟ وهل الكحّة كانت دايمًا وياها دم ولا هالشي يديد؟

مريضة: الكحّة ويا الدم تيي وتروح من تقريباً سنة، بس اليوم أسوأ بوايد. وتشتكي من ضيج قوي في الصدر وصعوبة في التنفّس حتى وهي مرتاحة.

مساعد طبي: هالأعراض خطيرة وتحتاج تقييم سريع. بنتِج تدخّن؟ أو عندها أي مشاكل صحية من قبل؟ وهل تاخذ أي أدوية الحين؟

مريضة: لا، ما تدخّن أبد، وما كان عندها أي مشاكل صحية قبل. احنا من السودان وعايشين في الإمارات من سنتين. دورتها الشهرية منتظمة وما تاخذ أي أدوية.

مساعد طبي: مشكورة عالمعلومات. على حسب الأعراض والفحوصات الأولية، مبين إن بنتِج تحتاج رعاية طبية فورية في العناية المركزة. بنحتاج نسوي فحوصات أكثر تخصص للقلب والرئتين.

مريضة: يعني الوضع خطير وايد؟ أنا وايد خايفة وأبا أفهم شو اللي صاير وياها بالضبط.",هالأعراض مش عادي، بنحتاج ناخد بنتِج للعيادة فوري عشان ناخد فحوصات متقدمة ونعرف السبب. مشكور على تعاونِج.,هي، هالمرض ممكن يكون خطير ويحتاج تدخل فوري، يعني لازم تدخل المستشفى الحين ونسوي الفحوصات المطلوبة: إيكو للقلب (ألتراساوند القلب)، CT للصدر، وتحاليل دم شاملة. ونتأكد إن ارتفاع الضغط الرئوي مب شرط يكون سببه أمراض المناعة. وإذا تأكدنا من التشخيص، نبدأ العلاج اللي غالبًا يكون فيه كذا دوا عشان ننزّل الضغط الرئوي.,ANSWER: هالأعراض مش عادي، بنحتاج ناخد بنتِج للعيادة فوري عشان ناخد فحوصات متقدمة ونعرف السبب. مشكور على تعاونِج.,,Incorrect
25,"مريض: دكتور، أنا ما أقدر أتنفّس طبيعي… صدري ضايج وايد وما أقدر أكمل كلامي.

مساعد طبي: فاهم عليك إن عندك صعوبة بالتنفّس. عندك ربو؟ ومتى بدت هالأعراض؟

مريض: إي نعم، عندي ربو من يوم كنت ياهل… ودخلت المستشفى مرّة وأنا صغير… أمس طول اليوم وأنا أستخدم البخّاخ كل ساعة بس ما منه فايدة.

مساعد طبي: هالوضع خطير ويحتاج عناية بسرعة. تستخدم البخّاخ الوقائي بانتظام؟ وشو نوع البخّاخ اللي تستخدمه حق الطوارئ؟

مريض: البخّاخ الوقائي… بصراحة ما كنت أستخدمه بانتظام… وبخّاخ الطوارئ فنتولين… بس الحين ما عاد ينفع وياي.

مساعد طبي: أشوفك تستخدم عضلات زيادة عشان تتنفّس وأسمع صفير. هذا يدل على نوبة ربو حادّة وتحتاج علاج بسرعة الحين. بنبدأ ببخّاخات مركّزة وكورتيزون.

مريض: يعني الحالة صعبة؟ أنا خايف… ما أقدر أتكلم وايد.",هالنوبة خطيرة، لازم ننقلك للمستشفى عشان نتعامل مع الحالة. هأعطيك دواء عشان يفتح الشرايين وسترتاح.,المهم انك لا تتوتر ولا تخاف من هالتشخيص. عندك أزمة ربو وتحتاج علاج بسرعة. ممكن نحتاج ندخّلك العناية المركزة عشان نراقبك مراقبة لصيقة. بنبدأ بالكورتيزون وبالفنتولين عشان نوسّع الشعب الهوائية بأسرع وقت. لازم ترتاح وتتنفّس بهدوء وبدون ما تتكلم لين ما تتحسّن.,ANSWER: هالنوبة خطيرة، لازم ننقلك للمستشفى عشان نتعامل مع الحالة. هأعطيك دواء عشان يفتح الشرايين وسترتاح.,,Correct
26,"مريض: السلام عليكم، أبا مساعدة بسرعة. أحس بألم قوي وفجأة في اليمين من صدري وعندي صعوبة في التنفّس من تقريباً ساعة.

مساعد طبي: وعليكم السلام. فهمت عليج إن عندج ألم في الصدر وصعوبة في التنفّس. متى بالضبط بدت الأعراض؟ وكنتي تسوين شي معيّن يوم بدت؟

مريض: بدا الألم فجأة وأنا قاعدة في البيت، ما كنت أسوي أي مجهود. الألم حادّ وايد ويزيد يوم آخذ نفس عميق.

مساعد طبي: هالشي يخوّف. تعرّضتي لأي إصابة أو حادث قريب؟ وعندج أي تاريخ مرضي من قبل أو تدخنين؟

مريض: لا، ما تعرّضت لأي إصابة وما أدخّن. ما عندي مشاكل صحية من قبل. عمري 25 سنة وأشتغل مدرسة.

مساعد طبي: على الأعراض اللي توصفينها—ألم حاد وفجأة في الصدر وصعوبة في التنفّس—لازم تقييم طبي فوري. أنصحج تروحين الطوارئ الحين عشان يسوّون لج أشعة للصدر (إكس-راي) وفحص كامل.

مريض: أوكي، بروح المستشفى الحين. ممكن يكون شي خطير؟ أنا وايد متوترة والألم ما يتحسّن.",هالأعراض مش عادي، لازم تروحين الطوارئ عشان ياخدوا لك أشعة والطبيب يفتشك.,الموضوع مب خطير، بس يحتاج علاج بسرعة. أرجوج تروحين الطوارئ. هناك الدكتور بيطلب تصوير أشعّة X-ray للصدر. إذا كان هبوط الرئة كبير، بتحتاجين قسطرة يحطّونها بين الضلوع عشان يرجّعون يوسّعون الرئة لحجمها الطبيعي. وممكن تحتاجين تقعدين يوم أو يومين في المستشفى للعلاج لين تتمدّد الرئة مثل ما لازم وبعدين يشيلون القسطرة. لا تشلين هم، الموضوع ينعالج بسهولة إن شاء الله.,ANSWER: هالأعراض مش عادي، لازم تروحين الطوارئ عشان ياخدوا لك أشعة والطبيب يفتشك.,,Incorrect
27,"مريض: دكتور، عندي ألم قوي فالصدر وضيق فالتنفّس من يومين، والحالة قاعدة تسير أسوأ.

مساعد طبي: أفهم قلقك. تقدّر/ين توصف/ين لي طبيعة ألم الصدر؟ وهل عندك/عندِج أي تورّم فالريول؟

مريض: الألم حاد ويزيد ويا النفس، وأحس بخفقان سريع فالقلب. إي نعم، ريولي متورّمة من كم شهر.

مساعد طبي: على حسب تاريخِج الطبي مع متلازمة الأجسام المضادّة للفوسفوليبيد والجلطات اللي قبل، هذي أعراض تخوّف وتحتاج تقييم على طول. هل تاخذين أبيكسابان مثل ما هو موصوف لج؟

مريض: إي، آخذَه بانتظام. بس السنة اللي طافت صار صعب علي أسوي أي مجهود، حتى طلعة الدرج صارت تتعبني وايد.

مساعد طبي: هالتدهور شوي شوي مع الأعراض اللي عندِج الحين يدل على حالة خطيرة. بطلب CT scan للرئة الحين وبكلم فريق الطوارئ المتخصص بالجلطات الرئوية.

مريض: يعني الوضع خطير وايد؟ بعد أحس بدوخة، كأني ممكن أطيح أو أفقد الوعي.",هالأعراض مع تاريخِج يرجح جلطة رئوية، لازم نعمل CT scan على طول ونبدأ بتreatment. هأمر نقلك للعيادة عشان نبدأ العلاج.,عندك أعراض جلطة فالرئة، هذي حالة طارئة. تستوي يوم تنسد شرايين الرئة بجلطة دم، وغالبًا تكون طالعة من أوردة الريل. تحتاج تدخّل عاجل، ولازم تسير أقرب مستشفى الحين لأن الحالة  وايد خطيرة.,ANSWER: هالأعراض مع تاريخِج يرجح جلطة رئوية، لازم نعمل CT scan على طول ونبدأ بتreatment. هأمر نقلك للعيادة عشان نبدأ العلاج.,,Incorrect
28,"مريض: السلام عليكم دكتور، أنا وايد خايفة. من ثلاثة أيام وأنا أكح دم، والكمية كبيرة وتخوّف. وبعد لاحظت بعد في دم في البول.

مساعد طبي: وعليكم السلام، أفهم خوفج تماماً. هالأعراض لازم ننخذهّا بجد وبشكل سريع. لاحظتي أي أعراض ثانية هالفترة؟ وشو تاريخج المرضي من قبل؟

مريض: إي نعم، طلعت لي بقع بنفسجية يديدة على ذراعي، وحاسّة بحرارة وتعب قوي. وبخصوص تاريخي المرضي، من فترة فيني آلام فالمفاصل وطفح بوجهي. وامي فيها الذئبة الحمراء.

مساعد طبي: هذي معلومات وايد مهمة. وجود تاريخ عائلي للذئبة والأعراض اللي تقولينها — الكحة مع دم، دم فالبول، والطفح — يخلّينا نشكّ باحتمال متلازمة رئوية كلوية. هذي حالة طارئة وتحتاج تدخّل على طول.

مريض: متلازمة رئوية كلوية؟ يعني خطيرة؟ وش معناتها بالضبط؟

مساعد طبي: هيه، حالة خطيرة وتأثر على الرئة والكلية مع بعض بسبب التهاب فالأوعية الدموية الصغيرة. نحتاج نسوي فحوصات بسرعة ونبدأ كورتيزون بجرعات عالية بأسرع وقت. بتواصل ويا الدكتور خالد عشان يقيّم حالتج بسرعة.

مريض: مشكورين على التوضيح. أنا جاهزة لأي فحوصات أو علاج لازم. متى أقدر أشوف الدكتور خالد؟ وهل حالتي بتتحسّن مع العلاج؟",هالمتلازمة خطيرة بس مع العلاج المناسب بتتحسن. الدكتور خالد هيعاينك اليوم عشان نبدأ العلاج على طول.,حالتك تحتاج عناية مستعجلة، لأن عندك التهاب بالأوعية الدموية الصغيرة، ولازم نأكد التشخيص بتحاليل دم. بشكل عام هالحالة تستجيب للعلاج المكثّف بالستيرويدز، وبتتحسّن الأعراض عندك.,ANSWER: هالمتلازمة خطيرة بس مع العلاج المناسب بتتحسن. الدكتور خالد هيعاينك اليوم عشان نبدأ العلاج على طول.,,Correct
29,"مريضة: السلام عليكم، أنا زوجة المريض. ريلي عمره خمس وثمانين سنة وعنده خرف متقدّم. من يومين كان ياخذ أدويته الصبح وشرق، ومن ذاك الوقت وهو يكحّ وايد وعنده حرارة.

مساعد طبي: وعليكم السلام. أفهم قلقج. تقدرين توصفين لي الكحّة؟ هل يطلع معاه بلغم ولا لا؟ ولاحظتي عليه ضيق في النفس؟

مريضة: إي نعم، الكحّة وياها بلغم، وصار يحتاج أكسجين لترين فالدقيقة وهذا شي يديد عليه. وبعد مبين عليه تعبان وايد ونبضه سريع.

مساعد طبي: هالأعراض مقلقة خصوصًا عقب سالفة الشرقه. تتذكرين أي دواء كان ياخذه يوم شرق؟ وسويتو أشعّة على الصدر؟

مريضة: كان ياخذ حبوبه الصبح اللي دايم ياخذهن، وإي نعم سوّينا أشعّة سينية للصدر وبيّنت منطقة التهاب فالفص السفلي اليمين. الدكتور قال شكلها مثل الوتد.

مساعد طبي: على حسب الأعراض والأشعّة، مبين إن ريلج عنده التهاب رئوي استنشاقي بسبب حادثة الشرقه. هذي حالة طارئة وتحتاج تدخّل طبي بأسرع وقت. ممكن نحتاج نسوي أشعّة مقطعية أو منظار للشُعب عشان نتأكد ما فيه بقايا من الدوا فالرئة.

مريضة: هل هذا خطير؟ وش اللي لازم نسويه الحين؟ أنا وايد خايفة عليه.",هالأمر خطير، لازم نبدأ بالعلاج بالأنتيبيوتك الفوري، ونقله للمستشفى عشان نراقب حالته ونعالجه بالأنتيبيوتك بالوريد.,هالمرض مب خطير، بس يحتاج علاج بسرعة. الأفضل تدخل المستشفى عشان نسوي الفحوصات اللازمة، ومن ضمنها أشعة مقطعية على الرئتين. ممكن نحتاج نسوي منظار للشعب الهوائية عشان نشوف إذا فيه بقايا من حبة الدوا ونقدر نطلعها. وبعد بنحتاج أخصائي نطق يقيّم البلع عندك عشان ما يصير شفط بالغلط وتتكرر التهابات بالرئة فالمستقبل. الوضع يباله كم يوم لين يتحسّن، بس الحمدلله هالمرض له علاج.,ANSWER: هالأمر خطير، لازم نبدأ بالعلاج بالأنتيبيوتك الفوري، ونقله للمستشفى عشان نراقب حالته ونعالجه بالأنتيبيوتك بالوريد.,,Correct
30,"مريض: السلام عليكم دكتور، أنا فيني ضيق نفس من أكثر عن سنة، وشخّصوني ربو بس الأدوية ما ساعدتني أبد.

مساعد طبي: وعليكم السلام. فاهم اللي تمرّين فيه. تقدرين توصفين لي متى يزيد ضيق النفس ويصير أسوأ؟ وشو الأدوية اللي جرّبتيها؟

مريض: يزيد وايد يوم أتمدّد عالسرير، وما أقدر أنام وأنا منسدحة. وبعد يزيد مع أي مجهود بسيط. جرّبت بخّاخات الكورتيزون وموسّعات الشعب، وحتى خذت حبوب كورتيزون كذا مرة وزاد وزني وايد.

مساعد طبي: هالشي يخوّف، بالذات إن الأعراض ما تحسّنت مع علاج الربو. تحسين بأي ضغط في منطقة الرقبة أو الصدر؟ وعندج تاريخ تدخين أو حساسية؟

مريض: لا أدخّن وما عندي حساسية، بس إي نعم، أحس بضغط غريب تحت الرقبة. وبعد اختبار وظائف الرئة الأخير وبيّن شي مب طبيعي في منحنى الزفير مثل ما قال لي الدكتور.

مساعد طبي: حسب الأعراض اللي تقولينها—خصوصاً ضيق النفس يوم تنسدحين، وعدم الاستجابة لعلاج الربو، والضغط في الرقبة—أعتقد نحتاج فحوصات عاجلة. بحوّلج على طول تسوين CT للرقبة والصدر عشان نتأكد ما في انسداد في القصبة الهوائية.

مريض: انسداد في القصبة الهوائية؟ هالشي يفسّر ليش أدوية الربو ما نفعت وياي. مشكور دكتور، متى أقدر أسوي هالأشعة؟",هالشي مهم، هأطلب من مساعدي يحدد لك موعد اليوم أو الغد. بعد ما نلقي نظرة على الأشعة، هأقرر الخطوة التالية.,بنحجز الفحوصات بأقرب وقت ممكن. هذي حالة انسداد مزمن فمجرى الهوا ومعاها صعوبة فالتنفس، وبنسوي فحوصات تصوير عشان نحدد إذا في تضخّم فالغدّة الدرقية ولا كتلة ضاغطة على القصبة الهوائية.,ANSWER: هالشي مهم، هأطلب من مساعدي يحدد لك موعد اليوم أو الغد. بعد ما نلقي نظرة على الأشعة، هأقرر الخطوة التالية.,,Incorrect
31,"مريض: دكتور، عندي ألم قوي وايد في الخصية اليسار من تقريباً ساعتين. قمت من النوم على هالألم فجأة وبشكل قوي.

مساعد طبي: فاهم عليك إن الألم قوي وياك فجأة. تحس بأي أعراض ثانية مثل الغثيان أو الترجيع؟ وهل صار لك أي ضربة أو إصابة بهالمنطقة  من قريب؟

مريض: إي نعم، فيني غثيان قوي ورجعت مرتين من يوم بدا الألم. ما صارت لي أي إصابة، الألم بدا فجأة وأنا نايم.

مساعد طبي: هذي أعراض تخوّف وتحتاج تدخل طبي سريع. بحوّلك مباشرة لدكتور خالد في الطوارئ. هذا يشبه حالة التواء الخصية، اللي تحتاج تدخل جراحي عاجل.

مريض: التواء الخصية؟ يعني هذا خطير؟ أنا رياضي وخايف يأثر على مستقبلي الرياضي.",هالأمر خطير، لكن لو تم العلاج في الوقت، يمكن إنقاذ الخصية. لا تهمل، هيا للطبيع.,التواء الخصية حالة طارئة وما ينفع نأخر علاجها. لازم تسير الحين فوراً للطوارئ عشان يسوّون لك التقييم اللازم. إذا أهملت العلاج ممكن تفقد خصيتك. غالباً ما بيأثر على صحتك بشكل عام ولا على مشوارك الرياضي، بس بيأثر على خصوبتك.,ANSWER: هالأمر خطير، لكن لو تم العلاج في الوقت، يمكن إنقاذ الخصية. لا تهمل، هيا للطبيع.,,Incorrect
32,"مريض: دكتور، فيني ألم قوي وايد في الجهة اليسار من ظهري من البارحة  في الليل، والألم نازل لين المنطقة التناسلية. بعد أحس بحرارة عالية وايد ورعشة.

مساعد طبي: فاهم خوفك. عندك تاريخ قبل مع حصى الكلى؟ ولاحظت أي تغيير في لون البول أو ريحته؟

مريض: إي نعم، عندي حصوة حجمها 8 ملم في الكلية اليسار، والعيادة اللي عندنا كانوا يراقبونها. البول صار عكر وريحته خايسة، وكمية البول قلت وايد من 12 ساعة

مساعد طبي: هذي أعراض خطيرة وايد. مع الحرارة والرعشة وتغيّر البول وتاريخ حصى الكلى، ممكن يدل على التهاب قوي في الجهاز البولي. عندج/عندك أمراض ثانية مثل السكري؟

مريض: إي، عندي سكري نوع ثاني. دكتور، أحس بدوخة قوية وايد ومخي مب راكز، وأحس إني مب طبيعي أبد

مساعد طبي: هذي حالة طوارئ. الأعراض اللي تقولينها/تقولها مع حصوة الكلى تشير لاحتمال التهاب/إنتان بولي انسدادي. لازم ننقلج/ننقلك فوراً للمستشفى عشان نسوي فحوصات بسرعة وتاخذين/تاخذ مضادات حيوية وسوايل بالوريد، وممكن تحتاجين/تحتاج تدخل جراحي عاجل

مريض: الله يعينني... الوضع خطير لهالدرجة؟ أنا/أنا خايفة وايد",لا تهمشين/تهمش. هالحالة خطيرة، بس مع العلاج السريع هتكون بخير. هنتقلج/ننقلك للمستشفى فوراً عشان نبدأ العلاج.,هي للأسف الوضع خطير. لازم تروحين المستشفى بأسرع وقت عشان نتأكد من التشخيص، ونبدأ مضاد حيوي عن طريق الوريد، ونسوي فحص ألتراساوند عشان نتأكد إذا في انسداد بسبب الحصوة، ونسوي قسطرة للانسداد، ونسوي سحب للحصى ونشيل التقرّح.,ANSWER: لا تهمشين/تهمش. هالحالة خطيرة، بس مع العلاج السريع هتكون بخير. هنتقلج/ننقلك للمستشفى فوراً عشان نبدأ العلاج.,,Correct
33,"مريض: السلام عليكم دكتور، أنا وايد متوتر وخايف من حالتي. من ثلاث أيام طلعت لي حَبّة صغيرة فـي المنطقة التناسلية، بس الوضع تدهور بسرعة وايد

مساعد طبي: وعليكم السلام، أفهم خوفك. خبرني بالتفصيل شو الأعراض اللي تحس فيها الحين وكيف تطورت هالحَبّة؟

مريض: الألم صار قوي وايد فـي كيس الصفن والمنطقة اللي بين الريول، وفيه انتفاخ واحمرار. والاخس إن الجلد صار لونه بنفسجي غامج، ويوم ألمسه أحس بصوت/إحساس غريب كأنه فقاعات تحت الجلد

مساعد طبي: هذي أعراض خطيرة وايد. تحس بحرارة أو رجفة/قشعريرة؟ وخبرني عن صحتك بشكل عام، عندك أي أمراض مزمنة؟

مريض: إي نعم، عندي حرارة وأحس بتعب قوي وضعف عام. أنا فيني سكري من سنين وللأسف السكر عندي مب منتظم، ووزني زايد وايد. بعد صاير صعب عليّ أتحرك فما أقدر أهتم بنظافتي الشخصية مثل ما لازم

مساعد طبي: هذي حالة طوارئ خطر وايد اسمها غرغرينا فورنييه. لازم أحوّلك فوراً للمستشفى عشان يسوّون لك عملية جراحية بسرعة ويعطونك مضادات حيوية قوية عن طريق الوريد. ما يجوز نتأخر أبداً

مريض: يا ساتر، الوضع خطير لهالدرجة؟ أنا وايد خايف، شو بيصير إذا ما رحت المستشفى الحين؟",لو ما تروح المستشفى فوراً، هالحالة ممكن تودي لعدوى خطيرة أو حتى موت. هالحب ممكن يتفجر أو يتسبب في sepsis.,هي، هالشي خطير وخطير وايد. لازم تروح المستشفى بأسرع وقت ممكن. الهدف إنهم يبدون علاج سريع بمضادّ حيوي عن طريق الوريد، ومعاه جراحة عاجلة عشان يشلون الأنسجة الميتة والملتهبة ويوقفون انتشار البكتيريا ويضبطون ارتفاع السكر. الحمدلله هالمرض ممكن يتعالج، بس ما في وقت للتأخير لأنه ممكن يسبب فشل بالأعضاء ووفاة إذا ما تعالج بسرعة. تحرك الحين ولا تتأخر.,ANSWER: لو ما تروح المستشفى فوراً، هالحالة ممكن تودي لعدوى خطيرة أو حتى موت. هالحب ممكن يتفجر أو يتسبب في sepsis.,,Correct
34,"مريض: السلام عليكم دكتور، أبي مساعدة ضرورية الحين. عندي انتصاب مؤلم وايد من أكثر عن ست ساعات وما أقدر أتحمّل الألم.

مساعد طبي: وعليكم السلام، فاهم إن الموضوع صعب. عندك أي أمراض مزمنة؟ وخذت أي أدوية من فترة، خصوصاً أدوية لعلاج ضعف الانتصاب؟

مريض: أنا عندي فقر الدم المنجلي من سنين، وصارت لي نوبات خفيفة قبل بس كانت تروح بروحها. ما خذت أي أدوية للانتصاب ولا أي مواد ممنوعة.

مساعد طبي: من اللي توصفه ومع تاريخك المرضي مع فقر الدم المنجلي، هالشي يبين إنه قساح إقفاري، وهذي حالة طارئة. كم تقيّم شدة الألم من 1 إلى 10؟

مريض: الألم قوي وايد، أقيّمه 9 من 10. المنطقة صلبة وايد والألم ما ينطاق. جرّبت أغيّر وضعية النوم والجلوس بس ما منه فايدة.

مساعد طبي: هذي حالة طبية طارئة وتحتاج تدخل فوري. بحوّلك مباشرة لدكتور خالد في قسم المسالك البولية. العلاج يحتاج سحب دم من المنطقة وغسلها وبعدها حقن دواء فينيل إيفرين.

مريض: مشكور دكتور، أقدّر سرعتك. متى أقدر أشوف الدكتور خالد؟ وهل الحالة خطيرة صدق؟",هالشي خطير و لازم تتعامل معاه فوري. هالظروف ما تستاهل تأخير. هالظروف ما تستاهل تأخير.,القساح الإقفاري يعني إن الانتصاب يطوّل وايد (غالبًا أكثر من 4 ساعات) والدم يتجمع في القضيب بدون ما يكون فيه تدفّق دم كافي. بعد كم ساعة، نقص الأكسجين ممكن يسبب موت خلايا. عشان جي لازم تروح فورًا الطوارئ عشان تاخذ العلاج المناسب.,ANSWER: هالشي خطير و لازم تتعامل معاه فوري. هالظروف ما تستاهل تأخير. هالظروف ما تستاهل تأخير.,,Incorrect
35,"مريض: السلام عليكم دكتور، فيني ألم قوي وايد تحت البطن وما أقدر أتبول من تقريباً عشر ساعات. الألم ما ينطاق وبطني منتفخ بشكل واضح.

مساعد طبي: وعليكم السلام، فاهم عليك إن الوضع متعب وايد. عندك تاريخ من قبل بمشاكل فالبروستات أو صعوبة فالتبول؟

مريض: إي نعم، عندي تضخّم فالبروستات من سنين وعندي ضعف فاندفاع البول وتنقيط، بس هذي أول مرة ما أقدر أتبول نهائياً.

مساعد طبي: خذيت أي أدوية يديدة قريب؟ وتحس بانتفاخ أو كتلة تعور تحت البطن؟

مريض: إي، بديت آخذ دوا للبرد والإنفلونزا فيه سودوإيفيدرين من كم يوم. وأحس بشي صلب وتعور وايد تحت البطن إذا لمستها.

مساعد طبي: هذي حالة طارئة اسمها احتباس بول حاد. السودوإيفيدرين ممكن يزيد أعراض تضخّم البروستات. تحتاج تدخل على طول عشان نفرّغ المثانة عن طريق قسطرة بولية. لازم توقف دوا البرد فوراً وتروح الطوارئ الحين.

مريض: فهمت، بوقف الدوا الحين. في شي أقدر أسويه عشان يخف الألم لين أوصل المستشفى؟","شرب كمية كبيرة من الماء وخذ حمام دافى عشان تخفف التوتر, بس لازم تروح الطوارئ على طول عشان نحل المشكلة.",الأفضل تروح المستشفى الحين. الدكتور بيدخل لك قسطرة بول عشان يفرّغ المثانة، وبتحس براحة على طول. ممكن تاخذ باراسيتامول 500 مليغرام قبل لا تطلع من البيت، بس الأفضل تروح الطوارئ الحين، وأنا بخبر الطوارئ إنك بتيي عشان يجهزون خطة العلاج.,"ANSWER: شرب كمية كبيرة من الماء وخذ حمام دافى عشان تخفف التوتر, بس لازم تروح الطوارئ على طول عشان نحل المشكلة.",,Incorrect
36,"مريض: السلام عليكم، أحس بألم قوي في صدري من تقريباً عشرين دقيقة. بدأ فجأة وأنا أمشي، مثل ضغط ثقيل في نص الصدر.

مساعد طبي: وعليكم السلام. آسف أسمع هالشي. هل الألم يمتد لأماكن ثانية في جسمك؟ وهل تحسين بأعراض ثانية مثل الغثيان أو التعرّق؟

مريض: إي نعم، الألم واصل لفكّي اليسار والحين أحس بغثيان وعرق بارد. عمري ثمانية وخمسين وعندي تاريخ بارتفاع الدهون بالدم وأدخن علبة سجائر كل يوم.

مساعد طبي: هذي أعراض خطيرة وايد وتحتاج عناية طبية سريعة. لازم تتصلين على رقم الطوارئ ٩٩٩ الحين أو تروحين طوارئ أقرب مستشفى. لا تسوقين السيارة بروحج.

مريض: تعتقد إنها نوبة قلبية؟ أنا خايف/ة وايد والألم ما يروح.

مساعد طبي: الأعراض اللي توصفينها—ألم قوي بالصدر ويمتد للفك مع الغثيان والتعرّق—لازم تنقيم بشكل عاجل عشان نستبعد النوبة القلبية. لو سمحتي اتصلي بـ٩٩٩ الحين ولا تتريين.

مريض: أوكي، بتصل بالطوارئ الحين. مشكور/ة على المساعدة، أنا وايد متوترة.",لا تهمشين الأعراض، هالأعراض تستاهل عناية عاجلة. هأطلب سيارة إسعاف عشان تروحين المستشفى.,هيه، اتصل بالطوارئ الحين، وخَلّ حد من اللي فالبيت يساعدك ويفتح الباب للفريق الطبي. المسعفين بيَسوّون لك تخطيط قلب عشان يتأكدون إذا هي نوبة قلبية، وممكن يعطونك أسبرين. وأنا بتواصل مع الإسعاف وبقول لهم يسوّون الإجراءات اللازمة عشان يجهّزون لقسطرة القلب إذا تأكدنا من التشخيص. اتصل بالطوارئ الحين فورًا.,ANSWER: لا تهمشين الأعراض، هالأعراض تستاهل عناية عاجلة. هأطلب سيارة إسعاف عشان تروحين المستشفى.,,Correct
37,"مريض: السلام عليكم، أحس بدوخة وضعف وايد من يومين، خصوصاً يوم أقوم بسرعة من القعدة أو من النوم.

مساعد طبي: وعليكم السلام، أفهم قلقك. هل بديت تاخذ أي أدوية يديدة هالأيام؟ وشي ألم فالصدَر أو ضيق فالنَّفَس مع هالأعراض؟

مريض: هيه نعم، بديت آخذ فوروسيمايد قبل تقريباً أسبوع حق القلب. ما أحس بألم فالصدَر ولا بضيق فالنَّفَس، بس الدوخة يوم أقوم.

مساعد طبي: هالمعلومة وايد مهمة. هل تقيس ضغطك فالبيت؟ ولاحظت خفقان قوي فالقلب أو صادف إنك تغمى عليك؟

مريض: أقيس الضغط مرات، بس ما لاحظت أرقام غريبة. ما غمّى علي، بس أحس أحياناً إني بطيح يوم أقوم بسرعة.

مساعد طبي: أعراضك ممكن تكون من الدوا اليديد، لأنه ممكن يسبب هبوط فالضغط يوم توقف. أنصحك تراجع الدكتور جهاد بأقرب وقت عشان يراجعون جرعة الدوا. حالياً، قوم شوي شوي من القعدة واشرب كمية كفاية ماي.

مريض: مشكور، بحجز موعد عند الدكتور جهاد باچر. لازم أوقف الدوا لين أشوفه؟",لا، ما توقف الدوا. بس انصحك تشرب ماي plenty and take it easy when you stand up.,الأفضل لا توقف الدوا لين تجوف دكتور جهاد. أنا باتصل فيه وبحاول أحجز لك موعد اليوم أو باچر. رجاءً تم على الخطة اللي حاطّها لك دكتور جهاد. والأفضل بعد ما تقوم من القعدة لا تتحرك على طول؛ اتريا من خمس إلى عشر ثواني قبل لا تمشي عشان ما ينزل الضغط. واصل تقيس ضغط الدم وكمية السوائل اللي تشربها مثل ما حدّدها دكتور جهاد. مهم تراجعه باچر، وما له داعي تروح الطوارئ.,ANSWER: لا، ما توقف الدوا. بس انصحك تشرب ماي plenty and take it easy when you stand up.,,Incorrect
38,"مريض: السلام عليكم، من ثلاثة أيام وأنا فيني ضيق نفس قوي، وصرت ما أقدر أنام وأنا منسدحة على ظهري، وبعد لاحظت ورم كبير في ريولي.

مساعد طبي: وعليكم السلام. فاهم قلقج. عندج من قبل أي أمراض بالقلب؟ ولا لاحظتي إن وزنج زاد هالفترة؟

مريض: إي نعم، عندي قصور في القلب ورجفان أذيني، وآخذ أدويتي بانتظام. وزني زاد أربعة كيلو خلال الثلاث أيام اللي مرت.

مساعد طبي: هذي زيادة كبيرة بالوزن. كلتي شي مالح  من قريب؟ وهل تقعدين من النوم بالليل وإنتي حاسة باختناق أو صعوبة بالتنفس؟

مريض: إي، كلت وجبة مالحة في يمعة أهل قبل أربعة أيام. وفعلاً قمت البارحة مرتين وأنا حاسة كأني أختنق.

مساعد طبي: هالأعراض تخوف وتدل إن قصور القلب زاد. تحسين بألم في الصدر أو حرارة؟ وتقدرين تمشين شوي بدون ما ييج ضيق نفس قوي؟

مريض: ما في ألم بالصدر ولا حرارة، بس حتى لو أمشي مسافة قصيرة فالبيت أحس بتعب قوي وضيق نفس.",هالأعراض دلالة على تفاقم قصور القلب، لازم نعدل الدواء ونعمل بعض الفحوصات. انصحك ترجع المستشفى عشان نقدر نتحكم في الحالة.,إذا في تعب قوي وضيق نفس، لا تتأخرين وتروحين لدكتور القلب، لأن ممكن يكون في احتباس سوائل بالجسم وبالرئتين. وإذا ما قدرتي توصلين لطبيبج، روحي لأقرب طوارئ عشان يسوّون لج الفحوصات ويعطونج العلاج: مدرّ بول، ويسوّون تحاليل الدم اللازمة.,ANSWER: هالأعراض دلالة على تفاقم قصور القلب، لازم نعدل الدواء ونعمل بعض الفحوصات. انصحك ترجع المستشفى عشان نقدر نتحكم في الحالة.,,Incorrect
39,"مريض: السلام عليكم، أبغي أستشيركم في شي يصير لي فالقلب. مرات أحس كأن قلبي يوقف لحظة أو يخفق/يرفرف فصدري، وهذا مخوّفني وايد.

مساعد طبي: وعليكم السلام، فاهم خوفك تماماً. تقدر توصف لي بشكل أوضح متى تصير هالأحاسيس؟ وهل تحس بأعراض ثانية مثل ألم فالصدَر أو ضيق فالنَّفَس؟

مريض: عادةً تصير وقت الدوام المتأخر فالليل، خصوصاً يوم أكون تحت ضغط قوي. ما أحس بألم فالصدَر ولا بضيق فالنَّفَس، بس هالإحساس بالرفرفة يستمر ثواني بسيطة.

مساعد طبي: يعطيك العافية على هالتفاصيل. تشرب قهوة أو مشروبات فيها كافيين؟ وكم ساعة تداوم باليوم؟

مريض: إي نعم، أشرب تقريباً 5 أو 6 فناجين قهوة باليوم عشان أبقى صاحي، وأشتغل بوظيفة إدارية متعبة وايد. هل له علاقة باللي أحس فيه؟

مساعد طبي: إي، احتمال كبير اللي تحس فيه مرتبط بكمية الكافيين الكبيرة والضغط النفسي. هالأحاسيس ممكن تكون انقباضات بطينية مبكرة وغالباً ما تكون خطيرة. أنصحك تقلل الكافيين شوي شوي وتتحكم بالضغط النفسي، ولازم تراجع طبيب قلب عشان يسوي لك تخطيط قلب ويتأكد.

مريض: هذا يطمن شوي، بس هل لازم أقلق إذا استمرت هالأحاسيس؟ ومتى لازم أروح الطوارئ الحين؟",ما تقلق، بس لو هالأحاسيس تصير مع ضيق فالنَّفَس أو ألم فالصدر، أو لو كنت تغمى، لازم تروح الطوارئ فور.,الأفضل تسير الطوارئ إذا استمرت الرفرفة أكثر من عشر ثواني، أو اذا يالك ضيق نفس، أو ألم في الصدر، أو حسّيت بدوخة أو إنك بتغمى عليك. بس إذا الأمور بعدها مستمرة رغم إنك وقّفت الكافيين أو المشروبات اللي فيها كافيين، فالأفضل تجوف دكتورك خلال كم يوم عشان يسوّون لك EKG، أو تركّب جهاز يراقب نبض القلب لمدة 24 ساعة.,ANSWER: ما تقلق، بس لو هالأحاسيس تصير مع ضيق فالنَّفَس أو ألم فالصدر، أو لو كنت تغمى، لازم تروح الطوارئ فور.,,Correct
40,"مريض: السلام عليكم دكتور، أنا محتارة بخصوص دواء الضغط اللي وصفه لي الدكتور جهاد. أحس إني بخير ومافيني شي، فليش آخذ الدوا؟

مساعد طبي: وعليكم السلام. أفهم قلقِج. ممكن تقولين لي شو نوع الدوا اللي وصفه لج الدكتور ومن متى؟

مريض: وصف لي دوا اسمه ليسينوبريل من أسبوعين، بس أنا خايفة أعتمد عليه طول عمري. وبعدين أنا ما أحس بأي أعراض أبدا.

مساعد طبي: هذا إحساس طبيعي وايد. ضغط الدم العالي يسمونه “القاتل الصامت” لأنه غالباً ما يعطي أعراض. بس عدم وجود أعراض ما يعني إن الضغط ما يضر. تتذكرين قراءات الضغط عندج؟ وهل عندج تاريخ عائلي لأمراض القلب؟

مريض: هيه، أمي صار لها جلطة دماغية قبل سنين. ووزني زايد شوي بصراحة. بس ما أبغي أعتمد على الأدوية، ممكن أتحسن بالرياضة والأكل بس؟

مساعد طبي: ممتاز إنج تفكرين تغيّرين نمط الحياة! نظام داش الغذائي (DASH) وتقليل الوزن مهمين وايد عشان نضبط الضغط. بس مع التاريخ العائلي ووزنج الحالي، الدوا مع تغيير النمط يعطي أحسن حماية. الدوا مب إدمان، هو حماية لقلبج وأوعيتج الدموية.

مريض: يعني ممكن بالمستقبل أوقف الدوا إذا نزلت وزني وغيّرت أكلي؟ وشو علامات الخطر اللي لازم أنتبه لها؟

مساعد طبي: نعم، مع نزول وزن كبير وتحسّن نمط الحياة، ممكن الدكتور يقرر يقلّل الجرعة أو يوقفه شوي شوي. أمّا علامات الخطر: صداع قوي فجأة، تشويش في النظر، أو ألم صدر شديد. هذي تحتاج عناية فورية. أنصحج تبدين الدوا وتلتزمين بالنظام الغذائي مع بعض.

مريض: مشكور/ة، هالشي طمّني وايد. ببدأ بالدوا وبركّز على تقليل الوزن. وبراجع الدكتور جهاد باستمرار عشان يتابع تحسّني.",هالشي يا عذبي. ابدأ الدوا وركز على تقليل الوزن ورياضة. برجع الدكتور جهاد كل شهر عشان يتابع.,هالقرار زين. لازم تاخذين الدوا وتخفّفين وزنج بتقليل الملح والسكريات وتسوين رياضة كل يوم، وتتابعين مع الدكتور لمدة ست شهور على الأقل. وإذا تغيّرت حالتج الصحية، اتصلي بطبيبج.,ANSWER: هالشي يا عذبي. ابدأ الدوا وركز على تقليل الوزن ورياضة. برجع الدكتور جهاد كل شهر عشان يتابع.,,Incorrect
41,"مريض: السلام عليكم، فيني ألم وتورّم في ريولي اليمين من الصبح. أنا راجع/راجعة أمس من رحلة طويلة، قعدت أربعطعش ساعة.

مساعد طبي: وعليكم السلام. آسف إنج حسيتي بهالالم . تقدرين توصفين لي الألم والتورّم بتفصيل أكثر؟ وفيه أعراض ثانية مثل كتمة/ضيق نفس أو ألم في الصدر؟

مريض: التورّم في خلف الساق عند العضلة، والمنطقة محمّرة ودافية يوم ألمسها. والألم مثل الشدّ/التشنّج. ما فيه ضيق نفس ولا ألم في الصدر الحين.

مساعد طبي: هالأعراض لازم تنفحص بشكل عاجل، خصوصاً عقب الرحلة الطويلة. تاخذين أي أدوية الحين؟ وعندج تاريخ مرضي مع مشاكل التجلّط؟

مريض: آخذ حبوب منع الحمل بس، وما عندي أمراض مزمنة ولا عندي تاريخ مع مشاكل التجلّط. هل الموضوع خطير؟

مساعد طبي: على حسب الأعراض والرحلة الطويلة ومع حبوب منع الحمل، فيه احتمال تكون جلطة بالوريد العميق. لازم تروحين فوراً الطوارئ أو عيادة الأوعية عشان يسوّون لج سونار/ألتراساوند. لا تدلّكين المكان المصاب.

مريض: تمام، بروح المستشفى الحين. لازم أتجنّب المشي أو أي حركة معيّنة لين أوصل؟",لا تجلسي أو تقعد، وقللي الحركة. استنسي حزام ضغط على الساق عشان تقلي التورم.,"المشي الخفيف غالبًا آمن. اللي لازم تتجنّبه تمامًا هو التمارين الشاقّة، والوقفة لفترات طويلة، أو إنك تسوي أي نشاط بدني مُتعب.
وتدليك الريل المصابة ممكن يساعد إن الجلطة تتحرّك. لازم تروح قسم الطوارئ فورًا عشان يسوّون لك الفحوصات اللازمة ويأكدون التشخيص اللي مشتبهين فيه.",ANSWER: لا تجلسي أو تقعد، وقللي الحركة. استنسي حزام ضغط على الساق عشان تقلي التورم.,,Incorrect
42,"مريض: السلام عليكم دكتور، أعاني من ألم في عضلات الساقين يوم أمشي، وهالشي صار لي من كم شهر

مساعد طبي: وعليكم السلام، هلا. تقدر توصف لي الألم بتفصيل أكثر؟ متى بالضبط ييّك وكيف يروح؟

مريض: الألم مثل الشدّ/التشنّج في عضلة بطة الساق، ويبدأ عقب ما أمشي تقريباً ميتين متر، وأول ما أوقف وأرتاح يختفي على طول

مساعد طبي: فهمت، الوصف هذا مهم. تحس بهالألم وإنت مرتاح ولا بس يوم تمشي؟ ولاحظت أي تغيّرات في جلد الساقين أو الريول؟

مريض: لا، بس يوم أمشي. وقت الراحة ما أحس بشي. بالنسبة للجلد، إي لاحظت جلد الساقين صار خفيف ولامع، وأنا أدخّن من أربعين سنة وعندي سكري النوع الثاني

مساعد طبي: على حسب الأعراض اللي تقولها، ممكن يكون عندك مرض الشرايين الطرفية. التدخين والسكري من أهم العوامل لهالحالة. هل عندك أي ألم مستمر في الريول حتى وإنت مرتاح، أو جروح ما تلتئم، أو برودة وشحوب في رِجل وحدة؟

مريض: لا، ما عندي ألم مستمر وما عندي جروح، والريول طبيعية من ناحية اللون والحرارة. شو العلاج اللي لازم لحالتي؟",هالحالة تستاهل فحص دوالي و تشخيص الشرايين. هأوصيك بوقف التدخين، تنظيم سكر، و هأكتب لك دواء لدم.,العلاج الحين يحتاج إنك توقف التدخين، وتضبط السكري، وتحافظ على معدل السكر التراكمي ضمن الحدود اللي يحددها لك دكتور السكري، وتسيطر على الكوليسترول والضغط، وتتابع مع دكتور الشرايين عشان يسوي لك فحص دابلر ويتأكد إن الشرايين سليمة. والأفضل تروح الطوارئ إذا جاك ألم في الريل أو تغير لونها أو حرارتها، أو طلعت لك جروح، أو حسّيت بضعف في عضلات الريول.,ANSWER: هالحالة تستاهل فحص دوالي و تشخيص الشرايين. هأوصيك بوقف التدخين، تنظيم سكر، و هأكتب لك دواء لدم.,,Incorrect
43,"مريضة: السلام عليكم، أبغي أستشيركم في موضوع. رحت اليوم الصيدلية آخذ دوا للزكام، والصيدلي قاس لي الضغط بس من باب الفضول. طلّع 155/95 وأنا وايد خايفة. يعني هذا معناته فيني ضغط؟

مساعد طبي: وعليكم السلام. أفهم خوفج من هالقراءة. أول شي خلّيني أسألج: تحسين بأي أعراض الحين مثل صداع قوي، أو ألم فالصدر، أو ضيق نفس، أو تغيّر فالنظر؟

مريضة: لا، أحس عمري طبيعيه تمام. ما في صداع ولا ألم فالصدر. بس أعراض زكام خفيف مثل الرشح والعطاس. ممكن تكون القراءة غلط؟

مساعد طبي: إي نعم، وارد وايد إن قراءة الضغط تتأثر بعوامل مختلفة. يوم انقاس، كنتي متوترة أو قلقة؟ وشربتي قهوة أو سويتي أي مجهود قبل القياس على طول؟ بعد، الكف/الكم كان مناسب لحجم ذراعج؟

مريضة: الصراحة كنت متوترة شوي لأني متأخرة على موعد مهم، وشربت قهوة قبل القياس بنص ساعة تقريباً. وبعد مب متأكدة إذا الكف مناسب ولا لا. هالأشياء فعلاً تأثر؟

مساعد طبي: إي نعم، هالعوامل تأثر وايد على دقّة القياس. التوتر والكافيين والكف اللي مب مناسب ممكن يرفعون القراءة مؤقتاً. أنصحج تقيسين الضغط مرة ثانية بمكان هادي بعد ما ترتاحين 5 دقايق، وتجنبّي الكافيين ساعتين قبل القياس. إذا ظلت القراءات عالية، لازم تراجعين طبيب الأسرة عشان تقييم شامل.

مريضة: مشكورة، هالكلام طمّنّي وايد. بقيس الضغط مرة ثانية فالبيت بالطريقة الصح، وإذا بعدها النتايج بعدهن مرتفعة بحجز موعد مع طبيب الأسرة. في أي علامات خطورة لازم أنتبه لها الحين؟","إن كنت أحسين صداع، ضيق في التنفس, أو ألم in the chest, or if you feel dizzy or have vision changes, go to the hospital immediately. Otherwise, just monitor your blood pressure and follow up with your doctor if readings remain high.",الأعراض اللي تستدعي تروح الطوارئ فوراً تشمل: ألم قوي فالصدْر، ضيق فالتنفّس، صداع قوي فجأة، تغيّرات فالنظر، لخبطة فالمخ/تشوّش، ضعف، دوخة، إغماء، نوبات صرع، أو تقيّؤ، خصوصاً إذا كان ضغط الدم فوق 180/120 ملم زئبق. هالأعراض ممكن تدل على مضاعفات تهدّد الحياة.,"ANSWER: إن كنت أحسين صداع، ضيق في التنفس, أو ألم in the chest, or if you feel dizzy or have vision changes, go to the hospital immediately. Otherwise, just monitor your blood pressure and follow up with your doctor if readings remain high.",,Correct
44,"مريض: السلام عليكم، أحس بضيج في صدري يوم أركب الدري ولا أسوي مجهود بدني

مساعد طبي: وعليكم السلام، أفهم قلقك. تقدر توصف لي هالضيج بالتفصيل؟ متى يصير بالضبط؟

مريض: يصير يوم أطلع طابقين مثلاً، أحس بثِقل أو ضغط في نص الصدر

مساعد طبي: وش يصير يوم توقف وتستريح؟ هل الإحساس يستمر؟

مريض: لا، يروح بالكامل عقب تقريباً خمس دقايق من الراحة. أنا أعرف إن عندي سكر وضغط مرتفع، وكنت أدخّن قبل

مساعد طبي: هالشي مهم وايد. تحس بهالضيج وإنت مرتاح أو وانت نايم؟ وهل يي معاه غثيان أو دوخة قوية؟

مريض: لا، بس مع المجهود. ما أحس بغثيان ولا دوخة، بس أنا خايف لأن أبوي توفّى بجلطة قلبية","هالاعراض مشكوك فيها أن يكون بسبب ضيق في الشرايين أو ما يعرف بالانجينا, لازم نعمل ECG و stress test to make sure.",الأفضل تحجز موعد عند دكتور القلب خلال يوم او يومين بالكثير، عشان يسوّون لك تخطيط قلب أو stress test، ويبدون العلاج إذا تأكّد إن عندك تضييق في شرايين القلب. والأفضل تروح الطوارئ فوراً إذا صار عندك ألم قوي في الصدر أو ضيق نفس؛ ممكن يكون بداية جلطة في القلب، فلا تتأخر عن الطوارئ بهالحالة.,"ANSWER: هالاعراض مشكوك فيها أن يكون بسبب ضيق في الشرايين أو ما يعرف بالانجينا, لازم نعمل ECG و stress test to make sure.",,Correct
45,"مريض: السلام عليكم، أبغي أستشير بخصوص سالفة صارت لي قبل شوي. طحت فجأة وفقدت الوعي يوم قمت عشان أروح المطبخ.

مساعد طبي: وعليكم السلام. أفهم خوفج. تقدرين تقولين لي بالتفصيل شو اللي صار بالضبط؟ وكم طولتي وانتي فاقدة الوعي؟

مريض: صارت بسرعة وايد، فقدت الوعي ثواني بسيطة بس ورجعت لوعيي تقريباً على طول. الحين أحس شوي رجفة، بس ما عضّيت لساني ولا صار عندي تبول لا إرادي.

مساعد طبي: هالشي مهم. تحسين الحين بألم في الصدر أو خفقان بالقلب؟ وعندج أي تاريخ مرضي لازم أعرفه؟

مريض: لا ما في ألم بالصدر الحين، بس عندي تاريخ مع تضيق الصمام الأورطي وضغط الدم عندي مرتفع. عمري سبعين سنة.

مساعد طبي: بناءً على اللي تقولينه، بالذات مع تاريخج بتضيق الصمام الأورطي ومع فقدان الوعي المفاجئ، أنصحج بقوة تروحين على طول الطوارئ. ممكن يكون هالشي علامة على مضاعفات خطيرة وتحتاج تقييم طبي سريع.

مريض: تمام، بروح المستشفى الحين. في شي لازم أنتبه له بالطريق أو أعراض ثانية ممكن تطلع؟","انتبهي لو أي تكرار لفقدان الوعي, أو ظهور من أعراض مثل ضيق في التنفس, أو ألم في الصدر, واسعدي على عدم قيادة.",لازم تروحين قسم الطوارئ حالا. تضيق الصمام الأبهري يصير يوم يصير الصمام الأبهري قاسي ويضيق، وغالبًا بسبب التكلّس، وهذا يخلّي البطين الأيسر يضطر يطلّع ضغط أعلى وايد عشان يدزّ الدم من الفتحة الصغيرة، وهذا ممكن يسبب إغماء يوم ما يوصل دم كافي للمخ. ممكن بعد تحسين بأعراض ثانية، مثل ألم في الصدر ممكن يدل على ذبحة صدرية، أو إغماء، أو دوخة، خصوصًا مع المجهود، أو ضيق نفس. عشان جي، الأولوية الحين إنج تروحين المستشفى وتسوين الفحوصات اللازمة.,"ANSWER: انتبهي لو أي تكرار لفقدان الوعي, أو ظهور من أعراض مثل ضيق في التنفس, أو ألم في الصدر, واسعدي على عدم قيادة.",,Correct
46,"مريض: السلام عليكم، أحس بخفقان قوي فصدري من حوالي ساعة. نبضات قلبي سريعة وايد وقوية، أسرع وايد عن العادة

مساعد طبي: وعليكم السلام، أفهم قلقك من هالخفقان. تحس بأي أعراض ثانية مثل الدوخة أو ضيق في النفس؟

مريض: هيه، فيني دوخة قوية وحاس إني بطيح أو بفقد الوعي. عمري ٦٢ سنة وعندي تاريخ مرضي بارتفاع ضغط الدم وانقطاع النفس وقت النوم

مساعد طبي: هالأعراض مقلقة، خصوصاً مع تاريخك المرضي. الخفقان السريع مع الدوخة القوية ممكن يدل على اضطراب بنظم القلب مثل الرجفان الأذيني. هل بدت هالأعراض فجأة؟

مريض: هيه، بدت فجأة بدون أي مقدمات. أحس كأن قلبي يرقص فصدري وخايف أطيح من شدة الدوخة

مساعد طبي: على حسب الأعراض اللي توصفها، مهم وايد تروح فوراً لأقرب مستشفى عشان يسوون لك تخطيط قلب وفحص شامل. الرجفان الأذيني يحتاج تقييم عاجل عشان نحدد العلاج المناسب ونقيّم خطر الجلطات

مريض: مشكور على النصيحة، بروح المستشفى الحين. ممكن يكون هذا خطير؟",هالأعراض خطيرة، لازم تروح المستشفى فوراً عشان نتحكم في نبضات القلب ونقلل خطر الجلطات.,نعم، هالشي ممكن يكون خطير إذا ما تعالج بالسرعة المطلوبة، وممكن يسبب هبوط بالضغط أو جلطة فالمخ. لا تسوق السيارة، وسير الطوارئ بأسرع وقت. ويوم توصل الطوارئ قول للدكتور إن عندك رجفان أذيني عشان يبدون إجراءات التشخيص، أول شي يسوّون لك تخطيط قلب EKG، وبعدها يعطونك أدوية عشان يهدّون سرعة نبض القلب.,ANSWER: هالأعراض خطيرة، لازم تروح المستشفى فوراً عشان نتحكم في نبضات القلب ونقلل خطر الجلطات.,,Correct
47,"مريض: السلام عليكم، أحس بتعب وايد هالأيام، وعندي ضيق نفس يوم أسوي شغلات بسيطة مثل التسوّق.

مساعد طبي: وعليكم السلام، فهمت عليج. تقدرين تقولين لي متى بدت هالأعراض؟ وهل لاحظتي أي تغيّر ثاني بجسمج؟

مريض: بدت من كم أسبوع، وقاعدة تزيد شوي شوي. بعد لاحظت ورم بريولي آخر اليوم، والجوتي يصير ضيّج.

مساعد طبي: تمام. وبالنسبة للنوم؟ تحسين بضيق نفس وانتي منسدحة؟

مريض: هيه بالضبط، صرت أستخدم مخدّتين الحين عشان أقدر أنام براحة. تاريخي المرضي فيه ضغط مرتفع، وكانت عندي جلطة قلبية قبل.

مساعد طبي: من الأعراض اللي تقولينها ومن تاريخج المرضي، ممكن هذي تكون علامات على ضعف بعضلة القلب. بحوّلج على دكتور القلب عشان يفحصج ويسوي تقييم شامل. هل عندج كحة فجأة ويطلع معاها رغوة، أو ضيق نفس قوي وفجأة؟

مريض: لا، ما عندي كحة رغوية ولا ضيق نفس فجأة وبشكل قوي، بس أنا خايفة من إن حالتي قاعده تستوي اسوأ شوي شوي.",هالأعراض مع تاريخك من أمراض القلب يستاهل تقييم فوري من دكتور القلب. هأكتبك طلب لاختبارات مثل الإيكو وقياس الكاتير. انصحك تاخذي دواء لقلب يومي وتيجنب المجهود.,نعم هالوضع ممكن يكون خطير، والحالة تحتاج اهتمام فوري ومتابعة جدّية ويا دكتور القلب. ممكن تكونين تعانين من قصور في ضخ القلب (congestive heart failure). خلال 24 ساعة لازم تتواصلين ويا دكتور القلب ويبدأ التشخيص اللي يحتاج تخطيط قلب EKG، تحليل دم، وإيكو للقلب (echocardiogram) عشان نتأكد من التشخيص قبل ما نبدأ العلاج. والأفضل إنج ما تسوقين يوم تروحين عند دكتورج.,ANSWER: هالأعراض مع تاريخك من أمراض القلب يستاهل تقييم فوري من دكتور القلب. هأكتبك طلب لاختبارات مثل الإيكو وقياس الكاتير. انصحك تاخذي دواء لقلب يومي وتيجنب المجهود.,,Incorrect
48,"مريض: السلام عليكم، عندي ألم قوي وحاد فالصدر بدا فجأة من كم ساعة. الألم نفس الطعنة ويزيد يوم آخذ نفس عميق أو يوم أنسدح على ظهري.

مساعد طبي: وعليكم السلام. والله آسف أسمع هالشي. هالألم شكله مقلق. يوم تميل لجدّام هل  يتحسّن الألم؟ وهل صابك أي مرض قريب؟

مريض: هيه نعم، يوم أميل لجدّام يخف شوي. وقبل تقريباً أسبوعين يتني إنفلونزا فيروسية وتعالجت منها.
مساعد طبي: فهمت. الحين عندك صعوبة فالتنفس؟ وتحس بدوخة أو ضعف عام؟ هالأعراض مع تاريخ الإنفلونزا الفيروسية ممكن تدل على حالة تحتاج تقييم طبي عاجل.

مريض: هيه، أحس بضيق نفس شوي وأحس بتعب أكثر عن العادة. عمري 28 سنة وعادة ما فيني مشاكل صحية. لازم أقلق؟

مساعد طبي: هيه، على حسب الأعراض اللي تقولها—ألم حاد يزيد مع النفس العميق ومع الانسداح، ويخف يوم تميل لجدّام، ومع ضيق نفس وتاريخ عدوى فيروسية—أنصحك وبقوة تروح الطوارئ فوراً. هالأعراض ممكن تكون التهاب التأمور وتحتاج تقييم طبي عاجل.

مريض: تمام، بروح المستشفى الحين. مشكور على المساعدة والتوجيه السريع.","لا تنسى تاخذ أدوية للآلام if needed, but don't delay going to the hospital.",تمام. الأفضل تروح المستشفى الحين وما تسوق. قول للدكتور هناك عن هالأعراض، ممكن تكون التهاب بغشاء القلب (بيريكاردَيتِس). وبيبدون بخطة التشخيص اللي تشمل تخطيط قلب ECG، وإيكو للقلب Echo، وتحليل دم، وبعدين يبدون العلاج يوم يتأكدون من التشخيص.,"ANSWER: لا تنسى تاخذ أدوية للآلام if needed, but don't delay going to the hospital.",,Incorrect
49,"مريض: السلام عليكم دكتور. أنا حرمة عمري ٧٤ سنة، ومن سنين طويلة عندي مشاكل في القلب. عندي نفخة بالقلب وضغط دم مرتفع. هالفترة صرت أحس بدوخة قوية يوم أركب الدري أو أمشي في طريج فيه نزلة.

مساعد طبي: وعليكم السلام. فاهم عليج إن الأعراض اللي تحسين فيها تقلق. الدوخة تييج بس وقت المجهود ولا حتى وإنتي مرتاحة؟ وقبل هل طحتي أو غبتي عن الوعي الكامل؟

مريض: عادة الدوخة تييني يوم أتعب نفسي أو أسوي مجهود، وأحس إني بقرب أطيح بس للحين ما غبت. وبعد أحس بضيق وعصره في صدري وقت هالأشياء، بس تروح يوم أرتاح.

مساعد طبي: هذي أعراض مهمة وايد. لاحظتي تغيير في قدرتج تسوين شغلج اليومي مقارنة بالشهور اللي طافت؟ وتحسين بضيق نفس؟

مريض: إي، صرت أتعب بسرعة أكثر عن قبل ستة شهور. حتى الشغلات البسيطة تتعبني. وبخصوص ضيق النفس، ما أحسه وأنا مرتاحة، بس وقت المجهود أحس نفسي يصير ثقيل وعندي صعوبة أتنفس.

مساعد طبي: على حسب الأعراض اللي تقولينها ومع وجود النفخة من قبل، لازم نسوي فحوصات متخصصة وبشكل عاجل. بطلع لج تحويلة فوراً لطبيب القلب عشان يسوي لج إيكو للقلب (تخطيط صدى القلب) ويتأكد من وضع صمامات القلب. المهم جداً ما تأخرين هالموعد.

مريض: تمام دكتور، فاهمة إن الموضوع جدي. بحجز موعد عند طبيب القلب بأقرب وقت. لازم أوقف عن أي نشاطات معينة لين أشوف الدكتور المختص؟","انصحك ما تسيب المجهودات اللي بتسبب لك دوخة أو ضيق في التنفس, وركز على الراحة.",ممتاز، سوي جي. الأفضل انج ما تسوين أي شغل ولا مجهود يزيد ضيق النفس. خبري دكتور الطوارئ فورًا إنج تعانين من هالأعراض عشان يبدون بالتشخيص والعلاج، وبعدها تابعي مع دكتور قلب بالمستقبل.,"ANSWER: انصحك ما تسيب المجهودات اللي بتسبب لك دوخة أو ضيق في التنفس, وركز على الراحة.",,Incorrect
50,"مريض: السلام عليكم دكتور، من حوالي عشر أيام فيني حرارة خفيفة ومعاها تعرّق بالليل وآلام فالجسم. حرارتي تقريباً ٣٧.٩.

مساعد طبي: وعليكم السلام. طيب، عندك أي تاريخ مرضي فالقلب أو سويت عمليات من قبل؟

مريض: هيه نعم، عندي صمام قلب صناعي فالصمام المترالي. وبعد، شلت ضرس عند طبيب الأسنان من ثلاث أسابيع.

مساعد طبي: هالشي وايد مهم. عندك ضيق فالنَفَس أو ضعف مفاجئ فالأطراف؟ ولاحظت أي تغيّرات فالجلد أو الأصابع؟

مريض: لا، ما عندي ضيق نفس ولا ضعف فالأطراف. بس طلعت لي نقطة حمرا صغيرة ومؤلمة على طرف إصبعي من يومين.

مساعد طبي: على حسب الأعراض والتاريخ المرضي، أنصحك بقوّة تروح الطوارئ الحين فوراً. هالأعراض مع وجود الصمام الصناعي ومع خلع الضرس تحتاج فحوصات عاجلة، منها مزرعة دم وإيكو للقلب عشان نستبعد التهاب الشغاف.

مريض: تمام، بروح المستشفى الحين. هل الموضوع خطير وايد؟ وهل لازم آخذ وياي أي أدوية أو تقارير طبية؟",هالشي خطير، لازم تروح المستشفى فوراً. آخذ وياك أي تقارير عن الصمام ونتائج مزرعة إذا سويتها.,الموضوع مب شرط يكون خطير، بس يحتاج علاج بسرعة. الأفضل تروح المستشفى الحين، ومب لازم تاخذ وياك تقارير، بس الأفضل تاخذ الأدوية اللي تستخدمها الحين. إذا عندك دكتور عام، الأفضل تتصل فيه وتخبره. يوم توصل الطوارئ، لازم تقولهم عن لدغة الحشرة وعن اذا عندك صمام صناعي عشان يبدون التشخيص والعلاج بأسرع وقت.,ANSWER: هالشي خطير، لازم تروح المستشفى فوراً. آخذ وياك أي تقارير عن الصمام ونتائج مزرعة إذا سويتها.,,Correct
51,"مريضة: السلام عليكم، أنا بنت المريضة. أمي عمرها ٦٢ سنة، فجأة وهي تتغدى قامت تلخبط ومب قادرة تطلع الكلمات الصح يوم تتكلم.

مساعد طبي: وعليكم السلام. فاهم خوفج على أمج. متى بالضبط بدت هالأعراض؟ وهل لاحظتي شي ثاني مثل ضعف بالأطراف؟

مريضة: من حوالي عشرين دقيقة تقريباً. هيه نعم، إيدها اليمين شكلها ثقيلة ومب قادرة ترفع قلاص الماي. أمي عندها تاريخ مرضي: ضغط مرتفع ورجفان أذيني.

مساعد طبي: هذي أعراض خطيرة وايد وتحتاج تدخل طبي فوري. البداية المفاجئة لصعوبة الكلام وضعف اليد ممكن تدل على جلطة دماغية. أمج الحين واعية ومنتبهة؟

مريضة: هيه واعية، بس مب متزنة ومتلخبطة، تحاول تتكلم بس الكلام ما يطلع صح. لازم نروح المستشفى الحين؟

مساعد طبي: هيه، لازم تروحون على طول الطوارئ أو تتصلون بالإسعاف. هاي علامات تحذير لجلطة دماغية حادة، والوقت هني وايد مهم بالعلاج. لا تعطونها لا أكل ولا شرب.

مريضة: تمام، بتصل بالإسعاف الحين. في شي ثاني لازم أسويه لين يوصلون؟",لا، بس تأكدين الإسعاف يعرف تاريخها الطبي، خصوصا عن الضغط والرجفان.,زين، الأفضل تتصلين بالإسعاف الحين، ولا تطلعين من البيت، وخلي يكون وياج حد يساعدج يفتح لهم ويدخلهم البيت. وإنتِ لا تسوين شي لين يوصل الإسعاف للبيت.,ANSWER: لا، بس تأكدين الإسعاف يعرف تاريخها الطبي، خصوصا عن الضغط والرجفان.,,Correct
52,"مريض: السلام عليكم، احتاج مساعدة عاجلة. عندي صداع قوي وايد، ما حسّيت بمثله في حياتي.

مساعد طبي: وعليكم السلام. فاهم خوفك/توترك. متى بدا هالصداع وكيف كان إحساسك أول ما بدا؟

مريض: بدا فجأة من تقريباً ساعتين. كنت أتمرّن في الجيم وفجأة حسّيت كأنه رعد ضربا راسي. العوار وصل حده في ثواني بس.

مساعد طبي: هالوصف مهم وايد. تحس بأي أعراض ثانية الحين مثل الغثيان أو مشاكل في النظر؟

مريض: هيه، أحس بغثيان قوي وما أقدر أتحمّل الليت أبد. حتى اضاءة التلفون تعور عيني.

مساعد طبي: على حسب الأعراض اللي توصفها—صداع مفاجئ وقوي جداً مع غثيان وحساسية من الضوء—هذي علامات تحتاج تقييم طبي عاجل. لازم تروح على طول للطوارئ عشان نستبعد أشياء خطيرة مثل نزيف تحت العنكبوتية.

مريض: يعني الموضوع لهالدرجة خطير؟ عمري 29 سنة وما عندي أي أمراض مزمنة.",هالأعراض مش عادي، لازم تروح على طول للطوارئ عشان نأكد ما هو.,نعم، الوضع ممكن يكون جدّي وحتى خطير. الأفضل تروحين المستشفى الحين، ولا تسوقين بنفسج. وتجنّبي أي مجهود أو تاكلين شي أو تاخذين مسكنات لين ما تشوفين دكتور الطوارئ، لأن الفريق الطبي بيعمل لج أشعة مقطعية للمخ (CT Scan) وتحاليل دم وتخطيط قلب (EKG). روحي المستشفى الحين، أو طلبي الإسعاف إذا ما عندج طريقة توصلين فيها للمستشفى بسرعة.,ANSWER: هالأعراض مش عادي، لازم تروح على طول للطوارئ عشان نأكد ما هو.,,Incorrect
53,"مريض: السلام عليكم دكتور، أنا أعاني من صداع قوي وايد في الجهة اليسار من راسي، يستويلي تقريباً مرتين بالشهر، وقبل ما يبدأ العوار بحوالي عشرين دقيقة أشوف ليتات تومض

مساعد طبي: وعليكم السلام، فاهم عليك. هالليتات اللي تومض قبل الصداع وايد مهمة. يزيد العوار ويا الأصوات العالية أو الاضاءة القوية؟

مريض: هيه نعم، الأصوات العالية تخليه أخس بوايد، وأضطر أقعد في مكان ظلام وهادي. أنا أداوم ساعات طويلة جدام الكمبيوتر وعندي ضغط كبير فالدوام

مساعد طبي: من وصفك، يبين إن عندك نوبات شقيقة مع أورة بصرية. أنصحك تكتب مذكّرة للصداع عشان نحدد المحفزات المحتملة مثل التوتر أو طول القعدة جدام الشاشات

مريض: هالنوع من الصداع خطير؟ وشو أقدر أسوي عشان أتجنبه؟

مساعد طبي: الشقيقة مع الأورة شي منتشر وغالباً ما تكون خطيرة، بس لازم نتابعها. أنصحك تاخذ بريكات منتظمة من الكمبيوتر، تنظم نومك، وتتجنب التوتر قد ما تقدر. وإذا تغير نمط الصداع أو زادت شدته، راجع الدكتور على طول

مريض: مشكور على النصايح، ببدأ أكتب مذكّرة الصداع وبحاول أنظم ساعات دوامي بشكل أحسن","انا عايز اكمل الفحوصات عشان اطمن على حالك, بس هالصداع مش خطير, بس لازم نتحكم في المحفزات.",نعم، ابدَي بهالتغييرات في نمط حياتج وراقبي إذا الأعراض اتحسّنت ولا لا. إذا الصداع استمر، راجعي دكتور أعصاب عشان يقيّم حالتج ويطلب سونار/أشعة تصويرية إذا احتاج.,"ANSWER: انا عايز اكمل الفحوصات عشان اطمن على حالك, بس هالصداع مش خطير, بس لازم نتحكم في المحفزات.",,Incorrect
54,"مريض: هلا، أنا زميلة سكن المريضة. ربيعتي طاحت فجأة على الأرض من شوي وبدت ترتجف بطريقة غريبة، والحين هي واعية بس شكلها ملخبطة وايد وما تتذكر شي من اللي صار.

مساعد طبي: فاهم خوفج. هالشي يبين أنه حالة طارئة. تقدرين توصفين لي اللي صار بالتفصيل؟ تقريباً كم دقيقة طولت النوبة؟

مريض: طولت تقريباً دقيقة ونص. في البداية جسمها تيّبس بالكامل، عقب بدت تهتزّ بطريقة منتظمة. ولاحظت بعد إنها عضّت لسانها.

مساعد طبي: هذي معلومات مهمة. الحين تتنفس طبيعي؟ وصارت لها نوبة ثانية عقب الأولى؟

مريض: هيه، تتنفس طبيعي وما صارت نوبة ثانية. بس للحين شكلها ملخبطة ووايد نعسانة وما تتذكر أي شي من اللي صار.

مساعد طبي: هالارتباك والنعاس عقب النوبة شي طبيعي. عندها تاريخ قبل مع مشاكل عصبية أو نوبات؟ وكم عمرها؟

مريض: عمرها 24 سنة وما عندها أي تاريخ مع مشاكل عصبية قبل. هذي أول مرة يصير لها شي جي.",هالاعراض تبين انها نوبة صرع. لازم نعمل فحوصات مثل EEG وCT scan عشان نحدد السبب ونبدأ العلاج.,ممكن تكون المريضة ياتها نوبة صرع كبيرة، والحين هي بحالة اللي عقب النوبة. الأفضل تحطّين ربيعتج على جنبها اليمين أو اليسار عشان تحمين النفس، ولا تحطّين أي شي بفمّها، وراقبي تنفّسها لين يوصل الفريق الطبي بعد ما تتصلين بالطوارئ فوراً. الحين لازم تتصلون بالإسعاف أو تروحون لأقرب قسم طوارئ إذا الإسعاف ما كان متوفر.,ANSWER: هالاعراض تبين انها نوبة صرع. لازم نعمل فحوصات مثل EEG وCT scan عشان نحدد السبب ونبدأ العلاج.,,Incorrect
55,"مريض: السلام عليكم دكتور. من فترة احس ب حرقان وخدر في ريولي، خصوصاً فالليل. أحس جني أمشي على قطن.

مساعد طبي: وعليكم السلام. من كلامك أفهم إنك تحس بحرقان وخدر في الريل ويزيد بالليل. هالإحساس في الريلين مع بعض ولا في رِيل وحدة بس؟

مريض: في الريلين مع بعض، ونفس الإحساس تقريباً. وعندي سكر من تقريباً عشر سنين.

مساعد طبي: هالشي مهم وايد. تحس بأي ضعف في الريل أو ب صعوبة انك تمشي وتحافظ على توازنك؟ ولا لاحظت أي تقرّحات أو جروح في الريل ما تلتئم بسرعة؟

مريض: لا، ما أحس بضعف ولا عندي مشاكل بالتوازن. وما لاحظت أي جروح ولا تقرحات. بس هالحرقان والخدر اللي مضايقني.

مساعد طبي: على حسب الأعراض اللي تقولها ومع وجود السكري، شكله عندك اعتلال أعصاب السكري. هالشي منتشر عند مرضى السكر. المهم تتابع سكر الدم وتعتني بريولك يومياً. أنصحك تراجع الدكتور عشان يقيّم مستوى السكر ويوصف لك العلاج المناسب للأعراض.

مريض: مشكور دكتور. بانتبه أكثر لسكر الدم وبفحص ريولي كل يوم. متى لازم اخاف وأروح الطوارئ؟","لو أحس بزيادة في الخدر أو weakness, or if you develop any wounds that don't heal, go to the emergency right away.",إذا تحسّ بألم يزيد، أو لاحظت أي تغيّر بلون ريلك أو صوابع ريلك، أو عندك قرحة ما تلتئم، لازم تراجع عيادة متخصّصة بالقدم أو تروح قسم الطوارئ. دايم خلك حذر وشيّك على رياييلك بشكل منتظم إذا فيها أي جروح أو كدمات بسيطة، لأنها ممكن تسوي التهاب.,"ANSWER: لو أحس بزيادة في الخدر أو weakness, or if you develop any wounds that don't heal, go to the emergency right away.",,Correct
56,"مريض: السلام عليكم، أنا حامل في الاسبوع الستة و ثلاثين، وقمت اليوم الصبح وحسّيت إن في تدلّي في الجهة اليمين من ويهي. ما أقدر أسكّر عيني اليمين بالكامل، والماي ينزل من الجهة اليمين من حلجي لما أشرب.

مساعد طبي: وعليكم السلام، فاهم خوفج خصوصاً بهالمرحلة من الحمل. تحسين بأي ضعف في إيدج أو ريلج؟ ولا لاحظتي أي تغيّر في الكلام أو صعوبة في البلع؟

مريض: لا، ما في أي ضعف لا في إيدي ولا ريلي، وكلامي طبيعي. وما عندي صعوبة في البلع بعد. المشكلة بس في الجهة اليمين من ويهي.

مساعد طبي: زين، هالشي يطمن. الحين تقدرين تحاولين تكرمشين يبهتج أو ترفعين حواجبج؟ وتحسين بدوخة نظر أو ازدواجية في الرؤية؟

مريض: لا، ما أقدر أرفع حاجبي اليمين ولا أكرمش اليبهة من الجهة اليمين، وما في ازدواجية بالرؤية. نظري طبيعي تماماً.

مساعد طبي: على حسب الأعراض اللي توصفينها، الظاهر إن عندج شلل بالعصب الوجهي اللي معروف بشلل بيل، وهاي حالة مب خطيرة تصيب العصب الطرفي. أنصحج تراجعين الدكتور خلال اليومين اليايين عشان يتأكد من التشخيص ويبدأ العلاج المناسب.

مريض: مشكور/ة على التطمين. هالحالة تأثر على الحمل أو على البيبي؟ ومتى أتوقع يتحسن الوضع؟","هالحالة ما بتأثر على الحمل أو على البيبي, وعموما الشلل بيبدأ يتحسن بعد أسبوعين to three weeks with treatment.",إي، هالحالة تعتبر بيلز بالسي. شلل بيلز يأثّر على العصب اللي بالويه. المفروض تتحسّنين خلال أسبوعين لين ثلاث أسابيع، بس التعافي الكامل ممكن ياخذ من ثلاث لين ست شهور. لازم تراجعين دكتور أعصاب إذا ما تحسّنتي، وتروحين فورًا الطوارئ إذا صار عندج ضعف مفاجئ باليد أو الريل، أو صار الكلام ثقيل، أو ياج صداع قوي وايد.,"ANSWER: هالحالة ما بتأثر على الحمل أو على البيبي, وعموما الشلل بيبدأ يتحسن بعد أسبوعين to three weeks with treatment.",,Correct
57,"مريض: السلام عليكم، عندي مشكلة في عيني اليسار من يومين. النظر مستوي وايد مشوّش وقاعد يصير أسوأ.

مساعد طبي: وعليكم السلام. فاهم خوفج من موضوع النظر. تحسين بأي عوار في العين أو حواليها؟ وفيه أي أعراض ثانية ملاحظتنها؟

مريض: هيه نعم، فيه عوار خفيف ورا العين اليسار، وأحس فيه أكثر يوم أحرّك عيني. وبعد ملاحظ إن الألوان تبين باهتة أو مب واضحة عدل في هالعين.

مساعد طبي: هذي أعراض مهمّة. العين اليمين طبيعية تمامًا؟ وسبق ومرّيتي بأي أعراض عصبية غريبة قبل، مثل تنميل مؤقت بالأطراف أو ضعف في اي جزء من الجسم؟

مريض: العين اليمين طبيعية تمامًا، الحمد لله. بالنسبة للتنميل... الصراحة هيه، قبل تقريبًا شهرين حسّيت بتنميل غريب في إيدي اليمين كم يوم وبعدين راح. ما عطيت الموضوع اهتمام وايد وقتها.

مساعد طبي: فهمت. هالمعلومة وايد مهمّة. أنصحج بشدّة تراجعين دكتور عيون تخصصي في اقرب وقت ممكن، ومهم بعد تستشيرين دكتور أعصاب. الأعراض اللي توصفينها ممكن تدل على التهاب في العصب البصري ويحتاج تقييم عاجل.

مريض: الوضع خطير؟ وممكن يأثر على عيني الثانية؟ أنا وايد متخوف/ة من اني اخسر النظر.","لا تهمشين الأعراض، هالأعراض تستاهل تقييم عاجل عشان نضمن حماية النظر. هالظروف ممكن تتطور, بس مع العلاج المبكر نقدر نتحكم في الحالة.",التهاب العصب البصري يعني إن العصب اللي ينقل إشارات النظر من العين للمخ يصير فيه التهاب. هالشي ممكن يسبب فقدان مؤقت للبصر، وأحيانًا ممكن تكون قلة النظر قوية، بس العمى الدائم نادر. ممكن بعد يصيب العين الثانية، بس مو بنفس الوقت. غالبًا الشخص تجيه نوبة وحدة بعين وحدة.,"ANSWER: لا تهمشين الأعراض، هالأعراض تستاهل تقييم عاجل عشان نضمن حماية النظر. هالظروف ممكن تتطور, بس مع العلاج المبكر نقدر نتحكم في الحالة.",,Incorrect
58,"مريض: السلام عليكم دكتور، مرتي لاحظت إن إيدي اليمين ترتجف يوم أكون يالس اطالع التلفزيون، وهذا الشي وايد مخوفني

مساعد طبي: وعليكم السلام،فاهم خوفك تماماً. تلاحظ هالرجفة يوم تكون إيدك مرتاحة ولا يوم تحاول تستخدمها لشي معيّن؟

مريض: الصراحة، الرجفة تستوي يوم تكون إيدي مرتخية، بس يوم أمدّ إيدي آخذ فنيان الشاي توقف الرجفة

مساعد طبي: هالوصف مهم وايد. لاحظت أي تغييرات ثانية مثل تغيّر في المشي أو في الكتابة؟ وحسّيت بأي تيبّس في العضلات؟

مريض: هيه، أحس مشيتي صارت أبطأ وفيها تيبّس أكثر من قبل، وأحياناً أحس جنه ريولي ملصّقة في الأرض. وبالنسبة للكتابة، استوت أصغر عن أول

مساعد طبي: على الأعراض اللي توصفها، أنصحك بقوة تراجع دكتور أعصاب مختص عشان يسوي لك فحص شامل. هالأعراض تحتاج تقييم دقيق، بس لا تشيل هم وايد لأن في علاجات فعّالة موجودة. صارت لك أي طيحة مفاجئة أو تغيّرات في الذاكرة أو صعوبة في البلع؟

مريض: لا، ما طحت، وما عندي مشاكل لا في البلع ولا في الذاكرة، بس أنا خايف يكون هالشي مرض باركنسون","هالأعراض ممكن تكون أول علامات لباركنسون, بس لازم نأكد التشخيص عن طريق فحص عصبي و maybe some imaging. انصحك تراجع دottor متخصص في diseases of the nervous system and start on medication if needed.",ممكن هالرجفة تكون من التعب، أو تكون بداية باركنسون. لازم تحجزين موعد عند دكتور أعصاب متخصص بباركنسون عشان يسوي لج الفحوصات: فحص سريري، والأشعة المناسبة، وMRI للدماغ (الرنين المغناطيسي). وبعدين تبدون خطة علاج فيها دواء وعلاج طبيعي. باركنسون مرض مزمن، بس تقدرين تتعايشين وياه بشكل زين مع الأدوية الجديدة.,"ANSWER: هالأعراض ممكن تكون أول علامات لباركنسون, بس لازم نأكد التشخيص عن طريق فحص عصبي و maybe some imaging. انصحك تراجع دottor متخصص في diseases of the nervous system and start on medication if needed.",,Correct
59,"مريض: السلام عليكم، فيني صداع قوي وايد من اليوم الصبح وعندي حرارة عالية. وبعد أحس بغثيان.

مساعد طبي: وعليكم السلام، آسف على هالشي. تقدر توصف لي الصداع أكثر؟ وتحس برقبتك متيبّسة؟

مريض: هيه، رقبتي متيبّسة وايد. ما أقدر أطالع تلفوني من كثر العوار يوم أنزل راسي تحت.
ى
مساعد طبي: هالشي يخوف وايد. طلعت عليك أي بقع أو طفح جلدي لونه بنفسجي؟ وتحس إنك متلخبط أو ما تقدر تركّز/تفكر زين؟

مريض: ما لاحظت أي طفح للحين، بس أحس بدوخة خفيفة. أنا ساكن فالسكن الجامعي ويا طلبة وايد.

مساعد طبي: على حسب الأعراض اللي تقولها—صداع قوي، وحرارة، وتيبّس فالرقبة، خصوصاً إنك ساكن بمكان زحمة—لازم تروح على طول للطوارئ. هذي أعراض ممكن تدل على حالة طارئة وتحتاج تقييم مستعيل.

مريض: تمام، بروح المستشفى الحين. مشكور، أنا صج خايف من هالأعراض.",هالشي مش عادي، بروح على طول على الطوارئ عشان نأكد ما هو.,هالأعراض ممكن تكون التهاب السحايا (مننجايتس)، وهذا مرض خطير وممكن يسبب مضاعفات تأثر على المخ. لازم تروح المستشفى الحين، ولا تسوق بنفسك. حاول تتجنب الضو والضغط النفسي لين ما يبدون يشخصون حالتك ويعالجونك بأسرع وقت ممكن.,ANSWER: هالشي مش عادي، بروح على طول على الطوارئ عشان نأكد ما هو.,,Incorrect
60,"مريض: السلام عليكم، أنا وايد خايف على الوالدة. عمرها ستة وسبعين سنة ومستوية تنسى وايد هالأيام. تحط مفاتيح البيت ف أماكن غريبة وما تتذكر وين حطّتهم، وقبل أسبوع ضاعت وهي رايحة للدكان اللي تتسوّق منه من سنين طويلة.

مساعد طبي: وعليكم السلام،فاهم خوفك على الوالدة. هاي أعراض لازم نهتم فيها. تقدر تقولي من متى وانت تلاحظ هالتغييرات؟ وهل الوالدة منتبهة إنها تنسى ولا ما تتذكر هالأحداث؟

مريض: بديت ألاحظ من حوالي ست شهور تقريباً، وقاعدة تستوي أخس شوي شوي. الوالدة تدري تماماً إنها تنسى وهذا محبطّنها وايد. دايماً تقول لي: ""أحس ذاكرتي تخونّي"" ويبين عليها الخوف.

مساعد طبي: مهم إنها واعية باللي يصير لها. هل عندها أي مشاكل صحية ثانية؟ وهل تاخذ أي أدوية بانتظام؟

مريض: هيه نعم، عندها قصور ف الغدة الدرقية من سنين بس متسيطر عليه بالأدوية. والحمد لله وضعها مستقر من ناحية الغدة.

مساعد طبي: زين إن الغدة متسيطر عليها. الحين، هل لاحظت عليها أي أعراض ثانية مثل تغيّرات مفاجئة ف السلوك، أو هلوسات بصرية، أو مشاكل ف الحركة؟

مريض: لا، الحمد لله ما لاحظت شي من هالنوع. بس النسيان اللي يزيد تدريجياً. هل هالشي طبيعي بعمرها ولا شي أخطر؟

مساعد طبي: فاهم خوفك. اللي توصفه ممكن يكون نسيان طبيعي مع العمر، بس بما إنه مأثر على نشاطاتها اليومية، أنصح تسوون تقييم طبي شامل. نحتاج تحاليل دم عشان نتأكد من مستوى فيتامين B12 ووظايف الغدة الدرقية، وبعد تقييم معرفي عند مختص. هالسي بيساعدنا نستبعد الأسباب اللي ممكن تتعالج قبل لا نفكر بتشخيصات ثانية.

مريض: مشكور/ة، هالشي ريّحني شوي. بحجز لها موعد عند الدكتور بأقرب وقت. أتمنى تكون بس أعراض بسيطة وتنحل بالعلاج.",هالسي بيساعدنا نستبعد الأسباب اللي ممكن تتعالج قبل لا نفكر بتشخيصات ثانية.,تمام، لازم تحجز موعد مع دكتور خلال كم يوم عشان نبدأ التشخيص. التشخيص بيكون فيه كم سؤال محدّد عشان نعرف هل ضعف الذاكرة مرتبط بالعمر ولا في خلل بالذاكرة أو بداية ألزهايمر. ويفضّل يكون دكتور أعصاب ومتخصّص بهالموضوع. وخلّه يبدأ بالتشخيص لأن ممكن تكون المشكلة نقص فيتامين B12، أو ممكن تكون بداية بسبب اكتئاب أو قلق شديد. الأهم يكون التشخيص دقيق ونبدأ بخطة علاج، وممكن تشمل أدوية يديدة تخفّف من سرعة تدهور النسيان.,ANSWER: هالسي بيساعدنا نستبعد الأسباب اللي ممكن تتعالج قبل لا نفكر بتشخيصات ثانية.,,Incorrect
61,"مريض: السلام عليكم، أحس ب عوار قوي وايد في الجنب اليمين من ظهري، وينزل لتحت البطن. العوار مب قادر اتحمله وما أقدر أقعد ولا أنام من كثره.

مساعد طبي: وعليكم السلام، فاهم عليك إن العوار قوي. تقدر توصف لي العوار كيف؟ يي على شكل نوبات/موجات ولا مستمر؟ ومتى بالضبط بدا؟

مريض: بدا فجأة من تقريباً ساعتين، ويي على شكل موجات قوية وايد. أحس جنه حد يطعنني بسكّين في الجنب وينزل العوار للمنطقة التناسلية. ما أقدر ألقى أي وضعية مريحة أبد.

مساعد طبي: هذا شكله مغص قوي. لاحظت أي تغيير في لون البول؟ وعندك حرارة أو رجفة/قشعريرة؟ وتقدر تتبول بشكل طبيعي؟

مريض: هيه، لاحظت دم في البول من آخر مرة رحت الحمّام. أما حرارة ما أظن، بس أنا أتعرّق وايد من العوار. والتبول... هيه أقدر بس يعور وايد.

مساعد طبي: على الأعراض اللي وصفتها—مغص شديد في الخاصرة وينزل لتحت ومعاه دم في البول—هذا يدل بقوة على حصوة في الكِلى. هذي حالة لازم تنقيّم على طول عشان نخفف العوار ونسوي الفحوصات اللازمة. لازم تروح الطوارئ الحين.

مريض: يعني هالشي خطير؟ أنا خايف خصوصاً من موضوع الدم. وهل بحتاج عملية؟",لا تهمش، هالشي شائعة، بس لازم نعمل الفحوصات. هتاخد أدوية عشان تخفف العوار، وmaybe هتحتاج عملية if the stone is big.,ما عليه خوف. المهم تروح الطوارئ عشان يبدون العلاج ويعطونك مسكن للألم. الحصى غالباً تطلع بروحها بشكل طبيعي، وأحياناً نحتاج نسوي تفتيت بالموجات الصوتية. الحين لازم تتوجه للمستشفى، ولا تسوق بنفسك. ولا تاكل ولا تشرب لين ما ينشخّصون الحالة ويبدون العلاج.,ANSWER: لا تهمش، هالشي شائعة، بس لازم نعمل الفحوصات. هتاخد أدوية عشان تخفف العوار، وmaybe هتحتاج عملية if the stone is big.,,Incorrect
62,"مريض: السلام عليكم، من يومين وأنا فيني حرقة قوية يوم أبول، وأحس لازم أروح الحمّام وايد حتى لو ما فيني بول وايد.

مساعد طبي: وعليكم السلام. فهمت عليج. تحسين بألم تحت البطن أو في الظهر؟ وعندج حرارة أو أعراض ثانية؟

مريض: هيه، أحس بألم خفيف تحت البطن، بس ما عندي حرارة ولا ألم في الظهر. بس هالحرقة اللي تزعّج و أحس أن على طول لازم أبول.

مساعد طبي: من الأعراض اللي تقولينها، يبين إن عندج التهاب في المسالك البولية السفلية. أنصحج تراجعين الدكتور عشان يعطيج المضاد الحيوي المناسب، وبنفس الوقت كثّري شرب الماي.

مريض: مشكور/ة، في علامات خطر لازم أنتبه لها؟ ومتى لازم أروح الطوارئ؟

مساعد طبي: هيه، إذا طلعت عليج حرارة عالية أو ألم في الجنبين أو الظهر أو صار فيج تقيّؤ، ممكن يعني إن الالتهاب وصل للكِلى ويحتاج علاج طبي فوري. بس أعراضج الحين تدل على التهاب بسيط.

مريض: تمام، بحجز موعد عند الدكتور باچر وبكثر شرب الماي. أقدر آخذ مسكّن حق الألم الحين؟",إيش، ممكن تاخدي مسكّن مثل باراسيتامول عشان تخفف الألم، بس تجنب الإيبوبروفين عشان ما يضر على الكلى.,إي، تقدرين تاخذين مسكّن للألم مؤقّتًا، بس لازم تراجعين الدكتور عشان يكتب لج مضادّات حيوية. وتجنّبي تلبسين ملابس داخلية ضيّجة، ولا تحبسين البول، واشربي ماي وايد. وانتبهي لأي علامات تحذيرية مثل إذا ارتفعت حرارتج، أو صار في ألم بالخاصرة، أو رجفة/قشعريرة.,ANSWER: إيش، ممكن تاخدي مسكّن مثل باراسيتامول عشان تخفف الألم، بس تجنب الإيبوبروفين عشان ما يضر على الكلى.,,Correct
63,"مريض: السلام عليكم، أنا داقة عن ريّلي عمره 72 سنة. عنده مشاكل في الكلى، ومن أمس صار خامل وايد وويه وريوله منتفخين، وتقريباً ما بال من صباح أمس.

مساعد طبي: وعليكم السلام. فاهم خوفج على ريّلج. هذي أعراض تخوف وايد. هل عنده أمراض مزمنة في الكلى أو القلب؟

مريض: هيه نعم، عنده مرض كلوي مزمن مرحلة رابعة وعنده فشل في القلب. الدكتور قال إن وضع الكلى متقدم.

مساعد طبي: هذا شي مهم وايد. هل يحس بضيق نفس، أو ما يقدر يركز / تفكيره مش صافي، أو خفقان بالقلب؟ وكم تقريباً كمية البول اللي طلّعها من أمس؟

مريض: هيه، أحس إنه يتنفس بصعوبة شوي يوم يرقد، وساعات يكون مب مركز. وبالنسبة للبول ما شفته يدخل الحمام إلا مرة وحدة أمس وكانت كمية بسيطة وايد.

مساعد طبي: هذي حالة طبية طارئة. انقطاع البول مع هالأعراض عند مريض فيه فشل كلوي مزمن يحتاج تدخل فوري. لازم تنقلونه المستشفى على طول عشان يقيمون حالة الكلى والقلب ومستوى البوتاسيوم بالدم.

مريض: تمام، بتصل بالإسعاف الحين. في شي أقدر أسويه له لين يوصلون؟ ولازم آخذ أدويته معاي؟","لا تاخذ أدوية معاه, but make sure he is comfortable and keep him calm until the ambulance arrives.",نعم، يبي لج أتييبين أدويته وملفاته الطبية وياج. بس راقبيه وخليه واعي. إذا كليتَه وقفن عن الشغل، ممكن يكون عنده بوتاسيوم عالي، وهذا ممكن يكون سامّ للقلب، عشان جي لازم وايد تنقلونه فورًا للطوارئ عشان يسوون له تحاليل بالمختبر ويقيّمون إذا يحتاج غسيل كلى ولا لا.,"ANSWER: لا تاخذ أدوية معاه, but make sure he is comfortable and keep him calm until the ambulance arrives.",,Incorrect
64,"مريض: السلام عليكم دكتور، أنا وايد خايف لأني شفت دم فالبول مرتين هالشهر.

مساعد طبي: وعليكم السلام. فاهم خوفك. تحس بعوار يوم تبول أو فمنطقة الحوض؟

مريض: لا، وهذا اللي مستغربه، ما أحس بأي عوار أبد. والتبول طبيعي، ما فيه صعوبة.

مساعد طبي: زين. عندك حرارة أو رجفة؟ ولا لاحظت إن وزنك نزل الفترة اللي طافت أو تعرّق بالليل؟

مريض: لا، ما عندي حرارة. بس صح، وزني نزل شوي الشهر اللي طاف ولاحظت إني أعرق وايد بالليل.

مساعد طبي: هذي أعراض مهمة. إنت مدخّن وعندك ضغط، صح؟ وجود دم فالبول بدون عوار مع نزول وزن وتعرّق ليلي يحتاج فحص عاجل عند دكتور مسالك بولية عشان نستبعد أي أورام.

مريض: يا الله، تقصد سرطان؟ أنا الحين خفت وايد، متى لازم أراجع دكتور المسالك؟",لازم تراجع دكتور المسالك في أقرب وقت عشان نعمل الفحوصات اللي لازم. ما تهمل.,ممكن تكون أعراض الوالد مرتبطة بسرطان المثانة، خصوصًا إن عنده عامل خطورة اللي هو التدخين، ومع تاريخ قريب بنزول الوزن. تقدرون تحجزون أقرب موعد ممكن عند دكتور المسالك البولية عشان يسوي التحاليل اللازمة ويفحص المثانة بالمنظار، وياخذ خزعة إذا احتاج.,ANSWER: لازم تراجع دكتور المسالك في أقرب وقت عشان نعمل الفحوصات اللي لازم. ما تهمل.,,Correct
65,"مريض: السلام عليكم دكتور، من كم شهر وأنا عندي مشاكل في التبوّل. اندفاع البول مستوي ضعيف وايد وأحس إن المثانة ما تفضى بالكامل عقب ما أبول.

مساعد طبي: وعليكم السلام. أفهم قلقك من هالأعراض. تقوم فالليل تروح الحمّام؟ وهل تحتاجتتعصر عشان يبدأ البول؟

مريض: إي نعم، أقوم تقريباً 3 أو 4 مرات كل ليلة عشان أتبول، وأحياناً لازم أتريه شوي وأضغط لين يبدأ البول ينزل.

مساعد طبي: هالأعراض شائعة بعُمرك. تحس بألم وقت التبوّل أو لاحظت دم في البول؟ وهل بديت أي أدوية يديدة قريب، خصوصاً أدوية الحساسية أو الزكام؟

مريض: لا، ما في عوار ولا دم في البول. وما بديت أي أدوية يديدة. بس عندي دوا الضغط اللي آخذه من سنين.

مساعد طبي: زين. الأعراض اللي تقولها توحي بتضخّم بروستاتا حميد، وهالحالة وايد منتشرة مع التقدّم بالعمر. أنصحك تراجع الدكتور عشان يسوّي فحص PSA وفحص سريري. مب حالة طارئة، بس المتابعة مهمّة عشان نتأكد من التشخيص.

مريض: مشكور، هالكلام يطمنّي. متى لازم أخاف وأروح الطوارئ؟

مساعد طبي: لازم تروح الطوارئ على طول إذا ما قدرت تبول نهائياً، أو إذا يتك حرارة مع عوار صوب الظهر من تحت، أو إذا نقص وزنك بدون سبب. أمّا بحالتك الحين، يكفي تحجز موعد عند دكتور المسالك البولية خلال أسبوعين.

مريض: تمام، بحجز موعد مع الدكتور قريب. في شي أقدر أسويه الحين عشان تخف هالأعراض؟","Try to drink more water during the day and avoid fluids before bedtime. Also, try to relax when you urinate and don't rush. If symptoms worsen, contact your doctor.",نعم، تقدر تقلّل شرب السوائل بالليل، وخفّف الكافيين والكحول لأنهم يهيّجون المثانة، وحاول لا تأخّر التبوّل. وإذا بتبدي تدريب المثانة، جرّب التبوّل بوقت محدد والتبوّل المزدوج: تبول، انتظر شوي، وبعدين جرّب مرة ثانية.,"ANSWER: Try to drink more water during the day and avoid fluids before bedtime. Also, try to relax when you urinate and don't rush. If symptoms worsen, contact your doctor.",,Correct
66,"مريض: السلام عليكم، أنا وايد خايف/ة. سويت عملية استئصال البواسير من ثلاث أيام، والحين عندي نزيف قوي من الشرج ويا دوخة وتعب شديد.

مساعد طبي: وعليكم السلام. فاهم خوفك. هالشي يحتاج اهتمامعلى طول. متى بدأ النزيف وكيف شكله الحين؟ وفي عوار في هالمنطقة؟

مريض: بالبداية كان نقاط بسيطة، عقبها صار دم وايد وبكميّة كبيرة ومعاه تكتلات دم. أحس بألم قوي حول فتحة الشرج، وتييني دوخة قوية يوم أوقف.

مساعد طبي: هالشي يخوف وايد. كثرة الدم مع التكتلات والدوخة ممكن تكون نزيف بعد العملية ويحتاج تدخل طارئ. تحسين بضعف عام أو شحوب؟

مريض: هيه نعم، أحس بضعف قوي وتعب مب طبيعي. ريّلي قال إن ويهي شاحب وايد. أخاف يكون صار شي غلط بالعملية أو مضاعفات خطيرة.

مساعد طبي: فاهم خوفج/خوفك تماماً. حسب الأعراض اللي تقولينها/تقولها — نزيف غزير مع تكتلات ودوخة وشحوب وضعف — لازم تروحين/تروح على طول للطوارئ. هذا نزيف بعد العملية ويحتاج تدخل طبي عاجل.

مريض: بروح المستشفى الحين. ممكن تقولين للدكتورة يسرى اللي سوت لي العملية؟ وهل ممكن أحتاج عملية ثانية عشان يوقفون النزيف؟",بروح على الطوارئ على طول. هالنزيف خطير ويحتاج تدخل عاجل. ممكن تحتاج تخدير وتوقف النزيف.,الأفضل تروحين المستشفى الحين. حاولي لا تمشين وطلبي من المسعفين يوصلونج بالكرسي المتحرك. لا تاكلين ولا تشربين لين توصلين المستشفى ويبدون يسوّون لج التشخيص. يوم توصلين الطوارئ، الدكتور بيشخّص بالحال عن طريق أشعة مقطعية وتحليل دم عشان يتأكدون من شدة النزيف. إن شاء الله غالبًا ما تحتاجين عملية ثانية عشان يوقفون النزيف، بس وارد يصير. حاولي لا تتوترين وخليك هادية، غالبًا إن شاء الله الوضع بيكون تحت السيطرة ونتمنى لج الشفا العاجل.,ANSWER: بروح على الطوارئ على طول. هالنزيف خطير ويحتاج تدخل عاجل. ممكن تحتاج تخدير وتوقف النزيف.,,Correct
67,"مريض: السلام عليكم دكتورة، أنا خايفة من نوبات ألم المرارة. عندي عملية محددينها عقب أربع أسابيع، بس أبغي أعرف شو أقدر آكل عشان أتجنب هالنوبات اللي تعور؟

مساعد طبي: وعليكم السلام، متفهم خوفج تماماً. أول شي خلّيني أطمّنّج إن العملية مو طارئة وحالتج مستقرة. بالنسبة للأكل، مهم وايد تتجنبين الأكل الدهني والمقلي لأنه يخلّي المرارة تنقبض. تقدرين تقولين لي عادةً شو تاكلين؟

مريض: هيه، لاحظت الألم يزيد يوم آكل المقليات أو اللحم الدسم. النوبات تييني تقريباً مرتين في الأسبوع وتستمر من ربع ساعة لين ساعة. شو أقدر آكل بأمان؟

مساعد طبي: هذا شي طبيعي وايد مع حصوات المرارة. أنصحج بأكل قليل الدسم مثل الخضرة المسلوقة، الفواكه، العيش، الخبز الأسمر، واللحوم الخالية من الدهون وتكون مشوية أو مسلوقة. وابتعدي عن المقليات، الزبدة، الكريمة، المكسرات، والأجبان الدسمة. اشربي ماي كافي ووزّعي أكلج على وجبات صغيرة ومتكررة.

مريض: مشكورة على هالنصايح. أقدر آكل زيت الزيتون؟ وشو عن البيض واللبن؟","زيت الزيتون بكميات معتدلة مش هيتضرج, بس عن اللبن وبيض ابتعدي عن دهونهم.",خذي زيت الزيتون بس باعتدال وايد، لأنه ممكن يحرّض المرارة وتزيد إفراز العصارة الصفراوية. أمّا البيض فالأفضل تتجنبينه، بس إذا تبين ممكن تاكلين بس بياض البيض مو الصفار. وبالنسبة للألبان، هذي محفّز قوي وايد للنوبات ولازم تتجنبينها.,"ANSWER: زيت الزيتون بكميات معتدلة مش هيتضرج, بس عن اللبن وبيض ابتعدي عن دهونهم.",,Incorrect
68,"مريض: السلام عليكم، أنا فيني عوار قوي وايد فـمنطقة الأُربية اليسار من عقب عملية إصلاح الفتق اللي سويتها الأسبوع اللي طاف.

مساعد طبي: وعليكم السلام، فهمت إن عندك عوار عقب عملية إصلاح الفتق الإربي. تقدر توصف لي العوار بالضبط أكثر؟

مريض: العوار يحرق وينبض، ويمتد للجهة الداخلية من فخذ اليسار. والمنطقة حسّاسة وايد للمس، وأحس بخَدَر جنه دبابيس وإبر.

مساعد طبي: هذي أعراض تخوف شوي. يزيد الألم يوم تمشي أو يوم تحرّك الورك؟ والمسكنات اللي موصوفة لك تخفف الألم؟

مريض: هيه نعم، يزيد الألم وايد يوم أمشي أو يوم أمدّ الورك، والمسكنات اللي كتبها لي الدكتور ما تخفف الألم أبد.

مساعد طبي: على حسب الأعراض اللي تقولها، باين إن عندك إصابة بالعصب عقب العملية. هالشي يحتاج تقييم عاجل من فريق الجراحة. لازم تروح الحين على طول الطوارئ عشان يقيمون حالتك.

مريض: يعني الوضع خطير؟ شو ممكن يصير لو ما رحت الطوارئ الحين؟",لو ما رحت الطوارئ، ممكن يزداد الالتهاب على العصب ويصير ضرر دائم.,لازم نعالج هالألم القوي اللي عقب عملية الفتق، لأنه ممكن يكون بسبب انضغاط أو إصابة بالعصب وقت الجراحة. إذا تأخّرنا بهالموضوع، ممكن يروح العصب وتبتلي بألم مزمن.,ANSWER: لو ما رحت الطوارئ، ممكن يزداد الالتهاب على العصب ويصير ضرر دائم.,,Incorrect
69,"مريض: السلام عليكم، أنا حاجز حق منظار القولون باچر عند الدكتورة يسرى، بس نسيت متى أبدأ أشرب محلول التنظيف، وشو الآثار الجانبية اللي ممكن تصير؟

مساعد طبي: وعليكم السلام، بساعدك وبوضح لك تعليمات التحضير لمنظار القولون. عادةً تبدأ تشرب محلول التنظيف قبل 12 إلى 24 ساعة من موعد الإجراء، بس تذكر أي نوع محلول وصفوه لك؟

مريض: لا والله ما أذكر الاسم بالضبط، بس أبغي أعرف متى أوقف أكل، وشو نوع الأكل المسموح؟

مساعد طبي: بشكل عام لازم توقف الأكل الصلب قبل 24 ساعة من الإجراء وتكتفي بالسوائل الشفافة مثل الماي والعصاير الصافية والمرق الصافي. وبالنسبة للآثار الجانبية، ممكن تكون غثيان، تقيؤ، انتفاخ، ومغص/تقلصات في البطن. وبحكم تاريخك المرضي ويا الضغط والكوليسترول والأنيميا اللي انكتشفت قريب، تاخذ أدوية سيولة للدم؟

مريض: أنا آخذ دواء للضغط بس، بس أنا خايف من موضوع الأنيميا، بتأثر على المنظار؟ وهل أقدر أشرب ماي وايد مع المحلول؟

مساعد طبي: الأنيميا اللي انكتشفت قريب جزء من سبب المنظار عشان نستبعد أي مصدر نزيف في القولون. تقدر تشرب ماي ويا المحلول عشان تتجنب الجفاف، بس انتبه والتزم بالتعليمات المحددة للكمية. مهم وايد تتواصل ويا العيادة أو المستشفى اللي بتسوي فيه المنظار عشان يعطونك تعليماتهم بالضبط، لأن البروتوكولات ممكن تختلف من مكان لثاني.

مريض: مشكور على المعلومات، بتواصل ويا عيادة الدكتورة يسرى الصبح عشان أتأكد من التعليمات المحددة، وإن شاء الله كل شي يكون تمام من ناحية نتيجة المنظار.",انا عارف انك عايش حالة من التوتر، بس انا انصحك تركز على اتباع التعليمات ويا الدكتورة يسرا عشان تحصل على أفضل نتيجة من المنظار.,زين هالشي، لازم تتابع الكلام والمعلومات من الفريق الطبي عدل عشان ما يصير أي لخبطة وتسبب مضاعفات تضر صحتك. اتصل بعيادة الدكتور وقل لهم بوضوح شو اللي تعاني منه، وشو الأدوية اللي تاخذها، وشو لازم تسوي قبل موعد المنظار.,ANSWER: انا عارف انك عايش حالة من التوتر، بس انا انصحك تركز على اتباع التعليمات ويا الدكتورة يسرا عشان تحصل على أفضل نتيجة من المنظار.,,Incorrect
70,"مريض: السلام عليكم، أحس ب عوار قوي وايد في الجنب اليسار من بطني من ثلاث أيام، وما يخف حتى مع المسكنات.

مساعد طبي: وعليكم السلام. فهمت إن تحس ب عوار في الجنب اليسار من البطن. تقدر توصف لي كيف الألم؟ وعندك أعراض ثانية وياه؟

مريض: الألم مثل المغص وما يمتد لأماكن ثانية، ويزيد إذا أكلت. بعد أحس بحرارة ورعشة أعرق فالليل، ومعاه نفخة في البطن.

مساعد طبي: هالأعراض تخوف شوي، خصوصاً مع الحرارة والرعشة. عندك تاريخ مرضي قبل متعلق بالجهاز الهضمي؟

مريض: هيه نعم، عندي تاريخ مع التهاب الرتوج، وسويت منظار قولون السنة اللي طافت وبيّن إن عندي رتوج في القولون.

مساعد طبي: بناءً على تاريخك مع الرتوج والأعراض اللي تقولها—عوار في الجنب اليسار مع حرارة ورعشة—هذا ممكن يكون التهاب رتوج حاد. أنصحك بقوة تروح الحين على طول للطوارئ عشان يسوّون الفحوصات اللازمة وتاخذ العلاج المناسب.

مريض: لهالدرجة الوضع خطير؟ كنت أتمنى أقدر اتريه موعد مع دكتور العائلة.",لا، مش ممكن. هالأعراض خطيرة، لازم تروح الطوارئ الآن عشان ياخدوا عينات من الدم وياخدوا صور عشان يحددوا إن كان عندك التهاب أو حتى ثقب.,الوضع مب شرط يكون خطير، بس يحتاج علاج بسرعة. لازم تروح قسم الطوارئ عشان يسوّون لك الفحوصات المناسبة، فيها CT scan وتحليل دم، ويبدون علاج على طول بمضادات حيوية. وممكن تحتاج تريح القولون، وأحياناً ممكن تحتاج عملية جراحية.,ANSWER: لا، مش ممكن. هالأعراض خطيرة، لازم تروح الطوارئ الآن عشان ياخدوا عينات من الدم وياخدوا صور عشان يحددوا إن كان عندك التهاب أو حتى ثقب.,,Correct
71,"مريض: السلام عليكم، أنا فيني التهاب فالمعدة والأمعاء، وتشخّصت عند دكتور الجهاز الهضمي. أبغي أعرف شو الأكل اللي لازم آكله وشو اللي لازم أتجنّبه خلال فترة التعافي؟

مساعد طبي: وعليكم السلام، والله آسف على اللي تمرّ فيه. فترة التعافي من التهاب المعدة والأمعاء ننصحك تاكل أكل خفيف مثل العيش المسلوق، التوست، الموز، والتفاح المبشور. وابتعد عن الأكل الدهني، الحار، ومنتجات الألبان. تقدر تقول لي كيف وضعك الحين؟ وهل تشرب سوائل بشكل منتظم؟

مريض: هيه نعم، أشرب ماي وعصاير طبيعية، بس للحين أعاني من إسهال مائي وغثيان. أقدر آكل شوربات؟ وشو وضع اللحوم السمج؟

مساعد طبي: هيه نعم، الشوربات الخفيفة مثل شوربة العيش أو خضار مسلوقة مفيدة وايد. بالنسبة للحوم والسمج، أحسن تأجّلها كم يوم لين تتحسّن الأعراض، وبعدها تاكلها مسلوقة أو مشوية. ومهم بعد تشرب محلول الإماهة الفموية عشان تعوّض السوائل اللي تفقدها. كم مرة اييك الإسهال باليوم الحين؟

مريض: تقريباً ٤-٦ مرات فاليوم، وأحياناً أحس بدوخة. في علامات خطر لازم أنتبه لها؟ ومتى لازم أراجع الدكتور مرة ثانية؟

مساعد طبي: الدوخة ممكن تكون علامة جفاف، فضروري وايد تزود شرب السوائل. لازم تراجع الطبيب على طول إذا طلع دم فالبراز، أو صارت حرارة عالية، أو جفاف شديد، أو إذا الأعراض ما تحسّنت خلال ٢-٣ أيام. وتذكّر كل وجبات صغيرة ومتكررة وابتعد عن الأكل النيّ تماماً لين تتعافى بالكامل.

مريض: مشكور على هالنصايح المفيدة. باتّبع هالنظام الغذائي وبراقب الأعراض عدل. إذا ما تحسّنت حالتي خلال الأيام الياية، برجع أراجع الدكتورة يسرى مرة ثانية.",انا عايز انا تاخد الادوية اللي دكتورة يسرى ركزها عشان تخفف الالتهام، واشتري محلول الإمارة عشان تعوض السوائل.,هذا شي زين، بس لازم تروح الطوارئ إذا زادت التشنّجات، أو صار عندك مغص قوي وايد فالبطن، أو إسهال قوي ممكن يسبّب جفاف شديد. بهالحالة ممكن تحتاج سوائل بالوريد، وعلاج إذا صار في تغيّر بأملاح الجسم، وعلاج أملاح الجسم.,ANSWER: انا عايز انا تاخد الادوية اللي دكتورة يسرى ركزها عشان تخفف الالتهام، واشتري محلول الإمارة عشان تعوض السوائل.,,Incorrect
72,"مريض: السلام عليكم، أنا محمد عمري 40 سنة. رحت عيادة قبل أسبوع عشان عوار في المعدة وسويت منظار للجزء العلوي من الجهاز الهضمي، وطلع عندي قرحة في المعدة. الدكتور كتب لي دواء مثبّط مضخة البروتون بس ما قال لي بالضبط متى آخذه. تقدر تساعدني؟

مساعد طبي: وعليكم السلام أستاذ محمد. فهمت سؤالك بخصوص وقت أخذ مثبّط مضخة البروتون. عشان أعطيك النصيحة الأنسب، تقدر توصف لي العوار اللي تحس فيه؟ متى عادة اييك وشكثر يعور؟

مريض: العوار يكون فوق في أعلى البطن تحت القفص الصدري، ومرات يكون متوسط ومرات قوي. يتم ساعات، خصوصاً بين الوجبات وستوي أخس إذا صمت. بعد عندي حرقة وارتجاع، خصوصاً الفجر/الصبح من وقت وقبل النوم.

مساعد طبي: شكراً على هالمعلومات. على حسب وصفك للأعراض، أنصحك تاخذ مثبّط مضخة البروتون قبل الريوق بـ 30 إلى 60 دقيقة، على معدة فاضية. هالوقت مهم لأن الدواء يشتغل أحسن يوم تكون مضخّات البروتون شغّالة، وهالشي عادة يصير بعد الأكل. انت تتريق بشكل منتظم؟

مريض: هيه نعم، عادة أتريق الساعة سبع ونص الصبح. بس شو لو نسيت آخذ الدواء قبل الريوق؟ وكم ياخذ وقت لين تلتئم القرحة مع هالعلاج؟

مساعد طبي: إذا نسيت تاخذه قبل الريوق، تقدر تاخذه قبل العشا بـ 30 إلى 60 دقيقة. المهم تاخذه على معدة فاضية قبل الوجبة الرئيسية. وبالنسبة لشفاء القرحة، عادة تحتاج من 4 إلى 8 أسابيع مع الالتزام بالعلاج وتعليمات الطبيب. ومهم بعد تتجنب التدخين والكحول لأنهم يأخرون الشفاء.

مريض: تمام، بحرص آخذه قبل الريوق بنص ساعة. بس هل في أكلات معيّنة لازم أتجنبها خلال فترة العلاج؟ وهل الدواء آمن للاستخدام لفترة طويلة؟","تجنب الأطعمة الحارة، الحمضيات, الكافيين, والطعام المقلية. الدواء آمن للاستخدام طويل الأمد تحت إشراف الطبيب.",خفّف الأشياء اللي تهيّج المعدة مثل الحمضيات: ليمون وبرتقال، وكمان المشروبات اللي فيها كافيين، والأكل الدسم، واللي فيه بهارات قوية، والمقليات اللي دسمها عالي، وبعد الشوكولاتة والنعناع. وبالنسبة للاستخدام لفترة طويلة، الأفضل تستخدم مثبّطات مضخة البروتون (PPI). والأحسن تقصّر المدة لـ 4 إلى 8 أسابيع. لأن الاستخدام الطويل ممكن يسبب نقص في امتصاص الفيتامينات والكالسيوم والمغنيسيوم.,"ANSWER: تجنب الأطعمة الحارة، الحمضيات, الكافيين, والطعام المقلية. الدواء آمن للاستخدام طويل الأمد تحت إشراف الطبيب.",,Correct
73,"مريض: السلام عليكم، أنا ولد مريض عمره ٧٠ سنة. رحنا حق دكتور الجهاز الهضمي لأن الوالد يحس بعوار في البطن واصفرار يزيد شوي شوي ونزل ١٢ كيلو خلال خمس شهور. الدكتور طلب تحاليل وCT للبطن، بس أنا وايد خايف على حالة الوالد وأبا أفهم شو اللي صاير له.

مساعد طبي: وعليكم السلام،فاهم خوفك على الوالد. الأعراض اللي قلتها—عوار البطن والاصفرار اللي يزيد تدريجياً ونزول الوزن—محناجة تقييم دقيق. تقدر نخبرني أكثر عن نوع الألم؟ وفيه أعراض ثانية لاحظتوها مثل الحكة أو تغيّر لون البول أو البراز؟

مريض: هيه نعم، الوالد يشتكي من ألم مغص في كل البطن ويا إحساس بالشبع والامتلاء وومب مرتاح. وبعد عنده فقدان شهية وحكة قوية خصوصاً في البطن، ويحس بتعب وضعف. أنا خايف يكون سرطان البنكرياس، شو الاحتمالات وشو العلاجات المتوفرة؟

مساعد طبي: الأعراض اللي وصفتها ممكن تدل على أكثر من حالة تأثر على الكبد أو القنوات الصفراوية أو البنكرياس. هيه نعم، سرطان البنكرياس احتمال وارد، بس فيه أسباب ثانية مثل حصوات بالقناة الصفراوية، التهاب البنكرياس، أو أورام حميدة. التحاليل والـCT بيبينون الصورة أوضح. وبالنسبة للعلاج، يعتمد على التشخيص النهائي والمرحلة إذا كان ورم.

مريض: مشكور، بس أنا بعدني خايف وايد. إذا كان سرطان البنكرياس، شو نسب العلاج؟ وهل عمره ٧٠ يأثر على العلاج؟ الوالد بعد عنده تاريخ مع الربو، هل هالشي بيعقّد الأمور؟","إذا كان سرطان البنكرياس، نسب العلاج تعتمد على المرحلة، بس في المراحل المتقدمة، العلاج يكون بالتحكم بالاعراض. العمر 70 مايعني اننا ما نعمل nothing, but we need to consider overall health. History of asthma may affect some treatment options, but we'll manage that if needed. The most important thing now is to get the diagnosis confirmed and then we can discuss the best approach.",ما في داعي للذعر الحين. صح إن الأعراض مثل الاصفرار ونقصان الوزن تخوّف وتستدعي القلق، بس مب معناته أكيد في ورم خبيث. بالنسبة لسرطان البنكرياس، نسب الشفاء تعتمد بالكامل على أي مرحلة نكتشف فيها المرض، وعلى إذا كان ينشال بالعملية ولا لا. وبخصوص عمره ووجود الربو، هذي أشياء نحطّها في بالنا يوم نحطّ الخطة العلاجية عشان نضمن سلامته، بس ما تمنع إنّا نوفر له الرعاية المناسبة. لازم جداً تكمّلون الـCT scan بأسرع وقت، لأنه هو اللي بيحسم التشخيص. وأنصحك تراجعون النتايج مع دكتور الجهاز الهضمي أول ما تطلع.,"ANSWER: إذا كان سرطان البنكرياس، نسب العلاج تعتمد على المرحلة، بس في المراحل المتقدمة، العلاج يكون بالتحكم بالاعراض. العمر 70 مايعني اننا ما نعمل nothing, but we need to consider overall health. History of asthma may affect some treatment options, but we'll manage that if needed. The most important thing now is to get the diagnosis confirmed and then we can discuss the best approach.",,Incorrect
74,"مريض: السلام عليكم، أبغي مساعدتكم عسب افهم حالتي. أمس شربت كمية كبيرة بيره ويا الربع، وبعدها رجّعت كم مرة وبقوة. واليوم لاحظت في الرجعة خيوط دم صغيرة ويا مخاط، ومعاها بقايا أكل مهضوم. أول مرة يصير لي هالشي وأبغي أفهم شو الأسباب المحتملة؟

مساعد طبي: وعليكم السلام. فاهم خوفك، ووهالشي لازم ينأخذ بجدّية طبياً. أول شي، عندك تاريخ مرضي معروف، خصوصاً مشاكل في الكبد؟ وتحس بأي أعراض ثانية الحين مثل دوخة أو تعب أو عوار في البطن؟

مريض: هيه نعم، عندي مرض الكبد الكحولي من سنين وهو بمرحلة متقدمة. الحين أحس بصداع وأعراض الخمار المعتادة، بس ما في دوخة ولا تعب. بشكل عام أحسني بخير غير هالدم في الرجعة. هل هالشي خطير؟ ممكن يهدد الحياة؟

مساعد طبي: بحكم تاريخك مع الكبد الكحولي ومع القيء اللي فيه دم، ممكن يدل على كم سبب محتمل، منها تمزّق في أوعية دموية في المريء أو المعدة بسبب الترجيع القوي، أو مضاعفات مرتبطة بحالة الكبد. أنصحك بقوة تروح قسم الطوارئ على طول عشان يسوون فحوصات ضرورية، تشمل تحاليل دم ومنظار للجهاز الهضمي العلوي.

مريض: فهمت، بس أقدر أتريه شوي وأشوف إذا بيرجع؟ يعني أنا الحين أحسني أحسن نسبياً وما في نزيف مستمر. برأيكم شو قدّ إلحاح الوضع؟",مشكول، هالظروف مش عادي. لازم تروح المستشفى على طول عشان نأكد ما هو السبب ونوقف أي نزيف. هالدم في القيء مع تاريخ الكبد الكحولي مش شغلة ليه.,أفهم إنك تبا تنتظر، بس بما إن عندك تاريخ مع مرض كبد متقدّم، ظهور دم في القيء—even لو كان بسيط—هذا وضع يستدعي تروح الطوارئ فورًا. الاستعجال لأن لازم نفحص علاماتك الحيوية ونقيس مستوى الهيموغلوبين عشان نتأكد ما في نزيف داخلي ممكن ما يكون واضح. ممكن الدم يكون من شقّ بسيط بسبب القيء القوي، بس بحالتك لازم نستبعد وجود دوالي المريء ومضاعفات كبدية خطيرة عن طريق منظار للجهاز الهضمي العلوي. الانتظار ممكن يعرّضك لمخاطر مفاجئة، فالفحص السريع الحين هو الأأمن عشان نضمن إن وضعك مستقر. أنصحك تروح المستشفى الحين بدون أي تأخير عشان تسوي الفحوصات اللازمة.,ANSWER: مشكول، هالظروف مش عادي. لازم تروح المستشفى على طول عشان نأكد ما هو السبب ونوقف أي نزيف. هالدم في القيء مع تاريخ الكبد الكحولي مش شغلة ليه.,,Correct
75,"مريض: السلام عليكم، عندي إسهال مزمن من شهرين وبغيت أفهم شو السبب. سويت عملية تكميم قبل سنة ونزلت تقريباً ٢٠ كيلو، بس هالإسهال مضايقني وايد.

مساعد طبي: وعليكم السلام، فاهم خوفك من هالإسهال. تقدرين توصفين لي طبيعة الإسهال؟ كم مرة يستويلج فاليوم وكيف قوامه؟

مريض: يستوي من ٦ لين ٧ مرات فاليوم، ويكون مائي وأحياناً أشوف قطرات دهنية في البراز. بعد لاحظت شعري يطيح وأظافري ضعفت وأحس ب تعب مستمر.

مساعد طبي: هالأعراض مهمة وايد، خصوصاً بعد عملية التكميم. هل تاخذين الفيتامينات والمكملات اللي الدكتور وصفهم لج بعد العملية؟ ومتى آخر مرة راجعتي الدكتور المختص؟

مريض: بصراحة ما التزمت بالفيتامينات مثل ما لازم، وما راجعت الدكتور من بعد العملية. كنت مستناسة بالنزول وتحسّن السكري، فقلت كل شي تمام.

مساعد طبي: فاهم شعورج، بس هالأعراض—الإسهال المتكرر ومعاه دهون، تساقط الشعر، وضعف الأظافر—ممكن تدل على ضعف امتصاص الفيتامينات والعناصر الغذائية. مهم وايد تراجعين دكتور جراحة السمنة أو دكتور المتابعة بعد العمليات عشان يسوي الفحوصات اللازمة ويعدّل المكملات الغذائية.

مريض: هيه، الحين أحس إني غلطت يوم ما تابعت. بحجز موعد عند الدكتور المختص قريب. في شي أقدر أسويه الحين عشان يخف هالإسهال؟",انشري على المكملات اللي دكتور يوصيك بيها، وركز على الأكل غني بالبروتين والفيتامينات، واشتري من الصيدلية بعض الدواء لتهدئة الأمعاء.,الحين تقدرين تاخذين دوا يوقف الإسهال عشان يخفّف الأعراض، ولا تنسين تشربين ماي وايد عشان تعوّضين السوائل اللي راحت. بس مهم وايد تروحين عيادة جراحة السمنة عشان يكتبون لج الفيتامينات المتعددة المناسبة لج ويتأكدون من سبب الإسهال.,ANSWER: انشري على المكملات اللي دكتور يوصيك بيها، وركز على الأكل غني بالبروتين والفيتامينات، واشتري من الصيدلية بعض الدواء لتهدئة الأمعاء.,,Incorrect
76,"مريض: هلا، أنا طالب جامعي عمري 21 سنة، ورحت للدكتور العام عشان عندي إسهال فيه دم وعوار في البطن من شهرين. قال لي الدكتور يمكن عندي التهاب الأمعاء، وطلب مني أسوي منظار قولون وأروح عند دكتور جهاز هضمي. أنا وايد خايف ومب فاهم شو هالمرض وهل له علاج؟

مساعد طبي: فاهم خوفك تماماً. التهاب الأمعاء المزمن حالة مزمنة تسوي التهاب في الجهاز الهضمي، وله نوعين رئيسيين: كرون وUlcerative colitis (التهاب القولون التقرّحي). الأعراض اللي تقولها مثل الإسهال الدموي وآلام البطن تمشي مع هالتشخيص. تقدرتخبرني أكثر عن طبيعة العولر؟ وإذا نزل وزنك آخر فترة؟

مريض: هيه نعم، نزلت تقريباً 5 كيلو فالشهرين اللي طافوا. العوار يكون تقلّصي ومتوسط ومعاه نفخة. عندي عمي فيه التهاب قولون تقرّحي من 10 سنين وتوفّى عقب عملية بسبب هالمرض. أنا وايد خايف أن اموت مثله، وإذا ممكن اييني سرطان بالقولون؟

مساعد طبي: فاهم خوفك وهذا شي طبيعي. أول شي لازم نأكد التشخيص بالفحوصات المناسبة. غير منظار القولون، يمكن تحتاج تحاليل دم وبراز وCT scan (أشعة مقطعية). وبخصوص سرطان القولون، هيه في زيادة بسيطة بالخطر، بس مع المتابعة المنتظمة والعلاج المناسب نقدر نسيطر على المرض. هل لاحظت أن الأعراض ترتبط بأكلات معيّنة؟

مريض: لا، الأعراض مب مرتبطة بأكل معيّن. شو التشخيصات الثانية الممكنة غير التهاب الأمعاء؟ وهل في علاج نهائي لهالمرض؟ أبغي أفهم كل شي لأنّي وايد خايف أني أواجه نفس مصير عمي.

مساعد طبي: في احتمالات ثانية مثل التهابات بكتيرية أو طفيليات، قولون عصبي شديد، أو مشاكل هضمية ثانية. بس مع نزول الوزن ووجود دم في البراز، التهاب الأمعاء يظل الأكثر احتمالاً. وبخصوص العلاج، ما في شفاء نهائي، بس في علاجات وايد فعّالة للسيطرة على الأعراض ومنع المضاعفات. الطب تطوّر وايد عن قبل 10 سنين. المهم تتابع بشكل منتظم مع الأخصائي.

مريض: مشكور، هالشي يطمني شوي. متى لازم أسوي منظار القولون وشو الفحوصات الثانية اللي أحتاجها؟ وهل أقدر أكمل دراستي وأعيش طبيعي إذا تأكد التشخيص؟",هالمرض ما يمنعك من عيش حياة طبيعية، بس لازم تاخد الدواء على نظام وتتابعت مع الدكتور. هالمنظار لازم تاخده في أقرب وقت، وده هيساعدنا نحدد نوع التهاب. بعد كده هاخد لك فحوصات دم وبراز عشان نحدد العلاج.,نعم، غالبًا اللي عندهم التهاب الأمعاء يعيشون حياة طبيعية. وإذا كان المرض متحكَّم فيه بالأدوية، ما بيأثر على حياتك. بس لازم أول شي تسوي منظار قولون عشان نأكّد التشخيص بالخزعة، لأن الدكاترة لازم يشوفون التغيّرات بالخلايا داخل الأمعاء. وبعدها بتحتاج تعيد منظار القولون بعد 8 إلى 10 سنين من وقت التشخيص، وبعدين كل سنتين إلى ثلاث سنين.,ANSWER: هالمرض ما يمنعك من عيش حياة طبيعية، بس لازم تاخد الدواء على نظام وتتابعت مع الدكتور. هالمنظار لازم تاخده في أقرب وقت، وده هيساعدنا نحدد نوع التهاب. بعد كده هاخد لك فحوصات دم وبراز عشان نحدد العلاج.,,Correct
77,"مريض: السلام عليكم، من حوالي أربع شهور وأنا أعاني من مشاكل في البطن. عندي انتفاخ وإسهال مائي كل ما آكل خبز أو أي شي فيه جلوتين. واحد من ربعي قال يمكن عندي سيلياك. أبغي أعرف شو الأكلات اللي لازم أتجنبها؟

مساعد طبي: وعليكم السلام. فاهم خوفك من هالأعراض. تقدر تقولي أكثر عن الإسهال وعن العوار؟ متى بالضبط تبدا هالأعراض بعد الأكل؟

مريض: الإسهال مائي ويصير عادة بعد كم ساعة من أكل الخبز أو المعكرونة. وبعد أحس بعوار في البطن مثل المغص وانتفاخ قوي. جربت أغيّر أكلي أكثر من مرة، بس لين الحين آكل جلوتين لأني مب متأكد أي أكلات فيها.

مساعد طبي: أعراضك فعلاً ممكن تدل على السيلياك، بس التشخيص الأكيد يحتاج فحوصات طبية متخصصة. بالنسبة للأكلات اللي فيها جلوتين: تجنب القمح والشعير والجاودار، وكل اللي مصنوع منها مثل الخبز والمعكرونة والبسكوت. أنصحك تروح عند دكتور جهاز هضمي عشان تسوي الفحوصات اللازمة قبل لا تبدأ دايت خالي من الجلوتين بشكل كامل.

مريض: شكراً على المعلومات. لازم أوقف تدخين بعد؟ وشو الفحوصات اللي بحتاجها عند الدكتور؟",تدخين ما يضر، بس أفضل توقف. الدكتور هيسوي فحوصات دم و maybe endoscopy to confirm the diagnosis.,أفهم إنك تبغي تعرف شو الخطوات الياية عشان نتعامل مع هالأعراض اللي مضايقتنك. بخصوص التدخين، الأفضل دايم إنك توقفه عشان تتحسن صحتك بشكل عام وصحة جهازك الهضمي. وإيه، التدخين مب سبب مباشر للسلياك. الفحوصات اللي بتحتاجها تشمل تحاليل دم خاصة للأجسام المضادة، وممكن دكتور الجهاز الهضمي يطلب ياخذ خزعة بسيطة من الأمعاء الدقيقة عن طريق المنظار عشان نأكد التشخيص. وأنصحك بقوة لا توقف الجلوتين قبل ما تسوي هالفحوصات عشان تطلع النتائج دقيقة. حاليًا الأفضل تبدأ تتعرف على البدائل مثل الرز والكينوا، وتجهّز لموعدك مع الأخصائي عشان يحط لك خطة علاج كاملة تضمن لك حياة بدون ألم ولا انتفاخ.,ANSWER: تدخين ما يضر، بس أفضل توقف. الدكتور هيسوي فحوصات دم و maybe endoscopy to confirm the diagnosis.,,Correct
78,"مريضة: السلام عليكم، أنا حرمة عمري 42 سنة وسويت فحص مرونة الكبد في عيادة السمنة الأسبوع اللي طاف. وصلتني النتايج وأنا وايد خايفة. النتيجة مبينة درجة التليّف 0 ودرجة الدهون 3. ما فهمت شو معنات هالأرقام، يعني أنا فيني كبد دهني؟

مساعد طبي: وعليكم السلام، فاهم خوفج تماماً. بالنسبة لفحص مرونة الكبد، درجة التليّف 0 ممتازة وتدل إنه ما في تليّف بالكبد. أما درجة الدهون 3 فتعني في تراكم دهون بالكبد بدرجة متوسطة لين عالية. تقدرين تقولين لي عن تاريخج المرضي وعاداتج فالأكل؟

مريضة: هيه نعم، عندي سكري نوع ثاني وآخذ إنسولين، وبعد عندي كوليسترول وضغط. وزني زايد وايد وBMI عندي 42. أعاني من الأكل العاطفي وأنا تحت ضغط نفسي قوي، وآكل وايد فاست فود وأكل دهني. أختي سوت زراعة كبد بسبب فشل كبدي من الكبد الدهني، عشان جي أنا وايد خايفة. حالتي تنعالج وتردّ مثل قبل؟

مساعد طبي: فاهم خوفج، بس الشي الزين إن درجة التليّف 0 معناتها إن الكبد ما تضرر ضرر دائم للحين. الدهون فهالمرحلة تقدر تنعكس بالكامل بتغيير نمط الحياة. نزول 5-10% من الوزن ممكن يحسّن الكبد بشكل كبير. تاخذين أدوية الكوليسترول بانتظام؟ وكم كان آخر HbA1c عندج؟

مريضة: للأسف مب منتظمة على دواء الكوليسترول، وHbA1c طالع عالي بآخر فحص واحتياجي للإنسولين يزيد على طول. في دواء معيّن للكبد الدهني؟ وشو أهم النصايح اللي أتبعها عشان تتحسن حالتي؟

مساعد طبي: ما في دواء محدد للكبد الدهني، بس العلاج الأساسي هو تحسين السيطرة على السكر والكوليسترول مع نزول الوزن. أنصحج بـ: الالتزام بأدوية السكري والكوليسترول، تقليل الكربوهيدرات المكررة والسكريات، زيادة البروتين والخضروات، تمارسين رياضة 150 دقيقة بالأسبوع، وإدارة التوتر. هالتغييرات بتساعد الكبد وبتحسن صحتج بشكل عام.

مريضة: مشكورة، هالشي يطمن شوي. ببدأ ألتزم بالأدوية وأغيّر أكلي. لازم أعيد فحص مرونة الكبد بعد فترة عشان أتابع التحسّن؟ وكم وقت أحتاج عشان أشوف نتايج زينة؟",عايزين نعيد الفحص بعد 6 شهور عشان نتابع التحسن. إن شاء الله بتشوف نتايج زينة إن شاء الله.,عشان تطلع نتائج زينة، السر كله إنك تغيّر نمط حياتك. التحسّن الواضح في وظائف الكبد ونزول الدهون عادة يبين خلال 3 إلى 6 شهور إذا التزمت بالحمية والرياضة. وبالنسبة للمتابعة، الأفضل إننا نعيد فحص إنزيمات الكبد بعد 6 شهور عشان نقيم شكثر نزلت مستويات الدهون. التزامك الحين هو اللي بيحميك من مصير فشل كبدي، والنتايج بهالمرحلة تكون ممتازة وايد إذا كملت على نفس الاستمرارية.,ANSWER: عايزين نعيد الفحص بعد 6 شهور عشان نتابع التحسن. إن شاء الله بتشوف نتايج زينة إن شاء الله.,,Correct
79,"مريض: السلام عليكم، سويت عملية استئصال الزايدة بالمنظار من أسبوع وحاس بتحسّن وايد. أنا رياضي وأتمرّن حديد كل يوم، وأبا أرجع الجيم قبل ما تخلص مدة الثلاث أسابيع اللي الدكتور منعني فيها. شو رايكم؟

مساعد طبي: وعليكم السلام، فاهم رغبتك ترجع تتمرّن، بس وايد مهم تلتزم بتعليمات دكتورك المعالج. الدكتور قال لك بالضبط كم مدة تبتعد عن رفع الأوزان؟ وشو نوع التمارين اللي تسويها عادة بكمال الأجسام؟

مريض: هيه، قال لي الدكتور ما أرفع أوزان ثقيلة لمدة 4 أسابيع عشان أتجنب الفتق. أنا أرفع أوزان وايد ثقيلة وأشارك في مسابقات كمال الأجسام. بس الحين أحس عمري زين، فكم احتمال يصير فتق لو رجعت أتمرّن من وقت؟

مساعد طبي: فاهم إنك تحسّنت، بس الشفاء من داخل يحتاج وقت أطول من اللي تحسّه من برع. رفع الأوزان الثقيلة من وقت ممكن يزيد خطر الفتق الجراحي بشكل كبير، خصوصاً مع شدة التمرين اللي تسويه. تقدر تقول لي كم وزن الأثقال اللي ناوي ترفعه؟

مريض: عادة أرفع بين 80 إلى 120 كيلو في تمارين مختلفة. أدري إن المخاطر موجودة، بس شو عن التمارين البديلة؟ وإذا التزمت بتمارين خفيفة، متى أقدر أرجع شوي شوي للأوزان الثقيلة؟

مساعد طبي: هذي أوزان وايد ثقيلة! أنصحك وبقوّة تبعد عنها الحين. تقدر تسوي مشي، كارديو خفيف، وتمارين إطالة. عقب 4 أسابيع، ابدأ شوي شوي بأوزان خفيفة وزيد تدريجياً. الفتق الجراحي يمكن يحتاج عملية ثانية عشان ينصلّح، والوقاية أحسن من العلاج.

مريض: مشكور/مشكورة على النصيحة. بحاول أصبر وألتزم بتعليمات الدكتور رغم إن الموضوع صعب. أقدر على الأقل أسوي تمارين بطن خفيفة ولا لازم أتجنبها تماماً هالفترة؟",تمارين البطن خفيفة معاكس، بس ما ترفع أوزان.,لازم تتجنب أي تمارين تزيد الضغط على جدار البطن عشان ما يصير فتق جراحي، وبعد لا ترفع أي أوزان أكثر من 5 كيلو. أنصحك تسوي رياضة خفيفة وما تتعب عضلات البطن. كلم مدربك في الجيم وخله يعطيك إرشادات ويجهز لك تمارين تناسب حالتك بعد العملية لين تتعافى وترجع لحياتك بشكل طبيعي.,ANSWER: تمارين البطن خفيفة معاكس، بس ما ترفع أوزان.,,Incorrect
80,"مريض: السلام عليكم، أنا محتاج استشارة طبية. سويت عملية استئصال الزايدة بالمنظار من ثلاث أيام وطلعت من المستشفى أمس، بس لاحظت انتفاخ واحمرار حوالين الجرح وفيه إفرازات خضرا طالعة.

مساعد طبي: وعليكم السلام. فاهم خوفك بعد العملية. تحس بعوار أو حساسية إذا لمست منطقة الجرح؟ وعندك أي أعراض ثانية مثل حرارة أو رجفة؟

مريض: هيه نعم، فيه عوار وحساسية قوية حول الجرح، خصوصاً الجرح اللي فوق العانة. بس ما فيني حرارة ولا رجفة، وما عندي غثيان ولا تقيّؤ.

مساعد طبي: تغيّرت عندك عادات التبرز؟ وعندك أي مشاكل في التبول؟ بعد، الإفرازات الخضرا مستمرة ولا توها طالعة من قريب؟

مريض: لا، ما فيه تغيير في التبرز ولا مشاكل في التبول. الإفرازات الخضرا بدت من تقريباً يوم وتزيد مع الوقت، والانتفاخ والاحمرار بعد يزيدون.

مساعد طبي: على حسب الأعراض اللي تقولها—الانتفاخ اللي يزيد، والاحمرار، والإفرازات الصديدية الخضرا مع الألم حوالين الجرح—يبين إن عندك التهاب في مكان العملية. هالشي يحتاج تقييم طبي الحين. أنصحك تروح الطوارئ الحين على طول عشان يستبعدون أي مضاعفات جراحية، وممكن تحتاج مضادات حيوية.

مريض: مشكور على النصيحة. بروح المستشفى الحين. لازم آخذ وياي أي أوراق خاصة بالعملية؟",إحضر معاك كل الأوراق اللي من المستشفى، خصوصاً تقرير العملية ونتائج المختبر، عشان الدكتور يطلع على تاريخك.,إي نعم، لازم تييب وياك ملخّص خروجك من المستشفى وتفاصيل العمليّة اللي سوّوها لك بآخر دخول لك، عشان الدكاترة يعرفون شو نوع الجراحة اللي سويتها وهل يحتاجون يطلبون أي فحوصات زيادة.,ANSWER: إحضر معاك كل الأوراق اللي من المستشفى، خصوصاً تقرير العملية ونتائج المختبر، عشان الدكتور يطلع على تاريخك.,,Correct
81,"مريض: السلام عليكم، أبغي أستفسر عن مشكلة مضايقتني وايد. أحسّ بتورّم وثِقَل يزيد في ايدي اليسار من كم شهر عقب عملية استئصال الثدي. ممكن تساعدني أفهم شو اللي يصير؟

مساعد طبي: وعليكم السلام، فاهم خوفج من هالأعراض. عشان نقيّم حالتج بشكل أحسن، تقدرين تقولين لي تفاصيل العملية اللي سويتيها؟ وهل تحسين بأي عوار أو تغيّر في لون الجلد؟

مريض: سويت استئصال للثدي اليسار مع تشيلون الغدد الليمفاوية تحت الإبط بسبب سرطان الثدي. ما عندي ألم ولا حرارة، وما أشوف تغيّر بلون الجلد، بس أحسّ بشدّ في ايدي وصار صعب ألبس المجوهرات. الموضوع قام يضايقني صدق.

مساعد طبي: من وصفك، يبين إن عندج شي يسمّونه الوذمة الليمفاوية، وهي حالة طبيعية عقب استئصال غدد الليمف تحت الإبط. يصير هالشي بسبب تضرّر أو انسداد بالجهاز الليمفاوي، فيتجمع السائل في الذراع. وفي احتمالات ثانية مثل جلطات بالأوردة، عشان جي مهم وايد تراجعين دكتور مختص.

مريض: هالشيي يخوف! هل هالحالة خطيرة؟ وشو لازم أسوي الحين؟ وهل لها علاج؟

مساعد طبي: الوذمة الليمفاوية مب حالة طوارئ، بس تحتاج تقييم وعلاج مناسب. نقدر نسيطر عليها بشكل فعّال عن طريق علاج طبيعي عند أخصائي، وكمّ/ضمادات ضاغطة، وتمارين خاصة. أنصحج تراجعين عيادة الأوعية الدموية أو جرّاح الثدي بأقرب وقت عشان نأكد التشخيص ونحط خطة علاج مناسبة.

مريض: مشكور/ة على هالمعلومات المفيدة. بحرص أراجع الطبيب المختص قريب. في شي أقدر أسويه الحين عشان يخفّف الأعراض لين ما أقدر أشوف الدكتور؟","عايزة ترفع ايدي فوق مستوى القلب كل فترة، وتجنب حمل أوضغط على ايدي, ولبسي كم ضاغط عشان يساعد على تخفيف الوذمة.",فيه شوية أشياء تقدرين تسوينها عشان تساعدين تقلّلين الأعراض: خلي ذراعِج تتحرّك بلطف عن طريق تمارين خفيفة ومنتظمة (low impact) والعلاج الطبيعي اللي كاتبنه لج، وتجنّبي الإجهاد القوي أو المتكرر، والبسي ملابس/كمّ ضاغط مناسب مثل ما موصّينج، واهتمي بحماية الجلد زين عشان نمنع الالتهابات مثل التهاب النسيج الخلوي، وارفعي الطرف المصاب كل ما قدرتي.,"ANSWER: عايزة ترفع ايدي فوق مستوى القلب كل فترة، وتجنب حمل أوضغط على ايدي, ولبسي كم ضاغط عشان يساعد على تخفيف الوذمة.",,Correct
82,"مريض: السلام عليكم، أنا طلعت من المستشفى من ثلاث أيام عقب عملية في البطن عشان انسداد بالأمعاء، والحين من مكان الجرح يطلع سائل لونه حليبي بشكل مستمر. الكمية قاعدة تزيد وتخلّيني أبدّل الملابس كم مرّة باليوم. شو هالسائل وشو أسوي؟

مساعد طبي: وعليكم السلام. فاهم خوفك من هالسائل الحليبي اللي يطلع من مكان الجرح. ممكن يكون تسرّب لِمفاوي بسبب تضرّر الأوعية اللمفاوية وقت العملية. تحسين بحرارة أو عوار قوي؟ وكم تتوقعين كمية السائل اللي تطلع باليوم تقريباً؟

مريض: ما في حرارة ولا عوار قوي، بس كمية السائل وايد كبيرة. أضطر أغيّر الضمادات تقريباً كل ساعتين، والسائل شفاف وحليبي. هالشي مأثر على حياتي اليومية ومخوفني وايد.

مساعد طبي: من وصفج للأعراض، هالسائل الشفاف الحليبي ممكن يكون سائل لِمفاوي، واللي نسمّيه تسرّب لِمفاوي. هالحالة تحتاج متابعة طبية على طول لأن الكمية الكبيرة ممكن تسبب مضاعفات. هل للسائل ريحة معيّنة؟

مريض: السائل ما له ريحة كريهة، بس يطلع بكميات كبيرة وبشكل مستمر. أنا خايف لأن الكمية قاعدة تزيد من أمس. هل هالشي خطير؟ وشو لازم أسوي الحين؟

مساعد طبي: هالأعراض تحتاج تدخل طبي عاجل. التسرّب اللمفاوي إذا كان بكميّة كبيرة ممكن يسبب فقدان سوائل وبروتينات ويأثر على المناعة. أنصحك تروح الحين للطوارئ أو تتواصل مع الدكتور يسرى اللي متابع حالتك. لا تتريه أكثر.

مريض: مشكور/ة على النصيحة. بروح المستشفى الحين وبحاول أتواصل مع الدكتور يسرى. إن شاء الله يكون العلاج ممكن وتتحسّن حالتي قريب.",هالتراب يخص دكتور يسرى، بس هالتراب مش عادي. بروح المستشفى عشان ياخدوا عينة من السائل وياخدوا قرار.,نصيحتي لج إنج تتوجّهين فورًا للطوارئ عشان يقيّمون الحالة طبيًّا ويمنعون لا سمح الله تصير مضاعفات. هناك الفريق الطبي بيقيسون كمية الفقد، ويفحصون السايل فالمختبر عشان يأكّدون التشخيص، وبيبدون بالعلاج المناسب اللي ممكن يشمل إجراءات بسيطة للسيطرة على التسرّب. لا تأخّرين، التدخّل السريع هو الأضمن لسلامتج.,ANSWER: هالتراب يخص دكتور يسرى، بس هالتراب مش عادي. بروح المستشفى عشان ياخدوا عينة من السائل وياخدوا قرار.,,Correct
83,"مريض: السلام عليكم دكتور. رحت عند الطبيب العام عشان في كتلة تعورني في رقبتي طلعت بعد يومين من التهاب الحلق والحرارة. قال لي غالباً هذي غدّة لمفاوية متفاعلة ويا التهاب بالجهاز التنفسي العلوي وكتب لي دواء مضاد التهاب. بس أنا خايف من قرحة المعدة. آخذ الدوا قبل الأكل ولا بعده؟

مساعد طبي: وعليكم السلام. فاهم خوفك من موضوع قرحة المعدة. تقدر تقولي شو نوع مضاد الالتهاب اللي وصفه لك الدكتور؟ وهل عندك قبل أي مشاكل بالمعدة أو قرحة؟

مريض: ما أذكر الاسم بالضبط، بس هو من مضادات الالتهاب اللي مب ستيرويدية. وما عندي تاريخ قبل مع مشاكل بالمعدة، بس سمعت هالأدوية ممكن تسوي قرحة بالمعدة وأنا خايف من هالشي.

مساعد طبي: خوفك في محلّه. مضادات الالتهاب غير الستيرويدية ممكن ترفع احتمال قرحة المعدة. أنصحك تاخذ الدوا مع الأكل أو عقب الأكل على طول عشان يقل تهيّج المعدة. وبعد تقدر تاخذ دوا حماية للمعدة مثل أوميبرازول قبل بنص ساعة من مضاد الالتهاب. عندك الحين أي أعراض بالمعدة مثل حرقة أو ألم؟

مريض: لا، ما عندي أي أعراض بالمعدة الحين. في أنواع من مضادات الالتهاب تكون أقل ضرر على المعدة؟ ولازم آخذ دوا الحماية مع كل جرعة؟","هالأدوية اللي أقل ضرر على المعدة هي مثل نابروكسين أو ميكوفين, بس لازم تاخذ دوا الحماية مع كل جرعة عشان تكون على الحذر.",مو ضروري تاخذ مثبّط مضخّة البروتون ويا مضادات الالتهاب غير الستيرويدية، بس يُفضَّل تاخذه عشان يقلّ خطر تهيّج المعدة والقرحة. وتقدر تختار من مضادات الالتهاب اللي تكون أخفّ على المعدة، مثل سيليبريكس، عشان تقلّ الأعراض الجانبية على الجهاز الهضمي.,"ANSWER: هالأدوية اللي أقل ضرر على المعدة هي مثل نابروكسين أو ميكوفين, بس لازم تاخذ دوا الحماية مع كل جرعة عشان تكون على الحذر.",,Incorrect
84,"مريض: السلام عليكم، سويت عملية استئصال عقدة لمفاوية من الرقبة من يومين، وأبا أعرف متى أقدر أتسبح؟ والجرح متغطي بطبقة من الصمغ الطبي.

مساعد طبي: وعليكم السلام، هلا فيك. تقدر تتسبح بعد 24 ساعة من العملية، بس انتبه لا تفرك المنطقة بقوة. عندك أي ألم أو احمرار حوالين الجرح الحين؟

مريض: لا الحمد لله ما في ألم قوي ولا احمرار، بس في خدر بسيط حوالين المنطقة. بس أقدر أستخدم الصابون على الجرح مباشرة؟

مساعد طبي: الخدر البسيط طبيعي بعد العملية. بالنسبة للصابون، تقدر تستخدم صابون خفيف حوالين المنطقة، بس تجنب تفركه مباشرة على الصمغ الطبي. اغسل شوي شوي وخله ينغسل بماي الجاري.

مريض: مشكور، وكم ياخذ الجرح لين يلتئم بالكامل؟ ومتى بيطيح الصمغ الطبي؟

مساعد طبي: عادة الجرح يحتاج من 7 إلى 10 أيام للالتئام الأولي، والصمغ الطبي يطيح بروحه خلال 5 إلى 10 أيام. لا تحاول تشيله بروحك. الالتئام الكامل ممكن ياخذ 2 إلى 3 أسابيع حسب حالتك الصحية.

مريض: ممتاز، مشكور وايد على المعلومات. باتّبع تعليماتك وبراقب الجرح. في علامات معيّنة لازم أنتبه لها؟

مساعد طبي: العفو. راقب إذا زاد الاحمرار، أو صار تورّم، أو طلعت إفرازات غريبة، أو ارتفعت الحرارة. إذا ظهرت أي وحدة من هالعلامات، راجع الطبيب فوراً. وكمل على أي أدوية كاتبها لك الطبيب.

مريض: تمام، بانتبه لهالعلامات. وباتواصل مع الدكتورة يسرى إذا لاحظت أي تغيير مو طبيعي. مشكور مرة ثانية.",انتبه للجرح و اتبع التعليمات، و إن شاء الله تتعافى بسرعة.,استمر تراقب هالمنطقة وتشوف إذا في أي علامات التهاب مثل زيادة الاحمرار، تورّم قوي، طلوع إفرازات غريبة، أو ارتفاع حرارة المكان. إذا لاحظت أي شي مو طبيعي، لا تتردد وتتواصل مع دكتورك فورًا عشان نضمن سلامتك.,ANSWER: انتبه للجرح و اتبع التعليمات، و إن شاء الله تتعافى بسرعة.,,Incorrect
85,"مريض: السلام عليكم، أنا وايد خايف على حالتي. أمس تعوّرت تعويرة صغيرة من سكين مصدي يوم كنا طالعين تخييم، واليوم أحس بحرارة ورعشة. لازم آخذ مضاد حيوي؟

مساعد طبي: وعليكم السلام. فاهم خوفك وبساعدك نقيم الوضع. تقدر توصف لي شكل الجرح الحين ومنطقة اليد المصابة؟ وشو الأعراض الثانية اللي تحس فيها؟

مريض: الجرح في إيدي استوى حار ويعور وايد، وأشوف خطوط حمرا تعور تمتد من الجرح في إيدي لين المرفق. بعد أحس بحرارة قوية في جسمي وأعرق فالليل، وأحس بتعب قوي.

مساعد طبي: هالأعراض تخوف وايد، خصوصاً الخطوط الحمرا اللي طالعة من الجرح لين المرفق مع الحرارة والرعشة. هذا ممكن يدل على التهاب في الجهاز اللمفاوي ويمكن يكون خطير. لازم تروح قسم الطوارئ على طول، مب تاخذ مضادات حيوية في البيت.

مريض: يعني الوضع خطير لهالدرجة؟ ما أقدر اتريه لين باچر وأروح دكتور العايلة؟

مساعد طبي: هيه نعم، الوضع خطير وما ينفع يتأجل. الخطوط الحمرا اللي تمتد من الجرح مع الحرارة تدل إن العدوى قاعدة تنتشر بالجهاز اللمفاوي، وهالشي يحتاج علاج طبي عاجل قبل لا تنتشر أكثر. رجاءً روح الطوارئ الحين.

مريض: تمام، بروح الطوارئ الحين. مشكور على النصيحة، الحين فهمت إن الموضوع ما يتحمل التأخير.","هالأعراض تدل على عدوى خطيرة مع انتشار في الجهاز اللمفا, لازم تاخد المضاد الحيوي في المستشفى و maybe need to be admitted for IV antibiotics.",التهاب الأوعية اللِمفاوية هو عدوى تصيب الأوعية اللِمفاوية، وغالبًا يكون السبب إن بكتيريا تدخل من جرح بالجلد أو من قرصة حشرة أو جرح. الحالة ممكن تسوء بسرعة وتتحوّل لتسمّم بالدم، عشان جي لازم تطلب رعاية طبية.,"ANSWER: هالأعراض تدل على عدوى خطيرة مع انتشار في الجهاز اللمفا, لازم تاخد المضاد الحيوي في المستشفى و maybe need to be admitted for IV antibiotics.",,Incorrect
86,"مريض: السلام عليكم، أبغي استشارة طبية الحين. تعوّرت في ركبتي اليوم وأنا ألعب كورة قدم وحاس بألم قوي.

مساعد طبي: وعليكم السلام. آسف أني أسمع هالشي. تقدر توصف لي بالضبط كيف صارت الإصابة؟ وشو الأعراض اللي تحس فيها الحين؟

مريض: كنت ألعب وغيّرت اتجاهي بسرعة فجأة، وسمعت صوت طَقّة في ركبتي وحسّيت بألم على طول. ما قدرت أكمل اللعب عقبها.

مساعد طبي: فهمت، صوت الطقّة مع ألم فوري علامة مهمة. لاحظت أي ورم في الركبة؟ كيف وضعك يوم تمشي أو توقف؟

مريض: هيه نعم، بعد كم ساعة ورمت ركبتي وصارت متورّمة. والحين يوم أحاول أمشي أحس كأن ريلي بتخذلني، جنه الركبة مب ثابتة.

مساعد طبي: من الأعراض اللي تقولها—صوت الطقّة وقت تغيّر الاتجاه، الورم، وعدم الثبات—هذا يدل بقوة على إصابة في الرباط الصليبي الأمامي (ACL). هذي إصابة خطيرة وتحتاج تقييم طبي على طول عند دكتور عظام مختص.

مريض: يعني أحتاج عملية؟ وكم بياخذ وقت لين أتعافى؟",لازم نعمل MRI عشان نأكد التشخيص. إن كان الرباط متهتك، ممكن تحتاج عملية. بعد العملية، بياخد حوالي 6-9 شهور عشان تتعافى تمام.,ما نقدر نجزم إذا تحتاج عملية ولا لا إلا عقب فحص سريري دقيق، ومعاه تصوير MRI عشان نتأكد من درجة التمزّق. مو كل تمزّق يحتاج عملية؛ القرار يعتمد على مستوى نشاطك الرياضي جدام، وعلى مدى ثبات الركبة عقب العلاج الطبيعي. إذا احتجت ترميم للرباط، فالرجعة للملاعب عادة تاخذ من 6 إلى 9 شهور من تأهيل مكثّف. أنصحك تراجع جرّاح عظام متخصص بأقرب وقت. حالياً التزم بالراحة، وحط ثلج، واستخدم رباط طبي عشان يخف الورم لين موعد الفحص.,ANSWER: لازم نعمل MRI عشان نأكد التشخيص. إن كان الرباط متهتك، ممكن تحتاج عملية. بعد العملية، بياخد حوالي 6-9 شهور عشان تتعافى تمام.,,Incorrect
87,"مريضة: السلام عليكم، أنا حرمة عمري 40 سنة وأحس ب عوار تحت صوب الظهر يمتد من منطقة القطن لين الأرداف اليمين لين ربلة الساق. بدأ العوار من أسبوع، والدكتور شخّص حالتي عرق النسا وطلب مني أسوي رنين مغناطيسي. أبغي أعرف شو الأوضاع اللي أحافظ عليها فالبيت، وشو الحركات اللي لازم أتجنبها؟

مساعد طبي: وعليكم السلام، فاهم معاناتج مع ألم عرق النسا. بدايةً، تحسين بتنميل أو وخز فالريول المصابة؟ ولاحظتي أي ضعف فالعضلات؟

مريضة: هيه، أحس أحياناً بتنميل فالريول بس ما أحس بضعف فالعضلات. الألم حاد جنه طعنة تمتد من تحت ظهري لين ريلي. بدأ عقب ما كنت أيلس فترات طويلة فالدوام.

مساعد طبي: مشكورة على هالمعلومات. على حسب أعراضج، هذي أهم النصايح للراحة فالبيت: أول شي، حاولي تحافظين على استقامة الظهر وانتي يالسة وواقفة. وتجنبي القعدة لفترات طويلة، وإذا اضطريتي استخدمي مخدة تدعم أسفل الظهر. وتجنبي تشيلين أوزان ثقيلة نهائياً، وإذا احتجتي ترفعين شي من الأرض اثني ركبج مو ظهرج.

مريضة: وموضوع النوم؟ أي وضعية أحسن؟ وهل أقدر أسوي تمارين خفيفة؟

مساعد طبي: بالنسبة للنوم، الأفضل تنامين على جنب ومعاج مخدة بين الركب، أو على الظهر وتحطين مخدة تحت الركب عشان يقل الضغط على العمود الفقري. وتجنبي النوم على البطن. وبالنسبة للتمارين، تقدرين تمشين مشي خفيف لمسافات قصيرة إذا ما زاد الألم، بس تجنبي الانحناء واللف والركض والنط لين تتحسن حالتج.

مريضة: مشكورة على هالنصايح المفيدة. بجربها وبتريه نتيجة الرنين المغناطيسي. في علامات إنذار لازم أنتبه لها وأراجع الدكتور على طول لو صارت؟","لو أحسين بزيادة في التنميل أو ضعف في العضلات, أو لو ما زال الألم بعد أسبوع من الراحة, أو لو أحسين بتشنج or loss of control in bladder or bowels, return to the doctor immediately.",الأعراض اللي تخلّينا نقلق: إذا ما تقدر تسيطر على البول أو البراز، أو في خدر/تنميل في داخل الفخوذ والرداف والمنطقة التناسلية، أو ألم ما يخف حتى مع المسكنات القوية، أو ألم ظهر ويا حُمّى، أو إذا الأعراض صايرة في الجهتين. إذا طلع أي شي من هالعلامات، لازم تطلب رعاية طبية فورًا.,"ANSWER: لو أحسين بزيادة في التنميل أو ضعف في العضلات, أو لو ما زال الألم بعد أسبوع من الراحة, أو لو أحسين بتشنج or loss of control in bladder or bowels, return to the doctor immediately.",,Correct
88,"مريض: السلام عليكم دكتورة. أنا حرمة عمري 62 سنة، وعندي ألم في الركب من تقريباً سنتين، وقاعد يزيد استوى أخس. قالوا لي عندي خشونة مفاصل، وأحس وزني الزايد مخلي الألم يعور أكثر. أبغي أعرف كيف أقدر أعدّل ستايل حياتي عشان أسيطر على هالمرض؟

مساعد طبي: وعليكم السلام. حاس فيج ومعاناتج مع ألم الركبة وتأثير الوزن عليه. تقدرين تقولين لي أكثر عن طبيعة الألم؟ متى يكون أقوى: الصبح ولا وقت الحركة؟ وعندج تيبّس في المفاصل؟

مريض: هيه نعم، أحس بتيبّس في الركب الصبح تقريباً من 10 إلى 15 دقيقة. والألم يزيد يوم أطلع الدريّ أو أمشي مسافات طويلة، بس يخف يوم أرتاح. وبعد أنا عندي سكري نوع ثاني، وعندي ارتفاع الدهون في الدم.

مساعد طبي: مشكورة على المعلومات. التعامل مع خشونة المفاصل يحتاج خطة شاملة. أول شي، نزول الوزن مهم وايد عشان يقل الضغط على المفاصل. كل كيلو تنزلينه يقلل الضغط على ركبج تقريباً أربع مرات. وثاني شي، رياضة مناسبة مثل السباحة أو الدرااجة الثابتة. هل تسوين أي نشاط بدني الحين؟

مريض: لا، ما أسوي رياضة وايد بسبب الألم، أخاف الأعراض تزيد. وبالنسبة لنزول الوزن، جرّبت كذا دايت بس ما قدرت، خصوصاً مع السكري. تقدرين تنصحيني بطرق عملية أبدأ فيها؟",هالمرض مش خطير، بس لازم نعمل خطة. ابدأي بتغذية متوازنة مع دكتور متخصص في السكري عشان يحدد لك نظام غذائي. ابدأي بالرياضة بتمارين خفيفة مثل السباحة أو الدرايس. بعدين، نقدر نناقش مع دكتور عن أدوية أو حقات عشان تخفف الالتهام.,بالنسبة للتمرين، تقدرين تبدين بالسباحة وتمارين الكارديو المايّة الخفيفة، لأنها ما تسوي ضغط على المفصل. وبالنسبة لنزول الوزن، تقدرين تبدين بنظام أكل لو كارب وعالي بروتين، ومعاه تقللين السعرات لين 20% من احتياجج الأساسي، عشان يكون نظام تقدرين تكمّلين عليه. وأنصحج بعد تتابعين مع أخصائي تغذية عشان يوجّهج. وإذا هالطريقة ما نفعت وياج، فكّري تجرّبين دواء GLP-1 أو أي أدوية ثانية ممكن تساعد تقلّل الضغط على المفصل وتخفّف الضرر التنكّسي اللي صاير له.,ANSWER: هالمرض مش خطير، بس لازم نعمل خطة. ابدأي بتغذية متوازنة مع دكتور متخصص في السكري عشان يحدد لك نظام غذائي. ابدأي بالرياضة بتمارين خفيفة مثل السباحة أو الدرايس. بعدين، نقدر نناقش مع دكتور عن أدوية أو حقات عشان تخفف الالتهام.,,Incorrect
89,"مريضة: هلا، أنا حرمة عمري 45 سنة وعندي ألم وتورّم فمفاصل إيدي من كم شهر. الدكتورة يسرى طلبت مني تحليل ANA وأبغي أفهم شو يعني اللي طلع فالنتيجة وهل أنا فيني التهاب مفاصل روماتويدي؟

مساعد طبي: هلا فيج. فاهم خوفج من الأعراض اللي تحسين فيها. عشان أقدر أشرح لج نتيجة تحليل الـANA بشكل أوضح، تقدرين تقولين لي شو كانت النتيجة؟ وبعد، إذا عندج تيبّس الصبح فالمفاصل؟

مريضة: هيه نعم، عندي تيبّس قوي الصبح يتم أكثر عن ساعة، وما أقدر حتى أفتح القواطي ولا أسوي شغلي اليومي بسهولة. الألم فأاصبعي ومعصمي من الجهتين نفس الشي. وبالنسبة لنتيجة التحليل، طالعة Positive بس أنا ما فهمت شو يعني.

مساعد طبي: مشكورة على هالتفاصيل المهمة. الأعراض اللي تذكرينها—التيبّس الطويل الصبح والألم اللي يكون بنفس الجهتين فمفاصل الأصابع والمعاصم—تتماشى ويّا التهاب المفاصل الروماتويدي. وبخصوص تحليل الـANA الإيجابي، هذا يدل إن في نشاط مناعي ذاتي فالجسم، بس بروحه ما يأكد التشخيص. سويتي تحاليل ثانية مثل Rheumatoid factor أو Anti-CCP؟

مريضة: لا، ما سويت تحاليل ثانية للحين. الدكتورة قالت لي هذا أول تحليل وعلى حسب النتيجة بتقرر الخطوات اللي بعدها. بس أنا وايد خايفة… يعني هالشي معناه إني مصابة بالروماتويد فعلاً؟",هالنتائج مع الأعراض اللي عندك مش عادي، بس ما نقدر نأكد الروماتويد إلا بعد تحاليل تانية. هأوصيك بتمريض دكتورة يسرا عشان تاخد تحاليل Anti-CCP و Rheumatoid factor.,على حسب الأعراض اللي توصفينها، ممكن يكون عندج التهاب مفاصل روماتويدي، بس نحتاج نسوي فحوصات المناعة الذاتية كاملة عشان نأكد التشخيص. عشان جي لازم تراجعين دكتور الروماتيزم مالج، عشان يطلب لج باقي التحاليل ويبدأ لج العلاج اللي لازم.,ANSWER: هالنتائج مع الأعراض اللي عندك مش عادي، بس ما نقدر نأكد الروماتويد إلا بعد تحاليل تانية. هأوصيك بتمريض دكتورة يسرا عشان تاخد تحاليل Anti-CCP و Rheumatoid factor.,,Correct
90,"مريض: السلام عليكم، أحس بعوار قوي وايد في صبع ريلي الكبير اليمين من البارحة فالليل. العوار يا فجأة وما يتحمل.

مساعد طبي: وعليكم السلام، آسف على اللي تمر فيه. تقدر توصف لي شكل الصبع الحين؟ وفيه ورم أو تغيّر باللون؟

مريض: هيه نعم، الصبع وارم وايد ولونه أحمر. والألم في المفصل قوي لدرجة إني ما أقدر ألمسه حتى لو بملابس خفيفة.

مساعد طبي: هذي أعراض لازم تنشاف على طول. من اللي توصفه—ألم قوي فجأة، ورم، احمرار، وحساسية قوية للمس في صبع الريل الكبير—شكلها نوبة نِقْرس حادة. أنصحك تروح الحين للطوارئ عشان تاخذ العلاج المناسب.

مريض: نِقْرس؟ بس هل الموضوع خطير لهالدرجة إني أروح الطوارئ؟ ما أقدر اتريا لين الصبح وأروح دكتور عادي؟

مساعد طبي: هيه نعم، النقرس الحاد يحتاج علاج فوري عشان نخفف الألم الشديد ونمنع الحالة تزيد. كل ما تأخرت بالعلاج، كل ما طول وقت التعافي. الطوارئ بيقدرون يعطونك مسكنات قوية ومضادات التهاب مناسبة على طول.

مريض: تمام، بروح الطوارئ الحين. شكراً لك على النصيحة والمساعدة.",انا عارف ان النقرس عوار، بس مع العلاج الفوري هتتحسن على طول.,لازم تروح قسم الطوارئ الحين لعدة أسباب. أول شي عشان يعطونك مسكنات ومضاد التهاب قوي وسريع المفعول، هالأدوية ما تنصرف إلا تحت إشراف طبي. وثاني شي عشان نستبعد أي احتمالات ثانية مثل التهابات بكتيرية في المفاصل اللي ممكن أعراضها تتشابه مع النقرس. وإذا تنتظر لين باچر ممكن الألم يصير ما ينطاق ويطوّل فترة التعافي وايد.,ANSWER: انا عارف ان النقرس عوار، بس مع العلاج الفوري هتتحسن على طول.,,Incorrect
91,"مريض: السلام عليكم، أحتاج مساعدة ضروري. طحت على أرض خرسانة من ساعة وطحت على إيدي وهي ممدودة، والحين أحس بألم قوي وايد في معصمي.

مساعد طبي: وعليكم السلام، آسف/أعتذر على اللي صار لج. تقدرين توصفين لي الألم والأعراض اللي تحسين فيها الحين في المعصم؟

مريض: الألم قوي وايد وما أقدر أحرّك معصمي عدل. بعد المعصم متورّم ولونه أحمر.

مساعد طبي: من وصفج لطريقة الإصابة والأعراض اللي عندج—الطيحة على اليد الممدودة والألم القوي مع التورّم والاحمرار—هذا يخلّينا نخاف من احتمال يكون في كسر في عظام المعصم. أنصحج تروحين الحين للطوارئ عشان يسوّون لج الفحوصات اللازمة والأشعّة.

مريض: يعني هالشي خطير؟ أنا عندي ضغط مرتفع، هالشي بيأثر على العلاج؟",لا تهمشين هالشي، هالضغط ما يغير في الحاجة للعلاج، بس لازم تخبرين الدكتور عن هالوضع عشان ياخذها في الاعتبار.,كسر آخر عظمة الراديَس (نصّ القطر) قريب من مفصل الرسغ في الساعد يعتبر شي ممكن يتعالج. غالباً العظم نفسه يلتحم خلال 6 إلى 8 أسابيع، بس الرجعة الكاملة للقوّة والحركة والوظيفة عادة تاخذ من شهرين إلى 3 شهور، وأحياناً أكثر إذا كان الكسر معقّد أو يحتاج عملية. وارتفاع ضغط الدم اللي عندج ما المفروض يأثر على تعافيج.,ANSWER: لا تهمشين هالشي، هالضغط ما يغير في الحاجة للعلاج، بس لازم تخبرين الدكتور عن هالوضع عشان ياخذها في الاعتبار.,,Correct
92,"مريض: السلام عليكم، أنا حرمة عمري 58 سنة وآخذ كورتيكوستيرويد عشان الربو من سنين وايد. وبعد أنا في مرحلة بعد انقطاع الدورة من سنتين. وايد خايفة من موضوع ضعف العظام، شو الفحص المناسب اللي أسويه عشان أتأكد إني ما فيني هشاشة عظام؟

مساعد طبي: وعليكم السلام ورحمة الله وبركاته. فاهم خوفج تماماً، إنتِ معرّضة لهشاشة العظام لأكثر من سبب، منها إنج تاخذين الكورتيكوستيرويد لفترة طويلة، وبعد إنج بعد انقطاع الدورة. تحسّين الحين بأي آلام في العظام أو المفاصل؟

مريض: لا الحمد لله ما فيني أي آلام لا في العظام ولا في المفاصل، وما عندي أعراض. بس قريت إن هشاشة العظام ممكن تيي بدون أعراض واضحة، عشان جي أبغي أطمّن وأعرف شو الفحص المطلوب.

مساعد طبي: إنتِ صح، هشاشة العظام مرات يسمّونها “المرض الصامت” لأنها ممكن تتطوّر بدون أعراض. الفحص الأساسي والأدق لتشخيص هشاشة العظام هو فحص كثافة العظام بالـ DEXA scan. هالفحص آمن وسريع ويقيس كثافة العظام في العمود الفقري والورك. وبالنظر لعوامل الخطر عندج، أنصحج وبقوة تسوين هالفحص.

مريض: مشكور/مشكورة على هالمعلومات المفيدة. كم مرة لازم أعيد هالفحص؟ وهل في أي تحضيرات خاصة قبل فحص الـ DEXA؟",هالفحص لازم تعيديه كل سنتين أو حسب ما يوصي دكتورج. ما فيش تحضير خاص، بس تجيب معج كل الفحوصات اللي عندج عشان دكتورج يطلع تشخيص كامل.,الفحص وايد بسيط وما يحتاج تحضيرات معقّدة، بس يُفضّل توقّفين مكملات الكالسيوم قبل الفحص بـ 24 ساعة. عادةً نكرّر الفحص كل سنتين عشان نراقب أي تغيّر في كثافة العظام، بس ممكن دكتورج يطلب تسوينه بفواصل أقصر على حسب نتيجة أول فحص، وعلى حسب جرعات الكورتيزون اللي تاخذينها.,ANSWER: هالفحص لازم تعيديه كل سنتين أو حسب ما يوصي دكتورج. ما فيش تحضير خاص، بس تجيب معج كل الفحوصات اللي عندج عشان دكتورج يطلع تشخيص كامل.,,Correct
93,"مريض: هلا، أنا فيني تنميل ووخز فالإبهام والسبّابة والوسطى فكلّ إيدي، خصوصاً فالليل عقب يوم دوام طويل. قريت فالنت وأحسّه متلازمة النفق الرسغي. أي دكتور أراجع؟

مساعد طبي: هلا فيك. فهمت إن عندج تنميل ووخز فكم إصبع من يدينج. تقدرين تقولين لي أكثر عن طبيعة شغلج وكم ساعة تقعدين جدام الكمبيوتر باليوم؟

مريض: أشتغل ساعات طويلة جدام الكمبيوتر، ووايد أقوم من النوم وفيه إزعاج فإيدي. الأعراض تتحسّن شوي مؤقّتاً يوم أهزّ إيدي.

مساعد طبي: حسب الأعراض اللي تقولين عنها—التنميل فالإبهام والسبّابة والوسطى، وزيادة الأعراض فالليل، وتحسّنها يوم تهزّين اليد—هذا فعلاً يدل على احتمال متلازمة النفق الرسغي. أنصحج تراجعين جرّاح يد مختص عشان يقيّم الحالة ويشخّص بدقّة.

مريض: مشكور/ة. في شي أقدر أسويه فالبيت يخفّف الأعراض لين موعد الدكتور؟","Try to rest your hands, avoid repetitive motions, and do some gentle stretches. You can also use a wrist splint at night to keep your wrist straight.",أنصحج وبشدّة تلبسين جبيرة معصم طبيّة (wrist splint) وقت النوم عشان يظلّ المعصم مستقيم وما ينثني، وهذا يقلّل الضغط على العصب بالليل. وحاولي تاخذين بريكات بشكل منتظم يوم تستخدمين الكمبيوتر، وتأكدّي إن وضعية يدينج ومرفقينج مريحة وما فيها ثني قوي. وحاولي تقلّلين الأشياء اللي تحتاجين فيها تقبضين يدج بقوّة أو تثنين المعصم لفترات طويلة. وممكن يفيد إنج تحطّين كمّادات باردة على المعصم عشان تخفّف أي تورّم بسيط ممكن يزيد الضغط على العصب.,"ANSWER: Try to rest your hands, avoid repetitive motions, and do some gentle stretches. You can also use a wrist splint at night to keep your wrist straight.",,Correct
94,"مريض: السلام عليكم، فيني ألم قوي ومفاجئ فالركبة ويا تورّم واحمرار وحمّى. لازم أروح الطوارئ الحين ولا أنتظر لين باچر عشان أشوف الدكتور المختص؟

مساعد طبي: وعليكم السلام، أفهم قلقك. متى بالضبط بدت هالأعراض؟ وهل تحسّ الركبة دافية/حارّة يوم تلمسها؟

مريض: بدت الأعراض خلال الأربع وعشرين ساعة اللي طافت وتطورت بسرعه. إي نعم، الركبة دافية وايد يوم ألمسها، وأي حركة تسبب ألم قوي. وعندي بعد تاريخ مرضي مع ارتفاع دهون الدم.

مساعد طبي: هذي أعراض خطيرة وتحتاج تدخل طبي عاجل. الألم المفاجئ الشديد مع التورّم والاحمرار والحمّى ودفء المفصل ممكن يدل على التهاب مفصل إنتاني. أنصحك تروح الطوارئ فوراً ولا تنتظر.

مريض: فهمت، بس هل الموضوع فعلاً خطير لهالدرجة؟ أنا قلقان من سالفة المستشفى بهالوقت المتأخر.

مساعد طبي: متفهم قلقك، بس هالحالة تحتاج تدخل عاجل. التهاب المفصل الإنتاني ممكن يسبب ضرر دايم للمفصل إذا ما تعالج بسرعة. وجود الحمّى مع أعراض المفصل الثانية علامة تحذير مهمة وايد.

مريض: تمام، بروح الطوارئ الحين. مشكور على النصيحة والتوضيح، أقدّر مساعدتك.",بروح الطوارئ فوراً، هالحالة خطيرة وده لا وقت.,هالحالة تنحسب طوارئ طبية، لأن إذا تأخرنا فالعلاج ممكن يسبب تَلَف دايم في غضاريف المفصل خلال ساعات أو كم يوم بس. فـ قسم الطوارئ الدكاترة بيسوّون فحص سريع للسوايل اللي داخل الرقبة، وبيبدون يعطونك المضادات الحيوية اللازمة عن طريق الوريد عشان يسيطرون على الالتهاب. لا تشيل هم، التدخل من بدري يضمن حماية مفصلك وترجع حركتك كاملة إن شاء الله.,ANSWER: بروح الطوارئ فوراً، هالحالة خطيرة وده لا وقت.,,Correct
95,"مريض: هلا، أنا رحت عند الدكتورة يسرى الأسبوع اللي طاف وقالت لي إن عندي التهاب مفاصل تفاعلي، بس أنا ما فهمت عدل شو يعني هالتشخيص وشو علاقته بالتهاب المعدة اللي ياني قبل أسبوعين.

مساعد طبي:فاهم خوفك. التهاب المفاصل التفاعلي هو التهاب يستوي في المفاصل كردّة فعل من جهاز المناعة بعد عدوى في مكان ثاني فالجسم، مثل الأمعاء في حالتك. تقدر تخبرني شو الأعراض اللي تحس فيها في ركبتك الحين؟

مريض: ركبتي منفخة وأحس بألم قوي وتيبّس فيها، خصوصاً الصبح. المشي استوى وايد صعب وما أقدر أثني الركبة بشكل طبيعي. هذا شي طبيعي مع هالمرض؟

مساعد طبي: هيه نعم، الأعراض اللي تقول عنها هي العلامات الكلاسيكية لالتهاب المفاصل التفاعلي: الورم، والألم، والتيبّس، وصعوبة الحركة. يستوي هالشي لأن جهاز المناعة عندك بعده نشط من محاربة العدوى اللي قبل. هل تعرضت لأي إصابة في الركبة أو سويت رياضة قوية قريب؟

مريض: لا، ما صارلي أي إصابة في ركبتي وما سويت أي نشاط بدني قوي. الأعراض بدت فجأة بعد أسبوع من ما تعافيت من التهاب المعدة. في فحوصات معينة لازم أسويها عشان نتأكد من التشخيص؟

مساعد طبي: عدم وجود إصابة يقوّي التشخيص أكثر. بالنسبة للفحوصات، ممكن تحتاج تحاليل دم عشان نقيس مؤشرات الالتهاب ومرات فحوصات للأجسام المضادة. وبعد ممكن الدكتور يطلب أشعة للركبة عشان يستبعد أسباب ثانية. المهم تعرف إن هالحالة غالباً تتحسن شوي شوي مع العلاج المناسب.

مريض: مشكور على التوضيح، هالشي ريّحني أكثر. عادة كم ياخذ وقت لين اتشافى من هالحالة؟ وهل ممكن ترجع مرة ثانية فالمستقبل؟","هالحالة بتتحسن في weeks to months with proper treatment, and it's not common to recur if the underlying infection is fully treated.",عادةً التهاب المفاصل التفاعلي يتحسّن خلال 3 لين 6 شهور. أغلب الحالات تروح بروحها، بس ممكن ترجع، خصوصًا إذا ساءت بسبب عدوى. المهم تتابع حالتك مع دكتورك إذا هالأعراض استمرت أو ما تتحسّن.,"ANSWER: هالحالة بتتحسن في weeks to months with proper treatment, and it's not common to recur if the underlying infection is fully treated.",,Correct
96,"مريض: السلام عليكم، أنا طلعت من المستشفى عقب عملية تفريغ خُرّاج في داخل الفخذ، بس للأسف ما تذكّرت التعليمات اللي عطاني إياها الدكتور عن الاهتمام بالجرح. ممكن تساعدوني؟

مساعد طبي: وعليكم السلام، أكيد أقدر أساعدك. أول شي، كيف شكل الجرح الحين؟ في احمرار ولا ألم ولا أي إفرازات؟

مريض: الجرح صغير تقريباً 2 سم ومغطّى بضمادة. الجلد اللي حول الجرح طبيعي، ما فيه احمرار ولا ألم، وفي إفرازات خفيفة وايد لونها مايل للأصفر.

مساعد طبي: زين، هالشي يدل إن الجرح قاعد يلتئم بشكل طبيعي. بالنسبة لتغيير الضمادة، غيّرها مرة باليوم، أو إذا احتجت يعني لو صارت خرسانة أو وصخة. اغسل إيدك عدل قبل وبعد ما تغيّر الضمادة، ونظّف الجرح شوي شوي بماي وصابون خفيف.

مريض: تسلّم، وبالنسبة لنوع الضمادة المناسبة؟ وهل أحتاج أحط أي مرهم أو كريم على الجرح؟","استخدم ضمادة غير لاصقة مع غاز sterile, و ما تحتاج مرهم unless if the doctor prescribed it. Keep the wound dry and avoid swimming or soaking in water until it's fully healed.",استخدم شاش معقّم، جاف، وما يلصق عالجرح عشان تغطيه، وثبّته بلاصق طبي خفيف. ما أنصح تحط أي مرهم أو كريم إلا إذا الدكتور وصفه لك بشكل مباشر، لأن أهم شي بهالمرحلة إن الجرح يظل نظيف وجاف. نظّف الجرح بهدوء بالماي وصابون خفيف، وبعدها نشّفه عدل قبل لا تحط الضمادة اليديدة. راقب الجرح زين، وإذا لاحظت إن الاحمرار زاد، أو في تورّم، أو سخونة بالجلد اللي حواليه، أو طلعت إفرازات قيح/صديد كثيفة، لازم تراجع الدكتور فورًا. التزم تغيّر الضمادة كل يوم، وبتلاحظ تحسّن مستمر خلال الأيام القليلة الياية.,"ANSWER: استخدم ضمادة غير لاصقة مع غاز sterile, و ما تحتاج مرهم unless if the doctor prescribed it. Keep the wound dry and avoid swimming or soaking in water until it's fully healed.",,Correct
97,"مريض: السلام عليكم، من فترة أحس بألم في  كوعي من برع، خصوصاً يوم أشيل أغراض أو أمسِك شي بقوة. ممكن يكون له علاقة بلعب التنس؟

مساعد طبي: وعليكم السلام، فهمت عليك إن عندك ألم في  الكوع من برع. هل بدأ الألم عقب ما زدت لعبك للتنس أو صار تغيير في نشاطك الرياضي؟

مريض: هيه نعم، بصراحة زدت حصص التدريب على التنس هالأيام، وأسوّي حركات متكررة بالمعصم وأنا ألعب. الألم يزيد خصوصاً يوم أحاول أرفع شي أو أمسِك المضرب بقوة.

مساعد طبي: هالأعراض تدل على حالة اسمها ""مرفق التنس"" أو التهاب اللقيمة الوحشية. هل بعد تحسين تحس بالألم إذا لمست كوعك من برع أو إذا حاولت تفرد المعصم؟

مريض: هيه بالضبط، إذا لمست هالمنطقة أحس بألم، وبعد إذا حاولت أفرد إيدي أو معصمي. يعني هذا فعلاً مرفق التنس؟ وشو لازم أسوي؟

مساعد طبي: هيه، الأعراض اللي تقولها تتطابق مع مرفق التنس. هالحالة تصير بسبب الإفراط في استخدام عضلات الساعد والحركات المتكررة. أنصحك تاخذ راحة من التنس مؤقتاً، وتحط ثلج على المنطقة، وتتجنب أي نشاط يزيد الألم. ومهم تراجع الدكتورة يسرا عشان تتأكد من التشخيص وتحط لك خطة علاج مناسبة.

مريض: مشكور على هالمعلومات المفيدة. بمشي على نصايحك وبحجز موعد مع الدكتورة يسرا قريب. تتوقع إني بحتاج أوقف فترة طويلة عن التنس؟",مع العلاج المناسب، معظم المرضى يبدؤوا يشعروا بتحسين في أسبوعين إلى شهر. بس، لازم تاخد راحة من التنس لمدة 2-3 أسابيع على الأقل عشان يحدوث التئام.,غالبًا لازم توقف تلعب تنس، أو على الأقل تقلّلها وايد، لمدة بين ٤ و٦ أسابيع، أو لين يروح الألم وتتحسّن القوة.,ANSWER: مع العلاج المناسب، معظم المرضى يبدؤوا يشعروا بتحسين في أسبوعين إلى شهر. بس، لازم تاخد راحة من التنس لمدة 2-3 أسابيع على الأقل عشان يحدوث التئام.,,Correct
98,"مريض: السلام عليكم، أنا حرمة عمري 52 سنة ورحت عند الدكتورة يسرى أخصائية روماتيزم عشان عندي ألم في جتفي. قالت لي عندي جتف متجمّدة ونصحتني بإبرة كورتيزون داخل المفصل، بس أنا مترددة ومش عارفة إذا هالعلاج مناسب لي ولا في علاجات ثانية؟

مساعد طبي: وعليكم السلام. فاهمه خوفج من العلاج اللي اقترحته. أول شي، تقدرين تقولين لي أكثر عن الأعراض اللي تحسين فيها؟ متى بدأ الألم وشلون تطوّر مع الوقت؟

مريض: الألم بدأ خفيف من كذا شهر، بس شوي شوي صار الجتف ييبّس أكثر. صرت ما أقدر أرفع إيدي فوق مستوى الجتف، وصار وايد صعب أوصل لظهري من ورا. الحركة صارت محدودة وايد.

مساعد طبي: الأعراض اللي توصفينها تمشي مع تشخيص الكتف المتجمّدة. بالنسبة لإبرة الكورتيزون داخل المفصل، تعتبر من العلاجات الفعّالة لهالحالة لأنها تقلّل الالتهاب وتساعد تتحسّن الحركة. وفي بعد علاجات ثانية مثل العلاج الطبيعي وأدوية مضادّة للالتهاب. هل جرّبتي أي علاجات ثانية من قبل؟

مريض: جرّبت مسكنات الألم العادية بس ما فادت وايد. الدكتورة قالت الإبرة بتساعد تحسّن الحركة وتخفّف الألم، بس أنا خايفة من الآثار الجانبية. شو رايك بهالعلاج وهل صدق يفيد؟",الإبرة بتساعد كتير في هالحالة، بس لازم تاخديها من دكتورة متخصصه. ما تخافي، الإبرة بتكون آمنة إذا اتعملت بالشكل الصحيح. بعد الإبرة، لازم تروح للعلاج الطبيعي عشان تحافظ على تحسن.,إبر الكورتيزون تنحطّ مباشرة داخل المفصل عشان تخفّف الالتهاب الشديد اللي حوالين محفظة الكتف، وهذا يساعد يكسر دائرة الألم والتيبّس بسرعة أكثر من المسكّنات العادية. الهدف الأساسي إننا نخفّف الألم عشان تقدرين تبدين تمارين العلاج الطبيعي، لأنه أساس عشان ترجعين مدى الحركة اللي فقدتيه. وبما إن الإبرة موضعية داخل المفصل، فامتصاصها بالدم يكون بسيط وايد، وهذا يقلّل وايد من الأعراض الجانبية العامة اللي ممكن تسمعين عنها بخصوص الكورتيزون الفموي. أنصحج تناقشين مخاوفج بوضوح مع الدكتورة؛ الإبرة غالباً تكون دفعة تساعدج تتخطّين المرحلة المؤلمة وترجعين لحياتج الطبيعية بفعالية.,ANSWER: الإبرة بتساعد كتير في هالحالة، بس لازم تاخديها من دكتورة متخصصه. ما تخافي، الإبرة بتكون آمنة إذا اتعملت بالشكل الصحيح. بعد الإبرة، لازم تروح للعلاج الطبيعي عشان تحافظ على تحسن.,,Correct
99,"مريض: السلام عليكم، أنا فيني تعب قوي وآلام فالمفاصل من كم شهر، خصوصاً فالمعصمين والركب، وطلع لي بعد طفح فويهي يزيد إذا تعرّضت للشمس. أبغي أعرف أي دكتور لازم أراجع؟

مساعد طبي: وعليكم السلام. فاهم خوفج من هالأعراض. تلاحظين أي تورّم فالمفاصل اللي تعورج؟ وتحسين بتيبّس فالمفاصل يوم تقعدين من النوم الصبح؟

مريض: هيه نعم، مرات أشوف تورّم خفيف فالمفاصل، والصبح أحس بتيبّس يقعد تقريباً نص ساعة قبل لا أقدر أحرّك يدي وركبتي طبيعي.

مساعد طبي: على حسب الأعراض اللي تقولينها — ألم مفاصل مع تورّم وتيبّس الصبح، وطفح يزيد مع الشمس، ومعاه تعب — أنصحج تراجعين دكتور روماتيزم ومفاصل. هالأعراض تحتاج تقييم عند أخصائي.

مريض: مشكورة على النصيحة. في فحوصات معيّنة لازم أطلبها من دكتور الروماتيزم؟ وهل حالتي تعتبر خطيرة؟","لازم تاخدي فحوصات دم مثل ESR, CRP, ANA, and rheumatoid factor, and maybe X-rays for the joints. Don't worry, but don't delay seeing the specialist.",غالباً دكتور الروماتيزم بيطلب منّج مجموعة فحوصات متخصصة، أهم شي تحاليل الأجسام المضادة مثل ANA وAnti-DNA، وبعد فحوصات عامة مثل CBC، ووظايف الكِلى، ومؤشرات الالتهاب. ما نقدر نحدد شكثر الحالة خطيرة إلا بعد تشخيص دقيق، بس الزين إن أغلب الحالات المناعية نقدر نسيطر عليها بفعالية عالية وايد بالأدوية الحديثة، والمتابعة المستمرة تمنع حدوث أي مضاعفات بالمستقبل. لين موعدج مع الدكتور أنصحج بقوة تستخدمين واقي شمس قوي، وتتجنبين التعرض المباشر للشمس وقت الذروة، لأن هالشي ممكن ينشّط المناعة ويزيد الطفح الجلدي. ومراجعتج لدكتور الروماتيزم بأقرب وقت هي أهم خطوة عشان نبدأ العلاج الصح وترد لج نشاطج.,"ANSWER: لازم تاخدي فحوصات دم مثل ESR, CRP, ANA, and rheumatoid factor, and maybe X-rays for the joints. Don't worry, but don't delay seeing the specialist.",,Correct
100,"مريض: السلام عليكم، أنا محمد عمري 25 سنة. تعوّرت في كاحل ريلي اليمين وأنا ألعب كورة، ورحت للدكتور وقال لي عندك التواء في الكاحل. أبغي أعرف: هالشي بيأثر على مستقبلي في الكورة؟ أنا حلمي أصير لاعب محترف.

مساعد طبي: وعليكم السلام يا محمد.فاهم خوفك على مستقبلك الرياضي. تقدر تقولي بالضبط كيف صارت الإصابة؟ وشو الأعراض اللي تحس فيها الحين؟

مريض: صارت الإصابة يوم كنت أغيّر اتجاهي بسرعة وأنا ألعب، فالتوى الكاحل. عقب كم ساعة تورّم الكاحل وقام يعورني وايد يوم أحاول أمشي عليه. الدكتور كتب لي دوا وقال لي ريّح، بس أنا خايف تأثر هالإصابة على أدائي.

مساعد طبي: التواء الكاحل إصابة وايد منتشره عند الرياضيين خصوصاً في الكورة. الشي الزين إن أغلب حالات الالتواء تلتئم بالكامل مع العلاج الصح. عادة تحتاج من أسبوعين لين 6 أسابيع عشان تتعافى حسب درجة الالتواء. هل التزمت بتعليمات الدكتور بالراحة وأخذ الدوا؟

مريض: هيه نعم ملتزم، بس أنا خايف وايد. بترد ريلي مثل قبل تماماً؟ وهل أقدر أرجع ألعب بنفس القوة؟ أبغي أعرف متى أقدر أبدا أتمرّن مرة ثانية.

مساعد طبي: أكيد تقدر ترجع ريّلك مثل قبل تماماً. مع العلاج المناسب والالتزام بالتعليمات، بتقدر ترجع تلعب بنفس المستوى. ننصح ترجع للتدريب شوي شوي عقب ما يروح الألم والتورّم، عادة خلال 3 إلى 4 أسابيع. ومهم بعد تسوي تمارين تقوية وتوازن عشان ما تتكرر الإصابة.

مريض: كلامك طمّنّي وايد. مشكور على هالمعلومات. بكمّل مراجعة مع الدكتور وبالتزم بالعلاج. إن شاء الله أرد للملعب قريب وأحقق حلمي باللعب الاحترافي.",لا تهمل تمارين التمارين اللي بتقوي الكاحل بعد التئام عشان تعيد قوة و توازن.,عشان تردّ لنفس قوّتك وتتجنّب تكرار الإصابة—وهذا أهم شي إذا بتلعب احترافي—لازم ضروري بعد ما يروح الألم تبدأ تمارين التأهيل والتقوية لعضلات الكاحل وتمارين التوازن. هالتمارين هي اللي بتحمي كاحلك إنه يلوي مرّة ثانية بالمستقبل.,ANSWER: لا تهمل تمارين التمارين اللي بتقوي الكاحل بعد التئام عشان تعيد قوة و توازن.,,Incorrect
