id,input,prediction,ground_truth,prediction_clean,ground_truth_clean,bert_precision_example,bert_recall_example,bert_f1_example
1,ما هو العصب الذي ينقل إحساس الذوق من ثلث اللسان الخلفي؟,العصب اللساني البلعومي,التاسع,العصب اللساني البلعومي,التاسع,0.4916422963142395,0.558184802532196,0.5228046774864197
2,ما هي القوس البيضاء عند حدود جسم الظفر مع جذره؟,نصف القمر الظفري,هليل الظفر,نصف القمر الظفري,هليل الظفر,0.7763901352882385,0.7965299487113953,0.786331057548523
3,أين يقع الخط الالوي السفلي؟,على الحافة السفلية للعظم الحرقفي,السطح الخارجي للحرقفة,على الحافة السفلية للعظم الحرقفي,السطح الخارجي للحرقفة,0.7772970795631409,0.781574547290802,0.7794299721717834
4,ما هي الحافة من الفرع التي تشكل زاوية الفك السفلي؟,الحافة الخلفية للفرع الصاعد,الخلفية,الحافة الخلفية للفرع الصاعد,الخلفية,0.7563722133636475,0.8493602275848389,0.8001736998558044
5,ما هي البنية التشريحية التي تتعصب بالعصب الشظوي السطحي؟,الجلد الجانبي للساق,العضله الشظويه الطويله,الجلد الجانبي للساق,العضله الشظويه الطويله,0.7203518748283386,0.6981859803199768,0.7090957760810852
6,أين تشاهد الجسور بين الخلوية؟,بين الخلايا الظهارية,الطبقة الشائكة من النسيج الظهاري المطبق,بين الخلايا الظهارية,الطبقة الشائكة من النسيج الظهاري المطبق,0.8446822166442871,0.7721120119094849,0.8067684769630432
7,ما الذي يحول الثلمتين الاسكيتين إلى ثقبتين؟,الرباط السكابي,الرباط العجزي الشوكي العجزي الحدبي,الرباط السكابي,الرباط العجزي الشوكي العجزي الحدبي,0.8540085554122925,0.7741686701774597,0.8121311068534851
8,ما هو الهرمون الذي يفرز PTH؟,الغدة الجار درقية,الغدد جارات الدرق,الغدة الجار درقية,الغدد جارات الدرق,0.8355362415313721,0.818133533000946,0.8267433047294617
9,ما الذي يقع بين جسم الفقرة والقوس الفقرية؟,الصفيحة الفقرية,الثقبة الفقرية,الصفيحة الفقرية,الثقبة الفقرية,0.9482857584953308,0.9482857584953308,0.9482857584953308
10,أين تقع المنطقة الشمية؟,الغشاء المخاطي للجزء العلوي من الحاجز الأنفي,سقف الأنف,الغشاء المخاطي للجزء العلوي من الحاجز الأنفي,سقف الأنف,0.7210248112678528,0.8112667798995972,0.7634884119033813
11,ما الذي يتصل به المدورين بالأمام في الفخذ؟,العضلة المقربة الكبيرة,الخط بين المدورين,العضلة المقربة الكبيرة,الخط بين المدورين,0.7166343927383423,0.7388596534729004,0.7275773882865906
12,أين يوجد التلم الكعبري في جسم العضد؟,على السطح الخلفي للعضد,على الوجه الخلفي.,على السطح الخلفي للعضد,على الوجه الخلفي.,0.7711535692214966,0.8692933320999146,0.8172878623008728
13,ما الذي تتشكل منه ضفيرة راشكوف في لب السن؟,محاور عصبية غير مغمدة,ألياف حسية.,محاور عصبية غير مغمدة,ألياف حسية.,0.7411595582962036,0.7769317030906677,0.7586241960525513
14,أين يقع المستقيم؟,الحوض,القولون السيني والقناة الشرجية,الحوض,القولون السيني والقناة الشرجية,0.7724757194519043,0.7134143710136414,0.7417712807655334
15,إلى أي صنف من أصناف الغدد تنتمي حديثات المونتغمري؟,غدد دهنية معدلة,دهنية,غدد دهنية معدلة,دهنية,0.7562819719314575,0.7990072965621948,0.7770577669143677
16,ما هو العصب المحرك لعضلات اللسان؟,العصب تحت اللسان,12,العصب تحت اللسان,12,0.5723256468772888,0.6177243590354919,0.5941590666770935
17,ما هي الضفيرة التي يتفرع منها العصب الحجابي؟,الضفيرة العنقية,الرقبية,الضفيرة العنقية,الرقبية,0.7410062551498413,0.7822315692901611,0.7610610127449036
18,من أين يفرز الأدرينالين؟,لب الغدة الكظرية,لب الكظر,لب الغدة الكظرية,لب الكظر,0.8308539986610413,0.8942868709564209,0.861404299736023
19,ما هو الوريد الذي يتشكل منه الوريد الأجوف السفلي؟,الوريد الحرقفي العام الأيمن والأيسر,الوريدين الحرقفيين المشتركين الأيمن والأيسر,الوريد الحرقفي العام الأيمن والأيسر,الوريدين الحرقفيين المشتركين الأيمن والأيسر,0.9170918464660645,0.8912488222122192,0.9039856195449829
20,ما هي الطبقة الأكثر تمايزاً وكثافة في الشرايين؟,الغلالة الباطنة,المتوسطة,الغلالة الباطنة,المتوسطة,0.6642988920211792,0.6832616329193115,0.6736468076705933
21,مما ينتج هرمون T4؟,الغدة الدرقية,الدرق,الغدة الدرقية,الدرق,0.7857081294059753,0.8379274606704712,0.81097811460495
22,ما هي العضلة التي ترتكز بشكل أساسي على العظم الزورقي؟,العضلة الظنبوبية الخلفية,الظنبوبي الخلفي,العضلة الظنبوبية الخلفية,الظنبوبي الخلفي,0.8328940868377686,0.8954347372055054,0.863032877445221
23,أين تقع المنطقة الشمية؟,الغشاء المخاطي للجزء العلوي من الحاجز الأنفي,سقف الأنف,الغشاء المخاطي للجزء العلوي من الحاجز الأنفي,سقف الأنف,0.7210248112678528,0.8112667798995972,0.7634884119033813
24,ما هو اسم الوسادة من النسيج الدهني فوق الارتفاق العاني؟,رغامى مونس العانة,جبل العانة,رغامى مونس العانة,جبل العانة,0.7778394222259521,0.8749258518218994,0.8235311508178711
25,أين يتوضع الكولون السيني؟,الحوض,الناحية المغبنية اليسرى,الحوض,الناحية المغبنية اليسرى,0.7412340641021729,0.7026357054710388,0.7214189171791077
26,ما هو القسم من العظم الجبهي الذي يفصل بين القسمين الحجاجيين من الخلف؟,الناتئ الوتدي للعظم الجبهي,الثلمة الغربالية,الناتئ الوتدي للعظم الجبهي,الثلمة الغربالية,0.7351749539375305,0.7730812430381775,0.7536517381668091
27,ما هي الفروع الانتهائية للسبات الظاهر؟,الشريان الجبهي والشريان الجداري,الفكي والصدغي والسطحي,الشريان الجبهي والشريان الجداري,الفكي والصدغي والسطحي,0.7682751417160034,0.8002004623413086,0.7839128971099854
28,أين يمر عصب الفك العلوي؟,الثقبة تحت الحجاج,الثقبة المدورة,الثقبة تحت الحجاج,الثقبة المدورة,0.8556572198867798,0.8837764263153076,0.8694895505905151
29,ما هي النقطة التشريحية على الوجه السفلي لجسم العظم الوتدي؟,حفرة السرج التركي,المنقار الوتدي,حفرة السرج التركي,المنقار الوتدي,0.7673740386962891,0.764951229095459,0.7661607265472412
30,ما اسم العظم الذي يتوضع كيس الدمع عليه؟,العظم الدمعي,الدمعي أنسي الحجاج,العظم الدمعي,الدمعي أنسي الحجاج,0.8005784749984741,0.7591068744659424,0.7792912721633911
31,من أين ينشأ الشريان السباتي المشترك الأيسر؟,القوس الأبهري,قوس الأبهر مباشرة,القوس الأبهري,قوس الأبهر مباشرة,0.866234540939331,0.8562143445014954,0.8611952662467957
32,ما طول الأسهر؟,حوالي 45 سنتيمتر,45 سم,حوالي 45 سنتيمتر,45 سم,0.7454906702041626,0.7803771495819092,0.7625350952148438
33,ما هو المكان الذي يعبر من خلاله الشريان السحائي الأوسط؟,الثقبة الشوكية,الثقبة الشوكية,الثقبة الشوكية,الثقبة الشوكية,1.0,1.0,1.0
34,ما هي الطية الجلدية التي تغطي رأس القضيب؟,القلفة,القلفة,القلفة,القلفة,1.0,1.0,1.0
35,ما هي البنية التشريحية التي ترتكز على الحفرة المدورية؟,الرباط المدوري,العضلة السدادية الظاهرة,الرباط المدوري,العضلة السدادية الظاهرة,0.7816714644432068,0.7539166212081909,0.7675432562828064
36,أين يتوضع الدرز الأكليلي؟,بين العظم الجداري والعظم الجبهي,يتوضع بين العظم الجبهي والجداريين.,بين العظم الجداري والعظم الجبهي,يتوضع بين العظم الجبهي والجداريين.,0.8826808929443359,0.8350784778594971,0.858220100402832
37,ماذا يفعل الرباط المتصالب الأمامي؟,يمنع انزلاق عظم الظنبوب للأمام,يمنع انزياح الساق للأمام,يمنع انزلاق عظم الظنبوب للأمام,يمنع انزياح الساق للأمام,0.8700010776519775,0.9199004769325256,0.8942552804946899
38,ما العصب القحفي الذي يعبر الثقبة البيضية؟,العصب الفكي السفلي,الفكي السفلي,العصب الفكي السفلي,الفكي السفلي,0.8953343033790588,0.9361557960510254,0.915290117263794
39,إلى أي قصبات تتفرع القصبات الفصية؟,القصبات القطعية,قطعية شدفية,القصبات القطعية,قطعية شدفية,0.7492682933807373,0.7792012691497803,0.7639417052268982
40,أين توجد نوى الأعصاب القحفية من الثالث حتى الثاني عشر؟,في جذع الدماغ,جذع الدماغ,في جذع الدماغ,جذع الدماغ,0.9139493703842163,0.9402849674224854,0.9269301295280457
41,على ماذا يحتوي البلعوم الفموي من اللوزتين؟,اللوزتان الحنكيتان,الحنكيتين,اللوزتان الحنكيتان,الحنكيتين,0.8665056228637695,0.9137481451034546,0.8895000219345093
42,على أي من وجوه الكبد يوجد مسكن المرارة؟,على الوجه الحشوي للكبد,السفلي,على الوجه الحشوي للكبد,السفلي,0.6799240112304688,0.7041423916816711,0.6918213367462158
43,ما هو العصب القحفي الثاني؟,العصب البصري,البصري - حاسي,العصب البصري,البصري - حاسي,0.8435777425765991,0.828376829624176,0.8359081745147705
44,ما وظيفة العضلة تحت الكتفية؟,تدوير الكتف للداخل,دوران أنسي للكتف.,تدوير الكتف للداخل,دوران أنسي للكتف.,0.7415295839309692,0.7687423229217529,0.7548907995223999
45,أين تتوضع المشيمة في ارتكاز المشيمة المعيب؟,في الجزء السفلي من الرحم,بين الجنين والمهبل.,في الجزء السفلي من الرحم,بين الجنين والمهبل.,0.7393775582313538,0.7813094854354858,0.7597653269767761
46,ما اسم الطبقة من السحايا التي تغطي الجيوب الوريدية؟,الأم الجافية,الام الجافية,الأم الجافية,الام الجافية,0.9433081746101379,0.9433081746101379,0.9433081746101379
47,ما هي الألياف التي تربط المراكز القشرية بالمحيط؟,الألياف القشرية النازلة,إسقاطية,الألياف القشرية النازلة,إسقاطية,0.6974766850471497,0.749005913734436,0.7223234176635742
48,ما الذي تشكله البصلة عندما تتمادى في الأمام في جسم القضيب؟,الحشفة,الجسم الاسفنجي,الحشفة,الجسم الاسفنجي,0.7408208250999451,0.7381166815757751,0.7394663095474243
49,ما هي أكبر غدد الجسم؟,الغدة الدرقية,الكبد,الغدة الدرقية,الكبد,0.8030539751052856,0.8335039615631104,0.8179956674575806
50,ما هي الشرايين الخمسة التي يتفرع إليها الشريان الكلوي؟,الشريان القطبي العلوي، الشريان القطبي السفلي، الشريان الأمامي العلوي، الشريان الأمامي السفلي، الشريان الخلفي,قطعية,الشريان القطبي العلوي، الشريان القطبي السفلي، الشريان الأمامي العلوي، الشريان الأمامي السفلي، الشريان الخلفي,قطعية,0.5342682600021362,0.711633563041687,0.6103261113166809
51,بماذا ينتهي الشريان الوجهي؟,الشريان الزاوي,الشريان الزاوي,الشريان الزاوي,الشريان الزاوي,1.0,1.0,1.0
52,ما هي طبقة لب السن الأكثر عمقا والأقرب لجوهر اللب؟,طبقة الخلايا المولدة للعاج,المنطقة الغنية بالخلايا.,طبقة الخلايا المولدة للعاج,المنطقة الغنية بالخلايا.,0.804864227771759,0.8129531145095825,0.8088884353637695
53,أين تقع فوهة مصب الجيب الأكليلي؟,في الأذين الأيمن,أمام وأسفل مصب الأجوف السفلي,في الأذين الأيمن,أمام وأسفل مصب الأجوف السفلي,0.7654677033424377,0.7054145336151123,0.734215259552002
54,ما هي الزاوية الأمامية السفلية للعظم الجداري؟,الزاوية الوتدية,وتدية,الزاوية الوتدية,وتدية,0.743435263633728,0.7735636234283447,0.7582002282142639
55,أي عصب هو المحرك لعضلات اللسان؟,العصب تحت اللسان,12,العصب تحت اللسان,12,0.5723256468772888,0.6177243590354919,0.5941590666770935
56,ما هو البروز العظمي الذي يحتوي عليه الوجه الداخلي لفرع الفك السفلي؟,الناتئ الإكليلي,اللسين,الناتئ الإكليلي,اللسين,0.7713223695755005,0.8026759624481201,0.786686897277832
57,ما هي المواد التي تفرزها الغدد استجابة للتنبيه وترحل عبر الدم؟,هرمونات,الهرمونات,هرمونات,الهرمونات,0.9113664627075195,0.8789138793945312,0.8948460221290588
58,ما هي الزاوية بين قبضة وجسم القص؟,زاوية لويس,لويس,زاوية لويس,لويس,0.7843525409698486,0.8767355680465698,0.8279750347137451
59,من أين يخرج العصب الفكي العلوي من الجمجمة؟,الثقبة المدورة,الثقبة المدورة,الثقبة المدورة,الثقبة المدورة,1.0,1.0,1.0
60,ما الذي يحدد المنصف العلوي جانبياً؟,غشاء الجنب الجداري,الجنية المنصفية.,غشاء الجنب الجداري,الجنية المنصفية.,0.7537803053855896,0.7637017965316772,0.758708655834198
61,ما هما الممران اللذان يمر عبرهما الهواء إلى جوف الأنف؟,المنخران والبلعوم الأنفي,المنخرين,المنخران والبلعوم الأنفي,المنخرين,0.7671244144439697,0.8775330781936646,0.8186228275299072
62,أين ترتكز العضلة العريضة الظهرية؟,على النواتئ الشوكية للفقرات الصدرية السفلية والفقرات القطنية والعجزية,قاع أخدود ذات الرأسين.,على النواتئ الشوكية للفقرات الصدرية السفلية والفقرات القطنية والعجزية,قاع أخدود ذات الرأسين.,0.6497481465339661,0.6802140474319458,0.6646321415901184
63,ما هو القولون الذي يمتد بشكل أفقي؟,القولون المستعرض,الكولون المعترض,القولون المستعرض,الكولون المعترض,0.8423517942428589,0.8047233819961548,0.8231077790260315
64,كم عدد القطع العصعصية في النخاع الشوكي؟,قطعة واحدة,1,قطعة واحدة,1,0.704735517501831,0.7400611042976379,0.7219664454460144
65,ما الطبقة التي تمثلها العضلة الدافعة في المثانة؟,الظهارة البولية المطبقة الكاذبة,العضلية,الظهارة البولية المطبقة الكاذبة,العضلية,0.7384558916091919,0.7671510577201843,0.752530038356781
66,ما هي الخلايا التي توجد في الجلد وتعمل كمستقبلات آلية حسية؟,خلايا ميركل,خلايا ميركل.,خلايا ميركل,خلايا ميركل.,0.9429518580436707,0.9301133155822754,0.9364885687828064
67,ما اسم الكرة الصغيرة فوق قمة الغضروف؟,الحنجرة,القريني,الحنجرة,القريني,0.8540924787521362,0.8540924787521362,0.8540924787521362
68,أين لا توجد الغدد الزهمية؟,راحة اليدين وباطن القدمين,راحة اليد وأخمص القدم,راحة اليدين وباطن القدمين,راحة اليد وأخمص القدم,0.8488903045654297,0.8373688459396362,0.8430902361869812
69,ما هو العصب المسؤول عن حركات عضلات الوجه التعبيرية؟,العصب الوجهي (العصب القحفي السابع),السابع,العصب الوجهي (العصب القحفي السابع),السابع,0.5773390531539917,0.6713773012161255,0.6208173036575317
70,ما هي الزاوية الخلفية السفلية في العظم الجداري؟,الزاوية الخلفية السفلية للعظم الجداري,خشانية,الزاوية الخلفية السفلية للعظم الجداري,خشانية,0.6004184484481812,0.6743834018707275,0.6352551579475403
71,ما هو الاسم الآخر لفرع الفك السفلي؟,العصب السنخي السفلي,الرأد.,العصب السنخي السفلي,الرأد.,0.6821248531341553,0.7137875556945801,0.697597086429596
72,ماذا يفعل الرباط المتصالب الأمامي؟,يمنع انزلاق عظم الظنبوب للأمام,يمنع ازياح الساق للأمام,يمنع انزلاق عظم الظنبوب للأمام,يمنع ازياح الساق للأمام,0.8279211521148682,0.8679893016815186,0.8474818468093872
73,ما هي الثقبة التي يعبر من خلالها العصب الوجهي؟,الثقبة الإبرية الخشائية,الثقبة الإبرية الخشانية,الثقبة الإبرية الخشائية,الثقبة الإبرية الخشانية,0.9140701293945312,0.9140701293945312,0.9140701293945312
74,ماذا تفرز خلايا بيتا في البنكرياس؟,الإنسولين,الأنسولين,الإنسولين,الأنسولين,0.8637552261352539,0.848271906375885,0.8559435606002808
75,ما هو التامور الخارجي الذي لا يرتبط بالقلب؟,التامور الليفي,التامور الليفي,التامور الليفي,التامور الليفي,1.0,1.0,1.0
76,ما هو القسم من الضلع الواقع بين الرأس والحديبة؟,الجسم الضلعي,العنق,الجسم الضلعي,العنق,0.7698984742164612,0.7584651112556458,0.7641390562057495
77,مع أي عظم يتمفصل الظنبوب في الأسفل؟,عظم الكاحل,القعب,عظم الكاحل,القعب,0.7826717495918274,0.7923722267150879,0.7874921560287476
78,أي من العضلات العميقة التالية للمثلث الخلفي للعنق ترتبط بحدبة الأطلس الخلفية؟,العضلة المستقيمة الرأسية الخلفية الصغيرة,المستقيمه الرأسيه الخلفيه الصغيرة,العضلة المستقيمة الرأسية الخلفية الصغيرة,المستقيمه الرأسيه الخلفيه الصغيرة,0.8504025936126709,0.8617985844612122,0.8560627102851868
79,ما هو التركيب الذي يتصل بالخلف مع البلعوم الفموي عبر برزخ الحلق؟,اللوزة الحنكية,جوف الفم المخصوص,اللوزة الحنكية,جوف الفم المخصوص,0.7742061614990234,0.7609850168228149,0.7675386667251587
80,ما هي البنية التي تغطي السطوح الأمامي والإنسي والوحشي للخصية؟,الغلالة البيضاء,الغلالة الغمدية,الغلالة البيضاء,الغلالة الغمدية,0.8785662055015564,0.8455778956413269,0.861756443977356
81,أين يقع موقع الغدة الدرقية؟,أمام القصبة الهوائية أسفل الحنجرة,تحت الحنجرة وعلى جانبي الرغامي وأمامها,أمام القصبة الهوائية أسفل الحنجرة,تحت الحنجرة وعلى جانبي الرغامي وأمامها,0.7856439352035522,0.774628758430481,0.7800974249839783
82,أين تتوضع مستقبلات الشم؟,الظهارة الشمية في الجزء العلوي من الأنف,سقف الأنف.,الظهارة الشمية في الجزء العلوي من الأنف,سقف الأنف.,0.7520515322685242,0.8296836018562317,0.7889624834060669
83,ما هي طبيعة هرمونات الغدة النخامية؟,هرمونات بروتينية وبيبتيدية,بيتيدية,هرمونات بروتينية وبيبتيدية,بيتيدية,0.6561510562896729,0.697185218334198,0.6760460138320923
84,ما هو مفصل المرفق؟,المفصل الكوعي,نموذج رزى,المفصل الكوعي,نموذج رزى,0.7468580007553101,0.7475435733795166,0.747200608253479
85,ما هو المكان الذي تنشأ منه العضلة المدورة الكبيرة بشكل أساسي؟,الحديبة الإسكية,أسفل الحافة الوحشية لعظم لوح الكتف.,الحديبة الإسكية,أسفل الحافة الوحشية لعظم لوح الكتف.,0.6627437472343445,0.6436023712158203,0.6530327796936035
86,أين يتوضع الأبهر النازل البطني؟,أمام الفقرات القطنية,أيسر الأجوف السفلي,أمام الفقرات القطنية,أيسر الأجوف السفلي,0.7750672101974487,0.7360647916793823,0.7550626397132874
87,ما الذي يجاور السطح العلوي لمثانة الرجل؟,العانة والجزء السفلي من جدار البطن الأمامي,عرى اللفائفي والكولون السيني,العانة والجزء السفلي من جدار البطن الأمامي,عرى اللفائفي والكولون السيني,0.7083593606948853,0.7184538841247559,0.7133709192276001
88,ما هي عضلة الشهيق الرئيسية؟,الحجاب الحاجز,الحجاب الحاجز.,الحجاب الحاجز,الحجاب الحاجز.,0.9133279323577881,0.9054648876190186,0.9093794226646423
89,ما هو ترتيب دخول التراكيب إلى سرة الكلية من الخلف للأمام؟,الحالب، الشريان الكلوي، الوريد الكلوي,حويضة – شريان – وريد,الحالب، الشريان الكلوي، الوريد الكلوي,حويضة – شريان – وريد,0.6357107758522034,0.6512390375137329,0.6433811783790588
90,أين تشاهد التلمة الكعبرية للزند؟,على السطح الوحشي للكورونويد,الوجه الوحشي للناتئ المنقاري.,على السطح الوحشي للكورونويد,الوجه الوحشي للناتئ المنقاري.,0.796147346496582,0.7994785308837891,0.7978094220161438
91,أين تتوضع الثقبة العوراء في اللسان؟,خلف الكلم الإنتهائي,خلف الكلم الإنتهائي,خلف الكلم الإنتهائي,خلف الكلم الإنتهائي,1.0,1.0,1.0
92,ما هو أطول أجزاء الأنبوب الهضمي؟,الأمعاء الدقيقة,المعي الدقيق,الأمعاء الدقيقة,المعي الدقيق,0.8414066433906555,0.8495181202888489,0.8454428911209106
93,ما هو ترتيب العضلات من الأعلى للأسفل على الناحية الخلفية للألية؟,العضلة الألوية الكبرى، العضلة الألوية الوسطى، العضلة الألوية الصغرى,كمثرية - توأمية علوية - سادة باطنة - توأمية سفلية,العضلة الألوية الكبرى، العضلة الألوية الوسطى، العضلة الألوية الصغرى,كمثرية - توأمية علوية - سادة باطنة - توأمية سفلية,0.6589038372039795,0.6685782670974731,0.6637057662010193
94,ما هي الطبقة المبطنة للتامور الليفي؟,النسيج الطلائي الحرشفي البسيط,التامور المصلي الجداري,النسيج الطلائي الحرشفي البسيط,التامور المصلي الجداري,0.8049427270889282,0.8099619150161743,0.8074445128440857
95,ما هو أطول أجزاء أنبوب الهضم؟,الأمعاء الدقيقة,المعي الدقيق,الأمعاء الدقيقة,المعي الدقيق,0.8414066433906555,0.8495181202888489,0.8454428911209106
96,ما هو الهرمون الذي يسرع عملية تصنيع الأحماض الدهنية من الغلوكوز في الخلايا الشحمية؟,الأنسولين,الانسولين,الأنسولين,الانسولين,0.9040036201477051,0.9264122247695923,0.9150707721710205
97,ما هو الرباط الذي يربط الرحم بجدران الحوض الجانبية؟,الرباط العريض للرحم,العريض,الرباط العريض للرحم,العريض,0.7928864359855652,0.8614432215690613,0.8257443308830261
98,ما هو لون لب الكظر؟,أصفر ذهبي,بني غامق,أصفر ذهبي,بني غامق,0.618733823299408,0.649599552154541,0.6337910890579224
99,ما الذي يشكل معظم الكتلة العضلية للسان؟,العضلات الخارجية,ذقنية لسانية,العضلات الخارجية,ذقنية لسانية,0.6819521188735962,0.6732498407363892,0.677573025226593
100,ما هي أصغر الحليمات الذوقية وأكثرها عدداً؟,الحليمات الخيطية,الخيطية,الحليمات الخيطية,الخيطية,0.8612774014472961,0.9165736436843872,0.8880655765533447
101,ما هي العضلات الطويلة التي تربط الفقرات مع بعضها؟,العضلات الطويلة للظهر,عضلات العمود الفقري,العضلات الطويلة للظهر,عضلات العمود الفقري,0.7923172116279602,0.8080067038536072,0.8000850677490234
102,ما هو أضيق قسم في جذع الدماغ؟,الجسر النخاعي,مستوى الدماغ المتوسط,الجسر النخاعي,مستوى الدماغ المتوسط,0.6927670240402222,0.7210245132446289,0.7066133618354797
103,أين يقع التلفيف خلف المركزي؟,في الفص الجداري,الفص الجداري.,في الفص الجداري,الفص الجداري.,0.8881577253341675,0.9016079902648926,0.8948323130607605
104,ما هي الباحة التي يحويها التلفيف خلف المركزي؟,الباحة الحركية الإضافية,الحس الجسدي الأولية,الباحة الحركية الإضافية,الحس الجسدي الأولية,0.7889404296875,0.7957323789596558,0.7923218607902527
105,ما هي أصغر الحليمات الذوقية وأكثرها عدداً؟,الحليمات الخيطية,الخيطية,الحليمات الخيطية,الخيطية,0.8612774014472961,0.9165736436843872,0.8880655765533447
106,ما هي المجموعة العضلية التي تنتمي إليها العضلة الحرقفية؟,عضلات الحوض,عضلات الزنار الحوضي الأمامية,عضلات الحوض,عضلات الزنار الحوضي الأمامية,0.9051858186721802,0.8231499195098877,0.8622209429740906
107,ما هو القسم المسؤول عن تنظيم الفعالية الحياتية الذاتية؟,جذع الدماغ,جذع الدماغ,جذع الدماغ,جذع الدماغ,1.0,1.0,1.0
108,ما هي المادة شبيهة بالهلام التي تشغل أربعة أخماس المقلة؟,الجسم الزجاجي,الخلط الزجاجي,الجسم الزجاجي,الخلط الزجاجي,0.923525333404541,0.87944495677948,0.900946319103241
109,أين تقع أجسام العصبونات التي تفرز الهرمون المضاد للإدرار ADH؟,النواة فوق البصرية والنواة المجاورة للبطين,الأنوية فوق البصرية,النواة فوق البصرية والنواة المجاورة للبطين,الأنوية فوق البصرية,0.7730146646499634,0.8650446534156799,0.816444456577301
110,ما هي العضلات التي لها منشأ عظمي وترتكز على باطن جلد الوجه؟,العضلات الجلدية للوجه,عضلات الوجه التعبيرية,العضلات الجلدية للوجه,عضلات الوجه التعبيرية,0.8099260926246643,0.8232358694076538,0.8165267109870911
111,ما هو مصدر التروية الرئيسية للمعدة؟,الشريان المعدي الأيسر,فروع الجذع الزلاقي,الشريان المعدي الأيسر,فروع الجذع الزلاقي,0.7745416164398193,0.7266778349876404,0.7498466968536377
112,ما هي أطول أجزاء أنبوب الهضم؟,الأمعاء الدقيقة,المعي الدقيق,الأمعاء الدقيقة,المعي الدقيق,0.8414066433906555,0.8495181202888489,0.8454428911209106
113,من أين ينشأ الجذع الرئوي؟,البطين الأيمن,البطين الأيمن,البطين الأيمن,البطين الأيمن,0.9999998807907104,0.9999998807907104,0.9999998807907104
114,ما هو اسم المنعكس الذي يحدث عند رفع الخصية والصفن للأعلى؟,منعكس كريمي,المشمري,منعكس كريمي,المشمري,0.7452573180198669,0.7407280802726746,0.7429857850074768
115,ما هو العظم الذي يحتوي على تلم في وجهه السفلي لمرور وتر الشظية الطويلة؟,العظم المكعب,النردي,العظم المكعب,النردي,0.7543651461601257,0.7871549129486084,0.7704112529754639
116,ما هي المنطقة المتوسطة من نواحي البطن؟,المنطقة السرية,السرية,المنطقة السرية,السرية,0.8260543942451477,0.8459861278533936,0.8359014987945557
117,ما الذي يصل بين الأذينة اليسرى والبطين الأيسر؟,الصمام التاجي,فوهة التاجي,الصمام التاجي,فوهة التاجي,0.8293237686157227,0.798414945602417,0.8135758638381958
118,ما الذي يعطي الرباط الحرقفي القطني منشأ له؟,الناتئ المستعرض للفقرة القطنية الخامسة,العضلة المربعة القطنية.,الناتئ المستعرض للفقرة القطنية الخامسة,العضلة المربعة القطنية.,0.7558770775794983,0.7901879549026489,0.7726517915725708
119,ماذا يحفز ACTH إفرازه؟,إفراز الكورتيزول من قشرة الكظر,الكورتيزول,إفراز الكورتيزول من قشرة الكظر,الكورتيزول,0.7468215823173523,0.8823968172073364,0.8089683055877686
120,ما هو أكثر أقسام الإحليل قابلية للتمدد وأعرضها؟,الجزء البروستاتي,الموثي,الجزء البروستاتي,الموثي,0.7348749041557312,0.7419340014457703,0.7383875846862793
121,مما يتكون الزنار الحوضي؟,العظم الحرقفي والعظم العاني والعظم الإسكي,من العظمين الوركيين و العجز.,العظم الحرقفي والعظم العاني والعظم الإسكي,من العظمين الوركيين و العجز.,0.7731320858001709,0.767774760723114,0.7704440355300903
122,أين تقع الباحة الحركية الأولية؟,التلفيف أمام المركزي,في التلفيف أمام المركزي .,التلفيف أمام المركزي,في التلفيف أمام المركزي .,0.9192904829978943,0.8923991918563843,0.9056452512741089
123,ما هي العضلة المسؤولة عن قبض الفخذ وقبض الساق؟,العضلة الخياطية,الخياطية,العضلة الخياطية,الخياطية,0.8448030948638916,0.9142266511917114,0.8781448602676392
124,أين تتوضع الغدة تحت الطية اللسانية؟,تحت اللسان على جانبي اللجام,تحت اللسان,تحت اللسان على جانبي اللجام,تحت اللسان,0.8246839046478271,0.9256570339202881,0.8722580075263977
125,أين يتوضع السرج التركي؟,في العظم الوتدي,على الوجه العلوي لجسم العظم الوتدي.,في العظم الوتدي,على الوجه العلوي لجسم العظم الوتدي.,0.8852522969245911,0.7978857159614563,0.839301586151123
126,ما هو القسم مع الضلع الواقع بين الرأس والحدبية؟,العنق,العنق,العنق,العنق,0.9999999403953552,0.9999999403953552,0.9999999403953552
127,كم عدد شدف النخاع الشوكي؟,31 شدفًا,31,31 شدفًا,31,0.665783166885376,0.7482534646987915,0.7046133279800415
128,ما هي العضلة الموسعة المسؤولة عن فتح الحنجرة؟,العضلة الحلقية الدرقية,الحلقية الطرجهالية الخلفية,العضلة الحلقية الدرقية,الحلقية الطرجهالية الخلفية,0.8428981900215149,0.830350399017334,0.836577296257019
129,ما يُدعى القسم العلوي المتسع من الحالب؟,الحوض الكلوي,الحويضة,الحوض الكلوي,الحويضة,0.8286386728286743,0.845670759677887,0.8370680212974548
130,أين توجد نقطة التعظم البدئية في لوح الكتف؟,وسط جسم لوح الكتف,الحفرة تحت الشوك,وسط جسم لوح الكتف,الحفرة تحت الشوك,0.7506000995635986,0.7716453075408936,0.7609772086143494
131,ما هو الشريان الذي يستمر به الشريان تحت الترقوة؟,الشريان الإبطي,الابطي,الشريان الإبطي,الابطي,0.7593987584114075,0.7923903465270996,0.7755438685417175
132,ما هو الشريان الذي يمكن الشعور بنبضه عند الحافة السفلية للفك السفلي أمام العضلة الماضغة؟,الشريان الوجهي,الوجهي.,الشريان الوجهي,الوجهي.,0.8467422723770142,0.8846772909164429,0.8652942180633545
133,ما هو الشريان الذي يعتبر الشريان المخي الخلفي فرعاً منه؟,الشريان القاعدي,القاعدي,الشريان القاعدي,القاعدي,0.8101134300231934,0.8699777722358704,0.8389791250228882
134,ما هو أكبر أعضاء الجسم وزناً ومساحة؟,الجلد,الجلد,الجلد,الجلد,0.9999995827674866,0.9999995827674866,0.9999995827674866
135,ما الذي يشكله نصفا الكرة المخية مع الدماغ البيني؟,الدماغ الأمامي,المخ,الدماغ الأمامي,المخ,0.7453891038894653,0.7416536808013916,0.7435166835784912
136,ما هو اسم الحافة اليسرى للمعدة التي تمتد من الفؤاد إلى البواب؟,المنحنى الصغير للمعدة,الانحناء الكبير,المنحنى الصغير للمعدة,الانحناء الكبير,0.784605860710144,0.8449031710624695,0.8136389851570129
137,ما هو مصدر نشأة الشريان الشوكي الأمامي؟,الشريان الفقري,الفقري,الشريان الفقري,الفقري,0.8650781512260437,0.9151992797851562,0.8894331455230713
138,أين يقع الثرب الصغير؟,بين المعدة والكبد,المعدة والكبد,بين المعدة والكبد,المعدة والكبد,0.8979016542434692,0.9248860478401184,0.9111940860748291
139,أين تقع صفيحة الأكيمات؟,في العظم الوتدي,الدماغ المتوسط .,في العظم الوتدي,الدماغ المتوسط .,0.7028331756591797,0.7386917471885681,0.720316469669342
140,ما هي الباحة التي يحويها التلفيف خلف المركزي؟,الباحة الحركية الإضافية,الحس الجسدي الأولية,الباحة الحركية الإضافية,الحس الجسدي الأولية,0.7889404296875,0.7957323789596558,0.7923218607902527
141,ما هي الألياف التي تربط المراكز القشرية بالمحيط؟,الألياف القشرية النازلة,إسقاطية,الألياف القشرية النازلة,إسقاطية,0.6974766850471497,0.749005913734436,0.7223234176635742
142,ما نوع المفصل الحلقي الطرجهالي؟,مفصل زلالي محوري,الزليلي,مفصل زلالي محوري,الزليلي,0.6795880794525146,0.6922400593757629,0.6858557462692261
143,ما هو رقم العصب الحركي للعضلات الماضغة؟,العصب القحفي الخامس (العصب ثلاثي التوائم),الخامس,العصب القحفي الخامس (العصب ثلاثي التوائم),الخامس,0.554973840713501,0.7168170213699341,0.6255976557731628
144,كم عدد فصيصات الخصية؟,حوالي 250 فصيص,250,حوالي 250 فصيص,250,0.6324098706245422,0.7002993226051331,0.6646254062652588
145,أين ترتكز العضلة الأخمعية الخلفية بوتر رقيق؟,على الضلع الأول,الضلع الثاني.,على الضلع الأول,الضلع الثاني.,0.8430837392807007,0.8590807914733887,0.8510070443153381
146,أين يتوضع الثلم المهمازي؟,على السطح الداخلي للقشرة المخية,الأنسي,على السطح الداخلي للقشرة المخية,الأنسي,0.6960216760635376,0.7527258992195129,0.7232640981674194
147,ما هي المنطقة التي يقع بينها القسيم العضلي (sarcomere)؟,بين خطين Z,الخطين -Z-,بين خطين Z,الخطين -Z-,0.7954156398773193,0.7696332931518555,0.7823121547698975
148,ما الذي تنتجه الخلايا المجاورة للجريبات في الدرق؟,الكالسيتونين,كاليستونين,الكالسيتونين,كاليستونين,0.7439056634902954,0.7449617385864258,0.7444333434104919
149,ما الذي تتحول إليه الوحيدات Monocytes بعد مغادرتها الدوران؟,البالعات الكبيرة,بالعات,البالعات الكبيرة,بالعات,0.7601559162139893,0.7654266953468323,0.7627822160720825
150,ما هو الشريان الذي ينتهي به الشريان الوجهي؟,الشريان الفكي,الزاوي,الشريان الفكي,الزاوي,0.7801705002784729,0.7992275357246399,0.7895840406417847
151,أين يتوضع الثلم المهمازي؟,على السطح الداخلي للقشرة المخية,الانسي,على السطح الداخلي للقشرة المخية,الانسي,0.663633406162262,0.7205967307090759,0.6909430027008057
152,ما هو العصب القحفي الذي يحمل التعصيب نظير الودي للقلب؟,العصب المبهم,10,العصب المبهم,10,0.5892886519432068,0.631963849067688,0.6098806858062744
153,ما هي العضلة التي يمر العصب تحت اللساني في الناحية تحت الفك عميقاً منها؟,العضلة اللامية اللسانية,لامية لسانية.,العضلة اللامية اللسانية,لامية لسانية.,0.682080090045929,0.7314209938049316,0.7058894038200378
154,تحت أي قسم من أقسام التشريح يندرج التنبيب الرغامي؟,التشريح التطبيقي,التشريح التقني .,التشريح التطبيقي,التشريح التقني .,0.9071140885353088,0.899766206741333,0.9034252166748047
155,ما هي العظام التي يتشكل منها مفصل الركبة؟,عظم الفخذ، الظنبوب، الرضفة,المفصل بين عظمي الفخذ والظنبوب والمفصل بين عظمي الفخذ والرضفة.,عظم الفخذ، الظنبوب، الرضفة,المفصل بين عظمي الفخذ والظنبوب والمفصل بين عظمي الفخذ والرضفة.,0.8558968901634216,0.8047752976417542,0.829549252986908
156,ما هي الحركة الخاصة بالساعد؟,الكب والاستلقاء,الكب,الكب والاستلقاء,الكب,0.7733820676803589,0.9010517597198486,0.8323497176170349
157,ما الذي يحويه القسم الأمامي للثلم الأمامي الخلفي الأيسر للكبد؟,الوريد البابي الأيسر,تلم الرباط الوريدي,الوريد البابي الأيسر,تلم الرباط الوريدي,0.7682344317436218,0.7540372610092163,0.761069655418396
158,ماذا تشكل الصفيحتان السفليتان للشفرين الصغيرين عند اتحادهما؟,غشاء البكارة,لجيم البظر,غشاء البكارة,لجيم البظر,0.8386927247047424,0.8216807842254639,0.8300996422767639
159,ما هي الانطباعات التي توجد على العظم الجداري؟,انطباعات التلافيف المخية,السحائي الأوسط,انطباعات التلافيف المخية,السحائي الأوسط,0.7095031142234802,0.7383044958114624,0.7236173748970032
160,ما هو العصب الحركي للعضلات الماضغة؟,العصب ثلاثي التوائم (العصب القحفي الخامس),الخامس,العصب ثلاثي التوائم (العصب القحفي الخامس),الخامس,0.5457423329353333,0.6594783663749695,0.5972437858581543
161,أين يقع الشق الحجاجي السفلي؟,الحافة السفلية للحجاج,الجناح البير والفكي العلوي,الحافة السفلية للحجاج,الجناح البير والفكي العلوي,0.7367839813232422,0.7073777318000793,0.7217814922332764
162,ما هو العضو المتخصص بتشكيل الصوت والتدخل بالدور في الكلام؟,الحنجرة,الحنجرة,الحنجرة,الحنجرة,1.0,1.0,1.0
163,ما هي حركة الركبة للخلف بمستوى سهمي؟,فرط التمدد,عطف,فرط التمدد,عطف,0.7240197658538818,0.7370179295539856,0.730461061000824
164,ما هو العصب القحفي المتواسط بإفراز الغدد الدمعية واللعابية؟,العصب الوجهي (العصب القحفي السابع),السابع,العصب الوجهي (العصب القحفي السابع),السابع,0.5773390531539917,0.6713773012161255,0.6208173036575317
165,أين تتوضع الصفيحة الأفقية للعظم الغربالي؟,في الجزء الأمامي من قاعدة الجمجمة,الثلمة الغربالية في العظم الدمعي.,في الجزء الأمامي من قاعدة الجمجمة,الثلمة الغربالية في العظم الدمعي.,0.7671563625335693,0.7566618919372559,0.7618730068206787
166,ما هو لون لب الكظر؟,أصفر ذهبي,بني غامق,أصفر ذهبي,بني غامق,0.618733823299408,0.649599552154541,0.6337910890579224
167,ما هو وجه العظم الجبهي الذي ينتمي للقحف العصبي؟,الوجه الداخلي (الوجه القحفي),الداخلى,الوجه الداخلي (الوجه القحفي),الداخلى,0.7722190022468567,0.8333278894424438,0.80161052942276
168,ما هو لون لب الكظر؟,أصفر ذهبي,بني غامق,أصفر ذهبي,بني غامق,0.618733823299408,0.649599552154541,0.6337910890579224
169,ما هي اللفافة التي تحيط بجسم القضيب؟,اللفافة العميقة للقضيب,بوك,اللفافة العميقة للقضيب,بوك,0.6706921458244324,0.7623580098152161,0.7135933637619019
170,ما هي العضلة التي تعد من العضلات الوحشية للساق وقد تعد من العضلات الأمامية للساق؟,العضلة الشظوية الطويلة,العضلة الشظويةالثالثة,العضلة الشظوية الطويلة,العضلة الشظويةالثالثة,0.910189151763916,0.9204394221305847,0.915285587310791
171,ما هو أول ما يتأثر من الخلايا الكبدية في حالة الإصابة بنقص الأكسجة؟,المنطقة المركزية للفصيص الكبدي,الخلايا الكبدية المركزية,المنطقة المركزية للفصيص الكبدي,الخلايا الكبدية المركزية,0.7202260494232178,0.8042852878570557,0.7599381804466248
172,ما هي العضلات الطويلة التي تربط الفقرات مع بعضها؟,العضلات الطويلة للظهر,عضلات العمود الفقري,العضلات الطويلة للظهر,عضلات العمود الفقري,0.7923172116279602,0.8080067038536072,0.8000850677490234
173,ما هي الطية الجلدية التي تغطي رأس القضيب؟,القلفة,القلفة,القلفة,القلفة,1.0,1.0,1.0
174,من أين يتفرع الشريان الأكليلي الأيمن والأيسر؟,من الجيب الأبهري,الأبهر الصاعد,من الجيب الأبهري,الأبهر الصاعد,0.8049765825271606,0.8162070512771606,0.8105528950691223
175,متى ينشأ برزخ الأبهر؟,الأسبوع الخامس إلى السابع من التطور الجنيني,بعد منشأ الشريان تحت الترقوة الأيسر,الأسبوع الخامس إلى السابع من التطور الجنيني,بعد منشأ الشريان تحت الترقوة الأيسر,0.7103018760681152,0.7437962293624878,0.7266632318496704
176,ما هو أصغر الفروع الأمامية للأبهر البطني؟,الشريان المساريقي العلوي,المساريقي السفلي,الشريان المساريقي العلوي,المساريقي السفلي,0.84975266456604,0.8594304323196411,0.8545641303062439
177,ما هي الألياف التي تربط التلافيف والفصوص في نصف كرة مخية واحد؟,ألياف الترابط,ترابطية,ألياف الترابط,ترابطية,0.7724068760871887,0.8284493684768677,0.7994471192359924
178,ما هي ميزابة النبض بين أوتار العضلات؟,النبض بين الأوتار,العضدية الكعبرية قابضة الرسغ الكعبرية,النبض بين الأوتار,العضدية الكعبرية قابضة الرسغ الكعبرية,0.7358102798461914,0.7054597735404968,0.7203154563903809
179,ما هو الوريد السطحي الذي يشكل الابطي؟,الوريد الرأسي,القاعدي,الوريد الرأسي,القاعدي,0.7341631650924683,0.7586358785629272,0.7461988925933838
180,ماذا تفرز الخلايا ألفا في البنكرياس؟,غلوكاغون,الفلوكاغون,غلوكاغون,الفلوكاغون,0.773506760597229,0.7774059772491455,0.7754514813423157
181,ما هو اسم أعمق الانخفاضات في الصيوان؟,الحفرة الثلاثية,المحار,الحفرة الثلاثية,المحار,0.7552566528320312,0.7565743327140808,0.7559148669242859
182,ما هي وظيفة هرمون الغدة جار الدرقية PTH؟,تنظيم مستويات الكالسيوم والفوسفات في الدم,يرفع كالسيوم الدم,تنظيم مستويات الكالسيوم والفوسفات في الدم,يرفع كالسيوم الدم,0.7326405048370361,0.7499389052391052,0.7411887645721436
183,ما الذي يمتد من المنخر حتى المنعر؟,الممر الأنفي,جوف الأنف,الممر الأنفي,جوف الأنف,0.8305704593658447,0.830744743347168,0.8306576013565063
184,ما الذي يقع بين جسم الفقرة والقوس الفقرية؟,الصفيحة الفقرية,الثقبة الفقرية,الصفيحة الفقرية,الثقبة الفقرية,0.9482857584953308,0.9482857584953308,0.9482857584953308
185,أين تتوضع الطية المخملة؟,في المستقيم,الوجه السفلي للسان,في المستقيم,الوجه السفلي للسان,0.7339040637016296,0.6982372999191284,0.71562659740448
186,ما هو الهرمون الذي يفرز PTH؟,الغدة الجار درقية,الغدد جارات الدرق.,الغدة الجار درقية,الغدد جارات الدرق.,0.7932918667793274,0.7814807891845703,0.7873420715332031
187,ما هو الهرمون الذي يسرع عملية تصنيع الأحماض الدهنية من الغلوكوز في الخلايا الشحمية؟,الأنسولين,الأنسولين,الأنسولين,الأنسولين,0.9999999403953552,0.9999999403953552,0.9999999403953552
188,ما هي العضلات التي تعمل على توازن الرأس على الجذع؟,العضلات القابضة للرقبة,عضلات العنق.,العضلات القابضة للرقبة,عضلات العنق.,0.7475631237030029,0.8066133260726929,0.775966465473175
189,من أين يخرج العصب الوجهي من الجمجمة؟,الثقبة الإبرية الخشائية,الثقبة الأبرية الخشائية,الثقبة الإبرية الخشائية,الثقبة الأبرية الخشائية,0.9673283100128174,0.9673283100128174,0.9673283100128174
190,ما الذي يتصل به المدورين بالخلف في الفخذ؟,الحدبة الإسكية,العرف بين المدورين,الحدبة الإسكية,العرف بين المدورين,0.7377152442932129,0.7443150281906128,0.7410004138946533
191,أين يدخل الحالبان المثانة؟,في الزاوية الخلفية الجانبية للمثلث المثاني,الخلفي,في الزاوية الخلفية الجانبية للمثلث المثاني,الخلفي,0.6916942596435547,0.7593796253204346,0.7239583730697632
192,ما هي الباحة المسؤولة عن حركات العين؟,الباحة الجبهية للعين,8,الباحة الجبهية للعين,8,0.5596551895141602,0.6402284502983093,0.5972365140914917
193,ما هو الشريان الذي ينشأ منه الجذع المشترك للشريان بين العظمين؟,الشريان الزندي,الزندي,الشريان الزندي,الزندي,0.851762056350708,0.8997118473052979,0.8750806450843811
194,ما هو وجه عظم الترقوة الذي عليه ميزابة طولانية؟,الوجه السفلي,الوجه السفلي,الوجه السفلي,الوجه السفلي,1.0,1.0,1.0
195,من أين يفرز الغلوكاغون؟,خلايا ألفا في البنكرياس,خلايا الفا في المعثكلة,خلايا ألفا في البنكرياس,خلايا الفا في المعثكلة,0.8185485601425171,0.7979049682617188,0.8080949783325195
196,ما هي الطبقة المبطنة للتامور الليفي؟,النسيج الطلائي الحرشفي البسيط,التامور المصلي الجداري,النسيج الطلائي الحرشفي البسيط,التامور المصلي الجداري,0.8049427270889282,0.8099619150161743,0.8074445128440857
197,ما هو معنى التوسع في نهاية الأسهر؟,توسع القناة المنوية,مجل الأسهر,توسع القناة المنوية,مجل الأسهر,0.7566903829574585,0.764583945274353,0.760616660118103
198,كم عدد فقرات الجزء الصدري من العمود الفقري؟,اثنتا عشرة فقرة,12,اثنتا عشرة فقرة,12,0.5836907625198364,0.6686421632766724,0.6232851147651672
199,من أين ينتج هرمون الأستروجين؟,المبيضين والمشيمة والغدة الكظرية,المبيض,المبيضين والمشيمة والغدة الكظرية,المبيض,0.7308130264282227,0.8527460098266602,0.7870851755142212
200,ما هي الفروع الانتهائية للسباني الخارجي؟,الشريان الصدغي السطحي والشريان الفكي,حنكي وصدغي سطحي,الشريان الصدغي السطحي والشريان الفكي,حنكي وصدغي سطحي,0.7090789079666138,0.7528760433197021,0.73032146692276
201,ما هو مصدر التعصيب الحركي لعضلات الظهر العميقة؟,الفرع الخلفي للأعصاب الشوكية,الشعب الاوليه الظهريه,الفرع الخلفي للأعصاب الشوكية,الشعب الاوليه الظهريه,0.6865992546081543,0.7355902194976807,0.710250973701477
202,ما هو الجيب الوريدي الذي يصب في الوريد الوداجي الباطن؟,الجيب السيني,الجيب السيني,الجيب السيني,الجيب السيني,0.9999999403953552,0.9999999403953552,0.9999999403953552
203,أين يتوضع العظم الكتفي؟,على السطح الخلفي للقفص الصدري,الاضلاع الثانية حتى السابعة,على السطح الخلفي للقفص الصدري,الاضلاع الثانية حتى السابعة,0.6628698110580444,0.6452837586402893,0.6539585590362549
204,ما هي المنطقة الأعمق في الغدة الكظرية؟,اللب الكظري,اللب,اللب الكظري,اللب,0.8133678436279297,0.9278814792633057,0.8668591380119324
205,ما الذي يقع بين النواة العدسية من جهة والنواة والمهاد من الجهة الأخرى؟,الكبسولة الداخلية,المحفظة الداخلية.,الكبسولة الداخلية,المحفظة الداخلية.,0.818026065826416,0.8255856037139893,0.8217884302139282
206,ما الذي ينفتح على القرين الأنفي العلوي؟,القناة الغربالية الأمامية,الجيب الوتدي,القناة الغربالية الأمامية,الجيب الوتدي,0.7623146176338196,0.7704676389694214,0.7663694024085999
207,أين يمكن إجراء الحقن العضلي في القسم العلوي؟,العضلة الدالية,الدالية,العضلة الدالية,الدالية,0.7566301822662354,0.8325040340423584,0.7927557826042175
208,أين تتوضع الاحدوبة الدالية في العضد؟,في الثلث الأوسط للوجه الأمامي الوحشي,الوحشي,في الثلث الأوسط للوجه الأمامي الوحشي,الوحشي,0.7317253351211548,0.8579143285751343,0.7898112535476685
209,ما هو أكبر الجيوب جانب الأنف؟,الجيب الفكي العلوي,الفكي,الجيب الفكي العلوي,الفكي,0.8291698098182678,0.8856762051582336,0.8564919829368591
210,ما هو العصب المحرك لعضلات اللسان؟,العصب تحت اللسان,12,العصب تحت اللسان,12,0.5723256468772888,0.6177243590354919,0.5941590666770935
211,ما الذي يتوضع تحت الخط الضرسي اللامي؟,الحفرة تحت اللسان,حفرة الغدة تحت الفك السفلي,الحفرة تحت اللسان,حفرة الغدة تحت الفك السفلي,0.804770827293396,0.7666046619415283,0.7852242588996887
212,ما هي الطبقة المحيطة بالقلب والمرتبطة به؟,التامور,التامور المصلي الحشوي,التامور,التامور المصلي الحشوي,0.9138760566711426,0.783176839351654,0.8434934616088867
213,ما هو الشريان الذي ينشأ منه الشريان الزاوي؟,الشريان الوجهي,الشريان الوجهي,الشريان الوجهي,الشريان الوجهي,1.0,1.0,1.0
214,ما هو تشكل الوريد المأبضي؟,الوريد المأبضي الفخذي,الوريد الظنبوبي الامامي والوريد الظنبوبي الخلفي,الوريد المأبضي الفخذي,الوريد الظنبوبي الامامي والوريد الظنبوبي الخلفي,0.7698993682861328,0.7481846809387207,0.7588867545127869
215,ما هي المنطقة الأعمق في قشر الكظر؟,المنطقة الشبكية,الشبكية,المنطقة الشبكية,الشبكية,0.8611141443252563,0.8860464096069336,0.8734023571014404
216,أين يقع التلم الوحشي؟,على السطح العلوي للفص الجبهي,فص الجزيرة,على السطح العلوي للفص الجبهي,فص الجزيرة,0.6439862251281738,0.7416451573371887,0.6893742680549622
217,أين يصب الوريد الكلوي؟,الوريد الأجوف السفلي,الأجوف السفلي,الوريد الأجوف السفلي,الأجوف السفلي,0.8801085352897644,0.9156649112701416,0.8975346684455872
218,أين ترتكز العضلة المدورة الصغيرة؟,الحديبة الكبيرة لعظم العضد,حديبة العضد الكبرى.,الحديبة الكبيرة لعظم العضد,حديبة العضد الكبرى.,0.8238545656204224,0.8503274917602539,0.8368817567825317
219,ما هو الجزء من البلعوم الذي يتبعه الردب الكمثري؟,تحت المزمار,الحنجري,تحت المزمار,الحنجري,0.8184784650802612,0.8282150626182556,0.8233180046081543
220,كم عدد الأعصاب القحفية؟,اثنا عشر عصباً,12 شفعًا,اثنا عشر عصباً,12 شفعًا,0.7237884998321533,0.7905645370483398,0.7557042837142944
221,أين تتوضع نواة العصب العاشر؟,النخاع المستطيل,البصلة,النخاع المستطيل,البصلة,0.7509893178939819,0.825738251209259,0.7865918874740601
222,ما هو العنصر الذي يجاور الرغامي من الخلف؟,المريء,المري,المريء,المري,0.8957459330558777,0.9164759516716003,0.905992329120636
223,ما هو العصب القحفي الذي يجتاز النفق الصدري؟,العصب المبهم,2,العصب المبهم,2,0.5834091901779175,0.6840115785598755,0.6297177076339722
224,ما هو العظم الأضخم في هيكل القدم؟,عظم العقب,العقب,عظم العقب,العقب,0.8739175796508789,0.9127800464630127,0.8929261565208435
225,أين يوجد النفير البلعومي السمعي؟,بين البلعوم الأنفي والأذن الوسطى,البلعوم الانفي,بين البلعوم الأنفي والأذن الوسطى,البلعوم الانفي,0.7191717624664307,0.7951003909111023,0.7552324533462524
226,ما الذي يحد فتحة وينسلو من الأسفل؟,الحافة الأمامية للصفيحة الجناحية للغضروف الدرقي,الإثني عشر.,الحافة الأمامية للصفيحة الجناحية للغضروف الدرقي,الإثني عشر.,0.6142891645431519,0.6456751227378845,0.6295912861824036
227,ما يُسمى الوجه الأمامي للوح الكتف؟,الوجه الضلعي,الحفرة تحت الكتفية,الوجه الضلعي,الحفرة تحت الكتفية,0.7677043080329895,0.7371196150779724,0.7521011233329773
228,ما هو الشريان الذي يروي القولون الصاعد؟,الشريان المساريقي العلوي,المساريقي العلوي,الشريان المساريقي العلوي,المساريقي العلوي,0.9070357084274292,0.9485924243927002,0.9273487329483032
229,ما هي الطية الجلدية التي تغطي رأس القضيب؟,القلفة,القلفة,القلفة,القلفة,1.0,1.0,1.0
230,ما يُدعى القسم العلوي المتسع من الحالب؟,الحوض الكلوي,الحويضة,الحوض الكلوي,الحويضة,0.8286386728286743,0.845670759677887,0.8370680212974548
231,ما هي المنطقة الفاصلة بين الطيتين الصوتيين؟,الغشاء المخاطي للطية الصوتية,مشق المزمار,الغشاء المخاطي للطية الصوتية,مشق المزمار,0.7084428071975708,0.7272911667823792,0.7177432179450989
232,ما هي الطبقة من الكظر التي تتألف من حبال مقوسة من خلايا عمودية متقاربة؟,منطقة الشبكية,الطبقة الكبيبة,منطقة الشبكية,الطبقة الكبيبة,0.7632949352264404,0.7782660126686096,0.7707078456878662
233,ما هي الخلايا التي تتوضع في اللحمة بين النبيبات؟,خلايا لايديغ,لايديغ,خلايا لايديغ,لايديغ,0.7942558526992798,0.9058372974395752,0.8463848829269409
234,ما هو السطح الخلفي للفخذ تحت المدور الكبير؟,المنطقة تحت المدور الخلفية,الأحدوبة الأولوية,المنطقة تحت المدور الخلفية,الأحدوبة الأولوية,0.7176065444946289,0.7208619117736816,0.719230592250824
235,ما الذي يحويه القسم الأمامي للثلم الأمامي الخلفي الأيسر للكبد؟,الوريد البابي الأيسر,ثلم الرباط المدور,الوريد البابي الأيسر,ثلم الرباط المدور,0.7186473608016968,0.7172143459320068,0.7179301381111145
236,ما هو الشريان الذي يروي معظم الوجه الوحشي للمخ؟,الشريان المخي الأوسط,المخى الأوسط.,الشريان المخي الأوسط,المخى الأوسط.,0.8549026846885681,0.8841316103935242,0.8692715167999268
237,ما هي المنطقة الفاصلة بين الطيتين الصوتيين؟,الغشاء المخاطي للطية الصوتية,مشق المزمار,الغشاء المخاطي للطية الصوتية,مشق المزمار,0.7084428071975708,0.7272911667823792,0.7177432179450989
238,ما هو العصب القحفي الذي يعبر الثقبة البيضية؟,العصب الفكي السفلي,الفكي السفلي,العصب الفكي السفلي,الفكي السفلي,0.8953343033790588,0.9361557960510254,0.915290117263794
239,ما هو الهرمون الذي يسبب دفقه الشديد حدوث عملية الإباضة؟,الهرمون اللوتيني,LH,الهرمون اللوتيني,LH,0.6184655427932739,0.6654924154281616,0.6411178112030029
240,ما هو الهرمون الذي يستهدف الدرق ويحفز إفراز الهرمون الدرقي؟,الهرمون المنبه للدرقية,TSH,الهرمون المنبه للدرقية,TSH,0.6285170316696167,0.6828031539916992,0.6545364260673523
241,ما هي أكبر عقدة مفردة من النسيج اللمفاوي؟,الطحال,الطحال,الطحال,الطحال,0.9999997615814209,0.9999997615814209,0.9999997615814209
242,ما هي العضلة الرئيسية المسؤولة عن قبض المرفق؟,العضلة العضدية الكعبرية,العضدية,العضلة العضدية الكعبرية,العضدية,0.8193464279174805,0.8776910305023193,0.8475157618522644
243,ما هي التراكيب التي توجد على حافتي اللسان وتحوي براعم ذوقية كثيرة؟,الحليمات الكأسية,الورقية,الحليمات الكأسية,الورقية,0.7939438819885254,0.8305655121803284,0.8118419051170349
244,ما هي الشعيرات الدموية التي تغلفها محفظة بومان؟,الشعيرات الدموية الكبيبية,الكبيبة الكلوية,الشعيرات الدموية الكبيبية,الكبيبة الكلوية,0.8152600526809692,0.8627768754959106,0.8383456468582153
245,ما هي الحافة من الفرع التي تشكل زاوية الفك السفلي؟,الحافة الخلفية للفرع الصاعد,الخلفية,الحافة الخلفية للفرع الصاعد,الخلفية,0.7563722133636475,0.8493602275848389,0.8001736998558044
246,ما الذي تغلفه العضلة البصلية الإسفنجية؟,قاعدة القضيب والإحليل,بصلة القضيب,قاعدة القضيب والإحليل,بصلة القضيب,0.7968984842300415,0.8343034386634827,0.815172016620636
247,من أين يخرج العصب الشوكي؟,من الثقبة بين الفقرية,الثقبة بين الفقرية,من الثقبة بين الفقرية,الثقبة بين الفقرية,0.94480961561203,0.9656209945678711,0.9551019072532654
248,ما هي الألياف التي تعصب العضلة مصرة الحدقة؟,الألياف الودية من الضفيرة السباتية,نظيرة ودية,الألياف الودية من الضفيرة السباتية,نظيرة ودية,0.6776589155197144,0.6997877359390259,0.6885455846786499
249,ما هو البطين الذي يحويه الدماغ البيني داخله؟,البطين الثالث,الثالث,البطين الثالث,الثالث,0.6836788654327393,0.7817956805229187,0.7294526696205139
250,ما الذي يشغل الجزء العلوي من قبة القحف؟,الفص الجبهي,العظم الجداري,الفص الجبهي,العظم الجداري,0.7695836424827576,0.7991738319396973,0.7840996384620667
251,ما هو العصب الذي يعصب الغدة النكفية؟,العصب الوجهي (العصب القحفي السابع),تحت اللساني,العصب الوجهي (العصب القحفي السابع),تحت اللساني,0.6828639507293701,0.7241266965866089,0.7028902769088745
252,من أين يخرج العصب تحت اللساني؟,من النواة تحت اللسان في النخاع المستطيل,النفق تحت اللساني,من النواة تحت اللسان في النخاع المستطيل,النفق تحت اللساني,0.7666105031967163,0.8314778804779053,0.7977277040481567
253,ما هي الخلايا البالعة الكبدية؟,خلايا كوبفر,خلايا كوبفر.,خلايا كوبفر,خلايا كوبفر.,0.9273927211761475,0.9117653369903564,0.9195126295089722
254,أين يصب الوريد الصافن الكبير (الأنسي)؟,الوريد الفخذي,الوريد الفخذي,الوريد الفخذي,الوريد الفخذي,1.0,1.0,1.0
255,ما هو الشريان الذي يستمر به الريان تحت الترقوة؟,الشريان الإبطي,الإبطي,الشريان الإبطي,الإبطي,0.8398871421813965,0.9002174139022827,0.8690064549446106
256,ما تُدعى الردب بين عنق الرحم والمهبل؟,الجيب المهبلي,قبو المهبل,الجيب المهبلي,قبو المهبل,0.8529077172279358,0.8588052988052368,0.8558462858200073
257,في أي مستوى من الفقرات الصدرية يتم التمفصل بين قبضة وجسم القص؟,مستوى الفقرة الصدرية الرابعة,الرابعة.,مستوى الفقرة الصدرية الرابعة,الرابعة.,0.5966131687164307,0.7158701419830322,0.6508235931396484
258,ما هو الرباط الذي يربط الرحم بجدران الحوض الجانبية؟,الرباط العريض للرحم,العريض,الرباط العريض للرحم,العريض,0.7928864359855652,0.8614432215690613,0.8257443308830261
259,ما هي العضلة التي تنشأ من الشوكة الحرقفية الأمامية العلوية وترتكز انسي الظنبوب؟,العضلة الخياطية,الخياطية,العضلة الخياطية,الخياطية,0.8448030948638916,0.9142266511917114,0.8781448602676392
260,ما هي الطبقة البطانية الرحمية التي تتعرض إلى تغيرات ملحوظة أثناء الدورة الشهرية؟,بطانة الرحم الوظيفية,الطبقة الوظيفية.,بطانة الرحم الوظيفية,الطبقة الوظيفية.,0.7822169065475464,0.8383907675743103,0.8093303442001343
261,ما هو موقع مستقبلات الضغط المسؤولة عن المنعكس القلبي التثبيطي؟,الجيب السباتي والقوس الأبهرية,الجيب السباتي.,الجيب السباتي والقوس الأبهرية,الجيب السباتي.,0.8024859428405762,0.8930699825286865,0.8453582525253296
262,ما هو أكبر أعضاء الجسم وزناً ومساحة؟,الجلد,الجلد,الجلد,الجلد,0.9999995827674866,0.9999995827674866,0.9999995827674866
263,ما هي البنية الأكثر علواً في جذر الرئة اليسرى؟,الشريان الرئوي الأيسر,الشريان الرئوي,الشريان الرئوي الأيسر,الشريان الرئوي,0.9165451526641846,0.9622453451156616,0.9388394355773926
264,ما هو المكان الذي يعبر من خلاله الشريان السحاني الأوسط؟,الثقبة الشوكية,الثقبة الشوكية,الثقبة الشوكية,الثقبة الشوكية,1.0,1.0,1.0
265,ما هو الجوف الهوائي الذي يحوي عظيمات السمع؟,الأذن الوسطى,الأذن الوسطى,الأذن الوسطى,الأذن الوسطى,1.0,1.0,1.0
266,ما هي وظيفة النهايات العصبية الحرة الواردة ضمن ألياف العضلة القلبية؟,نقل الإحساس بالألم,الإحساس بالألم.,نقل الإحساس بالألم,الإحساس بالألم.,0.9089970588684082,0.9260289669036865,0.9174339771270752
267,ما هي الخلايا التي تخزن فيتامين A في الكبد؟,خلايا كوبفر,خلايا إيتو,خلايا كوبفر,خلايا إيتو,0.890610933303833,0.8957089781761169,0.8931525945663452
268,من أين يحمل الشريان الرئوي الدم غير المؤكسج؟,من البطين الأيمن للقلب,البطين الأيمن,من البطين الأيمن للقلب,البطين الأيمن,0.8409411311149597,0.914423942565918,0.8761444091796875
269,ما هو العصب القحفي الثاني؟,العصب البصري,البصري - حاسي,العصب البصري,البصري - حاسي,0.8435777425765991,0.828376829624176,0.8359081745147705
270,ما هو العظم الذي تنتمي إليه الثلمة الاسكية الصغيرة؟,العظم الوركي,الاسك,العظم الوركي,الاسك,0.7916247844696045,0.8147214651107788,0.8030071258544922
271,ما هو الغضروف المرتبط مع الحلقة الرغامية الأولى؟,الغضروف الحلقي,الحلقي,الغضروف الحلقي,الحلقي,0.8390753269195557,0.9332491159439087,0.8836602568626404
272,ما هو المفصل الذي يتألف من سطحين كل منهما محدب في اتجاه ومقعر في اتجاه آخر؟,المفصل السرجي,سرجي saddle,المفصل السرجي,سرجي saddle,0.6650385856628418,0.7049024701118469,0.6843905448913574
273,ما هو أكبر أعصاب الجسم؟,العصب الوركي,الوركي,العصب الوركي,الوركي,0.8381856679916382,0.8937413692474365,0.8650724291801453
274,كم عدد العضلات بين العظمية الأخمصية؟,أربع عضلات,3,أربع عضلات,3,0.673335611820221,0.7155985832214355,0.6938241720199585
275,أين ينتهي الأبهر النازل؟,أمام الفقرة القطنية الرابعة,L4,أمام الفقرة القطنية الرابعة,L4,0.5898054242134094,0.6545105576515198,0.6204755902290344
276,ما هي المراكز المسؤولة عن تنسيق الفعالية الحركية وضمان الثباتية؟,المخيخ والعقد القاعدية,النوى القاعدية,المخيخ والعقد القاعدية,النوى القاعدية,0.8204111456871033,0.8823011517524719,0.850231409072876
277,ما هو وجه العظم الجبهي الذي ينتمي للقحف العصبي؟,الوجه الداخلي (الوجه القحفي),الداخلي,الوجه الداخلي (الوجه القحفي),الداخلي,0.7939573526382446,0.8725264668464661,0.8313897252082825
278,أين ينفتح الجيب الفكي؟,تحت المحارة الأنفية الوسطى,الصماخ المتوسط,تحت المحارة الأنفية الوسطى,الصماخ المتوسط,0.7241106033325195,0.7515655755996704,0.7375826239585876
279,ما هو أكبر أقسام المعثكلة؟,الرأس,الرأس,الرأس,الرأس,0.9999998807907104,0.9999998807907104,0.9999998807907104
280,ما هي الحدود التشريحية للحجرة الخلفية للعين؟,بين القزحية والجسم الهدبي والعدسة,القزحية في الأمام والعدسة في الخلف,بين القزحية والجسم الهدبي والعدسة,القزحية في الأمام والعدسة في الخلف,0.8243709802627563,0.814406156539917,0.8193582892417908
281,أين ترتكز العضلة الشظوية القصيرة؟,الثلث السفلي من السطح الوحشي للشظية,قاعدة المشط الخامس,الثلث السفلي من السطح الوحشي للشظية,قاعدة المشط الخامس,0.6917816996574402,0.7126061320304871,0.7020395398139954
282,ما هي المنطقة في الحنجرة التي تشمل الطيتين الصوتيتين والمسافة بينهما؟,الطية الصوتية والفراغ بين الطيات,المزمار,الطية الصوتية والفراغ بين الطيات,المزمار,0.7140784859657288,0.7642449736595154,0.7383105158805847
283,أين تقع الوهدة في البلعوم؟,بين لسان المزمار والجدار البلعومي,الفموي,بين لسان المزمار والجدار البلعومي,الفموي,0.685224711894989,0.7321603298187256,0.7079153060913086
284,ما هي الغدة التي تتوضع تحت الطية اللسانية؟,الغدة تحت اللسان,اللسان,الغدة تحت اللسان,اللسان,0.7960151433944702,0.8787229061126709,0.8353267312049866
285,ما هو العصب الذي ينتقل عبره الحس غير العام (حس الذوق) من الثلث الأمامي للسان؟,العصب الوجهي (العصب القحفي السابع),العصب الوجهي.,العصب الوجهي (العصب القحفي السابع),العصب الوجهي.,0.8425366878509521,0.9298928380012512,0.8840621113777161
286,ماذا يروي المساريقي العلوي؟,الأمعاء الدقيقة والقولون الأيمن,الأمعاء الدقيقة,الأمعاء الدقيقة والقولون الأيمن,الأمعاء الدقيقة,0.8603999614715576,0.951797604560852,0.90379399061203
287,ما هي المنطقة الأعمق من قشر الكظر؟,المنطقة الشبكية,المنطقة الشبكية,المنطقة الشبكية,المنطقة الشبكية,1.0,1.0,1.0
288,ما هي الفقرة التي تحتوي على ثقبة فقرية كبيرة ومثلثية الشكل؟,الفقرة الصدرية الأولى,الفقرة الرقبية,الفقرة الصدرية الأولى,الفقرة الرقبية,0.8554837703704834,0.8678616285324097,0.8616282343864441
289,ما هو لون قشر الكظر؟,أصفر ذهبي,مائل للصفرة,أصفر ذهبي,مائل للصفرة,0.6721135377883911,0.679929792881012,0.6759990453720093
290,ما هو النسيج الضام الليفي الذي يرتكز حول السطوح المفصلية؟,المحفظة المفصلية,المحفظة المفصلية,المحفظة المفصلية,المحفظة المفصلية,0.9999998807907104,0.9999998807907104,0.9999998807907104
291,كم عدد شدف النخاع الشوكي؟,31 شدفًا,31,31 شدفًا,31,0.665783166885376,0.7482534646987915,0.7046133279800415
292,ما هو التصريف اللمفاوي للثلث الخلفي للسان؟,العقد اللمفاوية الرقبية العميقة العلوية,العقد الرقبيه العميقه,العقد اللمفاوية الرقبية العميقة العلوية,العقد الرقبيه العميقه,0.817116916179657,0.839380145072937,0.8280989527702332
293,ما هي الغدة التي تقوم بإفراز الميلاتونين؟,الغدة الصنوبرية,الخاليا الصنوبرية.,الغدة الصنوبرية,الخاليا الصنوبرية.,0.8497649431228638,0.8471615314483643,0.8484612107276917
294,ما هو الشريان الذي له انطباعات على الوجه الداخلي للعظم الصدغي وهو فرع من أي شريان؟,الشريان السحائي الأوسط من الشريان الفكي العلوي,الفكي,الشريان السحائي الأوسط من الشريان الفكي العلوي,الفكي,0.6695179343223572,0.7577762007713318,0.7109183073043823
295,ما هو التصنيف الذي يمكننا من معرفة العضلات التي تشارك في كل مرحلة مفصلية وتطبيق ذلك أثناء الفحص؟,تحليل الحركة,وظيفي.,تحليل الحركة,وظيفي.,0.6480783224105835,0.6404643058776855,0.6442488431930542
296,ما هي الشرايين التي تسير بين الفصوص بإتجاه القشرة على كل جانب من جانبي الهرم الكلوي؟,الشرايين بين الفصوص,الشرايين بين الفصوص,الشرايين بين الفصوص,الشرايين بين الفصوص,0.9999998807907104,0.9999998807907104,0.9999998807907104
297,ما هو الدواء الأمثل لبدء التخدير لمريض مصاب بنزف حاد؟,كيتامين,كيتامين,كيتامين,كيتامين,1.0,1.0,1.0
298,ما هو المخدر الذي يتميز بالمباشرة والصحو السريعين؟,البروبوفول,الديسفلوران,البروبوفول,الديسفلوران,0.8130179643630981,0.8130179643630981,0.8130179643630981
299,ما هو الدواء الأمثل لبدء التخدير لمريض مصاب بنزف رضي حاد؟,كيتامين,كيتامين,كيتامين,كيتامين,1.0,1.0,1.0
300,ما هو المرخي العضلي الأمثل لتسهيل تنبيب مريض ذي خطورة عالية للاستنشاق؟,سكسينيل كولين,السوكسنيل كولين,سكسينيل كولين,السوكسنيل كولين,0.7982268333435059,0.795870304107666,0.7970468401908875
301,ما هو الترياق المناسب للتسمم بالمورفين؟,نالوكسون,A. النالوكسون,نالوكسون,A. النالوكسون,0.846794843673706,0.7775354385375977,0.8106885552406311
302,ما الذي يشير إليه بقاء عيني المريض مفتوحتين مع رأرأة خفيفة وحركات غير هادفة بعد إعطائه جرعة من الكيتامين؟,حالة اليقظة التخديرية,أن الجرعة السابقة مركنة ومخدرة,حالة اليقظة التخديرية,أن الجرعة السابقة مركنة ومخدرة,0.726320743560791,0.7079641819000244,0.7170250415802002
303,ما هو الدواء المنتخب للإرخاء العضلي والتنبيب لمريض يعاني من قصور كلوي ويحتاج لعملية إسعافية؟,سكسينيل كولين,اتراكوريوم,سكسينيل كولين,اتراكوريوم,0.7136231660842896,0.7151004672050476,0.7143610715866089
304,ما هو المرخي العضلي المفضل استعماله لمريض سيخضع لجراحة إسعافية ويعاني من قصور كلوي؟,سكسينيل كولين,B. أتراكوريوم,سكسينيل كولين,B. أتراكوريوم,0.6883127093315125,0.6659486889839172,0.6769460439682007
305,ماذا يفكك الببسين؟,البروتينات,البروتين,البروتينات,البروتين,0.9260919690132141,0.9484414458274841,0.9371334910392761
306,ما التعبير الصحيح لوصف جزيئات الإيثين في تفاعل تشكيل البولي إيثين؟,مونومر غير مشبع,مونوميرات (موحودات),مونومر غير مشبع,مونوميرات (موحودات),0.8188864588737488,0.8131306171417236,0.815998375415802
307,ماذا يسبب عوز إنزيم البيروفات كيناز؟,فقر الدم الانحلالي الخلقي,فقر دم انحلالي,فقر الدم الانحلالي الخلقي,فقر دم انحلالي,0.7959818840026855,0.8188599348068237,0.8072588443756104
308,ماذا ندعو آلية تفاعل الكلور مع البروبان في ضوء الشمس لإنتاج 1-كلورو بروبان؟,تفاعل استبدال جذري,استبدال الجذور الحرة,تفاعل استبدال جذري,استبدال الجذور الحرة,0.7776955366134644,0.7511938810348511,0.7642150521278381
309,ما هي الاسطوانات المنحنية التي تكون سهلة التمييز لمحتواها الكاسر للضوء؟,الأجسام الحالة,شمعية,الأجسام الحالة,شمعية,0.6808053255081177,0.7397286295890808,0.7090449929237366
310,ما هي الحموض الأمينية المشحونة سلبياً؟,حمض الأسبارتيك، حمض الغلوتاميك,اسباريتك,حمض الأسبارتيك، حمض الغلوتاميك,اسباريتك,0.6551864147186279,0.7335308790206909,0.692148745059967
311,ما هي أعراض عوز فيتامين البيوتين؟,التهاب الجلد، التهاب الملتحمة، تساقط الشعر، ضعف النمو، نقص التوتر العضلي,من أعراضه التخلف العقلي.,التهاب الجلد، التهاب الملتحمة، تساقط الشعر، ضعف النمو، نقص التوتر العضلي,من أعراضه التخلف العقلي.,0.7207323908805847,0.7359973192214966,0.7282848954200745
312,ما هي مفرزات الصفراء؟,العصارة الصفراوية,الأملاح الصفراوية.,العصارة الصفراوية,الأملاح الصفراوية.,0.8190374374389648,0.8337432742118835,0.8263248801231384
313,ما هي خصائص الشجرة الوراثية لخلة متنحية جسدية فيها الأبوين مصابين؟,جميع الأبناء مصابون,كل الأبناء مصابين,جميع الأبناء مصابون,كل الأبناء مصابين,0.9589170813560486,0.9589170813560486,0.9589170813560486
314,ما هي النواتج المتشكلة عند تفاعل معدن الصوديوم مع الإيثانول؟,إيثوكسيد الصوديوم والهيدروجين,اوكسيد الصوديوم وهيدروجين,إيثوكسيد الصوديوم والهيدروجين,اوكسيد الصوديوم وهيدروجين,0.7889875173568726,0.8197501301765442,0.8040746450424194
315,ما هي خصائص أنزيم RNA Polymerase؟,يخلو من قدرة تصحيح الأخطاء,يشكل الروابط التكافؤية الإستيرية.,يخلو من قدرة تصحيح الأخطاء,يشكل الروابط التكافؤية الإستيرية.,0.7106661796569824,0.713973879814148,0.7123162150382996
316,ما هو النكليوتيد في جزيء DNA؟,أدينين، ثايمين، غوانين، سايتوسين,يمكن أنيرتبط به أكثر من مجموعة فوسفات واحدة.,أدينين، ثايمين، غوانين، سايتوسين,يمكن أنيرتبط به أكثر من مجموعة فوسفات واحدة.,0.6587845087051392,0.6280192136764526,0.6430341005325317
317,ما هو فيتامين البيوتين؟,فيتامين ب7,يصنع من قبل الجراثيم المعوية,فيتامين ب7,يصنع من قبل الجراثيم المعوية,0.6349619030952454,0.6311202645301819,0.6330352425575256
318,ما هي حالة عدم تحمل اللاكتوز؟,عوز اللاكتاز,من أسبابها الإسهالات الشديدة,عوز اللاكتاز,من أسبابها الإسهالات الشديدة,0.6730836629867554,0.6574801206588745,0.6651903986930847
319,ما هو اسم الاستر المتشكل عندما يتفاعل الميتانول مع حمض البوتانوئيك بوجود بضع قطرات من حمض الكبريت المركز؟,بوتيل ميثيل الإستر,بوتانوات الميتيل,بوتيل ميثيل الإستر,بوتانوات الميتيل,0.8098315000534058,0.8280400037765503,0.8188345432281494
320,ما هو سبب الوفاة لدى مرض التلاسيميا؟,فشل القلب الاحتقاني,تراكم الحديد,فشل القلب الاحتقاني,تراكم الحديد,0.7335145473480225,0.7699609398841858,0.7512960433959961
321,ما هي الصبغيات التي يوجد فيها الكروماتين المغاير؟,الصبغيات الجنسية,1,الصبغيات الجنسية,1,0.6215096712112427,0.6845669150352478,0.6515161395072937
322,ما المركب الذي ينقص منه نتيجة التأخر في فصل البلازما أو المصل من الكريات في الدم؟,البوتاسيوم,الغلوكوز.,البوتاسيوم,الغلوكوز.,0.7717607021331787,0.7936815023422241,0.7825676202774048
323,ما هو المركب الذي يستخدم كزمرة ملحقة لجميع الإنزيمات الناقلة الزمرة الأمين؟,حمض الفوليك,البيرودوكسال فوسفات,حمض الفوليك,البيرودوكسال فوسفات,0.7296777963638306,0.7318854331970215,0.7307799458503723
324,ما هو العلاج الثاني لمرض الثلاسيميا بيتا؟,نقل الدم المنتظم,زرع نقي عظام,نقل الدم المنتظم,زرع نقي عظام,0.7240055203437805,0.7332992553710938,0.7286227941513062
325,ما هو الاضطراب الذي يتميز بفرط شديد في بيليروبين المصل غير المرتبط وعوز جزئي في UDPGT؟,متلازمة كريغلر-نجار النوع الأول,كريجلر نجار,متلازمة كريغلر-نجار النوع الأول,كريجلر نجار,0.6787967681884766,0.7727187275886536,0.7227190732955933
326,ما هو سبب الوفاة لدى مرضى التلاسيميا؟,فشل القلب الاحتقاني,تراكم الحديد,فشل القلب الاحتقاني,تراكم الحديد,0.7335145473480225,0.7699609398841858,0.7512960433959961
327,ماذا يسبب عوز الثيامين الشديد؟,داء البري بري,البري بري,داء البري بري,البري بري,0.8874862194061279,0.9394723176956177,0.912739634513855
328,كم يبلغ عدد الجينات التي تشفر لجزيئات الرنا الأصغري miRNAs في مجين الإنسان؟,حوالي 2600 جين,125,حوالي 2600 جين,125,0.664493203163147,0.676109254360199,0.6702509522438049
329,أين يتم اصطناع الدقائق الكيلوسية؟,في ظهارة الأمعاء الدقيقة,الأمعاء,في ظهارة الأمعاء الدقيقة,الأمعاء,0.7656723260879517,0.8674571514129639,0.8133928179740906
330,ما هو الإنزيم الذي يتم بوساطته ربط شدف أوكازاكي؟,الدنا ليجاز,أنزيم الليغاز,الدنا ليجاز,أنزيم الليغاز,0.7463653087615967,0.7359668612480164,0.7411295771598816
331,ما هو أكثر الأنزيمات فعالية تحفيزية في جسم الإنسان؟,كربونيك أنهيدراز,كاربونيك انهيدراز.,كربونيك أنهيدراز,كاربونيك انهيدراز.,0.8964454531669617,0.8889957666397095,0.8927050828933716
332,ما هو الشكل الفعال لفيتامين B6؟,بيريدوكسال فوسفات,البيريدوكسال فوسفات,بيريدوكسال فوسفات,البيريدوكسال فوسفات,0.9493963718414307,0.9240466952323914,0.936549961566925
333,ما هو الموقع الطبيعي للجين الورمي ABL؟,الصبغي 9 (9q34),9q34,الصبغي 9 (9q34),9q34,0.7393707036972046,0.8323763012886047,0.7831217646598816
334,كم عدد طبقات الفوسفولبيد في المذيلة؟,طبقة ثنائية,3,طبقة ثنائية,3,0.6573673486709595,0.7057263255119324,0.6806890368461609
335,ما هو التركيب الذي يدخل فيه الكولاجين 4؟,الغشاء القاعدي,الغشاء القاعدي .,الغشاء القاعدي,الغشاء القاعدي .,0.9635993242263794,0.9522416591644287,0.957886815071106
336,ما الذي تؤدي إليه استلة الهيستونات؟,تنشيط التعبير الجيني,تفعيل الانتساخ.,تنشيط التعبير الجيني,تفعيل الانتساخ.,0.7716165781021118,0.7926107048988342,0.7819727659225464
337,ما هي الخصائص التي تتميز بها شجرة النسب الحاوية على حالة وراثة متعلقة بالمتقدرات والأم فقط فيها مصابة؟,وراثة متقدرية أمية,كل الأولاد مصابون.,وراثة متقدرية أمية,كل الأولاد مصابون.,0.6711068749427795,0.6834307312965393,0.6772127151489258
338,ما هو الحمض الأميني الذي تتم أستلة الهستونات له؟,ليسين,اللوسين,ليسين,اللوسين,0.7591115832328796,0.7427712082862854,0.7508525252342224
339,ما هي المكونات التي تتألف منها الفوسفولبيدات بالإضافة إلى حمضين دسمين والفوسفات؟,كحول متعدد الهيدروكسيل,الغليسرول .,كحول متعدد الهيدروكسيل,الغليسرول .,0.742883563041687,0.764360249042511,0.7534688711166382
340,ما هي الوظيفة الوحيدة لسيغما في إنزيم بوليمراز RNA البكتيري؟,التعرف على محفز الجين,التعرف على المحضض.,التعرف على محفز الجين,التعرف على المحضض.,0.8602786064147949,0.8611922264099121,0.8607351779937744
341,ما هي الأجزاء التي تتبادل بينها الإشارات الجزيئية التي يعتمد عليها ضبط النظام الخلوي الجذعي؟,الخلية الجذعية والبيئة المحيطة (الأنيش),الخلايا الجذعية وذريتها والنسج المحيطة .,الخلية الجذعية والبيئة المحيطة (الأنيش),الخلايا الجذعية وذريتها والنسج المحيطة .,0.8029035329818726,0.836653470993042,0.8194311261177063
342,ما تدعى البروتينات المشكلة لمعقدات الثقوب النووية؟,النيوكليوبورينات,النكليوبورين .,النيوكليوبورينات,النكليوبورين .,0.8002088665962219,0.8130630254745483,0.8065846562385559
343,كيف تتم إزالة المتقدرات الحاوية على طفرات بالية؟,عن طريق البلعمة الذاتية,الجيني الاختناق.,عن طريق البلعمة الذاتية,الجيني الاختناق.,0.6989513039588928,0.7209274768829346,0.7097693681716919
344,ما هو عامل الإطلاق في حقيقيات النوى؟,عامل الإطلاق حقيقيات النوى 1,RF2,عامل الإطلاق حقيقيات النوى 1,RF2,0.6495763063430786,0.7129707336425781,0.6797987818717957
345,ما هي الروابط التي تربط سلسلتي عديدي النكليوتيد مع بعضهما البعض؟,الروابط الهيدروجينية,هيدروجينية.,الروابط الهيدروجينية,هيدروجينية.,0.6841474771499634,0.7626731395721436,0.7212793231010437
346,ما هي خصائص الشجرة الوراثية لخلة متنحية فيها الأبوين مصابين؟,جميع الأبناء مصابون,كل الأبناء مصابين.,جميع الأبناء مصابون,كل الأبناء مصابين.,0.8900820016860962,0.8853402137756348,0.8877047896385193
347,ما هو أكبر مستوى من المستويات التراتبية للحياة؟,الكائن الحي,المنظومة البيئية .,الكائن الحي,المنظومة البيئية .,0.7253077030181885,0.7026658058166504,0.713807225227356
348,ما هو الحمض الأميني الذي تبدأ به جميع عديدات الببتيد في بدائيات النوى؟,ميثيونين,المعدل الميثيونين.,ميثيونين,المعدل الميثيونين.,0.796294629573822,0.74876469373703,0.7717986106872559
349,ما الذي يدل عليه تقدير نسبة تنوع النمط الظاهري لخلة ما بسبب الاختلافات الجينية؟,التوريث,قابلية الانتقال بالوراثة.,التوريث,قابلية الانتقال بالوراثة.,0.7323707342147827,0.6920738220214844,0.7116522789001465
350,ما هي الآلية التي تضمن للخلية الجذعية استمرارها إلى ما لا نهاية؟,الانقسام غير المتماثل,التجديد الذاتي,الانقسام غير المتماثل,التجديد الذاتي,0.7787840962409973,0.7749763131141663,0.7768755555152893
351,ما هو الحمض الأميني الذي نتج عن ترجمة أول جزيء رنا مرسال صنعي؟,فينيل ألانين,الهستيدين,فينيل ألانين,الهستيدين,0.7415636777877808,0.7425487637519836,0.7420558929443359
352,ما هي الإنزيمات التي تقوم القلنسوة بحماية سلسلة الرنا من التدرك بها؟,إنزيمات نوكلياز خارجية,الليغاز,إنزيمات نوكلياز خارجية,الليغاز,0.7113400101661682,0.7248902320861816,0.7180511951446533
353,ما هو مقدار المادة الوراثية التي يتشاركها أقرباء من الدرجة الثانية مع المستلفت؟,ربع المادة الوراثية,سدس مادتهم الوراثية,ربع المادة الوراثية,سدس مادتهم الوراثية,0.8383508920669556,0.7924085855484009,0.814732551574707
354,أين يلتحم الغشاءان النوويان؟,عند المسام النووية,معدات الثقوب النووية .,عند المسام النووية,معدات الثقوب النووية .,0.8251932263374329,0.8136461973190308,0.8193789720535278
355,ما هي النتائج المتوقعة في حال إصابة أب بصفة تخضع لوراثة متنحية مرتبطة بالصبغي X؟,جميع الإناث حاملات للصفة وجميع الذكور سليمين,ينقل الصفة فقط لبناته,جميع الإناث حاملات للصفة وجميع الذكور سليمين,ينقل الصفة فقط لبناته,0.6986091136932373,0.7316721677780151,0.7147585153579712
356,ما هي النظرية التي تفسر ظهور المتقدرات والصانعات بإدخال جراثيم داخل الخلايا تقوم بالفسفرة والتركيب الضوئي؟,نظرية التعايش الداخلي,فرضية التعايش الداخلي,نظرية التعايش الداخلي,فرضية التعايش الداخلي,0.9734305143356323,0.9620590209960938,0.9677113890647888
357,ماذا يسبب وجود الألائل السائد في الأنماط الجينية المختلفة التالية RRYY و RrYy و RRYy و RrYY؟,النمط الظاهري السائد,نمط ظاهري جديد,النمط الظاهري السائد,نمط ظاهري جديد,0.7796290516853333,0.8426707983016968,0.8099250197410583
358,ما هو المكان الذي توجد فيه أكبر نسبة للبروتينات في أغشية خلايا الجسم؟,الغشاء البلازمي,الغشاء الخلوي للصانعات الخضراء .,الغشاء البلازمي,الغشاء الخلوي للصانعات الخضراء .,0.8370527029037476,0.7771481871604919,0.8059889674186707
359,ما هو المسؤول عن إزالة مشراع الرنا قرب انتهاء تنسخ الدنا واستبدالها بنكليوتيدات الدنا؟,ريبونوكلياز H,بوليميراز الدنا من النمط الأول,ريبونوكلياز H,بوليميراز الدنا من النمط الأول,0.7542288303375244,0.676527202129364,0.7132681012153625
360,ما الذي ترتبط به الصبيغيات الشقيقة على أنيبيبات مغزل الانقسام؟,الحيز الحركي,الجسيم الحركي .,الحيز الحركي,الجسيم الحركي .,0.9070460796356201,0.8766224384307861,0.8915748000144958
361,ما المميز بشجرة النسب الحاوية على حالة وراثة متعلقة بالمتقدرات والتي تكون فيها الأم فقط مصابة؟,وراثة سيتوبلازمية من الأم,الاولاد كلهم مصابون.,وراثة سيتوبلازمية من الأم,الاولاد كلهم مصابون.,0.6356325149536133,0.6836116909980774,0.6587496399879456
362,ما هو الاختلاف بين الانترونات والاكسونات؟,الانترونات غير مشفرة، الإكسونات مشفرة,لا تترجم إلى بروتين.,الانترونات غير مشفرة، الإكسونات مشفرة,لا تترجم إلى بروتين.,0.6435806751251221,0.6786008477210999,0.660627007484436
363,ما الذي تمثله الخطوط الأفقية التي ترسم أعلى الدوائر والمربعات في شجرة النسب؟,جيل واحد,التواءم,جيل واحد,التواءم,0.7603443264961243,0.7125101685523987,0.7356504797935486
364,علام تحتوي الخلايا التي يعبر عنها مصطلح الهيولي المتغايرة؟,عضيات مختلفة,متقدرات سليمة وطافرة,عضيات مختلفة,متقدرات سليمة وطافرة,0.7838103175163269,0.7268396615982056,0.7542507648468018
365,ما هي الطرق التي يمكن من خلالها تمييز الصبغيات بعضها عن بعض؟,الحجم، موقع القطعة المركزية، نمط التصالب,النمط الجيني,الحجم، موقع القطعة المركزية، نمط التصالب,النمط الجيني,0.7094926238059998,0.7556430101394653,0.7318410277366638
366,ما هو التعبير الذي يُستخدم للطاقة الكامنة المختزنة في مدروج للشحنات الكهربائية؟,فرق الجهد الكهربائي,بالكمون الكهربائي.,فرق الجهد الكهربائي,بالكمون الكهربائي.,0.8323089480400085,0.83262038230896,0.8324646353721619
367,ما الذي تتشكل منه الأرجل الصفائحية؟,من الصفيحة القاعدية,الأكتين.,من الصفيحة القاعدية,الأكتين.,0.7361267805099487,0.7513704895973206,0.7436704635620117
368,ما هي الرابطة في البنية الثانوية للحمض النووي؟,الروابط الهيدروجينية بين القواعد النيتروجينية,هيدروجينية,الروابط الهيدروجينية بين القواعد النيتروجينية,هيدروجينية,0.6990995407104492,0.8031066656112671,0.7475025653839111
369,ما نوع الجينات التي تعد جينات الرنا الريباسي منها؟,جينات بنيوية,الخدمية.,جينات بنيوية,الخدمية.,0.7223749160766602,0.7367920279502869,0.7295122146606445
370,ما هو عدد الصبغيات المأشوبة إذا حدث تأشيب في 80 انقسام؟,40 صبغي مأشوب,320,40 صبغي مأشوب,320,0.6083371043205261,0.6840453743934631,0.643973708152771
371,ما هي العملية التي يتم بها تكوين متعضية تشبه الأبوين من بيضة مخصبة؟,التكاثر الجنسي,التنامي الجنيني,التكاثر الجنسي,التنامي الجنيني,0.7492239475250244,0.7570005059242249,0.7530922293663025
372,على من يظهر الاحلال الوراثي في الوراثة الجنسية المناحية؟,الذكور فقط,على الذكور والإناث من الأبناء,الذكور فقط,على الذكور والإناث من الأبناء,0.7681823968887329,0.6919628977775574,0.7280833721160889
373,ما هو المجهر الذي يدرس السطح الطبوغرافي؟,مجهر المسح الإلكتروني,مجهر القوة الذرية .,مجهر المسح الإلكتروني,مجهر القوة الذرية .,0.7792913317680359,0.8316804766654968,0.8046340346336365
374,ما هي البنى السيتوبلازمية المغلفة بغشاء واحد على الأقل؟,العضيات,العضبيات,العضيات,العضبيات,0.8873779773712158,0.8623071312904358,0.8746629357337952
375,ما هي خصائص شجرة النسب الحاوية على حالة وراثة متعلقة بالمتقدرات والوالدين فيها مصابين؟,جميع الأبناء مصابون,الأولاد كلهم مصابون.,جميع الأبناء مصابون,الأولاد كلهم مصابون.,0.8041521906852722,0.8070279359817505,0.8055875301361084
376,ما الذي تختلف به الأحماض الأمينية عن بعضها؟,السلسلة الجانبية (المجموعة R),المجموعة الكربوكسيلية,السلسلة الجانبية (المجموعة R),المجموعة الكربوكسيلية,0.7538483142852783,0.7398388385772705,0.7467778921127319
377,ما الذي يشير إليه المربع الصغير المملوء في شجرة الوراثة؟,الفرد المصاب بالمرض,طفل مصاب,الفرد المصاب بالمرض,طفل مصاب,0.7552530169487,0.7781663537025452,0.7665384411811829
378,ما هو سبب حدوث التلاسيميا بيتا؟,طفرة في جين بيتا غلوبين,خلة جسدية متنحية.,طفرة في جين بيتا غلوبين,خلة جسدية متنحية.,0.6797242164611816,0.7156119346618652,0.6972065567970276
379,ماذا يؤدي وجود التربتوفان في مشغل التيربتوفان؟,تثبيط نسخ جينات التربتوفان,تثبيط انتساخ الجينات,تثبيط نسخ جينات التربتوفان,تثبيط انتساخ الجينات,0.7993249893188477,0.8466292023658752,0.8222973942756653
380,ما الذي تساعد عليه حلقة الأكتين المتقلصة؟,انزلاق خيوط الأكتين,انقسام النواة,انزلاق خيوط الأكتين,انقسام النواة,0.7563294172286987,0.8174008131027222,0.7856801152229309
381,ما الذي يدل عليه المعين في شجرة النسب؟,الفرد المصاب بالمرض,الفرد مات في مرحلة مبكرة,الفرد المصاب بالمرض,الفرد مات في مرحلة مبكرة,0.7536989450454712,0.7401688098907471,0.7468725442886353
382,كم عدد الجينات المسؤولة عن الاصطناع الحيوي للحمض الأميني التربتوفان في جينوم بكتيريا E.Coli؟,خمسة جينات,6,خمسة جينات,6,0.685863733291626,0.7272989749908447,0.7059739232063293
383,ما هي وظيفة حويصلات كوب ٢؟,إفراز المخاط,النقل التقدمى من الشبكة البلازمية الى مدخل غولجي فقط .,إفراز المخاط,النقل التقدمى من الشبكة البلازمية الى مدخل غولجي فقط .,0.7077317237854004,0.6847395896911621,0.6960458159446716
384,ما هو معدل الحاملين في مجتمع إذا كان انتشار مرض التالاسيميا معروفاً في ذلك المجتمع؟,حاصل ضرب انتشار المرض في ٢,50M,حاصل ضرب انتشار المرض في ٢,50M,0.6192928552627563,0.6565334796905518,0.6373696327209473
385,أين تجري عملية التمثيل الضوئي؟,في البلاستيدات الخضراء,الصائعات الخضراء,في البلاستيدات الخضراء,الصائعات الخضراء,0.8326401114463806,0.841773509979248,0.8371819257736206
386,ماذا يحدث عند انخفاض نسبة الكوليسترول في الغشاء الخلوي؟,زيادة سيولة الغشاء الخلوي,تزداد مرونة الغشاء.,زيادة سيولة الغشاء الخلوي,تزداد مرونة الغشاء.,0.81768798828125,0.8018308877944946,0.80968177318573
387,أين يتحد الغشاءان النوويان الداخلي والخارجي؟,عند الثقوب النووية,معقدات الثقوب النووية,عند الثقوب النووية,معقدات الثقوب النووية,0.9214913845062256,0.875643253326416,0.8979824781417847
388,كم عدد القواعد الآزوتية اللازمة لإنتاج بروتين الأنسولين المكوّن من 51 حمض أميني إنتاجاً كاملاً؟,153 قاعدة آزوتية,153,153 قاعدة آزوتية,153,0.5988398790359497,0.6755681037902832,0.6348941922187805
389,ما هي الترسبات الصباغية التي تحوي بروتين الفيرتين؟,هيموسيديرين,حبيبات هيمرسيدرين,هيموسيديرين,حبيبات هيمرسيدرين,0.8066266179084778,0.7583106756210327,0.7817227840423584
390,ما هو أول عنصر من عناصر الدراسة العلمية المنهجية؟,الملاحظة,الاختبار والنتائج .,الملاحظة,الاختبار والنتائج .,0.6091583371162415,0.5817005634307861,0.5951129198074341
391,ماذا تشير النجمة بعد رمز الجين؟,طفرة غير معروفة,لترميز الجينات,طفرة غير معروفة,لترميز الجينات,0.6863629817962646,0.6685490608215332,0.6773389577865601
392,ما يُعرف بامتصاص بعض المواد الضوء بطول موجة ومن ثم إصداره بطول موجة أطول؟,مضان,التألق,مضان,التألق,0.7896416783332825,0.7913904786109924,0.7905150651931763
393,ما يُدعى نوع وترتيب الأحماض الأمينية في البروتين؟,التسلسل الأميني,البنية الأولية,التسلسل الأميني,البنية الأولية,0.7467386722564697,0.7887197136878967,0.7671552896499634
394,ماذا ينتج عند حدوث خلل في تنظيم السبيل الإشاري WNT؟,فرط تكاثر الخلايا,سرطان أمعاء,فرط تكاثر الخلايا,سرطان أمعاء,0.7371141910552979,0.7677378058433533,0.7521144151687622
395,ما هي الشعبة التي ينتمي إليها الإنسان؟,الحبليات,الثدييات .,الحبليات,الثدييات .,0.7482540607452393,0.7521591186523438,0.7502015233039856
396,ما هي نتيجة التطور التي تؤدي إلى التكيف؟,الانتقاء الطبيعي,الاصطفاء الطبيعي .,الانتقاء الطبيعي,الاصطفاء الطبيعي .,0.8355286121368408,0.8160933256149292,0.8256966471672058
397,أين تكثر جزر CpG؟,المناطق المحفزة للجينات,المحضضات.,المناطق المحفزة للجينات,المحضضات.,0.7254941463470459,0.7303112149238586,0.7278947830200195
398,ما هو الأساس الأزوتي المتمم للتايمين في الرنا؟,اليوراسيل,اليوراسيل,اليوراسيل,اليوراسيل,0.9999998807907104,0.9999998807907104,0.9999998807907104
399,ما هو الموقع الذي يبدأ فيه انتساخ الجينات المرمزة للبروتينات بارتباط انزيم الرنا بوليميراز؟,موقع بدء النسخ,المطلق القريب .,موقع بدء النسخ,المطلق القريب .,0.7118861675262451,0.7348785400390625,0.7231996059417725
400,أين تقع الجينات المسؤولة عن الزمر الدموية عند البشر؟,على الصبغي التاسع,الصيغي 9,على الصبغي التاسع,الصيغي 9,0.824327826499939,0.8238499760627747,0.8240888118743896
401,ما هو الدور الرئيسي في تعرف جسيم التضفير مواقع التضفير؟,التعرف على تسلسلات الإجماع في نهايات الإكسونات والإنترونات,snRNPs.,التعرف على تسلسلات الإجماع في نهايات الإكسونات والإنترونات,snRNPs.,0.6034314632415771,0.6600213050842285,0.6304590702056885
402,ما هي الصبغيات التي يحدث بينها إزفاء متبادل في حالة ابيضاض الدم النقوي المزمن CML؟,كروموسوم 9 وكروموسوم 22,9 و 11,كروموسوم 9 وكروموسوم 22,9 و 11,0.5667383670806885,0.7056936621665955,0.6286287307739258
403,ما هو عدد الأنماط الظاهرية المختلفة في الجيل الثاني في حال التفارز المستقل بين المورثتين A و B؟,أربعة أنماط ظاهرية,8,أربعة أنماط ظاهرية,8,0.6066526770591736,0.6654780507087708,0.6347052454948425
404,ما هو عدد الأنماط الجينية في أعراس فرد متغاير الأليلات AB/ab إذا كان الارتباط بين المورثتين A و B كاملاً؟,أربعة أنماط جينية,2,أربعة أنماط جينية,2,0.6189351081848145,0.7144733667373657,0.6632815599441528
405,ما نوع الوراثة التي يكون فيها والدا الطفل المصاب حاملين متغايري الألائل عديمين الأمراض؟,وراثة جسدية متنحية,الجسدية المتنحية,وراثة جسدية متنحية,الجسدية المتنحية,0.7756301164627075,0.7583375573158264,0.766886293888092
406,ما هو نمط هذا المرض إذا عانى فرد متخالف الألائل من أعراض مرض وكان موضع الجين على الصبغي 5؟,وراثة جسمية متنحية,صبغي جسدي سائد,وراثة جسمية متنحية,صبغي جسدي سائد,0.725622296333313,0.7150816917419434,0.7203134298324585
407,ما هو خطر إصابة الطفل بالورم التليفي العصبي في الحمل التالي لأم مصابة أنجبت ذكرًا مصابًا بالمرض علمًا أن زوجها سليم؟,خطر بنسبة 50%,0.5,خطر بنسبة 50%,0.5,0.6883881092071533,0.688076913356781,0.688232421875
408,ما هو الاحتمال الأول لطراز انتقال هذا المرض الوراثي عندما ينجب أبوان سليمان طفلين (ذكر وأنثى) مصابين بمرض استقلابي بدأت تظاهراته مبكراً؟,وراثة جسمية متنحية,صبغي جسدي سائد,وراثة جسمية متنحية,صبغي جسدي سائد,0.725622296333313,0.7150816917419434,0.7203134298324585
409,ما هو القانون الذي ينص على أن زاوية الورود تساوي زاوية الانعكاس؟,قانون الانعكاس,للانعكاس,قانون الانعكاس,للانعكاس,0.8337520360946655,0.8547682166099548,0.8441293239593506
410,ما هي الصيغة التي تعطينا التفاصيل الأقل والنسبة الأبسط للذرات الموجودة في الجزيء؟,الصيغة الأولية,الصيغة التجريبية,الصيغة الأولية,الصيغة التجريبية,0.8998726606369019,0.8593925833702087,0.8791669011116028
411,ما هو الذي يعطي لأشعة جاما مصدرا آخر للأشعة السينية التي يمكن أن تكون مفيدة وطاقتها قريبة من طاقة أشعة جاما الأصلية بحيث يمكن عدهما أشعة واحدة؟,الإشعاع الثانوي المميز,التحول الداخلي,الإشعاع الثانوي المميز,التحول الداخلي,0.7833619117736816,0.826164960861206,0.8041942715644836
412,ما هو التواتر المناسب للأمواج التي يمكن استخدامها للكشف عن المواد غير المرئية بالنسبة للتواتر 500GHz؟,ترددات أعلى من 500 جيجاهرتز,الأعلى,ترددات أعلى من 500 جيجاهرتز,الأعلى,0.5812127590179443,0.6823488473892212,0.6277332901954651
413,ما هو المجال الذي تكون فيه الأمواج تحت الصوتية أصغر منه؟,أقل من 20 هرتز,20 Hz,أقل من 20 هرتز,20 Hz,0.70554518699646,0.7719547748565674,0.7372575402259827
414,ما هو المقدار الذي يتزايد لدى انتثار فوتون عن الكترون بمفعول كومتون؟,طول الموجة,طوله الموجي,طول الموجة,طوله الموجي,0.8746305108070374,0.8517763614654541,0.8630521893501282
415,ما الذي يعبر عن شدة الموجة الصوتية؟,سعة الموجة الصوتية,بالواط على المتر المربع .,سعة الموجة الصوتية,بالواط على المتر المربع .,0.7094999551773071,0.7107668519020081,0.7101327776908875
416,ما هي خصائص الأشعة السينية؟,اختراق الأنسجة وتظليل العظام,اشعاعات كهرطيسية وبأطوال موجية أقصر بكثير منها في حالة الضوء المرئي.,اختراق الأنسجة وتظليل العظام,اشعاعات كهرطيسية وبأطوال موجية أقصر بكثير منها في حالة الضوء المرئي.,0.6923667788505554,0.663661777973175,0.6777104735374451
417,ما هي القوة التي تحدث تشوهاً في الجسم وتكون مطبقة على وحدة السطح؟,الإجهاد,الاجهاد,الإجهاد,الاجهاد,0.867326021194458,0.867326021194458,0.867326021194458
418,ماذا تعتبر درجة حرارة النواة والغلاف في جسم الإنسان؟,درجة حرارة ثابتة ومستقرة,ثابتة - متغيرة,درجة حرارة ثابتة ومستقرة,ثابتة - متغيرة,0.7527716755867004,0.8059512376785278,0.7784542441368103
419,ما هو ثابت التناسب بين تدرج السرعة؟,معامل اللزوجة,معامل لزوجه المائع,معامل اللزوجة,معامل لزوجه المائع,0.8153958916664124,0.7925763130187988,0.803824245929718
420,ما هو الناتج عندما تتفاعل الألدهيدات مع NaBH5؟,كحول أولي,أغوال أولية,كحول أولي,أغوال أولية,0.8693541288375854,0.8333548307418823,0.850973904132843
421,ما هي الطريقة التي يجري بها التبادل الحراري بين الجسم والوسط المحيط؟,التوصيل والحمل والإشعاع,الأوعية الدموية,التوصيل والحمل والإشعاع,الأوعية الدموية,0.6856991648674011,0.7064023017883301,0.6958967447280884
422,ما هو المعيار الذي يستخدمه العلماء لحساب الكتل الذرية النسبية؟,وحدة الكتلة الذرية الموحدة,نظير الكربون 12,وحدة الكتلة الذرية الموحدة,نظير الكربون 12,0.6859774589538574,0.6893709897994995,0.6876700520515442
423,ما هي الوحدة التي يقاس بها الضغط في إطار السيارة في الولايات المتحدة؟,رطل لكل بوصة مربعة,الباوند لكل موجه مربعه,رطل لكل بوصة مربعة,الباوند لكل موجه مربعه,0.7641769051551819,0.7501431703567505,0.7570949792861938
424,ما هو القانون الذي ينص على أن تغير الحقل المغنطيسي يولد حقلا كهربائيا؟,قانون فاراداي للحث الكهرومغناطيسي,فارادي,قانون فاراداي للحث الكهرومغناطيسي,فارادي,0.6212772130966187,0.7870257496833801,0.6943976283073425
425,ما هو وصف جريان المائع المستقر من ناحية سرعته في أي نقطة منه مع الزمن؟,جريان منتظم,ثابتة .,جريان منتظم,ثابتة .,0.6517490148544312,0.716097354888916,0.6824095845222473
426,ما هي المادة التي تتخذ شكل أسفل الوعاء الذي يحتويها ولها حجم خاص بها؟,السائل,سائلة,السائل,سائلة,0.7580506801605225,0.7589977383613586,0.7585239410400391
427,ما تسمى القوى عندما يكون عمر الحالة المثارة طويلا؟,قوى طويلة المدى,شبه مستقرة,قوى طويلة المدى,شبه مستقرة,0.7707303762435913,0.7683632969856262,0.7695450186729431
428,ما هو الذي يعطى لأشعة غاما مصدراً آخر للأشعة السينية التي يمكن أن تكون مفيدة وطاقتها قريبة من طاقة أشعة غاما الأصلية بحيث يمكن الحصول على أشعة واحدة؟,مصدر إشعاع ثانوي,التحول الداخلي,مصدر إشعاع ثانوي,التحول الداخلي,0.721321702003479,0.7428829669952393,0.7319436073303223
429,ما نوع الكثافة التي تعتبر منها العظام ومستحضرات التباين العائمة مثل اليود والباريوم؟,كثافة عالية,الكلسية.,كثافة عالية,الكلسية.,0.7286278009414673,0.7275961637496948,0.7281116247177124
430,ما هي طبيعة الأشعة السينية؟,موجات كهرومغناطيسية عالية الطاقة,اشعاعات كهر طيسية,موجات كهرومغناطيسية عالية الطاقة,اشعاعات كهر طيسية,0.7297055125236511,0.7720414996147156,0.7502768039703369
431,ما هو مجموع الكتل الذرية النسبية في مركب أيوني؟,الكتلة المولية,الكتلة الصيغية النسبية,الكتلة المولية,الكتلة الصيغية النسبية,0.8960156440734863,0.8365198969841003,0.8652461767196655
432,أين يقع مجال التيراهرتز؟,بين الميكروويف والأشعة تحت الحمراء,الأشعة تحت الحمراء والأمواج المكروية .,بين الميكروويف والأشعة تحت الحمراء,الأشعة تحت الحمراء والأمواج المكروية .,0.8247768878936768,0.8457684516906738,0.8351407647132874
433,لماذا يُستخدم الماء في درجة معينة كمادة مرجعية للوزن النوعي؟,معيار قياس الكثافة,قيمتها العظمى,معيار قياس الكثافة,قيمتها العظمى,0.7518047094345093,0.7149872779846191,0.7329338788986206
434,ما هي مكونات صمام الأشعة السينية؟,أنبوب أشعة سينية، عمود تصادم، مرشحات، حجرة تأين,المسدد,أنبوب أشعة سينية، عمود تصادم، مرشحات، حجرة تأين,المسدد,0.6480526924133301,0.694659948348999,0.6705474257469177
435,ما الذي تتعلق به الطاقة التي يصدرها الجسم الأسود وفقاً لدراسة تغير تابع إشعاع الجسم الأسود؟,درجة حرارة الجسم الأسود,درجة حرارته المطلقة,درجة حرارة الجسم الأسود,درجة حرارته المطلقة,0.818060040473938,0.7555580139160156,0.7855677604675293
436,ما هي قوة اللزوجة بالنسبة لاتجاه جريان المائع؟,قوة موازية للاتجاه,تعاكسه .,قوة موازية للاتجاه,تعاكسه .,0.725489616394043,0.7503761053085327,0.7377230525016785
437,ما هي الطاقة التي يمكن بها تفكيك رابطة في خلايا النسج؟,طاقة التنشيط,فوتون أشعة سينينة.,طاقة التنشيط,فوتون أشعة سينينة.,0.7246419787406921,0.7450277805328369,0.7346934676170349
438,ما يجب أن يكون عليه ضغط الهواء داخل القاعة في حالة الثوران بالنسبة لضغط الماء خارجها حيث تتوازن قوة الضغط نحو الخارج مع قوة التوتر السطحي نحو الداخل؟,ضغط هواء أعلى من ضغط الماء,اکبر,ضغط هواء أعلى من ضغط الماء,اکبر,0.6368328332901001,0.6916527152061462,0.6631117463111877
439,ما هو المجال الموجي لأشعة UVC؟,100-280 نانومتر,100-280nm,100-280 نانومتر,100-280nm,0.81427001953125,0.8689079880714417,0.8407022356987
440,ما هي طبيعة الارتباط بين قرينة الانكسار لوسط مادي معين وسرعة الأمواج في ذلك الوسط؟,علاقة عكسية,عكسيا - سرعة,علاقة عكسية,عكسيا - سرعة,0.8356280326843262,0.8191388249397278,0.8273013234138489
441,ما هي الخاصية التي يميزها التواتر والطول الموجي؟,التردد والطول الموجي,الموجة,التردد والطول الموجي,الموجة,0.7203107476234436,0.7998716831207275,0.7580093145370483
442,ما هي الطاقة التي تحملها الموجة في وحدة الزمن؟,القدرة,استطاعة الموجة الضوئية,القدرة,استطاعة الموجة الضوئية,0.7630155086517334,0.6505399942398071,0.7023029327392578
443,ما هي قابلية العين التي تسمح بالمطابقة لكل أبعاد الجسم عن العين مع الاستمرار بتشكيل خيال على بعد ثابت من العدسة يتحدد بالفاصل بين العدسة والشبكية؟,عمق المجال البصري,تعديل شكل العدسة,عمق المجال البصري,تعديل شكل العدسة,0.7695519328117371,0.7923955917358398,0.7808066606521606
444,كيف يؤثر الضغط على توازن التفاعلات التي تكون متفاعلاتها ومنتجاتها؟,مبدأ لو شاتيليه,غازات,مبدأ لو شاتيليه,غازات,0.7212616801261902,0.7669234275817871,0.7433920502662659
445,ما هو التواتر في حالة الأمواج الصوتية؟,عدد الدورات في الثانية,عدد الإنضغاطات الاي تمر في نقطة معينة في الثانية,عدد الدورات في الثانية,عدد الإنضغاطات الاي تمر في نقطة معينة في الثانية,0.7974667549133301,0.7167681455612183,0.7549670934677124
446,ما هو شكل الطاقة التي تصدرها أجسامنا حتى في درجات الحرارة العادية؟,الأشعة تحت الحمراء,إشعاع كهرطيسي,الأشعة تحت الحمراء,إشعاع كهرطيسي,0.6895078420639038,0.6821609139442444,0.6858146786689758
447,ما هي التحولات التي تحافظ على العدد الكتلي؟,التحولات بيتا,الايزوبارية,التحولات بيتا,الايزوبارية,0.7372455596923828,0.729942262172699,0.733575701713562
448,ما هو القانون الذي يربط بين معدل الجريان الحجمي في وعاء دموي من جهة وفارق الضغط بين طرفي الوعاء ونصف قطره الداخلي وطوله ولزوجة الدم؟,قانون هاغن-بوازوي,قانون بورواري,قانون هاغن-بوازوي,قانون بورواري,0.7883646488189697,0.8238433599472046,0.8057136535644531
449,ما نوع الجريان عندما تكون سرعة المائع في أي نقطة منه ثابتة مع مرور الزمن؟,جريان منتظم,مستقر,جريان منتظم,مستقر,0.7553889751434326,0.7782222628593445,0.7666355967521667
450,ما هي آلية انتقال الحرارة في الموائع؟,الحمل الحراري,الحمل,الحمل الحراري,الحمل,0.7909576296806335,0.8567990064620972,0.8225628733634949
451,ما هي صفات الخيال في المصورات ذات الثقب؟,صورة معكوسة وحقيقية ومصغرة,خیال حقيقي مقلوب.,صورة معكوسة وحقيقية ومصغرة,خیال حقيقي مقلوب.,0.7311484217643738,0.7716273665428162,0.7508426904678345
452,ما هي العلاقة التناسبية لقرينة الانكسار لأي وسط معين؟,طردية مع الكثافة الضوئية,عكسيا مع سرعة الأمواج في ذلك الوسط,طردية مع الكثافة الضوئية,عكسيا مع سرعة الأمواج في ذلك الوسط,0.7774506211280823,0.7699124217033386,0.7736632227897644
453,ما هي الأشعة التي حققت حلم الإنسان القديم في رؤية داخل الجسم من دون بضع؟,الأشعة السينية,الاشعة السينية,الأشعة السينية,الاشعة السينية,0.8679709434509277,0.8679709434509277,0.8679709434509277
454,ما هو المركب الذي يتشكل من تفاعل حمض الآزوت المركز بوجود حمض الكبريت المركز مع نترو البنزين؟,ثلاثي نترو البنزين,ميتا ثنائي نترو البنزن,ثلاثي نترو البنزين,ميتا ثنائي نترو البنزن,0.9148764610290527,0.872897207736969,0.8933939933776855
455,ما هي التبادلات التي تجري بين الجسم الصلب والمانع المتحرك الذي يختلف عنه في درجة الحرارة؟,انتقال الحرارة بالتوصيل,الحمل,انتقال الحرارة بالتوصيل,الحمل,0.6655658483505249,0.7140593528747559,0.6889603137969971
456,ما هي وظيفة الحقل الكهربائي في الأفران الكروية؟,تسخين الطعام بالتسخين الحثي,يجعل جزيئات الماء تقوم بحركة دورانية,تسخين الطعام بالتسخين الحثي,يجعل جزيئات الماء تقوم بحركة دورانية,0.6582669615745544,0.6962185502052307,0.6767110824584961
457,ما هي طبيعة الإشعاعات الكهرومغناطيسية؟,موجات غير مؤينة,مثنوية .,موجات غير مؤينة,مثنوية .,0.7622107863426208,0.76734459400177,0.7647690773010254
458,ما هو التفاعل الذي تخضع له هالوجينات الألكانات بالقلويات؟,تفاعل الإزالة,استبدال نكليوفيلي,تفاعل الإزالة,استبدال نكليوفيلي,0.7374098300933838,0.7135245203971863,0.7252705693244934
459,ما هي استخدامات الليزر الصباغي؟,علاج الأوعية الدموية الجلدية,معالجة الوحمات الوعائية .,علاج الأوعية الدموية الجلدية,معالجة الوحمات الوعائية .,0.8081406354904175,0.8429421186447144,0.8251745700836182
460,ماذا تصدر النظائر المشعة في التصوير بالأصدر البوزتروني؟,بوزيترونات,بوزترونات,بوزيترونات,بوزترونات,0.9450826048851013,0.9450826048851013,0.9450826048851013
461,ما هي الأشعة التي ساهمت في تقدم علم البلورات؟,أشعة إكس,X-RAY,أشعة إكس,X-RAY,0.7045038938522339,0.7014987468719482,0.7029981017112732
462,ما الذي يتم التحكم في ارتفاع النهاية المدببة للحفاظ عليه عندما نمسح سطح المعدن في مجهر STM؟,المسافة بين طرف المجس والعينة,ثبات التيار النفقي,المسافة بين طرف المجس والعينة,ثبات التيار النفقي,0.7149301767349243,0.7316359877586365,0.7231866717338562
463,ما هو معدل الإشعاع من سطح إلى معدل الإشعاع من مساحة مساوية من سطح مشع مثالي في درجة الحرارة نفسها؟,الإشعاعية,الإصدارية,الإشعاعية,الإصدارية,0.7533864974975586,0.7710244655609131,0.7621034979820251
464,ما هي الجزئيات التي يمكن الاستفادة من تفاعلها في التصوير؟,النظائر المشعة,فوتونات الفلورة السينية .,النظائر المشعة,فوتونات الفلورة السينية .,0.7555471062660217,0.7609961032867432,0.7582618594169617
465,ما هو الوسط الذي تكون فيه كثافة الأيونات الموجبة والسالبة أكبر من كثافة الأيونات المعتدلة؟,البلازما,بلازما,البلازما,بلازما,0.757930338382721,0.7821270227432251,0.7698385715484619
466,ما هو الإجراء المستخدم للاطمئنان على صحة الجنين عند المرأة الحامل؟,مراقبة معدل ضربات قلب الجنين,الإيكو غرافي .,مراقبة معدل ضربات قلب الجنين,الإيكو غرافي .,0.6277097463607788,0.6563229560852051,0.6416975855827332
467,ما يُدعى الضغط الذي يسببه عمود من الزئبق ارتفاعه 1 مم؟,ملليمتر زئبق,التور .,ملليمتر زئبق,التور .,0.5009327530860901,0.529416024684906,0.5147807002067566
468,ما هي الظاهرة التي تنقسم فيها نواة ذات عدد كتلي كبير إلى نواتين أو أكثر لكل منهما عدد كتلي متوسط؟,الانشطار النووي,ظاهرة الإنشطار النووي,الانشطار النووي,ظاهرة الإنشطار النووي,0.9143671989440918,0.866836667060852,0.8899677395820618
469,ما هو مجال الأشعة الذي يشع فيه جسم الإنسان بشكل قريب جداً من إشعاع الجسم الأسود؟,الأشعة تحت الحمراء,تحت الحمراء,الأشعة تحت الحمراء,تحت الحمراء,0.8018884658813477,0.8496118783950806,0.8250606656074524
470,ما هي الأشعة التي اشتهرت بانتزاع جزيئات الماء لدى تفاعلها مع النسج؟,الأشعة الميكروية,الأشعة تحت الحمراء.,الأشعة الميكروية,الأشعة تحت الحمراء.,0.8021100163459778,0.8060010075569153,0.8040508031845093
471,ما هي الظاهرة التي تنقسم فيها نواة ذات عدد كتلي كبير إلى نواتين أو أكثر لكل منهما عدد كتلي متوسط؟,الانشطار النووي,ظاهرة الانشطار النووي.,الانشطار النووي,ظاهرة الانشطار النووي.,0.900401771068573,0.8496077060699463,0.874267578125
472,ما هي طريقة العلاج الفيزيائي التي تستعمل فيها تيارات كهربائية عالية التردد لإحداث الحرارة في الأنسجة العميقة؟,العلاج بالموجات القصيرة,تسخين موضعي في الانسجة الحية,العلاج بالموجات القصيرة,تسخين موضعي في الانسجة الحية,0.7734410166740417,0.7528477907180786,0.7630055546760559
473,كيف تتولد الأشعة السينية؟,تسريع الإلكترونات نحو هدف معدني,تسرع الالكترونات بكمون مرتفع في أنبوب الفراغ ويسمح لها بالسقوط على سطح داخل الانبوب .,تسريع الإلكترونات نحو هدف معدني,تسرع الالكترونات بكمون مرتفع في أنبوب الفراغ ويسمح لها بالسقوط على سطح داخل الانبوب .,0.7943856716156006,0.709901750087738,0.749771237373352
474,ما هو الأساس الذي تترتب وفقه العناصر في الجدول الدوري حالياً؟,العدد الذري,إعدادها الذرية,العدد الذري,إعدادها الذرية,0.8682783842086792,0.8220758438110352,0.8445457220077515
475,ما هو الشرط الذي يجب أن تحققه النقطتان لتطبيق معادلة برنولي على جريان أي مائع مثالي؟,أن يكون الجريان انسيابياً ومستقراً,خط الانحناء نفسه,أن يكون الجريان انسيابياً ومستقراً,خط الانحناء نفسه,0.6624276041984558,0.7135945558547974,0.6870598196983337
476,ما هي الأمواج التي تستخدم في تفتيت الحصى؟,الموجات فوق الصوتية,الأمواج فوق الصوتية,الموجات فوق الصوتية,الأمواج فوق الصوتية,0.9422590732574463,0.9422590732574463,0.9422590136528015
477,ما هو المجهر الذي يمسح العينة نقطة فنقطة ولكنه يكشف عن الالكترونات النافذة؟,مجهر المسح الإلكتروني النافذ,STEM,مجهر المسح الإلكتروني النافذ,STEM,0.6231670379638672,0.7103945016860962,0.6639280319213867
478,من أين تشتق قوة المقاومة من اللزوجة عندما تكون السرعة النسبية بين الجسم والمائع كافية لأن يكون الجريان حول الجسم رقائقياً؟,مقاومة الاحتكاك السطحي,منخفضة,مقاومة الاحتكاك السطحي,منخفضة,0.6428667306900024,0.7453112602233887,0.6903089284896851
479,ما هي الرابطة التي تبقى صلبة دائماً؟,الرباط السنخي السني,الأيونية,الرباط السنخي السني,الأيونية,0.7610436677932739,0.7849769592285156,0.7728250622749329
480,كم عدد العدسات في مجهر SEM؟,عدسة واحدة,اثنتان,عدسة واحدة,اثنتان,0.7428039312362671,0.7260965704917908,0.7343552708625793
481,ما هي الحالة التي تتولد فيها الأمواج الصادمة بالنسبة لسرعة منبع الأمواج الصوتية؟,فوق سرعة الصوت,تتجاوز سرعة الموجة الصوتية .,فوق سرعة الصوت,تتجاوز سرعة الموجة الصوتية .,0.8068007230758667,0.7301608920097351,0.7665700316429138
482,ما هو العدد النيوكلوني في نواة ذرة ما؟,عدد البروتونات والنيوترونات,مجموع البروتونات والنترونات,عدد البروتونات والنيوترونات,مجموع البروتونات والنترونات,0.9331397414207458,0.9265553951263428,0.9298359155654907
483,ما هو سبب تخامد الأشعة السينية في الجسم المدروس؟,الامتصاص والتبعثر,امتصاص الجسم لها,الامتصاص والتبعثر,امتصاص الجسم لها,0.707565426826477,0.7619139552116394,0.7337347269058228
484,ما يُستخدم لقياس درجة التشوه؟,مقياس كوب,انفعال,مقياس كوب,انفعال,0.725086510181427,0.7311133742332458,0.7280874252319336
485,ما هي الوحدة التي يقيسها الروتنجن؟,جرعة الإشعاع الممتصة,التعرض للإشعاع .,جرعة الإشعاع الممتصة,التعرض للإشعاع .,0.7664515376091003,0.8179467916488647,0.7913623452186584
486,ما تتألف منه الحلقة البنزنية؟,النسيج الضام والغضروف,ستة كربونات,النسيج الضام والغضروف,ستة كربونات,0.6519535779953003,0.6952804327011108,0.672920286655426
487,ماذا يشير انزياح الضوء من المجرات البعيدة نحو الترددات الأخفض؟,تأثير دوبلر الكوني,ابتعاد المجرات عنا,تأثير دوبلر الكوني,ابتعاد المجرات عنا,0.7204252481460571,0.7115530371665955,0.7159616351127625
488,ما هي الوحدة التي يقيسها الرونتجن؟,جرعة التعرض للإشعاع,التعرض للإشعاع.,جرعة التعرض للإشعاع,التعرض للإشعاع.,0.8841977119445801,0.9342013001441956,0.9085119962692261
489,ما هي النظائر؟,ذرات لها نفس العدد الذري وتختلف في العدد الكتلي,لها نفس عدد البروتونات وتختلف بعدد النترونات,ذرات لها نفس العدد الذري وتختلف في العدد الكتلي,لها نفس عدد البروتونات وتختلف بعدد النترونات,0.7927467226982117,0.7947573065757751,0.7937507033348083
490,ما هي زاوية الورود التي يكون الضوء المنعكس عندها مستقطبا كليا؟,زاوية بروستر,زاوية بروستو,زاوية بروستر,زاوية بروستو,0.9405571222305298,0.9405571222305298,0.9405571222305298
491,كيف يمكن توليد الأمواج فوق الصوتية؟,باستخدام محول طاقة كهرضغطية,بلورات كهر ضغطية,باستخدام محول طاقة كهرضغطية,بلورات كهر ضغطية,0.8133596181869507,0.8348473310470581,0.823963463306427
492,أين تشكل العين مديدة البصر (العين الطامسة) خيال الجسم القريب؟,خلف الشبكية,وراء الشبكية.,خلف الشبكية,وراء الشبكية.,0.8747109174728394,0.8707618713378906,0.8727319240570068
493,ما هو الاضطراب الذي يمثل هذه الحالة؟,اضطراب القلق العام,الحدية للجريان المستقر,اضطراب القلق العام,الحدية للجريان المستقر,0.7173658609390259,0.7193623781204224,0.7183626890182495
494,متى يأخذ احتمال وجود الالكترون قيمة عظمى في الحالة الأساسية في ذرة هيدروجين؟,عند النواة,بعده عن النواة أصغر من نصف قطر بور,عند النواة,بعده عن النواة أصغر من نصف قطر بور,0.8347697257995605,0.7433429956436157,0.786408007144928
495,ما ينص عليه قانون الانعكاس الأول؟,زاوية السقوط تساوي زاوية الانعكاس,زاوية الورود تساوي زاوية الانعكاس.,زاوية السقوط تساوي زاوية الانعكاس,زاوية الورود تساوي زاوية الانعكاس.,0.9007378220558167,0.9073209166526794,0.9040173292160034
496,ما هو الانفعال في حالة التشوه التحددي أو الانضغاطي؟,انفعال انضغاطي,التغير النسبي في الطول زيادة أو نقصانا,انفعال انضغاطي,التغير النسبي في الطول زيادة أو نقصانا,0.6827767491340637,0.6699756979942322,0.6763156652450562
497,ما هو وزن الحجم المنغمس من الجسم عندما يكون الجسم مغموساً وليس مغموراً كلياً نتيجة كون كثافة المائع أكبر من كثافة الجسم؟,وزن السائل المزاح,وزن الجسم,وزن السائل المزاح,وزن الجسم,0.7835099697113037,0.8628114461898804,0.8212507963180542
498,ما اسم الجهاز الذي يصور مقاطع في الجسم البشري بالأشعة السينية والاستعانة بالحاسب؟,التصوير المقطعي المحوسب,الماسح .,التصوير المقطعي المحوسب,الماسح .,0.6876631379127502,0.7152221202850342,0.7011719942092896
499,ما هو العنصر الأكثر استخداماً في التصوير بالتجاوب المغناطيسي؟,الهيدروجين,الهيدروجين,الهيدروجين,الهيدروجين,1.0,1.0,1.0
500,ما هو سبب تخامد الأشعة السينية في الجسم المدروس؟,الامتصاص والتبعثر,امتصاص الجسم لها,الامتصاص والتبعثر,امتصاص الجسم لها,0.707565426826477,0.7619139552116394,0.7337347269058228
501,ما هي الخطوة الأولى في التفاعلات؟,التعرف على المستضد,المبادرة,التعرف على المستضد,المبادرة,0.7453715205192566,0.7771217226982117,0.7609155178070068
502,ماذا يزداد عندما ترتد الفوتونات التي تعبر الثقب في الحجرة عن الجدران مرات عديدة قبل أن تغادر؟,كثافة الفوتونات,احتمال امتصاتصها,كثافة الفوتونات,احتمال امتصاتصها,0.6941688060760498,0.6808880567550659,0.6874642968177795
503,كيف تعمل الحزم الإلكترونية على معالجة الأورام؟,تدمير الخلايا السرطانية بالإشعاع,القريبة من الجلد,تدمير الخلايا السرطانية بالإشعاع,القريبة من الجلد,0.6986713409423828,0.734498918056488,0.7161372900009155
504,ما هو السبب وراء تكرار الطراز (الدورية في الجدول الدوري) الناجم عن ترتيب العناصر؟,التوزيع الإلكتروني المتكرر,ازدياد أعدادها البروتونية,التوزيع الإلكتروني المتكرر,ازدياد أعدادها البروتونية,0.7516797780990601,0.7429866790771484,0.7473079562187195
505,ما هو المركب الذي يتشكل عند أكسدة الكيلات البنزن (مثل ميتيل البنزن) ببرمنغنات البوتاسيوم (VII) القلوية أو بأي مؤكسد قوي آخر؟,حمض البنزويك,حمض البنزويك,حمض البنزويك,حمض البنزويك,0.9999999403953552,0.9999999403953552,0.9999999403953552
506,ما هي النوى التي لها عدد N ثابت حيث تحوي العدد نفسه من النترونات؟,النظائر,ايزوتونات,النظائر,ايزوتونات,0.7062332034111023,0.6988683938980103,0.7025315165519714
507,ماذا يحدث إذا كانت الحقول الكهربائية لمنبع الأمواج الكهرطيسية لها اتجاهات عشوائية عند انتشاره؟,استقطاب عشوائي,غير مستقطب,استقطاب عشوائي,غير مستقطب,0.7522796392440796,0.7866608500480652,0.7690862417221069
508,ما هو التفاعل الذي تخضع له الألكانات مع الهالوجينات في ضوء الشمس؟,تفاعل الهلجنة الجذرية,استبدال,تفاعل الهلجنة الجذرية,استبدال,0.6789963841438293,0.7427777647972107,0.7094563841819763
509,ما هو الشيء الذي تهتز حوله الذرتان في الجزيء ثنائي الذرة؟,الرابطة التساهمية,مركز كتلتيهما,الرابطة التساهمية,مركز كتلتيهما,0.6904655694961548,0.7044234275817871,0.697374701499939
510,ما هي البنية لأكسيد المغنزيوم؟,أكسيد المغنيسيوم,ايونية عملاقة,أكسيد المغنيسيوم,ايونية عملاقة,0.6170936226844788,0.6846456527709961,0.6491169333457947
511,ماذا يزداد عندما ترتد الفوتونات التي تعبر الثقب في الحجرة عن الجدران مرات عديدة قبل أن تغادر؟,كثافة الفوتونات,احتمال امتصاتصها,كثافة الفوتونات,احتمال امتصاتصها,0.6941688060760498,0.6808880567550659,0.6874642968177795
512,ما هي وحدة قياس الجرعة المكافئة للإشعاع؟,سيفرت,بالسفرت .,سيفرت,بالسفرت .,0.7704058885574341,0.7449423670768738,0.7574601769447327
513,ما هي طريقة التصوير التي يمكن اعتبارها الأقل ضرراً على الجسم؟,التصوير بالموجات فوق الصوتية,التصوير الحراري.,التصوير بالموجات فوق الصوتية,التصوير الحراري.,0.767548143863678,0.8427529335021973,0.8033944368362427
514,ما هي أعمار النصف للنظائر المشعة المستخدمة في تقنية الـ PET؟,دقائق إلى ساعات,قصيرة نسبيا,دقائق إلى ساعات,قصيرة نسبيا,0.6766794919967651,0.7143975496292114,0.6950271725654602
515,ما هي المماكبات (الإيزوميرات)؟,مركبات لها نفس الصيغة الجزيئية لكن تختلف في ترتيب الذرات,تختلف في طاقتها الداخلية فقط .,مركبات لها نفس الصيغة الجزيئية لكن تختلف في ترتيب الذرات,تختلف في طاقتها الداخلية فقط .,0.6643806099891663,0.7314721345901489,0.6963139772415161
516,ما هو القانون الذي تمثل معادلة برنولي المطبقة على جريان المائع أحد أشكال انحفاظه؟,قانون حفظ الطاقة,الطاقة .,قانون حفظ الطاقة,الطاقة .,0.7213704586029053,0.7452583312988281,0.7331199049949646
517,ماذا يستخدم قانون ستوكس لقياسه؟,سرعة ترسيب كريات الدم الحمراء,مقاومة اللزوجة .,سرعة ترسيب كريات الدم الحمراء,مقاومة اللزوجة .,0.7170654535293579,0.7714419364929199,0.7432605028152466
518,ما هو العلم الذي يقوم بحساب البعد بين الذرات عند معرفة الطول الموجي للأشعة السينية وقياس الزاوية؟,علم البلورات بالأشعة السينية,علم البلورات,علم البلورات بالأشعة السينية,علم البلورات,0.8023495674133301,0.9374892711639404,0.864670991897583
519,ما هي الأوساط التي تنتشر فيها الأمواج العرضانية؟,الأوساط الصلبة فقط,الجسم الصلب,الأوساط الصلبة فقط,الجسم الصلب,0.780020534992218,0.8484960198402405,0.8128186464309692
520,ما هي الخصائص التي تتمتع بها حزمة الفوتونات من أشعة X عالية الطاقة والتي تجعلها تستخدم في الطب النووي عند المعالجة عن بعد؟,نفاذية عالية وقدرة على تركيز الجرعة,قدرة اختراق عالية تسمح بتدمير الأورام السطحية والعميقة .,نفاذية عالية وقدرة على تركيز الجرعة,قدرة اختراق عالية تسمح بتدمير الأورام السطحية والعميقة .,0.7444689869880676,0.7315341234207153,0.7379448413848877
521,ما هو القانون الذي ينص على أن تشوه مادة يتناسب طرديا مع القوى التي تحدث التشوه؟,قانون هوك,قانون هوك,قانون هوك,قانون هوك,0.9999995231628418,0.9999995231628418,0.9999995231628418
522,علام نعتمد لتفسير لثنائية الإصدار في طيف بخار الصوديوم؟,تأثير دوبلر الحراري,النظرية الذرية,تأثير دوبلر الحراري,النظرية الذرية,0.7494932413101196,0.7725012302398682,0.7608233094215393
523,ما هي المعادلة التي تعبر عن انخفاض الطاقة في الموائع؟,معادلة برنولي,معادلة بيرنولي,معادلة برنولي,معادلة بيرنولي,0.9251686334609985,0.9251686334609985,0.9251686334609985
524,متى يحدث تفاعل اشعاع الليزر مع النسج؟,عند الامتصاص,تمتصه النسج .,عند الامتصاص,تمتصه النسج .,0.7658573985099792,0.7740654945373535,0.7699395418167114
525,ما هي البنية التي تأخذها الشبكات الأيونية لكلوريد الصوديوم وأكسيد المغنزيوم؟,الشبكة البلورية المكعبة المركزية الوجه,مكعبية,الشبكة البلورية المكعبة المركزية الوجه,مكعبية,0.7029143571853638,0.7792097330093384,0.739098310470581
526,ما هو العمل الذي يقوم به المائع على المائع الذي يتقدمه في وحدة الجريان؟,قوة الدفع,الضغط,قوة الدفع,الضغط,0.741050124168396,0.8212084770202637,0.7790728211402893
527,ما هي الكمية الوسطية للأوزون في الغلاف الجوي؟,300 وحدة دوبسون,300 DU,300 وحدة دوبسون,300 DU,0.7671933174133301,0.7927255630493164,0.7797504663467407
528,ما هو النكليد الإشعاعي المماكب الذي يشيع استخدامه في التشخيص الطبي؟,التكنيشيوم-99م,التكنسيوم - 99,التكنيشيوم-99م,التكنسيوم - 99,0.8466806411743164,0.8639772534370422,0.855241596698761
529,كيف يتغير نصف القطر الذري عبر الدور الثالث من اليسار إلى اليمين؟,يتناقص نصف القطر الذري,يتناقص,يتناقص نصف القطر الذري,يتناقص,0.7165697813034058,0.8363019227981567,0.7718199491500854
530,إذا كان الإشعاع وحيد الطول الموجي فمن أي نوع من الفوتونات يكون مؤلفاً؟,فوتونات متجانسة الطاقة,المتساوية الطاقات,فوتونات متجانسة الطاقة,المتساوية الطاقات,0.7288252115249634,0.7377506494522095,0.7332608103752136
531,ما هي الأمواج الميكانيكية التي تنشأ عن الوحدات المحركة في الألياف ولا تدركها الأذن؟,الأصوات تحت السمعية,الأمواج تحت الصوتية,الأصوات تحت السمعية,الأمواج تحت الصوتية,0.8372706174850464,0.8524501919746399,0.8447922468185425
532,ما هو مصدر العنصر المشع الذي يعطى للمريض عند استخدام تقنية التصوير SPECT؟,التكنيشيوم-99م,لأشعة غاما .,التكنيشيوم-99م,لأشعة غاما .,0.6416544914245605,0.6598848700523376,0.6506419777870178
533,ما نوع الصورة التي نحصل عليها في التصوير الومضاني للجزء المصور من جسم المريض؟,صورة ديناميكية وظيفية,ثنائية البعد .,صورة ديناميكية وظيفية,ثنائية البعد .,0.657178521156311,0.7114014625549316,0.683215856552124
534,إذا تضيق قطر الشريان إلى ثلث قيمته الأصلية عند مريض مصاب بمرض وعائي وقلبي وبقي هبوط الضغط فيه على حاله، إلى كم ينخفض معدل جريان الدم؟,إلى 1/81 من معدله الأصلي,81/1 من قيمته الأصلية .,إلى 1/81 من معدله الأصلي,81/1 من قيمته الأصلية .,0.8197512626647949,0.8179330825805664,0.8188410997390747
535,ما هي السكريات التي لا تحتاج أثناء امتصاصها من الأمعاء الدقيقة لوجود الصوديوم؟,الجلوكوز والجالاكتوز,الفركتوز.,الجلوكوز والجالاكتوز,الفركتوز.,0.7825891971588135,0.8581775426864624,0.8186421990394592
536,ما هو الأنزيم المعوي الذي يحول مولد التربسين إلى تربسين؟,إنتروبيبتيداز,الإنتيروكيناز.,إنتروبيبتيداز,الإنتيروكيناز.,0.7346550226211548,0.7531652450561523,0.7437950372695923
537,ما هو العامل الهرموني الذي يحرض إفراز عصارة بنكرياسية غنية بالإنزيمات الهاضمة؟,كوليسيستوكينين,الكوليسيستوكينين CCK,كوليسيستوكينين,الكوليسيستوكينين CCK,0.8689095377922058,0.8199542164802551,0.8437223434448242
538,ما هو الإنزيم الذي يفكك سكر اللبن (اللاكتوز) إلى غلوكوز وغالاكتوز؟,اللاكتيز,اللاكتاز.,اللاكتيز,اللاكتاز.,0.9229780435562134,0.9110121130943298,0.9169560670852661
539,ما هو مستودع الصفراء خارج أوقات الهضم والذي يعمل على تكثيفها؟,المرارة,المرارة.,المرارة,المرارة.,0.9525473117828369,0.9319030046463013,0.9421120882034302
540,ما هي الشوارد التي يكون تركيزها أقل في اللعاب منه في البلازما؟,الصوديوم والبوتاسيوم,صوديوم وكلور.,الصوديوم والبوتاسيوم,صوديوم وكلور.,0.7934219837188721,0.8440115451812744,0.8179352283477783
541,ما هو الهرمون الذي يحفز إفراز عصارة بنكرياسية غنية بالأنزيمات الهاضمة؟,كوليسيستوكينين,الكوليسيستوكينين CCK,كوليسيستوكينين,الكوليسيستوكينين CCK,0.8689095377922058,0.8199542164802551,0.8437223434448242
542,ما هو السكر الذي لا يحتاج للصوديوم من أجل عملية امتصاصه؟,الجلوكوز,الفركتوز.,الجلوكوز,الفركتوز.,0.8139203786849976,0.8038111329078674,0.8088341951370239
543,ما هو الناقل العصبي الذي يتحرر من العصبونات بعد العقدة في القسم الودي؟,نورأدرينالين,النورابينفرين أو الأستيل كولين.,نورأدرينالين,النورابينفرين أو الأستيل كولين.,0.7213747501373291,0.6990269422531128,0.7100250124931335
544,ما الذي يحدد نمط استجابة العضو المعصب بواسطة الجهاز العصبي المستقل (استثارة أو تثبيط)؟,نوع المستقبلات بعد المشبكية,نمط المستقبلات الموجودة في العضو.,نوع المستقبلات بعد المشبكية,نمط المستقبلات الموجودة في العضو.,0.8187451362609863,0.82905113697052,0.8238658905029297
545,ما هو الناقل الكيميائي الذي تحرره جميع العصبونات قبل العقدة؟,الأسيتيل كولين,الأستيل كولين.,الأسيتيل كولين,الأستيل كولين.,0.8501189947128296,0.8430399894714355,0.8465646505355835
546,ما هو الناقل العصبي الذي يتحرر من طرفيات جميع الألياف اللاودية بعد العقدية؟,أسيتيل كولين,أستيل كولين.,أسيتيل كولين,أستيل كولين.,0.8413538932800293,0.8553408980369568,0.8482896685600281
547,ما هي الميزة التي تتمتع بها قنوات IF في النسيج العقدي القلبي التي تمكنها من توليد التنبيه عفوياً؟,النفاذية التلقائية للصوديوم والكالسيوم,عندما تنفتح يتجاوز التيار الداخل من الصوديوم التيار الخارج من البوتاسيوم,النفاذية التلقائية للصوديوم والكالسيوم,عندما تنفتح يتجاوز التيار الداخل من الصوديوم التيار الخارج من البوتاسيوم,0.7451289296150208,0.7081880569458008,0.7261890769004822
548,ما هي الفائدة الوظيفية من التأخير الزمني في كمون الفعل لمدة 0.1 ثانية عند مروره في العقدة الأذينية البطينية؟,تأخير التوصيل الأذيني البطيني,إنهاء تقلص الأذينات قبل بدء تقلص البطينات.,تأخير التوصيل الأذيني البطيني,إنهاء تقلص الأذينات قبل بدء تقلص البطينات.,0.7842035293579102,0.7651500701904297,0.7745596766471863
549,ماذا يحدث للبطينات في حال توقف العقدة الجيبية الأذينية عن العمل؟,تسرع القلب الانتيابي الأذيني,تتباطأ انقباضاتها,تسرع القلب الانتيابي الأذيني,تتباطأ انقباضاتها,0.6910010576248169,0.7169783711433411,0.7037500739097595
550,ما هو سبب ظهور طور الهضبة في كامن فعل العضلة القلبية؟,تدفق الكالسيوم البطيء إلى الداخل,دخول شوارد الكالسيوم.,تدفق الكالسيوم البطيء إلى الداخل,دخول شوارد الكالسيوم.,0.7764976024627686,0.8556891679763794,0.8141722083091736
551,ما هو سبب طور الهضبة في كمون عمل الليف العضلي القلبي؟,دخول الكالسيوم البطيء وإزالة البوتاسيوم السريع,الكالسيوم.,دخول الكالسيوم البطيء وإزالة البوتاسيوم السريع,الكالسيوم.,0.6903213858604431,0.8397386074066162,0.7577342987060547
552,ما هي المناطق التي تطبق عليها المعالجة الإشعاعية في علاج أورام الخصية من النمط المنوي؟,العقد اللمفية خلف الصفاق,سلسلة العقد اللمفاوية الحرقفية والأبهرية,العقد اللمفية خلف الصفاق,سلسلة العقد اللمفاوية الحرقفية والأبهرية,0.7917355298995972,0.7523878216743469,0.7715603113174438
553,ما هي الأورام التي لا تعتبر المعالجة الشعاعية معالجة شافية لها إذا استخدمت لوحدها في المراحل المبكرة؟,الأورام اللحمية,الثدي,الأورام اللحمية,الثدي,0.7526493668556213,0.7881607413291931,0.7699958086013794
554,ما هي الجرعة الكلية الموصى بها في حال تقرر إجراء تشعيع وقائي للقحف بجرعة ٢ غري في كل جلسة؟,٢٠ غراي,٣٠ غري,٢٠ غراي,٣٠ غري,0.8690880537033081,0.8892556428909302,0.8790562152862549
555,ما هو الزمن الأقل الفاصل بين كل جلستين عند إجراء المعالجة الشعاعية بطريق التجزئة المفرطة؟,6 ساعات,٦ ساعات,6 ساعات,٦ ساعات,0.8760759234428406,0.8760759234428406,0.8760759234428406
556,ما الذي يحول مولد الببسين إلى ببسين؟,حمض الهيدروكلوريك,حمض كلور الماء الموجود في المعدة.,حمض الهيدروكلوريك,حمض كلور الماء الموجود في المعدة.,0.7960695624351501,0.7636761665344238,0.7795364856719971
557,ما هو سبب حدوث عمى ربعي علوي أيمن مماثل؟,إصابة الفص القذالي الأيسر,الفصل الصدغي,إصابة الفص القذالي الأيسر,الفصل الصدغي,0.7066015601158142,0.7524197697639465,0.7287912368774414
558,ما هي المدة الزمنية التي يتطور خلالها الصداع المزمن؟,أكثر من 15 يومًا في الشهر لأكثر من 3 أشهر,4أسابيع,أكثر من 15 يومًا في الشهر لأكثر من 3 أشهر,4أسابيع,0.6509479284286499,0.6784451603889465,0.6644121408462524
559,ما هو نوع الصداع غير النابض ثنائي الجانب الذي قد يرتبط بتشنج عضلات الرقبة؟,صداع التوتر,صداع التوتر,صداع التوتر,صداع التوتر,1.0,1.0,1.0
560,أين يحدث التكيس للجيارديا اللمبلية؟,في الإثني عشر والصائم,أثناء التغوط,في الإثني عشر والصائم,أثناء التغوط,0.7035584449768066,0.7570562362670898,0.7293276190757751
561,ما هي الذبابة ذهبية العيون Chrysop ثوي ناقل له؟,ذبابة الرمل,اللوا لوا,ذبابة الرمل,اللوا لوا,0.7429730892181396,0.7627145051956177,0.7527143955230713
562,ما هي الفترة الزمنية الذي تظهر فيها إيجابية اختبار سابين فيلدمان بعد العدوى به؟,من أسبوعين إلى أربعة أسابيع,1-2 أسبوع,من أسبوعين إلى أربعة أسابيع,1-2 أسبوع,0.743963360786438,0.7415719032287598,0.7427657246589661
563,ما الذي تنتهي به المرحلة الخارج خلوية للمتصورات؟,الطور الحلقي,الأقاسيم المتحركة,الطور الحلقي,الأقاسيم المتحركة,0.7930582165718079,0.7398968935012817,0.765555739402771
564,أين تتكاثر خبيطيات الفخرية البنكروفتية؟,في الأوعية اللمفاوية,الأوعية اللمفاوية للانسان,في الأوعية اللمفاوية,الأوعية اللمفاوية للانسان,0.9058888554573059,0.8649570941925049,0.8849499225616455
565,ما هو المرض الذي يستخدم عقار melarsporol في علاجه؟,داء المثقبيات الأفريقي,المثقبية الغامبية,داء المثقبيات الأفريقي,المثقبية الغامبية,0.8047260642051697,0.8216447830200195,0.8130974173545837
566,ما هو الخمج الطفيلي الذي يمكن أن ينتقل من شخص لآخر؟,الجرب,المرمية الدودية,الجرب,المرمية الدودية,0.8194667100906372,0.8101490139961243,0.8147811889648438
567,ما هي أفضل أماكن الخزع التشخيصية القندية في جسم الإنسان؟,العقدة الليمفاوية,الطحال,العقدة الليمفاوية,الطحال,0.7370103597640991,0.7748922109603882,0.755476713180542
568,ما هو المسبب لداء هجرة اليرقات الجلدي؟,أنكلستوما البرازيلي,الديدان القوسية,أنكلستوما البرازيلي,الديدان القوسية,0.6525899767875671,0.712445855140686,0.6812056303024292
569,ما هو العلاج المناسب للمتحولة العصبية naegleria fowleri؟,أمفوتيريسين ب,الأمفوتريسين,أمفوتيريسين ب,الأمفوتريسين,0.7889602184295654,0.7867001295089722,0.7878285050392151
570,أين تتوضع يرقات الأسطوانية الوعائية عند الإنسان؟,في الأمعاء الدقيقة,الجهاز العصبي المركزي,في الأمعاء الدقيقة,الجهاز العصبي المركزي,0.7264052033424377,0.714000940322876,0.7201496958732605
571,ما هو الشكل المعدي للإنسان من متفرعة الخصية الصينية؟,البويضة,خليفة المذنبة,البويضة,خليفة المذنبة,0.8248956203460693,0.7772413492202759,0.8003597259521484
572,أين تتوضع الأسطوانية البرازية عند الإنسان؟,في المستقيم,الجزء الأمامي من الصائم,في المستقيم,الجزء الأمامي من الصائم,0.7519193887710571,0.7216347455978394,0.7364658713340759
573,ما هو العصب الذي يصاب في متلازمة قاع الحجاج؟,العصب المحرك للعين,العصب الفكي العلوي,العصب المحرك للعين,العصب الفكي العلوي,0.8418062925338745,0.8581889271736145,0.8499186635017395
574,ما هو تعريف الحول المتقارب؟,انحراف العين نحو الداخل,يتلاقي فيها محورا الرؤية في نقطة تقع أمام الجسم المنظور,انحراف العين نحو الداخل,يتلاقي فيها محورا الرؤية في نقطة تقع أمام الجسم المنظور,0.7154333591461182,0.6866769790649414,0.7007603049278259
575,ما هي أسباب حدوث فيض الدمع Epiphora؟,انسداد القناة الدمعية,نقص في التصريف,انسداد القناة الدمعية,نقص في التصريف,0.7363245487213135,0.7419846653938293,0.7391438484191895
576,أين تقع حفيرة البكرة في الجدار العلوي للحجاج؟,في الثلث الأمامي من السقف العظمي للحجاج,الأمامي الأنسي,في الثلث الأمامي من السقف العظمي للحجاج,الأمامي الأنسي,0.7183836698532104,0.7450008988380432,0.7314502000808716
577,ما هي النسبة التي تشكلها القرنية من سطح غلاف كرة العين الليفي؟,السدس الأمامي,السدس الأمامي,السدس الأمامي,السدس الأمامي,1.0,1.0,1.0
578,ما هو أكثر تنكسات القرنية شيوعاً؟,القرنية المخروطية,القوس الشيخية,القرنية المخروطية,القوس الشيخية,0.7876017093658447,0.8066573739051819,0.7970156669616699
579,ما هي الحالات التي تشاهد فيها الرؤية المزدوجة الأحادية الجانب؟,إصابة العضلات المحركة للعين أو أعصابها,تحت خلع العدسة,إصابة العضلات المحركة للعين أو أعصابها,تحت خلع العدسة,0.6882659196853638,0.7355190515518188,0.7111083269119263
580,ما هو المرض الذي يشاهد فيه حلقة كاي زر- فليشر عند المرضى؟,داء ويلسون,داء ويلسون,داء ويلسون,داء ويلسون,1.0,1.0,1.0
581,ما الذي يجب فعله في الحالات المعندة وغير المستجيبة للعلاج في الورم الكاذب للحجاج؟,استئصال الجدار الجانبي للحجاج,يجب اخذ خزعة من الورم,استئصال الجدار الجانبي للحجاج,يجب اخذ خزعة من الورم,0.7516944408416748,0.7527748346328735,0.7522342205047607
582,ما هي النتائج التي تؤدي إليها إصابة الشعبة العينية من العصب الخامس في متلازمة الشق الحجاجي العلوي؟,فقدان الإحساس في الجبهة والجفن العلوي,فقد حس الملتحمة والقرنية,فقدان الإحساس في الجبهة والجفن العلوي,فقد حس الملتحمة والقرنية,0.7409960031509399,0.7491554021835327,0.7450534105300903
583,ما هو التشخيص الأقرب لمريض عمره 65 سنة لديه فقد رؤية في النصف العلوي من الساحة البصرية مع بدء مفاجئ؟,احتشاء الشريان المخي الخلفي السفلي,التهاب العصب البصري الاقفاري,احتشاء الشريان المخي الخلفي السفلي,التهاب العصب البصري الاقفاري,0.7950296998023987,0.793696403503418,0.794362485408783
584,ما الذي يدل عليه ظهور تقبب على شكل حويصل أسود في قعر القرحة القرنية الجرثومية؟,تسلخ القرنية,تقبب غشاء ديسميه وخطر انثقابه,تسلخ القرنية,تقبب غشاء ديسميه وخطر انثقابه,0.7791070342063904,0.7267107367515564,0.7519973516464233
585,ما هي الطريقة التالية لتقدير حدة البصر لدى المريض إذا لم يتمكن من قراءة أكبر أحرف اللوحة؟,اختبار عد الأصابع,بعد أصابع الفاحص,اختبار عد الأصابع,بعد أصابع الفاحص,0.7938077449798584,0.8022702932357788,0.7980166077613831
586,ما الذي يشكو منه المريض في الحول الشللي عند البالغين؟,ازدواج الرؤية,رؤية مزدوجة,ازدواج الرؤية,رؤية مزدوجة,0.7897582054138184,0.781646728515625,0.7856814861297607
587,متى ينعدم يوروبيلينوجين البول؟,في حالات انسداد القناة الصفراوية الكامل,اليرقان الانسدادي,في حالات انسداد القناة الصفراوية الكامل,اليرقان الانسدادي,0.6766976118087769,0.6874353885650635,0.6820242404937744
588,في الاحتباس الصفراوي ما هو الانزيم الأفضل للوصول للتشخيص؟,الفوسفاتاز القلوي,ALT,الفوسفاتاز القلوي,ALT,0.5310549139976501,0.6180466413497925,0.571258008480072
589,ما هي نتيجة رحلان البروتينات في الالتهابات الحادة؟,زيادة في بروتينات الطور الحاد,ترتفع الموجة a_2غلوبيولين وترتفع الموجة a_1غلوبيولين,زيادة في بروتينات الطور الحاد,ترتفع الموجة a_2غلوبيولين وترتفع الموجة a_1غلوبيولين,0.6982762217521667,0.6421164274215698,0.669019877910614
590,ما هو المركب الذي يتم اصطناعه بدءا من الحموض الأمينية؟,الببتيدات,أمونيا,الببتيدات,أمونيا,0.6879198551177979,0.7242878079414368,0.7056356072425842
591,ما هي أعراض فقر الدم بعوز الحديد عند المريض؟,شحوب، تعب، ضيق تنفس، خفقان,الشحوب,شحوب، تعب، ضيق تنفس، خفقان,الشحوب,0.7063905000686646,0.8023175597190857,0.7513044476509094
592,ما هي الحالة التي تعاني منها مريضة عمرها 44 سنة تشكو من تعب عام وكانت قيمة البولة الدموية 140 ملغ/دل وقيمة الكرياتنين 6 ملغ/دل وحمض البول 4 ملغ/دل؟,فشل كلوي مزمن,اليوريميا,فشل كلوي مزمن,اليوريميا,0.6736421585083008,0.6710121631622314,0.6723245978355408
593,ما هو سبب تشمع الكبد عند مريض عمره 12 سنة؟,التهاب الكبد المناعي الذاتي,داء ويلسون,التهاب الكبد المناعي الذاتي,داء ويلسون,0.6332405805587769,0.6613725423812866,0.6470009088516235
594,ما هو الاحتمال الأكثر ترجيحاً لسبب تشمع الكبد عند مريض عمره 12 سنة؟,التهاب الكبد المناعي الذاتي,داء ويلسون,التهاب الكبد المناعي الذاتي,داء ويلسون,0.6332405805587769,0.6613725423812866,0.6470009088516235
595,ما هو تصنيف مريض عنده الغلوكوز 210 ملغ / دل؟,فرط سكر الدم,مريض سكري,فرط سكر الدم,مريض سكري,0.7886949181556702,0.772370457649231,0.7804473042488098
596,ما هو تصنيف مريض تم تحليل الغلوكوز الصيامي له فكانت النتيجة 128 ملغ/دل؟,سكري صيامي,مريض سكري,سكري صيامي,مريض سكري,0.8507412672042847,0.8100506067276001,0.8298974633216858
597,ما هو المركب الذي يعتبر ايتلين ديامين تترا استات مركباً لاقطاً له؟,أيونات المعادن الثقيلة,الكالسيوم,أيونات المعادن الثقيلة,الكالسيوم,0.6945677995681763,0.7023419737815857,0.6984332799911499
598,ما هو المركب الذي يستخدم في تدبير حمى البحر الأبيض المتوسط؟,كولشيسين,الكولشيمين,كولشيسين,الكولشيمين,0.8532333374023438,0.8387956619262695,0.8459528684616089
599,ما هو النمط التحسسي الذي يعود إليه داء الفقاع المحرض دوائياً؟,تفاعل فرط الحساسية من النوع الثاني,الثاني.,تفاعل فرط الحساسية من النوع الثاني,الثاني.,0.5873059034347534,0.7062375545501709,0.6413043141365051
600,ما هي آلية تأثير المركب دابيريدامول؟,تثبيط امتصاص الأدينوزين,تثبيط PDE,تثبيط امتصاص الأدينوزين,تثبيط PDE,0.7739437818527222,0.8480074405670166,0.8092846274375916
601,"ما هي جرعة الدواء عند طفل وزنه 17,5 كغ إذا كانت جرعة البالغ 100 ملغ؟",122.5 ملغ,25 ملغ.,122.5 ملغ,25 ملغ.,0.7549152374267578,0.8236836791038513,0.7878015637397766
602,ما هو معدل التصفية الكلوية للكرياتينين عند رجل عمره 40 سنة ومستوى كرياتينين الدم 1 ملغ/دل ووزنه 72 كغ؟,100 مل/دقيقة,100,100 مل/دقيقة,100,0.6763989925384521,0.7732677459716797,0.7215969562530518
603,ما هي الخلايا التي تقوم بإفراز بروتين برفورين الذي يفتح ثقوب في غشاء الخلية الهدف؟,الخلايا الليمفاوية التائية السامة للخلايا,الخلايا القاتلة.,الخلايا الليمفاوية التائية السامة للخلايا,الخلايا القاتلة.,0.7549065947532654,0.8232640027999878,0.7876049280166626
604,كيف يتأثر الغاز كلما زاد وزنه الجزيئي؟,يقل معدل الانتشار,انخفض معدل الانتشار.,يقل معدل الانتشار,انخفض معدل الانتشار.,0.9129472970962524,0.9023956060409546,0.9076407551765442
605,ما هو المبدأ الأساسي للتشتت؟,تشتت الضوء,الانتشار,تشتت الضوء,الانتشار,0.7638919353485107,0.7644370198249817,0.7641644477844238
606,ما هو العامل الذي يسرع العامل السابع تشكله؟,العامل النسيجي,الثالث,العامل النسيجي,الثالث,0.608217716217041,0.6525768041610718,0.6296168565750122
607,ما هو السائل الموجود داخل الخلايا؟,السائل داخل الخلوي,السيتوبلازما.,السائل داخل الخلوي,السيتوبلازما.,0.7705147862434387,0.7576645612716675,0.7640355825424194
608,ما هي مقدرة شخص على إدراك منبهين لمسيين مطبقين على منطقة من سطح الجسم على أنهما منفصلان؟,عتبة التمييز بين نقطتين,تمييز حس النقطتين,عتبة التمييز بين نقطتين,تمييز حس النقطتين,0.8312779068946838,0.8417240381240845,0.8364683389663696
609,ما هو سبب عدم قدرة ألياف الجهاز العصبي المركزي على التجدد؟,غياب غمد النخاعين ووجود مثبطات النمو,غياب غمد شوان,غياب غمد النخاعين ووجود مثبطات النمو,غياب غمد شوان,0.6917536854743958,0.7957330942153931,0.7401090860366821
610,ما هو المجال الذي تكون فيه النسخ السيتولوجية شفافة نسبياً؟,في السائل النخاعي,تحت الأحمر القريب,في السائل النخاعي,تحت الأحمر القريب,0.739021897315979,0.7425730228424072,0.7407931685447693
611,ما هو العامل الرئيسي الذي يحدد ارتباط الأكسجين بخضاب الدم؟,ضغط الأكسجين الجزئي,الضغط الجزئي للأوكسجين في الدم PO2.,ضغط الأكسجين الجزئي,الضغط الجزئي للأوكسجين في الدم PO2.,0.8373397588729858,0.7868976593017578,0.8113354444503784
612,ما الذي يؤدي إليه العامل ٣ مع الكالسيوم؟,تنشيط العامل العاشر,تلقيم راجع إيجابي للثرومبين.,تنشيط العامل العاشر,تلقيم راجع إيجابي للثرومبين.,0.6995849013328552,0.6920971870422363,0.6958208680152893
613,متى يزداد الانحلال في التلاسيميا؟,بعد عمر 6 أشهر,التعرض للشدة والحمى.,بعد عمر 6 أشهر,التعرض للشدة والحمى.,0.6843989491462708,0.6594327688217163,0.6716839075088501
614,ما هو الفيتامين الأساسي في عملية تشكيل عوامل التخثر؟,فيتامين ك,K,فيتامين ك,K,0.6119227409362793,0.7214910387992859,0.662205159664154
615,ما هو المستوى من الفيزيولوجيا الذي تنتمي إليه دراسة آلية وتوليد ونقل كوامن الفعل في القلب؟,الفيزيولوجيا الكهربية للقلب,النسيجي,الفيزيولوجيا الكهربية للقلب,النسيجي,0.6855287551879883,0.7392838597297668,0.711392343044281
616,أين توجد المستقبلات النيكوتينية؟,في الوصل العصبي العضلي والجهاز العصبي الذاتي,العقدة الجيبية الأذينية في القلب,في الوصل العصبي العضلي والجهاز العصبي الذاتي,العقدة الجيبية الأذينية في القلب,0.7266323566436768,0.7379845380783081,0.7322644591331482
617,ما الذي تعتمد عليه سرعة انتشار الأوكسجين عبر غشاء الخلية؟,قابلية ذوبان الأكسجين في الدهون,مقدار ذوبانه في الشحوم,قابلية ذوبان الأكسجين في الدهون,مقدار ذوبانه في الشحوم,0.7831326723098755,0.7960565090179443,0.7895417213439941
618,ماذا يحدث عندما يصل التيروكسين إلى المستوى الدوراني المطلوب؟,تثبيط إفراز الهرمون المحفز للغدة الدرقية,تتوقف الغدة النخامية عن افراز THS,تثبيط إفراز الهرمون المحفز للغدة الدرقية,تتوقف الغدة النخامية عن افراز THS,0.7680774331092834,0.7935442924499512,0.7806032299995422
619,ما هي الوظيفة الرئيسية للعقدة الأذينية البطينية في الحالات السوية؟,تأخير النبض الأذيني قبل انتقاله للبطينين,توليد إشارات تجعلها ناظمة للقلب,تأخير النبض الأذيني قبل انتقاله للبطينين,توليد إشارات تجعلها ناظمة للقلب,0.6719434857368469,0.6891881227493286,0.6804565191268921
620,ما هي العوامل التي تحرض إفراز عصارة بنكرياسية غنية بالإنزيمات؟,الوجبات الغنية بالبروتين والدهون,الأستيل كولين والكوليسيستوكينين,الوجبات الغنية بالبروتين والدهون,الأستيل كولين والكوليسيستوكينين,0.6849688291549683,0.6640380024909973,0.6743410229682922
621,أين يتم إعادة امتصاص القسم الأعظم من الماء المرتشح؟,الأنابيب الكلوية القريبة,النبيبات الدانية,الأنابيب الكلوية القريبة,النبيبات الدانية,0.7769207954406738,0.7844365835189819,0.7806606292724609
622,ما هو سبب الصوت الأول للقلب؟,إغلاق الصمامات التاجية وثلاثية الشرف,انغلاق الصمامات الأذينية البطينية,إغلاق الصمامات التاجية وثلاثية الشرف,انغلاق الصمامات الأذينية البطينية,0.810805082321167,0.8292058110237122,0.819902241230011
623,ما هي الخلايا التي تمتلك أسرع معدل لزوال الاستقطاب؟,خلايا العضلة القلبية الأذينية,العقدة الجيبية الأذينية.,خلايا العضلة القلبية الأذينية,العقدة الجيبية الأذينية.,0.78401780128479,0.8228842616081238,0.8029809594154358
624,ما هو الذي وظيفته تسريع عملية تشكل الترومبوبلاستين الصفيحي؟,عامل التجلط الثالث,العامل السابع,عامل التجلط الثالث,العامل السابع,0.744024395942688,0.8012477159500122,0.7715765237808228
625,ما الذي يعمل على تسهيل الانتقال بين الشهيق والزفير؟,السطوح الرئوية المرنة,مركز التنفس الجسري,السطوح الرئوية المرنة,مركز التنفس الجسري,0.7078712582588196,0.7196555733680725,0.7137147784233093
626,ما الذي يزداد في الأسناخ الرئوية؟,الضغط الجزئي للأكسجين,بتضيق فوهة القصيبات,الضغط الجزئي للأكسجين,بتضيق فوهة القصيبات,0.6554570198059082,0.6417320966720581,0.6485219597816467
627,ما يعرف بالموجهة الجسدية؟,هرمون النمو,هرمون النمو,هرمون النمو,هرمون النمو,0.9999997019767761,0.9999997019767761,0.9999997019767761
628,ما هي العقدة الرأسية للجهاز العصبي المستقل؟,العقدة الهدبية,الوطاء,العقدة الهدبية,الوطاء,0.7894262671470642,0.8128665089607239,0.80097496509552
629,ما هي المحطة الرئيسية الدماغية التي تتكامل فيها وظائف الجهاز العصبي المستقل مع وظائف البنى العصبية الأخرى؟,تحت المهاد,الوطاء,تحت المهاد,الوطاء,0.8199813961982727,0.8328530788421631,0.8263671398162842
630,ما هو الناقل العصبي المحرر من طرفيات الألياف بعد العقدية في القسم الودي؟,نورأدرينالين,الاستيل كولين أو النور أدرينالين,نورأدرينالين,الاستيل كولين أو النور أدرينالين,0.8239051103591919,0.7208070755004883,0.768915593624115
631,ما هو الدور المهم الذي تؤديه خلايا سيرتولي في الخصية؟,دعم وتغذية الخلايا المنوية,تغذية النطاف,دعم وتغذية الخلايا المنوية,تغذية النطاف,0.781058669090271,0.7802090644836426,0.7806336283683777
632,ما هو الذي يروي النسيج الضام للرئة؟,الشرايين القصبية,الفروع القصبية للأبهر.,الشرايين القصبية,الفروع القصبية للأبهر.,0.8149241805076599,0.7867640852928162,0.8005965948104858
633,ما هي البوابات التي تتحكم بنفوذية القنوات للشوارد التي تسهم في تشكيل كامن الفعل؟,بوابات الفولتية وبوابات الترابط,القنوات المبوبة بالفولطاج,بوابات الفولتية وبوابات الترابط,القنوات المبوبة بالفولطاج,0.7286961674690247,0.7233842611312866,0.7260304689407349
634,ما هي أجهزة التحكم والضبط والمراقبة في الجسم؟,الجهاز العصبي والغدد الصماء,العصبى الصماوى,الجهاز العصبي والغدد الصماء,العصبى الصماوى,0.7277208566665649,0.7616966962814331,0.7443212866783142
635,ما هي المواد التي تحررها نهايات المحاوير العصبية في المشابك والموصلات المشبكية؟,النواقل العصبية,النواقل عصبية,النواقل العصبية,النواقل عصبية,0.9407703876495361,0.9625409841537476,0.951531171798706
636,ماذا ينقل الترانسفيرين؟,الحديد في الدم,الحديدي,الحديد في الدم,الحديدي,0.8162216544151306,0.838542640209198,0.8272316455841064
637,ما هو الإحساس الذي يمكن أن يُدرك كلياً في المهاد؟,جميع الأحاسيس باستثناء الشم,حس الألم,جميع الأحاسيس باستثناء الشم,حس الألم,0.6980023384094238,0.7543206214904785,0.725069522857666
638,أين توجد المستقبلات المسكارينية؟,على الخلايا المستهدفة للجهاز العصابي اللاودي,الخلايا المستجيبة للتنبيه بالعصبونات الكولينية الفعل بعد العقدية,على الخلايا المستهدفة للجهاز العصابي اللاودي,الخلايا المستجيبة للتنبيه بالعصبونات الكولينية الفعل بعد العقدية,0.7968796491622925,0.7759429216384888,0.7862719297409058
639,ما هي الزمرة الدموية إذا كانت الكرية الحمراء لا تحوي مولد ارتصاص؟,الزمرة الدموية O,O,الزمرة الدموية O,O,0.631922721862793,0.8124586939811707,0.7109078764915466
640,ما هو ناظم القلب؟,جهاز طبي يولد نبضات كهربائية للقلب,العقدة الجيبية.,جهاز طبي يولد نبضات كهربائية للقلب,العقدة الجيبية.,0.6663860082626343,0.7105132341384888,0.6877425312995911
641,ما الذي يشكله الجهاز الانزيمي في الخلايا البطانية السليمة اعتباراً من حمض الاراشيدونيك؟,البروستاغلاندينات والثرومبوكسان والليكوترينات,الترومبوكسان A2,البروستاغلاندينات والثرومبوكسان والليكوترينات,الترومبوكسان A2,0.7512357234954834,0.8391875624656677,0.7927796840667725
642,ما الذي تتناسب معه سرعة النقل في الألياف العصبية اللانخاعينية؟,قطر الليف العصبي,الجذر التربيعي ل قطر الليف,قطر الليف العصبي,الجذر التربيعي ل قطر الليف,0.8369483947753906,0.8080568909645081,0.8222489356994629
643,أين تقع أجسام عصبونات المرتبة الثانية للإحساسات المنقولة بمسلك العمود الظهري؟,النواة الرشيقة والنواة الإسفينية,المهاد,النواة الرشيقة والنواة الإسفينية,المهاد,0.692536473274231,0.7486299872398376,0.7194916605949402
644,ما هي العوامل التي تتناسب معها سرعة الانتشار البسيط؟,درجة الحرارة والكتلة المولية,طردا مع مدروج تركيز المادة المنتشرة,درجة الحرارة والكتلة المولية,طردا مع مدروج تركيز المادة المنتشرة,0.7237926721572876,0.6979241371154785,0.7106230854988098
645,ما هي آلية تحرر شوارد الكالسيوم من الشبكة الهيولية في العضلات الهيكلية؟,فتح قنوات الريانودين,الانتشار,فتح قنوات الريانودين,الانتشار,0.6981139183044434,0.7160108089447021,0.7069491147994995
646,ما الذي يؤكد الدور الأهم للمراكز الشوكية والبصلية في وظيفة الجهاز العصبي المستقل؟,السيطرة على الوظائف الحيوية اللاإرادية,عدم حدوث تبدلت مهمة في وظائف الجهاز العصبي المستقبل عند قطع جذع الدماغ فوق مستوى البصلة,السيطرة على الوظائف الحيوية اللاإرادية,عدم حدوث تبدلت مهمة في وظائف الجهاز العصبي المستقبل عند قطع جذع الدماغ فوق مستوى البصلة,0.7635965347290039,0.7232190370559692,0.7428594827651978
647,ما هو الهدف الأساسي للنقل الفاعل عبر الغشاء؟,الحفاظ على تدرج التركيز,الحفاظ على مدروج تركيز مرتفع للمادة عبر الغشاء,الحفاظ على تدرج التركيز,الحفاظ على مدروج تركيز مرتفع للمادة عبر الغشاء,0.8402242660522461,0.763617217540741,0.8000911474227905
648,ما الذي يتأثر بتغير كمية الأوكسجين في الأسناخ؟,تهوية-تروية الرئتين,الأوعية الدموية للسنخ,تهوية-تروية الرئتين,الأوعية الدموية للسنخ,0.7252483367919922,0.7343730330467224,0.7297821640968323
649,ما هي أقصى مدة لحفظ الدم؟,35 يومًا,20 يوم,35 يومًا,20 يوم,0.8538588285446167,0.8794176578521729,0.8664498329162598
650,ماذا يحدث عندما تكون تهوية السنخ أعلى من ترويته الدموية؟,نقص التروية السنخية,حيز ميت فيزيولوجي,نقص التروية السنخية,حيز ميت فيزيولوجي,0.6896232962608337,0.6830322742462158,0.6863119602203369
651,ما هي الحالات التي تزداد فيها كمية الماء الموجودة في الأحياز الخاصة؟,الوذمة,الجنب وانصباب الجنب,الوذمة,الجنب وانصباب الجنب,0.7645629644393921,0.7345128059387207,0.7492367029190063
652,ما هو الهرمون المطلق للموجهة القشرية؟,هرمون المطلق لموجهة القشرة,CRH,هرمون المطلق لموجهة القشرة,CRH,0.6269985437393188,0.6908631324768066,0.657383382320404
653,ما هي الشاردة الإيجابية الأساسية في السائل داخل الخلوي؟,أيونات البوتاسيوم,بوتاسيوم,أيونات البوتاسيوم,بوتاسيوم,0.7748795747756958,0.8358544111251831,0.8042128682136536
654,ما هو نوع المصل الذي يحمله شخص من الزمرة الدموية B؟,أضداد A,يحوي الراصة Anti A,أضداد A,يحوي الراصة Anti A,0.7320481538772583,0.7211868166923523,0.7265769243240356
655,ما هي الحالة التي يكون فيها انقلاب الصيغة أكثر شيوعاً؟,متلازمة داون,الأطفال.,متلازمة داون,الأطفال.,0.5826092958450317,0.6940313577651978,0.6334580183029175
656,ما هو حجم الضربة (Stroke Volume)؟,حجم الدم المقذوف من البطين الأيسر في كل انقباض,كمّية الدم التي يضخها البطين الأيمن في ضربة واحدة,حجم الدم المقذوف من البطين الأيسر في كل انقباض,كمّية الدم التي يضخها البطين الأيمن في ضربة واحدة,0.8200816512107849,0.8199771642684937,0.8200294375419617
657,ما هي أقصى كمية هواء يمكن استنشاقها زيادة على كمية الحجم الجاري السوية؟,السعة الحيوية,حجم الشهيق المخر,السعة الحيوية,حجم الشهيق المخر,0.7616978883743286,0.7091661691665649,0.7344939708709717
658,ما هي الآلية التي يتم من خلالها التنظيم المديد للجريان الموضعي؟,تعديل المقاومة الوعائية,إفراز الأنجيوجنين وعامل النمو البطاني.,تعديل المقاومة الوعائية,إفراز الأنجيوجنين وعامل النمو البطاني.,0.7914224863052368,0.7422919869422913,0.7660703063011169
659,ما هي الشوارد التي تسبب قوى الجذب بين خيوط الاكتين والميوزين مما يؤدي إلى انزلاق بعضها على بعض؟,أيونات الكالسيوم,الكالسيوم,أيونات الكالسيوم,الكالسيوم,0.8505568504333496,0.9057757258415222,0.8772982358932495
660,ما هو الهدف من آلية المزلاج في العضلات الملساء؟,الحفاظ على التوتر المستمر,تحافظ على تقلّص مقوٍمديد فى العضلات الملمس باستخدام كمية قليلة جداً من الطاقه,الحفاظ على التوتر المستمر,تحافظ على تقلّص مقوٍمديد فى العضلات الملمس باستخدام كمية قليلة جداً من الطاقه,0.7677606344223022,0.6906311511993408,0.7271563410758972
661,ما هي الخلايا الدبقية التي تشكل جزء من الحاجز الوعائي الدموي؟,الخلايا النجمية,الخلايا النجمية,الخلايا النجمية,الخلايا النجمية,0.9999996423721313,0.9999996423721313,0.9999996423721313
662,ما هي الآلية التي يتم من خلالها التنظيم المديد للضغط الشرياني؟,نظام الرينين-أنجيوتنسين-الألدوستيرون,افراز الانجيوجينين وعامل النمو البطاني,نظام الرينين-أنجيوتنسين-الألدوستيرون,افراز الانجيوجينين وعامل النمو البطاني,0.7572113275527954,0.7506735324859619,0.7539282441139221
663,ما هي المستقبلة الأسرع تلاؤماً؟,مستقبلات الألم,باشيني.,مستقبلات الألم,باشيني.,0.6778162717819214,0.7204700708389282,0.6984925866127014
664,لماذا لا تتمكن الألياف العصبية المركزية من التجديد؟,غياب عوامل النمو العصبي,عدم وجود غمد شوان,غياب عوامل النمو العصبي,عدم وجود غمد شوان,0.6620384454727173,0.6926662921905518,0.6770061254501343
665,ما هي كمية الهواء الموجودة في الرئتين في نهاية شهيق سوي؟,السعة الحيوية,السعة الوظيفية المدخرة + الحجم الجاري,السعة الحيوية,السعة الوظيفية المدخرة + الحجم الجاري,0.8574192523956299,0.7665802240371704,0.8094591498374939
666,ما هي الفائدة الوظيفية من التأخير الزمني لكامن الفعل لمدة 0.1 ثانية عند مروره في العقدة الأذينية البطينية؟,تأخير النبض الأذيني البطيني,إنهاء تقلص الأذينات قبل تقلص البطينات,تأخير النبض الأذيني البطيني,إنهاء تقلص الأذينات قبل تقلص البطينات,0.7743386626243591,0.7746469974517822,0.7744927406311035
667,ما هي المواد التي يقتصر عليها الامتصاص المعدي؟,الكحول وبعض الأدوية,الماء والشوارد,الكحول وبعض الأدوية,الماء والشوارد,0.7316188812255859,0.7183535099029541,0.7249255180358887
668,ما هو المركب الذي يتشكل من تفاعل الهيموغلوبين مع حمض أو قلوي؟,هيموغلوبين قلوي,هيماتين.,هيموغلوبين قلوي,هيماتين.,0.735316276550293,0.7912268042564392,0.762247622013092
669,ما الذي يتناسب إفراغه عكسياً مع إفراغ الهيدروجين؟,البيكربونات,البوتاسيوم,البيكربونات,البوتاسيوم,0.8388983011245728,0.8290145397186279,0.8339271545410156
670,ما هو الغشاء الكبيبي نفوذ له؟,الغشاء القاعدي الكبيبي,الالبومين.,الغشاء القاعدي الكبيبي,الالبومين.,0.6892867684364319,0.7237001657485962,0.7060743570327759
671,ما هو المسؤول عن إرسال السيالات في العصبونات؟,محور الخلية العصبية,المحوار,محور الخلية العصبية,المحوار,0.697493314743042,0.729767918586731,0.7132656574249268
672,ما هو المستوى الذي يعتبر ضخ الدم مثالاً على دراسته؟,علم وظائف الأعضاء,الأعضاء,علم وظائف الأعضاء,الأعضاء,0.7041610479354858,0.7878739833831787,0.7436691522598267
673,ما هي العملية التي يتم بها تحويل النورادرينالين إلى أدرينالين؟,مثيلة النورأدرينالين,ميتلة,مثيلة النورأدرينالين,ميتلة,0.6704443693161011,0.7591447234153748,0.7120428085327148
674,ما الذي يشكل جسراً بين ألياف الكولاجين والصفيحات الدموية؟,عامل فون ويلبراند,الترومبوكسان A2,عامل فون ويلبراند,الترومبوكسان A2,0.6826093196868896,0.6776691675186157,0.6801303029060364
675,ما هي الفائدة الوظيفية من وجود الكليونات المجاورة للّب؟,تركيز البول,زيادة القدرة على تكثيف البول,تركيز البول,زيادة القدرة على تكثيف البول,0.8314107656478882,0.7736247777938843,0.8014775514602661
676,ما هو السبب الذي يحمي العضلة القلبية من التكزز؟,عدم وجود جهاز تخطيط كهربية العضلات المستمر,طول فترة كامن فعل الليف العضلي القلبي,عدم وجود جهاز تخطيط كهربية العضلات المستمر,طول فترة كامن فعل الليف العضلي القلبي,0.7411118149757385,0.765637993812561,0.7531752586364746
677,ما هو الهرمون الذي يخضع لتأثير مزدوج منبه ومثبط من الوطاء؟,الهرمون المنبه للجريب,GH,الهرمون المنبه للجريب,GH,0.6038045883178711,0.6836680173873901,0.6412593126296997
678,أين تقع المساحة الصغرى في ساحة الحس الأولية عند الإنسان؟,في التلفيف خلف المركزي,الجذع,في التلفيف خلف المركزي,الجذع,0.7186437845230103,0.730732798576355,0.7246378660202026
679,ما هو مصدر الATP الذي تحتاجه الليفات العضلية بشدة؟,الفسفرة التأكسدية في الميتوكوندريا,المتقدرات الغزيرة الموازية للبيفات,الفسفرة التأكسدية في الميتوكوندريا,المتقدرات الغزيرة الموازية للبيفات,0.7522394061088562,0.7689138054847717,0.7604852318763733
680,ما هو الذي يفعل السبيل الخارجي للتخثر؟,تنشيط العامل السابع,رض الأنسجة,تنشيط العامل السابع,رض الأنسجة,0.7015364170074463,0.7065362930297852,0.7040274739265442
681,ما الذي تتناسب معه سرعة انتشار الغاز عبر الغشاء التنفسي عكسياً؟,قابلية ذوبان الغاز,ثخانة الغشاء,قابلية ذوبان الغاز,ثخانة الغشاء,0.7911379933357239,0.7863279581069946,0.7887256145477295
682,ما هي القيمة العظمى لضغط الأوكسجين في الأسناخ عند زيادة التهوية السنخية في الحالات السوية؟,100 ملم زئبقي,149 ملم زئبقي,100 ملم زئبقي,149 ملم زئبقي,0.93731689453125,0.93731689453125,0.93731689453125
683,أين يحدث الامتصاص بشكل أساسي؟,في الأمعاء الدقيقة,الامعاء الدقيقة,في الأمعاء الدقيقة,الامعاء الدقيقة,0.8827291131019592,0.9050182104110718,0.8937346935272217
684,ما هو الهرمون الذي يتم إفرازه نتيجة الشدة (الكروب)؟,الكورتيزول,الكورتيزول,الكورتيزول,الكورتيزول,1.0,1.0,1.0
685,ما هي آلية تحرر شوارد الكالسيوم من الشبكة الهيولية في العضلات الهيكلية؟,فتح قنوات الريانودين,الانتشار,فتح قنوات الريانودين,الانتشار,0.6981139183044434,0.7160108089447021,0.7069491147994995
686,ماذا يسبب التنبيه اللاودي على القلب؟,بطء القلب,تباطؤ ضربات القلب.,بطء القلب,تباطؤ ضربات القلب.,0.8211901187896729,0.8064994812011719,0.8137784600257874
687,ما هو المسؤول عن زوال الاستقطاب؟,دخول أيونات الصوديوم,دخول شوارد الصوديوم,دخول أيونات الصوديوم,دخول شوارد الصوديوم,0.9313356876373291,0.9040087461471558,0.917468786239624
688,ما هو الرقم الهيدروجيني الطبيعي للبول؟,4.6 إلى 8.0,بين 4.7 و 8,4.6 إلى 8.0,بين 4.7 و 8,0.8228521347045898,0.8244256377220154,0.8236380815505981
689,ماذا يحدث عند وصول كمية كبيرة من NaCl إلى اللطخة الكثيفة؟,زيادة إدرار البول التناضحي,تقبيض الشرين الوارد,زيادة إدرار البول التناضحي,تقبيض الشرين الوارد,0.7874873876571655,0.7999370098114014,0.7936633825302124
690,ما هي كمية الدم التي تمر في نقطة معينة من الدوران خلال فترة محددة من الزمن؟,النتاج القلبي,تدفق الدم,النتاج القلبي,تدفق الدم,0.7841537594795227,0.7728086113929749,0.7784398794174194
691,ما هو الانزيم المعوي الذي يقوم بهضم الدسم في الأمعاء؟,الليباز البنكرياسي,الليباز,الليباز البنكرياسي,الليباز,0.7834843993186951,0.8987244367599487,0.837157130241394
692,ماذا يسبب نقص فيتامين B12 وحمض الفوليك؟,فقر الدم الضخم الأرومات,فقر دم زائد الصباغ زائد الحجم,فقر الدم الضخم الأرومات,فقر دم زائد الصباغ زائد الحجم,0.7394014596939087,0.722571849822998,0.7308897972106934
693,ما هي وظيفة الصمامات القلبية؟,منع ارتجاع الدم,توجيه مجرى الدم باتجاه واحد,منع ارتجاع الدم,توجيه مجرى الدم باتجاه واحد,0.7940007448196411,0.7627335786819458,0.7780531644821167
694,ما هو المستوى الذي يعد عليه تنظيم الضغط الشرياني؟,مستوى النخاع المستطيل,الأجهزه,مستوى النخاع المستطيل,الأجهزه,0.7132959961891174,0.7512975931167603,0.7318037152290344
695,ما هو نوع العضلات الذي يمتاز بخاصية الارتخاء بعد الكرب؟,العضلات الملساء,العضلات وحيدة الوحدة الحشوية,العضلات الملساء,العضلات وحيدة الوحدة الحشوية,0.8858181238174438,0.8222599625587463,0.852856457233429
696,ما هو أسرع أجزاء الجهاز الناقل في القلب في توصيل السيالة؟,ألياف بوركينجي,ألياف بوركنج.,ألياف بوركينجي,ألياف بوركنج.,0.8859847784042358,0.8777965307235718,0.8818716406822205
697,ما هو اسم الأسناخ التي يصلها دم ولا يصلها هواء؟,الأسناخ الميتة,التحويلة الفيزيولوجية,الأسناخ الميتة,التحويلة الفيزيولوجية,0.7327983379364014,0.6886464357376099,0.7100366950035095
698,ما هي الطريقة التي يمكن بها تحرير النص الفعال حيوياً بتقنية الأسر الصوتي؟,التبخير الضوئي,تفعيله بالامتصاص مستدعي الفوتونه,التبخير الضوئي,تفعيله بالامتصاص مستدعي الفوتونه,0.7055726647377014,0.6816946268081665,0.6934281587600708
699,ما هي الشاردة ذات التركيز الأكبر داخل العصبون؟,أيونات البوتاسيوم,البوتاسيوم,أيونات البوتاسيوم,البوتاسيوم,0.86301189661026,0.917250394821167,0.8893049955368042
700,ما هو العظم الذي يتمفصل معه الغضروف الطرجهالي؟,العظم الوتدي,الغضروف الحلقي,العظم الوتدي,الغضروف الحلقي,0.8394736051559448,0.785506546497345,0.8115938901901245
701,ماذا يحدث في طور الانقباض الأذيني؟,انقباض الأذينين وملء البطينين بشكل كامل,الصمامات الأذينية البطينية مفتوحة و السينية مغلقة,انقباض الأذينين وملء البطينين بشكل كامل,الصمامات الأذينية البطينية مفتوحة و السينية مغلقة,0.7421334981918335,0.7397891879081726,0.7409594655036926
702,ما هو الحجم الرئوي الذي يزداد مع التقدم بالعمر؟,السعة المتبقية,الحجم المتبقي.,السعة المتبقية,الحجم المتبقي.,0.8871645927429199,0.8788538575172424,0.8829896450042725
703,ما الذي يحرض إفراز عصارة غنية بالإنزيمات الهاضمة من البنكرياس؟,الهرمون كوليسيستوكينين,CCK,الهرمون كوليسيستوكينين,CCK,0.601748526096344,0.7062165141105652,0.6498105525970459
704,ما الذي يتمثل به زوال استقطاب البطينات على مخطط القلب؟,مركب QRS,الموجة QRS.,مركب QRS,الموجة QRS.,0.7984166145324707,0.8068676590919495,0.8026199340820312
705,ما هو العامل المحرض على زيادة إفراز الألدوستيرون؟,فرط الألدوستيرونية الأولي,زيادة تركيز البوتاسيوم في السائل خارج الخلوي,فرط الألدوستيرونية الأولي,زيادة تركيز البوتاسيوم في السائل خارج الخلوي,0.7148025035858154,0.7125733494758606,0.7136862277984619
706,ما هي الطريقة المستخدمة لحل الخثرة إذا تشكلت في أوعية القلب والرئتين؟,استئصال الخثرة,البلازمين,استئصال الخثرة,البلازمين,0.7168059349060059,0.7409223318099976,0.7286646366119385
707,ما الذي تسمح به خاصية الارتخاء بعد الكرب للأعضاء الجوفاء التي تحوي عضلات ملساء؟,التكيف مع زيادة الحجم,المحافظة على مقدار الضغط نفسه على الرغم من تغير الحجم ضمن حدود معينة,التكيف مع زيادة الحجم,المحافظة على مقدار الضغط نفسه على الرغم من تغير الحجم ضمن حدود معينة,0.7656702399253845,0.7441552877426147,0.7547594904899597
708,ما هو معدل التهوية السنخية؟,حجم الهواء السنخي في الدقيقة,كمية الهواء الذي يصل للمناطق التنفسية مضروب,حجم الهواء السنخي في الدقيقة,كمية الهواء الذي يصل للمناطق التنفسية مضروب,0.7732722759246826,0.752498984336853,0.7627441883087158
709,متى يتوقف التقلص العضلي؟,عند استنفاد الكالسيوم,ارتباط الكالسيوم بالتربونين,عند استنفاد الكالسيوم,ارتباط الكالسيوم بالتربونين,0.8361876010894775,0.8299621939659119,0.8330632448196411
710,ما هي عصبونات المرتبة الثانية في المسلك الظهري؟,عصبونات العمود الظهري الخلفي,النواتين الناحلة واإلسفينية,عصبونات العمود الظهري الخلفي,النواتين الناحلة واإلسفينية,0.6961387395858765,0.6653985977172852,0.6804216504096985
711,ما هو القشراني المعدني الرئيسي؟,كورتيزول,الالدوسترون (معدني),كورتيزول,الالدوسترون (معدني),0.706549882888794,0.6789047718048096,0.692451536655426
712,ما هي أقل أنسجة الجسم البشري احتواءً على الماء؟,النسيج الدهني,الدهنى,النسيج الدهني,الدهنى,0.7973058819770813,0.8433078527450562,0.8196619153022766
713,ما هو طليعة الانزيم الذي يتحول إلى شكله الفعال تحت تأثير الخنثرين؟,زيموجين,العامل الحادي عشر,زيموجين,العامل الحادي عشر,0.681548535823822,0.6695614457130432,0.675501823425293
714,ما هي الآلية التي يستطيع من خلالها الجهاز التنفسي تأمين كميات كبيرة من الأكسجين أثناء التمارين المجهدة؟,زيادة التهوية الرئوية والتروية الدموية,يحصل كامل التبادل الغازي للأكسجين خلال قطع الدم ثلث المسافة عبر الوعاء الشعري.,زيادة التهوية الرئوية والتروية الدموية,يحصل كامل التبادل الغازي للأكسجين خلال قطع الدم ثلث المسافة عبر الوعاء الشعري.,0.7091078758239746,0.6759061217308044,0.6921090483665466
715,ما الذي يحول الببسين إلى مولد ببسين؟,حمض الهيدروكلوريك,حمض كلور الماء,حمض الهيدروكلوريك,حمض كلور الماء,0.7538821697235107,0.8183773756027222,0.7848069667816162
716,ما هي الوظائف التي يتآزر فيها الجهازان الودي واللاودي؟,تنظيم ضغط الدم ومعدل ضربات القلب,تنظيم افراز اللعاب,تنظيم ضغط الدم ومعدل ضربات القلب,تنظيم افراز اللعاب,0.7475781440734863,0.7699373364448547,0.7585930824279785
717,من أين يتم إفراز الإريثروبويتين؟,الكلى,الكلية,الكلى,الكلية,0.7307484745979309,0.75071781873703,0.7405985593795776
718,ما الجزء من الأجسام الضدية من IgG التي يتم قطعها وأخذها في المراكز الحديثة؟,المنطقة المتغيرة (Fab),الجزء المفرط التغير,المنطقة المتغيرة (Fab),الجزء المفرط التغير,0.7497202754020691,0.7905977368354797,0.7696165442466736
719,ما الذي يؤدي إلى نقصان حجم الدفقة بزيادته؟,تضخم البروستاتا,معدل دقات القلب.,تضخم البروستاتا,معدل دقات القلب.,0.7102436423301697,0.7447348833084106,0.7270805239677429
720,ما تدعى الترنجات العشوائية لشدة الإشعاع المترابط المنتشرة انتشاراً متعدداً؟,بقع كوت,البقع,بقع كوت,البقع,0.7573710083961487,0.7642256021499634,0.760782778263092
721,ما هو المسؤول عن إعادة الاستقطاب؟,تدفق البوتاسيوم للخارج,دخول شوارد الصوديوم,تدفق البوتاسيوم للخارج,دخول شوارد الصوديوم,0.7693396806716919,0.7919268608093262,0.7804698348045349
722,ما هي المادة التي تشتق منها الهرمونات الأمينية؟,التيروزين,التيروزين,التيروزين,التيروزين,1.0,1.0,1.0
723,كيف يؤدي التأثير الحاصر غير المباشر تأثيره على الجهاز العصبي المستقل؟,منع إعادة امتصاص النورأدرينالين,إنقاص فعالية العصبون قبل المشبكي,منع إعادة امتصاص النورأدرينالين,إنقاص فعالية العصبون قبل المشبكي,0.7249487638473511,0.7196173667907715,0.7222732305526733
724,ما هو الطريق الهندسي الذي يمكن للضوء أن يقطعه في الخلاء مضروبا بقرينة انكسار الوسط؟,الطول البصري,المسار الضوئي,الطول البصري,المسار الضوئي,0.8393394947052002,0.8329182863235474,0.8361165523529053
725,ما هي الألياف العصبية التي تتميز بالنقل القفزي؟,الألياف الميالينية,الألياف المغمدة بالنخاعين,الألياف الميالينية,الألياف المغمدة بالنخاعين,0.8441554307937622,0.7752715349197388,0.8082485198974609
726,ما هو الكمون تقريباً عندما يتكون الليف نفوذ لشوارد البوتاسيوم فقط؟,حوالي 90- ميلي فولت,سالب 94 ميلي فولط,حوالي 90- ميلي فولت,سالب 94 ميلي فولط,0.6935825347900391,0.6790153980255127,0.6862216591835022
727,ماذا ينقص في حال نقص المتناول من الماء؟,الجفاف,حجم البول,الجفاف,حجم البول,0.7498770952224731,0.7580347657203674,0.753933846950531
728,ما هو الجزء الذي يملك فعالية ATPase؟,رأس الميوسين,رأس الميوزين,رأس الميوسين,رأس الميوزين,0.9668687582015991,0.9668687582015991,0.9668687582015991
729,أين يوجد مركز العطش؟,تحت المهاد,الوطاء,تحت المهاد,الوطاء,0.8199813961982727,0.8328530788421631,0.8263671398162842
730,أين يحدث الامتصاص بشكل رئيسي؟,الأمعاء الدقيقة,أمعاء دقيقة,الأمعاء الدقيقة,أمعاء دقيقة,0.7675107717514038,0.8150710463523865,0.7905762791633606
731,ما هو الناقل العصبي الذي تحرره الألياف قبل العقدية في القسمين الودي ونظير الودي؟,أستيل كولين,الأستيل كولين,أستيل كولين,الأستيل كولين,0.8736711144447327,0.8585577011108398,0.8660484552383423
732,ما هو الصوت الذي يسمع عند بدء الانبساط البطيني؟,الصوت القلبي الثاني,الثاني,الصوت القلبي الثاني,الثاني,0.6858620047569275,0.7709571123123169,0.7259243130683899
733,ما الذي يُنقص الإفراز المعدي؟,مثبطات مضخة البروتون,السكرتين,مثبطات مضخة البروتون,السكرتين,0.6881757378578186,0.7506875395774841,0.7180737257003784
734,كيف يتم إلغاء التأثير التثبيطي للتروبونين؟,ربط الكالسيوم بالتروبونين سي,الكالسيوم,ربط الكالسيوم بالتروبونين سي,الكالسيوم,0.7195805311203003,0.845784604549408,0.7775951623916626
735,ما هي الوظائف التي يتآزر فيها القسمين الودّي ونظير الودّي للجهاز العصبي المستقل؟,التحكم في حجم الحدقة,تنظيم إفراز اللعاب,التحكم في حجم الحدقة,تنظيم إفراز اللعاب,0.7487698197364807,0.7551104426383972,0.7519267797470093
736,ماذا يؤدي نقص تركيز الأوكسجين في الأسناخ؟,نقص أكسجة الدم,تقبض الأوعية الدموية لهذه الأسناخ.,نقص أكسجة الدم,تقبض الأوعية الدموية لهذه الأسناخ.,0.7299232482910156,0.7087513208389282,0.719181478023529
737,ما هي الظاهرة التي تحدث عندما تتجمع المراكز المثارة ويستطيع الإشعاع أن ينتشر مرات كثيرة؟,الانتشار الإشعاعي المتعدد,الانتثار المتعدد,الانتشار الإشعاعي المتعدد,الانتثار المتعدد,0.8539535999298096,0.9094765782356262,0.8808410167694092
738,ما هو المسؤول عن تحفيز تحرر الكالسيوم من الشبكة الهيولية؟,مستقبلات الريانودين,كامن الفعل,مستقبلات الريانودين,كامن الفعل,0.6790043115615845,0.7071568965911865,0.6927947402000427
739,ما هي آلية عمل الحاصرات الغير مباشرة في الجهاز العصبي المستقل؟,تثبيط استرداد النورأدرينالين,تنقص فعالية العصبون قبل المشبكي,تثبيط استرداد النورأدرينالين,تنقص فعالية العصبون قبل المشبكي,0.7149590849876404,0.732624351978302,0.7236839532852173
740,ما هو نمط المستقبلات الموجودة في العضو؟,مستقبلات كيميائية,إرخاء مصرة المثانة,مستقبلات كيميائية,إرخاء مصرة المثانة,0.6595298051834106,0.6639021635055542,0.6617087721824646
741,ما الذي يؤدي إلى انخفاض ضغط الدم عند زيادته؟,توسع الأوعية الدموية,قطر الاوعية الدموية,توسع الأوعية الدموية,قطر الاوعية الدموية,0.8453876376152039,0.855944037437439,0.8506330847740173
742,ما هي الحالات التي تنقص فيها سرعة موجة النبض؟,تصلب الشرايين، قصور الأبهري، قصور القلب,بازدياد المرونة.,تصلب الشرايين، قصور الأبهري، قصور القلب,بازدياد المرونة.,0.6829361915588379,0.7277004718780518,0.7046080827713013
743,ما هي الخلايا التي تستجيب للعصبونات بعد العقد اللاودية؟,الخلايا الغدية الإفرازية,الأستيل كولين,الخلايا الغدية الإفرازية,الأستيل كولين,0.6942381858825684,0.704500675201416,0.6993318200111389
744,ما هو الجزء من النفرون الكتيم تماماً للماء؟,الأنبوب الجامع,الجزء الصاعد من عروة هانله,الأنبوب الجامع,الجزء الصاعد من عروة هانله,0.6792745590209961,0.6730071306228638,0.6761263012886047
745,أين يتم تخرب الكريات الحمر بشكل رئيسي؟,الطحال,الطحال,الطحال,الطحال,0.9999997615814209,0.9999997615814209,0.9999997615814209
746,ما هو العامل الأساسي الذي يحدد ارتباط الخضاب بالأوكسجين؟,ضغط الأكسجين الجزئي,ضغط الأوكسجين في الدم.,ضغط الأكسجين الجزئي,ضغط الأوكسجين في الدم.,0.8279144763946533,0.8553557395935059,0.8414114713668823
747,ما هو العامل الذي تفرزه الكلية ويؤثر في تشكيل الكريات الحمر؟,الإريثروبويتين,التروميو موديولين,الإريثروبويتين,التروميو موديولين,0.7553943991661072,0.7558332681655884,0.7556138038635254
748,إلام يؤدي زيحان منحنى تفارق الأكسجين الخضاب نحو اليمين؟,زيادة تقارب الأكسجين للهيموغلوبين,نقص النسبة المئوية لإشباع الخضاب بالأكسجين,زيادة تقارب الأكسجين للهيموغلوبين,نقص النسبة المئوية لإشباع الخضاب بالأكسجين,0.801720142364502,0.7579100131988525,0.7791997790336609
749,ما الذي يشكل غمد النخاعين في الجهاز العصبي المركزي؟,الخلايا الدبقية قليلة التغصن,الخلايا الدبقية قليلة التغصنات,الخلايا الدبقية قليلة التغصن,الخلايا الدبقية قليلة التغصنات,0.9823755621910095,0.9823755621910095,0.9823755621910095
750,ما الذي يثبط إفراز الـ FSH؟,الإستراديول والإنهيبين,البروجسترون,الإستراديول والإنهيبين,البروجسترون,0.7441151142120361,0.7989422082901001,0.7705546021461487
751,ماذا تمثل الموجة QRS؟,انقباض البطينين,زوال استقطاب البطينين,انقباض البطينين,زوال استقطاب البطينين,0.9005315899848938,0.8740755319595337,0.8871062994003296
752,ما الذي يعتمد عليه هرمون النمو في تأثيره على الخلية الهدف؟,مستقبلات سطح الخلية,السوماتوميدين,مستقبلات سطح الخلية,السوماتوميدين,0.6871421337127686,0.7038686275482178,0.6954047679901123
753,ما الذي يضمن سرعة توصيل كامن الفعل إلى جميع أنحاء الليف العضلي؟,نظام الأنابيب المستعرضة,انابيب المستعرضة,نظام الأنابيب المستعرضة,انابيب المستعرضة,0.8245276212692261,0.8380153179168701,0.8312167525291443
754,ما الذي يسمع بوضوح في الحالة الطبيعية للإنسان؟,أصوات القلب والرئتين,الصوتان الأول و الثاني,أصوات القلب والرئتين,الصوتان الأول و الثاني,0.6618424654006958,0.6623010635375977,0.662071704864502
755,ماذا يحدث لمعدل الترشيح الكبيبي عندما يصبح ضغط الدم 100 ممز؟,يزداد معدل الترشيح الكبيبي,يبقي ثابتا,يزداد معدل الترشيح الكبيبي,يبقي ثابتا,0.6916673183441162,0.7296314239501953,0.7101423740386963
756,ما هو المستوى الذي يعد عليه تنظيم الضغط الشرياني؟,مستوى النخاع المستطيل,الأجهزة,مستوى النخاع المستطيل,الأجهزة,0.6646734476089478,0.7423940300941467,0.7013872265815735
757,ما الذي يثبط فعالية جهاز الهضم؟,الجهاز العصبي نظير الودي,التنبيه اللاودي.,الجهاز العصبي نظير الودي,التنبيه اللاودي.,0.7309056520462036,0.757314920425415,0.7438759207725525
758,ما هي الأسباب التي تُعزى إليها ظاهرة الانتشار الخلفي المترابط؟,اعتلال الأعصاب المحيطية السكري,تموضع ضعيف,اعتلال الأعصاب المحيطية السكري,تموضع ضعيف,0.6334695816040039,0.6772890090942383,0.6546468138694763
759,ما الذي يحدث مباشرة قبل صوت القلب الثاني؟,إغلاق الصمام الأبهري والصمام الرئوي,الموجة T.,إغلاق الصمام الأبهري والصمام الرئوي,الموجة T.,0.6569262742996216,0.684626579284668,0.6704904437065125
760,ما هو الأنزيم المعوي الذي يحول مولد التربسين إلى تربسين؟,إنتروبيبتيداز,الإنتيروكيناز,إنتروبيبتيداز,الإنتيروكيناز,0.7517139911651611,0.7591639757156372,0.7554206252098083
761,ما هي أهمية التأخير الذي يحدث أثناء مرور كامن الفعل في العقدة الأذينية البطينية؟,تأخير التوصيل الأذيني البطيني,كل ما سبق صحيح.,تأخير التوصيل الأذيني البطيني,كل ما سبق صحيح.,0.6300801038742065,0.681460440158844,0.6547638177871704
762,ما هو سبب ظهور طور الهضبة في كامن فعل العضلة القلبية؟,تدفق الكالسيوم البطيء إلى الداخل,دخول شوارد الكالسيوم.,تدفق الكالسيوم البطيء إلى الداخل,دخول شوارد الكالسيوم.,0.7764976024627686,0.8556891679763794,0.8141722083091736
763,ما الأقنية التي يسبب انتفاحها بطور الهضبة في كمون عمل الليف العضلي القلبي؟,أقنية الكالسيوم من النوع L,الكالسيوم,أقنية الكالسيوم من النوع L,الكالسيوم,0.742266058921814,0.8521116971969604,0.7934049367904663
764,ما هو المخطط الذي عبارة عن صندوق ذو قرنين ممتدين بشكل موازي للمحور الشاقولي الذي تتوزع عليه القياسات؟,مخطط الصندوق والشارب,المخطط الصندوقي,مخطط الصندوق والشارب,المخطط الصندوقي,0.8110623359680176,0.8609315156936646,0.8352532386779785
765,ما هو المقياس الذي يسمح بترتيب السمات دون اعتبار لتساوي الفروق بين أي رتبتين؟,مقياس ترتيبي,الرتبي,مقياس ترتيبي,الرتبي,0.7214516401290894,0.7353401184082031,0.7283296585083008
766,ماذا يعني أن تكون قيمة معامل الارتباط تساوي −0.92؟,ارتباط عكسي قوي جداً,وجود علاقة عكسية قوية,ارتباط عكسي قوي جداً,وجود علاقة عكسية قوية,0.8730366230010986,0.8926060199737549,0.8827128410339355
767,ما هي مصادر البيانات السكانية؟,السجلات الحيوية والتعدادات والمسوح,التعداد ومسوح العينة والسجلات السكانية,السجلات الحيوية والتعدادات والمسوح,التعداد ومسوح العينة والسجلات السكانية,0.8075810670852661,0.8116582036018372,0.8096144795417786
768,ماذا نحصل عليه بعد تحديد مجتمع الدراسة والعينة وقياس قيم المتغير على أفراد العينة؟,البيانات البحثية,البيانات الخام,البيانات البحثية,البيانات الخام,0.8277022838592529,0.8051118850708008,0.8162508010864258
769,ما هو نوع المتغير الذي يمثله عدد الكريات الحمر؟,متغير كمي مستمر,عشوائي منفصل,متغير كمي مستمر,عشوائي منفصل,0.7320892214775085,0.7188698053359985,0.725419282913208
770,ما هو المقياس الذي تكون فيه قيمة الصفر نسبية وليست مطلقة؟,مقياس الفاصل,المقياس الفتروي,مقياس الفاصل,المقياس الفتروي,0.8470306396484375,0.8302837610244751,0.8385736346244812
771,ما هو مخطط تنظيم البيانات الذي يشبه أسلوب الجداول التكرارية والأعمدة؟,جدول توزيع التكرارات,مخطط الساق والورقة,جدول توزيع التكرارات,مخطط الساق والورقة,0.7699019908905029,0.7561027407646179,0.7629399299621582
772,ما هو التوقع الرياضي للعدد الثابت؟,القيمة المتوقعة,العدد الثابت ذاته,القيمة المتوقعة,العدد الثابت ذاته,0.7633451223373413,0.7412999868392944,0.7521610260009766
773,ما هو التوزيع المستخدم من أجل اختبار الفروض حول معامل الارتباط الخطي؟,توزيع t للطالب,ستيودنت بدرجة حرية n-2,توزيع t للطالب,ستيودنت بدرجة حرية n-2,0.7115969061851501,0.6923298835754395,0.7018311619758606
774,ما هو الإحصاء الذي يسعى لعرض وتوضيح سلوك الظاهرة؟,الإحصاء الوصفي,إحصاء وصفي,الإحصاء الوصفي,إحصاء وصفي,0.8102318048477173,0.8525626063346863,0.8308584690093994
775,ما هو الغرض الرئيسي من حساب معامل الارتباط الخطي؟,قياس قوة واتجاه العلاقة الخطية بين متغيرين,قياس قوة العلاقة الخطية بين متغيرين,قياس قوة واتجاه العلاقة الخطية بين متغيرين,قياس قوة العلاقة الخطية بين متغيرين,0.9349526762962341,0.979293167591095,0.9566094279289246
776,ما هو الخط المنكسر الذي يصل النقاط التي فواصلها مراكز الفئات وترتيبها تكرارات الفئات؟,المضلع التكراري,المضلع التكراري,المضلع التكراري,المضلع التكراري,0.9999998807907104,0.9999998807907104,0.9999998807907104
777,من أين نحصل على المصادر الداخلية لجمع البيانات؟,السجلات الطبية والتقارير السريرية,داخل الشركة أو المؤسسة,السجلات الطبية والتقارير السريرية,داخل الشركة أو المؤسسة,0.6997883319854736,0.7180569171905518,0.7088049054145813
778,ما هو الإحصاء؟,جمع وتحليل البيانات الصحية,أي دالة في العينة لا تتبع وسيط مجهول,جمع وتحليل البيانات الصحية,أي دالة في العينة لا تتبع وسيط مجهول,0.6276730298995972,0.6263683438301086,0.6270199418067932
779,ماذا يحتسب اليوم إذا قُبل المريض في يوم وتخرج في نفس اليوم؟,يوم دخول,مدة استشفاء,يوم دخول,مدة استشفاء,0.7926753163337708,0.7801541090011597,0.7863648533821106
780,ما هي طريقة جمع البيانات التي تتناسب مع الأطفال؟,الملاحظة المباشرة,الملاحظة,الملاحظة المباشرة,الملاحظة,0.7643218040466309,0.8336836099624634,0.7974973917007446
781,ما هي الدراسات التي بحكم الميدان تنفيذ العمل وجمع البيانات؟,الدراسات الميدانية,الدراسات الكيفية,الدراسات الميدانية,الدراسات الكيفية,0.8650388121604919,0.8884275555610657,0.8765771389007568
782,ما هو الغرض من استخدام الجداول التكرارية؟,تنظيم وعرض البيانات الإحصائية,البيانات الوصفية والكمية,تنظيم وعرض البيانات الإحصائية,البيانات الوصفية والكمية,0.7589486837387085,0.7648620009422302,0.7618938684463501
783,ما هما نوعا البيانات الموجودان؟,البيانات النوعية والكمية,كمية ووصفية,البيانات النوعية والكمية,كمية ووصفية,0.8145769238471985,0.8158863186836243,0.8152310848236084
784,ما الذي تعطينا إياه دالة التوزيع الاحتمالي المتجمع؟,الاحتمال التراكمي لحدوث قيمة معينة,احتمال ان ياخد المتغير العشوائى x قيمه اقل او تساوى قيمه محددة,الاحتمال التراكمي لحدوث قيمة معينة,احتمال ان ياخد المتغير العشوائى x قيمه اقل او تساوى قيمه محددة,0.6897791028022766,0.6661336421966553,0.6777502298355103
785,كل متى يتكرر التعداد السكاني عادة؟,كل عشر سنوات,عشرة أعوام,كل عشر سنوات,عشرة أعوام,0.810267984867096,0.787972629070282,0.79896479845047
786,ما هو الفارق في عدد السكان بين تعدادين متعاقبين تفصلهما فترة معينة كعشر سنوات؟,النمو السكاني,التغير المطلق,النمو السكاني,التغير المطلق,0.7477279901504517,0.7318885326385498,0.7397235035896301
787,ما هو المسجل الذي يهدف إلى تجميع المعلومات عن المرضى؟,السجل الطبي الإلكتروني,السجلات الطبية,السجل الطبي الإلكتروني,السجلات الطبية,0.7686373591423035,0.8539601564407349,0.8090554475784302
788,ما هي من أقدم الطرق المستخدمة لجمع البيانات لمراقبة الكثير من الظواهر لا سيما التي يصعب السؤال عنها؟,المراقبة المباشرة,الملاحظة أو المشاهدة,المراقبة المباشرة,الملاحظة أو المشاهدة,0.7488789558410645,0.7428147196769714,0.745834469795227
789,ما هو المقياس المستخدم لوصف حالة التدخين (مدخن - غير مدخن)؟,مؤشر علبة-سنة,الاسمي,مؤشر علبة-سنة,الاسمي,0.6923865079879761,0.7368298768997192,0.7139171957969666
790,ما هي الطريقة التي يتم بها الحصول على بيانات تتعلق بضغط الدم وسرعة نبضات القلب ونسبة الكوليسترول في الدم لعينة من المرضى خلال فترة أسبوع؟,المراقبة المستمرة عن بعد,التسجيل,المراقبة المستمرة عن بعد,التسجيل,0.6985703706741333,0.7769997119903564,0.7357007265090942
791,ما هي وظائف السجلات الطبية؟,توثيق الرعاية الصحية,ترميز الامراض والعمليات .,توثيق الرعاية الصحية,ترميز الامراض والعمليات .,0.7671419382095337,0.7532974481582642,0.7601566314697266
792,ما هو المقياس الذي يمكن استخدام الطرق الإحصائية الوسيطية فيه؟,مقياس رتبي,النسبي,مقياس رتبي,النسبي,0.7160581946372986,0.7410408854484558,0.7283353209495544
793,ما هو التوزيع الذي يتبعه مربع المتغير العشوائي Z² إذا كان للمتغير العشوائي Z توزيع طبيعي معياري؟,توزيع مربع كاي بدرجة حرية واحدة,توزيع كاي مربع بدرجة حرية واحدة,توزيع مربع كاي بدرجة حرية واحدة,توزيع كاي مربع بدرجة حرية واحدة,0.9760186076164246,0.9760186672210693,0.9760186076164246
794,ما هي المنظمة التي وضعت التصنيف الدولي للأمراض؟,منظمة الصحة العالمية,منظمة الصحة العالمية .,منظمة الصحة العالمية,منظمة الصحة العالمية .,0.8441136479377747,0.8316517472267151,0.8378363847732544
795,ما هي الجهة المسؤولة عن السجلات الطبية؟,إدارة السجلات الطبية,قسم السجلات الطبية في المشفى,إدارة السجلات الطبية,قسم السجلات الطبية في المشفى,0.8849697113037109,0.8171185255050659,0.8496917486190796
796,ما هو التوقع الرياضي لمتحول عشوائي يخضع لتوزيع برنولي؟,احتمال النجاح,P,احتمال النجاح,P,0.6210938692092896,0.6762763857841492,0.6475116014480591
797,ما هو التصنيف الدولي للأمراض؟,التصنيف الدولي للأمراض والمشكلات الصحية ذات الصلة,ثلاثة أجزاء .,التصنيف الدولي للأمراض والمشكلات الصحية ذات الصلة,ثلاثة أجزاء .,0.5534557700157166,0.6346007585525513,0.5912571549415588
798,ما هو المستقيم الذي يكون منحنى التوزيع الطبيعي المعياري مناظراً حوله؟,المتوسط الحسابي,x=0,المتوسط الحسابي,x=0,0.5877343416213989,0.6143985390663147,0.6007707118988037
799,ما هي أيام الخدمة الإجمالية للمرضى الداخليين؟,مجموع أيام إقامة المرضى,مجموع خدمة جميع المرضى الداخليين خلال مدة معينة,مجموع أيام إقامة المرضى,مجموع خدمة جميع المرضى الداخليين خلال مدة معينة,0.8243222236633301,0.7489277124404907,0.7848183512687683
800,ما هي قيمة معامل التجديد؟,1.5,مربع معامل الارتباط الخطي,1.5,مربع معامل الارتباط الخطي,0.6176341772079468,0.59311842918396,0.6051281094551086
801,ما هي وحدة المعاينة؟,الوحدة الأساسية للرعاية الصحية,عنصر من العينة,الوحدة الأساسية للرعاية الصحية,عنصر من العينة,0.7244763374328613,0.7407959699630737,0.7325453162193298
802,ما هو الجدول التكراري الذي يضم عدد البيانات في فئة معينة وكل الفئات التي تسبقها؟,التوزيع التكراري التراكمي,تكرار المجتمع الصاعد,التوزيع التكراري التراكمي,تكرار المجتمع الصاعد,0.7698627710342407,0.773727536201477,0.7717903256416321
803,ما هو معدل الوفيات في المشفى؟,معدل الوفيات داخل المستشفى,عدد الوفيات خلال فترة زمنية محددة على عدد المتخرجين والوفيات في نفس الفترة مضروب بـ 100,معدل الوفيات داخل المستشفى,عدد الوفيات خلال فترة زمنية محددة على عدد المتخرجين والوفيات في نفس الفترة مضروب بـ 100,0.7984871864318848,0.7216451168060303,0.7581239938735962
804,ما هو متوسط التوزيع الاحتمالي في تجربة رمي قطعة نقود 3 مرات متتالية حيث x تدل على عدد ظهور H؟,التوزيع ذو الحدين,1.5,التوزيع ذو الحدين,1.5,0.6184666156768799,0.6379073858261108,0.628036618232727
805,ما هو المجتمع الإحصائي (الجمهرة)؟,جميع الأفراد محل الدراسة,التي تشترك فيما بينها ببعض الخواص والمميزات,جميع الأفراد محل الدراسة,التي تشترك فيما بينها ببعض الخواص والمميزات,0.6865460276603699,0.6033133864402771,0.642244279384613
806,ما هو الرسم البياني الذي يتكون من مجموعة من الأعمدة المتجاورة المقامة على المحور الأفقي الذي تمثل عليه حالات الصفة المدروسة عندما تكون البيانات وصفية وفترات الفئات عندما تكون البيانات كمية ويساوي ارتفاع كل عمود تكرارات الفئة المقام عليها؟,المدرج التكراري,المدرج التكراري,المدرج التكراري,المدرج التكراري,1.0,1.0,1.0
807,ما هي طريقة جمع البيانات التي من أمثلتها قياس شدة تأثير نوع من الهرمونات في مجموعة من الفئران؟,التجربة المعملية,التجربة,التجربة المعملية,التجربة,0.8289434909820557,0.8899722099304199,0.8583744168281555
808,ما نوع المتغير الذي يمثله طول شخص بالغ وقياس السكر في الدم؟,متغير كمي مستمر,عشوائي مستمر,متغير كمي مستمر,عشوائي مستمر,0.7998772859573364,0.7745695114135742,0.7870199680328369
809,متى يكون المجتمع غير متجانس في العينة غير العشوائية؟,عندما لا تمثل العينة المجتمع بدقة,الحصصية,عندما لا تمثل العينة المجتمع بدقة,الحصصية,0.652029812335968,0.6662306189537048,0.6590537428855896
810,ما الذي يعتمد عليه توزيع ستيودنت؟,توزيع الطلاب حسب الأداء الأكاديمي,درجة الحرية,توزيع الطلاب حسب الأداء الأكاديمي,درجة الحرية,0.6674785017967224,0.730497419834137,0.6975675821304321
811,ما هي محتويات السجل الطبي؟,التاريخ الطبي، الفحوصات، التشخيص، الخطة العلاجية,صفحة الموافقة على العلاج,التاريخ الطبي، الفحوصات، التشخيص، الخطة العلاجية,صفحة الموافقة على العلاج,0.7129911184310913,0.7411651611328125,0.7268052101135254
812,ما هو التصنيف الدولي للأمراض وما الغرض من الرموز والأرقام المستخدمة فيه؟,التصنيف الإحصائي الدولي للأمراض والمشكلات الصحية ذات الصلة,عن الامراض .,التصنيف الإحصائي الدولي للأمراض والمشكلات الصحية ذات الصلة,عن الامراض .,0.6275096535682678,0.7236208915710449,0.6721469163894653
813,ما نوع العينة التي نسحبها إذا كنا أمام مجتمع غير متجانس؟,عينة طبقية,طبقية,عينة طبقية,طبقية,0.8604899644851685,0.9074864387512207,0.8833635449409485
814,ما هو الغرض من استخدام الجداول التكرارية في عرض البيانات؟,تنظيم وعرض البيانات بشكل منظم,الكمية والاسمية,تنظيم وعرض البيانات بشكل منظم,الكمية والاسمية,0.648168683052063,0.6653686165809631,0.65665602684021
815,ما هي الطريقة التي يتم بها الحصول على بيانات تتعلق بضغط الدم ونسبة الكوليسترول بالدم لعينة من المرضى خلال فترة زمنية معينة؟,دراسة طولية,الملاحظة أو المشاهدة,دراسة طولية,الملاحظة أو المشاهدة,0.7284194827079773,0.6501240134239197,0.6870483160018921
816,ما هي أعلى مستويات القياس؟,المستوى النسبي,المقياس الرتبي,المستوى النسبي,المقياس الرتبي,0.8084894418716431,0.7854877710342407,0.7968226671218872
817,ما هو الهدف من تغيير الطرائق في الدراسات بالنسبة للبيانات؟,منع التحيز في جمع البيانات,أفضل دقة ممكنة,منع التحيز في جمع البيانات,أفضل دقة ممكنة,0.6667787432670593,0.6833388209342957,0.6749572157859802
818,ما هي طريقة جمع البيانات التي تمتاز بالتكلفة العالية؟,المقابلات الشخصية,المقابلة الشخصية,المقابلات الشخصية,المقابلة الشخصية,0.9706900119781494,0.9706900119781494,0.9706900119781494
819,ما هو الفارق في عدد السكان بين تعدادين متعاقبين تفصلهما فترة معينة كعشر سنوات؟,النمو السكاني,التغير المطلق,النمو السكاني,التغير المطلق,0.7477279901504517,0.7318885326385498,0.7397235035896301
820,ما هو الجزء من الإحصاء الذي يعنى بوصف طبيعة وسلوك الظاهرة المدروسة وعرضها؟,الإحصاء الوصفي,الإحصاء الوصفي,الإحصاء الوصفي,الإحصاء الوصفي,1.0,1.0,1.0
821,ما هي الفئة التي تشكل قاعدة الهرم السكاني؟,الفئة العمرية الشابة,الأطفال,الفئة العمرية الشابة,الأطفال,0.6897852420806885,0.7466080188751221,0.7170727252960205
822,ما هي فرضية العدم لاختبار الفرضيات حول معامل الارتباط الخطي لبيرسون؟,معامل الارتباط يساوي صفر,قيمة معامل ارتباط المجتمع تساوي الصفر,معامل الارتباط يساوي صفر,قيمة معامل ارتباط المجتمع تساوي الصفر,0.775521993637085,0.7676456570625305,0.771563708782196
823,ما هو التكرار المتجمع الهابط لفئة معينة؟,التكرار المتجمع الهابط,عدد البيانات في الفئة والفئات التي تليها,التكرار المتجمع الهابط,عدد البيانات في الفئة والفئات التي تليها,0.6285088062286377,0.6374858021736145,0.6329655051231384
824,ما هو التوزيع الذي تتبعه التجربة الثنائية الوحيدة؟,توزيع برنولي,البرنولي,توزيع برنولي,البرنولي,0.7467724084854126,0.7734271287918091,0.7598660588264465
825,ما هو نتاج العوامل المؤثرة في النمو السكاني من مواليد ووفيات وهجرة؟,التغير السكاني,التركيب العمري,التغير السكاني,التركيب العمري,0.7929485440254211,0.8213286399841309,0.8068891167640686
826,ما هو المقياس المستخدم لقياس خضاب الدم؟,غرام لكل ديسيلتر,النسبي,غرام لكل ديسيلتر,النسبي,0.6986279487609863,0.7238613367080688,0.711020827293396
827,ما هو نوع المصدر الذي تمثله البيانات التي نحصل عليها من الشركة أو المؤسسة من واقع مستنداتها وسجلاتها وفواتيرها وتقاريرها الدورية؟,المصادر الداخلية,داخلي,المصادر الداخلية,داخلي,0.7138776183128357,0.7687121033668518,0.74028080701828
828,ما هي الجهة المسؤولة عن السجلات الطبية؟,إدارة السجلات الطبية,قسم السجلات الطبيه فى المشفى,إدارة السجلات الطبية,قسم السجلات الطبيه فى المشفى,0.8620271682739258,0.7680186033248901,0.8123120665550232
829,ما هو نوع الإحصاء الذي يتضمن جمع البيانات وتنظيمها وتوصيفها وتبويبها وتلخيصها؟,الإحصاء الوصفي,الوصفي,الإحصاء الوصفي,الوصفي,0.8409166932106018,0.8629951477050781,0.8518129587173462
830,ما نوع العينة التي تمثلها مجموعة من المرضى الذين يراجعون طبيباً معيناً عندما يجري عليهم دراسة؟,عينة غير احتمالية,مصادفة,عينة غير احتمالية,مصادفة,0.741926908493042,0.7539745569229126,0.7479022145271301
831,ما نوع العلاقة إذا كانت قيمة بيرسون R=0.92؟,علاقة خطية قوية موجبة,طردية قوية,علاقة خطية قوية موجبة,طردية قوية,0.7863345146179199,0.7940625548362732,0.7901795506477356
832,ما هي وحدة المعاينة؟,الوحدة الأساسية للرعاية الصحية,عنصر من العينة,الوحدة الأساسية للرعاية الصحية,عنصر من العينة,0.7244763374328613,0.7407959699630737,0.7325453162193298
833,ما هي الطريقة التي يتم بها الحصول على بيانات تتعلق بضغط الدم وسرعة نبضات القلب ونسبة الكولسترول في الدم لعينة من المرضى خلال فترة أسبوع؟,المراقبة المستمرة عن بعد,الملاحظة أو المشاهدة,المراقبة المستمرة عن بعد,الملاحظة أو المشاهدة,0.716282844543457,0.7147257328033447,0.715503454208374
834,ما نوع الارتباط بين المتغير العشوائي X والمتغير التابع Y إذا كان تزايد X يؤدي إلى تزايد Y؟,ارتباط طردي,إيجابي,ارتباط طردي,إيجابي,0.8044663667678833,0.7843129634857178,0.7942618131637573
835,"ماذا تعبر عنه العبارة ""احتمال أي حدث لا يزيد عن الواحد""؟",الاحتمال الشرطي,المسلمة الاحتمالية,الاحتمال الشرطي,المسلمة الاحتمالية,0.86249840259552,0.8481311798095703,0.8552544116973877
836,ما تسمى الظاهرة التي يحدث فيها انحدار معدل أطوال الأبناء من معامل المجتمع؟,الانحدار نحو المتوسط,الانحدار نحو المعدل,الانحدار نحو المتوسط,الانحدار نحو المعدل,0.9220969676971436,0.8842363357543945,0.902769923210144
837,ما هي التقديرات التي تستخدم لتقدير نسبة النجاح لمجتمع؟,معدلات النجاح,التقدير النقطي,معدلات النجاح,التقدير النقطي,0.7510267496109009,0.7614560127258301,0.7562054395675659
838,ما نوع المتغير العشوائي الذي يدل على عدد القذفات عند قذف قطعة نقود حتى يظهر الوجه H للمرة الأولى؟,متغير عشوائي هندسي,متقطع قيمة الاعداد الطبيعية,متغير عشوائي هندسي,متقطع قيمة الاعداد الطبيعية,0.7366163730621338,0.7585222125053406,0.7474088072776794
839,ما هو متوسط عدد الأطفال الذي يمكن أن تنجبهم المرأة أحياء إذا أمضت حياتها منذ ميلادها بما يتماشى مع معدلات الخصوبة العمرية في سنة معينة؟,معدل الخصوبة الكلي,معدل الخصوبة الكلية,معدل الخصوبة الكلي,معدل الخصوبة الكلية,0.9703400731086731,0.9703400731086731,0.9703400731086731
840,ما هي الطريقة التي تمكننا من مراقبة رد الفعل على بعض الأسئلة والحصول على إجابات دقيقة؟,التخطيط الكهربائي للدماغ,المواجهة,التخطيط الكهربائي للدماغ,المواجهة,0.6938223838806152,0.7708948850631714,0.7303308844566345
841,ما هو نوع البيانات المستخدمة لإنشاء الجدول التكراري؟,البيانات الكمية المنفصلة,كمية و وصفية,البيانات الكمية المنفصلة,كمية و وصفية,0.7439249753952026,0.7852382063865662,0.7640235424041748
842,ما هي طبيعة الأفراد أو العناصر التي تشكل المجتمع الإحصائي؟,جميع الأفراد أو العناصر محل الدراسة,التي تشترك فيما بينها ببعض الخواص والمميزات,جميع الأفراد أو العناصر محل الدراسة,التي تشترك فيما بينها ببعض الخواص والمميزات,0.6917221546173096,0.6423658728599548,0.6661310195922852
843,ما هو عدد الكريات الحمر في الجسم؟,حوالي 4.5 إلى 5.5 مليون لكل ميكرولتر,عشوائي منفصل,حوالي 4.5 إلى 5.5 مليون لكل ميكرولتر,عشوائي منفصل,0.581430196762085,0.6591320037841797,0.6178476810455322
844,ما هو معدل وفيات الأمهات الذي يحسب بقسمة عدد الوفيات لدى النساء الحوامل التي حدثت أثناء الحمل أو الولادة أو النفاس على عدد المواليد الأحياء خلال نفس السنة مضروباً في 100000؟,معدل وفيات الأمهات,معدل وفيات الأمهات,معدل وفيات الأمهات,معدل وفيات الأمهات,1.0,1.0,1.0
845,ما هي المعدلات التي يكون تركيزها على معدلات الخصوبة لفئة معينة من العمر لغرض المقارنة على امتداد زمن ما ودراسة الفروق في ظاهرة الخصوبة بمختلف الأعمار؟,معدلات الخصوبة العمرية النوعية,معدل الخصوبة العمري,معدلات الخصوبة العمرية النوعية,معدل الخصوبة العمري,0.8974836468696594,0.9188778400421143,0.908054769039154
846,ما هي العلاقة بين المتغيرين عندما يؤدي تزايد المتغير العشوائي x إلى تناقص المتغير التابع y؟,علاقة عكسية,سلبي,علاقة عكسية,سلبي,0.7863503694534302,0.8008263111114502,0.793522298336029
847,ما هو المقياس المستخدم لوصف حالة التدخين (مدخن / غير مدخن)؟,مؤشر علب السجائر في السنة,مقياس اسمي,مؤشر علب السجائر في السنة,مقياس اسمي,0.7058172225952148,0.7750608921051025,0.7388201951980591
848,ما هي الشروط التي يجب توفرها في مجموعة من المتغيرات العشوائية لتشكل عينة عشوائية؟,الاستقلالية والتوزيع المتطابق,مستقلة ولها قانون التوزيع نفسه,الاستقلالية والتوزيع المتطابق,مستقلة ولها قانون التوزيع نفسه,0.6694610714912415,0.6556501388549805,0.6624836325645447
849,ما هو المستوى الذي يمكن حساب فيه المتوسطات والانحرافات المعيارية ومقاييس العلاقة الخطية؟,البيانات الكمية,العنقودي,البيانات الكمية,العنقودي,0.7617568969726562,0.7254218459129333,0.7431454658508301
850,كم يتراوح عدد الفئات غالباً؟,من 5 إلى 9,بين 5 و15 فئة,من 5 إلى 9,بين 5 و15 فئة,0.8189043998718262,0.8149820566177368,0.8169385194778442
851,ما هي فرضية العدم لاختبار الفرضيات حول معامل الارتباط الخطي لبيرسون؟,معامل الارتباط يساوي صفر,قيمة معامل ارتباط المجتمع تساوي الصفر,معامل الارتباط يساوي صفر,قيمة معامل ارتباط المجتمع تساوي الصفر,0.775521993637085,0.7676456570625305,0.771563708782196
852,ما هو معدل الوفيات الخام؟,عدد الوفيات لكل 1000 شخص في السنة,عدد الوفيات لكل الف من السكان في سنة معينة,عدد الوفيات لكل 1000 شخص في السنة,عدد الوفيات لكل الف من السكان في سنة معينة,0.885779857635498,0.8335705399513245,0.8588825464248657
853,ما هي الجهة المسؤولة عن السجلات الطبية؟,إدارة السجلات الطبية,قسم السجلات الطبية في المستشفى,إدارة السجلات الطبية,قسم السجلات الطبية في المستشفى,0.8826112747192383,0.8147273659706116,0.8473118543624878
854,ما هو الغرض من استخدام مخطط الانتشار في الدراسة الإحصائية بين خاصتين؟,قياس قوة واتجاه العلاقة الخطية,متغيرين,قياس قوة واتجاه العلاقة الخطية,متغيرين,0.6478273868560791,0.6949124336242676,0.6705443263053894
855,ما هو التوقع الرياضي لمجموع متغيرين عشوائيين؟,مجموع توقعاتهما الرياضية,مجموع التوقعين الرياضيين للمتغيرين العشوائيين,مجموع توقعاتهما الرياضية,مجموع التوقعين الرياضيين للمتغيرين العشوائيين,0.7502610683441162,0.657159686088562,0.7006310224533081
856,ما هو التكرار المتجمع الصاعد لفئة معينة؟,التكرار التراكمي التصاعدي,عدد البيانات المتضمنة في الفئة والفئات التي تسبقها,التكرار التراكمي التصاعدي,عدد البيانات المتضمنة في الفئة والفئات التي تسبقها,0.6358972191810608,0.6088181734085083,0.6220631003379822
857,ما هي المنطقة التي تتألف من قيم دالة الاختبار قليلة الاحتمال عندما Ho صحيحة؟,منطقة الرفض,منطقة الرفض,منطقة الرفض,منطقة الرفض,0.9999997615814209,0.9999997615814209,0.9999997615814209
858,ما هو المجتمع الإحصائي؟,جميع أفراد المجتمع محل الدراسة,التي تشترك فيما بينها ببعض الخواص والميزات,جميع أفراد المجتمع محل الدراسة,التي تشترك فيما بينها ببعض الخواص والميزات,0.6550580263137817,0.5805536508560181,0.6155596375465393
859,ما الذي يقوم عليه الإحصاء الاستنتاجي؟,استنتاج خصائص المجتمع من العينة,على اتخاذ القرارات والتنبؤ والاستقرار والاستدلال,استنتاج خصائص المجتمع من العينة,على اتخاذ القرارات والتنبؤ والاستقرار والاستدلال,0.6665905714035034,0.6624716520309448,0.6645247340202332
860,ما هي الجهة التي تصدر التصنيف الدولي للأمراض؟,منظمة الصحة العالمية,منظمة الصحة العالمية,منظمة الصحة العالمية,منظمة الصحة العالمية,1.0,1.0,1.0
861,ما الذي تختلف تبعاً له دلالات قيم المتغيرات العشوائية؟,نوع التوزيع الاحتمالي,نوعية المقياس المستخدم,نوع التوزيع الاحتمالي,نوعية المقياس المستخدم,0.8294467329978943,0.8513838052749634,0.8402721881866455
862,ما هي الطريقة التي تستخدم فيها بعض التقنيات الإلكترونية للمراقبة والعد وتسجيل الملاحظات؟,المراقبة الإلكترونية,التسجيل,المراقبة الإلكترونية,التسجيل,0.7394219636917114,0.7901771068572998,0.7639574408531189
863,ما الذي يحدد زمن حفظ السجلات الطبية؟,السياسات المؤسسية والقوانين المحلية,حسب الأسس المتبعة محليا في كل بلد,السياسات المؤسسية والقوانين المحلية,حسب الأسس المتبعة محليا في كل بلد,0.7204959988594055,0.7159823179244995,0.7182320356369019
864,ما هو التوزيع الذي يتبعه مجموع متغيرات عينة عشوائية حجمها n من توزيع برنولي بالوسيط P؟,التوزيع ذو الحدين,الثنائي,التوزيع ذو الحدين,الثنائي,0.7575833797454834,0.7959637641906738,0.7762994766235352
865,ما هي مجموعة قيم المتغير العشوائي x الذي يدل على عدد أخوات طالب ما؟,الأعداد الصحيحة غير السالبة,صحيح موجب,الأعداد الصحيحة غير السالبة,صحيح موجب,0.6651455760002136,0.7390358448028564,0.7001465559005737
866,ما هو معدل المواليد الخام؟,عدد المواليد الأحياء لكل 1000 نسمة سنوياً,عدد المواليد الاحياء لكل ألف من السكان في سنة معينة,عدد المواليد الأحياء لكل 1000 نسمة سنوياً,عدد المواليد الاحياء لكل ألف من السكان في سنة معينة,0.8603823184967041,0.8558538556098938,0.858112096786499
867,ما هي الفئة العمرية المهمة جداً من الناحية الصحية والتنموية؟,الأطفال في مرحلة الطفولة المبكرة,فئة الأطفال,الأطفال في مرحلة الطفولة المبكرة,فئة الأطفال,0.7052730917930603,0.8164093494415283,0.7567827701568604
868,ما هي الطريقة التي تمتاز بوصول الإجابات خلال وقت قصير وتتميز ببساطتها وقلة تكاليفها وسرعتها؟,الاستبيان,استخدام الانترنيت والمواقع الاجتماعية,الاستبيان,استخدام الانترنيت والمواقع الاجتماعية,0.737659752368927,0.6911989450454712,0.7136739492416382
869,ما هو المخطط الذي يساعد بدراسة العلاقة بين متغيرين وطبيعتها؟,مخطط التبعية,مخطط الانتشار,مخطط التبعية,مخطط الانتشار,0.9318058490753174,0.9053794741630554,0.9184025526046753
870,ما الذي يحدد زمن حفظ السجلات الطبية في المشفى؟,السياسة المؤسسية واللوائح القانونية,بناء على الأسس المتبعة محلياً في كل بلد,السياسة المؤسسية واللوائح القانونية,بناء على الأسس المتبعة محلياً في كل بلد,0.6745321750640869,0.6858618259429932,0.6801498532295227
871,ما هو التوزيع الذي يستخدم في اختبار الفرضيات حول ميل خط الانحدار؟,توزيع t للطالب,ستيودنت,توزيع t للطالب,ستيودنت,0.6108092665672302,0.6215269565582275,0.6161214709281921
872,ما هي أسباب تفضيل أسلوب العينة على أسلوب الحصر الشامل؟,توفير الوقت والتكلفة,صعوبة حصر افراد المجتمع,توفير الوقت والتكلفة,صعوبة حصر افراد المجتمع,0.71650230884552,0.7256932258605957,0.7210685014724731
873,ما هو السجل الذي يهدف إلى تجميع المعلومات عن المريض؟,السجل الطبي,السجلات الطبية .,السجل الطبي,السجلات الطبية .,0.8384203910827637,0.8482677340507507,0.8433152437210083
874,ما هو نوع التوزيع الإحصائي إذا علمت أن احتمال شفاء مريض مصاب بالزكام خلال أسبوع دون اللجوء للطبيب هو 0.6 وكان لدينا 10 مرضى بالزكام ولم يراجعوا الطبيب؟,توزيع ذي الحدين,حداني,توزيع ذي الحدين,حداني,0.7081986665725708,0.7651938199996948,0.735593855381012
875,ما هو الشريان الذي ينزف غالباً من قرحة اثني عشرية؟,الشريان المعدي الأيمن,المعدي العفجي.,الشريان المعدي الأيمن,المعدي العفجي.,0.827194094657898,0.8383637070655823,0.832741379737854
876,ما هي الأورام التي تعالج في القسم البعيد للمعدة؟,أورام البواب,4. كل ما سبق صحيح.,أورام البواب,4. كل ما سبق صحيح.,0.6429440975189209,0.6318397521972656,0.6373435258865356
877,ما هو التشخيص للآفة التي قد تسبب فقراً دموياً والنزف الحاد منها غير شائع والتي تم اكتشافها بالتنظير الهضمي العلوي لرجل عمره 55 سنة؟,قرحة هضمية,سرطانة معدية.,قرحة هضمية,سرطانة معدية.,0.7411633729934692,0.7737170457839966,0.7570904493331909
878,ما هي الخطوة الأولى الأهم في تدبير مريض يبلغ من العمر 32 سنة أتى لقسم الطوارئ بقصة إقياء لكميات كبيرة من الدم الأحمر القاني؟,تأمين مجرى التنفس,إنعاش بالسوائل.,تأمين مجرى التنفس,إنعاش بالسوائل.,0.7031534910202026,0.7201433181762695,0.7115469574928284
879,ما هو التشخيص المحتمل لمريضة تبلغ من العمر 45 سنة تشكو من ألم في ثديها الأيسر لمدة أسبوعين مع وجود خيط يشبه الحبل مؤلم وأودة بارزة فوقه بالفحص السريري؟,التهاب القنوات اللبنية,داء,التهاب القنوات اللبنية,داء,0.6488261222839355,0.7188258171081543,0.6820346117019653
880,ما هو التشخيص المحتمل لمريضة تبلغ من العمر 40 عاماً من أصول آسيوية وصلت إلى بريطانيا تشكو من كتلة غير مؤلمة في ثديها الأيمن منذ عدة أشهر مع نز الخراج في إبطها الأيمن الذي يشفى ويعاود من جديد؟,مرض تضخم الغدد الليمفاوية التدرني,سل ثدي.,مرض تضخم الغدد الليمفاوية التدرني,سل ثدي.,0.6065446734428406,0.686700701713562,0.6441386938095093
881,ما هو التشخيص المحتمل لمريضة تبلغ من العمر 25 سنة راجعت بكتلة شاهدتها صدفة منذ 3 أسابيع في ثديها الأيسر ويمكن تحريك الكتلة من قبل المريضة ضمن نسيج الثدي؟,ورم غدي ليفي,غدوم ليفي.,ورم غدي ليفي,غدوم ليفي.,0.7670478224754333,0.7779073715209961,0.7724393606185913
882,ما هو التشخيص المحتمل لمريضة تبلغ من العمر 50 عاماً تعاني من ألم واحمرار في الثدي الأيمن منذ شهر وقد عولجت بالصادات لمدة أسبوعين دون تحسن وازدادت الحالة سوءاً؟,سرطان الثدي الالتهابي,سرطان التهابي.,سرطان الثدي الالتهابي,سرطان التهابي.,0.7750823497772217,0.8528120517730713,0.8120914697647095
883,ما هو التشخيص المحتمل لمريضة مسنة مشخص لديها سابقاً داء هاشيموتو وتراجع بعقدة قاسية غير منتظمة في الفص الدرقي الأيمن؟,سرطان الغدة الدرقية الحليمي,لمفوما.,سرطان الغدة الدرقية الحليمي,لمفوما.,0.5939821004867554,0.6627461910247803,0.6264829039573669
884,ما هو التشخيص المحتمل لطفل يبلغ من العمر 12 سنة يراجع بعقدة درقية مع ضخامة عقد لمفية ناحية؟,التهاب الغدة الدرقية تحت الحاد,سرطان حليمي.,التهاب الغدة الدرقية تحت الحاد,سرطان حليمي.,0.6767560243606567,0.7403877377510071,0.707143247127533
885,ما هو التشخيص المحتمل لمريضة في منتصف العمر تعاني من سلعة درقية لفترة طويلة مع تضخم الفص الأيمن أكبر من الأيسر وهي سريرياً في حالة سواء درقي؟,سرطان الغدة الدرقية الحليمي,سلعة متعددة العقد.,سرطان الغدة الدرقية الحليمي,سلعة متعددة العقد.,0.681926965713501,0.7162116765975952,0.698648989200592
886,ما هو التشخيص الأكثر احتمالاً لفتاة في الربيع الخامس تشكو من عسرة تنفس مع وجود كتلة في جوف الفم بقطر 3 سم على الخط الناصف وعلى مؤخرة اللسان؟,كيسة درقية لسانية,درق لسانية.,كيسة درقية لسانية,درق لسانية.,0.78875732421875,0.843429684638977,0.8151777982711792
887,ما هو العلاج غير المرغوب به في حالة شابة في ربيعها الأربعين تشكو من نقص وزن مع خفقان وجحوظ في العينين مع وجود سلعة درقية متوسطة الحجم منتشرة ومتجانسة وفرط نشاط درق بدني؟,اليود المشع,المعالجة الشعاعية باليود I 131,اليود المشع,المعالجة الشعاعية باليود I 131,0.7166392803192139,0.6876910924911499,0.701866865158081
888,ما هو الإجراء الأول الذي يجب إجراؤه قبل عملية sleeve gastrectomy لمريض البدانة الذي لديه BMI يساوي 40؟,تقييم طبي شامل قبل الجراحة,الحصول على موافقة المريض.,تقييم طبي شامل قبل الجراحة,الحصول على موافقة المريض.,0.7181357741355896,0.7468283176422119,0.7322010397911072
889,ما هو الإجراء الأول الذي يجب إجراؤه قبل عملية Sleeve gastrectomy لمريض البدانة الذي لديه BMI يساوي 40؟,تقييم طبي شامل قبل الجراحة,الحصول على موافقة المريض.,تقييم طبي شامل قبل الجراحة,الحصول على موافقة المريض.,0.7181357741355896,0.7468283176422119,0.7322010397911072
890,ما هو التشخيص المحتمل لمريض عمره 25 سنة يعاني من عدم ارتياح عام ونقصان في الوزن وترفع حروري وبراز ملطخ بالدم على نحو متقطع خلال الست أسابيع الأخيرة بعد عودته من شبه القارة الهندية حيث عمل هناك لمدة ستة أشهر، مع وجود كبدية ومضض في الربع العلوي الأيمن وإيكو يظهر جوفا ناقص الصدى في الفص الكبدي الأيمن ذو حوا,خراج كبدي أميبي,خراجة كبدية زحارية.,خراج كبدي أميبي,خراجة كبدية زحارية.,0.8086033463478088,0.8044764399528503,0.8065345883369446
891,ما هو التشخيص المحتمل لمريض عمره 50 سنة يعاني من أصمية حديثة وألم في الربع العلوي الأيمن لمدة 3-4 أشهر مع فحص سريري سلبي ووظائف كبد طبيعية وتنظير هضمي علوي طبيعي بينما أظهر الإيكو وجود آفة كيسية وحيدة تبلغ 6 سم؟,كيسة مائية كبدية,داء كيسي بسيط,كيسة مائية كبدية,داء كيسي بسيط,0.8010557293891907,0.7910406589508057,0.7960166931152344
892,ما هو التشخيص المحتمل لمريضة تبلغ من العمر 30 سنة تعاني من ألم مستمر في الربع العلوي الأيمن من البطن مع إقياء وارتفاع حرارة وإيجابية علامة مورفي؟,التهاب المرارة الحاد,التهاب مرارة حاد.,التهاب المرارة الحاد,التهاب مرارة حاد.,0.7704263925552368,0.795082688331604,0.782560408115387
893,ما هو التشخيص المحتمل لمريض يبلغ من العمر 60 سنة لديه سابقة حصيات مرارية يراجع بقصة ألم بطني شديد ومستمر لمدة 6 ساعات وبالفحص السريري كان المريض غير مرتاح ومصدوم مع انتفاخ البطن ومضض راجع معممين؟,التهاب البنكرياس الحاد,التهاب بريتوان تالي لانثقاب مرارة.,التهاب البنكرياس الحاد,التهاب بريتوان تالي لانثقاب مرارة.,0.7399578094482422,0.7079619765281677,0.7236063480377197
894,ما هو التشخيص المحتمل لمريض يبلغ من العمر 56 سنة يعاني من ألم شديد في أعلى البطن منذ أسبوع مع حمى متقطعة وعدم راحة شديدة مع وجود علامات لتخريش بريتواني في الربع العلوي الأيمن مع جس كتلة؟,خراج كبدي,تقيح مرارة.,خراج كبدي,تقيح مرارة.,0.7701144218444824,0.7919013500213623,0.7808559536933899
895,ما هو التشخيص المحتمل لمريض يبلغ من العمر 60 سنة يراجع بقصة ألم بطني ويرقان وحرارة مع عروءات؟,التهاب الأقنية الصفراوية الصاعد,التهاب طرق صفراوية صاعد.,التهاب الأقنية الصفراوية الصاعد,التهاب طرق صفراوية صاعد.,0.7803482413291931,0.8083508014678955,0.794102668762207
896,ما هو التشخيص المحتمل لمريضة تبلغ من العمر 40 سنة عولجت لالتهاب مرارة حاد حيث لوحظ وجود مرارة مجسوسة غير ممضة، لم يكن هناك ترفع حروري وكانت المريضة بشكل عام بصحة جيدة؟,التهاب المرارة المزمن,قيلة مخاطية في المرارة.,التهاب المرارة المزمن,قيلة مخاطية في المرارة.,0.7733166217803955,0.7345685958862305,0.7534447312355042
897,ما هو التشخيص المحتمل لمريض عمره 80 سنة لديه تصبغ جلدي ملحوظ ونسيج ندبي ولديه ندبات بطنية لاستئصال كظر ثنائي الجانب؟,مرض أديسون,متلازمة نيلسون.,مرض أديسون,متلازمة نيلسون.,0.8549627065658569,0.8084393739700317,0.831050455570221
898,ما هو التشخيص المحتمل لمريض عمره 48 سنة يعاني من اضطراب رئوي وصداع وارتفاع ضغط؟,متلازمة الضائقة التنفسية الحادة,متلازمة كون.,متلازمة الضائقة التنفسية الحادة,متلازمة كون.,0.734460175037384,0.8338847160339355,0.781020998954773
899,ما هو التشخيص المحتمل لمريض ربو مع تفاقم متكرر لحالته تطور لديه بشكل تدريجي شعرانية مع بدانة جذعية وكدمات؟,متلازمة كوشينغ,متلازمة كوشينغ.,متلازمة كوشينغ,متلازمة كوشينغ.,0.9655532836914062,0.95478355884552,0.960138201713562
900,ما هو التشخيص المحتمل لسيدة حامل تبلغ من العمر 30 سنة تبين أثناء إجراء ايكو بطن لها وجود كتلة متكلسة في الشرسوف يبلغ قطرها 1 سم مع سماع لغط في منطقة الشرسوف دون وجود أي أعراض؟,ورم بطني كاذب,أم دم شريان طحالي.,ورم بطني كاذب,أم دم شريان طحالي.,0.6988255977630615,0.6822835206985474,0.6904554963111877
901,ما هو التشخيص الأكثر احتمالاً لطفل عمره 7 سنوات يعاني من فقر دم منجلي ويشكو منذ ساعتين من ألم بطني حاد في الربع العلوي الأيسر مع ضغط 60/100 ملم زئبقي ونبض 110 ن/د وحرارة 37 درجة ومضض في الربع العلوي الأيسر للبطن بدون إيلام مرتد مع صعوبة جس الطحال وخضاب 6.1 غ/دل؟,احتشاء الطحال,نوبة ألمية بسبب انسداد الأوعية الدموية.,احتشاء الطحال,نوبة ألمية بسبب انسداد الأوعية الدموية.,0.7562642097473145,0.7233306169509888,0.7394309043884277
902,ما هي نسبة الاستفادة من استئصال الطحال في حالة سيدة عمرها 40 سنة تعاني من فرفرية مناعية مزمنة معندة على العلاج بالستيروئيدات؟,حوالي 80٪,أقل من 20%,حوالي 80٪,أقل من 20%,0.8376542329788208,0.823708176612854,0.830622673034668
903,ما هي الخطوة التالية في تدبير مريض بعمر 70 سنة دون سوابق جراحية يعاني من ألم بطني متقطع منذ أسبوع وتوسع بطني وإقياء مستمر منذ يوم، مع عدم وجود فتوق بالفحص وتعداد 3000 كرية بيضاء / مم؟,إجراء تصوير مقطعي محوسب للبطن والحوض,إجراء (CT) التصوير الطبقي المحوسب للبطن.,إجراء تصوير مقطعي محوسب للبطن والحوض,إجراء (CT) التصوير الطبقي المحوسب للبطن.,0.8540028929710388,0.839629054069519,0.8467550277709961
904,ما هي الخطوة التالية في تدبير مريض بعمر 70 سنة دون سوابق جراحية يعاني من ألم بطني متقطع منذ أسبوع وتوسع بطني وإقياء مستمر منذ يوم، مع عدم وجود فتوق بالفحص وتعداد 3000 كرية بيضاء / مم؟,إجراء تصوير مقطعي محوسب للبطن والحوض,إجراء (CT) التصوير الطبقي المحوسب للبطن.,إجراء تصوير مقطعي محوسب للبطن والحوض,إجراء (CT) التصوير الطبقي المحوسب للبطن.,0.8540028929710388,0.839629054069519,0.8467550277709961
905,ما هي الخطوة التالية في تدبير شاب عمره 20 سنة راجع الإسعاف بعد 20 يوماً من استئصال زائدة ملتهبة ويعاني من إقياء مع تمدد بطن وإيلام خفيف، وتعداد WBC كان 14000 كرية/مم3 والكهارل طبيعية؟,التصوير المقطعي المحوسب للبطن,مراقبة 24 ساعة أخرى مع وضع NG.,التصوير المقطعي المحوسب للبطن,مراقبة 24 ساعة أخرى مع وضع NG.,0.6754957437515259,0.6886683106422424,0.6820183992385864
906,ما هي العلامات الأكثر توافقاً مع بالغ عمره 45 سنة لديه ألم بطني حاد وتم تشخيصه بالتهاب مرارة حاد؟,علامة مورفي الإيجابية,ألم بطني مستمر ومضض مراق أيمن وارتفاع الكريات البيضاء.,علامة مورفي الإيجابية,ألم بطني مستمر ومضض مراق أيمن وارتفاع الكريات البيضاء.,0.6916569471359253,0.6753292083740234,0.6833955645561218
907,ما هي الخطوة الأولى الأهم في تدبير مريض يبلغ من العمر 32 سنة أتى لقسم الطوارئ بقصة إقياء لكميات كبيرة من الدم الأحمر القاني؟,تأمين مجرى التنفس,الإنعاش بالسوائل.,تأمين مجرى التنفس,الإنعاش بالسوائل.,0.7085197567939758,0.7141586542129517,0.7113279700279236
908,ما هو التشخيص المحتمل لمريض عمره 70 سنة تطور لديه بعد 3 أيام من احتشاء قلبي ألم بطني مع تعدد البطن وخفوت في أصوات الأمعاء وتحليل غازات الدم يشير إلى احمضاض استقلابي؟,احتشاء المساريق,احتشاء مساريقي.,احتشاء المساريق,احتشاء مساريقي.,0.8081904649734497,0.8239822387695312,0.8160099387168884
909,ما هي القاعدة الجراحية الأصح حالياً في مراقبة المريض أثناء تدبير مريض الانسداد المعوي ووضع القرار الجراحي المناسب في المراكز الجراحية المتطورة؟,المراقبة والتدخل المبكر,يجب دائماً عدم إجراء الجراحة حتى يتم استقرا المريض بعد الإنعاش.,المراقبة والتدخل المبكر,يجب دائماً عدم إجراء الجراحة حتى يتم استقرا المريض بعد الإنعاش.,0.6614199876785278,0.6442691683769226,0.6527319550514221
910,ما هو التشخيص المحتمل للمريضة إذا كانت الصورة البسيطة تدل على سويات معوية دقيقة وغياب لارتسام الكولونات وكانت مقاطع التصوير الطبقي المحوري تشير لتوسع عرى المعي؟,انسداد الأمعاء الدقيقة,التصاقات معوية.,انسداد الأمعاء الدقيقة,التصاقات معوية.,0.7344169020652771,0.7571866512298584,0.7456279397010803
911,ما هو التشخيص الأقوى لمريض عمره 65 سنة تطور لديه ألم بطني حاد مفاجئ مستمر في الربع العلوي الأيمن منذ ساعة، تلاه آلام مغصية سرية مع غثيان، والفحص السريري يبدي سحنة سمية مع فحص بطني سوي تقريباً؟,التهاب المرارة الحاد,انسداد أمعاء بنقص التروية.,التهاب المرارة الحاد,انسداد أمعاء بنقص التروية.,0.7511690855026245,0.7231978178024292,0.7369180917739868
912,ما هو التشخيص المحتمل في المريضة التي تظهر صورتها البسيطة سويات معوية دقيقة وغياب الارتسام الكولوني، وتشير مقاطع التصوير الطبقي المحوري لتوسع عرى المعي الدقيق وزيادة في شحم المساريقا مع عدم ارتسام الكولون بالكامل؟,داء كرون,التصاقات معوية.,داء كرون,التصاقات معوية.,0.716621458530426,0.7188120484352112,0.7177150845527649
913,ما هو التشخيص لمريض عمره 60 سنة مصاب بداء كرون منذ عشر سنوات راجع المشفى بقصة حمى وعرواءات تلاها خروج هواء ومفرزات معوية عند التبول؟,ناسور معوي مثاني,ناسور معدي مثاني.,ناسور معوي مثاني,ناسور معدي مثاني.,0.8759304285049438,0.8691082000732422,0.8725060224533081
914,ما هي الحالة التي لا تدخل في التشخيص التفريقي لطفلة عمرها 10 سنوات تعاني منذ ساعتين من ألم حفرة حرقفية يمنى دون إيلام مرتد؟,التهاب الزائدة الدودية,نزف رتج ميكل.,التهاب الزائدة الدودية,نزف رتج ميكل.,0.6065422296524048,0.6323832869529724,0.6191932559013367
915,ما هو التشخيص المحتمل لمريضة عمرها 50 سنة تعرضت لألم بطني حاد طاعن منذ نصف ساعة في الشرسوف تعمم في أنحاء البطن مع إقياءات بنية اللون وفحص البطن لين؟,التهاب البنكرياس الحاد,صمة شريان مساريقي علوي.,التهاب البنكرياس الحاد,صمة شريان مساريقي علوي.,0.6384071111679077,0.6465667486190796,0.6424610018730164
916,ما هو الفحص الذي يجب إجراؤه أولاً لمريض يشتكي من ألم بطني حاد ومفاجئ؟,التصوير بالموجات فوق الصوتية للبطن,صورة بطن شعاعية.,التصوير بالموجات فوق الصوتية للبطن,صورة بطن شعاعية.,0.6876746416091919,0.7259413003921509,0.706290066242218
917,ما هو التشخيص الأقوى لمريض عمره 65 سنة تطور لديه ألم بطني حاد مفاجئ ومستمر في الربع السفلي الأيمن منذ ساعة، تلاه آلام مغصة سرية مع غثيان، والفحص السريري يبدي سحنة سمية مع فحص بطن سوي تقريباً؟,التهاب الزائدة الدودية الحاد,انسداد أمعاء بنقص التروية.,التهاب الزائدة الدودية الحاد,انسداد أمعاء بنقص التروية.,0.7403256297111511,0.7137880921363831,0.7268147468566895
918,ما هي الخطوة الأولى الأهم في تدبير شاب عمره 32 سنة يراجع قسم الطوارئ بقصة إقياء كميات كبيرة من الدم الأحمر القاني؟,تأمين مجرى التنفس,الإنعاش بالسوائل.,تأمين مجرى التنفس,الإنعاش بالسوائل.,0.7085197567939758,0.7141586542129517,0.7113279700279236
919,ما هو التشخيص للآفة التي قد تسبب فقراً دموياً والنزف الحاد منها غير شائع والتي تم اكتشافها بالتنظير الهضمي العلوي لرجل عمره 55 سنة؟,قرحة هضمية,2. سرطانة معدية.,قرحة هضمية,2. سرطانة معدية.,0.7524564266204834,0.7320982217788696,0.7421377301216125
920,ما هي الخطوة الأولى الأهم في تدبير مريض يبلغ من العمر 32 سنة أتى لقسم الطوارئ بقصة إقياء لكميات كبيرة من الدم الأحمر القاني؟,تأمين مجرى التنفس,3. الإنعاش بالسوائل.,تأمين مجرى التنفس,3. الإنعاش بالسوائل.,0.6987968683242798,0.6832314729690552,0.6909264922142029
921,ما هو العلاج الأمثل لمريض عمره 40 سنة وجد لديه بالتنظير الهضمي العلوي لمفوما معدية؟,العلاج الكيميائي مع العلاج المناعي,4. علاج كيماوي.,العلاج الكيميائي مع العلاج المناعي,4. علاج كيماوي.,0.7320571541786194,0.718870997428894,0.7254041433334351
922,ما هو التشخيص المحتمل لطفل يبلغ من العمر 12 سنة يراجع بعقدة درقية مع ضخامة عقد لمفية ناحية؟,التهاب الغدة الدرقية تحت الحاد,4. سرطان حليمي.,التهاب الغدة الدرقية تحت الحاد,4. سرطان حليمي.,0.6691063642501831,0.6854685544967651,0.6771886348724365
923,ما هو التشخيص المحتمل لمريضة في منتصف العمر تعاني من سلعة درقية لفترة طويلة مع تضخم الفص الأيمن أكبر من الأيسر وهي سريرياً في حالة سواء درقي؟,سرطان الغدة الدرقية الحليمي,3. سلعة متعددة العقد.,سرطان الغدة الدرقية الحليمي,3. سلعة متعددة العقد.,0.6811943054199219,0.6753826141357422,0.678276002407074
924,ما هو التشخيص الأكثر احتمالاً لفتاة في الربيع الخامس تشكو من عسرة تنفس مع وجود كتلة في جوف الفم بقطر 3 سم على الخط الناصف وعلى مؤخرة اللسان؟,كيسة درقية لسانية,2. درق لسانية.,كيسة درقية لسانية,2. درق لسانية.,0.7914512157440186,0.7858244776725769,0.7886278033256531
925,ما هو العلاج غير المرغوب به في حالة شابة في ربيعها الأربعين تشكو من نقص وزن مع خفقان وجحوظ في العينين مع وجود سلعة درقية متوسطة الحجم منتشرة ومتجانسة وفرط نشاط درق بدني؟,اليود المشع,3. المعالجة الشعاعية باليود I 131,اليود المشع,3. المعالجة الشعاعية باليود I 131,0.6893614530563354,0.6489863991737366,0.6685648560523987
926,ما هو الإجراء الأول الذي يجب إجراؤه قبل عملية Sleeve gastrectomy لمريض البدانة الذي لديه BMI يساوي 40؟,تقييم طبي شامل قبل الجراحة,3. الحصول على موافقة المريض.,تقييم طبي شامل قبل الجراحة,3. الحصول على موافقة المريض.,0.7121893763542175,0.712262749671936,0.7122260928153992
927,ما هو التشخيص المحتمل لمريض عمره 50 سنة يعاني من أصمية حديثة وألم في الربع العلوي الأيمن لمدة 3-4 أشهر مع فحص سريري سلبي ووظائف كبد طبيعية وتنظير هضمي علوي طبيعي بينما أظهر الإيكو وجود آفة كيسية وحيدة تبلغ 6 سم؟,كيسة مائية كبدية,4. داء كيسي بسيط,كيسة مائية كبدية,4. داء كيسي بسيط,0.7761921882629395,0.7191722393035889,0.7465950846672058
928,ما هو التشخيص المحتمل لمريض يبلغ من العمر 60 سنة لديه سابقة حصيات مرارية يراجع بقصة ألم بطني شديد ومستمر لمدة 6 ساعات وبالفحص السريري كان المريض غير مرتاح ومصدوم مع انتفاخ البطن ومضض راجع معممين؟,التهاب البنكرياس الحاد,4. التهاب بريتوان تالي لانثقاب مرارة.,التهاب البنكرياس الحاد,4. التهاب بريتوان تالي لانثقاب مرارة.,0.7156907320022583,0.6707360148429871,0.6924845576286316
929,ما هو التشخيص المحتمل لمريض يبلغ من العمر 56 سنة يعاني من ألم شديد في أعلى البطن منذ أسبوع مع حمى متقطعة وعدم راحة شديدة مع وجود علامات لتخريش بريتواني في الربع العلوي الأيمن مع جس كتلة؟,خراج كبدي,1. تقيح مرارة.,خراج كبدي,1. تقيح مرارة.,0.7430344820022583,0.7098029851913452,0.7260386943817139
930,ما هو التشخيص المحتمل لمريض يبلغ من العمر 60 سنة يعاني من ألم بطني ويرقان وحرارة مع عروءات؟,التهاب الأقنية الصفراوية الصاعد,4. التهاب طرق صفراوية صاعد.,التهاب الأقنية الصفراوية الصاعد,4. التهاب طرق صفراوية صاعد.,0.7766450643539429,0.7578948736190796,0.7671554088592529
931,ما هو التشخيص المحتمل لمريضة تبلغ من العمر 40 سنة عولجت لالتهاب مرارة حاد حيث لوحظ وجود مرارة مجسوسة غير ممضة، لم يكن هناك ترفع حروري وكانت المريضة بشكل عام بصحة جيدة؟,التهاب المرارة المزمن,3. قيلة مخاطية في المرارة.,التهاب المرارة المزمن,3. قيلة مخاطية في المرارة.,0.7757359743118286,0.7096214890480042,0.7412073016166687
932,ما هو التشخيص المحتمل لمريض عمره 48 سنة يعاني من اضطراب رئوي وصداع وارتفاع ضغط؟,متلازمة الضائقة التنفسية الحادة,3. متلازمة كون.,متلازمة الضائقة التنفسية الحادة,3. متلازمة كون.,0.7269501686096191,0.7693079710006714,0.7475295066833496
933,ما هو التشخيص المحتمل لمريض ربو مع تفاقم متكرر لحالته تطور لديه بشكل تدريجي شعرانية مع بدانة جذعية وكدمات؟,متلازمة كوشينغ,1. متلازمة كوشينغ.,متلازمة كوشينغ,1. متلازمة كوشينغ.,0.9447237253189087,0.870598316192627,0.9061476588249207
934,ما هو التشخيص المحتمل لسيدة حامل تبلغ من العمر 30 سنة تبين أثناء إجراء ايكو بطن لها وجود كتلة متكلسة في الشرسوف يبلغ قطرها 1 سم مع سماع لغط في منطقة الشرسوف دون وجود أي أعراض؟,ورم بطني كاذب,3. أم دم شريان طحالي.,ورم بطني كاذب,3. أم دم شريان طحالي.,0.7382900714874268,0.7052568793296814,0.7213954329490662
935,ما هي نسبة الاستفادة من استئصال الطحال في حالة سيدة عمرها 40 سنة تعاني من فرفرية مناعية مزمنة معندة على العلاج بالستيروئيدات؟,حوالي 80٪,1. أقل من 20%,حوالي 80٪,1. أقل من 20%,0.7989636063575745,0.7377191781997681,0.767120897769928
936,ما هي الخطوة التالية في تدبير مريض بعمر 70 سنة دون سوابق جراحية يعاني من ألم بطني متقطع منذ أسبوع وتوسع بطني وإقياء مستمر منذ يوم، مع عدم وجود فتوق بالفحص وتعداد 3000 كرية بيضاء / مم؟,إجراء تصوير مقطعي محوسب للبطن والحوض,4. إجراء (CT) التصوير الطبقي المحوسب للبطن.,إجراء تصوير مقطعي محوسب للبطن والحوض,4. إجراء (CT) التصوير الطبقي المحوسب للبطن.,0.8421617746353149,0.802791953086853,0.8220057487487793
937,ما هي الخطوة التالية في تدبير مريض بعمر 70 سنة دون سوابق جراحية يعاني من ألم بطني متقطع منذ أسبوع وتوسع بطني وإقياء مستمر منذ يوم، مع عدم وجود فتوق بالفحص وتعداد 3000 كرية بيضاء / مم؟,إجراء تصوير مقطعي محوسب للبطن والحوض,4. إجراء (CT) التصوير الطبقي المحوسب للبطن.,إجراء تصوير مقطعي محوسب للبطن والحوض,4. إجراء (CT) التصوير الطبقي المحوسب للبطن.,0.8421617746353149,0.802791953086853,0.8220057487487793
938,ما هي الخطوة التالية في تدبير شاب عمره 20 سنة راجع الإسعاف بعد 20 يوماً من استئصال زائدة ملتهبة ويعاني من إقياء مع تمدد بطن وإيلام خفيف وتعداد WBC 14000 كرية/مم2 والكهارل طبيعية؟,تصوير البطن بالأشعة المقطعية,1. مراقبة 24 ساعة أخرى مع وضع NG.,تصوير البطن بالأشعة المقطعية,1. مراقبة 24 ساعة أخرى مع وضع NG.,0.6708997488021851,0.6756577491760254,0.6732703447341919
939,ما هي الخطوة الأولى الأهم في تدبير مريض يبلغ من العمر 32 سنة يعاني من إقياء كميات كبيرة من الدم الأحمر القاني؟,تأمين مجرى التنفس,3. الإنعاش بالسوائل.,تأمين مجرى التنفس,3. الإنعاش بالسوائل.,0.6987968683242798,0.6832314729690552,0.6909264922142029
940,ما هو التشخيص المحتمل لمريض عمره 70 سنة تطور لديه بعد 3 أيام من احتشاء قلبي ألم بطني مع تطبل البطن وخفوت في أصوات الأمعاء وتحليل غازات الدم يشير إلى حماض استقلابي؟,احتشاء المساريق,2. احتشاء مساريقي.,احتشاء المساريق,2. احتشاء مساريقي.,0.7972783446311951,0.7688167095184326,0.782788872718811
