id,input,prediction,ground_truth,prediction_clean,ground_truth_clean,bert_precision_example,bert_recall_example,bert_f1_example
1,ما هو العصب الذي ينقل إحساس الذوق من ثلث اللسان الخلفي؟,العصب البلعومي اللساني,التاسع,العصب البلعومي اللساني,التاسع,0.486461341381073,0.5539591312408447,0.5180206894874573
2,ما هي القوس البيضاء عند حدود جسم الظفر مع جذره؟,الهليل,هليل الظفر,الهليل,هليل الظفر,0.8764019012451172,0.8491806983947754,0.8625766038894653
3,أين يقع الخط الالوي السفلي؟,على السطح الخارجي لعظم الحرقفة,السطح الخارجي للحرقفة,على السطح الخارجي لعظم الحرقفة,السطح الخارجي للحرقفة,0.8586803078651428,0.8872700929641724,0.8727411031723022
4,ما هي الحافة من الفرع التي تشكل زاوية الفك السفلي؟,الحافة الخلفية السفلية,الخلفية,الحافة الخلفية السفلية,الخلفية,0.8031018376350403,0.8582596778869629,0.8297651410102844
5,ما هي البنية التشريحية التي تتعصب بالعصب الشظوي السطحي؟,العضلات الشظوية,العضله الشظويه الطويله,العضلات الشظوية,العضله الشظويه الطويله,0.8791865110397339,0.8282565474510193,0.8529619574546814
6,أين تشاهد الجسور بين الخلوية؟,بين الخلايا الشوكية,الطبقة الشائكة من النسيج الظهاري المطبق,بين الخلايا الشوكية,الطبقة الشائكة من النسيج الظهاري المطبق,0.790824294090271,0.7590399980545044,0.7746062874794006
7,ما الذي يحول الثلمتين الاسكيتين إلى ثقبتين؟,الرباط العجزي الحدبي والرباط العجزي الشوكي,الرباط العجزي الشوكي العجزي الحدبي,الرباط العجزي الحدبي والرباط العجزي الشوكي,الرباط العجزي الشوكي العجزي الحدبي,0.8875069618225098,0.920088529586792,0.9035041332244873
8,ما هو الهرمون الذي يفرز PTH؟,الغدة الدرقية,الغدد جارات الدرق,الغدة الدرقية,الغدد جارات الدرق,0.8390309810638428,0.8045048713684082,0.8214052319526672
9,ما الذي يقع بين جسم الفقرة والقوس الفقرية؟,السويقة,الثقبة الفقرية,السويقة,الثقبة الفقرية,0.7643585205078125,0.7288937568664551,0.7462050318717957
10,أين تقع المنطقة الشمية؟,سقف الجوف الأنفي والجدار الوحشي,سقف الأنف,سقف الجوف الأنفي والجدار الوحشي,سقف الأنف,0.7944993376731873,0.9113675355911255,0.8489301800727844
11,ما الذي يتصل به المدورين بالأمام في الفخذ؟,الخط المدوري,الخط بين المدورين,الخط المدوري,الخط بين المدورين,0.8817734718322754,0.8424073457717896,0.861640989780426
12,أين يوجد التلم الكعبري في جسم العضد؟,السطح الخلفي للعضد,على الوجه الخلفي.,السطح الخلفي للعضد,على الوجه الخلفي.,0.72340989112854,0.7878947257995605,0.7542765736579895
13,ما الذي تتشكل منه ضفيرة راشكوف في لب السن؟,ألياف عصبية غير مغمدة,ألياف حسية.,ألياف عصبية غير مغمدة,ألياف حسية.,0.7943524122238159,0.865817666053772,0.8285468816757202
14,أين يقع المستقيم؟,الجزء الأخير من الأمعاء الغليظة,القولون السيني والقناة الشرجية,الجزء الأخير من الأمعاء الغليظة,القولون السيني والقناة الشرجية,0.7759101986885071,0.7827004194259644,0.779290497303009
15,إلى أي صنف من أصناف الغدد تنتمي حديثات المونتغمري؟,غدد دهنية متضخمة,دهنية,غدد دهنية متضخمة,دهنية,0.6988033056259155,0.7848687171936035,0.7393397092819214
16,ما هو العصب المحرك لعضلات اللسان؟,العصب تحت اللساني,12,العصب تحت اللساني,12,0.5660461187362671,0.6130948662757874,0.588631808757782
17,ما هي الضفيرة التي يتفرع منها العصب الحجابي؟,الضفيرة الرقبية,الرقبية,الضفيرة الرقبية,الرقبية,0.7963408827781677,0.8658091425895691,0.8296233415603638
18,من أين يفرز الأدرينالين؟,الغدة الكظرية,لب الكظر,الغدة الكظرية,لب الكظر,0.7843896150588989,0.7833675146102905,0.7838782668113708
19,ما هو الوريد الذي يتشكل منه الوريد الأجوف السفلي؟,الوريدين الحرقفيين الأصليين,الوريدين الحرقفيين المشتركين الأيمن والأيسر,الوريدين الحرقفيين الأصليين,الوريدين الحرقفيين المشتركين الأيمن والأيسر,0.9236934781074524,0.7965044379234314,0.8553968667984009
20,ما هي الطبقة الأكثر تمايزاً وكثافة في الشرايين؟,الغلالة الباطنة,المتوسطة,الغلالة الباطنة,المتوسطة,0.6642991304397583,0.6832621097564697,0.6736471652984619
21,مما ينتج هرمون T4؟,الغدة الدرقية,الدرق,الغدة الدرقية,الدرق,0.7857081890106201,0.8379274606704712,0.8109780550003052
22,ما هي العضلة التي ترتكز بشكل أساسي على العظم الزورقي؟,العضلة الظنبوبية الخلفية,الظنبوبي الخلفي,العضلة الظنبوبية الخلفية,الظنبوبي الخلفي,0.8328940272331238,0.895434558391571,0.8630327582359314
23,أين تقع المنطقة الشمية؟,سقف الجوف الأنفي والجزء العلوي من الحاجز الأنفي والجدار الوحشي,سقف الأنف,سقف الجوف الأنفي والجزء العلوي من الحاجز الأنفي والجدار الوحشي,سقف الأنف,0.7173675298690796,0.8743369579315186,0.7881122827529907
24,ما هو اسم الوسادة من النسيج الدهني فوق الارتفاق العاني؟,جبل العانة,جبل العانة,جبل العانة,جبل العانة,1.0,1.0,1.0
25,أين يتوضع الكولون السيني؟,الحوض الأيسر,الناحية المغبنية اليسرى,الحوض الأيسر,الناحية المغبنية اليسرى,0.791867733001709,0.7726560831069946,0.7821439504623413
26,ما هو القسم من العظم الجبهي الذي يفصل بين القسمين الحجاجيين من الخلف؟,الشوكة الأنفية,الثلمة الغربالية,الشوكة الأنفية,الثلمة الغربالية,0.8167930245399475,0.8427282571792603,0.8295579552650452
27,ما هي الفروع الانتهائية للسبات الظاهر؟,الشريان الفكي والشريان الصدغي السطحي,الفكي والصدغي والسطحي,الشريان الفكي والشريان الصدغي السطحي,الفكي والصدغي والسطحي,0.8285393118858337,0.8872826099395752,0.8569054007530212
28,أين يمر عصب الفك العلوي؟,الثقبة المدورة,الثقبة المدورة,الثقبة المدورة,الثقبة المدورة,1.0,1.0,1.0
29,ما هي النقطة التشريحية على الوجه السفلي لجسم العظم الوتدي؟,الخطم الوتدي,المنقار الوتدي,الخطم الوتدي,المنقار الوتدي,0.9148571491241455,0.8778046369552612,0.8959479331970215
30,ما اسم العظم الذي يتوضع كيس الدمع عليه؟,العظم الدمعي,الدمعي أنسي الحجاج,العظم الدمعي,الدمعي أنسي الحجاج,0.8005783557891846,0.7591068744659424,0.7792912721633911
31,من أين ينشأ الشريان السباتي المشترك الأيسر؟,قوس الأبهر,قوس الأبهر مباشرة,قوس الأبهر,قوس الأبهر مباشرة,0.9561219215393066,0.9317102432250977,0.9437582492828369
32,ما طول الأسهر؟,30-35 سم,45 سم,30-35 سم,45 سم,0.8261327743530273,0.901841938495636,0.862328827381134
33,ما هو المكان الذي يعبر من خلاله الشريان السحائي الأوسط؟,الثقبة الشوكية,الثقبة الشوكية,الثقبة الشوكية,الثقبة الشوكية,1.0,1.0,1.0
34,ما هي الطية الجلدية التي تغطي رأس القضيب؟,القلفة,القلفة,القلفة,القلفة,1.0,1.0,1.0
35,ما هي البنية التشريحية التي ترتكز على الحفرة المدورية؟,الرباط المدور,العضلة السدادية الظاهرة,الرباط المدور,العضلة السدادية الظاهرة,0.7405921220779419,0.7127234935760498,0.7263906002044678
36,أين يتوضع الدرز الأكليلي؟,بين العظم الجبهي والجداري,يتوضع بين العظم الجبهي والجداريين.,بين العظم الجبهي والجداري,يتوضع بين العظم الجبهي والجداريين.,0.9239007830619812,0.8663406372070312,0.8941953182220459
37,ماذا يفعل الرباط المتصالب الأمامي؟,يمنع الإزاحة الأمامية لقصبة الساق,يمنع انزياح الساق للأمام,يمنع الإزاحة الأمامية لقصبة الساق,يمنع انزياح الساق للأمام,0.849868655204773,0.8705406188964844,0.8600804209709167
38,ما العصب القحفي الذي يعبر الثقبة البيضية؟,العصب ثلاثي التوائم,الفكي السفلي,العصب ثلاثي التوائم,الفكي السفلي,0.7403356432914734,0.757397472858429,0.7487694025039673
39,إلى أي قصبات تتفرع القصبات الفصية؟,القصبات القطعية,قطعية شدفية,القصبات القطعية,قطعية شدفية,0.7492682933807373,0.7792011499404907,0.7639416456222534
40,أين توجد نوى الأعصاب القحفية من الثالث حتى الثاني عشر؟,جذع الدماغ,جذع الدماغ,جذع الدماغ,جذع الدماغ,1.0,1.0,1.0
41,على ماذا يحتوي البلعوم الفموي من اللوزتين؟,اللوزتان الحنكيتان,الحنكيتين,اللوزتان الحنكيتان,الحنكيتين,0.8665056824684143,0.9137482643127441,0.8895002007484436
42,على أي من وجوه الكبد يوجد مسكن المرارة؟,الوجه الحشوي,السفلي,الوجه الحشوي,السفلي,0.7331552505493164,0.7461537718772888,0.7395973801612854
43,ما هو العصب القحفي الثاني؟,العصب البصري,البصري - حاسي,العصب البصري,البصري - حاسي,0.8435778617858887,0.8283768892288208,0.8359082341194153
44,ما وظيفة العضلة تحت الكتفية؟,تدوير الذراع داخليًا وتقريبها,دوران أنسي للكتف.,تدوير الذراع داخليًا وتقريبها,دوران أنسي للكتف.,0.6185449957847595,0.6351091265678406,0.6267176270484924
45,أين تتوضع المشيمة في ارتكاز المشيمة المعيب؟,الجزء السفلي من الرحم,بين الجنين والمهبل.,الجزء السفلي من الرحم,بين الجنين والمهبل.,0.7395974397659302,0.7723597288131714,0.7556236386299133
46,ما اسم الطبقة من السحايا التي تغطي الجيوب الوريدية؟,الأم الجافية,الام الجافية,الأم الجافية,الام الجافية,0.9433083534240723,0.9433083534240723,0.9433083534240723
47,ما هي الألياف التي تربط المراكز القشرية بالمحيط؟,الألياف الإسقاطية,إسقاطية,الألياف الإسقاطية,إسقاطية,0.7482362389564514,0.8348690271377563,0.789182186126709
48,ما الذي تشكله البصلة عندما تتمادى في الأمام في جسم القضيب؟,الجسم الإسفنجي,الجسم الاسفنجي,الجسم الإسفنجي,الجسم الاسفنجي,0.9312829971313477,0.9525303244590759,0.9417868256568909
49,ما هي أكبر غدد الجسم؟,الكبد,الكبد,الكبد,الكبد,0.9999997615814209,0.9999997615814209,0.9999997615814209
50,ما هي الشرايين الخمسة التي يتفرع إليها الشريان الكلوي؟,الشريان القطعي العلوي، الشريان القطعي السفلي، الشريان القطعي الأمامي العلوي، الشريان القطعي الأمامي السفلي، الشريان القطعي الخلفي,قطعية,الشريان القطعي العلوي، الشريان القطعي السفلي، الشريان القطعي الأمامي العلوي، الشريان القطعي الأمامي السفلي، الشريان القطعي الخلفي,قطعية,0.5124015808105469,0.7115716934204102,0.5957817435264587
51,بماذا ينتهي الشريان الوجهي؟,الشريان الزاوي,الشريان الزاوي,الشريان الزاوي,الشريان الزاوي,1.0,1.0,1.0
52,ما هي طبقة لب السن الأكثر عمقا والأقرب لجوهر اللب؟,اللب المركزي,المنطقة الغنية بالخلايا.,اللب المركزي,المنطقة الغنية بالخلايا.,0.7225046157836914,0.7038304805755615,0.7130452990531921
53,أين تقع فوهة مصب الجيب الأكليلي؟,الأذين الأيمن,أمام وأسفل مصب الأجوف السفلي,الأذين الأيمن,أمام وأسفل مصب الأجوف السفلي,0.7679131031036377,0.7019545435905457,0.7334538698196411
54,ما هي الزاوية الأمامية السفلية للعظم الجداري؟,الزاوية الوتدية,وتدية,الزاوية الوتدية,وتدية,0.7434353828430176,0.7735636830329895,0.7582004070281982
55,أي عصب هو المحرك لعضلات اللسان؟,العصب تحت اللساني,12,العصب تحت اللساني,12,0.5660461187362671,0.6130948662757874,0.588631808757782
56,ما هو البروز العظمي الذي يحتوي عليه الوجه الداخلي لفرع الفك السفلي؟,الناتئ المنقاري,اللسين,الناتئ المنقاري,اللسين,0.7635317444801331,0.8069418668746948,0.7846367955207825
57,ما هي المواد التي تفرزها الغدد استجابة للتنبيه وترحل عبر الدم؟,هرمونات,الهرمونات,هرمونات,الهرمونات,0.9113665819168091,0.8789139986038208,0.8948462009429932
58,ما هي الزاوية بين قبضة وجسم القص؟,زاوية لويس,لويس,زاوية لويس,لويس,0.7843523621559143,0.876735270023346,0.8279748558998108
59,من أين يخرج العصب الفكي العلوي من الجمجمة؟,الثقبة المدورة,الثقبة المدورة,الثقبة المدورة,الثقبة المدورة,1.0,1.0,1.0
60,ما الذي يحدد المنصف العلوي جانبياً؟,الجنبة المنصفية,الجنية المنصفية.,الجنبة المنصفية,الجنية المنصفية.,0.9173703193664551,0.9089105129241943,0.9131208062171936
61,ما هما الممران اللذان يمر عبرهما الهواء إلى جوف الأنف؟,المنخران والردب البلعومي الأنفي,المنخرين,المنخران والردب البلعومي الأنفي,المنخرين,0.7508931159973145,0.8589187860488892,0.8012814521789551
62,أين ترتكز العضلة العريضة الظهرية؟,التلم بين الحديبتين للعضد,قاع أخدود ذات الرأسين.,التلم بين الحديبتين للعضد,قاع أخدود ذات الرأسين.,0.6850616335868835,0.6934866905212402,0.6892483830451965
63,ما هو القولون الذي يمتد بشكل أفقي؟,القولون المستعرض,الكولون المعترض,القولون المستعرض,الكولون المعترض,0.8423518538475037,0.8047234416007996,0.8231077790260315
64,كم عدد القطع العصعصية في النخاع الشوكي؟,قطعة واحدة,1,قطعة واحدة,1,0.7047355771064758,0.7400612831115723,0.721966564655304
65,ما الطبقة التي تمثلها العضلة الدافعة في المثانة؟,الطبقة العضلية الوسطى,العضلية,الطبقة العضلية الوسطى,العضلية,0.7720028758049011,0.8234715461730957,0.7969070076942444
66,ما هي الخلايا التي توجد في الجلد وتعمل كمستقبلات آلية حسية؟,خلايا ميركل,خلايا ميركل.,خلايا ميركل,خلايا ميركل.,0.9429517984390259,0.9301131963729858,0.9364884495735168
67,ما اسم الكرة الصغيرة فوق قمة الغضروف؟,كرة الغضروف,القريني,كرة الغضروف,القريني,0.7642793655395508,0.796930730342865,0.7802635431289673
68,أين لا توجد الغدد الزهمية؟,راحة اليد وأخمص القدم,راحة اليد وأخمص القدم,راحة اليد وأخمص القدم,راحة اليد وأخمص القدم,1.0,1.0,1.0
69,ما هو العصب المسؤول عن حركات عضلات الوجه التعبيرية؟,العصب الوجهي,السابع,العصب الوجهي,السابع,0.6263851523399353,0.6801069974899292,0.6521416306495667
70,ما هي الزاوية الخلفية السفلية في العظم الجداري؟,الزاوية الخشائية,خشانية,الزاوية الخشائية,خشانية,0.7119841575622559,0.7487086653709412,0.7298847436904907
71,ما هو الاسم الآخر لفرع الفك السفلي؟,راموس الفك السفلي,الرأد.,راموس الفك السفلي,الرأد.,0.6868798732757568,0.7173053026199341,0.7017629742622375
72,ماذا يفعل الرباط المتصالب الأمامي؟,يمنع الإزاحة الأمامية لقصبة الساق,يمنع ازياح الساق للأمام,يمنع الإزاحة الأمامية لقصبة الساق,يمنع ازياح الساق للأمام,0.8236376047134399,0.8368165493011475,0.8301748037338257
73,ما هي الثقبة التي يعبر من خلالها العصب الوجهي؟,الثقبة الإبرية الخشائية,الثقبة الإبرية الخشانية,الثقبة الإبرية الخشائية,الثقبة الإبرية الخشانية,0.9140698909759521,0.9140698909759521,0.9140698909759521
74,ماذا تفرز خلايا بيتا في البنكرياس؟,الأنسولين,الأنسولين,الأنسولين,الأنسولين,0.9999998211860657,0.9999998211860657,0.9999998211860657
75,ما هو التامور الخارجي الذي لا يرتبط بالقلب؟,التامور الليفي,التامور الليفي,التامور الليفي,التامور الليفي,1.0,1.0,1.0
76,ما هو القسم من الضلع الواقع بين الرأس والحديبة؟,العنق,العنق,العنق,العنق,1.0,1.0,1.0
77,مع أي عظم يتمفصل الظنبوب في الأسفل؟,الشظية والكاحل,القعب,الشظية والكاحل,القعب,0.7677605748176575,0.8327858448028564,0.7989524006843567
78,أي من العضلات العميقة التالية للمثلث الخلفي للعنق ترتبط بحدبة الأطلس الخلفية؟,الرأسية الخلفية الكبيرة,المستقيمه الرأسيه الخلفيه الصغيرة,الرأسية الخلفية الكبيرة,المستقيمه الرأسيه الخلفيه الصغيرة,0.8790757060050964,0.8228933811187744,0.8500571846961975
79,ما هو التركيب الذي يتصل بالخلف مع البلعوم الفموي عبر برزخ الحلق؟,الفم,جوف الفم المخصوص,الفم,جوف الفم المخصوص,0.8620188236236572,0.7793471813201904,0.8186010122299194
80,ما هي البنية التي تغطي السطوح الأمامي والإنسي والوحشي للخصية؟,الغلالة البيضاء,الغلالة الغمدية,الغلالة البيضاء,الغلالة الغمدية,0.878566324710846,0.8455779552459717,0.8617565631866455
81,أين يقع موقع الغدة الدرقية؟,أمام القصبة الهوائية,تحت الحنجرة وعلى جانبي الرغامي وأمامها,أمام القصبة الهوائية,تحت الحنجرة وعلى جانبي الرغامي وأمامها,0.7640950083732605,0.73902827501297,0.7513526082038879
82,أين تتوضع مستقبلات الشم؟,الظهارة الشمية,سقف الأنف.,الظهارة الشمية,سقف الأنف.,0.726405143737793,0.7373955845832825,0.7318590879440308
83,ما هي طبيعة هرمونات الغدة النخامية؟,بروتينية,بيتيدية,بروتينية,بيتيدية,0.7807562947273254,0.7976678609848022,0.7891214489936829
84,ما هو مفصل المرفق؟,مفصل زليلي مركب,نموذج رزى,مفصل زليلي مركب,نموذج رزى,0.7494673132896423,0.7485813498497009,0.7490240335464478
85,ما هو المكان الذي تنشأ منه العضلة المدورة الكبيرة بشكل أساسي؟,الزاوية السفلية للكتف,أسفل الحافة الوحشية لعظم لوح الكتف.,الزاوية السفلية للكتف,أسفل الحافة الوحشية لعظم لوح الكتف.,0.8070371150970459,0.7801002264022827,0.7933400869369507
86,أين يتوضع الأبهر النازل البطني؟,خلف البريتوان,أيسر الأجوف السفلي,خلف البريتوان,أيسر الأجوف السفلي,0.7648372650146484,0.7306702136993408,0.7473634481430054
87,ما الذي يجاور السطح العلوي لمثانة الرجل؟,اللفائف المعوية والقولون السيني,عرى اللفائفي والكولون السيني,اللفائف المعوية والقولون السيني,عرى اللفائفي والكولون السيني,0.8230963945388794,0.8174450993537903,0.8202610015869141
88,ما هي عضلة الشهيق الرئيسية؟,الحجاب الحاجز,الحجاب الحاجز.,الحجاب الحاجز,الحجاب الحاجز.,0.9133279323577881,0.9054648876190186,0.9093794226646423
89,ما هو ترتيب دخول التراكيب إلى سرة الكلية من الخلف للأمام؟,الشريان الكلوي، الوريد الكلوي، الحالب,حويضة – شريان – وريد,الشريان الكلوي، الوريد الكلوي، الحالب,حويضة – شريان – وريد,0.6341589689254761,0.6469942331314087,0.6405122876167297
90,أين تشاهد التلمة الكعبرية للزند؟,على الوجه الوحشي للناتئ الإكليلي,الوجه الوحشي للناتئ المنقاري.,على الوجه الوحشي للناتئ الإكليلي,الوجه الوحشي للناتئ المنقاري.,0.8865934610366821,0.8927918672561646,0.889681875705719
91,أين تتوضع الثقبة العوراء في اللسان؟,خلف الكلم الإنتهائي,خلف الكلم الإنتهائي,خلف الكلم الإنتهائي,خلف الكلم الإنتهائي,1.0,1.0,1.0
92,ما هو أطول أجزاء الأنبوب الهضمي؟,اللفائفي,المعي الدقيق,اللفائفي,المعي الدقيق,0.8021267652511597,0.8125428557395935,0.8073012232780457
93,ما هو ترتيب العضلات من الأعلى للأسفل على الناحية الخلفية للألية؟,الألوية الكبرى، الألوية الوسطى، الألوية الصغرى,كمثرية - توأمية علوية - سادة باطنة - توأمية سفلية,الألوية الكبرى، الألوية الوسطى، الألوية الصغرى,كمثرية - توأمية علوية - سادة باطنة - توأمية سفلية,0.7000205516815186,0.6804169416427612,0.6900795698165894
94,ما هي الطبقة المبطنة للتامور الليفي؟,لا يوجد بطانة,التامور المصلي الجداري,لا يوجد بطانة,التامور المصلي الجداري,0.6697647571563721,0.674750804901123,0.6722485423088074
95,ما هو أطول أجزاء أنبوب الهضم؟,اللفائفي,المعي الدقيق,اللفائفي,المعي الدقيق,0.8021267652511597,0.8125428557395935,0.8073012232780457
96,ما هو الهرمون الذي يسرع عملية تصنيع الأحماض الدهنية من الغلوكوز في الخلايا الشحمية؟,الأنسولين,الانسولين,الأنسولين,الانسولين,0.9040037393569946,0.9264123439788818,0.9150708913803101
97,ما هو الرباط الذي يربط الرحم بجدران الحوض الجانبية؟,الرباط العريض للرحم,العريض,الرباط العريض للرحم,العريض,0.7928863763809204,0.8614431023597717,0.8257441520690918
98,ما هو لون لب الكظر؟,بني محمر,بني غامق,بني محمر,بني غامق,0.8705693483352661,0.8705693483352661,0.8705693483352661
99,ما الذي يشكل معظم الكتلة العضلية للسان؟,العضلات الداخلية,ذقنية لسانية,العضلات الداخلية,ذقنية لسانية,0.6727635264396667,0.6709827184677124,0.6718719601631165
100,ما هي أصغر الحليمات الذوقية وأكثرها عدداً؟,الحليمات الخيطية,الخيطية,الحليمات الخيطية,الخيطية,0.8612774610519409,0.9165736436843872,0.8880656361579895
101,ما هي العضلات الطويلة التي تربط الفقرات مع بعضها؟,العضلات الشوكية الطويلة,عضلات العمود الفقري,العضلات الشوكية الطويلة,عضلات العمود الفقري,0.815029501914978,0.8229981660842896,0.8189944624900818
102,ما هو أضيق قسم في جذع الدماغ؟,الجسر,مستوى الدماغ المتوسط,الجسر,مستوى الدماغ المتوسط,0.7022042274475098,0.7170792818069458,0.7095637917518616
103,أين يقع التلفيف خلف المركزي؟,الفص الجداري,الفص الجداري.,الفص الجداري,الفص الجداري.,0.9360901117324829,0.9241122007369995,0.9300625920295715
104,ما هي الباحة التي يحويها التلفيف خلف المركزي؟,الباحة الحسية الأولية,الحس الجسدي الأولية,الباحة الحسية الأولية,الحس الجسدي الأولية,0.8396652340888977,0.8468760251998901,0.8432551622390747
105,ما هي أصغر الحليمات الذوقية وأكثرها عدداً؟,الحليمات الخيطية,الخيطية,الحليمات الخيطية,الخيطية,0.8612774610519409,0.9165736436843872,0.8880656361579895
106,ما هي المجموعة العضلية التي تنتمي إليها العضلة الحرقفية؟,العضلات الباسطة للورك,عضلات الزنار الحوضي الأمامية,العضلات الباسطة للورك,عضلات الزنار الحوضي الأمامية,0.7671800851821899,0.7673887014389038,0.7672843933105469
107,ما هو القسم المسؤول عن تنظيم الفعالية الحياتية الذاتية؟,الجهاز العصبي الذاتي,جذع الدماغ,الجهاز العصبي الذاتي,جذع الدماغ,0.6996992230415344,0.6979255676269531,0.6988112926483154
108,ما هي المادة شبيهة بالهلام التي تشغل أربعة أخماس المقلة؟,الجسم الزجاجي,الخلط الزجاجي,الجسم الزجاجي,الخلط الزجاجي,0.923525333404541,0.87944495677948,0.900946319103241
109,أين تقع أجسام العصبونات التي تفرز الهرمون المضاد للإدرار ADH؟,النواة فوق البصرية وتحت البطينية,الأنوية فوق البصرية,النواة فوق البصرية وتحت البطينية,الأنوية فوق البصرية,0.8405777215957642,0.8905423879623413,0.8648390173912048
110,ما هي العضلات التي لها منشأ عظمي وترتكز على باطن جلد الوجه؟,عضلات التعبير الوجهي,عضلات الوجه التعبيرية,عضلات التعبير الوجهي,عضلات الوجه التعبيرية,0.9304404854774475,0.9304405450820923,0.9304404854774475
111,ما هو مصدر التروية الرئيسية للمعدة؟,الشريان البطني,فروع الجذع الزلاقي,الشريان البطني,فروع الجذع الزلاقي,0.8069852590560913,0.7410538792610168,0.7726154923439026
112,ما هي أطول أجزاء أنبوب الهضم؟,اللفائفي,المعي الدقيق,اللفائفي,المعي الدقيق,0.8021267652511597,0.8125428557395935,0.8073012232780457
113,من أين ينشأ الجذع الرئوي؟,البطين الأيمن,البطين الأيمن,البطين الأيمن,البطين الأيمن,1.0,1.0,1.0
114,ما هو اسم المنعكس الذي يحدث عند رفع الخصية والصفن للأعلى؟,المنعكس المشمر,المشمري,المنعكس المشمر,المشمري,0.869853675365448,0.9157902002334595,0.8922311067581177
115,ما هو العظم الذي يحتوي على تلم في وجهه السفلي لمرور وتر الشظية الطويلة؟,العظم النردي,النردي,العظم النردي,النردي,0.8526325225830078,0.8937382698059082,0.8727015852928162
116,ما هي المنطقة المتوسطة من نواحي البطن؟,المنطقة السرية,السرية,المنطقة السرية,السرية,0.826054573059082,0.8459863066673279,0.8359016180038452
117,ما الذي يصل بين الأذينة اليسرى والبطين الأيسر؟,الصمام التاجي,فوهة التاجي,الصمام التاجي,فوهة التاجي,0.8293237686157227,0.7984145879745483,0.8135756850242615
118,ما الذي يعطي الرباط الحرقفي القطني منشأ له؟,الناتئ المستعرض للفقرة القطنية الخامسة,العضلة المربعة القطنية.,الناتئ المستعرض للفقرة القطنية الخامسة,العضلة المربعة القطنية.,0.7558771371841431,0.7901880741119385,0.7726518511772156
119,ماذا يحفز ACTH إفرازه؟,الكورتيزول,الكورتيزول,الكورتيزول,الكورتيزول,1.0,1.0,1.0
120,ما هو أكثر أقسام الإحليل قابلية للتمدد وأعرضها؟,الإحليل الإسفنجي,الموثي,الإحليل الإسفنجي,الموثي,0.7390191555023193,0.7549397945404053,0.7468946576118469
121,مما يتكون الزنار الحوضي؟,عظمي الورك والعجز,من العظمين الوركيين و العجز.,عظمي الورك والعجز,من العظمين الوركيين و العجز.,0.8146122097969055,0.7992709875106812,0.8068686723709106
122,أين تقع الباحة الحركية الأولية؟,الفص الجبهي,في التلفيف أمام المركزي .,الفص الجبهي,في التلفيف أمام المركزي .,0.7093523144721985,0.7147617340087891,0.7120468020439148
123,ما هي العضلة المسؤولة عن قبض الفخذ وقبض الساق؟,العضلة الخياطية,الخياطية,العضلة الخياطية,الخياطية,0.8448030948638916,0.9142265915870667,0.8781448602676392
124,أين تتوضع الغدة تحت الطية اللسانية؟,تحت الغشاء المخاطي لأرضية الفم,تحت اللسان,تحت الغشاء المخاطي لأرضية الفم,تحت اللسان,0.7309409379959106,0.8223001956939697,0.7739337682723999
125,أين يتوضع السرج التركي؟,العظم الوتدي,على الوجه العلوي لجسم العظم الوتدي.,العظم الوتدي,على الوجه العلوي لجسم العظم الوتدي.,0.8920994997024536,0.7711045742034912,0.8272010087966919
126,ما هو القسم مع الضلع الواقع بين الرأس والحدبية؟,العنق,العنق,العنق,العنق,1.0,1.0,1.0
127,كم عدد شدف النخاع الشوكي؟,31 قطعة,31,31 قطعة,31,0.6695826649665833,0.7071472406387329,0.6878524422645569
128,ما هي العضلة الموسعة المسؤولة عن فتح الحنجرة؟,العضلة الحلقية الدرقية الخلفية,الحلقية الطرجهالية الخلفية,العضلة الحلقية الدرقية الخلفية,الحلقية الطرجهالية الخلفية,0.8612532615661621,0.8581656217575073,0.859706699848175
129,ما يُدعى القسم العلوي المتسع من الحالب؟,حويضة الكلية,الحويضة,حويضة الكلية,الحويضة,0.7582828402519226,0.7770744562149048,0.7675637006759644
130,أين توجد نقطة التعظم البدئية في لوح الكتف؟,الجسم الغضروفي,الحفرة تحت الشوك,الجسم الغضروفي,الحفرة تحت الشوك,0.7567120790481567,0.7578120231628418,0.7572616338729858
131,ما هو الشريان الذي يستمر به الشريان تحت الترقوة؟,الشريان الإبطي,الابطي,الشريان الإبطي,الابطي,0.7593986988067627,0.7923903465270996,0.7755438089370728
132,ما هو الشريان الذي يمكن الشعور بنبضه عند الحافة السفلية للفك السفلي أمام العضلة الماضغة؟,الشريان الوجهي,الوجهي.,الشريان الوجهي,الوجهي.,0.8467423915863037,0.8846775889396667,0.8652943968772888
133,ما هو الشريان الذي يعتبر الشريان المخي الخلفي فرعاً منه؟,الشريان القاعدي,القاعدي,الشريان القاعدي,القاعدي,0.8101134300231934,0.8699778318405151,0.8389790654182434
134,ما هو أكبر أعضاء الجسم وزناً ومساحة؟,الجلد,الجلد,الجلد,الجلد,0.9999998807907104,0.9999998807907104,0.9999998807907104
135,ما الذي يشكله نصفا الكرة المخية مع الدماغ البيني؟,الدماغ الأمامي,المخ,الدماغ الأمامي,المخ,0.7453891038894653,0.7416534423828125,0.7435165643692017
136,ما هو اسم الحافة اليسرى للمعدة التي تمتد من الفؤاد إلى البواب؟,الانحناء الكبير للمعدة,الانحناء الكبير,الانحناء الكبير للمعدة,الانحناء الكبير,0.863994836807251,0.9473214149475098,0.9037414789199829
137,ما هو مصدر نشأة الشريان الشوكي الأمامي؟,الشرايين الفقرية,الفقري,الشرايين الفقرية,الفقري,0.7936859130859375,0.8712422251701355,0.8306576609611511
138,أين يقع الثرب الصغير؟,بين الكبد والانحناء الصغير للمعدة والاثني عشر,المعدة والكبد,بين الكبد والانحناء الصغير للمعدة والاثني عشر,المعدة والكبد,0.6673382520675659,0.7553614377975464,0.7086268663406372
139,أين تقع صفيحة الأكيمات؟,الدماغ المتوسط,الدماغ المتوسط .,الدماغ المتوسط,الدماغ المتوسط .,0.892378032207489,0.8755073547363281,0.8838621973991394
140,ما هي الباحة التي يحويها التلفيف خلف المركزي؟,الباحة الحسية الأولية,الحس الجسدي الأولية,الباحة الحسية الأولية,الحس الجسدي الأولية,0.8396652340888977,0.8468760251998901,0.8432551622390747
141,ما هي الألياف التي تربط المراكز القشرية بالمحيط؟,الألياف الإسقاطية,إسقاطية,الألياف الإسقاطية,إسقاطية,0.7482362389564514,0.8348690271377563,0.789182186126709
142,ما نوع المفصل الحلقي الطرجهالي؟,مفصل زلالي مركب,الزليلي,مفصل زلالي مركب,الزليلي,0.6692171096801758,0.6878177523612976,0.6783899068832397
143,ما هو رقم العصب الحركي للعضلات الماضغة؟,العصب ثلاثي التوائم (الخامس),الخامس,العصب ثلاثي التوائم (الخامس),الخامس,0.611192524433136,0.7413424253463745,0.6700055003166199
144,كم عدد فصيصات الخصية؟,250-300 فصيص,250,250-300 فصيص,250,0.6603662371635437,0.759758710861206,0.7065842747688293
145,أين ترتكز العضلة الأخمعية الخلفية بوتر رقيق؟,الحديبة الأخمعية للضلع الثاني,الضلع الثاني.,الحديبة الأخمعية للضلع الثاني,الضلع الثاني.,0.7419170141220093,0.8607409000396729,0.7969240546226501
146,أين يتوضع الثلم المهمازي؟,الفص القفوي,الأنسي,الفص القفوي,الأنسي,0.8049285411834717,0.8067904710769653,0.8058584332466125
147,ما هي المنطقة التي يقع بينها القسيم العضلي (sarcomere)؟,خطي Z,الخطين -Z-,خطي Z,الخطين -Z-,0.8042282462120056,0.7603410482406616,0.7816691398620605
148,ما الذي تنتجه الخلايا المجاورة للجريبات في الدرق؟,الكالسيتونين,كاليستونين,الكالسيتونين,كاليستونين,0.7439055442810059,0.7449618577957153,0.7444333434104919
149,ما الذي تتحول إليه الوحيدات Monocytes بعد مغادرتها الدوران؟,بلاعم,بالعات,بلاعم,بالعات,0.8213402628898621,0.8257879018783569,0.8235581517219543
150,ما هو الشريان الذي ينتهي به الشريان الوجهي؟,الشريان الزاوي,الزاوي,الشريان الزاوي,الزاوي,0.8223938345909119,0.8727520704269409,0.8468249440193176
151,أين يتوضع الثلم المهمازي؟,الفص القفوي,الانسي,الفص القفوي,الانسي,0.7797513604164124,0.810410737991333,0.7947854995727539
152,ما هو العصب القحفي الذي يحمل التعصيب نظير الودي للقلب؟,العصب المبهم,10,العصب المبهم,10,0.5892887115478516,0.6319637894630432,0.6098806858062744
153,ما هي العضلة التي يمر العصب تحت اللساني في الناحية تحت الفك عميقاً منها؟,العضلة اللامية اللسانية,لامية لسانية.,العضلة اللامية اللسانية,لامية لسانية.,0.6820799112319946,0.7314209342002869,0.7058892846107483
154,تحت أي قسم من أقسام التشريح يندرج التنبيب الرغامي؟,التشريح السريري,التشريح التقني .,التشريح السريري,التشريح التقني .,0.8975099921226501,0.8685904741287231,0.8828134536743164
155,ما هي العظام التي يتشكل منها مفصل الركبة؟,الفخذ، الرضفة، الظنبوب,المفصل بين عظمي الفخذ والظنبوب والمفصل بين عظمي الفخذ والرضفة.,الفخذ، الرضفة، الظنبوب,المفصل بين عظمي الفخذ والظنبوب والمفصل بين عظمي الفخذ والرضفة.,0.8339540958404541,0.7555350065231323,0.7928101420402527
156,ما هي الحركة الخاصة بالساعد؟,الكب والبسط,الكب,الكب والبسط,الكب,0.8075904250144958,0.9088355302810669,0.855226993560791
157,ما الذي يحويه القسم الأمامي للثلم الأمامي الخلفي الأيسر للكبد؟,الرباط المدور الكبدي,تلم الرباط الوريدي,الرباط المدور الكبدي,تلم الرباط الوريدي,0.857429027557373,0.8486804962158203,0.8530323505401611
158,ماذا تشكل الصفيحتان السفليتان للشفرين الصغيرين عند اتحادهما؟,لجام البظر,لجيم البظر,لجام البظر,لجيم البظر,0.9635722637176514,0.9635722637176514,0.9635722637176514
159,ما هي الانطباعات التي توجد على العظم الجداري؟,انطباعات التلفيف، انطباعات الشريان السحائي الأوسط,السحائي الأوسط,انطباعات التلفيف، انطباعات الشريان السحائي الأوسط,السحائي الأوسط,0.7260340452194214,0.8516526818275452,0.7838423848152161
160,ما هو العصب الحركي للعضلات الماضغة؟,العصب ثلاثي التوائم,الخامس,العصب ثلاثي التوائم,الخامس,0.5701215267181396,0.6383651494979858,0.6023164987564087
161,أين يقع الشق الحجاجي السفلي؟,بين الجناح الكبير للعظم الوتدي والفك العلوي,الجناح البير والفكي العلوي,بين الجناح الكبير للعظم الوتدي والفك العلوي,الجناح البير والفكي العلوي,0.7978233098983765,0.8276782035827637,0.8124765753746033
162,ما هو العضو المتخصص بتشكيل الصوت والتدخل بالدور في الكلام؟,الحنجرة,الحنجرة,الحنجرة,الحنجرة,1.0,1.0,1.0
163,ما هي حركة الركبة للخلف بمستوى سهمي؟,ثني الركبة,عطف,ثني الركبة,عطف,0.7528653144836426,0.7741456031799316,0.7633572220802307
164,ما هو العصب القحفي المتواسط بإفراز الغدد الدمعية واللعابية؟,العصب الوجهي,السابع,العصب الوجهي,السابع,0.6263851523399353,0.6801069974899292,0.6521416306495667
165,أين تتوضع الصفيحة الأفقية للعظم الغربالي؟,في الثلم الغربالي للعظم الجبهي,الثلمة الغربالية في العظم الدمعي.,في الثلم الغربالي للعظم الجبهي,الثلمة الغربالية في العظم الدمعي.,0.7778510451316833,0.8027576208114624,0.7901080846786499
166,ما هو لون لب الكظر؟,بني محمر,بني غامق,بني محمر,بني غامق,0.8705693483352661,0.8705693483352661,0.8705693483352661
167,ما هو وجه العظم الجبهي الذي ينتمي للقحف العصبي؟,الوجه الخارجي والداخلي,الداخلى,الوجه الخارجي والداخلي,الداخلى,0.7568479180335999,0.7846093773841858,0.7704786658287048
168,ما هو لون لب الكظر؟,بني محمر,بني غامق,بني محمر,بني غامق,0.8705693483352661,0.8705693483352661,0.8705693483352661
169,ما هي اللفافة التي تحيط بجسم القضيب؟,اللفافة العميقة للقضيب,بوك,اللفافة العميقة للقضيب,بوك,0.6706922650337219,0.7623579502105713,0.7135934233665466
170,ما هي العضلة التي تعد من العضلات الوحشية للساق وقد تعد من العضلات الأمامية للساق؟,الشظوية الثالثة,العضلة الشظويةالثالثة,الشظوية الثالثة,العضلة الشظويةالثالثة,0.8194134831428528,0.7704485654830933,0.7941769957542419
171,ما هو أول ما يتأثر من الخلايا الكبدية في حالة الإصابة بنقص الأكسجة؟,الخلايا الكبدية المركزية,الخلايا الكبدية المركزية,الخلايا الكبدية المركزية,الخلايا الكبدية المركزية,0.9999998807907104,0.9999998807907104,0.9999998807907104
172,ما هي العضلات الطويلة التي تربط الفقرات مع بعضها؟,العضلات الشوكية الطويلة,عضلات العمود الفقري,العضلات الشوكية الطويلة,عضلات العمود الفقري,0.815029501914978,0.8229981660842896,0.8189944624900818
173,ما هي الطية الجلدية التي تغطي رأس القضيب؟,القلفة,القلفة,القلفة,القلفة,1.0,1.0,1.0
174,من أين يتفرع الشريان الأكليلي الأيمن والأيسر؟,الأبهر الصاعد,الأبهر الصاعد,الأبهر الصاعد,الأبهر الصاعد,1.0,1.0,1.0
175,متى ينشأ برزخ الأبهر؟,بعد الشريان تحت الترقوة الأيسر,بعد منشأ الشريان تحت الترقوة الأيسر,بعد الشريان تحت الترقوة الأيسر,بعد منشأ الشريان تحت الترقوة الأيسر,0.965438723564148,0.9388371109962463,0.9519520998001099
176,ما هو أصغر الفروع الأمامية للأبهر البطني؟,الشريان المساريقي السفلي,المساريقي السفلي,الشريان المساريقي السفلي,المساريقي السفلي,0.905603289604187,0.9469280242919922,0.9258047342300415
177,ما هي الألياف التي تربط التلافيف والفصوص في نصف كرة مخية واحد؟,الألياف الترابطية,ترابطية,الألياف الترابطية,ترابطية,0.7709680199623108,0.8765527009963989,0.8203770518302917
178,ما هي ميزابة النبض بين أوتار العضلات؟,ميزابة النبض الكعبرية,العضدية الكعبرية قابضة الرسغ الكعبرية,ميزابة النبض الكعبرية,العضدية الكعبرية قابضة الرسغ الكعبرية,0.7902385592460632,0.7923864126205444,0.7913110256195068
179,ما هو الوريد السطحي الذي يشكل الابطي؟,الوريد البازلي,القاعدي,الوريد البازلي,القاعدي,0.7640731334686279,0.7624043226242065,0.7632377743721008
180,ماذا تفرز الخلايا ألفا في البنكرياس؟,الغلوكاجون,الفلوكاغون,الغلوكاجون,الفلوكاغون,0.9314191937446594,0.9314191937446594,0.9314191937446594
181,ما هو اسم أعمق الانخفاضات في الصيوان؟,الحفرة المثلثية,المحار,الحفرة المثلثية,المحار,0.7645190954208374,0.7620709538459778,0.7632930874824524
182,ما هي وظيفة هرمون الغدة جار الدرقية PTH؟,تنظيم مستويات الكالسيوم والفوسفات,يرفع كالسيوم الدم,تنظيم مستويات الكالسيوم والفوسفات,يرفع كالسيوم الدم,0.726965069770813,0.7377768754959106,0.7323310971260071
183,ما الذي يمتد من المنخر حتى المنعر؟,جوف الأنف,جوف الأنف,جوف الأنف,جوف الأنف,1.0,1.0,1.0
184,ما الذي يقع بين جسم الفقرة والقوس الفقرية؟,السويقة,الثقبة الفقرية,السويقة,الثقبة الفقرية,0.7643585205078125,0.7288937568664551,0.7462050318717957
185,أين تتوضع الطية المخملة؟,في الأذين الأيمن,الوجه السفلي للسان,في الأذين الأيمن,الوجه السفلي للسان,0.7431575059890747,0.7288083434104919,0.7359130382537842
186,ما هو الهرمون الذي يفرز PTH؟,هرمون الغدة الدرقية,الغدد جارات الدرق.,هرمون الغدة الدرقية,الغدد جارات الدرق.,0.8018366694450378,0.8038873672485352,0.802860677242279
187,ما هو الهرمون الذي يسرع عملية تصنيع الأحماض الدهنية من الغلوكوز في الخلايا الشحمية؟,الأنسولين,الأنسولين,الأنسولين,الأنسولين,0.9999998211860657,0.9999998211860657,0.9999998211860657
188,ما هي العضلات التي تعمل على توازن الرأس على الجذع؟,العضلات تحت القذالية,عضلات العنق.,العضلات تحت القذالية,عضلات العنق.,0.802351713180542,0.8212586641311646,0.8116950988769531
189,من أين يخرج العصب الوجهي من الجمجمة؟,الثقبة الإبرية الخشائية,الثقبة الأبرية الخشائية,الثقبة الإبرية الخشائية,الثقبة الأبرية الخشائية,0.9673282504081726,0.9673282504081726,0.9673282504081726
190,ما الذي يتصل به المدورين بالخلف في الفخذ؟,العرف بين المدورين,العرف بين المدورين,العرف بين المدورين,العرف بين المدورين,1.0,1.0,1.0
191,أين يدخل الحالبان المثانة؟,الزاوية العلوية الخلفية للمثانة,الخلفي,الزاوية العلوية الخلفية للمثانة,الخلفي,0.7078588008880615,0.8077714443206787,0.754521906375885
192,ما هي الباحة المسؤولة عن حركات العين؟,الباحة أمام الحركية,8,الباحة أمام الحركية,8,0.5808117389678955,0.6402783393859863,0.6090970635414124
193,ما هو الشريان الذي ينشأ منه الجذع المشترك للشريان بين العظمين؟,الشريان الزندي,الزندي,الشريان الزندي,الزندي,0.8517619371414185,0.8997117280960083,0.8750804662704468
194,ما هو وجه عظم الترقوة الذي عليه ميزابة طولانية؟,الوجه السفلي,الوجه السفلي,الوجه السفلي,الوجه السفلي,1.0,1.0,1.0
195,من أين يفرز الغلوكاغون؟,خلايا ألفا في البنكرياس,خلايا الفا في المعثكلة,خلايا ألفا في البنكرياس,خلايا الفا في المعثكلة,0.8185486197471619,0.7979049682617188,0.8080949783325195
196,ما هي الطبقة المبطنة للتامور الليفي؟,لا يوجد بطانة,التامور المصلي الجداري,لا يوجد بطانة,التامور المصلي الجداري,0.6697647571563721,0.674750804901123,0.6722485423088074
197,ما هو معنى التوسع في نهاية الأسهر؟,الأمبولة,مجل الأسهر,الأمبولة,مجل الأسهر,0.7642156481742859,0.7533444166183472,0.7587410807609558
198,كم عدد فقرات الجزء الصدري من العمود الفقري؟,اثنتا عشرة فقرة,12,اثنتا عشرة فقرة,12,0.5836906433105469,0.6686419248580933,0.6232849955558777
199,من أين ينتج هرمون الأستروجين؟,المبيض,المبيض,المبيض,المبيض,0.9999998807907104,0.9999998807907104,0.9999998807907104
200,ما هي الفروع الانتهائية للسباني الخارجي؟,الشريان الفكي والشريان الصدغي السطحي,حنكي وصدغي سطحي,الشريان الفكي والشريان الصدغي السطحي,حنكي وصدغي سطحي,0.7225742340087891,0.7698417901992798,0.7454594969749451
201,ما هو مصدر التعصيب الحركي لعضلات الظهر العميقة؟,الفروع الظهرية للأعصاب الشوكية,الشعب الاوليه الظهريه,الفروع الظهرية للأعصاب الشوكية,الشعب الاوليه الظهريه,0.7051552534103394,0.7718968391418457,0.7370181679725647
202,ما هو الجيب الوريدي الذي يصب في الوريد الوداجي الباطن؟,الجيب السيني,الجيب السيني,الجيب السيني,الجيب السيني,0.9999999403953552,0.9999999403953552,0.9999999403953552
203,أين يتوضع العظم الكتفي؟,الجزء الخلفي العلوي من القفص الصدري,الاضلاع الثانية حتى السابعة,الجزء الخلفي العلوي من القفص الصدري,الاضلاع الثانية حتى السابعة,0.686188280582428,0.6525000333786011,0.6689202189445496
204,ما هي المنطقة الأعمق في الغدة الكظرية؟,النخاع الكظري,اللب,النخاع الكظري,اللب,0.7353222370147705,0.7973148822784424,0.7650648355484009
205,ما الذي يقع بين النواة العدسية من جهة والنواة والمهاد من الجهة الأخرى؟,المحفظة الباطنة,المحفظة الداخلية.,المحفظة الباطنة,المحفظة الداخلية.,0.8405391573905945,0.8695421814918518,0.8547947406768799
206,ما الذي ينفتح على القرين الأنفي العلوي؟,الجيب الوتدي والخلايا الغربالية الخلفية,الجيب الوتدي,الجيب الوتدي والخلايا الغربالية الخلفية,الجيب الوتدي,0.7684519290924072,0.887208878993988,0.8235712647438049
207,أين يمكن إجراء الحقن العضلي في القسم العلوي؟,العضلة الدالية,الدالية,العضلة الدالية,الدالية,0.7566300630569458,0.8325039148330688,0.792755663394928
208,أين تتوضع الاحدوبة الدالية في العضد؟,الوجه الوحشي للعضد,الوحشي,الوجه الوحشي للعضد,الوحشي,0.7786173224449158,0.8536086678504944,0.814390242099762
209,ما هو أكبر الجيوب جانب الأنف؟,الجيب الفكي العلوي,الفكي,الجيب الفكي العلوي,الفكي,0.8291698098182678,0.885676383972168,0.8564921617507935
210,ما هو العصب المحرك لعضلات اللسان؟,العصب تحت اللسان,12,العصب تحت اللسان,12,0.5723255276679993,0.6177238821983337,0.5941587686538696
211,ما الذي يتوضع تحت الخط الضرسي اللامي؟,الغدة تحت الفك السفلي,حفرة الغدة تحت الفك السفلي,الغدة تحت الفك السفلي,حفرة الغدة تحت الفك السفلي,0.9629032611846924,0.9189510345458984,0.9404138326644897
212,ما هي الطبقة المحيطة بالقلب والمرتبطة به؟,التامور,التامور المصلي الحشوي,التامور,التامور المصلي الحشوي,0.913875937461853,0.7831767797470093,0.8434934616088867
213,ما هو الشريان الذي ينشأ منه الشريان الزاوي؟,الشريان الوجهي,الشريان الوجهي,الشريان الوجهي,الشريان الوجهي,1.0,1.0,1.0
214,ما هو تشكل الوريد المأبضي؟,وريد صافن صغير ووريدان ظنبوبيان خلفيان,الوريد الظنبوبي الامامي والوريد الظنبوبي الخلفي,وريد صافن صغير ووريدان ظنبوبيان خلفيان,الوريد الظنبوبي الامامي والوريد الظنبوبي الخلفي,0.6342074275016785,0.6299644708633423,0.6320788860321045
215,ما هي المنطقة الأعمق في قشر الكظر؟,المنطقة الشبكية,الشبكية,المنطقة الشبكية,الشبكية,0.8611141443252563,0.8860464096069336,0.8734023571014404
216,أين يقع التلم الوحشي؟,الفص الجداري والفص الصدغي,فص الجزيرة,الفص الجداري والفص الصدغي,فص الجزيرة,0.6663150787353516,0.7430403232574463,0.7025892734527588
217,أين يصب الوريد الكلوي؟,الوريد الأجوف السفلي,الأجوف السفلي,الوريد الأجوف السفلي,الأجوف السفلي,0.8801085948944092,0.9156649112701416,0.8975347280502319
218,أين ترتكز العضلة المدورة الصغيرة؟,الحديبة الكبيرة للعضد,حديبة العضد الكبرى.,الحديبة الكبيرة للعضد,حديبة العضد الكبرى.,0.8326519727706909,0.853977620601654,0.8431800007820129
219,ما هو الجزء من البلعوم الذي يتبعه الردب الكمثري؟,البلعوم الحنجري,الحنجري,البلعوم الحنجري,الحنجري,0.863458514213562,0.9450936317443848,0.9024336338043213
220,كم عدد الأعصاب القحفية؟,12 زوجًا,12 شفعًا,12 زوجًا,12 شفعًا,0.8507345914840698,0.8507345914840698,0.8507345914840698
221,أين تتوضع نواة العصب العاشر؟,النخاع المستطيل,البصلة,النخاع المستطيل,البصلة,0.7509893774986267,0.8257383108139038,0.7865920662879944
222,ما هو العنصر الذي يجاور الرغامي من الخلف؟,المريء,المري,المريء,المري,0.8957459926605225,0.9164760112762451,0.9059924483299255
223,ما هو العصب القحفي الذي يجتاز النفق الصدري؟,العصب المبهم,2,العصب المبهم,2,0.583409309387207,0.6840115785598755,0.6297177672386169
224,ما هو العظم الأضخم في هيكل القدم؟,عظم الكعب,العقب,عظم الكعب,العقب,0.796441912651062,0.8173753023147583,0.8067728877067566
225,أين يوجد النفير البلعومي السمعي؟,الجدار الوحشي للبلعوم الأنفي,البلعوم الانفي,الجدار الوحشي للبلعوم الأنفي,البلعوم الانفي,0.781471848487854,0.8388606309890747,0.8091499209403992
226,ما الذي يحد فتحة وينسلو من الأسفل؟,الجزء الأول من الإثني عشر,الإثني عشر.,الجزء الأول من الإثني عشر,الإثني عشر.,0.8417918682098389,0.9046227931976318,0.8720771074295044
227,ما يُسمى الوجه الأمامي للوح الكتف؟,الوجه الضلعي,الحفرة تحت الكتفية,الوجه الضلعي,الحفرة تحت الكتفية,0.7677044868469238,0.7371197938919067,0.7521013617515564
228,ما هو الشريان الذي يروي القولون الصاعد؟,الشريان المساريقي العلوي,المساريقي العلوي,الشريان المساريقي العلوي,المساريقي العلوي,0.9070357084274292,0.9485924243927002,0.9273487329483032
229,ما هي الطية الجلدية التي تغطي رأس القضيب؟,القلفة,القلفة,القلفة,القلفة,1.0,1.0,1.0
230,ما يُدعى القسم العلوي المتسع من الحالب؟,حويضة الكلية,الحويضة,حويضة الكلية,الحويضة,0.7582828402519226,0.7770744562149048,0.7675637006759644
231,ما هي المنطقة الفاصلة بين الطيتين الصوتيين؟,المزمار,مشق المزمار,المزمار,مشق المزمار,0.9304556846618652,0.8391790390014648,0.8824633359909058
232,ما هي الطبقة من الكظر التي تتألف من حبال مقوسة من خلايا عمودية متقاربة؟,المنطقة الكبيبية,الطبقة الكبيبة,المنطقة الكبيبية,الطبقة الكبيبة,0.8641641736030579,0.855919361114502,0.8600220084190369
233,ما هي الخلايا التي تتوضع في اللحمة بين النبيبات؟,خلايا لايديغ,لايديغ,خلايا لايديغ,لايديغ,0.7942560315132141,0.9058375358581543,0.84638512134552
234,ما هو السطح الخلفي للفخذ تحت المدور الكبير؟,الأحدوبة الإسكية,الأحدوبة الأولوية,الأحدوبة الإسكية,الأحدوبة الأولوية,0.815045952796936,0.8323138356208801,0.8235893845558167
235,ما الذي يحويه القسم الأمامي للثلم الأمامي الخلفي الأيسر للكبد؟,الرباط المدور الكبدي,ثلم الرباط المدور,الرباط المدور الكبدي,ثلم الرباط المدور,0.8855753540992737,0.8812664747238159,0.8834156394004822
236,ما هو الشريان الذي يروي معظم الوجه الوحشي للمخ؟,الشريان المخي الأوسط,المخى الأوسط.,الشريان المخي الأوسط,المخى الأوسط.,0.8549025058746338,0.8841315507888794,0.8692713975906372
237,ما هي المنطقة الفاصلة بين الطيتين الصوتيين؟,المزمار,مشق المزمار,المزمار,مشق المزمار,0.9304556846618652,0.8391790390014648,0.8824633359909058
238,ما هو العصب القحفي الذي يعبر الثقبة البيضية؟,العصب ثلاثي التوائم,الفكي السفلي,العصب ثلاثي التوائم,الفكي السفلي,0.7403356432914734,0.757397472858429,0.7487694025039673
239,ما هو الهرمون الذي يسبب دفقه الشديد حدوث عملية الإباضة؟,الهرمون الملوتن,LH,الهرمون الملوتن,LH,0.6290208101272583,0.666219174861908,0.6470858454704285
240,ما هو الهرمون الذي يستهدف الدرق ويحفز إفراز الهرمون الدرقي؟,الهرمون المنبه للدرقية,TSH,الهرمون المنبه للدرقية,TSH,0.6285170316696167,0.6828029155731201,0.6545363068580627
241,ما هي أكبر عقدة مفردة من النسيج اللمفاوي؟,الطحال,الطحال,الطحال,الطحال,0.9999998807907104,0.9999998807907104,0.9999998807907104
242,ما هي العضلة الرئيسية المسؤولة عن قبض المرفق؟,العضلة ذات الرأسين العضدية,العضدية,العضلة ذات الرأسين العضدية,العضدية,0.7761952877044678,0.8901376724243164,0.8292708396911621
243,ما هي التراكيب التي توجد على حافتي اللسان وتحوي براعم ذوقية كثيرة؟,الحليمات الورقية,الورقية,الحليمات الورقية,الورقية,0.8687068223953247,0.9135873317718506,0.8905819654464722
244,ما هي الشعيرات الدموية التي تغلفها محفظة بومان؟,الكبيبة,الكبيبة الكلوية,الكبيبة,الكبيبة الكلوية,0.8998752236366272,0.8448238372802734,0.8714810013771057
245,ما هي الحافة من الفرع التي تشكل زاوية الفك السفلي؟,الحافة الخلفية السفلية,الخلفية,الحافة الخلفية السفلية,الخلفية,0.8031018376350403,0.8582596778869629,0.8297651410102844
246,ما الذي تغلفه العضلة البصلية الإسفنجية؟,الجسم الكهفي للقضيب والبصلة الدهليزية للمهبل,بصلة القضيب,الجسم الكهفي للقضيب والبصلة الدهليزية للمهبل,بصلة القضيب,0.712439775466919,0.7950626611709595,0.7514870166778564
247,من أين يخرج العصب الشوكي؟,من النخاع الشوكي,الثقبة بين الفقرية,من النخاع الشوكي,الثقبة بين الفقرية,0.7436473369598389,0.7610276937484741,0.7522371411323547
248,ما هي الألياف التي تعصب العضلة مصرة الحدقة؟,ألياف نظيرة الودية,نظيرة ودية,ألياف نظيرة الودية,نظيرة ودية,0.7883546352386475,0.8489496111869812,0.8175308108329773
249,ما هو البطين الذي يحويه الدماغ البيني داخله؟,البطين الثالث,الثالث,البطين الثالث,الثالث,0.6836788058280945,0.7817954421043396,0.7294525504112244
250,ما الذي يشغل الجزء العلوي من قبة القحف؟,الدماغ,العظم الجداري,الدماغ,العظم الجداري,0.7818925380706787,0.7510474920272827,0.76615971326828
251,ما هو العصب الذي يعصب الغدة النكفية؟,العصب الأذني الصدغي,تحت اللساني,العصب الأذني الصدغي,تحت اللساني,0.714934229850769,0.7417874336242676,0.7281133532524109
252,من أين يخرج العصب تحت اللساني؟,النخاع المستطيل,النفق تحت اللساني,النخاع المستطيل,النفق تحت اللساني,0.7741546630859375,0.801199197769165,0.7874447703361511
253,ما هي الخلايا البالعة الكبدية؟,خلايا كوبفر,خلايا كوبفر.,خلايا كوبفر,خلايا كوبفر.,0.9273927211761475,0.9117653965950012,0.9195126891136169
254,أين يصب الوريد الصافن الكبير (الأنسي)؟,الوريد الفخذي,الوريد الفخذي,الوريد الفخذي,الوريد الفخذي,1.0,1.0,1.0
255,ما هو الشريان الذي يستمر به الريان تحت الترقوة؟,الشريان الإبطي,الإبطي,الشريان الإبطي,الإبطي,0.8398871421813965,0.9002174139022827,0.8690064549446106
256,ما تُدعى الردب بين عنق الرحم والمهبل؟,القبو المهبلي,قبو المهبل,القبو المهبلي,قبو المهبل,0.8521209359169006,0.8554967045783997,0.8538055419921875
257,في أي مستوى من الفقرات الصدرية يتم التمفصل بين قبضة وجسم القص؟,T4-T5,الرابعة.,T4-T5,الرابعة.,0.5918240547180176,0.66768479347229,0.6274698376655579
258,ما هو الرباط الذي يربط الرحم بجدران الحوض الجانبية؟,الرباط العريض للرحم,العريض,الرباط العريض للرحم,العريض,0.7928863763809204,0.8614431023597717,0.8257441520690918
259,ما هي العضلة التي تنشأ من الشوكة الحرقفية الأمامية العلوية وترتكز انسي الظنبوب؟,العضلة الخياطية,الخياطية,العضلة الخياطية,الخياطية,0.8448030948638916,0.9142265915870667,0.8781448602676392
260,ما هي الطبقة البطانية الرحمية التي تتعرض إلى تغيرات ملحوظة أثناء الدورة الشهرية؟,الطبقة الوظيفية,الطبقة الوظيفية.,الطبقة الوظيفية,الطبقة الوظيفية.,0.9488458633422852,0.9355614185333252,0.9421568512916565
261,ما هو موقع مستقبلات الضغط المسؤولة عن المنعكس القلبي التثبيطي؟,القوس الأبهري والجيب السباتي,الجيب السباتي.,القوس الأبهري والجيب السباتي,الجيب السباتي.,0.805539608001709,0.8840449452400208,0.8429684638977051
262,ما هو أكبر أعضاء الجسم وزناً ومساحة؟,الجلد,الجلد,الجلد,الجلد,0.9999998807907104,0.9999998807907104,0.9999998807907104
263,ما هي البنية الأكثر علواً في جذر الرئة اليسرى؟,الشريان الرئوي,الشريان الرئوي,الشريان الرئوي,الشريان الرئوي,1.0,1.0,1.0
264,ما هو المكان الذي يعبر من خلاله الشريان السحاني الأوسط؟,الثقبة الشوكية,الثقبة الشوكية,الثقبة الشوكية,الثقبة الشوكية,1.0,1.0,1.0
265,ما هو الجوف الهوائي الذي يحوي عظيمات السمع؟,الجوف الطبلي,الأذن الوسطى,الجوف الطبلي,الأذن الوسطى,0.7583732604980469,0.7425767183303833,0.7503919005393982
266,ما هي وظيفة النهايات العصبية الحرة الواردة ضمن ألياف العضلة القلبية؟,مستقبلات الألم,الإحساس بالألم.,مستقبلات الألم,الإحساس بالألم.,0.7821502685546875,0.8111063838005066,0.7963652014732361
267,ما هي الخلايا التي تخزن فيتامين A في الكبد؟,خلايا إيتو,خلايا إيتو,خلايا إيتو,خلايا إيتو,1.0,1.0,1.0
268,من أين يحمل الشريان الرئوي الدم غير المؤكسج؟,البطين الأيمن,البطين الأيمن,البطين الأيمن,البطين الأيمن,1.0,1.0,1.0
269,ما هو العصب القحفي الثاني؟,العصب البصري,البصري - حاسي,العصب البصري,البصري - حاسي,0.8435778617858887,0.8283768892288208,0.8359082341194153
270,ما هو العظم الذي تنتمي إليه الثلمة الاسكية الصغيرة؟,عظم الإسك,الاسك,عظم الإسك,الاسك,0.7986091375350952,0.8339287042617798,0.8158868551254272
271,ما هو الغضروف المرتبط مع الحلقة الرغامية الأولى؟,الغضروف الحلقي,الحلقي,الغضروف الحلقي,الحلقي,0.8390753865242004,0.9332491755485535,0.8836602568626404
272,ما هو المفصل الذي يتألف من سطحين كل منهما محدب في اتجاه ومقعر في اتجاه آخر؟,المفصل السرجى,سرجي saddle,المفصل السرجى,سرجي saddle,0.662269115447998,0.6816282272338867,0.6718092560768127
273,ما هو أكبر أعصاب الجسم؟,العصب الوركي,الوركي,العصب الوركي,الوركي,0.8381856679916382,0.8937414884567261,0.8650725483894348
274,كم عدد العضلات بين العظمية الأخمصية؟,ثلاثة,3,ثلاثة,3,0.7916302680969238,0.7916302680969238,0.7916302680969238
275,أين ينتهي الأبهر النازل؟,الشريانين الحرقفيين الأصليين,L4,الشريانين الحرقفيين الأصليين,L4,0.6300853490829468,0.6727609038352966,0.6507242321968079
276,ما هي المراكز المسؤولة عن تنسيق الفعالية الحركية وضمان الثباتية؟,المخيخ والعقد القاعدية,النوى القاعدية,المخيخ والعقد القاعدية,النوى القاعدية,0.8204111456871033,0.8823010325431824,0.8502312898635864
277,ما هو وجه العظم الجبهي الذي ينتمي للقحف العصبي؟,الوجه الخارجي,الداخلي,الوجه الخارجي,الداخلي,0.8266186714172363,0.8294057250022888,0.8280097842216492
278,أين ينفتح الجيب الفكي؟,الصماخ الأنفي الأوسط,الصماخ المتوسط,الصماخ الأنفي الأوسط,الصماخ المتوسط,0.8168953657150269,0.8866616487503052,0.8503499627113342
279,ما هو أكبر أقسام المعثكلة؟,رأس المعثكلة,الرأس,رأس المعثكلة,الرأس,0.7175189256668091,0.76270592212677,0.7394227385520935
280,ما هي الحدود التشريحية للحجرة الخلفية للعين؟,القزحية، الجسم الهدبي، العدسة,القزحية في الأمام والعدسة في الخلف,القزحية، الجسم الهدبي، العدسة,القزحية في الأمام والعدسة في الخلف,0.8294169306755066,0.8038660287857056,0.8164416551589966
281,أين ترتكز العضلة الشظوية القصيرة؟,الحديبة الشظوية في قاعدة المشط الخامس,قاعدة المشط الخامس,الحديبة الشظوية في قاعدة المشط الخامس,قاعدة المشط الخامس,0.7924988269805908,0.9150893092155457,0.8493935465812683
282,ما هي المنطقة في الحنجرة التي تشمل الطيتين الصوتيتين والمسافة بينهما؟,المزمار,المزمار,المزمار,المزمار,1.0,1.0,1.0
283,أين تقع الوهدة في البلعوم؟,الجدار الخلفي للبلعوم الأنفي,الفموي,الجدار الخلفي للبلعوم الأنفي,الفموي,0.7211877703666687,0.8058071136474609,0.7611528038978577
284,ما هي الغدة التي تتوضع تحت الطية اللسانية؟,الغدة تحت اللسان,اللسان,الغدة تحت اللسان,اللسان,0.7960151433944702,0.8787227869033813,0.8353267312049866
285,ما هو العصب الذي ينتقل عبره الحس غير العام (حس الذوق) من الثلث الأمامي للسان؟,العصب الوجهي,العصب الوجهي.,العصب الوجهي,العصب الوجهي.,0.961531937122345,0.9499471187591553,0.9557044506072998
286,ماذا يروي المساريقي العلوي؟,المعي الدقيق، المعي الغليظ حتى الثلثين الدانيين من المعي المعترض,الأمعاء الدقيقة,المعي الدقيق، المعي الغليظ حتى الثلثين الدانيين من المعي المعترض,الأمعاء الدقيقة,0.6925653219223022,0.7648183107376099,0.7269007563591003
287,ما هي المنطقة الأعمق من قشر الكظر؟,المنطقة الشبكية,المنطقة الشبكية,المنطقة الشبكية,المنطقة الشبكية,1.0,1.0,1.0
288,ما هي الفقرة التي تحتوي على ثقبة فقرية كبيرة ومثلثية الشكل؟,الفقرة العنقية,الفقرة الرقبية,الفقرة العنقية,الفقرة الرقبية,0.89139723777771,0.9207406044006348,0.9058313369750977
289,ما هو لون قشر الكظر؟,أصفر,مائل للصفرة,أصفر,مائل للصفرة,0.7600202560424805,0.7296522259712219,0.744526743888855
290,ما هو النسيج الضام الليفي الذي يرتكز حول السطوح المفصلية؟,المحفظة المفصلية,المحفظة المفصلية,المحفظة المفصلية,المحفظة المفصلية,0.9999998211860657,0.9999998211860657,0.9999998211860657
291,كم عدد شدف النخاع الشوكي؟,31 قطعة,31,31 قطعة,31,0.6695826649665833,0.7071472406387329,0.6878524422645569
292,ما هو التصريف اللمفاوي للثلث الخلفي للسان؟,العقد اللمفاوية الرقبية العميقة,العقد الرقبيه العميقه,العقد اللمفاوية الرقبية العميقة,العقد الرقبيه العميقه,0.840740978717804,0.8583338856697083,0.8494463562965393
293,ما هي الغدة التي تقوم بإفراز الميلاتونين؟,الغدة الصنوبرية,الخاليا الصنوبرية.,الغدة الصنوبرية,الخاليا الصنوبرية.,0.8497650027275085,0.8471616506576538,0.848461389541626
294,ما هو الشريان الذي له انطباعات على الوجه الداخلي للعظم الصدغي وهو فرع من أي شريان؟,الشريان السحائي الأوسط، الشريان الفكي,الفكي,الشريان السحائي الأوسط، الشريان الفكي,الفكي,0.6928374767303467,0.8073771595954895,0.7457348108291626
295,ما هو التصنيف الذي يمكننا من معرفة العضلات التي تشارك في كل مرحلة مفصلية وتطبيق ذلك أثناء الفحص؟,التصنيف الوظيفي,وظيفي.,التصنيف الوظيفي,وظيفي.,0.6639524698257446,0.7265293598175049,0.6938328146934509
296,ما هي الشرايين التي تسير بين الفصوص بإتجاه القشرة على كل جانب من جانبي الهرم الكلوي؟,الشرايين بين الفصيصات,الشرايين بين الفصوص,الشرايين بين الفصيصات,الشرايين بين الفصوص,0.8640845417976379,0.9253356456756592,0.8936618566513062
297,ما هو الدواء الأمثل لبدء التخدير لمريض مصاب بنزف حاد؟,الكيتامين,كيتامين,الكيتامين,كيتامين,0.7379329204559326,0.7335129976272583,0.7357162833213806
298,ما هو المخدر الذي يتميز بالمباشرة والصحو السريعين؟,سيفوفلوران,الديسفلوران,سيفوفلوران,الديسفلوران,0.7757894992828369,0.7614772319793701,0.7685667276382446
299,ما هو الدواء الأمثل لبدء التخدير لمريض مصاب بنزف رضي حاد؟,الكيتامين,كيتامين,الكيتامين,كيتامين,0.7379329204559326,0.7335129976272583,0.7357162833213806
300,ما هو المرخي العضلي الأمثل لتسهيل تنبيب مريض ذي خطورة عالية للاستنشاق؟,سكسينيل كولين,السوكسنيل كولين,سكسينيل كولين,السوكسنيل كولين,0.7982268333435059,0.795870304107666,0.7970468401908875
301,ما هو الترياق المناسب للتسمم بالمورفين؟,النالوكسون,A. النالوكسون,النالوكسون,A. النالوكسون,0.9106308221817017,0.839925229549408,0.8738501667976379
302,ما الذي يشير إليه بقاء عيني المريض مفتوحتين مع رأرأة خفيفة وحركات غير هادفة بعد إعطائه جرعة من الكيتامين؟,تخدير تفارقي,أن الجرعة السابقة مركنة ومخدرة,تخدير تفارقي,أن الجرعة السابقة مركنة ومخدرة,0.6893255114555359,0.6709430813789368,0.6800100803375244
303,ما هو الدواء المنتخب للإرخاء العضلي والتنبيب لمريض يعاني من قصور كلوي ويحتاج لعملية إسعافية؟,سيساتراكوريوم,اتراكوريوم,سيساتراكوريوم,اتراكوريوم,0.7819178104400635,0.7834115028381348,0.7826640009880066
304,ما هو المرخي العضلي المفضل استعماله لمريض سيخضع لجراحة إسعافية ويعاني من قصور كلوي؟,سيساتراكوريوم,B. أتراكوريوم,سيساتراكوريوم,B. أتراكوريوم,0.7654191255569458,0.7260112166404724,0.7451945543289185
305,ماذا يفكك الببسين؟,البروتينات,البروتين,البروتينات,البروتين,0.9260917901992798,0.9484413862228394,0.9371333122253418
306,ما التعبير الصحيح لوصف جزيئات الإيثين في تفاعل تشكيل البولي إيثين؟,مونومرات,مونوميرات (موحودات),مونومرات,مونوميرات (موحودات),0.8393954038619995,0.7651524543762207,0.8005563020706177
307,ماذا يسبب عوز إنزيم البيروفات كيناز؟,فقر الدم الانحلالي المزمن,فقر دم انحلالي,فقر الدم الانحلالي المزمن,فقر دم انحلالي,0.800219714641571,0.8246240615844727,0.8122386336326599
308,ماذا ندعو آلية تفاعل الكلور مع البروبان في ضوء الشمس لإنتاج 1-كلورو بروبان؟,استبدال جذري حر,استبدال الجذور الحرة,استبدال جذري حر,استبدال الجذور الحرة,0.7875962257385254,0.7754598259925842,0.7814809679985046
309,ما هي الاسطوانات المنحنية التي تكون سهلة التمييز لمحتواها الكاسر للضوء؟,الاسطوانات الشمعية,شمعية,الاسطوانات الشمعية,شمعية,0.6820001006126404,0.7484322190284729,0.7136735916137695
310,ما هي الحموض الأمينية المشحونة سلبياً؟,حمض الأسبارتيك وحمض الغلوتاميك,اسباريتك,حمض الأسبارتيك وحمض الغلوتاميك,اسباريتك,0.652764081954956,0.7324827909469604,0.6903295516967773
311,ما هي أعراض عوز فيتامين البيوتين؟,ترقق الشعر، طفح جلدي أحمر متقشر، أظافر هشة,من أعراضه التخلف العقلي.,ترقق الشعر، طفح جلدي أحمر متقشر، أظافر هشة,من أعراضه التخلف العقلي.,0.6393781900405884,0.6683312654495239,0.6535341739654541
312,ما هي مفرزات الصفراء؟,ماء، أملاح صفراوية، كوليسترول، بيليروبين، شوارد,الأملاح الصفراوية.,ماء، أملاح صفراوية، كوليسترول، بيليروبين، شوارد,الأملاح الصفراوية.,0.6770272254943848,0.7415764331817627,0.7078332901000977
313,ما هي خصائص الشجرة الوراثية لخلة متنحية جسدية فيها الأبوين مصابين؟,جميع الأبناء مصابون,كل الأبناء مصابين,جميع الأبناء مصابون,كل الأبناء مصابين,0.9589170217514038,0.9589170217514038,0.9589170217514038
314,ما هي النواتج المتشكلة عند تفاعل معدن الصوديوم مع الإيثانول؟,إيثوكسيد الصوديوم وغاز الهيدروجين,اوكسيد الصوديوم وهيدروجين,إيثوكسيد الصوديوم وغاز الهيدروجين,اوكسيد الصوديوم وهيدروجين,0.7978264093399048,0.8260829448699951,0.8117088675498962
315,ما هي خصائص أنزيم RNA Polymerase؟,لا يحتاج بادئ,يشكل الروابط التكافؤية الإستيرية.,لا يحتاج بادئ,يشكل الروابط التكافؤية الإستيرية.,0.6668110489845276,0.6318091154098511,0.6488383412361145
316,ما هو النكليوتيد في جزيء DNA؟,سكر خماسي، قاعدة نيتروجينية، مجموعة فوسفات,يمكن أنيرتبط به أكثر من مجموعة فوسفات واحدة.,سكر خماسي، قاعدة نيتروجينية، مجموعة فوسفات,يمكن أنيرتبط به أكثر من مجموعة فوسفات واحدة.,0.7221325039863586,0.7110506296157837,0.7165487408638
317,ما هو فيتامين البيوتين؟,فيتامين ب7,يصنع من قبل الجراثيم المعوية,فيتامين ب7,يصنع من قبل الجراثيم المعوية,0.6349619626998901,0.6311203241348267,0.6330353021621704
318,ما هي حالة عدم تحمل اللاكتوز؟,عدم القدرة على هضم اللاكتوز,من أسبابها الإسهالات الشديدة,عدم القدرة على هضم اللاكتوز,من أسبابها الإسهالات الشديدة,0.67911297082901,0.6612884402275085,0.6700822114944458
319,ما هو اسم الاستر المتشكل عندما يتفاعل الميتانول مع حمض البوتانوئيك بوجود بضع قطرات من حمض الكبريت المركز؟,بوتانوات الميثيل,بوتانوات الميتيل,بوتانوات الميثيل,بوتانوات الميتيل,0.9228745698928833,0.8966152667999268,0.9095554351806641
320,ما هو سبب الوفاة لدى مرض التلاسيميا؟,فشل القلب الاحتقاني,تراكم الحديد,فشل القلب الاحتقاني,تراكم الحديد,0.7335145473480225,0.769960880279541,0.7512959241867065
321,ما هي الصبغيات التي يوجد فيها الكروماتين المغاير؟,الصبغيات X و Y,1,الصبغيات X و Y,1,0.6011029481887817,0.6674776077270508,0.6325538754463196
322,ما المركب الذي ينقص منه نتيجة التأخر في فصل البلازما أو المصل من الكريات في الدم؟,الغلوكوز,الغلوكوز.,الغلوكوز,الغلوكوز.,0.9289720058441162,0.9117131233215332,0.9202616214752197
323,ما هو المركب الذي يستخدم كزمرة ملحقة لجميع الإنزيمات الناقلة الزمرة الأمين؟,فوسفات البيريدوكسال,البيرودوكسال فوسفات,فوسفات البيريدوكسال,البيرودوكسال فوسفات,0.8395306468009949,0.8419004678726196,0.8407139182090759
324,ما هو العلاج الثاني لمرض الثلاسيميا بيتا؟,نقل الدم المنتظم,زرع نقي عظام,نقل الدم المنتظم,زرع نقي عظام,0.7240055799484253,0.733299195766449,0.7286227941513062
325,ما هو الاضطراب الذي يتميز بفرط شديد في بيليروبين المصل غير المرتبط وعوز جزئي في UDPGT؟,متلازمة جيلبرت,كريجلر نجار,متلازمة جيلبرت,كريجلر نجار,0.6623687744140625,0.7023447751998901,0.6817712783813477
326,ما هو سبب الوفاة لدى مرضى التلاسيميا؟,فشل القلب الاحتقاني,تراكم الحديد,فشل القلب الاحتقاني,تراكم الحديد,0.7335145473480225,0.769960880279541,0.7512959241867065
327,ماذا يسبب عوز الثيامين الشديد؟,متلازمة فيرنيكي كورساكوف,البري بري,متلازمة فيرنيكي كورساكوف,البري بري,0.6503232717514038,0.7220045924186707,0.6842918992042542
328,كم يبلغ عدد الجينات التي تشفر لجزيئات الرنا الأصغري miRNAs في مجين الإنسان؟,حوالي 2000,125,حوالي 2000,125,0.6914486885070801,0.6995692849159241,0.6954853534698486
329,أين يتم اصطناع الدقائق الكيلوسية؟,الخلايا المعوية,الأمعاء,الخلايا المعوية,الأمعاء,0.790776789188385,0.7937054634094238,0.7922384738922119
330,ما هو الإنزيم الذي يتم بوساطته ربط شدف أوكازاكي؟,ليغاز الدنا,أنزيم الليغاز,ليغاز الدنا,أنزيم الليغاز,0.8266834020614624,0.8152143955230713,0.8209088444709778
331,ما هو أكثر الأنزيمات فعالية تحفيزية في جسم الإنسان؟,الأنهيدراز الكربوني,كاربونيك انهيدراز.,الأنهيدراز الكربوني,كاربونيك انهيدراز.,0.737574577331543,0.7654483318328857,0.7512530088424683
332,ما هو الشكل الفعال لفيتامين B6؟,فوسفات البيريدوكسال,البيريدوكسال فوسفات,فوسفات البيريدوكسال,البيريدوكسال فوسفات,0.9291133284568787,0.9291132688522339,0.9291133284568787
333,ما هو الموقع الطبيعي للجين الورمي ABL؟,الكروموسوم 9,9q34,الكروموسوم 9,9q34,0.6168102622032166,0.703758716583252,0.6574220657348633
334,كم عدد طبقات الفوسفولبيد في المذيلة؟,طبقتان,3,طبقتان,3,0.6795835494995117,0.7136909365653992,0.6962197422981262
335,ما هو التركيب الذي يدخل فيه الكولاجين 4؟,الغشاء القاعدي,الغشاء القاعدي .,الغشاء القاعدي,الغشاء القاعدي .,0.9635993242263794,0.9522416591644287,0.957886815071106
336,ما الذي تؤدي إليه استلة الهيستونات؟,فك تكثف الكروماتين,تفعيل الانتساخ.,فك تكثف الكروماتين,تفعيل الانتساخ.,0.7240241169929504,0.7608697414398193,0.7419898509979248
337,ما هي الخصائص التي تتميز بها شجرة النسب الحاوية على حالة وراثة متعلقة بالمتقدرات والأم فقط فيها مصابة؟,جميع الأبناء مصابون,كل الأولاد مصابون.,جميع الأبناء مصابون,كل الأولاد مصابون.,0.8090623617172241,0.8284584879875183,0.8186455368995667
338,ما هو الحمض الأميني الذي تتم أستلة الهستونات له؟,اللايسين,اللوسين,اللايسين,اللوسين,0.8541908264160156,0.883682131767273,0.8686862587928772
339,ما هي المكونات التي تتألف منها الفوسفولبيدات بالإضافة إلى حمضين دسمين والفوسفات؟,الغليسرول والكحول,الغليسرول .,الغليسرول والكحول,الغليسرول .,0.82112717628479,0.8978239893913269,0.857764482498169
340,ما هي الوظيفة الوحيدة لسيغما في إنزيم بوليمراز RNA البكتيري؟,التعرف على المحفز,التعرف على المحضض.,التعرف على المحفز,التعرف على المحضض.,0.9376373291015625,0.9133378267288208,0.9253280758857727
341,ما هي الأجزاء التي تتبادل بينها الإشارات الجزيئية التي يعتمد عليها ضبط النظام الخلوي الجذعي؟,الخلايا الجذعية والخلايا المتخصصة,الخلايا الجذعية وذريتها والنسج المحيطة .,الخلايا الجذعية والخلايا المتخصصة,الخلايا الجذعية وذريتها والنسج المحيطة .,0.8531310558319092,0.8403283357620239,0.8466812968254089
342,ما تدعى البروتينات المشكلة لمعقدات الثقوب النووية؟,النيوكليوبورينات,النكليوبورين .,النيوكليوبورينات,النكليوبورين .,0.8002088069915771,0.8130630850791931,0.8065846562385559
343,كيف تتم إزالة المتقدرات الحاوية على طفرات بالية؟,الالتهام الذاتي للمتقدرات,الجيني الاختناق.,الالتهام الذاتي للمتقدرات,الجيني الاختناق.,0.7150143980979919,0.7328310012817383,0.7238130569458008
344,ما هو عامل الإطلاق في حقيقيات النوى؟,عامل إطلاق 1,RF2,عامل إطلاق 1,RF2,0.7099468111991882,0.732187807559967,0.7208957672119141
345,ما هي الروابط التي تربط سلسلتي عديدي النكليوتيد مع بعضهما البعض؟,روابط هيدروجينية,هيدروجينية.,روابط هيدروجينية,هيدروجينية.,0.8358740210533142,0.8454382419586182,0.8406289219856262
346,ما هي خصائص الشجرة الوراثية لخلة متنحية فيها الأبوين مصابين؟,جميع الأبناء مصابون,كل الأبناء مصابين.,جميع الأبناء مصابون,كل الأبناء مصابين.,0.8900818824768066,0.8853400349617004,0.8877046704292297
347,ما هو أكبر مستوى من المستويات التراتبية للحياة؟,المحيط الحيوي,المنظومة البيئية .,المحيط الحيوي,المنظومة البيئية .,0.8000566363334656,0.750145673751831,0.7742976546287537
348,ما هو الحمض الأميني الذي تبدأ به جميع عديدات الببتيد في بدائيات النوى؟,N-فورميل ميثيونين,المعدل الميثيونين.,N-فورميل ميثيونين,المعدل الميثيونين.,0.6664648056030273,0.7075943350791931,0.6864140033721924
349,ما الذي يدل عليه تقدير نسبة تنوع النمط الظاهري لخلة ما بسبب الاختلافات الجينية؟,الوراثية,قابلية الانتقال بالوراثة.,الوراثية,قابلية الانتقال بالوراثة.,0.7378662824630737,0.6977951526641846,0.7172715067863464
350,ما هي الآلية التي تضمن للخلية الجذعية استمرارها إلى ما لا نهاية؟,التجديد الذاتي,التجديد الذاتي,التجديد الذاتي,التجديد الذاتي,1.0,1.0,1.0
351,ما هو الحمض الأميني الذي نتج عن ترجمة أول جزيء رنا مرسال صنعي؟,فينيل ألانين,الهستيدين,فينيل ألانين,الهستيدين,0.7415634393692017,0.7425486445426941,0.7420557141304016
352,ما هي الإنزيمات التي تقوم القلنسوة بحماية سلسلة الرنا من التدرك بها؟,إنزيمات النيوكلياز,الليغاز,إنزيمات النيوكلياز,الليغاز,0.7302578091621399,0.7624397277832031,0.7460018396377563
353,ما هو مقدار المادة الوراثية التي يتشاركها أقرباء من الدرجة الثانية مع المستلفت؟,12.5%,سدس مادتهم الوراثية,12.5%,سدس مادتهم الوراثية,0.5854129791259766,0.5774223804473877,0.5813902020454407
354,أين يلتحم الغشاءان النوويان؟,في الشبكة الإندوبلازمية,معدات الثقوب النووية .,في الشبكة الإندوبلازمية,معدات الثقوب النووية .,0.7454279661178589,0.769564151763916,0.7573038339614868
355,ما هي النتائج المتوقعة في حال إصابة أب بصفة تخضع لوراثة متنحية مرتبطة بالصبغي X؟,لا يوجد أبناء مصابون,ينقل الصفة فقط لبناته,لا يوجد أبناء مصابون,ينقل الصفة فقط لبناته,0.709532618522644,0.6960487365722656,0.7027260065078735
356,ما هي النظرية التي تفسر ظهور المتقدرات والصانعات بإدخال جراثيم داخل الخلايا تقوم بالفسفرة والتركيب الضوئي؟,نظرية التكافل الداخلي,فرضية التعايش الداخلي,نظرية التكافل الداخلي,فرضية التعايش الداخلي,0.9245008230209351,0.9173551797866821,0.9209141135215759
357,ماذا يسبب وجود الألائل السائد في الأنماط الجينية المختلفة التالية RRYY و RrYy و RRYy و RrYY؟,النمط الظاهري السائد,نمط ظاهري جديد,النمط الظاهري السائد,نمط ظاهري جديد,0.7796291708946228,0.8426709175109863,0.8099250793457031
358,ما هو المكان الذي توجد فيه أكبر نسبة للبروتينات في أغشية خلايا الجسم؟,الغشاء الداخلي للميتوكوندريا,الغشاء الخلوي للصانعات الخضراء .,الغشاء الداخلي للميتوكوندريا,الغشاء الخلوي للصانعات الخضراء .,0.8138688206672668,0.812995433807373,0.8134319186210632
359,ما هو المسؤول عن إزالة مشراع الرنا قرب انتهاء تنسخ الدنا واستبدالها بنكليوتيدات الدنا؟,بوليميراز الدنا 1,بوليميراز الدنا من النمط الأول,بوليميراز الدنا 1,بوليميراز الدنا من النمط الأول,0.9017575979232788,0.8229620456695557,0.86055988073349
360,ما الذي ترتبط به الصبيغيات الشقيقة على أنيبيبات مغزل الانقسام؟,الحركة المركزية,الجسيم الحركي .,الحركة المركزية,الجسيم الحركي .,0.7343716621398926,0.6962298154830933,0.7147922515869141
361,ما المميز بشجرة النسب الحاوية على حالة وراثة متعلقة بالمتقدرات والتي تكون فيها الأم فقط مصابة؟,جميع الأبناء مصابون,الاولاد كلهم مصابون.,جميع الأبناء مصابون,الاولاد كلهم مصابون.,0.797500491142273,0.7873096466064453,0.7923723459243774
362,ما هو الاختلاف بين الانترونات والاكسونات؟,الانترونات لا تشفر، الاكسونات تشفر,لا تترجم إلى بروتين.,الانترونات لا تشفر، الاكسونات تشفر,لا تترجم إلى بروتين.,0.6745107173919678,0.7192363739013672,0.6961559057235718
363,ما الذي تمثله الخطوط الأفقية التي ترسم أعلى الدوائر والمربعات في شجرة النسب؟,زواج,التواءم,زواج,التواءم,0.7931208610534668,0.7670583724975586,0.779871940612793
364,علام تحتوي الخلايا التي يعبر عنها مصطلح الهيولي المتغايرة؟,حبيبات مختلفة الحجم والكثافة,متقدرات سليمة وطافرة,حبيبات مختلفة الحجم والكثافة,متقدرات سليمة وطافرة,0.7196990251541138,0.7352678179740906,0.7274001240730286
365,ما هي الطرق التي يمكن من خلالها تمييز الصبغيات بعضها عن بعض؟,التلوين الشريطي,النمط الجيني,التلوين الشريطي,النمط الجيني,0.7150951623916626,0.7230380773544312,0.7190446853637695
366,ما هو التعبير الذي يُستخدم للطاقة الكامنة المختزنة في مدروج للشحنات الكهربائية؟,طاقة الوضع الكهروكيميائية,بالكمون الكهربائي.,طاقة الوضع الكهروكيميائية,بالكمون الكهربائي.,0.7628887891769409,0.7795067429542542,0.7711082100868225
367,ما الذي تتشكل منه الأرجل الصفائحية؟,صفائح الكيراتين,الأكتين.,صفائح الكيراتين,الأكتين.,0.7105042338371277,0.7787556052207947,0.7430659532546997
368,ما هي الرابطة في البنية الثانوية للحمض النووي؟,روابط هيدروجينية,هيدروجينية,روابط هيدروجينية,هيدروجينية,0.8898956179618835,0.9145174026489258,0.9020384550094604
369,ما نوع الجينات التي تعد جينات الرنا الريباسي منها؟,جينات منزلية,الخدمية.,جينات منزلية,الخدمية.,0.7690463066101074,0.7901057004928589,0.7794337868690491
370,ما هو عدد الصبغيات المأشوبة إذا حدث تأشيب في 80 انقسام؟,160 صبغي مأشوب,320,160 صبغي مأشوب,320,0.6134077906608582,0.6996766924858093,0.6537083387374878
371,ما هي العملية التي يتم بها تكوين متعضية تشبه الأبوين من بيضة مخصبة؟,التكاثر الجنسي,التنامي الجنيني,التكاثر الجنسي,التنامي الجنيني,0.7492239475250244,0.7570004463195801,0.7530921101570129
372,على من يظهر الاحلال الوراثي في الوراثة الجنسية المناحية؟,الذكور,على الذكور والإناث من الأبناء,الذكور,على الذكور والإناث من الأبناء,0.7331439256668091,0.6635308265686035,0.6966025829315186
373,ما هو المجهر الذي يدرس السطح الطبوغرافي؟,المجهر الإلكتروني الماسح,مجهر القوة الذرية .,المجهر الإلكتروني الماسح,مجهر القوة الذرية .,0.7337712049484253,0.7750101089477539,0.7538270950317383
374,ما هي البنى السيتوبلازمية المغلفة بغشاء واحد على الأقل؟,عضيات,العضبيات,عضيات,العضبيات,0.8294806480407715,0.8073394894599915,0.8182603716850281
375,ما هي خصائص شجرة النسب الحاوية على حالة وراثة متعلقة بالمتقدرات والوالدين فيها مصابين؟,جميع الأبناء مصابون,الأولاد كلهم مصابون.,جميع الأبناء مصابون,الأولاد كلهم مصابون.,0.8041521310806274,0.8070278167724609,0.8055874705314636
376,ما الذي تختلف به الأحماض الأمينية عن بعضها؟,السلسلة الجانبية,المجموعة الكربوكسيلية,السلسلة الجانبية,المجموعة الكربوكسيلية,0.7648642063140869,0.7314121723175049,0.7477642893791199
377,ما الذي يشير إليه المربع الصغير المملوء في شجرة الوراثة؟,فرد مصاب,طفل مصاب,فرد مصاب,طفل مصاب,0.9272890686988831,0.9082441329956055,0.9176678657531738
378,ما هو سبب حدوث التلاسيميا بيتا؟,طفرة في جين غلوبين بيتا,خلة جسدية متنحية.,طفرة في جين غلوبين بيتا,خلة جسدية متنحية.,0.6825072169303894,0.7208555936813354,0.7011574506759644
379,ماذا يؤدي وجود التربتوفان في مشغل التيربتوفان؟,كابت للمشغل,تثبيط انتساخ الجينات,كابت للمشغل,تثبيط انتساخ الجينات,0.7201025485992432,0.6995081305503845,0.7096559405326843
380,ما الذي تساعد عليه حلقة الأكتين المتقلصة؟,انقسام السيتوبلازم,انقسام النواة,انقسام السيتوبلازم,انقسام النواة,0.7691295146942139,0.8561973571777344,0.8103313446044922
381,ما الذي يدل عليه المعين في شجرة النسب؟,غير محدد الجنس,الفرد مات في مرحلة مبكرة,غير محدد الجنس,الفرد مات في مرحلة مبكرة,0.7251322865486145,0.7205907106399536,0.7228543162345886
382,كم عدد الجينات المسؤولة عن الاصطناع الحيوي للحمض الأميني التربتوفان في جينوم بكتيريا E.Coli؟,خمسة جينات,6,خمسة جينات,6,0.6858638525009155,0.7272993922233582,0.7059741616249084
383,ما هي وظيفة حويصلات كوب ٢؟,نقل البروتينات من الشبكة الإندوبلازمية إلى جهاز غولجي,النقل التقدمى من الشبكة البلازمية الى مدخل غولجي فقط .,نقل البروتينات من الشبكة الإندوبلازمية إلى جهاز غولجي,النقل التقدمى من الشبكة البلازمية الى مدخل غولجي فقط .,0.8206580877304077,0.8083280324935913,0.8144463896751404
384,ما هو معدل الحاملين في مجتمع إذا كان انتشار مرض التالاسيميا معروفاً في ذلك المجتمع؟,قانون هاردي-واينبرغ,50M,قانون هاردي-واينبرغ,50M,0.6126216650009155,0.6778150796890259,0.6435715556144714
385,أين تجري عملية التمثيل الضوئي؟,البلاستيدات الخضراء,الصائعات الخضراء,البلاستيدات الخضراء,الصائعات الخضراء,0.8804377317428589,0.8797491788864136,0.8800933361053467
386,ماذا يحدث عند انخفاض نسبة الكوليسترول في الغشاء الخلوي؟,زيادة نفاذية الغشاء,تزداد مرونة الغشاء.,زيادة نفاذية الغشاء,تزداد مرونة الغشاء.,0.8094359636306763,0.8143453598022461,0.811883270740509
387,أين يتحد الغشاءان النوويان الداخلي والخارجي؟,عند الثقوب النووية,معقدات الثقوب النووية,عند الثقوب النووية,معقدات الثقوب النووية,0.9214914441108704,0.8756431937217712,0.8979824781417847
388,كم عدد القواعد الآزوتية اللازمة لإنتاج بروتين الأنسولين المكوّن من 51 حمض أميني إنتاجاً كاملاً؟,153 قاعدة آزوتية,153,153 قاعدة آزوتية,153,0.5988399982452393,0.675568163394928,0.6348943114280701
389,ما هي الترسبات الصباغية التي تحوي بروتين الفيرتين؟,الهيموسيديرين,حبيبات هيمرسيدرين,الهيموسيديرين,حبيبات هيمرسيدرين,0.7564327716827393,0.7464077472686768,0.751386821269989
390,ما هو أول عنصر من عناصر الدراسة العلمية المنهجية؟,تحديد المشكلة,الاختبار والنتائج .,تحديد المشكلة,الاختبار والنتائج .,0.734627366065979,0.6937494277954102,0.7136034369468689
391,ماذا تشير النجمة بعد رمز الجين؟,طفرة صامتة,لترميز الجينات,طفرة صامتة,لترميز الجينات,0.6810380220413208,0.6808561682701111,0.6809471249580383
392,ما يُعرف بامتصاص بعض المواد الضوء بطول موجة ومن ثم إصداره بطول موجة أطول؟,التألق,التألق,التألق,التألق,1.0,1.0,1.0
393,ما يُدعى نوع وترتيب الأحماض الأمينية في البروتين؟,البنية الأولية,البنية الأولية,البنية الأولية,البنية الأولية,0.9999998807907104,0.9999998807907104,0.9999998807907104
394,ماذا ينتج عند حدوث خلل في تنظيم السبيل الإشاري WNT؟,السرطان,سرطان أمعاء,السرطان,سرطان أمعاء,0.7819124460220337,0.7878347635269165,0.7848624587059021
395,ما هي الشعبة التي ينتمي إليها الإنسان؟,الحبليات,الثدييات .,الحبليات,الثدييات .,0.7482542395591736,0.7521592378616333,0.7502017021179199
396,ما هي نتيجة التطور التي تؤدي إلى التكيف؟,الانتقاء الطبيعي,الاصطفاء الطبيعي .,الانتقاء الطبيعي,الاصطفاء الطبيعي .,0.8355284929275513,0.8160932064056396,0.8256965279579163
397,أين تكثر جزر CpG؟,مناطق المحفزات الجينية,المحضضات.,مناطق المحفزات الجينية,المحضضات.,0.7455978393554688,0.7543862462043762,0.7499663233757019
398,ما هو الأساس الأزوتي المتمم للتايمين في الرنا؟,الأدينين,اليوراسيل,الأدينين,اليوراسيل,0.8261738419532776,0.8042696714401245,0.8150745630264282
399,ما هو الموقع الذي يبدأ فيه انتساخ الجينات المرمزة للبروتينات بارتباط انزيم الرنا بوليميراز؟,المحفز,المطلق القريب .,المحفز,المطلق القريب .,0.8169331550598145,0.808988094329834,0.8129412531852722
400,أين تقع الجينات المسؤولة عن الزمر الدموية عند البشر؟,الصبغي 9,الصيغي 9,الصبغي 9,الصيغي 9,0.9325770735740662,0.8976187705993652,0.9147639870643616
401,ما هو الدور الرئيسي في تعرف جسيم التضفير مواقع التضفير؟,U1 snRNP,snRNPs.,U1 snRNP,snRNPs.,0.7973394989967346,0.8357096910476685,0.8160737752914429
402,ما هي الصبغيات التي يحدث بينها إزفاء متبادل في حالة ابيضاض الدم النقوي المزمن CML؟,الصبغي 9 و 22,9 و 11,الصبغي 9 و 22,9 و 11,0.7615165114402771,0.8610479831695557,0.8082294464111328
403,ما هو عدد الأنماط الظاهرية المختلفة في الجيل الثاني في حال التفارز المستقل بين المورثتين A و B؟,أربعة أنماط ظاهرية,8,أربعة أنماط ظاهرية,8,0.6066527962684631,0.6654779314994812,0.6347053050994873
404,ما هو عدد الأنماط الجينية في أعراس فرد متغاير الأليلات AB/ab إذا كان الارتباط بين المورثتين A و B كاملاً؟,نمطان جينيان,2,نمطان جينيان,2,0.612265408039093,0.6938481330871582,0.6505088806152344
405,ما نوع الوراثة التي يكون فيها والدا الطفل المصاب حاملين متغايري الألائل عديمين الأمراض؟,وراثة جسمية متنحية,الجسدية المتنحية,وراثة جسمية متنحية,الجسدية المتنحية,0.7912126779556274,0.7756268978118896,0.7833423018455505
406,ما هو نمط هذا المرض إذا عانى فرد متخالف الألائل من أعراض مرض وكان موضع الجين على الصبغي 5؟,وراثة سائدة جسمية,صبغي جسدي سائد,وراثة سائدة جسمية,صبغي جسدي سائد,0.7526373863220215,0.762345552444458,0.757460355758667
407,ما هو خطر إصابة الطفل بالورم التليفي العصبي في الحمل التالي لأم مصابة أنجبت ذكرًا مصابًا بالمرض علمًا أن زوجها سليم؟,50%,0.5,50%,0.5,0.7078347206115723,0.6977822780609131,0.7027725577354431
408,ما هو الاحتمال الأول لطراز انتقال هذا المرض الوراثي عندما ينجب أبوان سليمان طفلين (ذكر وأنثى) مصابين بمرض استقلابي بدأت تظاهراته مبكراً؟,وراثة جسمية متنحية,صبغي جسدي سائد,وراثة جسمية متنحية,صبغي جسدي سائد,0.7256225347518921,0.7150818109512329,0.7203136086463928
409,ما هو القانون الذي ينص على أن زاوية الورود تساوي زاوية الانعكاس؟,قانون الانعكاس,للانعكاس,قانون الانعكاس,للانعكاس,0.8337518572807312,0.8547680974006653,0.844129204750061
410,ما هي الصيغة التي تعطينا التفاصيل الأقل والنسبة الأبسط للذرات الموجودة في الجزيء؟,الصيغة الأولية,الصيغة التجريبية,الصيغة الأولية,الصيغة التجريبية,0.8998726606369019,0.8593926429748535,0.8791669011116028
411,ما هو الذي يعطي لأشعة جاما مصدرا آخر للأشعة السينية التي يمكن أن تكون مفيدة وطاقتها قريبة من طاقة أشعة جاما الأصلية بحيث يمكن عدهما أشعة واحدة؟,تأثير كومبتون,التحول الداخلي,تأثير كومبتون,التحول الداخلي,0.7096514701843262,0.7141909599304199,0.7119139432907104
412,ما هو التواتر المناسب للأمواج التي يمكن استخدامها للكشف عن المواد غير المرئية بالنسبة للتواتر 500GHz؟,تواتر تيراهيرتز,الأعلى,تواتر تيراهيرتز,الأعلى,0.6703755855560303,0.7661237716674805,0.7150587439537048
413,ما هو المجال الذي تكون فيه الأمواج تحت الصوتية أصغر منه؟,المجال المسموع,20 Hz,المجال المسموع,20 Hz,0.6879385709762573,0.7146735191345215,0.7010512351989746
414,ما هو المقدار الذي يتزايد لدى انتثار فوتون عن الكترون بمفعول كومتون؟,طول الموجة,طوله الموجي,طول الموجة,طوله الموجي,0.8746304512023926,0.8517763614654541,0.8630521297454834
415,ما الذي يعبر عن شدة الموجة الصوتية؟,السعة,بالواط على المتر المربع .,السعة,بالواط على المتر المربع .,0.7193336486816406,0.6802943348884583,0.6992695927619934
416,ما هي خصائص الأشعة السينية؟,غير مرئية، تخترق الأجسام، تتأثر بالمواد، تسبب تأينًا,اشعاعات كهرطيسية وبأطوال موجية أقصر بكثير منها في حالة الضوء المرئي.,غير مرئية، تخترق الأجسام، تتأثر بالمواد، تسبب تأينًا,اشعاعات كهرطيسية وبأطوال موجية أقصر بكثير منها في حالة الضوء المرئي.,0.6567721962928772,0.648722767829895,0.6527226567268372
417,ما هي القوة التي تحدث تشوهاً في الجسم وتكون مطبقة على وحدة السطح؟,الإجهاد,الاجهاد,الإجهاد,الاجهاد,0.867326021194458,0.867326021194458,0.867326021194458
418,ماذا تعتبر درجة حرارة النواة والغلاف في جسم الإنسان؟,درجة حرارة ثابتة ومتغيرة,ثابتة - متغيرة,درجة حرارة ثابتة ومتغيرة,ثابتة - متغيرة,0.7698310613632202,0.8307539820671082,0.7991330623626709
419,ما هو ثابت التناسب بين تدرج السرعة؟,اللزوجة الديناميكية,معامل لزوجه المائع,اللزوجة الديناميكية,معامل لزوجه المائع,0.7160215377807617,0.7059797048568726,0.7109651565551758
420,ما هو الناتج عندما تتفاعل الألدهيدات مع NaBH5؟,كحول أولي,أغوال أولية,كحول أولي,أغوال أولية,0.8693540692329407,0.8333547115325928,0.850973904132843
421,ما هي الطريقة التي يجري بها التبادل الحراري بين الجسم والوسط المحيط؟,الحمل، التوصيل، الإشعاع، التبخر,الأوعية الدموية,الحمل، التوصيل، الإشعاع، التبخر,الأوعية الدموية,0.6950405240058899,0.7008068561553955,0.69791179895401
422,ما هو المعيار الذي يستخدمه العلماء لحساب الكتل الذرية النسبية؟,الكربون-12,نظير الكربون 12,الكربون-12,نظير الكربون 12,0.8683255910873413,0.8111026287078857,0.8387392163276672
423,ما هي الوحدة التي يقاس بها الضغط في إطار السيارة في الولايات المتحدة؟,رطل لكل بوصة مربعة,الباوند لكل موجه مربعه,رطل لكل بوصة مربعة,الباوند لكل موجه مربعه,0.7641769647598267,0.75014328956604,0.7570951581001282
424,ما هو القانون الذي ينص على أن تغير الحقل المغنطيسي يولد حقلا كهربائيا؟,قانون فاراداي للحث الكهرومغناطيسي,فارادي,قانون فاراداي للحث الكهرومغناطيسي,فارادي,0.6212772727012634,0.7870258092880249,0.6943978071212769
425,ما هو وصف جريان المائع المستقر من ناحية سرعته في أي نقطة منه مع الزمن؟,ثابتة,ثابتة .,ثابتة,ثابتة .,0.9346573352813721,0.9169667959213257,0.9257276058197021
426,ما هي المادة التي تتخذ شكل أسفل الوعاء الذي يحتويها ولها حجم خاص بها؟,سائل,سائلة,سائل,سائلة,0.8855786919593811,0.8640730977058411,0.874693751335144
427,ما تسمى القوى عندما يكون عمر الحالة المثارة طويلا؟,قوى شبه مستقرة,شبه مستقرة,قوى شبه مستقرة,شبه مستقرة,0.9116818904876709,0.9611787796020508,0.9357762932777405
428,ما هو الذي يعطى لأشعة غاما مصدراً آخر للأشعة السينية التي يمكن أن تكون مفيدة وطاقتها قريبة من طاقة أشعة غاما الأصلية بحيث يمكن الحصول على أشعة واحدة؟,تأثير كومبتون,التحول الداخلي,تأثير كومبتون,التحول الداخلي,0.7096514701843262,0.7141909599304199,0.7119139432907104
429,ما نوع الكثافة التي تعتبر منها العظام ومستحضرات التباين العائمة مثل اليود والباريوم؟,كثافة إشعاعية,الكلسية.,كثافة إشعاعية,الكلسية.,0.6333592534065247,0.6683709025382996,0.6503942608833313
430,ما هي طبيعة الأشعة السينية؟,موجات كهرومغناطيسية,اشعاعات كهر طيسية,موجات كهرومغناطيسية,اشعاعات كهر طيسية,0.7368320226669312,0.7794057130813599,0.7575212121009827
431,ما هو مجموع الكتل الذرية النسبية في مركب أيوني؟,الكتلة الصيغية النسبية,الكتلة الصيغية النسبية,الكتلة الصيغية النسبية,الكتلة الصيغية النسبية,1.0,1.0,1.0
432,أين يقع مجال التيراهرتز؟,بين الموجات الميكروية والأشعة تحت الحمراء,الأشعة تحت الحمراء والأمواج المكروية .,بين الموجات الميكروية والأشعة تحت الحمراء,الأشعة تحت الحمراء والأمواج المكروية .,0.8681797981262207,0.876359224319458,0.8722503185272217
433,لماذا يُستخدم الماء في درجة معينة كمادة مرجعية للوزن النوعي؟,كثافته معروفة,قيمتها العظمى,كثافته معروفة,قيمتها العظمى,0.6978697776794434,0.6982096433639526,0.698039710521698
434,ما هي مكونات صمام الأشعة السينية؟,أنبوب زجاجي مفرغ، مهبط، مصعد، نافذة,المسدد,أنبوب زجاجي مفرغ، مهبط، مصعد، نافذة,المسدد,0.6849980354309082,0.7282288074493408,0.7059521675109863
435,ما الذي تتعلق به الطاقة التي يصدرها الجسم الأسود وفقاً لدراسة تغير تابع إشعاع الجسم الأسود؟,درجة الحرارة المطلقة,درجة حرارته المطلقة,درجة الحرارة المطلقة,درجة حرارته المطلقة,0.9263800978660583,0.8880046606063843,0.9067866206169128
436,ما هي قوة اللزوجة بالنسبة لاتجاه جريان المائع؟,معاكسة لاتجاه الجريان,تعاكسه .,معاكسة لاتجاه الجريان,تعاكسه .,0.7001879215240479,0.7456505298614502,0.7222045063972473
437,ما هي الطاقة التي يمكن بها تفكيك رابطة في خلايا النسج؟,طاقة التفكك,فوتون أشعة سينينة.,طاقة التفكك,فوتون أشعة سينينة.,0.6884200572967529,0.7315673232078552,0.7093381285667419
438,ما يجب أن يكون عليه ضغط الهواء داخل القاعة في حالة الثوران بالنسبة لضغط الماء خارجها حيث تتوازن قوة الضغط نحو الخارج مع قوة التوتر السطحي نحو الداخل؟,أكبر من ضغط الماء الخارجي,اکبر,أكبر من ضغط الماء الخارجي,اکبر,0.6240357160568237,0.6699056029319763,0.6461576223373413
439,ما هو المجال الموجي لأشعة UVC؟,100-280 نانومتر,100-280nm,100-280 نانومتر,100-280nm,0.8142699003219604,0.8689079284667969,0.8407020568847656
440,ما هي طبيعة الارتباط بين قرينة الانكسار لوسط مادي معين وسرعة الأمواج في ذلك الوسط؟,ارتباط عكسي,عكسيا - سرعة,ارتباط عكسي,عكسيا - سرعة,0.8396170735359192,0.8154881000518799,0.8273767232894897
441,ما هي الخاصية التي يميزها التواتر والطول الموجي؟,الموجة,الموجة,الموجة,الموجة,0.9999998807907104,0.9999998807907104,0.9999998807907104
442,ما هي الطاقة التي تحملها الموجة في وحدة الزمن؟,قدرة الموجة,استطاعة الموجة الضوئية,قدرة الموجة,استطاعة الموجة الضوئية,0.8983118534088135,0.8260152339935303,0.860647976398468
443,ما هي قابلية العين التي تسمح بالمطابقة لكل أبعاد الجسم عن العين مع الاستمرار بتشكيل خيال على بعد ثابت من العدسة يتحدد بالفاصل بين العدسة والشبكية؟,المطابقة,تعديل شكل العدسة,المطابقة,تعديل شكل العدسة,0.7345393896102905,0.7311536073684692,0.7328425645828247
444,كيف يؤثر الضغط على توازن التفاعلات التي تكون متفاعلاتها ومنتجاتها؟,إزاحة التوازن نحو عدد أقل من مولات الغاز,غازات,إزاحة التوازن نحو عدد أقل من مولات الغاز,غازات,0.6821720600128174,0.7609159350395203,0.7193955779075623
445,ما هو التواتر في حالة الأمواج الصوتية؟,عدد الدورات في الثانية,عدد الإنضغاطات الاي تمر في نقطة معينة في الثانية,عدد الدورات في الثانية,عدد الإنضغاطات الاي تمر في نقطة معينة في الثانية,0.7974667549133301,0.7167682647705078,0.754967212677002
446,ما هو شكل الطاقة التي تصدرها أجسامنا حتى في درجات الحرارة العادية؟,طاقة حرارية,إشعاع كهرطيسي,طاقة حرارية,إشعاع كهرطيسي,0.8094208240509033,0.7788980603218079,0.7938662171363831
447,ما هي التحولات التي تحافظ على العدد الكتلي؟,اضمحلال ألفا، اضمحلال بيتا، التقاط الإلكترون,الايزوبارية,اضمحلال ألفا، اضمحلال بيتا، التقاط الإلكترون,الايزوبارية,0.6304185390472412,0.6923694610595703,0.6599433422088623
448,ما هو القانون الذي يربط بين معدل الجريان الحجمي في وعاء دموي من جهة وفارق الضغط بين طرفي الوعاء ونصف قطره الداخلي وطوله ولزوجة الدم؟,قانون بوازوي,قانون بورواري,قانون بوازوي,قانون بورواري,0.9094291925430298,0.9094291925430298,0.9094291925430298
449,ما نوع الجريان عندما تكون سرعة المائع في أي نقطة منه ثابتة مع مرور الزمن؟,جريان مستقر,مستقر,جريان مستقر,مستقر,0.823927640914917,0.9206855297088623,0.8696234226226807
450,ما هي آلية انتقال الحرارة في الموائع؟,الحمل الحراري,الحمل,الحمل الحراري,الحمل,0.7909576892852783,0.8567991256713867,0.8225629925727844
451,ما هي صفات الخيال في المصورات ذات الثقب؟,حقيقي، مقلوب، مصغر,خیال حقيقي مقلوب.,حقيقي، مقلوب، مصغر,خیال حقيقي مقلوب.,0.7967562675476074,0.8098714351654053,0.803260326385498
452,ما هي العلاقة التناسبية لقرينة الانكسار لأي وسط معين؟,تتناسب عكسياً مع سرعة الضوء في الوسط,عكسيا مع سرعة الأمواج في ذلك الوسط,تتناسب عكسياً مع سرعة الضوء في الوسط,عكسيا مع سرعة الأمواج في ذلك الوسط,0.8202290534973145,0.8435661792755127,0.8317339420318604
453,ما هي الأشعة التي حققت حلم الإنسان القديم في رؤية داخل الجسم من دون بضع؟,الأشعة السينية,الاشعة السينية,الأشعة السينية,الاشعة السينية,0.867970883846283,0.867970883846283,0.867970883846283
454,ما هو المركب الذي يتشكل من تفاعل حمض الآزوت المركز بوجود حمض الكبريت المركز مع نترو البنزين؟,ميتا ثنائي نترو البنزين,ميتا ثنائي نترو البنزن,ميتا ثنائي نترو البنزين,ميتا ثنائي نترو البنزن,0.98403000831604,0.98403000831604,0.98403000831604
455,ما هي التبادلات التي تجري بين الجسم الصلب والمانع المتحرك الذي يختلف عنه في درجة الحرارة؟,تبادل حراري وحركي,الحمل,تبادل حراري وحركي,الحمل,0.6383039951324463,0.7039757370948792,0.669533371925354
456,ما هي وظيفة الحقل الكهربائي في الأفران الكروية؟,تسخين المواد العازلة,يجعل جزيئات الماء تقوم بحركة دورانية,تسخين المواد العازلة,يجعل جزيئات الماء تقوم بحركة دورانية,0.710990309715271,0.7165826559066772,0.7137755751609802
457,ما هي طبيعة الإشعاعات الكهرومغناطيسية؟,موجات وجسيمات,مثنوية .,موجات وجسيمات,مثنوية .,0.7267836332321167,0.7633064985275269,0.7445974946022034
458,ما هو التفاعل الذي تخضع له هالوجينات الألكانات بالقلويات؟,تفاعل استبدال نيوكليوفيلي,استبدال نكليوفيلي,تفاعل استبدال نيوكليوفيلي,استبدال نكليوفيلي,0.8658515810966492,0.8966089487075806,0.8809619545936584
459,ما هي استخدامات الليزر الصباغي؟,آفات الأوعية الدموية، الآفات الصباغية، إزالة الشعر,معالجة الوحمات الوعائية .,آفات الأوعية الدموية، الآفات الصباغية، إزالة الشعر,معالجة الوحمات الوعائية .,0.7362586259841919,0.7833356857299805,0.7590678930282593
460,ماذا تصدر النظائر المشعة في التصوير بالأصدر البوزتروني؟,بوزيترونات,بوزترونات,بوزيترونات,بوزترونات,0.9450827836990356,0.9450827836990356,0.9450827836990356
461,ما هي الأشعة التي ساهمت في تقدم علم البلورات؟,الأشعة السينية,X-RAY,الأشعة السينية,X-RAY,0.6412646770477295,0.642189621925354,0.6417268514633179
462,ما الذي يتم التحكم في ارتفاع النهاية المدببة للحفاظ عليه عندما نمسح سطح المعدن في مجهر STM؟,تيار النفق,ثبات التيار النفقي,تيار النفق,ثبات التيار النفقي,0.8838748931884766,0.8711237907409668,0.8774530291557312
463,ما هو معدل الإشعاع من سطح إلى معدل الإشعاع من مساحة مساوية من سطح مشع مثالي في درجة الحرارة نفسها؟,الانبعاثية,الإصدارية,الانبعاثية,الإصدارية,0.7775157690048218,0.8033044934272766,0.7901997566223145
464,ما هي الجزئيات التي يمكن الاستفادة من تفاعلها في التصوير؟,النظائر المشعة,فوتونات الفلورة السينية .,النظائر المشعة,فوتونات الفلورة السينية .,0.755547046661377,0.7609961032867432,0.7582617402076721
465,ما هو الوسط الذي تكون فيه كثافة الأيونات الموجبة والسالبة أكبر من كثافة الأيونات المعتدلة؟,البلازما,بلازما,البلازما,بلازما,0.7579302787780762,0.7821270227432251,0.7698385715484619
466,ما هو الإجراء المستخدم للاطمئنان على صحة الجنين عند المرأة الحامل؟,مراقبة الجنين,الإيكو غرافي .,مراقبة الجنين,الإيكو غرافي .,0.6939403414726257,0.6855970621109009,0.6897435188293457
467,ما يُدعى الضغط الذي يسببه عمود من الزئبق ارتفاعه 1 مم؟,مليمتر زئبق,التور .,مليمتر زئبق,التور .,0.5112906694412231,0.5427525043487549,0.5265520215034485
468,ما هي الظاهرة التي تنقسم فيها نواة ذات عدد كتلي كبير إلى نواتين أو أكثر لكل منهما عدد كتلي متوسط؟,الانشطار النووي,ظاهرة الإنشطار النووي,الانشطار النووي,ظاهرة الإنشطار النووي,0.9143673181533813,0.8668367266654968,0.8899679183959961
469,ما هو مجال الأشعة الذي يشع فيه جسم الإنسان بشكل قريب جداً من إشعاع الجسم الأسود؟,الأشعة تحت الحمراء,تحت الحمراء,الأشعة تحت الحمراء,تحت الحمراء,0.8018885850906372,0.8496119379997253,0.8250607848167419
470,ما هي الأشعة التي اشتهرت بانتزاع جزيئات الماء لدى تفاعلها مع النسج؟,الأشعة السينية,الأشعة تحت الحمراء.,الأشعة السينية,الأشعة تحت الحمراء.,0.8426274061203003,0.8266925811767578,0.8345839381217957
471,ما هي الظاهرة التي تنقسم فيها نواة ذات عدد كتلي كبير إلى نواتين أو أكثر لكل منهما عدد كتلي متوسط؟,الانشطار النووي,ظاهرة الانشطار النووي.,الانشطار النووي,ظاهرة الانشطار النووي.,0.9004018306732178,0.8496076464653015,0.874267578125
472,ما هي طريقة العلاج الفيزيائي التي تستعمل فيها تيارات كهربائية عالية التردد لإحداث الحرارة في الأنسجة العميقة؟,المعالجة بالدياتيرمي,تسخين موضعي في الانسجة الحية,المعالجة بالدياتيرمي,تسخين موضعي في الانسجة الحية,0.7051931023597717,0.7083157300949097,0.7067509293556213
473,كيف تتولد الأشعة السينية؟,تسريع الإلكترونات ثم إبطاؤها فجأة,تسرع الالكترونات بكمون مرتفع في أنبوب الفراغ ويسمح لها بالسقوط على سطح داخل الانبوب .,تسريع الإلكترونات ثم إبطاؤها فجأة,تسرع الالكترونات بكمون مرتفع في أنبوب الفراغ ويسمح لها بالسقوط على سطح داخل الانبوب .,0.7758992314338684,0.7095664739608765,0.7412517666816711
474,ما هو الأساس الذي تترتب وفقه العناصر في الجدول الدوري حالياً؟,العدد الذري,إعدادها الذرية,العدد الذري,إعدادها الذرية,0.8682785034179688,0.8220758438110352,0.8445457220077515
475,ما هو الشرط الذي يجب أن تحققه النقطتان لتطبيق معادلة برنولي على جريان أي مائع مثالي؟,على نفس خط الجريان,خط الانحناء نفسه,على نفس خط الجريان,خط الانحناء نفسه,0.7673112154006958,0.7618808746337891,0.7645863890647888
476,ما هي الأمواج التي تستخدم في تفتيت الحصى؟,الأمواج الصادمة,الأمواج فوق الصوتية,الأمواج الصادمة,الأمواج فوق الصوتية,0.8227009177207947,0.7911774516105652,0.8066312670707703
477,ما هو المجهر الذي يمسح العينة نقطة فنقطة ولكنه يكشف عن الالكترونات النافذة؟,المجهر الإلكتروني الماسح النافذ,STEM,المجهر الإلكتروني الماسح النافذ,STEM,0.6157422065734863,0.7037156820297241,0.6567961573600769
478,من أين تشتق قوة المقاومة من اللزوجة عندما تكون السرعة النسبية بين الجسم والمائع كافية لأن يكون الجريان حول الجسم رقائقياً؟,الاحتكاك السطحي,منخفضة,الاحتكاك السطحي,منخفضة,0.6650967001914978,0.7325581908226013,0.6971993446350098
479,ما هي الرابطة التي تبقى صلبة دائماً؟,الرابطة التساهمية,الأيونية,الرابطة التساهمية,الأيونية,0.7312769889831543,0.7584871053695679,0.7446336150169373
480,كم عدد العدسات في مجهر SEM؟,عدستان إلى أربع عدسات,اثنتان,عدستان إلى أربع عدسات,اثنتان,0.6730791330337524,0.6782138347625732,0.6756367683410645
481,ما هي الحالة التي تتولد فيها الأمواج الصادمة بالنسبة لسرعة منبع الأمواج الصوتية؟,سرعة المنبع أكبر من سرعة الصوت,تتجاوز سرعة الموجة الصوتية .,سرعة المنبع أكبر من سرعة الصوت,تتجاوز سرعة الموجة الصوتية .,0.8103356957435608,0.7705150842666626,0.7899238467216492
482,ما هو العدد النيوكلوني في نواة ذرة ما؟,مجموع عدد البروتونات والنيوترونات,مجموع البروتونات والنترونات,مجموع عدد البروتونات والنيوترونات,مجموع البروتونات والنترونات,0.9300488829612732,0.9260786771774292,0.9280595779418945
483,ما هو سبب تخامد الأشعة السينية في الجسم المدروس؟,الامتصاص والتشتت,امتصاص الجسم لها,الامتصاص والتشتت,امتصاص الجسم لها,0.698782205581665,0.7463184595108032,0.7217684984207153
484,ما يُستخدم لقياس درجة التشوه؟,مقياس كوب,انفعال,مقياس كوب,انفعال,0.7250864505767822,0.7311134338378906,0.7280874252319336
485,ما هي الوحدة التي يقيسها الروتنجن؟,التعرض الإشعاعي,التعرض للإشعاع .,التعرض الإشعاعي,التعرض للإشعاع .,0.8777492046356201,0.8558347821235657,0.8666535019874573
486,ما تتألف منه الحلقة البنزنية؟,ست ذرات كربون,ستة كربونات,ست ذرات كربون,ستة كربونات,0.7988756895065308,0.8423942923545837,0.8200580477714539
487,ماذا يشير انزياح الضوء من المجرات البعيدة نحو الترددات الأخفض؟,التمدد الكوني,ابتعاد المجرات عنا,التمدد الكوني,ابتعاد المجرات عنا,0.739128589630127,0.7093451023101807,0.7239306569099426
488,ما هي الوحدة التي يقيسها الرونتجن؟,التعرض للإشعاع المؤين,التعرض للإشعاع.,التعرض للإشعاع المؤين,التعرض للإشعاع.,0.8674405813217163,0.9402900338172913,0.9023974537849426
489,ما هي النظائر؟,ذرات لها نفس العدد الذري وتختلف في العدد الكتلي,لها نفس عدد البروتونات وتختلف بعدد النترونات,ذرات لها نفس العدد الذري وتختلف في العدد الكتلي,لها نفس عدد البروتونات وتختلف بعدد النترونات,0.7927467823028564,0.7947573661804199,0.7937508225440979
490,ما هي زاوية الورود التي يكون الضوء المنعكس عندها مستقطبا كليا؟,زاوية بروستر,زاوية بروستو,زاوية بروستر,زاوية بروستو,0.9405572414398193,0.9405572414398193,0.9405572414398193
491,كيف يمكن توليد الأمواج فوق الصوتية؟,تأثير بيزوكهربائي,بلورات كهر ضغطية,تأثير بيزوكهربائي,بلورات كهر ضغطية,0.7498238682746887,0.7521623373031616,0.7509912848472595
492,أين تشكل العين مديدة البصر (العين الطامسة) خيال الجسم القريب؟,خلف الشبكية,وراء الشبكية.,خلف الشبكية,وراء الشبكية.,0.8747107982635498,0.8707617521286011,0.8727318048477173
493,ما هو الاضطراب الذي يمثل هذه الحالة؟,اضطراب نقص الانتباه وفرط النشاط,الحدية للجريان المستقر,اضطراب نقص الانتباه وفرط النشاط,الحدية للجريان المستقر,0.6775940656661987,0.692582905292511,0.6850064992904663
494,متى يأخذ احتمال وجود الالكترون قيمة عظمى في الحالة الأساسية في ذرة هيدروجين؟,عند نصف قطر بور,بعده عن النواة أصغر من نصف قطر بور,عند نصف قطر بور,بعده عن النواة أصغر من نصف قطر بور,0.8796698451042175,0.766764223575592,0.8193457722663879
495,ما ينص عليه قانون الانعكاس الأول؟,زاوية السقوط تساوي زاوية الانعكاس,زاوية الورود تساوي زاوية الانعكاس.,زاوية السقوط تساوي زاوية الانعكاس,زاوية الورود تساوي زاوية الانعكاس.,0.9007377624511719,0.9073209166526794,0.9040173292160034
496,ما هو الانفعال في حالة التشوه التحددي أو الانضغاطي؟,إجهاد القص,التغير النسبي في الطول زيادة أو نقصانا,إجهاد القص,التغير النسبي في الطول زيادة أو نقصانا,0.7434398531913757,0.6963547468185425,0.7191274166107178
497,ما هو وزن الحجم المنغمس من الجسم عندما يكون الجسم مغموساً وليس مغموراً كلياً نتيجة كون كثافة المائع أكبر من كثافة الجسم؟,وزن الجسم كاملاً,وزن الجسم,وزن الجسم كاملاً,وزن الجسم,0.8710368871688843,0.9355573654174805,0.9021450281143188
498,ما اسم الجهاز الذي يصور مقاطع في الجسم البشري بالأشعة السينية والاستعانة بالحاسب؟,التصوير المقطعي المحوسب,الماسح .,التصوير المقطعي المحوسب,الماسح .,0.6876631379127502,0.7152219414710999,0.7011718153953552
499,ما هو العنصر الأكثر استخداماً في التصوير بالتجاوب المغناطيسي؟,الهيدروجين,الهيدروجين,الهيدروجين,الهيدروجين,1.0,1.0,1.0
500,ما هو سبب تخامد الأشعة السينية في الجسم المدروس؟,الامتصاص والتشتت,امتصاص الجسم لها,الامتصاص والتشتت,امتصاص الجسم لها,0.698782205581665,0.7463184595108032,0.7217684984207153
501,ما هي الخطوة الأولى في التفاعلات؟,التنشيط,المبادرة,التنشيط,المبادرة,0.8138951063156128,0.8144339919090271,0.8141645193099976
502,ماذا يزداد عندما ترتد الفوتونات التي تعبر الثقب في الحجرة عن الجدران مرات عديدة قبل أن تغادر؟,طول المسار البصري,احتمال امتصاتصها,طول المسار البصري,احتمال امتصاتصها,0.7112089991569519,0.7142814993858337,0.7127419114112854
503,كيف تعمل الحزم الإلكترونية على معالجة الأورام؟,تدمير الحمض النووي للخلايا السرطانية,القريبة من الجلد,تدمير الحمض النووي للخلايا السرطانية,القريبة من الجلد,0.6926872730255127,0.739235520362854,0.7152048349380493
504,ما هو السبب وراء تكرار الطراز (الدورية في الجدول الدوري) الناجم عن ترتيب العناصر؟,التوزيع الإلكتروني الخارجي,ازدياد أعدادها البروتونية,التوزيع الإلكتروني الخارجي,ازدياد أعدادها البروتونية,0.7396855354309082,0.7224386930465698,0.7309604287147522
505,ما هو المركب الذي يتشكل عند أكسدة الكيلات البنزن (مثل ميتيل البنزن) ببرمنغنات البوتاسيوم (VII) القلوية أو بأي مؤكسد قوي آخر؟,حمض البنزويك,حمض البنزويك,حمض البنزويك,حمض البنزويك,0.9999999403953552,0.9999999403953552,0.9999999403953552
506,ما هي النوى التي لها عدد N ثابت حيث تحوي العدد نفسه من النترونات؟,النظائر المتساوية النترونات,ايزوتونات,النظائر المتساوية النترونات,ايزوتونات,0.6858460903167725,0.7252905368804932,0.7050170302391052
507,ماذا يحدث إذا كانت الحقول الكهربائية لمنبع الأمواج الكهرطيسية لها اتجاهات عشوائية عند انتشاره؟,استقطاب عشوائي,غير مستقطب,استقطاب عشوائي,غير مستقطب,0.7522796988487244,0.7866609692573547,0.7690862417221069
508,ما هو التفاعل الذي تخضع له الألكانات مع الهالوجينات في ضوء الشمس؟,استبدال جذري حر,استبدال,استبدال جذري حر,استبدال,0.8028082847595215,0.9028962850570679,0.8499158024787903
509,ما هو الشيء الذي تهتز حوله الذرتان في الجزيء ثنائي الذرة؟,مركز الكتلة,مركز كتلتيهما,مركز الكتلة,مركز كتلتيهما,0.8274266719818115,0.7923771142959595,0.8095227479934692
510,ما هي البنية لأكسيد المغنزيوم؟,شبكة أيونية,ايونية عملاقة,شبكة أيونية,ايونية عملاقة,0.7810866236686707,0.7712591886520386,0.7761418223381042
511,ماذا يزداد عندما ترتد الفوتونات التي تعبر الثقب في الحجرة عن الجدران مرات عديدة قبل أن تغادر؟,طول المسار البصري,احتمال امتصاتصها,طول المسار البصري,احتمال امتصاتصها,0.7112089991569519,0.7142814993858337,0.7127419114112854
512,ما هي وحدة قياس الجرعة المكافئة للإشعاع؟,سيفرت,بالسفرت .,سيفرت,بالسفرت .,0.7704060077667236,0.7449424266815186,0.7574602961540222
513,ما هي طريقة التصوير التي يمكن اعتبارها الأقل ضرراً على الجسم؟,الموجات فوق الصوتية,التصوير الحراري.,الموجات فوق الصوتية,التصوير الحراري.,0.7355991005897522,0.7556200623512268,0.7454752326011658
514,ما هي أعمار النصف للنظائر المشعة المستخدمة في تقنية الـ PET؟,دقائق إلى ساعات,قصيرة نسبيا,دقائق إلى ساعات,قصيرة نسبيا,0.6766794919967651,0.7143975496292114,0.6950271725654602
515,ما هي المماكبات (الإيزوميرات)؟,مركبات لها نفس الصيغة الكيميائية ولكن تختلف في ترتيب الذرات,تختلف في طاقتها الداخلية فقط .,مركبات لها نفس الصيغة الكيميائية ولكن تختلف في ترتيب الذرات,تختلف في طاقتها الداخلية فقط .,0.6606365442276001,0.7327918410301208,0.6948460340499878
516,ما هو القانون الذي تمثل معادلة برنولي المطبقة على جريان المائع أحد أشكال انحفاظه؟,قانون انحفاظ الطاقة,الطاقة .,قانون انحفاظ الطاقة,الطاقة .,0.6397645473480225,0.7197871208190918,0.6774207949638367
517,ماذا يستخدم قانون ستوكس لقياسه؟,سرعة الترسيب,مقاومة اللزوجة .,سرعة الترسيب,مقاومة اللزوجة .,0.7983360290527344,0.8198040723800659,0.8089276552200317
518,ما هو العلم الذي يقوم بحساب البعد بين الذرات عند معرفة الطول الموجي للأشعة السينية وقياس الزاوية؟,علم البلورات بالأشعة السينية,علم البلورات,علم البلورات بالأشعة السينية,علم البلورات,0.8023496866226196,0.93748939037323,0.8646711707115173
519,ما هي الأوساط التي تنتشر فيها الأمواج العرضانية؟,الأوساط الصلبة والسائلة,الجسم الصلب,الأوساط الصلبة والسائلة,الجسم الصلب,0.7661658525466919,0.839984118938446,0.8013786673545837
520,ما هي الخصائص التي تتمتع بها حزمة الفوتونات من أشعة X عالية الطاقة والتي تجعلها تستخدم في الطب النووي عند المعالجة عن بعد؟,اختراق عميق للأنسجة,قدرة اختراق عالية تسمح بتدمير الأورام السطحية والعميقة .,اختراق عميق للأنسجة,قدرة اختراق عالية تسمح بتدمير الأورام السطحية والعميقة .,0.7677222490310669,0.7287787199020386,0.7477437257766724
521,ما هو القانون الذي ينص على أن تشوه مادة يتناسب طرديا مع القوى التي تحدث التشوه؟,قانون هوك,قانون هوك,قانون هوك,قانون هوك,0.9999995827674866,0.9999995827674866,0.9999995827674866
522,علام نعتمد لتفسير لثنائية الإصدار في طيف بخار الصوديوم؟,دوران الإلكترون المغزلي,النظرية الذرية,دوران الإلكترون المغزلي,النظرية الذرية,0.713191032409668,0.7709963321685791,0.7409680485725403
523,ما هي المعادلة التي تعبر عن انخفاض الطاقة في الموائع؟,معادلة برنولي,معادلة بيرنولي,معادلة برنولي,معادلة بيرنولي,0.9251686334609985,0.9251686334609985,0.9251686334609985
524,متى يحدث تفاعل اشعاع الليزر مع النسج؟,امتصاص الفوتونات,تمتصه النسج .,امتصاص الفوتونات,تمتصه النسج .,0.7164709568023682,0.7554407715797424,0.7354400157928467
525,ما هي البنية التي تأخذها الشبكات الأيونية لكلوريد الصوديوم وأكسيد المغنزيوم؟,مكعب مركزي الوجه,مكعبية,مكعب مركزي الوجه,مكعبية,0.7899835109710693,0.8485476970672607,0.818219006061554
526,ما هو العمل الذي يقوم به المائع على المائع الذي يتقدمه في وحدة الجريان؟,إجهاد القص,الضغط,إجهاد القص,الضغط,0.6644388437271118,0.7461216449737549,0.7029151916503906
527,ما هي الكمية الوسطية للأوزون في الغلاف الجوي؟,300 دوبسون,300 DU,300 دوبسون,300 DU,0.7803001403808594,0.8103042244911194,0.795019268989563
528,ما هو النكليد الإشعاعي المماكب الذي يشيع استخدامه في التشخيص الطبي؟,التكنيشيوم-99m,التكنسيوم - 99,التكنيشيوم-99m,التكنسيوم - 99,0.8654249310493469,0.8850572109222412,0.8751310110092163
529,كيف يتغير نصف القطر الذري عبر الدور الثالث من اليسار إلى اليمين؟,يتناقص,يتناقص,يتناقص,يتناقص,1.0,1.0,1.0
530,إذا كان الإشعاع وحيد الطول الموجي فمن أي نوع من الفوتونات يكون مؤلفاً؟,فوتونات متماسكة,المتساوية الطاقات,فوتونات متماسكة,المتساوية الطاقات,0.7287157773971558,0.7347230911254883,0.7317071557044983
531,ما هي الأمواج الميكانيكية التي تنشأ عن الوحدات المحركة في الألياف ولا تدركها الأذن؟,أمواج ألفا,الأمواج تحت الصوتية,أمواج ألفا,الأمواج تحت الصوتية,0.7980867028236389,0.7520961761474609,0.7744092345237732
532,ما هو مصدر العنصر المشع الذي يعطى للمريض عند استخدام تقنية التصوير SPECT؟,النظائر المشعة,لأشعة غاما .,النظائر المشعة,لأشعة غاما .,0.6964417695999146,0.7320352792739868,0.7137950658798218
533,ما نوع الصورة التي نحصل عليها في التصوير الومضاني للجزء المصور من جسم المريض؟,صورة وظيفية,ثنائية البعد .,صورة وظيفية,ثنائية البعد .,0.7063577771186829,0.7332785129547119,0.7195664644241333
534,إذا تضيق قطر الشريان إلى ثلث قيمته الأصلية عند مريض مصاب بمرض وعائي وقلبي وبقي هبوط الضغط فيه على حاله، إلى كم ينخفض معدل جريان الدم؟,1/81 من قيمته الأصلية,81/1 من قيمته الأصلية .,1/81 من قيمته الأصلية,81/1 من قيمته الأصلية .,0.9239506125450134,0.9192763566970825,0.9216076135635376
535,ما هي السكريات التي لا تحتاج أثناء امتصاصها من الأمعاء الدقيقة لوجود الصوديوم؟,الفركتوز,الفركتوز.,الفركتوز,الفركتوز.,0.9406127333641052,0.924095094203949,0.9322807788848877
536,ما هو الأنزيم المعوي الذي يحول مولد التربسين إلى تربسين؟,إنتروكيناز,الإنتيروكيناز.,إنتروكيناز,الإنتيروكيناز.,0.7715224027633667,0.7782289981842041,0.774861216545105
537,ما هو العامل الهرموني الذي يحرض إفراز عصارة بنكرياسية غنية بالإنزيمات الهاضمة؟,كوليسيستوكينين,الكوليسيستوكينين CCK,كوليسيستوكينين,الكوليسيستوكينين CCK,0.8689096570014954,0.8199543952941895,0.8437225222587585
538,ما هو الإنزيم الذي يفكك سكر اللبن (اللاكتوز) إلى غلوكوز وغالاكتوز؟,اللاكتاز,اللاكتاز.,اللاكتاز,اللاكتاز.,0.9359251856803894,0.9195201396942139,0.9276501536369324
539,ما هو مستودع الصفراء خارج أوقات الهضم والذي يعمل على تكثيفها؟,المرارة,المرارة.,المرارة,المرارة.,0.9525473713874817,0.9319031238555908,0.942112147808075
540,ما هي الشوارد التي يكون تركيزها أقل في اللعاب منه في البلازما؟,الصوديوم والكلوريد,صوديوم وكلور.,الصوديوم والكلوريد,صوديوم وكلور.,0.8447040319442749,0.8806712031364441,0.8623127341270447
541,ما هو الهرمون الذي يحفز إفراز عصارة بنكرياسية غنية بالأنزيمات الهاضمة؟,الكوليسيستوكينين,الكوليسيستوكينين CCK,الكوليسيستوكينين,الكوليسيستوكينين CCK,0.9510208964347839,0.897207498550415,0.9233307242393494
542,ما هو السكر الذي لا يحتاج للصوديوم من أجل عملية امتصاصه؟,الفركتوز,الفركتوز.,الفركتوز,الفركتوز.,0.9406127333641052,0.924095094203949,0.9322807788848877
543,ما هو الناقل العصبي الذي يتحرر من العصبونات بعد العقدة في القسم الودي؟,نورأدرينالين,النورابينفرين أو الأستيل كولين.,نورأدرينالين,النورابينفرين أو الأستيل كولين.,0.7213748097419739,0.699026882648468,0.7100250124931335
544,ما الذي يحدد نمط استجابة العضو المعصب بواسطة الجهاز العصبي المستقل (استثارة أو تثبيط)؟,نوع المستقبلات الكولينية أو الأدرينالية,نمط المستقبلات الموجودة في العضو.,نوع المستقبلات الكولينية أو الأدرينالية,نمط المستقبلات الموجودة في العضو.,0.7664074897766113,0.7891381978988647,0.777606725692749
545,ما هو الناقل الكيميائي الذي تحرره جميع العصبونات قبل العقدة؟,أستيل كولين,الأستيل كولين.,أستيل كولين,الأستيل كولين.,0.8180556297302246,0.8046566843986511,0.8113007545471191
546,ما هو الناقل العصبي الذي يتحرر من طرفيات جميع الألياف اللاودية بعد العقدية؟,أستيل كولين,أستيل كولين.,أستيل كولين,أستيل كولين.,0.9114412069320679,0.8979190587997437,0.9046295881271362
547,ما هي الميزة التي تتمتع بها قنوات IF في النسيج العقدي القلبي التي تمكنها من توليد التنبيه عفوياً؟,نفاذية متزايدة لأيونات الصوديوم والبوتاسيوم,عندما تنفتح يتجاوز التيار الداخل من الصوديوم التيار الخارج من البوتاسيوم,نفاذية متزايدة لأيونات الصوديوم والبوتاسيوم,عندما تنفتح يتجاوز التيار الداخل من الصوديوم التيار الخارج من البوتاسيوم,0.7674290537834167,0.7450917959213257,0.7560955286026001
548,ما هي الفائدة الوظيفية من التأخير الزمني في كمون الفعل لمدة 0.1 ثانية عند مروره في العقدة الأذينية البطينية؟,إعطاء وقت لامتلاء البطينين بالدم,إنهاء تقلص الأذينات قبل بدء تقلص البطينات.,إعطاء وقت لامتلاء البطينين بالدم,إنهاء تقلص الأذينات قبل بدء تقلص البطينات.,0.7309379577636719,0.7357146143913269,0.7333185076713562
549,ماذا يحدث للبطينات في حال توقف العقدة الجيبية الأذينية عن العمل؟,تنقبض بشكل مستقل وبطيء,تتباطأ انقباضاتها,تنقبض بشكل مستقل وبطيء,تتباطأ انقباضاتها,0.7507610321044922,0.7685171365737915,0.7595353126525879
550,ما هو سبب ظهور طور الهضبة في كامن فعل العضلة القلبية؟,تدفق الكالسيوم للداخل,دخول شوارد الكالسيوم.,تدفق الكالسيوم للداخل,دخول شوارد الكالسيوم.,0.8332528471946716,0.8680388927459717,0.8502901792526245
551,ما هو سبب طور الهضبة في كمون عمل الليف العضلي القلبي؟,تدفق الكالسيوم إلى الداخل,الكالسيوم.,تدفق الكالسيوم إلى الداخل,الكالسيوم.,0.7422088384628296,0.8496657013893127,0.7923104166984558
552,ما هي المناطق التي تطبق عليها المعالجة الإشعاعية في علاج أورام الخصية من النمط المنوي؟,العقد اللمفية حول الأبهر والعقد اللمفية الحرقفية,سلسلة العقد اللمفاوية الحرقفية والأبهرية,العقد اللمفية حول الأبهر والعقد اللمفية الحرقفية,سلسلة العقد اللمفاوية الحرقفية والأبهرية,0.8077532052993774,0.8191033601760864,0.8133887052536011
553,ما هي الأورام التي لا تعتبر المعالجة الشعاعية معالجة شافية لها إذا استخدمت لوحدها في المراحل المبكرة؟,الأورام اللمفاوية الخبيثة,الثدي,الأورام اللمفاوية الخبيثة,الثدي,0.681666374206543,0.7429361343383789,0.7109836935997009
554,ما هي الجرعة الكلية الموصى بها في حال تقرر إجراء تشعيع وقائي للقحف بجرعة ٢ غري في كل جلسة؟,30-36 غري,٣٠ غري,30-36 غري,٣٠ غري,0.7508869767189026,0.7815324664115906,0.7659032940864563
555,ما هو الزمن الأقل الفاصل بين كل جلستين عند إجراء المعالجة الشعاعية بطريق التجزئة المفرطة؟,6 ساعات,٦ ساعات,6 ساعات,٦ ساعات,0.8760756850242615,0.8760756850242615,0.8760756850242615
556,ما الذي يحول مولد الببسين إلى ببسين؟,حمض الهيدروكلوريك,حمض كلور الماء الموجود في المعدة.,حمض الهيدروكلوريك,حمض كلور الماء الموجود في المعدة.,0.7960696220397949,0.7636760473251343,0.7795364260673523
557,ما هو سبب حدوث عمى ربعي علوي أيمن مماثل؟,آفة في الفص الصدغي الأيسر,الفصل الصدغي,آفة في الفص الصدغي الأيسر,الفصل الصدغي,0.7804434299468994,0.8411962985992432,0.8096818327903748
558,ما هي المدة الزمنية التي يتطور خلالها الصداع المزمن؟,15 يومًا في الشهر لمدة 3 أشهر,4أسابيع,15 يومًا في الشهر لمدة 3 أشهر,4أسابيع,0.6924813985824585,0.6972032189369202,0.6948342323303223
559,ما هو نوع الصداع غير النابض ثنائي الجانب الذي قد يرتبط بتشنج عضلات الرقبة؟,صداع التوتر,صداع التوتر,صداع التوتر,صداع التوتر,1.0,1.0,1.0
560,أين يحدث التكيس للجيارديا اللمبلية؟,الأمعاء الدقيقة,أثناء التغوط,الأمعاء الدقيقة,أثناء التغوط,0.7547953724861145,0.7383660674095154,0.7464903593063354
561,ما هي الذبابة ذهبية العيون Chrysop ثوي ناقل له؟,لا شيء,اللوا لوا,لا شيء,اللوا لوا,0.7400533556938171,0.7100582122802734,0.7247455716133118
562,ما هي الفترة الزمنية الذي تظهر فيها إيجابية اختبار سابين فيلدمان بعد العدوى به؟,3-4 أسابيع,1-2 أسبوع,3-4 أسابيع,1-2 أسبوع,0.876998782157898,0.876998782157898,0.8769988417625427
563,ما الذي تنتهي به المرحلة الخارج خلوية للمتصورات؟,الأبواغ,الأقاسيم المتحركة,الأبواغ,الأقاسيم المتحركة,0.8043435215950012,0.7503822445869446,0.7764264345169067
564,أين تتكاثر خبيطيات الفخرية البنكروفتية؟,الجهاز اللمفاوي,الأوعية اللمفاوية للانسان,الجهاز اللمفاوي,الأوعية اللمفاوية للانسان,0.8251383304595947,0.7613937258720398,0.7919853925704956
565,ما هو المرض الذي يستخدم عقار melarsporol في علاجه؟,داء المثقبيات الأفريقي,المثقبية الغامبية,داء المثقبيات الأفريقي,المثقبية الغامبية,0.8047260642051697,0.8216447830200195,0.8130974173545837
566,ما هو الخمج الطفيلي الذي يمكن أن ينتقل من شخص لآخر؟,الجرب,المرمية الدودية,الجرب,المرمية الدودية,0.8194667100906372,0.8101489543914795,0.8147812485694885
567,ما هي أفضل أماكن الخزع التشخيصية القندية في جسم الإنسان؟,العقد اللمفية، نقي العظم، الكبد، الطحال,الطحال,العقد اللمفية، نقي العظم، الكبد، الطحال,الطحال,0.7017079591751099,0.8439048528671265,0.766265332698822
568,ما هو المسبب لداء هجرة اليرقات الجلدي؟,يرقات الديدان الخطافية للحيوانات,الديدان القوسية,يرقات الديدان الخطافية للحيوانات,الديدان القوسية,0.7608534097671509,0.8312258720397949,0.7944843769073486
569,ما هو العلاج المناسب للمتحولة العصبية naegleria fowleri؟,الأمفوتريسين B,الأمفوتريسين,الأمفوتريسين B,الأمفوتريسين,0.9091576933860779,0.9332923889160156,0.92106693983078
570,أين تتوضع يرقات الأسطوانية الوعائية عند الإنسان؟,الأمعاء الدقيقة,الجهاز العصبي المركزي,الأمعاء الدقيقة,الجهاز العصبي المركزي,0.720834493637085,0.7092528939247131,0.7149968147277832
571,ما هو الشكل المعدي للإنسان من متفرعة الخصية الصينية؟,الأكياس المحفظة,خليفة المذنبة,الأكياس المحفظة,خليفة المذنبة,0.7617852687835693,0.7303339242935181,0.7457281351089478
572,أين تتوضع الأسطوانية البرازية عند الإنسان؟,الأمعاء الغليظة,الجزء الأمامي من الصائم,الأمعاء الغليظة,الجزء الأمامي من الصائم,0.7434647083282471,0.736605167388916,0.7400190830230713
573,ما هو العصب الذي يصاب في متلازمة قاع الحجاج؟,العصب تحت الحجاج,العصب الفكي العلوي,العصب تحت الحجاج,العصب الفكي العلوي,0.8426173329353333,0.8184470534324646,0.8303562998771667
574,ما هو تعريف الحول المتقارب؟,انحراف العين للداخل,يتلاقي فيها محورا الرؤية في نقطة تقع أمام الجسم المنظور,انحراف العين للداخل,يتلاقي فيها محورا الرؤية في نقطة تقع أمام الجسم المنظور,0.6997215151786804,0.682170033454895,0.6908343434333801
575,ما هي أسباب حدوث فيض الدمع Epiphora؟,انسداد القناة الدمعية، فرط إفراز الدموع، ارتخاء الجفن السفلي,نقص في التصريف,انسداد القناة الدمعية، فرط إفراز الدموع، ارتخاء الجفن السفلي,نقص في التصريف,0.6915452480316162,0.7343928813934326,0.7123252749443054
576,أين تقع حفيرة البكرة في الجدار العلوي للحجاج؟,الجزء الأمامي الإنسي,الأمامي الأنسي,الجزء الأمامي الإنسي,الأمامي الأنسي,0.837441086769104,0.8387529253959656,0.838096559047699
577,ما هي النسبة التي تشكلها القرنية من سطح غلاف كرة العين الليفي؟,السدس الأمامي,السدس الأمامي,السدس الأمامي,السدس الأمامي,1.0,1.0,1.0
578,ما هو أكثر تنكسات القرنية شيوعاً؟,التنكس الهلالي الشيخوخي,القوس الشيخية,التنكس الهلالي الشيخوخي,القوس الشيخية,0.7921793460845947,0.8084871172904968,0.8002501726150513
579,ما هي الحالات التي تشاهد فيها الرؤية المزدوجة الأحادية الجانب؟,إعتام عدسة العين، إزاحة العدسة، تعدد الحدقات، اللابؤرية، الأجسام الغريبة في العين,تحت خلع العدسة,إعتام عدسة العين، إزاحة العدسة، تعدد الحدقات، اللابؤرية، الأجسام الغريبة في العين,تحت خلع العدسة,0.7035859227180481,0.776926577091217,0.7384397387504578
580,ما هو المرض الذي يشاهد فيه حلقة كاي زر- فليشر عند المرضى؟,داء ويلسون,داء ويلسون,داء ويلسون,داء ويلسون,0.9999998807907104,0.9999998807907104,0.9999998807907104
581,ما الذي يجب فعله في الحالات المعندة وغير المستجيبة للعلاج في الورم الكاذب للحجاج؟,الجراحة الاستكشافية,يجب اخذ خزعة من الورم,الجراحة الاستكشافية,يجب اخذ خزعة من الورم,0.6927310228347778,0.6767887473106384,0.6846671104431152
582,ما هي النتائج التي تؤدي إليها إصابة الشعبة العينية من العصب الخامس في متلازمة الشق الحجاجي العلوي؟,فقدان الإحساس في الجفن العلوي والجبين والقرنية,فقد حس الملتحمة والقرنية,فقدان الإحساس في الجفن العلوي والجبين والقرنية,فقد حس الملتحمة والقرنية,0.7525573968887329,0.7676829099655151,0.7600449323654175
583,ما هو التشخيص الأقرب لمريض عمره 65 سنة لديه فقد رؤية في النصف العلوي من الساحة البصرية مع بدء مفاجئ؟,انسداد الشريان الشبكي المركزي,التهاب العصب البصري الاقفاري,انسداد الشريان الشبكي المركزي,التهاب العصب البصري الاقفاري,0.782846212387085,0.7943824529647827,0.7885721325874329
584,ما الذي يدل عليه ظهور تقبب على شكل حويصل أسود في قعر القرحة القرنية الجرثومية؟,تقبب الدسم,تقبب غشاء ديسميه وخطر انثقابه,تقبب الدسم,تقبب غشاء ديسميه وخطر انثقابه,0.8371925950050354,0.7617288827896118,0.7976799011230469
585,ما هي الطريقة التالية لتقدير حدة البصر لدى المريض إذا لم يتمكن من قراءة أكبر أحرف اللوحة؟,عد الأصابع,بعد أصابع الفاحص,عد الأصابع,بعد أصابع الفاحص,0.8319059014320374,0.8158383369445801,0.8237938284873962
586,ما الذي يشكو منه المريض في الحول الشللي عند البالغين؟,ازدواج الرؤية,رؤية مزدوجة,ازدواج الرؤية,رؤية مزدوجة,0.7897583246231079,0.7816467881202698,0.7856816053390503
587,متى ينعدم يوروبيلينوجين البول؟,انسداد القناة الصفراوية الكامل,اليرقان الانسدادي,انسداد القناة الصفراوية الكامل,اليرقان الانسدادي,0.7145229578018188,0.718299388885498,0.7164062261581421
588,في الاحتباس الصفراوي ما هو الانزيم الأفضل للوصول للتشخيص؟,الفوسفاتاز القلوي,ALT,الفوسفاتاز القلوي,ALT,0.5310550332069397,0.6180467009544373,0.5712580680847168
589,ما هي نتيجة رحلان البروتينات في الالتهابات الحادة؟,ارتفاع بروتينات الطور الحاد,ترتفع الموجة a_2غلوبيولين وترتفع الموجة a_1غلوبيولين,ارتفاع بروتينات الطور الحاد,ترتفع الموجة a_2غلوبيولين وترتفع الموجة a_1غلوبيولين,0.7051990032196045,0.6494570374488831,0.6761811971664429
590,ما هو المركب الذي يتم اصطناعه بدءا من الحموض الأمينية؟,البروتين,أمونيا,البروتين,أمونيا,0.6862627863883972,0.6913737058639526,0.688808798789978
591,ما هي أعراض فقر الدم بعوز الحديد عند المريض؟,تعب، شحوب، ضيق تنفس، خفقان، صداع، دوخة، أظافر هشة، تساقط شعر,الشحوب,تعب، شحوب، ضيق تنفس، خفقان، صداع، دوخة، أظافر هشة، تساقط شعر,الشحوب,0.60752272605896,0.7238633632659912,0.6606099605560303
592,ما هي الحالة التي تعاني منها مريضة عمرها 44 سنة تشكو من تعب عام وكانت قيمة البولة الدموية 140 ملغ/دل وقيمة الكرياتنين 6 ملغ/دل وحمض البول 4 ملغ/دل؟,الفشل الكلوي الحاد,اليوريميا,الفشل الكلوي الحاد,اليوريميا,0.6855345964431763,0.698015570640564,0.6917188167572021
593,ما هو سبب تشمع الكبد عند مريض عمره 12 سنة؟,التهاب الكبد المناعي الذاتي,داء ويلسون,التهاب الكبد المناعي الذاتي,داء ويلسون,0.6332405805587769,0.6613725423812866,0.6470009088516235
594,ما هو الاحتمال الأكثر ترجيحاً لسبب تشمع الكبد عند مريض عمره 12 سنة؟,رتق القناة الصفراوية,داء ويلسون,رتق القناة الصفراوية,داء ويلسون,0.6829323768615723,0.7026390433311462,0.6926455497741699
595,ما هو تصنيف مريض عنده الغلوكوز 210 ملغ / دل؟,مقدمات السكري,مريض سكري,مقدمات السكري,مريض سكري,0.8040134906768799,0.8040134906768799,0.8040134906768799
596,ما هو تصنيف مريض تم تحليل الغلوكوز الصيامي له فكانت النتيجة 128 ملغ/دل؟,مقدمات السكري,مريض سكري,مقدمات السكري,مريض سكري,0.8040134906768799,0.8040134906768799,0.8040134906768799
597,ما هو المركب الذي يعتبر ايتلين ديامين تترا استات مركباً لاقطاً له؟,المعادن الثقيلة,الكالسيوم,المعادن الثقيلة,الكالسيوم,0.7263228893280029,0.7393445372581482,0.732775866985321
598,ما هو المركب الذي يستخدم في تدبير حمى البحر الأبيض المتوسط؟,الكولشيسين,الكولشيمين,الكولشيسين,الكولشيمين,0.9664715528488159,0.9664715528488159,0.9664715528488159
599,ما هو النمط التحسسي الذي يعود إليه داء الفقاع المحرض دوائياً؟,فرط الحساسية من النمط الثاني,الثاني.,فرط الحساسية من النمط الثاني,الثاني.,0.565048098564148,0.6968824863433838,0.6240788698196411
600,ما هي آلية تأثير المركب دابيريدامول؟,مثبط فوسفوديستراز,تثبيط PDE,مثبط فوسفوديستراز,تثبيط PDE,0.709906280040741,0.7810734510421753,0.7437914609909058
601,"ما هي جرعة الدواء عند طفل وزنه 17,5 كغ إذا كانت جرعة البالغ 100 ملغ؟",35 ملغ,25 ملغ.,35 ملغ,25 ملغ.,0.8215200304985046,0.8169883489608765,0.8192479610443115
602,ما هو معدل التصفية الكلوية للكرياتينين عند رجل عمره 40 سنة ومستوى كرياتينين الدم 1 ملغ/دل ووزنه 72 كغ؟,98 مل/دقيقة,100,98 مل/دقيقة,100,0.6676291227340698,0.7126263976097107,0.6893943548202515
603,ما هي الخلايا التي تقوم بإفراز بروتين برفورين الذي يفتح ثقوب في غشاء الخلية الهدف؟,الخلايا اللمفاوية التائية السامة,الخلايا القاتلة.,الخلايا اللمفاوية التائية السامة,الخلايا القاتلة.,0.7977100610733032,0.8500634431838989,0.82305508852005
604,كيف يتأثر الغاز كلما زاد وزنه الجزيئي؟,يزداد وزنه الجزيئي,انخفض معدل الانتشار.,يزداد وزنه الجزيئي,انخفض معدل الانتشار.,0.7412508726119995,0.7476937174797058,0.7444583773612976
605,ما هو المبدأ الأساسي للتشتت؟,تشتت الضوء بواسطة الجسيمات,الانتشار,تشتت الضوء بواسطة الجسيمات,الانتشار,0.7119824886322021,0.7317866086959839,0.7217487692832947
606,ما هو العامل الذي يسرع العامل السابع تشكله؟,العامل النسيجي,الثالث,العامل النسيجي,الثالث,0.6082178354263306,0.6525766849517822,0.629616916179657
607,ما هو السائل الموجود داخل الخلايا؟,السائل داخل الخلوي,السيتوبلازما.,السائل داخل الخلوي,السيتوبلازما.,0.7705149054527283,0.7576645612716675,0.7640357613563538
608,ما هي مقدرة شخص على إدراك منبهين لمسيين مطبقين على منطقة من سطح الجسم على أنهما منفصلان؟,تمييز النقطتين,تمييز حس النقطتين,تمييز النقطتين,تمييز حس النقطتين,0.9760984182357788,0.9374920725822449,0.9564058780670166
609,ما هو سبب عدم قدرة ألياف الجهاز العصبي المركزي على التجدد؟,غياب خلايا شوان,غياب غمد شوان,غياب خلايا شوان,غياب غمد شوان,0.8612123727798462,0.8887097835540771,0.8747450709342957
610,ما هو المجال الذي تكون فيه النسخ السيتولوجية شفافة نسبياً؟,علم الأمراض الخلوي,تحت الأحمر القريب,علم الأمراض الخلوي,تحت الأحمر القريب,0.7198147773742676,0.7330982685089111,0.7263957858085632
611,ما هو العامل الرئيسي الذي يحدد ارتباط الأكسجين بخضاب الدم؟,الضغط الجزئي للأكسجين,الضغط الجزئي للأوكسجين في الدم PO2.,الضغط الجزئي للأكسجين,الضغط الجزئي للأوكسجين في الدم PO2.,0.9190084338188171,0.850202202796936,0.883267343044281
612,ما الذي يؤدي إليه العامل ٣ مع الكالسيوم؟,تنشيط العامل ١٠,تلقيم راجع إيجابي للثرومبين.,تنشيط العامل ١٠,تلقيم راجع إيجابي للثرومبين.,0.6921080350875854,0.6929218769073486,0.6925147175788879
613,متى يزداد الانحلال في التلاسيميا؟,بعد استئصال الطحال,التعرض للشدة والحمى.,بعد استئصال الطحال,التعرض للشدة والحمى.,0.7346205711364746,0.7590910792350769,0.7466554045677185
614,ما هو الفيتامين الأساسي في عملية تشكيل عوامل التخثر؟,فيتامين ك,K,فيتامين ك,K,0.6119228601455688,0.7214909791946411,0.6622052192687988
615,ما هو المستوى من الفيزيولوجيا الذي تنتمي إليه دراسة آلية وتوليد ونقل كوامن الفعل في القلب؟,فيزيولوجيا الخلية,النسيجي,فيزيولوجيا الخلية,النسيجي,0.700035810470581,0.7517117857933044,0.7249540090560913
616,أين توجد المستقبلات النيكوتينية؟,العقد الذاتية والوصل العصبي العضلي,العقدة الجيبية الأذينية في القلب,العقد الذاتية والوصل العصبي العضلي,العقدة الجيبية الأذينية في القلب,0.7731207609176636,0.7870543599128723,0.7800253629684448
617,ما الذي تعتمد عليه سرعة انتشار الأوكسجين عبر غشاء الخلية؟,فرق الضغط الجزئي للأوكسجين,مقدار ذوبانه في الشحوم,فرق الضغط الجزئي للأوكسجين,مقدار ذوبانه في الشحوم,0.7175803184509277,0.7355225682258606,0.7264406681060791
618,ماذا يحدث عندما يصل التيروكسين إلى المستوى الدوراني المطلوب؟,تثبيط إفراز الهرمون المنبه للدرقية,تتوقف الغدة النخامية عن افراز THS,تثبيط إفراز الهرمون المنبه للدرقية,تتوقف الغدة النخامية عن افراز THS,0.7108438014984131,0.7261509895324707,0.7184158563613892
619,ما هي الوظيفة الرئيسية للعقدة الأذينية البطينية في الحالات السوية؟,تأخير النبضات الكهربائية,توليد إشارات تجعلها ناظمة للقلب,تأخير النبضات الكهربائية,توليد إشارات تجعلها ناظمة للقلب,0.682738721370697,0.6901479959487915,0.6864233613014221
620,ما هي العوامل التي تحرض إفراز عصارة بنكرياسية غنية بالإنزيمات؟,الكوليسيستوكينين,الأستيل كولين والكوليسيستوكينين,الكوليسيستوكينين,الأستيل كولين والكوليسيستوكينين,0.9227519035339355,0.8276880979537964,0.8726386427879333
621,أين يتم إعادة امتصاص القسم الأعظم من الماء المرتشح؟,الأنابيب الكلوية,النبيبات الدانية,الأنابيب الكلوية,النبيبات الدانية,0.7715360522270203,0.7864145040512085,0.7789042592048645
622,ما هو سبب الصوت الأول للقلب؟,إغلاق الصمامات الأذينية البطينية,انغلاق الصمامات الأذينية البطينية,إغلاق الصمامات الأذينية البطينية,انغلاق الصمامات الأذينية البطينية,0.9863442182540894,0.9863442182540894,0.9863442182540894
623,ما هي الخلايا التي تمتلك أسرع معدل لزوال الاستقطاب؟,خلايا الجهاز الناقل للقلب,العقدة الجيبية الأذينية.,خلايا الجهاز الناقل للقلب,العقدة الجيبية الأذينية.,0.7240621447563171,0.7346160411834717,0.7293009161949158
624,ما هو الذي وظيفته تسريع عملية تشكل الترومبوبلاستين الصفيحي؟,العامل الخامس,العامل السابع,العامل الخامس,العامل السابع,0.965169370174408,0.965169370174408,0.965169370174408
625,ما الذي يعمل على تسهيل الانتقال بين الشهيق والزفير؟,مركز تبادل الشهيق والزفير,مركز التنفس الجسري,مركز تبادل الشهيق والزفير,مركز التنفس الجسري,0.7680063247680664,0.8016268014907837,0.7844564914703369
626,ما الذي يزداد في الأسناخ الرئوية؟,السائل البروتيني,بتضيق فوهة القصيبات,السائل البروتيني,بتضيق فوهة القصيبات,0.7221571803092957,0.6683103442192078,0.6941911578178406
627,ما يعرف بالموجهة الجسدية؟,موجهة جسدية,هرمون النمو,موجهة جسدية,هرمون النمو,0.7719864845275879,0.7822344899177551,0.7770767211914062
628,ما هي العقدة الرأسية للجهاز العصبي المستقل؟,العقدة الهدبية,الوطاء,العقدة الهدبية,الوطاء,0.789426326751709,0.8128663301467896,0.8009748458862305
629,ما هي المحطة الرئيسية الدماغية التي تتكامل فيها وظائف الجهاز العصبي المستقل مع وظائف البنى العصبية الأخرى؟,الوطاء,الوطاء,الوطاء,الوطاء,0.9999996423721313,0.9999996423721313,0.9999996423721313
630,ما هو الناقل العصبي المحرر من طرفيات الألياف بعد العقدية في القسم الودي؟,نورأدرينالين,الاستيل كولين أو النور أدرينالين,نورأدرينالين,الاستيل كولين أو النور أدرينالين,0.8239052295684814,0.7208071947097778,0.7689157128334045
631,ما هو الدور المهم الذي تؤديه خلايا سيرتولي في الخصية؟,دعم وتغذية الخلايا الجنسية,تغذية النطاف,دعم وتغذية الخلايا الجنسية,تغذية النطاف,0.7876286506652832,0.7708553075790405,0.7791517376899719
632,ما هو الذي يروي النسيج الضام للرئة؟,الشريان القصبي,الفروع القصبية للأبهر.,الشريان القصبي,الفروع القصبية للأبهر.,0.8373246788978577,0.7857566475868225,0.8107214570045471
633,ما هي البوابات التي تتحكم بنفوذية القنوات للشوارد التي تسهم في تشكيل كامن الفعل؟,بوابات الجهد الكهربائي,القنوات المبوبة بالفولطاج,بوابات الجهد الكهربائي,القنوات المبوبة بالفولطاج,0.7052590250968933,0.6859143972396851,0.6954522728919983
634,ما هي أجهزة التحكم والضبط والمراقبة في الجسم؟,الجهاز العصبي وجهاز الغدد الصماء,العصبى الصماوى,الجهاز العصبي وجهاز الغدد الصماء,العصبى الصماوى,0.7393988370895386,0.7760769128799438,0.7572939991950989
635,ما هي المواد التي تحررها نهايات المحاوير العصبية في المشابك والموصلات المشبكية؟,نواقل عصبية,النواقل عصبية,نواقل عصبية,النواقل عصبية,0.9393173456192017,0.9094678163528442,0.9241516590118408
636,ماذا ينقل الترانسفيرين؟,الحديد,الحديدي,الحديد,الحديدي,0.9020482897758484,0.8813176155090332,0.8915624618530273
637,ما هو الإحساس الذي يمكن أن يُدرك كلياً في المهاد؟,الألم,حس الألم,الألم,حس الألم,0.9074656963348389,0.846746563911438,0.8760553002357483
638,أين توجد المستقبلات المسكارينية؟,الأعضاء المستهدفة للجهاز العصبي اللاودي,الخلايا المستجيبة للتنبيه بالعصبونات الكولينية الفعل بعد العقدية,الأعضاء المستهدفة للجهاز العصبي اللاودي,الخلايا المستجيبة للتنبيه بالعصبونات الكولينية الفعل بعد العقدية,0.793799638748169,0.774691104888916,0.7841289639472961
639,ما هي الزمرة الدموية إذا كانت الكرية الحمراء لا تحوي مولد ارتصاص؟,O,O,O,O,1.0,1.0,1.0
640,ما هو ناظم القلب؟,العقدة الجيبية الأذينية,العقدة الجيبية.,العقدة الجيبية الأذينية,العقدة الجيبية.,0.8591054677963257,0.913902759552002,0.8856573104858398
641,ما الذي يشكله الجهاز الانزيمي في الخلايا البطانية السليمة اعتباراً من حمض الاراشيدونيك؟,البروستاسيكلين,الترومبوكسان A2,البروستاسيكلين,الترومبوكسان A2,0.7805484533309937,0.7717693448066711,0.7761340141296387
642,ما الذي تتناسب معه سرعة النقل في الألياف العصبية اللانخاعينية؟,الجذر التربيعي لقطر الليف,الجذر التربيعي ل قطر الليف,الجذر التربيعي لقطر الليف,الجذر التربيعي ل قطر الليف,0.9373719692230225,0.9493321776390076,0.9433141350746155
643,أين تقع أجسام عصبونات المرتبة الثانية للإحساسات المنقولة بمسلك العمود الظهري؟,النواة الرشيقة والنواة الإسفينية,المهاد,النواة الرشيقة والنواة الإسفينية,المهاد,0.6925365924835205,0.7486299276351929,0.7194916009902954
644,ما هي العوامل التي تتناسب معها سرعة الانتشار البسيط؟,مساحة السطح، فرق التركيز، نفاذية الغشاء,طردا مع مدروج تركيز المادة المنتشرة,مساحة السطح، فرق التركيز، نفاذية الغشاء,طردا مع مدروج تركيز المادة المنتشرة,0.7228625416755676,0.6971435546875,0.7097702026367188
645,ما هي آلية تحرر شوارد الكالسيوم من الشبكة الهيولية في العضلات الهيكلية؟,اقتران الإثارة والتقلص,الانتشار,اقتران الإثارة والتقلص,الانتشار,0.7532892227172852,0.8056380748748779,0.7785846590995789
646,ما الذي يؤكد الدور الأهم للمراكز الشوكية والبصلية في وظيفة الجهاز العصبي المستقل؟,تنظيم منعكسات الجهاز العصبي المستقل,عدم حدوث تبدلت مهمة في وظائف الجهاز العصبي المستقبل عند قطع جذع الدماغ فوق مستوى البصلة,تنظيم منعكسات الجهاز العصبي المستقل,عدم حدوث تبدلت مهمة في وظائف الجهاز العصبي المستقبل عند قطع جذع الدماغ فوق مستوى البصلة,0.8380165100097656,0.7592799067497253,0.7967075705528259
647,ما هو الهدف الأساسي للنقل الفاعل عبر الغشاء؟,نقل المواد عكس تدرج التركيز,الحفاظ على مدروج تركيز مرتفع للمادة عبر الغشاء,نقل المواد عكس تدرج التركيز,الحفاظ على مدروج تركيز مرتفع للمادة عبر الغشاء,0.7477855682373047,0.7181088328361511,0.7326467633247375
648,ما الذي يتأثر بتغير كمية الأوكسجين في الأسناخ؟,توتر الشريان الرئوي,الأوعية الدموية للسنخ,توتر الشريان الرئوي,الأوعية الدموية للسنخ,0.7497132420539856,0.7518692016601562,0.7507897019386292
649,ما هي أقصى مدة لحفظ الدم؟,42 يومًا,20 يوم,42 يومًا,20 يوم,0.8460795879364014,0.8662136793136597,0.8560282588005066
650,ماذا يحدث عندما تكون تهوية السنخ أعلى من ترويته الدموية؟,زيادة المساحة الميتة الفسيولوجية,حيز ميت فيزيولوجي,زيادة المساحة الميتة الفسيولوجية,حيز ميت فيزيولوجي,0.6946702003479004,0.7156779766082764,0.705017626285553
651,ما هي الحالات التي تزداد فيها كمية الماء الموجودة في الأحياز الخاصة؟,الوذمة,الجنب وانصباب الجنب,الوذمة,الجنب وانصباب الجنب,0.7645630836486816,0.7345129251480103,0.7492368221282959
652,ما هو الهرمون المطلق للموجهة القشرية؟,CRH,CRH,CRH,CRH,0.9999998807907104,0.9999998807907104,0.9999998807907104
653,ما هي الشاردة الإيجابية الأساسية في السائل داخل الخلوي؟,البوتاسيوم,بوتاسيوم,البوتاسيوم,بوتاسيوم,0.8868635296821594,0.9140251874923706,0.9002394676208496
654,ما هو نوع المصل الذي يحمله شخص من الزمرة الدموية B؟,مصل مضاد-A,يحوي الراصة Anti A,مصل مضاد-A,يحوي الراصة Anti A,0.6977593898773193,0.692798912525177,0.6952703595161438
655,ما هي الحالة التي يكون فيها انقلاب الصيغة أكثر شيوعاً؟,العدوى البكتيرية الحادة,الأطفال.,العدوى البكتيرية الحادة,الأطفال.,0.5690152645111084,0.7053627967834473,0.629895031452179
656,ما هو حجم الضربة (Stroke Volume)؟,حجم الدم المدفوع من البطين في كل نبضة,كمّية الدم التي يضخها البطين الأيمن في ضربة واحدة,حجم الدم المدفوع من البطين في كل نبضة,كمّية الدم التي يضخها البطين الأيمن في ضربة واحدة,0.8052828311920166,0.7918236255645752,0.7984964847564697
657,ما هي أقصى كمية هواء يمكن استنشاقها زيادة على كمية الحجم الجاري السوية؟,حجم الشهيق الاحتياطي,حجم الشهيق المخر,حجم الشهيق الاحتياطي,حجم الشهيق المخر,0.867066502571106,0.8919772505760193,0.8793455362319946
658,ما هي الآلية التي يتم من خلالها التنظيم المديد للجريان الموضعي؟,إعادة تشكيل الأوعية الدموية,إفراز الأنجيوجنين وعامل النمو البطاني.,إعادة تشكيل الأوعية الدموية,إفراز الأنجيوجنين وعامل النمو البطاني.,0.759636640548706,0.7438349723815918,0.751652717590332
659,ما هي الشوارد التي تسبب قوى الجذب بين خيوط الاكتين والميوزين مما يؤدي إلى انزلاق بعضها على بعض؟,الكالسيوم,الكالسيوم,الكالسيوم,الكالسيوم,1.0,1.0,1.0
660,ما هو الهدف من آلية المزلاج في العضلات الملساء؟,الحفاظ على التقلص لفترة طويلة مع استهلاك طاقة قليل,تحافظ على تقلّص مقوٍمديد فى العضلات الملمس باستخدام كمية قليلة جداً من الطاقه,الحفاظ على التقلص لفترة طويلة مع استهلاك طاقة قليل,تحافظ على تقلّص مقوٍمديد فى العضلات الملمس باستخدام كمية قليلة جداً من الطاقه,0.7655582427978516,0.72464919090271,0.7445422410964966
661,ما هي الخلايا الدبقية التي تشكل جزء من الحاجز الوعائي الدموي؟,الخلايا النجمية,الخلايا النجمية,الخلايا النجمية,الخلايا النجمية,0.9999995231628418,0.9999995231628418,0.9999995231628418
662,ما هي الآلية التي يتم من خلالها التنظيم المديد للضغط الشرياني؟,الكلى,افراز الانجيوجينين وعامل النمو البطاني,الكلى,افراز الانجيوجينين وعامل النمو البطاني,0.7142022848129272,0.6410101652145386,0.6756297945976257
663,ما هي المستقبلة الأسرع تلاؤماً؟,مستقبلة فازينيان,باشيني.,مستقبلة فازينيان,باشيني.,0.7159907817840576,0.7575114369392395,0.7361661791801453
664,لماذا لا تتمكن الألياف العصبية المركزية من التجديد؟,غياب خلايا شوان,عدم وجود غمد شوان,غياب خلايا شوان,عدم وجود غمد شوان,0.768416166305542,0.808761715888977,0.7880728840827942
665,ما هي كمية الهواء الموجودة في الرئتين في نهاية شهيق سوي؟,السعة الرئوية الكلية,السعة الوظيفية المدخرة + الحجم الجاري,السعة الرئوية الكلية,السعة الوظيفية المدخرة + الحجم الجاري,0.8254528045654297,0.7786656618118286,0.8013769388198853
666,ما هي الفائدة الوظيفية من التأخير الزمني لكامن الفعل لمدة 0.1 ثانية عند مروره في العقدة الأذينية البطينية؟,إعطاء وقت كافٍ لامتلاء البطينين بالدم,إنهاء تقلص الأذينات قبل تقلص البطينات,إعطاء وقت كافٍ لامتلاء البطينين بالدم,إنهاء تقلص الأذينات قبل تقلص البطينات,0.7129294872283936,0.7454404830932617,0.728822648525238
667,ما هي المواد التي يقتصر عليها الامتصاص المعدي؟,الماء والكحول وبعض الأدوية,الماء والشوارد,الماء والكحول وبعض الأدوية,الماء والشوارد,0.7669482231140137,0.7775635719299316,0.7722194790840149
668,ما هو المركب الذي يتشكل من تفاعل الهيموغلوبين مع حمض أو قلوي؟,ميت هيموغلوبين,هيماتين.,ميت هيموغلوبين,هيماتين.,0.7452457547187805,0.8124290704727173,0.7773885726928711
669,ما الذي يتناسب إفراغه عكسياً مع إفراغ الهيدروجين؟,البوتاسيوم,البوتاسيوم,البوتاسيوم,البوتاسيوم,1.0,1.0,1.0
670,ما هو الغشاء الكبيبي نفوذ له؟,الماء والجزيئات الصغيرة,الالبومين.,الماء والجزيئات الصغيرة,الالبومين.,0.654127299785614,0.6817669868469238,0.667661190032959
671,ما هو المسؤول عن إرسال السيالات في العصبونات؟,المحور,المحوار,المحور,المحوار,0.8965938091278076,0.8687816858291626,0.8824686408042908
672,ما هو المستوى الذي يعتبر ضخ الدم مثالاً على دراسته؟,مستوى الجهاز,الأعضاء,مستوى الجهاز,الأعضاء,0.718765377998352,0.718765377998352,0.718765377998352
673,ما هي العملية التي يتم بها تحويل النورادرينالين إلى أدرينالين؟,مثيلة,ميتلة,مثيلة,ميتلة,0.843747079372406,0.8425191640853882,0.8431326746940613
674,ما الذي يشكل جسراً بين ألياف الكولاجين والصفيحات الدموية؟,عامل فون ويلبراند,الترومبوكسان A2,عامل فون ويلبراند,الترومبوكسان A2,0.6826093196868896,0.677669107913971,0.6801302433013916
675,ما هي الفائدة الوظيفية من وجود الكليونات المجاورة للّب؟,تركيز البول,زيادة القدرة على تكثيف البول,تركيز البول,زيادة القدرة على تكثيف البول,0.8314108848571777,0.7736247181892395,0.8014776110649109
676,ما هو السبب الذي يحمي العضلة القلبية من التكزز؟,فترة العصيان المطلقة الطويلة,طول فترة كامن فعل الليف العضلي القلبي,فترة العصيان المطلقة الطويلة,طول فترة كامن فعل الليف العضلي القلبي,0.738455057144165,0.7494930624961853,0.7439330816268921
677,ما هو الهرمون الذي يخضع لتأثير مزدوج منبه ومثبط من الوطاء؟,هرمون النمو,GH,هرمون النمو,GH,0.6851145029067993,0.713613748550415,0.6990737915039062
678,أين تقع المساحة الصغرى في ساحة الحس الأولية عند الإنسان؟,القشرة الحسية الجسدية,الجذع,القشرة الحسية الجسدية,الجذع,0.7373218536376953,0.7732564210891724,0.7548617124557495
679,ما هو مصدر الATP الذي تحتاجه الليفات العضلية بشدة؟,الفسفوكرياتين,المتقدرات الغزيرة الموازية للبيفات,الفسفوكرياتين,المتقدرات الغزيرة الموازية للبيفات,0.7236809730529785,0.7089524269104004,0.7162410020828247
680,ما هو الذي يفعل السبيل الخارجي للتخثر؟,عامل النسيج,رض الأنسجة,عامل النسيج,رض الأنسجة,0.834335446357727,0.8111010789871216,0.8225542306900024
681,ما الذي تتناسب معه سرعة انتشار الغاز عبر الغشاء التنفسي عكسياً؟,الجذر التربيعي للوزن الجزيئي,ثخانة الغشاء,الجذر التربيعي للوزن الجزيئي,ثخانة الغشاء,0.734220564365387,0.7441737651824951,0.7391636967658997
682,ما هي القيمة العظمى لضغط الأوكسجين في الأسناخ عند زيادة التهوية السنخية في الحالات السوية؟,120 ملم زئبق,149 ملم زئبقي,120 ملم زئبق,149 ملم زئبقي,0.9138163328170776,0.9138163328170776,0.9138163328170776
683,أين يحدث الامتصاص بشكل أساسي؟,الأمعاء الدقيقة,الامعاء الدقيقة,الأمعاء الدقيقة,الامعاء الدقيقة,0.9601823091506958,0.9601823091506958,0.9601823091506958
684,ما هو الهرمون الذي يتم إفرازه نتيجة الشدة (الكروب)؟,الكورتيزول,الكورتيزول,الكورتيزول,الكورتيزول,1.0,1.0,1.0
685,ما هي آلية تحرر شوارد الكالسيوم من الشبكة الهيولية في العضلات الهيكلية؟,اقتران الإثارة والتقلص,الانتشار,اقتران الإثارة والتقلص,الانتشار,0.7532892227172852,0.8056380748748779,0.7785846590995789
686,ماذا يسبب التنبيه اللاودي على القلب؟,تباطؤ القلب,تباطؤ ضربات القلب.,تباطؤ القلب,تباطؤ ضربات القلب.,0.9226499795913696,0.8546179533004761,0.8873319029808044
687,ما هو المسؤول عن زوال الاستقطاب؟,تدفق أيونات الصوديوم إلى الداخل,دخول شوارد الصوديوم,تدفق أيونات الصوديوم إلى الداخل,دخول شوارد الصوديوم,0.8146495819091797,0.8490864038467407,0.8315116167068481
688,ما هو الرقم الهيدروجيني الطبيعي للبول؟,4.5-8,بين 4.7 و 8,4.5-8,بين 4.7 و 8,0.8551549911499023,0.8245333433151245,0.8395650386810303
689,ماذا يحدث عند وصول كمية كبيرة من NaCl إلى اللطخة الكثيفة؟,تضيق الشريان الوارد,تقبيض الشرين الوارد,تضيق الشريان الوارد,تقبيض الشرين الوارد,0.9220045804977417,0.9220045804977417,0.9220045804977417
690,ما هي كمية الدم التي تمر في نقطة معينة من الدوران خلال فترة محددة من الزمن؟,التدفق الدموي,تدفق الدم,التدفق الدموي,تدفق الدم,0.8688079118728638,0.8885557651519775,0.8785708546638489
691,ما هو الانزيم المعوي الذي يقوم بهضم الدسم في الأمعاء؟,الليباز المعوي,الليباز,الليباز المعوي,الليباز,0.8541275858879089,0.9288777112960815,0.8899357914924622
692,ماذا يسبب نقص فيتامين B12 وحمض الفوليك؟,فقر الدم كبير الكريات,فقر دم زائد الصباغ زائد الحجم,فقر الدم كبير الكريات,فقر دم زائد الصباغ زائد الحجم,0.7598905563354492,0.7265778183937073,0.7428609132766724
693,ما هي وظيفة الصمامات القلبية؟,منع رجوع الدم,توجيه مجرى الدم باتجاه واحد,منع رجوع الدم,توجيه مجرى الدم باتجاه واحد,0.815936803817749,0.7736495137214661,0.7942307591438293
694,ما هو المستوى الذي يعد عليه تنظيم الضغط الشرياني؟,جذع الدماغ,الأجهزه,جذع الدماغ,الأجهزه,0.7126742005348206,0.727367639541626,0.719946026802063
695,ما هو نوع العضلات الذي يمتاز بخاصية الارتخاء بعد الكرب؟,العضلات الملساء,العضلات وحيدة الوحدة الحشوية,العضلات الملساء,العضلات وحيدة الوحدة الحشوية,0.8858181238174438,0.8222599029541016,0.8528565168380737
696,ما هو أسرع أجزاء الجهاز الناقل في القلب في توصيل السيالة؟,ألياف بوركنجي,ألياف بوركنج.,ألياف بوركنجي,ألياف بوركنج.,0.901695966720581,0.890997052192688,0.8963145613670349
697,ما هو اسم الأسناخ التي يصلها دم ولا يصلها هواء؟,أسناخ صامتة,التحويلة الفيزيولوجية,أسناخ صامتة,التحويلة الفيزيولوجية,0.6788927316665649,0.6463879346847534,0.6622417569160461
698,ما هي الطريقة التي يمكن بها تحرير النص الفعال حيوياً بتقنية الأسر الصوتي؟,الأسر الصوتي,تفعيله بالامتصاص مستدعي الفوتونه,الأسر الصوتي,تفعيله بالامتصاص مستدعي الفوتونه,0.6908683776855469,0.6325095295906067,0.660402238368988
699,ما هي الشاردة ذات التركيز الأكبر داخل العصبون؟,البوتاسيوم,البوتاسيوم,البوتاسيوم,البوتاسيوم,1.0,1.0,1.0
700,ما هو العظم الذي يتمفصل معه الغضروف الطرجهالي؟,الغضروف الحلقي,الغضروف الحلقي,الغضروف الحلقي,الغضروف الحلقي,1.0,1.0,1.0
701,ماذا يحدث في طور الانقباض الأذيني؟,انقباض الأذينين,الصمامات الأذينية البطينية مفتوحة و السينية مغلقة,انقباض الأذينين,الصمامات الأذينية البطينية مفتوحة و السينية مغلقة,0.7591829895973206,0.7065855264663696,0.7319405674934387
702,ما هو الحجم الرئوي الذي يزداد مع التقدم بالعمر؟,الحجم المتبقي,الحجم المتبقي.,الحجم المتبقي,الحجم المتبقي.,0.9603725075721741,0.9452612400054932,0.952756941318512
703,ما الذي يحرض إفراز عصارة غنية بالإنزيمات الهاضمة من البنكرياس؟,الكوليسيستوكينين,CCK,الكوليسيستوكينين,CCK,0.6145263314247131,0.6891864538192749,0.6497185826301575
704,ما الذي يتمثل به زوال استقطاب البطينات على مخطط القلب؟,موجة QRS,الموجة QRS.,موجة QRS,الموجة QRS.,0.829986035823822,0.8121697306632996,0.8209812641143799
705,ما هو العامل المحرض على زيادة إفراز الألدوستيرون؟,الرينين,زيادة تركيز البوتاسيوم في السائل خارج الخلوي,الرينين,زيادة تركيز البوتاسيوم في السائل خارج الخلوي,0.6880090236663818,0.6321545839309692,0.658900260925293
706,ما هي الطريقة المستخدمة لحل الخثرة إذا تشكلت في أوعية القلب والرئتين؟,حالّ الخثرة,البلازمين,حالّ الخثرة,البلازمين,0.6943814754486084,0.7248159646987915,0.7092723846435547
707,ما الذي تسمح به خاصية الارتخاء بعد الكرب للأعضاء الجوفاء التي تحوي عضلات ملساء؟,التكيف مع التمدد دون زيادة التوتر,المحافظة على مقدار الضغط نفسه على الرغم من تغير الحجم ضمن حدود معينة,التكيف مع التمدد دون زيادة التوتر,المحافظة على مقدار الضغط نفسه على الرغم من تغير الحجم ضمن حدود معينة,0.7570348978042603,0.756065845489502,0.7565500140190125
708,ما هو معدل التهوية السنخية؟,(حجم المد والجزر - الحجم الميت) × معدل التنفس,كمية الهواء الذي يصل للمناطق التنفسية مضروب,(حجم المد والجزر - الحجم الميت) × معدل التنفس,كمية الهواء الذي يصل للمناطق التنفسية مضروب,0.6889612674713135,0.7015321254730225,0.695189893245697
709,متى يتوقف التقلص العضلي؟,عند غياب الكالسيوم,ارتباط الكالسيوم بالتربونين,عند غياب الكالسيوم,ارتباط الكالسيوم بالتربونين,0.8356071710586548,0.8287731409072876,0.832176148891449
710,ما هي عصبونات المرتبة الثانية في المسلك الظهري؟,عصبونات النواة الرشيقة والنواة الإسفينية,النواتين الناحلة واإلسفينية,عصبونات النواة الرشيقة والنواة الإسفينية,النواتين الناحلة واإلسفينية,0.7725866436958313,0.8004289269447327,0.7862613797187805
711,ما هو القشراني المعدني الرئيسي؟,الألدوستيرون,الالدوسترون (معدني),الألدوستيرون,الالدوسترون (معدني),0.8158321380615234,0.7591025829315186,0.786445677280426
712,ما هي أقل أنسجة الجسم البشري احتواءً على الماء؟,المينا,الدهنى,المينا,الدهنى,0.8582181334495544,0.8582181334495544,0.8582181334495544
713,ما هو طليعة الانزيم الذي يتحول إلى شكله الفعال تحت تأثير الخنثرين؟,مولد البلازمين,العامل الحادي عشر,مولد البلازمين,العامل الحادي عشر,0.6979761123657227,0.7151947021484375,0.7064805030822754
714,ما هي الآلية التي يستطيع من خلالها الجهاز التنفسي تأمين كميات كبيرة من الأكسجين أثناء التمارين المجهدة؟,زيادة التهوية الرئوية,يحصل كامل التبادل الغازي للأكسجين خلال قطع الدم ثلث المسافة عبر الوعاء الشعري.,زيادة التهوية الرئوية,يحصل كامل التبادل الغازي للأكسجين خلال قطع الدم ثلث المسافة عبر الوعاء الشعري.,0.7298837900161743,0.6733231544494629,0.7004635334014893
715,ما الذي يحول الببسين إلى مولد ببسين؟,حمض الهيدروكلوريك,حمض كلور الماء,حمض الهيدروكلوريك,حمض كلور الماء,0.7538822889328003,0.8183773756027222,0.784807026386261
716,ما هي الوظائف التي يتآزر فيها الجهازان الودي واللاودي؟,تنظيم ضغط الدم ومعدل ضربات القلب والهضم,تنظيم افراز اللعاب,تنظيم ضغط الدم ومعدل ضربات القلب والهضم,تنظيم افراز اللعاب,0.7337387800216675,0.7718491554260254,0.752311646938324
717,من أين يتم إفراز الإريثروبويتين؟,الكلى,الكلية,الكلى,الكلية,0.7307485938072205,0.7507182359695435,0.7405988574028015
718,ما الجزء من الأجسام الضدية من IgG التي يتم قطعها وأخذها في المراكز الحديثة؟,الجزء Fc,الجزء المفرط التغير,الجزء Fc,الجزء المفرط التغير,0.7082738876342773,0.6683996915817261,0.6877593398094177
719,ما الذي يؤدي إلى نقصان حجم الدفقة بزيادته؟,الحمل اللاحق,معدل دقات القلب.,الحمل اللاحق,معدل دقات القلب.,0.6869029998779297,0.7123588919639587,0.6993993520736694
720,ما تدعى الترنجات العشوائية لشدة الإشعاع المترابط المنتشرة انتشاراً متعدداً؟,ترنجات رالي,البقع,ترنجات رالي,البقع,0.7222538590431213,0.7479715943336487,0.7348878383636475
721,ما هو المسؤول عن إعادة الاستقطاب؟,تدفق البوتاسيوم إلى الخارج,دخول شوارد الصوديوم,تدفق البوتاسيوم إلى الخارج,دخول شوارد الصوديوم,0.7668297290802002,0.778780460357666,0.7727588415145874
722,ما هي المادة التي تشتق منها الهرمونات الأمينية؟,التيروسين,التيروزين,التيروسين,التيروزين,0.9547090530395508,0.9547090530395508,0.9547090530395508
723,كيف يؤدي التأثير الحاصر غير المباشر تأثيره على الجهاز العصبي المستقل؟,عن طريق منع تحلل الأستيل كولين,إنقاص فعالية العصبون قبل المشبكي,عن طريق منع تحلل الأستيل كولين,إنقاص فعالية العصبون قبل المشبكي,0.756147027015686,0.7454098463058472,0.7507400512695312
724,ما هو الطريق الهندسي الذي يمكن للضوء أن يقطعه في الخلاء مضروبا بقرينة انكسار الوسط؟,الطريق البصري,المسار الضوئي,الطريق البصري,المسار الضوئي,0.8085828423500061,0.7989404797554016,0.8037327527999878
725,ما هي الألياف العصبية التي تتميز بالنقل القفزي؟,الألياف الميالينية,الألياف المغمدة بالنخاعين,الألياف الميالينية,الألياف المغمدة بالنخاعين,0.8441554307937622,0.7752715349197388,0.8082485198974609
726,ما هو الكمون تقريباً عندما يتكون الليف نفوذ لشوارد البوتاسيوم فقط؟,-90 ميلي فولت,سالب 94 ميلي فولط,-90 ميلي فولت,سالب 94 ميلي فولط,0.7346958518028259,0.6896963119506836,0.7114852666854858
727,ماذا ينقص في حال نقص المتناول من الماء؟,جفاف,حجم البول,جفاف,حجم البول,0.7576782703399658,0.7389280796051025,0.7481857538223267
728,ما هو الجزء الذي يملك فعالية ATPase؟,رأس الميوزين,رأس الميوزين,رأس الميوزين,رأس الميوزين,1.0,1.0,1.0
729,أين يوجد مركز العطش؟,الوطاء,الوطاء,الوطاء,الوطاء,0.9999996423721313,0.9999996423721313,0.9999996423721313
730,أين يحدث الامتصاص بشكل رئيسي؟,الأمعاء الدقيقة,أمعاء دقيقة,الأمعاء الدقيقة,أمعاء دقيقة,0.7675108313560486,0.8150712251663208,0.7905764579772949
731,ما هو الناقل العصبي الذي تحرره الألياف قبل العقدية في القسمين الودي ونظير الودي؟,أستيل كولين,الأستيل كولين,أستيل كولين,الأستيل كولين,0.873671293258667,0.8585577607154846,0.8660486340522766
732,ما هو الصوت الذي يسمع عند بدء الانبساط البطيني؟,الصوت القلبي الثاني,الثاني,الصوت القلبي الثاني,الثاني,0.6858620643615723,0.7709569931030273,0.7259242534637451
733,ما الذي يُنقص الإفراز المعدي؟,السوماتوستاتين,السكرتين,السوماتوستاتين,السكرتين,0.7399685382843018,0.7992643117904663,0.768474280834198
734,كيف يتم إلغاء التأثير التثبيطي للتروبونين؟,ارتباط الكالسيوم بالتروبونين C,الكالسيوم,ارتباط الكالسيوم بالتروبونين C,الكالسيوم,0.7227221727371216,0.8414973020553589,0.7776003479957581
735,ما هي الوظائف التي يتآزر فيها القسمين الودّي ونظير الودّي للجهاز العصبي المستقل؟,تنظيم ضغط الدم، تنظيم درجة حرارة الجسم، التحكم في المثانة والأمعاء,تنظيم إفراز اللعاب,تنظيم ضغط الدم، تنظيم درجة حرارة الجسم، التحكم في المثانة والأمعاء,تنظيم إفراز اللعاب,0.7212093472480774,0.7763919234275818,0.7477839589118958
736,ماذا يؤدي نقص تركيز الأوكسجين في الأسناخ؟,تضيق الأوعية الرئوية,تقبض الأوعية الدموية لهذه الأسناخ.,تضيق الأوعية الرئوية,تقبض الأوعية الدموية لهذه الأسناخ.,0.8202747106552124,0.7886505722999573,0.8041518330574036
737,ما هي الظاهرة التي تحدث عندما تتجمع المراكز المثارة ويستطيع الإشعاع أن ينتشر مرات كثيرة؟,ظاهرة الليزر,الانتثار المتعدد,ظاهرة الليزر,الانتثار المتعدد,0.7122449278831482,0.68149733543396,0.6965319514274597
738,ما هو المسؤول عن تحفيز تحرر الكالسيوم من الشبكة الهيولية؟,مستقبل الريانودين,كامن الفعل,مستقبل الريانودين,كامن الفعل,0.7228240966796875,0.743756115436554,0.733140766620636
739,ما هي آلية عمل الحاصرات الغير مباشرة في الجهاز العصبي المستقل؟,منع تحرير النواقل العصبية,تنقص فعالية العصبون قبل المشبكي,منع تحرير النواقل العصبية,تنقص فعالية العصبون قبل المشبكي,0.8099650144577026,0.7728931903839111,0.7909949421882629
740,ما هو نمط المستقبلات الموجودة في العضو؟,مستقبلات حسية,إرخاء مصرة المثانة,مستقبلات حسية,إرخاء مصرة المثانة,0.7167707681655884,0.7061021327972412,0.7113964557647705
741,ما الذي يؤدي إلى انخفاض ضغط الدم عند زيادته؟,توسع الأوعية الدموية,قطر الاوعية الدموية,توسع الأوعية الدموية,قطر الاوعية الدموية,0.8453876972198486,0.8559441566467285,0.8506332039833069
742,ما هي الحالات التي تنقص فيها سرعة موجة النبض؟,تصلب الشرايين، ارتفاع ضغط الدم، الشيخوخة,بازدياد المرونة.,تصلب الشرايين، ارتفاع ضغط الدم، الشيخوخة,بازدياد المرونة.,0.6876615285873413,0.725653886795044,0.7061470746994019
743,ما هي الخلايا التي تستجيب للعصبونات بعد العقد اللاودية؟,خلايا العضلات الملساء، خلايا الغدد، خلايا القلب,الأستيل كولين,خلايا العضلات الملساء، خلايا الغدد، خلايا القلب,الأستيل كولين,0.6237417459487915,0.6516509056091309,0.6373909711837769
744,ما هو الجزء من النفرون الكتيم تماماً للماء؟,الجزء الصاعد السميك من عروة هنلي,الجزء الصاعد من عروة هانله,الجزء الصاعد السميك من عروة هنلي,الجزء الصاعد من عروة هانله,0.9043534398078918,0.9445343017578125,0.9240072965621948
745,أين يتم تخرب الكريات الحمر بشكل رئيسي؟,الطحال,الطحال,الطحال,الطحال,0.9999998807907104,0.9999998807907104,0.9999998807907104
746,ما هو العامل الأساسي الذي يحدد ارتباط الخضاب بالأوكسجين؟,الضغط الجزئي للأوكسجين,ضغط الأوكسجين في الدم.,الضغط الجزئي للأوكسجين,ضغط الأوكسجين في الدم.,0.8216750621795654,0.859979510307312,0.8403910398483276
747,ما هو العامل الذي تفرزه الكلية ويؤثر في تشكيل الكريات الحمر؟,الإريثروبويتين,التروميو موديولين,الإريثروبويتين,التروميو موديولين,0.7553943395614624,0.7558333873748779,0.7556137442588806
748,إلام يؤدي زيحان منحنى تفارق الأكسجين الخضاب نحو اليمين؟,نقص ألفة الخضاب للأكسجين,نقص النسبة المئوية لإشباع الخضاب بالأكسجين,نقص ألفة الخضاب للأكسجين,نقص النسبة المئوية لإشباع الخضاب بالأكسجين,0.8908854722976685,0.805905282497406,0.8462673425674438
749,ما الذي يشكل غمد النخاعين في الجهاز العصبي المركزي؟,الخلايا الدبقية قليلة التغصن,الخلايا الدبقية قليلة التغصنات,الخلايا الدبقية قليلة التغصن,الخلايا الدبقية قليلة التغصنات,0.9823755025863647,0.9823755025863647,0.9823755025863647
750,ما الذي يثبط إفراز الـ FSH؟,الإنهيبين,البروجسترون,الإنهيبين,البروجسترون,0.8278735280036926,0.8337649703025818,0.8308088183403015
751,ماذا تمثل الموجة QRS؟,إزالة استقطاب البطينين,زوال استقطاب البطينين,إزالة استقطاب البطينين,زوال استقطاب البطينين,0.9123361110687256,0.9298392534255981,0.9210045337677002
752,ما الذي يعتمد عليه هرمون النمو في تأثيره على الخلية الهدف؟,مستقبلات سطح الخلية,السوماتوميدين,مستقبلات سطح الخلية,السوماتوميدين,0.6871423721313477,0.7038687467575073,0.6954050064086914
753,ما الذي يضمن سرعة توصيل كامن الفعل إلى جميع أنحاء الليف العضلي؟,الأنابيب المستعرضة,انابيب المستعرضة,الأنابيب المستعرضة,انابيب المستعرضة,0.8706992268562317,0.8748528361320496,0.872771143913269
754,ما الذي يسمع بوضوح في الحالة الطبيعية للإنسان؟,صوت القلب الأول والثاني,الصوتان الأول و الثاني,صوت القلب الأول والثاني,الصوتان الأول و الثاني,0.7744830846786499,0.7894651889801025,0.7819023728370667
755,ماذا يحدث لمعدل الترشيح الكبيبي عندما يصبح ضغط الدم 100 ممز؟,يقل,يبقي ثابتا,يقل,يبقي ثابتا,0.8049900531768799,0.7619488835334778,0.7828783988952637
756,ما هو المستوى الذي يعد عليه تنظيم الضغط الشرياني؟,جذع الدماغ,الأجهزة,جذع الدماغ,الأجهزة,0.6990118026733398,0.7500632405281067,0.7236382961273193
757,ما الذي يثبط فعالية جهاز الهضم؟,الجهاز العصبي الودي,التنبيه اللاودي.,الجهاز العصبي الودي,التنبيه اللاودي.,0.7553442120552063,0.75504070520401,0.7551923990249634
758,ما هي الأسباب التي تُعزى إليها ظاهرة الانتشار الخلفي المترابط؟,التشتت، الانعكاس، الامتصاص، الانكسار,تموضع ضعيف,التشتت، الانعكاس، الامتصاص، الانكسار,تموضع ضعيف,0.6254687309265137,0.6703725457191467,0.6471426486968994
759,ما الذي يحدث مباشرة قبل صوت القلب الثاني؟,إغلاق الصمامين الأبهري والرئوي,الموجة T.,إغلاق الصمامين الأبهري والرئوي,الموجة T.,0.6281777620315552,0.6785023808479309,0.6523709893226624
760,ما هو الأنزيم المعوي الذي يحول مولد التربسين إلى تربسين؟,إنتروكيناز,الإنتيروكيناز,إنتروكيناز,الإنتيروكيناز,0.7967919707298279,0.7960637807846069,0.7964277863502502
761,ما هي أهمية التأخير الذي يحدث أثناء مرور كامن الفعل في العقدة الأذينية البطينية؟,إعطاء وقت لملء البطينين,كل ما سبق صحيح.,إعطاء وقت لملء البطينين,كل ما سبق صحيح.,0.6378039717674255,0.6786009073257446,0.6575703024864197
762,ما هو سبب ظهور طور الهضبة في كامن فعل العضلة القلبية؟,تدفق الكالسيوم للداخل,دخول شوارد الكالسيوم.,تدفق الكالسيوم للداخل,دخول شوارد الكالسيوم.,0.8332528471946716,0.8680388927459717,0.8502901792526245
763,ما الأقنية التي يسبب انتفاحها بطور الهضبة في كمون عمل الليف العضلي القلبي؟,أقنية الكالسيوم من النوع L,الكالسيوم,أقنية الكالسيوم من النوع L,الكالسيوم,0.7422659993171692,0.8521115779876709,0.7934048771858215
764,ما هو المخطط الذي عبارة عن صندوق ذو قرنين ممتدين بشكل موازي للمحور الشاقولي الذي تتوزع عليه القياسات؟,مخطط الصندوق والشارب,المخطط الصندوقي,مخطط الصندوق والشارب,المخطط الصندوقي,0.811062216758728,0.860931396484375,0.835253119468689
765,ما هو المقياس الذي يسمح بترتيب السمات دون اعتبار لتساوي الفروق بين أي رتبتين؟,المقياس الترتيبي,الرتبي,المقياس الترتيبي,الرتبي,0.7493730783462524,0.7809829711914062,0.7648515701293945
766,ماذا يعني أن تكون قيمة معامل الارتباط تساوي −0.92؟,ارتباط سلبي قوي جداً,وجود علاقة عكسية قوية,ارتباط سلبي قوي جداً,وجود علاقة عكسية قوية,0.8351294994354248,0.8493185639381409,0.8421642780303955
767,ما هي مصادر البيانات السكانية؟,التعدادات، المسوحات، السجلات الحيوية,التعداد ومسوح العينة والسجلات السكانية,التعدادات، المسوحات، السجلات الحيوية,التعداد ومسوح العينة والسجلات السكانية,0.8244234323501587,0.8330633640289307,0.8287208676338196
768,ماذا نحصل عليه بعد تحديد مجتمع الدراسة والعينة وقياس قيم المتغير على أفراد العينة؟,البيانات,البيانات الخام,البيانات,البيانات الخام,0.8651345372200012,0.7627497911453247,0.8107224106788635
769,ما هو نوع المتغير الذي يمثله عدد الكريات الحمر؟,متغير كمي مستمر,عشوائي منفصل,متغير كمي مستمر,عشوائي منفصل,0.7320893406867981,0.7188699245452881,0.7254194617271423
770,ما هو المقياس الذي تكون فيه قيمة الصفر نسبية وليست مطلقة؟,مقياس الفترة,المقياس الفتروي,مقياس الفترة,المقياس الفتروي,0.7821087837219238,0.7303494811058044,0.755343496799469
771,ما هو مخطط تنظيم البيانات الذي يشبه أسلوب الجداول التكرارية والأعمدة؟,المدرج التكراري,مخطط الساق والورقة,المدرج التكراري,مخطط الساق والورقة,0.7506989240646362,0.7285230159759521,0.7394447922706604
772,ما هو التوقع الرياضي للعدد الثابت؟,العدد الثابت نفسه,العدد الثابت ذاته,العدد الثابت نفسه,العدد الثابت ذاته,0.9377979040145874,0.9190307259559631,0.9283194541931152
773,ما هو التوزيع المستخدم من أجل اختبار الفروض حول معامل الارتباط الخطي؟,توزيع ت,ستيودنت بدرجة حرية n-2,توزيع ت,ستيودنت بدرجة حرية n-2,0.7187944650650024,0.692595362663269,0.7054517269134521
774,ما هو الإحصاء الذي يسعى لعرض وتوضيح سلوك الظاهرة؟,الإحصاء الوصفي,إحصاء وصفي,الإحصاء الوصفي,إحصاء وصفي,0.8102316856384277,0.8525623679161072,0.8308582305908203
775,ما هو الغرض الرئيسي من حساب معامل الارتباط الخطي؟,قياس قوة واتجاه العلاقة الخطية بين متغيرين,قياس قوة العلاقة الخطية بين متغيرين,قياس قوة واتجاه العلاقة الخطية بين متغيرين,قياس قوة العلاقة الخطية بين متغيرين,0.9349526762962341,0.9792932271957397,0.9566094875335693
776,ما هو الخط المنكسر الذي يصل النقاط التي فواصلها مراكز الفئات وترتيبها تكرارات الفئات؟,المضلع التكراري,المضلع التكراري,المضلع التكراري,المضلع التكراري,0.9999998211860657,0.9999998211860657,0.9999998211860657
777,من أين نحصل على المصادر الداخلية لجمع البيانات؟,السجلات الطبية للمرضى,داخل الشركة أو المؤسسة,السجلات الطبية للمرضى,داخل الشركة أو المؤسسة,0.6932750940322876,0.6929643750190735,0.6931197047233582
778,ما هو الإحصاء؟,علم جمع وتحليل وتفسير البيانات,أي دالة في العينة لا تتبع وسيط مجهول,علم جمع وتحليل وتفسير البيانات,أي دالة في العينة لا تتبع وسيط مجهول,0.6557047963142395,0.6426231265068054,0.6490980386734009
779,ماذا يحتسب اليوم إذا قُبل المريض في يوم وتخرج في نفس اليوم؟,يوم واحد للمريض,مدة استشفاء,يوم واحد للمريض,مدة استشفاء,0.7031463384628296,0.7092276811599731,0.7061738967895508
780,ما هي طريقة جمع البيانات التي تتناسب مع الأطفال؟,الملاحظة,الملاحظة,الملاحظة,الملاحظة,0.9999999403953552,0.9999999403953552,0.9999999403953552
781,ما هي الدراسات التي بحكم الميدان تنفيذ العمل وجمع البيانات؟,الدراسات الميدانية,الدراسات الكيفية,الدراسات الميدانية,الدراسات الكيفية,0.8650387525558472,0.8884274959564209,0.8765771389007568
782,ما هو الغرض من استخدام الجداول التكرارية؟,تنظيم البيانات وتلخيصها,البيانات الوصفية والكمية,تنظيم البيانات وتلخيصها,البيانات الوصفية والكمية,0.791244387626648,0.7519904375076294,0.7711181640625
783,ما هما نوعا البيانات الموجودان؟,بيانات نوعية وكمية,كمية ووصفية,بيانات نوعية وكمية,كمية ووصفية,0.8538687229156494,0.8401376605033875,0.8469475507736206
784,ما الذي تعطينا إياه دالة التوزيع الاحتمالي المتجمع؟,احتمال أن يكون المتغير العشوائي أقل من أو يساوي قيمة معينة,احتمال ان ياخد المتغير العشوائى x قيمه اقل او تساوى قيمه محددة,احتمال أن يكون المتغير العشوائي أقل من أو يساوي قيمة معينة,احتمال ان ياخد المتغير العشوائى x قيمه اقل او تساوى قيمه محددة,0.8133668899536133,0.7614421844482422,0.7865484952926636
785,كل متى يتكرر التعداد السكاني عادة؟,كل عشر سنوات,عشرة أعوام,كل عشر سنوات,عشرة أعوام,0.8102680444717407,0.7879728078842163,0.7989648580551147
786,ما هو الفارق في عدد السكان بين تعدادين متعاقبين تفصلهما فترة معينة كعشر سنوات؟,النمو السكاني,التغير المطلق,النمو السكاني,التغير المطلق,0.7477279901504517,0.731888473033905,0.7397234439849854
787,ما هو المسجل الذي يهدف إلى تجميع المعلومات عن المرضى؟,السجل السريري,السجلات الطبية,السجل السريري,السجلات الطبية,0.805967390537262,0.8314774036407471,0.8185237050056458
788,ما هي من أقدم الطرق المستخدمة لجمع البيانات لمراقبة الكثير من الظواهر لا سيما التي يصعب السؤال عنها؟,الملاحظة,الملاحظة أو المشاهدة,الملاحظة,الملاحظة أو المشاهدة,0.6941079497337341,0.6460587382316589,0.6692219972610474
789,ما هو المقياس المستخدم لوصف حالة التدخين (مدخن - غير مدخن)؟,مقياس برينر,الاسمي,مقياس برينر,الاسمي,0.6740062236785889,0.715015172958374,0.6939053535461426
790,ما هي الطريقة التي يتم بها الحصول على بيانات تتعلق بضغط الدم وسرعة نبضات القلب ونسبة الكوليسترول في الدم لعينة من المرضى خلال فترة أسبوع؟,دراسة مقطعية,التسجيل,دراسة مقطعية,التسجيل,0.7509000301361084,0.7625466585159302,0.7566785216331482
791,ما هي وظائف السجلات الطبية؟,توثيق رعاية المرضى، التواصل، التخطيط، البحث، التعليم، التقييم، الجوانب القانونية,ترميز الامراض والعمليات .,توثيق رعاية المرضى، التواصل، التخطيط، البحث، التعليم، التقييم، الجوانب القانونية,ترميز الامراض والعمليات .,0.7012125253677368,0.7527060508728027,0.7260474562644958
792,ما هو المقياس الذي يمكن استخدام الطرق الإحصائية الوسيطية فيه؟,المقياس الفتري,النسبي,المقياس الفتري,النسبي,0.7910301685333252,0.8126335144042969,0.8016863465309143
793,ما هو التوزيع الذي يتبعه مربع المتغير العشوائي Z² إذا كان للمتغير العشوائي Z توزيع طبيعي معياري؟,توزيع كاي تربيع,توزيع كاي مربع بدرجة حرية واحدة,توزيع كاي تربيع,توزيع كاي مربع بدرجة حرية واحدة,0.8253010511398315,0.7479848861694336,0.7847431898117065
794,ما هي المنظمة التي وضعت التصنيف الدولي للأمراض؟,منظمة الصحة العالمية,منظمة الصحة العالمية .,منظمة الصحة العالمية,منظمة الصحة العالمية .,0.8441137075424194,0.8316517472267151,0.8378363847732544
795,ما هي الجهة المسؤولة عن السجلات الطبية؟,إدارة المعلومات الصحية,قسم السجلات الطبية في المشفى,إدارة المعلومات الصحية,قسم السجلات الطبية في المشفى,0.7631199359893799,0.6979241967201233,0.7290675044059753
796,ما هو التوقع الرياضي لمتحول عشوائي يخضع لتوزيع برنولي؟,p,P,p,P,0.8484067320823669,0.8484067320823669,0.8484067320823669
797,ما هو التصنيف الدولي للأمراض؟,تصنيف إحصائي للأمراض والمشاكل الصحية ذات الصلة,ثلاثة أجزاء .,تصنيف إحصائي للأمراض والمشاكل الصحية ذات الصلة,ثلاثة أجزاء .,0.5664891004562378,0.6741358041763306,0.6156423091888428
798,ما هو المستقيم الذي يكون منحنى التوزيع الطبيعي المعياري مناظراً حوله؟,المحور الصادي,x=0,المحور الصادي,x=0,0.6253869533538818,0.614415168762207,0.6198525428771973
799,ما هي أيام الخدمة الإجمالية للمرضى الداخليين؟,أيام المريض,مجموع خدمة جميع المرضى الداخليين خلال مدة معينة,أيام المريض,مجموع خدمة جميع المرضى الداخليين خلال مدة معينة,0.727700412273407,0.6918841004371643,0.7093404531478882
800,ما هي قيمة معامل التجديد؟,0 إلى 1,مربع معامل الارتباط الخطي,0 إلى 1,مربع معامل الارتباط الخطي,0.6268877983093262,0.630272388458252,0.6285755634307861
801,ما هي وحدة المعاينة؟,العينة,عنصر من العينة,العينة,عنصر من العينة,0.886703610420227,0.828052818775177,0.8563751578330994
802,ما هو الجدول التكراري الذي يضم عدد البيانات في فئة معينة وكل الفئات التي تسبقها؟,التكرار التراكمي,تكرار المجتمع الصاعد,التكرار التراكمي,تكرار المجتمع الصاعد,0.8003107905387878,0.80783611536026,0.8040558695793152
803,ما هو معدل الوفيات في المشفى؟,معدل الوفيات الخام,عدد الوفيات خلال فترة زمنية محددة على عدد المتخرجين والوفيات في نفس الفترة مضروب بـ 100,معدل الوفيات الخام,عدد الوفيات خلال فترة زمنية محددة على عدد المتخرجين والوفيات في نفس الفترة مضروب بـ 100,0.7836229801177979,0.699718177318573,0.7392975091934204
804,ما هو متوسط التوزيع الاحتمالي في تجربة رمي قطعة نقود 3 مرات متتالية حيث x تدل على عدد ظهور H؟,1.5,1.5,1.5,1.5,1.0,1.0,1.0
805,ما هو المجتمع الإحصائي (الجمهرة)؟,مجموعة كاملة من العناصر أو الأفراد,التي تشترك فيما بينها ببعض الخواص والمميزات,مجموعة كاملة من العناصر أو الأفراد,التي تشترك فيما بينها ببعض الخواص والمميزات,0.6802140474319458,0.6390411853790283,0.6589851379394531
806,ما هو الرسم البياني الذي يتكون من مجموعة من الأعمدة المتجاورة المقامة على المحور الأفقي الذي تمثل عليه حالات الصفة المدروسة عندما تكون البيانات وصفية وفترات الفئات عندما تكون البيانات كمية ويساوي ارتفاع كل عمود تكرارات الفئة المقام عليها؟,المدرج التكراري,المدرج التكراري,المدرج التكراري,المدرج التكراري,1.0,1.0,1.0
807,ما هي طريقة جمع البيانات التي من أمثلتها قياس شدة تأثير نوع من الهرمونات في مجموعة من الفئران؟,التجربة,التجربة,التجربة,التجربة,0.9999998807907104,0.9999998807907104,0.9999998807907104
808,ما نوع المتغير الذي يمثله طول شخص بالغ وقياس السكر في الدم؟,متغير كمي مستمر,عشوائي مستمر,متغير كمي مستمر,عشوائي مستمر,0.7998773455619812,0.7745696306228638,0.7870201468467712
809,متى يكون المجتمع غير متجانس في العينة غير العشوائية؟,عند وجود اختلافات كبيرة بين أفراد المجتمع,الحصصية,عند وجود اختلافات كبيرة بين أفراد المجتمع,الحصصية,0.6326392889022827,0.6265888214111328,0.6295995116233826
810,ما الذي يعتمد عليه توزيع ستيودنت؟,درجات الحرية,درجة الحرية,درجات الحرية,درجة الحرية,0.8982570767402649,0.9223361015319824,0.9101373553276062
811,ما هي محتويات السجل الطبي؟,معلومات المريض، التاريخ الطبي، نتائج الفحوصات، التشخيص، خطة العلاج، الملاحظات السريرية,صفحة الموافقة على العلاج,معلومات المريض، التاريخ الطبي، نتائج الفحوصات، التشخيص، خطة العلاج، الملاحظات السريرية,صفحة الموافقة على العلاج,0.694756031036377,0.7434185743331909,0.7182639837265015
812,ما هو التصنيف الدولي للأمراض وما الغرض من الرموز والأرقام المستخدمة فيه؟,تصنيف الأمراض والوفيات لأغراض إحصائية ووبائية,عن الامراض .,تصنيف الأمراض والوفيات لأغراض إحصائية ووبائية,عن الامراض .,0.644318699836731,0.7222134470939636,0.6810460686683655
813,ما نوع العينة التي نسحبها إذا كنا أمام مجتمع غير متجانس؟,عينة طبقية,طبقية,عينة طبقية,طبقية,0.860490083694458,0.9074864983558655,0.883363664150238
814,ما هو الغرض من استخدام الجداول التكرارية في عرض البيانات؟,تنظيم وتلخيص البيانات,الكمية والاسمية,تنظيم وتلخيص البيانات,الكمية والاسمية,0.6568450927734375,0.6694055199623108,0.6630659103393555
815,ما هي الطريقة التي يتم بها الحصول على بيانات تتعلق بضغط الدم ونسبة الكوليسترول بالدم لعينة من المرضى خلال فترة زمنية معينة؟,دراسة طولية,الملاحظة أو المشاهدة,دراسة طولية,الملاحظة أو المشاهدة,0.7284195423126221,0.6501242518424988,0.6870484948158264
816,ما هي أعلى مستويات القياس؟,مقياس النسبة,المقياس الرتبي,مقياس النسبة,المقياس الرتبي,0.8312220573425293,0.8256441354751587,0.8284236788749695
817,ما هو الهدف من تغيير الطرائق في الدراسات بالنسبة للبيانات؟,تحسين جودة البيانات,أفضل دقة ممكنة,تحسين جودة البيانات,أفضل دقة ممكنة,0.7220951318740845,0.7066782712936401,0.7143035531044006
818,ما هي طريقة جمع البيانات التي تمتاز بالتكلفة العالية؟,المسح السكاني الشامل,المقابلة الشخصية,المسح السكاني الشامل,المقابلة الشخصية,0.700363278388977,0.705196738243103,0.7027716636657715
819,ما هو الفارق في عدد السكان بين تعدادين متعاقبين تفصلهما فترة معينة كعشر سنوات؟,النمو السكاني,التغير المطلق,النمو السكاني,التغير المطلق,0.7477279901504517,0.731888473033905,0.7397234439849854
820,ما هو الجزء من الإحصاء الذي يعنى بوصف طبيعة وسلوك الظاهرة المدروسة وعرضها؟,الإحصاء الوصفي,الإحصاء الوصفي,الإحصاء الوصفي,الإحصاء الوصفي,0.9999998807907104,0.9999998807907104,0.9999998807907104
821,ما هي الفئة التي تشكل قاعدة الهرم السكاني؟,صغار السن,الأطفال,صغار السن,الأطفال,0.6882510185241699,0.7656950950622559,0.7249104976654053
822,ما هي فرضية العدم لاختبار الفرضيات حول معامل الارتباط الخطي لبيرسون؟,لا يوجد ارتباط خطي,قيمة معامل ارتباط المجتمع تساوي الصفر,لا يوجد ارتباط خطي,قيمة معامل ارتباط المجتمع تساوي الصفر,0.7353297472000122,0.6898959875106812,0.7118886709213257
823,ما هو التكرار المتجمع الهابط لفئة معينة؟,عدد القيم الأكبر من الحد الأعلى للفئة,عدد البيانات في الفئة والفئات التي تليها,عدد القيم الأكبر من الحد الأعلى للفئة,عدد البيانات في الفئة والفئات التي تليها,0.7141962051391602,0.6999047994613647,0.7069782614707947
824,ما هو التوزيع الذي تتبعه التجربة الثنائية الوحيدة؟,توزيع برنولي,البرنولي,توزيع برنولي,البرنولي,0.7467722296714783,0.7734268307685852,0.7598658204078674
825,ما هو نتاج العوامل المؤثرة في النمو السكاني من مواليد ووفيات وهجرة؟,التغير السكاني,التركيب العمري,التغير السكاني,التركيب العمري,0.7929486036300659,0.8213287591934204,0.8068892359733582
826,ما هو المقياس المستخدم لقياس خضاب الدم؟,غرام لكل ديسيلتر,النسبي,غرام لكل ديسيلتر,النسبي,0.6986278295516968,0.7238613367080688,0.7110207080841064
827,ما هو نوع المصدر الذي تمثله البيانات التي نحصل عليها من الشركة أو المؤسسة من واقع مستنداتها وسجلاتها وفواتيرها وتقاريرها الدورية؟,بيانات داخلية,داخلي,بيانات داخلية,داخلي,0.8574134111404419,0.8886560201644897,0.872755229473114
828,ما هي الجهة المسؤولة عن السجلات الطبية؟,إدارة المعلومات الصحية,قسم السجلات الطبيه فى المشفى,إدارة المعلومات الصحية,قسم السجلات الطبيه فى المشفى,0.7278792262077332,0.6602681875228882,0.6924272179603577
829,ما هو نوع الإحصاء الذي يتضمن جمع البيانات وتنظيمها وتوصيفها وتبويبها وتلخيصها؟,الإحصاء الوصفي,الوصفي,الإحصاء الوصفي,الوصفي,0.8409165143966675,0.8629950284957886,0.8518127202987671
830,ما نوع العينة التي تمثلها مجموعة من المرضى الذين يراجعون طبيباً معيناً عندما يجري عليهم دراسة؟,عينة ملائمة,مصادفة,عينة ملائمة,مصادفة,0.7491247653961182,0.758957028388977,0.7540088295936584
831,ما نوع العلاقة إذا كانت قيمة بيرسون R=0.92؟,علاقة إيجابية قوية جداً,طردية قوية,علاقة إيجابية قوية جداً,طردية قوية,0.8118444681167603,0.8263717293739319,0.8190436363220215
832,ما هي وحدة المعاينة؟,العينة,عنصر من العينة,العينة,عنصر من العينة,0.886703610420227,0.828052818775177,0.8563751578330994
833,ما هي الطريقة التي يتم بها الحصول على بيانات تتعلق بضغط الدم وسرعة نبضات القلب ونسبة الكولسترول في الدم لعينة من المرضى خلال فترة أسبوع؟,دراسة مقطعية,الملاحظة أو المشاهدة,دراسة مقطعية,الملاحظة أو المشاهدة,0.7193745374679565,0.6877711415290833,0.7032179236412048
834,ما نوع الارتباط بين المتغير العشوائي X والمتغير التابع Y إذا كان تزايد X يؤدي إلى تزايد Y؟,ارتباط إيجابي,إيجابي,ارتباط إيجابي,إيجابي,0.8971599340438843,0.9203157424926758,0.9085903167724609
835,"ماذا تعبر عنه العبارة ""احتمال أي حدث لا يزيد عن الواحد""؟",مسلمة الاحتمال,المسلمة الاحتمالية,مسلمة الاحتمال,المسلمة الاحتمالية,0.8706458806991577,0.8572129011154175,0.8638771772384644
836,ما تسمى الظاهرة التي يحدث فيها انحدار معدل أطوال الأبناء من معامل المجتمع؟,الانحدار نحو المتوسط,الانحدار نحو المعدل,الانحدار نحو المتوسط,الانحدار نحو المعدل,0.922096848487854,0.884236216545105,0.9027697443962097
837,ما هي التقديرات التي تستخدم لتقدير نسبة النجاح لمجتمع؟,تقديرات النقطة والفاصلة,التقدير النقطي,تقديرات النقطة والفاصلة,التقدير النقطي,0.7216881513595581,0.7275868654251099,0.7246254682540894
838,ما نوع المتغير العشوائي الذي يدل على عدد القذفات عند قذف قطعة نقود حتى يظهر الوجه H للمرة الأولى؟,متغير عشوائي هندسي,متقطع قيمة الاعداد الطبيعية,متغير عشوائي هندسي,متقطع قيمة الاعداد الطبيعية,0.736616313457489,0.7585222125053406,0.7474088072776794
839,ما هو متوسط عدد الأطفال الذي يمكن أن تنجبهم المرأة أحياء إذا أمضت حياتها منذ ميلادها بما يتماشى مع معدلات الخصوبة العمرية في سنة معينة؟,معدل الخصوبة الكلي,معدل الخصوبة الكلية,معدل الخصوبة الكلي,معدل الخصوبة الكلية,0.9703401327133179,0.9703401327133179,0.9703401327133179
840,ما هي الطريقة التي تمكننا من مراقبة رد الفعل على بعض الأسئلة والحصول على إجابات دقيقة؟,الاستبيان,المواجهة,الاستبيان,المواجهة,0.8268749713897705,0.8222963213920593,0.8245792388916016
841,ما هو نوع البيانات المستخدمة لإنشاء الجدول التكراري؟,بيانات كمية,كمية و وصفية,بيانات كمية,كمية و وصفية,0.873319149017334,0.8521818518638611,0.862621009349823
842,ما هي طبيعة الأفراد أو العناصر التي تشكل المجتمع الإحصائي؟,مجموعة من الكائنات أو القياسات,التي تشترك فيما بينها ببعض الخواص والمميزات,مجموعة من الكائنات أو القياسات,التي تشترك فيما بينها ببعض الخواص والمميزات,0.6877878904342651,0.6506677865982056,0.6687130928039551
843,ما هو عدد الكريات الحمر في الجسم؟,4.5-5.5 مليون/ميكروليتر,عشوائي منفصل,4.5-5.5 مليون/ميكروليتر,عشوائي منفصل,0.5761383771896362,0.6520026922225952,0.6117273569107056
844,ما هو معدل وفيات الأمهات الذي يحسب بقسمة عدد الوفيات لدى النساء الحوامل التي حدثت أثناء الحمل أو الولادة أو النفاس على عدد المواليد الأحياء خلال نفس السنة مضروباً في 100000؟,معدل وفيات الأمهات,معدل وفيات الأمهات,معدل وفيات الأمهات,معدل وفيات الأمهات,1.0,1.0,1.0
845,ما هي المعدلات التي يكون تركيزها على معدلات الخصوبة لفئة معينة من العمر لغرض المقارنة على امتداد زمن ما ودراسة الفروق في ظاهرة الخصوبة بمختلف الأعمار؟,معدلات الخصوبة العمرية النوعية,معدل الخصوبة العمري,معدلات الخصوبة العمرية النوعية,معدل الخصوبة العمري,0.8974834680557251,0.9188776612281799,0.908054530620575
846,ما هي العلاقة بين المتغيرين عندما يؤدي تزايد المتغير العشوائي x إلى تناقص المتغير التابع y؟,علاقة عكسية,سلبي,علاقة عكسية,سلبي,0.7863503694534302,0.8008262515068054,0.7935223579406738
847,ما هو المقياس المستخدم لوصف حالة التدخين (مدخن / غير مدخن)؟,مقياس برينر,مقياس اسمي,مقياس برينر,مقياس اسمي,0.8267839550971985,0.8610348105430603,0.8435618281364441
848,ما هي الشروط التي يجب توفرها في مجموعة من المتغيرات العشوائية لتشكل عينة عشوائية؟,مستقلة ومتطابقة التوزيع,مستقلة ولها قانون التوزيع نفسه,مستقلة ومتطابقة التوزيع,مستقلة ولها قانون التوزيع نفسه,0.7787724733352661,0.8064918518066406,0.7923898100852966
849,ما هو المستوى الذي يمكن حساب فيه المتوسطات والانحرافات المعيارية ومقاييس العلاقة الخطية؟,المستوى الفتري والنسبي,العنقودي,المستوى الفتري والنسبي,العنقودي,0.6693165302276611,0.6810706257820129,0.6751424670219421
850,كم يتراوح عدد الفئات غالباً؟,6-12,بين 5 و15 فئة,6-12,بين 5 و15 فئة,0.700497567653656,0.6846449375152588,0.6924805045127869
851,ما هي فرضية العدم لاختبار الفرضيات حول معامل الارتباط الخطي لبيرسون؟,لا يوجد ارتباط خطي,قيمة معامل ارتباط المجتمع تساوي الصفر,لا يوجد ارتباط خطي,قيمة معامل ارتباط المجتمع تساوي الصفر,0.7353297472000122,0.6898959875106812,0.7118886709213257
852,ما هو معدل الوفيات الخام؟,عدد الوفيات لكل 1000 شخص في السنة,عدد الوفيات لكل الف من السكان في سنة معينة,عدد الوفيات لكل 1000 شخص في السنة,عدد الوفيات لكل الف من السكان في سنة معينة,0.885779619216919,0.8335703015327454,0.8588823080062866
853,ما هي الجهة المسؤولة عن السجلات الطبية؟,إدارة المعلومات الصحية,قسم السجلات الطبية في المستشفى,إدارة المعلومات الصحية,قسم السجلات الطبية في المستشفى,0.7603901624679565,0.6922948360443115,0.7247464656829834
854,ما هو الغرض من استخدام مخطط الانتشار في الدراسة الإحصائية بين خاصتين؟,تحديد العلاقة بين متغيرين,متغيرين,تحديد العلاقة بين متغيرين,متغيرين,0.759838879108429,0.8431842923164368,0.7993448972702026
855,ما هو التوقع الرياضي لمجموع متغيرين عشوائيين؟,مجموع التوقعات الرياضية,مجموع التوقعين الرياضيين للمتغيرين العشوائيين,مجموع التوقعات الرياضية,مجموع التوقعين الرياضيين للمتغيرين العشوائيين,0.8884685039520264,0.7498196959495544,0.8132771253585815
856,ما هو التكرار المتجمع الصاعد لفئة معينة؟,مجموع تكرارات الفئات التي تقل عن الحد الأعلى لتلك الفئة,عدد البيانات المتضمنة في الفئة والفئات التي تسبقها,مجموع تكرارات الفئات التي تقل عن الحد الأعلى لتلك الفئة,عدد البيانات المتضمنة في الفئة والفئات التي تسبقها,0.7406835556030273,0.7387102246284485,0.7396955490112305
857,ما هي المنطقة التي تتألف من قيم دالة الاختبار قليلة الاحتمال عندما Ho صحيحة؟,المنطقة الحرجة,منطقة الرفض,المنطقة الحرجة,منطقة الرفض,0.8387882113456726,0.8387882113456726,0.8387882113456726
858,ما هو المجتمع الإحصائي؟,جميع الأفراد أو العناصر ذات الاهتمام,التي تشترك فيما بينها ببعض الخواص والميزات,جميع الأفراد أو العناصر ذات الاهتمام,التي تشترك فيما بينها ببعض الخواص والميزات,0.6896301507949829,0.6392227411270142,0.6634703874588013
859,ما الذي يقوم عليه الإحصاء الاستنتاجي؟,نظرية الاحتمالات,على اتخاذ القرارات والتنبؤ والاستقرار والاستدلال,نظرية الاحتمالات,على اتخاذ القرارات والتنبؤ والاستقرار والاستدلال,0.7361432313919067,0.654137134552002,0.6927216053009033
860,ما هي الجهة التي تصدر التصنيف الدولي للأمراض؟,منظمة الصحة العالمية,منظمة الصحة العالمية,منظمة الصحة العالمية,منظمة الصحة العالمية,1.0,1.0,1.0
861,ما الذي تختلف تبعاً له دلالات قيم المتغيرات العشوائية؟,السياق,نوعية المقياس المستخدم,السياق,نوعية المقياس المستخدم,0.7299377918243408,0.707815945148468,0.7187066674232483
862,ما هي الطريقة التي تستخدم فيها بعض التقنيات الإلكترونية للمراقبة والعد وتسجيل الملاحظات؟,المراقبة الإلكترونية,التسجيل,المراقبة الإلكترونية,التسجيل,0.7394220232963562,0.7901771068572998,0.7639574408531189
863,ما الذي يحدد زمن حفظ السجلات الطبية؟,اللوائح الحكومية وسياسات المستشفى,حسب الأسس المتبعة محليا في كل بلد,اللوائح الحكومية وسياسات المستشفى,حسب الأسس المتبعة محليا في كل بلد,0.685524582862854,0.6812156438827515,0.6833633184432983
864,ما هو التوزيع الذي يتبعه مجموع متغيرات عينة عشوائية حجمها n من توزيع برنولي بالوسيط P؟,توزيع ذو الحدين,الثنائي,توزيع ذو الحدين,الثنائي,0.7398959398269653,0.7655121088027954,0.7524860501289368
865,ما هي مجموعة قيم المتغير العشوائي x الذي يدل على عدد أخوات طالب ما؟,الأعداد الصحيحة غير السلبية,صحيح موجب,الأعداد الصحيحة غير السلبية,صحيح موجب,0.6538547277450562,0.7378999590873718,0.6933397054672241
866,ما هو معدل المواليد الخام؟,عدد المواليد الأحياء لكل 1000 شخص في السنة,عدد المواليد الاحياء لكل ألف من السكان في سنة معينة,عدد المواليد الأحياء لكل 1000 شخص في السنة,عدد المواليد الاحياء لكل ألف من السكان في سنة معينة,0.9002518653869629,0.8791791200637817,0.8895906805992126
867,ما هي الفئة العمرية المهمة جداً من الناحية الصحية والتنموية؟,الطفولة المبكرة,فئة الأطفال,الطفولة المبكرة,فئة الأطفال,0.6532099843025208,0.7226857542991638,0.6861937642097473
868,ما هي الطريقة التي تمتاز بوصول الإجابات خلال وقت قصير وتتميز ببساطتها وقلة تكاليفها وسرعتها؟,الاستبيان,استخدام الانترنيت والمواقع الاجتماعية,الاستبيان,استخدام الانترنيت والمواقع الاجتماعية,0.7376596927642822,0.6911988854408264,0.713674008846283
869,ما هو المخطط الذي يساعد بدراسة العلاقة بين متغيرين وطبيعتها؟,مخطط التبعثر,مخطط الانتشار,مخطط التبعثر,مخطط الانتشار,0.8786756992340088,0.8783673048019409,0.8785214424133301
870,ما الذي يحدد زمن حفظ السجلات الطبية في المشفى؟,سياسة المشفى,بناء على الأسس المتبعة محلياً في كل بلد,سياسة المشفى,بناء على الأسس المتبعة محلياً في كل بلد,0.694064199924469,0.6641025543212891,0.6787528991699219
871,ما هو التوزيع الذي يستخدم في اختبار الفرضيات حول ميل خط الانحدار؟,توزيع ت,ستيودنت,توزيع ت,ستيودنت,0.6575314998626709,0.6404168605804443,0.6488613486289978
872,ما هي أسباب تفضيل أسلوب العينة على أسلوب الحصر الشامل؟,توفير الوقت والجهد والمال,صعوبة حصر افراد المجتمع,توفير الوقت والجهد والمال,صعوبة حصر افراد المجتمع,0.6761831641197205,0.7128887176513672,0.6940509676933289
873,ما هو السجل الذي يهدف إلى تجميع المعلومات عن المريض؟,السجل الطبي,السجلات الطبية .,السجل الطبي,السجلات الطبية .,0.8384202718734741,0.8482675552368164,0.8433151841163635
874,ما هو نوع التوزيع الإحصائي إذا علمت أن احتمال شفاء مريض مصاب بالزكام خلال أسبوع دون اللجوء للطبيب هو 0.6 وكان لدينا 10 مرضى بالزكام ولم يراجعوا الطبيب؟,توزيع ذو الحدين,حداني,توزيع ذو الحدين,حداني,0.7213606834411621,0.772958517074585,0.7462688088417053
875,ما هو الشريان الذي ينزف غالباً من قرحة اثني عشرية؟,الشريان المعدي الإثناعشري,المعدي العفجي.,الشريان المعدي الإثناعشري,المعدي العفجي.,0.7550409436225891,0.8253165483474731,0.7886161804199219
876,ما هي الأورام التي تعالج في القسم البعيد للمعدة؟,الأورام اللمفاوية وساركوما اللحمة المعدية المعوية,4. كل ما سبق صحيح.,الأورام اللمفاوية وساركوما اللحمة المعدية المعوية,4. كل ما سبق صحيح.,0.5732556581497192,0.6150468587875366,0.5934163928031921
877,ما هو التشخيص للآفة التي قد تسبب فقراً دموياً والنزف الحاد منها غير شائع والتي تم اكتشافها بالتنظير الهضمي العلوي لرجل عمره 55 سنة؟,آفة ديموليكس,سرطانة معدية.,آفة ديموليكس,سرطانة معدية.,0.7020465135574341,0.7518172264099121,0.7260799407958984
878,ما هي الخطوة الأولى الأهم في تدبير مريض يبلغ من العمر 32 سنة أتى لقسم الطوارئ بقصة إقياء لكميات كبيرة من الدم الأحمر القاني؟,تأمين مجرى هوائي,إنعاش بالسوائل.,تأمين مجرى هوائي,إنعاش بالسوائل.,0.7477796673774719,0.7571291923522949,0.7524254322052002
879,ما هو التشخيص المحتمل لمريضة تبلغ من العمر 45 سنة تشكو من ألم في ثديها الأيسر لمدة أسبوعين مع وجود خيط يشبه الحبل مؤلم وأودة بارزة فوقه بالفحص السريري؟,التهاب الوريد الخثاري السطحي,داء,التهاب الوريد الخثاري السطحي,داء,0.6311303377151489,0.7026535272598267,0.6649742126464844
880,ما هو التشخيص المحتمل لمريضة تبلغ من العمر 40 عاماً من أصول آسيوية وصلت إلى بريطانيا تشكو من كتلة غير مؤلمة في ثديها الأيمن منذ عدة أشهر مع نز الخراج في إبطها الأيمن الذي يشفى ويعاود من جديد؟,سرطان الثدي السليلي,سل ثدي.,سرطان الثدي السليلي,سل ثدي.,0.7257662415504456,0.7553768157958984,0.7402756214141846
881,ما هو التشخيص المحتمل لمريضة تبلغ من العمر 25 سنة راجعت بكتلة شاهدتها صدفة منذ 3 أسابيع في ثديها الأيسر ويمكن تحريك الكتلة من قبل المريضة ضمن نسيج الثدي؟,ورم غدي ليفي,غدوم ليفي.,ورم غدي ليفي,غدوم ليفي.,0.7670478820800781,0.7779074907302856,0.7724394798278809
882,ما هو التشخيص المحتمل لمريضة تبلغ من العمر 50 عاماً تعاني من ألم واحمرار في الثدي الأيمن منذ شهر وقد عولجت بالصادات لمدة أسبوعين دون تحسن وازدادت الحالة سوءاً؟,سرطان الثدي الالتهابي,سرطان التهابي.,سرطان الثدي الالتهابي,سرطان التهابي.,0.7750822305679321,0.852811872959137,0.8120912909507751
883,ما هو التشخيص المحتمل لمريضة مسنة مشخص لديها سابقاً داء هاشيموتو وتراجع بعقدة قاسية غير منتظمة في الفص الدرقي الأيمن؟,سرطان الغدة الدرقية اللاهوي,لمفوما.,سرطان الغدة الدرقية اللاهوي,لمفوما.,0.6048884391784668,0.6693719625473022,0.6354986429214478
884,ما هو التشخيص المحتمل لطفل يبلغ من العمر 12 سنة يراجع بعقدة درقية مع ضخامة عقد لمفية ناحية؟,سرطان درقي,سرطان حليمي.,سرطان درقي,سرطان حليمي.,0.8046323657035828,0.7998068332672119,0.8022122979164124
885,ما هو التشخيص المحتمل لمريضة في منتصف العمر تعاني من سلعة درقية لفترة طويلة مع تضخم الفص الأيمن أكبر من الأيسر وهي سريرياً في حالة سواء درقي؟,ورم غدي درقي سام,سلعة متعددة العقد.,ورم غدي درقي سام,سلعة متعددة العقد.,0.6589075326919556,0.6856862902641296,0.6720302700996399
886,ما هو التشخيص الأكثر احتمالاً لفتاة في الربيع الخامس تشكو من عسرة تنفس مع وجود كتلة في جوف الفم بقطر 3 سم على الخط الناصف وعلى مؤخرة اللسان؟,ورم لسان درقي,درق لسانية.,ورم لسان درقي,درق لسانية.,0.741668701171875,0.7722145318984985,0.7566334009170532
887,ما هو العلاج غير المرغوب به في حالة شابة في ربيعها الأربعين تشكو من نقص وزن مع خفقان وجحوظ في العينين مع وجود سلعة درقية متوسطة الحجم منتشرة ومتجانسة وفرط نشاط درق بدني؟,اليود المشع,المعالجة الشعاعية باليود I 131,اليود المشع,المعالجة الشعاعية باليود I 131,0.7166392803192139,0.6876910924911499,0.701866865158081
888,ما هو الإجراء الأول الذي يجب إجراؤه قبل عملية sleeve gastrectomy لمريض البدانة الذي لديه BMI يساوي 40؟,تقييم نفسي شامل,الحصول على موافقة المريض.,تقييم نفسي شامل,الحصول على موافقة المريض.,0.7058131098747253,0.7185938954353333,0.7121461033821106
889,ما هو الإجراء الأول الذي يجب إجراؤه قبل عملية Sleeve gastrectomy لمريض البدانة الذي لديه BMI يساوي 40؟,تقييم نفسي شامل,الحصول على موافقة المريض.,تقييم نفسي شامل,الحصول على موافقة المريض.,0.7058131098747253,0.7185938954353333,0.7121461033821106
890,ما هو التشخيص المحتمل لمريض عمره 25 سنة يعاني من عدم ارتياح عام ونقصان في الوزن وترفع حروري وبراز ملطخ بالدم على نحو متقطع خلال الست أسابيع الأخيرة بعد عودته من شبه القارة الهندية حيث عمل هناك لمدة ستة أشهر، مع وجود كبدية ومضض في الربع العلوي الأيمن وإيكو يظهر جوفا ناقص الصدى في الفص الكبدي الأيمن ذو حوا,خراج أميبي كبدي,خراجة كبدية زحارية.,خراج أميبي كبدي,خراجة كبدية زحارية.,0.7988375425338745,0.7992511987686157,0.7990443110466003
891,ما هو التشخيص المحتمل لمريض عمره 50 سنة يعاني من أصمية حديثة وألم في الربع العلوي الأيمن لمدة 3-4 أشهر مع فحص سريري سلبي ووظائف كبد طبيعية وتنظير هضمي علوي طبيعي بينما أظهر الإيكو وجود آفة كيسية وحيدة تبلغ 6 سم؟,كيسة مائية كبدية,داء كيسي بسيط,كيسة مائية كبدية,داء كيسي بسيط,0.8010556697845459,0.7910406589508057,0.7960166335105896
892,ما هو التشخيص المحتمل لمريضة تبلغ من العمر 30 سنة تعاني من ألم مستمر في الربع العلوي الأيمن من البطن مع إقياء وارتفاع حرارة وإيجابية علامة مورفي؟,التهاب المرارة الحاد,التهاب مرارة حاد.,التهاب المرارة الحاد,التهاب مرارة حاد.,0.7704263925552368,0.7950826287269592,0.7825603485107422
893,ما هو التشخيص المحتمل لمريض يبلغ من العمر 60 سنة لديه سابقة حصيات مرارية يراجع بقصة ألم بطني شديد ومستمر لمدة 6 ساعات وبالفحص السريري كان المريض غير مرتاح ومصدوم مع انتفاخ البطن ومضض راجع معممين؟,انثقاب الأمعاء,التهاب بريتوان تالي لانثقاب مرارة.,انثقاب الأمعاء,التهاب بريتوان تالي لانثقاب مرارة.,0.7556051015853882,0.7276661396026611,0.7413724660873413
894,ما هو التشخيص المحتمل لمريض يبلغ من العمر 56 سنة يعاني من ألم شديد في أعلى البطن منذ أسبوع مع حمى متقطعة وعدم راحة شديدة مع وجود علامات لتخريش بريتواني في الربع العلوي الأيمن مع جس كتلة؟,خراج كبدي,تقيح مرارة.,خراج كبدي,تقيح مرارة.,0.7701144218444824,0.7919013500213623,0.7808559536933899
895,ما هو التشخيص المحتمل لمريض يبلغ من العمر 60 سنة يراجع بقصة ألم بطني ويرقان وحرارة مع عروءات؟,التهاب الأقنية الصفراوية الصاعد,التهاب طرق صفراوية صاعد.,التهاب الأقنية الصفراوية الصاعد,التهاب طرق صفراوية صاعد.,0.7803481817245483,0.8083508014678955,0.794102668762207
896,ما هو التشخيص المحتمل لمريضة تبلغ من العمر 40 سنة عولجت لالتهاب مرارة حاد حيث لوحظ وجود مرارة مجسوسة غير ممضة، لم يكن هناك ترفع حروري وكانت المريضة بشكل عام بصحة جيدة؟,سرطان رأس البنكرياس,قيلة مخاطية في المرارة.,سرطان رأس البنكرياس,قيلة مخاطية في المرارة.,0.6832294464111328,0.6819109916687012,0.6825695633888245
897,ما هو التشخيص المحتمل لمريض عمره 80 سنة لديه تصبغ جلدي ملحوظ ونسيج ندبي ولديه ندبات بطنية لاستئصال كظر ثنائي الجانب؟,متلازمة نيلسون,متلازمة نيلسون.,متلازمة نيلسون,متلازمة نيلسون.,0.9580017328262329,0.9461840987205505,0.9520562291145325
898,ما هو التشخيص المحتمل لمريض عمره 48 سنة يعاني من اضطراب رئوي وصداع وارتفاع ضغط؟,انقطاع النفس الانسدادي النومي,متلازمة كون.,انقطاع النفس الانسدادي النومي,متلازمة كون.,0.6758376955986023,0.7089766263961792,0.6920107007026672
899,ما هو التشخيص المحتمل لمريض ربو مع تفاقم متكرر لحالته تطور لديه بشكل تدريجي شعرانية مع بدانة جذعية وكدمات؟,متلازمة كوشينغ,متلازمة كوشينغ.,متلازمة كوشينغ,متلازمة كوشينغ.,0.9655532836914062,0.9547836780548096,0.9601382613182068
900,ما هو التشخيص المحتمل لسيدة حامل تبلغ من العمر 30 سنة تبين أثناء إجراء ايكو بطن لها وجود كتلة متكلسة في الشرسوف يبلغ قطرها 1 سم مع سماع لغط في منطقة الشرسوف دون وجود أي أعراض؟,تمدد وعائي شرياني وريدي متكلس,أم دم شريان طحالي.,تمدد وعائي شرياني وريدي متكلس,أم دم شريان طحالي.,0.6960555911064148,0.7269067764282227,0.7111466526985168
901,ما هو التشخيص الأكثر احتمالاً لطفل عمره 7 سنوات يعاني من فقر دم منجلي ويشكو منذ ساعتين من ألم بطني حاد في الربع العلوي الأيسر مع ضغط 60/100 ملم زئبقي ونبض 110 ن/د وحرارة 37 درجة ومضض في الربع العلوي الأيسر للبطن بدون إيلام مرتد مع صعوبة جس الطحال وخضاب 6.1 غ/دل؟,حجز الطحال الحاد,نوبة ألمية بسبب انسداد الأوعية الدموية.,حجز الطحال الحاد,نوبة ألمية بسبب انسداد الأوعية الدموية.,0.7169874310493469,0.7072927355766296,0.7121071219444275
902,ما هي نسبة الاستفادة من استئصال الطحال في حالة سيدة عمرها 40 سنة تعاني من فرفرية مناعية مزمنة معندة على العلاج بالستيروئيدات؟,60-80%,أقل من 20%,60-80%,أقل من 20%,0.7659623622894287,0.7664053440093994,0.7661837339401245
903,ما هي الخطوة التالية في تدبير مريض بعمر 70 سنة دون سوابق جراحية يعاني من ألم بطني متقطع منذ أسبوع وتوسع بطني وإقياء مستمر منذ يوم، مع عدم وجود فتوق بالفحص وتعداد 3000 كرية بيضاء / مم؟,تصوير طبقي محوري للبطن والحوض مع حقن مادة ظليلة,إجراء (CT) التصوير الطبقي المحوسب للبطن.,تصوير طبقي محوري للبطن والحوض مع حقن مادة ظليلة,إجراء (CT) التصوير الطبقي المحوسب للبطن.,0.7460002899169922,0.7695568203926086,0.7575954794883728
904,ما هي الخطوة التالية في تدبير مريض بعمر 70 سنة دون سوابق جراحية يعاني من ألم بطني متقطع منذ أسبوع وتوسع بطني وإقياء مستمر منذ يوم، مع عدم وجود فتوق بالفحص وتعداد 3000 كرية بيضاء / مم؟,تصوير طبقي محوري للبطن والحوض مع حقن مادة ظليلة,إجراء (CT) التصوير الطبقي المحوسب للبطن.,تصوير طبقي محوري للبطن والحوض مع حقن مادة ظليلة,إجراء (CT) التصوير الطبقي المحوسب للبطن.,0.7460002899169922,0.7695568203926086,0.7575954794883728
905,ما هي الخطوة التالية في تدبير شاب عمره 20 سنة راجع الإسعاف بعد 20 يوماً من استئصال زائدة ملتهبة ويعاني من إقياء مع تمدد بطن وإيلام خفيف، وتعداد WBC كان 14000 كرية/مم3 والكهارل طبيعية؟,تصوير طبقي محوري للبطن والحوض,مراقبة 24 ساعة أخرى مع وضع NG.,تصوير طبقي محوري للبطن والحوض,مراقبة 24 ساعة أخرى مع وضع NG.,0.6666250228881836,0.7125240564346313,0.6888107657432556
906,ما هي العلامات الأكثر توافقاً مع بالغ عمره 45 سنة لديه ألم بطني حاد وتم تشخيصه بالتهاب مرارة حاد؟,ألم الربع العلوي الأيمن، إيلام، علامة مورفي إيجابية، حمى، كريات بيضاء مرتفعة,ألم بطني مستمر ومضض مراق أيمن وارتفاع الكريات البيضاء.,ألم الربع العلوي الأيمن، إيلام، علامة مورفي إيجابية، حمى، كريات بيضاء مرتفعة,ألم بطني مستمر ومضض مراق أيمن وارتفاع الكريات البيضاء.,0.7122732400894165,0.7271238565444946,0.7196218967437744
907,ما هي الخطوة الأولى الأهم في تدبير مريض يبلغ من العمر 32 سنة أتى لقسم الطوارئ بقصة إقياء لكميات كبيرة من الدم الأحمر القاني؟,تأمين مجرى الهواء,الإنعاش بالسوائل.,تأمين مجرى الهواء,الإنعاش بالسوائل.,0.7392382621765137,0.7442790269851685,0.7417500615119934
908,ما هو التشخيص المحتمل لمريض عمره 70 سنة تطور لديه بعد 3 أيام من احتشاء قلبي ألم بطني مع تعدد البطن وخفوت في أصوات الأمعاء وتحليل غازات الدم يشير إلى احمضاض استقلابي؟,نقص تروية الأمعاء المساريقي,احتشاء مساريقي.,نقص تروية الأمعاء المساريقي,احتشاء مساريقي.,0.6907241940498352,0.7175792455673218,0.703895628452301
909,ما هي القاعدة الجراحية الأصح حالياً في مراقبة المريض أثناء تدبير مريض الانسداد المعوي ووضع القرار الجراحي المناسب في المراكز الجراحية المتطورة؟,المراقبة السريرية المستمرة,يجب دائماً عدم إجراء الجراحة حتى يتم استقرا المريض بعد الإنعاش.,المراقبة السريرية المستمرة,يجب دائماً عدم إجراء الجراحة حتى يتم استقرا المريض بعد الإنعاش.,0.6706206202507019,0.6424825191497803,0.6562500596046448
910,ما هو التشخيص المحتمل للمريضة إذا كانت الصورة البسيطة تدل على سويات معوية دقيقة وغياب لارتسام الكولونات وكانت مقاطع التصوير الطبقي المحوري تشير لتوسع عرى المعي؟,انسداد الأمعاء الدقيقة,التصاقات معوية.,انسداد الأمعاء الدقيقة,التصاقات معوية.,0.7344168424606323,0.7571865320205688,0.7456278800964355
911,ما هو التشخيص الأقوى لمريض عمره 65 سنة تطور لديه ألم بطني حاد مفاجئ مستمر في الربع العلوي الأيمن منذ ساعة، تلاه آلام مغصية سرية مع غثيان، والفحص السريري يبدي سحنة سمية مع فحص بطني سوي تقريباً؟,احتشاء المساريقي الحاد,انسداد أمعاء بنقص التروية.,احتشاء المساريقي الحاد,انسداد أمعاء بنقص التروية.,0.7392486929893494,0.7521664500236511,0.7456516623497009
912,ما هو التشخيص المحتمل في المريضة التي تظهر صورتها البسيطة سويات معوية دقيقة وغياب الارتسام الكولوني، وتشير مقاطع التصوير الطبقي المحوري لتوسع عرى المعي الدقيق وزيادة في شحم المساريقا مع عدم ارتسام الكولون بالكامل؟,انسداد المعي الدقيق,التصاقات معوية.,انسداد المعي الدقيق,التصاقات معوية.,0.748947262763977,0.7627369165420532,0.7557792067527771
913,ما هو التشخيص لمريض عمره 60 سنة مصاب بداء كرون منذ عشر سنوات راجع المشفى بقصة حمى وعرواءات تلاها خروج هواء ومفرزات معوية عند التبول؟,ناسور مثاني معوي,ناسور معدي مثاني.,ناسور مثاني معوي,ناسور معدي مثاني.,0.8613210320472717,0.8548904657363892,0.8580936789512634
914,ما هي الحالة التي لا تدخل في التشخيص التفريقي لطفلة عمرها 10 سنوات تعاني منذ ساعتين من ألم حفرة حرقفية يمنى دون إيلام مرتد؟,حمل هاجر,نزف رتج ميكل.,حمل هاجر,نزف رتج ميكل.,0.729322612285614,0.7258879542350769,0.7276012301445007
915,ما هو التشخيص المحتمل لمريضة عمرها 50 سنة تعرضت لألم بطني حاد طاعن منذ نصف ساعة في الشرسوف تعمم في أنحاء البطن مع إقياءات بنية اللون وفحص البطن لين؟,انثقاب قرحة هضمية,صمة شريان مساريقي علوي.,انثقاب قرحة هضمية,صمة شريان مساريقي علوي.,0.7314159870147705,0.7437376976013184,0.7375254034996033
916,ما هو الفحص الذي يجب إجراؤه أولاً لمريض يشتكي من ألم بطني حاد ومفاجئ؟,فحص سريري شامل,صورة بطن شعاعية.,فحص سريري شامل,صورة بطن شعاعية.,0.7123535871505737,0.7187927961349487,0.7155587673187256
917,ما هو التشخيص الأقوى لمريض عمره 65 سنة تطور لديه ألم بطني حاد مفاجئ ومستمر في الربع السفلي الأيمن منذ ساعة، تلاه آلام مغصة سرية مع غثيان، والفحص السريري يبدي سحنة سمية مع فحص بطن سوي تقريباً؟,انسداد الشريان المساريقي العلوي,انسداد أمعاء بنقص التروية.,انسداد الشريان المساريقي العلوي,انسداد أمعاء بنقص التروية.,0.7877205610275269,0.8138140439987183,0.8005546927452087
918,ما هي الخطوة الأولى الأهم في تدبير شاب عمره 32 سنة يراجع قسم الطوارئ بقصة إقياء كميات كبيرة من الدم الأحمر القاني؟,تأمين مجرى هوائي,الإنعاش بالسوائل.,تأمين مجرى هوائي,الإنعاش بالسوائل.,0.7450686693191528,0.7497885227203369,0.747421145439148
919,ما هو التشخيص للآفة التي قد تسبب فقراً دموياً والنزف الحاد منها غير شائع والتي تم اكتشافها بالتنظير الهضمي العلوي لرجل عمره 55 سنة؟,آفة ديموليكس,2. سرطانة معدية.,آفة ديموليكس,2. سرطانة معدية.,0.6874062418937683,0.6950673460960388,0.6912155747413635
920,ما هي الخطوة الأولى الأهم في تدبير مريض يبلغ من العمر 32 سنة أتى لقسم الطوارئ بقصة إقياء لكميات كبيرة من الدم الأحمر القاني؟,تأمين مجرى الهواء,3. الإنعاش بالسوائل.,تأمين مجرى الهواء,3. الإنعاش بالسوائل.,0.7236680388450623,0.7072161436080933,0.7153475880622864
921,ما هو العلاج الأمثل لمريض عمره 40 سنة وجد لديه بالتنظير الهضمي العلوي لمفوما معدية؟,استئصال جراحي,4. علاج كيماوي.,استئصال جراحي,4. علاج كيماوي.,0.7514430284500122,0.7362019419670105,0.7437444925308228
922,ما هو التشخيص المحتمل لطفل يبلغ من العمر 12 سنة يراجع بعقدة درقية مع ضخامة عقد لمفية ناحية؟,سرطان درقي,4. سرطان حليمي.,سرطان درقي,4. سرطان حليمي.,0.7850959300994873,0.7301502227783203,0.7566268444061279
923,ما هو التشخيص المحتمل لمريضة في منتصف العمر تعاني من سلعة درقية لفترة طويلة مع تضخم الفص الأيمن أكبر من الأيسر وهي سريرياً في حالة سواء درقي؟,ورم غدي درقي سام,3. سلعة متعددة العقد.,ورم غدي درقي سام,3. سلعة متعددة العقد.,0.6485469937324524,0.6445484161376953,0.6465415954589844
924,ما هو التشخيص الأكثر احتمالاً لفتاة في الربيع الخامس تشكو من عسرة تنفس مع وجود كتلة في جوف الفم بقطر 3 سم على الخط الناصف وعلى مؤخرة اللسان؟,ورم لسان درقي,2. درق لسانية.,ورم لسان درقي,2. درق لسانية.,0.748639702796936,0.7259084582328796,0.7370989322662354
925,ما هو العلاج غير المرغوب به في حالة شابة في ربيعها الأربعين تشكو من نقص وزن مع خفقان وجحوظ في العينين مع وجود سلعة درقية متوسطة الحجم منتشرة ومتجانسة وفرط نشاط درق بدني؟,اليود المشع,3. المعالجة الشعاعية باليود I 131,اليود المشع,3. المعالجة الشعاعية باليود I 131,0.6893613934516907,0.6489862203598022,0.6685647964477539
926,ما هو الإجراء الأول الذي يجب إجراؤه قبل عملية Sleeve gastrectomy لمريض البدانة الذي لديه BMI يساوي 40؟,تقييم نفسي شامل,3. الحصول على موافقة المريض.,تقييم نفسي شامل,3. الحصول على موافقة المريض.,0.7025114297866821,0.6934565305709839,0.6979545950889587
927,ما هو التشخيص المحتمل لمريض عمره 50 سنة يعاني من أصمية حديثة وألم في الربع العلوي الأيمن لمدة 3-4 أشهر مع فحص سريري سلبي ووظائف كبد طبيعية وتنظير هضمي علوي طبيعي بينما أظهر الإيكو وجود آفة كيسية وحيدة تبلغ 6 سم؟,كيسة مائية كبدية,4. داء كيسي بسيط,كيسة مائية كبدية,4. داء كيسي بسيط,0.7761921286582947,0.7191721200942993,0.746595025062561
928,ما هو التشخيص المحتمل لمريض يبلغ من العمر 60 سنة لديه سابقة حصيات مرارية يراجع بقصة ألم بطني شديد ومستمر لمدة 6 ساعات وبالفحص السريري كان المريض غير مرتاح ومصدوم مع انتفاخ البطن ومضض راجع معممين؟,التهاب البنكرياس الحاد,4. التهاب بريتوان تالي لانثقاب مرارة.,التهاب البنكرياس الحاد,4. التهاب بريتوان تالي لانثقاب مرارة.,0.7156907320022583,0.6707360744476318,0.6924845576286316
929,ما هو التشخيص المحتمل لمريض يبلغ من العمر 56 سنة يعاني من ألم شديد في أعلى البطن منذ أسبوع مع حمى متقطعة وعدم راحة شديدة مع وجود علامات لتخريش بريتواني في الربع العلوي الأيمن مع جس كتلة؟,خراج كبدي,1. تقيح مرارة.,خراج كبدي,1. تقيح مرارة.,0.7430343627929688,0.7098029851913452,0.7260386347770691
930,ما هو التشخيص المحتمل لمريض يبلغ من العمر 60 سنة يعاني من ألم بطني ويرقان وحرارة مع عروءات؟,التهاب الأقنية الصفراوية الصاعد,4. التهاب طرق صفراوية صاعد.,التهاب الأقنية الصفراوية الصاعد,4. التهاب طرق صفراوية صاعد.,0.7766449451446533,0.75789475440979,0.7671552896499634
931,ما هو التشخيص المحتمل لمريضة تبلغ من العمر 40 سنة عولجت لالتهاب مرارة حاد حيث لوحظ وجود مرارة مجسوسة غير ممضة، لم يكن هناك ترفع حروري وكانت المريضة بشكل عام بصحة جيدة؟,سرطان رأس البنكرياس,3. قيلة مخاطية في المرارة.,سرطان رأس البنكرياس,3. قيلة مخاطية في المرارة.,0.6760154962539673,0.6588093042373657,0.6673015356063843
932,ما هو التشخيص المحتمل لمريض عمره 48 سنة يعاني من اضطراب رئوي وصداع وارتفاع ضغط؟,انقطاع النفس الانسدادي النومي,3. متلازمة كون.,انقطاع النفس الانسدادي النومي,3. متلازمة كون.,0.6697338819503784,0.6694901585578918,0.669611930847168
933,ما هو التشخيص المحتمل لمريض ربو مع تفاقم متكرر لحالته تطور لديه بشكل تدريجي شعرانية مع بدانة جذعية وكدمات؟,متلازمة كوشينغ,1. متلازمة كوشينغ.,متلازمة كوشينغ,1. متلازمة كوشينغ.,0.9447237253189087,0.8705984354019165,0.9061477184295654
934,ما هو التشخيص المحتمل لسيدة حامل تبلغ من العمر 30 سنة تبين أثناء إجراء ايكو بطن لها وجود كتلة متكلسة في الشرسوف يبلغ قطرها 1 سم مع سماع لغط في منطقة الشرسوف دون وجود أي أعراض؟,تمدد وعائي شرياني وريدي متكلس,3. أم دم شريان طحالي.,تمدد وعائي شرياني وريدي متكلس,3. أم دم شريان طحالي.,0.7269649505615234,0.728874683380127,0.7279185652732849
935,ما هي نسبة الاستفادة من استئصال الطحال في حالة سيدة عمرها 40 سنة تعاني من فرفرية مناعية مزمنة معندة على العلاج بالستيروئيدات؟,60-80%,1. أقل من 20%,60-80%,1. أقل من 20%,0.7362738251686096,0.6937446594238281,0.7143768668174744
936,ما هي الخطوة التالية في تدبير مريض بعمر 70 سنة دون سوابق جراحية يعاني من ألم بطني متقطع منذ أسبوع وتوسع بطني وإقياء مستمر منذ يوم، مع عدم وجود فتوق بالفحص وتعداد 3000 كرية بيضاء / مم؟,تصوير طبقي محوري للبطن والحوض مع حقن مادة ظليلة,4. إجراء (CT) التصوير الطبقي المحوسب للبطن.,تصوير طبقي محوري للبطن والحوض مع حقن مادة ظليلة,4. إجراء (CT) التصوير الطبقي المحوسب للبطن.,0.7342844009399414,0.7385585904121399,0.7364152669906616
937,ما هي الخطوة التالية في تدبير مريض بعمر 70 سنة دون سوابق جراحية يعاني من ألم بطني متقطع منذ أسبوع وتوسع بطني وإقياء مستمر منذ يوم، مع عدم وجود فتوق بالفحص وتعداد 3000 كرية بيضاء / مم؟,تصوير طبقي محوري للبطن والحوض مع حقن مادة ظليلة,4. إجراء (CT) التصوير الطبقي المحوسب للبطن.,تصوير طبقي محوري للبطن والحوض مع حقن مادة ظليلة,4. إجراء (CT) التصوير الطبقي المحوسب للبطن.,0.7342844009399414,0.7385585904121399,0.7364152669906616
938,ما هي الخطوة التالية في تدبير شاب عمره 20 سنة راجع الإسعاف بعد 20 يوماً من استئصال زائدة ملتهبة ويعاني من إقياء مع تمدد بطن وإيلام خفيف وتعداد WBC 14000 كرية/مم2 والكهارل طبيعية؟,تصوير طبقي محوري للبطن والحوض مع حقن مادة ظليلة,1. مراقبة 24 ساعة أخرى مع وضع NG.,تصوير طبقي محوري للبطن والحوض مع حقن مادة ظليلة,1. مراقبة 24 ساعة أخرى مع وضع NG.,0.6795719861984253,0.7056353092193604,0.6923584342002869
939,ما هي الخطوة الأولى الأهم في تدبير مريض يبلغ من العمر 32 سنة يعاني من إقياء كميات كبيرة من الدم الأحمر القاني؟,تأمين مجرى هوائي,3. الإنعاش بالسوائل.,تأمين مجرى هوائي,3. الإنعاش بالسوائل.,0.7262852787971497,0.7103270292282104,0.7182174921035767
940,ما هو التشخيص المحتمل لمريض عمره 70 سنة تطور لديه بعد 3 أيام من احتشاء قلبي ألم بطني مع تطبل البطن وخفوت في أصوات الأمعاء وتحليل غازات الدم يشير إلى حماض استقلابي؟,نقص تروية الأمعاء المساريقي,2. احتشاء مساريقي.,نقص تروية الأمعاء المساريقي,2. احتشاء مساريقي.,0.689967691898346,0.6902109384536743,0.6900892853736877
