id,input,prediction,ground_truth,raw_output,primary_reasoning_objective,judge_label
1,"مريض: السلام عليكم يا دكتور، بقالي كام شهر حاسس بوجع في عضمِي، وكمان عندي إمساك بيتكرر. و كمان حاسس بتعب ومخي مش مركّز، تفكيري مش صافي.

مساعد طبي: وعليكم السلام، فاهم شكوتك. ممكن توصفلي وجع العضم بتفصيل أكتر؟ وهل جالك حصوات في الكِلى قريب؟

مريض: الوجع مش في مكان معيّن، حاسس كإن عضمِي بيوجعني من جوّه. وللأسف، جالي حصوات كِلى مرتين في آخر تلات سنين.

مساعد طبي: تمام، ده كلام مهم. بناءً على الأعراض وتاريخك مع حصوات الكِلى، وكمان التحاليل اللي بيّنِت إن الكالسيوم عالي في الدم، ممكن يكون عندك فرط نشاط الغدة جار الدرقية. هنحتاج نعمل فحوصات إضافية عشان نأكد التشخيص.

مريض: فرط نشاط الغدة جار الدرقية؟ أول مرة أسمع عنه. ده خطير؟ وإيه العلاج المطلوب؟","ده condition can be managed with medication or sometimes surgery, but first we need to confirm the diagnosis with more tests.",الغدد الجار درقية غدد صغيرة مكانها ورا الغدة الدرقية. وظيفتها الأساسية إنها تظبط مستوى الكالسيوم في الدم، وممكن يبقى خطر لو الكالسيوم عِلِي فجأة بشكل حاد. الخبر الحلو إن الحالة دي ممكن تتعالج باستئصال الغدد دي جراحيًّا، بس المهم ما تستناش ولا تأجّل، ولازم تتابع مع دكتور غدد متخصص في الجار درقية. من غير علاج ممكن تسبب آلام وحصوات كلسية، وكمان تبطّأ حركة الجهاز الهضمي.,"ANSWER: ده condition can be managed with medication or sometimes surgery, but first we need to confirm the diagnosis with more tests.",,Correct
2,"مريضة: السلام عليكم يا دكتور. أنا حاسة بتعب شديد من ساعة ما رجعت من أجازة الأمومة، ووزني زاد أوي مع إني ما باكلش زي الأول.

مساعد طبي: وعليكم السلام. فاهمة قلقك، الفترة إللي بعد الولادة ممكن تبقى مُرهِقة. في أعراض تانية غير زيادة الوزن والنِفس المسدود؟

مريضة: أيوه، دايمًا حاسة بالبرد حتى لو الجو دافي، وبشرتي بقت جافة جدًا. وكمان لاحظت إن شعري بدأ يقع من الجنبين.

مساعد طبي: الأعراض دي مهمة. لاحظتي أي تغيُّرات في الدورة الشهرية أو أي تورّم في منطقة الرقبة؟

مريضة: فعلاً، الدورة بقت أتقل وبتيجي كل تلات أسابيع بدل ما تيجي كل شهر. وكمان حاسة بحاجة في رقبتي، كإنها وارمة شوية بس من غير ألم.

مساعد طبي: تمام. عندك تاريخ عائلي لأمراض الغدد أو أمراض مناعة ذاتية؟ وبتحسي بصعوبة في البلع؟

مريضة: أيوه، أمي عندها سكر من النوع أول. أما البلع مش حاسة بأي صعوبة، بس أنا قلقانة من الأعراض دي كلها مع بعض.","انا بظن ان عندك خلل في الغدة thyroid, لازم نعمل فحوص for TSH, T3, T4, and thyroid antibodies.",متقلقيش، الحالة بسيطة وعلاج التهاب الغدّة الدرقية بعد الولادة متاح. المهم تتابعي مع دكتور متخصص في الغدّة الدرقية وتعملي تحليل TSH وـTPO antibodies عشان نتأكد إذا كان السبب من جهاز المناعة. والمرض ده ممكن يتعالج بسرعة وبشكل نهائي، فمفيش داعي تقلقي.,"ANSWER: انا بظن ان عندك خلل في الغدة thyroid, لازم نعمل فحوص for TSH, T3, T4, and thyroid antibodies.",,Incorrect
3,"مريض: السلام عليكم يا دكتور. بقالّي حوالي ست شهور بعاني من مشاكل وعايز أستشير حضرتك.

مساعد طبي: وعليكم السلام. أهلاً بيك، إزاي أقدر أساعدك.؟ إيه هي المشاكل اللي عندك بالظبط؟

مريض: عندي ضعف في الرغبة الجنسية وضعف في الانتصاب، وكمان لاحظت إن شعر دقني ووشّي بقى بيقل وبقيت أحلق أقل من العادي.

مساعد طبي: فاهمك. دي أعراض مهمة. عندك أي أعراض تانية؟ زي صداع أو مشاكل في النظر أو أي تغيّرات في جسمك؟

مريض: أيوه، الفترة الأخيرة عندي صداع خفيف بس مستمر، وحاسس إن الرؤية الجانبية عندي بقت مِغبِّشة شوية. وكمان لاحظت تضخّم بسيط في الثدي.

مساعد طبي: معلومات مفيدة جداً. بتاخد أي أدوية حالياً؟ وهل اتعرّضت قبل كده لإصابة في الراس أو عملت أي عمليات جراحية؟

مريض: لا، مش باخد أي أدوية وماتعرّضتش لإصابات في الراس ولا عملت عمليات. هو الأعراض دي ليها علاقة ببعض؟ أنا قلقان جداً.",ده مش عادي. لازم نعمل فحوصات لهرمones and a brain scan to check for a tumor.,أيوه، الأعراض دي ممكن تبقى مرتبطة ببعض طبيًّا، وإحنا محتاجين تشخيص واضح. ممكن يكون الموضوع له علاقة بالغدة النخامية (الـpituitary gland)، واللي عندك ممكن يكون نتيجة زيادة إفراز هرمون البرولاكتين في الدم. في أغلب الأحيان الورم ده بيكون حميد ومش سرطاني، وبيستجيب بشكل ممتاز للعلاج بالأدوية في معظم الحالات. المهم تتابع مع دكتور غدد صماء. لازم تعمل MRI (رنين مغناطيسي) عشان نحدد الحجم الغدة، وكمان كشف عيون عشان نقييم قد النظر الجانبي إتأثر. باختصار، مفيش داعي تقلق—دي حالة طبية وعلاجها متاح لو تابعت مع متخصصين في الغدد.,ANSWER: ده مش عادي. لازم نعمل فحوصات لهرمones and a brain scan to check for a tumor.,,Incorrect
4,"مريض: السلام عليكم يا دكتور. أنا قلقانة جدًا من الأعراض اللي عندي مؤخرًا. وزني زاد 12 كيلو خلال السنة اللي فاتت، وبحس بضعف شديد في عضلاتي.

مساعد طبي: وعليكم السلام. فاهم قلقِك. دي زيادة وزن ملحوظة. تقدري تقوليلي الزيادة دي مركّزة فين بالظبط؟ وإيه نوع ضعف العضلات اللي حاسّة بيه؟

مريض: الزيادة أغلبها في منطقة البطن والوش. وبالنسبة لضعف العضلات، بلاقي صعوبة كبيرة إني أقوم من كرسي واطي وعميق، كإن عضلات رجلي مش قادرة تشيلني. وكمان ظهرلي خطوط لونها بنفسجي على بطني وفخدي.

مساعد طبي: الأعراض دي مهمة. لاحظتي أي تغيّرات تانية مؤخرًا؟ زي مثلًا أي تغيّر في الدورة الشهرية أو ظهور شعر بشكل مش طبيعي؟

مريض: أيوه، دورتي بقت مش منتظمة، وظهر شعر جديد في وشي. وكمان دكتوري قالّي إن ضغطي عالي وصعب السيطرة عليه، وإن سكر الدم بقى عالي شوية.

مساعد طبي: شكرًا على المعلومات دي اللي بالتفصيل. الأعراض دي مع بعض—زيادة الوزن المركزة، الخطوط البنفسجية، ضعف العضلات، عدم انتظام الدورة، نمو الشعر، وارتفاع الضغط والسكر—بتشير لاحتمال إن يكون في اضطراب هرموني. هحتاج أعمل تحاليل هرمونات معينة عشان نأكد التشخيص.

مريض: حضرتك شايف إن ده ممكن يكون حاجة خطيرة؟ أنا قلقانة جدًا عشان كل الأعراض دي ظهرت بسرعة خلال السنة اللي فاتت بس.","انا عايزة اعمل لك تحاليل لهرمones and check for Cushing's syndrome or other hormonal imbalances. Don't worry, we'll figure it out and start treatment as soon as possible.",الأعراض دي هي متلازمة كوشينج، وده يعتبر مرض خطير لو ما اتعالجش من الأول. لازم تروحي لدكتور غدد (endocrinologist) في أسرع وقت، وتعملي فحوصات منها أشعة مقطعية وتحليل دم. بس ما تقلقيش، المرض ده ليه علاج وممكن تخفي منه تمامًا.,"ANSWER: انا عايزة اعمل لك تحاليل لهرمones and check for Cushing's syndrome or other hormonal imbalances. Don't worry, we'll figure it out and start treatment as soon as possible.",,Correct
5,"مريض: السلام عليكم يا دكتور. بقالي حوالي شهر عندي عطش شديد جدًا، وبشرب كميات كبيرة من المية كل يوم ومش بحس إني ارتويت خالص.

مساعد طبي: وعليكم السلام. أهلاً بيك. ده موضوع محتاج تقييم دقيق. تقريبًا بتشرب كام لتر مية في اليوم؟ ولاحظت أي تغيير في عدد مرات التبول؟

مريض: بشرب حوالي 8 لتر أو أكتر في اليوم! وبصحى تقريبًا كل ساعة بالليل عشان أتبول، وده مأثر على نومي جامد. والبول بقى شفاف زي المية بالظبط.

مساعد طبي: ده فعلاً مقلق. اتعرضت لأي إصابة في الراس قريب؟ ولاحظت أي تغيير في وزنك الفترة اللي فاتت؟

مريض: أيوه، حصلتلي حادثة موتوسيكل بسيطة من شهرين وجالي ارتجاج خفيف في المخ، بس الدكاترة قالوا مفيش كسور في الجمجمة. وكمان خسّيت 3 كيلو خلال الشهر اللي فات.

مساعد طبي: تمام، فهمت. عندك أي أعراض تانية زي زغللة في النظر؟ وفيه تاريخ عائلي للسكر أو مشاكل في السكر؟

مريض: لا، نظري طبيعي ومفيش تاريخ عائلي للسكر. المشكلة الوحيدة هي العطش الشديد ده وكترة التبول اللي بتخلّيني أحيانًا أشرب مية بدل ما آكل وجبات.",ده مش عادي. لازم نعمل فحوصات لقياس سكر الدم and check for diabetes insipidus.,المرض ده ممكن يبقى خطير، اسمه Diabetes Insipidus، وبيحصل بسبب نقص هرمون اسمه ADH. المرض ده ممكن يسبب جفاف شديد لو ما اتعالجش ومشاكل خطيرة، نأكد التشخيص بس بعد تحاليل الدم والبول، وليه دوا بيشفي منه. المرض خطير لو ما اتعالجش، عشان كده لازم تتابع خلال يوم أو يومين بالكتير مع دكتور غدد.,ANSWER: ده مش عادي. لازم نعمل فحوصات لقياس سكر الدم and check for diabetes insipidus.,,Incorrect
6,"مريضة: السلام عليكم يا دكتور. أنا طالبة جامعة، عندي 22 سنة، ومن وقت البلوغ وأنا عندي مشاكل كتير. الدورة عندي مش منتظمة خالص، مش بتيجي غير تلات أو أربع مرات في السنة.

مساعد طبي: وعليكم السلام. فاهم قلقِك من عدم انتظام الدورة. عندِك أعراض تانية زي تغيّرات في الوزن، أو زيادة في الشعر، أو مشاكل في البشرة؟

مريضة: أيوه. عندي حبّ شباب من وقت البلوغ، والعلاجات الموضعية ما جابتش نتيجة معايا. وكمان لاحظت شعر خشن وغامق على الدقن وفوق الشفة، وده محرج جدًا.

مساعد طبي: فاهم قد إيه ده مضايقِك. لاحظتي أي تغير في لون الجلد، خصوصًا في الرقبة أو تحت الباط؟ ووزنِك الحالي تقريبًا كام؟

مريضة: أيوه، في بقع غامقة وملمسها مخملي في رقبتي وتحت باطي. وبالنسبة للوزن، أنا عندي زيادة في الوزن والـ BMI بتاعي 31. مع إني عاملة دايت وبقلل السعرات الحرارية، بس مش قادرة أخس، وده محبط جدًا.

مساعد طبي: حسب الأعراض دي—عدم انتظام الدورة، زيادة الشعر، حب الشباب، والبقع الغامقة على الجلد—ممكن يكون عندِك متلازمة تكيّس المبايض. عملتي قبل كده سونار على الحوض؟

مريضة: أيوه، عملت سونار قبل كده، والدكتور قال حاجة عن وجود “أكياس” بس أنا ما فهمتش التفاصيل أوي. هل ده له علاقة بكل المشاكل اللي عندي؟","متلازمة تكيّس المبايض بتسبب كل الأعراض دي, وده needs treatment to regulate your cycle, control the hair growth, and help with weight management. I'll prescribe you some medications and refer you to a specialist for further management.",أيوه، غالبًا عندِك مرض اسمه Polycystic Ovarian Syndrome (PCOS). ده بيكون لخبطة في الهرمونات، وبييجي معاها مقاومة للأنسولين، ووجود أكياس على المبيض. في الحالات دي التشخيص بدري مهم جدًا. لازم تروحي لدكتور/ة غدد صماء أو دكتورة نسا متخصّصة في الموضوع ده علشان يظبّطوا الهرمونات ويرجّعوا الدورة الشهرية، وتاخدي هرمونات علشان ترجع الدورة لطبيعتها.,"ANSWER: متلازمة تكيّس المبايض بتسبب كل الأعراض دي, وده needs treatment to regulate your cycle, control the hair growth, and help with weight management. I'll prescribe you some medications and refer you to a specialist for further management.",,Correct
7,"مريض: السلام عليكم يا دكتور. أنا قلقان من ضغط الدم عندي. رغم إني باخد دوايين للضغط، بس القرايات لسه عالية وحاسس بتقلصات في العضلات وضعف عام.

مساعد طبي: وعليكم السلام. فاهم قلقك. ممكن تقولّي آخر قراية للضغط كانت كام؟ وإمتى ابتديت تحس بالتقلصات والضعف؟

مريض: آخر قراية كانت 165/105. التقلصات بدأت من كام أسبوع، بالذات في الرجلين، والضعف العام بيزيد واحدة واحدة. وكمان التحاليل بيّنت إن البوتاسيوم واطي.

مساعد طبي: ده مقلق فعلاً، خصوصاً مع نقص البوتاسيوم. بتاخد أي مكملات عشبية أو عِرق سوس؟ وعندك تاريخ عائلي لجلطة في المخ في سن صغير أو أمراض كِلى؟

مريض: لا، مش باخد أي مكملات عشبية ولا عرق سوس، ومفيش تاريخ عائلي للسكتة ولا لأمراض لكِلى. وأنا بقلل الصوديوم زي ما نصحتوني.

مساعد طبي: حسب الأعراض ونقص البوتاسيوم مع ارتفاع الضغط رغم العلاج، ممكن نحتاج فحوصات زيادة عشان نستبعد حالة اسمها متلازمة كون. هحوّلك للدكتور خالد عشان يعمل فحص مستوى الألدوستيرون والرينين في الدم.

مريض: يعني إيه متلازمة كون دي؟ وهل هي خطيرة؟ وإمتى أقدر أعمل الفحوصات دي؟","متلازمة كون بتسبب ارتفاع pressure and low potassium, and it can be serious if not treated. You need to do the tests as soon as possible, and I'll give you a referral to the specialist.",متلازمة كون، أو فرط الألدوستيرونية الأوّلي، مرض ممكن يتعالِج. بيحصل بسبب إن الجسم بيفرز ألدوستيرون زيادة، وده الجسم يتخلص من البوتاسيوم ويحبس الصوديوم، وده يفسّر ارتفاع ضغط الدم عندك. غالبًا السبب بيكون تضخّم في الغدة الكظرية أو ورم حميد فيها. بس لازم نأكد التشخيص بتحاليل دم وبفحوصات تصوير طبي. وحسب السبب، العلاج بيكون يا إمّا جراحة يا إمّا أدوية. وهنحددلك أقرب ميعاد متاح للفحوصات دي.,"ANSWER: متلازمة كون بتسبب ارتفاع pressure and low potassium, and it can be serious if not treated. You need to do the tests as soon as possible, and I'll give you a referral to the specialist.",,Correct
8,"مريض: يا دكتور، أنا حاسس بإرهاق جامد ومعنديش طاقة بقالّي فترة طويلة. رغم إني باخد أدوية الغدة الدرقية والتستوستيرون بانتظام بعد عملية الغدة النخامية، بس مش حاسس بتحسّن.

مساعد طبي: فاهم شكوتك. تقدر تقولي أكتر عن طبيعة الإرهاق ده؟ ولاحظت أي تغييرات تانية في جسمك أو حالتك النفسية؟

مريض: أيوه، لاحظت دهون البطن زادت رغم إني بتمرّن بانتظام، وكمان الكتلة العضلية عندي قلت. وبشرتي كمان بقت أرفع وفيها تجاعيد أكتر من اللي في سني.

مساعد طبي: دي أعراض مهمّة. حاسس بتغيير في حالتك النفسية أو الاجتماعية؟ وكنت عامل أي فحوصات قريب؟

مريض: أيوه، مزاجي وحش وحاسس إن إحساس الرفاهية عندي قل، وبقيت بتجنب الأنشطة الاجتماعية أكتر من الأول. وآخر فحص لكثافة العظام بيّن إن في نقص في منطقة أسفل الظهر.

مساعد طبي: حسب الأعراض اللي بتوصفها، أنا أعتقد إن ممكن يكون عندك نقص في هرمون النمو. ده شائع بعد جراحة الغدة النخامية. هنحتاج نعمل اختبار تحفيز للهرمون عشان نتأكد من التشخيص.

مريض: يعني حضرتك تقصد إني محتاج علاج إضافي؟ قد إيه ممكن ياخد وقت الاختبار ده وإيه المخاطر المحتملة؟","إن شاء الله، الاختبار مش خطير، بس هنحتاج يوم. لو اتأكد نقص في هرمون, هنبدأ العلاج, وده هيساعد في الطاقة, العضلات, and mood.",بعد ما نأكّد التشخيص بتحليل دم، واللي عادةً بياخد من ساعتين لتلات ساعات، هنراقب استجابة جسمك للإنسولين ونزول سكر الدم، وكمان لو جسمك هيستجيب بإنه يفرز كورتيزول ولا لأ. ممكن تحس بأعراض هبوط السكر زي الدوخة والعرق والإرهاق. لو التشخيص اتأكّد، هتحتاج تحقن هرمون النمو لفترة ما بين الستة لتسعة شهور على الأقل.,"ANSWER: إن شاء الله، الاختبار مش خطير، بس هنحتاج يوم. لو اتأكد نقص في هرمون, هنبدأ العلاج, وده هيساعد في الطاقة, العضلات, and mood.",,Correct
9,"مريض: حاسة بألم شديد في بطني وعلى طول حاسة إني عايزة أَرَجّع، ومش عارفة أبطّل ترجيع من الصبح.

مساعد طبي: فاهم إنك متضايقة أوي. أنا شايف في ملفك إن عندك سكر من النوع أول وبتستخدمي مضخة أنسولين. الأعراض دي بدأت إمتى؟ وإيه أخبار مضخة الأنسولين؟

مريض: الأعراض بدأت امبارح لما لاحظت إن مكان المضخة بقى أحمر ومتورّم شوية، بس ما غيّرتش الأنبوبة. والنهارده حاسة بإرهاق شديد ونَفَسي بقى سريع وعميق.

مساعد طبي: ده مهم جداً. إنك ما غيّرتيش أنبوبة المضخة لما ظهر الاحمرار ممكن يكون معناه إن الأنسولين مش واصل كويس. قستي سكر الدم قريب؟ وحاسة بجفاف في بقك؟

مريض: آه، بقى ناشف جداً ولساني كمان ناشف. ما قستش السكر من امبارح عشان كنت تعبانة قوي.

مساعد طبي: لازم أقيس سكر الدم فوراً ونعمل شوية فحوصات تانية. الأعراض دي—الترجيع، ألم البطن، النفس السريع والعميق، والجفاف— بتوحي إن دي حالة طارئة اسمها الحماض الكيتوني السكري. هنبدأ فوراً محاليل في الوريد وأنسولين.

مريض: أنا خايفة جداً، ده خطير؟ وكان لازم أغيّر أنبوبة المضخة أول ما شفت الاحمرار؟","ده حالة خطيرة but we're gonna handle it. You should've changed the infusion set when you saw the redness, but now we're gonna fix it. We'll give you fluids and insulin, and you'll feel better soon.",أيوه، الوضع ده ممكن يبقى خطير وخطير جدًا كمان. لازم تدخلي المستشفى حالاً، وغالبًا هتحتاجي عناية مركزة علشان تاخدي علاج سريع: أول حاجة محاليل في الوريد، والإنسولين كمان في الوريد، مع متابعة الأملاح وتحسين حالتك العامة. وبالنسبة للاحمرار مكان الإنسولين: أيوه، بعد كده لازم تبلغي دكتور الغدد بأسرع وقت. واحمرار مكان المضخة ممكن يدل على إن الإنسولين مش واصل للجسم.,"ANSWER: ده حالة خطيرة but we're gonna handle it. You should've changed the infusion set when you saw the redness, but now we're gonna fix it. We'll give you fluids and insulin, and you'll feel better soon.",,Correct
10,"مريض: حاسة بسخونية شديدة وقلبي بيدق بسرعة قوي! مش قادرة أتحكم في نفسي، حاسة بلخبطة جامدة.

مساعد طبي: فاهمة إنك تعبانة قوي. فاكرة لو كنتي بتاخدي دواء الميثيمازول بانتظام لعلاج فرط نشاط الغدة الدرقية؟

مريض: لا... ماخدتش الدوا بقالي أسابيع. كان عندي التهاب في المسالك البولية ودخلوني المستشفى بسببه.

مساعد طبي: ده مهم جداً. أنا شايف إن عندك حرارة عالية وسرعة في ضربات القلب مع إسهال مائي متكرر. كمان حاسة بتعرّق شديد؟

مريض: أيوه! بعرق كتير وحاسة بالحر قوي. وكمان ضغطي واطي والممرضات قلقانين جداً.

مساعد طبي: حالتك محتاجة علاج فوراً للي بنسميه العاصفة الدرقية. هنبدأ حالاً بحاصرات البيتا والكورتيكوستيرويدات وأدوية مضادة للدرقية. دي حالة طوارئ.

مريض: أنا خايفة أوي... ده خطير؟ مش فاهمة إيه اللي بيحصل لي بالظبط.","مش خايفي, هنتعالجك فورا. ده بسبب انك ماخدتش الدواء, but we'll fix it now.",أيوه، الحالة دي ممكن تبقى خطيرة. الأحسن إنك تدخلي المستشفى، وخصوصًا العناية المركزة علشان نبدأ العلاج في أسرع وقت. هنكتب لك أدوية بتقلّل ضربات القلب اسمها بيتا بلوكرز، وأدوية مضادّة للغدّة الدرقية، وكورتيزون علشان يوقّف تحوّل الهرمونات اللي طالعة من الغدّة الدرقية. الحمد لله المرض ده ممكن يتعالج، والأفضل إن بعد ما تخرجي من المستشفى تتابعي مع دكتور متخصص غدّة درقية علشان تكمّلي متابعة العلاج على المدى البعيد.,"ANSWER: مش خايفي, هنتعالجك فورا. ده بسبب انك ماخدتش الدواء, but we'll fix it now.",,Incorrect
11,"مريض: يا دكتور، أنا حاسس بضعف جامد جداً ومش قادر أقف، وباستفرغ باستمرار من امبارح.

مساعد طبي: فاهم. قولي، عندك أي أمراض مزمنة؟ وبتاخد أي أدوية بانتظام؟

مريض: أيوه، عندي أديسون وباخد هيدروكورتيزون يومياً. بس جالي نزلة معوية من يومين والدواء مأعدش في بطني لمدة ٢٤ ساعة كاملة.

مساعد طبي: ده خطير جداً. عندك أي آلام تانية؟ ولاحظت أي تغيّر في لون جلدك؟

مريض: أيوه، عندي ألم شديد في أسفل الضهر، وبدوخ كل لما أحاول أقعد. وجلدي بقى أغمق، خصوصاً عند المفاصل.

مساعد طبي: حالتك بتشير لأزمة قصور في الغدة الكظرية وبتحتاج رعاية طبية فورية. لازم ننقلك المستشفى حالاً عشان ندّيك هيدروكورتيزون في الوريد ومحاليل.

مريض: ده خطير؟ أنا حاسس حالتي بتسوء كل ساعة.","انا بعتلك المستشفى على طول, مش هتخاف, هتكون عايش.",أيوه، المرض ده خطير وممكن يخلّي الأزمة تسوء لدرجة ممكن توصل لوفاة لو ما اتعالجش. الأفضل تروح المستشفى ويدخّلوك العناية المركزة عشان تاخد هيدروكورتيزون في الوريد (IV) وبأسرع وقت ممكن. الحمد لله، المرض ده ممكن يتعالج على المدى البعيد. وبعد ما الأزمة دي تتعالج، الأفضل تتابع مع دكتور غدد عشان يعالجك على المدى البعيد.,"ANSWER: انا بعتلك المستشفى على طول, مش هتخاف, هتكون عايش.",,Incorrect
12,"مريضة: بنتي لقتني مغمى عليّا في شقتي اللي كانت ساقعة قوي، وجابتني المستشفى. حاسّة ببرد جامد ومخي مش مركّز.

مساعد طبي: فاهم إنك بتمرّي بوضع صعب. فاكرة إيه اللي حصل قبل ما يغمى عليكي؟ وعندِك مشاكل في الغدة الدرقية؟

مريضة: عندي مشاكل في الغدة الدرقية بقالها سنين، بس ما روحتش لدكتور بقالّي فترة طويلة. ولاحظت إن وشي وإيديا منفّخين قوي مؤخرًا.

مساعد طبي: إمتى آخر مرة أخدتي أدوية الغدة الدرقية؟ وعمَلتي أي جراحة في الرقبة قبل كده؟

مريضة: عملت عملية في الرقبة من سنين كتير، وباخد حبوب الغدة الدرقية بس خلصت منّي من كام شهر وما جِبتّش غيرها.

مساعد طبي: ده يفسّر حالتك دلوقتي. إنتِ عندِك حالة خطيرة اسمها غيبوبة الوِذمة المُخاطية بسبب نقص هرمونات الغدة الدرقية. لازم نبدأ علاج بهرمونات الغدة الدرقية في الوريد فورًا.

مريضة: ده خطير؟ أنا حاسّة إني مش عارفة أتنفّس كويس وحركتي بطيئة قوي.",إنتِ في حالة خطيرة، بس مع العلاج السريع، حتسترد. لازم تاخدي العلاج في المستشفى and we'll monitor you closely.,أيوه، المرض ده ممكن يكون خطير وخطير جدًا كمان. لازم تروحي المستشفى ويدخّلوكي العناية المركزة عشان يعالجوكي بهرمونات الغدة الدرقية عن طريق الوريد. ولو ما اتعالجتيش بسرعة ممكن يسبب قصور في وظائف القلب والجهاز التنفسي، وده ممكن يؤدي للوفاة. الخبر الحلو إن المرض ده ممكن يتعالج على المدى البعيد. أول ما تطلعي من المستشفى، تتابعي مع دكتور غدد عشان يعالجِك على المدى البعيد عن طريق إنك تاخدي هرمونات الغدة الدرقية.,ANSWER: إنتِ في حالة خطيرة، بس مع العلاج السريع، حتسترد. لازم تاخدي العلاج في المستشفى and we'll monitor you closely.,,Incorrect
13,"مريض: جوزي أغمى عليه النهارده الصبح! لقيته في أوضة النوم مُغمى عليه وبيترعش وبيعرق جامد. عنده خمسة وستين سنة وعنده السكر وبياخد إنسولين وجليبيرايد.

مساعد طبي: فاهم قلقِك، دي حالة طارئة. قِستوله السكر؟ وكان بيتصرف طبيعي قبل ما يغمى عليه؟

مريض: أيوه، قسنا السكر وكان اتنين وتلاتين بس! قبل ما يغمى عليه كان بيتصرف بغرابة، كان متلخبط ومتعصّب قوي. نبضه سريع حوالي مية وعشرين نبضة في الدقيقة.

مساعد طبي: ده هبوط شديد في سكر الدم ومحتاج تدخل فوري. هو أخد أدويته النهارده الصبح؟ وفطر؟ كمان، هل في ريحة فاكهة في نفسه؟

مريض: أخد أدويته كلها الصبح بس ما فطرش. هو ماشي على نظام صيام جديد عشان يخسّ. ولأ، مفيش ريحة فاكهة في نفسه.

مساعد طبي: لازم يتنقل فوراً للمستشفى عشان ياخد محلول جلوكوز في الوريد أو حقنة جلوكاجون. دي غيبوبة هبوط سكر بتأثر على المخ وبتحتاج تدخل طبي فوري. اتصلي بالإسعاف دلوقتي.

مريض: هاتصل بالإسعاف حالا. ينفع أعمل حاجة دلوقتي تساعده لحد ما الإسعاف يوصل؟","Give him some juice or sugar right now if he can swallow, and keep him lying down.",دي حالة طارئة، ما ينفعش تستني. اتصلي بالإسعاف حالاً. بما إنه فاقد الوعي، هيحتاج جلوكوز في الوريد. الحاجة الوحيدة اللي تقدري تعمليها إنك تتأكدي إنه يوصل المستشفى فوراً.,"Give him some juice or sugar right now if he can swallow, and keep him lying down.",,Correct
14,"مريض: السلام عليكم، أنا ابن المريض. والدي عنده تمانين سنة وهو في دار مسنين، وجابوا الطوارئ عشان حالته ساءت فجأة. هو تقريبًا فاقد الوعي ومش بيستجيب لنا زي العادي.

مساعد طبي: وعليكم السلام. أنا متفهم قلقكم. ممكن تقولّي التاريخ المرضي بتاع والدك؟ وإيه الأعراض اللي لاحظتوها عليه مؤخرًا؟

مريض: والدي عنده السكر من النوع تاني وعنده خرف. كان عنده التهاب رئوي قريب واتعالج منه. الأسبوع اللي فات لاحظنا إنه خَسّ جامد وكان شكله عنده جفاف شديد. جلده بقى سايب أوي.

مساعد طبي: دي أعراض مقلقة جدًا. لاحظتوا أي تغيير في تنفّسه؟ كان بيتنفس بسرعة أو بصعوبة؟ وآخر قراية سكر اتقاست له كانت كام؟

مريض: لا، تنفّسه مش سريع بس ضعيف. أول ما وصلنا المستشفى قالوا إن سكر الدم عنده عالي جدًا — 950! وكمان عملوا له فحوصات تانية وقالوا إن في حاجة اسمها الأسمولية عالية جدًا برضه.

مساعد طبي: دي حالة طوارئ وبتحتاج تدخل فوري. والدك عنده حالة اسمها متلازمة فرط الأسمولية اللاكيتونية. هنحتاج نديه محاليل وريدية بكميات كبيرة بس بشكل تدريجي ومنظّم، وكمان إنسولين بجرعات محسوبة. عندكم أي أسئلة عن خطة العلاج؟

مريض: شكرًا على التوضيح. إحنا واثقين في الفريق الطبي تمامًا. بس عايز أعرف: حالته هتتحسن؟ والعلاج ممكن ياخد وقت قد إيه؟ إحنا قلقانين عليه جدًا.",إن شاء الله حاله هيتحسن مع العلاج، بس هتاخد وقت. هتكون في العناية لمدة أيام عشان نراقب حالة.,أيوه، الحالة دي ممكن تبقى خطيرة لو ما اتعالجتش في الوقت المناسب وبأسرع وقت. المريض ممكن يتحسّن خلال ساعات بعد ما ياخد إنسولين وسوايل، بس عند بعض المرضى ممكن تاخد أكتر من 24 ساعة. أغلب المرضى بيطلعوا من المستشفى بعد يومين أو تلاتة، إلا لو فيه التهاب بكتيري ومحتاج مضادات حيوية.,ANSWER: إن شاء الله حاله هيتحسن مع العلاج، بس هتاخد وقت. هتكون في العناية لمدة أيام عشان نراقب حالة.,,Incorrect
15,"مريض: دكتور، حاسس بتنميل جامد حوالين بُقي وفي أطراف صوابعي بدأ من كام ساعة. وكمان حاسس بقلق شديد وتوتر غريب.

مساعد طبي: فاهم قلقك. إنت عملت استئصال كامل للغدة الدرقية امبارح، صح؟ لاحظت أي تقلصات/تشنجات في إيديك أو في وشّك؟

مريض: أيوه، بالظبط من ٢٤ ساعة. والغريب إن لما الممرض قاسلي الضغط من شوية، إيدي اتشنجت وبقت زي المخلب! مش قادر أتحكم فيها.

مساعد طبي: دي علامة مهمة جداً. خلّيني أكشف على وشّك شوية. حاسس دلوقتي بأي صعوبة في التنفس أو البلع؟

مريض: لأ، التنفس طبيعي بس حاسس بتشنجات في عضلات وشي كمان. ده طبيعي بعد العملية؟ أنا خايف جداً.

مساعد طبي: اللي عندك ده مش طبيعي ومحتاج علاج فوراً. دي أعراض نقص حاد في الكالسيوم بسبب تأثر الغدد جار الدرقية أثناء العملية. هنبدأ كالسيوم في الوريد فوراً علشان نمنع مضاعفات خطيرة.

مريض: يا نهار أبيض! يعني ده خطير؟ إمتىهتحسن؟ وهل الأعراض دي هتكمّل معايا على طول؟","ده حالة temporary, but we need to control it fast. You'll need calcium and vitamin D supplements for a while, and we'll monitor your levels.",أيوه، المرض ده خطير لو ما اتعالجش فورًا. لازم تدخل المستشفى، وبالذات العناية المركزة، عشان تاخد كالسيوم في الوريد. العلاج سريع، أول ما الكالسيوم يدخل الحالة هتستقر. وعلى المدى البعيد الحمد لله المرض ده ليه علاج، والمتابعة مع دكتور الغدد ضرورية، ولازم تاخد الدوا باستمرار من غير ما توقفه، ده مهم جدًا.,"ANSWER: ده حالة temporary, but we need to control it fast. You'll need calcium and vitamin D supplements for a while, and we'll monitor your levels.",,Correct
16,"مريض: السلام عليكم يا دكتور. عندي كحة ناشفة مستمرة بقالها فترة، وبحس بضيق في النفس لما أشيل حاجات تقيلة في الشغل.

مساعد طبي: وعليكم السلام. فاهم تعبك. ممكن تقولي طبيعة شغلك وبقالك كام سنة شغال فيه؟

مريض: أنا بشتغل في البناء من عشرين سنة، وباشتغل في ترميم عمارات سكنية قديمة. وكمان أنا بدخّن من زمان.

مساعد طبي: ده مهم جدًا. بتحس بألم في الصدر أو سخونية؟ وهل لاحظت دم في الكحة؟

مريض: لا، مفيش ألم في الصدر ولا سخونية، ومفيش دم في الكحة. بس ملاحظ إن أدائي في الرياضة بيقل تدريجيًا.

مساعد طبي: حسب شغلك وأعراضك، محتاجين نعمل فحوصات إضافية. هحوّلك للدكتور خالد يعملك CT high-resolution على الصدر عشان نقيّم الرئة بدقة.

مريض: هو في خطورة من التعرّض للتراب والمواد اللي في المباني القديمة؟ أنا قلقان من الأعراض دي.",مش عارف، but your symptoms and job history suggest possible occupational lung disease like silicosis or asbestosis. The CT will help us confirm. Stop smoking immediately and wear proper protection at work.,بما إنك كنت شغال في موقع بناء لفترة طويلة، فغالبًا اتعرّضت للأسبستوس. دي مادة بتطلع ألياف دقيقة في الهوا، ولو اتنفست الألياف دي مع الوقت ممكن تعمل تليّف/تندّب في الرئة. وده ممكن يسبب تليّف الرئة، أو نوع نادر من السرطان اسمه ورم المتوسطة، وده سرطان بيصيب بطانة الرئة. عشان كده مهم نعمل فحوصات تصوير عشان نفهم سبب الأعراض اللي عندك وتاخد العلاج المناسب.,ANSWER: مش عارف، but your symptoms and job history suggest possible occupational lung disease like silicosis or asbestosis. The CT will help us confirm. Stop smoking immediately and wear proper protection at work.,,Incorrect
17,"مريض: السلام عليكم يا دكتور، عندي مشاكل في النوم وبحس بتعب شديد طول النهار مع إني بنام ساعات كفاية.

مساعد طبي: وعليكم السلام، أهلاً بيك. ممكن تحكيلي أكتر عن التعب ده؟ بتحس بيه إمتى وهو شديد قد إيه؟

مريض: بصراحة بنام في أوقات مش مناسبة خالص، حتى في الاجتماعات أو وأنا بقرا. ومراتي دايماً بتشتكي من شخيري العالي أوي.

مساعد طبي: فاهم، ده مهم جداً. هل مراتك أو أي حد تاني لاحظ إن نفسك بيقف وإنت نايم؟ وإنت بتكون حاسس بإيه لما تصحى الصبح؟

مريض: أيوه، مراتـي بتقول إني نفسي بيقف وبعدين بطلّع شهيق عالي فجأة. وبصحى كل يوم عندي صداع في راسي من قدام وبقي ناشف قوي.

مساعد طبي: دي أعراض مهمة جداً وبتشير لاحتمالية إن يكون عندك انقطاع النفس أثناء النوم. محتاج أسألك: إنت بتدخن؟ وهل جالك قبل كده أمراض في الرئة أو ربو؟

مريض: لا، أنا ما بدخنش خالص ومعنديش أي أمراض في الرئة ولا ربو. بس عندي ضغط وباخد له أدوية بقالى فترة.","انا حأخليك تحليل لاختبار النوم to make sure, and I'll prescribe you a CPAP machine if needed. Also, I'll check your thyroid and blood sugar.",دي مش حالة طارئة، بس محتاجة علاج لأن ضعف التنفّس أو انقطاع النفس أثناء النوم بيعمل قلة تركيز وإرهاق في النهار، وممكن يعلّي الضغط وممكن يسبّب مضاعفات في ضربات القلب. مهم تعمل دراسة نوم عشان نحدد إذا في ضعف في التنفّس أثناء النوم. والعلاج هو السي باب (CPAP)، يعني جهاز صغير بيدي ضغط خفيف عشان يخلّي مجرى النفس مفتوح وإنت نايم.,"ANSWER: انا حأخليك تحليل لاختبار النوم to make sure, and I'll prescribe you a CPAP machine if needed. Also, I'll check your thyroid and blood sugar.",,Correct
18,"مريض: السلام عليكم يا دكتور. عندي كحة ماراحتش بقالها حوالي شهرين، والموضوع مضايقاني جدًا بالذات بالليل.

مساعد طبي: وعليكم السلام. فاهم إن الكحة متواصلة من شهرين. طيب الكحة دي بدأت بعد دور برد أو التهاب في الجهاز التنفسي؟

مريض: أيوه، بدأت بعد دور برد جالي. والمشكلة إن الكحة ناشفة خالص ومفيش أي بلغم بيطلع معاها، وبتوّحش لما أتكلم كتير في الفصل عشان أنا مُدرّسة.

مساعد طبي: تمام. وبتلاحظي حاجات تانية بتزود الكحة غير الكلام المتواصل؟

مريض: أيوه، لما أتعرض لهوا ساقع الكحة بتزيد. وهل يفرق في حاجة إن كان عندي إكزيما وأنا صغيرة؟

مساعد طبي: أيوه، ده مهم جدًا. تاريخ الإكزيما في الطفولة ممكن يكون له علاقة. بتحسي بضيق نفس أو صفير في الصدر أو ضيق في الصدر؟

مريض: لا، مش بحس بأي حاجة من دول. بس الكحة الناشفة اللي مضايقاني بالليل ومش سيباني أنام في سلام.","ده بتشبه كحة من تهيج in the throat or post-viral cough. انا هاكتب لك some medicine for the cough and some drops for your throat. If it doesn't get better in two weeks, we'll do some tests to check for other causes.",الوضع ده مش مقلق، بس محتاج علاج. والأهم نتأكد إن ماعندكيش ربو ممكن يسبب كحة مزمنة حتى من غير صفير. الخطوات اللي جاية: لازم نعمل اختبار وظائف الرئة، وفي اختبار تاني اسمه الميثاكولين ممكن يساعدنا نأكد التشخيص. العلاج شبه علاج الربو: بخاخ كورتيزون، وفنتولين بيوسّع الشعب الهوائية، ودواء للحساسية.,"ANSWER: ده بتشبه كحة من تهيج in the throat or post-viral cough. انا هاكتب لك some medicine for the cough and some drops for your throat. If it doesn't get better in two weeks, we'll do some tests to check for other causes.",,Incorrect
19,"مريض: السلام عليكم يا دكتور. أنا عندي كحة مستمرة بقالها سنين طويلة، وزادت جامد في السنة اللي فاتت. والبلغم بقى أتقل ولونه أخضر.

مساعد طبي: وعليكم السلام. فاهم معاناتك مع الكحة المزمنة دي. لاحظت أي أعراض تانية معاها؟ وخدت مضاد حيوي قبل كده للمشكلة دي؟

مريض: أيوه، خدت مضاد حيوي كذا مرة عشان الدكاترة قالوا إنه التهاب في الشعب. وكمان عندي انتفاخ في البطن وإسهال دهني، خصوصاً بعد الأكل الدسم. وكمان خسّيت 4 كيلو في الفترة الأخيرة.

مساعد طبي: الأعراض دي مقلقة شوية. عندك تاريخ عائلي للربو أو لأمراض تنفسية وراثية؟ وإيه وضع وزنك بشكل عام طول عمرك؟

مريض: لا، ماعنديش تاريخ عائلي للربو ولا لأمراض وراثية. وبالنسبة للوزن، أنا رفيع من وأنا طفل رغم إني باكل كميات كبيرة. الموضوع ده محيرني ومحير أهلي.

مساعد طبي: حسب اللي إنت بتوصفه—كحة مزمنة مع بلغم تقيل، فقدان وزن رغم الأكل الكتير، ومشاكل في الهضم—أنا شايف إننا محتاجين نعمل فحوصات متخصصة. هحوّلك للدكتور خالد عشان يعملك كشف شامل وتحاليل معمل معيّنة.

مريض: شكراً. حضرتك شايف إن في حاجة خطيرة؟ أنا قلقان لأن الأعراض دي مأثرة على حياتي اليومية وشغلي، وعايز أعرف السبب الحقيقي ورا كل ده.","إنت عايز تاخد فحوصات مثل X-ray, CT scan, and stool tests. Also, we need to check for cystic fibrosis or other chronic lung diseases.",التشخيص ده ممكن يكون سيستك فايبروسِس، ودي حالة مزمنة وبتحتاج متابعة ورعاية عند دكتور صدر/رئة متخصص في السيستك فايبروسِس. أول حاجة لازم نتأكد من التشخيص عن طريق تحليل العرق (Sweat test)، وكمان التحليل الجيني الوراثي، وفي فحوصات تانية زي أشعة مقطعية على الرئة (CT). الحمد لله دلوقتي في أدوية جديدة ممكن المريض ياخدها عشان تفضل الرئة بحالة كويسة وتمنع التدهور اللي ممكن يوصل لمرحلة يحتاج فيها لزراعة رئتين زي زمان.,"ANSWER: إنت عايز تاخد فحوصات مثل X-ray, CT scan, and stool tests. Also, we need to check for cystic fibrosis or other chronic lung diseases.",,Incorrect
20,"مريض: السلام عليكم يا دكتور. أنا بقالي حوالي ست شهور عندي ضيق في النفس، وبيوحش واحدة واحدة. وكمان عندي كحة ناشفة مستمرة ومضايقاني جدًا.

مساعد طبي: وعليكم السلام. فاهم معاناتك من ضيق النفس والكحة الناشفة. ممكن تحكيلي عن تاريخك المرضي؟ وهل بتاخد/ي أي أدوية دلوقتي؟

مريض: أيوه، عندي تاريخ مع التهابات المسالك البولية اللي بتتكرر. وعشان كده باخد نيتروفورانتوين يوميًا بقالي حوالي سنتين كوقاية. عمري ما دخنت، ومابتعرّتش لأي تراب في الشغل.

مساعد طبي: دي معلومات مهمة جدًا. النيتروفورانتوين ممكن يسبب مشاكل في الرئة مع الاستخدام لفترة طويلة. عملت/ي فحص على صدر قريب؟ وإيه كانت نتيجة قياس الأكسجين في الدم؟

مريض: أيوه، عملت أشعة على الصدر وبيّنت زيادة في العلامات الخلالية. وكمان دكتور المسالك البولية قلقان من انخفاض الأكسجين عندي؛ وصل لـ ٩٢٪ على الهوا العادي. وفي الكشف الإكلينيكي سمع الدكتور أصوات في قاعدة الرئتين.

مساعد طبي: حسب الأعراض دي وتاريخ الدوا والفحوصات، غالبًا عندك تليّف رئوي بسبب النيتروفورانتوين. لازم نوقف الدوا ده فورًا ونتواصل مع دكتور المسالك البولية عشان نلاقي بديل آمن. وكمان هنحتاج نعمل أشعة مقطعية عالية الدقة على الرئتين عشان نقيّم مدى الضرر.

مريض: ده مقلق جدًا. يعني الدوا اللي كان بيحميني من التهابات المسالك البولية سبّب ضرر لرئتي؟ وهل ممكن حالتي تتحسن بعد ما أوقف الدوا؟","أيوه، ده ممكن. تليف الرئة من النيترoforantion can be serious, but stopping the drug early can help. We need to monitor your lungs closely and start treatment to manage symptoms.",أيوه للأسف، لو مافيش سبب تاني، النيتروفورانتوين ممكن يسبب تليّف في الرئة. والأفضل نوقف الدوا ده في أسرع وقت ممكن عشان نتجنب تدهور حالة الرئة. ممكن الرئة تتحسن مع الوقت، بس غالبًا هتفضل زي ما هي، وده بيعتمد على نتيجة الأشعة المقطعية على الرئة. لو فيه تليّف مزمن، غالبًا مش هيتحسن.,"ANSWER: أيوه، ده ممكن. تليف الرئة من النيترoforantion can be serious, but stopping the drug early can help. We need to monitor your lungs closely and start treatment to manage symptoms.",,Correct
21,"مريض: السلام عليكم يا دكتور. أنا حاسس بضيق في النفس من ساعة ما خرجت من المستشفى الشهر اللي فات، والموضوع بيّوحش كل يوم.

مساعد طبي: وعليكم السلام. فاهم قلقك. عندك أي أعراض تانية زي سخونية أو ألم في الصدر؟ وإيه الأدوية اللي بتاخدها دلوقتي؟

مريض: لا مفيش سخونية ولا ألم في الصدر، بس عندي كحة ناشفة على طول. الدكتور كتبلي أميودارون وأبيكسابان بعد أخر مشكلة ليا في القلب.

مساعد طبي: امتى بالظبط الأعراض دي بدأت؟ ولاحظت أي تغيير في قدرتك إنك تكمل الأنشطة اليومية بتاعتك؟ 

مريض: تقريبًا الأعراض بدأت بعد حوالي أسبوعين من ساعة ما بدأت العلاج. طلوع السلم بقى مُتعِب جدًا، وبحس بضيق في النفس حتى وأنا بمشي مسافات قصيرة.

مساعد طبي: ده مهم جدًا. الأميودارون ممكن ساعات يسبب مشاكل في الرئة. هحوّلك فورًا للدكتور خالد عشان يعمِلّك كشف عاجل ونعمل أشعة سينية على الصدر. ممكن نحتاج نوقف الأميودارون.

مريض: يعني حضرتك تقصد إن الدوا ممكن يكون سبب المشاكل دي؟ أنا قلقان عشان أخذ النفس بقى أصعب من قبل زمان.",إحنا هنسحب الدواء ونسوي الفحوصات. مش هتخاف، هتكون عايش.,غالبًا الأميودارون عمل تسمّم في الرئة، ولازم نوقف الدوا ده بأسرع وقت بعد ما نبلّغ دكتور القلب عشان يقدر يغيّره لدوا تاني. الحمد لله مع الوقت ممكن الرئة تتحسّن مع علاج الكورتيزون، وهنفضل نتابع وظائف الرئة وهنعيد الأشعة المقطعية (CT) بعد 3 شهور عشان نتأكد إن في التحسّن. مفيش داعي تقلق، وضع الرئة مستقر ومش متوقعين يسوء لو بطّلت تاخد الدوا.,ANSWER: إحنا هنسحب الدواء ونسوي الفحوصات. مش هتخاف، هتكون عايش.,,Incorrect
22,"مريض: السلام عليكم يا دكتور. عندي كحّة ناشفة بقالها كذا أسبوع، وبحس بضيق في النفس بالذات وأنا طالِع السلم.

مساعد طبي: وعليكم السلام. فاهم تعبك. بيجيلك سخونية ساعات؟ وإمتى بالظبط الأعراض دي بدأت؟

مريض: أيوه، ساعات بحس بسخونية بسيطة بالليل. الأعراض بدأت من حوالي تلات شهور، وبتسوء واحدة واحدة.

مساعد طبي: بتدخّن؟ أو عندك تاريخ مرضي في الربو؟ وحصل أي تغييرات في بيئة البيت عندكم قريب؟

مريض: لا مش بدخّن، وما جاليش ربو قبل كده. بس بنتي سابت عندي طير البادجي بتاعها من حوالي أربع شهور.

مساعد طبي: ده مهم جداً. وجود الطير ممكن يبقى ليه علاقة بأعراضك. بتحس إنك بتتحسّن لما تبقى برّه البيت لفترات طويلة؟

مريض: وإنت بتقول دلوقتي فاكرّتني، أيوه بحس بتحسّن شوية لما أبقى في الشغل أو برّه البيت لساعات طويلة. يعني ده معناه إن الطير هو السبب؟","ده مش عادي. انا عايز اعمل لك بعض الفحوصات to make sure, but I think the birds might be causing your symptoms. Try to keep them away from your living space for a while and see if you feel better.",التهاب الرئة التحسّسي (وأحيانًا بيتقال عليه «رئة مُربّي الطيور») بيحصل في الرئة كردّ فعل تحسّسي من مُسبّبات الحساسية اللي موجودة في الطيور، زي الريش أو فضلاتها أو ترابها. غالبًا بيكون الطائر نفسه هو سبب الأعراض، فالمهم تتجنّب التعرّض ليه وتروح لدكتور متخصص أمراض صدر/رئة عشان يعمل الفحوصات اللازمة ويتأكّد إن مافيش أي تلف في الرئة.,"ANSWER: ده مش عادي. انا عايز اعمل لك بعض الفحوصات to make sure, but I think the birds might be causing your symptoms. Try to keep them away from your living space for a while and see if you feel better.",,Incorrect
23,"مريض: السلام عليكم يا دكتور. أنا ممرّضة من الفلبين، سني خمسين سنة. عندي كحة مزمنة بقالها تقريبًا شهرين، وبحس بتعرّق ليلي شديد بيصحّيني من النوم. وكمان لاحظت إن وزني قل حوالي خمسة كيلو.

مساعد طبي: وعليكم السلام. فاهم اللي إنتِ فيه، دي أعراض محتاجة تقييم دقيق. لاحظتي أي تغيّرات في البلغم أو وجود دم فيه؟ وهل عندك تاريخ قبل كده مع أي فحوصات للسل؟

مريض: أيوه، الصبح ساعات بلاحظ خيوط دم في البلغم. وبصراحة، من فترة عملت تحليل IGRA وطلع إيجابي، بس للأسف ما كملتش العلاج الوقائي اللي اتكتبلي.

مساعد طبي: دي معلومة مهمة جدًا. كونك ممرّضة واتعرّضتي للسل قبل كده ومع وجود الأعراض دي، ده مقلق. عندك أي أمراض مزمنة زي السكر أو الضغط أو الربو؟

مريض: لا الحمد لله معنديش أي واحد من الأمراض دي. بس الكحة بتسوء، والتعرّق الليلي بقى تقريبًا كل يوم. تفتكر ده ممكن يكون سل نشط؟

مساعد طبي: أيوه، الأعراض اللي بتوصفيها مع تاريخك الطبي بتشير بقوة لاحتمالية وجود سل رئوي نشط. هنحتاج نعزلك فورًا كإجراء وقائي ونعمل فحوصات بلغم شاملة: AFB وGeneXpert عشان نتأكد من التشخيص.

مريض: فاهمة ضرورة الإجراءات الوقائية، خصوصًا إني شغّالة في المجال الطبي. إمتى أقدر أبدأ الفحوصات دي؟ وهل هحتاج أفضل في المستشفى؟",هنعمل الفحوصات اليوم، وده بيحتاج دخول المستشفى عشان العزل. هنبدأ العلاج فور ما نأكد التشخيص.,أيوه، لازم نبدأ بالفحوصات اللي منها مزرعة بلغم لميكروب الدرن كل يوم الصباح لمدة تلات أيام. والعزل الوقائي والأفضل يكون في المستشفى لو عندك أطفال أو حد كبير في السن أو عنده مشاكل في المناعة. ولما تخرجي من البيت لازم تلبسي ماسك واقي اسمه N95 عشان يمنع انتشار الدرن. الحمد لله العلاج موجود، وأول ما نتأكد من التشخيص هنبدأ مضاد حيوي لمدة ٦ شهور.,ANSWER: هنعمل الفحوصات اليوم، وده بيحتاج دخول المستشفى عشان العزل. هنبدأ العلاج فور ما نأكد التشخيص.,,Incorrect
24,"مريضة: السلام عليكم يا دكتور، أنا خايفة جدًا. بنتي عندها ستاشر سنة، وبقالها فترة بتكح دم، والنهارده الوضع أوحش بكتير وعندها صعوبة شديدة في التنفّس.

مساعد طبي: وعليكم السلام، فاهم قلقِك. الأعراض دي بدأت إمتى لأول مرة؟ والكحّة كان دايمًا معاها دم ولا ده تطوّر جديد؟

مريضة: الكحّة مع الدم بتحصل على فترات متباعدة بقالها حوالي سنة، بس النهارده أسوأ بكتير. وهي كمان بتشتكي من ضيق شديد في الصدر وصعوبة في التنفّس حتى وهي مرتاحة.

مساعد طبي: دي أعراض خطيرة وبتحتاج تقييم عاجل. بنتِك بتدخّن أو كان عندها أي مشاكل صحية قبل كده؟ وبتاخد أي أدوية حاليًا؟

مريضة: لا، هي ما بتدخّنش خالص وما كانش عندها مشاكل صحية قبل كده. إحنا من السودان وعايشين في الإمارات بقالنا سنتين. دورتها الشهرية منتظمة ومش بتاخد أي أدوية.

مساعد طبي: شكرًا للمعلومات. حسب الأعراض والفحوصات المبدئية، واضح إن بنتِك محتاجة رعاية طبية فورية في العناية المركزة. وهنحتاج نعمل فحوصات مخصوص على القلب والرئتين.

مريضة: يعني الوضع خطير جدًا؟ أنا قلقانة أوي وعايزة أفهم إيه اللي بيحصل لها بالظبط.","ده حالة خطيرة، ممكن يكون انفلونز or infection, or even a pulmonary embolism. We need to do tests immediately to know the exact cause.",أيوه، المرض ممكن يبقى خطير ومحتاج اهتمام ضروري، يعني لازم تدخل المستشفى ونعملها الفحوصات المطلوبة: إيكو على القلب (سونار/أشعة صوتية على القلب)، CT على الصدر، وتحاليل دم شاملة. ولازم نتأكد إن ارتفاع ضغط الرئة مش ضروري يكون بسبب أمراض المناعة. ولما نتأكد من التشخيص، بنبدأ العلاج اللي عادةً بيبقى فيه كذا دواء لتقليل ضغط الرئة.,"ANSWER: ده حالة خطيرة، ممكن يكون انفلونز or infection, or even a pulmonary embolism. We need to do tests immediately to know the exact cause.",,Incorrect
25,"مريض: دكتور، أنا مش قادر أتنفّس طبيعي… حاسس إن صدري ضيّق أوي ومش قادر أكمل كلامي.

مساعد طبي: فاهم إن عندك صعوبة في التنفّس. عندك ربو؟ وإمتى الأعراض دي بدأت؟

مريض: أيوه، عندي ربو من وأنا صغير… ودخلت المستشفى مرة وأنا طفل…من امبارح وأنا طول اليوم بستخدم البخّاخ كل ساعة بس مفيش فايدة.

مساعد طبي: ده وضع خطير ومحتاج رعاية فورية. بتستخدم البخّاخ الوقائي بانتظام؟ وإيه نوع البخّاخ اللي بتستخدمه للطوارئ؟

مريض: البخّاخ الوقائي… بصراحة ما كنتش بستخدمه بانتظام… وبخّاخ الطوارئ فنتولين… بس ما بقاش نافع معايا.

مساعد طبي: أنا شايف إنك بتستخدم عضلات زيادة عشان تتنفّس وسامع أزيز. ده بيشير لنوبة ربو حادّة وهتحتاج علاج طوارئ فورًا. هنبدأ ببخّاخات مركّزة وكورتيزون.

مريض: هو الوضع خطير؟ أنا خايف… مش قادر أتكلم كتير.","مش خايف، هنتعالجك. هأعطيك دواء بامض and steroids to open your airways. If you don't get better, you might need to go to the hospital.",المهم ما تتوترش ولا تخاف من التشخيص ده. عندك أزمة ربو وبتحتاج علاج بسرعة. ممكن نحتاج ندخّلك العناية المركزة عشان نتابعك متابعة دقيقة. هنبدأ بالكورتيزون وبالفنتولين عشان نوسّع الشعب الهوائية بأسرع وقت. لازم ترتاح وتتنفّس بهدوء ومن غير ما تتكلم لحد ما تتحسّن.,"ANSWER: مش خايف، هنتعالجك. هأعطيك دواء بامض and steroids to open your airways. If you don't get better, you might need to go to the hospital.",,Incorrect
26,"مريض: السلام عليكم، أنا محتاجة مساعدة عاجلة بسرعة. حاسة بألم حاد فجأة في الناحية اليمين من صدري وعندي صعوبة في التنفّس بقالها حوالي ساعة.

مساعد طبي: وعليكم السلام. فاهمة إنك حاسة بألم في الصدر وصعوبة في التنفّس. الأعراض دي بدأت إمتى بالظبط؟ وكنتِ بتعملي أي مجهود أو نشاط وقت ما بدأت؟

مريض: الألم بدأ فجأة وأنا قاعدة في البيت، ما كنتش بعمل أي مجهود. الألم شديد قوي وبيزيد لما آخد نفس عميق.

مساعد طبي: ده مقلق. اتعرّضتي لإصابة أو حصلتلك حادثة قريب؟ وعندك أي تاريخ مرضي أو بتدخّني؟

مريض: لا، ما اتعرّضتش لأي إصابة ومش بدخّن. ما عنديش أي مشاكل صحية. سني 25 سنة وبشتغل مُدرّسة.

مساعد طبي: حسب الأعراض اللي بتوصفيها—ألم حاد مفاجئ في الصدر وصعوبة في التنفّس—ده محتاج تقييم طبي فوراً. أنصحك تروحي الطوارئ حالاً عشان يعملوا أشعة سينية على الصدر (إكس راي) وكشف كامل.

مريض: حاضر، هروح المستشفى دلوقتي. ممكن تكون دي حاجة خطيرة؟ أنا قلقانة جدًا والوجع مش بيتحسّن.","ده ممكن يكون signs of a pulmonary embolism or other serious condition, so don’t delay. Go to the emergency room immediately.",الموضوع مش خطير، بس محتاج علاج بسرعة. من فضلك روحي الطوارئ. هناك الدكتور هيطلب أشعة X-ray على الصدر. لو هبوط الرئة كبير، هتحتاجي قسطرة يركّبوها بين الضلوع عشان يوسّعوا الرئة لحجمها الطبيعي. وممكن تحتاجي تفضلي يوم أو يومين في المستشفى للعلاج لحدّ ما الرئة تتمدّد زي اللازم وبعدين يشيلوا القسطرة. ما تقلقيش، الموضوع ممكن يتعالج بسهولة.,"ANSWER: ده ممكن يكون signs of a pulmonary embolism or other serious condition, so don’t delay. Go to the emergency room immediately.",,Correct
27,"مريض: دكتور، عندي ألم شديد في الصدر وضيق في النفس بقالي يومين، والوضع بيسوء.

مساعد طبي: فاهم قلقك. ممكن توصف/يلي طبيعة ألم الصدر؟ وهل عندك تورّم في الرجلين؟

مريض: الألم حاد وبيزيد مع النفس، وحاسس/ة برفرفة سريعة في القلب. أيوه، رجليّا وارمين بقالهم كذا شهر.

مساعد طبي: حسب تاريخك المرضي مع متلازمة الأجسام المضادّة للفوسفوليبيد والجلطات اللي جتلك قبل كده، دي أعراض ومحتاجة تقييم فوري. إنت بتاخد/ي أبيكسابان زي ما مكتوبلك؟

مريض: أيوه، باخده بانتظام. بس السنة اللي فاتت بقى صعب عليّا أبذل أي مجهود، حتى طلوع السلم بقى مُتعب جدًا.

مساعد طبي: التدهور التدريجي ده مع الأعراض الحالية ممكن تشير لحالة خطيرة. هاطلب CT scan على الرئتين فورًا وهاتواصل مع فريق الطوارئ المتخصص في الجلطات الرئوية.

مريض: هو الموضوع خطير أوي؟ أنا كمان حاسس/ة بدوخة كأني ممكن يغمى عليّا.",إنت عايز/ة تدخل المستشفى فورًا عشان نتحكم في الحالة. هأمر بoxygen and start you on IV medications to stabilize your condition.,إنت عندك أعراض جلطة في الرئة، ودي حالة طوارئ. بتحصل لما شرايين الرئة تتسد بجلطة دم، وغالبًا بتكون جاية من أوردة الرجل. إنت محتاج تدخّل عاجل، ولازم تروح حالًا لأقرب مستشفى لأن الحالة خطيرة جدًا.,ANSWER: إنت عايز/ة تدخل المستشفى فورًا عشان نتحكم في الحالة. هأمر بoxygen and start you on IV medications to stabilize your condition.,,Incorrect
28,"مريض: السلام عليكم يا دكتور، أنا قلقانة قوي. بقالي تلات أيام بكح دم، والكمية كبيرة وتخض. وكمان ملاحظة دم في البول.

مساعد طبي: وعليكم السلام، فاهم قلقِك تماماً. دي أعراض لازم يتكشف عليها فوراً. لاحظتي أي أعراض تانية قريب؟ وإيه تاريخِك المرضي؟

مريض: أيوه، ظهرلي بقع بنفسجية على دراعي، وحاسّة بسخونية وتعب شديد. وبالنسبة لتاريخي المرضي، بقالي فترة عندي آلام في المفاصل وطفح على وشي. ومامتي عندها ذئبة حمرا.

مساعد طبي: دي معلومات مهمة جداً. وجود تاريخ عائلي للذئبة والأعراض اللي بتقولي عليها — الكحة بدم، الدم في البول، والطفح — بتخلّينا نفكّر في احتمال متلازمة رئوية كلوية. دي حالة طارئة ومحتاجة تدخل فوري.

مريض: متلازمة رئوية كلوية؟ ده خطير؟ ويعني إيه بالظبط؟

مساعد طبي: أيوه، دي حالة خطيرة بتأثر على الرئتين والكليتين مع بعض بسبب التهاب في الأوعية الدموية الصغيرة. لازم نعمل فحوصات بسرعة ونبدأ كورتيزون بجرعات عالية فوراً. هكلم الدكتور خالد عشان يقيّم حالتك بشكل عاجل.

مريض: شكراً على التوضيح. أنا مستعدة لأي فحوصات أو أي علاج مطلوب. إمتى أقدر أشوف الدكتور خالد؟ وهل حالتي هتتحسن مع العلاج؟","هتشوف الدكتور اليوم، وده نوع من الذئرة, but we can control it with treatment.",حالتك محتاجة رعاية عاجلة، لأنها التهاب في الأوعية الدموية الصغيرة، ولازم نأكد التشخيص بتحاليل دم. عمومًا الحالة دي بتستجيب للعلاج المكسّف بالستيرويدز، وهتتحسّن الأعراض عندك.,"ANSWER: هتشوف الدكتور اليوم، وده نوع من الذئرة, but we can control it with treatment.",,Incorrect
29,"مريضة: السلام عليكم، أنا مِرات المريض. جوزي عنده خمسة وتمانين سنة وعنده خرف متقدّم. من يومين وهو بياخد أدوية الصبح شرق، ومن ساعتها وهو بيكحّ كتير وعنده سخونية.

مساعد طبي: وعليكم السلام. فاهمة قلقِك. ممكن توصفيلي الكحّة؟ بيطلع مع الكحّة بلغم ولا لأ؟ ولاحظتي عليه ضيق في التنفّس؟

مريضة: أيوه، الكحّة معاها بلغم، وبقى محتاج أكسجين لترين في الدقيقة وده جديد عليه. وكمان باين عليه تعبان قوي ونبضه سريع.

مساعد طبي: دي أعراض مقلقة خصوصًا بعد حكاية الشرقان. فاكرة نوع الدوا اللي كان بياخده لما شرق؟ وعملتوا أشعة على الصدر؟

مريضة: كان بياخد حبوبه المعتادة بتاعة الصبح، وأيوه عملنا أشعة سينية على الصدر وبيّنت حتّة التهاب في الفص السفلي اليمين. الدكتور قال شكلها زي الوتد.

مساعد طبي: حسب الأعراض والأشعة، واضح إن جوزِك عنده التهاب رئوي شفطي/استنشاقي نتيجة حادثة الشرقان. دي حالة طارئة وبتحتاج تدخّل طبي فوري. ممكن نحتاج نعمل أشعة مقطعية (CT) أو منظار شعب هوائية عشان نتأكد إن مفيش بقايا دوا في الرئة.

مريضة: ده خطير؟ ونعمل إيه دلوقتي؟ أنا قلْقانة عليه جدًا.","انا عارف انك قلقة, but we need to start antibiotics immediately and maybe adjust his oxygen. I'll refer you to a pulmonologist for further management.",المرض ده مش خطير، بس محتاج علاج بسرعة. الأفضل يدخل المستشفى عشان نعمل الفحوصات اللازمة، ومن ضمنها أشعة مقطعية على الرئتين. ممكن نحتاج نعمل منظار للشُعب الهوائية عشان نشوف لو فيه بواقي من حباية الدوا ونقدر نطلعها. وكمان لازم أخصائي تخاطب يقيّم البلع عشان ما يحصلش شرقة/شفط بالغلط وتيجي التهابات في الرئة بعد كده. الحالة محتاجة كام يوم عشان تتحسن، بس الحمد لله المرض ده له علاج.,"ANSWER: انا عارف انك قلقة, but we need to start antibiotics immediately and maybe adjust his oxygen. I'll refer you to a pulmonologist for further management.",,Correct
30,"مريض: السلام عليكم يا دكتور، أنا عندي ضيق في النفس بقاله أكتر من سنة، واتشخّصت ربو بس الأدوية مش بتساعدني خالص.

مساعد طبي: وعليكم السلام. فاهم معاناتك. تقدري توصفيلي إمتى ضيق النفس بيزيد وبيبقى أسوأ؟ وإيه الأدوية اللي جرّبتيها؟

مريض: بيزيد أوي لما أنام على السرير، ومبعرفش أنام على ضهري. وكمان بيزيد مع أي مجهود بسيط. جرّبت بخاخات الكورتيزون وموسّعات الشعب، وكمان أخدت أقراص كورتيزون كذا مرة وزني زاد جامد.

مساعد طبي: ده مقلق، خصوصاً إن الأعراض ما اتحسّنتش مع علاج الربو. حاسة بأي ضغط في منطقة الرقبة أو الصدر؟ وعندك حساسية أو بتدخّني؟

مريض: أنا مش بدخّن ومش عندي حساسية، بس آه، حاسة بضغط غريب تحت الرقبة. وكمان اختبار وظائف الرئة الأخير بيّن حاجة مش طبيعية في منحنى الزفير حسب ما الدكتور قالّي.

مساعد طبي: بناءً على اللي بتوصفيه—خصوصاً ضيق النفس مع الاستلقاء، وعدم الاستجابة لعلاج الربو، والضغط في الرقبة—أعتقد محتاجين فحوصات عاجلة. هحوّلك فوراً تعملي CT على الرقبة والصدر عشان نتأكد إن مفيش انسداد في القصبة الهوائية.

مريض: انسداد في القصبة الهوائية؟ ده يفسّر ليه أدوية الربو ما نفعتش معايا. شكراً يا دكتور، إمتى أقدر أعمل الأشعة دي؟","عايزين نعمل الأشعة اليوم إن ممكن, و إن كان مفيش عوارض, هأكتبك referral to the radiology department.",هنحجز الفحوصات في أقرب وقت ممكن. دي حالة انسداد مزمن في مجرى الهوا مع صعوبة في التنفّس، وهنعمل فحوصات تصوير علشان نحدد إذا كان فيه تضخّم في الغدّة الدرقية أو كتلة ضاغطة على القصبة الهوائية.,"ANSWER: عايزين نعمل الأشعة اليوم إن ممكن, و إن كان مفيش عوارض, هأكتبك referral to the radiology department.",,Incorrect
31,"مريض: يا دكتور، عندي ألم شديد أوي في الخصية الشمال من حوالي ساعتين. صحيت من النوم على الألم ده فجأة وبشكل جامد.

مساعد طبي: فاهم إن الألم شديد وجالك مرة واحدة. حاسس  إنك عايز الترجيع؟ وهل اتعرضت لأي خبطة أو إصابة في المنطقة دي قريب؟

مريض: أيوه، حاسس إني عايز أرجع أوي ورجّعت بالفعل مرتين من أول ما الألم بدأ. ما اتعرضتش لأي إصابة، الألم بدأ فجأة وأنا نايم.

مساعد طبي: دي أعراض مقلقة وبتحتاج تدخل طبي فوري. هحوّلك على طول للدكتور خالد في قسم الطوارئ. ده شبه التواء الخصية، وده بيحتاج تدخل جراحي عاجل.

مريض: التواء الخصية؟ ده خطير؟ أنا رياضي وخايف ده يأثر على مستقبلي الرياضي.","ده حالة خطير but if we operate fast, we can save the testis. Don't worry about your sports, we'll handle it.",التواء الخصية حالة طارئة ومينفعش نأجل علاجها. لازم تروح فوراً للطوارئ عشان يعملوا التقييم اللازم. لو أهملت العلاج ممكن تفقد الخصية. غالباً ده مش هيأثر على صحتك العامة ولا على مستقبلك الرياضي، بس هيأثر على خصوبتك.,"ANSWER: ده حالة خطير but if we operate fast, we can save the testis. Don't worry about your sports, we'll handle it.",,Incorrect
32,"مريض: دكتور، عندي ألم شديد في الناحية الشمال من ضهري من امبارح بالليل، والوجع نازل لمنطقة الأعضاء التناسلية. وكمان عندي سخونية عالية أوي ورعشة

مساعد طبي: فاهم قصدك. عندك قبل كده تاريخ مع حصوات الكِلى؟ ولاحظت أي تغيير في لون البول أو ريحته؟

مريض: أيوه، عندي حصوة حجمها 8 ملّي في الكِلى الشمال، والعيادة اللي عندنا كانت بتتابعها. البول بقى مِعكّر وريحته وحشة، وكمية البول قلت قوي من 12 ساعة

مساعد طبي: دي أعراض خطيرة جدًا. مع السخونية والرعشة وتغيّر البول وتاريخ حصوات الكِلى، ده ممكن يشير لالتهاب شديد في الجهاز البولي. عندك/عندِك أي أمراض تانية زي السكر؟

مريض: أيوه، عندي سكر من النوع تاني. دكتور، حاسس بدوخة شديدة وتفكيري مش صافي، وحاسس إني مش كويس خالص

مساعد طبي: دي حالة طوارئ طبية. الأعراض اللي بتوصفيها/بتوصفها مع حصوة الكِلى بتشير لاحتمال إنتان بولي انسدادي. لازم ننقلك فورًا للمستشفى عشان نعمل فحوصات عاجلة وتاخد/تاخدي مضادات حيوية ومحاليل وريدية، وممكن تحتاج/تحتاجي إجراء جراحي عاجل

مريض: ربنا يستر... هو الموضوع خطير للدرجة دي؟ أنا خايف/ة جدًا","مش خايف، بس لازم نعمل الفحوص عاجل. هتكون في أيد آمنة, و هتتعالج.",أيوه للأسف الحالة خطيرة. لازم تروحي المستشفى بسرعة جدًا عشان نتأكد من التشخيص، ونبدأ مضاد حيوي في الوريد، ونعمل فحص ألتراساوند عشان نتأكد لو في انسداد بسبب الحصوة، ونعمل قسطرة للانسداد، ونسحب الحصوة ونشيل التقرّح.,"ANSWER: مش خايف، بس لازم نعمل الفحوص عاجل. هتكون في أيد آمنة, و هتتعالج.",,Incorrect
33,"مريض: السلام عليكم يا دكتور، أنا قلقان جدًا من حالتي. من تلات أيام طلعتلي حَبّة صغيرة في المنطقة التناسلية، بس الموضوع اتدهور بسرعة رهيبة

مساعد طبي: وعليكم السلام، فاهمك. احكيلي بالتفصيل الأعراض اللي حاسس بيها دلوقتي وإزاي الحَبّة دي اتطورت

مريض: الوجع بقى شديد جدًا في كيس الصفن والمنطقة اللي بين الرجلين، وفيه تورّم واحمرار. والأسوأ إن الجلد بقى لونه بنفسجي غامق، ولما ألمسه بحس بإحساس/صوت غريب كإن في فقاقيع تحت الجلد

مساعد طبي: دي أعراض خطيرة جدًا. عندك سخونية أو رعشة؟ وقولي على حالتك الصحية عمومًا، عندك أي أمراض مزمنة؟

مريض: أيوه، عندي سخونية وحاسس بتعب جامد وضعف عام. أنا عندي السكر من سنين وللأسف السكر عندي مش منتظم، ووزني زايد جدًا. وكمان الحركة صعبة عليّا فمش قادر أهتم بنضافتي الشخصية زي اللي مفروض.

مساعد طبي: دي حالة طوارئ طبية خطيرة جدًا اسمها غرغرينا فورنييه. لازم أحوّلك فورًا للمستشفى عشان تعمل عملية جراحية عاجلة وتاخد مضادات حيوية قوية في الوريد. مينفعش نتأخر خالص

مريض: يا نهار أبيض، الموضوع خطير للدرجة دي؟ أنا خايف جدًا، إيه اللي هيحصل لو ما رحتش المستشفى دلوقتي؟","لو ما رحتش المستشفى دلوقتي, ده gonna lead to serious complications like sepsis or even death. You need emergency surgery to remove the infected tissue and strong antibiotics.",أيوه، ده خطير وخطير جدًا كمان. لازم تروح المستشفى بأسرع وقت ممكن. الهدف علاج سريع بمضادّ حيوي في الوريد، ومعاه جراحة عاجلة عشان يشيلوا الأنسجة الميتة والملتهبة ويوقفوا انتشار البكتيريا ويتحكموا في ارتفاع السكر. الحمد لله المرض ده ممكن يتعالج، بس مفيش وقت تأخّره عشان المرض ممكن يسبب فشل في الأعضاء ووفاة لو ما استعجلتش. اتحرك دلوقتي وما تتأخرش.,"ANSWER: لو ما رحتش المستشفى دلوقتي, ده gonna lead to serious complications like sepsis or even death. You need emergency surgery to remove the infected tissue and strong antibiotics.",,Correct
34,"مريض: السلام عليكم يا دكتور، أنا محتاج مساعدة ضرورية. عندي انتصاب مؤلم جدًا بقاله أكتر من ست ساعات ومش قادر أستحمل الوجع.

مساعد طبي: وعليكم السلام، فاهم إن ده موقف صعب. عندك أي أمراض مزمنة؟ وخدت أي أدوية قريب، بالذات أدوية لعلاج ضعف الانتصاب؟

مريض: أنا عندي أنيميا البحر المتوسط/فقر الدم المنجلي من سنين، وحصلت معايا نوبات بسيطة قبل كده بس كانت بتروح لوحدها. ماخدتش أي أدوية للانتصاب ولا أي مواد ممنوعة.

مساعد طبي: من اللي بتوصفه ومع تاريخك المرضي مع فقر الدم المنجلي، ده شكله قساح إقفاري، ودي حالة طارئة. تقيّم شدة الألم من 1 لـ 10 كام؟

مريض: الوجع شديد جدًا، اديله 9 من 10. المنطقة ناشفة جدًا والوجع مايحتملش. جرّبت أغيّر وضعية النوم والقعدة بس مفيش فايدة.

مساعد طبي: دي حالة طبية طارئة وبتحتاج تدخل فوري. هحوّلك على طول للدكتور خالد في قسم المسالك البولية. العلاج محتاج سحب دم من المنطقة وغسلها وبعدين حقن دواء فينيل إيفرين.

مريض: شكرًا يا دكتور، مقدّر سرعة ردّك. إمتى أقدر أشوف الدكتور خالد؟ وهل الحالة خطيرة فعلًا؟","انا بعتك للطبيع بعتك بعت. ده حالة خطير, لو ما اتعملش في الساعات coming, might lose your ability to have erections in the future.",القساح الإقفاري دي حالة بيستمر فيها الانتصاب وقت طويل أوي(عادةً أكتر من 4 ساعات) والدم بيتجمع في القضيب وما بيوصلش دم كفاية. بعد كام ساعة، نقص الأكسجين ممكن يسبب موت الخلايا. عشان كده لازم تروح فورًا لقسم الطوارئ عشان تاخد العلاج المناسب.,"ANSWER: انا بعتك للطبيع بعتك بعت. ده حالة خطير, لو ما اتعملش في الساعات coming, might lose your ability to have erections in the future.",,Correct
35,"مريض: السلام عليكم يا دكتور، عندي وجع جامد في بطني من تحت ومش قادر أتبول من حوالي عشر ساعات. الألم لا يحتمل وبطني منفوخة بشكل واضح.

مساعد طبي: وعليكم السلام، فاهم إنك متألم جدًا. عندك تاريخ مع أي مشاكل في البروستاتا أو صعوبة في التبول؟

مريض: أيوه، عندي تضخّم في البروستاتا بقالي سنين وبعاني من ضعف في اندفاع البول وتنقيط، بس دي أول مرة أبقى مش قادر أتبول خالص.

مساعد طبي: خدت أي أدوية جديدة قريب؟ وحاسس بانتفاخ أو كتلة بتوجع في أسفل البطن؟

مريض: أيوه، بدأت آخد دوا للبرد والإنفلونزا فيه سودوإيفيدرين من كام يوم. وكمان حاسس بكتلة ناشفة ومؤلمة جدًا في أسفل البطن لما ألمسها.

مساعد طبي: دي حالة طارئة اسمها احتباس بول حاد. السودوإيفيدرين ممكن يزوّد أعراض تضخّم البروستاتا. لازم تدخل تفرّغ المثانة عن طريق قسطرة بولية على طول. لازم توقف دوا البرد فورًا وتروح الطوارئ دلوقتي.

مريض: فهمت، هوقف الدوا فورًا. في حاجة أقدر أعملها تخفف الألم لحد ما أوصل المستشفى؟","Try to drink warm water and take a hot bath to relax the muscles, but go to the emergency immediately.",الأحسن تروح المستشفى حالًا. الدكتور هيركّبلك قسطرة بول عشان يفضّي المثانة، وهتحسّ براحة فورية. ممكن تاخد باراسيتامول ٥٠٠ مليجرام قبل ما تنزل من البيت، بس الأفضل تروح الطوارئ حالًا، وأنا هبلّغ الطوارئ إنك جاي عشان يجهّزوا خطة العلاج.,"ANSWER: Try to drink warm water and take a hot bath to relax the muscles, but go to the emergency immediately.",,Incorrect
36,"مريض: السلام عليكم، حاسس/ة بألم شديد في صدري بقالي حوالي عشرين دقيقة. بدأ فجأة وأنا ماشي/ة، زي ضغط تقيل في نص الصدر.

مساعد طبي: وعليكم السلام، آسف/ة إن ده حصل. الألم ده بيروح لأماكن تانية في جسمك؟ وحاسس/ة بأعراض تانية زي إنك عايز/ة ترجع/ي أو العرق؟

مريض: أيوه، الألم واصل لفكّي الشمال ودلوقتي حاسس/ة إني عايز/ة أرجع وبِعرق ساقع. سني تمانية وخمسين وعندي تاريخ في ارتفاع دهون الدم وبشرب علبة سجاير كل يوم.

مساعد طبي: دي أعراض خطيرة جداً وبتحتاج رعاية طبية فوراً. لازم تتصل/ي برقم الطوارئ ٩٩١ حالاً أو تروحي/ي الطوارئ بتاعت أقرب مستشفى. ما تسوقش/يش العربية بنفسك.

مريض: تفتكر/ي دي جلطة/نوبة قلبية؟ أنا خايف/ة جداً والألم مش بيروح.

مساعد طبي: الأعراض اللي بتوصف/يها—ألم صدر شديد وواصل للفك مع غثيان وعرق—لازم تقييم طبيا على طول علشان نستبعد النوبة القلبية. من فضلك اتصلي بـ٩٩١ دلوقتي وما تستنيش.

مريض: حاضر، هتصل بالطوارئ فوراً. شكراً على المساعدة، أنا قلقان/ة جداً.","كده يا دكتور, I'm calling 991 now. Thank you for your help.",أيوه، اتصل بالطوارئ حالًا، وخلي حد من اللي في البيت يساعدك ويفتح الباب للفريق الطبي. المسعفين هيعملولك رسم قلب عشان يتأكدوا من تشخيص الأزمة القلبية، وممكن يدوك أسبرين. وأنا هاتصل بالإسعاف وأبلغهم إنهم يعملوا الإجراءات اللازمة عشان يجهّزوا لقسطرة القلب لو اتأكدنا من التشخيص. اتصل بالطوارئ حالًا.,"ANSWER: كده يا دكتور, I'm calling 991 now. Thank you for your help.",,Correct
37,"مريض: السلام عليكم، أنا حاسس بدوخة وضعف شديد بقالي يومين، خصوصاً لما أقوم بسرعة من القعدة أو من النوم.

مساعد طبي: وعليكم السلام، فاهم قصدك. هل بدأت تاخد أي أدوية جديدة قريب؟ وهل في وجع في الصدر أو ضيق نفس مع الأعراض دي؟

مريض: أيوه، بدأت آخد فوروسيمايد من حوالي أسبوع للقلب. مفيش وجع في الصدر ولا ضيق نفس، بس الدوخة لما أقوم.

مساعد طبي: ده مهم جداً. بتقيس ضغط الدم في البيت؟ ولاحظت رفرفة شديدة في القلب أو حصلك إغماء؟

مريض: بقيس الضغط ساعات، بس ما لاحظتش أرقام غريبة.ماأُغماش عليا، بس بحس ساعات إني هقع لما أقوم بسرعة.

مساعد طبي: الأعراض دي ممكن تكون من الدوا الجديد لأنه ممكن يسبب هبوط في الضغط مع الوقوف. أنصحك ترجع للدكتور جهاد في أقرب وقت عشان يراجع جرعة الدوا. دلوقتي قوم واحدة واحدة من القعدة واشرب كمية كفاية من المَيّة.

مريض: شكراً ليك، هاحجز مع دكتور جهاد بكرة. هل لازم أوقف الدوا لحد ما أشوفه؟","لا، مش لازم توقف الدواء, بس انصحك تاخد it with food and drink plenty of water.",الأحسن إنك ما توقفش الدوا لحد ما تشوف دكتور جهاد. أنا هاتصل بيه وهحاول أحجزلك ميعاد النهارده أو بكرة. يا ريت تكمّل على الخطة اللي حاطهالك دكتور جهاد. والأفضل بعد ما تقوم من القعدة ما تمشيش على طول؛ استنى من خمس لعشر ثواني قبل ما تمشي عشان الضغط ما يوّطاش. كمّل قياس ضغط الدم وكمية السوائل اللي بتشربها زي ما دكتور جهاد قال. مهم تتابع معاه بكرة، ومش محتاج تروح الطوارئ.,"ANSWER: لا، مش لازم توقف الدواء, بس انصحك تاخد it with food and drink plenty of water.",,Incorrect
38,"مريض: السلام عليكم، بقالي تلات أيام حاسّة بضيق في النفس شديد، وبقيت مش بعرف أنام وأنا نايمة على ضهري، وكمان لاحظت تورّم كبير في رجلي.

مساعد طبي: وعليكم السلام. فاهم قصدِك. عندِك أي أمراض في القلب؟ أو لاحظتي زيادة في وزنك الفترة الأخيرة؟

مريض: أيوه، عندي قصور في القلب ورجفان أُذيني، وباخد أدويتي بانتظام. وزني زاد 4 كيلو في التلات أيام اللي فاتوا.

مساعد طبي: دي زيادة كبيرة في الوزن. أكلتي أكل مالح قريب؟ وكمان، بتصحي بالليل وإنتِ حاسة باختناق أو صعوبة في التنفّس؟

مريض: أيوه، أكلت وجبة مالحة في تجمع عائلي من أربع أيام. وبالفعل صحيت امبارح مرتين وأنا حاسة كأني باتخنق.

مساعد طبي: دي أعراض مقلقة وبتشير إن قصور القلب بيزيد. حاسة بألم في الصدر أو سخونية؟ وبتقدري تمشي شوية من غير ضيق نفس شديد؟

مريض: مفيش ألم في الصدر ولا سخونية، بس حتى المشي مسافة قصيرة جوه البيت بتخلّيني أحس بتعب شديد وبضيق في النفس.",انا بعتك للمستشفى عشان نعمل تقييم و maybe we need to adjust your medications.,لو فيه تعب شديد وضيق في النفس، ما تتأخريش وتروحي لدكتور القلب، عشان ممكن يكون فيه احتباس سوائل في الجسم وفي الرئة. ولو ما قدرتيش توصلي لدكتورك، روحي لأقرب طوارئ عشان يعملوا الفحوصات ويدّوكي العلاج: مُدرّ بول، وكمان يعملوا تحاليل الدم اللازمة.,ANSWER: انا بعتك للمستشفى عشان نعمل تقييم و maybe we need to adjust your medications.,,Incorrect
39,"مريض: السلام عليكم، عايز أستشيركم في حاجة بتحصل لي في القلب. ساعات بحس كإن قلبي بيقف لحظة أو بيرفرف في صدري، وده مقلقني أوي.

مساعد طبي: وعليكم السلام، فاهم قلقك تماماً. ممكن توصفلي بدقة أكتر إمتى الإحساس ده بيحصل؟ وهل بتحس بأعراض تانية زي ألم في الصدر أو صعوبة/ضيق في التنفس؟

مريض: غالباً بيحصل وأنا شغال لحد وقت متأخر بالليل، خصوصاً لما أكون تحت ضغط كبير. مفيش ألم في الصدر ولا ضيق نفس، بس إحساس الرفرفة ده بيستمر كام ثانية.

مساعد طبي: شكراً على التفاصيل دي. بتشرب قهوة أو مشروبات فيها كافيين؟ وبتشتغل كام ساعة في اليوم؟

مريض: أيوه، بشرب حوالي ٥ أو ٦ فناجين قهوة في اليوم عشان أفضل صاحي، وبشتغل شغلانة إدارية مرهقة جداً. ده له علاقة باللي بحسّه؟

مساعد طبي: أيوه، في احتمال كبير اللي بتحسّه يكون له علاقة بكمية الكافيين الكبيرة والضغط النفسي. الإحساس ده ممكن يبقى انقباضات بطينية مبكرة وغالباً مش خطيرة. أنصحك تقلل الكافيين بالتدريج وتتعامل مع الضغط النفسي، لازم تراجع دكتور قلب عشان يعملك رسم قلب/ECG للتأكد.

مريض: ده بيمطمّن شوية، بس هل لازم أقلق لو الإحساس ده فضل مستمر؟ وإمتى أعرف إني لازم أروح الطوارئ؟","لو الإحساس بقى متكرر أو مع symptoms like dizziness or fainting, go to the emergency. Otherwise, follow up with a cardiologist.",الأفضل تروح الطوارئ لو الرفرفة فضلت أكتر من عشر ثواني، أو جالك لو ضيق النفس، أو ألم في الصدر، أو حسّيت بدوخة أو إنك هيغمى عليك. إنما لو الموضوع مكمل رغم إنك بطّلت الكافيين أو المشروبات اللي فيها كافيين، فالأفضل تِرجع لدكتورك خلال كام يوم عشان يعملّك EKG، أو يركّبلك جهاز يراقب نبض القلب لمدة 24 ساعة.,"ANSWER: لو الإحساس بقى متكرر أو مع symptoms like dizziness or fainting, go to the emergency. Otherwise, follow up with a cardiologist.",,Correct
40,"مريض: السلام عليكم يا دكتور، أنا محتارة بخصوص دوا الضغط اللي الدكتور جهاد كتبهولي. أنا حاسّة إني كويسة ومفيّاش حاجة، ليه آخد دوا؟

مساعد طبي: وعليكم السلام. فاهمِك. ممكن تقوليلي نوع الدوا اللي كتبهولِك الدكتور ومن إمتى؟

مريض: كتبلي دوا اسمه ليسينوبريل من أسبوعين، بس أنا خايفة أبقى معتمدة عليه طول عمري. وبعدين أنا مش حاسّة بأي أعراض خالص.

مساعد طبي: ده إحساس طبيعي جداً. ضغط الدم العالي بيتقال عليه “القاتل الصامت” لأنه غالباً ما بيعملش أعراض. بس عدم وجود أعراض مش معناه إن الضغط مش مضر. فاكرة قرايات الضغط عندِك؟ وهل في تاريخ عائلي لأمراض القلب؟

مريض: أيوه، ماما جالها جلطة في المخ من كام سنة. ووزني زايد شوية بصراحة. بس أنا مش عايزة أعتمد على الأدوية، ينفع أتحسّن بالرياضة والأكل بس؟

مساعد طبي: ممتاز إنك بتفكّري تغيّري أسلوب حياتك! نظام داش الغذائي (DASH) وتقليل الوزن مهمين جداً لضبط الضغط. بس مع التاريخ العائلي ووزنك الحالي، الدوا مع تغيير الأسلوب بيدي أحسن حماية. الدوا مش إدمان، ده حماية لقلبك وللأوعية الدموية.

مريض: يعني ممكن في المستقبل أوقّف الدوا لو نزلت بوزني وغيّرت أكلي؟ وإيه العلامات الخطر اللي لازم آخد بالي منها؟

مساعد طبي: أيوه، مع نزول وزن كبير وتحسّن في أسلوب الحياة، ممكن الدكتور يقرر يقلّل الجرعة أو يوقّفه تدريجيًا. أمّا العلامات الخطر فمنها: صداع شديد مفاجئ، زغللة أو تشويش في النظر، أو ألم صدر شديد. دول محتاجين عناية فورية. أنصحك تبتدي الدوا وتلتزمي بالنظام الغذائي مع بعض.

مريض: شكراً، ده طمّنّي أوي. هبدأ بالدوا وهركّز على تقليل الوزن. وهراجع الدكتور جهاد بانتظام عشان نتابع تحسّني.",كده يا ست، انا عايزة انك تاخدي الدواء regularly and follow up with your doctor.,ده قرار كويس. لازم تاخدي الدوا وتقلّلي وزنك بتقليل الملح والسكريات وتعملي رياضة كل يوم، وتتابعي مع الدكتور لمدة ست شهور على الأقل. ولو حالتك الصحية اتغيّرت، كلمي دكتورك.,ANSWER: كده يا ست، انا عايزة انك تاخدي الدواء regularly and follow up with your doctor.,,Incorrect
41,"مريض: السلام عليكم، عندي ألم وتورّم في رجلي اليمين من الصبح. أنا راجعة/راجع امبارح من سفرية طويلة قعدت فيها 14 ساعة.

مساعد طبي: وعليكم السلام، آسف/آسفة إن ده حصلك. تقدر/ي توصفّيل/ي الألم والتورّم أكتر؟ وهل عندِك/عندَك أي أعراض تانية زي ضيق في التنفّس أو ألم في الصدر؟

مريض: التورّم في عضلة الرجل من ورا، والمنطقة محمّرة ودافية لما ألمسها. بحس بألم شبه الشدّ/التشنّج. مفيش ضيق تنفّس ولا ألم في الصدر دلوقتي.

مساعد طبي: دي أعراض لازم تتقيّم بسرعة، خصوصاً بعد السفر الطويل. بتاخد/ي أي أدوية دلوقتي؟ وعندِك/عندَك تاريخ مرضي مع مشاكل التجلّط؟

مريض: باخد حبوب منع الحمل بس، ومفيش عندي أمراض مزمنة ولا تاريخ مع مشاكل التجلّط. ده خطير؟

مساعد طبي: بناءً على الأعراض والسفر الطويل ومع حبوب منع الحمل، في احتمال يبقى فيه جلطة وريدية عميقة. لازم تروحي فوراً للطوارئ أو لعيادة الأوعية الدموية عشان يعملوا سونار/ألتراساوند. ما تدلّكيش المكان المصاب.

مريض: حاضر، هاروح المستشفى فوراً. هل المفروض أتجنّب المشي أو أي حركة معيّنة لحد ما أوصل؟","Keep your leg elevated and avoid walking until you get checked. Don’t worry, but don’t delay.","المشي الخفيف غالبًا آمن. اللي لازم تتجنّبه/تتجنبيه تمامًا هو التمرين الشاق، والوقوف لفترات طويلة، أو إنك تعمل/ي أي نشاط بدني مُجهِد.
وتدليك الرجل المصابة ممكن يساعد إنه يحرّك الجلطة. لازم تروح/ي الطوارئ فورًا عشان يعملوا لك الفحوصات اللازمة ويأكدوا التشخيص اللي شاكّين المشتبه فيه.","ANSWER: Keep your leg elevated and avoid walking until you get checked. Don’t worry, but don’t delay.",,Correct
42,"مريض: السلام عليكم يا دكتور، عندي ألم في عضلات الرجلين لما بمشي، والموضوع ده بقاله كام شهر

مساعد طبي: وعليكم السلام، أهلاً بيك. تقدر توصفلي الألم ده بتفصيل أكتر؟ بيحصل إمتى بالظبط وبيختفي إزاي؟

مريض: الألم شبه شدّ/تقلّص في عضلة السّمانة، وبيبتدي بعد ما أمشي حوالي ميتين متر تقريباً، ومجرد ما أقف وأرتاح بيروح فوراً

مساعد طبي: فهمت، ده وصف مهم. بتحس بالألم ده وإنت مرتاح ولا بس مع المشي؟ ولاحظت أي تغيّرات في جلد الرجلين؟

مريض: لا، بس مع المشي. وأنا مرتاح مش بحس بحاجة. بالنسبة للجلد، آه لاحظت إن جلد رجليّا بقى رفيع وبيلمع، وأنا مدخّن من أربعين سنة وعندي سكر من النوع تاني

مساعد طبي: حسب الأعراض اللي بتوصفها، ممكن يكون عندك مرض الشرايين الطرفية. التدخين والسكر من أهم العوامل للحالة دي. هل عندك أي ألم مستمر في الرجلين حتى وإنت مرتاح، أو جروح مش بتتلحم، أو برودة ولون مسّفِر في رجل واحدة؟

مريض: لا، مفيش ألم مستمر ومفيش جروح، والرجلين طبيعيين من ناحية اللون والحرارة. إيه العلاج المطلوب لحالتي؟","انا هأمرك بتحليل for your cholesterol and sugar, and I'll prescribe you some medication to improve blood flow. You must stop smoking immediately and control your diabetes.",العلاج الحالي محتاج إنك تبطل تدخين، وتظبط السكر، وتحافظ على السكر التراكمي جوّه الحدود اللي بيحددها دكتور السكر، وتسيطر على الكوليسترول والضغط، وتتابع مع دكتور الأوعية عشان يعملك دوبلر ويتأكد إن الشرايين سليمة. والأفضل تروح الطوارئ لو جالك ألم في الرجل أو حصل تغيير في اللون أو الحرارة، أو ظهرت جروح، أو حسّيت بضعف في عضلات الرجلين.,"ANSWER: انا هأمرك بتحليل for your cholesterol and sugar, and I'll prescribe you some medication to improve blood flow. You must stop smoking immediately and control your diabetes.",,Correct
43,"مريضة: السلام عليكم، عايزة أستشيركم في حاجة. رحت النهارده الصيدلية أشتري دوا للبرد، والصيدلي قاسلي ضغط الدم كده من باب الفضول. طلع 155/95 وأنا قلقانة قوي. ده معناه إني عندي ضغط عالي؟

مساعد طبي: وعليكم السلام. فاهم قلقِك من القراية دي. أول حاجة خلّيني أسألك: حاسّة دلوقتي بأي أعراض زي صداع شديد، أو ألم في الصدر، أو ضيق في النفس، أو تغيّر في النظر؟

مريضة: لا، أنا حاسّة إني طبيعية خالص. مفيش صداع ولا ألم في الصدر. بس أعراض برد بسيطة زي الرشح والعطس. ممكن تكون القراية غلط؟

مساعد طبي: أيوه، وارد جدًا إن القراية الضغط تتأثر بحاجات مختلفة. كنتِ متوترة أو قلقانة وقت القياس؟ وشربتي قهوة أو عملتي أي مجهود بدني قبل القياس على طول؟ وكمان، الكُفّة كانت مناسبة لحجم دراعِك؟

مريضة: بصراحة كنت متوترة شوية عشان كنت متأخرة على ميعاد مهم، وشربت قهوة قبل القياس بحوالي نص ساعة. وكمان مش متأكدة الكُفّة كانت مناسبة ولا لأ. الحاجات دي بتأثر فعلًا؟

مساعد طبي: أيوه، الحاجات دي بتأثر جدًا على دقة القياس. التوتر والكافيين والكُفّة اللي مش مناسبة ممكن يعلّوا القراية مؤقتًا. أنصحِك تقيسي الضغط تاني في مكان هادي بعد راحة 5 دقايق، وتبعدي عن الكافيين لمدة ساعتين قبل القياس. لو القرايات فضلت عالية، لازم تروحي لطبيب الأسرة عشان يعملّك تقييم شامل.

مريضة: شكرًا لك، ده طمّنّي جدًا. هقيس الضغط تاني في البيت بالطريقة الصح، ولو النتائج لسه عالية هحجز ميعاد مع طبيب الأسرة. في أي علامات خطر لازم أخد بالي منها دلوقتي؟","لو عايزة تبقا safe, if you feel dizzy, have severe headache, chest pain, or vision changes, go to the hospital immediately. Otherwise, just monitor your blood pressure and follow up with your doctor.",الأعراض اللي تستدعي إنِك تروحي الطوارئ فورًا منها: ألم شديد في الصدر، ضيق في النفس، صداع شديد مفاجئ، تغيّرات في النظر، لخبطة/تشوش في التركيز، ضعف، دوخة، إغماء، نوبات صرع، أو الترجيع، خصوصًا لو ضغط الدم أعلى من 180/120 ملم زئبق. الأعراض دي ممكن تشير لمضاعفات بتهدّد الحياة.,"لو عايزة تبقا safe, if you feel dizzy, have severe headache, chest pain, or vision changes, go to the hospital immediately. Otherwise, just monitor your blood pressure and follow up with your doctor.",,Correct
44,"مريض: السلام عليكم، بحس بضيق في صدري لما أطلع السلم أو أعمل مجهود

مساعد طبي: وعليكم السلام، فاهم قصدك. ممكن توصفلي الضيق ده بالتفصيل؟ بيحصل إمتى بالظبط؟

مريض: بيحصل لما أطلع دورين سِلِم مثلاً، بحس بتقل أو ضغط في نص الصدر

مساعد طبي: وبيحصل إيه لما تقف وتريح؟ الإحساس ده بيكمل؟

مريض: لأ، بيختفي خالص بعد حوالي خمس دقايق راحة. أنا عارف إن عندي السكر وضغطي عالي، وكنت بدخّن قبل كده

مساعد طبي: ده مهم جداً. بتحس بالضيق ده وإنت قاعد/مرتاح أو وإنت نايم؟ وبييجي معاه إحساس بالترجيع أو دوخة شديدة؟

مريض: لأ، بس مع المجهود. مش بحس إني عايز أرجع ولا بدوخة، بس أنا قلقان عشان أبويا توفّى بأزمة قلبية",ده مش عادي. لازم نعمل ECG and stress test to check your heart. Stop smoking and control your sugar and pressure.,الأفضل تحجز مع دكتور قلب خلال يوم أو يومين بالكتير، عشان يعملك رسم قلب أو stress test، ويبدأ العلاج لو اتأكد إن التشخيص ضيق في شرايين القلب. والأفضل تروح الطوارئ فوراً لو عندك ألم شديد في الصدر أو ضيق في النفس؛ ممكن تكون بداية جلطة في القلب، عشان كده ماينفعش تتأخر في إنك تروح الطوارئ في الحالة دي.,ANSWER: ده مش عادي. لازم نعمل ECG and stress test to check your heart. Stop smoking and control your sugar and pressure.,,Incorrect
45,"مريض: السلام عليكم، عايز أستشير حضرتك في حاجة حصلتلي من شوية. أغمى عليّا فجأة وأنا بقف عشان أروح المطبخ.

مساعد طبي: وعليكم السلام. فاهم قصدك. ممكن تحكيلي بالتفصيل إيه اللي حصل بالظبط؟ أغمى عليك قد ايه؟

مريض: حصل بسرعة جدًا، لمدة كام ثانية بس وفوّقت على طول تقريبًا. دلوقتي حاسس برعشة بسيطة، بس ما عضّيتش لساني ولا عملت على نفسي.

مساعد طبي: ده مهم. حاسس دلوقتي بألم في الصدر أو رفرفة في القلب؟ وعندك تاريخ مرضي معيّن لازم أعرفه؟

مريض: لأ، مفيش ألم في الصدر حاليًا، بس عندي تاريخ مع ضيق الصمام الأورطي وضغط الدم العالي. سني سبعين سنة.

مساعد طبي: حسب اللي بتقوله، خصوصًا مع تاريخك مع ضيق الصمام الأورطي ومع فقدان الوعي المفاجئ، بنصحك بشدة تروح فورًا لقسم الطوارئ. دي ممكن تكون دلالة على مضاعفات خطيرة وهتحتاج تقييم طبي عاجل.

مريض: حاضر، هروح المستشفى دلوقتي. في حاجة لازم أخد بالي منها في الطريق أو أعراض تانية ممكن تظهر؟","Try to stay calm and don’t drive yourself. If you feel dizzy or weak again, sit down immediately and ask someone to help you.",لازم تروحي الطوارئ فورًا. ضيق الصمام الأورطي بيحصل لما الصمام الأورطي يبقى ناشف ويضيق، وغالبًا بسبب التكلّس، وده بيخلّي البطين الشمال يضطر يطلع ضغط أعلى بكتير عشان يزق الدم من الفتحة الصغيرة، وده ممكن يسبب إغماء لما مايبقاش فيه دم كفاية رايح للمخ. ممكن كمان تحسي بأعراض تانية، زي ألم في الصدر واللي ممكن يشير لذبحة صدرية، أو إغماء، أو دوخة، خصوصًا مع المجهود، أو ضيق النفس. عشان كده، الأولوية دلوقتي إنك تروحي المستشفى وتعملي الفحوصات اللازمة.,"ANSWER: Try to stay calm and don’t drive yourself. If you feel dizzy or weak again, sit down immediately and ask someone to help you.",,Correct
46,"مريض: السلام عليكم، حاسس برفرفة جامدة في صدري من حوالي ساعة. نبضات قلبي سريعة أوي وقوية، أسرع بكتير من المعتاد

مساعد طبي: وعليكم السلام، فاهم قلقك من الرفرفة دي. في أعراض تانية زي الدوخة أو ضيق النفس؟

مريض: أيوه، عندي دوخة شديدة وحاسس إني ممكن يغمى عليّا. عمري ٦٢ سنة وعندي تاريخ مرضي بضغط عالي وانقطاع النفس أثناء النوم

مساعد طبي: الأعراض دي مقلقة، خصوصاً مع تاريخك المرضي. الرفرفة السريعة مع الدوخة الشديدة ممكن تشير للخبطة في نظم القلب زي الرجفان الأذيني. الأعراض دي بدأت فجأة؟

مريض: أيوه، بدأت فجأة من غير أي مقدمات. حاسس كأن قلبي بيرقص في صدري وخايف أقع من شدة الدوخة

مساعد طبي: بناءً على اللي بتوصفه، مهم جداً تروح فوراً لأقرب مستشفى عشان يعملوا رسم قلب وفحص شامل. الرجفان الأذيني محتاجين تقييم عاجل لتحديد العلاج المناسب وتقييم خطر الجلطات

مريض: شكراً على النصيحة، هاروح المستشفى دلوقتي. ممكن يكون ده خطير؟","Yes, it's serious, but don't panic. The hospital will stabilize you and start treatment.",أيوه، ده ممكن يبقى خطير لو ما اتعالجش بالسرعة المناسبة، وممكن يسبب هبوط في الضغط أو جلطة في المخ. ما تسوقش العربية، وروح الطوارئ بأسرع وقت. ولما توصل الطوارئ بلّغ الدكتور إن عندك رجفان أذيني عشان يبدأوا إجراءات التشخيص، أولها رسم قلب EKG، وكمان أدوية عشان تهدّي سرعة ضربات القلب.,"ANSWER: Yes, it's serious, but don't panic. The hospital will stabilize you and start treatment.",,Incorrect
47,"مريض: السلام عليكم، حاسة بتعب شديد الفترة الأخيرة، وعندي ضيق نفس وأنا بعمل حاجات يومية بسيطة زي التسوّق.

مساعد طبي: وعليكم السلام، فاهمة شكوتِك. تقدري تقوليلي الأعراض دي بدأت إمتى؟ ولاحظتي أي تغيّرات تانية في جسمك؟

مريض: بدأت من كام أسبوع، وبتزيد واحدة واحدة. وكمان لاحظت تورّم في رجلي آخر اليوم، والجزمة بتبقى ديّقة.

مساعد طبي: تمام. وبالنسبة للنوم؟ بيجيلِك صعوبة في التنفس وإنتِ نايمة على ضهرك أو وإنتِ ممدّدة؟

مريض: أيوه بالظبط، بقيت بستخدم مخدّتين دلوقتي عشان أعرف أنام براحتي. تاريخي المرضي فيه ضغط عالي، وكان جالي جلطة في القلب قبل كده.

مساعد طبي: على حسب الأعراض اللي بتوصفيها والتاريخ المرضي، ممكن دي تكون علامات ضعف في عضلة القلب. هحوّلك لدكتور قلب عشان الكشف والتقييم الشامل. هل حصلك كحة مفاجئة ومعاها رغوة، أو ضيق نفس شديد ومفاجئ؟

مريض: لا، ما حصلش كحة برغوة ولا ضيق نفس مفاجئ وشديد، بس أنا قلقانة من إن حالتي بتسوء تدريجيًا.",مش عايز تقلق، هتاخد أدوية for the heart and we'll monitor your condition.,أيوه، الوضع ده ممكن يبقى خطير، والحالة محتاجة اهتمام فوري ومتابعة جدّية مع دكتور قلب. ممكن تكوني بتعاني من قصور في ضخ القلب (congestive heart failure). خلال 24 ساعة لازم تتواصلي مع دكتور القلب ويبدأ التشخيص اللي محتاج رسم قلب EKG، تحليل دم، وإيكو على القلب (echocardiogram) عشان نتأكد من التشخيص قبل ما نبدأ العلاج. والأفضل إنك ما تسوقيش العربية وإنتِ رايحة للدكتور.,ANSWER: مش عايز تقلق، هتاخد أدوية for the heart and we'll monitor your condition.,,Incorrect
48,"مريض: السلام عليكم، عندي ألم حاد في الصدر بدأ فجأة من كام ساعة. الألم زي الطعنة وبيسوء لما آخد نفس عميق أو لما أنام على ضهري.

مساعد طبي: وعليكم السلام.أنا آسف إني بسمع كده. الألم ده شكله مقلق. بيخف شوية لما تميل لقدّام؟ وهل كنت تعبان أو جالك أي مرض قريب؟

مريض: أيوه، فعلاً لما أميل لقدّام بيخف شوية. وكمان جالي إنفلونزا فيروسية من حوالي أسبوع وخفّيت منها.

مساعد طبي: فاهم. دلوقتي عندك صعوبة في التنفس؟ وبتحس بدوخة أو ضعف عام؟ الأعراض دي مع تاريخ الإنفلونزا الفيروسية ممكن تشير لحالة محتاجة تقييم طبي عاجل.

مريض: أيوه، حاسس بضيق نفس بسيط وبحس بتعب أكتر من المعتاد. أنا عندي 28 سنة وعادةً ما عنديش مشاكل صحية. المفروض أقلق؟

مساعد طبي: أيوه، حسب الأعراض اللي بتوصفها—الألم الحاد اللي بيزيد مع النفس العميق ومع النوم على الضهر، وبيتحسّن لما تميل لقدّام، مع ضيق النفس وتاريخ عدوى فيروسية—أنصحك بشدة تروح الطوارئ فوراً. الأعراض دي ممكن تشير لالتهاب التأمور ومحتاجة تقييم طبي عاجل.

مريض: حاضر، هروح المستشفى دلوقتي. شكراً على المساعدة والتوجيه السريع.","إن شاء الله هتكون على خير, but don’t delay, go to the emergency right away.",تمام. الأفضل تروح المستشفى دلوقتي وماتسوقش العربية. قول للدكتور هناك على الأعراض دي، ممكن تكون التهاب في غشاء القلب (بيريكاردايتس). وهيبدأوا مرحلة التشخيص اللي فيها رسم قلب ECG، وإيكو على القلب Echo، وتحليل دم، وبعد ما يتأكدوا من التشخيص هيبدأوا العلاج.,"ANSWER: إن شاء الله هتكون على خير, but don’t delay, go to the emergency right away.",,Correct
49,"مريض: السلام عليكم يا دكتور. أنا ست عمري ٧٤ سنة وبعاني من مشاكل في القلب من سنين طويلة. عندي نفخة في القلب وضغط عالي. مؤخراً بقيت بحس بدوخة شديدة لما أطلع السلم أو أمشي في طريق منحدر.

مساعد طبي: وعليكم السلام. فاهم إن الأعراض اللي عندك مقلقة. الدوخة دي بتحصل بس مع المجهود ولا كمان وإنتي قاعدة/مرتاحه؟ وأغمى عليك قبل كده خالص؟

مريض: الدوخة غالباً بتحصل لما أبذل مجهود، وبحس إني هيغمى عليا بس ما حصلتش لحد دلوقتي. وكمان بحس بضيق وتقلّص في صدري مع الحاجات دي، وبيروح لما أرتاح.

مساعد طبي: دي أعراض مهمة جداً. لاحظتي فرق في قدرتك إنك تعملي أنشاطك اليومية مقارنة بالشهور اللي فاتت؟ وبتحسي بضيق في النفس؟

مريض: آه، بقيت بتعب أسرع من ما كنت من بست شهور. حتى الشغل البسيط بيتعبني. وبالنسبة لضيق النفس، مش بحسه وأنا مرتاحة، بس مع المجهود بحس بصعوبة في النفس.

مساعد طبي: بناءً على اللي بتوصفِيه ومع وجود النفخة القلبية قبل كده، لازم نعمل فحوصات متخصصة حالاً. هحوّلك فوراً لطبيب قلب عشان يعمل إيكو على القلب (تخطيط صدى) علشان يطمن على حالة صمامات القلب. مهم جداً ما تأجليش المعاد ده.

مريض: حاضر يا دكتور، فاهمة إن الموضوع خطير. هحجز مع دكتور القلب في أقرب وقت. هل لازم أوقف أي أنشطة معينة لحد ما أكشف عند الدكتور المختص؟","انا عايزك تاخد things easy and avoid heavy activities until you see the heart specialist. If you feel any severe chest pain or fainting, go to the emergency immediately.",تمام، اعملي كده. الأفضل ما تعمليش أي شغل ولا مجهود يزوّد ضيق النفس. بلّغي دكتور الطوارئ فورًا إنك بتعاني من الأعراض دي عشان يبدأوا التشخيص والعلاج، وبعد كده ابقي تابعي مع دكتور قلب.,"ANSWER: انا عايزك تاخد things easy and avoid heavy activities until you see the heart specialist. If you feel any severe chest pain or fainting, go to the emergency immediately.",,Incorrect
50,"مريض: السلام عليكم يا دكتور، بقالّي حوالي عشر أيام عندي سخونية بسيطة ومعاها عرق بالليل ووجع في الجسم. حرارتي حوالي ٣٧.٩.

مساعد طبي: وعليكم السلام. تمام، عندك أي تاريخ مرضي في القلب أو عملت عمليات قبل كده؟

مريض: أيوه، عندي صمام قلب صناعي في الصمام الميترال. وكمان خلعت ضرس من تلات أسابيع عند دكتور الأسنان.

مساعد طبي: ده مهم جدًا. عندك ضيق في النفس أو ضعف مفاجئ في الأطراف؟ ولاحظت أي تغيّرات في الجلد أو صوابعك؟

مريض: لا، مفيش ضيق نفس ولا ضعف في الأطراف. بس ظهرِتلي نقطة حمرا صغيرة بتوجع في طرف صباعي من يومين.

مساعد طبي: حسب الأعراض والتاريخ المرضي، بنصحك بشدة تروح الطوارئ فورًا. الأعراض دي مع وجود الصمام الصناعي ومع خلع الضرس محتاجة فحوصات عاجلة، منها مزرعة دم وعمل إيكو على القلب عشان نستبعد التهاب الشغاف.

مريض: فهمت، هروح المستشفى دلوقتي. هل الموضوع خطير جدًا؟ ولازم آخد معايا أي أدوية أو تقارير طبية؟","ده حالة خطيرة, bring all your medical records and any recent lab results. Don't worry, we'll take care of you.",الموضوع مش شرط يكون خطير، بس محتاج علاج بسرعة. الأفضل تروح المستشفى حالاً، ومش لازم تاخد معاك تقارير، بس الأحسن تاخد الأدوية اللي إنت بتاخدها دلوقتي. لو عندك دكتور عام، الأحسن تتصل بيه وتبلّغه. ولما توصل الطوارئ، لازم تقولهم عن قرصة الحشرة وإن عندك صمام صناعي عشان يبتدوا التشخيص والعلاج بأسرع وقت.,"ANSWER: ده حالة خطيرة, bring all your medical records and any recent lab results. Don't worry, we'll take care of you.",,Incorrect
51,"مريضة: السلام عليكم، أنا بنت المريضة. ماما عندها ٦٢ سنة، فجأة وهي بتتغدى بقت مشوشة ومش عارفة تلاقي الكلام الصح وهي بتتكلم.

مساعد طبي: وعليكم السلام. فاهم قلقِك على والدتك. الأعراض دي بدأت إمتى بالظبط؟ ولاحظتي أي حاجة تانية زي ضعف في الأطراف؟

مريضة: بدأت من حوالي عشرين دقيقة تقريباً. أيوه، دراعها اليمين باين تقيل ومش قادرة ترفع كوباية الميه. ماما عندها تاريخ مرضي: ضغط عالي ورجفان أذيني.

مساعد طبي: دي أعراض خطيرة جداً وتحتاج تدخل طبي فوري. البداية المفاجئة لصعوبة الكلام وضعف الدراع ممكن تشير لجلطة في المخ. هي والدتك دلوقتي واعية وفايقة؟

مريضة: أيوه هي فايقة، بس شكلها مشوشة وبتحاول تتكلم بس الكلام مش بيطلع مظبوط. نروح المستشفى حالاً؟

مساعد طبي: أيوه، لازم تروحوا فوراً الطوارئ أو تتصلوا بالإسعاف. دي علامات تحذيرية لجلطة دماغية حادة، والوقت هنا عامل حاسم في العلاج. ما تديهاش أي أكل أو شرب.

مريضة: حاضر، هاتصل بالإسعاف دلوقتي. في حاجة تانية لازم أعملها لحد ما يوصلوا؟","أبعت والدك مش عارفة and keep her calm, don't give her any food or water, and make sure she's comfortable until the ambulance arrives.",تمام، الأحسن تتصلي بالإسعاف حالًا، وما تخرجيش من البيت، وخلي معاكي حد يساعدك يفتح لهم ويدخّل المسعفين البيت. وإنتِ ما تعمليش أي حاجة لحد ما الإسعاف توصل للبيت.,"أبعت والدك مش عارفة and keep her calm, don't give her any food or water, and make sure she's comfortable until the ambulance arrives.",,Correct
52,"مريض: السلام عليكم، أنا محتاج مساعدة بسرعة. عندي صداع جامد قوي، عمري ما حسّيت زيه في حياتي.

مساعد طبي: وعليكم السلام. فاهم قلقك. الصداع بدأ إمتى وإيه اللي حسّيت بيه أول ما بدأ؟

مريض: بدأ فجأة من حوالي ساعتين. كنت بتمرّن في الجيم وفجأة حسّيت كإن رعد ضرب في دماغي. الوجع وصل لأقصى شدة في كام ثانية.

مساعد طبي: الوصف ده مهم جداً. حاسس بأي أعراض تانية دلوقتي زي الغثيان أو مشاكل في النظر؟

مريض: أيوه، عندي غثيان شديد ومش قادر أستحمل النور خالص. حتى نور الموبايل بيوجع عيني.

مساعد طبي: بناءً على الأعراض اللي بتقولها—صداع مفاجئ شديد مع غثيان وحساسية من النور—دي علامات محتاجة تقييم طبي عاجل. لازم تروح فوراً للطوارئ علشان نستبعد حاجات خطيرة زي نزيف تحت العنكبوتية.

مريض: هو الموضوع خطير للدرجة دي؟ أنا عندي 29 سنة ومفيش عندي أي أمراض مزمنة.","ده مش عادي, مش عارف. لازم تروح المستشفى فور.",أيوه، الوضع ممكن يكون جدّي وحتى خطير. الأحسن تروحي المستشفى حالًا، وماتسوقيش العربية بنفسك. وابعدي عن أي مجهود، وماتاكليش حاجة وماتاخديش مسكنات لحد ما تكشفي عند دكتور الطوارئ، لأن الفريق الطبي هيعملك أشعة مقطعية على المخ (CT Scan) وتحاليل دم ورسم قلب (EKG). روحي المستشفى حالًا، أو اتصلي بالإسعاف لو مش عندك طريقة تروحي بيها المستشفى بسرعة.,"ANSWER: ده مش عادي, مش عارف. لازم تروح المستشفى فور.",,Incorrect
53,"مريض: السلام عليكم يا دكتور، أنا عندي صداع شديد قوي في الناحية الشمال من راسي، بيجي تقريبًا مرتين في الشهر، وقبل ما الوجع يبدأ بحوالي عشرين دقيقة بشوف أنوار بتلمع

مساعد طبي: وعليكم السلام، فاهم تعبك. الأنوار اللامعة اللي بتشوفيها قبل الصداع دي مهمة جدًا. الوجع بيزيد مع الأصوات العالية أو النور الساطع؟

مريض: أيوه، الأصوات العالية بتخلّي الوجع أسوأ بكتير، وباضطر أقعد في مكان ضلمة وهادي. أنا بشتغل ساعات طويلة قدام الكمبيوتر وعليّا ضغط كبير في الشغل

مساعد طبي: من كلامك، باين إن عندِك نوبات ميجرين مع أورة بصرية. أنصحِك تكتبي يوميات/مذكرة للصداع عشان نحدد المحفزات المحتملة زي التوتر أو القعدة كتير قدام الشاشات

مريض: النوع ده من الصداع خطر؟ وأقدر أعمل إيه عشان أتجنبه؟

مساعد طبي: الميجرين مع الأورة شائع ومش بيكون خطر غالبًا، بس لازم يتابَع. أنصحِك تاخدي بريكات منتظمة من الكمبيوتر، تنظّمي نومِك، وتبعدي عن التوتر على قد ما تقدري. ولو نمط الصداع اتغيّر أو زادت شدته، روحي للدكتور فورًا

مريض: شكرًا على النصايح، هابدأ أكتب مذكرة الصداع وهحاول أنظم ساعات شغلي بشكل أحسن","لو النوبات بقوا, انا هكتب لك some medicine to prevent them, but first try the lifestyle changes we discussed.",أيوه، ابدَئي بالتغييرات دي في حياتِك اليومية وراقبي الأعراض اتحسّنت قد إيه. لو الصداع فضِل مستمر، روحي لدكتور مخ وأعصاب عشان يقيّم حالتك ويطلب أشعة/فحوصات تصويرية لو الموضوع اضتر.,"ANSWER: لو النوبات بقوا, انا هكتب لك some medicine to prevent them, but first try the lifestyle changes we discussed.",,Incorrect
54,"مريض: أهلاً، أنا زميلة سكن المريضة. صاحبتي وقعت فجأة على الأرض من شوية وابتدت تتشنج/تهزّ بشكل غريب، ودلوقتي هي صاحيّة بس باين عليها مشوَّشة جداً ومش فاكرة اللي حصل.

مساعد طبي: فاهم قلقِك. ده شكله حالة طارئة. تقدري توصفيلي اللي حصل بالتفصيل؟ النوبة قعدت قد إيه تقريباً؟

مريض: قعدت حوالي دقيقة ونص. في الأول جسمها اتشدّ جامد قوي وبقى متيبّس، وبعد كده ابتدت تهزّ بشكل منتظم. ولاحظت كمان إنها عضّت لسانها.

مساعد طبي: دي معلومات مهمة. دلوقتي نفسها طبيعي؟ وحصلت نوبة تانية بعد الأولى؟

مريض: أيوه، نفسها طبيعي ومحصلهاش نوبة تانية. بس لسه باين عليها مشوَّشة ونعسانة جداً ومش فاكرة أي حاجة من اللي حصل.

مساعد طبي: التشوش والنعاس بعد النوبة ده متوقَّع. عندها تاريخ قبل كده لمشاكل عصبية أو نوبات؟ وعندها كام سنة؟

مريض: عندها 24 سنة ومفيش عندها أي تاريخ لمشاكل عصبية قبل كده. دي أول مرة يحصلها حاجة زي كده.","ده شكله نوبة صر, لازم تروح المستشفى عشان نعمل الفحوص ونتأكد إن مفيش سبب خطير.",ممكن المريضة تكون جالها نوبة صرع كبيرة، ودلوقتي هي في حالة البعد النوبة. الأفضل تحطي صاحبتِك على جنبها اليمين أو الشمال عشان تحمي التنفّس، وما تحطيش أي حاجة في بقّها، وتابعي تنفّسها لحد ما يوصل الفريق الطبي بعد ما تتصلي بالطوارئ فورًا. دلوقتي لازم تتصلوا بالإسعاف أو تروحوا لأقرب طوارئ لو الإسعاف مش متاح.,"ANSWER: ده شكله نوبة صر, لازم تروح المستشفى عشان نعمل الفحوص ونتأكد إن مفيش سبب خطير.",,Correct
55,"مريض: السلام عليكم يا دكتور. بقالي فترة عندي حرقان وتنميل في رجليا، خصوصاً بالليل. بحس كأني ماشي على قطن.

مساعد طبي: وعليكم السلام. فاهم من كلامك إن فيه حرقان وتنميل في القدمين وبيزيدوا بالليل. الإحساس ده في الرجلين الاتنين ولا في رجل واحدة بس؟

مريض: في الرجلين الاتنين، والإحساس شبه بعضه. وأنا عندي سكر بقاله حوالي عشر سنين.

مساعد طبي: ده مهم جداً. بتحس بأي ضعف في رجليك أو صعوبة في المشي والحفاظ على التوازن؟ ولا لاحظت أي قرح أو جروح في رجليك مش بتخف بسرعة؟

مريض: لا، مش حاسس بضعف ولا عندي مشاكل في التوازن. وملاحظتش أي جروح ولا قرح. بس الحرقان والتنميل دول مضايقيني.

مساعد طبي: على حسب الأعراض اللي بتوصفها ومع وجود السكر، غالباً عندك اعتلال الأعصاب السكري. ده معروف عند مرضى السكر. مهم جداً تتابع سكر الدم وتهتم برجليك يومياً. أنصحك تراجع الدكتور عشان يقيّم مستوى السكر ويكتبلك العلاج المناسب للأعراض.

مريض: شكراً يا دكتور. هاهتم أكتر بسكر الدم وهفحص رجليا كل يوم. إمتى لازم أقلق وأروح الطوارئ؟","If you notice any wounds that don't heal, severe weakness, or sudden changes in your condition, go to the emergency immediately.",لو الوجع بيزيد، أو لاحظت أي تغيير في لون رجليك أو صوابع رجليك، أو عندك قرحة مش بتوجع، لازم تروح عيادة متخصّصة للقدم أو تروح الطوارئ. خلي بالك دايمًا وراقب رجليك بانتظام لو في أي جروح أو كدمات بسيطة، لأنها ممكن تعمل عدوى.,"If you notice any wounds that don't heal, severe weakness, or sudden changes in your condition, go to the emergency immediately.",,Correct
56,"مريض: السلام عليكم، أنا حامل في الأسبوع الستة وتلاتين، وصحيت النهارده الصبح لقيت في تدلّي في الناحية اليمين من وشي. مش قادرة أقفل عيني اليمين على الآخر، ولما بشرب ميه بتسيل من الناحية اليمين من بُقي.

مساعد طبي: وعليكم السلام، فاهمة قلقِك خصوصاً في المرحلة دي من الحمل. حاسّة بأي ضعف في دراعاتِك أو رجليك؟ ولا لاحظتي أي تغيير في الكلام أو صعوبة في البلع؟

مريض: لا، مفيش أي ضعف لا في دراعي ولا رجلي، وكلامي طبيعي. ومفيش صعوبة في البلع كمان. المشكلة بس في الناحية اليمين من وشي.

مساعد طبي: تمام، ده مطمّن. دلوقتي، تقدري تحاولي تكشّري جبهتك أو ترفعي حواجبِك؟ وحاسّة بأي ازدواج في النظر؟

مريض: لا، مش قادرة أرفع حاجبي اليمين ولا أكشّر الجبهة من الناحية اليمين، ومفيش ازدواج في النظر. النظر طبيعي تماماً.

مساعد طبي: بناءً على الأعراض اللي بتوصفيها، غالباً عندِك شلل في العصب الوجهي المعروف بشلل بيل، ودي حالة مش خطيرة بتصيب العصب الطرفي. أنصحِك تروحي للدكتور خلال اليومين الجايين عشان يأكّد التشخيص ويبدأ العلاج المناسب.

مريض: شكراً على التطمين. هل الحالة دي بتأثر على الحمل أو على الجنين؟ وإمتى ممكن أتوقع تحسّن؟","ده condition مفيش علاقة with the pregnancy or the baby, and usually it gets better within few weeks with treatment.",أيوه، الحالة دي بتتعتبر Bell’s palsy. شلل بيل بيأثّر على عصب الوِش. المتوقع إنك تتحسّني خلال أسبوعين لتلات أسابيع، بس الشفاء الكامل ممكن ياخد من تلات لـ ست شهور. لازم تروحي دكتور مخ وأعصاب لو ما اتحسّنتيش، وتروحي فورًا للطوارئ لو حصل ضعف مفاجئ في الإيد أو الرجل، أو الكلام بقى تقيل، أو صداع جامد.,"ANSWER: ده condition مفيش علاقة with the pregnancy or the baby, and usually it gets better within few weeks with treatment.",,Incorrect
57,"مريض: السلام عليكم، عندي مشكلة في عيني الشمال بقالها يومين. الرؤية بقت مشوشة جدًا وبتسوء.

مساعد طبي: وعليكم السلام. فاهم قلقك من مشكلة النظر. حاسس/ة بألم في العين ولا حواليها؟ وفيه أي أعراض تانية ملاحظ/ة؟

مريض: أيوه، فيه ألم خفيف ورا عيني الشمال، وبحسه أكتر لما أحرّك عيني. وكمان ملاحظ/ة إن الألوان باينة باهتة أو أقل وضوح في العين دي.

مساعد طبي: دي أعراض مهمة. العين اليمين طبيعية تمامًا؟ وقبل كده حصل لك/لكِ أي أعراض عصبية غريبة، زي تنميل مؤقت في الأطراف أو ضعف في أي حتة في الجسم؟

مريض: العين اليمين طبيعية تمامًا الحمد لله. بالنسبة للتنميل... الحقيقة أيوه، من حوالي شهرين حسّيت بتنميل غريب في إيدي اليمين كذا يوم وبعدين راح. ما خدتوش بجد وقتها.

مساعد طبي: تمام، المعلومة دي مهمة جدًا. أنصحك بشدة تروح/تروحي لدكتور عيون متخصص في أقرب وقت ممكن، ومهم كمان تستشير/تستشيري دكتور مخ وأعصاب. الأعراض اللي بتوصف/يها ممكن تشير لالتهاب في العصب البصري وده محتاج تقييم عاجل.

مريض: يعني الوضع خطير؟ وممكن يأثر على عيني التانية؟ أنا قلقان/ة جدًا من فقدان البصر.",مش عارف نغفل على الأعراض دي. لازم تاخد الفحوص العاجل عشان نحدد السبب.,التهاب العصب البصري هو حالة بيبقى فيها العصب اللي بينقل إشارات النظر من العين للمخ ملتهب. ده ممكن يسبب فقدان مؤقت للنظر، وفي بعض الحالات ممكن يكون فقدان النظر شديد، بس العمى الدائم نادر. ممكن كمان ييجي في العين التانية، بس مش في نفس الوقت. غالبًا الشخص بيجيله نوبة واحدة في عين واحدة.,ANSWER: مش عارف نغفل على الأعراض دي. لازم تاخد الفحوص العاجل عشان نحدد السبب.,,Incorrect
58,"مريض: السلام عليكم يا دكتور، مراتي لاحظت إن إيدي اليمين بتترعش وأنا قاعد بتفرّج على التلفزيون، وده مقلقني قوي

مساعد طبي: وعليكم السلام، فاهم قلقك تماماً. بتلاحظ الرعشة وإيدك سايبة/في وضع الراحة ولا لما بتحاول تستخدمها في حاجة معيّنة؟

مريض: بصراحة، الرعشة بتحصل وإيدي مرتاحة، بس لما بمدّ إيدي آخد فنجان الشاي الرعشة بتقف

مساعد طبي: ده وصف مهم جداً. لاحظت أي تغيّرات تانية زي تغيّر في المشي أو في الكتابة؟ وحسّيت بأي تيبّس في العضلات؟

مريض: آه، حاسس إن مشيتي بقت أبطأ وأنشف من الأول، وأوقات بحس كإن رجلي لازقة في الأرض. أما الكتابة، فبقت أصغر من زمان

مساعد طبي: بناءً على الأعراض اللي بتوصفها، أنصحك بشدة تراجع دكتور مخ وأعصاب متخصص عشان يعمل لك فحص شامل. الأعراض دي محتاجة تقييم دقيق، بس مفيش داعي لقلق زيادة لأن فيه علاجات فعّالة متاحة. حصل معاك أي وقعة مفاجئة أو تغيّرات في الذاكرة أو صعوبة في البلع؟

مريض: لا، ما وقعتش ومبعانيش من مشاكل في البلع ولا الذاكرة، بس قلقان يكون ده مرض باركنسون","Based on your symptoms, it's possible you have early signs of Parkinson's disease, but we need a specialist to confirm. I'll refer you to a neurologist for further evaluation and treatment.",ممكن الرعشة دي تكون من الإجهاد، وممكن تكون بداية باركنسون. لازم تحجزي معاد مع دكتور مخ وأعصاب متخصص في باركنسون عشان يعملِك الفحوصات: كشف سريري، والأشعات المناسبة، وMRI للمخ (الرنين المغناطيسي). وبعد كده نبدأ خطة علاج فيها دوا وعلاج طبيعي. باركنسون مرض مزمن، بس تقدري تتعايشي معاه كويس مع الأدوية الجديدة.,"ANSWER: Based on your symptoms, it's possible you have early signs of Parkinson's disease, but we need a specialist to confirm. I'll refer you to a neurologist for further evaluation and treatment.",,Incorrect
59,"مريض: السلام عليكم، عندي صداع شديد قوي من الصبح وعندي حرارة عالية. وكمان حاسس بغثيان.

مساعد طبي: وعليكم السلام، آسف إن ده حاصلك. تقدر توصفلي الصداع أكتر؟ وفيه تيبّس أو شدّ في الرقبة؟

مريض: أيوه، رقبتي متيبّسة قوي. مش قادر أبص في الموبايل من شدة الوجع لما أوطّي راسي لتحت.

مساعد طبي: ده مقلق جداً. ظهر عندك أي بقع أو طفح جلدي لونه بنفسجي؟ وبتحس بلخبطة أو صعوبة في التفكير؟

مريض: ماخدتش بالي من أي طفح لحد دلوقتي، بس حاسس بدوخة خفيفة. أنا ساكن في سكن الجامعة مع طلبة كتير.

مساعد طبي: بناءً على الأعراض اللي بتقولها—الصداع الشديد والحرارة وتيبّس الرقبة، خصوصاً مع إنك ساكن في مكان زحمة—لازم تروح فوراً للطوارئ. دي أعراض ممكن تشير لحالة طبية طارئة وعايزة تقييم عاجل.

مريض: تمام، هروح المستشفى دلوقتي. شكراً ليك، أنا قلقان فعلاً من الأعراض دي.","مش كده, هتكون عايز تاخد antibiotics and rest, but first we need to make sure it's not meningitis.",الأعراض دي ممكن تكون التهاب السحايا (مننجايتس)، وده مرض خطير وممكن يعمل مضاعفات تأثر على المخ. لازم تروح المستشفى حالاً، وماتسوقش العربية بنفسك. ابعد عن النور وعن الضغط النفسي لحد ما يبتدوا يشخّصوا حالتك ويبدأوا العلاج بأسرع وقت.,"ANSWER: مش كده, هتكون عايز تاخد antibiotics and rest, but first we need to make sure it's not meningitis.",,Incorrect
60,"مريض: السلام عليكم، أنا قلقان جداً على والدتي. عندها ستة وسبعين سنة وبقت بتنسى كتير في الفترة الأخيرة. بتحط مفاتيح البيت في أماكن غريبة ومش بتفتكر حطّتهم فين، ومن أسبوع تهت وهي رايحة للبقالة اللي بتشتري منها من سنين طويلة.

مساعد طبي: وعليكم السلام، أنا متفهم قلقك على والدتك. دي أعراض لازم ناخد بالنا منها. تقدر تقولي من إمتى وإنت ملاحظ التغييرات دي؟ وهل والدتك واخدة بالها إنها بتنسى ولا مش بتفتكر الحاجات دي أصلاً؟

مريض: بدأت ألاحظ من حوالي ست شهور تقريباً، وبتسوء واحدة واحدة. والدتي عارفة كويس جداً إنها بتنسى وده مخلّيها مُحبطة جداً. دايماً بتقولي: ""حاسّة إن ذاكرتي بتخونّي"" وباين عليها القلق.

مساعد طبي: مهم إنها تكون واعية باللي بيحصل معاها. هي عندها أي مشاكل صحية تانية؟ وبتاخد أي أدوية بانتظام؟

مريض: أيوه، عندها قصور في الغدة الدرقية من سنين بس متظبط بالأدوية. والحمد لله حالتها مستقرة من ناحية الغدة.

مساعد طبي: كويس إن الغدة متظبطة. طيب، لاحظت عليها أي أعراض تانية زي تغيّرات مفاجئة في السلوك، أو هلوسات بصرية، أو مشاكل في الحركة؟

مريض: لأ، الحمد لله ما لاحظتش أي حاجة من دي. بس مشكلة النسيان اللي بتزيد تدريجياً. ده طبيعي في سنها ولا ممكن يكون حاجة أخطر؟

مساعد طبي: فاهم قلقك. اللي إنت واصفه ممكن يكون نسيان طبيعي مرتبط بالسن، بس بما إنه مأثر على نشاطها اليومي، أنصح بعمل تقييم طبي شامل. هنحتاج تحاليل دم عشان نطمن على مستوى فيتامين B12 ووظايف الغدة الدرقية، وكمان تقييم معرفي عند متخصص. ده هيساعدنا نستبعد الأسباب اللي ممكن تتعالج قبل ما نفكر في تشخيصات تانية.

مريض: شكراً لحضرتك، ده طمّنّي شوية. هاحجز لها ميعاد مع الدكتور في أقرب وقت ممكن. يا رب تكون بس أعراض بسيطة وتتعالج.",إن شاء الله، هتكون حالتها عادي. بس لازم نأكد.,ممتاز، لازم تحجز ميعاد مع دكتور خلال كام يوم عشان نبدأ التشخيص. التشخيص هيبقى فيه شوية أسئلة معيّنة عشان نحدد هل ضعف الذاكرة مرتبط بالسن ولا فيه خلل في الذاكرة أو بداية ألزهايمر. والأفضل يكون دكتور مخ وأعصاب ومتخصص في الموضوع ده. ويبدأ بالتشخيص لأن ممكن يكون نقص في فيتامين B12، أو ممكن يكون بداية بسبب اكتئاب أو قلق شديد. المهم يبقى فيه تشخيص دقيق ونبدأ بخطة العلاج، اللي ممكن تتضمن أدوية جديدة بتقلل من سرعة تدهور النسيان.,ANSWER: إن شاء الله، هتكون حالتها عادي. بس لازم نأكد.,,Incorrect
61,"مريض: السلام عليكم، عندي ألم شديد جدًا في الجنب اليمين من ضهري ونازل لتحت على البطن. الألم مش محتمل ومش قادر أقعد ولا أنام من شدّته.

مساعد طبي: وعليكم السلام، فاهم إن الألم شديد. تقدر توصفلي طبيعة الألم؟ بييجي على هيئة نوبات/موجات ولا مستمر؟ وبدأ إمتى بالظبط؟

مريض: بدأ فجأة من حوالي ساعتين، وبيجي على موجات قوية جدًا. حاسس كإن حد بيطعنّي بسكينة في الجنب والألم نازل للمنطقة التناسلية. مش قادر ألاقي أي وضعية مريحة خالص.

مساعد طبي: ده شكله مغص شديد. لاحظت أي تغيّر في لون البول؟ وعندك سخونية أو قشعريرة؟ وتقدر تتبول طبيعي؟

مريض: أيوه، لاحظت دم في البول من آخر مرة دخلت الحمّام. بالنسبة للسخونية معتقدش، بس أنا بعرق كتير من الألم. والتبول... أيوه أقدر بس مؤلم جدًا.

مساعد طبي: بناءً على الأعراض اللي قلتها—مغص شديد في الخاصرة نازل لتحت ومعاه دم في البول—ده بيدل بقوة على حصوة في الكِلى. دي حالة لازم تقييم طبي فورًا لتسكين الألم وعمل الفحوصات اللازمة. لازم تروح الطوارئ دلوقتي.

مريض: هو ده خطر؟ أنا قلقان خصوصًا مع وجود الدم. وهل هحتاج عملية جراحية؟","مش حابب تخاف، دي حالة شائعة, but the pain and blood need immediate attention. You might need pain meds and tests to see the size of the stone. Surgery only if it's stuck.",مش لازم تقلق. المهم تروح الطوارئ عشان يبدؤوا العلاج ويدّوك مُسكّن للألم. الحصوة غالبًا بتطلع لوحدها طبيعي، وأحيانًا بنحتاج نعمل تفتيت بالموجات الصوتية. دلوقتي لازم تروح المستشفى، وماتسوقش إنت بنفسك. وكمان ماتاكلش ولا تشرب لحد ما يتعمل التشخيص ويبدأ العلاج.,"ANSWER: مش حابب تخاف، دي حالة شائعة, but the pain and blood need immediate attention. You might need pain meds and tests to see the size of the stone. Surgery only if it's stuck.",,Incorrect
62,"مريض: السلام عليكم، بقالي يومين عندي حرقان شديد وأنا بتبول، وبحس إني محتاج/ة أدخل الحمّام كتير حتى لو كمية البول قليلة.

مساعد طبي: وعليكم السلام، فاهم/ة اللي بتمري بيه. بتحسي بألم في أسفل البطن أو الظهر؟ وعندك حرارة أو أعراض تانية؟

مريض: آه، في ألم خفيف في بطني من تحت، بس مفيش حرارة ولا ألم في الظهر. بس الحرقان ده المزعج وإحساس إني على طول عايز/ة أتبول.

مساعد طبي: على حسب الأعراض اللي بتوصفيها، ده غالبًا التهاب في المسالك البولية السفلية. أنصحك تروحي للدكتور عشان يكتبلك المضاد الحيوي المناسب، وفي نفس الوقت كترّي شرب مية.

مريض: شكرًا، في أي علامات خطر لازم أخد بالي منها؟ وإمتى لازم أروح الطوارئ؟

مساعد طبي: آه، لو ظهر عندك سخونية عالية، أو ألم في الجنبين أو الظهر، أو قَيء، ده ممكن يبقى معناه إن العدوى وصلت للكُلى وده محتاج رعاية طبية فورية. إنما أعراضك دلوقتي بتشير لالتهاب بسيط.

مريض: تمام، هاحجز مع الدكتور بكرة وهكتر شرب مية. ينفع آخد مسكّن للألم دلوقتي؟","Yes, you can take a pain reliever like paracetamol for the discomfort, but avoid NSAIDs like ibuprofen until we know the cause.",أيوه، ممكن تاخدي مسكّن للألم مؤقّتًا، بس لازم تروحي للدكتور عشان يكتبلك مضادّات حيوية. وابعدي عن اللبس الداخلي الضيّق، وما تحبسيش البول، واشربي ميّه كتير. وخلي بالك من أي علامات تحذيرية زي ارتفاع الحرارة، أو وجع في الخاصرة، أو قشعريرة.,"ANSWER: Yes, you can take a pain reliever like paracetamol for the discomfort, but avoid NSAIDs like ibuprofen until we know the cause.",,Correct
63,"مريض: السلام عليكم، أنا بتصل نيابةً عن جوزي عنده 72 سنة. عنده مشاكل في الكُلى، ومن امبارح بقى خامل قوي ووشه ورجليه مورّمين، وتقريبًا ما تبولش من صباح امبارح.

مساعد طبي: وعليكم السلام. فاهم قلقك على جوزك. دي أعراض مقلقة جدًا. هو عنده أمراض مزمنة في الكُلى أو القلب؟

مريض: أيوه، عنده مرض كُلوي مزمن مرحلة رابعة وعنده فشل في القلب. الدكتور قال إن حالة الكُلى متقدمة.

مساعد طبي: ده مهم جدًا. عنده ضيق نفس، أو مخه مش راكز/تفكيره مش صافي، أو خفقان في القلب؟ وقد إيه تقريبًا كمية البول اللي خرجها من امبارح؟

مريض: أيوه، بيبان بيتنفس بصعوبة شوية لما ينام على ضهره، وساعات بيبقى ملخبط. أما البول فما شفتوش يدخل الحمام غير مرة واحدة امبارح وكانت كمية قليلة جدًا.

مساعد طبي: دي حالة طبية طارئة. انقطاع البول مع الأعراض دي عند مريض عنده فشل كلوي مزمن محتاج تدخل فوري. لازم يتنقل للمستشفى فورًا عشان يقيموا حالة الكُلى والقلب ومستوى البوتاسيوم في الدم.

مريض: حاضر، هكلم الإسعاف دلوقتي. في حاجة أعملهاله لحد ما يوصلوا؟ ولازم أجيب أدويته معايا؟","انصحك ترفعه على وضع semi-sitting, and if he has any diuretics, don't give them. Just bring his regular medications and any recent lab results.",أيوه، هاتي معاك أدويته وملفاته الطبية. بس راقبيه وخليه صاحي. لو الكُليتين بطلوا يشتغلوا ، ممكن يكون عنده بوتاسيوم عالي، وده ممكن يبقى سامّ للقلب، فمهم جدًا تودّوه فورًا للطوارئ عشان يعملوا تحاليل معملية ويقيّموا لو محتاج غسيل كُلى ولا لأ.,"انصحك ترفعه على وضع semi-sitting, and if he has any diuretics, don't give them. Just bring his regular medications and any recent lab results.",,Incorrect
64,"مريض: السلام عليكم يا دكتور، أنا قلقان قوي عشان شفت دم في البول مرتين الشهر ده.

مساعد طبي: وعليكم السلام. فاهم قلقك تمامًا. بتحس بوجع وإنت بتتبول أو في منطقة الحوض؟

مريض: لأ، وده اللي غريب، مفيش أي وجع خالص. والتبول طبيعي، مفيش صعوبة.

مساعد طبي: تمام. عندك سخونية أو رعشة؟ ولا لاحظت إن وزنك قلّ مؤخرًا أو في عرق بالليل؟

مريض: لأ، مفيش سخونية. بس فعلاً، وزني قلّ شوية الشهر اللي فات ولاحظت إني بعرق كتير بالليل.

مساعد طبي: دي أعراض مهمة. إنت بتدخّن وعندك ضغط، صح؟ وجود دم في البول من غير ألم مع نزول وزن وعرق ليلي محتاج كشف عاجل عند دكتور مسالك بولية عشان نستبعد أي أورام.

مريض: يا نهار أبيض، حضرتك تقصد سرطان؟ أنا خايف جدًا دلوقتي، إمتى لازم أروح لدكتور المسالك؟","لازم تروح دكتور المسalk immediately, don't worry, but don't delay.",ممكن تكون أعراض والدك ليها علاقة بسرطان المثانة، خصوصًا إن عنده عادة خطيرة وهي التدخين، ومع تاريخ قريب لفقدان وزن. تقدر تحجز أقرب ميعاد ممكن مع دكتور مسالك بولية عشان يعمل التحاليل اللازمة ويفحص المثانة بالمنظار، وياخد عيّنة (خزعة) لو احتاج.,"ANSWER: لازم تروح دكتور المسalk immediately, don't worry, but don't delay.",,Incorrect
65,"مريض: السلام عليكم يا دكتور، بقالي كذا شهر بعاني من مشاكل في التبول. اندفاع البول بقى ضعيف قوي وبحس إن المثانة مش بتفضى للآخر بعد ما أتبول.

مساعد طبي: وعليكم السلام. فاهم قلقك من الأعراض دي. بتصحى بالليل تروح الحمّام؟ وبتحتاج تزقّ/تحزّق عشان التبول يبتدي؟

مريض: أيوه، بصحى حوالي 3 أو 4 مرات كل ليلة عشان أتبول، وأحياناً بستنى شوية وبضغط لحد ما البول يبتدي ينزل.

مساعد طبي: دي أعراض شائعة في سنّك. بتحس بوجع وإنت بتتبول أو لاحظت دم في البول؟ وخدت أي أدوية جديدة قريب، خصوصاً أدوية الحساسية أو البرد؟

مريض: لا، مفيش وجع ولا دم في البول. وماخدتش أي أدوية جديدة. أنا بس باخد دوا الضغط بتاعي المعتاد بقاله سنين.

مساعد طبي: كويس. الأعراض اللي بتوصفها بتشير لتضخّم البروستاتا الحميد، ودي حالة شائعة جداً مع التقدّم في السن. أنصحك تراجع دكتور عشان تعمل تحليل PSA وكشف سريري. مش حالة طارئة، بس المتابعة مهمة عشان نتأكد من التشخيص.

مريض: شكراً، ده طمّني. إمتى لازم أقلق وأروح الطوارئ؟

مساعد طبي: لازم تروح الطوارئ فوراً لو مش قادر تتبول خالص، أو لو عندك سخونية مع ألم أسفل الضهر، أو لو بتخسّ/وزنك بيقل من غير سبب. إنما في حالتك دلوقتي، كفاية تحدد ميعاد مع دكتور مسالك بولية خلال أسبوعين.

مريض: تمام، هاحجز ميعاد مع الدكتور قريب. في حاجة أقدر أعملها دلوقتي عشان تخفف الأعراض دي؟","Try to drink more water during the day and avoid drinking too much before bed. Also, try to relax when you're trying to urinate and don't strain too much.",أيوه، تقدر تقلّل شرب السوائل بالليل، وتقلّل الكافيين والكحول عشان بيهيّجوا المثانة، ومتأخرش التبوّل. ولما تبدأ تدريب المثانة، جرّب التبوّل بمواعيد والتبوّل المزدوج: اتبول، استنى لحظة، وبعدين جرّب تاني.,"ANSWER: Try to drink more water during the day and avoid drinking too much before bed. Also, try to relax when you're trying to urinate and don't strain too much.",,Correct
66,"مريض: السلام عليكم، أنا قلقان/ة جدًا. عملت عملية استئصال بواسير من تلات أيام، ودلوقتي عندي نزيف شديد من المستقيم مع دوخة وتعب جامد.

مساعد طبي: وعليكم السلام. فاهم/ة قلقك. ده محتاج اهتمام فوري. النزيف بدأ إزاي وشكله دلوقتي عامل إيه؟ وفيه ألم في المنطقة؟

مريض: بدأ كنقط بسيطة في الأول، وبعدين اتطور وبقى كمية كبيرة من الدم ومعاه جلطات. أنا حاسس/ة بألم شديد حوالين فتحة الشرج، وبتجيلي دوخة قوية لما أقف.

مساعد طبي: ده مقلق جدًا. كمية الدم الكبيرة مع الجلطات والدوخة بتشير لنزيف بعد العملية وده محتاج تدخل طارئ. حاسس/ة بضعف عام أو شحوب؟

مريض: أيوه، حاسس/ة بضعف شديد وتعب مش طبيعي. جوزي قال إن وشي شاحب جدًا. خايف/ة يكون فيه حاجة غلط في العملية أو مضاعفات خطيرة.

مساعد طبي: فاهم/ة مخاوفك تمامًا. بناءً على الأعراض اللي بتوصفيها — نزيف غزير مع جلطات ودوخة وشحوب وضعف — لازم تروح/ي فورًا لقسم الطوارئ. ده نزيف بعد العملية ومحتاج تدخل طبي عاجل.

مريض: هروح المستشفى دلوقتي. ممكن تبلغي الدكتورة يسرى اللي عملتلي العملية؟ وهل ممكن أحتاج عملية تانية عشان يوقفوا النزيف؟",هتخليهم يبلغوا الدكتور يسر. مفيش داعي للقلق، هينزلوا لك and stop the bleeding.,الأحسن تروحي المستشفى حالًا. حاولي ما تمشيش واطلبي من المسعفين يوصّلوكي بكرسي بعجل. ما تاكليش ولا تشربي لحد ما توصّلي المستشفى ويبدأوا التشخيص. أول ما توصّلي الطوارئ، الدكتور هيشخّص فورًا بإستخدام أشعة مقطعية وتحليل دم عشان يتأكدوا من كمية النزيف. إن شاء الله غالبًا مش هتحتاجي عملية تانية علشان يوقفوا النزيف، بس ده ممكن. حاولي ما تتوتريش وخليكي هادية، غالبًا إن شاء الله الوضع هيبقى تحت السيطرة ونتمنالك الشفاء السريع.,ANSWER: هتخليهم يبلغوا الدكتور يسر. مفيش داعي للقلق، هينزلوا لك and stop the bleeding.,,Incorrect
67,"مريض: السلام عليكم يا دكتورة، أنا قلِقانة من نوبات ألم المرارة. عندي عملية متحددة كمان أربع أسابيع، بس عايزة أعرف آكل إيه عشان أتجنب النوبات المؤلمة دي؟

مساعد طبي: وعليكم السلام، فاهمة قلقك جداً. أول حاجة أحب أطمنّك إن العملية مش طارئة وحالتك مستقرة. بالنسبة للأكل، مهم جداً تبعدي عن الأكل الدهني والمقليات عشان بيحفّزوا انقباض المرارة. ممكن تقوليلي إيه نوع الأكل اللي بتاكليه عادةً؟

مريض: آه، باخد بالي إن الوجع بيزيد لما آكل مقليات أو لحمة فيها دهن. النوبات بتحصل تقريباً مرتين في الأسبوع وبتستمر من ربع ساعة لساعة. آكل إيه بأمان؟

مساعد طبي: ده طبيعي جداً مع حصوات المرارة. أنصحِك بأكل قليل الدسم زي الخضار المسلوق، الفاكهة، الرز، العيش الأسمر، واللحمة اللي من غير دهن وتكون مشوية أو مسلوقة. وابعدي عن المقليات، الزبدة، الكريمة، المكسرات، والجبن الدسم. اشربي مية كفاية وخلّي وجباتك صغيرة ومتكررة.

مريض: شكراً على النصايح دي. ينفع آكل زيت زيتون؟ وإيه حكاية البيض واللبن ومنتجاته؟","زيت الزيت بيساعد but in small amounts. Eggs can be eaten but without the yolk. For dairy, choose low-fat options like skim milk and yogurt.",كلي زيت الزيتون بس باعتدال شديد، لأنه ممكن يهيّج المرارة ويزود إفراز العصارة الصفراوية. أمّا البيض فالأفضل تبعدي عنوا، بس لو حابّة ممكن تاكلي بياض البيض بس مش الصفار. وبالنسبة للألبان، دي محفّز قوي جدًا للنوبات ولازم تبعدي عنها خالص.,"ANSWER: زيت الزيت بيساعد but in small amounts. Eggs can be eaten but without the yolk. For dairy, choose low-fat options like skim milk and yogurt.",,Correct
68,"مريض: السلام عليكم، أنا عندي ألم شديد قوي في منطقة المغبن الشمال من بعد عملية إصلاح الفتق اللي عملتها الأسبوع اللي فات.

مساعد طبي: وعليكم السلام، فاهم إن عندك ألم بعد عملية إصلاح الفتق الإربي. تقدر توصفلي الألم ده بالتفصيل؟

مريض: الألم حارق وبيِنَبِض، وبيمتد لجوة الفخذ الشمال. والمنطقة حسّاسة جداً للمس، وحاسس بتنميل كإن فيه دبابيس وإبر.

مساعد طبي: دي أعراض مقلقة. الألم بيزيد مع المشي أو مع تحريك مفصل الفخذ؟ والمسكنات اللي متوصفة لك بتخفف الألم؟

مريض: أيوه، بيزيد جداً مع المشي أو لما أمدّ مفصل الفخذ، والمسكنات اللي كتبها لي الدكتور ما بتخففش الألم خالص.

مساعد طبي: بناءً على الأعراض اللي بتقولها، باين إن فيه إصابة عصب بعد العملية. ده محتاج تقييم عاجل من فريق الجراحة. لازم تروح فوراً للطوارئ عشان يقيّموا حالتك.

مريض: يعني الوضع خطير؟ وإيه اللي ممكن يحصل لو ما رحتش الطوارئ دلوقتي؟",لو ما رحتش الطبي دى، ممكن يزداد الالتهار or even permanent nerve damage.,لازم نعالج الوجع الجامد ده بعد عملية الفتق، لأنه ممكن يكون بسبب ضغط على العصب أو إصابة في العصب وقت العملية. تأخير الموضوع ده ممكن يسبب تلف في العصب وتفضل تعاني من وجع مزمن.,ANSWER: لو ما رحتش الطبي دى، ممكن يزداد الالتهار or even permanent nerve damage.,,Correct
69,"مريض: السلام عليكم، أنا حاجز لعمل منظار قولون بكرة عند الدكتورة يسرى، بس نسيت إمتى أبدأ أشرب محلول التنضيف، وإيه الآثار الجانبية المحتملة؟

مساعد طبي: وعليكم السلام، هساعدك أوضح لك تعليمات التحضير لمنظار القولون. غالبًا بنبدأ نشرب محلول التنضيف قبل 12 لـ24 ساعة من ميعاد الإجراء، بس فاكر نوع المحلول اللي اتكتب لك؟

مريض: لا مش فاكر الاسم بالظبط، بس عايز أعرف إمتى أوقف أكل وإيه نوع الأكل المسموح؟

مساعد طبي: بشكل عام لازم توقف أكل الأكل الصلب قبل 24 ساعة من الإجراء وتكتفي بالسوائل الشفافة زي الميه، والعصاير الصافية، والمرقة الصافية. وبالنسبة للآثار الجانبية، ممكن تشمل غثيان، وقيء، وانتفاخ، وتقلصات/مغص في البطن. وبما إن في تاريخ مرضي عندك للضغط والكوليسترول والأنيميا اللي اتعرفت قريب، هل بتاخد أدوية سيولة للدم؟

مريض: أنا باخد دوا للضغط بس، بس قلقان من موضوع الأنيميا، هل ده هيأثر على المنظار؟ وهل ينفع أشرب ميه كتير مع المحلول؟

مساعد طبي: الأنيميا اللي اتعرفت قريب هي جزء من سبب عمل المنظار عشان نستبعد أي مصدر نزيف في القولون. تقدر تشرب ميه مع المحلول عشان تتجنب الجفاف، بس خليك ملتزم بالتعليمات المحددة للكمية. ومهم جدًا تتواصل مع العيادة أو المستشفى اللي هتعمل فيه المنظار عشان تاخد التعليمات المحددة بتاعتهم، لأن البروتوكولات ممكن تختلف من مكان لمكان.

مريض: شكرًا على المعلومات، هاتصل بعيادة الدكتورة يسرى الصبح عشان أتأكد من التعليمات المحددة، ويا رب يبقى كل حاجة تمام مع نتيجة المنظار.","كده يا دكتور, مش كدة, انا عايز اعرف if I can take my blood pressure medication with a sip of water on the day of the procedure?",تمام، ده حاجة كويس. لازم تتابع المعلومات من الفريق الطبي كويس قوي عشان مايحصلش أي سوء فهم يسبب مضاعفات تأثر على صحتك. كلم عيادة الدكتور وقولهم بوضوح إنت بتحس من إيه، وإيه الأدوية اللي بتاخدها، وإيه اللي لازم تعمله قبل معاد المنظار.,"ANSWER: كده يا دكتور, مش كدة, انا عايز اعرف if I can take my blood pressure medication with a sip of water on the day of the procedure?",,Incorrect
70,"مريض: السلام عليكم، عندي ألم شديد في الناحية الشمال من بطني بقاله تلات أيام ومش بيتحسّن بالمسكنات.

مساعد طبي: وعليكم السلام. فاهم إن عندك ألم في الناحية الشمال من البطن. تقدر توصفلي طبيعة الألم ده؟ وعندك أي أعراض تانية معاه؟

مريض: الألم زي المغص ومش بيروح لأماكن تانية، وبيسوء لما باكل. كمان حاسس بسخونية ورعشة وعرق بالليل، وكمان في انتفاخ في البطن.

مساعد طبي: الأعراض دي مقلقة، خصوصاً مع السخونية والرعشة. هل عندك تاريخ مرضي قبل كده متعلق بالجهاز الهضمي؟

مريض: أيوه، عندي تاريخ مع التهاب الرتوج، وعملت منظار قولون السنة اللي فاتت وطلع إن عندي رتوج في القولون.

مساعد طبي: بناءً على تاريخك مع الرتوج والأعراض اللي بتوصفها—ألم في الناحية الشمال مع سخونية ورعشة—ده يشير لاحتمال التهاب رتوج حاد. بنصحك بشدة تروح فوراً للطوارئ عشان يعملوا الفحوصات اللازمة وتاخد العلاج المناسب.

مريض: هو الموضوع خطير للدرجة دي؟ كنت أتمنى أقدر أستنى معاد مع دكتور الأسرة.","ده مش موضوع يمكن استهانة, especially with the symptoms you're describing. You need to go to the emergency room immediately to rule out complications like perforation or abscess.",الحالة مش لازم تكون خطيرة، بس محتاجة علاج بسرعة. لازم تروح الطوارئ عشان يعملولك الفحوصات المناسبة، اللي فيها CT scan وتحليل دم، ويبدأوا علاج فورًا بمضادات حيوية. وممكن تحتاج تريح القولون، وأحيانًا ممكن تحتاج عملية جراحية.,"ANSWER: ده مش موضوع يمكن استهانة, especially with the symptoms you're describing. You need to go to the emergency room immediately to rule out complications like perforation or abscess.",,Incorrect
71,"مريض: السلام عليكم، أنا عندي التهاب معدة وأمعاء، واتشخّصت عند دكتور الجهاز الهضمي. عايز أعرف إيه الأكل اللي المفروض آكله وإيه اللي أتجنّبه خلال فترة التعافي؟

مساعد طبي: وعليكم السلام، آسف للي بتمرّ بيه. خلال فترة التعافي من التهاب المعدة والأمعاء، بننصح بالأكل الخفيف زي الرز المسلوق، التوست، الموز، والتفاح المبشور. وابعد عن الأكل الدسم، الحار، ومنتجات الألبان. قولي عامل إيه دلوقتي؟ وبتشرب سوائل بانتظام؟

مريض: أيوه، بشرب ميّه وعصاير طبيعية، بس لسه عندي إسهال مائي وغثيان. ينفع آكل شُوربة؟ وإيه عن اللحمة والسمك؟

مساعد طبي: أيوه، الشوربات الخفيفة زي شوربة الرز أو خضار مسلوق مفيدة جداً. بالنسبة للحمة والسمك، الأفضل تأجّلهم كام يوم لحد ما الأعراض تتحسّن، وبعد كده تاكلهم مسلوقين أو مشويّين. ومهم كمان تشرب محلول الإماهة الفموية عشان تعوّض السوائل اللي بتفقدها. الإسهال بييجي لك كام مرة في اليوم دلوقتي؟

مريض: حوالي ٤-٦ مرات في اليوم، وساعات بحس بدوخة. في علامات خطر لازم أخد بالي منها؟ وإمتى لازم أراجع الدكتور تاني؟

مساعد طبي: الدوخة ممكن تبقى علامة جفاف، فمهم جداً تزود شرب السوائل. لازم تراجع الطبيب فوراً لو ظهر دم في البراز، أو سخونية عالية، أو جفاف شديد، أو لو الأعراض ما اتحسّنتش خلال يومين تلاتة. وافتكر كُل وجبات صغيرة على فترات، وامنع الأكل النَيّ خالص لحد ما تخف تماماً.

مريض: شكراً على النصايح دي المفيدة. هامشي على النظام الغذائي ده وهاراقب الأعراض كويس. لو ما اتحسّنتش حالتي خلال الأيام الجاية، هارجع أراجع الدكتورة يسرى تاني.","كده يا دكتور, انا هكون حريص على شرب السوids and follow the diet. If the symptoms don't improve in a few days, I'll come back to see you.",ده حاجة كويسة، بس لازم تروح الطوارئ لو التشنّجات زادت، أو لو عندك مغص جامد قوي في البطن، أو إسهال جامد ممكن يسبّب جفاف شديد. ساعتها ممكن تحتاج محاليل على الوريد، وعلاج لو حصل تغيّر في أملاح الجسم، وعلاج أملاح الجسم.,"ANSWER: كده يا دكتور, انا هكون حريص على شرب السوids and follow the diet. If the symptoms don't improve in a few days, I'll come back to see you.",,Correct
72,"مريض: السلام عليكم، أنا محمد عندي 40 سنة. رحت عيادة من أسبوع عشان ألم في المعدة، وعملت منظار للجهاز الهضمي العلوي وطلع عندي قرحة في المعدة. الدكتور كتبلي دوا مثبّط مضخة البروتون بس ما قالليش بالظبط آخده إمتى. ممكن تساعدني؟

مساعد طبي: وعليكم السلام يا أستاذ محمد. فاهم سؤالك بخصوص ميعاد أخذ مثبّط مضخة البروتون. عشان أديك أنسب نصيحة، ممكن تقولي طبيعة الألم اللي حاسس بيه؟ بيجي عادة إمتى وقد إيه شدّته؟

مريض: الألم بيكون في أعلى البطن تحت القفص الصدري، وبيبقى متوسط وأحياناً شديد. بيفضل كذا ساعة خصوصاً بين الوجبات وبيسوء مع الصيام. وكمان عندي حُرقة وارتجاع خصوصاً بدري قوي الصبح وعند النوم.

مساعد طبي: شكراً على المعلومات دي. بناءً على وصف الأعراض، أنصحك تاخد مثبّط مضخة البروتون قبل الفطار بـ 30 لـ 60 دقيقة على معدة فاضية. الميعاد ده مهم لأن الدوا بيشتغل أحسن لما مضخّات البروتون بتبقى نشطة، وده غالباً بيحصل بعد الأكل. إنت بتفطر بانتظام؟

مريض: آه، بفطر عادة الساعة سبعة ونص الصبح. بس لو نسيت آخده قبل الفطار؟ والقرحة بتاخد قد إيه عشان تخف مع العلاج ده؟

مساعد طبي: لو نسيت تاخده قبل الفطار، ممكن تاخده قبل العشا بـ 30 لـ 60 دقيقة. المهم يتاخد على معدة فاضية قبل الوجبة الرئيسية. وبالنسبة لالتئام القرحة، غالباً بتحتاج من 4 لـ 8 أسابيع مع الالتزام بالعلاج وتعليمات الطبيب. ومهم كمان تتجنب التدخين والكحول عشان بيأخروا الشفاء.

مريض: تمام، هحاول أخده قبل الفطار بنص ساعة. بس هل في أكلات معينة لازم أبعد عنها خلال فترة العلاج؟ وهل الدوا آمن لو اتاخد لفترة طويلة؟","تجنب الأطعا الحامض, الكافيين, and spicy foods. The medication is safe for long-term use if needed, but we'll reassess after 8 weeks.",قلّل الحاجات اللي بتستفز المعدة زي الموالح/الحمضيات: الليمون والبرتقال، وكمان المشروبات اللي فيها كافيين، والأكل الدسم، واللي فيه شطة/بهارات قوية، والمقليات اللي فيها دهون عالية، وكمان الشوكولاتة والنعناع. وبالنسبة للاستخدام لفترة طويلة، الأحسن استخدام مثبّطات مضخة البروتون (PPI). والأفضل تقصّر المدة من 4 لـ 8 أسابيع. لأن الاستخدام الطويل ممكن يسبب نقص في امتصاص الفيتامينات والكالسيوم والماغنيسيوم.,"ANSWER: تجنب الأطعا الحامض, الكافيين, and spicy foods. The medication is safe for long-term use if needed, but we'll reassess after 8 weeks.",,Incorrect
73,"مريض: السلام عليكم، أنا ابن مريض سنه ٧٠ سنة. رحنا لدكتور جهاز هضمي عشان والدي عنده ألم في البطن واصفرار بيزيد تدريجيًا وخسّ ١٢ كيلو في خمس شهور. الدكتور طلب تحاليل وأشعة مقطعية على البطن، بس أنا قلقان جدًا على حالته وعايز أفهم إيه اللي بيحصل له.

مساعد طبي: وعليكم السلام، مقدّر قلقك على والدك. الأعراض اللي حضرتك ذكرتها—ألم البطن والاصفرار اللي بيزيد واحدة واحدة ونقصان الوزن—محتاجين تقييم دقيق. ممكن تحكيلي أكتر عن طبيعة الألم؟ ولاحظتوا أي أعراض تانية زي الحكة أو تغيّر لون البول أو البراز؟

مريض: أيوه، والدي بيشتكي من مغص في البطن كله مع إحساس بالامتلاء وعدم راحة. وكمان شهيته قليلة وعنده حكة شديدة خصوصًا في البطن، وبيحس بتعب وضعف. أنا خايف يكون سرطان البنكرياس، إيه الاحتمالات وإيه العلاجات المتاحة؟

مساعد طبي: الأعراض اللي وصفتها ممكن تشير لأكتر من حالة بتأثر على الكبد أو القنوات المرارية أو البنكرياس. آه، سرطان البنكرياس احتمال وارد، بس فيه أسباب تانية زي حصوات في القناة المرارية، التهاب البنكرياس، أو أورام حميدة. التحاليل والأشعة المقطعية هيخلّوا الصورة أوضح. وبالنسبة للعلاج، بيعتمد على التشخيص النهائي والمرحلة لو طلع ورم.

مريض: شكرًا لحضرتك، بس أنا لسه قلقان جدًا. لو كان سرطان البنكرياس، نسب الشفاء إيه؟ وهل سنه ٧٠ بيأثر على العلاج؟ والدي كمان عنده تاريخ ربو، ده هيعقّد الأمور؟","لو كان سرطان، سنه بيأثر على العلاج, but age doesn’t mean we stop trying. We’ll know more after the tests, and we’ll discuss options if needed.",مفيش داعي للخوف دلوقتي. صحيح إن الأعراض زي الاصفرار ونقصان الوزن مقلقة وتستدعي القلق، بس ده مش معناه إن أكيد فيه ورم خبيث. بالنسبة لسرطان البنكرياس، نسب الشفاء بتعتمد بالكامل على المرحلة اللي بيتكتشف فيها المرض، وعلى قوة قابليته للاستئصال الجراحي. وبالنسبة لسنّه ووجود الربو، دي عوامل بناخدها في الاعتبار وإحنا بنحط الخطة العلاجية عشان نضمن سلامته، بس مش بتمنع إننا نقدمله الرعاية المناسبة. ضروري جدًا تكمّلوا الـCT scan بأسرع وقت، لأنه هو اللي هيحسم التشخيص. أنصحك تتابع النتائج مع دكتور الجهاز الهضمي أول ما تطلع.,"ANSWER: لو كان سرطان، سنه بيأثر على العلاج, but age doesn’t mean we stop trying. We’ll know more after the tests, and we’ll discuss options if needed.",,Incorrect
74,"مريض: السلام عليكم، محتاج مساعدتكم أفهم حالتي. امبارح شربت كمية كبيرة  بيرة مع صحابي، وبعدها رجّعت كذا مرة وبقوة. والنهارده لاحظت إن في خيوط دم صغيرة مع مخاط في الترجيع ومع بواقي أكل مهضوم. دي أول مرة يحصل معايا كده وعايز أفهم إيه الأسباب المحتملة؟

مساعد طبي: وعليكم السلام. فاهم قلقك، وده موضوع محتاج اهتمام طبي. أولاً، هل عندك تاريخ مرضي معروف، خصوصاً مشاكل في الكبد؟ وهل حاسس بأي أعراض تانية دلوقتي زي دوخة أو تعب أو ألم في البطن؟

مريض: أيوه، عندي مرض الكبد الكحولي بقاله سنين وهو في مرحلة متقدمة. دلوقتي عندي صداع وأعراض الخمار العادية، بس مفيش دوخة ولا تعب. عموماً أنا حاسس إني كويس غير الدم ده في الترجيع. هل ده خطير؟ ممكن يهدد الحياة؟

مساعد طبي: بالنظر لتاريخك مع الكبد الكحولي ومع الترجيع المصحوب بدم، ده ممكن يشير لكذا سبب محتمل، منها تمزّق في أوعية دموية في المريء أو المعدة بسبب الترجيع الشديد، أو مضاعفات مرتبطة بحالة الكبد. أنصحك بشدة تروح الطوارئ فوراً عشان يعملوا فحوصات ضرورية، تشمل تحاليل دم ومنظار للجهاز الهضمي العلوي.

مريض: فاهم، بس ينفع أستنى شوية وأشوف لو هيتكرر تاني؟ قصدي إني دلوقتي أحسن نسبياً ومفيش نزيف مستمر. قد إيه الموضوع مُلحّ في رأيكم؟","ده مش موضوع بتستاهل تأخير, especially with your liver history. The bleeding could be serious and needs immediate evaluation. Go to the emergency room right away.",أنا فاهم إنك عايز تستنى، بس مع تاريخك مع مرض كبد متقدّم، ظهور دم في القيء—حتى لو شكله بسيط—ده وضع يستدعي تروح الطوارئ فورًا. الاستعجال هنا علشان لازم نقيس العلامات الحيوية ونشوف نسبة الهيموجلوبين علشان نتأكد إن مفيش نزيف داخلي ممكن مايبانش. ممكن الدم ده يكون من شقّ بسيط بسبب الترجيع الشديد، بس في حالتك لازم نستبعد دوالي المريء ومضاعفات كبدية خطيرة عن طريق منظار الجهاز الهضمي العلوي. الاستنى ممكن يعرّضك لمخاطر مفاجئة، فالكشف السريع دلوقتي هو الإجراء الأأمن علشان نطمن إن حالتك مستقرة. بنصحك تروح المستشفى دلوقتي ومتتأخرش علشان تعمل الفحوصات المطلوبة.,"ANSWER: ده مش موضوع بتستاهل تأخير, especially with your liver history. The bleeding could be serious and needs immediate evaluation. Go to the emergency room right away.",,Correct
75,"مريض: السلام عليكم، أنا عندي إسهال مزمن بقاله شهرين وعايز أفهم سببه. أنا عملت تكميم معدة من سنة وخسّيت حوالي ٢٠ كيلو، بس الإسهال ده مضايقني قوي.

مساعد طبي: وعليكم السلام، فاهم قلقك من الإسهال. ينفع توصفّيلي طبيعة الإسهال؟ بيحصل كام مرة في اليوم وقوامه عامل إزاي؟

مريض: بيحصل من ٦ لـ٧ مرات في اليوم، وبيبقى مائي، وأحياناً بلاقي نقط دهنية في البراز. وكمان ملاحظ تساقط في الشعر وضعف في الضوافر مع إحساس بتعب مستمر.

مساعد طبي: الأعراض دي مهمة جداً، خصوصاً بعد عملية التكميم. هل بتاخدي الفيتامينات والمكمّلات اللي الدكتور كتبها لك بعد العملية؟ وآخر مرة رحتي لدكتور المتابعة كانت إمتى؟

مريض: بصراحة ما التزمتش بالفيتامينات زي ما المفروض، وما راجعتش دكتور من بعد العملية. كنت مبسوطة من نزول الوزن وتحسّن السكر، فافتكرت إن كل حاجة تمام.

مساعد طبي: فاهم إحساسك، بس الأعراض دي—الإسهال المتكرر مع وجود دهون، تساقط الشعر، وضعف الضوافر—ممكن تشير لسوء امتصاص للفيتامينات والعناصر الغذائية. مهم جداً تروحي لدكتور جراحة السمنة أو دكتور المتابعة بعد العمليات عشان يعمل الفحوصات اللازمة ويظبط المكمّلات.

مريض: تمام، أنا حاسس دلوقتي إني كنت غلطان إني ما تابعتش. هحجز ميعاد مع الدكتور المختص قريب. في حاجة أقدر أعملها دلوقتي عشان تخفف الإسهال ده؟","انا هكتب لك بعض medicines for the diarrhea, but the most important thing is to start taking your vitamins and supplements right away and see the doctor as soon as possible.",دلوقتي تقدري تاخدي دوا مضاد للإسهال عشان يخفّف الأعراض، وافتكري تشربي ميّه كتير عشان تعوّضي السوائل اللي اتفقدت. بس مهم جدًا تروحي عيادة جراحة السمنة عشان يكتبولِك المالتيفيتامين المناسب ليكي ويتأكدوا من أسباب الإسهال.,"ANSWER: انا هكتب لك بعض medicines for the diarrhea, but the most important thing is to start taking your vitamins and supplements right away and see the doctor as soon as possible.",,Incorrect
76,"مريض: أهلاً، أنا طالب جامعة عندي ٢١ سنة، ورحت لدكتور باطنة/عام عشان عندي إسهال فيه دم ووجع بطن بقاله شهرين. الدكتور قالّي ممكن يكون عندي التهاب الأمعاء، وطلب مني أعمل منظار قولون وأروح لدكتور جهاز هضمي. أنا قلقان جداً ومش فاهم المرض ده إيه وهل ليه علاج؟

مساعد طبي: فاهم قلقك تماماً. التهاب الأمعاء مرض مزمن بيعمل التهاب في الجهاز الهضمي، وليه نوعين أساسيين: كرون والتهاب القولون التقرّحي. الأعراض اللي بتقول عليها زي الإسهال الدموي ووجع البطن ماشية مع التشخيص ده. ممكن تحكيلي أكتر عن طبيعة الوجع؟ وهل خسّيت وزن في الفترة الأخيرة؟

مريض: أيوه، خسّيت حوالي ٥ كيلو في الشهرين اللي فاتوا. الوجع مغص ومتوسط الشدة ومعاه انتفاخ. عمي عنده التهاب قولون تقرّحي بقاله ١٠ سنين وتوفّى بعد عملية جراحية بسبب المرض ده. أنا خايف جداً أموت زيه، وهل ممكن يجيني سرطان قولون؟

مساعد طبي: فاهم خوفك وده طبيعي. أول حاجة لازم نأكد التشخيص بالفحوصات المناسبة. غير منظار القولون، ممكن تحتاج تحاليل دم وبراز وأشعة مقطعية CT. وبالنسبة لسرطان القولون، أيوه فيه زيادة بسيطة في الخطر، بس مع المتابعة المنتظمة والعلاج المناسب نقدر نسيطر على المرض. هل بتلاحظ إن الأعراض ليها علاقة بأكل معيّن؟

مريض: لأ، الأعراض مالهاش علاقة بنوع أكل معيّن. إيه التشخيصات التانية اللي ممكنة غير التهاب الأمعاء؟ وهل فيه علاج نهائي للمرض ده؟ أنا عايز أفهم كل حاجة عشان أنا خايف جداً أواجه نفس مصير عمي.

مساعد طبي: فيه احتمالات تانية زي عدوى بكتيرية أو طفيلية، قولون عصبي شديد، أو مشاكل هضمية تانية. بس مع خسارة الوزن ووجود دم في البراز، التهاب الأمعاء يفضل الاحتمال الأكبر. وبالنسبة للعلاج، مافيش شفاء نهائي، بس فيه علاجات فعّالة جداً للسيطرة على الأعراض ومنع المضاعفات. الطب اتطور كتير عن من ١٠ سنين. المهم المتابعة المنتظمة مع دكتور متخصص.

مريض: شكراً، ده طمّنّي شوية. إمتى لازم أعمل منظار القولون وإيه الفحوصات التانية اللي محتاجها؟ وهل أقدر أكمّل دراستي وأعيش حياة طبيعية لو التشخيص اتأكد؟","منظر القول عايزه تعمل في أقرب وقت. عايز تحضر فحوصات دم, بر, and CT. If the diagnosis is confirmed, you can live a normal life with proper treatment and follow-up.",أيوه، غالبًا مرضى التهاب الأمعاء بيعيشوا حياة طبيعية. ولو المرض متحكَّم فيه بالأدوية، مش هيأثر على حياتك. بس لازم الأول تعمل منظار قولون عشان نأكد التشخيص بالظبط، لأن الدكاترة لازم يشوفوا التغيّرات الخلوية على مستوى الأمعاء. وبعد كده هتحتاج تكرر منظار القولون بعد ٨ لـ١٠ سنين من وقت التشخيص، وبعدها كل سنتين لتلات سنين.,"ANSWER: منظر القول عايزه تعمل في أقرب وقت. عايز تحضر فحوصات دم, بر, and CT. If the diagnosis is confirmed, you can live a normal life with proper treatment and follow-up.",,Incorrect
77,"مريض: السلام عليكم، بقالي حوالي أربع شهور عندي مشاكل في بطني. عندي انتفاخ وإسهال مائي كل ما آكل عيش أو أي حاجة فيها جلوتين. واحد صاحبي قال ممكن يكون عندي سيلياك. عايز أعرف إيه الأكل اللي لازم أتجنبه؟

مساعد طبي: وعليكم السلام. فاهم قلقك من الأعراض دي. تقدر تحكيلي أكتر عن شكل الإسهال والوجع؟ الأعراض دي بتظهر إمتى بالظبط بعد الأكل؟

مريض: الإسهال مائي وبيحصل غالباً بعد كام ساعة من أكل العيش أو المكرونة. وكمان بحس بوجع في بطني زي المغص وانتفاخ شديد. جرّبت أغيّر نظام أكلي كذا مرة، بس لسه باكل جلوتين لأني مش متأكد إيه الأكلات اللي فيها.

مساعد طبي: أعراضك فعلاً ممكن تشير لاحتمال السيلياك، بس التشخيص الدقيق محتاج فحوصات طبية متخصصة. بالنسبة للأكل اللي فيه جلوتين: ابعد عن القمح والشعير والجاودار، وكل اللي معمول منهم زي العيش والمكرونة والبسكويت. أنصحك تروح لدكتور جهاز هضمي عشان تعمل الفحوصات اللازمة قبل ما تبدأ نظام غذائي خالي من الجلوتين تماماً.

مريض: شكراً على المعلومات. هل لازم أبطل تدخين كمان؟ وإيه الفحوصات اللي هحتاجها عند الدكتور؟","تدخين مش بيساعد, but it's not the main cause. Doctor gonna ask for blood tests and maybe a biopsy to confirm.",فاهم رغبتك إنك تعرف الخطوات الجاية للتعامل مع الأعراض دي اللي مضايقاك. بالنسبة للتدخين، الأحسن دايمًا تبطّله عشان يحسّن صحتك العامة وصحة جهازك الهضمي. أيوه، هو مش سبب مباشر للسيلياك. الفحوصات اللي هتحتاجها بتشمل تحاليل دم متخصصة للأجسام المضادة، وممكن دكتور الجهاز الهضمي يطلب يعمل عيّنة/خزعة بسيطة من الأمعاء الدقيقة عن طريق المنظار عشان نأكد التشخيص. وبنصحك بشدة ما توقفش الجلوتين قبل ما تعمل الفحوصات دي عشان نضمن دقة النتائج. حاليًا الأحسن تبدأ تتعرف على البدائل زي الرز والكينوا، وتجهّز لموعدك مع الأخصائي عشان يحطّلك خطة علاج شاملة/كاملة تضمنلك حياة من غير وجع ولا انتفاخ.,"ANSWER: تدخين مش بيساعد, but it's not the main cause. Doctor gonna ask for blood tests and maybe a biopsy to confirm.",,Correct
78,"مريضة: السلام عليكم، أنا ست عندي 42 سنة وعملت فحص مرونة الكبد في عيادة السمنة الأسبوع اللي فات. النتايج وصلتلي وأنا قلِقانة جداً. النتيجة مكتوب فيها درجة التليّف 0 ودرجة الدهون 3. أنا مش فاهمة الأرقام دي معناها إيه، هل ده معناه إني عندي كبد دهني؟

مساعد طبي: وعليكم السلام، فاهم قلقِك تماماً. بالنسبة لفحص مرونة الكبد، درجة التليّف 0 دي نتيجة ممتازة وبتعني مفيش تليّف في الكبد. إنما درجة الدهون 3 بتشير إن فيه دهون متراكمة على الكبد بدرجة متوسطة لعالية. ممكن تحكيلي عن تاريخك المرضي وعاداتك في الأكل؟

مريضة: آه، أنا عندي سكر نوع تاني وباخد إنسولين، وكمان عندي كوليسترول عالي وضغط. وزني زايد قوي وBMI عندي 42. بعاني من الأكل العاطفي وعليّا ضغط نفسي كبير، وباكل كتير فاست فود وأكل دهني. أختي عملت زراعة كبد بسبب فشل كبدي ناتج عن الكبد الدهني، فبصراحة أنا خايفة جداً. هل حالتي بتتعالج وممكن ترجع تاني؟

مساعد طبي: فاهم خوفِك، بس الخبر الكويس إن درجة التليّف 0 معناها الكبد لسه ما حصلوش ضرر دائم. الدهون في المرحلة دي قابلة للعكس تماماً بتغيير نمط الحياة. نزول 5–10% من الوزن ممكن يحسّن الكبد بشكل كبير. إنتِ بتاخدي أدوية الكوليسترول بانتظام؟ وإيه آخر HbA1c عندك؟

مريضة: للأسف مش منتظمة على دواء الكوليسترول، وHbA1c عالي في آخر تحليل واحتياجي للإنسولين بيزيد باستمرار. هل فيه دواء معيّن لعلاج الكبد الدهني؟ وإيه أهم النصايح اللي أمشي عليها عشان تتحسن حالتي؟

مساعد طبي: مفيش دواء محدد للكبد الدهني، لكن العلاج الأساسي هو تحسين التحكم في السكر والكوليسترول مع نزول الوزن. أنصحِك بـ: الالتزام بأدوية السكر والكوليسترول، تقليل النشويات المكررة والسكريات، تزودي البروتين والخضار، تعملي رياضة 150 دقيقة في الأسبوع، وتتحكمي في التوتر. التغييرات دي هتحسّن الكبد والصحة العامة.

مريضة: شكراً، ده مطمّن شوية. هابدأ ألتزم بالأدوية وأغيّر أكلي. هل لازم أعيد فحص مرونة الكبد بعد فترة معينة عشان أتابع التحسّن؟ وقد إيه محتاجة وقت عشان أشوف نتايج إيجابية؟",عايزة تعيد الفحص بعد 6–12 شهور عشان نتابع التحسن. بتحتاج 3–6 شهور على الأقل من الالتزام بتغييرات الأكل ورياضة عشان تشوف تحسن.,عشان نطلع بنتايج كويسة، السر كله في تعديل نمط الحياة. التحسّن الملحوظ في وظائف الكبد وتقليل الدهون غالبًا بيبان خلال 3 لـ 6 شهور مع الالتزام بالحمية والرياضة. وبالنسبة للمتابعة، الأفضل نعيد تحليل إنزيمات الكبد بعد 6 شهور عشان نقيّم قد إيه مستويات الدهون قلت. التزامك دلوقتي هو اللي هيحميك من مصير فشل كبدي، والنتايج في المرحلة دي بتبقى ممتازة جدًا مع الاستمرار.,ANSWER: عايزة تعيد الفحص بعد 6–12 شهور عشان نتابع التحسن. بتحتاج 3–6 شهور على الأقل من الالتزام بتغييرات الأكل ورياضة عشان تشوف تحسن.,,Correct
79,"مريض: السلام عليكم، عملت عملية استئصال الزايدة بالمنظار من أسبوع وحاسس بتحسّن كبير. أنا رياضي وبتمرّن أوزان كل يوم، وعايز أرجع الجيم قبل ما تخلص مدة التلات أسابيع اللي الدكتور منعني فيهم. إيه رأيكم؟

مساعد طبي: وعليكم السلام، فاهم رغبتك إنك ترجع تتمرّن، بس مهم جداً تلتزم بتعليمات الدكتور اللي متابع حالتك. الدكتور قالك بالظبط تمنع رفع الأوزان قد إيه؟ وإيه نوع التمارين اللي بتعملها عادة في كمال الأجسام؟

مريض: أيوه، قال لي ما أشيلش أوزان تقيلة لمدة 4 أسابيع عشان أتجنب الفتق. أنا برفع أوزان تقيلة قوي وبشارك في مسابقات كمال أجسام. بس أنا دلوقتي حاسس إني كويس، فإيه احتمال يحصل فتق لو رجعت التمرين بدري؟

مساعد طبي: فاهم إحساسك إنك اتحسّنت، بس الالتئام من جوّه بياخد وقت أطول من اللي بتحسّه من برّه. رفع الأوزان التقيلة بدري ممكن يزوّد خطر الفتق الجراحي بشكل كبير، خصوصاً مع شدة التمرين اللي بتعمله. ممكن تقولي هترفع أوزان قد إيه؟

مريض: عادة برفع أوزان ما بين 80 لـ120 كيلو في تمارين مختلفة. أنا عارف إن في مخاطر، بس إيه حكاية التمارين البديلة؟ ولو التزمت بتمارين خفيفة، إمتى أقدر أرجع بالتدريج للأوزان التقيلة؟

مساعد طبي: دي أوزان تقيلة جداً! أنصحك بشدة تبعد عنها دلوقتي. تقدر تمشي، تعمل كارديو خفيف، وتمارين إطالة. بعد 4 أسابيع، ابدأ تدريجياً بأوزان خفيفة وزوّد واحدة واحدة. الفتق الجراحي ممكن يحتاج عملية تانية لإصلاحه، والوقاية أحسن من العلاج.

مريض: شكراً على النصيحة. هحاول أصبر وألتزم بتعليمات الدكتور رغم إن الموضوع صعب. ينفع على الأقل أعمل تمارين بطن خفيفة ولا لازم أتجنبها خالص في المرحلة دي؟","تمارين البطن كمان مش مفضل دلوقتي, especially with heavy lifting. Wait for the full 4 weeks, then start slow with light exercises.",لازم تبعد عن أي تمارين بتزود الضغط على جدار البطن عشان نتجنب الفتق الجراحي، وكمان ما تشيلش أي أوزان أكتر من ٥ كيلو. أنصحك تعمل تمارين خفيفة وماتجهدش عضلات البطن. اطلب من الكابتن بتاعك في الجيم تعليمات عشان يصمّم لك تمارين مناسبة لحالتك بعد العملية لحد ما تخف وتقدر ترجع لحياتك بشكل طبيعي.,"ANSWER: تمارين البطن كمان مش مفضل دلوقتي, especially with heavy lifting. Wait for the full 4 weeks, then start slow with light exercises.",,Correct
80,"مريض: السلام عليكم، أنا محتاج استشارة طبية. أنا عملت عملية استئصال الزايدة بالمنظار من ٣ أيام وخرجت من المستشفى امبارح، بس لاحظت تورم واحمرار حوالين الجرح وفيه إفرازات لونها أخضر طالعة.

مساعد طبي: وعليكم السلام. فاهم قلقك بعد العملية. حاسس بألم أو حساسية لما تلمس منطقة الجرح؟ وعندك أي أعراض تانية زي سخونية أو قشعريرة؟

مريض: أيوه، فيه ألم وحساسية شديدة حوالين الجرح، خصوصاً الجرح اللي فوق العانة. بس مفيش سخونية ولا قشعريرة، ومفيش غثيان ولا ترجيع.

مساعد طبي: حصل أي تغيير في عادات الإخراج؟ وفيه أي مشاكل في التبول؟ وكمان، الإفرازات الخضرا مستمرة ولا ظهرت قريب؟

مريض: لا، مفيش تغيير في الإخراج ولا مشاكل في التبول. الإفرازات الخضرا بدأت تظهر من حوالي يوم وبتزيد مع الوقت، والتورم والاحمرار كمان بيزيدوا.

مساعد طبي: بناءً على اللي بتوصفه—التورم اللي بيزيد، والاحمرار، والإفرازات الصديدية الخضرا مع الألم حوالين الجرح—ده غالباً التهاب في مكان الجراحة. ده محتاج تقييم طبي عاجل. أنصحك تروح الطوارئ فوراً عشان نستبعد أي مضاعفات جراحية، وممكن تحتاج مضادات حيوية.

مريض: شكراً على النصيحة. هروح المستشفى دلوقتي. لازم أجيب معايا أي أوراق خاصة بالعملية؟","أجل، جيب معاك كل الأوراق من المستشفى, especially the operation report and any lab results.",أيوه، لازم تجيب معاك ملخص الخروج من المستشفى وتفاصيل العملية الجراحية اللي اتعملت لك في آخر مرة دخلت فيها، عشان الدكاترة يعرفوا نوع الجراحة اللي انت عملتها لو محتاجين يطلبوا أي فحوصات تانية.,"أجل، جيب معاك كل الأوراق من المستشفى, especially the operation report and any lab results.",,Correct
81,"مريض: السلام عليكم، عايز/ة أستفسر عن مشكلة مضايقاني قوي. حاسس/ة بتورّم وتِقَل بيزيد في دراعي الشمال بقاله كام شهر بعد عملية استئصال الثدي. ممكن تساعدني أفهم إيه اللي بيحصل؟

مساعد طبي: وعليكم السلام، فاهم قلقك من الأعراض دي. عشان أقدر أقيّم حالتك أحسن، ممكن تحكيلي تفاصيل العملية اللي اتعملت؟ وهل في أي ألم أو تغيّر في لون الجلد؟

مريض: أنا عملت استئصال للثدي الشمال مع تشيل الغدد الليمفاوية اللي تحت الإبط بسبب سرطان الثدي. مفيش ألم ولا سخونية، ومش شايف/ة أي تغيير في لون الجلد، بس حاسس/ة بشدّ في الدراع وبقيت ألاقي صعوبة إني ألبس الإكسسوارات. الموضوع بقى مزعّلني بجد.

مساعد طبي: من وصفك، غالباً ده اللي بنسميه وذمة ليمفاوية، ودي حالة شائعة بعد شيل الغدد الليمفاوية الإبطية. ده بيحصل بسبب ضرر أو انسداد في الجهاز الليمفاوي، فبيؤدي لتجمع سوائل في الدراع. وفي احتمالات تانية زي الجلطات الوريدية، عشان كده مهم جداً تراجعي دكتور متخصص.

مريض: ده مقلق! هل دي حالة خطيرة؟ وأعمل إيه دلوقتي؟ وهل ليها علاج؟

مساعد طبي: الوذمة الليمفاوية مش حالة طوارئ، بس محتاجة تقييم وعلاج مناسبين. ممكن نسيطر عليها بشكل كويس عن طريق علاج طبيعي عند أخصائي، ورباط/كمّ ضاغط، وتمارين مخصوصة. أنصحك تروحي عيادة أوعية دموية أو جرّاح ثدي في أقرب وقت عشان نأكد التشخيص ونحط خطة علاج مناسبة.

مريض: شكراً على المعلومات المفيدة دي. هاحرص إني أراجع الدكتور المتخصص قريب. في حاجة أقدر أعملها دلوقتي عشان تخفف الأعراض لحد ما أقدر أشوف الدكتور؟","Try to keep your arm elevated when possible, avoid heavy lifting, and do gentle exercises to help with the circulation.",في شوية حاجات تقدري تعمليها عشان تساعدي تقلّلي الأعراض: خلي دراعِك يتحرّك بالراحة بتمارين خفيفة ومنتظمة (low impact) وبالعلاج الطبيعي اللي موصفلك، وابعدي عن المجهود الشديد أو المتكرر، والبسي كمّ/لبس ضاغط مناسب زي اللي موصوف لك، واهتمي تحمي الجلد كويس عشان تمنعي العدوى زي التهاب النسيج الخلوي، وارفعي الطرف المصاب كل ما تقدري.,"ANSWER: Try to keep your arm elevated when possible, avoid heavy lifting, and do gentle exercises to help with the circulation.",,Correct
82,"مريض: السلام عليكم، أنا خرجت من المستشفى من تلات أيام بعد عملية في البطن بسبب انسداد في الأمعاء، ودلوقتي من مكان الجرح بيطلع سائل لونه لبني على طول. السائل ده كميته بتزيد وبيخلّيني أغيّر الهدوم كذا مرة في اليوم. ده إيه وأعمل إيه؟

مساعد طبي: وعليكم السلام. فاهم قلقك من السائل اللبني اللي بيطلع من مكان الجرح. ده ممكن يكون تسرّب ليمفاوي نتيجة إن الأوعية الليمفاوية اتأذت أثناء العملية. في حرارة أو ألم شديد؟ وتقدّر/ي كمية السائل اللي بتطلع في اليوم قد إيه تقريباً؟

مريض: مفيش حرارة ولا ألم شديد، بس الكمية كبيرة قوي. باضطر أغيّر الضمادات تقريباً كل ساعتين، والسائل شفاف ولونه لبني. ده مأثر على حياتي اليومية ومقلقني جدًا.

مساعد طبي: حسب وصفك، السائل الشفاف اللي لونه لبني ده ممكن يكون سائل ليمفاوي، وده اللي بنسميه تسرّب ليمفاوي. دي حالة محتاجة متابعة طبية فورية عشان الكمية الكبيرة ممكن تعمل مضاعفات. في ريحة معيّنة للسائل؟

مريض: السائل ملوش ريحة وحشة، بس بيطلع بكمية كبيرة ومستمر. أنا قلقان عشان الكمية بتزيد من امبارح. ده خطر؟ ولازم أعمل إيه دلوقتي؟

مساعد طبي: الأعراض دي تستدعي تدخل طبي عاجل. التسرّب الليمفاوي لو بكميّة كبيرة ممكن يسبب فقدان سوائل وبروتينات ويأثر على المناعة. أنصحك تروح فورًا للطوارئ أو تتصل بالدكتور يسرى اللي متابع حالتك. متستناش أكتر من كده.

مريض: شكرًا على النصيحة. هروح المستشفى دلوقتي وهحاول أتواصل مع الدكتور يسرى. يا رب يكون العلاج ممكن وحالتي تتحسن قريب.","إن شاء الله بتتحسن, بس مش تهمل و تروح فورا.",نصيحتي ليكي إنك تروحي فورًا لقسم الطوارئ عشان يقيّموا الحالة طبيًا ويمنعوا حدوث أي مضاعفات. هناك الفريق الطبي هيقيسوا كمية الفقد، ويفحصوا السائل في المعمل عشان يأكّدوا التشخيص، ويبدأوا العلاج المناسب اللي ممكن يشمل إجراءات بسيطة للسيطرة على التسريب. مفيش داعي للتأخير، التدخّل السريع هو الأضمن لسلامتك.,"ANSWER: إن شاء الله بتتحسن, بس مش تهمل و تروح فورا.",,Correct
83,"مريض: السلام عليكم يا دكتور. رحت للدكتور العام عشان فيه كتلة بتوجع في رقبتي ظهرت بعد يومين من التهاب الحلق والسخونية. قالي غالبًا دي غُدة/عقدة ليمفاوية متفاعلة مع التهاب في الجهاز التنفسي العلوي وكتبلي دواء مضاد التهاب. بس أنا قلقان من قرحة المعدة. آخد الدوا قبل الأكل ولا بعده؟

مساعد طبي: وعليكم السلام. فاهم قلقك من موضوع قرحة المعدة. تقدر تقولّي نوع مضاد الالتهاب اللي الدكتور كتبهولك إيه؟ وهل عندك تاريخ قبل كده بمشاكل في المعدة أو قرح؟

مريض: مش فاكر الاسم بالظبط، بس هو من مضادات الالتهاب غير الستيرويدية. ومش عندي تاريخ قبل كده لمشاكل في المعدة، بس سمعت إن الأدوية دي ممكن تعمل قرحة معدة وأنا قلقان من كده.

مساعد طبي: قلقك في محلّه تمامًا. مضادات الالتهاب غير الستيرويدية ممكن تزود خطر قرحة المعدة. أنصحك تاخد الدوا مع الأكل أو بعده على طول عشان يقل تهيّج المعدة. وكمان ممكن تاخد دواء حماية للمعدة زي أوميبرازول قبلها بنص ساعة قبل ما تاخد مضاد الالتهاب. هل عندك دلوقتي أي أعراض في المعدة زي حرقان أو وجع؟

مريض: لا، مش عندي أي أعراض في المعدة دلوقتي. فيه أنواع من مضادات الالتهاب تكون أقل ضرر على المعدة؟ وهل لازم آخد دواء الحماية مع كل جرعة؟","If you don’t have any stomach symptoms, you can take the protection medicine once daily in the morning. If you feel any stomach discomfort, tell your doctor to switch you to a safer anti-inflammatory like Celebrex.",مش ضروري تاخد مثبِّط مضخّة البروتون مع مضادات الالتهاب غير الستيرويدية، بس يفضّل تاخده عشان نقلّل خطر تهيّج المعدة والقرحة. وكمان تقدر تختار مضادات التهاب تكون أأمن على المعدة، زي سيليبريكس، عشان تقلّ الأعراض الجانبية على الجهاز الهضمي.,"ANSWER: If you don’t have any stomach symptoms, you can take the protection medicine once daily in the morning. If you feel any stomach discomfort, tell your doctor to switch you to a safer anti-inflammatory like Celebrex.",,Incorrect
84,"مريض: السلام عليكم، أنا عملت عملية استئصال عقدة ليمفاوية من الرقبة من يومين وعايز أعرف إمتى أقدر أستحمّى؟ والجرح متغطّي بطبقة من الصمغ الطبي.

مساعد طبي: وعليكم السلام، أهلاً بيك. تقدر تستحمّى بعد 24 ساعة من العملية، بس خليك حريص ما تفركش المنطقة جامد. في أي ألم أو احمرار حوالين الجرح دلوقتي؟

مريض: لا الحمد لله مافيش ألم شديد ولا احمرار، بس فيه تنميل بسيط حوالين المنطقة. بس ينفع أستخدم الصابون على الجرح مباشرة؟

مساعد طبي: التنميل البسيط طبيعي بعد العملية. بالنسبة للصابون، ينفع تستخدم صابون لطيف حوالين المنطقة، بس بلاش تفركه مباشرة على الصمغ الطبي. اغسل براحة وسيبه يتنضّف بالمية الجارية.

مريض: شكراً لحضرتك، الجرح محتاج قد إيه عشان يخفّ خالص؟ وإمتى الصمغ الطبي هيقع؟

مساعد طبي: عادةً الجرح بيحتاج من 7 لـ10 أيام للالتئام الأولي، والصمغ الطبي بيقع لوحده خلال 5 لـ10 أيام. ما تحاولش تشيله بنفسك. الالتئام التام ممكن ياخد 2 لـ3 أسابيع حسب حالتك الصحية.

مريض: تمام، شكراً جداً على المعلومات المفيدة. هتبع تعليماتك وهراقب الجرح. في علامات معيّنة لازم أخد بالي منها؟

مساعد طبي: العفو. راقب أي احمرار بيزيد، تورّم، إفرازات غريبة، أو ارتفاع في الحرارة. لو ظهر أي حاجة من العلامات دي، راجع الدكتور فوراً. وكمل على أي أدوية الدكتور كاتبها لك.

مريض: حاضر، هخلي بالي من العلامات دي. وهتواصل مع الدكتورة يسرى لو لاحظت أي تغيير مش طبيعي. شكراً تاني.","كده يا دكتور, هخلي بالي من كل اللي جيت.",أحسن راقب المنطقة وشوف لو في أي علامات التهاب زي زيادة الاحمرار، تورّم شديد، خروج إفرازات غريبة، أو سخونية أعلى في المكان. لو لاحظت أي تغيير مش طبيعي، ما تترددش وتكلم دكتورك فورًا عشان نضمن سلامتك.,"ANSWER: كده يا دكتور, هخلي بالي من كل اللي جيت.",,Incorrect
85,"مريض: السلام عليكم، أنا قلقان جداً على حالتي. إمبارح اتجرحت جرح صغير من سكينة مصدّية وأنا في رحلة تخييم، والنهارده حاسس بسخونية ورعشة. لازم آخد مضاد حيوي؟

مساعد طبي: وعليكم السلام. فاهم قلقك، وهساعدك نقيم الوضع. تقدر توصفلي شكل الجرح دلوقتي ومنطقة الإيد المصابة؟ وإيه الأعراض التانية اللي حاسس بيها؟

مريض: الجرح في إيدي بقى سخن ومؤلم جداً، وشايف خطوط حمرا بتوجع طالعة من الجرح في إيدي لحد الكوع. وكمان حاسس بسخونية شديدة في جسمي وبعرق بالليل، وحاسس بإرهاق شديد.

مساعد طبي: الأعراض دي مقلقة جداً، خصوصاً الخطوط الحمرا اللي طالعة من الجرح لحد الكوع مع السخونية والرعشة. ده ممكن يدل على التهاب في الجهاز اللمفاوي وممكن يكون خطير. لازم تروح الطوارئ فوراً، ومش تاخد مضادات حيوية في البيت.

مريض: يعني الموضوع خطير للدرجة دي؟ ماينفعش أستنى لبُكرة وأروح لطبيب الأسرة؟

مساعد طبي: أيوه، الموضوع خطير ومينفعش يتأجل. الخطوط الحمرا اللي طالعة من الجرح مع السخونية بتشير إن العدوى بتنتشر في الجهاز اللمفاوي، وده محتاج علاج طبي عاجل قبل ما تنتشر أكتر. من فضلك روح الطوارئ دلوقتي.

مريض: حاضر، هروح الطوارئ دلوقتي. شكراً على النصيحة، أنا فهمت دلوقتي إن الموضوع ما يستحملش تأخير.","إن شاء الله هتكون على خير, but don't forget to tell the doctor in the emergency that you might need IV antibiotics and maybe even surgery to clean the wound.",التهاب الأوعية الليمفاوية ده عدوى بتصيب الأوعية الليمفاوية، وغالبًا سببها دخول بكتيريا من جرح في الجلد أو من قرصة حشرة أو جرح. الحالة ممكن تسوء بسرعة وتتطور لتسمم الدم، وعشان كده مهم تطلب رعاية طبية.,"ANSWER: إن شاء الله هتكون على خير, but don't forget to tell the doctor in the emergency that you might need IV antibiotics and maybe even surgery to clean the wound.",,Correct
86,"مريض: السلام عليكم، محتاج استشارة طبية عاجلة. اتصابت في ركبتي النهارده وأنا بلعب كورة قدم وحاسس بألم شديد.

مساعد طبي: وعليكم السلام، آسف إن ده حصل. تقدر تحكيلي الإصابة حصلت إزاي بالتفصيل؟ وإيه الأعراض اللي حاسس بيها دلوقتي؟

مريض: كنت بلعب وغيّرت اتجاهي بسرعة فجأة، وسمعت طَقّة في ركبتي وحسّيت بألم على طول. ما عرفتش أكمل لعب بعدها.

مساعد طبي: فهمت، صوت الطقّة مع الألم الفوري علامة مهمة. لاحظت أي تورّم في الركبة؟ وإيه وضعك مع المشي أو الوقوف؟

مريض: أيوه، بعد كام ساعة ركبتي ورمت وبقت متورّمة. ودلوقتي لما أحاول أمشي بحس إن رجلي هتخوني، وكأن الركبة مش ثابتة.

مساعد طبي: من اللي بتوصفه—صوت الطقّة وقت تغيير الاتجاه، التورّم، وعدم الثبات—ده بيشير بقوة لإصابة في الرباط الصليبي الأمامي (ACL). دي إصابة خطيرة وبتحتاج تقييم طبي فوري عند دكتور عظام متخصص.

مريض: يعني ده معناه إني محتاج عملية؟ والشفا هياخد قد إيه؟","مش لازم يكون عملية, but you need an MRI to confirm the diagnosis. If it's a complete tear, surgery might be needed. The recovery can take 6 to 9 months with proper rehab.",ما ينفعش نجزم إنك محتاج عملية ولا لأ غير بعد كشف سريري دقيق، ومعاه أشعة MRI عشان نتأكد من درجة القطع/التمزّق. مش كل تمزّق محتاج عملية؛ القرار بيعتمد على مستوى نشاطك الرياضي قدّام، وقد إيه الركبة ثابتة بعد العلاج الطبيعي. لو احتجت ترميم للرباط، فالرجوع للملاعب عادة بياخد من 6 لـ 9 شهور تأهيل مكثّف. أنصحك تراجع جرّاح عظام متخصص في أقرب وقت. دلوقتي التزم بالراحة، وحط تلج، واستخدم رباط طبي عشان يقلّل التورّم لحد ميعاد الكشف.,"ANSWER: مش لازم يكون عملية, but you need an MRI to confirm the diagnosis. If it's a complete tear, surgery might be needed. The recovery can take 6 to 9 months with proper rehab.",,Correct
87,"مريضة: السلام عليكم، أنا ست عندي ٤٠ سنة وعندي ألم في أسفل الضهر بيمتد من المنطقة القَطَنية لحد الإلية اليمين وواصل لربلة الساق. الوجع بدأ من أسبوع، والدكتور شخّصه عِرق النسا وطلب مني أعمل رنين مغناطيسي. عايزة أعرف إيه الوضعيات اللي أحافظ عليها في البيت وإيه الحركات اللي لازم أتجنبها؟

مساعد طبي: وعليكم السلام. فاهم معاناتِك مع ألم عِرق النسا. في البداية، بتحسي بتنميل أو وخز في الرجل المصابة؟ ولاحظتي أي ضعف في العضلات؟

مريضة: آه، ساعات بحس بتنميل في الرجل بس مش حاسة بضعف في العضلات. الوجع حاد كأنه طعنة ممتدة من أسفل ضهري لرجلي. بدأ بعد ما كنت قاعدة فترات طويلة في الشغل.

مساعد طبي: شكراً على المعلومات دي. بناءً على أعراضِك، دي أهم نصايح الراحة في البيت: أولاً، حاولي تخلي ضهرك مستقيم وإنتِ قاعدة وواقفة. وتجنبي القعدة لفترات طويلة، ولو مضطرة استخدمي مخدة/وسادة تسند أسفل الضهر. وتجنبي تشيلي حاجات تقيلة خالص، ولو هترّفعي حاجة من على الأرض اثني ركبتِك مش ضهرك.

مريضة: وموضوع النوم؟ أنهي وضعية أحسن؟ وهل ينفع أعمل أي تمارين خفيفة؟

مساعد طبي: بالنسبة للنوم، الأفضل تنامي على جنب وتحطي مخدة بين الركب، أو تنامي على ضهرك وتحطي مخدة تحت الركب لتقليل الضغط على العمود الفقري. وتجنبي النوم على بطنك. وبالنسبة للتمارين، ينفع تمشي مشي خفيف لمسافات قصيرة لو الوجع ما زادش، بس تجنبي الانحناء واللفّ والجري والقفز لحد ما حالتك تتحسن.

مريضة: شكراً على النصايح المفيدة دي. هطبقها كويس وهستنى نتيجة الرنين المغناطيسي. في أي علامات خطر لازم أخد بالي منها وأراجع الدكتور فوراً لو حصلت؟","لو عايزي تروح فورا for the doctor, if you feel sudden weakness in your leg, loss of bladder control, or if the pain becomes unbearable or accompanied by fever.",الأعراض اللي تخلينا المقلقة: لو بقيت مش قادر تتحكّم في البول أو البراز، أو في خدر/تنميل في داخل الفخذين والأرداف ومنطقة الأعضاء التناسلية، أو ألم مش بيستجيب حتى للمسكنات القوية، أو ألم في الظهر مع سخونية، أو لو الأعراض موجودة في الناحيتين. لو ظهر أي علامة من دول، لازم تطلب رعاية طبية فورًا.,"لو عايزي تروح فورا for the doctor, if you feel sudden weakness in your leg, loss of bladder control, or if the pain becomes unbearable or accompanied by fever.",,Correct
88,"مريض: السلام عليكم يا دكتورة. أنا ست عندي 62 سنة وبعاني من وجع في الركبتين بقاله تقريبًا سنتين، وبيزيد وبيسوء. اتشخّصت بخشونة في المفاصل، وحاسة إن الوزن الزيادة مخلّي الوجع أسوأ. عايزة أعرف إزاي أقدر أغيّر ستايل حياتي عشان أتعامل مع المرض ده؟

مساعد طبي: وعليكم السلام. فاهمة معاناتِك مع وجع الركبة وتأثير الوزن عليها. ممكن تحكيلي أكتر عن طبيعة الوجع؟ إمتى بيبقى أشد—الصبح ولا مع الحركة؟ وهل عندِك تيبّس في المفاصل؟

مريض: أيوه، بحس بتيبّس في الركبتين الصبح حوالي 10 لـ 15 دقيقة. والوجع بيزيد لما أطلع السلم أو أمشي مسافات طويلة، وبيتَحسّن لما أرتاح. وكمان عندي سكر نوع تاني، وعندي ارتفاع دهون في الدم.

مساعد طبي: شكرًا على المعلومات. التعامل مع خشونة المفاصل محتاج خطة شاملة. أولًا، نزول الوزن مهم جدًا عشان يقلّل الضغط على المفاصل. كل كيلو بتخسّيه بيقلّل الضغط على ركبتِك بحوالي 4 أضعاف. ثانيًا، رياضة مناسبة زي السباحة أو العجلة الثابتة. هل بتمارسي أي نشاط بدني حاليًا؟

مريض: لأ، مش بمارس رياضة كتير عشان الوجع، بخاف الأعراض تزيد. وبالنسبة للتخسيس، جرّبت كذا نظام دايت بس ما نجحتش، خصوصًا مع السكر. ممكن تنصحيني بطرق عملية أبدأ بيها؟","انا هاكتب لك برنامج غذائي خفيف مع رياضة خفيفة like swimming or cycling, and I'll prescribe some anti-inflammatory medicine to help with the pain. Also, I'll refer you to a physiotherapist to help with exercises that strengthen your knees.",بالنسبة للتمرين، تقدري تبتدي بالسباحة وتمارين كارديو مائية خفيفة لأنها مش بتعمل ضغط على المفصل. أما لتقليل الوزن، تقدري تبتدي بنظام أكل قليل كارب وعالي بروتين، ومع تقليل السعرات لحد 20% من احتياجك الأساسي، وده بيخليه نظام تِقدري تكمّلي عليه. وأنصحك كمان تتابعي مع أخصائي تغذية يوجّهك. ولو الطريقة دي ما جابتش نتيجة، فكّري تجرّبي دواء GLP-1 أو أي أدوية تانية ممكن تساعد تقلّل الضغط على المفصل وتقلّل الضرر التنكّسي اللي بيحصل له.,"ANSWER: انا هاكتب لك برنامج غذائي خفيف مع رياضة خفيفة like swimming or cycling, and I'll prescribe some anti-inflammatory medicine to help with the pain. Also, I'll refer you to a physiotherapist to help with exercises that strengthen your knees.",,Correct
89,"مريضة: أهلاً، أنا ست عندي ٤٥ سنة وبعاني من ألم وتورم في مفاصل إيديا بقاله كام شهر. الدكتورة يسرى طلبت مني تحليل ANA وعايزة أفهم النتيجة معناها إيه وهل أنا عندي التهاب مفاصل روماتويدي؟

مساعد طبي: أهلاً بيكي. فاهم قلقك من الأعراض اللي عندك. عشان أقدر أساعدك تفهمي نتيجة تحليل الـANA بشكل أفضل، ممكن تقولّيلي النتيجة اللي طلعت إيه؟ وكمان، هل عندك تيبّس الصبح في المفاصل؟

مريضة: أيوه، عندي تيبّس جامد الصبح بيكمل أكتر من ساعة، ومش قادرة حتى أفتح البرطمانات ولا أعمل شغل البيت أو حاجاتي اليومية بسهولة. الألم في صوابع إيديا ورُسغيّ من الناحيتين نفس الدرجة. وبالنسبة لنتيجة التحليل، طالعة Positive بس أنا مش فاهمة ده معناه إيه.

مساعد طبي: شكراً على التفاصيل المهمة دي. الأعراض اللي بتوصفيها—التيبّس الصباحي اللي بيطوّل والألم اللي بيبقى في الناحيتين في مفاصل الصوابع والرُسغين—بتتوافق مع التهاب المفاصل الروماتويدي. وبالنسبة لتحليل الـANA الإيجابي، ده بيدل إن فيه نشاط مناعة ذاتية في الجسم، بس لوحده ما يأكدش التشخيص. عملتي تحاليل تانية زي Rheumatoid factor أو Anti-CCP؟

مريضة: لأ، ما عملتش تحاليل تانية لسه. الدكتورة قالتلي ده أول تحليل وعلى حسب النتيجة هتقرر الخطوات اللي بعد كده. بس أنا قلقة قوي… هل ده معناه إني عندي الروماتويد فعلاً؟","من الأعراض و تحليل ANA, بيشير ان عندك روماتوism, but we need more tests to confirm. I recommend you do the other tests and see a rheumatologist for proper treatment.",على حسب الأعراض اللي بتوصفّيها، فيه احتمال يكون عندِك التهاب مفاصل روماتويدي، بس لازم نعمل تحاليل مناعة ذاتية كاملة عشان نأكد التشخيص. عشان كده لازم تروحي لدكتور الروماتيزم بتاعِك عشان يطلبّلك باقي التحاليل ويبدأ لك العلاج اللازم.,"ANSWER: من الأعراض و تحليل ANA, بيشير ان عندك روماتوism, but we need more tests to confirm. I recommend you do the other tests and see a rheumatologist for proper treatment.",,Correct
90,"مريض: السلام عليكم، عندي ألم شديد قوي في صباعي الكبير قي رجلي اليمين من امبارح بالليل. الألم بدأ فجأة ومش محتمل.

مساعد طبي: وعليكم السلام، آسف إنك بتتعرض للألم ده. تقدر توصفلي شكل الصباع دلوقتي؟ وهل فيه تورّم أو تغيّر في اللون؟

مريض: أيوه، الصباع وارم قوي ولونه أحمر. والألم في المفصل شديد لدرجة إني مش قادر ألمسه حتى بملابس خفيفة.

مساعد طبي: دي أعراض محتاجة اهتمام فوري. على حسب اللي بتوصفه—ألم شديد مفاجئ، تورّم، احمرار، وحساسية شديدة للمس في صباع الرجل الكبير—يبدو إن عندك نوبة نِقْرس حادة. أنصحك تروح فوراً لقسم الطوارئ علشان تاخد العلاج المناسب.

مريض: نِقْرس؟ بس هل ده خطير للدرجة إني أروح الطوارئ؟ ماينفعش أستنى لحد الصبح وأروح لدكتور عادي؟

مساعد طبي: أيوه، النقرس الحاد محتاج علاج فوراً علشان نخفف الألم الشديد ونمنع الحالة تسوء. كل ما تتأخر في العلاج، كل ما التعافي ياخد وقت أطول. الطوارئ هيقدروا يدوك مسكنات قوية ومضادات التهاب مناسبة فوراً.

مريض: حاضر، هروح الطوارئ دلوقتي. شكراً على النصيحة والمساعدة.","إن شاء الله هتكون عايش, و إنت عايز تاخد lots of fluids and avoid alcohol and red meat until the pain goes away.",لازم تروح الطوارئ دلوقتي عشان كذة سبب. أولاً عشان تاخد مسكنات ومضاد التهاب قوي وسريع المفعول، الحاجات دي ما بتتصرفش غير تحت إشراف طبي. وثانياً عشان نستبعد أي احتمالات تانية زي التهابات بكتيرية في المفاصل اللي ممكن أعراضها تبقى شبه أعراض النقرس. ولو فضلت لحد بكرة ممكن يخلي الألم ما تستحملهوش ويطوّل فترة إنك تخف بشكل كبير.,"ANSWER: إن شاء الله هتكون عايش, و إنت عايز تاخد lots of fluids and avoid alcohol and red meat until the pain goes away.",,Incorrect
91,"مريض: السلام عليكم، أنا محتاج مساعدة عاجلة. وقعت على أرض مبلولة من ساعة ووقعت على إيدي وهي مفرودة، ودلوقتي حاسس بألم شديد في رسغي.

مساعد طبي: وعليكم السلام، آسف للي حصل معاك. تقدر توصفلي الألم والأعراض اللي حاسس/حاسّة بيها دلوقتي في الرسغ؟

مريض: الألم شديد جدًا ومش قادر أحرّك رسغي بشكل طبيعي. وكمان الرسغ وارم ولونه أحمر.

مساعد طبي: على حسب وصفك لطريقة الإصابة والأعراض—الوقوع على الإيد المفرودة مع ألم شديد وتورّم واحمرار—ده يخلّينا نقلق من احتمال يكون فيه كسر في عظام الرسغ. أنصحك تروح فورًا للطوارئ عشان يعملوا الفحوصات اللازمة والأشعة.

مريض: ده خطير؟ أنا عندي ضغط دم عالي، ده هيأثر على العلاج؟",مش خطير but you need to go to the emergency immediately. The doctor will check your blood pressure and give you the right treatment.,كسر آخر عظمة الراديوس/نص القطر قريب من مفصل الرسغ في الساعد ده حالة بتتعالج. غالبًا العضم نفسه بيلتئم خلال 6 لـ8 أسابيع، بس الرجوع الكامل للقوة والحركة والوظيفة غالبًا بياخد من شهرين لـ3 شهور، وساعات أكتر لو الكسر معقّد أو محتاج عملية. وارتفاع ضغط الدم اللي عندِك المفروض ما يأثرش على إنك تخف.,ANSWER: مش خطير but you need to go to the emergency immediately. The doctor will check your blood pressure and give you the right treatment.,,Correct
92,"مريض: السلام عليكم، أنا ستّ عندي 58 سنة وباخد كورتيكوستيرويد لعلاج الربو بقالي سنين كتير. وكمان أنا في مرحلة ما بعد انقطاع الطمث بقالي سنتين. أنا قلقانة جداً من إن يبقى عندي ضعف في العظام، إيه الفحص المناسب اللي أعمله عشان أتأكد إني مش عندي هشاشة عظام؟

مساعد طبي: وعليكم السلام ورحمة الله وبركاته. فاهم قلقِك تماماً، إنتِ معرّضة لهشاشة العظام لأكتر من سبب، منهم استخدام الكورتيكوستيرويد لفترة طويلة وكمان إنك بعد انقطاع الطمث. هل حاسة دلوقتي بأي وجع في العظام أو المفاصل؟

مريض: لا الحمد لله مش حاسة بأي وجع في العظام ولا المفاصل، ومفيش عندي أي أعراض. بس قريت إن هشاشة العظام ممكن تحصل من غير أعراض واضحة، عشان كده عايزة أطمن وأعرف إيه الفحص المطلوب.

مساعد طبي: إنتِ كلامِك مظبوط، هشاشة العظام ساعات بيسمّوها “المرض الصامت” لأنها ممكن تتطور من غير أعراض. الفحص الأساسي والأدق لتشخيص هشاشة العظام هو فحص كثافة العظام بالـ DEXA scan. الفحص ده آمن وسريع وبيقيس كثافة العظام في العمود الفقري والورك. وبالنظر لعوامل الخطورة عندِك، بنصحِك جداً تعمليه.

مريض: شكراً لحضرتك على المعلومات دي المفيدة. كل قد إيه لازم أكرر الفحص ده؟ وهل في أي تجهيزات/تحضيرات خاصة قبل فحص الـ DEXA؟","فاكر إنك تكرر الفحص كل سنتين if you're on long-term steroids, and no special preparation needed.",الفحص بسيط جدًا ومش محتاج تحضيرات معقّدة، بس بننصح توقفي مكملات الكالسيوم قبل الفحص بـ 24 ساعة. دايما بنكرر الفحص كل سنتين علشان نتابع أي تغيير في كثافة العظام، بس ممكن دكتورك يطلب تعمليه على فترات أقصر حسب نتيجة أول فحص، وحسب جرعات الكورتيزون اللي بتاخديها.,"ANSWER: فاكر إنك تكرر الفحص كل سنتين if you're on long-term steroids, and no special preparation needed.",,Incorrect
93,"مريض: أهلاً، عندي تنميل ووخز في الإبهام والسبّابة والوسطى في الإيدين الاتنين، خصوصاً بالليل بعد يوم شغل طويل. قريت على الإنترنت وحاسس/حاسة إنه ده متلازمة النفق الرسغي. أروح لأي دكتور؟

مساعد طبي: أهلاً بيك. فاهم إن عندك تنميل ووخز في صوابع معيّنة من الإيدين. ممكن تقولّيلي أكتر عن طبيعة شغلك وبتقعد/بتقعدي قدّام الكمبيوتر كام ساعة في اليوم؟

مريض: بشتغل ساعات طويلة قدّام الكمبيوتر، وكذا مرة بصحى وفيه إزعاج في إيديا. الأعراض بتتحسّن شوية مؤقّتاً لما أهزّ إيدي.

مساعد طبي: بناءً على الأعراض اللي بتوصفها—تنميل في الإبهام والسبّابة والوسطى، وزيادة الأعراض بالليل، وتحسّنها لما تهزّ الإيد—ده فعلاً بيشير لاحتمال متلازمة النفق الرسغي. أنصحك تراجع جرّاح إيد متخصص عشان يقيّم الحالة ويشخّص بدقّة.

مريض: شكراً. في حاجة أقدر أعملها في البيت تخفّف الأعراض لحد ميعاد الدكتور؟","Try to take breaks every hour to stretch your hands and wrists, avoid sleeping with your wrists bent, and use a wrist splint at night.",بننصحك أوي تلبسي جبيرة معصم طبية (wrist splint) وإنتي نايمة عشان المعصم يفضل مستقيم وما يتنيش، وده بيقلل الضغط على العصب بالليل. وحاولي تاخدي فترات راحة منتظمة وإنتي بتستخدمي الكمبيوتر، واتأكدي إن وضع إيديكي وكوعِك مريح ومش متني جامد. وحاولي تقللي الأنشطة اللي محتاجة قبضة إيد قوية أو ثني المعصم لفترات طويلة. وممكن كمادات ساقعة على المعصم تساعد تقلل أي تورم بسيط ممكن يزود الضغط على العصب.,"ANSWER: Try to take breaks every hour to stretch your hands and wrists, avoid sleeping with your wrists bent, and use a wrist splint at night.",,Correct
94,"مريض: السلام عليكم، عندي ألم شديد ومفاجئ في الركبة مع تورّم واحمرار وسخونية. لازم أروح الطوارئ دلوقتي ولا أستنى لبكرة وأروح للدكتور المتخصص؟

مساعد طبي: وعليكم السلام، فاهم قلقك. الأعراض دي بدأت إمتى بالظبط؟ وهل الركبة سخنة/دافية لما تلمسها؟

مريض: بدأت خلال الـ 24 ساعة اللي فاتت وبتتطور بسرعة. أيوه، الركبة سخنة قوي مع اللمس وأي حركة بتعمل ألم شديد. وعندي كمان تاريخ مرضي بارتفاع دهون الدم.

مساعد طبي: دي أعراض خطيرة وتحتاج تدخل طبي عاجل. الألم المفاجئ الشديد مع التورّم والاحمرار والسخونية وسخونة المفصل ممكن تشير لالتهاب مفصل إنتاني. أنصحك تروح الطوارئ فوراً ومتستناش.

مريض: فاهم، بس هل ده فعلاً خطير للدرجة دي؟ أنا قلقان أروح المستشفى في الوقت المتأخر ده.

مساعد طبي: مقدّر قلقك، بس الحالة دي محتاجة تدخل عاجل. التهاب المفصل الإنتاني ممكن يسبب ضرر دائم للمفصل لو ما اتعالجش بسرعة. وجود السخونية مع باقي أعراض المفصل علامة تحذير مهمة جداً.

مريض: حاضر، هروح الطوارئ دلوقتي. شكراً على النصيحة والتوضيح، مقدّر مساعدتك.","Go to the emergency room immediately, don't delay. Tell them you suspect septic arthritis so they can start treatment right away.",الحالة دي بتتعتبر طوارئ طبية، علشان تأخير العلاج ممكن يؤدي لتلف دائم في غضاريف المفصل خلال ساعات أو كام يوم بس. في قسم الطوارئ الدكاترة هيعملوا فحص سريع للسوايل اللي جوّه الركبة، وهيبدأوا يدوك المضادات الحيوية اللازمة عن طريق الوريد عشان يسيطروا على العدوى. مافيش داعي للقلق، التدخل بدري بيضمن حماية مفصلك وترجع حركتك كاملة إن شاء الله.,"ANSWER: Go to the emergency room immediately, don't delay. Tell them you suspect septic arthritis so they can start treatment right away.",,Correct
95,"مريض: أهلاً، أنا رحت للدكتورة يسرى الأسبوع اللي فات وقالتلي إن عندي التهاب مفاصل تفاعلي، بس أنا بصراحة ما فهمتش قوي يعني إيه التشخيص ده وإيه علاقته بالتهاب المعدة اللي جالي من أسبوعين.

مساعد طبي: فاهم قلقك. التهاب المفاصل التفاعلي هو التهاب بيحصل في المفاصل كرد فعل من جهاز المناعة بعد عدوى في مكان تاني في الجسم، زي الأمعاء في حالتك. ممكن تقولي إيه الأعراض اللي حاسس بيها في ركبتك دلوقتي؟

مريض: ركبتي وارمة وحاسس بألم شديد وتيبّس فيها، خصوصاً الصبح. المشي بقى صعب جداً ومش قادر أتني الركبة بشكل طبيعي. ده طبيعي مع المرض ده؟

مساعد طبي: أيوه، الأعراض اللي بتوصفها دي هي العلامات الكلاسيكية لالتهاب المفاصل التفاعلي: الورم، والألم، والتيبّس، وصعوبة الحركة. ده بيحصل لأن جهاز المناعة عندك لسه نشط من محاربة العدوى اللي فاتت. هل حصلك أي إصابة في الركبة أو لعبت رياضة عنيفة قريب؟

مريض: لا، ما حصلش أي إصابة في ركبتي ومارستش أي نشاط بدني قوي. الأعراض بدأت فجأة بعد أسبوع من ما خفيت من التهاب المعدة. في تحاليل معينة لازم أعملها عشان نتأكد من التشخيص؟

مساعد طبي: عدم وجود إصابة بيأكد التشخيص أكتر. بالنسبة للفحوصات، ممكن تحتاج تحاليل دم لقياس مؤشرات الالتهاب وأحياناً اختبارات للأجسام المضادة. وكمان ممكن الدكتور يطلب أشعة على الركبة عشان يستبعد أسباب تانية. المهم تعرف إن الحالة دي غالباً بتتحسن تدريجياً مع العلاج المناسب.

مريض: شكراً على التوضيح، ده مريحني أكتر. عادة الشفاء من الحالة دي بياخد قد إيه؟ وهل ممكن ترجع تاني في المستقبل؟","Most likely, the inflammation will improve within a few weeks with proper treatment, but it might take a few months for the symptoms to completely resolve. It's important to follow up with your doctor and take any prescribed medications. As for recurrence, it depends on whether the underlying cause is fully resolved, but with proper management, the chances are low.",عادةً التهاب المفاصل التفاعلي بيتحسّن خلال ٣ لـ٦ شهور. أغلب الحالات بتخف لوحدها، بس ممكن يرجع تاني، خصوصًا لو ساء بسبب عدوى. المهم تتابع حالتك مع دكتورك لو الأعراض دي فضلت مستمرة أو ما اتحسّنتش.,"ANSWER: Most likely, the inflammation will improve within a few weeks with proper treatment, but it might take a few months for the symptoms to completely resolve. It's important to follow up with your doctor and take any prescribed medications. As for recurrence, it depends on whether the underlying cause is fully resolved, but with proper management, the chances are low.",,Correct
96,"مريض: السلام عليكم، أنا خرجت من المستشفى بعد عملية تفريغ خُراج في الناحية الداخلية من الفخذ، بس للأسف مش فاكر التعليمات اللي الدكتور قالهالي بخصوص العناية بالجرح. ممكن تساعدوني؟

مساعد طبي: وعليكم السلام، طبعًا أقدر أساعدك. الأول، شكل الجرح عامل إزاي دلوقتي؟ فيه احمرار أو ألم أو إفرازات؟

مريض: الجرح صغير حوالي ٢ سم ومتغطّي بضمادة. الجلد اللي حواليه طبيعي من غير احمرار ولا ألم، وفيه إفرازات بسيطة جدًا لونها مائل للأصفر.

مساعد طبي: كويس، كده باين إن الجرح بيلتئم بشكل طبيعي. بالنسبة لتغيير الضمادة، تتغيّر مرة واحدة يوميًا، أو عند اللزوم لو بقت مبلولة أو متّسخة. اغسل إيديك كويس قبل وبعد ما تغيّر الضمادة، ونضّف الجرح بالراحة بمية وصابون خفيف.

مريض: شكرًا، وموضوع نوع الضمادة المناسبة؟ وهل محتاج أحط أي مرهم أو كريم على الجرح؟","Use a sterile gauze pad with a non-stick dressing, and you don’t need any special cream unless the doctor prescribed it. Just keep it clean and dry.",استخدم شاش مُعقّم، ناشف، ومش بيلزق في الجرح عشان تغطيه، وثبّته بلاصق/شريط طبي خفيف. مش بننصح تحط أي مراهم أو كريمات غير اللي الدكتور يكون كاتبها لك بنفسه، لأن أهم حاجة في المرحلة دي إن الجرح يفضل نضيف وناشف. نضّف الجرح بالراحة بمَيّه وصابون خفيف، وبعدين نشّفه كويس قبل ما تحط الشاش الجديد. راقب الجرح كويس، ولو لاحظت إن الاحمرار بيزيد، أو في تورّم، أو سخونية في الجلد اللي حواليه، أو إفرازات صديد تقيلة/كثيرة، لازم تراجع الدكتور فورًا. ولازم بتغيير الشاش كل يوم وهتلاحظ تحسّن مستمر خلال كام يوم.,"ANSWER: Use a sterile gauze pad with a non-stick dressing, and you don’t need any special cream unless the doctor prescribed it. Just keep it clean and dry.",,Correct
97,"مريض: السلام عليكم، بقالي فترة عندي ألم في الناحية الخارجية من الكوع، خصوصاً لما أشيل حاجات أو أمسك حاجة بقوة. ممكن يكون ده ليه علاقة بلعب التنس؟

مساعد طبي: وعليكم السلام، فاهم إن عندك ألم في الناحية الخارجية من الكوع. هل الألم ده بدأ بعد ما زوّدت لعب التنس أو حصل تغيير في نشاطك الرياضي؟

مريض: أيوه، فعلاً زوّدت حصص التدريب على التنس الفترة اللي فاتت، وبعمل حركات متكررة بالمعصم وأنا بلعب. الألم بيزيد بالذات لما أحاول أرفع حاجة أو أمسك المضرب بقوة.

مساعد طبي: الأعراض دي بتشير لحالة اسمها ""مرفق التنس"" أو التهاب اللقيمة الوحشية. بتحس بالألم كمان لما تلمس الناحية الخارجية من الكوع أو لما تفرد المعصم؟

مريض: أيوه بالضبط، لما ألمس المنطقة دي بحس بألم، وكمان لما أحاول أفرد إيدي أو معصمي. يعني ده فعلاً مرفق التنس؟ وأعمل إيه؟

مساعد طبي: أيوه، الأعراض اللي بتوصفها مطابقة لمرفق التنس. الحالة دي بتحصل بسبب الإفراط في استخدام عضلات الساعد والحركات المتكررة. أنصحك تريح من التنس مؤقتاً، وتحط تلج على المنطقة، وتبعد عن الأنشطة اللي بتزوّد الألم. ومهم تراجع الدكتورة يسرى عشان تأكد التشخيص وتحط خطة علاج مناسبة.

مريض: شكراً على المعلومات المفيدة دي. هامشي على نصايحك وهحدد ميعاد مع الدكتورة يسرى قريب. تفتكر إني هحتاج أوقف فترة طويلة عن لعب التنس؟","مش هتكون فترة طويلة, بس لازم تاخد راحة till the inflammation goes down.",غالبًا لازم تبطّل تلعب تنس، أو تقلّلها قوي، لمدة من ٤ لـ٦ أسابيع، أو لحد ما الوجع يروح والقوة تتحسّن.,"ANSWER: مش هتكون فترة طويلة, بس لازم تاخد راحة till the inflammation goes down.",,Correct
98,"مريض: السلام عليكم، أنا ست عندي 52 سنة وروحت للدكتورة يسرى أخصائية روماتيزم عشان عندي ألم في الكتف. قالتلي إن عندي كتف متجمّدة ونصحتني بحقنة كورتيزون جوّه المفصل، بس أنا مترددة ومش عارفة هو العلاج ده مناسب ولا في علاجات تانية؟

مساعد طبي: وعليكم السلام. فاهمة قلقِك من العلاج اللي اتقترح. أول حاجة، ممكن تحكيلي أكتر عن الأعراض اللي عندك؟ الألم بدأ إمتى وإزاي اتطور مع الوقت؟

مريض: الألم بدأ خفيف من كام شهر، بس واحدة واحدة الكتف بقى يتيبّس أكتر. بقيت مش قادرة أرفع إيدي فوق مستوى الكتف، وبقى صعب قوي أوصل لظهري من ورا. الحركة بقت محدودة جدًا.

مساعد طبي: الأعراض اللي بتقولي عليها متماشية مع تشخيص الكتف المتجمّدة. بالنسبة لحقنة الكورتيزون جوّه المفصل، دي من العلاجات الفعّالة للحالة دي لأنها بتقلل الالتهاب وبتحسّن الحركة. وفي كمان علاجات تانية زي العلاج الطبيعي وأدوية مضادّة للالتهاب. جرّبتي أي علاجات تانية قبل كده؟

مريض: جرّبت مسكنات الألم العادية بس ما ساعدتش قوي. الدكتورة قالت إن الحقنة بتساعد في تحسين الحركة وتقليل الألم، بس أنا خايفة من الآثار الجانبية. إيه رأيك في العلاج ده وهل فعلًا بيفيد؟","حقنة الكورتيز بيفيد كتير في حالة الكتف المتجمد, بس مش بيفضل تاخدها كت. You can try it first and see how your body responds. If you're still worried, you can ask about physical therapy or other medications first.",حقن الكورتيزون بتتعمل مباشرة جوّه المفصل علشان تقلّل الالتهاب الشديد اللي حوالين الكتف، وده بيساعد يكسر دايرة الألم والتيبّس أسرع من المسكّنات العادية. الهدف الأساسي إننا نخفّف الألم علشان تقدري تبدأي تمارين العلاج الطبيعي، وده أساسي علشان ترجّعي مدى الحركة اللي فقدتيه. وعلشان الحقنة موضعية جوّه المفصل، فامتصاصها في الدم بيكون قليل قوي، وده بيقلّل جدًا من الأعراض الجانبية العامة اللي ممكن تسمعي عنها بخصوص الكورتيزون اللي بيتاخد بالفم. أنصحك تتكلمي عن مخاوفك بوضوح مع الدكتورة؛ الحقنة غالبًا بتكون كويسة علشان تساعدك تعدّي المرحلة المؤلمة وترجعي لحياتك الطبيعية بتشاط.,"ANSWER: حقنة الكورتيز بيفيد كتير في حالة الكتف المتجمد, بس مش بيفضل تاخدها كت. You can try it first and see how your body responds. If you're still worried, you can ask about physical therapy or other medications first.",,Incorrect
99,"مريض: السلام عليكم، أنا عندي تعب شديد ووجع في المفاصل من كذا شهر، خصوصًا في الرسغين والركب، وكمان ظهرلي طفح جلدي في وشي بيزيد وبيسوء لما أتعرض للشمس. عايز/ة أعرف أروح لدكتور إيه؟

مساعد طبي: وعليكم السلام. فاهم قلقك من الأعراض دي. بتلاحظي أي تورّم في المفاصل اللي بتوجعك؟ وبتحسي بتيبّس في المفاصل أول ما تصحي الصبح؟

مريض: أيوه، ساعات بلاحظ تورّم خفيف في المفاصل، وبالصبح بحس بتيبّس بيستمر حوالي نص ساعة قبل ما أقدر أحرّك إيدي وركبتي طبيعي.

مساعد طبي: بناءً على اللي بتوصفِيه — آلام مفاصل مع تورّم وتيبّس الصبح، وطفح بيتأثر بالشمس، ومعاه تعب — أنصحك تروحي لدكتور روماتيزم ومفاصل. الأعراض دي محتاجة تقييم عند أخصائي.

مريض: شكرًا على النصيحة. في تحاليل معيّنة أطلبها من دكتور الروماتيزم؟ وهل حالتي تعتبر خطيرة؟","Doctor rumatism goin' tell you to do blood tests for rheumatoid factor and ANA, and maybe some others. Don't worry, but don't delay going to see him.",غالبًا دكتور الروماتيزم هيطلب منكِ مجموعة تحاليل متخصصة، أهمها تحاليل الأجسام المضادة زي ANA وAnti-DNA، وكمان تحاليل عامة زي CBC، ووظايف الكِلى، ومؤشرات الالتهاب. ما نقدرش نحدد قد إيه الحالة خطيرة غير بعد تشخيص دقيق، بس الخبر الكويس إن معظم حالات المناعة ممكن نسيطر عليها بفاعلية عالية جدًا بالأدوية الحديثة، والمتابعة المستمرة بتمنع حصول أي مضاعفات بعد كده. لحد ميعادكِ مع الدكتور بنصحكِ بشدة تستخدمي واقي شمس قوي، وتبعدي عن التعرض المباشر للشمس وقت الذروة، لأن ده ممكن يحرّك نشاط المناعة والطفح الجلدي. ومراجعتكِ لدكتور الروماتيزم في أقرب وقت هي أهم خطوة علشان نبدأ العلاج الصح وترجعي لنشاطك.,"ANSWER: Doctor rumatism goin' tell you to do blood tests for rheumatoid factor and ANA, and maybe some others. Don't worry, but don't delay going to see him.",,Incorrect
100,"مريض: السلام عليكم، أنا محمد عندي 25 سنة. اتصبت في كاحل رجلي اليمين وأنا بلعب كورة، ورحت للدكتور وقالّي إن عندي التواء في الكاحل. عايز أعرف هو ده هيأثر على مستقبلي في الكورة؟ أنا بحلم أبقى لاعب محترف.

مساعد طبي: وعليكم السلام يا محمد. فاهم قلقك على مستقبلك الرياضي. ممكن تحكيلي الإصابة حصلت إزاي بالتفصيل؟ وإيه الأعراض اللي حاسس بيها دلوقتي؟

مريض: حصلت وأنا بغيّر الاتجاه بسرعة في اللعب، فالكاحل اتلوى. بعد كام ساعة الكاحل ورِم وبقى بيوجعني قوي لما أحاول أمشي عليه. الدكتور كتبلي دوا وقالّي أرتاح، بس أنا خايف الإصابة دي تأثر على أدائي.

مساعد طبي: التواء الكاحل إصابة معروفة جداً عند الرياضيين خصوصاً في الكورة. الخبر الكويس إن معظم حالات التواء الكاحل بتخف وبتشفى تماماً مع العلاج المناسب. غالباً بتحتاج من 2 لـ 6 أسابيع عشان تتحسن حسب درجة الالتواء. إنت ملتزم بتعليمات الدكتور في الراحة وبتمشي على الدوا؟

مريض: أيوه ملتزم، بس أنا قلقان جداً. هي رجلي هترجع لطبيعتها 100%؟ وهو هقدر أرجع ألعب بنفس القوة؟ عايز أعرف إمتى أقدر أبدأ تمرين تاني.

مساعد طبي: طبعاً ممكن رجلك ترجع لطبيعتها تماماً. مع العلاج المناسب والالتزام بالتعليمات، هتقدر ترجع تلعب بنفس المستوى. بننصح ترجع للتمرين بالتدريج بعد ما الألم والورم يروحوا، غالباً خلال 3 لـ 4 أسابيع. ومهم كمان تعمل تمارين تقوية وتوازن عشان نقلل فرصة تكرار الإصابة.

مريض: ده طمّنّي جداً. شكراً ليك على المعلومات دي. هتابع مع الدكتور وهالتزم بالعلاج. إن شاء الله أرجع للملعب قريب وأحقق حلمي في اللعب الاحترافي.","كده يا محمد, انشالله ترجع تلعب كمان. بس مش تنسى تركز على التمارين التعبئة بعد ما التreatment ends.",علشان ترجع لنفس القوة وتتجنب إن الإصابة تتكرر—وده أهم حاجة للّعب الاحترافي—لازم جدًا بعد ما الوجع يروح تبدأ تمارين التأهيل وتقوية عضلات الكاحل وتمارين التوازن. التمارين دي هي اللي هتحمي كاحلك من إنه يتلوّي تاني في المستقبل.,"ANSWER: كده يا محمد, انشالله ترجع تلعب كمان. بس مش تنسى تركز على التمارين التعبئة بعد ما التreatment ends.",,Correct
