,﻿id,level,specialty,umbrella_specialty,opa,opb,opc,opd,ope,opf,answer,group,question_old,answer_text,question
4,4,Y1,Anatomy,Anatomy,السابع,التاسع,العاشر,الخامس,,,B,ABCD,عصب ينقل إحساس الذوق من ثلث اللسان الخلفي :,التاسع,ما هو العصب الذي ينقل إحساس الذوق من ثلث اللسان الخلفي؟
8,8,Y1,Anatomy,Anatomy,هليل الظفر,سرير الظفر,استارة الظفر,اللعوة,,,A,ABCD,قوس بيضاء عند حدود جسم الظفر مع جذره :,هليل الظفر,ما هي القوس البيضاء عند حدود جسم الظفر مع جذره؟
12,12,Y1,Anatomy,Anatomy,السطح الخارجي للحرقفة,الوجه الداخلي للحرقفة,الفرع العلوي للعانة,الوجه الخلفي للفخذ,,,A,ABCD,. يقع الخط الالوي السفلي على,السطح الخارجي للحرقفة,أين يقع الخط الالوي السفلي؟
16,16,Y1,Anatomy,Anatomy,الأمامية,الخلفية,العلوية,الوحشية,,,B,ABCD,الحافة من الفرع التي تشكل زاوية الفك السفلي:,الخلفية,ما هي الحافة من الفرع التي تشكل زاوية الفك السفلي؟
17,17,Y2,Anatomy,Anatomy,العضله الظنبوبيه الخلفية,الرأس المستقيم للمستقيمه الفخذية,العضله الخياطية,العضلة المأبضيه,العضله الشظويه الطويله,,E,ABCDE,تتعصب بالعصب الشظوى السطحى,العضله الشظويه الطويله,ما هي البنية التشريحية التي تتعصب بالعصب الشظوي السطحي؟
19,19,Y2,Histology,Anatomy,الطبقة القاعدية من الانسجة الظهارية,الطبقة الشائكة من النسيج الظهاري المطبق,ظهارة المعدة,بين الخلايا العضلية السلية,,,B,ABCD,تشاهد الجسور بين الخلوية في:,الطبقة الشائكة من النسيج الظهاري المطبق,أين تشاهد الجسور بين الخلوية؟
21,21,Y1,Anatomy,Anatomy,الرباط العجزي الشوكي + الرباط الأربي,الرباط العجزي الشوكي العجزي الحدبي,الرباط الحدبي + الرباط الإربي,كل ما سبق خطأ,,,B,ABCD,تتحول الثلمتين الاسكيتين إلى ثقبتين بواسطة,الرباط العجزي الشوكي العجزي الحدبي,ما الذي يحول الثلمتين الاسكيتين إلى ثقبتين؟
28,28,Y1,Anatomy,Anatomy,الغدد جارات الدرق,الغدة الدرقية,النخامي,الكظر,,,A,ABCD,يفرز هرمون ال PTH :,الغدد جارات الدرق,ما هو الهرمون الذي يفرز PTH؟
35,35,Y1,Anatomy,Anatomy,الثقبة المستعرضة,الثقبة بين الفقرية,الثقبة الفقرية,الثقبة المغذية,,,C,ABCD,يقع بين جسم الفقرة والقوس الفقرية :,الثقبة الفقرية,ما الذي يقع بين جسم الفقرة والقوس الفقرية؟
49,49,Y1,Anatomy,Anatomy,سقف الأنف,مقدمة الأنف,الجدارا الوحشي للأنف,الجدار الانسي للأنف,,,A,ABCD,تقع المنطقة الشمية في:,سقف الأنف,أين تقع المنطقة الشمية؟
50,50,Y1,Anatomy,Anatomy,الخط بين المدورين,العرف بين المدورين,الثلمة بين المدورة,لا شئ مما سبق,,,A,ABCD,يتصل المدورين بالأمام في الفخذ بـ:,الخط بين المدورين,ما الذي يتصل به المدورين بالأمام في الفخذ؟
51,51,Y1,Anatomy,Anatomy,على الوجه الخلفي.,على الوجه الانسي.,على الوجه الوحشي.,كل ماسبق خطأ.,,,A,ABCD,يوجد التلم الكعبري في جسم العضد:,على الوجه الخلفي.,أين يوجد التلم الكعبري في جسم العضد؟
54,54,Y2,Histology,Anatomy,ألياف ودية.,ألياف نظيرة ودية,ألياف حسية.,كل من a و .b,,,C,ABCD,تتشكل ضفيرة راشكوف في لب السن من :,ألياف حسية.,ما الذي تتشكل منه ضفيرة راشكوف في لب السن؟
55,55,Y1,Anatomy,Anatomy,القولون النازل والقولون السيني,القولون السيني والقناة الشرجية,القولون السيني والقولون المعترض,القولون المعترض والقولون السيني,,,B,ABCD,يقع المستقيم بين :,القولون السيني والقناة الشرجية,أين يقع المستقيم؟
56,56,Y1,Anatomy,Anatomy,دهنية,لعابية,عرقية,صباغية,,,A,ABCD,حديبات مونتغومري هي غدد,دهنية,ما هي حديبات مونتغومري؟
64,64,Y1,Anatomy,Anatomy,11,7,12,9,,,C,ABCD,المحرك لعضلات اللسان :,12,ما هو العصب المحرك لعضلات اللسان؟
73,73,Y1,Anatomy,Anatomy,العضدية,القطنية,الرقبية,العجزية,,,C,ABCD,العصب الحجابي فرع الضفيرة :,الرقبية,ما هي الضفيرة التي يتفرع منها العصب الحجابي؟
74,74,Y1,Anatomy,Anatomy,قشرة الكظر,لب الكظر,الطحال,البنكرياس,,,B,ABCD,يفرز الأدرينالين من :,لب الكظر,من أين يفرز الأدرينالين؟
75,75,Y1,Anatomy,Anatomy,الوريدين الحرقفيين الخارجي والداخلي,الوريدين الحرقفيين المشتركين الأيمن والأيسر,الوريدين الفخذيين,كل ما سبق خطأ,,,B,ABCD,يتشكل الوريد الأجوف السفلي من إتحاد :,الوريدين الحرقفيين المشتركين الأيمن والأيسر,ما هو الوريد الذي يتشكل منه الوريد الأجوف السفلي؟
78,78,Y2,Histology and Anatomy,Anatomy,الخارجية,المتوسطة,الداخلية والمتوسطة,الداخلية,,,B,ABCDE,في الشرايين الطبقة الأكثر تمايزاً وكثافة هي:,المتوسطة,ما هي الطبقة الأكثر تمايزاً وكثافة في الشرايين؟
79,79,Y1,Anatomy,Anatomy,التوتة,الكظر,الدرق,النخامى,,,C,ABCD,مما ينتج هرمون T4؟,الدرق,مما ينتج هرمون T4؟
85,85,Y2,Anatomy,Anatomy,الظنبوبي الأمامي,الظنبوبي الخلفي,الشظوية الطويلة,الشظوية القصيرة,قابضة الإبهام الطويلة,,B,ABCDE,العضلة التي ترتكز بشكل أساسي على العظم الزورقي:,الظنبوبي الخلفي,ما هي العضلة التي ترتكز بشكل أساسي على العظم الزورقي؟
87,87,Y1,Anatomy,Anatomy,سقف الأنف,مقدمة الأنف,الجدار الوحشي للأنف,الجدار الأنسى للأنف,,,A,ABCD,تقع المنطقة الشمية في :,سقف الأنف,أين تقع المنطقة الشمية؟
88,88,Y1,Anatomy,Anatomy,جبل العانة,الشفر الصغير,الشفر الكبير,دهليز الفرج,,,A,ABCD,الوسادة من النسيج الدهني فوق الارتفاق العاني تدعى,جبل العانة,ما هو اسم الوسادة من النسيج الدهني فوق الارتفاق العاني؟
98,98,Y1,Anatomy,Anatomy,الناحية المغبنية اليمنى,الناحية المغبنية اليسرى,الخثلية,لا شيء مما سبق,,,B,ABCD,يتوضع الكولون السيني في,الناحية المغبنية اليسرى,أين يتوضع الكولون السيني؟
103,103,Y1,Anatomy,Anatomy,الصدفة والقسم الحجاجي,الثلمة الغربالية,الصفيحة الغربالية العمودية,القسم الأنفي,,,B,ABCD,ما القسم العظم الجبهي الذي يفصل بين القسمين الحجاجيين من الخلف:,الثلمة الغربالية,ما هو القسم من العظم الجبهي الذي يفصل بين القسمين الحجاجيين من الخلف؟
105,105,Y1,Anatomy,Anatomy,الوتدي والفكي,الفكي والصدغي والسطحي,الفكي والوجهي,لا شيء مما سبق,,,B,ABCD,الفروع الانتهائية للسبات الظاهر:,الفكي والصدغي والسطحي,ما هي الفروع الانتهائية للسبات الظاهر؟
113,113,Y1,Anatomy,Anatomy,الثقبة المدورة,الثقبة الشوكية,الثقبة البيضية,الشق الحجابي العلوي,,,A,ABCD,. عصب الفك العلوي يمر من,الثقبة المدورة,أين يمر عصب الفك العلوي؟
114,114,Y1,Anatomy,Anatomy,العرف الوتدي,السرج التركي,المنقار الوتدي,الثقبة المدورة,,,C,ABCD,ما هي النقطة التشريحية على الوجه السفلي لجسم العظم الوتدي,المنقار الوتدي,ما هي النقطة التشريحية على الوجه السفلي لجسم العظم الوتدي؟
115,115,Y1,Anatomy,Anatomy,الدمعي أنسي الحجاج,الجبهي وحشي الحجاج,الفك العلوي أنسي الحجاج,الجبهي أنسي الحجاج,,,A,ABCD,ما اسم العظم الذي يتوضع كيس الدمع عليه :,الدمعي أنسي الحجاج,ما اسم العظم الذي يتوضع كيس الدمع عليه؟
116,116,Y1,Anatomy,Anatomy,قوس الأبهر مباشرة,الأبهر البطني,الأبهر الصاعد,الشريان العضدي الرأسي,,,A,ABCD,ينشأ الشريان السباتي المشترك الأيسر من :,قوس الأبهر مباشرة,من أين ينشأ الشريان السباتي المشترك الأيسر؟
120,120,Y1,Anatomy,Anatomy,45 سم,15سم,6أمتار,1أمتار,,,A,ABCD,ما طول الأسهر,45 سم,ما طول الأسهر؟
128,128,Y1,Anatomy,Anatomy,الثقبة البيضية,الثقبة المدورة,الثقبة الشوكية,الثقبة الإبرية الخشانية,,,C,ABCD,يعبر الشريان السحائي الأوسط عبر:,الثقبة الشوكية,ما هو المكان الذي يعبر من خلاله الشريان السحائي الأوسط؟
138,138,Y1,Anatomy,Anatomy,الحشفة,لفافة بوك,القلفة,البصلة,,,C,ABCD,الطية الجلدية التي تغطي رأس القضيب تدعى,القلفة,ما هي الطية الجلدية التي تغطي رأس القضيب؟
145,145,Y1,Anatomy,Anatomy,العضلة السدادية الظاهرة,البسواس,المشطية,المربعة الفخذية,,,A,ABCD,- ترتكز على الحفرة المدورية :,العضلة السدادية الظاهرة,ما هي البنية التشريحية التي ترتكز على الحفرة المدورية؟
147,147,Y1,Anatomy,Anatomy,يتوضع بين العظم الجبهي والجداريين.,يتوضع بين الجداريين.,يتوضع بين الجداريين والعظم القذالي في الخلف.,كل ما سبق خطأ.,,,A,ABCD,أين يتوضع الدرز الأكليلي :,يتوضع بين العظم الجبهي والجداريين.,أين يتوضع الدرز الأكليلي؟
152,152,Y2,Anatomy,Anatomy,يمتد من اللقمة الأنسية للفخذ,يرتكز على الحدبة الظنبوبية,يمنع انزياح الساق للأمام,يمنع انزياح الفخذ للأمام,,,c,ABCDE,ماذا يفعل الرباط المتصالب الأمامي:,يمنع انزياح الساق للأمام,ماذا يفعل الرباط المتصالب الأمامي؟
157,157,Y1,Anatomy,Anatomy,البصري,العينى,الفكي السفلي,الفكي العلوى,,,C,ABCD,ما العصب القحفي الذي يعبر الثقبة البيضية :,الفكي السفلي,ما العصب القحفي الذي يعبر الثقبة البيضية؟
159,159,Y1,Anatomy,Anatomy,تنفسية,رئيسية,قطعية شدفية,ليس كل ما سبق,,,C,ABCD,تتفرع القصبات الفصية الى أي قصبات؟,قطعية شدفية,إلى أي قصبات تتفرع القصبات الفصية؟
161,161,Y1,Anatomy,Anatomy,القشرة,النخاع,جذع الدماغ,البصلة السيسائية,,,C,ABCD,توجد نوى الأعصاب القحفية من الثالث حتى الثاني عشر في :,جذع الدماغ,أين توجد نوى الأعصاب القحفية من الثالث حتى الثاني عشر؟
165,166,Y1,Anatomy,Anatomy,الفمويتين,البلعوميتين,الحنكيتين,الانفيتين,,,C,ABCD,على ماذا يحوي البلعوم الفموي اللوزتين؟,الحنكيتين,على ماذا يحتوي البلعوم الفموي من اللوزتين؟
166,167,Y1,Anatomy,Anatomy,العلوي,الخلفي,السفلي,الامامي,,,C,ABCD,. على اي من وجوه الكبد التالية يوجد مسكن المرارة:,السفلي,على أي من وجوه الكبد يوجد مسكن المرارة؟
167,168,Y1,Anatomy,Anatomy,البصري - حاسي,العيني - حاسي,البصري - حسي,العيني – حسي,,,A,ABCD,ما هو العصب القحفي الثاني:,البصري - حاسي,ما هو العصب القحفي الثاني؟
174,175,Y2,Anatomy,Anatomy,دوران وحشي للكتف.,دوران أنسي للكتف.,عطف المرفق.,عطف الكتف.,ولا واحد مما سبق.,,b,ABCDE,ما وظيفة تحت الكتفية:,دوران أنسي للكتف.,ما وظيفة العضلة تحت الكتفية؟
177,178,Y2,Histology,Anatomy,الجدار الأمامي للرحم.,الجدار الخلفي للرحم.,بين الجنين والمهبل.,في الفوهة الداخلية لعنق الرحم.,,,C,ABCD,في ارتكاز المشيمة المعيب previa placenta تتوضع المشيمة:,بين الجنين والمهبل.,أين تتوضع المشيمة في ارتكاز المشيمة المعيب؟
180,181,Y1,Anatomy,Anatomy,الام الجافية,الغشاء العنكبوتي,الام الحنون,كل ماسبق خطأ,,,A,ABCD,ما اسم الطبقة من السحايا التي تغطي الجيوب الوريدية,الام الجافية,ما اسم الطبقة من السحايا التي تغطي الجيوب الوريدية؟
183,184,Y1,Anatomy,Anatomy,إسقاطية,ترابطية,مشاركة,صوارية,,,A,ABCD,الألياف التي تربط المراكز القشرية بالمحيط تُدعى:,إسقاطية,ما هي الألياف التي تربط المراكز القشرية بالمحيط؟
184,185,Y1,Anatomy,Anatomy,الجسم الكهفي,الجسم الاسفنجي,الساق الوسطى,لا شيء مما سبق,,,B,ABCD,تتمادى البصلة في الأمام لتشكل في جسم القضيب:,الجسم الاسفنجي,ما الذي تشكله البصلة عندما تتمادى في الأمام في جسم القضيب؟
192,193,Y1,Anatomy,Anatomy,الكبد,الطحال,الدرقية,التيموس,,,A,ABCD,أكبر غدد الجسم,الكبد,ما هي أكبر غدد الجسم؟
193,194,Y1,Anatomy,Anatomy,قطعية,فصية,بين الفصوص,بين الفصيصات,,,A,ABCD,يتفرع الشريان الكلوي لخمسة شرايين:,قطعية,ما هي الشرايين الخمسة التي يتفرع إليها الشريان الكلوي؟
195,196,Y1,Anatomy,Anatomy,الشريان العيني,السباتي الظاهر,الشريان الزاوي,اللساني,,,C,ABCD,بماذا ينتهي الشريان الوجهي:,الشريان الزاوي,بماذا ينتهي الشريان الوجهي؟
200,201,Y2,Histology,Anatomy,منطقة أرومة الخلايا السنية,المنطقة الغنية بالخلايا.,المنطقة الخالية من الخلايا,كل ما سبق خاطئ.,,,B,ABCD,طبقة لب السن الأكثر عمقا والأقرب لجوهر اللب :,المنطقة الغنية بالخلايا.,ما هي طبقة لب السن الأكثر عمقا والأقرب لجوهر اللب؟
201,202,Y1,Anatomy,Anatomy,أمام وأسفل مصب الأجوف العلوي,أمام وأعلى مصب الأجوف السفلي,أمام وأسفل مصب الأجوف السفلي,إلى الخلف من مصب الأجوف السفلي,,,C,ABCD,تقع فوهة مصب الجيب الأكليلي :,أمام وأسفل مصب الأجوف السفلي,أين تقع فوهة مصب الجيب الأكليلي؟
202,203,Y1,Anatomy,Anatomy,جبهية,وتدية,قذالية,خشائية,,,B,ABCD,. الزاوية الامامية السفلية للعظم الجداري,وتدية,ما هي الزاوية الأمامية السفلية للعظم الجداري؟
205,206,Y1,Anatomy,Anatomy,11,7,12,9,,,C,ABCD,أي عصب هو المحرك لعضلات اللسان:,12,أي عصب هو المحرك لعضلات اللسان؟
207,208,Y1,Anatomy,Anatomy,الشوكة الذقنية,الناشزة الذقنية,اللسين,الخط الضرسي اللامي,,,C,ABCD,ما البروز العظمي الذي يحتوي الوجه الداخلي لفرع الفك السفلي عليه:,اللسين,ما هو البروز العظمي الذي يحتوي عليه الوجه الداخلي لفرع الفك السفلي؟
208,209,Y1,Anatomy,Anatomy,الغدد,الهرمونات,المستقبلات,لا شئ مما سبق,,,B,ABCD,مواد تفرزها الغدد استجابة للتنبيه وترحل عبر الدم :,الهرمونات,ما هي المواد التي تفرزها الغدد استجابة للتنبيه وترحل عبر الدم؟
209,210,Y1,Anatomy,Anatomy,لويس,مونتغومري,بيل,لا شئ مما سبق,,,A,ABCD,ما الزاوية بين قبضة وجسم القص :,لويس,ما هي الزاوية بين قبضة وجسم القص؟
214,215,Y1,Anatomy,Anatomy,الثقبة البيضية,الثقبة الشوكية,الثقبة المدورة,الثقبة الوداجية,,,C,ABCD,. يخرج العصب الفكي العلوي من الجمجمة عبر:,الثقبة المدورة,من أين يخرج العصب الفكي العلوي من الجمجمة؟
216,217,Y2,Anatomy,Anatomy,الجنية المنصفية.,النهاية السفلية للعضلة الطويلة العنقية.,منشأ العضلة القصية اللامية.,منشأ العضلة القصية الدرقية.,اللقافة الجانبية للقوس الأبهرية.,,A,ABCDE,يتحدد المنصف العلوي جانبيا بـ:,الجنية المنصفية.,ما الذي يحدد المنصف العلوي جانبياً؟
218,219,Y1,Anatomy,Anatomy,CHOANA,المنخرين,المنعرين,كل ما سبق خطأ,,,B,ABCD,مما يمر عبرهما الهواء إلى جوف الأنف :,المنخرين,ما هما الممران اللذان يمر عبرهما الهواء إلى جوف الأنف؟
222,223,Y2,Anatomy,Anatomy,قاع أخدود ذات الرأسين.,أنسي اخدود ذات الرأسين.,وحشي أخدود ذات الرأسين.,الناتئ الغرابي.,حديبة العضد الكبرى.,,A,ABCDE,ترتكز العضلة العريضة الظهرية : (2017 ثانية),قاع أخدود ذات الرأسين.,أين ترتكز العضلة العريضة الظهرية؟
224,225,Y1,Anatomy,Anatomy,الكولون النازل,الكولون الصاعد,الكولون المعترض,كل ما سبق خطأ,,,C,ABCD,ما القولون الذي يمتد بشكل أفقي :,الكولون المعترض,ما هو القولون الذي يمتد بشكل أفقي؟
227,228,Y1,Anatomy,Anatomy,5,4,2,1,,,D,ABCD,عدد القطع العصعصية في النخاع الشوكي هو :,1,كم عدد القطع العصعصية في النخاع الشوكي؟
229,230,Y1,Anatomy,Anatomy,المخاطية,العضلية,المصلية,تحت المخاطية,,,B,ABCD,ما الطبقة التي تمثلها العضلة الدافعة في المثانة,العضلية,ما الطبقة التي تمثلها العضلة الدافعة في المثانة؟
230,231,Y2,Histology,Anatomy,خلايا لانغرهانس.,خلايا ميركل.,خلايا الميلانين.,a+b,,,B,ABCD,ما هي الخلايا التي توجد في الجلد وتعمل كمستقبلات آلية حسية :,خلايا ميركل.,ما هي الخلايا التي توجد في الجلد وتعمل كمستقبلات آلية حسية؟
234,235,Y1,Anatomy,Anatomy,الطرجهالي,القريني,الإسفيني,الفلكة,,,B,ABCD,ما اسم الكرة الصغيرة فوق قمة الغضروف :,القريني,ما اسم الكرة الصغيرة فوق قمة الغضروف؟
235,236,Y1,Anatomy,Anatomy,راحة اليد وأخمص القدم,حشفة القضيب,دهليز الفرج,B+C,,,A,ABCD,لا توجد الغدد الزهمية في :,راحة اليد وأخمص القدم,أين لا توجد الغدد الزهمية؟
239,240,Y1,Anatomy,Anatomy,السابع,الخامس,الثالث,الأول,,,A,ABCD,العصب المسؤول عن حركات عضلات الوجه التعبيرية:,السابع,ما هو العصب المسؤول عن حركات عضلات الوجه التعبيرية؟
240,241,Y1,Anatomy,Anatomy,خشانية,وتدية,قذالية,جبهية,,,A,ABCD,الزاوية الخلفية السفلية في العظم الجداري:,خشانية,ما هي الزاوية الخلفية السفلية في العظم الجداري؟
244,245,Y1,Anatomy,Anatomy,القاعدة.,جسم الفك السفلي.,الرأد.,الحافة السنخية.,,,C,ABCD,يسمى فرع الفك السفلي ايضا:,الرأد.,ما هو الاسم الآخر لفرع الفك السفلي؟
252,253,Y2,Anatomy,Anatomy,يمتد من اللقمة الأنسية للفخذ,يرتكز على الحدية الظنبوبية,يمنع ازياح الساق للأمام,يمنع ازياح الفخذ للأمام,,,C,ABCD,ماذا يفعل الرباط المتصالب الأمامى:,يمنع ازياح الساق للأمام,ماذا يفعل الرباط المتصالب الأمامي؟
254,255,Y1,Anatomy,Anatomy,الثقبة الإبرية الخشانية,الثقبة المدورة,الثقبة الشوكية,الثقبة البيضية,,,A,ABCD,يعبر العصب الوجهي عبر الثقبة ال:,الثقبة الإبرية الخشانية,ما هي الثقبة التي يعبر من خلالها العصب الوجهي؟
261,262,Y1,Anatomy,Anatomy,الغلوكاغون,الأنسولين,السوماتوستاتين,لا شيء مما سبق,,,B,ABCD,تفرز خلايا بيتا في البنكرياس :,الأنسولين,ماذا تفرز خلايا بيتا في البنكرياس؟
266,267,Y1,Anatomy,Anatomy,التامور الليفي,التامور المصلي الجداري,التامور المصلي الحشوي :,لا شيء مما سبق,,,A,ABCD,التامور الخارجي الذي لا يرتبط بالقلب,التامور الليفي,ما هو التامور الخارجي الذي لا يرتبط بالقلب؟
268,269,Y1,Anatomy,Anatomy,الجسم,الميزابة,العنق,الرأس,,,C,ABCD,القسم من الضلع الواقع بين الرأس والحديبة:,العنق,ما هو القسم من الضلع الواقع بين الرأس والحديبة؟
272,273,Y1,Anatomy,Anatomy,الكعب,العقب,القعب,الفخذ,,,C,ABCD,مع أي عظم يتمفصل الظنبوب في الأسفل :,القعب,مع أي عظم يتمفصل الظنبوب في الأسفل؟
276,277,Y2,Anatomy,Anatomy,المستقيمه الرأسيه الخلفيه الصغيرة,المستقيمه الرأسيه الجانبيه,المستقيمه الرأسيه الاماميه,المستقيمه الرأسيه الخلفيه الكبيره,المنحرفه الرأسيه السفليه,,A,ABCDE,ترتبط من العضلات العميقه التاليه للمثلث الخلفى للعنق بحدبه الاطلس الخلفيه,المستقيمه الرأسيه الخلفيه الصغيرة,أي من العضلات العميقة التالية للمثلث الخلفي للعنق ترتبط بحدبة الأطلس الخلفية؟
278,279,Y1,Anatomy,Anatomy,دهليز الفم,اللثتين,جوف الفم المخصوص,القوس السنخية,,,C,ABCD,يتصل بالخلف مع البلعوم الفموي عبر برزخ الحلق:,جوف الفم المخصوص,ما هو التركيب الذي يتصل بالخلف مع البلعوم الفموي عبر برزخ الحلق؟
280,281,Y1,Anatomy,Anatomy,لفافة كولس,اللفافة المنوية الخارجية,الغلالة الغمدية,اللفافة المنوية الداخلية,,,C,ABCD,. البنية التي تغطي السطوح الامامي والانسي والوحشي للخصية هي,الغلالة الغمدية,ما هي البنية التي تغطي السطوح الأمامي والإنسي والوحشي للخصية؟
281,282,Y1,Anatomy,Anatomy,تحت الحنجرة وعلى جانبي الرغامي وأمامها,يتصل الفصين مع بعضهما بجسر نسيجي يدعى البرزخ,تحاط بلفافة من اللفافة الرقبية السطحية,A + B,,,A,ABCD,موقع الغدة الدرقية,تحت الحنجرة وعلى جانبي الرغامي وأمامها,أين يقع موقع الغدة الدرقية؟
282,283,Y1,Anatomy,Anatomy,الجدار الوحشى للأنف.,أرضية الأنف.,سقف الأنف.,كل ما سبق خطأ .,,,C,ABCD,تتوضع مستقبلات الشم في :,سقف الأنف.,أين تتوضع مستقبلات الشم؟
283,284,Y1,Anatomy,Anatomy,شحمية,بيتيدية,سكرية,لا شيء مما سبق,,,B,ABCD,هرمونات الغدة النخامية ذات طبيعة:,بيتيدية,ما هي طبيعة هرمونات الغدة النخامية؟
284,285,Y2,Anatomy,Anatomy,نموذج رزى,لا يتصل مع الكعبرى الزندى العلوى,عبره تتم حركه الكب والاستلقاء,لا يشارك رأس الكعبره فى تكوينه,,,A,ABCD,ما هو مفصل المرفق:,نموذج رزى,ما هو مفصل المرفق؟
285,286,Y2,Anatomy,Anatomy,أسفل الحافة الوحشية لعظم لوح الكتف.,الحافة السفلية لشوك الكتف.,الحفرة تحت الكتفية لعظم اللوح.,الحفرة تحت الشوكية لعظم اللوح.,أعلى الحافة الوحشية لعظم اللوح.,,A,ABCDE,تنشأ العضلة المدورة الكبيرة بشكل أساسي من :,أسفل الحافة الوحشية لعظم لوح الكتف.,ما هو المكان الذي تنشأ منه العضلة المدورة الكبيرة بشكل أساسي؟
286,287,Y1,Anatomy,Anatomy,أيسر الأجوف السفلي,خلف الأجوف السفلي,أيمن الأجوف السفلي,أمام الأجوف السفلي,,,A,ABCD,أين يتوضع الأبهر النازل البطني؟,أيسر الأجوف السفلي,أين يتوضع الأبهر النازل البطني؟
287,288,Y1,Anatomy,Anatomy,عرى اللفائفي والكولون السيني,الجيب المثاني الرحمي,الجيب المستقيمي المثاني,لا شيء مما سبق,,,A,ABCD,يجاور السطح العلوي لمثانة الرجل,عرى اللفائفي والكولون السيني,ما الذي يجاور السطح العلوي لمثانة الرجل؟
288,289,Y1,Anatomy,Anatomy,الحجاب الحاجز.,رافعات الأضلاع.,المستعرضة الصدرية.,العضلات الوربية.,,,A,ABCD,عضلة الشهيق الرئيسية:,الحجاب الحاجز.,ما هي عضلة الشهيق الرئيسية؟
289,290,Y1,Anatomy,Anatomy,شريان – وريد – حويضة,وريد – شريان – حويضة,حويضة – شريان – وريد,حويضة – وريد – شريان,,,C,ABCD,يدخل سرة الكلية من الخلف للأمام بالترتيب:,حويضة – شريان – وريد,ما هو ترتيب دخول التراكيب إلى سرة الكلية من الخلف للأمام؟
301,302,Y1,Anatomy,Anatomy,الوجه الوحشي للزج.,الوجه الإنسي السفلي للناتي الإبري.,الوجه الوحشي للناتئ المنقاري.,الوجه الأنسي للزج.,,,C,ABCD,تشاهد التلمة الكعبرية للزند على:,الوجه الوحشي للناتئ المنقاري.,أين تشاهد التلمة الكعبرية للزند؟
307,308,Y1,Anatomy,Anatomy,خلف الكلم الإنتهائي,في ذروة اللسان,أمام الثلم الإنتهائي,على حافتي اللسان,,,A,ABCD,تتوضع الثقبة العوراء في اللسان :,خلف الكلم الإنتهائي,أين تتوضع الثقبة العوراء في اللسان؟
312,313,Y1,Anatomy,Anatomy,المعي الدقيق,المري,المعدة,المعي الغليظ,,,A,ABCD,أطول أجزاء الأنبوب الهضمي :,المعي الدقيق,ما هو أطول أجزاء الأنبوب الهضمي؟
314,315,Y2,Anatomy,Anatomy,كمثرية - توأمية علوية - سادة باطنة - توأمية سفلية,كمثرية - توأمية علوية - توأمية سفلية - سادة باطنة,كمثرية - سادة باطنة - توأمية علوية - توأمية سفلية,توأمية علوية - سادة باطنة - كمثرية - توأمية سفلية,سادة باطنة - كمثرية - توأمية علوية - توأمية سفلية,,A,ABCDE,إن ترتيب العضلات من الأعلى للأسفل على الناحية الخلفية للألية:,كمثرية - توأمية علوية - سادة باطنة - توأمية سفلية,ما هو ترتيب العضلات من الأعلى للأسفل على الناحية الخلفية للألية؟
324,325,Y1,Anatomy,Anatomy,التامور الليفي,التامور المصلي الجداري,التامور المصلي الحشوي,لا شيء مما سبق,,,B,ABCD,الطبقة المبطنة للتامور الليفي:,التامور المصلي الجداري,ما هي الطبقة المبطنة للتامور الليفي؟
329,330,Y1,Anatomy,Anatomy,المري,المعي الدقيق,الكولون,البلعوم,,,B,ABCD,أطول أجزاء أنبوب الهضم:,المعي الدقيق,ما هو أطول أجزاء أنبوب الهضم؟
330,331,Y2,Histology,Anatomy,الغلوكاغون,الانسولين,الباراثورمون,الثيروكسين,الثالث والرابع,,B,ABCDE,الخلايا الشحمية قادرة على تصنيع Fatty acids من الغلوكوز هي عملية تتسرع بتاثير :,الانسولين,ما هو الهرمون الذي يسرع عملية تصنيع الأحماض الدهنية من الغلوكوز في الخلايا الشحمية؟
337,338,Y1,Anatomy,Anatomy,الاربي,المدور,العريض,الوريدي,,,C,ABCD,يربط الرحم بجدران الحوض الجانبية الرباط:,العريض,ما هو الرباط الذي يربط الرحم بجدران الحوض الجانبية؟
338,339,Y1,Anatomy,Anatomy,بني غامق,أبيض,مائل للصفرة,رمادي,,,A,ABCD,لون لب الكظر :,بني غامق,ما هو لون لب الكظر؟
346,347,Y2,Anatomy,Anatomy,ذقنية لسانية,ضرسية لامية,لامية لسانية,ذقنية لامية,ذات البطنين,,A,ABCDE,تشكل معظم الكتلة العضلية للسان.,ذقنية لسانية,ما الذي يشكل معظم الكتلة العضلية للسان؟
348,349,Y1,Anatomy,Anatomy,الخيطية,الفطرية,الورقية,المحوطة,,,A,ABCD,أصغر الحليمات الذوقية وأكثرها عدداً:,الخيطية,ما هي أصغر الحليمات الذوقية وأكثرها عدداً؟
353,354,Y1,Anatomy,Anatomy,عضلات جدار البطن الأمامي,عضلات العمود الفقري,عضلات الصدر السطحية,عضلات الصدر العميقة,,,B,ABCD,عضلات طويلة تربط الفقرات مع بعضها:,عضلات العمود الفقري,ما هي العضلات الطويلة التي تربط الفقرات مع بعضها؟
354,355,Y1,Anatomy,Anatomy,مستوى المزلاج,مستوى الوصل البصلي الجسري,مستوى الدماغ المتوسط,مستوى منتصف الجسر,,,C,ABCD,اضيق قسم في جذع الدماغ,مستوى الدماغ المتوسط,ما هو أضيق قسم في جذع الدماغ؟
357,358,Y1,Anatomy,Anatomy,الفص الصدغي.,الفص الجداري.,الفص القذالي.,فص الجزيرة.,,,B,ABCD,يقع التلفيف خلف المركزي في :,الفص الجداري.,أين يقع التلفيف خلف المركزي؟
360,361,Y1,Anatomy,Anatomy,الحس الجسدي الأولية,الحركة الأولية,الحس الثانوي,السمع,,,A,ABCD,التلفيف خلف المركزي يحوي باحة :,الحس الجسدي الأولية,ما هي الباحة التي يحويها التلفيف خلف المركزي؟
366,367,Y1,Anatomy,Anatomy,الخيطية,الفطرية,الورقية,المحوطة,,,A,ABCD,أصغر الحليمات الذوقية وأكثرها عدداً:,الخيطية,ما هي أصغر الحليمات الذوقية وأكثرها عدداً؟
367,368,Y1,Anatomy,Anatomy,عضلات الزنار الحوضي الأمامية,عضلات الزنار الحوضي الخلفية,عضلات الزنار الحوضي الأنسية,عضلات الزنار الحوضي الوحشية,,,A,ABCD,العضلة الحرقفية تنتمي لـ:,عضلات الزنار الحوضي الأمامية,ما هي المجموعة العضلية التي تنتمي إليها العضلة الحرقفية؟
371,372,Y1,Anatomy,Anatomy,جذع الدماغ,الدماغ البيني,الدماغ الانتهائي,المخيخ,,,A,ABCD,القسم المسؤول عن تنظيم الفعالية الحياتية الذاتية هو:,جذع الدماغ,ما هو القسم المسؤول عن تنظيم الفعالية الحياتية الذاتية؟
372,373,Y1,Anatomy,Anatomy,الخلط الماني,الخلط الزجاجي,العدسة,الشبكية,,,B,ABCD,ما هي المادة شبيهة بالهلام يشغل أربعة أخماس المقلة :,الخلط الزجاجي,ما هي المادة شبيهة بالهلام التي تشغل أربعة أخماس المقلة؟
373,374,Y2,Histology,Anatomy,الأنوية جانب البصرية,الأنوية فوق البصرية,الأنوية فوق البطينية,الأنوية جانب البطينية,,,B,ABCD,يتم إفراز الهرمون المضاد للإدرار ADH من عصبونات تقع أجسامها في :,الأنوية فوق البصرية,أين تقع أجسام العصبونات التي تفرز الهرمون المضاد للإدرار ADH؟
376,377,Y1,Anatomy,Anatomy,العضلات الماضغة,عضلات الوجه التعبيرية,عضلات العنق,لا شئ مما سبق,,,B,ABCD,عضلات لها منشأ عظمي وترتكز على باطن جلد الوجه:,عضلات الوجه التعبيرية,ما هي العضلات التي لها منشأ عظمي وترتكز على باطن جلد الوجه؟
377,378,Y1,Anatomy,Anatomy,فروع الشريان المساريقي العلوي,فروع الجذع الزلاقي,فروع شريان المساريقي السفلي,فروع تاتي من الابهر مباشرة,,,B,ABCD,. تاتي التروية الرئيسية للمعدة من,فروع الجذع الزلاقي,ما هو مصدر التروية الرئيسية للمعدة؟
379,380,Y1,Anatomy,Anatomy,المري,المعي الدقيق,الكولون,البلعوم,,,B,ABCD,أطول أجزاء أنبوب الهضم هي:,المعي الدقيق,ما هي أطول أجزاء أنبوب الهضم؟
381,382,Y1,Anatomy,Anatomy,البطين الأيمن,الأذينة اليسرى,الأذينة اليمنية,البطين الأيسر,,,A,ABCD,ينشأ الجذع الرئوي من :,البطين الأيمن,من أين ينشأ الجذع الرئوي؟
382,383,Y1,Anatomy,Anatomy,السلخي,المشمري,الخصيوي,الذكري,,,B,ABCD,رفع الخصية والصفن للأعلى يدعى المنعكس,المشمري,ما هو اسم المنعكس الذي يحدث عند رفع الخصية والصفن للأعلى؟
388,389,Y1,Anatomy,Anatomy,النردي,العقب,الزورقي,القعب,,,A,ABCD,على وجهه السفلي تلم لمرور وتر الشظية الطويلة :,النردي,ما هو العظم الذي يحتوي على تلم في وجهه السفلي لمرور وتر الشظية الطويلة؟
391,392,Y1,Anatomy,Anatomy,الشرسوفية,الخثلية,السرية,المغبنية,,,C,ABCD,المنطقة المتوسطة من نواح البطن:,السرية,ما هي المنطقة المتوسطة من نواحي البطن؟
393,394,Y1,Anatomy,Anatomy,فوهة مثلث الشرف,فوهة التاجي,الفوهة الرئوية,الفوهة الأبهرية,,,B,ABCD,يصل بين الأذينة اليسرى والبطين الأيسر :,فوهة التاجي,ما الذي يصل بين الأذينة اليسرى والبطين الأيسر؟
394,395,Y2,Anatomy,Anatomy,العضلة المربعة القطنية.,العضلة الحرقفية.,العضلة الإليوية الوسطى.,العضلة رباعية الرؤوس الفخذية.,كل ما سبق خاطئ.,,A,ABCDE,يعطي الرباط الحرقفي القطني منشأ ل:,العضلة المربعة القطنية.,ما الذي يعطي الرباط الحرقفي القطني منشأ له؟
398,399,Y1,Anatomy,Anatomy,الألدستيرون,الكورتيزول,الأندروجين,الكالسيتونين,,,B,ABCD,يحفز ACTH إفراز :,الكورتيزول,ماذا يحفز ACTH إفرازه؟
400,401,Y1,Anatomy,Anatomy,الموثي,الغشاني,البصلي,الإسفنجي,,,A,ABCD,أكثر أقسام الإحليل قابلية للتمدد وأعرضها,الموثي,ما هو أكثر أقسام الإحليل قابلية للتمدد وأعرضها؟
401,402,Y1,Anatomy,Anatomy,من العظمين الوركيين و العجز.,من العظمين الوركيين والعظمين الفخذيين.,من العجز و العظمين الفخذيين.,من العظمين الوركيين.,,,A,ABCD,مما يتكون الزنار الحضي:,من العظمين الوركيين و العجز.,مما يتكون الزنار الحوضي؟
402,403,Y1,Anatomy,Anatomy,أمام التلفيف الجانبي.,في التلفيف أمام المركزي .,خلف شق رولاندو.,في قص الجزيرة.,,,B,ABCD,تقع الباحة الحركية الأولية:,في التلفيف أمام المركزي .,أين تقع الباحة الحركية الأولية؟
411,412,Y1,Anatomy,Anatomy,الخياطية,الرشيقة,المقربة الكبيرة,المقربة الطويلة,,,A,ABCD,. عضلة مسؤولة عن قبض الفخذ وقبض الساق,الخياطية,ما هي العضلة المسؤولة عن قبض الفخذ وقبض الساق؟
419,420,Y1,Anatomy,Anatomy,النكفية,تحت الفك السفلى,تحت اللسان,الثانوية,,,C,ABCD,تتوضع تحت الطية اللسانية الغدة,تحت اللسان,أين تتوضع الغدة تحت الطية اللسانية؟
423,424,Y1,Anatomy,Anatomy,على الوجه السفلي لجسم العظم الوتدي.,على الوجه العلوي لجسم العظم الوتدي.,على الوجه الأمامي لجسم العظم الصدغي.,على الوجه الخلفي لجسم العظم الوتدي.,,,B,ABCD,يتوضع السرج التركي:,على الوجه العلوي لجسم العظم الوتدي.,أين يتوضع السرج التركي؟
425,426,Y1,Anatomy,Anatomy,الجسم,الميزابة,العنق,الرأس,,,C,ABCD,القسم مع الضلع الواقع بين الرأس والحدبية:,العنق,ما هو القسم مع الضلع الواقع بين الرأس والحدبية؟
442,443,Y1,Anatomy,Anatomy,31,31 شفعا,12,15,,,A,ABCD,عدد شدف النخاع الشوكي :,31,كم عدد شدف النخاع الشوكي؟
449,450,Y1,Anatomy,Anatomy,الحلقية الطرجهالية الوحشية,الحلقية الطرجهالية الخلفية,الطرجهالية المستعرضة,الطرجهالية المائلة,,,B,ABCD,العضلة الموسعة المسؤولة عن فتح الحنجرة :,الحلقية الطرجهالية الخلفية,ما هي العضلة الموسعة المسؤولة عن فتح الحنجرة؟
452,453,Y1,Anatomy,Anatomy,الحويضة,النفرون,القشر,اللب,,,A,ABCD,القسم العلوي المتسع من الحالب بدعى,الحويضة,ما يُدعى القسم العلوي المتسع من الحالب؟
467,468,Y1,Anatomy,Anatomy,الحفرة تحت الكتف,الحفرة تحت الشوك,الحفرة فوق الكتف,الحفرة فوق الشوك,,,B,ABCD,نقطة التعظم البدئية في لوح الكتف توجد في :,الحفرة تحت الشوك,أين توجد نقطة التعظم البدئية في لوح الكتف؟
468,469,Y1,Anatomy,Anatomy,الابطي,المأبضي,العضدي,القاعدي,,,A,ABCD,يستمر الشريان تحت الترقوة بالشريان:,الابطي,ما هو الشريان الذي يستمر به الشريان تحت الترقوة؟
473,474,Y2,Anatomy,Anatomy,اللساني .,الوجهي.,الوجهي المعترض.,الفكي .,الصدغي السطحي.,,B,ABCDE,الشعور بالنبض عند الحافة السفلية للفك السفلي أمام العضلة الماضفة للشريان: (2015 أولى),الوجهي.,ما هو الشريان الذي يمكن الشعور بنبضه عند الحافة السفلية للفك السفلي أمام العضلة الماضغة؟
488,489,Y1,Anatomy,Anatomy,القاعدي,السباتي الظاهر,الفقري,السباتي الباطن,,,A,ABCD,الشريان المخي الخلفي فرع:,القاعدي,ما هو الشريان الذي يعتبر الشريان المخي الخلفي فرعاً منه؟
500,501,Y1,Anatomy,Anatomy,الكبد,الجلد,المعي الدقيق,الكولون,,,B,ABCD,أكبر أعضاء الجسم وزناً ومساحة :,الجلد,ما هو أكبر أعضاء الجسم وزناً ومساحة؟
504,505,Y1,Anatomy,Anatomy,المخ,الدماغ,المخيخ,جذع الدماغ,,,A,ABCD,يشكل نصفي الكرة المخية مع الدماغ البيني:,المخ,ما الذي يشكله نصفا الكرة المخية مع الدماغ البيني؟
509,510,Y1,Anatomy,Anatomy,الانحناء الصغير,الثرب الصغير,الانحناء الكبير,الجسم,,,C,ABCD,من الفؤاد إلى البواب الحافة اليسرى للمعدة:,الانحناء الكبير,ما هو اسم الحافة اليسرى للمعدة التي تمتد من الفؤاد إلى البواب؟
514,515,Y1,Anatomy,Anatomy,الفقري,القاعدي,السباتي الباطن,مسبع ويليس,,,A,ABCD,ينشأ الشريان الشوكي الأمامي من :,الفقري,ما هو مصدر نشأة الشريان الشوكي الأمامي؟
516,517,Y1,Anatomy,Anatomy,المعدة والكبد,الكبد والطحال,المعدة والطحال,المعدة والقولون المستعرض,,,A,ABCD,. يقع الثرب الصغير بين:,المعدة والكبد,أين يقع الثرب الصغير؟
525,526,Y1,Anatomy,Anatomy,الدماغ المتوسط .,البصلة.,المخيخ.,الجسر.,,,A,ABCD,أين تقع صفيحة الأكيمات :,الدماغ المتوسط .,أين تقع صفيحة الأكيمات؟
528,529,Y1,Anatomy,Anatomy,الحس الجسدي الأولية,الحركة الأولية,الحس الثانوي,السمع,,,A,ABCD,التلفيف خلف المركزي يحوي باحة:,الحس الجسدي الأولية,ما هي الباحة التي يحويها التلفيف خلف المركزي؟
529,530,Y1,Anatomy,Anatomy,إسقاطية,ترابطية,مشاركة,صوارية,,,A,ABCD,الألياف التي تربط المراكز القشرية بالمحيط تدعى :,إسقاطية,ما هي الألياف التي تربط المراكز القشرية بالمحيط؟
530,531,Y1,Anatomy,Anatomy,الليفي,الزليلي,الزجاجي,المرن,,,B,ABCD,المفصل الحلقي الطرجهالي من المفاصل :,الزليلي,ما نوع المفصل الحلقي الطرجهالي؟
532,533,Y1,Anatomy,Anatomy,الأول,الخامس,الثالث,السابع,,,B,ABCD,العصب الحركي للعضلات الماضغة هو العصب الذي رقمه:,الخامس,ما هو رقم العصب الحركي للعضلات الماضغة؟
540,541,Y1,Anatomy,Anatomy,250,25,20,15,,,A,ABCD,عدد فصيصات الخصية:,250,كم عدد فصيصات الخصية؟
547,548,Y1,Anatomy,Anatomy,الضلع الثاني.,الحدبة الأخمعية.,لوح الكتف.,الترقوة.,,,A,ABCD,العضلة الأخمعية الخلفية ترتكز بوتر رقيق على:,الضلع الثاني.,أين ترتكز العضلة الأخمعية الخلفية بوتر رقيق؟
553,554,Y1,Anatomy,Anatomy,الأنسي,الوحشي,السفلي,لا شيء مما سبق,,,A,ABCD,يتوضع الثلم المهمازي على الوجه :,الأنسي,أين يتوضع الثلم المهمازي؟
556,557,Y2,Histology,Anatomy,الشريطين-I-,الشريطين -Z-,الشريطين -A-,الخطين -Z-,كل ما سبق خطأ.,,D,ABCDE,القسيم العضلي ( sarcomere ) هو المنطقة بين :,الخطين -Z-,ما هي المنطقة التي يقع بينها القسيم العضلي (sarcomere)؟
561,562,Y1,Anatomy,Anatomy,T3,T4,كاليستونين,باراثرمون,,,C,ABCD,تنتج الخلايا المجاورة للجريبات في الدرق:,كاليستونين,ما الذي تنتجه الخلايا المجاورة للجريبات في الدرق؟
562,563,Y2,Histology,Anatomy,بالعات,لمفاويات,الوحيدات لا تغادر الدوران,خلايا بديئة,ارومات ليفية,,A,ABCDE,بعد مغادرتها الدوران تتحول الوحيدات Monocytes الى:,بالعات,ما الذي تتحول إليه الوحيدات Monocytes بعد مغادرتها الدوران؟
567,568,Y1,Anatomy,Anatomy,الفكي,الوتدي الحنكي,الزاوي,الأنفي,,,C,ABCD,ينتهي الشريان الوجهي بالشريان:,الزاوي,ما هو الشريان الذي ينتهي به الشريان الوجهي؟
570,571,Y1,Anatomy,Anatomy,الانسي,الوحشي,السفلي,لا شيء مما سبق,,,A,ABCD,يتوضع الثلم المهمازي على الوجه:,الانسي,أين يتوضع الثلم المهمازي؟
572,573,Y1,Anatomy,Anatomy,8,9,10,11,,,C,ABCD,. العصب القحفي الذي يحمل التعصيب نظير الودي للقلب,10,ما هو العصب القحفي الذي يحمل التعصيب نظير الودي للقلب؟
574,575,Y2,Anatomy,Anatomy,الذقنية اللسانية .,البطن الأمامي لذات البطنين.,فرسية لامية.,إبرية لسانية.,لامية لسانية.,,E,ABCDE,يمر العصب تحت اللساني في الناحية تحت الفك عميقا من العضلة: (2014ثانية),لامية لسانية.,ما هي العضلة التي يمر العصب تحت اللساني في الناحية تحت الفك عميقاً منها؟
575,576,Y1,Anatomy,Anatomy,التشريح الجهازي.,التشريح التاجي.,التشريح التقني .,التشريح الوظيفي.,,,C,ABCD,تحت أي قسم من أقسام التشريح يندرج التنبيب الرغامي:,التشريح التقني .,تحت أي قسم من أقسام التشريح يندرج التنبيب الرغامي؟
577,578,Y1,Anatomy,Anatomy,المفصل بين عظمي الفخذ والظنبوب والمفصل بين عظمي الفخذ والرضفة.,المفصل بين عظمي الفخذ والظنبوب والمفصل بين عظمي الفخذ والرضفة والمفصل بين عظمي الظنبوب والشظية.,المفصل بين عظمي الفخذ والشظية والمفصل بين عظمي الفخذ والرضفة.,المفصل بين عظمي الفخذ والشظية والمفصل بين عظمي الشظية والظنبوب.,,,A,ABCD,يتشكل مفصل الركبة من:,المفصل بين عظمي الفخذ والظنبوب والمفصل بين عظمي الفخذ والرضفة.,ما هي العظام التي يتشكل منها مفصل الركبة؟
578,579,Y1,Anatomy,Anatomy,الكب,العودة,المقابلة,الشتر,,,A,ABCD,حركة خاصة بالساعد,الكب,ما هي الحركة الخاصة بالساعد؟
581,582,Y1,Anatomy,Anatomy,تلم الرباط المدور,تلم الرباط الوريدي,تلم الأجوف السفلي,ثلم المرارة,,,B,ABCD,القسم الأمامي للثلم الأمامي الخلفي الأيسر للكبد يحوي,تلم الرباط الوريدي,ما الذي يحويه القسم الأمامي للثلم الأمامي الخلفي الأيسر للكبد؟
585,586,Y1,Anatomy,Anatomy,لجيم البظر,قلفة البظر,العريكشة,جبل العانة,,,A,ABCD,تتحد الصفيحتان السفليتان للشفرين الصغيرين لتشكل :,لجيم البظر,ماذا تشكل الصفيحتان السفليتان للشفرين الصغيرين عند اتحادهما؟
590,591,Y1,Anatomy,Anatomy,السحائي اللاحق,السحائي الأوسط,السباتي الباطن,الشريان الزاوي,,,B,ABCD,وجد على العظم الجداري انطباعات الشريان,السحائي الأوسط,ما هي الانطباعات التي توجد على العظم الجداري؟
591,592,Y1,Anatomy,Anatomy,الأول,الخامس,الثالث,السابع,,,B,ABCD,العصب الحركي للعضلات الماضغة :,الخامس,ما هو العصب الحركي للعضلات الماضغة؟
592,593,Y1,Anatomy,Anatomy,الجناح البير والفكي العلوي,الجناح الصغير والفكي العلوي,الجناحان الكبير والصغير,الجناح الكبير والعظم الصدغي,,,A,ABCD,-يقع الشق الحجاجي السفلي بين :,الجناح البير والفكي العلوي,أين يقع الشق الحجاجي السفلي؟
596,597,Y1,Anatomy,Anatomy,الفم,الحنجرة,المريء,الأنف,,,B,ABCD,العضو المتخصص بتشكيل الصوت والتدخل بالدور في الكلام :,الحنجرة,ما هو العضو المتخصص بتشكيل الصوت والتدخل بالدور في الكلام؟
600,601,Y1,Anatomy,Anatomy,عطف,بسط,دوران انسي,دوران وحشي,,,A,ABCD,حركة الركبة للخلف بمستوى سهمي:,عطف,ما هي حركة الركبة للخلف بمستوى سهمي؟
602,603,Y1,Anatomy,Anatomy,السابع,الخامس,الثالث,الأول,,,A,ABCD,العصب القحفي المتواسط بإفراز الغدد الدمعية واللعابية هو العصب رقم :,السابع,ما هو العصب القحفي المتواسط بإفراز الغدد الدمعية واللعابية؟
608,609,Y1,Anatomy,Anatomy,الثلمة الغربالية في العظم الوتدي.,الثلمة الغربالية في العظم الغربالي.,الثلمة الغربالية في العظم الدمعي.,الثلمة الغربالية في العظم الجبهي.,,,C,ABCD,تتوضع الصفيحة الأفقية للعظم الغربالي ضمن:,الثلمة الغربالية في العظم الدمعي.,أين تتوضع الصفيحة الأفقية للعظم الغربالي؟
611,612,Y1,Anatomy,Anatomy,بني غامق,أبيض,مائل للصفرة,رمادي,,,A,ABCD,لون لب الكظر :,بني غامق,ما هو لون لب الكظر؟
615,616,Y1,Anatomy,Anatomy,الخارجى,الداخلى,الانسي,العصبي,,,B,ABCD,وجه العظم الجبهي الذي ينتمي للقحف العصبي:,الداخلى,ما هو وجه العظم الجبهي الذي ينتمي للقحف العصبي؟
617,618,Y1,Anatomy,Anatomy,بني غامق,أبيض,مائل للصفرة,رمادي,,,A,ABCD,لون لب الكظر:,بني غامق,ما هو لون لب الكظر؟
626,627,Y1,Anatomy,Anatomy,بوك,كولس,القضيبية الوسطى,الشاملة,,,A,ABCD,يحيط بجسم القضيب لفافة:,بوك,ما هي اللفافة التي تحيط بجسم القضيب؟
631,632,Y1,Anatomy,Anatomy,العضلة الشظوية الطويلة,العضلة الشظوية القصيرة,العضلة الشظويةالثالثة,العضلة الظنبوبية الأمامية,,,C,ABCD,العضلة التي تعد من العضلات الوحشية للساق وقد تعد من العضلات الأمامية للساق :,العضلة الشظويةالثالثة,ما هي العضلة التي تعد من العضلات الوحشية للساق وقد تعد من العضلات الأمامية للساق؟
634,635,Y2,Histology,Anatomy,الخلايا الكبدية المحيطية,الخلايا الكبدية المركزية,كلا˝ من a و .b,لا تتأثر خلايا كبدية.,,,B,ABCD,في حالة الإصابة بنقص الأكسجة فإن اول ما يتأثر من الخلايا الكبدية :,الخلايا الكبدية المركزية,ما هو أول ما يتأثر من الخلايا الكبدية في حالة الإصابة بنقص الأكسجة؟
635,636,Y1,Anatomy,Anatomy,عضلات جدار البطن الأمامي,عضلات العمود الفقري,عضلات الصدر السطحية,عضلات الصدر العميقة,,,B,ABCD,عضلات طويلة تربط الفقرات مع بعضها :,عضلات العمود الفقري,ما هي العضلات الطويلة التي تربط الفقرات مع بعضها؟
639,640,Y1,Anatomy,Anatomy,الحشفة,لفافة بوك,القلفة,البصلة,,,C,ABCD,الطية الجلدية التي تغطي رأس القضيب تُدعى:,القلفة,ما هي الطية الجلدية التي تغطي رأس القضيب؟
643,644,Y1,Anatomy,Anatomy,الأبهر الصاعد,الأبهر الصدري,الأبهر البطني,الأبهر النازل,,,A,ABCD,يتفرع الشريان الأكليلي الايمن والأيسر من :,الأبهر الصاعد,من أين يتفرع الشريان الأكليلي الأيمن والأيسر؟
644,645,Y1,Anatomy,Anatomy,قبل منشأ الشريان السباتي المشترك,قبل منشأ الشريان تحت الترقوة الأيسر,بعد منشأ الشريان تحت الترقوة الأيسر,كل ما سبق خطأ,,,C,ABCD,متى ينشأ برزخ الأبهر؟ :,بعد منشأ الشريان تحت الترقوة الأيسر,متى ينشأ برزخ الأبهر؟
646,647,Y1,Anatomy,Anatomy,الجذع البطني,المساريقي العلوي,المساريقي السفلي,الشريان الكظري,,,C,ABCD,أصغر الفروع الأمامية للابهر البطني:,المساريقي السفلي,ما هو أصغر الفروع الأمامية للأبهر البطني؟
654,655,Y1,Anatomy,Anatomy,إسقاطية,ترابطية,صوارية,التقائية,,,B,ABCD,الألياف التي تربط التلافيف والفصوص في نصف كرة مخية واحد:,ترابطية,ما هي الألياف التي تربط التلافيف والفصوص في نصف كرة مخية واحد؟
655,656,Y1,Anatomy,Anatomy,العضدية الكعبرية قابضة الرسغ الكعبرية,العضدية الزندية باسطة الرسغ الزندية,المرفقية الاستلقائية,الكأبة المربعة الكأبة المدورة,,,A,ABCD,ميزابة النبض بين أوتار العضلات :,العضدية الكعبرية قابضة الرسغ الكعبرية,ما هي ميزابة النبض بين أوتار العضلات؟
656,657,Y1,Anatomy,Anatomy,القاعدي,الراسي,العضدي,تحت الترقوة,,,A,ABCD,. الوريد السطحي الذي يشكل الابطي هو:,القاعدي,ما هو الوريد السطحي الذي يشكل الابطي؟
659,660,Y1,Anatomy,Anatomy,الفلوكاغون,الانسولين,السوماتوستاتين,لا شيء مما سبق,,,A,ABCD,تفرز الخلايا ألفا في البنكرياس:,الفلوكاغون,ماذا تفرز الخلايا ألفا في البنكرياس؟
663,664,Y1,Anatomy,Anatomy,المحار,الحتار,فصيص الأذن,نظير الحتار,,,A,ABCD,أعمق الانخفاضات في الصيوان يُدعى:,المحار,ما هو اسم أعمق الانخفاضات في الصيوان؟
664,665,Y1,Anatomy,Anatomy,يرفع كالسيوم الدم,يخفض كالسيوم الدم,يرفع كالسيوم البول,لا شيء مما سبق,,,A,ABCD,وظيفة : PTH,يرفع كالسيوم الدم,ما هي وظيفة هرمون الغدة جار الدرقية PTH؟
668,669,Y1,Anatomy,Anatomy,قمة الأنف,ظهر الأنف,جوف الأنف,جذر الأنف,,,C,ABCD,يمتد من المنخر حتى المنعر:,جوف الأنف,ما الذي يمتد من المنخر حتى المنعر؟
670,671,Y1,Anatomy,Anatomy,الثقبة المستعرضة,الثقبة بين الفقرية,الثقبة الفقرية,الثقبة المغذية,,,C,ABCD,يقع بين جسم الفقرة والقوس الفقرية :,الثقبة الفقرية,ما الذي يقع بين جسم الفقرة والقوس الفقرية؟
675,676,Y1,Anatomy,Anatomy,الوجه العلوي للسان,الوجه السفلي للسان,اللثتين,الشدفين,,,B,ABCD,تتوضع الطية المخملة على:,الوجه السفلي للسان,أين تتوضع الطية المخملة؟
679,680,Y1,Anatomy,Anatomy,الغدد جارات الدرق.,الغدة النخامية.,الغدة الكظرية.,الغدة الدرقية.,,,A,ABCD,يفرز هرمون ال PTH :,الغدد جارات الدرق.,ما هو الهرمون الذي يفرز PTH؟
682,683,Y2,Histology,Anatomy,الغلوكاغون,الأنسولين,الباراثورمون,الثيروكسين,الثالث والرابع.,,B,ABCDE,الخلايا الشحمية قادرة على تصنيع Fatty acids من الغلوكوز وهي عملية تتسرع بتأثير:,الأنسولين,ما هو الهرمون الذي يسرع عملية تصنيع الأحماض الدهنية من الغلوكوز في الخلايا الشحمية؟
687,688,Y1,Anatomy,Anatomy,عضلات الوجه التعبيرية.,العضلة الصدغية.,عضلات العنق.,العضلة الجناحية الأنسية.,,,C,ABCD,العضلات التي تعمل على توازن الرأس على الجذع هي:,عضلات العنق.,ما هي العضلات التي تعمل على توازن الرأس على الجذع؟
692,693,Y1,Anatomy,Anatomy,الثقبة الأبرية الخشائية,الثقبة المدورة,الثقة الشوكية,الثقبة البيضية,,,A,ABCD,يعبر العصب الوجهي عبر :,الثقبة الأبرية الخشائية,أين يعبر العصب الوجهي؟
695,696,Y1,Anatomy,Anatomy,الخط بين المدورين,العرف بين المدورين,الثلمة بين المدورة,لا شيء مما سبق,,,B,ABCD,يتصل المدورين بالخلف في الفخذ بــ:,العرف بين المدورين,ما الذي يتصل به المدورين بالخلف في الفخذ؟
697,698,Y1,Anatomy,Anatomy,الخلفي,الجانبي,السفلي,العلوى,,,A,ABCD,يدخل الحالبان المثانة من سطحها,الخلفي,أين يدخل الحالبان المثانة؟
699,700,Y1,Anatomy,Anatomy,5 و 6,4,7,8,,,D,ABCD,الباحة المسؤولة عن حركات العين هي:,8,ما هي الباحة المسؤولة عن حركات العين؟
708,709,Y1,Anatomy,Anatomy,الزندي,الكعبري,العضدي,الابطي,,,A,ABCD,ينشأ الجذع المشترك للشريان بين العظمين من الشريان,الزندي,ما هو الشريان الذي ينشأ منه الجذع المشترك للشريان بين العظمين؟
709,710,Y1,Anatomy,Anatomy,الوجه العلوي,الوجه السفلي,الوجه العلوي والسفلي,كل ماسبق خطأ,,,B,ABCD,. وجه من عظم الترقوة عليه ميزابة طولانية:,الوجه السفلي,ما هو وجه عظم الترقوة الذي عليه ميزابة طولانية؟
712,713,Y1,Anatomy,Anatomy,خلايا بيتا في المعثكلة,خلايا الفا في المعثكلة,لب الكظر,الغدة الدرقية,,,B,ABCD,. يفرز الغلوكاغون من؟,خلايا الفا في المعثكلة,من أين يفرز الغلوكاغون؟
714,715,Y1,Anatomy,Anatomy,التامور الليفي,التامور المصلي الجداري,التامور المصلي الحشوي,لا شيء مما سبق,,,B,ABCD,ما هي الطبقة المبطنة للتامور الليفي:,التامور المصلي الجداري,ما هي الطبقة المبطنة للتامور الليفي؟
717,718,Y1,Anatomy,Anatomy,مجل الأسهر,الحويصل المنوى,القناة الدافقة,لاشئ مما سبق,,,A,ABCD,التوسع في نهاية الأسهر يعني,مجل الأسهر,ما هو معنى التوسع في نهاية الأسهر؟
719,720,Y1,Anatomy,Anatomy,10,12,14,8,,,B,ABCD,عدد فقرات الجزء الصدري من العمود الفقري:,12,كم عدد فقرات الجزء الصدري من العمود الفقري؟
721,722,Y1,Anatomy,Anatomy,الخصية,المبيض,الدرق,الكظر,,,B,ABCD,ينتج هرمون الأستروجين من :,المبيض,من أين ينتج هرمون الأستروجين؟
738,739,Y1,Anatomy,Anatomy,فكي وصدغي عميق,فكي وصدغي سطحي,حنكي وصدغي سطحي,فكي وصدغي أوسط,,,C,ABCD,الفروع الانتهائية للسباني الخارجي هي:,حنكي وصدغي سطحي,ما هي الفروع الانتهائية للسباني الخارجي؟
742,743,Y2,Anatomy,Anatomy,الشعب الاوليه البطنيه,الشعب الاوليه الظهريه,الفروع الخلفيه للاعصاب الناقبه الوحشيه,الجذور الظهريه,الجذور البطنيه,,B,ABCDE,تستلم عضلات الظهلر العميقه تعصيبها الحركى من:,الشعب الاوليه الظهريه,ما هو مصدر التعصيب الحركي لعضلات الظهر العميقة؟
747,748,Y1,Anatomy,Anatomy,الجيب الكهفي,الجيب القاعدي,الجيب السيني,الجيب المستعرض,,,C,ABCD,. الجيب الوريدي الذي يصب في الوريد الوداجي الباطن,الجيب السيني,ما هو الجيب الوريدي الذي يصب في الوريد الوداجي الباطن؟
751,752,Y1,Anatomy,Anatomy,الاضلاع الثانية حتى السابعة,الاضلاع السبعة الاولى,الاضلاع الثالثة حتى السابعة,الاضلاع الستة الاولى,,,A,ABCD,. يتوضع العظم الكتفي على الجدار الخلفي العلوي للصدر بمحاذاة الاضلاع,الاضلاع الثانية حتى السابعة,أين يتوضع العظم الكتفي؟
752,753,Y1,Anatomy,Anatomy,اللب,الحزمية,الشبكية,الكبيبية,,,A,ABCD,المنطقة الأعمق في الغدة الكظرية :,اللب,ما هي المنطقة الأعمق في الغدة الكظرية؟
755,756,Y1,Anatomy,Anatomy,النواة السوداء.,المنقار.,المحفظة الداخلية.,النواة البينية.,,,C,ABCD,يقع بين النواة العدسية من جهة والنواة والمهاد من الجهة الأخرى:,المحفظة الداخلية.,ما الذي يقع بين النواة العدسية من جهة والنواة والمهاد من الجهة الأخرى؟
759,760,Y1,Anatomy,Anatomy,الجيب الوتدي,الجيب الفكي,الجيب الغربالي,الجيب الجبهي,,,A,ABCD,-ينفتح على القرين الانفي العلوي :,الجيب الوتدي,ما الذي ينفتح على القرين الأنفي العلوي؟
760,761,Y1,Anatomy,Anatomy,ذات الرأسين العضدية,الدالية,الغرابية العضدية,المدورة الصغيرة,,,B,ABCD,- يمكن إجراء الحقن العضلي في القسم العلوي من :,الدالية,أين يمكن إجراء الحقن العضلي في القسم العلوي؟
762,763,Y1,Anatomy,Anatomy,الانسي,الوحشي,الخلفي,لا شيء مما يلي,,,B,ABCD,تتوضع الاحدوبة الدالية في العضد على السطح:,الوحشي,أين تتوضع الاحدوبة الدالية في العضد؟
767,768,Y1,Anatomy,Anatomy,الفكي,الجبهي,الغربالي,الوتدي,,,A,ABCD,أكبر الجيوب جانب الأنف:,الفكي,ما هو أكبر الجيوب جانب الأنف؟
774,775,Y1,Anatomy,Anatomy,11,7,12,9,,,C,ABCD,المحرك لعضلات اللسان :,12,ما هو العصب المحرك لعضلات اللسان؟
776,777,Y1,Anatomy,Anatomy,حفرة ذات البطنين,حفرة الغدة تحت اللسان,حفرة الغدة تحت الفك السفلي,لا شيء مما سبق,,,C,ABCD,يتوضع تحت الخط الضرسي اللامي :,حفرة الغدة تحت الفك السفلي,ما الذي يتوضع تحت الخط الضرسي اللامي؟
790,791,Y1,Anatomy,Anatomy,التامور الليفي,التامور المصلي الجداري,التامور المصلي الحشوي,لا شيء مما سبق,,,C,ABCD,الطبقة المحيطة بالقلب والمرتبط به:,التامور المصلي الحشوي,ما هي الطبقة المحيطة بالقلب والمرتبطة به؟
792,793,Y1,Anatomy,Anatomy,الشريان الوجهي,الشريان اللساني,الشريان الفكي,الشريان العيني,,,A,ABCD,ينشأ الشريان الزاوي من :,الشريان الوجهي,ما هو الشريان الذي ينشأ منه الشريان الزاوي؟
795,796,Y1,Anatomy,Anatomy,الوريد الظنبوبي الامامي والوريد الظنبوبي الخلفي,الوريد الظنبوبي الامامي والوريد الشوي,الوريد الحرقفي الداخلي والخارجي,الوريد الصافن الكبير والصغير,,,A,ABCD,. يتشكل الوريد المأبضي من اتحاد,الوريد الظنبوبي الامامي والوريد الظنبوبي الخلفي,ما هو تشكل الوريد المأبضي؟
798,799,Y1,Anatomy,Anatomy,الكبيبية,الحزمية,الشبكية,اللب,,,C,ABCD,المنطقة الأعمق في قشرالكظر :,الشبكية,ما هي المنطقة الأعمق في قشر الكظر؟
801,802,Y1,Anatomy,Anatomy,فص الجزيرة,الفص الجبهي,الفص الجداري,الفص القذالي,,,A,ABCD,. يقع في عمق التلم الوحشي,فص الجزيرة,أين يقع التلم الوحشي؟
802,803,Y1,Anatomy,Anatomy,الوريد الفرد,الوريد نصف الفرد,الأجوف السفلي,الأجوف العلوي,,,C,ABCD,يصب الوريد الكلوي في,الأجوف السفلي,أين يصب الوريد الكلوي؟
807,808,Y2,Anatomy,Anatomy,وحشي اخدود ذات الرأسين.,أنسي أخدود ذات الرأسين.,قاع أخدود ذات الرأسين.,الناتئ الغرابي.,حديبة العضد الكبرى.,,e,ABCDE,ترتكز العضلة المدورة الصغيرة على :,حديبة العضد الكبرى.,أين ترتكز العضلة المدورة الصغيرة؟
810,811,Y1,Anatomy,Anatomy,الأنفي,الفموي,الحنجري,لا شيء مما سبق,,,C,ABCD,الردب الكمثري يتبع البلعوم:,الحنجري,ما هو الجزء من البلعوم الذي يتبعه الردب الكمثري؟
814,815,Y1,Anatomy,Anatomy,12 عصبًا,12 شفعًا,31 عصبًا,31 شفعًا,,,B,ABCD,عدد الأعصاب القحفية:,12 شفعًا,كم عدد الأعصاب القحفية؟
815,816,Y1,Anatomy,Anatomy,الجسر,البصلة,الدماغ المتوسط,المخيخ,,,B,ABCD,يتوضع نواة العصب العاشر في:,البصلة,أين تتوضع نواة العصب العاشر؟
816,817,Y1,Anatomy,Anatomy,غدة التيموس,قوس الأبهر,المري,الجذع العضدي الرأسي,,,C,ABCD,العنصر الذي يجاور الرغامي من الخلف هو :,المري,ما هو العنصر الذي يجاور الرغامي من الخلف؟
817,818,Y1,Anatomy,Anatomy,1,2,3,4,,,B,ABCD,العصب القحفي الذي يجتاز النفق الصدري:,2,ما هو العصب القحفي الذي يجتاز النفق الصدري؟
818,819,Y1,Anatomy,Anatomy,القعب,العقب,الزورقي,النردي,,,B,ABCD,العظم الأضخم في هيكل القدم:,العقب,ما هو العظم الأضخم في هيكل القدم؟
821,822,Y1,Anatomy,Anatomy,الانف,البلعوم الفموي,البلعوم الانفي,البلعوم الحنجري,,,C,ABCD,. يوجد النفير البلعومي السمعي في:,البلعوم الانفي,أين يوجد النفير البلعومي السمعي؟
825,826,Y2,Anatomy,Anatomy,البواب.,الإثني عشر.,الفص المذنب الكبد.,الثرب الصغير.,مساريقا القولون المعترض.,,B,ABCDE,يحد فتحة وينسلو من الأسفل:,الإثني عشر.,ما الذي يحد فتحة وينسلو من الأسفل؟
829,830,Y1,Anatomy,Anatomy,الحفرة فوق الشوك,الحفرة تحت الشوك,الحفرة تحت الكتفية,الحفرة فوق الكتفية,,,C,ABCD,يُسمى الوجه الأمامي للوح الكتف:,الحفرة تحت الكتفية,ما يُسمى الوجه الأمامي للوح الكتف؟
831,832,Y1,Anatomy,Anatomy,الكلوي,المعدي الأيسر,المساريقي العلوي,المساريقي السفلي,,,C,ABCD,يتم تروية القولون الصاعد من الشريان :,المساريقي العلوي,ما هو الشريان الذي يروي القولون الصاعد؟
833,834,Y1,Anatomy,Anatomy,الحشفة,لفافة بوك,القلفة,البصلة,,,C,ABCD,الطية الجلدية التي تغطي رأس القضيب تدعى,القلفة,ما هي الطية الجلدية التي تغطي رأس القضيب؟
834,835,Y1,Anatomy,Anatomy,الجيب الكلوي,اللب الكلوي,الحويضة,الهرم الكلوي,,,C,ABCD,يدعى القسم العلوي المتسع من الحالب :,الحويضة,ما يُدعى القسم العلوي المتسع من الحالب؟
838,839,Y1,Anatomy,Anatomy,الدهليز,البطين,مشق المزمار,الجوف تحت المزماري,,,C,ABCD,المنطقة الفاصلة بين الطيتين الصوتيين:,مشق المزمار,ما هي المنطقة الفاصلة بين الطيتين الصوتيين؟
839,840,Y2,Histology and Anatomy,Anatomy,الطبقة الكبيبة,الطبقة الحزمية,محفظة الكظر,الطبقة الشبكية,لب الكظر,,A,ABCDE,هذه الطبقة من الكظر تتألف من حبال مقوسة من خلايا عمودية متقاربة إنها :,الطبقة الكبيبة,ما هي الطبقة من الكظر التي تتألف من حبال مقوسة من خلايا عمودية متقاربة؟
840,841,Y1,Anatomy,Anatomy,المولدة للنطاف,لايديغ,سيرتولي,لا شيء مما سبق,,,B,ABCD,الخلايا التي تتوضع في اللحمة بين النبيبات,لايديغ,ما هي الخلايا التي تتوضع في اللحمة بين النبيبات؟
859,860,Y1,Anatomy,Anatomy,الأحدوبة الرشيقة,الأحدوبة الأولوية,الأحدوبة المربعة,حديبة رباعية الرؤوس الفخذية,,,B,ABCD,السطح الخلفي للفخذ تحت المدور الكبير:,الأحدوبة الأولوية,ما هو السطح الخلفي للفخذ تحت المدور الكبير؟
860,861,Y1,Anatomy,Anatomy,ثلم الرباط الوريدي,ثلم الرباط المدور,ثلم الأجوف السفلي,ثلم المرارة,,,B,ABCD,القسم الأمامي للثلم الأمامي الخلفي الأيسر للكبد يحوي:,ثلم الرباط المدور,ما الذي يحويه القسم الأمامي للثلم الأمامي الخلفي الأيسر للكبد؟
863,864,Y1,Anatomy,Anatomy,المخي الأمامي.,المخى الأوسط.,المخي الخلفي.,العيني.,,,B,ABCD,الشريان الذي يروي معظم الوجه الوحشي للمخ :,المخى الأوسط.,ما هو الشريان الذي يروي معظم الوجه الوحشي للمخ؟
869,870,Y1,Anatomy,Anatomy,الدهليز,البطين,مشق المزمار,الجوف تحت المزماري,,,C,ABCD,المنطقة الفاصلة بين الطيتين الصوتيين:,مشق المزمار,ما هي المنطقة الفاصلة بين الطيتين الصوتيين؟
871,872,Y1,Anatomy,Anatomy,البصري,العيني,الفكي السفلي,الفكي العلوي,,,C,ABCD,العصب القحفي الذي يعبر الثقبة البيضية:,الفكي السفلي,ما هو العصب القحفي الذي يعبر الثقبة البيضية؟
872,873,Y2,Histology and Anatomy,Anatomy,LH,FSH,TSH,GuRH,الأول والثاني,,A,ABCDE,تحدث عملية الاباضة بسبب الدفق الشديد لهرمون :,LH,ما هو الهرمون الذي يسبب دفقه الشديد حدوث عملية الإباضة؟
875,876,Y1,Anatomy,Anatomy,T3,T4,TSH,a + b,,,C,ABCD,يستهدف الدرق ويحفز إفراز الهرمون الدرقي:,TSH,ما هو الهرمون الذي يستهدف الدرق ويحفز إفراز الهرمون الدرقي؟
881,882,Y1,Anatomy,Anatomy,الكبد,الطحال,الدرقية,التيموس,,,B,ABCD,أكبر عقدة مفردة من النسيج اللمفاوي:,الطحال,ما هي أكبر عقدة مفردة من النسيج اللمفاوي؟
883,884,Y1,Anatomy,Anatomy,العضدية,قابضة الرسغ الزندية,قابضة الرسغ الكعبرية,الراحية الطويلة,,,A,ABCD,- العضلة الرئيسية المسؤولة عن قبض المرفق :,العضدية,ما هي العضلة الرئيسية المسؤولة عن قبض المرفق؟
886,887,Y1,Anatomy,Anatomy,الخيطية,الفطرية,الورقية,المحوطة,,,C,ABCD,توجد على حافتي اللسان وتحوي براعم ذوقية كثيرة:,الورقية,ما هي التراكيب التي توجد على حافتي اللسان وتحوي براعم ذوقية كثيرة؟
887,888,Y1,Anatomy,Anatomy,القشر الكلوي,الكبيبة الكلوية,الحليمة الكلوية,اللب الكلوي,,,B,ABCD,شعيرات دموية تغلفها محفظة بومان,الكبيبة الكلوية,ما هي الشعيرات الدموية التي تغلفها محفظة بومان؟
890,891,Y1,Anatomy,Anatomy,الأمامية,الخلفية,العلوية,الوحشية,,,B,ABCD,الحافة من الفرع التي تشكل زاوية الفك السفلي :,الخلفية,ما هي الحافة من الفرع التي تشكل زاوية الفك السفلي؟
903,904,Y1,Anatomy,Anatomy,ساق القضيب,الجسم الاسفنجي,بصلة القضيب,الحشفة,,,C,ABCD,تغلف العضلة البصلية الإسفنجية :,بصلة القضيب,ما الذي تغلفه العضلة البصلية الإسفنجية؟
908,909,Y1,Anatomy,Anatomy,الثقبة بين الفقرية,الثقبة الفقرية,الثقبة الكبرى,التثقبة الشوكية,,,A,ABCD,يخرج العصب الشوكي من :,الثقبة بين الفقرية,من أين يخرج العصب الشوكي؟
910,911,Y1,Anatomy,Anatomy,ودية,نظيرة ودية,شوكية,لا شيء مما سبق,,,B,ABCD,العضلة مصرة الحدقة معصبة بألياف :,نظيرة ودية,ما هي الألياف التي تعصب العضلة مصرة الحدقة؟
914,915,Y1,Anatomy,Anatomy,الجانبي,الرابع,الثالث,لا شيء مما سبق,,,C,ABCD,يحوي الدماغ البيني داخله جوف البطين:,الثالث,ما هو البطين الذي يحويه الدماغ البيني داخله؟
918,919,Y1,Anatomy,Anatomy,العظم الجداري,العظم الجبهي,العظم القذالي,العظم الوتدي,,,A,ABCD,يشغل الجزء العلوي من قبة القحف,العظم الجداري,ما الذي يشغل الجزء العلوي من قبة القحف؟
919,920,Y1,Anatomy,Anatomy,البلعومي اللساني,العصب الوجهي,تحت اللساني,اللساني,,,C,ABCD,تعصب Partoid Gland بواسطة العصب:,تحت اللساني,ما هو العصب الذي يعصب الغدة النكفية؟
920,921,Y1,Anatomy,Anatomy,النفق تحت اللساني,النفق السباتى,النفق الوداجي,الثقبة البيضية,,,A,ABCD,العصب تحت اللساني يخرج من :,النفق تحت اللساني,من أين يخرج العصب تحت اللساني؟
921,922,Y2,Histology,Anatomy,خلايا مايسنر,بالعات كبيرة,خلايا كوبفر.,ليس أيا˝ مما سبق.,,,C,ABCD,الخلايا البالعة الكبدية هي :,خلايا كوبفر.,ما هي الخلايا البالعة الكبدية؟
931,932,Y1,Anatomy,Anatomy,الوريد الفخذي,الوريد المأبضي,الوريد الحرقفي الداخلي,الوريد الحرقفي الخارجي,,,A,ABCD,يصب الوريد الصافن الكبير (الأنسي) في :,الوريد الفخذي,أين يصب الوريد الصافن الكبير (الأنسي)؟
947,948,Y1,Anatomy,Anatomy,الإبطي,الما بضي,العضدي,القاعدي,,,A,ABCD,يستمر الريان تحت الترقوة بالشريان,الإبطي,ما هو الشريان الذي يستمر به الريان تحت الترقوة؟
949,950,Y1,Anatomy,Anatomy,الجيب البولي التناسلي,الحجاب البولي التناسلي,قبو المهبل,عنق الرحم المهبلي,,,C,ABCD,الردب بين عنق الرحم والمهبل تُدعى:,قبو المهبل,ما تُدعى الردب بين عنق الرحم والمهبل؟
953,954,Y1,Anatomy,Anatomy,الأولى .,الثانية .,الرابعة.,الثالثة.,,,C,ABCD,يتم التمفصل بين قبضة وجسم القص في مستوى الفقرة الصدرية :,الرابعة.,في أي مستوى من الفقرات الصدرية يتم التمفصل بين قبضة وجسم القص؟
957,958,Y1,Anatomy,Anatomy,الإربي,المدور,العريض,الوريدي,,,C,ABCD,يربط الرحم بجدران الحوض الجانبية الرباط:,العريض,ما هو الرباط الذي يربط الرحم بجدران الحوض الجانبية؟
958,959,Y1,Anatomy,Anatomy,مربعة الرؤوس الفخذية,المشطية,الخياطية,ثنائية الرؤوس الفخذية,,,C,ABCD,تنشأ من الشوكة الحرقفية الأمامية العلوية وترتكز انسي الظنبوب :,الخياطية,ما هي العضلة التي تنشأ من الشوكة الحرقفية الأمامية العلوية وترتكز انسي الظنبوب؟
963,964,Y2,Histology,Anatomy,الطبقة الوظيفية.,الطبقة التي تملك صفيحة مخصوصة أغنى بالخاليا.,الطبقة التي تحوي على الأجزاء العميقة من غدد باطن الرحم.,كل ما سبق خطأ.,,,A,ABCD,الطبقة البطانية الرحمية التي تتعرض إلى تغيرات ملحوظة أثناء الدورة الشهرية:,الطبقة الوظيفية.,ما هي الطبقة البطانية الرحمية التي تتعرض إلى تغيرات ملحوظة أثناء الدورة الشهرية؟
981,982,Y2,Anatomy,Anatomy,الجيب الأبهري.,الجيب السباتي.,جدار الأذينة اليمني.,عند تفرع الأبهر.,كل ما سبق خاطئ.,,B,ABCDE,المنعكس القلبي التثبيطي من مستقبلات الضغط الموجودة في:,الجيب السباتي.,ما هو موقع مستقبلات الضغط المسؤولة عن المنعكس القلبي التثبيطي؟
984,985,Y1,Anatomy,Anatomy,الكبد,الجلد,المعي الدقيق,الكولون,,,B,ABCD,أكبر أعضاء الجسم وزناً ومساحة :,الجلد,ما هو أكبر أعضاء الجسم وزناً ومساحة؟
987,988,Y2,Anatomy,Anatomy,الشريان الرئوي,الوريد الرئوي العلوي,القصبة اليسرى,الوريد الرئوي السفلي,الوريد الفرد,,A,ABCDE,البنية الأكثر علوا في جذر الرئة اليسرى:,الشريان الرئوي,ما هي البنية الأكثر علواً في جذر الرئة اليسرى؟
993,994,Y1,Anatomy,Anatomy,الثقبة البيضية,الثقبة المدورة,الثقبة الشوكية,الثقبة الأبرية الخشائية,,,C,ABCD,يعبر الشريان السحاني الأوسط عبر :,الثقبة الشوكية,ما هو المكان الذي يعبر من خلاله الشريان السحاني الأوسط؟
994,995,Y1,Anatomy,Anatomy,الأذن الخارجية,الأذن الداخلية,الأذن الوسطى,نفير اوستاش,,,C,ABCD,جوف هوائي يحوي عظيمات السمع:,الأذن الوسطى,ما هو الجوف الهوائي الذي يحوي عظيمات السمع؟
1007,1008,Y2,Histology,Anatomy,الإحساس بالضغط.,لإحساس بالحرارة.,الإحساس بالألم.,ليس لها دور بالإحساس.,,,C,ABCD,وظيفة النهايات العصبية الحرة الواردة ضمن ألياف العضلة القلبية :,الإحساس بالألم.,ما هي وظيفة النهايات العصبية الحرة الواردة ضمن ألياف العضلة القلبية؟
1014,1015,Y2,Histology and Anatomy,Anatomy,الخلايا الكبدية,خلايا إيتو,خلايا كوبفر,الخلايا البطانية,,,B,ABCDE,ماهي الخلايا التي تخزن فيتامين A في الكبد :,خلايا إيتو,ما هي الخلايا التي تخزن فيتامين A في الكبد؟
1020,1021,Y1,Anatomy,Anatomy,البطين الأيسر,الأذينة اليسرى,البطين الأيمن,الأذينة اليمنى,,,C,ABCD,يحمل الشريان الرئوي الدم غير المؤكسج من :,البطين الأيمن,من أين يحمل الشريان الرئوي الدم غير المؤكسج؟
1021,1022,Y1,Anatomy,Anatomy,البصري - حاسي,العيني - حاسي,البصري - حسي,العيني - حسي,,,A,ABCD,العصب القحفي الثاني :,البصري - حاسي,ما هو العصب القحفي الثاني؟
1022,1023,Y1,Anatomy,Anatomy,الحرقفة,الاسك,العانة,لا شيء مما سبق,,,B,ABCD,تنتمي الثلمة الاسكية الصغيرة للعظم:,الاسك,ما هو العظم الذي تنتمي إليه الثلمة الاسكية الصغيرة؟
1027,1028,Y1,Anatomy,Anatomy,الحلقي,الطرجهالي,الدرقي,القريني,,,A,ABCD,الغضروف المرتبط مع الحلقة الرغامية الأولى:,الحلقي,ما هو الغضروف المرتبط مع الحلقة الرغامية الأولى؟
1034,1035,Y1,Anatomy,Anatomy,سرجي saddle,كروى ball and socket,لقمي condyloid,صائري pivot,,,A,ABCD,المفصل يتألف من سطحين كل منهما محدب في اتجاه ومقعر في اتجاه آخر,سرجي saddle,ما هو المفصل الذي يتألف من سطحين كل منهما محدب في اتجاه ومقعر في اتجاه آخر؟
1038,1039,Y1,Anatomy,Anatomy,مثلث القوائم,الزندي,المبهم,الوركي,,,D,ABCD,أكبر أعصاب الجسم هو :,الوركي,ما هو أكبر أعصاب الجسم؟
1040,1041,Y1,Anatomy,Anatomy,3,4,5,6,,,A,ABCD,عدد العضلات بين العظمية الأخمصية:,3,كم عدد العضلات بين العظمية الأخمصية؟
1051,1052,Y1,Anatomy,Anatomy,C4,T4,L4,L2,,,C,ABCD,ينتهي الأبهر النازل بمستوى:,L4,أين ينتهي الأبهر النازل؟
1061,1062,Y1,Anatomy,Anatomy,النوى القاعدية,القشرة المخية,جذع الدماغ,المادة البيضاء,,,A,ABCD,المراكز المسؤولة عن تنسيق الفعالية الحركية وضمان الثباتية :,النوى القاعدية,ما هي المراكز المسؤولة عن تنسيق الفعالية الحركية وضمان الثباتية؟
1065,1066,Y1,Anatomy,Anatomy,الخارجي,الداخلي,الانسي,الوحشي,,,B,ABCD,وجه العظم الجبهي الذي ينتمي للقحف العصبي هو الوجه ال:,الداخلي,ما هو وجه العظم الجبهي الذي ينتمي للقحف العصبي؟
1069,1070,Y1,Anatomy,Anatomy,الصماخ العلوي,الصماخ السفلي,الصماخ المتوسط,كل ما سبق صحيح,,,C,ABCD,ينفتح الجيب الفكي على :,الصماخ المتوسط,أين ينفتح الجيب الفكي؟
1070,1071,Y1,Anatomy,Anatomy,الرأس,العنق,الجسم,الذيل,,,A,ABCD,أكبر أقسام المعثلكة:,الرأس,ما هو أكبر أقسام المعثكلة؟
1076,1077,Y1,Anatomy,Anatomy,القزحية في الأمام والعدسة في الخلف,القرنية في الأمام والقزحية في الخلف,العدسة في الأمام والشبكية في الخلف,لا شيء مما سبق,,,A,ABCD,الحجرة الخلفية للعين بين:,القزحية في الأمام والعدسة في الخلف,ما هي الحدود التشريحية للحجرة الخلفية للعين؟
1078,1079,Y1,Anatomy,Anatomy,قاعدة المشط الخامس,قاعدة المشطى الأول,الاسفيني الوحشي,B+C,,,A,ABCD,ترتكز العضلة الشظوية القصيرة على :,قاعدة المشط الخامس,أين ترتكز العضلة الشظوية القصيرة؟
1082,1083,Y1,Anatomy,Anatomy,المزمار,مشق المزمار,البطين الحنجري,الحبل الصوتي,,,A,ABCD,منطقة في الحنجرة تشمل الطيتين الصوتيتين والمسافة بينهما:,المزمار,ما هي المنطقة في الحنجرة التي تشمل الطيتين الصوتيتين والمسافة بينهما؟
1084,1085,Y1,Anatomy,Anatomy,الأنفي,الفموي,الحنجري,لا شيء مما سبق,,,B,ABCD,الوهدة تقع في البلعوم:,الفموي,أين تقع الوهدة في البلعوم؟
1085,1086,Y1,Anatomy,Anatomy,النكفية,تحت الفك السفلي,اللسان,الثانوية,,,C,ABCD,تتوضع تحت الطية اللسانية الغدة:,اللسان,ما هي الغدة التي تتوضع تحت الطية اللسانية؟
1101,1102,Y2,Anatomy,Anatomy,العصب الوجهي.,العصب تحت اللساني.,العصب اللسانى البلعومى.,العصب الفكى السفلي.,العصب الفكى.,,A,ABCDE,ينتقل الحس غير عام (حس الذوق) من الثلث الأمامي للسان عبر: (2014 ثانية),العصب الوجهي.,ما هو العصب الذي ينتقل عبره الحس غير العام (حس الذوق) من الثلث الأمامي للسان؟
1105,1106,Y1,Anatomy,Anatomy,الأمعاء الدقيقة,المعدة,المرئ,البريتوان,,,A,ABCD,يروي المساريقي العلوي:,الأمعاء الدقيقة,ماذا يروي المساريقي العلوي؟
1122,1123,Y1,Anatomy,Anatomy,المنطقة الكبيبية,المنطقة الحزمية,المنطقة الشبكية,كل ما سبق خطأ,,,C,ABCD,المنطقة الأعمق من قشر الكظر :,المنطقة الشبكية,ما هي المنطقة الأعمق من قشر الكظر؟
1125,1126,Y1,Anatomy,Anatomy,الفقرة الرقبية,الفقرة الصدرية,الفقرة الصدرية,الفقرة القطنية,,,A,ABCD,- الثقبة الفقرية كبيرة ومثلثية الشكل في:,الفقرة الرقبية,ما هي الفقرة التي تحتوي على ثقبة فقرية كبيرة ومثلثية الشكل؟
1126,1127,Y1,Anatomy,Anatomy,بني غامق,أبيض,مائل للصفرة,رمادي,,,C,ABCD,لون قشر الكظر :,مائل للصفرة,ما هو لون قشر الكظر؟
1129,1130,Y1,Anatomy,Anatomy,المحفظة المفصلية,الأربطة,السطوح المفصلية,العضلات,,,A,ABCD,نسيج ضام ليفي يرتكز حول السطوح المفصلية:,المحفظة المفصلية,ما هو النسيج الضام الليفي الذي يرتكز حول السطوح المفصلية؟
1136,1137,Y1,Anatomy,Anatomy,31,31 شفعًا,12,15,,,A,ABCD,عدد شدف النخاع الشوكي:,31,كم عدد شدف النخاع الشوكي؟
1150,1151,Y2,Anatomy,Anatomy,القعد التكفيه,العقد تحت الفكيه,العقد اللثويه,العقد الحنكية,العقد الرقبيه العميقه,,E,ABCDE,يكون التصريف اللمفى للثلث للسان مباشرة الى:,العقد الرقبيه العميقه,ما هو التصريف اللمفاوي للثلث الخلفي للسان؟
1152,1153,Y2,Histology,Anatomy,الخلايا الكوكبية.,الخلايا الدبقية.,الخاليا الصنوبرية.,a+c,,,C,ABCD,تقوم بإفراز الميلاتونين:,الخاليا الصنوبرية.,ما هي الغدة التي تقوم بإفراز الميلاتونين؟
1155,1156,Y1,Anatomy,Anatomy,الفكي,السباتي الداخلي,السباتي الخراجي,الصدغي السطحي,,,A,ABCD,. الشريان الذي له انطباعات على الوجه الداخلي للعظم الصدغي هو فرع من الشريان,الفكي,ما هو الشريان الذي له انطباعات على الوجه الداخلي للعظم الصدغي وهو فرع من أي شريان؟
1159,1160,Y1,Anatomy,Anatomy,وظيفي.,جنيني.,التوضع.,الشكل.,,,A,ABCD,التصنيف الذي يمكننا من معرفة العضلات التي تشارك في كل مرحلة مفصلية وتطبيق ذلك أثناء الفحص هو تصنيف :,وظيفي.,ما هو التصنيف الذي يمكننا من معرفة العضلات التي تشارك في كل مرحلة مفصلية وتطبيق ذلك أثناء الفحص؟
1161,1162,Y1,Anatomy,Anatomy,الشرايين الفصية,الشرايين بين الفصوص,الشرايين المقوسة,الشرايين بين الفصيصات,,,B,ABCD,الشرايين التي تسير بين الفصوص بإتجاه القشرة على كل جانب من جانبي الهرم الكلوي :,الشرايين بين الفصوص,ما هي الشرايين التي تسير بين الفصوص بإتجاه القشرة على كل جانب من جانبي الهرم الكلوي؟
1199,1200,Y4,Anesthesia,Anesthesia,بروبوفول,ثيوبنتال,ميثو كيزيتال,دروبيريدول,كيتامين,,E,ABCDE,الدواء الأمثل لبدء التخدير لمريض مصاب بنزف حاد هو,كيتامين,ما هو الدواء الأمثل لبدء التخدير لمريض مصاب بنزف حاد؟
1204,1205,Y4,Anesthesia,Anesthesia,النايتروس اوكسايد,الهالوثان,الايزوفلوران,السيفوفلوران,الديسفلوران,,E,ABCDE,يتميز المخدر التالي بالمباشرة والصحو السريعين,الديسفلوران,ما هو المخدر الذي يتميز بالمباشرة والصحو السريعين؟
1210,1211,Y4,Anesthesia,Anesthesia,بروبوفول,ثيوبنتال,كيتامين,ميثوهيكزيتال,دروبيريدول,,C,ABCDE,الدواء الأمثل لبدء التخدير لمريض مصاب بنزف رضي حاد:,كيتامين,ما هو الدواء الأمثل لبدء التخدير لمريض مصاب بنزف رضي حاد؟
1218,1219,Y4,Anesthesia,Anesthesia,السوكسنيل كولين,ألراكوريوم,سيسأتراكوريوم,بانكورونيوم,البيكورونيوم,,A,ABCDE,المرخي العضلي الأمثل لتسهيل تنبيب مريض ذي خطورة عالية للاستنشاق هو,السوكسنيل كولين,ما هو المرخي العضلي الأمثل لتسهيل تنبيب مريض ذي خطورة عالية للاستنشاق؟
1221,1222,Y3,Anesthesia,Anesthesia,A. النالوكسون,B. N استيل سيستين,C. فلومازينيل,D. الفحم الفعال,E. ميركابتوبيورين,,A,ABCDE,إن الترياق المناسب للتسمم بالمورفين هو:,A. النالوكسون,ما هو الترياق المناسب للتسمم بالمورفين؟
1269,1270,Y4,Anesthesia,Anesthesia,أن الجرعة غير كافية,يجب إعطاء المزيد من الكيتامين إيقاف تلك الحركات,أن الجرعة مفرطة,ان المريض يعاني من الاختلاجات,أن الجرعة السابقة مركنة ومخدرة,,E,ABCDE,أعطي المريض جرعة من الكيتامين ولقد بقيت عيناه مفتوحتين مع رأرأة خفيفة وحركات غير هادفة أن ما سبق يشير:,أن الجرعة السابقة مركنة ومخدرة,ما الذي يشير إليه بقاء عيني المريض مفتوحتين مع رأرأة خفيفة وحركات غير هادفة بعد إعطائه جرعة من الكيتامين؟
1272,1273,Y4,Anesthesia,Anesthesia,سكسونيل كولين,بانكورونيوم,اتراكوريوم,بانكورونيوم,روكرونيوم,,C,ABCDE,قبل مريض في المستشفى إلجراء عملية إسعافية حيث وجد لدى المريض أنه يعاني من قصور كلوي ما الدواء المنتخب والرخاء العضلي والتنبيه:,اتراكوريوم,ما هو الدواء المنتخب للإرخاء العضلي والتنبيب لمريض يعاني من قصور كلوي ويحتاج لعملية إسعافية؟
1274,1275,Y3,Anesthesia,Anesthesia,A. بانكورانيوم,B. أتراكوريوم,C. بيبيكورونيوم,D. ميفاكوريوم,E. دوكساكوريوم,,B,ABCDE,مريض سيخضع جراحي اسعافي ويعاني من قصور كلوي يفضل استعمال المرخي العضلي التالي:,B. أتراكوريوم,ما هو المرخي العضلي المفضل استعماله لمريض سيخضع لجراحة إسعافية ويعاني من قصور كلوي؟
1295,1296,Y2,Biochemistry,Biochemistry,الدسم,البروتين,السكريات,الغليسرين,,,B,ABCDE,الببسين يفكك:,البروتين,ماذا يفكك الببسين؟
1308,1309,Y1,Biochemistry,Biochemistry,مونوميرات (موحودات),كربوكاتيون,نكليوفيلات,جذور حرة,,,A,ABCD,يمكن ان تفاعل جزيئات الاتن مع بعضها تحت ظروف معنية لتشكل البولي اتن (متعدد اتن) ما التعبير الصحيح لوصف جزيئات الاتن في هذا التفاعل:,مونوميرات (موحودات),ما التعبير الصحيح لوصف جزيئات الإيثين في تفاعل تشكيل البولي إيثين؟
1350,1351,Y2,Biochemistry,Biochemistry,فقر دم انحلالي,قصور قلب,فقر دم بنقص الحديد,قصور كلية,,,A,ABCD,عوز إنزيم البيروفات كيناز يسبب:,فقر دم انحلالي,ماذا يسبب عوز إنزيم البيروفات كيناز؟
1353,1354,Y1,Biochemistry,Biochemistry,إضافة نكليوفيلية,استبدال الجذور الحرة,اضفة الكتروفيلية,استبدال الكتروفيلي,,,B,ABCD,يمكن ان يتفاعل الكلور مع البروبان في ضوء الشمس لانتاج-1 كلورو بروبان ماذا ندعو هذه الالية:,استبدال الجذور الحرة,ماذا ندعو آلية تفاعل الكلور مع البروبان في ضوء الشمس لإنتاج 1-كلورو بروبان؟
1355,1356,Y2,Biochemistry,Biochemistry,هيالينية,شمعية,حبيبية,دهنية,,,B,ABCD,اسطوانات منحنية، تكون سهلة التمييز المحتواها الكاسر للضوء:,شمعية,ما هي الاسطوانات المنحنية التي تكون سهلة التمييز لمحتواها الكاسر للضوء؟
1358,1359,Y2,Biochemistry,Biochemistry,أرجنين,اسباريتك,ألانين,غليسين,,,B,ABCD,من الحموض الأمينية (المشحونة سلبا):,اسباريتك,ما هي الحموض الأمينية المشحونة سلبياً؟
1361,1362,Y2,Biochemistry,Biochemistry,سببه تناول الذرة بكميات كبيرة.,من أعراضه الشعرانية.,من أعراضه التهاب اللسان.,من أعراضه التخلف العقلي.,,,D,ABCD,عوز فيتامين البيوتين:,من أعراضه التخلف العقلي.,ما هي أعراض عوز فيتامين البيوتين؟
1362,1363,Y2,Biochemistry,Biochemistry,تناول أطعمة تحتوي على الكريما.,هرمون كولي سيتوكينين.,الأملاح الصفراوية.,تناول أطعمة تحتوي على صفار البيض.,,,C,ABCD,من مفرزات الصفراء:,الأملاح الصفراوية.,ما هي مفرزات الصفراء؟
1365,1366,Y1,Biochemistry,Biochemistry,لا يظهر مطلقاً على الأبناء بسبب التنحي,كل الأبناء مصابين,سيطرة الذكور المصابين,يظهر الاضطراب على طراز أفقي في الشجرة,,,B,ABCD,شجرة وراثية لخلة متنحية جسدية فيها الأبوين مصابين تتميز ب:,كل الأبناء مصابين,ما هي خصائص الشجرة الوراثية لخلة متنحية جسدية فيها الأبوين مصابين؟
1368,1369,Y1,Biochemistry,Biochemistry,اوكسيد الصوديوم وهيدروجين,أوكسيد الصوديوم وايتلن,هدروكسيد الصوديوم وايتلن,ميتوكسيد الصوديوم والماء,,,A,ABCD,سم النواتج المتشكلة عند تفاعل معدن الصوديوم مع الاتانول؟,اوكسيد الصوديوم وهيدروجين,ما هي النواتج المتشكلة عند تفاعل معدن الصوديوم مع الإيثانول؟
1369,1370,Y1,Biochemistry,Biochemistry,يشكل الروابط التكافؤية الإستيرية.,يتألف من عدة وحيدات subunit.,يرتبط مع المحضض.,يركب ال RNA من الاتجاه 3 إلى5.,لا يحتاج إلى بادي (مشرع ).,,A,ABCDE,في أنزيم RNA Polymerase :,يشكل الروابط التكافؤية الإستيرية.,ما هي خصائص أنزيم RNA Polymerase؟
1371,1372,Y1,Biochemistry,Biochemistry,يمكن أنيرتبط به أكثر من مجموعة فوسفات واحدة.,يرتبط الأساس الازوتي بالكربون رقم 1.,ترتبط مجموعة الفوسفات بالكربون رقم رقم 5.,يكون نقص الأكسجين في الكربون رقم 2.,يكون نقص الأكسجين في الكربون رقم 3.,,A,ABCDE,في جزيء DNA النكليوتيد :,يمكن أنيرتبط به أكثر من مجموعة فوسفات واحدة.,ما هو النكليوتيد في جزيء DNA؟
1373,1374,Y2,Biochemistry,Biochemistry,يعتبر حامل عابر لزوج من ذرات الهيدروجين,يصنع من قبل الجراثيم المعوية,له دور أساسي في تفاعلات تحلل السكر,سبب عوز هو تناول السمك النئ,,,B,ABCDE,فيتامين البيوتين:,يصنع من قبل الجراثيم المعوية,ما هو فيتامين البيوتين؟
1374,1375,Y2,Biochemistry,Biochemistry,قد تسبب تخلف عقلي لدى المصاب,من أسبابها الإسهالات الشديدة,سببها عوز انزيم غالاكتوز -1- فوسفات يوريديل ترانسفراز,تظهر عند الرضع فقط,,,B,ABCDE,حالة عدم تحمل اللاكتوز:,من أسبابها الإسهالات الشديدة,ما هي حالة عدم تحمل اللاكتوز؟
1402,1403,Y1,Biochemistry,Biochemistry,ميتانوات البوتيل,بوتانوات الميتيل,2-بوتانوات الميتيل البروبيل,2- ميتانوات الميتيل البروبيل,,,B,ABCD,سم الاستر المتشكل عندما يتفاعل الميتانول مع حمض البوتانوئيك بوجود بضع قطرات من حمض الكبريت المركز:,بوتانوات الميتيل,ما هو اسم الاستر المتشكل عندما يتفاعل الميتانول مع حمض البوتانوئيك بوجود بضع قطرات من حمض الكبريت المركز؟
1436,1437,Y2,Biochemistry,Biochemistry,انحلال الدم,تراكم الخضاب الجيني,تراكم الحديد,الندب الألمية الشديدة والمتكررة,,,C,ABCD,تحدث الوفاة لدى مرض التلاسيميا بسبب:,تراكم الحديد,ما هو سبب الوفاة لدى مرض التلاسيميا؟
1453,1454,Y1,Biochemistry,Biochemistry,1,10,2,18,,,A,ABCD,الكروماتين المغاير موجود في الصبغيات:,1,ما هي الصبغيات التي يوجد فيها الكروماتين المغاير؟
1459,1460,Y2,Biochemistry,Biochemistry,الكولسترول.,حمض البول.,البوتاسيوم.,الغلوكوز.,,,D,ABCD,يؤدي التأخر في فصل البلازما أو المصل من الكريات إلى نقص:,الغلوكوز.,ما الذي يؤدي إليه التأخر في فصل البلازما أو المصل من الكريات؟
1502,1503,Y2,Biochemistry,Biochemistry,الثيامين بيروفوسفات,البيوستين,البيرودوكسال فوسفات,NADH,,,C,ABCDE,يستخدم كزمرة ملحقة لجميع الإنزيمات الناقلة الزمرة الأمين:,البيرودوكسال فوسفات,ما هو المركب الذي يستخدم كزمرة ملحقة لجميع الإنزيمات الناقلة الزمرة الأمين؟
1507,1508,Y2,Biochemistry,Biochemistry,زرع كبد,تناول الحديد فمويا,استئصال الطحال,زرع نقي عظام,,,D,ABCD,العلاج الثاني لمرض التلاسيميا بيتا:,زرع نقي عظام,ما هو العلاج الثاني لمرض التلاسيميا بيتا؟
1553,1554,Y2,Biochemistry,Biochemistry,دوبن جونسن,روتر,كريجلر نجار,جيلبرت,,,C,ABCD,يوجد فرط شديد في بيليروبين المصل غير المرتبط وعوز جزئي: UDPGT,كريجلر نجار,ما هو الاضطراب الذي يتميز بفرط شديد في بيليروبين المصل غير المرتبط وعوز جزئي في UDPGT؟
1576,1577,Y2,Biochemistry,Biochemistry,انحلال الدم,تراكم الخضاب الجنيني,تراكم الحديد,النوب الألمية الشديدة جدا والمتكررة,,,C,ABCDE,تحدث الوفاة لدى مرضى التلاسيميا بسبب:,تراكم الحديد,ما هو سبب الوفاة لدى مرضى التلاسيميا؟
1580,1581,Y2,Biochemistry,Biochemistry,داء البلاغرا,فقر الدم ضخم الأرومات,العشى الليلي,البري بري,,,D,ABCDE,يسبب عوز الثيامين الشديد:,البري بري,ماذا يسبب عوز الثيامين الشديد؟
1590,1591,Y1,Biochemistry,Biochemistry,50 جين.,100 جين.,125,200,,,C,ABCD,يبلغ عدد الجينات التي تشفر لجزيئات الرنا الأصغري miRANS في مجين الإنسان:,125,كم يبلغ عدد الجينات التي تشفر لجزيئات الرنا الأصغري miRNAs في مجين الإنسان؟
1599,1600,Y2,Biochemistry,Biochemistry,الكبد,الدماغ,الطحال,الأمعاء,,,D,ABCDE,يتم اصطناع الدقائق الكيلوسية في:,الأمعاء,أين يتم اصطناع الدقائق الكيلوسية؟
1615,1616,Y1,Biochemistry,Biochemistry,دنا بوليميرازا,أنزيم الليغاز,Primase أنزيم,كل ما سبق خطأ,,,B,ABCD,يتم ربط شدف أوكازاكي بوساطة,أنزيم الليغاز,ما هو الإنزيم الذي يتم بوساطته ربط شدف أوكازاكي؟
1616,1617,Y2,Biochemistry,Biochemistry,بيروفات ديهيدروجيناز,كاربونيك انهيدراز.,بيروفات كيناز.,الدولاز.,,,B,ABCD,أكثر الأنزيمات فعالية تحفيزية في جسم الانسان هو انزيم:,كاربونيك انهيدراز.,ما هو أكثر الأنزيمات فعالية تحفيزية في جسم الإنسان؟
1618,1619,Y2,Biochemistry,Biochemistry,البيريدوكسين,البيريدوكسال,البيريدوكسال فوسفات,البيريدوكسامين,,,C,ABCDE,الشكل الفعال لفيتامين B6 هو:,البيريدوكسال فوسفات,ما هو الشكل الفعال لفيتامين B6؟
1668,1669,Y1,Genetics,Cell and Molecular Biology,22q11,9q34,13q1,Bq24,,,B,ABCD,الموقع الطبيعي للجين الورمي ABL :,9q34,ما هو الموقع الطبيعي للجين الورمي ABL؟
1693,1694,Y1,Cell Biology,Cell and Molecular Biology,1,2,3,4,,,C,ABCD,عدد طبقات الفوسفولبيد في المذيلة,3,كم عدد طبقات الفوسفولبيد في المذيلة؟
1694,1695,Y1,Cell Biology,Cell and Molecular Biology,الأجهزة الموصلة .,الغشاء القاعدي .,الأنابيب الدقيقة .,الأهداب الحقيقية .,,,B,ABCD,يدخل الكولاجين 4 في تركيب,الغشاء القاعدي .,ما هو التركيب الذي يدخل فيه الكولاجين 4؟
1695,1696,Y1,Genetics,Cell and Molecular Biology,تفعيل الانتساخ.,تثبيط التنسخ.,زيادة رزم الجسيمات النووية.,اعاقة ارتباط عوامل الانتساخ.,,,A,ABCD,تؤدي استلة الهيستونات الى:,تفعيل الانتساخ.,ما الذي تؤدي إليه استلة الهيستونات؟
1706,1707,Y1,Genetics,Cell and Molecular Biology,الذكور دون الإناث مصابون.,الإناث دون الذكور مصابون.,كل الأولاد مصابون.,كل الاولاد سليمون.,,,C,ABCD,تتميز شجرة النسب الحاوية على حالة وراثة متعلقة بالمتقدرات و الام فقط فيها مصابة ب:,كل الأولاد مصابون.,ما هي الخصائص التي تتميز بها شجرة النسب الحاوية على حالة وراثة متعلقة بالمتقدرات والأم فقط فيها مصابة؟
1714,1715,Y1,Genetics,Cell and Molecular Biology,الليزين,الأرجينين,اللوسين,السيرين,,,C,ABCD,تتم أستلة الهستونات للحمض الأميني:,اللوسين,ما هو الحمض الأميني الذي تتم أستلة الهستونات له؟
1739,1740,Y1,Cell Biology,Cell and Molecular Biology,الكوليسترول .,الكولين .,السيفنغوميلين .,الغليسرول .,,,D,ABCD,تتألف الفوسفولبيدات من حمضين دسمين والفوسفات و:,الغليسرول .,ما هي المكونات التي تتألف منها الفوسفولبيدات بالإضافة إلى حمضين دسمين والفوسفات؟
1740,1741,Y1,Genetics,Cell and Molecular Biology,إطالة سلسلة ال RNA.,إنهاء عملية اصطناع ال RNA.,فك طاقي ال DNA.,التعرف على المحضض.,,,D,ABCD,وظيفة الوحيدة سيغما في انزيم بوليمراز RNA البكتيري:,التعرف على المحضض.,ما هي الوظيفة الوحيدة لسيغما في إنزيم بوليمراز RNA البكتيري؟
1745,1746,Y1,Cell Biology,Cell and Molecular Biology,الخلايا الجذعية وذريتها .,الخلايا الجذعية والنسج المحيطة .,الخلايا الجذعية وذريتها والنسج المحيطة .,تعتمد على نفسها فقط .,,,C,ABCD,يعتمد ضبط النظام الخلوي الجذعي على إشارات جزئية تتبادل بين,الخلايا الجذعية وذريتها والنسج المحيطة .,ما هي الإشارات الجزيئية التي يعتمد عليها ضبط النظام الخلوي الجذعي؟
1754,1755,Y1,Cell Biology,Cell and Molecular Biology,اللامين .,الكاريوفبرينات .,الامبورتين .,النكليوبورين .,,,D,ABCD,تدعى البروتينات المشكلة لمعقدات الثقوب النووية,النكليوبورين .,ما تدعى البروتينات المشكلة لمعقدات الثقوب النووية؟
1755,1756,Y1,Genetics,Cell and Molecular Biology,المتقطعة الأنزيمات.,الجيني الاختناق.,التفارز المستقل,التضفير.,,,B,ABCD,تزال المتقدرات الحاوية على طفرات بالية:,الجيني الاختناق.,كيف تتم إزالة المتقدرات الحاوية على طفرات بالية؟
1759,1760,Y1,Genetics,Cell and Molecular Biology,RF1,eRF,RF2,Eif,,,C,ABCD,عامل الإطلاق في حقيقيات النوى :,RF2,ما هو عامل الإطلاق في حقيقيات النوى؟
1817,1818,Y1,Genetics,Cell and Molecular Biology,فوسفورية.,فوسفودي استر.,هيدروجينية.,غليكوزيدية,,,C,ABCD,ترتبط سلسلتا عديدي النكليوتيد مع بعضهما البعض بواسطة روابط:,هيدروجينية.,ما هي الروابط التي تربط سلسلتي عديدي النكليوتيد مع بعضهما البعض؟
1822,1823,Y1,Genetics,Cell and Molecular Biology,الذكور فقط مصابين.,الإناث فقط مصابين.,كل الابناء سليمين.,كل الأبناء مصابين.,,,D,ABCD,شجرة وراثية لخلة متنحية فيها الأبوين مصابين تتميز ب:,كل الأبناء مصابين.,ما هي خصائص الشجرة الوراثية لخلة متنحية فيها الأبوين مصابين؟
1849,1851,Y1,Cell Biology,Cell and Molecular Biology,الجمهرة .,المنظومة البيئية .,الكرة الحيوية .,المجتمع .,,,B,ABCD,أكبر مستوى من المستويات التراتبية للحياة :,المنظومة البيئية .,ما هو أكبر مستوى من المستويات التراتبية للحياة؟
1859,1861,Y1,Genetics,Cell and Molecular Biology,الميثيونين غير المعدل.,المعدل الميثيونين.,المعدل غير الثريونين.,المعدل الثريونين.,,,B,ABCD,تبدأ جميع عديدات الببتيد في بدائيات النوى ب:,المعدل الميثيونين.,ما هو الحمض الأميني الذي تبدأ به جميع عديدات الببتيد في بدائيات النوى؟
1860,1862,Y1,Genetics,Cell and Molecular Biology,قابلية الانتقال بالوراثة.,الاختطار التجريبي,معدل الانتشار,معدل الوقوع,,,A,ABCD,يدل تقدير نسبة تنوع النمط الظاهري لخلة ما بسبب الاختلافات الجينية على :,قابلية الانتقال بالوراثة.,ما الذي يدل عليه تقدير نسبة تنوع النمط الظاهري لخلة ما بسبب الاختلافات الجينية؟
1864,1866,Y1,Cell Biology,Cell and Molecular Biology,التمايز,تحولها إلى نهاية التمايز,التجديد الذاتي,كل ما سبق,,,C,ABCD,الألية التي تضمن للخلية الجذعية استمرارها إلى ما لا نهاية,التجديد الذاتي,ما هي الآلية التي تضمن للخلية الجذعية استمرارها إلى ما لا نهاية؟
1866,1868,Y1,Genetics,Cell and Molecular Biology,البرولين,الفينيل ألانين,الهستيدين,الأسبارتين,,,C,ABCD,نتج عن ترجمة أول جزيئ رنا مرسال صنعي فقط الحمض الأميني :,الهستيدين,ما هو الحمض الأميني الذي نتج عن ترجمة أول جزيء رنا مرسال صنعي؟
1867,1869,Y1,Genetics,Cell and Molecular Biology,النكلياز,الإندونكلياز,الليغاز,البريماز,,,C,ABCD,تقوم القلنسوة بحماية سلسلة الرنا من التدرك بإنزيمات :,الليغاز,ما هي الإنزيمات التي تقوم القلنسوة بحماية سلسلة الرنا من التدرك بها؟
1869,1871,Y1,Genetics,Cell and Molecular Biology,ربع مادتهم الوراثية,نصف مادتهم الوراثية,ثمن مادتهم الوراثية,سدس مادتهم الوراثية,,,D,ABCD,يتشارك أقرباء من الدرجة الثانية مع المستلفت بـ :,سدس مادتهم الوراثية,ما هو مقدار المادة الوراثية التي يتشاركها أقرباء من الدرجة الثانية مع المستلفت؟
1879,1881,Y1,Cell Biology,Cell and Molecular Biology,لمعة الغلاف النووي .,معدات الثقوب النووية .,الصفيحة النووية .,السلة النووية .,,,B,ABCD,يلتحم الغشاءان النوويان عند:,معدات الثقوب النووية .,متى يلتحم الغشاءان النوويان؟
1901,1903,Y1,Genetics,Cell and Molecular Biology,ينقل الصفة فقط لأبنائه الذكور,لا ينقل الأب الصفة إلى الأولاد,ينقل الصفة لجميع أولاده الذكور والإناث,ينقل الصفة فقط لبناته,,,D,ABCD,في حال إصابة أب بصفة تخضع لوراثة متنحية مرتبطة بالصبغي X :,ينقل الصفة فقط لبناته,ما هي النتائج المتوقعة في حال إصابة أب بصفة تخضع لوراثة متنحية مرتبطة بالصبغي X؟
1921,1923,Y1,Cell Biology,Cell and Molecular Biology,فرضية التعايش الداخلي,فرضية الاصطفاء الطبيعي,فرضية الموت الذاتي,قانون الترموديناميك الثاني,,,A,ABCD,المتقدرات والصانعات ظهرتا بإدخال جراثيم داخل الخلايا نقوم بالفسفرة والتركيب الضوئي,فرضية التعايش الداخلي,ما هي النظرية التي تفسر ظهور المتقدرات والصانعات بإدخال جراثيم داخل الخلايا تقوم بالفسفرة والتركيب الضوئي؟
1931,1933,Y1,Genetics,Cell and Molecular Biology,نمط ظاهري جديد,نمط ظاهري وحيد,نمط ظاهري مختلف,نمط ظاهري غريب,,,A,ABCD,يسبب وجود الألائل السائد في الأنماط الجينية المختلفة التالية RRYY و RrYy و RRYy و RrYY :,نمط ظاهري جديد,ماذا يسبب وجود الألائل السائد في الأنماط الجينية المختلفة التالية RRYY و RrYy و RRYy و RrYY؟
1948,1950,Y1,Cell Biology,Cell and Molecular Biology,الغشاء الخلوي للمتقدرة .,الغشاء الخلوي للصانعات الخضراء .,الشبكة السيتوبلاسمية الداخلية.,الجسيمات المفككة للبروتينات.,,,B,ABCD,اكبر نسبة للبروتينات في اغشية خلايا الجسم توجد في :,الغشاء الخلوي للصانعات الخضراء .,ما هو المكان الذي توجد فيه أكبر نسبة للبروتينات في أغشية خلايا الجسم؟
1949,1951,Y1,Genetics,Cell and Molecular Biology,بوليميراز الدنا من النمط الأول,بوليميراز الدنا من النمط الثاني,بوليميراز الدنا من النمط الثالث,بوليميراز الدنا من النمط الثاني,,,A,ABCD,المسؤول عن إزالة مشراعالرنا قرب انتهاء تنسخ الدنا واستبدالها بنكليوتيدات الدنا:,بوليميراز الدنا من النمط الأول,ما هو المسؤول عن إزالة مشراع الرنا قرب انتهاء تنسخ الدنا واستبدالها بنكليوتيدات الدنا؟
1951,1953,Y1,Cell Biology,Cell and Molecular Biology,القسيم المركزي .,الجسيم المركزي .,الجسيم الحركي .,النجيماء .,,,C,ABCD,ترتبط الصبيغيات الشقيقة على انيبيبات مغزل الانقسام بواسطة,الجسيم الحركي .,ما الذي ترتبط به الصبيغيات الشقيقة على أنيبيبات مغزل الانقسام؟
1983,1985,Y1,Genetics,Cell and Molecular Biology,الذكور دون الإناث مصابون.,الإناث دون الذكور مصابات.,الاولاد كلهم مصابون.,الأولاد كلهم سليمين.,,,C,ABCD,تتميز شجرة النسب الحاوية على حالة وراثة متعلقة بالمتقدرات وإلام فقط فيها مصابة:,الاولاد كلهم مصابون.,ما هي خصائص شجرة النسب الحاوية على حالة وراثة متعلقة بالمتقدرات والتي تكون فيها الأم فقط مصابة؟
1987,1989,Y1,Genetics,Cell and Molecular Biology,تركيبها الكيميائي.,عدم انتساخها.,ترتيب الروامز فيها.,لا تترجم إلى بروتين.,,,D,ABCD,تختلف الانترونات عن الاكسونات ب:,لا تترجم إلى بروتين.,ما هو الاختلاف بين الانترونات والاكسونات؟
1989,1991,Y1,Genetics,Cell and Molecular Biology,الأشقاء لوالدين,الأزواج الأقارب,التواءم,ليس أيآ مما سبق,,,C,ABCD,تمثل الخطوط الأفقية التي ترسم أعلي الدوائر و المربعات في شجرة النسب:,التواءم,ما الذي تمثله الخطوط الأفقية التي ترسم أعلى الدوائر والمربعات في شجرة النسب؟
1996,1998,Y1,Genetics,Cell and Molecular Biology,متقدرات سليمة وطافرة,متقدرات طافرة,متقدرات سليمة,كل ما سبق خطأ,,,A,ABCD,يعبر مصطلح الهيولي المتغايرة عن الخلايا التي تحتوي على:,متقدرات سليمة وطافرة,ما هو المقصود بمصطلح الهيولي المتغايرة في الخلايا؟
1999,2001,Y1,Genetics,Cell and Molecular Biology,النمط الوراثي,النمط النووي,النمط الجيني,النمط الوظيفي,,,C,ABCD,يمكن تمييز الصبغيات بعضها عن بعض عن طريق:,النمط الجيني,ما هي الطرق التي يمكن من خلالها تمييز الصبغيات بعضها عن بعض؟
2004,2006,Y1,Cell Biology,Cell and Molecular Biology,بالكمون الكهربائي.,بالمدروج الكيميائي الكهربائي.,بالمدروج الكيميائي.,بالأنتروبية.,,,A,ABCD,تختزن الطاقة الكامنة في مدروج للشحنات الكهربائية، يعبر عنها,بالكمون الكهربائي.,ما هو التعبير الذي يُستخدم للطاقة الكامنة المختزنة في مدروج للشحنات الكهربائية؟
2008,2010,Y1,Cell Biology,Cell and Molecular Biology,الأكتين.,الميوزين .,التوبيولين .,ألياف متوسطة .,,,A,ABCD,تتشكل الأرجل الصفائحية من,الأكتين.,ما الذي تتشكل منه الأرجل الصفائحية؟
2020,2022,Y1,Cell Biology,Cell and Molecular Biology,استيرية,هيدروجينية,سكرية,بيبتيدية,,,B,ABCD,الرابطة في البنية الثانوية للحمض النووي,هيدروجينية,ما هي الرابطة في البنية الثانوية للحمض النووي؟
2023,2025,Y1,Genetics,Cell and Molecular Biology,الخدمية.,المتغايرة.,محرضة التعبير.,كظومة التعبير.,,,A,ABCD,تعد جينات الرنا الريباسي من الجينات :,الخدمية.,ما نوع الجينات التي تعد جينات الرنا الريباسي منها؟
2037,2039,Y1,Genetics,Cell and Molecular Biology,320,240,480,160,,,A,ABCD,إذا حدث تأشيب في 80 انقسام فإن عدد الصبغيات المأشوبة:,320,ما هو عدد الصبغيات المأشوبة إذا حدث تأشيب في 80 انقسام؟
2043,2045,Y1,Cell Biology,Cell and Molecular Biology,التنامي الجنيني,حادثة النمو فقط,النضج الجنسي أولاً,لا شيء مما سبق,,,A,ABCD,تكوين متعضية تشبه الأبوين من بيضة مخصبة يتم ب,التنامي الجنيني,ما هي العملية التي يتم بها تكوين متعضية تشبه الأبوين من بيضة مخصبة؟
2053,2055,Y1,Genetics,Cell and Molecular Biology,على الذكور فقط من الأبناء,على الإناث فقط من الأبناء,على الذكور والإناث من الأبناء,لا يظهر مطلقا على الابناء بسبب *,,,C,ABCD,في الوراثة الجنسية المناحية يظهر الاحلال الوراثي:,على الذكور والإناث من الأبناء,متى يظهر الاحلال الوراثي في الوراثة الجنسية المناحية؟
2056,2058,Y1,Cell Biology,Cell and Molecular Biology,مجهر القوة الذرية .,مجهر المستقطب .,مجهر متحد البؤر .,مجهر الإلكتروني .,,,A,ABCD,المجهر الذي يدرس السطح الطبوغرافي,مجهر القوة الذرية .,ما هو المجهر الذي يدرس السطح الطبوغرافي؟
2066,2068,Y1,Cell Biology,Cell and Molecular Biology,الريبوزومات,العضبيات,الهيكل الخلوي,الجسيمات الحالة للبروتينات,,,B,ABCD,بنى سيتويلازمية مغلفة بغشاء واحد على الأقل,العضبيات,ما هي البنى السيتوبلازمية المغلفة بغشاء واحد على الأقل؟
2076,2078,Y1,Genetics,Cell and Molecular Biology,الذكور دون الإناث مصابين.,الإناث دون الذكور مصابات.,الأولاد كلهم مصابون.,الأولاد كلهم سليمون.,,,C,ABCD,تتميز شجرة النسب الحاوية على حالة وراثة متعلقة بالمتقدرات والوالدين فيها مصابين:,الأولاد كلهم مصابون.,ما هي خصائص شجرة النسب الحاوية على حالة وراثة متعلقة بالمتقدرات والوالدين فيها مصابين؟
2086,2088,Y1,Cell Biology,Cell and Molecular Biology,المجموعة الأمينية,المجموعة الكربوكسيلية,الجذر R المتغاير,لا شيء مما سبق,,,B,ABCD,تختلف الأحماض الأمينية عن بعضها ب,المجموعة الكربوكسيلية,ما الذي تختلف به الأحماض الأمينية عن بعضها؟
2088,2090,Y1,Genetics,Cell and Molecular Biology,طفل مصاب مات في مرحلة مبكرة,طفلة مصابة ماتت في مرحلة مبكرة,طفل مصاب,طفلة مصابة,,,C,ABCD,في شجرة الوراثة مربع صفير مملوء فهو يشير إلي:,طفل مصاب,ما الذي يشير إليه المربع الصغير المملوء في شجرة الوراثة؟
2101,2103,Y1,Genetics,Cell and Molecular Biology,خلة جسدية سائدة.,خلة جسدية متنحية.,خلة مكتسبة سائدة.,خلة مكتسبة متنحية.,,,B,ABCD,تحدث التلاسيميا بيتا نتيجة:,خلة جسدية متنحية.,ما هو سبب حدوث التلاسيميا بيتا؟
2103,2105,Y1,Genetics,Cell and Molecular Biology,تثبيط انتساخ الجينات,يحفز انتساخ الجينات,يشكل معزاز للانتساخ,كلها خاطئة,,,A,ABCD,في مشغل التيربتوفان وجود التربتوفان يؤدي ل,تثبيط انتساخ الجينات,ماذا يؤدي وجود التربتوفان في مشغل التيربتوفان؟
2113,2115,Y1,Cell Biology,Cell and Molecular Biology,انقسام السيتوبلازما,انقسام النواة,انقسام العضيات,لا شيء مما سبق,,,B,ABCD,تساعد حلقة الأكتين المتقلصة على:,انقسام النواة,ما الذي تساعد عليه حلقة الأكتين المتقلصة؟
2119,2121,Y1,Genetics,Cell and Molecular Biology,الفرد مات في مرحلة مبكرة,جنس الفرد غير محدد,توءمي الزيجوت الواحدة,الفرد الذي بدأت عنده الدراسة,,,A,ABCD,يدل المعين في شجرة النسب علي:,الفرد مات في مرحلة مبكرة,ما الذي يدل عليه المعين في شجرة النسب؟
2121,2123,Y1,Genetics,Cell and Molecular Biology,3,4,5,6,,,D,ABCD,يحتوي Genome E.Coli على ...... جينات مسؤولة عن الاصطناع الحيوي للحمض الأميني التربتوفان:,6,كم عدد الجينات المسؤولة عن الاصطناع الحيوي للحمض الأميني التربتوفان في جينوم بكتيريا E.Coli؟
2123,2125,Y1,Cell Biology,Cell and Molecular Biology,النقل المنظم والاساسي للمواد اثناء الايماس .,النقل التقدمى من الشبكة البلازمية الى مدخل غولجي فقط .,A+B .,مسؤولة عن النقل التراجعى .,,,B,ABCD,حويصلات كوب ٢ مسؤولة عن:,النقل التقدمى من الشبكة البلازمية الى مدخل غولجي فقط .,ما هي وظيفة حويصلات كوب ٢؟
2136,2138,Y1,Genetics,Cell and Molecular Biology,1000M,2000M,50M,500M,,,C,ABCD,إذا كان انتشار مرض التالاسيميا في مجتمع (0000)، يكون معدل الحاملين في ذلك المجتمع:,50M,ما هو معدل الحاملين في مجتمع إذا كان انتشار مرض التالاسيميا معروفاً في ذلك المجتمع؟
2137,2139,Y1,Cell Biology,Cell and Molecular Biology,المتقدرات,الصائعات الخضراء,الريبوزومات,النواة,,,B,ABCD,تجري عملية photo synthesis في,الصائعات الخضراء,أين تجري عملية التمثيل الضوئي؟
2152,2154,Y1,Cell Biology,Cell and Molecular Biology,تزداد سماكة الغشاء .,تقل سماكة الغشاء .,تزداد مرونة الغشاء.,تقل مرونة الغشاء .,,,C,ABCD,عند انخفاض نسبة الكوليسترول في الغشاء الخلوي,تزداد مرونة الغشاء.,ماذا يحدث عند انخفاض نسبة الكوليسترول في الغشاء الخلوي؟
2164,2166,Y1,Cell Biology,Cell and Molecular Biology,معقدات الثقوب النووية,بأماكن عشوائية,كل ما سبق صحيح,كل ما سبق غاط,,,A,ABCD,يتحد الغشاءان النوويان الداخلي والخارجي عند,معقدات الثقوب النووية,أين يتحد الغشاءان النوويان الداخلي والخارجي؟
2165,2167,Y1,Genetics,Cell and Molecular Biology,51,54,156,153,,,D,ABCD,عدد القواعد الآزوتية اللازمة لإنتاج بروتين الأنسولين المكوّن من 51 حمض أمين إنتاج كامل ثم,153,كم عدد القواعد الآزوتية اللازمة لإنتاج بروتين الأنسولين المكوّن من 51 حمض أميني إنتاجاً كاملاً؟
2168,2170,Y1,Cell Biology,Cell and Molecular Biology,قطيرات دسمة,حبيبات غليكوجين,ترسبات صباغية,حبيبات هيمرسيدرين,,,D,ABCD,ترسبات صباغية تحوي بروتين الفيرتين,حبيبات هيمرسيدرين,ما هي الترسبات الصباغية التي تحوي بروتين الفيرتين؟
2177,2179,Y1,Cell Biology,Cell and Molecular Biology,الفرضية .,الملاحظة .,المناقشة والاستنتاج .,الاختبار والنتائج .,,,D,ABCD,اول عنصر من عناصر الدراسة العلمية المنهجية :,الاختبار والنتائج .,ما هو أول عنصر من عناصر الدراسة العلمية المنهجية؟
2179,2181,Y1,Genetics,Cell and Molecular Biology,وجود أليل ما للجين,لترميز الجينات,لتحديد موقع الجينات,وجود أليل طبيعي لهذه الجين,,,B,ABCD,تشير النجمة بعد رمز الجين إلي :,لترميز الجينات,ماذا تشير النجمة بعد رمز الجين؟
2189,2191,Y1,Cell Biology,Cell and Molecular Biology,الاشعاع,التألق,الثانية,التماهي,,,B,ABCD,امتصاص بعض المواد الضوء بطول موجة ومن ثم إصداره بطول موجة أطول يعرف ب,التألق,ما يُعرف بامتصاص بعض المواد الضوء بطول موجة ومن ثم إصداره بطول موجة أطول؟
2198,2200,Y1,Cell Biology,Cell and Molecular Biology,البنية الأولية,البنية الثانوية,البنية الثالثية,البنية الرابعية,,,A,ABCD,نوع وترتيب الأحماض الأمينية البروتين يدعى,البنية الأولية,ما يُدعى نوع وترتيب الأحماض الأمينية في البروتين؟
2200,2202,Y1,Cell Biology,Cell and Molecular Biology,سرطان معدة,سرطان أمعاء,سرطان كبد,سرطان دماغ,,,B,ABCD,عند حدوث خلل في تنظيم السبيل الإشاري WNT ينتج,سرطان أمعاء,ماذا ينتج عند حدوث خلل في تنظيم السبيل الإشاري WNT؟
2202,2204,Y1,Cell Biology,Cell and Molecular Biology,الحبليات .,الثدييات .,الرئيسات .,الحيوان .,,,B,ABCD,ينتمي الإنسان الى شعبة :,الثدييات .,ما هي الشعبة التي ينتمي إليها الإنسان؟
2214,2216,Y1,Cell Biology,Cell and Molecular Biology,التكاثر .,الاصطفاء الطبيعي .,النمو .,الاحتباس الحراري .,,,B,ABCD,التكيف هو إحدى عواقب التطور نتيجة :,الاصطفاء الطبيعي .,ما هي نتيجة التطور التي تؤدي إلى التكيف؟
2216,2218,Y1,Genetics,Cell and Molecular Biology,الاكسونات.,النترونات.,المحضضات.,المنطقة الانتساخية.,,,C,ABCD,تكثر جزر CpG في:,المحضضات.,أين تكثر جزر CpG؟
2220,2222,Y1,Cell Biology,Cell and Molecular Biology,الأدنينن,اليوراسيل,السيتوزين,الغوانين,,,B,ABCD,الأساس الأزوتي المتمم للتايمين في الرنا,اليوراسيل,ما هو الأساس الأزوتي المتمم للتايمين في الرنا؟
2222,2224,Y1,Cell Biology,Cell and Molecular Biology,المعزز.,المطلق القريب .,المسكتات .,النكليوتيد رقم + 1 .,,,B,ABCD,يبدأ انتساخ الجينات المرمزة للبروتينات بارتباط انزيم الرنا بوليميراز الى,المطلق القريب .,ما هو الموقع الذي يبدأ فيه انتساخ الجينات المرمزة للبروتينات بارتباط انزيم الرنا بوليميراز؟
2226,2228,Y1,Genetics,Cell and Molecular Biology,الصيغي 15,الصيغي 9,الصيغي 23,الصيغي 21,,,B,ABCD,تقع الجين المسؤولة عن الزمر الدموية عند البشر على:,الصيغي 9,أين تقع الجينات المسؤولة عن الزمر الدموية عند البشر؟
2230,2232,Y1,Cell Biology,Cell and Molecular Biology,rRNAs.,rRNAs.,snRNA.,snRNPs.,,,D,ABCD,يعود الدور الرئيسي في تعرف جسيم التضفير مواقع التضفير الى :,snRNPs.,ما هو الدور الرئيسي في تعرف جسيم التضفير مواقع التضفير؟
2234,2236,Y1,Genetics,Cell and Molecular Biology,9 و 17,9 و 22,13 و 22,9 و 11,,,D,ABCD,تظهر حالة ابيضاض الدم النقوي المزمن CML نتيجة إزفاء مبتادل بين الصبغيين:,9 و 11,ما هي الصبغيات التي يحدث بينها إزفاء متبادل في حالة ابيضاض الدم النقوي المزمن CML؟
2247,2249,Y1,Genetics,Cell and Molecular Biology,5,6,7,8,,,D,ABCD,في حال التفارز المستقل بين المورثتين A و B سيكون عدد الأنماط الظاهرية المختلفة في الجيل الثاني :,8,ما هو عدد الأنماط الظاهرية المختلفة في الجيل الثاني في حال التفارز المستقل بين المورثتين A و B؟
2248,2250,Y1,Genetics,Cell and Molecular Biology,1,2,3,4,,,B,ABCD,اذا كان الارتباط بين المورثتين A و B كامل فان عدد الأنماط الجينية في اعراس لفرد نتغاير ألالائل AB/ab سيكون:,2,ما هو عدد الأنماط الجينية في أعراس فرد متغاير الأليلات AB/ab إذا كان الارتباط بين المورثتين A و B كاملاً؟
2262,2264,Y1,Genetics,Cell and Molecular Biology,23S rRNA,5S rRNA,البروتينات الريباسية,كل ما سبق صحيح,,,B,ABCD,يحفز تشكيل الرابطة الببتيدية بين حمضين أمينين في الموقع A و P فعالية إنزيمية ناقلة للببتيد يتمتع بها :,5S rRNA,ما هو الذي يتمتع بفعالية إنزيمية ناقلة للببتيد تحفز تشكيل الرابطة الببتيدية بين حمضين أمينين في الموقع A و P؟
2271,2273,Y1,Genetics,Cell and Molecular Biology,الجسدية المتنحية,الجسدية السائدة,المرتبطة بالصبغي X السائدة,المرتبطة بالصبغي X المتنحية,,,A,ABCD,يكون والدا الطفل المصاب حاملين متغايري الألائل عديمين الأمراض في الوراثة :,الجسدية المتنحية,ما نوع الوراثة التي يكون فيها والدا الطفل المصاب حاملين متغايري الألائل عديمين الأمراض؟
2272,2274,Y1,Genetics,Cell and Molecular Biology,مرتبط بـX متنحي,صبغي جسدي سائد,مرتبط بـ Y,صبغي جسدي متنحي,,,B,ABCD,إذا عانى فرد متخالف الألائل من أعراض مرض وكان موضع الجين على الصبغي 5 يكون هذا المرض من نمط,صبغي جسدي سائد,ما هو نمط هذا المرض إذا عانى فرد متخالف الألائل من أعراض مرض وكان موضع الجين على الصبغي 5؟
2279,2281,Y1,Genetics,Cell and Molecular Biology,0,0.25,0.5,1,,,C,ABCD,أم مصابة أنجبت ذكرًا مصابًا بالورم التليفي العصبي، تسأل عن اختطار المرض في الحمل التالي، علما أن زوجها سليم. الجواب هو:,0.5,ما هو خطر إصابة الطفل بالورم التليفي العصبي في الحمل التالي لأم مصابة أنجبت ذكرًا مصابًا بالمرض علمًا أن زوجها سليم؟
2280,2282,Y1,Genetics,Cell and Molecular Biology,صبغي جسدي متنحي,صبغي جسدي سائد,مرتبط بالـ X,متقدري,,,B,ABCD,أنجب أبوان سليمان طفلان (ذكر وأنثى) مصابان بمرض استقلابي بدأت تظاهراته مبكرًا. الاحتمال الأول لطراز انتقال هذا المرض الوراثي هو:,صبغي جسدي سائد,ما هو الاحتمال الأول لطراز انتقال هذا المرض الوراثي عندما ينجب أبوان سليمان طفلين (ذكر وأنثى) مصابين بمرض استقلابي بدأت تظاهراته مبكراً؟
2283,2285,Y3,Physics,Chemistry and Physics,للانعكاس,للانعكاس المراوي,للانعكاس التبعثري,للانعكاس الخشن,,,A,ABCD,زاوية الورود تساوي زاوية الانعكاس هو قانون ك,للانعكاس,ما هو القانون الذي ينص على أن زاوية الورود تساوي زاوية الانعكاس؟
2287,2289,Y1,Chemistry,Chemistry and Physics,الصيغة الجزينية,الصيغة التجريبية,الصيغة البنيوية,الصيغة الهيكلية,,,B,ABCD,الصيغة التي تعطينا التفاصيل الأقل و النسبة الابسط للذرات الموجودة في الجزيء,الصيغة التجريبية,ما هي الصيغة التي تعطينا التفاصيل الأقل والنسبة الأبسط للذرات الموجودة في الجزيء؟
2288,2290,Y1,Physics,Chemistry and Physics,النحول الخارجي,التحول الداخلي,الفلورة,إصدار البوزترونات,,,B,ABCD,الذي يعطي لأشعة جاما مصدرا آخر للأشعة السينية التي يمكن أن تكون مفيدة وطاقتها قريبة من طاقة أشعة جاما الأصلية بحيث يمكن عدهما أشعة واحدة هو,التحول الداخلي,ما هو الذي يعطي لأشعة جاما مصدرا آخر للأشعة السينية التي يمكن أن تكون مفيدة وطاقتها قريبة من طاقة أشعة جاما الأصلية بحيث يمكن عدهما أشعة واحدة؟
2293,2295,Y1,Physics,Chemistry and Physics,الأعلى,الأحمض,نفسه,كل ماسبق خاطئ,,,A,ABCD,المواد غير المرئية بالنسبة للتواتر 500GHz يمكن الكشف عنها بالأمواج ذات التواتر:,الأعلى,ما هو التواتر المناسب للأمواج التي يمكن استخدامها للكشف عن المواد غير المرئية بالنسبة للتواتر 500GHz؟
2294,2296,Y1,Physics,Chemistry and Physics,20 Hz,200 Hz,200 Hz,20KHz,,,A,ABCD,مجال الأمواج تحت الصوتية أصغر من :,20 Hz,ما هو المجال الذي تكون فيه الأمواج تحت الصوتية أصغر منه؟
2297,2299,Y3,Physics,Chemistry and Physics,طاقته,طوله الموجي,تواتره,شدته,,,B,ABCD,– المقدار الذي يتزايد لدى انتثار فوتون عن الكترون بمفعول كومتون :,طوله الموجي,ما هو المقدار الذي يتزايد لدى انتثار فوتون عن الكترون بمفعول كومتون؟
2303,2305,Y1,Physics,Chemistry and Physics,بالجول لكل ثانية .,بالجول .,بالواط على المتر المربع .,طاقة الموجة التي تعبر واحدة السطوح .,,,C,ABCD,يعبر عن شدة الموجة الصوتية :,بالواط على المتر المربع .,ما الذي يعبر عن شدة الموجة الصوتية؟
2304,2306,Y1,Physics,Chemistry and Physics,اشعاعات كهرطيسية وبأطوال موجية أقصر بكثير منها في حالة الضوء المرئي.,حزمة من الالكترونات ذات طاقة عالية جدا .,اشعاعات كهرطيسية وباطوال موجية من نفس مرتبة الضوء المرئي.,اشعاعات كهرطيسية وباطوال موجية أطول بكثير منها في حالة الضوء المرئي.,,,A,ABCD,تتميز الاشعة السينية:,اشعاعات كهرطيسية وبأطوال موجية أقصر بكثير منها في حالة الضوء المرئي.,ما هي خصائص الأشعة السينية؟
2307,2309,Y1,Physics,Chemistry and Physics,الانفعال,الاجهاد,المرونة,اللرونة,,,B,ABCD,القوة التي تحدث تشوها في الجسم وتكون مطبقه على واحده السطح هي:,الاجهاد,ما هي القوة التي تحدث تشوهاً في الجسم وتكون مطبقة على وحدة السطح؟
2309,2311,Y1,Physics,Chemistry and Physics,متغيرة - ثابتة,ثابتة - متغيرة,ثابتة – ثابتة,متغيرة - متغيرة,,,B,ABCD,النواة في جسم الإنسان تكون درجة حرارتها ............ والغلاف ويكون درجة حرارته..................,ثابتة - متغيرة,ما هي درجة حرارة النواة والغلاف في جسم الإنسان؟
2310,2312,Y1,Physics,Chemistry and Physics,معامل المرونة,معامل لزوجه المائع,معامل القص,معامل اللدونة,,,B,ABCD,ان ثابت التناسب بين تدرج السرعة هو:,معامل لزوجه المائع,ما هو ثابت التناسب بين تدرج السرعة؟
2317,2319,Y1,Chemistry,Chemistry and Physics,أغوال ثانوية,الدهيدات,أغوال أولية,حموض كربوكسيلية,,,C,ABCD,تعطي الالدهيدات مع NaBH5:,أغوال أولية,ما هو الناتج عندما تتفاعل الألدهيدات مع NaBH4؟
2318,2320,Y1,Physics,Chemistry and Physics,الأوعية الدموية,الكبد,الطحال,التنكرياس,,,A,ABCD,تجري الباب الصراع التلاومي بين الجسم والوسط المحيط عن طريق:,الأوعية الدموية,ما هي الطريقة التي يجري بها التبادل الحراري بين الجسم والوسط المحيط؟
2320,2322,Y1,Chemistry,Chemistry and Physics,نظير الأوكسجين 18,نظير الهيدروجين 1,نظير الكربون 12,نظير الهيليوم 2,,,C,ABCD,استخدام العلماء معيار لحساب الكتل الذرية النسبية هو:,نظير الكربون 12,ما هو المعيار الذي يستخدمه العلماء لحساب الكتل الذرية النسبية؟
2322,2324,Y1,Physics,Chemistry and Physics,الباوند لكل موجه مربعه,البار,البوصات او المليمترات الزئبقية,التور,,,A,ABCD,في الولايات المتحدة يقاس الضغط في اطار السيارة بـ:,الباوند لكل موجه مربعه,ما هي الوحدة التي يقاس بها الضغط في إطار السيارة في الولايات المتحدة؟
2323,2325,Y1,Physics,Chemistry and Physics,غاوس في المغنطيسية,غاوس في الكهرباء,أمبير ماكسويل,فارادي,,,D,ABCD,القانون الذي ينص على أن تغير الحقل المغنطيسي يولد حقلا كهربائيا هو:,فارادي,ما هو القانون الذي ينص على أن تغير الحقل المغنطيسي يولد حقلا كهربائيا؟
2326,2328,Y1,Physics,Chemistry and Physics,معدومة .,متزايدة .,متناقصة .,ثابتة .,,,D,ABCD,يوصف جريان المائع بأنه مستقر إذا كانت سرعته في أي نقطة منه مع الزمن :,ثابتة .,ما هو وصف جريان المائع المستقر من ناحية سرعته في أي نقطة منه مع الزمن؟
2328,2330,Y1,Chemistry,Chemistry and Physics,التصاوغ الموضعي,تصاوغ الزمرة الوظيفية,التصاوغ الضوئي,التصاوغي سلسلي,,,C,ABCD,من أحد أنواع التصاوغ الفراغي,التصاوغ الضوئي,ما هو أحد أنواع التصاوغ الفراغي؟
2330,2332,Y1,Physics,Chemistry and Physics,سائلة,غازية,صلبة,كل ما سبق صحيح,,,A,ABCD,المادة التي تتخذ شكل أسفل الوعاء الذي يحتويها لها حجم خاص بها تكون:,سائلة,ما هي المادة التي تتخذ شكل أسفل الوعاء الذي يحتويها ولها حجم خاص بها؟
2336,2338,Y1,Physics,Chemistry and Physics,مستقرة,غير مستقرة,شبه مستقرة,"B,C",,,C,ABCD,عندما يكون عمر الحالة المثارة طويلا تدعى القوى :,شبه مستقرة,ما تسمى القوى عندما يكون عمر الحالة المثارة طويلا؟
2338,2340,Y1,Physics,Chemistry and Physics,التحول الخارجي,التحول الداخلي,الفلورة,بإصدار البوزترنات,,,B,ABCD,الذي يعطى لأشعة غاما مصدرا آخر للأشعة السينية التي يمكن أن تكون مفيدة وطاقتها قريبة من طاقة أشعة غاما الأصلية بحيث يمكن عندها من أشعة واحدة هو :,التحول الداخلي,ما هو الذي يعطى لأشعة غاما مصدراً آخر للأشعة السينية التي يمكن أن تكون مفيدة وطاقتها قريبة من طاقة أشعة غاما الأصلية بحيث يمكن الحصول على أشعة واحدة؟
2339,2341,Y1,Physics,Chemistry and Physics,المائية .,الدهنية.,الكلسية.,الهوائية.,,,C,ABCD,تعتبر العظام ومستحضرات التباين العائمة كلها كاليود والباريوم من الكثافة:,الكلسية.,ما هي كثافة العظام ومستحضرات التباين العائمة مثل اليود والباريوم؟
2340,2342,Y3,Physics,Chemistry and Physics,اشعة مهبطية,شكل من اشكال الضوء المرئي,جسيمات مشحونة,اشعاعات كهر طيسية,,,D,ABCD,ماهي طبيعة الاشعة السينية :,اشعاعات كهر طيسية,ما هي طبيعة الأشعة السينية؟
2344,2346,Y1,Chemistry,Chemistry and Physics,الكتلة الجزيئية النسبية,الكتلة الصيغية النسبية,الكتلة الأيونية النسبية,الكتلة الذرية النسبية,,,B,ABCD,مجموع الكتل الذرية النسبية في مركب أيوني هي:,الكتلة الصيغية النسبية,ما هو مجموع الكتل الذرية النسبية في مركب أيوني؟
2345,2347,Y1,Physics,Chemistry and Physics,الأشعة تحت الحمراء والأمواج المكروية .,الأشعة السينية وفوق البنفسجية .,أشعة غاما والأشعة السينية .,الأمواج المكروية والراديوية .,,,A,ABCD,يقع مجال التيراهرتز بين :,الأشعة تحت الحمراء والأمواج المكروية .,أين يقع مجال التيراهرتز؟
2347,2349,Y1,Physics,Chemistry and Physics,قيمتها الواسطة,قيمتها العظمى,قيمتها الصغرى,قيمتها المتغيرة,,,B,ABCD,اختبر الماء في الدرجة كمادة مرجعية للوزن النوعي لان كثافة الماء في هذه الدرجة تكون في:,قيمتها العظمى,لماذا يُستخدم الماء في درجة معينة كمادة مرجعية للوزن النوعي؟
2350,2352,Y1,Physics,Chemistry and Physics,المهبط,المصعد,المرشح,المسدد,,,D,ABCD,يتكون صمام الأشعة السينية من:,المسدد,ما هي مكونات صمام الأشعة السينية؟
2359,2361,Y1,Physics,Chemistry and Physics,طبيعة سلحه,اصداريته,درجة حرارته المطلقة,كل ما سبق صحيح,,,C,ABCD,تدل دراسة تغير تابع إشعاع الجسم الأسود على أن الطاقة التي يصدرها الجسم الأسود لا تتعلق الا بـ:,درجة حرارته المطلقة,ما الذي تتعلق به الطاقة التي يصدرها الجسم الأسود وفقاً لدراسة تغير تابع إشعاع الجسم الأسود؟
2361,2363,Y1,Physics,Chemistry and Physics,تعاكسه .,توافقه .,عمودية عليه .,الكل خطأ .,,,A,ABCD,قوة اللزوجة بالنسبة لاتجاه جريان المائع :,تعاكسه .,ما هي قوة اللزوجة بالنسبة لاتجاه جريان المائع؟
2362,2364,Y1,Physics,Chemistry and Physics,فوتون تواتر راديوي.,فوتون تواتر راديوي + فوتون تيراهرتز.,فوتون أشعة سينينة.,فوتون تيراهرتز.,,,C,ABCD,يمكن تفكيك رابطة في خلايا النسج طاقتها بـ :,فوتون أشعة سينينة.,ما هي الطاقة التي يمكن بها تفكيك رابطة في خلايا النسج؟
2367,2369,Y3,Physics,Chemistry and Physics,اصغر,اکبر,احيانا,"A,C",,,B,ABCD,يجب على ضغط الهواء داخل القاعة في حالة الثوران أن يكون ......... من ضغط الماء خارجها حيث تتوازن قوة الضغط نحو الخارج مع قوة التوتر السطحي نحو الداخل:,اکبر,ما يجب أن يكون عليه ضغط الهواء داخل القاعة في حالة الثوران بالنسبة لضغط الماء خارجها حيث تتوازن قوة الضغط نحو الخارج مع قوة التوتر السطحي نحو الداخل؟
2370,2372,Y1,Physics,Chemistry and Physics,315-400nm,280-315nm,100-280nm,كل ماسبق خاطئ,,,C,ABCD,مجال الـ UVC طوله الموجي بين :,100-280nm,ما هو المجال الموجي لأشعة UVC؟
2371,2373,Y1,Physics,Chemistry and Physics,طرديا - مربع السرعة,عكسيا - مربع السرعة,عكسيا - سرعة,طرديا - سرعة,,,C,ABCD,تتناسب قرينة الانكسار وسط مادي معين ..........مع .........الأمواج في ذلك الوسط,عكسيا - سرعة,ما هي العلاقة بين قرينة الانكسار لوسط مادي معين وسرعة الأمواج في ذلك الوسط؟
2379,2381,Y3,Physics,Chemistry and Physics,الموجة,الجسيم,الموجة والجسيم,ليس أيا مما سبق,,,A,ABCD,– التواتر والطول الموجي هي من مميزات :,الموجة,ما هي الخاصية التي يميزها التواتر والطول الموجي؟
2382,2384,Y1,Physics,Chemistry and Physics,شدة الموجة الصوتية,شدة الموجة الضوئية,استطاعة الموجة الصوتية,استطاعة الموجة الضوئية,,,D,ABCD,الطاقة التى تحملها الموجة في وحدة الزمن,استطاعة الموجة الضوئية,ما هي الطاقة التي تحملها الموجة في وحدة الزمن؟
2385,2387,Y1,Physics,Chemistry and Physics,تعديل البعد بين العدسة والشبكية,تعديل شكل القزحية,تعديل شكل العدسة,كل ما سبق صحيح,,,C,ABCD,تسمح قابلية ....... بالمطابقة بالمطابقة من اجل كل ابعاد الجسم عن العين مع الاستمرار بتشكيل خيال على بعد ثابت من العدسة يتحدد بالفاصل بين العدسة والشبكية :,تعديل شكل العدسة,ما هي قابلية العين التي تسمح بالمطابقة لكل أبعاد الجسم عن العين مع الاستمرار بتشكيل خيال على بعد ثابت من العدسة يتحدد بالفاصل بين العدسة والشبكية؟
2386,2388,Y1,Chemistry,Chemistry and Physics,مواد صلبة,سوائل,غازات,كل ما سبق,,,C,ABCD,يؤثر الضغط على توازن التفاعلات التي تكون متفاعلاتها ومنتجاتها:,غازات,كيف يؤثر الضغط على توازن التفاعلات التي تكون متفاعلاتها ومنتجاتها؟
2387,2389,Y1,Physics,Chemistry and Physics,عدد الإنضغاطات الاي تمر في نقطة معينة في الثانية,عدد التخلخلات التي تمر في نقطة معينة في الثانية,F=c/λ,"C,B",,,A,ABCD,إن التواتر في حالة الأمواج الصوتية هو :,عدد الإنضغاطات الاي تمر في نقطة معينة في الثانية,ما هو التواتر في حالة الأمواج الصوتية؟
2389,2391,Y1,Physics,Chemistry and Physics,أجسام حرارية,إشعاع كهرطيسي,نقاط صفراء,ألوان متعددة,,,B,ABCD,تصدر أجسامنا الطاقة حتى في درجات الحرارة العادية على شكل:,إشعاع كهرطيسي,ما هو شكل الطاقة التي تصدرها أجسامنا حتى في درجات الحرارة العادية؟
2398,2400,Y1,Physics,Chemistry and Physics,الايزوتونية,الايزوبارية,الايزوميرية,كل ما سبق صحيح,,,B,ABCD,التحولات التي تحافظ على العدد الكتلي تدعى التحولات:,الايزوبارية,ما هي التحولات التي تحافظ على العدد الكتلي؟
2408,2410,Y1,Physics,Chemistry and Physics,قانون بورواري,قانون اينشتاين,قانون الاستمرارية,قانون برنولي,,,A,ABCD,القانون الذي يربط بين معدل الجريان الحجمي في وعاء دموي من جهة وفارق الضغط بين طرفي الوعاء ونصف قطره الداخلي وطوله ولزوجه الدم هو:,قانون بورواري,ما هو القانون الذي يربط بين معدل الجريان الحجمي في وعاء دموي من جهة وفارق الضغط بين طرفي الوعاء ونصف قطره الداخلي وطوله ولزوجة الدم؟
2410,2412,Y1,Physics,Chemistry and Physics,غير مستقر,مستقر,مضطرب,"A, C",,,B,ABCD,عندما تكون سرعة المائع في اي نقطه منه ثابتة مع مرور الزمن فالجريان يكون:,مستقر,ما نوع الجريان عندما تكون سرعة المائع في أي نقطة منه ثابتة مع مرور الزمن؟
2411,2413,Y1,Physics,Chemistry and Physics,النقل,الحمل,الإشعاع,التبخر,,,B,ABCD,نعبر العلاقة عن آلية انتقال الحرارة بـ:,الحمل,ما هي آلية انتقال الحرارة التي نعبر عنها بالعلاقة؟
2415,2417,Y1,Physics,Chemistry and Physics,خيال وهمي صحيح.,خيال وهمي مقلوب.,خیال حقيقي مقلوب.,خيال حقيقي صحيح.,,,C,ABCD,صفات الخيال في المصورات ذات الثقب:,خیال حقيقي مقلوب.,ما هي صفات الخيال في المصورات ذات الثقب؟
2417,2419,Y1,Physics,Chemistry and Physics,عكسيا مع سرعة الأمواج في ذلك الوسط,عكسيا مع مربع سرعة الأمواج في ذلك الوسط,طرديا مع سرعة الأمواج في ذلك الوسط,طرديا مع مربع سرعة الأمواج في ذلك الوسط,,,A,ABCD,تتناسب قرينة الانكسار لأي وسط معين:,عكسيا مع سرعة الأمواج في ذلك الوسط,ما هي العلاقة التناسبية لقرينة الانكسار لأي وسط معين؟
2420,2422,Y3,Physics,Chemistry and Physics,الاشعة فق البنفسجية,الاشعة تحت الحمراء,الاشعة التير هرتز,الاشعة السينية,,,D,ABCD,– الاشعة التي حققت حلم الانسان القديم في رؤية داخل الجسم من دون بضعة هي :,الاشعة السينية,ما هي الأشعة التي حققت حلم الإنسان القديم في رؤية داخل الجسم من دون بضع؟
2425,2427,Y1,Chemistry,Chemistry and Physics,بارا ثنائي نترو البنزن,ميتا ثنائي نترو البنزن,أورثو ثنائي نترو البنزن,مزيج من أورثو ثنائي نترو البنزن ويارا ثنائي نترو البنزن,,,B,ABCD,يؤدي تفاعل حمض الآزوت المركز بوجود حمض الكبريت المركز مع نترو البنزن إلى تشكل,ميتا ثنائي نترو البنزن,ما هو المركب الذي يتشكل من تفاعل حمض الآزوت المركز بوجود حمض الكبريت المركز مع نترو البنزين؟
2427,2429,Y1,Physics,Chemistry and Physics,النقل,الحمل,الإشعاع,التنخر,,,B,ABCD,التبادلات التي تجري بين الجسم الصلب والمانع المتحرك الذي يختلف عنه في درجة الحرارة تكون:,الحمل,ما هي التبادلات التي تجري بين الجسم الصلب والمانع المتحرك الذي يختلف عنه في درجة الحرارة؟
2428,2430,Y1,Physics,Chemistry and Physics,يجعل جزيئات الماء تقوم بحركة دورانية,يقوم بتوليد الأمواج المكروية,يقوم بتوجيه الأمواج الكروية,يخصص مقدار تسرب الأمواج المكروية,,,A,ABCD,وظيفة الحقل الكهربائي في الأفران الكروية,يجعل جزيئات الماء تقوم بحركة دورانية,ما هي وظيفة الحقل الكهربائي في الأفران الكروية؟
2433,2435,Y1,Physics,Chemistry and Physics,موجية.,جسيمية.,مثنوية .,كل ما ذكر خطأ.,,,C,ABCD,تتميز الاشعاعات الكهرطيسية بطبيعة:,مثنوية .,ما هي طبيعة الإشعاعات الكهرومغناطيسية؟
2436,2438,Y1,Chemistry,Chemistry and Physics,استبدال نكليوفيلي,استبدال الكتروفيلي,اضافة,ليس اي مما سبق,,,A,ABCD,تخضع هالوجينات الالكانات إلى تفاعل......... بالقلويات,استبدال نكليوفيلي,ما هو التفاعل الذي تخضع له هالوجينات الألكانات بالقلويات؟
2441,2443,Y1,Physics,Chemistry and Physics,الجراحة .,معالجة الوحمات الوعائية .,التصوير .,الكشف عن سرطان الجلد .,,,B,ABCD,يستخدم الليزر الصباغي في :,معالجة الوحمات الوعائية .,ما هي استخدامات الليزر الصباغي؟
2460,2462,Y3,Physics,Chemistry and Physics,اشعة غاما,أشعة بينا,أشعة X-RAY,بوزترونات,,,D,ABCD,النظائر المشعة في التصوير بالأصدر البوزتروني تصدر.,بوزترونات,ماذا تصدر النظائر المشعة في التصوير بالأصدر البوزتروني؟
2471,2473,Y1,Physics,Chemistry and Physics,UV,IR,تیراهرتز,X-RAY,,,D,ABCD,ماهي الاشعة التي ساهمت في تقدم علم البلورات :,X-RAY,ما هي الأشعة التي ساهمت في تقدم علم البلورات؟
2480,2482,Y3,Physics,Chemistry and Physics,ثبات البعد,ثبات التيار النفقي,A.B,كل ما سبق خاطئ,,,B,ABCD,عندما نمسح النهاية المدببة سطح المعدن في مجهر STM يتم التحكم في ارتفاعها للحفاظ على :,ثبات التيار النفقي,ما الذي يتم التحكم في ارتفاع النهاية المدببة للحفاظ عليه عندما نمسح سطح المعدن في مجهر STM؟
2481,2483,Y1,Physics,Chemistry and Physics,الإصدارية,النفوذية,الامتصاصية,الانعكاسية,,,A,ABCD,معدل الإشعاع من سطح إلى معدل الإشعاع من مساوية من سطح مشع مثالي في درجة الحرارة نفسها:,الإصدارية,ما هو معدل الإشعاع من سطح إلى معدل الإشعاع من مساحة مساوية من سطح مشع مثالي في درجة الحرارة نفسها؟
2483,2485,Y1,Physics,Chemistry and Physics,فوتونات الفلورة السينية .,أشعة غاما .,البوزترونات.,الالكترونات.,,,A,ABCD,يمكن من خلال التفاعل+ الاستفادة في التصوير من :,فوتونات الفلورة السينية .,ما هو التفاعل الذي يمكن الاستفادة منه في التصوير؟
2499,2501,Y1,Physics,Chemistry and Physics,ماء,بلازما,صلب,سائل,,,B,ABCD,الوسط الذي تكون فيه كثافة الأيونات الموجبة والسالبة أكبر من كثافة الأيونات المعتدلة يسمى:,بلازما,ما هو الوسط الذي تكون فيه كثافة الأيونات الموجبة والسالبة أكبر من كثافة الأيونات المعتدلة؟
2501,2503,Y1,Physics,Chemistry and Physics,الإيكو غرافي .,التصوير المقطعي المحوري .,التصوير الحراري .,تصوير مغناطيسية الدماغ .,,,A,ABCD,الاطمئنان على صحة الجنين عند المرأة الحامل يكون بإجراء:,الإيكو غرافي .,ما هو الإجراء المستخدم للاطمئنان على صحة الجنين عند المرأة الحامل؟
2503,2505,Y1,Physics,Chemistry and Physics,التور .,البار .,الباسكال .,الجو .,,,A,ABCD,يدعى الضغط الذي يسببه عمود من الزئبق ارتفاعه mm 1:,التور .,ما يُدعى الضغط الذي يسببه عمود من الزئبق ارتفاعه 1 مم؟
2541,2543,Y1,Physics,Chemistry and Physics,ظاهرة الإندماج النووي,ظاهرة الإنشطار النووي,ظاهرة التبعثر,ظاهرة الإنعكاس,,,B,ABCD,الظاهرة التي تنقسم فيها نواة ذات عدد كتلى كبير إلى نواتين أو أكثر لكل منهما عدد كتلي متوسط :,ظاهرة الإنشطار النووي,ما هي الظاهرة التي تنقسم فيها نواة ذات عدد كتلي كبير إلى نواتين أو أكثر لكل منهما عدد كتلي متوسط؟
2553,2555,Y1,Physics,Chemistry and Physics,تحت الحمراء,المرئية,فوق البنفسجي,كل ما سبق صحيح,,,A,ABCD,يشع جسم الإنسان بشكل قريب حدا من إشعاع الجسمالأسود في مجال الأشعة:,تحت الحمراء,ما هو مجال الأشعة الذي يشع فيه جسم الإنسان بشكل قريب جداً من إشعاع الجسم الأسود؟
2555,2557,Y1,Physics,Chemistry and Physics,الأشعة تحت الحمراء.,الأشعة فوق البنفسجية .,الأشعة السينية.,التيراهرتز .,,,A,ABCD,من الأشعة التي اشتهرت بانتزاع جزيئات الماء لدى تفاعلها مع النسج :,الأشعة تحت الحمراء.,ما هي الأشعة التي اشتهرت بانتزاع جزيئات الماء لدى تفاعلها مع النسج؟
2561,2563,Y1,Physics,Chemistry and Physics,ظاهرة الاندماج النووي.,ظاهرة الانشطار النووي.,ظاهرة التبعثر.,ظاهرة الانعكاس,,,B,ABCD,الظاهرة التي تنقسم فيها نواة ذات عدد كتلي كبير إلى نواتين أو أكثر لكل منهما عدد كتلي متوسط:,ظاهرة الانشطار النووي.,ما هي الظاهرة التي تنقسم فيها نواة ذات عدد كتلي كبير إلى نواتين أو أكثر لكل منهما عدد كتلي متوسط؟
2573,2575,Y3,Physics,Chemistry and Physics,تسخين كامل للأنسجة الحية,تسخين موضعي في الانسجة الحية,"A,B",كل ما سبق خاطئ,,,B,ABCD,كانت طريقة للعلاج الفيزيائي تستعمل فيها عبارات كهربائية عالية التردد لإحداث,تسخين موضعي في الانسجة الحية,ما هي طريقة العلاج الفيزيائي التي تستعمل فيها تيارات كهربائية عالية التردد لإحداث الحرارة في الأنسجة العميقة؟
2575,2577,Y1,Physics,Chemistry and Physics,تسرع الفوتونات في أنبوب مقرع ويسمح لها بالسقوط على سطح داخل الانبوب.,تسرع الفوتونات بكمون مرتفع ويسمح لها بالسقوط على سطح زجاجي او معدني.,تسرع الالكترونات بكمون مرتفع في أنبوب الفراغ ويسمح لها بالسقوط على سطح داخل الانبوب .,تسرع الالكترونات بكمون مرتفع في أنبوب زجاجي ويسمح لها بالسقوط على سطح داخل الانبوب.,,,C,ABCD,تتولد الاشعة السينية عندما :,تسرع الالكترونات بكمون مرتفع في أنبوب الفراغ ويسمح لها بالسقوط على سطح داخل الانبوب .,كيف تتولد الأشعة السينية؟
2577,2579,Y1,Chemistry,Chemistry and Physics,كتلتها الذرية,إعدادها الذرية,شحنتها,بنيتها الكيميائية,,,B,ABCD,ان العناصر تترتب الان في الجدول الدوري وفق :,إعدادها الذرية,ما هو الأساس الذي تترتب وفقه العناصر في الجدول الدوري حالياً؟
2588,2590,Y1,Physics,Chemistry and Physics,خط الانحناء نفسه,خط التيار نفسه,المستقدم العمودي على منحى الانتشار,كل ما سبق صحيح,,,A,ABCD,ان معادلة برنولي تطبق على جريان أي مائع مثالي طالما تقع النقطتان على,خط الانحناء نفسه,ما هو الشرط الذي يجب أن تحققه النقطتان لتطبيق معادلة برنولي على جريان أي مائع مثالي؟
2599,2601,Y3,Physics,Chemistry and Physics,الأمواج فوق الصوتية,الأمواج الصوتية,الأمواج تحت الصوتية,كل ما سبق خاطئ,,,A,ABCD,الأمواج التي تستخدم في تفتيت الحصى هي :,الأمواج فوق الصوتية,ما هي الأمواج التي تستخدم في تفتيت الحصى؟
2609,2611,Y3,Physics,Chemistry and Physics,STM,SEM,TEM,STEM,,,D,ABCD,المجهر الذي يمسح العينة نقطة فنقطة ولكنه يكشف عن الالكترونات النافذة هو :,STEM,ما هو المجهر الذي يمسح العينة نقطة فنقطة ولكنه يكشف عن الالكترونات النافذة؟
2613,2615,Y1,Physics,Chemistry and Physics,مرتفعة,منخفضة,متوسطة,كل ما سبق صحيح,,,B,ABCD,تشتق قوة المقاومة من اللزوجة عندما تكون السرعة النسبية بين الجسم والمائع ...... إلى حد يكفي لأن يكون الجريان حول الجسم رقائقيا,منخفضة,من أين تشتق قوة المقاومة من اللزوجة عندما تكون السرعة النسبية بين الجسم والمائع كافية لأن يكون الجريان حول الجسم رقائقياً؟
2618,2620,Y1,Chemistry,Chemistry and Physics,الأيونية,المعدنية,الجزيئية البسيط,التشاركية,,,A,ABCD,الرابطة التي تبقى صلبة دائماً:,الأيونية,ما هي الرابطة التي تبقى صلبة دائماً؟
2634,2636,Y3,Physics,Chemistry and Physics,ثلاثة,اثنتان,أربعة,واحدة,,,B,ABCD,– عدد العدسات في مجهر SEM :,اثنتان,كم عدد العدسات في مجهر SEM؟
2635,2637,Y1,Physics,Chemistry and Physics,تساوى سرعة الموجة.,تتجاوز سرعة الموجة الصوتية .,تقل عن سرعة الموجة.,تساوى أو تتجاوز سرعة الموجة الصوتية.,,,B,ABCD,تتولد الأمواج الصادمة عندما سرعة منبع الأمواج الصوتية :,تتجاوز سرعة الموجة الصوتية .,ما هي الحالة التي تتولد فيها الأمواج الصادمة بالنسبة لسرعة منبع الأمواج الصوتية؟
2639,2641,Y1,Chemistry,Chemistry and Physics,النترونات,البروتونات,الإلكترونات,مجموع البروتونات والنترونات,,,D,ABCD,العدد النيوكلوني في نواة ذرة ما يعبر عن عدد:,مجموع البروتونات والنترونات,ما هو العدد النيوكلوني في نواة ذرة ما؟
2643,2645,Y1,Physics,Chemistry and Physics,قصر طولها الموجى,امتصاص الجسم لها,ارتدادها عن الجسم,"A,B",,,B,ABCD,الأشعة السينية تتخامد في الجسم المدروس بسبب:,امتصاص الجسم لها,ما هو سبب تخامد الأشعة السينية في الجسم المدروس؟
2646,2648,Y1,Physics,Chemistry and Physics,جهاد,انفعال,مرونة,لدونة,,,B,ABCD,للقياس درجة التشوه يدعي:,انفعال,ما يُستخدم لقياس درجة التشوه؟
2651,2653,Y1,Physics,Chemistry and Physics,امتصاص الإشعاع .,التعرض للإشعاع .,شدة منبع الاشعاع .,تدفق منبع الاشعاع.,,,B,ABCD,الروتنجن هي واحدة لقياس :,التعرض للإشعاع .,ما هي الوحدة التي يقيسها الروتنجن؟
2659,2661,Y1,Chemistry,Chemistry and Physics,ثلاثة كربونات,أربعة كربونات,خمسة كربونات,ستة كربونات,,,D,ABCD,تتألف الحلقة البنزنية من:,ستة كربونات,ما تتألف منه الحلقة البنزنية؟
2668,2670,Y1,Physics,Chemistry and Physics,اقتراب المجرات منا,ابتعاد المجرات عنا,ثبات مكان المجرات,كل ما سبق صحيح,,,B,ABCD,عند انزياح الضوء من المجرات البعيدة التواترات الاخفض فإن ذلك يشير إلى :,ابتعاد المجرات عنا,ماذا يشير انزياح الضوء من المجرات البعيدة نحو الترددات الأخفض؟
2672,2674,Y1,Physics,Chemistry and Physics,امتصاص الإشعاع.,التعرض للإشعاع.,شدة منبع الإشعاع.,تدفق الإشعاع.,,,B,ABCD,الرونتجن هي واحدة لقياس :,التعرض للإشعاع.,ما هي الوحدة التي يقيسها الرونتجن؟
2685,2687,Y1,Chemistry,Chemistry and Physics,لها نفس عدد النترونات,تختلف بعدد البروتونات,لها نفس عدد النيكليونات,لها نفس عدد البروتونات وتختلف بعدد النترونات,,,D,ABCD,النظائر هي ذرات من نفس العنصر:,لها نفس عدد البروتونات وتختلف بعدد النترونات,ما هي النظائر؟
2700,2702,Y1,Physics,Chemistry and Physics,الزاوية الحرجة,زاوية بروستو,الزاوية الخشنة,"A,B",,,B,ABCD,زاوية الورود التي يكون الضوء المنعكس عندها مستقطبا كليا هي :,زاوية بروستو,ما هي زاوية الورود التي يكون الضوء المنعكس عندها مستقطبا كليا؟
2717,2719,Y1,Physics,Chemistry and Physics,بلورات كهربائية,بلورات ضغطية,بلورات مغنطيسية,بلورات كهر ضغطية,,,D,ABCD,يمكن توليد الأمواج فوق الصوتية عن طريق,بلورات كهر ضغطية,كيف يمكن توليد الأمواج فوق الصوتية؟
2729,2731,Y1,Physics,Chemistry and Physics,أمام الشبكية.,وراء الشبكية.,على الشبكية تماماً.,لا وجود لمثل هذا العيب فى العين.,,,B,ABCD,تشكل العين مديدة البصر (العين الطامسة) للجسم القريب خيالاً:,وراء الشبكية.,أين تشكل العين مديدة البصر (العين الطامسة) خيال الجسم القريب؟
2732,2734,Y3,Physics,Chemistry and Physics,المتقدمة الجريان المستقر,الحدية للجريان المستقر,الحدية للجريان غير المستقر,المتقدمة للجريان غير المستقر,,,B,ABCD,يمثل الاضطراب الحالة :,الحدية للجريان المستقر,ما هو الاضطراب الذي يمثل هذه الحالة؟
2738,2740,Y3,Physics,Chemistry and Physics,بعده عن النواة أكبر من نصف قطر بور,بعده عن النواة أصغر من نصف قطر بور,بعده عن النواة يساوي من نصف قطر بور,بعده عن النواة يساوي من مربع نصف قطر بور,,,B,ABCD,يأخذ احتمال وجود الالكترون قيمة عظمى في الحالة الأساسية في ذرة هيدروجين عندما يكون :,بعده عن النواة أصغر من نصف قطر بور,متى يأخذ احتمال وجود الالكترون قيمة عظمى في الحالة الأساسية في ذرة هيدروجين؟
2739,2741,Y1,Physics,Chemistry and Physics,يغير الشعاع الضوئي جهته عند انتقاله بين وسطين مختلفين.,زاوية الورود لا تساوي زاوية الانعكاس.,زاوية الورود تساوي زاوية الانعكاس.,يقع كل من الشعاع الوارد والشعاع المنعكس بجهتين مختلفتين.,,,C,ABCD,ينص قانون الانعكاس الأول على:,زاوية الورود تساوي زاوية الانعكاس.,ما ينص عليه قانون الانعكاس الأول؟
2740,2742,Y1,Physics,Chemistry and Physics,التغير النسبي في الطول زيادة أو نقصانا,نسبة الإزاحة النسبية بين سطحين في,التغير النسبي في الحجم أو الكتلة,كل ما سبق صحيح,,,A,ABCD,في حالة التشوه التحددي أو الانضغاطي فإن الانفعال يكون هو,التغير النسبي في الطول زيادة أو نقصانا,ما هو الانفعال في حالة التشوه التحددي أو الانضغاطي؟
2748,2750,Y1,Physics,Chemistry and Physics,وزن السائل كاملا,وزن الجسم,حجم السائل كاملا,حجم الجسم,,,B,ABCD,إذا كان الجسم مغموسا وليس مغمورا كليا نتيجة كون كثافة المائع اكبر من كثافة الجسم فينغمس حجم من الجسم ووزنه يساوي:,وزن الجسم,ما هو وزن الحجم المنغمس من الجسم عندما يكون الجسم مغموساً وليس مغموراً كلياً نتيجة كون كثافة المائع أكبر من كثافة الجسم؟
2767,2769,Y1,Physics,Chemistry and Physics,الكاشف.,الماسح .,المطياف .,المصورة.,,,B,ABCD,الجهاز الذي يصور مقاطع في الجسم البشري بالأشعة السينية والاستعانة بالحاسب اسمه:,الماسح .,ما اسم الجهاز الذي يصور مقاطع في الجسم البشري بالأشعة السينية والاستعانة بالحاسب؟
2772,2774,Y1,Physics,Chemistry and Physics,الكربون,الهيدروجين,الأوكسجين,النيتروجين,,,B,ABCD,العنصر الأكثر استخداما في التصوير بالتجاوب المغناطيسي,الهيدروجين,ما هو العنصر الأكثر استخداماً في التصوير بالتجاوب المغناطيسي؟
2777,2779,Y1,Physics,Chemistry and Physics,قصر طولها الموجى,امتصاص الجسم لها,ارتدادها عن الجسم,"A,B",,,B,ABCD,الأشعة السينية تتخامد في الجسم المدروس بسبب:,امتصاص الجسم لها,ما هو سبب تخامد الأشعة السينية في الجسم المدروس؟
2790,2792,Y1,Chemistry,Chemistry and Physics,المبادرة,التغلغل (التنامي),الانهاء,الاضافة,,,A,ABCD,ان الخطوة الأولى في التفاعلات هي,المبادرة,ما هي الخطوة الأولى في التفاعلات؟
2798,2800,Y1,Physics,Chemistry and Physics,احتمال ارتدادها,احتمال انعكاسها,احتمال عبورها,احتمال امتصاتصها,,,D,ABCD,الفوتونات التي تعبر الثقب في الحجرة ترتد عن الجدران مرات عديدة قبل أن تغادر وبذلك يزداد.,احتمال امتصاتصها,ماذا يزداد عندما ترتد الفوتونات التي تعبر الثقب في الحجرة عن الجدران مرات عديدة قبل أن تغادر؟
2803,2805,Y1,Physics,Chemistry and Physics,القريبة من الجلد,العميقة,"A,B",كل ما سبق خاطئ,,,A,ABCD,الحزم الإلكترونية تعمل على معالجة الأورام :,القريبة من الجلد,كيف تعمل الحزم الإلكترونية على معالجة الأورام؟
2804,2806,Y1,Chemistry,Chemistry and Physics,ازدياد كتلها الذرية,ازدياد أعدادها البروتونية,ازدياد الكهرسلبية,ازدياد قطرها الذري,,,B,ABCD,تكرار الطراز (الدورية في الجدول الدوري) ناجمة عن ترتيب العناصر حسب,ازدياد أعدادها البروتونية,ما هو السبب وراء تكرار الطراز (الدورية في الجدول الدوري) الناجم عن ترتيب العناصر؟
2808,2810,Y1,Chemistry,Chemistry and Physics,الفينول,البنزن,نترو البنزن,حمض البنزويك,,,D,ABCD,تؤدي أكسدة الكيلات البنزن (مثل ميتيل البنزن) ببرمنغنات البوتاسيوم (VII) القلوية أو بأي مؤكسد قوي آخر إلى تشكل:,حمض البنزويك,ما هو المركب الذي يتشكل عند أكسدة الكيلات البنزن (مثل ميتيل البنزن) ببرمنغنات البوتاسيوم (VII) القلوية أو بأي مؤكسد قوي آخر؟
2820,2822,Y1,Physics,Chemistry and Physics,ايزوتونات,ايزوبارات,ايزوميرات نووية,نظائر,,,A,ABCD,النوى التي لها عدد N ثابت حيث تحوي العدد نفسه من النترونات هي:,ايزوتونات,ما هي النوى التي لها عدد N ثابت حيث تحوي العدد نفسه من النترونات؟
2821,2823,Y1,Physics,Chemistry and Physics,مستقطب,غير مستقطب,مستقطب خطي,مستقطب جزئی,,,B,ABCD,اذا كانت الحقول الكهربائية لمنبع الأمواج الكهرطيسية لها اتجاهات عشوائية عند انتشاره فان,غير مستقطب,ماذا يحدث إذا كانت الحقول الكهربائية لمنبع الأمواج الكهرطيسية لها اتجاهات عشوائية عند انتشاره؟
2828,2830,Y1,Chemistry,Chemistry and Physics,استبدال,اضافه تليوفيلية,إضافة الكتروفيلية,نزع,,,A,ABCD,تخضع الالكانات لتفاعل ....... بالهلوجينات في ضوء الشمس,استبدال,ما هو التفاعل الذي تخضع له الألكانات مع الهالوجينات في ضوء الشمس؟
2852,2854,Y1,Physics,Chemistry and Physics,الكتل الأولى,مركز كتلتيهما,الكتلة الثانية,الكتلة الأنقل,,,B,ABCD,تهتز الذرتان في الجزيء ثنائي الذرة حول,مركز كتلتيهما,ما هو الشيء الذي تهتز حوله الذرتان في الجزيء ثنائي الذرة؟
2853,2855,Y1,Chemistry,Chemistry and Physics,مشتركة عملاقة,ايونية عملاقة,جزئية بسيطة,ليس أيا مما سبق,,,B,ABCD,البنية لأكسيد المغنزيوم تكون :,ايونية عملاقة,ما هي البنية لأكسيد المغنزيوم؟
2866,2868,Y1,Physics,Chemistry and Physics,احتمال ارتدادها,احتمال انعكاسها,احتمال عبورها,احتمال امتصاتصها,,,D,ABCD,الفوتونات التي تعبر الثقب في الحجرة ترتد عن الجدران مرات عديدة قبل أن تغادر وبذلك يزداد.,احتمال امتصاتصها,ماذا يزداد عندما ترتد الفوتونات التي تعبر الثقب في الحجرة عن الجدران مرات عديدة قبل أن تغادر؟
2875,2877,Y1,Physics,Chemistry and Physics,بالغري .,بالسفرت .,بالراد .,بالروتنجن .,,,B,ABCD,تقدر الجرعة المكافئة للإشعاع :,بالسفرت .,ما هي وحدة قياس الجرعة المكافئة للإشعاع؟
2881,2883,Y1,Physics,Chemistry and Physics,التصوير الحراري.,الرنين المغنطيسي .,التصوير الطبقي المحوري .,التصوير الومضاني.,,,A,ABCD,يمكن اعتبار طريقة التصوير التالية هي الأقل ضرراً على الجسم :,التصوير الحراري.,ما هي طريقة التصوير التي يمكن اعتبارها الأقل ضرراً على الجسم؟
2889,2891,Y1,Physics,Chemistry and Physics,طويلة نسبيا,قصيرة نسبيا,"A,B",متوسطة نسبيا,,,B,ABCD,تستخدم تقنية الـ PET مجموعة من النظائر المشعة ذات أعمار نصف :,قصيرة نسبيا,ما هي أعمار النصف للنظائر المشعة المستخدمة في تقنية الـ PET؟
2896,2898,Y1,Physics,Chemistry and Physics,تختلف بعددها الذري .,تختلف بعدد النيترونات.,تختلف بعدد البروتونات .,تختلف في طاقتها الداخلية فقط .,,,D,ABCD,المماكبات ( الإيزوميرات) هي نوى :,تختلف في طاقتها الداخلية فقط .,ما هي المماكبات (الإيزوميرات)؟
2911,2913,Y1,Physics,Chemistry and Physics,الطاقة .,الكتلة .,السرعة.,الكل خطأ .,,,A,ABCD,معادلة برنولي المطبقة على جريان المائع هي من أشكال قانون انحفاظ :,الطاقة .,ما هو القانون الذي تمثل معادلة برنولي المطبقة على جريان المائع أحد أشكال انحفاظه؟
2924,2926,Y1,Physics,Chemistry and Physics,مقاومة اللزوجة .,اللزوجة .,سرعة تدفق السائل .,حجم السائل .,,,A,ABCD,يستخدم قانون ستوكس لقياس :,مقاومة اللزوجة .,ماذا يستخدم قانون ستوكس لقياسه؟
2947,2949,Y1,Physics,Chemistry and Physics,علم الانكسارات,علم البلورات,علم الطبوغرافيا,كل ما سبق خاطئ,,,B,ABCD,العلم الذي يقوم بحساب البعد بين الذرات عند معرفة الطول الموجى للأشعة السينية وقيست الزاوية هو:,علم البلورات,ما هو العلم الذي يقوم بحساب البعد بين الذرات عند معرفة الطول الموجي للأشعة السينية وقياس الزاوية؟
2973,2975,Y1,Physics,Chemistry and Physics,الموائع,الجسم الصلب,الغازات,"A,B",,,B,ABCD,تنتشر الأمواج العرضانية في :,الجسم الصلب,ما هي الأوساط التي تنتشر فيها الأمواج العرضانية؟
2979,2981,Y1,Physics,Chemistry and Physics,قدرة اختراق عالية تسمح بتدمير الأورام السطحية والعميقة .,قدرة اختراق منخفضة تسمح بتدمير الأورام السطحية فقط .,خواص علاجية وتشخيصية .,خواص غير هجومية .,,,A,ABCD,تستخدم في الطب النووي عند المعالجة عن بعد حزمة فوتونية من أشعة X عالية الطاقة نظراً لتمتعها بـ:,قدرة اختراق عالية تسمح بتدمير الأورام السطحية والعميقة .,ما هي الخصائص التي تتمتع بها حزمة الفوتونات من أشعة X عالية الطاقة والتي تجعلها تستخدم في الطب النووي عند المعالجة عن بعد؟
2984,2986,Y1,Physics,Chemistry and Physics,قانون بولتزمان,قانون هوك,قانون هاينغز,قانون اینشتاین,,,B,ABCD,القانون الذي ينص على أن تشوه مادة يتناسب طرديا مع القوى التي تحدث التشوه هو:,قانون هوك,ما هو القانون الذي ينص على أن تشوه مادة يتناسب طرديا مع القوى التي تحدث التشوه؟
2985,2987,Y3,Physics,Chemistry and Physics,النظرية الذرية,العدد الكمومي المداري الثانوي,العدد الكمومي المداري المغنطيسي,العدد الكمومي السيني,,,A,ABCD,يمكن تفسير ثنائية الإصدار في طيف بخار الصوديوم بالاعتماد على :,النظرية الذرية,ما هو التفسير لثنائية الإصدار في طيف بخار الصوديوم؟
2987,2989,Y1,Physics,Chemistry and Physics,معادلة بيرنولي,معادلة الاستمرارية,معادلة اينشتاين,معادلة كومتون,,,A,ABCD,المعادلة التي تعبر عن انخفاض الطاقة في الموائع هي:,معادلة بيرنولي,ما هي المعادلة التي تعبر عن انخفاض الطاقة في الموائع؟
2999,3001,Y1,Physics,Chemistry and Physics,تمتصه النسج .,تعكسه .,تنثره .,تمرره .,,,A,ABCD,تفاعل اشعاع الليزر مع النسج لا يحدث إلا عندما:,تمتصه النسج .,متى يحدث تفاعل اشعاع الليزر مع النسج؟
3001,3003,Y1,Chemistry,Chemistry and Physics,رباعية الوجوه,مكعبية,ثمانية الوجوه,مسدسة الشكل,,,B,ABCD,تأخذ الشبكات الأيونية لكلوريد الصوديوم وأكسيد المغنزيوم بنية:,مكعبية,ما هي البنية التي تأخذها الشبكات الأيونية لكلوريد الصوديوم وأكسيد المغنزيوم؟
3011,3013,Y1,Physics,Chemistry and Physics,الحجم,الضغط,الطاقة,الحركة,,,B,ABCD,إن العمل الذي يقوم به المائع على المائع الذي يتقدمه في وحدة الجريان هو,الضغط,ما هو العمل الذي يقوم به المائع على المائع الذي يتقدمه في وحدة الجريان؟
3022,3024,Y1,Physics,Chemistry and Physics,200 DU,250 DU,300 DU,350 DU,,,C,ABCD,تقدر الكمية الوسطية للأوزون في الغلاف الجوي بنحو :,300 DU,ما هي الكمية الوسطية للأوزون في الغلاف الجوي؟
3025,3027,Y1,Physics,Chemistry and Physics,التكنسيوم - 99,المولبيدن - 99,التيرتيوم - 3,الكربون - 14,,,A,ABCD,يشيع في التشخيص الطبي إستخدام النكليد الإشعاعي المماكب :,التكنسيوم - 99,ما هو النكليد الإشعاعي المماكب الذي يشيع استخدامه في التشخيص الطبي؟
3039,3041,Y1,Chemistry,Chemistry and Physics,يتناقص,يتزايد,يبقى ثابتاً,يتعلق بشحنة الايون,,,A,ABCD,ان نصف القطر الذري عبر الدور الثالث (من اليسار الي اليمين) :,يتناقص,كيف يتغير نصف القطر الذري عبر الدور الثالث من اليسار إلى اليمين؟
3049,3051,Y1,Physics,Chemistry and Physics,متغيرة - ثابتة,ثابتة - متغيرة,ثابتة – ثابتة,متغيرة - متغيرة,,,B,ABCD,النواة في جسم الإنسان تكون درجة حرارتها ............ والغلاف ويكون درجة حرارته..................,ثابتة - متغيرة,ما هي درجة حرارة النواة والغلاف في جسم الإنسان؟
3052,3054,Y3,Physics,Chemistry and Physics,المتساوية الطاقات,المختلفة الطاقات,المتباعدة الطاقات,المتقاربة الطاقات,,,A,ABCD,– اذا كان الاشعاع وحيد فإنه يكون مؤلفا من كمية من الفوتونات :,المتساوية الطاقات,إذا كان الإشعاع وحيد الطول الموجي فمن أي نوع من الفوتونات يكون مؤلفاً؟
3054,3056,Y3,Physics,Chemistry and Physics,الأمواج الصوتية,الأمواج فوق الصوتية,الأمواج تحت الصوتية,لا شيء مما سبق,,,C,ABCD,– الأمواج الميكانيكية التي تنشأ عن الوحدات المحركة في الالياف ولا تدركها الاذن :,الأمواج تحت الصوتية,ما هي الأمواج الميكانيكية التي تنشأ عن الوحدات المحركة في الألياف ولا تدركها الأذن؟
3062,3064,Y1,Physics,Chemistry and Physics,لجسيمات الفا .,لأشعة غاما .,لجسيمات بيتا .,كل ما ذكر صحيح .,,,B,ABCD,عند استخدام تقنية التصوير SPECT يعطى المريض عنصر مشع مصدر :,لأشعة غاما .,ما هو مصدر العنصر المشع الذي يعطى للمريض عند استخدام تقنية التصوير SPECT؟
3063,3065,Y1,Physics,Chemistry and Physics,ثنائية البعد .,ثلاثية البعد .,متعددة المقاطع .,كل الإجابات السابقة صحيحة .,,,A,ABCD,نحصل في التصوير الومضاني للجزء المصور من جسم المريض على صورة : متعددة المقاطع :,ثنائية البعد .,ما نوع الصورة التي نحصل عليها في التصوير الومضاني للجزء المصور من جسم المريض؟
3064,3066,Y1,Physics,Chemistry and Physics,.. 1/16 من قيمته الأصلية.,81/1 من قيمته الأصلية .,1/6 من قيمته الأصلية.,27/1 من قيمته الأصلية .,,,B,ABCD,إذا تضيق قطر الشريان الى ثلث قيمته الأصلية عند مريض مصاب بمرض وعاني وقلبي وبقي هبوط الضغط فيه على حاله فإن معدل جريان الدم ينخفض إلى :,81/1 من قيمته الأصلية .,إذا تضيق قطر الشريان إلى ثلث قيمته الأصلية عند مريض مصاب بمرض وعائي وقلبي وبقي هبوط الضغط فيه على حاله، إلى كم ينخفض معدل جريان الدم؟
3094,3096,Y1,Gastroenterology,Internal Medicine,الغلوكوز.,الفركتوز.,الغالاكتوز.,اللاكتوز.,,,B,ABCD,السكريات التي لا تحتاج أثناء امتصاصها من الأمعاء الدقيقة لوجود الصوديوم هي:,الفركتوز.,ما هي السكريات التي لا تحتاج أثناء امتصاصها من الأمعاء الدقيقة لوجود الصوديوم؟
3097,3099,Y1,Gastroenterology,Internal Medicine,الإنتيروكيناز.,الأمينوبولي ببتيداز.,المالتاز.,الليباز.,,,A,ABCD,الأنزيم المعوي الذي يحول مولد التربسين إلى تربسين هو:,الإنتيروكيناز.,ما هو الأنزيم المعوي الذي يحول مولد التربسين إلى تربسين؟
3098,3100,Y1,Gastroenterology,Internal Medicine,الكوليسيستوكينين CCK,السكرتين.,الغاسترين.,الهيستامين.,,,A,ABCD,العامل الهرموني الذي يحرض إفراز عصارة بنكرياسية غنية بالإنزيمات الهاضمة هو:,الكوليسيستوكينين CCK,ما هو العامل الهرموني الذي يحرض إفراز عصارة بنكرياسية غنية بالإنزيمات الهاضمة؟
3099,3101,Y1,Gastroenterology,Internal Medicine,الإنتيروكيناز.,الأمينو ببتيداز.,السكراز.,اللاكتاز.,,,D,ABCD,الإنزيم الذي يفكك سكر اللبن (اللاكتوز) إلى غلوكوز وغالاكتوز:,اللاكتاز.,ما هو الإنزيم الذي يفكك سكر اللبن (اللاكتوز) إلى غلوكوز وغالاكتوز؟
3107,3109,Y1,Gastroenterology,Internal Medicine,البنكرياس.,جزر لانغرهانس.,الكبد.,المرارة.,,,D,ABCD,مستودع الصفراء خارج أوقات الهضم ويعمل على تكثيفها:,المرارة.,ما هو مستودع الصفراء خارج أوقات الهضم والذي يعمل على تكثيفها؟
3113,3115,Y1,Gastroenterology,Internal Medicine,صوديوم وبيكربونات.,صوديوم وكلور.,بيكربونات وكلور.,بوتاسيوم وكلور.,,,B,ABCD,الشوارد التي يكون تركيزها أقل في اللعاب منه في البلازما:,صوديوم وكلور.,ما هي الشوارد التي يكون تركيزها أقل في اللعاب منه في البلازما؟
3115,3117,Y1,Gastroenterology,Internal Medicine,السكرتين.,الكوليسيستوكينين CCK,الغاسترين.,الهيستامين.,,,B,ABCD,هرمون يحفز إفراز عصارة بنكرياسية غنية بالأنزيمات الهاضمة:,الكوليسيستوكينين CCK,ما هو الهرمون الذي يحفز إفراز عصارة بنكرياسية غنية بالأنزيمات الهاضمة؟
3116,3118,Y1,Gastroenterology,Internal Medicine,الغلوكوز.,الغالاكتوز.,الفركتوز.,السكروز.,,,C,ABCD,سكر لا يحتاج للصوديوم من أجل عملية امتصاصه:,الفركتوز.,ما هو السكر الذي لا يحتاج للصوديوم من أجل عملية امتصاصه؟
3118,3120,Y1,Neurology,Internal Medicine,أستيل كولين.,نورابينفرين.,أدرينالين.,النورابينفرين أو الأستيل كولين.,,,D,ABCD,الناقل العصبي الذي يتحرر من العصبونات بعد العقدة في القسم الودي هو:,النورابينفرين أو الأستيل كولين.,ما هو الناقل العصبي الذي يتحرر من العصبونات بعد العقدة في القسم الودي؟
3119,3121,Y1,Neurology,Internal Medicine,كونه معصب بالقسم الودي.,كونه معصب بالقسم اللاودي.,كونه معصب بالقسمين معاً.,نمط المستقبلات الموجودة في العضو.,,,D,ABCD,يتحدد نمط استجابة العضو المعصب بواسطة الجهاز العصبي المستقل (استثارة أو تثبيط) بـ:,نمط المستقبلات الموجودة في العضو.,ما الذي يحدد نمط استجابة العضو المعصب بواسطة الجهاز العصبي المستقل (استثارة أو تثبيط)؟
3125,3127,Y1,Neurology,Internal Medicine,الأستيل كولين.,السيروتونين.,الأدرينالين.,النور أدرينالين.,,,A,ABCD,الناقل الكيميائي الذي تحرره جميع العصبونات قبل العقدة هو:,الأستيل كولين.,ما هو الناقل الكيميائي الذي تحرره جميع العصبونات قبل العقدة؟
3128,3130,Y1,Neurology,Internal Medicine,أستيل كولين.,نور أدرينالين.,دوبامين.,أستيل التميم A.,,,A,ABCD,جميع الألياف اللا ودية بعد العقدية يتحرر من طرفياتها:,أستيل كولين.,ما هو الناقل العصبي الذي يتحرر من طرفيات جميع الألياف اللاودية بعد العقدية؟
3138,3140,Y1,Cardiology,Internal Medicine,عندما تنفتح يتجاوز التيار الداخل من الصوديوم التيار الخارج من البوتاسيوم,عندما تنفتح يتجاوز التيار الخارج من البوتاسيوم التيار الداخل من الصوديوم,تتأثر هذه القنوات بالأدرينالين أكثر من الأستيل كولين,تبقى هذه القنوات مفتوحة خلال كامل فترة زوال الاستقطاب,,,A,ABCD,الميزة التي تتمتع بها قنوات IF في النسيج العقدي القلبي التي يمكنها من توليد التنبيه عفوياً:,عندما تنفتح يتجاوز التيار الداخل من الصوديوم التيار الخارج من البوتاسيوم,ما هي الميزة التي تتمتع بها قنوات IF في النسيج العقدي القلبي التي تمكنها من توليد التنبيه عفوياً؟
3139,3141,Y1,Cardiology,Internal Medicine,إنهاء تقلص الأذينات قبل بدء تقلص البطينات.,يطيل فترة تقلص الأذينة.,يطيل فترة كامن الفعل.,يحمي عضلة القلب من التكزز.,,,A,ABCD,الفائدة الوظيفية من التأخير الزمني في لكامن الفعل لمدة 0.1 ثانية عند مروره في العقدة الأذينية البطينية هو:,إنهاء تقلص الأذينات قبل بدء تقلص البطينات.,ما هي الفائدة الوظيفية من التأخير الزمني في كمون الفعل لمدة 0.1 ثانية عند مروره في العقدة الأذينية البطينية؟
3145,3147,Y1,Cardiology,Internal Medicine,تتوقف عن العمل,تتباطأ انقباضاتها,تتسرع انقباضاتها,لا تتأثر,,,B,ABCD,في حال توقف العقدة الجيبية الأذينية عن العمل فإن البطينات:,تتباطأ انقباضاتها,ماذا يحدث للبطينات في حال توقف العقدة الجيبية الأذينية عن العمل؟
3147,3149,Y1,Cardiology,Internal Medicine,دخول شوارد الكالسيوم.,دخول شوارد الصوديوم.,عدم دخول شوارد البوتاسيوم.,ليس أياً مما سبق.,,,A,ABCD,سبب ظهور طور الهضبة في كامن فعل العضلة القلبية هو:,دخول شوارد الكالسيوم.,ما هو سبب ظهور طور الهضبة في كامن فعل العضلة القلبية؟
3150,3152,Y1,Cardiology,Internal Medicine,الصوديوم.,الكالسيوم.,البوتاسيوم.,الكلور.,,,B,ABCD,يعود طور الهضبة في كمون عمل الليف العضلي القلبي إلى انفتاح أقنية:,الكالسيوم.,ما هو سبب طور الهضبة في كمون عمل الليف العضلي القلبي؟
3173,3175,Y4,Oncology,Internal Medicine,الورم البدني,سلسلة العقد اللمفاوية الحرقفية والأبهرية,سلسلة العقد الإربية,المنصف,التقائل الرئوية,,B,ABCDE,تلعب المعالجة الإشعاعية دوراً هاما في علاج أورام الخصية من النمط المنوي وذلك بتطبيقها على :,سلسلة العقد اللمفاوية الحرقفية والأبهرية,ما هي المناطق التي تطبق عليها المعالجة الإشعاعية في علاج أورام الخصية من النمط المنوي؟
3178,3180,Y4,Oncology,Internal Medicine,اللسان,الحبل الصوتي,الثدي,البروستات,عنق الرحم,,C,ABCDE,لا تعتبر المعالجة الشعاعية معالجة شافية إذا استخدمت لوحدها في المراحل المبكرة من أورام :,الثدي,ما هي الأورام التي لا تعتبر المعالجة الشعاعية معالجة شافية لها إذا استخدمت لوحدها في المراحل المبكرة؟
3184,3186,Y4,Oncology,Internal Medicine,۱۸ غري,٢٤ غري,٣٠ غري,٣٦ غري,٤٢ غري,,C,ABCDE,في حال تقرر إجراء تشعيع وقائي للقحف بجرعة ٢ غري في كل جلسة فإن الجرعة الكلية الموصى بها :,٣٠ غري,ما هي الجرعة الكلية الموصى بها في حال تقرر إجراء تشعيع وقائي للقحف بجرعة ٢ غري في كل جلسة؟
3185,3187,Y4,Oncology,Internal Medicine,ساعتان,٣ ساعات,٤ ساعات,٥ ساعات,٦ ساعات,,E,ABCDE,عند إجراء المعالجة الشعاعية بطريق التجزئة المفرطة فإن الزمن الأقل الفاصل بين كل جلستين هو :,٦ ساعات,ما هو الزمن الأقل الفاصل بين كل جلستين عند إجراء المعالجة الشعاعية بطريق التجزئة المفرطة؟
3189,3191,Y1,Gastroenterology,Internal Medicine,حمض كلور الماء الموجود في المعدة.,العامل الداخلي.,الفيتامين B12,الغلوكاغون.,السوماتوستائين.,,A,ABCDE,يحول مولد الببسين إلى ببسين:,حمض كلور الماء الموجود في المعدة.,ما الذي يحول مولد الببسين إلى ببسين؟
3200,3202,Y5,Neurology,Internal Medicine,الفصل الصدغي,الفصل الجداري,العصب البصري,التصالب البصري,السبيل البصري,,A,ABCDE,عمي ربعي علوي أيمن مماثل يحدث بسبب إصابة في:,الفصل الصدغي,ما هو سبب حدوث عمى ربعي علوي أيمن مماثل؟
3205,3207,Y5,Neurology,Internal Medicine,أسبوعين,3أسابيع,4أسابيع,6أسابيع,8أسابيع,,C,ABCDE,الصداع المزمن هو الصداع الذي يتطور خلال أكثر من:,4أسابيع,ما هي المدة الزمنية التي يتطور خلالها الصداع المزمن؟
3207,3209,Y5,Neurology,Internal Medicine,الشقيقة,الصداع العنقودي,صداع التوتر,ألم العصب مثلث التوائم,الألم العصبي التالي للهوبس,,C,ABCDE,صداع غير نابض ثنائي الجانب قد يرتبط بتشنج عضلات الرقبة:,صداع التوتر,ما هو نوع الصداع غير النابض ثنائي الجانب الذي قد يرتبط بتشنج عضلات الرقبة؟
3282,3284,Y3,Microbiology,Microbiology,التراب,القولونات,الماء,أثناء التغوط,الصائم,,D,ABCDE,يحدث التكيس للجيارديا اللمبلية في:,أثناء التغوط,أين يحدث التكيس للجيارديا اللمبلية؟
3286,3288,Y3,Microbiology,Microbiology,الفخرية البنكروفتية,كلابية الذئب الملتوية,اللوا لوا,المحرشفة الصغيرة,المثقبية الكروزية,,C,ABCDE,الذبابة ذهبية العيون Chrysop هي ثوي ناقل ل,اللوا لوا,ما هي الذبابة ذهبية العيون Chrysop ثوي ناقل له؟
3291,3293,Y3,Microbiology,Microbiology,24 ساعة,1-2 أسبوع,4-6 أسبوع,ثلاثة أشهر,ستة أشهر,,B,ABCDE,تظهر إيجابية اختبار سابين فيلدمان بعد العدوى ب:,1-2 أسبوع,ما هو المرض الذي تظهر إيجابية اختبار سابين فيلدمان بعد العدوى به؟
3313,3315,Y3,Microbiology,Microbiology,الأقاسيم المتحركة,المتقسمة,الشكل الخاتمي,الشكل الأميبي,الحيوانات البوغية,,A,ABCDE,تنتهي المرحلة الخارج خلوية للمتصورات بتحرر:,الأقاسيم المتحركة,ما الذي تنتهي به المرحلة الخارج خلوية للمتصورات؟
3333,3335,Y3,Microbiology,Microbiology,امعاء البعوض,الغدد اللعابية للبعوض,الأوعية اللمفاوية للانسان,أمعاء الانسان,جوف الجوادف,,C,ABCDE,تتكاثر خبيطيات الفخرية البنكروفتية في:,الأوعية اللمفاوية للانسان,أين تتكاثر خبيطيات الفخرية البنكروفتية؟
3334,3336,Y3,Microbiology,Microbiology,الأسطوانية البرازية,الشعرية الحلزونية,الفخرية البنكروفيتية,المثقبية الغامبية,التنينة المدينية,,D,ABCDE,يستخدم عقار melarsporol في علاج:,المثقبية الغامبية,ما هو المرض الذي يستخدم عقار melarsporol في علاجه؟
3336,3338,Y3,Microbiology,Microbiology,الصفر الخراطيني,الملقوة العنجية,المسلكة شعرية الرأس,المرمية الدودية,المشوكة الحبيبية,,D,ABCDE,هناك امكانية لانتقال العدوى الطفيلية من شخص لاخر عند الخمج التالي ب,المرمية الدودية,ما هو الخمج الطفيلي الذي يمكن أن ينتقل من شخص لآخر؟
3339,3341,Y3,Microbiology,Microbiology,الكبد,الطحال,الدماغ,العقد اللمفاوية,الدم ونقي العظم,,B,ABCDE,أفضل أماكن الخزع التشخيصية القندية في جسم الإنسان:,الطحال,ما هي أفضل أماكن الخزع التشخيصية القندية في جسم الإنسان؟
3363,3365,Y3,Microbiology,Microbiology,الشريطية,الديدان القوسية,الشعرية الحلزونية,مشركة الشفة اللجوجة,,,B,ABCDE,المسبب لداء هجرة اليرقات الجلدي :,الديدان القوسية,ما هو المسبب لداء هجرة اليرقات الجلدي؟
3369,3371,Y3,Microbiology,Microbiology,البرازيكونتيل,النيكلوساميد,الأمفوتريسين,الكينين,المترونيدازول,,C,ABCDE,العلاج المناسب المتحولة العصبية: naegleria fowleria,الأمفوتريسين,ما هو العلاج المناسب للمتحولة العصبية naegleria fowleri؟
3384,3386,Y3,Microbiology,Microbiology,الرئة,العضلات,الدم,الجهاز العصبي المركزي,الأمعاء,,D,ABCDE,تتوضع يرقات الأسطوانية الوعائية عند الإنسان في,الجهاز العصبي المركزي,أين تتوضع يرقات الأسطوانية الوعائية عند الإنسان؟
3406,3408,Y3,Microbiology,Microbiology,البيضة,خليفة المذنبة,الحيوان البوغي,المذنب,المهذبة .,,B,ABCDE,الشكل المعدي للانسان من متفرعة الخصية الصينية,خليفة المذنبة,ما هو الشكل المعدي للإنسان من متفرعة الخصية الصينية؟
3408,3410,Y3,Microbiology,Microbiology,الجزء النهائي من الدقاق,الجزء الأمامي من الصائم,الاثنى عشر,الأعور,القولونات,,B,ABCDE,تتوضع الأسطوانية البرازية عند الإنسان في,الجزء الأمامي من الصائم,أين تتوضع الأسطوانية البرازية عند الإنسان؟
3470,3472,Y5,Ophthalmology,Ophthalmology,العصب العيني,العصب الوجهي,العصب الفكي العلوي,العصب الدمعي,العصب المحرك العيني,,C,ABCDE,العصب الذي يصاب في متلازمة قاع الحجاج هو :,العصب الفكي العلوي,ما هو العصب الذي يصاب في متلازمة قاع الحجاج؟
3497,3499,Y5,Ophthalmology,Ophthalmology,لا يتلاقى فيها المحوران البصريان عند الجسم المنظور,يتلاقى فيها المحوران البصريان في نقطة تقع أمام الجسم المنظور,يتلاقى فيها المحوران البصريان في نقطة تقع خلف الجسم المنظور,يتلاقي فيها محورا الرؤية في نقطة تقع أمام الجسم المنظور,يتلاقى فيها محورا الرؤية في نقطة تقع خلف الجسم المنظور,,D,ABCDE,الحول المتقارب تعريفا هو الحالة التي:,يتلاقي فيها محورا الرؤية في نقطة تقع أمام الجسم المنظور,ما هو تعريف الحول المتقارب؟
3512,3514,Y5,Ophthalmology,Ophthalmology,زيادة إفراز الدمع الأساسي,تخريش الملتحمة,نقص إفراز أساسي مع زيادة إفراز انعكاسي,نقص في التصريف,لا شيء مما ذكر,,D,ABCDE,يحدث فيض الدمع Epiphora بسبب:,نقص في التصريف,ما هي أسباب حدوث فيض الدمع Epiphora؟
3525,3527,Y5,Ophthalmology,Ophthalmology,الأمامي الوحشي,الأمامي الأنسي,الخلفي الوحشي,الخلفي الأنسي,لا تفع في الجدار العلوي,,B,ABCDE,تقع حفيرة البكرة في الجدار العلوي للحجاج في قسمه :,الأمامي الأنسي,أين تقع حفيرة البكرة في الجدار العلوي للحجاج؟
3540,3542,Y5,Ophthalmology,Ophthalmology,النصف الأمامي,الثلث الأمامي,الربع الأمامي,الخمس الأمامي,السدس الأمامي,,E,ABCDE,تشكل القرنية من سطح غلاف كرة العين الليفي :,السدس الأمامي,ما هي النسبة التي تشكلها القرنية من سطح غلاف كرة العين الليفي؟
3552,3554,Y5,Ophthalmology,Ophthalmology,القرنية العرطلة,القوس الشيخية,القرنية المخروطية,حثل الاندوتيليوم الوراثي,تصلب القرنية,,B,ABCDE,أكثر تنكسات القرنية شيوعا هو :,القوس الشيخية,ما هو أكثر تنكسات القرنية شيوعاً؟
3578,3580,Y5,Ophthalmology,Ophthalmology,الحول الشللي,تحت خلع العدسة,الحول التوافقي,التهاب القزحية والجسم الهدبي,انفصال شبكية,,B,ABCDE,تشاهد الرؤية المزدوجة الأحادية الجانب في:,تحت خلع العدسة,ما هي الحالات التي تشاهد فيها الرؤية المزدوجة الأحادية الجانب؟
3599,3601,Y5,Ophthalmology,Ophthalmology,الزهري,الإيدز,داء ويلسون,عوز فيتامين A,الحلأ النطاقي,,C,ABCDE,تشاهد حلقة كاي زر- فليشر عند المرضى المصابين ب :,داء ويلسون,ما هو المرض الذي يشاهد فيه حلقة كاي زر- فليشر عند المرضى؟
3605,3607,Y5,Ophthalmology,Ophthalmology,الاستمرار في استخدام الصادات,اللجوء للجراحة فورا,الاستمرار في المراقبة,يجب اخذ خزعة من الورم,,,D,ABCD,في الحالات المعندة وغير المستجيبة للعلاج في الورم الكاذب للحجاج يجب:,يجب اخذ خزعة من الورم,ما الذي يجب فعله في الحالات المعندة وغير المستجيبة للعلاج في الورم الكاذب للحجاج؟
3607,3609,Y5,Ophthalmology,Ophthalmology,فقد حس الملتحمة والقرنية,شلل حركي تام للعين,جحوظ مقلة,حول انسي,,,A,ABCD,إن إصابة الشعبة العينية من العصب الخامس في متلازمة الشق الحجاجي العلوي تؤدي إلى:,فقد حس الملتحمة والقرنية,ما هي النتائج التي تؤدي إليها إصابة الشعبة العينية من العصب الخامس في متلازمة الشق الحجاجي العلوي؟
3618,3620,Y5,Ophthalmology,Ophthalmology,ضمور عصب بصري,خثرة الوريد الشبكي المركزي,التهاب العصب البصري الاقفاري,التهاب العصب البصري خلف المقلة,,,C,ABCD,مريض عمره 65 سنة لديه فقد رؤية في النصف العلوي من الساحة البصرية البدء مفاجئ التشخيص الأقرب:,التهاب العصب البصري الاقفاري,ما هو التشخيص الأقرب لمريض عمره 65 سنة لديه فقد رؤية في النصف العلوي من الساحة البصرية مع بدء مفاجئ؟
3665,3667,Y5,Ophthalmology,Ophthalmology,بداية ظهور القرحة,مرحلة شفاء القرحة,غزاراة الجراثيم في القرحة,تقبب غشاء ديسميه وخطر انثقابه,ليس له أي دلالة,,D,ABCDE,ظهور تقبب على شكل حويصل أسود في قعر القرحة القرنية الجرثومية يدل على :,تقبب غشاء ديسميه وخطر انثقابه,ما الذي يدل عليه ظهور تقبب على شكل حويصل أسود في قعر القرحة القرنية الجرثومية؟
3678,3680,Y5,Ophthalmology,Ophthalmology,بعد أصابع الفاحص,بتحريك يد الفاحص أمام عين المريض,باستخدام منبع ضوئي متحرك من الجهات الأربعة,نعتبر أن حدة البصر معدومة,كل الإجابات السابقة خاطئة,,A,ABCDE,إذا لم يتمكن المريض من قراءة أكبر أحرف اللوحة، الطريق التالية لتقدير حدة البصر لديه:,بعد أصابع الفاحص,ما هي الطريقة التالية لتقدير حدة البصر لدى المريض إذا لم يتمكن من قراءة أكبر أحرف اللوحة؟
3681,3683,Y5,Ophthalmology,Ophthalmology,تدهور حدة الرؤية,رؤية مزدوجة,حول متناوب,كل ما سبق صح,كسل وظيفي,,B,ABCDE,في الحول الشئلي عند البالغين يشكو المريض من:,رؤية مزدوجة,ما الذي يشكو منه المريض في الحول الشللي عند البالغين؟
3698,3700,Y2,Pathology,Pathology,اليرقان الانحلالي,اليرقان الكبدي,اليرقان الانسدادي,كل ماسبق خطأ,,,C,ABCD,ينعدم يوروبيلينوجين البول في,اليرقان الانسدادي,متى ينعدم يوروبيلينوجين البول؟
3700,3702,Y2,Pathology,Pathology,ALT,اميلاز,ليباز,كل ماسبق خطأ,,,A,ABCD,في الاحتباس الصفراوي ما هو الانزيم الافضل للوصول للتشخيص,ALT,في الاحتباس الصفراوي ما هو الانزيم الأفضل للوصول للتشخيص؟
3711,3713,Y2,Pathology,Pathology,ترتفع الموجة a_2غلوبيولين وتنخفض موجة الالبومين,ترتفع الموجة a_2غلوبيولين وترتفع الموجة a_1غلوبيولين,ترتفع موجة الالبومين وترتفع موجة غاما غلوبيولين,يرتفع موجة a_1غلوبيولين وترتفع الموجة β,,,B,ABCD,نتيجة رحلان البروتينات في الالتهابات الحادة :,ترتفع الموجة a_2غلوبيولين وترتفع الموجة a_1غلوبيولين,ما هي نتيجة رحلان البروتينات في الالتهابات الحادة؟
3718,3720,Y2,Pathology,Pathology,الكوليسترول,أمونيا,البيريدوكسامين,الكولين,,,B,ABCD,المركب الذي يتم اصطناعه بدءا من الحموض الأمينية هو:,أمونيا,ما هو المركب الذي يتم اصطناعه بدءا من الحموض الأمينية؟
3728,3730,Y2,Pathology,Pathology,الصداع,الشحوب,التكزز,ضخامة الطحال,,,B,ABCD,من اعراض فقر الدم بعوز الحديد عند المريض,الشحوب,ما هي أعراض فقر الدم بعوز الحديد عند المريض؟
3729,3731,Y2,Pathology,Pathology,النقرص,اليوريميا,الازوتيميا قبل الكلوية,"الازوتيميا بعد الكلوية 
 التوضيح : نلاحظ وجود ارتفاع متناسب بين البولة والكرياتينيم مما يؤدي لانها حالة ازوتيميا كلوية.",,,B,ABCD,مريضة عمرها 44 سنة تشكو من تعب عام، تم إجراء الاختبارات الكيميائية فكانت قيمة البولة الدموية 140 (13) ملغ دل وقيمة الكرياتنين هي 6 ملغ دل وحمض البول 4 ملغ دل. المريضة تعاني من حالة هي:,اليوريميا,ما هي الحالة التي تعاني منها مريضة عمرها 44 سنة تشكو من تعب عام وكانت قيمة البولة الدموية 140 ملغ/دل وقيمة الكرياتنين 6 ملغ/دل وحمض البول 4 ملغ/دل؟
3731,3733,Y2,Pathology,Pathology,عوز الحديد,داء ويلسون,فرط حمولة الحديد,نقص المغنزيوم,,,B,ABCD,سبب تشمع الكبد عند مريض عمره 12 سنة هو:,داء ويلسون,ما هو سبب تشمع الكبد عند مريض عمره 12 سنة؟
3732,3734,Y2,Pathology,Pathology,نقص مغنيزيوم,عوز الحديد,داء ويلسون,فرط حمولة الحديد,,,C,ABCD,مريض عمره 12 سنة يشكو من قصور ( تشمع كبد ) احتمال أن يكون:,داء ويلسون,ما هو الاحتمال الأكثر ترجيحاً لسبب تشمع الكبد عند مريض عمره 12 سنة؟
3734,3736,Y2,Pathology,Pathology,شخص سليم,مريض سكري,لديه عدم تحمل السكر مطلقاً,ليس أي مما سبق,,,B,ABCD,مريض عنده الغلوكوز 210 ملغ / دل فهو :,مريض سكري,ما هو تصنيف مريض عنده الغلوكوز 210 ملغ / دل؟
3735,3737,Y2,Pathology,Pathology,شخص طبيعي,مريض سكري,معه اضطراب تحمل السكر صيامي,ليس أي مما سبق,,,B,ABCD,مريض تم تحليل الغلوكوز الصيامى له فكانت النتيجة : 128 ملغ /دل فهو :,مريض سكري,ما هو تصنيف مريض تم تحليل الغلوكوز الصيامي له فكانت النتيجة 128 ملغ/دل؟
3736,3738,Y3,Pharmacology,Pharmacology,الحديد,النحاس,الكالسيوم,الصوديوم,البوتاسيوم,,C,ABCDE,المركب ايتلين ديامين تترا استات مركب لاقط لـ :,الكالسيوم,ما هو المركب الذي يعتبر ايتلين ديامين تترا استات مركباً لاقطاً له؟
3737,3739,Y3,Pharmacology,Pharmacology,الايميتين,الكولشيمين,داي بيريدامول,الريزربين,لوسارتان,,B,ABCDE,مركب يستخدم في تدبير حمى البحر الابيض المتوسط,الكولشيمين,ما هو المركب الذي يستخدم في تدبير حمى البحر الأبيض المتوسط؟
3740,3742,Y3,Pharmacology,Pharmacology,الأول.,الثاني.,الثالث.,الرابع.,الخامس.,,B,ABCDE,داء الفقاع المحرض دوائياً يعود للنمط التحسسي:,الثاني.,ما هو النمط التحسسي الذي يعود إليه داء الفقاع المحرض دوائياً؟
3741,3743,Y3,Pharmacology,Pharmacology,تثبيط PDE,تنشيط مستقبلات ال GABAA,قفل مستقبلات ال GABAA,تثبيط نشاط مستقبلات NMDA,تنشيط مستقبلات NMDA,,A,ABCDE,آلية تاثير المركب دابيريدامول تعتمد على:,تثبيط PDE,ما هي آلية تأثير المركب دابيريدامول؟
3772,3774,Y3,Pharmacology,Pharmacology,50 ملغ .,. 17.5 ملغ.,25 ملغ.,. 37.5 ملغ.,35 ملغ.,,C,ABCDE,"إذا كانت جرعة دواء عند البالغ ۱۰۰ ملغ فإن جرعته عند طفل وزنه 17,5 كغ هي:",25 ملغ.,"ما هي جرعة الدواء عند طفل وزنه 17,5 كغ إذا كانت جرعة البالغ 100 ملغ؟"
3790,3792,Y3,Pharmacology,Pharmacology,80,100,120,140 .,كل ماسبق خطا,,B,ABCDE,إن معدل التصفية الكلوية للكرياتينين عند رجل عمره 40 سنة ومستوى كرياتينين الدم 1 ملغ دل و وزنه ۷۲ كغ مقدرة بـ مل / د هي :,100,ما هو معدل التصفية الكلوية للكرياتينين عند رجل عمره 40 سنة ومستوى كرياتينين الدم 1 ملغ/دل ووزنه 72 كغ؟
3802,3804,Y2,Physiology,Physiology,الخلايا المساعدة.,الخلايا القاتلة.,الخلايا الذاكرة.,الخلايا الكابتة,,,B,ABCD,خلايا تقوم بإفراز بروتين برفورين الذي يفتح ثقوب في غشاء الخلية الهدف :,الخلايا القاتلة.,ما هي الخلايا التي تقوم بإفراز بروتين برفورين الذي يفتح ثقوب في غشاء الخلية الهدف؟
3805,3807,Y1,Physiology,Physiology,ازداد معدل الانتشار.,انخفض معدل الانتشار.,لم يتأثر معدل الانتشار.,ازدادت السرعة التي تتحرك بها الجزيئات.,,,B,ABCD,- كلما زاد الوزن الجزيئي للغاز:,انخفض معدل الانتشار.,كيف يتأثر الغاز كلما زاد وزنه الجزيئي؟
3807,3809,Y2,Physiology,Physiology,الانكسار,الانتشار,الانعكاس,الامتصاص,,,B,ABCD,المبدأ الأساسي للتشتت هو:,الانتشار,ما هو المبدأ الأساسي للتشتت؟
3808,3810,Y1,Physiology,Physiology,الاول,الثالث,الخامس,العاشر,,,B,ABCD,الدور الأساسي للعامل السابع هو تسريع تشكل العامل:,الثالث,ما هو العامل الذي يسرع العامل السابع تشكله؟
3811,3813,Y2,Physiology,Physiology,الخلط المائي و الزجاج للعين.,سوائل غشاء الجنبة والتامور.,السيتوبلازما.,الأكياس الزليلة للمفاصل.,,,C,ABCD,السائل داخل الخلايا يكون في,السيتوبلازما.,ما هو السائل الموجود داخل الخلايا؟
3814,3816,Y1,Physiology,Physiology,التعرف الحيزي,تمييز حس النقطتين,الحس المجسم,اضطراب نظم,,,B,ABCD,مقدرة شخص على ادراك منبهيين لمسيين مطبقين على منطقة من سطح الجسم على انهما منفصلتان :,تمييز حس النقطتين,ما هي مقدرة شخص على إدراك منبهين لمسيين مطبقين على منطقة من سطح الجسم على أنهما منفصلان؟
3815,3817,Y1,Physiology,Physiology,غياب النخاعين في معظم الألياف,قصر المحور الأسطواني لهذه الألياف,غياب غمد شوان,عدم وجود الخلايا الدبقية قليلة التغصنات,,,C,ABCD,سبب عدم قدرة ألياف الجهاز العصبي المركزي على التجدد هو:,غياب غمد شوان,ما هو سبب عدم قدرة ألياف الجهاز العصبي المركزي على التجدد؟
3818,3820,Y2,Physiology,Physiology,فوق البنفسجي,تحت الأحمر القريب,تحت الأحمر المتوسط,تحت الأحمر البعيد,,,B,ABCD,أن النسخ السيولوجية شفافة نسبيا في المجال:,تحت الأحمر القريب,ما هو المجال الذي تكون فيه النسخ السيتولوجية شفافة نسبياً؟
3821,3823,Y1,Physiology,Physiology,الضغط الجزئي للأوكسجين في الدم PO2.,تركيز ثنائي أوكسيد الكربون في الدم PCO2.,تركيز شوارد الهيدروجين في الدم.,تركيز 2.3 ثنائي فوسفات الغليسيرات DPG في الدم.,,,A,ABCD,. العامل الرئيسي الذي يحدد ارتباط الأكسجين بخضاب الدم هو:,الضغط الجزئي للأوكسجين في الدم PO2.,ما هو العامل الرئيسي الذي يحدد ارتباط الأكسجين بخضاب الدم؟
3826,3828,Y2,Physiology,Physiology,تلقيم راجع سلبي للثرومبين.,تلقيم راجع إيجابي للثرومبين.,تنشيط العامل ال ٦.,تثبيط سبل التخثر.,,,B,ABCD,العامل ٣ مع ca يؤدي الى :,تلقيم راجع إيجابي للثرومبين.,ما الذي يؤدي إليه العامل ٣ مع الكالسيوم؟
3829,3831,Y2,Physiology,Physiology,التعرض للشدة والحمى.,عند انخفاض دراجة الحرارة.,عند استئصال الطحال.,عند ظهور تكتلات ورمية.,,,A,ABCD,في التلاسيميا يزداد الانحلال عند :,التعرض للشدة والحمى.,متى يزداد الانحلال في التلاسيميا؟
3830,3832,Y1,Physiology,Physiology,A,B,C,K,,,D,ABCD,الفيتامين الأساسي في عملية تشكيل عوامل التخثر:,K,ما هو الفيتامين الأساسي في عملية تشكيل عوامل التخثر؟
3836,3838,Y1,Physiology,Physiology,الخلوي,النسيجي,الجهازي,الكائن الحي ككل,,,B,ABCD,دراسة آلية و توليد و نقل كوامن الفعل فى القلب هي جزء من الفيزيولوجيا على المستوى (سؤال ربط مع الفصل الخامس ),النسيجي,ما هو المستوى من الفيزيولوجيا الذي تنتمي إليه دراسة آلية وتوليد ونقل كوامن الفعل في القلب؟
3837,3839,Y1,Physiology,Physiology,في المشابك بين العصبونات قبل العقدية وبعد العقدية للودي,في المشابك بين العصبونات قبل العقدية وبعد العقدية نظير الودية,أغشية خلايا العضالت الهيكلية,العقدة الجيبية الأذينية في القلب,,,D,ABCD,توجد المستقبالت النيكوتينية في الأماكن التالية:,العقدة الجيبية الأذينية في القلب,أين توجد المستقبلات النيكوتينية؟
3846,3848,Y1,Physiology,Physiology,كمية البروتينات في الغشاء الخلوي,مقدار ذوبانه في الشحوم,وظيفة الخلية,كل مما سبق خاطئ,,,B,ABCD,تعتمد سرعة انتشار الأوكسجين عبر غشاء الخلية على:,مقدار ذوبانه في الشحوم,ما الذي تعتمد عليه سرعة انتشار الأوكسجين عبر غشاء الخلية؟
3850,3852,Y1,Physiology,Physiology,تتحرض الغدة النخامية لافراز THS,ترسل الخلايا المتأثرة به إشارات تلقيم ايجابي,تتوقف الغدة النخامية عن افراز THS,كل ما سبق صحيح,,,C,ABCD,عندما يصل التيروكسين الى المستوى الدوراني المطلوب:,تتوقف الغدة النخامية عن افراز THS,ماذا يحدث عندما يصل التيروكسين إلى المستوى الدوراني المطلوب؟
3851,3853,Y1,Physiology,Physiology,توليد إشارات تجعلها ناظمة للقلب,"تأخير زمن مرور الإشارة بمقدار ,1 0 ثانية",تأمين المقوية الودية للقلب,تأمين وصول الإشارات إلى شغاف القلب,,,A,ABCD,الوظيفة الرئيسية للعقدة الأذينية البطينية في الحالت السوية:,توليد إشارات تجعلها ناظمة للقلب,ما هي الوظيفة الرئيسية للعقدة الأذينية البطينية في الحالات السوية؟
3853,3855,Y1,Physiology,Physiology,الأستيل كولين والكوليسيستوكينين,الأستيل كولين والسكرتين,السكرتين والكوليسيستوكينين,السكرتين والغاسترين,,,A,ABCD,تحّرض العوامل التالية إفراز عصارة بنكرياسية غنّية بالإنزيمات:,الأستيل كولين والكوليسيستوكينين,ما هي العوامل التي تحرض إفراز عصارة بنكرياسية غنية بالإنزيمات؟
3855,3857,Y1,Physiology,Physiology,النبيبات الدانية,عروة هانلي,النبيبات القاصية,النبيبات الجامعة,,,A,ABCD,يتم إعادة امتصاص القسم الأعظم من الماء المرتشح في مستوى:,النبيبات الدانية,أين يتم إعادة امتصاص القسم الأعظم من الماء المرتشح؟
3859,3861,Y1,Physiology,Physiology,لانغلاق الصمامات السينية,تقبض البطنيات,انغلاق الصمامات الأذينية البطينية,تقبض الاذينات,,,C,ABCD,الصوت الأول للقلب ناتج عن :,انغلاق الصمامات الأذينية البطينية,ما هو سبب الصوت الأول للقلب؟
3864,3866,Y1,Physiology,Physiology,العقدة الجيبية الأذينية.,العقدة الأذينية البطينية.,حزمة هيس.,ألياف بوركنجي.,,,A,ABCD,الخلايا التي تمتلك أسرع النظم الأسرع من زوال الاستقطاب:,العقدة الجيبية الأذينية.,ما هي الخلايا التي تمتلك أسرع معدل لزوال الاستقطاب؟
3866,3868,Y1,Physiology,Physiology,العامل الخامس,العامل الثالث,العامل السابع,العامل التاسع,,,C,ABCD,وظيفته تسريع عملية تشكل الترومبوبلاستين الصفيحي:,العامل السابع,ما هو الذي وظيفته تسريع عملية تشكل الترومبوبلاستين الصفيحي؟
3867,3869,Y1,Physiology,Physiology,المجموعة التنفسية الظهرية,المجموعة التنفسية البطنية,مولد النسق المركزي,مركز التنفس الجسري,,,D,ABCD,يعمل على تسهيل الانتقال بين الشهيق والزفير :,مركز التنفس الجسري,ما الذي يعمل على تسهيل الانتقال بين الشهيق والزفير؟
3869,3871,Y2,Physiology,Physiology,بزيادة كمية السيرفاكتانت,بتضيق فوهة القصيبات,بزيادة قطر المنفذ,بزيادة نسبة التهوية على التروية,,,B,ABCDE,يزداد التخصص في الأسناخ الرئوية,بتضيق فوهة القصيبات,ما الذي يزداد في الأسناخ الرئوية؟
3870,3872,Y1,Physiology,Physiology,البرولاكتين,الموجهة الكظرية,هرمون النمو,الموجهة التناسلية,,,C,ABCD,يعرف بالموجهة الجسدية:,هرمون النمو,ما يعرف بالموجهة الجسدية؟
3872,3874,Y1,Physiology,Physiology,المخ,البصلة السيسانية,الوطاء,المهاد,,,C,ABCD,العقدة الرأسية للجهاز العصبي المستقل هي:,الوطاء,ما هي العقدة الرأسية للجهاز العصبي المستقل؟
3874,3876,Y1,Physiology,Physiology,البصلة السيسائية,جسر الدماغ,الجسم اللوزي,الوطاء,,,D,ABCD,محطة رئيسية دماغية تتكامل فيها وظائف الجهاز العصبي المستقل مع وظائف البنى العصبية الأخرى:,الوطاء,ما هي المحطة الرئيسية الدماغية التي تتكامل فيها وظائف الجهاز العصبي المستقل مع وظائف البنى العصبية الأخرى؟
3878,3880,Y1,Physiology,Physiology,الأستيل كولين,النور أدرينالين,الاستيل كولين أو النور أدرينالين,الدوبامين,,,C,ABCD,الناقل العصبي المحرر من طرفيات الألياف بعد العقدية فى القسم الودي :,الاستيل كولين أو النور أدرينالين,ما هو الناقل العصبي المحرر من طرفيات الألياف بعد العقدية في القسم الودي؟
3889,3891,Y1,Physiology,Physiology,إنتاج التستستيرون,تغذية النطاف,تثبيط الحاثةFSH,تحرض نمو وتطور الأعضاء التناسلية الظاهرة,,,B,ABCD,تؤدي خلايا سيرتولي في الخصية دواراً مهماً في:,تغذية النطاف,ما هو الدور المهم الذي تؤديه خلايا سيرتولي في الخصية؟
3895,3897,Y2,Physiology,Physiology,الشريان الرئوي.,الشريان الأبهر مباشرة.,الفروع القصبية للأبهر.,الفروع الرئوية للأبهر.,,,C,ABCD,يتروى النسيج الضام للرئة ب:,الفروع القصبية للأبهر.,ما هو الذي يروي النسيج الضام للرئة؟
3900,3902,Y1,Physiology,Physiology,القنوات المبوبة بالربيطة,قنوات البروتين,قنوات شحمية,القنوات المبوبة بالفولطاج,,,D,ABCD,البوابات التي تتحكم بنفوذية القنوات للشوارد التي تسهم في تشكيل كامن الفعل:,القنوات المبوبة بالفولطاج,ما هي البوابات التي تتحكم بنفوذية القنوات للشوارد التي تسهم في تشكيل كامن الفعل؟
3907,3909,Y1,Physiology,Physiology,جهاز الدوران,جهاز التنفس,العصبى الصماوى,جهاز الهضم,,,C,ABCD,أجهزة التحكم والضبط والمراقبة في الجسم:,العصبى الصماوى,ما هي أجهزة التحكم والضبط والمراقبة في الجسم؟
3912,3914,Y1,Physiology,Physiology,النواقل عصبية,الهرمونات,الهرمونات العصبية الصماوية,السيتوكينات,,,A,ABCD,تحررها نهايات المحاوير العصبية في المشابك والموصلات المشبكية :,النواقل عصبية,ما هي المواد التي تحررها نهايات المحاوير العصبية في المشابك والموصلات المشبكية؟
3914,3916,Y1,Physiology,Physiology,النحاس,الحديدي,الكلور,الأوكسجين,,,B,ABCD,الترانسفيرين ينقل:,الحديدي,ماذا ينقل الترانسفيرين؟
3916,3918,Y1,Physiology,Physiology,حس الألم,حس الحرارة,الإحساسات الجنسية,حس الدغدغة,,,A,ABCD,الإحساس الذي يمكن أن ُيدرك كلياً في لمهاد هو:,حس الألم,ما هو الإحساس الذي يمكن أن يُدرك كلياً في المهاد؟
3917,3919,Y1,Physiology,Physiology,المشابك بين العصبونات قبل العقدية وبعد العقدية للجهاز اللاودي,العقد المستقلة,الخلايا المستجيبة للتنبيه بالعصبونات الكولينية الفعل بعد العقدية,الوصل العصبي العضلي,,,C,ABCD,توجد المستقبلات المسكارينية في:,الخلايا المستجيبة للتنبيه بالعصبونات الكولينية الفعل بعد العقدية,أين توجد المستقبلات المسكارينية؟
3928,3930,Y1,Physiology,Physiology,A,B,AB,O,,,D,ABCD,اذا كانت الكرية الحمراء لا تحوي مولد ارتصاص فتكون الزمرة:,O,ما هي الزمرة الدموية إذا كانت الكرية الحمراء لا تحوي مولد ارتصاص؟
3933,3935,Y1,Physiology,Physiology,العقدة الأذينية البطينية.,حزمة هيس.,العقدة الجيبية.,ألياف بوركنج.,,,C,ABCD,ناظم القلب هو:,العقدة الجيبية.,ما هو ناظم القلب؟
3939,3941,Y1,Physiology,Physiology,الترومبوكسان A2,البروستاسايكلين,السبروتين,ADP,,,A,ABCD,الجهاز الانزيمي في الخلايا البطانية السليمة يشكل اعتباراً من حمض الاراشيدونيك:,الترومبوكسان A2,ما الذي يشكله الجهاز الانزيمي في الخلايا البطانية السليمة اعتباراً من حمض الاراشيدونيك؟
3946,3948,Y1,Physiology,Physiology,الجذر التربيعي ل قطر الليف,الجذر التكعيبي ل قطر الليف,مربع قطر الليف,مع قطر الليف,,,A,ABCD,تتناسب سرعة النقل في الالياف العصبية اللانخاعينية مع:,الجذر التربيعي ل قطر الليف,ما الذي تتناسب معه سرعة النقل في الألياف العصبية اللانخاعينية؟
3956,3958,Y1,Physiology,Physiology,النواتين الناحلة والإسفينية,القرن الخلفي للنخاع الشوكي,المهاد,التّشكلات الشبكية الصاعدة,,,C,ABCD,تقع أجسام عصبونات المرتبة الثانية للإلحساسات المنقولة بمسلك العمود الظهري في:,المهاد,أين تقع أجسام عصبونات المرتبة الثانية للإحساسات المنقولة بمسلك العمود الظهري؟
3958,3960,Y1,Physiology,Physiology,طردا مع تركيز المادة المنتشرة,طردا مع مدروج تركيز المادة المنتشرة,عكساً مع تركيز المادة المنتشرة,عكساً مع مدروج تركيز المادة المنتشرة,,,B,ABCD,تتناسب سرعة الانتشار البسيط:,طردا مع مدروج تركيز المادة المنتشرة,ما هي العوامل التي تتناسب معها سرعة الانتشار البسيط؟
3960,3962,Y1,Physiology,Physiology,الانتشار,النقل المّيسر,النقل المرافق,النقل الفاعل الأولي,,,A,ABCD,تحرر شوارد الكالسيوم من الشبكة الهيولية في العضلات الهيكلية يحدث بآلية:,الانتشار,ما هي آلية تحرر شوارد الكالسيوم من الشبكة الهيولية في العضلات الهيكلية؟
3962,3964,Y1,Physiology,Physiology,عدم حدوث تبدلت مهمة في وظائف الجهاز العصبي المستقبل عند قطع جذع الدماغ فوق مستوى البصلة,عدم حدوث تبدلت مهمة في وظائف الجهاز العصبي المستقبل عند قطع جذع الدماغ فوق مستوى البصلة,يؤلف الجهاز الحوفي منطقة واسعة من أدمغة الحيوانات الدن,ارتباط الوطاء ارتباطا وثيقا مع الجهاز الحوفي,,,A,ABCD,ما يؤكد الدور األهم للمراكز الشوكية والبصلية في وظيفة الجهاز العصبي المستقل:,عدم حدوث تبدلت مهمة في وظائف الجهاز العصبي المستقبل عند قطع جذع الدماغ فوق مستوى البصلة,ما الذي يؤكد الدور الأهم للمراكز الشوكية والبصلية في وظيفة الجهاز العصبي المستقل؟
3963,3965,Y1,Physiology,Physiology,الوصول لتركيز متساو للمادة على جانبي الغشاء,الحفاظ على مدروج تركيز مرتفع للمادة عبر الغشاء,توفير استهالك الطاقة,زيادة حساسية قنوات الفولطاج,,,B,ABCD,الهدف الساسي للنقل الفاعل عبر الغشاء:,الحفاظ على مدروج تركيز مرتفع للمادة عبر الغشاء,ما هو الهدف الأساسي للنقل الفاعل عبر الغشاء؟
3966,3968,Y1,Physiology,Physiology,الأوعية الدموية للسنخ,العضلات الملس لقصبة السنخ,مستوى السورفاكتانت في الأسناخ,السعة الحيوية للرئتين,,,A,ABCD,يؤثر تغير كمية الأوكسجين في الأسناخ على:,الأوعية الدموية للسنخ,ما الذي يتأثر بتغير كمية الأوكسجين في الأسناخ؟
3973,3975,Y1,Physiology,Physiology,5 أيام,10 أيام,20 يوم,شهر,,,C,ABCD,أقصى مدة لحفظ الدم:,20 يوم,ما هي أقصى مدة لحفظ الدم؟
3976,3978,Y1,Physiology,Physiology,تحويلة فيزيولوجية,حيز ميت فيزيولوجي,التّهوية الكلّية والجريان الكلّي متوافقين,تبقى تروية السنخ كافية,,,B,ABCD,عندما تكون تهوية السنخ أعلى من ترويته الدّموية:,حيز ميت فيزيولوجي,ماذا يحدث عندما تكون تهوية السنخ أعلى من ترويته الدموية؟
3998,4000,Y1,Physiology,Physiology,الاسهال,الأقياء,التجفاف,الجنب وانصباب الجنب,,,D,ABCD,تزداد كمية الماء الموجودة في الاحياز الخاصة:,الجنب وانصباب الجنب,ما هي الحالات التي تزداد فيها كمية الماء الموجودة في الأحياز الخاصة؟
3999,4001,Y1,Physiology,Physiology,TRH,CRH,PIH,GNRH,,,B,ABCD,الهرمون المطلق للموجهة القشرية هو :,CRH,ما هو الهرمون المطلق للموجهة القشرية؟
4002,4004,Y1,Physiology,Physiology,صوديوم,بوتاسيوم,كالسيوم,كلور,,,B,ABCD,الشاردة الإيجابية الأساسية في السائل داخل الخلوي:,بوتاسيوم,ما هي الشاردة الإيجابية الأساسية في السائل داخل الخلوي؟
4011,4013,Y1,Physiology,Physiology,يحوي الراصة Anti A,يحوي الراصة Anti B,لا يحوي راصة,"يحوي الراصتين Anti A, Anti B",,,A,ABCD,شخص يحمل الزمرة B فان مصله:,يحوي الراصة Anti A,ما هو نوع المصل الذي يحمله شخص من الزمرة الدموية B؟
4014,4016,Y2,Physiology,Physiology,الأطفال.,البالغين.,الرجال.,الكهل.,,,A,ABCD,انقلاب الصيغة أكثر شيوعاً عند :,الأطفال.,ما هي الحالة التي يكون فيها انقلاب الصيغة أكثر شيوعاً؟
4024,4026,Y1,Physiology,Physiology,كمّية الدم التي يضخها البطين الأيمن في ضربة واحدة,كمّية الدم التي يضخها البطين الأيمن في الدقيقة الواحدة,كمية الدم التي يضخها البطينان في الدقيقة الواحدة,كمية الدم التي تدخل الأذينة اليمنى في دقيقة واحدة,,,A,ABCD,Stroke Volume هو:,كمّية الدم التي يضخها البطين الأيمن في ضربة واحدة,ما هو حجم الضربة (Stroke Volume)؟
4032,4034,Y1,Physiology,Physiology,الحجم الجاري,الحجم المثالي,حجم الشهيق المخر,حجم الزفير المدخر,,,C,ABCD,أقصي كمية هواء يمكن استنشاقها زيادة علي كمية الحجم الجاري السوية :,حجم الشهيق المخر,ما هي أقصى كمية هواء يمكن استنشاقها زيادة على كمية الحجم الجاري السوية؟
4038,4040,Y1,Physiology,Physiology,إفراز العامل البطاني المرخي من بطانة الأوعية الكبيرة.,إفراز الأنجيوجنين وعامل النمو البطاني.,عبر جملة الرينين أنجيوتنسين.,عبر التعصيب الودي واللاودي.,,,B,ABCD,يتم التنظيم المديد للجريان الموضعي عبر:,إفراز الأنجيوجنين وعامل النمو البطاني.,ما هي الآلية التي يتم من خلالها التنظيم المديد للجريان الموضعي؟
4043,4045,Y1,Physiology,Physiology,البوتاسيوم,الكالسيوم,الصوديوم,الصوديوم والكالسيوم,,,B,ABCD,تحدث قوى جذب بين خيوط الاكتين والميوزين مسببة انزلاق بعضها على بعض بسبب شوارد:,الكالسيوم,ما هي الشوارد التي تسبب قوى الجذب بين خيوط الاكتين والميوزين مما يؤدي إلى انزلاق بعضها على بعض؟
4058,4060,Y1,Physiology,Physiology,زيادة سرعة تقلّص العضلات الملساء,مقدرتها على العودة إلى قوة تقلّصها الأصلية بعد ثوان أو دقائق من تطاولها أو قصرها,تحافظ على تقلّص مقوٍمديد فى العضلات الملمس باستخدام كمية قليلة جداً من الطاقه,جعل قوة تقلص العضلات الملس أكبر من قوة تقلص العضلات الهيكلية,,,C,ABCD,الهدف من آلية المزلاج في العضلات الملساء:,تحافظ على تقلّص مقوٍمديد فى العضلات الملمس باستخدام كمية قليلة جداً من الطاقه,ما هو الهدف من آلية المزلاج في العضلات الملساء؟
4060,4062,Y1,Physiology,Physiology,الخلايا السيسائية,الخلايا الدبقية الصغيرة,الخلايا النجمية,الخلايا الدبقية قليلة التغصنات,,,C,ABCD,الخلايا الدبقية التي تشكل جزء من الحاجز الوعائي الدموي هي:,الخلايا النجمية,ما هي الخلايا الدبقية التي تشكل جزء من الحاجز الوعائي الدموي؟
4063,4065,Y1,Physiology,Physiology,افراز العامل البطاني المرخي في بطانة الأوعية,افراز الانجيوجينين وعامل النمو البطاني,عبر جملة الريلين انجيوتنسين,التعصيب الودي واللاودي,,,B,ABCD,يتم التنظيم المديد للضغط الشرياني عبر:,افراز الانجيوجينين وعامل النمو البطاني,ما هي الآلية التي يتم من خلالها التنظيم المديد للضغط الشرياني؟
4067,4069,Y1,Physiology,Physiology,روفيني.,نهايات عصبية حرة.,مستقبلات الألم.,باشيني.,,,D,ABCD,المستقبلة الأسرع تلاؤماً:,باشيني.,ما هي المستقبلة الأسرع تلاؤماً؟
4072,4074,Y1,Physiology,Physiology,عدم وجود غمد النخاعين,عدم وجود جسيمات مركزية,عدم وجود غمد شوان,كثرة التغصنات العصبية,,,C,ABCD,لا تتمكن الألياف العصبية المركزية من التجديد بسبب:,عدم وجود غمد شوان,لماذا لا تتمكن الألياف العصبية المركزية من التجديد؟
4081,4083,Y1,Physiology,Physiology,السعة الشهيقية,السعة الحيوية,السعة الوظيفية المدخرة + الحجم الجاري,الحجم المدخر الشهيقي,,,C,ABCD,كمية الهواء الموجودة في الرئتين في نهاية شهيق سوي هو:,السعة الوظيفية المدخرة + الحجم الجاري,ما هي كمية الهواء الموجودة في الرئتين في نهاية شهيق سوي؟
4084,4086,Y1,Physiology,Physiology,إنهاء تقلص الأذينات قبل تقلص البطينات,يطيل فترة تقلص الذينة,يطيل فترة كامن الفعل,يحمي عضلة القلب من التباطؤ,,,A,ABCD,الفائدة الوظيفية من التأخير الزمني لكامن الفعل لمدة 0.1 ثانية عند مروره في العقدة الأذينية البطينية هو:,إنهاء تقلص الأذينات قبل تقلص البطينات,ما هي الفائدة الوظيفية من التأخير الزمني لكامن الفعل لمدة 0.1 ثانية عند مروره في العقدة الأذينية البطينية؟
4091,4093,Y1,Physiology,Physiology,الشحوم,السكريات,الماء والشوارد,البروتين,,,C,ABCD,يقتصر الامتصاص المعدي على :,الماء والشوارد,ما هي المواد التي يقتصر عليها الامتصاص المعدي؟
4092,4094,Y2,Physiology,Physiology,كاربوهيموغلوبين.,كاربوكسي هيموغلوبين.,هيماتين.,هيموسيدرين.,,,C,ABCD,تفاعل الهيموغلوبين مع حمض او قلوي يؤدي لتشكل :,هيماتين.,ما هو المركب الذي يتشكل من تفاعل الهيموغلوبين مع حمض أو قلوي؟
4093,4095,Y1,Physiology,Physiology,الصوديوم,البوتاسيوم,الكلور,الغلوكوز,,,B,ABCD,يتناسب افراغة عكسيا مع افراغ الهيدروجين:,البوتاسيوم,ما الذي يتناسب إفراغه عكسياً مع إفراغ الهيدروجين؟
4094,4096,Y2,Physiology,Physiology,الكالسيوم.,الالبومين.,الهرمونات.,الحموض الدهنية.,,,B,ABCD,الغشاء الكبيبي نفوذ ل:,الالبومين.,ما هو الغشاء الكبيبي نفوذ له؟
4095,4097,Y1,Physiology,Physiology,جسم الخليه,المحوار,الاستطالات الهيوليه,المشبك العصبى,,,B,ABCD,المسؤل عن ارسال السيالات فى العصبونات:,المحوار,ما هو المسؤول عن إرسال السيالات في العصبونات؟
4096,4098,Y1,Physiology,Physiology,النسج,الأعضاء,الأجهزة,الخلايا,,,B,ABCD,يعتبر ضخ للدم مثالاً على دراسة وفق مستوى:,الأعضاء,ما هو المستوى الذي يعتبر ضخ الدم مثالاً على دراسته؟
4099,4101,Y1,Physiology,Physiology,هدركسلة,نزع كربوكسيل,ميتلة,اكسحة,,,C,ABCD,يتم تحويل النورادرينالين الى ادرينالين بعملية تدعي:,ميتلة,ما هي العملية التي يتم بها تحويل النورادرينالين إلى أدرينالين؟
4101,4103,Y1,Physiology,Physiology,الترومبوكسان A2,عامل فون ويلبراند,البروستاسايكلين,ADP,,,A,ABCD,يشكل جسراً بين الياف الكولاجين والصفيحات الدموية:,الترومبوكسان A2,ما الذي يشكل جسراً بين ألياف الكولاجين والصفيحات الدموية؟
4106,4108,Y1,Physiology,Physiology,زيادة القدرة على تمديد البول,زيادة القدرة على تكثيف البول,زيادة القدرة على طرح البولة,زيادة القدرة على إفراز الرينين,,,B,ABCD,الفائدة الوظيفية من وجود الكليونات المجاورة للّب هو:,زيادة القدرة على تكثيف البول,ما هي الفائدة الوظيفية من وجود الكليونات المجاورة للّب؟
4119,4121,Y1,Physiology,Physiology,اعتمادها جزئياً على الكالسيوم خارج الخلوي,طول فترة كامن فعل الليف العضلي القلبي,قدرة الخلايا العضلية القلبية على تفعيل ذاتها,عدم تأثر الخلايا العضلية القلبية بالنواقل العصبية,,,B,ABCD,السبب الذي يحمي العضلة القلبية من التكزز:,طول فترة كامن فعل الليف العضلي القلبي,ما هو السبب الذي يحمي العضلة القلبية من التكزز؟
4120,4122,Y1,Physiology,Physiology,GH,PRL,ACTH,FSH,,,A,ABCD,الهرمون الذي يخضع لتأثير مزدوج منبه و مثبط من الوطاء :,GH,ما هو الهرمون الذي يخضع لتأثير مزدوج منبه ومثبط من الوطاء؟
4125,4127,Y1,Physiology,Physiology,الجذع,القلب,الشفتين,اليدين,,,A,ABCD,عند الانسان المساحة الصغرى في ساحة الحس الاولية تقع :,الجذع,أين تقع المساحة الصغرى في ساحة الحس الأولية عند الإنسان؟
4129,4131,Y1,Physiology,Physiology,الكالسيوم خارج الخلوي,الكالسيوم داخل الخلوي,المتقدرات الغزيرة الموازية للبيفات,المدروج الكهربائى لقنوات الصوديوم,,,C,ABCD,مصدر الATP الذى تحتاجه اللييفات العضلية بشدة يأتي من:,المتقدرات الغزيرة الموازية للبيفات,ما هو مصدر الATP الذي تحتاجه الليفات العضلية بشدة؟
4132,4134,Y2,Physiology,Physiology,معقد ضد مستضد,رض الدم,تماس الدم مع الزجاج,رض الأنسجة,الفوسفوليبيدات الصفيحية,,D,ABCDE,يتم تفعيل السبيل الخارجي للتخثر عن طريق,رض الأنسجة,ما هو الذي يفعل السبيل الخارجي للتخثر؟
4135,4137,Y1,Physiology,Physiology,قابلية ذوبان الغاز في السائل,ثخانة الغشاء,مساحة مقطع السائل,سرعة الجزيئات المتحركة,,,B,ABCD,تتناسب سرعة انتشار الغاز عبر الغشاء التنفسي عكسا ا مع:,ثخانة الغشاء,ما الذي تتناسب معه سرعة انتشار الغاز عبر الغشاء التنفسي عكسياً؟
4145,4147,Y1,Physiology,Physiology,95 ملم زئبقي,104ملم زئبقي,149 ملم زئبقي,158 ملم زئبقي,,,C,ABCD,القيمة العظمى لضغط الأوكسجين في الأسناخ عند زيادة التهوية السنخية في الحالات السوية هي:,149 ملم زئبقي,ما هي القيمة العظمى لضغط الأوكسجين في الأسناخ عند زيادة التهوية السنخية في الحالات السوية؟
4146,4148,Y1,Physiology,Physiology,المعدة,الامعاء الدقيقة,الكولون بقسمه المستعرض,الكولون النهائي والمستقيم,,,B,ABCD,يحدث المتصاص بشكل أساسي في:,الامعاء الدقيقة,أين يحدث الامتصاص بشكل أساسي؟
4147,4149,Y1,Physiology,Physiology,الألدوستيرون,الكورتيزول,الثيروكسين,الأنسولين,,,B,ABCD,تؤدي الشدة (الكروب) إلى افراز هرمون:,الكورتيزول,ما هو الهرمون الذي يتم إفرازه نتيجة الشدة (الكروب)؟
4150,4152,Y1,Physiology,Physiology,الانتشار,النقل المّيسر,النقل المرافق,النقل الفاعل الأولي,,,A,ABCD,تحرر شوارد الكالسيوم من الشبكة الهيولية في العضلات الهيكلية يحدث بآلية:,الانتشار,ما هي آلية تحرر شوارد الكالسيوم من الشبكة الهيولية في العضلات الهيكلية؟
4155,4157,Y1,Physiology,Physiology,زيادة القوة الانقباضية للعضلة القلبية.,تباطؤ ضربات القلب.,تسريع التوصيل.,تسرع ضربات القلب.,,,B,ABCD,يسبب التنبيه اللاودي على القلب:,تباطؤ ضربات القلب.,ماذا يسبب التنبيه اللاودي على القلب؟
4157,4159,Y1,Physiology,Physiology,دخول شوارد الصوديوم,خروج شوارد الصوديوم,دخول شوارد البوتاسيوم,خروج شوارد البوتاسيوم,,,A,ABCD,المسؤول عن زوال الاستقطاب:,دخول شوارد الصوديوم,ما هو المسؤول عن زوال الاستقطاب؟
4162,4164,Y2,Physiology,Physiology,بين 5و8,6.7 و8,8,بين 4.7 و 8,,,D,ABCD,PH البول :,بين 4.7 و 8,ما هو الرقم الهيدروجيني الطبيعي للبول؟
4170,4172,Y1,Physiology,Physiology,توسيع الشرين الوارد فقط,توسيع الشريتيت الوارد والصادر,تقبيض الشرين الوارد,تفعيل حملة الرينين انجيوتسن,,,C,ABCD,ان وصول كمية كبيرة من Nacl الي اللطخة الكثيفة يؤدي الي :,تقبيض الشرين الوارد,ماذا يحدث عند وصول كمية كبيرة من NaCl إلى اللطخة الكثيفة؟
4173,4175,Y1,Physiology,Physiology,ضغط الدم,تدفق الدم,مدروج الضغط,المقاومة الوعائية,,,B,ABCD,كمية الدم التي تمر في نقطة معينة من الدوران خلال فترة محددة من الزمن:,تدفق الدم,ما هي كمية الدم التي تمر في نقطة معينة من الدوران خلال فترة محددة من الزمن؟
4177,4179,Y1,Physiology,Physiology,الإنتيروكيناز,الأمينوببتيداز,اللاكتاز,الليباز,,,D,ABCD,الانزيم المعوي الذي يقوم بهضم الدسم في الأمعاء هو:,الليباز,ما هو الانزيم المعوي الذي يقوم بهضم الدسم في الأمعاء؟
4191,4193,Y1,Physiology,Physiology,فقر دم لا تنسجي,فقر دم ناقص الصباغ ناقص الحجم,فقر دم زائد الصباغ زائد الحجم,فقر دم منجلي,,,C,ABCD,نقص فيتامين B12 وحمض الفوليك يسبب:,فقر دم زائد الصباغ زائد الحجم,ماذا يسبب نقص فيتامين B12 وحمض الفوليك؟
4193,4195,Y1,Physiology,Physiology,توجيه مجرى الدم باتجاه واحد,توزيع مقدار الضغط,دفع الدم من حجرة لأخرى في القلب,المحافظة على نظم القلب,,,A,ABCD,وظيفة الصمامات القلبية:,توجيه مجرى الدم باتجاه واحد,ما هي وظيفة الصمامات القلبية؟
4194,4196,Y1,Physiology,Physiology,الخلايا,الأنسجه,الأعضاء,الأجهزه,,,D,ABCD,يعد تنظيم الضغط الشرياني على المستوى:,الأجهزه,ما هو المستوى الذي يعد عليه تنظيم الضغط الشرياني؟
4200,4202,Y1,Physiology,Physiology,العضلات الهدبية للعين,العضلة الناصبة للشعرة,العضلات وحيدة الوحدة الحشوية,عضلة حدقة العين,,,C,ABCD,نوع من العضلات يمتاز بخاصية الارتخاء بعد الكرب:,العضلات وحيدة الوحدة الحشوية,ما هو نوع العضلات الذي يمتاز بخاصية الارتخاء بعد الكرب؟
4207,4209,Y1,Physiology,Physiology,العقدة الأذينية البطينية.,حزمة هيس.,المسالك بين العقد.,ألياف بوركنج.,,,D,ABCD,أسرع أجزاء الجهاز الناقل في القلب في توصيل السيالة هو:,ألياف بوركنج.,ما هو أسرع أجزاء الجهاز الناقل في القلب في توصيل السيالة؟
4217,4219,Y1,Physiology,Physiology,الأسناخ السوية,التحويلة الفيزيولوجية,الحّيز المّيت التشريحي,الحّيز الميت الفيزيولوجي,,,B,ABCD,تدعى الاسناخ التي يصلها دم ولا يصلها هواء بـ:,التحويلة الفيزيولوجية,ما هو اسم الأسناخ التي يصلها دم ولا يصلها هواء؟
4219,4221,Y2,Physiology,Physiology,تفعيله بالامتصاص الثنائي للفوتون,تفعليه بالامتصاص الأحادي للفوتون,تفعيله بالامتصاص مستدعي الفوتونه,كل ما سبق خاطئ,,,C,ABCD,بتقنية الأسر الصوتي يمكن تحرير النص الفعال حيويا ب :,تفعيله بالامتصاص مستدعي الفوتونه,ما هي الطريقة التي يمكن بها تحرير النص الفعال حيوياً بتقنية الأسر الصوتي؟
4220,4222,Y1,Physiology,Physiology,الكالسيوم,الصوديوم,البوتاسيوم,الكلور,,,C,ABCD,الشاردة ذات التركيز األكبر داخل العصبون:,البوتاسيوم,ما هي الشاردة ذات التركيز الأكبر داخل العصبون؟
4221,4223,Y1,Physiology,Physiology,الغضروف الحلقي,الغضروف الدرقي,الغضروف الإسفيني,الغضروف الفلكي,,,A,ABCD,يتمفصل الغضروف الطرجهالي مع:,الغضروف الحلقي,ما هو العظم الذي يتمفصل معه الغضروف الطرجهالي؟
4224,4226,Y1,Physiology,Physiology,الصمامات الأذينية البطينية مفتوحة و السينية مغلقة,الصمامات الأذينية البطينية مغلقة و السينية مفتوحة,كلاهما مفتوحتان,كلاهما مغلقتان,,,A,ABCD,في طور الانقباض الأذيني :,الصمامات الأذينية البطينية مفتوحة و السينية مغلقة,ماذا يحدث في طور الانقباض الأذيني؟
4229,4231,Y2,Physiology,Physiology,الحجم الجاري.,الحجم الشهيقي الاحتياطي.,الحجم المتبقي.,جميع الحجوم تنقص مع التقدم بالسن.,,,C,ABCD,الحجم الرئوي الذي يزداد مع التقدم بالعمر,الحجم المتبقي.,ما هو الحجم الرئوي الذي يزداد مع التقدم بالعمر؟
4235,4237,Y1,Physiology,Physiology,السكرتين,CCK,السوماتوستاتين,التنبيه الودى,,,B,ABCD,يحرض إفراز عصارة غنية بالإنزيمات الهاضمة من البنكرياس:,CCK,ما الذي يحرض إفراز عصارة غنية بالإنزيمات الهاضمة من البنكرياس؟
4241,4243,Y1,Physiology,Physiology,الموجة P.,الموجة QRS.,الموجة S.,الموجة T.,,,B,ABCD,يتمثل زوال استقطاب البطينات على مخطط القلب ب:,الموجة QRS.,ما الذي يتمثل به زوال استقطاب البطينات على مخطط القلب؟
4243,4245,Y1,Physiology,Physiology,زيادة تركيز البوتاسيوم في السائل خارج الخلوي,ازيادة تركيز الصوديوم في السائل خارج الخلوي,ارتفاع الضغط الشرياني,إنخفاض تركيز شوارد الكالسيوم في الوسط خارج الخلوي,,,A,ABCD,العامل المحرض على زيادة إفراز الألدوستيرون هو:,زيادة تركيز البوتاسيوم في السائل خارج الخلوي,ما هو العامل المحرض على زيادة إفراز الألدوستيرون؟
4244,4246,Y1,Physiology,Physiology,البلازمين,الكاليكرين,الهيبارين,الحقن الوريدي الستربتوكيناز,,,A,ABCD,اذا تشكلت خثرة في اوعية القلب والرئتين نقوم بحلها عن طريق:,البلازمين,ما هي الطريقة المستخدمة لحل الخثرة إذا تشكلت في أوعية القلب والرئتين؟
4245,4247,Y1,Physiology,Physiology,تسهيل عملية تقلص العضلة الملساء وكأنها ليف واحد,توفير استخدام الطاقة,المحافظة على مقدار الضغط نفسه على الرغم من تغير الحجم ضمن حدود معينة,زيادة قوة التقلص مقارنة بالهيكلية,,,C,ABCD,تسمح خاصية الارتخاء بعد الكرب للأعضاء الجوفاء التي تحوي عضلات ملساء ب:,المحافظة على مقدار الضغط نفسه على الرغم من تغير الحجم ضمن حدود معينة,ما الذي تسمح به خاصية الارتخاء بعد الكرب للأعضاء الجوفاء التي تحوي عضلات ملساء؟
4247,4249,Y2,Physiology,Physiology,كمية الهواء الذي يصل للمناطق التنفسية.,كمية الهواء الذي يصل للمناطق التنفسية مضروب,بمعدل التنفس.,كمية الهواء الذي يملأ الطرق التنفسية التوصيلية.,,,B,ABCD,معدل التهوية السنخية,كمية الهواء الذي يصل للمناطق التنفسية مضروب,ما هو معدل التهوية السنخية؟
4253,4255,Y1,Physiology,Physiology,انتهاء كمون العمل,إعادة الكالسيوم الى الشبكة الهيولية,خروج الصوديوم,ارتباط الكالسيوم بالتربونين,,,D,ABCD,يتوقف التقلص العضلي عند:,ارتباط الكالسيوم بالتربونين,متى يتوقف التقلص العضلي؟
4256,4258,Y1,Physiology,Physiology,القرن الظهري للنخاع الشوكي,النواتين الناحلة واإلسفينية,المهاد,ساحات الحس في الدماغ,,,B,ABCD,عصبونات المرتبة الثانية في المسلك الظهري:,النواتين الناحلة واإلسفينية,ما هي عصبونات المرتبة الثانية في المسلك الظهري؟
4263,4265,Y1,Physiology,Physiology,الكورتيزول (سكري),الالدوسترون (معدني),التستسترون,الأدرينالين,,,B,ABCD,القشراني المعدني الرئيسي:,الالدوسترون (معدني),ما هو القشراني المعدني الرئيسي؟
4264,4266,Y1,Physiology,Physiology,العضلى,العصبى,الغدى,الدهنى,,,D,ABCD,أقل أنسجة الجسم البشري احتواءً على الماء:,الدهنى,ما هي أقل أنسجة الجسم البشري احتواءً على الماء؟
4268,4270,Y1,Physiology,Physiology,العامل العاشر,العامل الحادي عشر,العامل الثاني عشر,العامل الثالث عشر,,,B,ABCD,هو طليعة انزيم يتحول الى شكله الفعال تحت تأثير الخنثرين:,العامل الحادي عشر,ما هو طليعة الانزيم الذي يتحول إلى شكله الفعال تحت تأثير الخنثرين؟
4275,4277,Y1,Physiology,Physiology,يحصل كامل التبادل الغازي للأكسجين خلال قطع الدم ثلث المسافة عبر الوعاء الشعري.,فارق الضغط الكبير بين الأسناخ والدم لغاز الأكسجين.,صغر حجم جزيئة الأكسجين.,الانحلالية العالية للأكسجين في الغشاء التنفسي.,,,A,ABCD,. يستطيع الجهاز التنفسي تأمين كميات كبيرة من الأكسجين أثناء التمارين المجهدة من خلال الآلية التالية:,يحصل كامل التبادل الغازي للأكسجين خلال قطع الدم ثلث المسافة عبر الوعاء الشعري.,ما هي الآلية التي يستطيع من خلالها الجهاز التنفسي تأمين كميات كبيرة من الأكسجين أثناء التمارين المجهدة؟
4276,4278,Y1,Physiology,Physiology,العامل الداخلي,حمض كلور الماء,الفيتامين b12,الغلوكاكون,,,B,ABCD,يحول الببسين الى مولد ببسين :,حمض كلور الماء,ما الذي يحول الببسين إلى مولد ببسين؟
4278,4280,Y1,Physiology,Physiology,تنظيم افراز اللعاب,افراز العرق,تنظيم قطر الحدقة,تنظيم النبض,,,A,ABCD,يتآزر الجهازان الودي واللاودي في:,تنظيم افراز اللعاب,ما هي الوظائف التي يتآزر فيها الجهازان الودي واللاودي؟
4279,4281,Y1,Physiology,Physiology,الكلية,الكبد,نقي العظم,الدم,,,A,ABCD,يتم افراز الاربتروبيوتين من:,الكلية,من أين يتم إفراز الإريثروبويتين؟
4280,4282,Y2,Physiology,Physiology,الجزء المفرط التغير,الجزء المتغير,الجزء الذي يرتبط بالمستضيد,لا يتم قطع الجسم الضدي ابدا,,,A,ABCD,في المراكز الحديثة يتم اخذ الاجسام الضدية من IgG وقطع :,الجزء المفرط التغير,ما هي قطع الأجسام المضادة من IgG التي يتم أخذها في المراكز الحديثة؟
4282,4284,Y1,Physiology,Physiology,حجم الدم الجائل.,معدل دقات القلب.,العود الوريدي للقلب.,قوة التقلص الأذيني.,,,B,ABCD,ينقص حجم الدفقة بزيادة:,معدل دقات القلب.,ما الذي يؤدي إلى نقصان حجم الدفقة بزيادته؟
4283,4285,Y2,Physiology,Physiology,المويجات,الانزلاقات,البقع,"A, B",,,C,ABCD,تدعى الترنجات العشوائية لشدة الإشعاع المترابط المنتشرة انتشاراً متعدداً بـ:,البقع,ما تدعى الترنجات العشوائية لشدة الإشعاع المترابط المنتشرة انتشاراً متعدداً؟
4284,4286,Y1,Physiology,Physiology,تحول شبكة بوابة الصوديوم من حالة التفعيل إلى حالة التحميل,دخول شوارد البوتاسيوم,A+C,دخول شوارد الصوديوم,,,D,ABCD,المسؤول عن إعادة الاستقطاب:,دخول شوارد الصوديوم,ما هو المسؤول عن إعادة الاستقطاب؟
4285,4287,Y1,Physiology,Physiology,الكولسترول,الفالين,الفينيل الانين,التيروزين,,,D,ABCD,الهرمونات الأمينية مشتقة من :,التيروزين,ما هي المادة التي تشتق منها الهرمونات الأمينية؟
4294,4296,Y1,Physiology,Physiology,تثبيط مستقبلات الناقل العصبي,إنقاص فعالية العصبون قبل المشبكي,تنبيه إفراز ناقل عصبي مثبط من العصبون قبل المشبكي,زيادة نفوذية القنوات في العصبون بعد المشبك لشوارد البوتاسيوم,,,B,ABCD,يؤدي التأثير الحاصر غير المباشر تأثيره على الجهاز العصبي المستقل من خلال:,إنقاص فعالية العصبون قبل المشبكي,كيف يؤدي التأثير الحاصر غير المباشر تأثيره على الجهاز العصبي المستقل؟
4295,4297,Y2,Physiology,Physiology,المسار الهندسي,المسار الضوئي,مربع المسار الهندسي,مربع المسار الضوئي,,,B,ABCD,الطريق الهندسي الذي يمكن للضوء أن يقطعه في الخلاء مضروبا بقرينة انكسار الوسط هو:,المسار الضوئي,ما هو الطريق الهندسي الذي يمكن للضوء أن يقطعه في الخلاء مضروبا بقرينة انكسار الوسط؟
4296,4298,Y1,Physiology,Physiology,الألياف المغمدة بالنخاعين,الألياف المجردة من النخاعين,الألياف العارية من النخاعين,كل ما سبق صحيح,,,A,ABCD,تتميز بالنقل القفزي :,الألياف المغمدة بالنخاعين,ما هي الألياف العصبية التي تتميز بالنقل القفزي؟
4297,4299,Y1,Physiology,Physiology,سالب 4 ميلي فولط,سالب 86 ميلي فولط,سالب 90 ميلي فولط,سالب 94 ميلي فولط,,,D,ABCD,عندما يتكون الليف نفوذ لشوارد البوتاسيوم فقط فإن الكمون سيكون تقريباً:,سالب 94 ميلي فولط,ما هو الكمون تقريباً عندما يتكون الليف نفوذ لشوارد البوتاسيوم فقط؟
4300,4302,Y1,Physiology,Physiology,الضغط الحلولي للبول,ADH,الضغط الحلولي للمصورة,حجم البول,,,D,ABCD,في حال نقص المتناول من الماء ينقص:,حجم البول,ماذا ينقص في حال نقص المتناول من الماء؟
4305,4307,Y1,Physiology,Physiology,رأس الميوزين,ذراع الميوزين,جسم الميوزين,مناطق الارتباط على جزئ الاكتين,,,A,ABCD,الجزء الذي يملك فعالية ATPase:,رأس الميوزين,ما هو الجزء الذي يملك فعالية ATPase؟
4306,4308,Y1,Physiology,Physiology,الدم,الوطاء,النخامة الخلفية,الكلية,,,B,ABCD,يوجد مركز العطش في:,الوطاء,أين يوجد مركز العطش؟
4308,4310,Y1,Physiology,Physiology,معدة,أمعاء دقيقة,قولون,امعاء غليظة,,,B,ABCD,الامتصاص يحدث بشكل رئيسي في :,أمعاء دقيقة,أين يحدث الامتصاص بشكل رئيسي؟
4309,4311,Y1,Physiology,Physiology,النور أدرينالين,الأستيل كولين,الأدرينالين,السوماتوستاتين,,,B,ABCD,ناقل عصبي تُحرره الألياف قبل العقدية في القسمين الودي ونظير الودي:,الأستيل كولين,ما هو الناقل العصبي الذي تحرره الألياف قبل العقدية في القسمين الودي ونظير الودي؟
4313,4315,Y1,Physiology,Physiology,الاول,الثاني,الثالث,الرابع,,,B,ABCD,يسمع عند بدء الانبساط البطيني الصوت:,الثاني,ما هو الصوت الذي يسمع عند بدء الانبساط البطيني؟
4315,4317,Y1,Physiology,Physiology,الغاسترين,السكرتين,الهيستامين,التنبيه نظير الو ّدي,,,B,ABCD,يُينقص اإلفراز المعدي:,السكرتين,ما الذي يُنقص الإفراز المعدي؟
4319,4321,Y1,Physiology,Physiology,الصوديوم,المغنزيوم,الكالسيوم,البوتاسيوم,,,C,ABCD,يتم الغاء التأثير التثبيطي للتروبونين:,الكالسيوم,كيف يتم إلغاء التأثير التثبيطي للتروبونين؟
4320,4322,Y1,Physiology,Physiology,عمل القلب,تحرير الشحوم من مخازنها,تنظيم إفراز اللعاب,مستوى غلوكوز الدم,,,C,ABCD,يتآزر القسمين الودّي ونظير الودّي للجهاز العصبي المستقل في:,تنظيم إفراز اللعاب,ما هي الوظائف التي يتآزر فيها القسمين الودّي ونظير الودّي للجهاز العصبي المستقل؟
4330,4332,Y1,Physiology,Physiology,توسيع الأوعية الدموية لهذه الأسناخ.,توسيع المصرف الهوائي المؤدي إلى هذه الأسناخ.,تقبض الأوعية الدموية لهذه الأسناخ.,تضيق المصرف الهوائي المؤدي إلى هذا السنخ.,,,C,ABCD,. يؤدي نقص تركيز الأوكسجين في الأسناخ إلى:,تقبض الأوعية الدموية لهذه الأسناخ.,ماذا يؤدي نقص تركيز الأوكسجين في الأسناخ؟
4333,4335,Y2,Physiology,Physiology,الانتثار المتعدد,الانتثار الأحادي,الانعكاس الكلي الداخلي,الانتثار الإحصائي,,,A,ABCD,عندما تتجمع المراكز المثارة هنا، ويستطيع الإشعاع أن ينتشر مرات كثيرة، تُعرف هذه الظاهرة بـ:,الانتثار المتعدد,ما هي الظاهرة التي تحدث عندما تتجمع المراكز المثارة ويستطيع الإشعاع أن ينتشر مرات كثيرة؟
4339,4341,Y1,Physiology,Physiology,التقلص العضلي,كامن الفعل,بروتين التروبونين,الانابيب المستعرضة,,,B,ABCD,المسؤول عن تحفيز تحرر الكالسيوم من الشبكة الهيولية:,كامن الفعل,ما هو المسؤول عن تحفيز تحرر الكالسيوم من الشبكة الهيولية؟
4341,4343,Y1,Physiology,Physiology,ترتبط بمستقبل الناقل وتثبط فعله,تنقص فعالية العصبون قبل المشبكي,تحرض األنزيمات المخربة للناقل العصبي,تثبط فعالية العصبون بعد المشبكي,,,B,ABCD,تعمل الحاصرات الغير مباشرة في الجهاز العصبي المستقل باأللية التالية:,تنقص فعالية العصبون قبل المشبكي,ما هي آلية عمل الحاصرات الغير مباشرة في الجهاز العصبي المستقل؟
4347,4349,Y1,Physiology,Physiology,تثبيط إفراز اللعاب,تقلص المثانة البولية,توسع القصبات,إرخاء مصرة المثانة,,,D,ABCD,نمط المستقبلات الموجودة في العضو,إرخاء مصرة المثانة,ما هو نمط المستقبلات الموجودة في العضو؟
4350,4352,Y1,Physiology,Physiology,نتاج القلب,مقاومة جريان الدم,عدد ضربات القلب,قطر الاوعية الدموية,,,D,ABCD,ينخفض ضغط الدم بزيادة:,قطر الاوعية الدموية,ما الذي يؤدي إلى انخفاض ضغط الدم عند زيادته؟
4351,4353,Y2,Physiology,Physiology,بازدياد المقوية.,بازدياد المرونة.,بتناقص المرونة.,بتناقص المقوية.,,,B,ABCD,سرعة موجة النبض تنقص :,بازدياد المرونة.,ما هي الحالات التي تنقص فيها سرعة موجة النبض؟
4354,4356,Y1,Physiology,Physiology,الأستيل كولين,النورابنفرين,الأدرينالين,النورابنفرين أو الاستيل كولين,,,A,ABCD,الخلايا التي تستجيب للعصبونات بعد العقد اللاودية,الأستيل كولين,ما هي الخلايا التي تستجيب للعصبونات بعد العقد اللاودية؟
4358,4360,Y1,Physiology,Physiology,الأنبوب الملفف الداني,الجزء النازل من عروة هانله,الجزء الصاعد من عروة هانله,النبوب الجامع,,,C,ABCD,الجزء من النفرون الكتيم تماماّ للماء:,الجزء الصاعد من عروة هانله,ما هو الجزء من النفرون الكتيم تماماً للماء؟
4359,4361,Y1,Physiology,Physiology,الكبد,الكلية,الطحال,المعدة,,,C,ABCD,يتم تخرب الكريات الحمر بشكل رئيسي في:,الطحال,أين يتم تخرب الكريات الحمر بشكل رئيسي؟
4365,4367,Y1,Physiology,Physiology,ضغط الأوكسجين في الدم.,نقص الـ PH,قيمة VA/Q,الوزن الجزيئي للأوكسجين,,,A,ABCD,- العامل الأساسي الذي يحدد ارتباط الخضاب بالأوكسجين:,ضغط الأوكسجين في الدم.,ما هو العامل الأساسي الذي يحدد ارتباط الخضاب بالأوكسجين؟
4367,4369,Y1,Physiology,Physiology,الاريثروبويتين,الانترولوكين,التروميو موديولين,الترومبوبويتين,,,C,ABCD,عامل تفرزه الكلية ويؤثر في تشكيل الكريات الحمر:,التروميو موديولين,ما هو العامل الذي تفرزه الكلية ويؤثر في تشكيل الكريات الحمر؟
4369,4371,Y1,Physiology,Physiology,نقص النسبة المئوية لإشباع الخضاب بالأكسجين,نقص كمية الاكسجين المتحررة إلى النسج,زيادة النسبة المئوية إلشباع الخضاب بالأوكسجين,نقص كمية ثاني اكسيد الكربون المرتبطة بالخضاب,,,A,ABCD,يؤدي زيحان منحنى تفارق الاكسجين الخضاب نحو اليمين إلى:,نقص النسبة المئوية لإشباع الخضاب بالأكسجين,ماذا يؤدي زيحان منحنى تفارق الأكسجين الخضاب نحو اليمين؟
4371,4373,Y1,Physiology,Physiology,الخلايا الدبقية قليلة التغصنات,الخلايا السيسائية,الخلايا النجمية,الخلايا الدبقية الصغيرة,,,A,ABCD,تشكل غمد النخاعين في الجهاز العصبي المركزي :,الخلايا الدبقية قليلة التغصنات,ما الذي يشكل غمد النخاعين في الجهاز العصبي المركزي؟
4376,4378,Y1,Physiology,Physiology,التستسترون,البروجسترون,GNRH,"كل من A, B",,,B,ABCD,يتم تثبيط افراز ال FSH :,البروجسترون,ما الذي يثبط إفراز الـ FSH؟
4383,4385,Y1,Physiology,Physiology,عودة استقطاب البطينين,زوال استقطاب البطينين,عودة استقطاب الأذينين,زوال استقطاب الأينتين,,,B,ABCD,تمثل الموجة: QRS.,زوال استقطاب البطينين,ماذا تمثل الموجة QRS؟
4400,4402,Y1,Physiology,Physiology,السوماتوستاتين,البرولكتين,هرمونات الدرق,السوماتوميدين,,,D,ABCD,يعتمد هرمون النمو في تأثيره على الخلية الهدف على:,السوماتوميدين,ما الذي يعتمد عليه هرمون النمو في تأثيره على الخلية الهدف؟
4403,4405,Y1,Physiology,Physiology,القسيم العضلي,الاقراص 2,الانابيب الطولانية,انابيب المستعرضة,,,D,ABCD,يضمن سرعة توصيل كامن الفعل الى جميع انحاء الليف العضلي:,انابيب المستعرضة,ما الذي يضمن سرعة توصيل كامن الفعل إلى جميع أنحاء الليف العضلي؟
4404,4406,Y1,Physiology,Physiology,الصوت الأول فقط,الصوتان الأول و الثاني,الصوتان الثالث والرابع,الاصوات الأول و الثاني ولثالث,,,B,ABCD,يسمع بوضوح في الحالة الطبيعية للإنسان :,الصوتان الأول و الثاني,ما الذي يسمع بوضوح في الحالة الطبيعية للإنسان؟
4408,4410,Y1,Physiology,Physiology,يزداد,ينقص,يبقي ثابتا,يزداد ثم ينقص,,,C,ABCD,عندما يصبح ضغط الدم 100 ممز فان معدل الترشيح الكبيبي:,يبقي ثابتا,ماذا يحدث لمعدل الترشيح الكبيبي عندما يصبح ضغط الدم 100 ممز؟
4412,4414,Y1,Physiology,Physiology,الأعضاء,الأجهزة,العضوية,النسيجي,,,B,ABCD,يعد تنظيم الضغط الشرياني على مستوى :,الأجهزة,ما هو المستوى الذي يعد عليه تنظيم الضغط الشرياني؟
4422,4424,Y1,Physiology,Physiology,تنبيه ضفيرة اورباخ,تنبيه ضفيرة مايستر,التنبيه الودي,التنبيه اللاودي.,,,D,ABCD,يثبط فعالية جهاز الهضم :,التنبيه اللاودي.,ما الذي يثبط فعالية جهاز الهضم؟
4435,4437,Y2,Physiology,Physiology,تموضع قوي,تموضع ضعيف,ثبات المبدأ,لخامة النسيج,,,B,ABCD,تُعزى ظاهرة الانتشار الخلفي المترابط إلى:,تموضع ضعيف,ما هي الأسباب التي تُعزى إليها ظاهرة الانتشار الخلفي المترابط؟
4439,4441,Y1,Physiology,Physiology,الموجة P.,الموجة QRS.,الموجة T.,لا شيء مما سبق.,,,C,ABCD,صوت القلب الثاني يحدث مباشرة بعد:,الموجة T.,ما الذي يحدث مباشرة قبل صوت القلب الثاني؟
4442,4444,Y1,Physiology,Physiology,الإنتيروكيناز,مالتاز,ليباز,أمينو بولي ببتيداز,,,A,ABCD,الأنزيم المعوي الذي يحول مولد التربسين إلى تربسين هو:,الإنتيروكيناز,ما هو الأنزيم المعوي الذي يحول مولد التربسين إلى تربسين؟
4446,4448,Y1,Physiology,Physiology,إنهاء التقلص الأذيني قبل بدء التقلص البطيني.,ضمان انتقال الدم من الأذينة إلى البطين.,لضمان الحفاظ على نتاج قلبي سوي.,كل ما سبق صحيح.,,,D,ABCD,تعود أهمية التأخير الذي يحدث أثناء مرور كامن الفعل في العقدة الأذينية البطينية:,كل ما سبق صحيح.,ما هي أهمية التأخير الذي يحدث أثناء مرور كامن الفعل في العقدة الأذينية البطينية؟
4447,4449,Y1,Physiology,Physiology,دخول شوارد الكالسيوم.,دخول شوارد الصوديوم.,عدم دخول شوارد البوتاسيوم.,ليس أيا مما سبق.,,,A,ABCD,سبب ظهور طور الهضبة في كامن فعل العضلة القلبية هو:,دخول شوارد الكالسيوم.,ما هو سبب ظهور طور الهضبة في كامن فعل العضلة القلبية؟
4450,4452,Y1,Physiology,Physiology,الصوديوم,الكالسيوم,البوتاسيوم,الكلور,,,B,ABCD,يعود طور الهضبة في كمون عمل الليف العضلي القلبي إلى انفتاح أقنية:,الكالسيوم,ما هو سبب طور الهضبة في كمون عمل الليف العضلي القلبي؟
4469,4471,Y1,Statistics,Statistics,المخطط الصندوقي,مخطط الدائرة,مخطط الساق والورقة,مخطط الانتشار,,,A,ABCD,المخطط الذي عبارة عن صندوق ذو قرنين ممتدين بشكل موازي للمحور الشاقولي الذي تتوزع عليه القياسات:,المخطط الصندوقي,ما هو المخطط الذي عبارة عن صندوق ذو قرنين ممتدين بشكل موازي للمحور الشاقولي الذي تتوزع عليه القياسات؟
4472,4474,Y1,Statistics,Statistics,الرتبي,الفتروي,النسبي,الاسمي,,,A,ABCD,المقياس الذي يسمح بترتيب السمات دون اعتبار لتساوي الفروق بين أي رتبتين هو:,الرتبي,ما هو المقياس الذي يسمح بترتيب السمات دون اعتبار لتساوي الفروق بين أي رتبتين؟
4473,4475,Y1,Statistics,Statistics,وجود علاقة طردية قوية,وجود علاقة عكسية قوية,وجود علاقة طردية ضعيفة,وجود علاقة عكسية ضعيفة,,,B,ABCD,إذا كانت قيمة معامل الارتباط تساوي −0.92-0.92، فهذا يعني:,وجود علاقة عكسية قوية,ماذا يعني أن تكون قيمة معامل الارتباط تساوي −0.92؟
4475,4477,Y1,Statistics,Statistics,التعداد,مسوح العينة,التعداد ومسوح العينة والسجلات السكانية,السجلات السكانية,,,C,ABCD,إن مصادر البيانات السكانية هي:,التعداد ومسوح العينة والسجلات السكانية,ما هي مصادر البيانات السكانية؟
4476,4478,Y1,Statistics,Statistics,البيانات الخام,البيانات المنظمة,البيانات الكمية,البيانات الاسمية,,,A,ABCD,بعد تحديد مجتمع الدراسة والعينة وقياس قيم المتغير على افراد العينة نحصل على:,البيانات الخام,ماذا نحصل عليه بعد تحديد مجتمع الدراسة والعينة وقياس قيم المتغير على أفراد العينة؟
4478,4480,Y1,Statistics,Statistics,نوعي,عشوائي مستمر,عشوائي منفصل,رتبي,,,C,ABCD,عدد الكريات الحمر هو متغير:,عشوائي منفصل,ما هو نوع المتغير الذي يمثله عدد الكريات الحمر؟
4479,4481,Y1,Statistics,Statistics,المقياس الفتروي,المقياس النسبي,المقياس الرتبي,المقياس الاسمي,,,A,ABCD,قيمة الصفر تكون نسبية وليست مطلقة في:,المقياس الفتروي,ما هو المقياس الذي تكون فيه قيمة الصفر نسبية وليست مطلقة؟
4480,4482,Y1,Statistics,Statistics,المخطط الصندوقي,مخطط الساق والورقة,مخطط الدائرة,مخطط الانتشار,,,B,ABCD,إن مخطط تنظيم البيانات والذي يشبه أسلوب الجداول التكرارية والأعمدة هو:,مخطط الساق والورقة,ما هو مخطط تنظيم البيانات الذي يشبه أسلوب الجداول التكرارية والأعمدة؟
4482,4484,Y1,Statistics,Statistics,ضعف العدد الثابت المحدد,العدد الثابت ذاته,الصفر,لا شيء مما ذكر صحيح,,,B,ABCD,التوقع الرياضي للعدد الثابت يساوي:,العدد الثابت ذاته,ما هو التوقع الرياضي للعدد الثابت؟
4489,4491,Y1,Statistics,Statistics,معياري طبيعي,ستيودنت بدرجة حرية n-1,ستيودنت بدرجة حرية n-2,كاي مربع بدرجة حرية n-2,,,C,ABCD,من أجل اختبار الفروض حول معامل الارتباط الخطي تستخدم توزيع:,ستيودنت بدرجة حرية n-2,ما هو التوزيع المستخدم من أجل اختبار الفروض حول معامل الارتباط الخطي؟
4492,4494,Y1,Statistics,Statistics,إحصاء وصفي,إحصاء استنتاجي,إحصاء استدلالي,Inferential Statistics,,,A,ABCD,الإحصاء الذي يسعى لعرض وتوضيح سلوك الظاهرة هو:,إحصاء وصفي,ما هو الإحصاء الذي يسعى لعرض وتوضيح سلوك الظاهرة؟
4493,4495,Y1,Statistics,Statistics,التنبؤ بقيم أحد المتغيرين عن طريق المتغير الآخر,قياس قوة العلاقة الخطية بين متغيرين,التمثيل البياني لكل متغير من المتغيرات المدروسة,كل ما سبق غير صحيح,,,B,ABCD,الفرض الرئيسي من حساب معامل الارتباط الخطي هو:,قياس قوة العلاقة الخطية بين متغيرين,ما هو الغرض الرئيسي من حساب معامل الارتباط الخطي؟
4495,4497,Y1,Statistics,Statistics,المنحني التكراري,المضلع التكراري,المدرج التكراري,التمثيل الدائري,,,B,ABCD,إن الخط المنكسر الذي يصل النقاط التي فواصلها مراكز الفئات وترتيبها تكرارات الفئات هو :,المضلع التكراري,ما هو الخط المنكسر الذي يصل النقاط التي فواصلها مراكز الفئات وترتيبها تكرارات الفئات؟
4496,4498,Y1,Statistics,Statistics,داخل الشركة أو المؤسسة,الدولة,المنظمات الدولية,لا شيء مما سبق,,,A,ABCD,نحصل على المصادر الداخلية لجمع البيانات من:,داخل الشركة أو المؤسسة,ما هي المصادر الداخلية لجمع البيانات؟
4500,4502,Y1,Statistics,Statistics,أي دالة في العينة,أي دالة في العينة لا تتبع وسيط مجهول,أي دالة في العينة تتبع أي وسيط,أي تركيب خطي في العينة والوسيط,,,B,ABCD,الإحصاء هو:,أي دالة في العينة لا تتبع وسيط مجهول,ما هو الإحصاء؟
4503,4505,Y1,Statistics,Statistics,دخول,خروج,مدة استشفاء,غير ذلك,,,C,ABCD,إذا قبل المريض في يوم وتخرج في نفسه يحتسب يوم:,مدة استشفاء,كم يوماً يحتسب إذا قُبل المريض في يوم وتخرج في نفس اليوم؟
4506,4508,Y1,Statistics,Statistics,التجربة,المقابلة,التسجيل,الملاحظة,,,D,ABCD,إن طريقة جمع البيانات التي تتناسب مع الأطفال هي:,الملاحظة,ما هي طريقة جمع البيانات التي تتناسب مع الأطفال؟
4520,4522,Y1,Statistics,Statistics,الدراسات الكمية,الدراسات الكيفية,الدراسات السريعة,الدراسات الدقيقة,,,B,ABCD,الدراسات التي بحكم الميدان تنفيذ العمل وجمع البيانات هي:,الدراسات الكيفية,ما هي الدراسات التي بحكم الميدان تنفيذ العمل وجمع البيانات؟
4525,4527,Y1,Statistics,Statistics,البيانات الوصفية,البيانات الكمية,البيانات الوصفية والكمية,لا يوجد شيء اسمه جداول تكرارية,,,C,ABCD,الجداول التكرارية تستخدم لعرض:,البيانات الوصفية والكمية,ما هو الغرض من استخدام الجداول التكرارية؟
4526,4528,Y1,Statistics,Statistics,كمية ووصفية,رسمية وكمية,رسمية وغير رسمية,اسمية وغير رسمية,,,A,ABCD,يوجد نوعين من البيانات هما:,كمية ووصفية,ما هما نوعا البيانات الموجودان؟
4529,4531,Y1,Statistics,Statistics,احتمال أن يأخذ متغير عشوائي X قيمة محددة,احتمال ان ياخد المتغير العشوائى x قيمه اكبر من قيمه محدده,احتمال ان ياخد المتغير العشوائى x قيمه اقل او تساوى قيمه محددة,كل ما ذكر صحيح,,,C,ABCD,دالة التوزيع الاحتمالي المتجمع تعطينا:,احتمال ان ياخد المتغير العشوائى x قيمه اقل او تساوى قيمه محددة,ما الذي تعطينا إياه دالة التوزيع الاحتمالي المتجمع؟
4539,4541,Y1,Statistics,Statistics,خمسة أعوام,عشرة أعوام,خمسة عشر عاماً,غير ذلك,,,B,ABCD,يتكرر التعداد السكاني عادة كل:,عشرة أعوام,كم مرة يتكرر التعداد السكاني عادة؟
4544,4546,Y1,Statistics,Statistics,التغير المطلق,التغير النسبي,التغير الأعظمي,التغير الحجمي,,,A,ABCD,الفارق في عدد السكان بين تعدادين متعاقبين تفصلهما فترة معينة كعشر سنوات:,التغير المطلق,ما هو الفارق في عدد السكان بين تعدادين متعاقبين تفصلهما فترة معينة كعشر سنوات؟
4549,4551,Y1,Statistics,Statistics,السجلات الدوائية,سجلات الموتى,السجلات الإحصائية,السجلات الطبية,,,D,ABCD,المسجل الذي يهدف الى تجميع المعلومات عن المرضى:,السجلات الطبية,ما هو المسجل الذي يهدف إلى تجميع المعلومات عن المرضى؟
4561,4563,Y1,Statistics,Statistics,الملاحظة أو المشاهدة,البريد,التجربة,الهاتف المحمول,,,A,ABCD,من أقدم الطرق المستخدمة لجمع البيانات لمراقبة الكثير من الظواهر لا سيما التي يصعب السؤال عنها:,الملاحظة أو المشاهدة,ما هي من أقدم الطرق المستخدمة لجمع البيانات لمراقبة الكثير من الظواهر لا سيما التي يصعب السؤال عنها؟
4562,4564,Y1,Statistics,Statistics,الاسمي,الرتبي,الفتروي,النسي,,,A,ABCD,المقياس المستخدم لوصف حالة التدخين (مدخن - غير مدخن) :,الاسمي,ما هو المقياس المستخدم لوصف حالة التدخين (مدخن - غير مدخن)؟
4564,4566,Y1,Statistics,Statistics,البريد,التسجيل,استخدام الإنترنت,الهواتف المحمولة,,,B,ABCD,يتم الحصول على بيانات تتعلق بضغط الدم وسرعة نبضات القلب ونسبة الكوليسترول في الدم لعينة من المرضى خلال فترة أسبوع عن طريق:,التسجيل,ما هي الطريقة التي يتم بها الحصول على بيانات تتعلق بضغط الدم وسرعة نبضات القلب ونسبة الكوليسترول في الدم لعينة من المرضى خلال فترة أسبوع؟
4565,4567,Y1,Statistics,Statistics,معرفة تعداد السكان .,اختبار الفرضيات .,ترميز الامراض والعمليات .,كل ما سبق .,,,C,ABCD,من وظائف السجلات الطبية .,ترميز الامراض والعمليات .,ما هي وظائف السجلات الطبية؟
4566,4568,Y1,Statistics,Statistics,الرتبي,النسبي,الاسمي,الفتروي,,,B,ABCD,يمكن استخدام الطرق الإحصائية الوسيطية في المقياس:,النسبي,ما هو المقياس الذي يمكن استخدام الطرق الإحصائية الوسيطية فيه؟
4570,4572,Y1,Statistics,Statistics,توزيع كاي مربع بدرجة حرية واحدة,توزيع كاي مربع بدرجتي حرية,توزيع طبيعي معياري,كل ما ذكر غير صحيح,,,A,ABCD,إذا كان للمتغير العشوائي Z توزيع طبيعي معياري، فإن مربعه Z² يتبع:,توزيع كاي مربع بدرجة حرية واحدة,ما هو التوزيع الذي يتبعه مربع المتغير العشوائي Z² إذا كان للمتغير العشوائي Z توزيع طبيعي معياري؟
4572,4574,Y1,Statistics,Statistics,اليونيسيف .,الاونروا .,منظمة الصحة العالمية .,صندوق النقد الدولي.,,,C,ABCD,المنظمة التى وضعت تصنيف دولي للأمراض .,منظمة الصحة العالمية .,ما هي المنظمة التي وضعت التصنيف الدولي للأمراض؟
4578,4580,Y1,Statistics,Statistics,قسم الاستقبال في المشفى,قسم الممرضين بالمشفى,قسم السجلات الطبية في المشفى,قسم التسويق,,,C,ABCD,الجهة المسؤولة عن السجلات الطبية:,قسم السجلات الطبية في المشفى,ما هي الجهة المسؤولة عن السجلات الطبية؟
4583,4586,Y1,Statistics,Statistics,Np,Npq,P,Q,,,C,ABCD,التوقع الرياضي لمتحول عشوائي يخضع لتوزيع برنولي:,P,ما هو التوقع الرياضي لمتحول عشوائي يخضع لتوزيع برنولي؟
4585,4588,Y1,Statistics,Statistics,ثلاثة أجزاء .,جزء واحد .,أربعة أجزاء.,خمس اجزاء .,,,A,ABCD,التصنيف الدولي للأمراض يتألف من .,ثلاثة أجزاء .,ما هو التصنيف الدولي للأمراض؟
4586,4589,Y1,Statistics,Statistics,x=0,Y=0,Z=0,كل ما سبق خطأ,,,A,ABCD,ان منحنى التوزيع الطبيعي المعياري يكون مناظر حول المستقيم:,x=0,ما هو المستقيم الذي يكون منحنى التوزيع الطبيعي المعياري مناظراً حوله؟
4591,4594,Y1,Statistics,Statistics,عدد الأيام التي تلقى فيها الرعاية من المشفى,مجموع خدمة جميع المرضى الداخليين خلال مدة معينة,الحالة التي أطلقت سلسلة الاحداث التي أدت للوفاة,حساب عدد المرضى الداخليين,,,B,ABCD,أيام الخدمة الاجمالية للمرضى الداخليين:,مجموع خدمة جميع المرضى الداخليين خلال مدة معينة,ما هي أيام الخدمة الإجمالية للمرضى الداخليين؟
4592,4595,Y1,Statistics,Statistics,مربع معامل الارتباط الخطي,الجذر التربيعي لمعامل الارتباط الخطي,ضعفي معامل الارتباط الخطي,قيمة ميل مستقيم الانحدار,,,A,ABCD,قيمة معامل التجديد تساوي:,مربع معامل الارتباط الخطي,ما هي قيمة معامل التجديد؟
4593,4596,Y1,Statistics,Statistics,طريقة أخذ العينة,مجموعة عناصر من العينة,عنصر من العينة,إطار العينة,,,C,ABCD,إن وحدة المعاينة هي:,عنصر من العينة,ما هي وحدة المعاينة؟
4594,4597,Y1,Statistics,Statistics,تكرار المجتمع الهابط,تكرار المجتمع الصاعد,تكرار المجتمع الطبقي,تكرار المجتمع التسلسلي,,,B,ABCD,جدول تكراري يضم عدد البيانات في فئة معينة وكل الفئات التي تسبقها:,تكرار المجتمع الصاعد,ما هو الجدول التكراري الذي يضم عدد البيانات في فئة معينة وكل الفئات التي تسبقها؟
4595,4598,Y1,Statistics,Statistics,حساب عدد المرضى الداخلين في زمن معين,عدد الأيام التي تلقى فيها المريض الرعاية في المشفى,عدد الوفيات خلال فترة زمنية محددة على عدد المتخرجين والوفيات في نفس الفترة مضروب بـ 100,حساب عدد المرضى المتخرجين في زمن معين,,,C,ABCD,معدل الوفيات في المشفى عبارة عن:,عدد الوفيات خلال فترة زمنية محددة على عدد المتخرجين والوفيات في نفس الفترة مضروب بـ 100,ما هو معدل الوفيات في المشفى؟
4598,4601,Y1,Statistics,Statistics,1.5,2025-07-08 0:00:00,3,0.75,,,A,ABCD,في تجربة رمي قطعة نقود 3 مرات متتالية فإن متوسط التوزيع الاحتمالي هو: حيث x تدل على عدد ظهور H,1.5,ما هو متوسط التوزيع الاحتمالي في تجربة رمي قطعة نقود 3 مرات متتالية حيث x تدل على عدد ظهور H؟
4601,4604,Y1,Statistics,Statistics,مأخوذة من العينة,مأخوذة من بيانات كيفية فقط,التي تشترك فيما بينها ببعض الخواص والمميزات,التي لا تشترك فيما بينها ببعض الخواص والمميزات,,,C,ABCD,المجتمع الاحصائي (الجمهرة) هو مجموعة من الأفراد أو العناصر :,التي تشترك فيما بينها ببعض الخواص والمميزات,ما هو المجتمع الإحصائي (الجمهرة)؟
4615,4618,Y1,Statistics,Statistics,المضلع التكراري,المدرج التكراري,المنحني التكراري,B+C,,,B,ABCD,يتكون من مجموعة من الأعمدة المتجاورة المقامة على المحور الأفقي الذي تمثل عليه حالات الصفة المدروسة عندما تكون البيانات وصفية وفترات الفئات عندما تكون البيانات كمية ويساوي ارتفاع كل عمود تكرارات الفئة المقام عليها:,المدرج التكراري,ما هو الرسم البياني الذي يتكون من مجموعة من الأعمدة المتجاورة المقامة على المحور الأفقي الذي تمثل عليه حالات الصفة المدروسة عندما تكون البيانات وصفية وفترات الفئات عندما تكون البيانات كمية ويساوي ارتفاع كل عمود تكرارات الفئة المقام عليها؟
4619,4622,Y1,Statistics,Statistics,التجربة,التسجيل,البريد,الانترنيت,,,A,ABCD,طريقة لجمع البيانات من أمثلتها قياس شدة تأثير نوع من الهرمونات في مجموعة من الفئران:,التجربة,ما هي طريقة جمع البيانات التي من أمثلتها قياس شدة تأثير نوع من الهرمونات في مجموعة من الفئران؟
4620,4623,Y1,Statistics,Statistics,عشوائي منفصل,عشوائي اسمي,عشوائي مستمر,غير ذلك,,,C,ABCD,ان طول شخص بالغ وقياس السكر في الدم هو متغير:,عشوائي مستمر,ما نوع المتغير الذي يمثله طول شخص بالغ وقياس السكر في الدم؟
4625,4628,Y1,Statistics,Statistics,المصادفة,العمدية,الحصصية,القصدية,,,C,ABCD,يكون المجتمع غير متجانس في العينة غير العشوائية:,الحصصية,متى يكون المجتمع غير متجانس في العينة غير العشوائية؟
4626,4629,Y1,Statistics,Statistics,المتوسط,الانحراف المعياري,التباين,درجة الحرية,,,D,ABCD,يعتمد توزيع ستيودنت على:,درجة الحرية,ما الذي يعتمد عليه توزيع ستيودنت؟
4627,4630,Y1,Statistics,Statistics,صفحة السجل المهني,صفحة الموافقة على العلاج,السيرة الذاتية,العلاقة بين المرضى,,,B,ABCD,من محتويات السجل الطبي,صفحة الموافقة على العلاج,ما هي محتويات السجل الطبي؟
4628,4631,Y1,Statistics,Statistics,عن الظواهر الطبيعية .,عن الامراض .,عن المرضى .,ليس مما سبق .,,,B,ABCD,التصنيف الدولي للأمراض هو عبارة عن رموز وأرقام للإشارة:,عن الامراض .,ما هو التصنيف الدولي للأمراض وما الغرض من الرموز والأرقام المستخدمة فيه؟
4631,4634,Y1,Statistics,Statistics,بسيطة,حصصية,طبقية,منتظمة,,,C,ABCD,إذا كنا أمام مجتمع غير متجانس فإننا نسحب عينة:,طبقية,ما نوع العينة التي نسحبها إذا كنا أمام مجتمع غير متجانس؟
4633,4636,Y1,Statistics,Statistics,الاسمية,الكمية,الكمية والاسمية,لا الكمية ولا الاسمية,,,C,ABCD,تستخدم الجداول التكرارية لعرض البيانات:,الكمية والاسمية,ما هو الغرض من استخدام الجداول التكرارية في عرض البيانات؟
4637,4640,Y1,Statistics,Statistics,البريد,التسجيل,الإنترنت,الملاحظة أو المشاهدة,,,D,ABCD,يتم الحصول على بيانات تتعلق بضغط الدم ونسبة الكوليسترول بالدم لعينة من المرضى خلال فترة زمنية معينة عن طريق:,الملاحظة أو المشاهدة,ما هي الطريقة التي يتم بها الحصول على بيانات تتعلق بضغط الدم ونسبة الكوليسترول بالدم لعينة من المرضى خلال فترة زمنية معينة؟
4641,4644,Y1,Statistics,Statistics,المقياس الاسمي,المقياس الفتروي,المقياس الرتبي,المقياس النسبي,,,C,ABCD,أعلى مستويات القياس:,المقياس الرتبي,ما هي أعلى مستويات القياس؟
4642,4645,Y1,Statistics,Statistics,واضحة,أكثر من المطلوب,أقل من المطلوب,أفضل دقة ممكنة,,,D,ABCD,يهدف تغيير الطرائق في الدراسات للحصول على بيانات:,أفضل دقة ممكنة,ما هو الهدف من تغيير الطرائق في الدراسات؟
4643,4646,Y1,Statistics,Statistics,الملاحظة,البريد,المقابلة الشخصية,الهواتف المحمولة,,,C,ABCD,طريقة جمع البيانات والتي تمتاز بالتكلفة العالية:,المقابلة الشخصية,ما هي طريقة جمع البيانات التي تمتاز بالتكلفة العالية؟
4644,4647,Y1,Statistics,Statistics,التغير النسبي,التغير المطلق,التغير الاعظمي,التغير الحجمي,,,B,ABCD,الفارق في عدد السكان بين تعدادين متعاقبين تفصلهما فترة معينة كعشر سنوات:,التغير المطلق,ما هو الفارق في عدد السكان بين تعدادين متعاقبين تفصلهما فترة معينة كعشر سنوات؟
4647,4650,Y1,Statistics,Statistics,الإحصاء الاستنتاجي,الإحصاء الوصفي,اختبار الفرضيات,كل ما سبق صحيح,,,B,ABCD,الجزء من الإحصاء الذي يعنى بوصف طبيعة وسلوك الظاهرة المدروسة وعرضها هو:,الإحصاء الوصفي,ما هو الجزء من الإحصاء الذي يعنى بوصف طبيعة وسلوك الظاهرة المدروسة وعرضها؟
4648,4651,Y1,Statistics,Statistics,الأطفال,الشباب,اليفع,ما فوق 60,,,A,ABCD,الفئة التي تشكل قاعدة الهرم السكاني هي:,الأطفال,ما هي الفئة التي تشكل قاعدة الهرم السكاني؟
4652,4655,Y1,Statistics,Statistics,قيمة معامل ارتباط المجتمع تساوي الصفر,العلاقة طردية,العلاقة عكسية,قيمة معامل ارتباط المجتمع تساوي واحد,,,A,ABCD,لاختبار الفرضيات حول معامل الارتباط الخطي لبيرسون تكون فرضية العدم:,قيمة معامل ارتباط المجتمع تساوي الصفر,ما هي فرضية العدم لاختبار الفرضيات حول معامل الارتباط الخطي لبيرسون؟
4654,4657,Y1,Statistics,Statistics,عدد البيانات المتضمنة في الفئة والفئات التي تسبقها,عدد البيانات في الفئة والفئات التي تليها,متوسط عدد البيانات للفئتين السابقة واللاحقة,لها مجموع عدد البيانات للفئات السابقة,,,B,ABCD,التكرار المتجمع الهابط لفئة معينة,عدد البيانات في الفئة والفئات التي تليها,ما هو التكرار المتجمع الهابط لفئة معينة؟
4658,4661,Y1,Statistics,Statistics,البرنولي,البواسوني,الحداني,الطبيعي,,,A,ABCD,التجربة الثنائية الوحيدة يكون لها التوزيع:,البرنولي,ما هو التوزيع الذي تتبعه التجربة الثنائية الوحيدة؟
4660,4663,Y1,Statistics,Statistics,التركيب الاجتماعي,التركيب النوعي,التركيب العمري,غير ذلك,,,C,ABCD,نتاج للعوامل المؤثرة في النمو السكاني من مواليد ووفيات وهجرة:,التركيب العمري,ما هو نتاج العوامل المؤثرة في النمو السكاني من مواليد ووفيات وهجرة؟
4664,4667,Y1,Statistics,Statistics,الاسمي,الرتبي,الفتروي,النسبي,,,D,ABCD,لقياس خضاب الدم يستخدم المقياس:,النسبي,ما هو المقياس المستخدم لقياس خضاب الدم؟
4669,4672,Y1,Statistics,Statistics,داخلي,خارجي,معلن,منشور,,,A,ABCD,البيانات التي نحصل عليها من الشركة أو المؤسسة وذلك من واقع مستنداتها وسجلاتها وفواتيرها وتقاريرها الدورية تعتبر مصدر:,داخلي,ما هو نوع المصدر الذي تمثله البيانات التي نحصل عليها من الشركة أو المؤسسة من واقع مستنداتها وسجلاتها وفواتيرها وتقاريرها الدورية؟
4676,4679,Y1,Statistics,Statistics,وزارة الصحه فى البلد,مديريه الصحه فى المحافظه,قسم السجلات الطبيه فى المشفى,الاطباء والممرضون,,,C,ABCD,الجهة المسؤولة عن السجلات الطبية هي:,قسم السجلات الطبيه فى المشفى,ما هي الجهة المسؤولة عن السجلات الطبية؟
4677,4680,Y1,Statistics,Statistics,الوصفي,الاستنتاجي,الاستدلالي,A+B,,,A,ABCD,إن جمع البيانات وتنظيمها وتوصيفها وتبويبها وتلخيصها موجود في الإحصاء:,الوصفي,ما هو نوع الإحصاء الذي يتضمن جمع البيانات وتنظيمها وتوصيفها وتبويبها وتلخيصها؟
4680,4683,Y1,Statistics,Statistics,حصصية,مصادفة,قصدية,عنقودية,,,B,ABCD,إذا أجرى طبيب دراسة على مجموعة من المرضى الذين يراجعونه تكون هذه المجموعة هي عينة:,مصادفة,ما نوع العينة التي تمثلها مجموعة من المرضى الذين يراجعون طبيباً معيناً عندما يجري عليهم دراسة؟
4681,4684,Y1,Statistics,Statistics,طردية قوية,عكسية موجبة,طردية متوسطة,موجبة ضعيفة,,,A,ABCD,اذا كانت قيمة بيرسون R=0.92 فإن العلاقة:,طردية قوية,ما نوع العلاقة إذا كانت قيمة بيرسون R=0.92؟
4684,4687,Y1,Statistics,Statistics,طريقة أخذ العينة,مجموعة عناصر من العينة,عنصر من العينة,إطار العينة,,,C,ABCD,يعبر عن وحدة المعاينة بأنها:,عنصر من العينة,ما هي وحدة المعاينة؟
4685,4688,Y1,Statistics,Statistics,البريد,التسجيل,استخدام الإنترنت,الملاحظة أو المشاهدة,,,D,ABCD,يتم الحصول على بيانات تتعلق بضغط الدم وسرعة نبضات القلب ونسبة الكولسترول في الدم لعينة من المرضى خلال فترة أسبوع عن طريق:,الملاحظة أو المشاهدة,ما هي الطريقة التي يتم بها الحصول على بيانات تتعلق بضغط الدم وسرعة نبضات القلب ونسبة الكولسترول في الدم لعينة من المرضى خلال فترة أسبوع؟
4687,4690,Y1,Statistics,Statistics,سلبي,عكسي,إيجابي,كل ما سبق,,,C,ABCD,إذا كان تزايد المتغير العشوائي X يؤدي إلى تزايد المتغير التابع Y فإن الارتباط بينهما:,إيجابي,ما نوع الارتباط بين المتغير العشوائي X والمتغير التابع Y إذا كان تزايد X يؤدي إلى تزايد Y؟
4689,4692,Y1,Statistics,Statistics,شرط المتغير العشوائي,المسلمة الاحتمالية,A+B,غير ذلك,,,B,ABCD,"احتمال أي حدث لا يزيد عن الواحد "" العبارة السابقة تعبر عن",المسلمة الاحتمالية,"ماذا تعبر عنه العبارة ""احتمال أي حدث لا يزيد عن الواحد""؟"
4690,4693,Y1,Statistics,Statistics,الانحدار نحو المعدل,ارتباط,تحديد,كل ما سبق صحيح,,,A,ABCD,ان معدل اطوال الأبناء تنحدر من معامل المجتمع فتسمى الظاهرة:,الانحدار نحو المعدل,ما تسمى الظاهرة التي يحدث فيها انحدار معدل أطوال الأبناء من معامل المجتمع؟
4691,4694,Y1,Statistics,Statistics,المجالي,مجالات الثقة,التقدير النقطي,كل ما سبق خطأ,,,C,ABCD,تستخدم التقدير....... لتقدير نسبة النجاح لمجتمع:,التقدير النقطي,ما هي التقديرات التي تستخدم لتقدير نسبة النجاح لمجتمع؟
4693,4696,Y1,Statistics,Statistics,متقطع قيمة الاعداد الطبيعية,متصل قيمة الاعداد الطبيعية,منفصل قيمة الاعداد الحقيقية,مستمر قيمة الاعداد الحقيقية,,,A,ABCD,نقذف قطعة نقود حتى يظهر الوجه H للمرة الأولى فإن المتغير العشوائي الذي يدل على عدد القذفات هو متغير:,متقطع قيمة الاعداد الطبيعية,ما نوع المتغير العشوائي الذي يدل على عدد القذفات عند قذف قطعة نقود حتى يظهر الوجه H للمرة الأولى؟
4696,4699,Y1,Statistics,Statistics,معدل الخصوبة العام,معدل الخصوبة الصافي,معدل الخصوبة الكلية,معدل المواليد الخام,,,C,ABCD,متوسط عدد الأطفال الذي يمكن أن ينجبوا أحياء لكل امرأة إذا أمضت حياتها منذ ميلادها بما يتماشى مع معدلات الخصوبة العمرية في سنة معينة:,معدل الخصوبة الكلية,ما هو متوسط عدد الأطفال الذي يمكن أن تنجبهم المرأة أحياء إذا أمضت حياتها منذ ميلادها بما يتماشى مع معدلات الخصوبة العمرية في سنة معينة؟
4697,4700,Y1,Statistics,Statistics,التجربة,المواجهة,البريد,التسجيل,,,B,ABCD,طريقة تمكننا من مراقبة رد الفعل على بعض الأسئلة والحصول على إجابات دقيقة:,المواجهة,ما هي الطريقة التي تمكننا من مراقبة رد الفعل على بعض الأسئلة والحصول على إجابات دقيقة؟
4699,4702,Y1,Statistics,Statistics,كمية,وصفية,رتبية,كمية و وصفية,,,D,ABCD,إن نوع البيانات المستخدمة لإنشاء الجدول التكراري هو :,كمية و وصفية,ما هو نوع البيانات المستخدمة لإنشاء الجدول التكراري؟
4711,4714,Y1,Statistics,Statistics,التي تشترك فيما بينها ببعض الخواص والمميزات,التي لا تشترك فيما بينها ببعض الخواص والمميزات,مأخوذة من العينة,مأخوذة من بيانات كيفية فقط,,,A,ABCD,المجتمع الإحصائي هو مجموعة من الأفراد أو العناصر:,التي تشترك فيما بينها ببعض الخواص والمميزات,ما هو المجتمع الإحصائي؟
4714,4717,Y1,Statistics,Statistics,نوعي,عشوائي منفصل,عشوائي مستمر,رتبي,,,B,ABCD,عدد الكريات الحمر في الجسم هو متغير:,عشوائي منفصل,ما هو عدد الكريات الحمر في الجسم؟
4717,4720,Y1,Statistics,Statistics,معدل الوفيات الخام,معدل الوفيات النوعي للعمر,معدل وفيات الرضع,معدل وفيات الأمهات,,,D,ABCD,عدد الوفيات لدى النساء الحوامل التي حدثت اثناء الحمل او الولادة او النفاس / عدد المواليد الاحياء خلال نفس السنة مضروبا ب 100000,معدل وفيات الأمهات,ما هو معدل وفيات الأمهات الذي يحسب بقسمة عدد الوفيات لدى النساء الحوامل التي حدثت أثناء الحمل أو الولادة أو النفاس على عدد المواليد الأحياء خلال نفس السنة مضروباً في 100000؟
4720,4723,Y1,Statistics,Statistics,معدل الخصوبة العمري,معدل المواليد العام,معدل الوفيات العام,معدل الخصوبة الخام,,,A,ABCD,المعدلات التي يكون تركيزها على معدلات الخصوبة لفئة معينة من العمر لغرض المقارنة على امتداد زمن ما ودراسة الفروق في ظاهرة الخصوبة بمختلف الاعمار:,معدل الخصوبة العمري,ما هي المعدلات التي يكون تركيزها على معدلات الخصوبة لفئة معينة من العمر لغرض المقارنة على امتداد زمن ما ودراسة الفروق في ظاهرة الخصوبة بمختلف الأعمار؟
4721,4724,Y1,Statistics,Statistics,سلبي,إيجابي,معدوم,كل ما سبق خطأ,,,A,ABCD,تزايد المتغير العشوائي x يؤدي إلى تناقص متغير التابع y فإن العلاقة بين المتغيرين:,سلبي,ما هي العلاقة بين المتغيرين عندما يؤدي تزايد المتغير العشوائي x إلى تناقص المتغير التابع y؟
4724,4727,Y1,Statistics,Statistics,بسيطة,حصصية,طبقية,منتظمة,,,C,ABCD,إذا كنا أمام مجتمع غير متجانس فإننا نسحب عينة:,طبقية,ما نوع العينة التي نسحبها إذا كنا أمام مجتمع غير متجانس؟
4726,4729,Y1,Statistics,Statistics,مقياس اسمي,مقياس رتبي,مقياس فتروي,مقياس نسبي,,,A,ABCD,المقياس المستخدم لوصف حالة التدخين (مدخن / غير مدخن) هو:,مقياس اسمي,ما هو المقياس المستخدم لوصف حالة التدخين (مدخن / غير مدخن)؟
4727,4730,Y1,Statistics,Statistics,مرتبطة ولها قانون التوزبع نفسه,مستقلة ولها قانون التوزيع نفسه,متنافية ولها قانون التوزيع نفسه,مستقلة ولكل منها قانون توزيعه الخاص,,,B,ABCD,نقول عن مجموعة من المتغيرات العشوائية انها تشكل عينة عشوائية اذا كانت :,مستقلة ولها قانون التوزيع نفسه,ما هي الشروط التي يجب توفرها في مجموعة من المتغيرات العشوائية لتشكل عينة عشوائية؟
4728,4731,Y1,Statistics,Statistics,الرتبي,الإسمي,العنقودي,كل ما سبق,,,C,ABCD,المستوى الذي يمكن حساب فيه المتوسطات والانحرافات المعيارية ومقاييس العلاقة الخطية هو :,العنقودي,ما هو المستوى الذي يمكن حساب فيه المتوسطات والانحرافات المعيارية ومقاييس العلاقة الخطية؟
4733,4736,Y1,Statistics,Statistics,بين 5 و15 فئة,بين 15 و25 فئة,5 فئات حصرا,كل ما سبق خاطئ,,,A,ABCD,يتراوح عدد الفئات غالبا عددها:,بين 5 و15 فئة,كم يتراوح عدد الفئات غالباً؟
4737,4740,Y1,Statistics,Statistics,العلاقة طردية,قيمة معامل ارتباط المجتمع تساوي الصفر,العلاقة عكسية,قيمة معامل الارتباط المجتمع تساوي الواحد,,,B,ABCD,لاختبار الفرضيات حول معامل الارتباط الخطي لبيرسون تكون فرضية العدم:,قيمة معامل ارتباط المجتمع تساوي الصفر,ما هي فرضية العدم لاختبار الفرضيات حول معامل الارتباط الخطي لبيرسون؟
4740,4743,Y1,Statistics,Statistics,عدد الوفيات لكل الف من الرجال في سنة معينة,عدد الوفيات لكل الف من السكان في سنة معينة,عدد الوفيات لكل الف من النساء في فئة عمرية,نسبة عدد الوفيات الى عدد الولادات,,,B,ABCD,معدل الوفيات الخام هو:,عدد الوفيات لكل الف من السكان في سنة معينة,ما هو معدل الوفيات الخام؟
4741,4744,Y1,Statistics,Statistics,وزارة الصحة في البلد,مديرية الصحة في المحافظة,قسم السجلات الطبية في المستشفى,الأطباء والممرضين,,,C,ABCD,الجهة المسؤولة عن السجلات الطبية:,قسم السجلات الطبية في المستشفى,ما هي الجهة المسؤولة عن السجلات الطبية؟
4745,4748,Y1,Statistics,Statistics,متغيرين,متغير واحد,عدة متغيرات,غير ذلك,,,A,ABCD,إن مخطط الانتشار لدراسة إحصائية بين خاصتين يستخدم,متغيرين,ما هو الغرض من استخدام مخطط الانتشار في الدراسة الإحصائية بين خاصتين؟
4755,4758,Y1,Statistics,Statistics,جداء التوقعين الرياضيين للمتغيرين العشوائيين,مجموع التوقعين الرياضيين للمتغيرين العشوائيين,الفرق بين التوقعين الرياضيين للمتغيرين العشوائيين,لا شيء مما ذكر صحيح,,,B,ABCD,التوقع الرياضي لمجموع متغيرين عشوائيين يساوي:,مجموع التوقعين الرياضيين للمتغيرين العشوائيين,ما هو التوقع الرياضي لمجموع متغيرين عشوائيين؟
4758,4761,Y1,Statistics,Statistics,عدد البيانات المتضمنة في الفئة والفئات التي تسبقها,عدد البيانات في الفئة والفئات التي تليها,متوسط عدد البيانات للفئتين السابقة واللاحقة لها,مجموع عدد البيانات للفئات السابقة لها,,,A,ABCD,التكرار المتجمع الصاعد لفئة معينة هو :,عدد البيانات المتضمنة في الفئة والفئات التي تسبقها,ما هو التكرار المتجمع الصاعد لفئة معينة؟
4762,4765,Y1,Statistics,Statistics,منطقة القبول,منطقة الرفض,المنطقة الأكيدة,منطقة العمل,,,B,ABCD,إن المنطقة التي تتألف من قيم دالة الاختبار قليلة الاحتمال عندما Ho صحيحة هي:,منطقة الرفض,ما هي المنطقة التي تتألف من قيم دالة الاختبار قليلة الاحتمال عندما Ho صحيحة؟
4765,4768,Y1,Statistics,Statistics,التي تشترك فيما بينها ببعض الخواص والميزات,التي لا تشترك فيما بينها ببعض الخواص والميزات,مأخوذة من العينة,مأخوذة من بيانات كيفية فقط,,,A,ABCD,المجتمع الاحصائي هو مجموعة من الافراد او العناصر:,التي تشترك فيما بينها ببعض الخواص والميزات,ما هو المجتمع الإحصائي؟
4767,4770,Y1,Statistics,Statistics,استخدام المؤشرات الإحصائية,على اتخاذ القرارات والتنبؤ والاستقرار والاستدلال,وصف طبيعة الظاهرة المدروسة,كل ما سبق خطأ,,,B,ABCD,يقوم الإحصاء الاستنتاجي على:,على اتخاذ القرارات والتنبؤ والاستقرار والاستدلال,ما الذي يقوم عليه الإحصاء الاستنتاجي؟
4769,4772,Y1,Statistics,Statistics,منظمة الصحة العالمية,وزارة الصحة,مديرية الصحة,منظمة الأغذية العالمية,,,A,ABCD,التصنيف الدولي للأمراض هو وثيقة تصدرها:,منظمة الصحة العالمية,ما هي الجهة التي تصدر التصنيف الدولي للأمراض؟
4775,4778,Y1,Statistics,Statistics,طبيعة العينة المعرفة عليها,المتغير نفسه الذي يعبر عن الظاهرة المدروسة,نوعية المقياس المستخدم,A+B,,,C,ABCD,تختلف دلالات قيم المتغيرات العشوائية تبعا ل:,نوعية المقياس المستخدم,ما الذي تختلف تبعاً له دلالات قيم المتغيرات العشوائية؟
4778,4781,Y1,Statistics,Statistics,التسجيل,التجربة,البريد,المقابلة,,,A,ABCD,الطريقة التي تستخدم فيها بعض التقنيات الإلكترونية للمراقبة والعد وتسجيل الملاحظات هي:,التسجيل,ما هي الطريقة التي تستخدم فيها بعض التقنيات الإلكترونية للمراقبة والعد وتسجيل الملاحظات؟
4779,4782,Y1,Statistics,Statistics,خمس سنوات,عشر سنوات,حسب الأسس المتبعة محليا في كل بلد,حسب الأسس التي تحددها منظمة الصحة العالمية,,,C,ABCD,يحدد زمن حفظ السجلات الطبية ب:,حسب الأسس المتبعة محليا في كل بلد,ما الذي يحدد زمن حفظ السجلات الطبية؟
4780,4783,Y1,Statistics,Statistics,البرنولي,الثنائي,الطبيعي,الأسي,,,B,ABCD,لتكن لدينا عينة عشوائية حجمها n من توزيع برنولي بالوسيط P، فإن توزيع مجموع متغيرات هذه العينة يتوزع وفق التوزيع:,الثنائي,ما هو التوزيع الذي يتبعه مجموع متغيرات عينة عشوائية حجمها n من توزيع برنولي بالوسيط P؟
4784,4787,Y1,Statistics,Statistics,حقيقي موجب,صحيح موجب,صحيح,طبيعي,,,B,ABCD,باعتبار xمتغير عشوائي يدل على عدد أخوات طالب ما فإن مجموعة قيمه هي العدد:,صحيح موجب,ما هي مجموعة قيم المتغير العشوائي x الذي يدل على عدد أخوات طالب ما؟
4786,4789,Y1,Statistics,Statistics,عدد المواليد الاحياء في سنة معينة,عدد المواليد الاحياء لكل ألف من السكان في سنة معينة,عدد المواليد الاحياء لكل ألف من النساء في سنة معينة,عدد المواليد الاحياء لكل ألف من النساء المتزوجات في سنة معينة,,,B,ABCD,معدل المواليد الخام:,عدد المواليد الاحياء لكل ألف من السكان في سنة معينة,ما هو معدل المواليد الخام؟
4787,4790,Y1,Statistics,Statistics,فئة اليفع,فئة الأطفال,فئة المسنين,فئة الشباب,,,B,ABCD,الفئة العمرية المهمة جدا من الناحية الصحية والتنموية:,فئة الأطفال,ما هي الفئة العمرية المهمة جداً من الناحية الصحية والتنموية؟
4795,4798,Y1,Statistics,Statistics,البريد,استخدام الانترنيت والمواقع الاجتماعية,المواجهة الشخصية,الاتصالات الهاتفية,,,B,ABCD,من مميزاتها تصلنا الإجابات خلال وقت قصير وتمتاز ببساطتها وقلة تكاليفها وسرعتها:,استخدام الانترنيت والمواقع الاجتماعية,ما هي الطريقة التي تمتاز بوصول الإجابات خلال وقت قصير وتتميز ببساطتها وقلة تكاليفها وسرعتها؟
4799,4802,Y1,Statistics,Statistics,مخطط الفطيرة,مخطط الصندوق,مخطط الساق والورقة,مخطط الانتشار,,,D,ABCD,المخطط الذي يساعد بدراسة العلاقة بين متغيرين وطبيعتها:,مخطط الانتشار,ما هو المخطط الذي يساعد بدراسة العلاقة بين متغيرين وطبيعتها؟
4803,4806,Y1,Statistics,Statistics,ثلاث شهور,حسب رغبة المريض,بناء على الأسس المتبعة محلياً في كل بلد,حسب خدمات المشفى,,,C,ABCD,تحدد زمن حفظ السجلات الطبية في المشفى:,بناء على الأسس المتبعة محلياً في كل بلد,ما الذي يحدد زمن حفظ السجلات الطبية في المشفى؟
4809,4812,Y1,Statistics,Statistics,ستيودنت,كاي مربع,فيشر,برنولي,,,A,ABCD,يستخدم اختبار الفرضيات حول ميل خط الانحدار توزيع:,ستيودنت,ما هو التوزيع الذي يستخدم في اختبار الفرضيات حول ميل خط الانحدار؟
4813,4816,Y1,Statistics,Statistics,صعوبة حصر افراد المجتمع,العينات تزيد التكلفة والجهد والزمن,واسعة الإمكانات لإجراء الحصر الشامل .,طريقة الحصر الشامل سهلة على الرغم من وقتها,,,A,ABCD,من أسباب تفضيل أسلوب العينة على أسلوب الحصر الشامل,صعوبة حصر افراد المجتمع,ما هي أسباب تفضيل أسلوب العينة على أسلوب الحصر الشامل؟
4820,4823,Y1,Statistics,Statistics,السجلات الدوائية .,السجلات المدنية .,السجلات الإحصائية .,السجلات الطبية .,,,D,ABCD,السجل الذي يهدف الى تجميع المعلومات عن المريض:,السجلات الطبية .,ما هو السجل الذي يهدف إلى تجميع المعلومات عن المريض؟
4829,4832,Y1,Statistics,Statistics,برنولي,حداني,بواسوني,أسي,,,B,ABCD,إذا علمت أن احتمال شفاء مريض مصاب بالزكام خلال أسبوع دون اللجوء للطبيب هو 0.6 فإذا كان لدينا10 مرضاً بالزكام ولم يرجع الطبيب فالمسألة مسألة توزيع:,حداني,ما هو نوع التوزيع الإحصائي إذا علمت أن احتمال شفاء مريض مصاب بالزكام خلال أسبوع دون اللجوء للطبيب هو 0.6 وكان لدينا 10 مرضى بالزكام ولم يراجعوا الطبيب؟
4845,4848,Y4,Surgery,Surgery,المعدي الأيسر.,المعدي العفجي.,المعدي الاكليلي الأيسر.,المعدي الاكليلي الأيمن.,الحجابي السفلي.,,B,ABCDE,غالباً الشريان النازف من قرحة اثني عشريه:,المعدي العفجي.,ما هو الشريان الذي ينزف غالباً من قرحة اثني عشرية؟
4851,4854,Y3,Surgery,Surgery,1. علاج محافظ دوائي.,2. اجراء قطع معدة جزئي بيلروث II.,3. اجراء قطع معدة تام.,4. كل ما سبق صحيح.,5. كل ما سبق خطأ.,,D,ABCDE,2. تعالج أورام في القسم البعيد للمعدة:,4. كل ما سبق صحيح.,ما هي الأورام التي تعالج في القسم البعيد للمعدة؟
4852,4855,Y4,Surgery,Surgery,قرحة معدية.,سرطانة معدية.,قرحة عفجية.,دوالي مريئية.,تسحجات معدية.,,B,ABCDE,أجري تنظير هضمي علوي لرجل عمره 55 سنة وتم اخباره أن لديه آفة قد تسبب فقراً دموياً والنزف الحاد منها غير شائع ما هو هذا التشخيص؟,سرطانة معدية.,ما هو التشخيص للآفة التي قد تسبب فقراً دموياً والنزف الحاد منها غير شائع والتي تم اكتشافها بالتنظير الهضمي العلوي لرجل عمره 55 سنة؟
4853,4856,Y4,Surgery,Surgery,القصة السريرية والفحص السريري.,تحديد عيار الخضاب,إنعاش بالسوائل.,وضع أنبوب أنفي معدي.,اجراء تنظير هضمي علوي اسعافي.,,C,ABCDE,أتى شاب 32 سنة لقسم الطوارئ بقصة إقياء (لكميات كبيرة من الدم الأحمر القاني). ما هي الخطوة الأولى الأهم في تدبير هذا المريض؟,إنعاش بالسوائل.,ما هي الخطوة الأولى الأهم في تدبير مريض يبلغ من العمر 32 سنة أتى لقسم الطوارئ بقصة إقياء لكميات كبيرة من الدم الأحمر القاني؟
4854,4857,Y4,Surgery,Surgery,ورم ورقي.,غدوم ليفي.,سرطان ثدي.,داء,داء باجيت.,,D,ABCDE,شكت مريضة تبلغ من العمر 45 سنة من ألم في ثديها 2. الأيسر لمدة أسبوعين بالفحص السريري كان لديها خيط يشبه الحبل مؤلم مع أودة بارزة فوقها. ما هو التشخيص المحتمل؟,داء,ما هو التشخيص المحتمل لمريضة تبلغ من العمر 45 سنة تشكو من ألم في ثديها الأيسر لمدة أسبوعين مع وجود خيط يشبه الحبل مؤلم وأودة بارزة فوقه بالفحص السريري؟
4855,4858,Y4,Surgery,Surgery,سرطان ثدي التهابي.,سل ثدي.,داء باجيت.,غدوم ليفي.,أكزيما في الثدي.,,B,ABCDE,وصلت مريضة تبلغ من العمر 40 عاماً من أصول آسيوية إلى بريطانيا تشكو من كتلة في ثديها الأيمن منذ عدة أشهر لم تكن الكتلة مؤلمة لكنها كانت تعاني من نز الخراج في إبطها الأيمن والذي يشفى ويعاود من جديد. ما هو التشخيص المحتمل؟,سل ثدي.,ما هو التشخيص المحتمل لمريضة تبلغ من العمر 40 عاماً من أصول آسيوية وصلت إلى بريطانيا تشكو من كتلة غير مؤلمة في ثديها الأيمن منذ عدة أشهر مع نز الخراج في إبطها الأيمن الذي يشفى ويعاود من جديد؟
4856,4859,Y4,Surgery,Surgery,سرطان ثدي التهابي.,سل ثدي.,داء باجيت.,غدوم ليفي.,أكزيما في الثدي.,,D,ABCDE,راجعت مريضة تبلغ من العمر 25 سنة بكتلة شاهدتها صدفة منذ 3 أسابيع في ثديها الأيسر ويمكن تحريك الكتلة من قبل المريضة ضمن نسيج الثدي. ما هو التشخيص المحتمل؟,غدوم ليفي.,ما هو التشخيص المحتمل لمريضة تبلغ من العمر 25 سنة راجعت بكتلة شاهدتها صدفة منذ 3 أسابيع في ثديها الأيسر ويمكن تحريك الكتلة من قبل المريضة ضمن نسيج الثدي؟
4857,4860,Y4,Surgery,Surgery,غدوم ليفي.,داء باجيت.,سرطان التهابي.,خراج ثدي.,أكزيما.,,C,ABCDE,راجعت مريضة تبلغ من العمر 50 عاماً بشكاية ألم واحمرار في الثدي الأيمن منذ شهر وقد عولجت من قبل طبيب آخر بالصادات لمدة أسبوعين من دون تحسن وقد ازدادت الحالة سوءاً مما دفعها إلى مراجعة طبيب جراحة ما هو التشخيص المحتمل؟,سرطان التهابي.,ما هو التشخيص المحتمل لمريضة تبلغ من العمر 50 عاماً تعاني من ألم واحمرار في الثدي الأيمن منذ شهر وقد عولجت بالصادات لمدة أسبوعين دون تحسن وازدادت الحالة سوءاً؟
4858,4861,Y4,Surgery,Surgery,اجراء ايكو للثدي.,اجراء FNA.,إجراء Core biopsy,اجراء ماموغرام.,اجراء خزعة جراحية.,,C,ABCDE,بالنسبة للمريضة السابقة ما هي الوسيلة المناسبة لوضع التشخيص الأكيد؟,إجراء Core biopsy,ما هي الوسيلة المناسبة لوضع التشخيص الأكيد للمريضة؟
4860,4863,Y4,Surgery,Surgery,سرطان لبي.,سرطان جريبي.,لمفوما.,سرطان غير مصنع.,سرطان حليمي.,,C,ABCDE,راجعت مريضة مسنة مشخصي لديها سابقاً داء هاشيموتو بعقدة قاسية غير منتظمة في الفص الدرقي الأيمن. ما هو التشخيص المحتمل؟,لمفوما.,ما هو التشخيص المحتمل لمريضة مسنة مشخص لديها سابقاً داء هاشيموتو وتراجع بعقدة قاسية غير منتظمة في الفص الدرقي الأيمن؟
4861,4864,Y4,Surgery,Surgery,سرطان لبي.,سرطان جريبي.,المفوما.,سرطان حليمي.,سرطان غير مصنع.,,D,ABCDE,راجع طفل يبلغ من العمر 12 سنة بعقدة درقية مع ضخامة عقد لمفية ناحية ما هو التشخيص المحتمل؟,سرطان حليمي.,ما هو التشخيص المحتمل لطفل يبلغ من العمر 12 سنة يراجع بعقدة درقية مع ضخامة عقد لمفية ناحية؟
4862,4865,Y4,Surgery,Surgery,عقدة درقية سليمة.,داء غريف.,سلعة متعددة العقد.,سرطان حليمي.,سرطان جريبي.,,C,ABCDE,راجعت مريضة في منتصف العمر بسلعة درقية لفترة طويلة والفص الأيمن متضخم بشكل أكبر من الأيسر وسريريا وسري كانت في حالة سواء درقي. ما هو التشخيص المحتمل؟,سلعة متعددة العقد.,ما هو التشخيص المحتمل لمريضة في منتصف العمر تعاني من سلعة درقية لفترة طويلة مع تضخم الفص الأيمن أكبر من الأيسر وهي سريرياً في حالة سواء درقي؟
4863,4866,Y4,Surgery,Surgery,لوزة لسانية.,درق لسانية.,جسم أجنبي علق باللسان.,Dermoid,وذمة عصبية وعائية.,,B,ABCDE,فتاة في الربيع الخامس شكت من عسرة تنفس بالفحص تبين بوجود كتلة في جوف الفم بقطر 3 سم على الخط الناصف وعلى مؤخرة اللسان. ما هو التشخيص الأكثر احتمالاً؟,درق لسانية.,ما هو التشخيص الأكثر احتمالاً لفتاة في الربيع الخامس تشكو من عسرة تنفس مع وجود كتلة في جوف الفم بقطر 3 سم على الخط الناصف وعلى مؤخرة اللسان؟
4864,4867,Y4,Surgery,Surgery,إعطاء الميتيمازول Methimazoli,إعطاء محلول اللوغول Lugols iodine,المعالجة الشعاعية باليود I 131,استئصال الدرق التام.,الستيروئيدات.,,C,ABCDE,شابة في ربيعها الأربعين تشكو من نقص وزن مع خفقان وجحوظ في العينين. بالفحص السريري تبين وجود سلعة درقية متوسطة الحجم منتشرة ومتجانسة، بالفحوص الدموية تبين وجود فرط نشاط درق بدني، ما هو العلاج غير المرغوب به في هذه الحالة؟,المعالجة الشعاعية باليود I 131,ما هو العلاج غير المرغوب به في حالة شابة في ربيعها الأربعين تشكو من نقص وزن مع خفقان وجحوظ في العينين مع وجود سلعة درقية متوسطة الحجم منتشرة ومتجانسة وفرط نشاط درق بدني؟
4865,4868,Y4,Surgery,Surgery,استشارة طبيب تغذية.,الحصول على موافقة المريض.,اجراء التحاليل الدموية اللازمة.,تحول المريض لطبيب نفسي.,,,B,ABCDE,راجع مريض بدانة طبيبه وكان BMI لديه 40 فقرر الطبيب إجراء عملية sleeve gastrectomy ما هو الإجراء الأول الذي يجب إجراؤه قبل العملية؟,الحصول على موافقة المريض.,ما هو الإجراء الأول الذي يجب إجراؤه قبل عملية sleeve gastrectomy لمريض البدانة الذي لديه BMI يساوي 40؟
4866,4869,Y4,Surgery,Surgery,استشارة طبيب التغذية.,تحويل المريض لطبيب نفسي.,الحصول على موافقة المريض.,إجراء التحاليل الدموية اللازمة.,,,C,ABCDE,راجع مريض بدانة طبيبه وكان BMI لديه 40 فقرر الطبيب إجراء عملية Sleeve gastrectomy ما هو الإجراء الأول الذي يجب إجراؤه قبل العمل الجراحي؟,الحصول على موافقة المريض.,ما هو الإجراء الأول الذي يجب إجراؤه قبل عملية Sleeve gastrectomy لمريض البدانة الذي لديه BMI يساوي 40؟
4867,4870,Y4,Surgery,Surgery,خراجة كبدية قيحية.,خراجة كبدية زحارية.,كيسة مائية كبدية.,التهاب كبد فيرسي.,,,B,ABCDE,يعاني مريض عمره 25 سنة من عدم ارتياح عام ونقصان في الوزن وترفع حروري وبراز ملطخ بالدم على نحو متقطع خلال الست أسابيع الأخيرة بعد عودته من شبه القارة الهندية حيث عمل هناك لمدة ستة أشهر. بالفحص السريري: كبدية مع مضض في الربع العلوي الأيمن وأظهر الإيكو جوفا ناقص الصدى الفص الكبدي الأيمن ذو حواف واضحة. ما هو التشخيص المحتمل؟,خراجة كبدية زحارية.,ما هو التشخيص المحتمل لمريض عمره 25 سنة يعاني من عدم ارتياح عام ونقصان في الوزن وترفع حروري وبراز ملطخ بالدم على نحو متقطع خلال الست أسابيع الأخيرة بعد عودته من شبه القارة الهندية حيث عمل هناك لمدة ستة أشهر، مع وجود كبدية ومضض في الربع العلوي الأيمن وإيكو يظهر جوفا ناقص الصدى في الفص الكبدي الأيمن ذو حوا
4868,4871,Y4,Surgery,Surgery,متلازمة بود شياري.,التهاب الطرق الصفراوية المصلب البدئي.,عداء كارولي.,داء كيسي بسيط,,,D,ABCDE,يعاني مريض عمره 50 سنة ويبدو بصحة جيدة من أصمية حديثة وايلام وألم في الربع العلوي الأيمن لمدة 3-4 أشهر. كان الفحص السريري سلبيا. سريري سلبياً وكانت وظائف الكبد طبيعية وكذلك. التنظير الهضمي العلوي أما الايكو فأظهر وجود آفة كيسية وحيدة تبلغ 6 سم. ما هو التشخيص المحتمل؟,داء كيسي بسيط,ما هو التشخيص المحتمل لمريض عمره 50 سنة يعاني من أصمية حديثة وألم في الربع العلوي الأيمن لمدة 3-4 أشهر مع فحص سريري سلبي ووظائف كبد طبيعية وتنظير هضمي علوي طبيعي بينما أظهر الإيكو وجود آفة كيسية وحيدة تبلغ 6 سم؟
4869,4872,Y4,Surgery,Surgery,تقيح مرارة.,التهاب مرارة حاد.,قيلة مخاطية في المرارة.,التهاب بريتوان تالي لانثقاب مرارة.,خزل معوي بسبب حصاة مرارية.,,B,ABCDE,راجعت مريضة تبلغ من العمر 30 سنة بقصة ألم مستمر في الربع العلوي الأيمن من البطن مع إقياء وارتفاع حرارة وإيجابية علامة مورفي ما هو التشخيص المحتمل؟,التهاب مرارة حاد.,ما هو التشخيص المحتمل لمريضة تبلغ من العمر 30 سنة تعاني من ألم مستمر في الربع العلوي الأيمن من البطن مع إقياء وارتفاع حرارة وإيجابية علامة مورفي؟
4870,4873,Y4,Surgery,Surgery,تقيح مرارة.,التهاب مرارة حاد.,قيلة مخاطية في المرارة.,التهاب بريتوان تالي لانثقاب مرارة.,خزل معوي بسبب حصاة مرارية.,,D,ABCDE,راجع مريض مشخص لديه سابقة حصيات مرارية يبلغ من العمر 60 سنة بقصة ألم بطني شديد ومستمر 6 ساعات وبالفحص السريري كان المريض غير مرتاح ومصدوم من انتفاخ البطن ومضض راجع معممين ما هو التشخيص المحتمل؟,التهاب بريتوان تالي لانثقاب مرارة.,ما هو التشخيص المحتمل لمريض يبلغ من العمر 60 سنة لديه سابقة حصيات مرارية يراجع بقصة ألم بطني شديد ومستمر لمدة 6 ساعات وبالفحص السريري كان المريض غير مرتاح ومصدوم مع انتفاخ البطن ومضض راجع معممين؟
4871,4874,Y4,Surgery,Surgery,تقيح مرارة.,التهاب مرارة حاد.,قيلة مخاطية في المرارة.,التهاب بريتوان تالي لانثقاب مرارة.,خزل معوي بسبب حصاة مرارية.,,A,ABCDE,راجع مريض يبلغ من العمر 56 سنة بألم شديد في أعلى 4 البطن منذ أسبوع مع حرارة spiking fever وكان غير مرتاح بشدة مع وجود علامات لتخريش بريتواني في الربع العلوي الأيمن مع جس كتلة ما هو التشخيص المحتمل؟,تقيح مرارة.,ما هو التشخيص المحتمل لمريض يبلغ من العمر 56 سنة يعاني من ألم شديد في أعلى البطن منذ أسبوع مع حمى متقطعة وعدم راحة شديدة مع وجود علامات لتخريش بريتواني في الربع العلوي الأيمن مع جس كتلة؟
4872,4875,Y4,Surgery,Surgery,تقيح مرارة.,التهاب مرارة حاد.,قيلة مخاطية في المرارة.,التهاب طرق صفراوية صاعد.,خزل معوي بسبب حصاة مرارية.,,D,ABCDE,راجع مريض يبلغ من العمر 60 سنة بقصة ألم بطني ويرقان وحرارة مع عروءات، ماهو التشخيص المحتمل؟,التهاب طرق صفراوية صاعد.,ما هو التشخيص المحتمل لمريض يبلغ من العمر 60 سنة يراجع بقصة ألم بطني ويرقان وحرارة مع عروءات؟
4873,4876,Y4,Surgery,Surgery,تقيح مرارة.,التهاب مرارة حاد.,قيلة مخاطية في المرارة.,خزل معوي بسبب حصاة مرارية.,,,C,ABCDE,عولجت مريضة تبلغ من العمر 40 سنة لالتهاب مرارة حاد حيث لوحظ وجود مرارة مجسوسة غير ممضه، لم يكن هناك ترفع حروري وكانت المريضة بشكل عام بصحة جيدة، ما هو التشخيص المحتمل؟,قيلة مخاطية في المرارة.,ما هو التشخيص المحتمل لمريضة تبلغ من العمر 40 سنة عولجت لالتهاب مرارة حاد حيث لوحظ وجود مرارة مجسوسة غير ممضة، لم يكن هناك ترفع حروري وكانت المريضة بشكل عام بصحة جيدة؟
4874,4877,Y4,Surgery,Surgery,فرط تصنع كظر خلقي.,داء أديسون.,متلازمة نيلسون.,نزف في الغدة الكظرية.,,,C,ABCDE,مريض عمره 80 سنة لديه تصبغ جلدي ملحوظ ونسيج ندبي ولديه ندبات بطنية لاستئصال كظر ثنائي الجانب. ما هو التشخيص المحتمل؟,متلازمة نيلسون.,ما هو التشخيص المحتمل لمريض عمره 80 سنة لديه تصبغ جلدي ملحوظ ونسيج ندبي ولديه ندبات بطنية لاستئصال كظر ثنائي الجانب؟
4875,4878,Y4,Surgery,Surgery,متلازمة كوشينغ.,داء كوشينغ.,متلازمة كون.,متلازمة نيلسون.,,,C,ABCDE,راجع مريض عمره 48 سنة باضطراب رئوي وصداع وارتفاع ضغط ما هو التشخيص المحتمل؟,متلازمة كون.,ما هو التشخيص المحتمل لمريض عمره 48 سنة يعاني من اضطراب رئوي وصداع وارتفاع ضغط؟
4876,4879,Y4,Surgery,Surgery,متلازمة كوشينغ.,داء كوشينغ.,متلازمة كون.,ورم القوائم.,,,A,ABCDE,مريض ربو مع تفاقم متكرر لحالته تطور لديه بشكل تدريجي شعرانية مع بدانة جذعية وكدمات ما هو التشخيص المحتمل؟,متلازمة كوشينغ.,ما هو التشخيص المحتمل لمريض ربو مع تفاقم متكرر لحالته تطور لديه بشكل تدريجي شعرانية مع بدانة جذعية وكدمات؟
4878,4881,Y4,Surgery,Surgery,تمزق طحال.,احتشاء طحال.,أم دم شريان طحالي.,فرفريه نقص الصفيحات البدنية.,داء تكور الكريات الحمر الوراثي.,,C,ABCDE,أثناء إجراء ايكو بطن لسيدة حامل تبلغ من العمر 30 سنة تبين وجود كتلة متكلسة في الشرسوف يبلغ قطرها 1 سم وقد سمع لغط في منطقة الشرسوف ولم يكن لديها أي أع أعراض. ما هو التشخيص المحتمل؟,أم دم شريان طحالي.,ما هو التشخيص المحتمل لسيدة حامل تبلغ من العمر 30 سنة تبين أثناء إجراء ايكو بطن لها وجود كتلة متكلسة في الشرسوف يبلغ قطرها 1 سم مع سماع لغط في منطقة الشرسوف دون وجود أي أعراض؟
4879,4882,Y4,Surgery,Surgery,نوبة ألمية بسبب انسداد الأوعية الدموية.,نوبة تراص حادة.,تمزق طحال عفوي.,خراج طحال.,احتشاء طحال.,,A,ABCDE,طفل عمره 7 سنوات يعاني من فقر دم منجلي، بدأ يشكو منذ ساعتين من ألم بطني حاد في الربع العلوي الأيسر من البطن. بالفحص الضغط 60/100 ملم زئبقي النبض 110 ن/د.الحرارة 37. بالجس يوجد مضض في الربع العلوي الأيسر للبطن بدون ايلام مرتد يجس الطحال بصعوبة، باقي الفحص ضمن الحدود الطبيعية. الخضاب 6.1 غ / دل. التشخيص الأكثر احتمالاً هو,نوبة ألمية بسبب انسداد الأوعية الدموية.,ما هو التشخيص الأكثر احتمالاً لطفل عمره 7 سنوات يعاني من فقر دم منجلي ويشكو منذ ساعتين من ألم بطني حاد في الربع العلوي الأيسر مع ضغط 60/100 ملم زئبقي ونبض 110 ن/د وحرارة 37 درجة ومضض في الربع العلوي الأيسر للبطن بدون إيلام مرتد مع صعوبة جس الطحال وخضاب 6.1 غ/دل؟
4880,4883,Y4,Surgery,Surgery,أقل من 20%,0.4,0.6,0.8,لا فائدة من الجراحة.,,A,ABCDE,سيدة عمرها 40 سنة تشكو من فرفرية مناعية مزمنة Chronic immune thrombocytopenic purpura (ITP) معندة على العلاج بالستيروئيدات اقترح لها استئصال طحال ماهي نسبة الاستفادة من الجراحة؟,أقل من 20%,ما هي نسبة الاستفادة من استئصال الطحال في حالة سيدة عمرها 40 سنة تعاني من فرفرية مناعية مزمنة معندة على العلاج بالستيروئيدات؟
4881,4884,Y4,Surgery,Surgery,مراقبة 24 ساعة أخرى.,إجراء تنظير هضمي علوي.,فتح بطن عاجل.,إجراء (CT) التصوير الطبقي المحوسب للبطن.,إجراء تحليل CEA,,D,ABCDE,راجع مريض بعمر 70 سنة دون سوابق جراحية بألم بطني متقطع منذ أسبوع وتوسع بطني وإقياء مستمر منذ يوم، بالفحص المريض لا يوجد فتوق مع تعداد 3000 كرية بيضاء / مم ما هي الخطوة التالية؟,إجراء (CT) التصوير الطبقي المحوسب للبطن.,ما هي الخطوة التالية في تدبير مريض بعمر 70 سنة دون سوابق جراحية يعاني من ألم بطني متقطع منذ أسبوع وتوسع بطني وإقياء مستمر منذ يوم، مع عدم وجود فتوق بالفحص وتعداد 3000 كرية بيضاء / مم؟
4891,4894,Y4,Surgery,Surgery,مراقبة 24 ساعة أخرى.,إجراء تنظير هضمي علوي.,فتح بطن عاجل.,إجراء (CT) التصوير الطبقي المحوسب للبطن.,إجراء تحليل CEA,,D,ABCDE,راجع مريض بعمر 70 سنة دون سوابق جراحية بألم -بطني متقطع منذ أسبوع وتوسع بطني وإقياء مستمر منذ يوم، بفحص المريض لا توجد فتوق مع تعداد 3000 كرية بيضاء / مم ما هي الخطوة التالية؟,إجراء (CT) التصوير الطبقي المحوسب للبطن.,ما هي الخطوة التالية في تدبير مريض بعمر 70 سنة دون سوابق جراحية يعاني من ألم بطني متقطع منذ أسبوع وتوسع بطني وإقياء مستمر منذ يوم، مع عدم وجود فتوق بالفحص وتعداد 3000 كرية بيضاء / مم؟
4893,4896,Y4,Surgery,Surgery,مراقبة 24 ساعة أخرى مع وضع NG.,إجراء تنظير هضمي سفلي.,فتح بطن عاجل.,إجراء رحضة باريتية.,إجراء (CT) التصوير الطبقي المحوسب للبطن.,,A,ABCDE,شاب 20 سنة بعد 20 يوماً من استئصال زائدة ملتهبة. راجع الإسعاف بإقياء مع تمدد بطن وإيلام خفيف. تعداد WBC كان 14000 كرية/ مم2 والكهارل طبيعية، الخطوة التالية؟,مراقبة 24 ساعة أخرى مع وضع NG.,ما هي الخطوة التالية في تدبير شاب عمره 20 سنة راجع الإسعاف بعد 20 يوماً من استئصال زائدة ملتهبة ويعاني من إقياء مع تمدد بطن وإيلام خفيف، وتعداد WBC كان 14000 كرية/مم3 والكهارل طبيعية؟
4894,4897,Y4,Surgery,Surgery,حمى وألم مراق أيمن متقطع ويرقان.,ألم بطني مستمر ومضض مراق أيمن وارتفاع الكريات البيضاء.,ألم مراق أيمن متقطع مع مضض خفيف فوق المرارة,ألم شرسوف ينتشر للظهر.,يرقان صامت مع مرارة متوترة مجسوسة وغير مؤلمة.,,B,ABCDE,بالغ 45 سنة لديه ألم بطني حاد والتشخيص هو التهاب مرارة حاد. ماهي العلامات الأكثر توافقاً مع المريض؟,ألم بطني مستمر ومضض مراق أيمن وارتفاع الكريات البيضاء.,ما هي العلامات الأكثر توافقاً مع بالغ عمره 45 سنة لديه ألم بطني حاد وتم تشخيصه بالتهاب مرارة حاد؟
4895,4898,Y4,Surgery,Surgery,القصة السريرية والفحص السريري.,تحديد عيار الخضاب.,الإنعاش بالسوائل.,وضع أنبوب أنفي معدي.,إجراء تنظير هضمي علوي إسعافي.,,C,ABCDE,أتى شاب 32 سنة لقسم الطوارئ بقصة إقياء (لكميات كبيرة من الدم الأحمر القاني). ما هي الخطوة الأولى الأهم في تدبير هذا المريض؟,الإنعاش بالسوائل.,ما هي الخطوة الأولى الأهم في تدبير مريض يبلغ من العمر 32 سنة أتى لقسم الطوارئ بقصة إقياء لكميات كبيرة من الدم الأحمر القاني؟
4896,4899,Y4,Surgery,Surgery,انثقاب قرحي.,احتشاء مساريقي.,انسداد قولون كاذب.,التهاب بنكرياس حاد.,التهاب رتوج.,,B,ABCDE,مريض 70 سنة تطور لديه بعد 3 أيام من احتشاء قلبي ألم بطني مع تعدد البطن وخفوت في أصوات الأمعاء. تحليل غازات الدم يشير إلى احمضاض استقلابي. فالتشخيص المحتمل هو؟,احتشاء مساريقي.,ما هو التشخيص المحتمل لمريض عمره 70 سنة تطور لديه بعد 3 أيام من احتشاء قلبي ألم بطني مع تعدد البطن وخفوت في أصوات الأمعاء وتحليل غازات الدم يشير إلى احمضاض استقلابي؟
4899,4902,Y4,Surgery,Surgery,يجب ألا تغيب الشمس مرتين على مريض الانسداد المعوي,يحب ألا تشرق الشمس مرتين على مريض الانسداد المعوي.,يجب إجراء طبقي محوري عاجل، حسب السبب الظاهر بالصور يمكن إتباع المراقبة أو إجراء تداخل جراحي عاجل.,يجب دائماً عدم إجراء الجراحة حتى يتم استقرا المريض بعد الإنعاش.,,,D,ABCDE,في المراكز الجراحية المتطورة، إن القاعدة الجراحي الأصح حالياً في مراقبة المريض أثناء تدبير مريض الانسداد المعوي ووضع القرار الجراحي المناسب، هي:,يجب دائماً عدم إجراء الجراحة حتى يتم استقرا المريض بعد الإنعاش.,ما هي القاعدة الجراحية الأصح حالياً في مراقبة المريض أثناء تدبير مريض الانسداد المعوي ووضع القرار الجراحي المناسب في المراكز الجراحية المتطورة؟
4902,4905,Y4,Surgery,Surgery,وجود تنشؤ على حساب الكولون.,المريضة مصابة بداء كرون ساد.,وجود التهاب قولون سمي.,التصاقات معوية.,التهاب زائدة دودية حاد.,,D,ABCDE,في المريضة السابقة إذا كانت الصورة البسيطة تدل على سويات معوية دقيقة وغياب لارتسام الكولونات وكانت مقاطع التصوير الطبقي المحوري تشير لتوسع عرى المعي فالتشخيص المحتمل هو:,التصاقات معوية.,ما هو التشخيص المحتمل للمريضة إذا كانت الصورة البسيطة تدل على سويات معوية دقيقة وغياب لارتسام الكولونات وكانت مقاطع التصوير الطبقي المحوري تشير لتوسع عرى المعي؟
4904,4907,Y4,Surgery,Surgery,التهاب معدة وأمعاء.,التهاب كولون غشائي كاذب.,التهاب زائدة دودية حاد.,انسداد أمعاء بنقص التروية.,حالة نفسية.,,D,ABCDE,مريض عمره 65 سنة تطور لديه الم بطني حاد مفاجئ مستمر في الربع الفلي الأيمن منذ ساعة، تلاه الام ماغصة سرية مع غثيان، الفح السريري يبدي سحنة سمية مع فحص بطني سوي تقريباً فالتشخيص الأقوى هو:,انسداد أمعاء بنقص التروية.,ما هو التشخيص الأقوى لمريض عمره 65 سنة تطور لديه ألم بطني حاد مفاجئ مستمر في الربع العلوي الأيمن منذ ساعة، تلاه آلام مغصية سرية مع غثيان، والفحص السريري يبدي سحنة سمية مع فحص بطني سوي تقريباً؟
4908,4911,Y4,Surgery,Surgery,وجود تنشو على حساب الكولون المتقرح.,المريضة مصابة بداء كرون ساد وليس التهاب كولون قرحي.,وجود التهاب قولون سمي.,التصاقات معوية.,التهاب زائدة دودية حاد.,,D,ABCDE,في المريضة السابقة إذا كانت الصورة البسيطة: تدل على سويات معوية دقيقة وغياب الارتسام الكولونات وكانت مقاطع التصوير الطبقي المحوري تشير لتوسع عرى: المعي الدقيق وزيادة في شحم المساريقا مع عدم ارتسام الكولون بالكامل فالتشخيص المحتمل هو:,التصاقات معوية.,ما هو التشخيص المحتمل في المريضة التي تظهر صورتها البسيطة سويات معوية دقيقة وغياب الارتسام الكولوني، وتشير مقاطع التصوير الطبقي المحوري لتوسع عرى المعي الدقيق وزيادة في شحم المساريقا مع عدم ارتسام الكولون بالكامل؟
4909,4912,Y4,Surgery,Surgery,ناسور معدي مثاني.,ناسور كولوني كلو.,ناسور هضمي بولي.,ناسور كولوني حالبي.,ناسور معوي مثاني.,,A,ABCDE,مريض عمره 60 سنة، مصاب بداء كرون منذ عشر سنوات راجع مشفى بقصة حمى وعرواءات تلاها خروج هواء ومفرزات معوية عند التبول، فالتشخيص,ناسور معدي مثاني.,ما هو التشخيص لمريض عمره 60 سنة مصاب بداء كرون منذ عشر سنوات راجع المشفى بقصة حمى وعرواءات تلاها خروج هواء ومفرزات معوية عند التبول؟
4923,4926,Y4,Surgery,Surgery,التهاب زائدة دودية.,التهاب عقد مساريقية.,نزف رتج ميكل.,انتان بولي.,آلام بلوغ مبكر.,,C,ABCDE,راجعت قسم الإسعاف طفلة عمرها 10 سنوات تعاني منذ ساعتين من ألم حفرة حرقفية يمنى دون إيلام مرتد فالحالة التي لا تدخل فالتشخيص التفريقي:,نزف رتج ميكل.,ما هي الحالة التي لا تدخل في التشخيص التفريقي لطفلة عمرها 10 سنوات تعاني منذ ساعتين من ألم حفرة حرقفية يمنى دون إيلام مرتد؟
4925,4928,Y4,Surgery,Surgery,التهاب بنكرياس حاد.,صمة شريان مساريقي علوي.,التهاب معدة وأمعاء.,احتشاء قلبي سفلي.,,,B,ABCDE,مريضة عمرها 50 سنة تعرضت لألم بطني حاد طاعن منذ نصف ساعة في الشرسوف تعمم في أنحاء لبطن مع اقياءات بنية اللون، فحص البطن لين فالتشخيص المحتمل:,صمة شريان مساريقي علوي.,ما هو التشخيص المحتمل لمريضة عمرها 50 سنة تعرضت لألم بطني حاد طاعن منذ نصف ساعة في الشرسوف تعمم في أنحاء البطن مع إقياءات بنية اللون وفحص البطن لين؟
4926,4929,Y4,Surgery,Surgery,عيار البولة الدموية.,صورة شعاعية للصدر.,صورة بطن شعاعية.,عيار خضاب الدم.,مراقبة الصبيب البولي.,,C,ABCDE,مريض يشتكي من ألم بطني حاد ومفاجئ يجب أن نجري له أولاً:,صورة بطن شعاعية.,ما هو الفحص الذي يجب إجراؤه أولاً لمريض يشتكي من ألم بطني حاد ومفاجئ؟
4927,4930,Y4,Surgery,Surgery,التهاب معدة وأمعاء.,التهاب كولون غشائي كاذب.,التهاب زائدة دودية حاد.,انسداد أمعاء بنقص التروية.,حالة نفسية.,,D,ABCDE,مريض عمره 65 سنة تطور لديه ألم بطني حاد مفاجئ ومستمر في الربع السفلي الأيمن منذ ساعة، تلاه الام ماغصة سرية مع غثيان، الفحص السريري يبدي سحنة سمية مع فحص بطن سوي تقريباً فالتشخيص الأقوى هو:,انسداد أمعاء بنقص التروية.,ما هو التشخيص الأقوى لمريض عمره 65 سنة تطور لديه ألم بطني حاد مفاجئ ومستمر في الربع السفلي الأيمن منذ ساعة، تلاه آلام مغصة سرية مع غثيان، والفحص السريري يبدي سحنة سمية مع فحص بطن سوي تقريباً؟
4929,4932,Y4,Surgery,Surgery,القصة السريرية والفحص السريري.,تحديد عيار الخضاب.,الإنعاش بالسوائل.,وضع أنبوب أنفي معدي.,إجراء تنظير هضمي عنوي إسعافي.,,C,ABCDE,اى شاب 32 سنة لقسم طوارئ بقصة إقياء (الكميات كبيرة من الدم الأحمر القاني). ما هي الخطوة الأولى الأهم في تدبير هذا المريض:,الإنعاش بالسوائل.,ما هي الخطوة الأولى الأهم في تدبير شاب عمره 32 سنة يراجع قسم الطوارئ بقصة إقياء كميات كبيرة من الدم الأحمر القاني؟
4931,4934,Y3,Surgery,Surgery,1. قرحة معدية.,2. سرطانة معدية.,3. قرحة عفجية.,4. دوالي مريئية.,5. تسحجات معدية.,,B,ABCDE,3. أجري تنظير هضمي علوي لرجل عمره 55 سنة وتم اخباره أن لديه آفة قد تسبب فقراً دموياً والنزف الحاد منها غير شائع ما هو هذا التشخيص؟,2. سرطانة معدية.,ما هو التشخيص للآفة التي قد تسبب فقراً دموياً والنزف الحاد منها غير شائع والتي تم اكتشافها بالتنظير الهضمي العلوي لرجل عمره 55 سنة؟
4932,4935,Y3,Surgery,Surgery,1. القصة السريرية والفحص السريري.,2. تحديد عيار الخضاب,3. الإنعاش بالسوائل.,4. وضع أنبوب أنفي معدي.,5. اجراء تنظير هضمي علوي اسعافي.,,C,ABCDE,4. أتى شاب 32 سنة لقسم الطوارئ بقصة إقياء (لكميات كبيرة من الدم الأحمر القاني). ما هي الخطوة الأولى الأهم في تدبير هذا المريض؟,3. الإنعاش بالسوائل.,ما هي الخطوة الأولى الأهم في تدبير مريض يبلغ من العمر 32 سنة أتى لقسم الطوارئ بقصة إقياء لكميات كبيرة من الدم الأحمر القاني؟
4933,4936,Y3,Surgery,Surgery,1. استئصال معدة تحت تام.,2. علاج شعاعي.,3. استئصال معدة تحت التام مع علاج شعاعي.,4. علاج كيماوي.,5. استئصال موضع واسع للورم.,,D,ABCDE,34. العلاج الأمثل لمريض عمره 40 سنة وجد لديه بالتنظير الهضمي العلوي لمفوما معدية هو:,4. علاج كيماوي.,ما هو العلاج الأمثل لمريض عمره 40 سنة وجد لديه بالتنظير الهضمي العلوي لمفوما معدية؟
4934,4937,Y3,Surgery,Surgery,1. سرطان لبي.,2. سرطان جريبي.,3. المفوما.,4. سرطان حليمي.,5. سرطان غير مصنع.,,D,ABCDE,2. راجع طفل يبلغ من العمر 12 سنة بعقدة درقية مع ضخامة عقد لمفية ناحية ما هو التشخيص المحتمل؟,4. سرطان حليمي.,ما هو التشخيص المحتمل لطفل يبلغ من العمر 12 سنة يراجع بعقدة درقية مع ضخامة عقد لمفية ناحية؟
4935,4938,Y3,Surgery,Surgery,1. عقدة درقية سليمة.,2. داء غريف.,3. سلعة متعددة العقد.,4. سرطان حليمي.,5. سرطان جريبي.,,C,ABCDE,3. راجعت مريضة في منتصف العمر بسلعة درقية لفترة طويلة والفص الأيمن متضخم بشكل أكبر من الأيسر وسريريا وسري كانت في حالة سواء درقي. ما هو التشخيص المحتمل؟,3. سلعة متعددة العقد.,ما هو التشخيص المحتمل لمريضة في منتصف العمر تعاني من سلعة درقية لفترة طويلة مع تضخم الفص الأيمن أكبر من الأيسر وهي سريرياً في حالة سواء درقي؟
4936,4939,Y3,Surgery,Surgery,1. لوزة لسانية.,2. درق لسانية.,3. جسم أجنبي علق باللسان.,4. Dermoid,5. وذمة عصبية وعائية.,,B,ABCDE,24. فتاة في الربيع الخامس شكت من عسرة تنفس بالفحص تبين بوجود كتلة في جوف الفم بقطر 3 سم على الخط الناصف وعلى مؤخرة اللسان. ما هو التشخيص الأكثر احتمالاً؟,2. درق لسانية.,ما هو التشخيص الأكثر احتمالاً لفتاة في الربيع الخامس تشكو من عسرة تنفس مع وجود كتلة في جوف الفم بقطر 3 سم على الخط الناصف وعلى مؤخرة اللسان؟
4937,4940,Y3,Surgery,Surgery,1. إعطاء الميتيمازول Methimazoli,2. إعطاء محلول اللوغول Lugols iodine,3. المعالجة الشعاعية باليود I 131,4. استئصال الدرق التام.,5. الستيروئيدات.,,C,ABCDE,25. شابة في ربيعها الأربعين تشكو من نقص وزن مع خفقان وجحوظ في العينين. بالفحص السريري تبين وجود سلعة درقية متوسطة الحجم منتشرة ومتجانسة، بالفحوص الدموية تبين وجود فرط نشاط درق بدني، ما هو العلاج غير المرغوب به في هذه الحالة؟,3. المعالجة الشعاعية باليود I 131,ما هو العلاج غير المرغوب به في حالة شابة في ربيعها الأربعين تشكو من نقص وزن مع خفقان وجحوظ في العينين مع وجود سلعة درقية متوسطة الحجم منتشرة ومتجانسة وفرط نشاط درق بدني؟
4938,4941,Y3,Surgery,Surgery,1. استشارة طبيب التغذية.,2. تحويل المريض لطبيب نفسي.,3. الحصول على موافقة المريض.,4. إجراء التحاليل الدموية اللازمة.,,,C,ABCDE,8. راجع مريض بدانة طبيبه وكان BMI لديه 40 فقرر الطبيب إجراء عملية Sleeve gastrectomy ما هو الإجراء الأول الذي يجب إجراؤه قبل العمل الجراحي؟,3. الحصول على موافقة المريض.,ما هو الإجراء الأول الذي يجب إجراؤه قبل عملية Sleeve gastrectomy لمريض البدانة الذي لديه BMI يساوي 40؟
4939,4942,Y3,Surgery,Surgery,1. متلازمة بود شياري.,2. التهاب الطرق الصفراوية المصلب البدئي.,3. عداء كارولي.,4. داء كيسي بسيط,,,D,ABCDE,4. يعاني مريض عمره 50 سنة ويبدو بصحة جيدة من أصمية حديثة وايلام وألم في الربع العلوي الأيمن لمدة 3-4 أشهر. كان الفحص السريري سلبيا. سريري سلبياً وكانت وظائف الكبد طبيعية وكذلك. التنظير الهضمي العلوي أما الايكو فأظهر وجود آفة كيسية وحيدة تبلغ 6 سم. ما هو التشخيص المحتمل؟,4. داء كيسي بسيط,ما هو التشخيص المحتمل لمريض عمره 50 سنة يعاني من أصمية حديثة وألم في الربع العلوي الأيمن لمدة 3-4 أشهر مع فحص سريري سلبي ووظائف كبد طبيعية وتنظير هضمي علوي طبيعي بينما أظهر الإيكو وجود آفة كيسية وحيدة تبلغ 6 سم؟
4940,4943,Y3,Surgery,Surgery,1. تقيح مرارة.,2. التهاب مرارة حاد.,3. قيلة مخاطية في المرارة.,4. التهاب بريتوان تالي لانثقاب مرارة.,5. خزل معوي بسبب حصاة مرارية.,,D,ABCDE,2. راجع مريض مشخص لديه سابقة حصيات مرارية يبلغ من العمر 60 سنة بقصة ألم بطني شديد ومستمر 6 ساعات وبالفحص السريري كان المريض غير مرتاح ومصدوم من انتفاخ البطن ومضض راجع معممين ما هو التشخيص المحتمل؟,4. التهاب بريتوان تالي لانثقاب مرارة.,ما هو التشخيص المحتمل لمريض يبلغ من العمر 60 سنة لديه سابقة حصيات مرارية يراجع بقصة ألم بطني شديد ومستمر لمدة 6 ساعات وبالفحص السريري كان المريض غير مرتاح ومصدوم مع انتفاخ البطن ومضض راجع معممين؟
4941,4944,Y3,Surgery,Surgery,1. تقيح مرارة.,2. التهاب مرارة حاد.,3. قيلة مخاطية في المرارة.,4. التهاب بريتوان تالي لانثقاب مرارة.,5. خزل معوي بسبب حصاة مرارية.,,A,ABCDE,3. راجع مريض يبلغ من العمر 56 سنة بألم شديد في أعلى 4 البطن منذ أسبوع مع حرارة spiking fever وكان غير مرتاح بشدة مع وجود علامات لتخريش بريتواني في الربع العلوي الأيمن مع جس كتلة ما هو التشخيص المحتمل؟,1. تقيح مرارة.,ما هو التشخيص المحتمل لمريض يبلغ من العمر 56 سنة يعاني من ألم شديد في أعلى البطن منذ أسبوع مع حمى متقطعة وعدم راحة شديدة مع وجود علامات لتخريش بريتواني في الربع العلوي الأيمن مع جس كتلة؟
4942,4945,Y3,Surgery,Surgery,1. تقيح مرارة.,2. التهاب مرارة حاد.,3. قيلة مخاطية في المرارة.,4. التهاب طرق صفراوية صاعد.,5. خزل معوي بسبب حصاة مرارية.,,D,ABCDE,4. راجع مريض يبلغ من العمر 60 سنة بقصة ألم بطني ويرقان وحرارة مع عروءات، ماهو التشخيص المحتمل؟,4. التهاب طرق صفراوية صاعد.,ما هو التشخيص المحتمل لمريض يبلغ من العمر 60 سنة يعاني من ألم بطني ويرقان وحرارة مع عروءات؟
4943,4946,Y3,Surgery,Surgery,1. تقيح مرارة.,2. التهاب مرارة حاد.,3. قيلة مخاطية في المرارة.,4. التهاب طرق صفراوية صاعد,5. خزل معوي بسبب حصاة مرارية.,,C,ABCDE,5. عولجت مريضة تبلغ من العمر 40 سنة لالتهاب مرارة حاد حيث لوحظ وجود مرارة مجسوسة غير ممضه، لم يكن هناك ترفع حروري وكانت المريضة بشكل عام بصحة جيدة، ما هو التشخيص المحتمل؟,3. قيلة مخاطية في المرارة.,ما هو التشخيص المحتمل لمريضة تبلغ من العمر 40 سنة عولجت لالتهاب مرارة حاد حيث لوحظ وجود مرارة مجسوسة غير ممضة، لم يكن هناك ترفع حروري وكانت المريضة بشكل عام بصحة جيدة؟
4944,4947,Y3,Surgery,Surgery,1. متلازمة كوشينغ.,2. داء كوشينغ.,3. متلازمة كون.,4. متلازمة نيلسون.,,,C,ABCDE,2. راجع مريض عمره 48 سنة باضطراب رئوي وصداع وارتفاع ضغط ما هو التشخيص المحتمل؟,3. متلازمة كون.,ما هو التشخيص المحتمل لمريض عمره 48 سنة يعاني من اضطراب رئوي وصداع وارتفاع ضغط؟
4945,4948,Y3,Surgery,Surgery,1. متلازمة كوشينغ.,2. داء كوشينغ.,3. متلازمة كون.,4. ورم القوائم.,,,A,ABCDE,3. مريض ربو مع تفاقم متكرر لحالته تطور لديه بشكل تدريجي شعرانية مع بدانة جذعية وكدمات ما هو التشخيص المحتمل؟,1. متلازمة كوشينغ.,ما هو التشخيص المحتمل لمريض ربو مع تفاقم متكرر لحالته تطور لديه بشكل تدريجي شعرانية مع بدانة جذعية وكدمات؟
4947,4950,Y3,Surgery,Surgery,1. تمزق طحال.,2. احتشاء طحال.,3. أم دم شريان طحالي.,4. فرفريه نقص الصفيحات البدنية.,5. داء تكور الكريات الحمر الوراثي.,,C,ABCDE,4. أثناء إجراء ايكو بطن لسيدة حامل تبلغ من العمر 30 سنة تبين وجود كتلة متكلسة في الشرسوف يبلغ قطرها 1 سم وقد سمع لغط في منطقة الشرسوف ولم يكن لديها أي أع أعراض. ما هو التشخيص المحتمل؟,3. أم دم شريان طحالي.,ما هو التشخيص المحتمل لسيدة حامل تبلغ من العمر 30 سنة تبين أثناء إجراء ايكو بطن لها وجود كتلة متكلسة في الشرسوف يبلغ قطرها 1 سم مع سماع لغط في منطقة الشرسوف دون وجود أي أعراض؟
4949,4952,Y3,Surgery,Surgery,1. أقل من 20%,2. 40%,3. 60%,4. 80%,5. لا فائدة من الجراحة.,,A,ABCDE,18. سيدة عمرها 40 سنة تشكو من فرفرية مناعية مزمنة Chronic immune thrombocytopenic purpura (ITP) معندة على العلاج بالستيروئيدات اقترح لها استئصال طحال ماهي نسبة الاستفادة من الجراحة؟,1. أقل من 20%,ما هي نسبة الاستفادة من استئصال الطحال في حالة سيدة عمرها 40 سنة تعاني من فرفرية مناعية مزمنة معندة على العلاج بالستيروئيدات؟
4950,4953,Y3,Surgery,Surgery,1. مراقبة 24 ساعة أخرى.,2. إجراء تنظير هضمي علوي.,3. فتح بطن عاجل.,4. إجراء (CT) التصوير الطبقي المحوسب للبطن.,5. إجراء تحليل CEA,,D,ABCDE,2. راجع مريض بعمر 70 سنة دون سوابق جراحية بألم بطني متقطع منذ أسبوع وتوسع بطني وإقياء مستمر منذ يوم، بالفحص المريض لا يوجد فتوق مع تعداد 3000 كرية بيضاء / مم ما هي الخطوة التالية؟,4. إجراء (CT) التصوير الطبقي المحوسب للبطن.,ما هي الخطوة التالية في تدبير مريض بعمر 70 سنة دون سوابق جراحية يعاني من ألم بطني متقطع منذ أسبوع وتوسع بطني وإقياء مستمر منذ يوم، مع عدم وجود فتوق بالفحص وتعداد 3000 كرية بيضاء / مم؟
4954,4957,Y3,Surgery,Surgery,1. مراقبة 24 ساعة أخرى.,2. إجراء تنظير هضمي علوي.,3. فتح بطن عاجل.,4. إجراء (CT) التصوير الطبقي المحوسب للبطن.,5. إجراء تحليل CEA,,D,ABCDE,3. راجع مريض بعمر 70 سنة دون سوابق جراحية بألم -بطني متقطع منذ أسبوع وتوسع بطني وإقياء مستمر منذ يوم، بفحص المريض لا توجد فتوق مع تعداد 3000 كرية بيضاء / مم ما هي الخطوة التالية؟,4. إجراء (CT) التصوير الطبقي المحوسب للبطن.,ما هي الخطوة التالية في تدبير مريض بعمر 70 سنة دون سوابق جراحية يعاني من ألم بطني متقطع منذ أسبوع وتوسع بطني وإقياء مستمر منذ يوم، مع عدم وجود فتوق بالفحص وتعداد 3000 كرية بيضاء / مم؟
4955,4958,Y3,Surgery,Surgery,1. مراقبة 24 ساعة أخرى مع وضع NG.,2. إجراء تنظير هضمي سفلي.,3. فتح بطن عاجل.,4. إجراء رحضة باريتية.,5. إجراء (CT) التصوير الطبقي المحوسب للبطن.,,A,ABCDE,5. شاب 20 سنة بعد 20 يوماً من استئصال زائدة ملتهبة. راجع الإسعاف بإقياء مع تمدد بطن وإيلام خفيف. تعداد WBC كان 14000 كرية/ مم2 والكهارل طبيعية، الخطوة التالية؟,1. مراقبة 24 ساعة أخرى مع وضع NG.,ما هي الخطوة التالية في تدبير شاب عمره 20 سنة راجع الإسعاف بعد 20 يوماً من استئصال زائدة ملتهبة ويعاني من إقياء مع تمدد بطن وإيلام خفيف وتعداد WBC 14000 كرية/مم2 والكهارل طبيعية؟
4957,4960,Y3,Surgery,Surgery,1. القصة السريرية والفحص السريري.,2. تحديد عيار الخضاب.,3. الإنعاش بالسوائل.,4. وضع أنبوب أنفي معدي.,5. إجراء تنظير هضمي علوي إسعافي.,,C,ABCDE,11. أتى شاب 32 سنة لقسم الطوارئ بقصة إقياء (لكميات كبيرة من الدم الأحمر القاني). ما هي الخطوة الأولى الأهم في تدبير هذا المريض؟,3. الإنعاش بالسوائل.,ما هي الخطوة الأولى الأهم في تدبير مريض يبلغ من العمر 32 سنة يعاني من إقياء كميات كبيرة من الدم الأحمر القاني؟
4958,4961,Y3,Surgery,Surgery,1. انثقاب قرحي.,2. احتشاء مساريقي.,3. انسداد قولون كاذب.,4. التهاب بنكرياس حاد.,5. التهاب رتوج.,,B,ABCDE,13. مريض 70 سنة تطور لديه بعد 3 أيام من احتشاء قلبي ألم بطني مع تعدد البطن وخفوت في أصوات الأمعاء. تحليل غازات الدم يشير إلى احمضاض استقلابي. فالتشخيص المحتمل هو؟,2. احتشاء مساريقي.,ما هو التشخيص المحتمل لمريض عمره 70 سنة تطور لديه بعد 3 أيام من احتشاء قلبي ألم بطني مع تطبل البطن وخفوت في أصوات الأمعاء وتحليل غازات الدم يشير إلى حماض استقلابي؟
