id,level,question,specialty,umbrella_specialty,opa,opb,opc,opd,ope,opf,answer,group,keep,Reason ,Confidence 
1,Y2,عضلات الكم المدوره للكتف,Anatomy,Anatomy,هى ثلاث عضلات,كلها تدير العضد للخارج,وحدة منها ترتكز على الحديبية الصغرى,المدورة الكبيرة اهم واحده منها,,,C,ABCDE,no,indirect question,high
2,Y1,دراسة وظائف العضو ووظائف الاتصال:,Anatomy,Anatomy,التشريح الوصفي,التشريح السريري,التشريح الفيزيولوجي,التشريح الجهازي,,,C,ABCD,no,indirect question,high
3,Y2,مايلي صحيح عن مخاطية البوق عدا:,Histology,Anatomy,تبطن بظهارة بسيطة اسطوانية.,خلايا الظهارة المهدبة تضرب أهدابها باتجاه المبيض.,خلايا الظهارة المفرزة غير مهدبة.,الخاليا الوتدية cells peg تفرز غليكوبروتينات.,,,B,ABCD,no,"""ما عدا""",high
5,Y1,القناة الدافقة إختر الإجابة الخاطئة :,Anatomy,Anatomy,تقيس القناة الدافقة أقل من واحد سم,تتشكل من إتحاد البربخ مع قناة الحويصلة المنوية,تنقب السطح الخلفي للمثانة,تنفتح على الجزء الموثي من الإحليل,,,C,ABCD,no,choose the wrong answer ,high
6,Y2,ال تحتوي سيتوبلاسما جدر الشعيرات :,Histology,Anatomy,صهاريج من شبكة سيتوبالاسمية ناعمة.,متقدرات.,ريبوزوم.,معقد كولجي صغير.,,,A,ABCD,no,incorrect arabic,high
7,Y2,تقوم ال Chief Cell بإفراز :,Histology and Anatomy,Anatomy,Pepsinogen,Trypsinogen,Lipase,الأول والثالث,كل ما سبق صحيح,,D,ABCDE,no,all the above,high
8,Y1,قوس بيضاء عند حدود جسم الظفر مع جذره :,Anatomy,Anatomy,هليل الظفر,سرير الظفر,استارة الظفر,اللعوة,,,A,ABCD,no,all the above,high
9,Y1,. من فروع الشريان السباتي الباطن,Anatomy,Anatomy,Ophthalmic,الشريان المخيخي السفلي الامامي,الشريان المخيخي السفلي الخلفي,شوكي,,,A,ABCD,no,answer in english,high
10,Y1,. العظم الاضخم في هيكل القدم,Anatomy,Anatomy,Calcaneum,Navicular bone,Cuboid bone,Cuneiform bone,,,A,ABCD,no,answer in english,high
11,Y1,كل ما يلي من صفات الحالب,Anatomy,Anatomy,نهايته العلوية تشكل الحويضة,عضو داخل البريتوان,فيه ثلاثة تضيقات,طوله 25 سم,,,B,ABCD,no,indirect question,high
13,Y1,من جدران الفم ما عدا,Anatomy,Anatomy,يرزخ الحلق,الشدقان,الحنك,الشفتان,,,A,ABCD,no,"""ما عدا""",high
14,Y1,اختر الخاطئ :,Anatomy,Anatomy,للمخ ست طبقات,يقسم المخ الى باحات حسب الانتظام النسيجي,الباحات الأولية تعمل على تخزين الذاكرة المكتسبة,كل ما سبق صحيح,,,C,ABCD,no,choose the wrong answer,high
15,Y2,لا يمكن تمييز Internal Elastic Lamina بسهولة في :,Histology and Anatomy,Anatomy,Cerebral Artery,الأول والثالث,Elastic Artery,Muscular Artery,,,C,ABCDE,no,answer in english,high
17,Y2,تتعصب بالعصب الشظوى السطحى,Anatomy,Anatomy,العضله الظنبوبيه الخلفية,الرأس المستقيم للمستقيمه الفخذية,العضله الخياطية,العضلة المأبضيه,العضله الشظويه الطويله,,E,ABCDE,no,indirect question,high
18,Y1,كل ما يلي من أثلام الوجه الوحشي لنصف الكرة المخية ماعدا :,Anatomy,Anatomy,الثلم الحزامي,المركزي,الثلم الجداري القذالي,الثلم الوحشي,,,A,ABCD,no,"""ما عدا""",high
20,Y1,العضلات الوحشية في الساق عدا:,Anatomy,Anatomy,الشظوية الرابعة,الشظوية القصيرة,الشظوية الثالثة,الشظوية الطويلة,,,A,ABCD,no,"""ما عدا""",high
22,Y2,في وضع الراحة (النظر الى جسم بعيد(:,Histology,Anatomy,ترتخي zonule fibers,تتقلص العضلة الهدبية.,يطبق الجسم الهدبي شدة على ألياف النطيقة وتتسطح العدسة.,كل ما سبق صحيح.,,,C,ABCD,no,indirect question,high
23,Y2,اختر الإجابة الصحيحة حول Ovulation :,Histology,Anatomy,تحدث حوالي اليوم 14 من الدورة الشهرية.,ينتج عنها خلية بيضية ثانوية و جسم قطبي واحد.,إذا لم تتلقح الخلية البيضية الثانوية خالل 24 ساعة تبدأ بالتنكس.,كل ما سبق صحيح.,,,D,ABCD,no,choose the right answer,high
24,Y2,التعصيب الحسي للطرف العلوي: (2016 أولى),Anatomy,Anatomy,الجلدي الأنسي للساعد من الزندي.,الجلدي الخلفي للعضد من العصب الكعبري.,الجلدي الخلفي للساعد من العصب الكعبري.,الجلدي الوحشي العلوي للعضد من الإبطي.,الثلثين الوحشيين لراحة اليد من العصب الناصف.,,A,ABCDE,no,indirect question,high
25,Y1,. اختر الاجابة الخاطئة المتعلقة بالبلعوم:,Anatomy,Anatomy,يدعى Pharynx,يتصل مع الرغامي باربطة ليفية,يمتد من القحف حتى الفقرة الرقبية السادسة,قسماه الفموي والحنجري يتبعان للجهاز الهضمي,,,B,ABCD,no,choose the wrong answer,high
26,Y1,ما يلي من عضلات الساعد الخلفية العميقة عدا:,Anatomy,Anatomy,باسطة الخنصر,باسطة الإبهام الطويلة,باسطة السبابة,باسطة الإبهام القصيرة,,,A,ABCD,no,"""ما عدا""",high
27,Y1,يساهم بتشكيل مسبع ويليس ما عدا:,Anatomy,Anatomy,السباتي الظاهر,السباتي الباطن الأيسر,القاعدي,السباتي الباطن الأيمن,,,A,ABCD,no,"""ما عدا""",high
29,Y1,من وظائف الهرمونات التي يفرزها المبيض :,Anatomy,Anatomy,تضمن تطور وصيانة الصفات الجنسية الأنثوية,تنظم الدورات الطمثية,تحافظ على الرحم للحمل,كل ما سبق صحيح,,,D,ABCD,no,infinite answers,high
30,Y2,توجد فيه Lymphatic vessels,Histology,Anatomy,Hyalin cartilage,Elastic cartilage,fubrocartilage,كل ما سبق صحيح,كل ما سبق خطأ.,,E,ABCDE,no,choose the wrong answer,high
31,Y2,Sebaceous gland في الجلد :,Histology and Anatomy,Anatomy,هي انبوبة ذات قناة طويلة,تبدأ عملها عند البلوغ,تتواجد في أدمة الجلد الرقيق والسميك,الأول والثاني,,,B,ABCDE,no,indirect question,high
32,Y1,طبقات ال Midbrain :,Anatomy,Anatomy,يحتوي بين القسم المتوسط والخلي على المسال المخي,السقف في المركز,الساق خلفية,الغطاء في الامام,,,A,ABCD,no,indirect question,high
33,Y2,غشاء الخلية العضلية,Histology,Anatomy,Sarcolemma,Epimysium,Axolemma,Endomyium,Hypertrophy,,A,ABCDE,no,answer in english,high
34,Y2,العبارة الصحيحة عن المبيض:,Histology,Anatomy,معظم نسيج المبيض يتألف من اللب.,مغطى بظهارة بسيطة اسطوانية.,معظم نسيج المبيض يتألف من قشر.,اللب والقشر منفصلان عن بعضهما بحاجز ليفي.,,,C,ABCD,no,choose the right answer,high
36,Y1,الفازوبريسين:,Anatomy,Anatomy,OT,ADH,FSH,T3,,,B,ABCD,no,indirect question,high
37,Y1,أقسام البلعوم ماعدا:,Anatomy,Anatomy,الأنفي,الفموي,المريني,الحنجري,,,C,ABCD,no,"""ما عدا""",high
38,Y1,. الاجابة الخاطئة حول السائل الدماغي الشوكي,Anatomy,Anatomy,ينتج من ال choroid plexus,يمكن بزله اسفل الفقرة القطنية الثانية,يتم ارتشافه في الجيب الوريدي الصلبي,له دور في النقل الهرموني,,,C,ABCD,no,choose the wrong answer,high
39,Y2,اختر العبارة الخاطئة عن Aganglionosis :,Histology,Anatomy,غياب الautonomic ganglia,تؤدي لتضخم منطقة ماقبل الإصابة,عيانيا˝ غياب لويحات باير,Megacolon,,,C,ABCD,no,choose the wrong answer,high
41,Y2,كل ما يلي صحيح عن الظهارة التنفسية:,Histology and Anatomy,Anatomy,الخلايا القاعدية هي خلايا جذعية نشطة انقسامياً,الخلايا الكأسية أكثر وفرة من الخلايا مهدبة,الخلايا الحبيبة تعتبرعصبية صماوية,A+C,كل ما سبق صحيح,,D,ABCDE,no,indirect questions & infinite answers,high
42,Y1,- كل ما يلي صحيح عن العظام الطويلة ما عدا:,Anatomy,Anatomy,نمو العظم يتم في اتجاهين,منطقة نضج وتصنيع عناصر الدم,يتألف من جسم ونهايتين,مثال عنها Femur,,,A,ABCD,no,"""ما عدا""",high
45,Y1,ما يلي صحيح عن الحنك ماعدا,Anatomy,Anatomy,له قسم صلب,له قسم رخو,يفصل كلياً البلعوم الفموي عن الأنفي,من اقسامه اللهاة,,,C,ABCD,no,"""ما عدا""",high
46,Y1,. ترتكز العضلة ذات الرأسين الفخذية على,Anatomy,Anatomy,Tibial tuberosity,Head of fibula,Radial tuberosity,Ulnar tuberosity,,,B,ABCD,no,answer in english,medium (we can maybe just write the ground truth arabic translation)
47,Y1,يتكون الشدقان مما يلي ما عدا:,Anatomy,Anatomy,ألياف عضلية مخططة,الجلد,القوس السنخية,الغشاء المخاطي,,,C,ABCD,no,"""ما عدا""",high
48,Y1,تضم الحزمة الوعانية العصبية العضدية ماعدا:,Anatomy,Anatomy,الشريان العضدي,الوريد العضدي,العضب العضدي,العضب الناصف و الزندي,,,C,ABCD,no,"""ما عدا""",high
52,Y1,يتوضع المريء في:,Anatomy,Anatomy,المنصف العلوي,المنصف الخلفي,المنصف الأوسط,A+B,,,D,ABCD,no,choose the right answer,high
56,Y1,حديبات مونتغومري هي غدد,Anatomy,Anatomy,دهنية,لعابية,عرقية,صباغية,,,A,ABCD,no,indirect question,high
57,Y1,يعبر الشق الحجاجي السفلي:,Anatomy,Anatomy,العصب القحفي الرابع,العصب القحفي الثالث,A+B,لا شيء مما سبق,,,D,ABCD,no,choose the right answer,high
58,Y2,ما يلي صحيح عن جزر لانغرهانس :,Histology and Anatomy,Anatomy,الخلايا Bتفرز الغوكلغو,الخلايا A تفرز الانسولين,الخلايا F تفرز السوماتوستاتين,كل ما سبق خطأ,,,D,ABCDE,no,choose the right answer,high
59,Y2,يتواجد في المناطق المعرضة لقوى السحب والشد,Histology,Anatomy,Fibrocartilage,Elastic cartilage,Hyaline cartilage,Elastic cartilage + hyaline cartilage كلاهما,كل ماسبق خطأ,,A,ABCDE,no,answer in english,high
60,Y1,العضلة الحرقفية :,Anatomy,Anatomy,تنشأ من الحفرة الحرقفية.,ترتكز على عظم الفخذ.,تعمل على بسط الفخذ على البطن.,تسهم في ثني الجذع للأمام.,,,C,ABCD,no,indirect question,high
61,Y1,يشبه بشكله خاتماً ذا فص كبير :,Anatomy,Anatomy,الحلقي,الطرجهالي,الدرقي,القريني,,,A,ABCD,no,indirect question,high
62,Y2,في السبيل المعدي المعوي :,Histology,Anatomy,تناول الطعام =<تنغلق التفاغرات الشريانية الوريدية =<يزيد مرور الدم.,حالة الصوم=<تنغلق التفاغرات =<يزيد مرور الدم.,في تناول الطعام لا حاجة لمرور الدم.,كل ماسبق خطأ.,,,A,ABCD,no,indirect question,high
63,Y1,الطبقة الثالثة من عضلات أخمص القدم تشمل عدا:,Anatomy,Anatomy,باسطة الإصبع,قابضة الإبهام,قابضة الإصبع الصغرى,مقربة الإبهام,,,A,ABCD,no,"""ما عدا""",high
65,Y1,يتواجد على الوجه الداخلي أو اللساني لعظم الفك السفلي كل ما يلى عدا :,Anatomy,Anatomy,الناشرة الذقنية .,الخط الضرسى اللامي.,حفرة الغدة تحت الفك السفلى.,حفرة ذات البطنين.,,,A,ABCD,no,"""ما عدا""",high
66,Y1,مصطلحات الحركة في مستوى الأطراف كل ما يلي صحيح عدا:,Anatomy,Anatomy,التقريب والتبعيد عندما نضع الطرف بجانب الجسم أو نبعده عنه.,الدوران الأنسي أو الوحشي عندما يدور الطرف حول محوره الطولاني.,الرفع هي الحركة للأعلى والخفض الحركة نحو الأسفل.,العطف عندما يتحرك الطرف العلوي نحو الخلف في المستوى السهمي.,,,D,ABCD,no,"""ما عدا""",high
67,Y2,يمر خلف جذر الرئة اليسرى:,Anatomy,Anatomy,القناة الصدرية.,الأبهر النازل الصدري.,العصب الحجابي الأيسر.,القسم الصدري من الجذع الودي.,الحسب المبهم الأيسر.,,E,ABCDE,no,vague (could be about diff systems),high
68,Y2,كل الغدد التالية هي حصرا Endocrine باستثناء,Histology,Anatomy,الدرق,الكبد,الغدة النخامية,جارات الدرق,الأول والثالث.,,B,ABCDE,no,choose the wrong answer,high
69,Y1,الأنف الظاهر بتألف مما يلي ما عدا:,Anatomy,Anatomy,Apex,Root,Ala,Floor,,,A,ABCD,no,"""ما عدا""",high
70,Y2,خلايا تمتاز نواها بمظهر وجه الساعة أو العجلة.,Histology,Anatomy,Plasma cells,Macrophages,Neutrophils,Basophils,كل ما سبق خطا.,,A,ABCDE,no,answer in english,high
71,Y1,كل ما يلي من فروع الضفيرة القطنية ماعدا :,Anatomy,Anatomy,العصب الحرقفي الوركي,العصب الحرقفي الخثلي,العصب الحرقفي الفخذي,العصب الحرقفي الأربي,,,A,ABCD,no,"""ما عدا""",high
72,Y1,عضلات الساق الأمامية عدا:,Anatomy,Anatomy,الظنبوبية الأمامية,باسطة إبهام القدم الطويلة,باسطة الخنصر القصيرة,باسطة الأصابع الطويلة,,,C,ABCD,no,"""ما عدا""",high
76,Y1,كل ما يلي صحيح عن عظم العانة عدا :,Anatomy,Anatomy,يتمفصل جسما عظمي العانة في الخلف عبر ارتفاق العانة.,يتحد الفرع العلوي مع الحرقفة والاسك لتكوين الحق.,يتحد الفرع السفلي مع الإسك أسفل الثقبة السادية.,تدعى الحافة العلوية لجسم العانة بالعرف العاني.,,,A,ABCD,no,"""ما عدا""",high
77,Y2,يصعد من الحافه العلويه للغده النكفيه ويصعب حسياً قسماً من فروه الرأس,Anatomy,Anatomy,infra-orbital nerve,external nasal nerve,buccal nerve,Imental nerve,Auriculo-temporal nerve,,E,ABCDE,no,answer in english,high
80,Y1,يتألف القفص الصدري مما يلي ما عدا:,Anatomy,Anatomy,العمود الفقري,القص,الأضلاع,الأوراب,,,A,ABCD,no,"""ما عدا""",high
81,Y1,الغدد الرئيسية للجهاز الغدي الصماوي ماعدا:,Anatomy,Anatomy,الكبد,التوتة,المبيض,المعتكلة,,,A,ABCD,no,"""ما عدا""",high
82,Y2,تتم حركة رفع الفك السفلي بألياف من العضلة:,Anatomy,Anatomy,ذات البطنين.,الجناحية الوحشية.,الجناحية الأنسية.,الضرسية اللامية.,ولا واحدة مما سبق.,,c,ABCDE,no,wrong answer,high
83,Y2,تمثل لفافة غالوديت Gallaudet:,Anatomy,Anatomy,اللفافة العميقة للعجان.,اللفافة العميقة للصفن.,اللفافة العميقة للقضيب.,اللفافة العميقة للحبل المنوي.,اللفافة العميقة لجدار البطن.,,A,ABCDE,no,indirect question,high
84,Y2,حبال الضفيرة العضدية: (2007 أولى),Anatomy,Anatomy,الأنسي يتشكل من الجذع المتوسط,الوحشي يتشكل من الجذع السفلي,الخلفي يتوضع خلف الوريد الإبطي,يمتد الوحشي أعلى ووحشي الشريان الإبطي,,,d,ABCDE,no,indirect question,high
86,Y1,من فروع الزلاقي ماعدا:,Anatomy,Anatomy,الطحالي,المعدي الأيسر,المعدي الأيمن,الكبدي,,,C,ABCD,no,"""ما عدا""",high
90,Y1,الناشزة القذالية الظاهرة والبارزة الصليبية تتوضعان في:,Anatomy,Anatomy,القسم القاعدي,القسم الجانبي,القسم الصدفى,الثقبة الكبيرة,,,C,ABCD,no,indirect question,high
91,Y2,تتواجد العناصر التالية في المثلث الخلفي: 2015) أولي),Anatomy,Anatomy,الشريان السباتي الظاهر.,الشريان السباتي الباطن.,الوريد الوداجي الباطن.,الشريان القذالي.,,,d,ABCDE,no,indirect question & wrong answer,high
92,Y1,كل ما يلي صحيح عن الصفحة العامودية للعظم الغربالي ماعدا:,Anatomy,Anatomy,تشكل الجزء الامامي العلوي للوتيرة الانفية.,تمر عبرها الياف العصب الشمي.,تتصل مع الميكعة.,يبدو عرف الديك وكأنه استمرار لها.,,,B,ABCD,no,"""ما عدا""",high
93,Y1,كل ما يلي صحيح عن الدرق عدا :,Anatomy,Anatomy,تفرز الخلايا المجاورة للجريبات أيضا ثلاثي يودوثيرونين T3,تفرز الخلايا الجريبية التيروكسين,تفرز الخلايا المجاورة للجريبات الكالسيتونين T4,تحيط بالغدة الدرقية محفظة مشتقة من اللفافة الرقبية العميقة,,,A,ABCD,no,"""ما عدا""",high
94,Y1,العظم القذالي (الخاطئة):,Anatomy,Anatomy,تقع الحديبة الضلعية عند اتصال الجسم مع العنق .,يزداد طول الأضلاع من الضلع الأولى حتى الضلع الخامسة ثم يتناقص.,يتمفصل رأس الضلع مع وجيهين ضلعيين مع فقرتين متجاورتين.,تتصل الأضلاع الحقيقة بالقص بواسطة الغضاريف الضلعية.,,,A,ABCD,no,indirect question,high
95,Y2,من وظائف الأدمة كل مما يلي ما عدا :,Histology,Anatomy,دعم البشرة.,ربط البشرة مع النسيج الشحمي تحت الجلد.,تجديد خلايا الجلد.,كل ما سبق صحيح.,,,C,ABCD,no,"""ما عدا""",high
96,Y1,كل ما يلي صحيح عن المخي عدا:,Anatomy,Anatomy,يراقب الحركة والتوازن.,تصله معلومات عن وضعية الجسم من المفاصل والأوتار والدهليز.,يقع بالحفرة القحفية المتوسطة.,يقوم بمقارنة الأمر الحركي وتنفيذه.,,,C,ABCD,no,"""ما عدا""",high
97,Y2,الجوف الحقى تمفصل الورك :,Anatomy,Anatomy,له سطح مفصلى كروى الشكل,يتشكل من اجتماع ثلاث عظام,حافته العلوية مثلمه,هو جوف ضحل نسبياً,,,B,ABCD,no,indirect question,high
99,Y1,من أقسام العظم الوتدي ما عدا:,Anatomy,Anatomy,الثقبة الكبرى,الجناح الكبير,الجناح الصغير,الجسم,,,A,ABCD,no,"""ما عدا""",high
100,Y2,العضلة المخاطية في الوصل المريئي الفؤادي :,Histology,Anatomy,متقطعة.,مستمرة.,غير موجودة.,غير منتظمة.,,,B,ABCD,no,indirect question,high
101,Y1,الخاطئ مما يلي هو :,Anatomy,Anatomy,يصب Hemiazygos Veinفي Azygos Vein والذي يصب Superior Vena Cava,يوجد Basilar Vein في الوجه الأنسي للذراع,يتشكل Azygos Vein من الوريد القطني الصاعد الأيسر,يعطي Cephalic Vein الوريد المرفقي الناصف,,,A,ABCD,no,choose the wrong answer,high
102,Y2,تسبب أذية منشأ العصب الفكي السفلي ما عدا: (2017 أولى),Anatomy,Anatomy,فقدان حسي لمخاطية قاع الفم.,فقدان حس الغدة تحت اللسان.,فقدان حسي للثلثين الأماميين للسان.,فقدان حس اللثة اللسانية.,فقدان تذوق للثلثين الأماميين للسان.,,E,ABCDE,no,"""ما عدا""",high
104,Y1,إحدى العضلات التالية تربط الزنار الكتفي بالرأس :,Anatomy,Anatomy,شبه المنحرفة.,المدورة الكبيرة.,العريضة الظهرية.,المعينية الكبيرة.,,,A,ABCD,no,choose the right answer,high
106,Y1,تضم الحزمة الوعانية العصبية العضدية ماعدا:,Anatomy,Anatomy,الشريان العضدي,الوريد العضدي,العضب العضدي,العضب الناصف و الزندي,,,C,ABCD,no,"""ما عدا""",high
107,Y1,. خاطئة عن النوى القاعدية,Anatomy,Anatomy,مراكز حسية في عمق المادة البيضاء,تتالف من النواة المذنبة والعدسية,مسؤولة عن تنسيق الفعالية الحركية,مراكز حركية في عمق المادة البيضاء,,,A,ABCD,no,indirect question,high
108,Y1,ينزح الخلط المائي إلى :,Anatomy,Anatomy,قناة شليم (الجيب الوريدي الصليبي),الجيب المستقيم,الجيب السهمي العلوي,الوريد المخي الكبير,,,A,ABCD,no,choose the right answer,high
109,Y2,من أربطة مفصل الورك: (2007),Anatomy,Anatomy,الرباط العجزي الحدبي,الرباط العجزي الشوكي,الرباط العاني العلوي,الرباط الحرقفي الفخذي,,,d,ABCDE,no,infinite answers,high
110,Y2,تتصل الحفرة الجناحية الحنكية مع البنى التالية ماعدا: )2014 ثانية),Anatomy,Anatomy,الأذن الوسطى.,الحفرة القحفية الوسطى.,التجويف الأنفي.,التجويف الفموي .,تجويف الحجاج.,,a,ABCDE,no,"""ما عدا""",high
111,Y2,العبارة الخاطئة عن الشرايين المرنة هي :,Histology,Anatomy,تساعد على استقرار ضخ الدم.,لونها مائل للأصفر بسبب تراكم الكولسترول.,الصفيحة المرنة الداخلية موجودة.,كل ما سبق خاطئ.,,,B,ABCD,no,choose the wrong answer,high
112,Y1,المنطقة المتوسطة في نواح البطن,Anatomy,Anatomy,الشرسوفية,الخثلية,السرية,المغبنية,,,C,ABCD,no,indirect question,high
117,Y1,الطبقة الأولى من عضلات أخمص القدم تشمل عدا:,Anatomy,Anatomy,العضلات الخراطينية,مبعدة إبهام القدم,مبعدة إصبع القدم الصغرى,قابضة الأصابع القصيرة,,,A,ABCD,no,"""ما عدا""",high
118,Y2,تمفصلات رصغ القدم : (2017),Anatomy,Anatomy,العقب مع أسفل الظنبوب,القعب مع النردي,الزورقي مع الاسفينية,الزورقي مع العقب,,,c,ABCDE,no,indirect question,high
119,Y1,. يخرج العصب الفكي العلوي من القحف عبر,Anatomy,Anatomy,Foramen rotundum,Foramen ovale,Foramen spinosium,Foramen lacenum,,,A,ABCD,no,answer in english,high
121,Y1,تزداد مناطق الفيتامين في المناطق التالية عدا:,Anatomy,Anatomy,راحة اليد.,حول فتحة الشرج.,اللعوة.,الأعضاء التناسلية الخارجية.,,,A,ABCD,no,"""ما عدا""",high
122,Y1,امتداد الألياف المغروية يسمى :,Anatomy,Anatomy,خطوط الامتداد,الخطوط المغروية,خطوط التشطر,خطوط التوازي,,,C,ABCD,no,indirect,high
123,Y2,الغدد الدهليزية الكبيرة (بارثولين),Histology,Anatomy,تتوضع في جدار المهبل.,وظيفتها إفراز المخاط.,هي غدد مزدوجة.,كل ما سبق صحيح.,,,D,ABCD,no,choose the right answer,high
124,Y1,تشمل العضلات الأنسية في الفخذ عدا:,Anatomy,Anatomy,المقربة الطويلة,المقربة القصيرة,المقربة الخلفية,العضلة الناحلة,,,C,ABCD,no,"""ما عدا""",high
125,Y2,اختار الجواب الصحيح اذا كان هناك جوابا صحيحا واحدا فقط أو اختر الجواب الأكثر شمولا وتكاملا اذا كان هناك أكثر من جواب صحيح,Histology,Anatomy,الحافة المخططة مكونة من زغيبات واهداب,الحافة المشرشة مكونة من زغيبات طويلة واهداب,القضبان الانتهائية مكونة من مناطق الالتصاق والانسداد ) ZONULA OCCLUDNS +ZONULA ADHERE IS,الغشاء القاعدي مكون من صفيحة قاعدية + صفيحة من الجاف شبكية,الغشاء القاعدي مكون من صفيحة قاعدية فقط,,C,ABCDE,no,choose the right answer,high
126,Y1,. الخطأ حول الفقرة الرقبية الاولى:,Anatomy,Anatomy,ليس لها جسم,لها قوسان امامية وخلفية,على الوجه الامامي للقوس الخلفية يوجد نقرة مفصلية,على الوجه السفلي لكل من الكتلتين الجانبيتين سطح مفصلي,,,C,ABCD,no,infinite answers,high
127,Y2,يتم تنظيم أفرازات البنكرياس من خلال:,Histology,Anatomy,السيكريتين,الكولي سيتوكينين,العصب المبهم,جميع ما سبق صحيح,,,D,ABCD,no,infinite answers,high
129,Y2,اختر الإجابة الصحيحة,Histology,Anatomy,تستطيع خلية Schwann واحدة تشكيل غمد النخاعين للعديد من الألياف العصبية,تتواجد الخلايا النجمية البروتو بلاسمية في المادة السنجابية,ال microglia تتكاثر لتشكل ندبة خلوية نسيجية عند الأنية,الإجابتان الأولى والثانية صحيحتان,كل ما سبق صحيح,,B,ABCDE,no,choose the right answer,high
130,Y2,مستوى فتحة نفير السمع في:,Anatomy,Anatomy,الصماخ السفلي.,الصماخ الأوسط.,الصماخ العلوي.,الردهة.,البلعوم الأنفي.,,A,ABCDE,no,indirect question,high
131,Y1,العضلات العرقوبية تشمل ما يلي عدا:,Anatomy,Anatomy,ذات الرأسين الفخذية,رباعية الرؤوس الفخذية,نصف الوترية,نصف الغشائية,,,B,ABCD,no,"""ما عدا""",high
132,Y2,في النسج الشحمية، الـ Brown fat –,Histology,Anatomy,ينجم لونه عن غزارة الشعريات الدموية فيه,موجود في أماكن واسعة من الجسم.,لا يمكن أن يتحول إلى Unilocular adipose tissue,الأول والثالث,كل ما سبق صحيح,,D,ABCDE,no,choose the right answer,high
133,Y1,. الخاطئ عن الجوب الانفية,Anatomy,Anatomy,الفكي هو الاكبر,الوتدي يمتد احيانا للقذالي,الجبهي جيب واحد متصل,تتصل الخلايا الغربالية الامامية احيانا مع الجبهي,,,C,ABCD,no,choose the wrong answer,high
134,Y1,اختر العبارة الخاطنة :,Anatomy,Anatomy,النواة المذنبة تنتهي بالجسم اللوزي,النواة المذنبة تتشكل باللحاء والكرة الشاحبة,النواة العدسية تقع وحشي النواة المذنبة,في النواة العدسية اللحاء وحشي الكرة الشاحبة,,,B,ABCD,no,choose the wrong answer,high
135,Y2,اختر الإجابة الخاطئة في الجسيمة الكلوية:,Histology,Anatomy,قطر الجسيمة الكلوية 200 ميكرون,الحيز البولي هو الفاصل بين الطبقة الداخلية والخارجية وهو حيز الرشح,خلايا الطبقة الرجلاء هي خلايا الطبقة الخارجية,تبلغ سماكة حاجز الرشح 0.1ميكرون,,,A,ABCD,no,choose the wrong answer,high
136,Y1,أهم محتويات المراق الأيسر,Anatomy,Anatomy,المعدة,الطحال,الفص الكبير الأيسر,الكولون النازل,,,B,ABCD,no,infinite answers,high
137,Y2,مايلي صحيح بالنسبة للنسيج العضلي الهيكلي:,Histology,Anatomy,بروتين الميوسيزين myomesin يوجد في الخطوط z,المنطقة H تمثل خيوط الميوزين غير المتداخلة مع الاكتين,يمتد القسيم العضلي من الخط M الى الخط M التالي,الاجابتان A+C,كل ماسبق صحيح,,B,ABCDE,no,choose the right answer,high
140,Y1,من وظائف عضلات البطن ما عدا:,Anatomy,Anatomy,تعمل كمطاردة,ثني الجذع وتحريكه,إذا انقبضت تؤدي إلى شهيق قوي,دعم محتويات البطن,,,C,ABCD,no,"""ما عدا""",high
141,Y1,اختر الإجابة الخاطئة المتعلقة بعضلات الحوض والعجان:,Anatomy,Anatomy,العضلة الكمثرية هي من عضلات أرضية الحوض.,لا تشكل العضلة السدادية الخارجية جزء من عضلات أرضية الحوض.,يتشكل الحجاب الحوضي من العضلتين رافعة الشرج والكمثرية.,تشكل المصرة الاحليلية جزء من عضلات العجان.,,,C,ABCD,no,choose the wrong answer,high
142,Y1,من فروع الحرقفي الباطن ماعدا,Anatomy,Anatomy,المثاني العلوي,المستقيمي المتوسط والسفلي,الفرجي الداخلي,السري والعجاني,,,A,ABCD,no,"""ما عدا""",high
143,Y1,امتداد البريتوان بين حشا والجدار الأمامي للبطن,Anatomy,Anatomy,ثرب,صفاق,رباط,مسراق,,,C,ABCD,no,indirect question,high
144,Y2,الأصل النسيجي للـ Epithelioid cells أو الخلايا الظهارائية.,Histology,Anatomy,Plasma cells,Macrophages,Erythrocytes,Basophils,كل ما سبق خطأ,,B,ABCDE,no,answer in english,high
146,Y2,تحت قيد الباسطات أمام الكاحل : (2017 أولى(,Anatomy,Anatomy,وتر الظنبوبية الأمامية على الطرف الأنسي,وتر باسطة الإبهام الطويلة على الرف الوحشي,العصب الظنبوبي الأمامي يمر فوق القيد,الشريان الظنبوبي االأمامي يمر فوق القيد,,,a,ABCDE,no,indirect question,high
148,Y1,العضلات التي تقوم ببسط الذراع على الكتف ما يلي:,Anatomy,Anatomy,العريضة الظهرية.,المدورة الكبيرة .,الوتر الطويل لذات الرأسين العضدية.,الصدرية الكبيرة.,,,C,ABCD,no,indirect question,high
149,Y2,الخلايا الدبقية:,Histology,Anatomy,تنشأ كلها من نقي العظم,اقل عددا من العصبونات,الخلايا قليلة التعصبنات هي بالعات,A+B,كل ماسبق خطأ,,E,ABCDE,no,choose the right answer,high
150,Y2,ما يلي يعتبر مثالا للنسيج العامة الكثيفة المنتظمة:,Histology,Anatomy,Perichondrium,Periosteum,الأم الجافية في الدماغ.,كل ما سبق خطا.,Tendons,,E,ABCDE,no,answer in english,high
151,Y1,من صفات الغدد اللعابية الداخلية عدا:,Anatomy,Anatomy,لها دور في إفراز اللعاب الثانوي,تتوضع ضمن الغشاء المخاطي للسان بشكل رئيسي,تصب مفرزاتها مباشرة بالفم,ترطب الفم خارج أوقات الطعام,,,B,ABCD,no,"""ما عدا""",high
153,Y2,تتصف الأمعاء الغليظة بما يلي ما عدا :,Anatomy,Anatomy,تشمل الأعور والقولون والمستقيم والقناة الشرجية.,التروية الشريانية من تفرعات الشريان المسار في العلوي والسفلي.,يتميز القولون المستعرض بدرجة جيدة من الحركة لأنه يملك مساريقي .,يتميز القولون السيني بدرجة جيدة من الحركة لانه يملك مساريقا.,يتميز الأعور بدرجة جيدة من الحركة لأنه يملك مساريقا.,,E,ABCDE,no,"""ما عدا""",high
154,Y1,فرع الفك السفلي (الخاطئة):,Anatomy,Anatomy,حافته العلوية تسمى بثلمة الفك العلوي.,يتصل بجسم الفك السفلي .,له وجهان .,الرأد.,,,A,ABCD,no,infinite answers,high
155,Y1,وظائف الميلاتونين ماعدا :,Anatomy,Anatomy,ينظم الإيقاعات اليومية,ينظم درجة الحرارة والتناسل,يزيد الاستقلاب,ينظم الوظيفة القلبية,,,C,ABCD,no,"""ما عدا""",high
156,Y1,الطيتان الصوتيتان :,Anatomy,Anatomy,شريطان عضليان غشائيان متحركان,لونهما ابيض صدفي,يتمادى من زاوية الغضروف الدرقي اماميا الى الناتئ الصوتي للخلف,كل ما سبق صحيح,,,D,ABCD,no,choose the right answer,high
158,Y2,يمر ضمن الغمد السباتي ويعطي فروعاً لمعظم عضلات الحنك.,Anatomy,Anatomy,العصب ظهر الكتف,العصب اللاحق (الشوكي),العصب المبهم,العصب الحجابي,لا شيء مما سبق,,C,ABCDE,no,indirect question,high
160,Y2,تتواجد العناصر التاليه فى المثلث الخلفى للعنق ما عدا:,Anatomy,Anatomy,شريان ظهر الكتف,الشريان الغذائى,عصب فوق الكتف,الضفيرة الرقبية,العروة القبيه,,E,ABCDE,no,"""ما عدا""",high
162,Y2,ال endoneurium :,Histology,Anatomy,يتألف من عدة طبقات من خلايا مسطحة ظهارية الشكل تنتجه خلايا شوان,يحيط بمجموعة من المحاوير ضمن العصب,كل ما سبق خطأ,كل ما سبق صحيح,,,B,ABCDE,no,infinite answers,high
164,Y2,كل مايلي صحيح عن التهاب البوق عدا:,Histology,Anatomy,salpingitis هو.,الأضرار المخاطية تؤدي إلى العقم(Infertility)اوالحمل خارج الرحم (octopi).,ال تؤدي إلى الموت في حال حدوث الحمل البوقي.,اسمه الاخر salpinges.,,,C,ABCD,no,"""ما عدا""",high
165,Y2,العبارة الصحيحة عن الرئتين:,Anatomy,Anatomy,تغذي الشرايين القصبية النسيج الضام للرئة.,الألياف الودية تضيق القصبات.,الألياف اللاودية توسع القصبات.,القصبة اليسرى أكثر عمودية من اليمني.,يصعد جذر الرئتين في الشهيق.,,A,ABCDE,no,choose the right answer,high
169,Y2,مفصل الورك : (نموذج د. جمال,Anatomy,Anatomy,نموذج PIVOT,المحفظة تغطي كامل عنق الفخذ,فيه رباط داخل المفصل,الخلع الخلقي قد يكون أمامي,,,c,ABCDE,no,indirect question,high
170,Y1,تحوي صدفة العظم الصدغي ما يلي عدا:,Anatomy,Anatomy,الصماخ السمعي الداخلي,انطباعات الشريان السحائي الأوسط,الناتئ الوجني,انطباعات الشريان الصدغي الأوسط,,,A,ABCD,no,"""ما عدا""",high
171,Y2,تتواجد الـ myoepithelial cells فى :,Histology,Anatomy,غدة الثدي.,الغدد العرقية.,الغدد اللعابية.,كل ما سبق صحيح.,كل ما سبق خط.,,C,ABCDE,no,choose the right answer,high
172,Y1,العظم القذالي :,Anatomy,Anatomy,عظم مفرد.,سطحه الخارجي مقعر.,سطحه الداخلي محدب.,يشغل القسم الامامي العلوي للقحف .,,,A,ABCD,no,infinite answers,high
173,Y1,يؤدي تفعيل الجملة الودية لما يلي عدا:,Anatomy,Anatomy,نقص المفرزات,توسع الأوعية المحيطة وارتفاع الضغط,تثبيط حركية السبيل الهضمي,تسرع تنفس,,,B,ABCD,no,"""ما عدا""",high
174,Y1,. اي من الفعاليات التالية تشارك بها البصلة,Anatomy,Anatomy,منعكس السعال,التوازن,منعكس الحدقة,الذوق,,,A,ABCD,no,choose the right answer,high
176,Y2,اختار الجواب الصحيح اذا كان هناك جوابا صحيحا واحدا فقط أو اختر الجواب الأكثر شمولا وتكاملا اذا كان هناك أكثر من جواب صحيح,Histology,Anatomy,تتكون جسيمات نسل من شبكة التوبلازمية خشنة,تتكون جسيمات نسل من ريبوسومات,تتكون جسيمات نسل من حويصلات الاتصال,تتكون جسيمات نسل من لايبوبروتينات,تتكون جسيمات نسل من غلايكوجينات,,A,ABCDE,no,choose the right answer,high
177,Y2,تتصل الجيوب التالية بالجوف الأنفي على الصماخ الأوسط عدا: (2016أولى),Anatomy,Anatomy,الوتدي.,الغربالي الأمامي.,الغربالي الأوسط.,الفكي العلوي.,الغربالي الخلفي,,a,ABCDE,no,"""ما عدا""",high
179,Y2,تصادف Stratified squamous nonkeratinized epithelium في,Histology,Anatomy,mouth,. urinary bladder,esophagus,الأول والثالث,كل ماسبق صحيح,,D,ABCDE,no,choose the right answer,high
180,Y1,كل ما يلي حول نقاط التعظم لعظام الرسغ صحيحة عدا :,Anatomy,Anatomy,في السنة الأولى العظم الكبير.,بين السنة الثالثة والسادسة العظم الهلالي.,في السنة الرابعة العظم الكلابي.,بين العاشرة والرابعة عشرة العظم الكلابي.,,,C,ABCD,no,"""ما عدا""",high
182,Y1,يفرز المبيض ما يلي عدا :,Anatomy,Anatomy,ريلاكسين,بروجيسترون,إنهيبين,استروجين,,,A,ABCD,no,"""ما عدا""",high
186,Y1,الغدة النخامية :,Anatomy,Anatomy,تتواجد في السرج التركي التابع للعظم الوتدي,تتصل مع الوطاء عبر,لها قسمين Adenohypophysis Neurohpophysisg وقسم ثالث ضافر,كل ما سبق صحيح,,,D,ABCD,no,choose the right answer,high
187,Y2,في النسيج العظمي,Histology,Anatomy,تحوي العظام على 70 %من كلس العضوية.,تحوي العظام على 80% من كلس العضوية,تحوي العظام على 90% من كلس العضوية.,تحوي العظام على 99% من كل العضوية.,كل ما سبق خطأ.,,D,ABCDE,no,infinite answers,high
188,Y2,الشريان العضدي : (2016 أولى),Anatomy,Anatomy,سطحي التوضع نسبيا.,يعطي أربعة فروع هامة.,ينتهي بمستوى رأس الكعبرة.,العصب الناصف يقع أنسي الشريان على طول مساره.,,,a,ABCDE,no,infinite answers,high
189,Y1,- العضلات الوربية :,Anatomy,Anatomy,تتوضع في طبقتين,مهمتها ربط الأضلاع ببعضها,تعتبر عضلة الشهيق الرئيسية,تدعى العضلات بين الأضلاع,,,C,ABCD,no,infinite answers,high
190,Y1,ما يلي صح بالنسبة للقسم الخشاني للصدغي عدا:,Anatomy,Anatomy,يتمادي بالناتئ الأبري,يحوي ثلم ذات البطنين,عليه انطباع الجيب السيني,يحوي خلايا خشانية,,,A,ABCD,no,"""ما عدا""",high
191,Y1,الفعاليات التالية مركزها في الجسر ماعدا :,Anatomy,Anatomy,تفاعل الحدقة مع الضوء,الذوق,إفراز اللعاب و الدمع,المضغ,,,A,ABCD,no,"""ما عدا""",high
192,Y1,ميزابة النبض بين أوتار العضلات:,Anatomy,Anatomy,العضدية الكعبرية / قابضة الرسغ الكعبرية,العضدية الزندية / قابضة الرسغ الزندية,المرفقية / الاستلقانية,الكابة المربعة / الكابة المدورة,,,A,ABCD,no,infinite answers,high
195,Y2,اختر الإجابة الصحيحة حول Follicular Theca,Histology,Anatomy,يقسم إلى ثلاث طبقات.,هو عبارة عن تمايز الخلايا اللحمية المحيطة مباشرة بالجريب الأولي النامي,تقوم خلايا بإفراز LH.,كل ما سبق صحيح.,,,B,ABCD,no,choose the right answer,high
197,Y1,ما يلي من عضلات الساعد الأمامية العميقة عدا:,Anatomy,Anatomy,الراحية,قابضة الابهام الطويلة,الكابة المربعة,قابضة الأصابع العميقة,,,A,ABCD,no,"""ما عدا""",high
198,Y1,كل ما يلي صحيح عن العصب الوجهي:,Anatomy,Anatomy,هو العصب السابع.,حركي لعضلات الوجه التعبيرية.,يعصب القترائية.,يحمل تعصيبا حاسيا .,,,C,ABCD,no,indirect question,high
199,Y2,الكبد تشمع Cirrhosis,Histology,Anatomy,غير قابل للعكس,يؤدي لقصور كبد مميت,فيروس الكبد B والبلهارسيا اهم مسبباته,كل ما سبق صحيح,,,D,ABCD,no,choose the right answer,high
200,Y1,كل ما يلي صحيح عن الغدة النخامية عدا :,Anatomy,Anatomy,تتألف من ثلاث مناطق رئيسية : النخامي الأمامية والخلفية والوسطى,وزنها نصف غرام,تتصل مع الوطاء عن طريق القمع,تدعى HYPOPHYSIS,,,A,ABCD,no,"""ما عدا""",high
204,Y1,عندما يتجه أخمص القدم نحو الأسفل :,Anatomy,Anatomy,PLANTIFLEXION .,INVERSION .,DORSIFLEXION .,RECTRRACTION.,,,A,ABCD,no,answer in english,high
205,Y1,كل ما يلي حواف العضد عدا:,Anatomy,Anatomy,خلفية,انسية,وحشية,أمامية,,,A,ABCD,no,"""ما عدا""",high
207,Y2,تنصف تروية العلج بما يلي ما عدا:,Anatomy,Anatomy,تتوضع الأوعية في التقعر بين العلج والمطكلة.,الشريان المعثكلي الطجي العلوي فرع الشريان المعدي العفجي.,الشريان المعثكلي العفجي السفلي فرع الشريان المساريقي العلوي.,الوريد المطكلي العفجي العلوي يصب في وريد الباب,تنزح لمف النصف العلوي من المطكلة إلى العقد,,E,ABCDE,no,"""ما عدا""",high
211,Y1,. يقع بين الطيتين الدهليزيتين والصوتيتين,Anatomy,Anatomy,Laryngeal ventricles,Laryngeal vestiulum,Glottis,Infraglottic cavity,,,A,ABCD,no,answer in english,high
212,Y2,المري :,Anatomy,Anatomy,يبدأ عند مستوى الفقرة الرقبية السابعة,يجتاز الحجاب الحاجز عند مستوى الفقرة الصدرية T10,توجد الفتحة المريئية في السويقة اليسرى,كل ما سبق صحيح,كل ما سبق خاطئ,,B,ABCDE,no,indirect question,high
213,Y1,كل ما يلي من طيات الأم الجافية عدا :,Anatomy,Anatomy,الخيمة المخية,مشول المخيخ,الخيمة المخيخية,مشول المخ,,,A,ABCD,no,"""ما عدا""",high
214,Y1,- كل مما يلي من الحركات الخاصة بالقدم ما عدا :,Anatomy,Anatomy,Flexion,Eversion,Dorsiflexion,Inversion,,,A,ABCD,no,"""ما عدا""",high
216,Y2,يتميز النبيب المعوج القريب بما يلي عدا :,Histology and Anatomy,Anatomy,أطول من النبيب المعوج البعيد,خلايا ظهارته محبة للحمض,ينشأ من القطب الوعائي لمحفظة بومان,نجد في المقطع العرضي 3-5 نوى كروية,,,C,ABCDE,no,"""ما عدا""",high
220,Y1,. اختر الاجابة الصحيحة المتعلقة بعضلات جدار البطن:,Anatomy,Anatomy,تتخذ الياف المائلة الداخلية اتجاه مستعرض,المستقيمة البطنية تقسمها تداخلات وترية,تتجه الياف المائلة الخارجية للاعلى والوحشي,العضلة الدرقفية من عضلات جدار البطن الامامي,,,B,ABCD,no,choose the right answer,high
221,Y1,الأعصاب التالية تتواسط حس التذوق التذوق عدا :,Anatomy,Anatomy,السابع والتاسع.,الوجهي.,الإضافي البلعومي.,اللساني.,,,C,ABCD,no,"""ما عدا""",high
222,Y2,تصل الشبكة الخصوية ب القسم الرأسي من البربخ.,Histology,Anatomy,ductuli efferented.,straight tubules.,Mesothelium.,germinal epithelium.,,,A,ABCD,no,answer in english,high
224,Y1,الظنبوب (الخاطئة):,Anatomy,Anatomy,يتمفصل مع لقمتي الفخذ ورأس الشظية في الأعلى.,يوجد على الجانب الانسي للقمة الأنسية سطح مفصلي للتمفصل مع رأس عظم الشظية.,تتبارز النهاية السفلية نحو الأسفل في الجانب الأنسي لتشكيل الكعب الأنسي.,ينفصل السطحان المفصليان للقمتي الظنبوب عن بعضهما بالباحثين بين اللقمتين الأمامية والخليفة .,,,B,ABCD,no,indirect question,high
226,Y2,من وظائف خلايا سرتولي ما عدا:,Histology,Anatomy,انتاج الهرمون المضاد لقناة وولف.,مساعدة النطيفات على التطور إلى نطاف ناضجة.,"افراز سائل يساعد في نقل النطاف,،ABP Inhibin B",حماية النطاف من التأثير السيئ للمواد المختلفة في الدم.,,,A,ABCD,no,"""ما عدا""",high
227,Y1,الخاطئ حول اللسان :,Anatomy,Anatomy,له دور لمسي ذوقي ويساهم في التصويت,يوصف له ذروة وجذر ووجه سفلي وظهر,يوجد مكان اتصال الثلثين الامامين مع الثلث,تبرز فيه بروزات هي حليمات لسانية,,,B,ABCD,no,choose the wrong answer,high
229,Y1,يتألف الجسم الثفني مما يلي عدا:,Anatomy,Anatomy,رأس.,منقار.,جسم.,ركبة .,,,A,ABCD,no,"""ما عدا""",high
232,Y2,ما يلي صحيح بالنسبة للمغازل العضلية :,Histology,Anatomy,هي بنية غير ممحفظة,لا تحتوي على أليافه عضلية,توجد أيضاً في العضلات الملساء,الإجابتان الأولى والثانية صحيحتان,كل ما سبق خطأ,,C,ABCDE,no,indirect question,high
233,Y1,يدخل العظم الجبهي بوجهه الظاهر في تشكيل,Anatomy,Anatomy,القحف الحشوي,القحف الجداري,القحف العصبي,الحفرة البكرية,,,A,ABCD,no,indirect question,high
234,Y1,تضطرب النظم التنفسية وتلقائية التنفس في:,Anatomy,Anatomy,تسري نصفي الكرة المخية,قطع جذع الدماع العلوي,افات غطاء البصلة,قطع السبيل الهرمي,,,أفات الدارات اللمبية,ABCD,no,indirect question,high
237,Y2,يحتوي Body Vitreous على العناصر التالية عدا:,Histology,Anatomy,Macrophages,Fibroblasts,Collagen Fibrils,Hyalocytes,,,B,ABCD,no,answer in english,high
238,Y1,يجري البول في الحالب بفضل:,Anatomy,Anatomy,التقلصات التمعجية,ضغط الرشح الكبي,الجاذبية الأرضية,A + B,,,D,ABCD,no,choose the right answer,high
239,Y1,مجاورات البلعوم الحنجري : (اختر الخاطئة ),Anatomy,Anatomy,غضروف الفلكة في الأعلى,الغضروف الحلقي في الأسفل,اماميا بالرغامى,خلفيا بالفقرات الرقمية 4-5-6,,,C,ABCD,no,choose the wrong answer,high
242,Y1,. مصطلح لاتيني خاطىء:,Anatomy,Anatomy,وريد راسي Azygos vein,الوريد القاعدي Basilic vein,الجذع البطني الزلاقي celiac trunk,الوريد نصف الفرد Hemiazygos,,,A,ABCD,no,choose the wrong answer,high
243,Y1,. اي من الاتي يشاهد على الوجه الوحشي لنصف الكرة المخية,Anatomy,Anatomy,Collateral sulcus,Paracentral gyrus,Superior temporal gyrus,Uncus,,,C,ABCD,no,answer in english,high
246,Y1,من فروع الابهر النازل البطني أمامية ما عدا:,Anatomy,Anatomy,الشريان الحجابي,الشريان المساريقي العلوي,الشريان المساريقي,الجدع البطني,,,A,ABCD,no,"""ما عدا""",high
247,Y1,يتكون العظم الوتدي من ما يلى عدا :,Anatomy,Anatomy,ناتئ جناحي مفرد,جناحين كبيرين,جناحين صغيرين,جسم,,,A,ABCD,no,"""ما عدا""",high
248,Y1,. الاجابة الصحيحة المتعلقة بال hypoid bone,Anatomy,Anatomy,هو عظم مزدوج,يتمفصل مع العظم الفكي السفلي,له اربع قرون,يتجه القرن الصغير نحو الاسفل,,,C,ABCD,no,infinite answers,high
249,Y1,. اي من البنى التالية تشاهد على الوجه السفلي للسان,Anatomy,Anatomy,الطية المخملية,الطية الحنكية اللسانية,الطية تحت اللسان,اللحمية تحت اللسان,,,A,ABCD,no,choose the right answer,high
250,Y1,التعصب الودي للقلب يأتي عبر:,Anatomy,Anatomy,الجذع الودي الرقبي,الجذع الودي الصدري,الجذع الودي القطني,المبهم,,,A,ABCD,no,indirect question,high
251,Y1,تضم المجموعة الأمامية لعضلات الزنار الكتفى المرتبطة بالعضد العضلات التالية عدا:,Anatomy,Anatomy,الدالية .,الصدرية الصغيرة .,الصدرية الكبيرة.,الغرابية العضدية.,,,A,ABCD,no,"""ما عدا""",high
252,Y2,كل الهرمونات التالية لها دور في استقلاب النسيج الشحمي في مراحل مختلفة ما عدا:,Histology,Anatomy,"glucocorticoids,",thyroid hormone,Growth hormone,insulin,Parathormon,,E,ABCDE,no,answer in english,high
254,Y2,العضلة شبه المنحرفة:,Anatomy,Anatomy,تتألف من جزئين علوى وسفلى,تعصب من الضفيرة العضدية مباشرةً,لها ارتكاز جزئى على الترقوة,ليس لها ارتكاز على الاخرمى,,,C,ABCD,no,infinite answers,high
256,Y2,من محتويات الجيب العجاني العميق عند الأنثى كل مما يلي عدا:,Anatomy,Anatomy,جزء من الإحليل.,جزء من المهبل.,مصرة إحليلية (للإحليل والمهبل).,أوعية فرجية باطنة وفروعها.,العضلتين العجانيتين المستعرضتين السطحيتين.,,E,ABCDE,no,"""ما عدا""",high
257,Y2,يساهم بتشكيل المفصل الكعبري الرسغي : (2007),Anatomy,Anatomy,رأس العضد.,العظم الكبير.,قرص مفصلى.,العظم الكلابي.,,,c,ABCDE,no,infinite answers,high
258,Y2,الperikaryon هو:,Histology,Anatomy,جسم الخلية العضلية المخططة,غشاء الخلية العصبية ( العصبون).,غشاء الخلية العضلية القلبية .,غمد الليف العصبي.,جسم الخلية العصبية ( العصبون).,,E,ABCDE,no,infinite answers,high
259,Y2,يحتوي الجيب العجاني العميق الذكري ماعدا:,Anatomy,Anatomy,إحليل غشائي.,غدة بصلية إحليلية.,معصرة إحليلية.,عصب ظهر القضيب.,بصلة القضيب.,,E,ABCDE,no,"""ما عدا""",high
260,Y1,. ينشأ شريان ظهر القدم من,Anatomy,Anatomy,Anterior tiial artery,Posterior tibial artery,Popliteal artery,Femoral artery,,,A,ABCD,no,answer in english,high
261,Y1,كل ما يلي صحيح عن البريتوان عدا :,Anatomy,Anatomy,المراق إمتداد البريتوان من الأمعاء إلى الجدار الأمامي للبطن,الثرب إمتداد البريتوان بين حشا وحشا آخر,الرباط إمتداد البريتوان من حشا إلى الجدار الأمامي للبطن,غشاء مصلي له طبقة جدارية وطبقة حشوية,,,A,ABCD,no,"""ما عدا""",high
263,Y2,SOLEUS :,Anatomy,Anatomy,من عضلات الساق,تعمل دوران وحشى للساق,هو رباط داخل الركبه,تعمل عطف للركبة,,,A,ABCD,no,question in english,high
264,Y2,مايلي صحيح عن الخصية testes عدا :,Histology,Anatomy,تحاط ب الغاللة البيضاء (نسيج ضام كثيف),الحجب الضامة التي تقسم الخصية إلى فصوص تكون غير كاملة.,فصيصات الخصية تكون مفصولة عن بعضها تماما.,كل فصيص فيها يحوي 4-1 أنابيب منوية.,,,C,ABCD,no,choose the wrong answer,high
265,Y1,من صفات الترقوة ماعدا :,Anatomy,Anatomy,الوجه العلوي عليه ميزابة العضلة تحت الترقوة,النهاية الأنسية مسطحة,الوجه العلوي أملس,عظم طويل له شكل حرف S,,,A,ABCD,no,choose the wrong answer,high
266,Y1,اذا أصيبت ينتج عن ذلك :,Anatomy,Anatomy,حبسة استقبالية,حبسة كلامية,حبسة تعبيرية,حبسة شرجية,,,C,ABCD,no,indirect question,high
268,Y1,تشكل جدران الفم :,Anatomy,Anatomy,الشفتان,الشدقان,الحنك,كل ما سبق صحيح,,,D,ABCD,no,infinite answers,high
270,Y2,تمثل لفافة collies:,Anatomy,Anatomy,الوريدية السطحية للفافة السطحية لجدار البطن الامامي.,الوريدية العميقة للفافة السطحية لجدار البطن الامامي.,الوريدية العميقة للفافة السطحية للعجفن.,اللفافة العميقة للقضيب.,الوريدية العميقة للفافة السطحية للعجفن.,,E,ABCDE,no,question in english,high
271,Y2,الضفيرة العضدية: (2017 أولى),Anatomy,Anatomy,تتشكل في المثلث الأمامي للعنق .,من الأعصاب الشوكيةC 4-5-6 .,الحبل الوحشي يعطي العصب الكعبري .,الحبل الخلفي يعطي العصب الإبطي .,,,c,ABCDE,no,indirect question,high
272,Y1,كل ما يلي عن القسم الحجاجي للعظم الجبهي صحيح عدا:,Anatomy,Anatomy,يحوي في قسمه الوحشي الحفرة البكرية .,يدخل في تشكيل سقف الحجاج.,يفصله عن القسم الصدفي الحافة فوق الحجاج.,ذو توضع أفقي.,,,A,ABCD,no,"""ما عدا""",high
274,Y1,من أقسام النفرون ماعدا:,Anatomy,Anatomy,الكبيبة الكلوية,الأنبوب القريب,الشريان القطعي,الأنبوب البعيد,,,C,ABCD,no,"""ما عدا""",high
275,Y2,في العصبون:,Histology,Anatomy,القطعة الابتدائية غير محاطة بفمد النخاعين,يتم صنع النواقل العصبية في المحوار,النهاية ما بعد المشبكية قد تكون جزءا من محوار عصبون اخر,A+C,كل ماسبق خطأ,,D,ABCDE,no,infinite answers,high
276,Y2,بالنسبة لتكون الكريات الحمر في نقي العظم:,Histology,Anatomy,مع تطور الخلايا تحدث زيادة مطردة لحجم الخلية والنواة,مع تطور الخلايا يحدث تناقص مطرد في كمية الهيموغلوبين,الخلية الشبكية لا تحتوي على نواة,A+B,كل ما سبق صحيح,,C,ABCDE,no,indirect question,high
278,Y2,العضلة ثلاثية الرؤوس العضدية : (2010),Anatomy,Anatomy,تنشأ جميع رؤوسها من عظم العضد.,هي من عضلات العضد الأمامية .,يعصبها العضلى الجلدى .,باسطة المرفق .,,,d,ABCDE,no,unsure answer,high
280,Y2,تقوم القشرانيات المعدنية ب :,Histology,Anatomy,تحريض تركيب الغلوكوز,تتحول إلى تستسترون في عدة أنسجة,تحرض على إعادة امتصاص شوارد الصوديوم.,b+c,,,C,ABCD,no,infinite answers,high
291,Y1,تشمل الغلالة الوسطة ماعدا :,Anatomy,Anatomy,القزحية,المشيمية,عدسة العين,الجسم الهدبي,,,C,ABCD,no,"""ما عدا""",high
292,Y2,استجابة الاحتياجات العضوية، يتم تحريك واستهلاك النسيج الشحمي :,Histology,Anatomy,retro-orbital fat pads .,mesenteric deposits,Subcutaneous fat,retroperitoneal deposits,الثاني والثالث,,B,ABCDE,no,answer in english,high
293,Y1,يتصف عظم الزند بما يلي:,Anatomy,Anatomy,يقع في الساعد.,منه الثلمة الزندية للكعبرة.,منه الزج.,منه الناتئ المنقاري.,,,B,ABCD,no,infinite answers,high
294,Y1,hypophysis اختر الإجابة الصحيحة:,Anatomy,Anatomy,قطرها 1 سم,قسمها الأمامي عصبي,وزنها جرام واحد,كبيرة الحجم,,,A,ABCD,no,choose the right answer,high
295,Y1,كل ما يلي عن مجاورات الرغامي صحيح عدا :,Anatomy,Anatomy,يقع المرى أمام المري,يقع الشريان العضدي الرأسي أمام الرغامي,يقع الشريان السباتي المشترك أمام الرغامي,تمر قوس الأبهر أمام الرغامي,,,A,ABCD,no,"""ما عدا""",high
296,Y1,البلعوم :,Anatomy,Anatomy,يوجد توسع قبل الحنجرة يدعى باسم الردب الكمثري,يوجد في مكان التقاء اللسان مع الفلكة ثلاث طيات ناصفة ووحشيتان,يوجد تحت الفلكة انخفاض يدعى الوحدة,يعد البلعوم الأنفي جزء من أجزاء الجهاز الهضمي,,,A,ABCD,no,indirect question,high
297,Y1,تحوي الخاصرة اليمني:,Anatomy,Anatomy,الفص الكبدي الأيمن,المرارة,الكولون النازل,لا شيء مما سبق,,,D,ABCD,no,choose the right answer,high
298,Y1,يحوي الوجه الداخلي لفرع الفك السفلي :,Anatomy,Anatomy,الشوكة الذقنية,الناشزة الذقنية,اللسين,الخط الضرسي اللامي,,,B,ABCD,no,indirect question,high
299,Y1,العظم الفكي السفلي (الخاطئة):,Anatomy,Anatomy,تقع ثلمة الفك السفلي أسفل وأمام الحافة العلوية للرأد .,يتمادى الخط المائل في الخلف بالحافة الأمامية للرأد.,تقع الحفرة تحت اللسانية أعلى الخط الضرسي اللامي.,تشكل الثقبة الذقنية الفوهة الأمامية للنفق الفكي السفلي.,,,A,ABCD,no,indirect question,high
300,Y2,خلايا أكثر عددا وتتوضع في المركز :,Histology,Anatomy,خلايا ألفا.,خلايا بيتا.,خلايا سيغما.,خلايا pp .,,,B,ABCD,no,indirect question,high
301,Y1,أين تتواجد أحمال البوق :,Anatomy,Anatomy,القمع,المجل (الأنبورة),البرزخ,الجزء داخل الجدار,,,A,ABCD,no,indirect question,high
303,Y1,المستوى الذي يقسم الجسم إلى نصفين أيمن وأيسر,Anatomy,Anatomy,Sagittal plane,Frontal plane,Transverse plane,Coronal plane,,,A,ABCD,no,answer in english,high
304,Y2,يبطن بالنسيج الظهاري البسيط:,Histology,Anatomy,الحالب,الامعاء,الانبوب البولي,غشاء البريتوان,,,B,ABCD,no,infinite answers,high
305,Y2,من صفات غشاء الأمعاء الغليظة المخاطي :,Histology,Anatomy,لا توجد فيه زغابات معوية إطلاقا,الغدد المعوية طويلة ومتكدسة.,الخلايا الكأسية والماصة غزيرة جدا,كل ما سبق صحيح.,,,D,ABCD,no,infinite answers,high
306,Y1,- الناتئ الإبري يقع :,Anatomy,Anatomy,وحشي النفق السباتي,إنسي النفق السباتي,وحشي الحفرة الوداجية,إنسي الحفرة الوداجية,,,C,ABCD,no,indirect question,high
307,Y2,العظام الاسفينية في رصغ القدم: (2006),Anatomy,Anatomy,الأول هو الوحشي.,يتمفصل الأنسي في الخلف مع الزورقي.,يجاور الثالث من الخلف النردي.,يتمفصل الأوسط مع المشط الثالث.,,,b,ABCDE,no,indirect question,high
309,Y2,تحت قيد الباسطات أمام الكاحل: (2017),Anatomy,Anatomy,وتر الظنبوبية الأمامية على الطرف الأنسي.,الشريان الظنبوبي الأمامي يمر فوق القيد.,العصب الظنبوبي الأمامي يمر فوق القيد.,وتر باسطة الإبهام الطويلة على الطرف الوحشي.,,,a,ABCDE,no,indirect question,high
310,Y1,. الاجابة الصحيحة بخصوص رباعية الرؤوس الفخذية,Anatomy,Anatomy,تنشا بثلاث رؤوس من الحوض,ترتكز على الخط النعلي للظنبوب,تبسط الساق على الفخذ,هي triceps brachii,,,C,ABCD,no,choose the right answer,high
311,Y2,الأبهر كل ما يلي ماعدا:,Anatomy,Anatomy,من الشرايين المتوضعة على الجدار الخلفي لجدار البطن.,يدخل البطن عبر الفرجة الأبهرية.,ينزل أمام أجسام الفقرات القطنية.,من تفرعاته الأمامية الجذع الزلاقي.,ينقسم عادة أمام الفقرة القطنية الثالثة إلى الشريانين الحرقفيين الأصليين والشريان العجزي الناصف.,,E,ABCDE,no,"""ما عدا""",high
312,Y2,SUPINATOR,Anatomy,Anatomy,من مدورات الكتف,عصب الحجره الخلفيه للساعد,عضلة مقربة للفخذ,عضلة عميقة فى الساعد,,,D,ABCDE,no,indirect question,high
314,Y1,تشمل عضلات ضرة اليد عدا:,Anatomy,Anatomy,مبعدة الخنصر,مقربة الخنصر,قابضة الخنصر القصيرة,مبعدة الخنصر,,,B,ABCD,no,indirect question,high
316,Y1,يتلقى وريد الباب الدم من:,Anatomy,Anatomy,كل أقسام الأنبوب الهضمي عدا القناة الشرجية.,كل أقسام الأنبوب الهضمي عدا المستقيم والشرج.,كل أقسام الأنبوب الهضمي عدا الثلثين السفليين للمستقيم والقناة الشرجية.,كل أقسام الأنبوب الهضمي.,,,C,ABCD,no,indirect question,high
317,Y2,تنشأ الغدة الصنوبرية من :,Histology,Anatomy,من الوريقة العصبية الخارجية.,من الوريقة المتوسطة.,من الوريقة الداخلية.,كل ما سبق خطأ.,,,A,ABCD,no,indirect question,high
318,Y1,من عظام القسم الداني (القريب ) لعظام الرسغ (مكرر):,Anatomy,Anatomy,الحمصي.,المنحرفي.,الكبير.,المربعي.,,,A,ABCD,no,infinite answers,high
319,Y1,الحجاب الحاجز إختر الإجابة الخاطئة :,Anatomy,Anatomy,هو أهم العضلات التنفسية,القسم العضلي ينشأ من القص والأضلاع السفلية والفقرات الصدرية,المركز الوتري هو تمادي للألياف العضلية,يعصبه العصب الحجابي الذي يأتي من النخاع الشكي الرقبي,,,B,ABCD,no,choose the wrong answer,high
320,Y1,كل ما يلي من تلافيف الوجه الوحشي لنصف الكرة المخية ماعدا :,Anatomy,Anatomy,أمام المركزي,خلف المركزي,الوتد,الصدغي العلوي,,,C,ABCD,no,"""ما عدا""",high
321,Y2,من صفات الأجسام الصفائحية:,Histology,Anatomy,تعتبر علامة للخلايا التنفسية من النمط الأول.,حبيبات بقطر 400 - 100 ميكرومتر محاطة بغشاء,تعتبر علامة للخلايا التنفسية من النمط الثاني.,A+C,,,C,ABCD,no,infinite answers,high
322,Y1,الأعصاب الحسية تنقل المعلومات من الأعضاء التالية عدا:,Anatomy,Anatomy,العين,الأذن,الجلد,اللسان,,,C,ABCD,no,"""ما عدا""",high
323,Y1,المنطقة الأعمق في الكظر :,Anatomy,Anatomy,اللب,الحزمية,الشبكية,الكبيبية,,,A,ABCD,no,indirect question,high
324,Y1,. كل مايلي حول مرور الاعصاب القحفية من قاعدة القحف صحيح عدا,Anatomy,Anatomy,العصب العيني يمر من النفق البصري,العصب البكري يمر من الشق الحجابي العلوي,العصب الوجهي يخرج من الثقبة الابرية الخشائية,العصب الساني البلعومي يمر من الثقبة الوداجية,,,A,ABCD,no,"""ما عدا""",high
326,Y2,العبارة الخاطئة عن الجلد الرقيق :-,Histology,Anatomy,مشعر.,الطبقة المحببة واللامعة أكثر وضوحا.,سماكة البشرة (75 _ 150) مكرون.,نشاهد الطبقة القاعدية والشائكة بشكل رئيسي.,,,B,ABCD,no,choose the wrong answer,high
327,Y2,يسير عميقاً من الشريان السباتي ويعصب الحجاب الحاجز.,Anatomy,Anatomy,العصب ظهر الكتف,العصب اللاحق (الشوكي),العصب المبهم,العصب الحجابي,لا شيء مما سبق,,B,ABCDE,no,indirect question,high
328,Y1,كل ما يلي من الأوردة التي تستخدم لأخذ عينات من الدم عدا :,Anatomy,Anatomy,الوريد الأبطى,الوريد القاعدي,الوريد المرفقي الناصف,الوريد الرأسي,,,A,ABCD,no,"""ما عدا""",high
329,Y2,اختار الجواب الصحيح اذا كان هناك جوابا صحيحا واحدا فقط أو اختر الجواب الأكثر شمولا وتكاملا اذا كان هناك أكثر من جواب صحيح,Histology,Anatomy,تتولد الخلايا اللمفاوية في العقد اللمفاوية فقط,اللمفاويات على نوعين كبيرة وصغيرة,عند الإصابات تتحول التقاويات الى خلايا بالعة,عدد اللمفاويات في الهم يزداد في المرتفعات,عند الإصابات تتحول بعض اللمفاويات الى بلازمية,,E,ABCDE,no,choose the right answer,high
332,Y1,يحوي القسم الصخري للعظم الصدغي التضاريس التالية عدا:,Anatomy,Anatomy,الثقبة المدورة,ثقبة النفق السباتي,الناتئ الأبري ومسم السمع الباطن,الحفرة الوداجية,,,A,ABCD,no,"""ما عدا""",high
333,Y2,زاوية الحمل,Anatomy,Anatomy,تتكون بين الزند والكعبرة,تظهر فى وضعية الكعب,تقيس 15 درجة,كل ما يبق خطأ,,,C,ABCDE,no,indirect question,high
334,Y1,. يدخل في تشكيل التيه العظمي,Anatomy,Anatomy,الانفاق نصف الدائرية,القريبة,القناة القوقعية,القنوات نصف الدائرية,,,A,ABCD,no,indirect question,high
335,Y1,العضو السمعي يوجد ضمن:,Anatomy,Anatomy,القناة الموقعية,القنوات نصف الدائرية,القريبة,الكييس,,,A,ABCD,no,infinite answers,high
336,Y2,تروية العفج ما عدا:,Anatomy,Anatomy,الشريان العفجي المعتكلي العلوي هو فرع من الشريان المعدي العفجي.,الشريان العفجي المعتكلي السفلي هو فرع من الشريان المساريقي العلوي.,الوريد المعتكلي العفجي العلوي يصب في وريد الباب.,الوريد المعتكلي العفجي السفلى يصب في الوريد المساريقي العلوي.,النزح اللمفاوي للقسم العلوي ينتهي إلى العقد المساريقية العلوية.,,E,ABCDE,no,"""ما عدا""",high
337,Y1,الطبقي المحوري من ضمن:,Anatomy,Anatomy,التشريح الشعاعي,التشريح السريري,التشريح الجهازي,التشريح الفيزيولوجي,,,A,ABCD,no,infinite answers,high
340,Y1,يضم جهاز التنفس :,Anatomy,Anatomy,الجزء الناقل,الجزء المشكل للصوت,الجزء التنفسي,كل ما سبق صحيح,,,D,ABCD,no,choose the right answer,high
341,Y1,. يوجد على الكعبرة:,Anatomy,Anatomy,Radial notch,Trochlear notch,Dorsal tubercle,كل ماسبق خطأ,,,C,ABCD,no,answer in english,high
342,Y2,الخلايا المسائلة ( أو التابعة في العضلات الهيكلية :,Histology,Anatomy,تتوضع مباشرة تحت ال endomysium,يعتقد أن لها دور في تجدد النسيج العضلي,توجد في الخلايا العضلية القلبية أيضاً,الإجابتان الثانية والثالثة صحيحتان,كل ما سبق صحيح,,B,ABCDE,no,infinite answers,high
343,Y1,الخطأ عن المهاد,Anatomy,Anatomy,يقع المهاد على الخط الناصف,ماتحت المهاد الكرة الشاحبة,مافوق المهاد الغدة الصنوبرية,يرتبط بالسويقة النخامية الوطاء,,,A,ABCD,no,choose the wrong answer,high
344,Y1,. يتكون لجيم البظر من:,Anatomy,Anatomy,الشفرين الصغيرين,الشفرين الكبيرين,جبل العانة,العويشكة,,,A,ABCD,no,many answers,high
345,Y2,أي الشرايين التالية يعطي فروعا تروي الغدة تحت الفك: (2017 أولى),Anatomy,Anatomy,البلعومي الصاعد.,الصدغي السطحي .,اللساني.,الأذني الخلفي.,تحت الذقن.,,e,ABCDE,no,choose the right answer,high
346,Y1,ما يلي من تلافيف الوجه السفلي لنصف الكرة المخية ماعدا :,Anatomy,Anatomy,المستقيم,حصان البحر,اللساني,المحجن,,,B,ABCD,no,"""ما عدا""",high
348,Y2,توجد خلايا تتوضع ضمن lacunae,Histology,Anatomy,Adipose tissue,Cartilage,Bone,Fibrous connective tissue,Cartilage + bone,,E,ABCDE,no,answer in english,high
350,Y1,على وجهه السفلي تلم لمرور وتر الشظية الطويلة :,Anatomy,Anatomy,النردي,العقب,الزورقي,القعب,,,A,ABCD,no ,indirect question,high
351,Y1,كل ما يلي صحيح فيما يتعلق بحدود الغدة النكفية عدا :,Anatomy,Anatomy,في الأمام الثاني الخشائي,في الخلف الخشاء,في الخلف العضلة القترانية,في الأمام فرع العظم الفكي السفلي,,,A,ABCD,no,"""ما عدا""",high
352,Y1,أضخم عظم في هيكل القدم:,Anatomy,Anatomy,.Calcaneum,Navicular .,Talus .,Cuboid .,,,A,ABCD,no,answer in english,high
353,Y1,. البربخ هو,Anatomy,Anatomy,Penis,Epididymis,Scrotum,Teste,,,B,ABCD,no,answer in english,high
356,Y2,اي من الخلايا الآتية في الظهارة التنفسية تعد,Histology,Anatomy,الخلايا الكأسية,الخلايا الفرشاتية.,خلايا كولشيسكي.,الخلايا القاعدية.,,,B,ABCD,no,choose the right answer,high
357,Y1,115من عضلات الزنار الكتفي المرتبطة بالعضد,Anatomy,Anatomy,الصدرية الكبيرة,تحت الترقوة,فوق الشوكية,الدالية,,,B,ABCD,no,indirect question,high
359,Y2,يتكون الوعاء الدموي مما يلي ما عدا :,Histology and Anatomy,Anatomy,طبقة متوسطة من الياف عضلية مخططة,ظهارة بسيطة مسطحة,نسيج ضام تحت البطاني,صفيحة مرنة داخلية,,,A,ABCDE,no,"""ما عدا""",high
360,Y1,. جس النبض,Anatomy,Anatomy,الشريان الكعبري,الابهر الصاعد,الشريان الابطي,كل ماسبق خطأ,,,A,ABCD,no,indirect question,high
362,Y2,العضلات الداخلية لليد:,Anatomy,Anatomy,تعصب كلها من الزندى,تعطف المفاصل بين السلاميات,أربع منها لا تنشأ من العظام,ترتكز أوتارها على حواف قواعد السلاميات,,,C,ABCD,no,indirect question,high
364,Y1,عضلات تقوم بالدوران الوحشي في الذراع عدا:,Anatomy,Anatomy,المدورة الكبيرة,الدالية,المدورة الصغيرة,تحت الشوك,,,A,ABCD,no,"""ما عدا""",high
365,Y1,يضم الغمد السباتي ما يلي عدا:,Anatomy,Anatomy,الشريان السباتي الباطن,الشريان السباتي الظاهر,الشريان المبهم,الوريد الوداجي الباطن,,,B,ABCD,no,"""ما عدا""",high
366,Y1,وظائف الميلاتونين ما عدا:,Anatomy,Anatomy,ينظم الإيقاعات اليومية,ينظم درجة الحرارة والتناسل,يزيد الاستقلاب,ينظم الوظيفة القلبية,,,C,ABCD,no,"""ما عدا""",high
369,Y1,. العضلات الاتية هي من العضلات السطحية في العنق ماعدا,Anatomy,Anatomy,Intercostal musles,Trapezius,Suprahyoid muscles,Sterocleidomastoid,,,A,ABCD,no,answer in english,high
370,Y1,وظيفة العضلة الظنبوبية الخلفية:,Anatomy,Anatomy,شتر القدم,القبض الظهري,القبض الاخمصي,A + C,,,D,ABCD,no,choose the right answer,high
371,Y2,(اشر إلى الخيار الخاطئ) جهاز ها فرس يتألف من:,Histology,Anatomy,هو ثابت لا يتبدل,صفيحات متراكزة,قناة مركزية,توضع الصفيحات بشكل مواز للمحور الطويل للعظم,تتوضع الـ Osteocytes غالباً بين الصفيحات.,,A,ABCDE,no,choose the wrong answer,high
374,Y2,يتم إفراز الهرمون المضاد للإدرار ADH من عصبونات تقع أجسامها في :,Histology,Anatomy,الأنوية جانب البصرية,الأنوية فوق البصرية,الأنوية فوق البطينية,الأنوية جانب البطينية,,,B,ABCD,no,indirect question,high
375,Y1,العظم الصدغي اختر الإجابة الخاطئة :,Anatomy,Anatomy,يظهر على وجهه الداخلي الصماع السمعي الظاهر.,يجاوره في الأعلى العظم الجداري.,يحتوي على أعضاء السمع والتوازن.,يجاوره في الأمام العظم الوتدي.,,,A,ABCD,no,choose the wrong answer,high
376,Y1,. تقع الاعضاء التالية خلف البريتوان ماعدا,Anatomy,Anatomy,المعدة,الكلية اليسرى,الكظر,الكلية اليمنى,,,A,ABCD,no,"""ما عدا""",high
379,Y1,Superior (Dorsal) Surface.,Anatomy,Anatomy,Anterior limb of the internal capsule,Zona incerta,Third Ventricle,Lateral Ventricle,,,None of the above,ABCD,no,indirect question & no answer,high
381,Y2,كل مما يلي من مميزات القصبات عدا:,Histology,Anatomy,تتشكل بعد التفرع العاشر للقصبات.,لا تحوي نسيج غضروفي ولا غدد في مخاطيتها,تبطن القصيبات الانتهائية الصغيرة بظهارة مطبقة كاذبة اسطوانية.,تحوي نسيج ضام كثيف مرتبط بالعضلات الملساء.,,,C,ABCD,no,"""ما عدا""",high
385,Y2,ترتبط العضلات العميقة التالية للمثلث الخلفي للعنق بالعظم القذالي ما عدا:( 2014 ثانية),Anatomy,Anatomy,المستقيمة الرأسية الأمامية.,المستقيمة الرأسية الجانبية.,المستقيمة الرأسية الخلفية الصغيرة.,المستقيمة الراسية الخلفية الكبيرة.,المنحرفة الرأسية السفلية.,,e,ABCDE,no,"""ما عدا""",high
386,Y1,فيما يتعلق بالشريان الكلوي,Anatomy,Anatomy,الأيمن أطول من الأيسر,يسير الشريان الكلوي الأيمن أمام الوريد الأجوف السفلي,ينشأ بشكل متعامد مع الأبهر البطني,D - A + C صحيحتان,,,D,ABCD,no,choose the right answer,high
387,Y2,العضلة التي تبعد الطيتين الصوتيتين:,Anatomy,Anatomy,Thyro arytenoid,Crico thyroid,Lateral cricoarytenoid,Oblique arytenoid,Posterior cricoarytenoid,,E,ABCDE,no,answer in english,high
388,Y1,Regional Anatomy,Anatomy,Anatomy,التشريح الناحي,التشريح الوصفي,التشريح السريري,التشريح الجهازي,,,A,ABCD,no,question in english,high
390,Y1,العضلات التي تقوم بالبسط في الذراع ما عدا:,Anatomy,Anatomy,الألياف الأمامية للدالية,مثلثة الرؤوس العضدية,الصدرية الكبيرة,المدورة الكبيرة,,,A,ABCD,no,"""ما عدا""",high
393,Y2,في الظهارية التنفسية:,Histology and Anatomy,Anatomy,الخلايا الفرشاتية تسمى خلايا كولشيسكي,الخلايا الفرشاتية مستقبلات حسية كيميائية,الخلايا القاعدية هي خلايا جذعية,الاجابتان A+B,الاجابتان B+C,,E,ABCDE,no,choose the right answer,high
396,Y2,يمتد مباشرة على عظم العضد: (2007 أولى),Anatomy,Anatomy,العصب الزندي .,العصب العضلي الجلدي .,العصب الكعبري .,الشريان العضدي العميق .,,,b,ABCDE,no,infinite answers,high
400,Y1,تكون الفروع المرافقة للشراييت الرئيسية التالية صحيحة ما عدا:,Anatomy,Anatomy,السباتي الباطن / الشريان النخامي السفلي,المخفي الامامي/فروع للعنفرة المشيمية في القرن السفلي للبطين الجانبي,القاعدي / الشريان التيهي,المخي المتوسط / شريان النزيق المخي,,,الشريان المخيخي السفلي الخلفي / فروع الضفيرة المشيمية للبطين الرابع,ABCD,no,"""ما عدا""",high
404,Y1,- ليست من عضلات الوجه التعبيرية :,Anatomy,Anatomy,الدويرية الفموية,الماضغة,الوجنية,خافضة صوار الفم,,,C,ABCD,no,choose the wrong answer,high
405,Y1,كل ما يلي صحيح عن جذر القضيب عدا :,Anatomy,Anatomy,يتألف من ثلاث كتل من النسيج الناعظ,تقع بصلة القضيب على الخط الناصف,ينغطى السطح الخارجي للبصلة بالعضلتين الاسكيتين الكهفيتين,تتمادى البصلة نحو الأمام ضمن جسم القضيب وتشكل الجسم الأسفنجي,,,C,ABCD,no,"""ما عدا""",high
406,Y1,. من عضلات الطبقة الخلفية للساعد,Anatomy,Anatomy,الكابة المربعة,المابة الكدورة,المرفقية,الراحية الطويلة,,,C,ABCD,no,infinite answers,high
407,Y2,المجاورات الأمامي للكلية اليسرى كل مما يلي عدا:,Anatomy,Anatomy,المعدة.,العفج.,الطحال.,المعثكلة.,الكولون النازل.,,B,ABCDE,no,"""ما عدا""",high
408,Y2,ما يلي صحيح بالنسبة للقلب :,Histology,Anatomy,ألياف بيركنجي هي محاوير العصبونات تقع اجسامها في العقدة الجيبية الأنينية,الياف بيركنجي تنقل التنبيهات بشكل أسرع من الخلايا العضلية القلبية,ينظم إيقاع ضربات القلب الجهاز العصبي الذاتي ( اللاإرادي) الودي ونظير الودي,الإجابتان الثانية والثالثة صحيحتان,كل ما سبق خطأ,,D,ABCDE,no,choose the right answer,high
409,Y1,العظام المسطحة (الخاطئة):,Anatomy,Anatomy,بين صفيحتيها عظم كثيف.,عظم الكتف مثال اخر.,تنمو باتجاهين.,من الأمثلة عليها عظام القحف.,,,A,ABCD,no,choose the wrong answer,high
410,Y2,في القضيب:,Histology and Anatomy,Anatomy,جسمين كهفيين محاطين بغلالة بيضاء من نسيج ضام كثيف,القلفة تحوي عضلة مخططة,النسيج الناعظ يحوي عضلات ملساء,كل ما سبق صحيح,A+C,,E,ABCDE,no,choose the right answer,high
411,Y1,. تاتي اهمية الضلع الاولى من علاقته مع,Anatomy,Anatomy,الشريان والوريد تحت الترقوة,الشريان السباتي الخارجي,الشريان السباني المشترك,العضلة الاخمعية الخلفية,,,A,ABCD,no,indirect question,high
413,Y1,يتوضع الكولون السيني في:,Anatomy,Anatomy,الناحية المغبثية اليمنى,الناحية المغبثية اليسرى,الخثلية,لا شيء مما سبق,,,B,ABCD,no,indirect question,high
414,Y1,- يقع في مستوى الفقرة الرقبية السادسة:,Anatomy,Anatomy,الغضروف الدرقي,الغضروف الحلقي,الغضروف الطرجهالي,غضروف الفلكة,,,A,ABCD,no,indirect question,high
415,Y1,المصطلح الموافق للمجارة هو :,Anatomy,Anatomy,NOSE,CHOANA,UVALS,VESTIBULUM,,,B,ABCD,no,answer in english,high
416,Y2,اختار الجواب الصحيح اذا كان هناك جوابا صحيحا واحدا فقط أو اختر الجواب الأكثر شمولا وتكاملا اذا كان هناك أكثر من جواب صحيح,Histology,Anatomy,نسبة الخلية الدموية المتعادلة 55 إلى 68%,نسبة الخلية القاعدية 2-5 %,نسبة الخلية الحمضية 8-10%,نسبة احادية النواة 4-15%,نسبة الخلية اللمفاوية 20-30 %,,A,ABCDE,no,choose the right answer,high
417,Y1,كل ما يلي عن تروية المفصل الفكي الصدغي صحيح عدا :,Anatomy,Anatomy,الشريان الصدغي السطحي.,الشريان الأذني الخلفي.,الشريان الأذني الصدغي.,الشريان الصدغي العميق.,,,C,ABCD,no,"""ما عدا""",high
419,Y2,توجد في الغدد المعدية الأنواع الخلوية التالية عدا :,Histology and Anatomy,Anatomy,خلايا مخاطية,خلايا جدارية,خلايا غدية صماوية,كل ما سبق صحيح,,,D,ABCDE,no,choose the right answer,high
420,Y1,تتوضع تحت الطية اللسانية الغدة,Anatomy,Anatomy,النكفية,تحت الفك السفلى,تحت اللسان,الثانوية,,,C,ABCD,no,indirect question,high
421,Y2,تكثر الألياف الشبكية في :,Histology,Anatomy,الطحال.,العقد اللمفية.,نقي العظم الأحمر.,كل ما سبق صحيح.,الأول والثاني.,,D,ABCDE,no,choose the right answer,high
422,Y1,تحوي الخاصرة اليسرى:,Anatomy,Anatomy,الكولون النازل,الطحال,الفص الكبدي الأيسر,المعدة,,,A,ABCD,no,infinite answers,high
423,Y2,يحوي سرير الظفر على :,Histology and Anatomy,Anatomy,الطبقة الشالكة والمتقربة,الطبقة القاعدية والشالكة والمتقربة,الطبقة القاعدية والشالكة فقط,كل ما سبق خطأ,,,C,ABCDE,no,infinite answers,high
425,Y2,جذوع الضفيرة العضدية,Anatomy,Anatomy,توضع تحت قاعدة المثلث الخلفى للرقبة,اتقسامتها الخلفية تعطى الحبل الخلفى,انقسامتها الأمامية تعطى الحبل الأنسى,الجذع الأوسط يتابع مشكلاً الحبل الخلفى,,,A,ABCDE,no,indirect question,high
427,Y1,من وظائف الحجرة :,Anatomy,Anatomy,حماية الطرق الهوائية أثناء البلع,الحفاظ على إنفتاح الطرق الهوائية أثناء التنفس,التصويت,كل ما سبق صحيح,,,D,ABCD,no,choose the right answer,high
428,Y2,بالنسبة لعنق الرحم :,Histology,Anatomy,تتألف مخاطية باطن عنق الرحم من ظهارة بسيطة اسطوانية.,الصفيحة المخصوصة تحوي غدد عنقية تحوي شرايين حلزونية.,سماكتها متغيرة مع تغيرات الدورة المبيضية.,كل ما سبق صحيح.,,,A,ABCD,no,infinite answers,high
429,Y2,تنصف الوحدة الوظيفية للرئتين بـ:,Anatomy,Anatomy,تحت انقسام من الرئة.,تتوضع الشجرة القصبية والوريد الرئوي مركزيا.,توزع الشريان الرئوي محيطية.,نصاب مرضياً مع مجاوراتها.,ولا واحدة مما علا.,,E,ABCDE,no,choose the right answer,high
430,Y2,فيما يخص العصب الكعبري كل مما يلي صحيح ماعدا:,Anatomy,Anatomy,العصب الساعدي الجلدي الوحشي هو فرع منه,يسير في الأخدود الحلزوني للعضد مع الشريان العضدي العميق,هو فرع من الحبل الخلفي للضفيرة العضدية,يعصب العضلة العضدية الكعبرية,أذيته تسبب هبوط اليد drop hand,,A,ABCDE,no,"""ما عدا""",high
431,Y2,أي البنى توجد بالمنصف الخلفي مباشرة خلف التامور:,Anatomy,Anatomy,المري,العصبين المبهمين,الشريان الرئوي الأيمن,الوريد الفرد,القناة الصدرية,,B,ABCDE,no,infinite answers,high
432,Y1,تتألف الأصابع جميعها من ثلاث سلاميات عدا :,Anatomy,Anatomy,الإبهام.,البنصر.,الوسطى.,الخنصر.,,,A,ABCD,no,"""ما عدا""",high
433,Y2,تفرز الخلايا الجدارية كل مما يأتي ما عدا :,Histology,Anatomy,حمض كلور الماء,بعض الكهارل,هيستامين,عامل معدي داخلي,,,C,ABCD,no,"""ما عدا""",high
434,Y2,كل ما يلي صحيح عن pericytes ما عدا:,Histology,Anatomy,تساعد على تقلُّص الشعيرات.,تعوِّض وترمِّم الأنسجة المتأذية,تنقسم وتكوِّن أوعية دموية جديدة باستمرار.,تحيط جزئي ا بالخلايا البطانية.,,,C,ABCD,no,"""ما عدا""",high
435,Y2,ظهارية نفير فالوب.,Histology,Anatomy,simple columnar epithelium,stratified squamous epithelium (keratinized),simple squamous epithelium,pseudostratified ciliated columnar epithelium,كل ما أعلاه خطأ.,,A,ABCDE,no,answer in english,high
436,Y1,من صفات كرة العين ما عدا:,Anatomy,Anatomy,تُسمى المقلة,قطرها 2.4 سم,تشغل نصف الحجاج,تتألف من 3 غلالات,,,C,ABCD,no,"""ما عدا""",high
437,Y1,يحوي الوجه السفلي لصخري للعظم الصدغى ما يلي عدا :,Anatomy,Anatomy,المسم السمعي الباطن.,الثقبة الخارجية للنفق السباتي.,الناتئ الابري.,الحفرة الوداجية .,,,A,ABCD,no,"""ما عدا""",high
438,Y1,. كل مايلي صحيح عن القضيب ماعدا,Anatomy,Anatomy,يعطي الجسم الكهفي في الامام الحشفة,يتركب جسم القضيب من ثلاث اسطوانات من النسيج الناعظ,القلفة هي طية جلدية تشبه القلنسوة تغطي الحشفة,تقع بصلة القضيب على الخط الناصف,,,A,ABCD,no,"""ما عدا""",high
439,Y1,الخاطئ عن البنكرياس,Anatomy,Anatomy,تفرز خلايا الفا هرمون الغلوكاغون,تفرز الخلايا بيتا هرمون الانسولين,تفرز الخلايا دلتا هرمون الغلوكاغون,"B,a صحيح",,,C,ABCD,no,choose the wrong answer,high
440,Y1,عضلات جدار البطن الخلفي عدا:,Anatomy,Anatomy,المنحرفة الباطنة,القطنية,الحرقفية,الرابعة القطنية,,,A,ABCD,no,"""ما عدا""",high
441,Y2,كل ما يأتي من الهرمونات المتحكمة بنمو الاشعار في فروة الراس والوجه ماعدا:,Histology,Anatomy,هرمونات الغدة الدرقية,هرمونات الغدة النخامية,الهرمونات الجنسية.,هرمونات غدة الكظر.,,,B,ABCD,no,"""ما عدا""",high
445,Y1,يشمل وتر أشيل وتر العضلة:,Anatomy,Anatomy,التوأمية الساقية,النعلية,ثنائية الرؤوس الفخذية,A + B,,,D,ABCD,no,choose the right answer,high
446,Y1,. خطأ حول الحجاب الحاجز:,Anatomy,Anatomy,له قسيم عضلي ينشأ من القص والاضلاع السفلية والفقرات القطنية,لها قسم وتري محيطي,من اهم عضلات التنفس,يعصبه العصب الحجابي,,,B,ABCD,no,choose the wrong answer,high
447,Y1,ما يلي من طبقات جدار الصفن ماعدا:,Anatomy,Anatomy,لفافة كولس,اللفافة المنوية الداخلية,الغلاف البيضاء,اللفافة المنوية الخارجية,,,C,ABCD,no,choose the wrong answer,high
448,Y1,يفصل القص الجداري عن الفص القنالي,Anatomy,Anatomy,التلم الحزامي,التلم العمودي القائم,الشق الجانبي,التلم المهمازي,,,التلم المركزي,ABCD,no,indirect question,high
449,Y1,- التشريح الناحي يعتمد على:,Anatomy,Anatomy,التشريح الوصفي,التشريح السريري,التشريح التقني,التشريح الجهازي,,,A,ABCD,no,infinite answers,high
451,Y2,تشاهد دسامات كيركرينغ في,Histology,Anatomy,الصائم,العفج,الدقاق.,كل ما سبق صحيح,,,D,ABCD,no,choose the right answer,high
452,Y1,. اختر الاجابة الخاطئة المتعلقة بالخصية:,Anatomy,Anatomy,توجد الزائدة الخصوية على القطب السفلي,يحيط بها محفظة ليفية,تتركب من فصيصات فيها نبيبات منوية,تدعى tests,,,A,ABCD,no,choose the wrong answer,high
454,Y2,تحوي الطبقة النووية الداخلية للشبكية العصبية أنوية :,Histology,Anatomy,خلايا العصي,خلايا المخاريط.,الخلايا عديمة التغصنات,كل من a و .b,,,C,ABCD,no,indirect question,high
455,Y1,يوجد في لنهايه العلويه لعظم الفخذي :,Anatomy,Anatomy,المدور الكبير.,المدور الصغير.,العرف بين المدورين.,كل ما سبق صحيح.,,,D,ABCD,no,choose the right answer,high
456,Y1,ما يلي صحيح بالنسبة للصفيحات ماعدا:,Anatomy,Anatomy,لها دور في تخثر الدم,أكبر من الكريات الحمر,زيادتها تسبب خثرات,نقصها يسبب نزوف,,,B,ABCD,no,"""ما عدا""",high
457,Y1,كل ما يلي من عظام الصف العلوي أو الداني للرسغ عدا:,Anatomy,Anatomy,المربعي.,الهلالي.,الحمصي.,الزورقي.,,,A,ABCD,no,"""ما عدا""",high
458,Y1,في المفاصل ( اتحاد العظام ) (الخاطئة):,Anatomy,Anatomy,المفصل الزليلي .Synostosis,المفاصل بالإغريقية .Arthron,التهاب المفاصل. Arthritis,المفاصل باللاتينية .Articulates,,,A,ABCD,no,choose the wrong answer,high
459,Y2,اختر العبارة الخاطئة بالنسبة للشعيرات الدموية:,Histology,Anatomy,قطرها (7 ل 9) ميكرون.,طولها لا يتجاوز 50 ميكرون.,جدرانها في المقطع العرضي مؤلفة من أجزاء 3ل5 خاليا.,مجموع اطوالها حوالي 96000 كم.,,,C,ABCD,no,choose the wrong answer,high
460,Y1,يصبح الشريان الإبطي عضدياً بعد تجاوزه وتر,Anatomy,Anatomy,ذات الرأس,المدورة الكبيرة,المدورة الصغيرة,ثلاثية الرؤوس,,,B,ABCD,no,indirect question,high
461,Y2,أفضل عبارة تصف الشدفة القصبية الرئوية هي:,Anatomy,Anatomy,تتوضع الشجرة القصبية والوريد الرئوي مركزياً.,يتوزع الشريان الرئوي والوريد الرئوي مركزياً.,يتوزع الشريان الرئوي والوريد الرئوي محيطياً.,تتزود الشدفة بقصيبة انتهائية.,ولا واحدة مما علا.,,E,ABCDE,no,choose the right answer,high
462,Y1,ما يلي صح في الجناحين الصغيرين للوتدي ما عدا:,Anatomy,Anatomy,يوجد فيهما النفق البصري,الحافة الأمامية مسننة للتمفصل مع العظم الغربالي,صفيحة أفقية مثلثة,وجهه السفلي حجاجي,,,B,ABCD,no,"""ما عدا""",high
463,Y2,) تتواجد continuous capillaries في كل من النسج التالية ما عدا :,Histology,Anatomy,Muscular Tissue,Connective Tissue,Endocrine Glands,Nervous Tissue,,,C,ABCD,no,answer in english,high
464,Y2,من صفات الخلايا البطانية في الحاجز الهوائي الدموي :,Histology,Anatomy,قليلة الثخانة بشكل كبير,من النوع المستمر.,تتميز هيولاها في الأجزاء المسطحة بوجود العديد من الحويصلات الاحتسائية.,كل ما سبق صحيح,,,D,ABCD,no,choose the right answer,high
465,Y1,فروع الأبهر النازل الصدري ماعدا: -,Anatomy,Anatomy,الشرايين الوربية الخلفية,الشريان تحت الضلعي,الجذع الزلاقي,الفروع القصبية والتامورية والنخاعية,,,C,ABCD,no,"""ما عدا""",high
466,Y1,. الفتحة العميقة الواقعة امام ووحشي واسفل جوف الانف هي,Anatomy,Anatomy,Aperture piriform,Cgoana,Nartina,Nasal septum,,,A,ABCD,no,answer in english,high
467,Y2,كل مايلي صحيح عن التهاب البوق عدا:,Histology,Anatomy,salpingitis هو.,الأضرار المخاطية تؤدي إلى العقم(Infertility)اوالحمل خارج الرحم (octopi).,ال تؤدي إلى الموت في حال حدوث الحمل البوقي.,اسمه الاخر salpinges.,,,C,ABCD,no,"""ما عدا""",high
470,Y2,اختار الجواب الصحيح اذا كان هناك جوابا صحيحا واحدا فقط أو اختر الجواب الأكثر شمولا وتكاملا اذا كان هناك أكثر من جواب صحيح,Histology,Anatomy,يتكون الحاجز الدماغي الدموي من الخلية البطانية وغشائها القاعدى,زائدا الخلية الدبقية,زائدا الخلية الدبقية وغشائها القاعدي,ن الخلية الدبقية وغشائها القاعدي فقط,من الخلية البطانية والدبقية فقط,,B,ABCDE,no,choose the right answer,high
471,Y2,النسيج الضام تحت الظهاري في الشفاه:,Histology,Anatomy,نسيج ضام كثيف غير منتظم كولاجيني,نسيج ضام كثيف منتظم كولاجيني,يحوي غدد ذات غالبية لعابية وأقلية مخاطية,يحوي غدد مخاطية فقط.,,,A,ABCD,no,indirect question,high
472,Y1,يؤدي تفعيل الجملة نظيرة الودية لما يلي عدا :,Anatomy,Anatomy,تضيق الحدقة,توسع القصبات,تباطؤ القلب,تباطؤ التنفس,,,B,ABCD,no,"""ما عدا""",high
473,Y1,العضلات الماضغة تشمل:,Anatomy,Anatomy,الجناحية الانسية,الجناحية الوحشية,الصدغية والماضغة,كل ما سبق,,,D,ABCD,no,choose the right answer,high
474,Y2,الشعور بالنبض عند الحافة السفلية للفك السفلي أمام العضلة الماضفة للشريان: (2015 أولى),Anatomy,Anatomy,اللساني .,الوجهي.,الوجهي المعترض.,الفكي .,الصدغي السطحي.,,B,ABCDE,no,indirect question,high
475,Y1,. التضيق الثاني للحالب,Anatomy,Anatomy,عند اتصاله بالحويضة,عندما يثقب جدار المثانة,عند عبوره الشريان الحرقفي المشترك,كل ماسبق خطأ,,,C,ABCD,no,indirect question,high
476,Y1,ماذا يشبه بشكله خاتمًا ذا فص كبير:,Anatomy,Anatomy,الحلقي,الطرجهالي,الدرقي,القريني,,,A,ABCD,no,indirect question,high
477,Y1,من جدران الفم ما عدا:,Anatomy,Anatomy,برزخ الحلق,الشدقان,الحنك,الشفتان,,,A,ABCD,no,"""ما عدا""",high
478,Y1,كل ما يلي من هرمونات النخامي الخلفية عدا :,Anatomy,Anatomy,PRL,الفازوبريسين,الأوكسيتوسين,ADH,,,A,ABCD,no,"""ما عدا""",high
479,Y2,تصرف البنى التالية على العقد اللمفية الرقبية السطحية عدا:,Anatomy,Anatomy,المنطقة القذالية.,الأسنان واللثة.,الأذن الظاهرة.,الغدة النكفية.,الجبهة.,,E,ABCDE,no,"""ما عدا""",high
480,Y2,يمتاز بان ال matrix فيه مطاطية القوام,Histology,Anatomy,Adipose tissue,Cartilage,Bone,Fibrous connective tissue,Cartilage + bone,,B,ABCDE,no,answer in english,high
482,Y1,من ميزات الفقرات العصعصية ماعدا :,Anatomy,Anatomy,تحوي الأولى قرني العصعص,الأولي لها بعض خصائص الفقرات,عددها 7,تلتحم مع بعضها لدى المسنين,,,C,ABCD,no,"""ما عدا""",high
483,Y2,تقوم ال Fibroblasts بتصنيع:,Histology,Anatomy,بروتين الكولاجين.,بروتين الإيلاستين.,Glycoproteins,كل ما سبق صح,كل ما سبق خطأ .,,D,ABCDE,no,choose the right answer,high
484,Y2,اجسام الخلايا للالياف الحاسيه الناقله للذوق من الثلثين الاماميين للسان توضع فى,Anatomy,Anatomy,العقدة الجناحية الحنكية,االعقدة الاذينيه,عقدة ثلاثى التوائم,العقدة تحت الفك,ولا واحدة مما علا,,E,ABCDE,no,choose the right answer,high
485,Y2,الخيار المناسب للبنى التالية Corpus Albicans :,Histology and Anatomy,Anatomy,Lung,Small intestine,Ovary,Liver,كل ما سبق خطأ,,C,ABCDE,no,choose the right answer,high
487,Y1,عمل العضلات العرقوبية :,Anatomy,Anatomy,قبض الساق على الفخذ,بسط الفخذ على الحوض,قبض الفخذ على الحوض,A+B,,,D,ABCD,no,infinite answers,high
488,Y1,تشمل عضلات أرضية الحوض ما عدا:,Anatomy,Anatomy,الكمثرية,السدادية الظاهرة,رافعة الشرج,العصعصية,,,B,ABCD,no,"""ما عدا""",high
490,Y1,تفرز الخلايا العينية في البنكرياس:,Anatomy,Anatomy,insulin,glucagon,lipase,somatostatine,,,C,ABCD,no,answer in english,high
491,Y2,تنتج الوذمة edema في الحالات الالتهابية عن:,Histology,Anatomy,ارتفاع الضغط الحلولي في النهاية الوريدية.,ارتفاع الضغط المائي السكوني في النهاية الوريدية.,انخفاض الضغط الرشحي في النهاية الوريدية.,ارتفاع الضغط المائي السكوني في النهاية الشريانية.,,,B,ABCD,no,infinite answers,high
492,Y2,يحوي الجيب العجاني السطحي الذكري كل مما يلي عدا:,Anatomy,Anatomy,الغدد البصلية الإحليلية.,ساقا القضيب.,بصلة القصيب.,الجسم العجاني.,الإحليل القضيبي.,,A,ABCDE,no,"""ما عدا""",high
493,Y2,مايلي صحيحي عن الحؤول الحرشفي : عدا squamous metaplasia,Histology,Anatomy,هو تحول الظهارة التنفسية إلى بسيطة حرشفية,يسبقه انعدام في حركة اهداب خلايا الظهارة,يتبعه تشكل نسيج ما قبل سرطاني.,هو تحول الظهارة التنفسية إلى مطبقة حرشفية,,,D,ABCD,no,"""ما عدا""",high
494,Y1,لا نجد غدد عرقية في :,Anatomy,Anatomy,الشقة,حشفة القضيب,الابط,A+B,,,D,ABCD,no,choose the right answer,high
496,Y1,. يوجد الخط الاليوي الامامي على,Anatomy,Anatomy,Ischium,Pupis,Ilium,Sacrum,,,C,ABCD,no,answer in english,high
497,Y1,مفصل الركبة (الخاطئة):,Anatomy,Anatomy,لا يشارك عظم الشظية في هذا المفصل.,تغيب المحفظة المفصلية في الخلف.,يقوم هلالا مفصل الركبة بتعميق السطوح المفصلية للقمتي الظنبوب.,يرتكز الغشاء الزليل على حافتي الغضروفين الهلاليين.,,,B,ABCD,no,choose the wrong answer,high
498,Y2,في المعدة في منطقة ال Cardia تقوم الغدد بشكل أساسي بافراز,Histology and Anatomy,Anatomy,Mucus,Lysozme,Pepsin and Lipase,Mucus and Lysozyme,,,D,ABCDE,no,answer in english,high
499,Y2,تمخلب أصابع اليد:,Anatomy,Anatomy,يشمل الأصابع الأربعة الأنسية,يحدث فرط بسط للمفاصل بين السلامية,يحدث عجز فى تقريب الابهام,يحدث عجز حركى فقط فى اليد,,,C,ABCD,no,infinite answers,high
500,Y1,كل ما يلي من صفات الحالب,Anatomy,Anatomy,نهايته العلوية تشكل الحويضة,عضو داخل البريتوان,فيه ثلاثة تضيقات,طوله 25 سم,,,B,ABCD,no,choose the right answer,high
502,Y2,اختر الإجابة الصحيحة :,Histology,Anatomy,مرض عمى الألوان يصيب المخاريط.,القطعة الخارجية للمخاريط تكون أقصر من القطعة الخارجية للعصي.,يحدث توسف الأقراص الغشائية بتكرار أقل في المخاريط منه في العصي.,كل ما سبق صحيح.,,,D,ABCD,no,choose the right answer,high
503,Y2,لا يوجد فيه Perichondrium إطلاقا في كل توضعاته,Histology,Anatomy,Hyalin cartilage,Elastic cartilage,fubrocartilage,كل ما سبق صحيح,كل ما سبق خطأ.,,C,ABCDE,no,answer in english,high
504,Y2,تدعم أحشاء الحوض بشكل أساسي:,Anatomy,Anatomy,العضلة الكمثرية.,العضلة الرافعة للشرج.,العضلة السدادية الباطنة.,العضلة العصعصية.,كل ما سبق خاطئ.,,A,ABCDE,no,infinite answers,high
506,Y1,يسير ضمن مسم السمع الباطن:,Anatomy,Anatomy,العصب السابع,العصب الثامن,العصب التاسع,A+B,,,D,ABCD,no,choose the right answer,high
507,Y2,اختر العبارة الخاطئة بالنسبة للشعيرات الدموية:,Histology,Anatomy,قطرها (7 ل 9) ميكرون.,طولها لا يتجاوز 50 ميكرون.,جدرانها في المقطع العرضي مؤلفة من أجزاء 3ل5 خاليا.,مجموع اطوالها حوالي 96000 كم.,,,C,ABCD,no,choose the wrong answer,high
508,Y1,. ليست من العضلات الامامية للساق:,Anatomy,Anatomy,Anterior tibialis,Gracilis,Extensor digitorum longus,Extensor halluces longus,,,B,ABCD,no,answer in english,high
509,Y1,. الاجابة الصحيحة المتعلقة بالعرف الوتدي,Anatomy,Anatomy,يتمفصل مع الصفيحة العمودية للعظم الغربالي,يسهم في تشكيل سقف الانف,يشكل مسكن الغدة النخامية,يقع على جانبيه ثقينا النفق البصري,,,A,ABCD,no,choose the right answer,high
510,Y1,من الفؤاد إلى البواب الحافة اليسرى للمعدة:,Anatomy,Anatomy,الانحناء الصغير,الثرب الصغير,الانحناء الكبير,الجسم,,,C,ABCD,no,infinite answers,high
511,Y1,. الخاطئ عن المعثكلة,Anatomy,Anatomy,تقع امام المعدة,غدة داخلية وخارجية الافراز,ذات قوام متين,تفرز الاميلاز,,,A,ABCD,no,choose the wrong answer,high
512,Y1,اختر الإجابة الخاطئة:,Anatomy,Anatomy,قاعدة القلب في الأعلى والخلف,الأنينة اليسرى ذات توضع أفقي,تتشكل بشكل رئيسي من البطين الأيسر,الأذينة اليمنى ذات طابع عمودي,,,C,ABCD,no,choose the wrong answer,high
513,Y1,العمود الفقري (الخاطئة) (مكرر):,Anatomy,Anatomy,يحوي الوجه الأمامي للعجز خمسة أزواج من الثقوب العجزية الأمامية.,النتوءات المستعرضة نامية في الفقرات الصدرية.,النواتئ الشوكية في الفقرات القطنية قصيرة ومستوية ومنحنية في نهايتها.,النواتئ الشوكية في الفقرات الرقبية قصيرة ومتشعبة في نهايتها.,,,A,ABCD,no,choose the wrong answer,high
514,Y2,مايلي صحيح عن مخاطية البوق عدا:,Histology,Anatomy,تبطن بظهارة بسيطة اسطوانية.,خلايا الظهارة المهدبة تضرب أهدابها باتجاه المبيض.,خلايا الظهارة المفرزة غير مهدبة.,الخاليا الوتدية cells peg تفرز غليكوبروتينات.,,,B,ABCD,no,"""ما عدا""",high
516,Y1,شكل المثانة القارعة :,Anatomy,Anatomy,هرمي,مثلثي,مربع,بيضوي,,,B,ABCD,no,indirect question,high
518,Y2,تدخل الياف الكولاجين في بناء,Histology,Anatomy,Tendons,محافظ الأعضاء,السحايا.,كل ما سبق صح,كل ما سبق خطأ .,,D,ABCDE,no,choose the right answer,high
519,Y1,أي من العناصر الآتية لا يشارك بتشكيل الحفرة القحفية الوسطي:,Anatomy,Anatomy,جسم العظم الوتدي.,ناتئ عرف الديك.,الوجه الأمامي لصخرة العظم الصدغي.,القسم الصدفي للعظم الصدغي.,,,B,ABCD,no,choose the wrong answer,high
520,Y2,العضلة العريضة الظهرية: (2018),Anatomy,Anatomy,ترتكز أنسي أخدود ذات الرأسين.,تعمل على تقريب الذراع.,تدير الذراع نحو الوحشي.,تعصب من الصدري الطويل.,,,b,ABCDE,no,indirect question,high
521,Y2,اختر الإجابة الصحيحة فيما يتعلق بالحنجرة:,Histology,Anatomy,تدعم جدرانها بغضاريف مرنة صغيرة وغضاريف زجاجية.,لغضاريفها دور في انتاج الصوت,تعد ممرا للهواء بطول 7cm,A+B,,,D,ABCD,no,choose the right answer,high
522,Y1,تحوي كل كلية على :,Anatomy,Anatomy,قشرة خارجية,لبا داخليا,أهرام كلوية,كل ما سبق صحيح,,,D,ABCD,no,infinite answers,high
523,Y2,في الخلايا العضلية الهيكلية :,Histology,Anatomy,الخلية العضلية الهيكلية تملك نواة واحدة محيطية التوضع,يتراوح قطر الخلية من 10-1 ميكرون,ترد إلى الخلايا العضلية الهيكلية ألياف عصبية من الجملة الذاتية autonomic فقط,كل ما سبق صحيح,كل ما سبق خطأ,,E,ABCDE,no,infinite answers,high
524,Y1,من عظام القدم ( اختر الخاطئة ) :,Anatomy,Anatomy,عظام رسغ القدم,مشط القدم,سلاميات الأصابع,القعب,,,A,ABCD,no,choose the wrong answer,high
525,Y1,ما يلي من عظام الرسغ عدا:,Anatomy,Anatomy,الزورقي,النردي,القاربي,الحمصي,,,B,ABCD,no,"""ما عدا""",high
527,Y1,. عضلات تتجه اليافها للاسفل والانسي,Anatomy,Anatomy,مستعرضة بطنية,مائلة خارجية,مائلة داخلية,مشمرة,,,B,ABCD,no,indirect question,high
528,Y2,يؤثر Triiodothyronine على استقلاب كل يلي ما عدا:,Histology,Anatomy,البروتينات,النشاء,الكالسيوم,الدسم,,,C,ABCD,no,"""ما عدا""",high
534,Y2,المنطقة الحاوية على Cementoblast :,Histology,Anatomy,الملاط الخلوي,الملاط اللاخلوي,كل من a و .b,ليس أيا مما سبق.,,,C,ABCD,no,choose the right answer,high
535,Y2,تواجد الغدد العرقية ذات النمط القمي في :,Histology,Anatomy,الإبط.,الهالة.,حشفة القضيب و البظر.,a+b,,,D,ABCD,no,choose the right answer,high
536,Y2,كل مما يلي صحيح عن الدسامات عدا :,Histology,Anatomy,تنشآن من الطبقة الداخلية.,تتألف من خلايا عضلية ملساء.,مبطنة بخلايا بطانية.,أكثر وفرة في الأطراف السفلية.,,,B,ABCD,no,"""ما عدا""",high
537,Y2,فيما يخص العصب الزندي كل مما يلي صحيح ماعدا:,Anatomy,Anatomy,ينشأ من الحبل الأنسي للضفيرة العضدية,يدخل الساعد بين رأسي الكابة المدورة,يخترق الحاجز الأنسي للعضد برفقة الشريان الجانبي الزندي العلوي,يكون وحشي وتر قابضة الرسغ الزندية عند المعصم,يعصب العضلة قابضة الرسغ الزندية,,B,ABCDE,no,"""ما عدا""",high
538,Y1,من الامثلة على العظام المسطحة:,Anatomy,Anatomy,عظام القحف.,الرضفة.,الفقرات.,العظام السمسمانية.,,,A,ABCD,no,infinite answers,high
539,Y2,اختر الإجابة الخاطئة حول efferents ductuli,Histology,Anatomy,تتألف من 20-10 قناة .,تبطن بظهارة مؤلفة من خلايا مكعبة غير مهدبة .,تفرغ محتوياتها في الشبكة الخصيوية .,تتوضع حولها خاليا عضلية ملساء بشكل دائري .,,,C,ABCD,no,choose the wrong answer,high
540,Y1,أهمية الحصين :,Anatomy,Anatomy,استرجاع الذكريات القديمة.,يخزن الذكريات العاطفية.,تحويل الذاكرة لطويلة الأمد.,تفعيل آلية النسيان.,,,C,ABCD,no,many different phrasings,high
542,Y2,في نقي العظم:,Histology,Anatomy,تحدث زيادة المعتدلات اثناء الانتائات الجرثومية بسبب زيادة انتاجها في النقي,مع نضج الخلايا اللمفاوية يصبح الكروماتين اقل كثافة وتظهر الذويات بوضوح,تنضج اللمفاويات البانية في الغدة الصعتربة thymus gland,الاجابتان A+C,,,A,ABCD,no,indirect question,high
543,Y1,يمر من النفق البصري:,Anatomy,Anatomy,الشريان العيني,العصب البصري,العصب العيني,A + B,,,D,ABCD,no,choose the right answer,high
544,Y2,(2018) SUBCLAVIS,Anatomy,Anatomy,هي قوس شريانية حول الكتف.,هو رباط تحت الترقوة.,هي عضلة.,من عظام زنار الكتف.,,,c,ABCDE,no,indirect question,high
545,Y1,يقع السبيل القشري الشوكي في :,Anatomy,Anatomy,الدماغ المتوسط .,البصلة.,المخيخ.,الجسر.,,,A,ABCD,no,indirect question,high
546,Y1,- من التقنيات المستعملة في التشريح التقني:,Anatomy,Anatomy,الإصغاء,بزل الأجواف والأحشاء,الحقن ضمن المفاصل,تثبيت الرغامى,,,A,ABCD,no,infinite answers,high
547,Y2,الرباط المتصالب الركبي (2007 أولى):,Anatomy,Anatomy,ينشأ الخلفي من اللقمة الوحشية للفخذ,ينشأ الأمامي من اللقمة الأنسية,تحيط به المحفظة المفصلية من جميع جوانبه,يحد من الحركة الدورانية نحو الداخل,,,d,ABCDE,no,infinite answers,high
549,Y2,في حالة الـ Osteopetrosis,Histology,Anatomy,العظام كثيفة وثقيلة.,هناك تراجع في ) Bone resorption ارتشاف العظم(,هناك هشاشية في العظام.,الأول والثاني,كل ما سبق صبح,,D,ABCDE,no,infinite answers,high
551,Y1,سطحين محدب ومقعر كل منهما جزء من كرة في المفصل:,Anatomy,Anatomy,سرجي saddle,كروي ball and socket,لقمي condyloid,صانري pivot,,,B,ABCD,no,answer in english,high
552,Y2,في القسيم العضلي :,Histology,Anatomy,الخط ح هو منطقة تقارب خيوط الميورين لقسيمين متجاورين المعنى,الشريط I يمثل خيوط الميوزين الذكية,الشريط H يمثل خيوط الأكتين فقط عندما لا تتداخل مع خيوط الميوسين,كل ما سبق صحيح,كل ما سبق خطأ,,E,ABCDE,no,choose the wrong answer,high
553,Y2,مايلي صحيح بالنسبة للنسيج العضلي القلبي:,Histology,Anatomy,الاقراص المقسمة هي عبارة عن معقدات وصلية,الخلية العضلية القلبية لا تحتوي على قسيمات Sarcomeres,مصدر الطاقة في الخلية العضلية القلبية هو الغليكوجين,B+C,كل ماسبق صحيح,,A,ABCDE,no,choose the wrong answer,high
555,Y1,يؤدي تفعيل الجملة نظيرة الودية لما يلي عدا:,Anatomy,Anatomy,انتصاب,ارتخاء مصرات,قذف,زيادة مفرزات,,,C,ABCD,no,"""ما عدا""",high
556,Y2,من صفات الأجسام الصفائحية:,Histology,Anatomy,تعتبر علامة للخلايا التنفسية من النمط الأول.,حبيبات بقطر 400 - 100 ميكرومتر محاطة بغشاء,تعتبر علامة للخلايا التنفسية من النمط الثاني.,A+C,,,C,ABCD,no,infinite answers,high
558,Y2,عندما تخترق الشرينات النسيج الضام لمحفظة الكبيبة فإنه :,Histology,Anatomy,تصبح اللمعة ضيقة.,تصبح اللمعة واسعة.,لا تتأثر اللمعة.,تختفي الطبقة العضلية.,,,A,ABCD,no,indirect question,high
559,Y2,العبارة الخاطئة عن السحب الحلولي:,Histology,Anatomy,15mmHg,يحصل في النهاية الوريدية للشعيرة.,هو المسؤول الوحيد عن إعادة السوائل للأوعية الدموية,يسعى لسحب السوائل من النسج نحو الدموية,,,C,ABCD,no,choose the wrong answer,high
560,Y1,له شكل حرف L ، له جسم وفرع:,Anatomy,Anatomy,الحرقفة,الاسك,العانة,الورك,,,B,ABCD,no,indirect question,high
561,Y1,ينشأ الكعب الانسي من:,Anatomy,Anatomy,الحرقفة,الحرقفة والاسك,الحرقفة والاسك والعانة,لا شئ مما سبق,,,D,ABCD,no,choose the right answer,high
564,Y1,العظم اللامي (الخاطئة) :,Anatomy,Anatomy,عظم مفرد .,يقع في العنق .,له شكل حرف s.,مستقل عن بقية العظام.,,,C,ABCD,no,choose the wrong answer,high
565,Y1,يحوي الوجه الأمامي الوحشي للفك العلوي ماعدا:,Anatomy,Anatomy,الثقبة فوق الحجاج,الحدبة النابية,الثقبة تحت الحجاج,الحفرة النابية,,,A,ABCD,no,"""ما عدا""",high
566,Y2,كل ما هو ات في بنية الشفاه خاطئ ما عدا :,Histology and Anatomy,Anatomy,نميز قسم جندي خارجي وقسم داخلي مخاطي فقط,غياب القميص تحت المخاطي,يوجد فيها عضلات مخططة مستديرة,يلاحظ نمو العضلية المخاطية في القسم المخاطي,,,C,ABCDE,no,"""ما عدا""",high
567,Y1,كل ما يلي من فروع الشريان الحرقفي الداخلي عدا :,Anatomy,Anatomy,الشريان القولوني الأيسر,الشريان المثاني الخلفي,الشريان العجاني,الشريان السري,,,A,ABCD,no,"""ما عدا""",high
569,Y2,تمتد من قاعدة كل هرم لبي وتخترق القشر :,Histology,Anatomy,Medullary piramids,Medullary rays,Renal Pelvis,No correct answer,,,B,ABCD,no,answer in english,high
570,Y1,كل الأعصاب القحفية لها نوى عدا :,Anatomy,Anatomy,الأولى,الثانية,الثالثة,A+B,,,D,ABCD,no,choose the right answer,high
572,Y2,خلايا سيرتولي,Histology and Systemic Anatomy,Anatomy,تشكل حاجز دموي خصيوي,تفرز بروتين رابط للأندروجين,بلعمة بقيا عمليات تكون النطاف,A+B,كل ما سبق صحيح,,E,ABCDE,no,choose the right answer,high
574,Y2,avascular tissue,Histology,Anatomy,Adipose tissue,Cartilage,Bone,Fibrous connective tissue,Cartilage + bone,,B,ABCDE,no,answer in english,high
577,Y1,من المفاصل المسطحة:,Anatomy,Anatomy,المفصل الترقوي القصي الضلعي.,المفصل الأخرمي الترقوي.,مفصل الكتف.,تمفصل العضد مع الزند.,,,B,ABCD,no,infinite answers,high
579,Y1,حركة خاصة بالساعد,Anatomy,Anatomy,الكب,العودة,المقابلة,الشتر,,,A,ABCD,no,indirect question,high
580,Y2,تتصف تروية المعدة بما يلي ما عدا:,Anatomy,Anatomy,التروية الشريانية تأتي من فروع الجذع الذلاقي.,الشريان المعدي الخلفي فرع ثابت من الشريان الطحالي.,الشريان المعدي الأيمن يروي القسم السفلي المعدة.,الشرايين المعدية القصيرة تروي القاع.,يصب العود الوريدي بشكل أساسي في وريد الباب.,,B,ABCDE,no,"""ما عدا""",high
581,Y1,تشكل الأعصاب الشوكية من القطنية الأولى حتى القطنية الرابعة:,Anatomy,Anatomy,الضفيرة العجزية.,LUMBAR PLEXUS .,الضفيرة العصعصية.,CECRVICAL PLEXUS .,,,B,ABCD,no,answer in english,high
583,Y1,عظم الورك (الخاطئة) (مكرر):,Anatomy,Anatomy,توجد الثلمة الوركية الكبيرة الى الأعلى والخلف من الحق.,تتبارز شوكة الإسك بين الثلمتين الوركيتين الكبيرة والصغيرة.,تمفصل الفرعين العلويين لعظمي العانة في الأمام عبر ارتفاق العانة.,للإسك جسم وشعبتان علوية وسفلية.,,,C,ABCD,no,choose the wrong answer,high
584,Y2,كل مما يأتي صحيح عن الشعيرات ما عدا :,Histology,Anatomy,لمعتها منتظمة القطر.,قطرها 5 - 30 ميكرون.,قطرها 8 ميكرون.,يمكن لكرية حمراء واحدة المرور فيها.,,,B,ABCD,no,"""ما عدا""",high
585,Y2,العبارة الخاطئة عن pellucida zona :,Histology,Anatomy,توجد بين الخلية البيضية والطبقة الأولى من الحبيبية.,تحوي مستقبلات تفعل الجسيم الطرفي للنطفة.,عبارة عن طبقة خالية جريبية محيطة بالخلية البيضية.,كل ما سبق صحيح.,,,C,ABCD,no,choose the wrong answer,high
586,Y1,تتحد الصفيحتان السفليتان للشفرين الصغيرين لتشكل :,Anatomy,Anatomy,لجيم البظر,قلفة البظر,العريكشة,جبل العانة,,,A,ABCD,no,indirect question,high
587,Y2,Gracilis.,Anatomy,Anatomy,تعمل دوران وحشي للساق,دوران أنسي للساق,دوران وحشي للفخذ,دوران أنسي للفخذ,,,b,ABCDE,no,indirect question,high
588,Y2,في المثلث البولي التناسلي كل ما يلي عدا:,Anatomy,Anatomy,الفرج.,الشفران الصغيران.,الشفران الكبيران.,الدهليز.,الشرج.,,E,ABCDE,no,"""ما عدا""",high
589,Y1,. فيما يخص الحنك كل مما يلي صحيح عدا,Anatomy,Anatomy,يفصل كليا بين البلعوم الانفي والفموي,يشكل الحنك ارضية جوف الانف,يفصل كليا بين جوفي الانف والفم,يشكل الحنك سقف الفم,,,A,ABCD,no,"""ما عدا""",high
590,Y2,Intramembranous ossification,Histology,Anatomy,يعتبر منشا لمعظم العظام الطويلة.,إن النمو الطولي للعظام الطويلة يعتمد عليه.,يعتمد عليه نمو العظام القصيرة.,كل ما سبق صح,كل ما سبق خطا,,C,ABCDE,no,indirect question,high
594,Y1,عضلات طويلة تربط الفقرات مع بعضها :,Anatomy,Anatomy,عضلات جدار البطن الأمامي,عضلات العمود الفقري,عضلات الصدر السطحية,عضلات الصدر العميقة,,,B,ABCD,no,indirect question,high
595,Y1,الوريد الذي يجمع الدم من الدماغ والسحايا,Anatomy,Anatomy,الوداجي الباطن,الأجوف السفلي,القاعدي,الصافن الكبير,,,A,ABCD,no,indirect question,high
596,Y2,يمر في النفق الرسغي : (2007),Anatomy,Anatomy,العصب الناصف.,وتر مثنية الإبهام الطويلة.,أوتار مثنية الأصابع السطحية.,الشريان الزندي.,,,d,ABCDE,no,indirect question,high
598,Y1,من عظام الصف القريب لرسغ اليد (الخاطئة) (مكرر):,Anatomy,Anatomy,القاربي.,المنحرفي.,الهلالي.,المثلثي.,,,B,ABCD,no,choose the wrong answer,high
599,Y2,تلعب البشرة دور ا مهم ا في بعض أنواع الأستجابات المناعية بسبب :-,Histology,Anatomy,احتوائها على الخلايا اللمفاوية وخلايا لانغرهانس.,احتوائها على خلايا ميركل.,تماسها المباشر مع العديد من الجزيئات المولدة للضد.,a+c,,,D,ABCD,no,infinite answers,high
600,Y2,لا يعد من أجزاء النفرون :,Histology,Anatomy,نبيب متعرج قريب,الجسيمات الكلوية,نبيب متعرج بعيد,نبيب مستقيم متوسط,,,B,ABCD,no,choose the wrong answer,high
601,Y1,حركة الركبة للخلف بمستوى سهمي:,Anatomy,Anatomy,عطف,بسط,دوران انسي,دوران وحشي,,,A,ABCD,no,indirect question,high
602,Y2,كل ما يلي صحيح عن أمراض الغدة الدرقية ماعدا:,Histology,Anatomy,ينقص حجم الغدة الدرقية في مرض Iodine deficiency goiter,داء هاشيموتو أشيع عند الرجال,داء غريفز هو مرض مناعي.,a+b,,,D,ABCD,no,"""ما عدا""",high
604,Y1,- تروية المفصل الصدغي الفكي السفلي من:,Anatomy,Anatomy,الشريان الصدغي السطحي,الشريان الصدغي الأوسط,الشريان الوجهي,كل ما سبق خطأ,,,A,ABCD,no,many answers,high
605,Y1,كل ما يلي عن قاعدة القلب صحيح عدا :,Anatomy,Anatomy,الأذينة اليسرى يصب عليها الوريدان الأجوفان العلوي والسفلى,تتشكل بشكل رئيسي من الأذينة اليسرى,تخرج منها جذوع الأوعية الكبيرة,تنفتح عليها الأوردة الرئوية,,,A,ABCD,no,"""ما عدا""",high
606,Y2,من الأعضاء التناسلية الظاهرة عند الأنثى كل مما يلي عدا: (هام),Anatomy,Anatomy,الشفرين الكبيرين.,الشفرين الصغيرين.,الدهليز.,البظر.,المهبل.,,E,ABCDE,no,"""ما عدا""",high
607,Y1,كل ما يلي عن الضلع الأولى صحيح عدا :,Anatomy,Anatomy,يمر خلف الحديبة الأخمعية الوريد تحت الترقوة.,مهمة لعلاقتها المباشرة مع الأعصاب السفلية من الضفيرة العضدية.,يوجد على وجهها العلوي في منتصفه الحديبة الأخمعية.,لها وجهان علوي وسفلي و حافتان خارجية وداخلية.,,,A,ABCD,no,"""ما عدا""",high
608,Y1,كل ما يلى من عضلات العنق عدا:,Anatomy,Anatomy,العضلة الماضغة.,شبة المنحرفة.,عضلات أمام الفقار.,القترائية.,,,A,ABCD,no,"""ما عدا""",high
610,Y1,الوجه Palmer يعتبر وجها,Anatomy,Anatomy,اخمصيا,ظهريا,راحيا,كل ماسبق خاطئ,,,C,ABCD,no,indirect question,high
611,Y1,فتح النفير البلعومي الطبلي ناتج عن التقلص المتزامن للعضلات:,Anatomy,Anatomy,رافعة شراع الحنك,خافضة شراع الحنك,موترة شراع الحنك,A+C,,,D,ABCD,no,indirect question,high
613,Y1,أقسام البلعوم ما عدا:,Anatomy,Anatomy,الأنفي,الفموي,المريني,الحنجري,,,C,ABCD,no,"""ما عدا""",high
614,Y2,حدوث ثقب بالثقبة المدورة يمكن أن ينتج عنه شلل في أحد العضلات التالية: (2014 أولى),Anatomy,Anatomy,المبوقة.,الجناحية الوحشية.,القسم القذالي من الجبهية القذالية.,الدورية العينية (القسم الحجاجي).,لا شئ مما سبق.,,e,ABCDE,no,choose the right answer,high
615,Y1,يحتوي الغمد السباتي العناصر الآتية عدا :,Anatomy,Anatomy,العصب اللاحق,الشريان السباتي الداخلي,الوريد الوداجي الداخلي,الشريان السباتي المشترك,,,A,ABCD,no,"""ما عدا""",high
616,Y1,وجه العظم الجبهي الذي ينتمي للقحف العصبي:,Anatomy,Anatomy,الخارجى,الداخلى,الانسي,العصبي,,,B,ABCD,no,indirect question,high
617,Y1,مسبع ويليس :,Anatomy,Anatomy,تفاغر السباتيين الباطنيين مع القاعدي الناشئ من الفقرين,من فروعه : الشريان المخي الأمامي والخلفي والأوسط في كل جانب,من الشريان العيني,صحيحان D - A + B,,,D,ABCD,no,indirect question,high
618,Y1,لون لب الكظر:,Anatomy,Anatomy,بني غامق,أبيض,مائل للصفرة,رمادي,,,A,ABCD,no,repeated,high
619,Y2,تتعلق الخواص الصوتية كطبقة الصوت وغيرها ب:,Histology,Anatomy,درجة شد الطيات الصوتية,عرض لسان المزمار.,طول الحنجرة.,a+b,,,C,ABCD,no,infinite answers,high
620,Y1,هرم رباعي على الوجه الأمامي للزند:,Anatomy,Anatomy,الناتئ الزجي,الناتئ المنقاري,الناتئ اللقمي,لا شئ مما سبق,,,B,ABCD,no,indirect question,high
621,Y1,تضم المجموعة الخلفية لعضلات الذراع:,Anatomy,Anatomy,ثلاثية الرؤوس العضدية,المرفقية,A + B,لا شيء مما سبق,,,C,ABCD,no,many answers,high
622,Y1,كل ما يلي عن العظم الصدغي صحيح عدا :,Anatomy,Anatomy,عظم مفرد.,ينشأ الناتئ الوجني من القسم الصدفي منه.,يحوي القسم الخشاني تلم حفرة ذات البطنين وثلم الجيب.,يتواجد الناتئ الخشاني خلف الصماخ السمعى الظاهر.,,,A,ABCD,no,"""ما عدا""",high
623,Y2,تؤدي إصابة جذع العصب الكعبري إلى: (2007 أولى(,Anatomy,Anatomy,شلل مثنيات الرسغ .,شلل ثنائية الرؤوس العضدية .,فقدان حسي في القسم الأنسي لظهر اليد .,كل ما سبق خطأ .,,,d,ABCDE,no,choose the right answer,high
624,Y1,كل ما يلي صحيح عن وجوه الكبد عدا,Anatomy,Anatomy,الوجه الخلفي يشغل معظمه الفص الأيسر,الوجه العلوي محدب يقع تحت الحجاب,الوجه الحشوي يحوي أثلام بشكل حرف H,الوجه الأمامي أملس وله شكل مثلثي,,,A,ABCD,no,"""ما عدا""",high
625,Y2,يتم إفراز هرمون ال oxytocin من عصبونات تقع أجسامها في :,Histology,Anatomy,الأنوية جانب البطينية,الأنوية فوق البصرية,الأنوية فوق البطينية,الأنوية جانب البصرية,,,A,ABCD,no,indirect question,high
626,Y1,من أشكال خلايا الدبق العصبي إجابة واحدة خاطئة:,Anatomy,Anatomy,النجمية.,الصغيرة.,المكعبة.,البطانية العصبية.,,,C,ABCD,no,many answers,high
627,Y1,يحيط بجسم القضيب لفافة:,Anatomy,Anatomy,بوك,كولس,القضيبية الوسطى,الشاملة,,,A,ABCD,no,indirect question,high
628,Y1,من العضلات الخلفية للساق عدا :,Anatomy,Anatomy,التوأمية الساقية,باسطة الأصابع الطويلة,الظنبوبية الخلفية,النعلية,,,B,ABCD,no,"""ما عدا""",high
629,Y1,البسط هو:,Anatomy,Anatomy,الحركة للأعلى.,عندما يدور الطرف حول محوره الطولي.,عندما يتحرك الطرف العلوي نحو الخلف في المستوى السهمي.,عندما يتحرك الطرف العلوي نحو الأمام في المستوى المستوى السهمي.,,,C,ABCD,no,indirect question,high
630,Y1,الطبقة المحيطة بالرئتين:,Anatomy,Anatomy,التامور الليفي,التامور المصلي الجداري,التامور المصلي الحشوي,لا شيء مما سبق,,,D,ABCD,no,indirect question,high
631,Y2,AXILLARY Nerve :,Anatomy,Anatomy,يسمى ايضاً CIRCUMFLEX,ينشأ من الحبل الوحشى,يمر من الحيز الأبطى السفلى,يمر من الحيز الأبطى الأنسى,,,A,ABCD,no,indirect question,high
633,Y2,تحوي الظهارة الشمية على:,Histology and Anatomy,Anatomy,خلايا قاعدية –عصبونات شمية – خلايا داعمة,خلايا قاعدية –خلايا كولشيسكي –عصبونات شمية,خلايا كأسية – خلايا قاعدية – عصبونات شمية,خلايا كأسية – عصبونات شمية – خلايا داعمة,,,A,ABCDE,no,indirect question,high
634,Y1,لكل قطعة كبدية :,Anatomy,Anatomy,فرع من الشريان الكبدي,فرع من الوريد البابي,قناة صفراوية,كل ما سبق صحيح,,,D,ABCD,no,many answers,high
637,Y1,. كل مايلي صحيح حول النفرون عدا,Anatomy,Anatomy,تصب القنوات الجامعة في الحويضة,يصنف حسب طول عروة هانلة,النفرونات ذات عرى هانلة الطويلة لها دور مهم في تكثيف البول,يتألف من كبيبة كلوية ونبيب كلوي,,,A,ABCD,no,"""ما عدا""",high
638,Y1,بالنسبة للشفة والشدقين فإن:,Anatomy,Anatomy,الجلد يكون خارجياً,المخاطية تكون داخلية,تتكون من عضلات داخلية,م كل ما سبق صحيح,,,D,ABCD,no,indirect question,high
639,Y1,ما يلي من عضلات الساعد الخلفية السطحية عدا:,Anatomy,Anatomy,باسطة الابهام القصيرة,باسطة الخنصر,باسطة الأصابع المشتركة,المرفقية,,,A,ABCD,no,"""ما عدا""",high
641,Y1,كل ما يلي من أشكال الحليمات الذوقية عدا :,Anatomy,Anatomy,فطري.,كماي.,توتي.,ورقي.,,,C,ABCD,no,"""ما عدا""",high
642,Y1,. التنبيه نظير الودي يؤدي الى كل مايلي عدا,Anatomy,Anatomy,تضيق القصبات,تنشيط حركات السبيل الهضمي,تسطح العدسة,تضيق الحدقة,,,C,ABCD,no,"""ما عدا""",high
643,Y1,. يمر العصب الفكي السفلي من,Anatomy,Anatomy,الثقبة المدورة,الشق الحجابي العلوي,الثقبة البيضية,الثقبة الشوكية,,,C,ABCD,no,indirect question,high
645,Y1,متى ينشأ برزخ الأبهر؟ :,Anatomy,Anatomy,قبل منشأ الشريان السباتي المشترك,قبل منشأ الشريان تحت الترقوة الأيسر,بعد منشأ الشريان تحت الترقوة الأيسر,كل ما سبق خطأ,,,C,ABCD,no,infinite answers,high
646,Y1,ما يلي من وجوه العضد عدا:,Anatomy,Anatomy,الانسي,الوحشي,الأمامي,الخلفي,,,C,ABCD,no,indirect question,high
648,Y1,اختر الإجابة الخاطئة :,Anatomy,Anatomy,يوجد الجيب الرصغي بين القعب والعقب,توجد أحدوبة العقبي في الوجه اللفي لعظم العقب,العظام الاسفينية تتمفصل مع العظمين,يتم ترقيم العظام المشطية من الانسي للوحشي,,,C,ABCD,no,choose the wrong answer,high
649,Y1,. اي من الشرايين الاتية من فروع الشريان السباتي الخراجي (الظاهر),Anatomy,Anatomy,الشريان الدرقي العلوي,الشريان الفقري,الشراين العيني,الشريان الابطي,,,A,ABCD,no,choose the right answer,high
650,Y2,توجد الشعيرات أشباه الجيوب في :,Histology and Anatomy,Anatomy,الكبد,الرئة,الدماغ,الكلية,,,A,ABCDE,no,many answers,high
651,Y2,تتصف غدة الثدي بأنها تفرز,Histology,Anatomy,البروتينات.,الدسم.,معقدات من السكريات والبروتينات.,كل ما سبق صحيح.,كل ما سبق خطأ.,,D,ABCDE,no,infinite answers,high
652,Y2,تتمفصل النهاية السفلية للكعبرة مع العظام: (2007),Anatomy,Anatomy,القاربي.,الكبير.,الهلالي.,الزندي.,,,B,ABCDE,no,indirect question,high
653,Y1,. الخطأ عن الاضلاع:,Anatomy,Anatomy,الاضلاع الكاذبة يبقى غضروفها حرا ومطمورا في عضلات الصدر,تتمفصل في الخلف مع الفقرات الصدرية,تتمفصل الحقيقية منها في الامام مع القص,الاضلاع الحقيقية تتصل مباشرة عن طريق غضاريفها مع عم القص,,,A,ABCD,no,choose the wrong answer,high
654,Y2,GRACILIS,Anatomy,Anatomy,تعمل دوران وحشى للساق,تعمل دوران أنسى للساق,تعمل دوران وحشى للفخذ,تعمل دوران أنسى للفخذ,,,B,ABCDE,no,indirect question,high
658,Y2,أي العظام التالية يساهم في تشكيل سقف جوف الحجاج: (2015تكميلي),Anatomy,Anatomy,الفكي العلوي.,الجبهي.,الوجني.,الدمعي.,الحنكي.,,e,ABCDE,no,choose the right answer,high
659,Y1,الطبقة الأولى من عضلات أخمص القدم تشمل عدا:,Anatomy,Anatomy,باسطة الأصابع,قابضة الإبهام,قابضة الأصبع الصغرى,مبعدة الإبهام,,,A,ABCD,no,"""ما عدا""",high
661,Y2,يتالف Extra cellular matrix من ما يلي ما عدا:,Histology,Anatomy,Epithelial fibers,Collagen fibers,Ground substance,reticular fibers,الثالث والرابع,,A,ABCDE,no,answer in english,high
662,Y2,مايخص المرحلة التكاثرية proliferative phase,Histology,Anatomy,تكون فيها بطانة الرحم رقيقة.,تستمر من 10-8 أيام.,تترافق مع زيادة في إفراز الاستروجين و زيادة تركيزه في الدم.,كل ماسبق صحيح.,,,D,ABCD,no,choose the right answer,high
663,Y2,ما يلي صحيح بالنسبة للب الكظر :,Histology and Anatomy,Anatomy,ينشأ جنينياً من العرف العصبي,تعتبر خلاياه عصبونات نظيرة ودية ما قبل عقدية معدلة,تفرز خلاياه الاستيل كولين,الاجابتان A+B,كل ما سبق صحيح,,A,ABCDE,no,choose the right answer,high
666,Y2,الببتيد الطارح للصوديوم:,Histology,Anatomy,موسع وعائي يزيد تروية الكبب,تنتجه الخلايا الأذينية في القلب,تقع مستقبلاته فيmesangial cell,كل ماسبق صحيح,,,D,ABCD,no,choose the right answer,high
667,Y1,غرفة مراقبة الفعاليات الحركية والتوازن هي:,Anatomy,Anatomy,البصلة,الجسر,المخيخ,المخ,,,C,ABCD,no,indirect question,high
668,Y2,بالنسبة الأعضاء التناسلية الخارجية الانثوية :,Histology and Anatomy,Anatomy,الدهليز لا يحتوي على غدد,الاشعار الصغيرة لا تحتوي على اشعار,الاشفار الصغيرة تشابه جلد الصفن,الاجابتان B+C,,,B,ABCDE,no,indirect question,high
670,Y1,يتشكل الضفيرة العجزية من الفروع الشوكية:,Anatomy,Anatomy,العصب الحرقفي الوركي,العصب الحرقفي الخثلي,العصب الحرقفي الفخذي,العصب الحرقفي الأربي,,,A,ABCD,no,indirect question,high
672,Y1,. من عضلات ال thenar,Anatomy,Anatomy,مقابلة الخنصر,مقربة الابهام,العضلات الخراطينية,العضلات بين العظمية الراحية,,,B,ABCD,no,infinite answers,high
673,Y2,الضفائر الأبهرية كل مما يلي ما عدا:,Anatomy,Anatomy,تتشكل من ألياف ودية وقبل وبعد العقدة.,تتشكل من ألياف لأودية قبل العقدة.,تتشكل من ألياف واردة حشوية.,تعطي تكثفات حول مناشئ الشرايين الرئيسية.,الألياف اللاودية في الضفيرة المساريقية السفلية مبهمية المنشأ.,,E,ABCDE,no,"""ما عدا""",high
674,Y2,ما يلي صحيح عن العين عدا :,Histology,Anatomy,تتوضع في الحجاج Orbits .,الطبقة الخارجية )ليفية( مؤلفة من الصلبة و القزحية.,الطبقة الداخلية تتمثل ب الشبكية.,لا يشكل العصب البصري عصبا حقيقيا محيطيا.,,,B,ABCD,no,"""ما عدا""",high
675,Y1,لا نجد غدد عرقية في :,Anatomy,Anatomy,الشقة,حشفة القضيب,الابط,A+B,,,D,ABCD,no,choose the right answer,high
677,Y1,عندما يتجه أخمص القدم للوحشي:,Anatomy,Anatomy,قبض ظهري,شنف,شتر,قبض أخمسى,,,B,ABCD,no,indirect question,high
678,Y1,العظم الجبهي (مكرر):,Anatomy,Anatomy,لا يدخل في تشكيل القحف العصبي.,لا يساهم بتشكيل الحفرة القحفية الامامية.,يساهم بتشكيل الحجاج.,يساهم بتشكيل الحفرة القحفية الخلفية.,,,C,ABCD,no,indirect question,high
679,Y2,اختر الاجابة الخاطئة :,Histology,Anatomy,نقص الانزيمات الحالة للسكريات عند الإنسان يسبب اضطرابات هضمية.,هذا النقص يكون احيانا ذو منشأ وراثي.,متلازمة سوء الامتصاص تحدث نتيجة ضمور مخاطية المعدة.,كل ماسبق صحيح.,,,C,ABCD,no,choose the wrong answer,high
681,Y1,. اختر الاجابة الخاطئة حول الضفيرة القطنية,Anatomy,Anatomy,تشكلها الفروع الظهرية للاعصاب القطنية الاربعة الاولى,تعصب جدار البطن,تعصب الطرف السفلي,تتشكل خلف البسواس,,,A,ABCD,no,choose the wrong answer,high
682,Y1,الفقرات الرقبية اختر الإجابة الخاطئة:,Anatomy,Anatomy,الفقرة الرقبية الأولى لها قوس خلفية تفصل مع سن المحور.,الثقبة الفقرية مثلثية الشكل.,النواتئ الشوكية قصيرة ومتشعبة فى نهايتها.,جسم الفقرة صغير.,,,A,ABCD,no,choose the wrong answer,high
684,Y2,كل ما يلي من مؤذيات ظهارة المعدة ذات المنشأ الداخلي ما عدا :,Histology,Anatomy,حمض كلور الماء,ببسين.,الايتانول,الليباز.,,,C,ABCD,no,"""ما عدا""",high
685,Y1,. تتميز الرئة اليمنى عن اليسرى بكل مايلي عدا:,Anatomy,Anatomy,لها ثلاث فصوص,القبضة الرئيسية,لها شقان,اثقل وزنا,,,B,ABCD,no,"""ما عدا""",high
686,Y2,ينشأ من اللقيمة الإنسية للعضد (منشأ القابضات) كل مما يلي ماعدا:,Anatomy,Anatomy,العضلة الراحية الطويلة,العضلة قابضة الرسغ الكعبرية,العضلة الكابة المدورة,العضلة قابضة الرسغ الزندية,العضلة قابضة الإبهام الطويلة,,E,ABCDE,no,"""ما عدا""",high
687,Y2,تنصف المعدة Stomach بما يلي ما عدا :,Anatomy,Anatomy,يقع الجزء الأكبر منها تحت المنطقة الضلعية.,اليسرى والشرسوف. جسم المعدة يمتد من مستوى فوهة الفؤاد إلى مستوى الكلمة الزاوية.,البواب هو فتحة المعدة في الأسفل وهو يفتح على الطج.,الكلمة الزاوية ثابتة في القسم السفلي من الانحناء الصغير.,يمتد الثرب الصغير بين الانحناء الكبير وبين الكبد.,,E,ABCDE,no,"""ما عدا""",high
689,Y1,يسير أكبر أقسام :Celiac Trunk :,Anatomy,Anatomy,الحافة العلوية للمعثكلة,يصعد إلى النهاية السفلية للمريء,كل ما سبق خاطئ,ضمن الثرب الصغير,,,A,ABCD,no,question in english,high
690,Y1,وظيفة العضلة الخياطية:,Anatomy,Anatomy,تقبض الساق وتدورها للأنسي,تقبض الفخذ,تدور الفخذ للوحشي,كل ما سبق صحيح,,,D,ABCD,no,choose the right answer,high
691,Y2,اختار الجواب الصحيح اذا كان هناك جوابا صحيحا واحدا فقط أو اختر الجواب الأكثر شمولا وتكاملا اذا كان هناك أكثر من جواب صحيح,Histology,Anatomy,يتكون الكولاجين من جزئيات التروبوكولاجين,وتنظيم الجزئيات الترويو كولاجين جنبا الى جنب لتكون خيوط البروكولاجين,وترتبط خيوط البروكولاجين لتكوين اللبيقات البدائية,وترتبط التصنيفات البدنية لتكون اللبيفات المجهرية,كل ما ذكر أعلاه صحيح,,E,ABCDE,no,choose the right answer,high
692,Y1,من وظائف عضلات البطن ماعدا:,Anatomy,Anatomy,تعمل كطاردة,ثني الجذع وتحريكه,اذا انقبضت تؤدي إلى شهيق قوي,دعم محتويات البطن,,,C,ABCD,no,choose the wrong answer,high
694,Y1,الصحيح عن شرايين الجهاز العصبي المركزي :,Anatomy,Anatomy,التروية تاتي من الجملة الوداجية في الامام والسباتي من الخلف,من فروع السباتي الباطن : المخي الامامي والعيني,من فروع القاعدي : المخيخي السفلي الامامي والخلفي,B+C صحيحتان,,,B,ABCD,no,choose the right answer,high
695,Y1,تركيب T3:,Anatomy,Anatomy,شحمي,أميني,سكري,لا شيء مما سبق,,,B,ABCD,no,indirect question,high
697,Y1,حليمات ذات رأس مدور أحمر وقاعدة ضيقة,Anatomy,Anatomy,الخيطية,الفطرية,الورقية,المحوطة,,,B,ABCD,no,indirect question,high
699,Y1,الرغامي والقصبات إختر الإجابة الخاطئة :,Anatomy,Anatomy,يبلغ طول الرغامي ٩ - ١٥ سم,القصبة الرئيسية اليمني قصبة قصيرة وعمودية على الرغامي,حلقات الرغامي حلقات غضروفية تامة,الحلقات الغضروفية تمنح الصلابة وتمنع انخماص الرغامي,,,C,ABCD,no,choose the wrong answer,high
701,Y1,يروي المساريقي السفلي ماعدا,Anatomy,Anatomy,كل الكولون المعترض,السيني,الكولون النازل,المستقيم,,,A,ABCD,no,"""ما عدا""",high
702,Y1,من الأوساط الكاسرة في العين عدا:,Anatomy,Anatomy,الحدقة,الخلط المائي,العدسة,القرنية,,,A,ABCD,no,"""ما عدا""",high
703,Y1,. الحد الخلفي للحفرة الجناحية الحنكية هو,Anatomy,Anatomy,Pterygoid processes,Greater wing,Lesser wing,Crista galli,,,A,ABCD,no,answer in english,high
704,Y1,يكون النسيج الشحمي أوضح عند :,Anatomy,Anatomy,سكان الأقاليم الباردة,سكان الأقاليم الدافئة,سكان الأقاليم الحارة,لا شيء مما سبق,,,A,ABCD,no,indirect question,high
705,Y1,. الجوف الحقاني مقعر ذو نهاية ضخمة يتمفصل مع عظم العضد ويتجه,Anatomy,Anatomy,للاعلى والوحشي والامام,للاعلى والانسي والامام,للاسفل والوحشي والخلف,للاعلى والوحشي,,,A,ABCD,no,indirect question,high
706,Y2,لا يوجد فيه Perichondrium إطلاقا في كل توضعاته.,Histology,Anatomy,Hyaline cartilage,Elastic cartilage,Fibrocartilage,كل ما سبق.,كل ما سبق خطأ.,,C,ABCDE,no,choose the right answer,high
707,Y1,اتصالات جوف الأنف:,Anatomy,Anatomy,A الوحشي مع الحجاج والجيب الوتدي,B في الأسفل ينعزل عن جوف الفم عن طريق الحنك الصلب,C في الأمام يتمادى بفتحة عظمية هي المنخر,كل ما سبق صحيح,,,B,ABCD,no,choose the right answer,high
711,Y2,ثلاثية الرؤوس العضدية: (2007 أولى),Anatomy,Anatomy,ينشأ رأسها الطويل من عظم العضد,ترتكز على الكعبرة .,يعصبها الكعبري .,مثنية للمرفق .,,,c,ABCDE,no,indirect question,high
712,Y2,يساهم بتعصيب مثنية الأصابع العميقة: (2007 أولى),Anatomy,Anatomy,الفرع العميق من الكعبري .,العصب بين العظمين الأمامي .,الزندي .,الناصف والزندي .,,,d,ABCDE,no,indirect question,high
714,Y1,. تشاهد على الوجه الحجابي للقلب العناصر التالية ماعدا,Anatomy,Anatomy,قسم من البطين الايمن,قسم من البطين الايسر,الشريان بين البطنين الامامي,الشريان بين البطينين الخلفي,,,C,ABCD,no,"""ما عدا""",high
716,Y2,الصفيحة القاعدية للشعيرات المثقبة تكون مستمرة فيما يلي عدا :,Histology and Anatomy,Anatomy,الكلية,الغدد خاجية الافراز,الأمعاء,الغدد الصماء,,,B,ABCDE,no,"""ما عدا""",high
717,Y2,من صفات الضغط الحلولي في الأوعية الدموي:,Histology and Systemic Anatomy,Anatomy,ناتج عن وجود العناصر الدموية من الكريات و البلازما,يصل إلى ٣٥ مم زئبقي,متغير حسب مناطق الجسم والأوعية,ثابت في جميع أنحاء الجسم,,,D,ABCDE,no,infinite answers,high
718,Y1,التوسع في نهاية الأسهر يعني,Anatomy,Anatomy,مجل الأسهر,الحويصل المنوى,القناة الدافقة,لاشئ مما سبق,,,A,ABCD,no,infinite answers,high
719,Y1,كل ما يلي من مفرزات المنطقة الحزمية في الكظر ماعدا :,Anatomy,Anatomy,ACTH,أندروجين,استيروجين,الكورتيكوستيرون,,,A,ABCD,no,"""ما عدا""",high
721,Y1,يخرج العصب الشوكي من :,Anatomy,Anatomy,الثقبة بين الفقرية,الثقبة الفقرية,الثقبة الكبرى,التثقبة الشوكية,,,A,ABCD,no,indirect question,high
722,Y1,ينتج هرمون الأستروجين من :,Anatomy,Anatomy,الخصية,المبيض,الدرق,الكظر,,,B,ABCD,no,many answers,high
723,Y2,مايلي صحيح بالنسبة للعدلات:,Histology,Anatomy,العدلات لا تتحمل ظروف نقص الاكسجة,العدلات لا تحصل على الطاقة عن طريق حل الغلوكوز,تشكل 10% من الكريات البيض الجاتلة في الدوران,A+B,كل ما سبق صح,,B,ABCDE,no,choose the right answer,high
724,Y1,يحتوي الصفن ماعدا,Anatomy,Anatomy,الخصية,نهاية الحبل المنوي العلوية,البريخ,نهاية الحبل المنوي السفلية,,,B,ABCD,no,"""ما عدا""",high
725,Y2,اي من الخلايا الآتية في الظهارة التنفسية تعد,Histology,Anatomy,الخلايا الكأسية,الخلايا الفرشاتية.,خلايا كولشيسكي.,الخلايا القاعدية.,,,B,ABCD,no,choose the right answer,high
726,Y1,السويفة المخية,Anatomy,Anatomy,ألياف مقوسة باطنة,ألياف مستنة حمراوية,ألياف النواة فوق البصرية,ألياف سمعية أولية,,,ولا بنية مما علا,ABCD,no,indirect question,high
727,Y2,يمر تحت قيد العاطفات في الكاحل: (نموذج د.,Anatomy,Anatomy,وتر الظنبوبية الطويلة.,الشريان الظنبوبي الأمامي.,العصب الربلي.,وتر الظنبوبية الخلفية.,,,d,ABCDE,no,indirect question,high
728,Y1,من عضلات الوجه التعبيرية :,Anatomy,Anatomy,عضلات الجبهة.,العضلة حول العين.,العضلة حول الأذن.,كل ماسبق صحيح .,,,D,ABCD,no,choose the right answer,high
729,Y1,كل ما يلي صحيح بالنسبة للكريات البيض ماعدا:,Anatomy,Anatomy,مسؤولة عن التخثر,عددها 5000-8000 في الميليمتر المكعب,ثابتة ومتحركة,مسؤولة عن مناعة الجسم,,,A,ABCD,no,"""ما عدا""",high
730,Y2,محتويات الجيب العجاني العميق: ماعدا,Anatomy,Anatomy,جزء من الإحليل.,جزء من المهبل.,المعصرة الإحليلية التي يخترقها الإحليل والمهبل.,الأوعية الفرجية الباطنة وفروعها.,العضلتين العجانيتين المستعرضتين السطحيتين.,,E,ABCDE,no,"""ما عدا""",high
731,Y2,استحلاب الدسم وظيفة :,Histology,Anatomy,الحموض الصفراوية,الليستين.,الخلايا الحدية,لاشيء مما سبق.,,,A,ABCD,no,indirect question,high
732,Y2,كل ما يلي حول barrier testis-Blood صحيح ما عدا:,Histology,Anatomy,يتشكل من الوصالت السادة بين خلايا سرتولي على المستوى القاعدي الجانبي.,تقع spermatids early ضمن الحاجز الدموي الخصيوي.,تقع جميع خاليا السلسلة المنوية ضمن الحاجز الدموي الخصيوي.,يحمي ظهارة الأنابيب المنوية من التفاعلات المناعية الذاتية.,,,C,ABCD,no,"""ما عدا""",high
733,Y2,يخزن فيتامين A في الكبد ضمن :,Histology and Anatomy,Anatomy,خلايا كوبفر,الخلايا الكبدية,خلايا إيتو,خلايا لانغرهانس,,,C,ABCDE,no,indirect question,high
734,Y1,أقسام البلعوم ماعدا:,Anatomy,Anatomy,الأنفي,الفموي,المريني,الحنجري,,,C,ABCD,no,"""ما عدا""",high
735,Y2,تشكل محتويات الجيب العجاني السطحي ماعدا:,Anatomy,Anatomy,جذر البظر (بصلة الدهليز والساقان).,العضلة البصلية الإسفنجية.,الغدد الدهليزية الكبيرة.,جزء من المهبل.,مصرة الإحليل.,,E,ABCDE,no,"""ما عدا""",high
736,Y2,الخلايا التي تقوم بتصنيع الصفراء :,Histology and Anatomy,Anatomy,Hepatocytes,خلايا كوبفر,المرارة,ظهارة الاقنية الصفراوية,It's cells,,A,ABCDE,no,answer in english,high
737,Y2,اخت الإجابة الصحيحة :,Histology and Anatomy,Anatomy,الداء السكري من النمط 2 معتمد على الانسولين,تحاط جزر لانغرهانس بمحفظة ليفية سميكة,ترتبط الإصابة بالداء السكري من النمط الثاني بالسمنة Obesity,A+B,كل ما سبق صحيح,,C,ABCDE,no,choose the right answer,high
738,Y1,كل ما يلي عن قاعدة القلب صحيح عدا :,Anatomy,Anatomy,تتجه إلى الخلف والأعلى,تخرج منها جذوع الأوعية الكبيرة,تتشكل بشكل رئيسي من الأذينة اليسرى ذات التوضع العمودي,تنفتح عليها الأوردة الرئوية,,,C,ABCD,no,"""ما عدا""",high
740,Y2,فيما يخص مفصل الركبة كل مما يلي صحيح ماعدا:,Anatomy,Anatomy,هو تمفصل الفخذ مع الرضفة والشظية والظنبوب,يوجد ضمن الركبة رباط متصالب أمامي وخلفي,إن وتر المأبضية داخل المفصل,تعتمد ثباتية المفصل على الأربطة الخارجية والداخلية,الغضروف الهلالي الأنسي يرتبط مع الرباط الجانبي الأنسي,,E,ABCDE,no,"""ما عدا""",high
741,Y2,يجاور وجهها السطحي (الوحشي) الغدة تحت اللسان.,Anatomy,Anatomy,ذقنية لسانية,ضرسية لامية,لامية لسانية,ذقنية لامية,ذات البطنين,,A,ABCDE,no,indirect question,high
742,Y2,يحتوي على عدة انواع من الخلايا ومنها خلايا عرطلة عديدة الادوية,Histology,Anatomy,Adipose tissue,Cartilage,Bone,Fibrous connective tissue,Cartilage + bone,,C,ABCDE,no,answer in english,high
744,Y1,. الصحيح عن الاجوف العلوي,Anatomy,Anatomy,يقع في المنصف السفلي,يتيرك انطباع على الرئة اليسرى,يصب فيه الوريد الفرد,يساهم في تشكيله الوريد الوداجي الباطن,,,C,ABCD,no,choose the right answer,high
745,Y1,الخاطئ حول الفم هو:,Anatomy,Anatomy,يشكل بداية جهاز الهضم,طريق هوائي مساعد,له فوهة أمامية وجدران فقط,يشارك في المضغ والتصويت,,,A,ABCD,no,choose the wrong answer,high
746,Y1,كل ما يلي من وجوه الجناح الكبير عدا:,Anatomy,Anatomy,مخي,صدغي + تحت صدغي,فكي علوي,فكي سفلي,,,D,ABCD,no,"""ما عدا""",high
747,Y2,يعتبر Mesenchyme للمنشأ :,Histology,Anatomy,خلايا الدم,الخلايا العضلية الملساء,خلايا النسيج الضام.,كل ما سبق صح,كل ما سبق خطا .,,D,ABCDE,no,infinite answers,high
749,Y2,تضم ناصبات الفقار من عضلات الظهر العميقه ما عدا,Anatomy,Anatomy,الشوكيه العنقية,الحرقفيه الضلعية,الطولى الرأسية,الطولى العنقية,نصف شوكيه العنق,,E,ABCDE,no,"""ما عدا""",high
750,Y2,اختر الإجابة الصحيحة حول: Bronchioles Terminal,Histology,Anatomy,ظهارتها بسيطة مكعبة مهدبة.,الصفيحة المخصوصة لا تحوي ألياف مرنة.,كل من A+B,ليس مما سبق.,,,A,ABCD,no,choose the right answer,high
751,Y1,تعمل واردات مخيخيه الى التشكيلات الشبكية بشكل خاص من :,Anatomy,Anatomy,الطبقة الحبيبية لقشر المخيخ,النواة المسننة,النواة الأوجية (الأثرية),خلايا بوركنجي,,,القص الندفي العقيدي,ABCD,no,indirect question,high
754,Y1,الأجفان :,Anatomy,Anatomy,تتوضع أمام الحجاج.,بكل جهة جفن علوي وسفلي.,بين الجفنين فتحة تسمى الفرجة الجفنية.,يغطي الجلد الأجفان من الداخل والخارج.,,,D,ABCD,no,indirect question,high
755,Y1,وظيفة السوماتوستاتين:,Anatomy,Anatomy,تثبيط إفراز ACTH,تثبيط إفراز GH,تثبيط إفراز FSH,a + b,,,D,ABCD,no,choose the right answer,high
757,Y2,أي من الأعصاب الآتية يتوسط التبول الإرادي:,Anatomy,Anatomy,العصب الحرقفي الخثلي.,العصب الفرجي.,العصب الفخذي التناسلي.,الأعصاب الحشوية الحوضية.,العصب الحجابي.,,B,ABCDE,no,choose the right answer,high
758,Y2,من عضلات الساعد الخلفية : (2006),Anatomy,Anatomy,الكابة المربعة.,المرفقية.,باسطة الرسغ الزندية.,باسطة السبابة.,,,a,ABCDE,no,many answers,high
759,Y1,كل ما يلي صح بالنسبة للكولونات عدا:,Anatomy,Anatomy,طول الكولون الصاعد 15 سم,طول الكولون المعترض 45 سم,طول الكولون السيني 30 سم,طول الزائدة الدودية 8 -13 سم,,,C,ABCD,no,"""ما عدا""",high
760,Y1,-ينفتح على القرين الانفي العلوي :,Anatomy,Anatomy,الجيب الوتدي,الجيب الفكي,الجيب الغربالي,الجيب الجبهي,,,A,ABCD,no,indirect question,high
762,Y2,الخط التعلي. (2016 تكميلي(,Anatomy,Anatomy,منشأ العضلة النعلية,أعلاه تنشا الظنبوبية الخلفية,أسفله تنشا الاخمصية,يقع وسط السطح الخلفي للظنبوب,,,a,ABCDE,no,indirect question,high
764,Y2,اختر الاجابة الخاطئة :,Histology,Anatomy,نقص الانزيمات الحالة للسكريات عند الإنسان يسبب اضطرابات هضمية.,هذا النقص يكون احيانا ذو منشأ وراثي.,متلازمة سوء الامتصاص تحدث نتيجة ضمور مخاطية المعدة.,كل ماسبق صحيح.,,,C,ABCD,no,choose the wrong answer,high
765,Y1,من أقسام البوق ماعدا:,Anatomy,Anatomy,القمع,البرزخ,العنق,الانبورة,,,C,ABCD,no,"""ما عدا""",high
766,Y1,المراكز نظيرة الودية تقع في :,Anatomy,Anatomy,القحف,النخاع الشوكي العجزي,النخاع الصدري,A+B,,,D,ABCD,no,choose the right answer,high
767,Y1,. تعبر الالياف الاسقاطية عبر,Anatomy,Anatomy,Corpus callosum,Internal capsule,Hippocampus,Lentiform nucleus,,,B,ABCD,no,answer in english,high
769,Y1,تركيب T3 :,Anatomy,Anatomy,شحمي,أميني,سكري,لا شيء مما سبق,,,B,ABCD,no,infinite answers,high
770,Y1,أقرب طبقات الصفن للخصية هي:,Anatomy,Anatomy,اللفافة الغمدية,اللفافة العمدية,اللفافة البيضاء,اللفافة المشمرة,,,A,ABCD,no,indirect question,high
771,Y1,من وظائف الحنجرة ماعدا :,Anatomy,Anatomy,حماية الطرق الهوائية عند البلع .,التصويت,التنفس,عدم إغلاق الطرق الهوائية,,,C,ABCD,no,"""ما عدا""",high
772,Y2,اليرقان jaundice :,Histology,Anatomy,هو وجود كمية كبيرة من الصفراء في الدم,ينتج عن عدم إفراز البيلروبين المرتبط.,ينتج عن عدم إفراز البيلروبين غير المرتبط,كل ما سبق صحيح.,,,D,ABCD,no,indirect question,high
773,Y1,- يتوضع في المنصف ما يلي:,Anatomy,Anatomy,الحنجرة,الرغامي,الوريد الأجوف العلوي,القلب,,,B,ABCD,no,choose the right answer,high
774,Y2,مايلي صحيحي عن الحؤول الحرشفي : عدا squamous metaplasia,Histology,Anatomy,هو تحول الظهارة التنفسية إلى بسيطة حرشفية,يسبقه انعدام في حركة اهداب خلايا الظهارة,يتبعه تشكل نسيج ما قبل سرطاني.,هو تحول الظهارة التنفسية إلى مطبقة حرشفية,,,D,ABCD,no,"""ما عدا""",high
775,Y1,المحرك لعضلات اللسان :,Anatomy,Anatomy,11,7,12,9,,,C,ABCD,no,indirect question,high
776,Y2,إن الغشاء القاعدي لخلايا M,Histology,Anatomy,غير مستمر,مستمر,يسهل النقل بين الصفيحة الخاصة وخلايا,كل من a و .c,,,D,ABCD,no,choose the right answer,high
778,Y2,كل مما يلي صحيح في الأمعاء الدقيقة ما عدا :,Histology and Anatomy,Anatomy,مكان للهضم المهائي,مكان امتصاص الأغذية المهضومة,مكان افراز غدي صماوي,مكان لانتاج الطاقة,لا شيء مما سبق,,D,ABCDE,no,"""ما عدا""",high
779,Y1,أقسام جهاز التنفس ماعدا: --,Anatomy,Anatomy,جزء ناقل,جزء تنفسي,جزء خلالي,جزء مكون للصوت,,,C,ABCD,no,"""ما عدا""",high
780,Y2,تضم ناصيات الفقار من عضلات الظهر العميقة ما عدا: (2017 أولى),Anatomy,Anatomy,الشوكية العنقية.,الحرقفية الضلعية.,الطولى الرأسية.,الطولى العنقية.,نصف شوكية العنق.,,e,ABCDE,no,"""ما عدا""",high
781,Y1,عظم العضد :,Anatomy,Anatomy,الحديبة الصغيرة تتوضع على الوجه الخلفي.,للعضد.,الحديبة الكبيرة وحشي راس العضد.,الحديبة الصغيرة وحشي الحديبة الكبيرة.,,,B,ABCD,no,infinite answers,high
782,Y2,تمتاز الزائدة الدودية بـ :,Histology and Anatomy,Anatomy,غزراة الجريبات اللمفاوية,لا يوجد فيها شرائط كولونية,كل ما سبق صحيح,الغدد فيها اكثر منها في الكولون,الأول والثاني,,E,ABCDE,no,infinite answers,high
783,Y1,الشريان الذي يجتاز الثقبة الكبرى:,Anatomy,Anatomy,القاعدي,الفقري,السباتي الباطن,السباتي الظاهر,,,A,ABCD,no,indirect question,high
784,Y1,تنشأ من العانة وترتكز أعلى الفخذ:,Anatomy,Anatomy,مربعة الرؤوس الفخذية,المشطية,الخياطية,ثنائية الرؤوس الفخذية,,,B,ABCD,no,indirect question,high
785,Y2,كل مايلي صحيح عن المنطقة الزنجفرية عدا:,Histology,Anatomy,منطقة انتقالية حمراء,تتكون من جلد رقيق +ملحقاته,الضفائر الشعيرية قريبة من سطح الجلد,هي ال the vermilion zona,,,B,ABCD,no,"""ما عدا""",high
786,Y1,من الامثلة على العظام الطويلة :,Anatomy,Anatomy,الداغصة.,الفقرات.,الكعبرة .,لوح الكتف.,,,C,ABCD,no,infinite answers,high
787,Y2,النسيج الشحمي :,Histology,Anatomy,يشكل 15-20% من وزن الرجل الطبيعي,عند النساء تكون نسبته أقل مما هو عند الرجال.,هو في حالة تقلب Turnover مستمر.,الأول والثالث.,الثاني والثالث.,,B,ABCDE,no,indirect question,high
788,Y1,تتميز الفقرات الصدرية:,Anatomy,Anatomy,النواتئ المستعرضة ضامرة.,النواتي الشوكية اطول.,الثقوب الفقرية كبيرة .,كل ما سبق صحيح.,,,B,ABCD,no,infinite answers,high
789,Y1,تشمل النوى القاعدية ما يلى عدا :,Anatomy,Anatomy,LENTIFORM NUCLEUS .,النواة المذنبة.,TAILED NUCLEUS .,النواة العدسية.,,,C,ABCD,no,"""ما عدا""",high
790,Y1,الخاطئ مما يلي هو :,Anatomy,Anatomy,يفتح على الصماخ العلوي Ethmoidal Sinus,الصماخ المتوسط يفتح عليه Frontal Sinus,الصماخ المتوسط يفتح عليه Sphenoidal Sinus,يفتح على المتوسط أيضاً Ethmoidal Sinus,,,C,ABCD,no,choose the wrong answer,high
792,Y2,ك ل ما يلي صحيح عن هرمون calcitonin ما عدا:,Histology,Anatomy,يفرز من Parafollicular Cells,يرفع كالسيوم الدم,يخفض كالسيوم الدم,تثبيت كالسيوم العظام,,,B,ABCD,no,"""ما عدا""",high
794,Y1,تتميز المظاهر التشريحية قي الوصل الجسري البصلي ما عدا:,Anatomy,Anatomy,يتجد الشريانان الفقريان ليشكلا الشريان القاعدي,تعبر السيل الهرمية من الساق الجسري الى الساق البصلي,يستمر الغشل الانسي جنيب الناصف,يتوضع الردهان الوحشيان للبطين الرابع,,,يكون مزقه الأثر fastigium,ABCD,no,"""ما عدا""",high
795,Y2,العصب العضلى الجلدى:,Anatomy,Anatomy,ينشأ من الحبل الوحشى,يعصب فقط الغرابية العضديه,هو عصب حركى فقط,عميق التوضع بكامل مساره,,,A,ABCD,no,indirect question,high
797,Y2,تنشأ من اللقيمة الأنسية للعضد العضلات التالية ما عدا: (2009),Anatomy,Anatomy,العضلة الاستلقائية.,الكابة المدورة.,الراحية الطويلة.,مثنية الرسغ الزندية.,,,a,ABCDE,no,"""ما عدا""",high
798,Y2,تضم الألياف العصبية المارة عبر الضفائر القلبية التالي ما عدا:,Anatomy,Anatomy,ألياف ودية قبل عقدية.,ألياف ودية بعد عقدية.,ألياف واردة مع الأعصاب الودية.,ألياف لا ودية قبل عقدية.,ألياف واردة مع العصبين المبهمين.,,A,ABCDE,no,"""ما عدا""",high
800,Y1,حليمات ذات رأس مدور أحمر وقاعدة ضيقة,Anatomy,Anatomy,الخيطية,الفطرية,الورقية,المحوطة,,,B,ABCD,no,indirect question,high
801,Y1,اختر الاجابة الخاطئة المتعلقة بالعظم الوتدي,Anatomy,Anatomy,يوجد المنقار الوتدي في السفلي,يتوضع السرج التركي على الوجه العلوي,هو جزء من القحف الحشوي,وجهه الخلفي له شكل مربع,,,C,ABCD,no,choose the wrong answer,high
804,Y2,العصب الناصف,Anatomy,Anatomy,ينشأ فى الأبط,ينتهى أسفل الساعد,يسير على العاطفة السطحية للأصابع,يعصب مباشرةً الكابه المربعة,,,D,ABCDE,no,indirect question,high
805,Y2,العصب تحت الكتف يعصب العضلات:( 2007 أولى),Anatomy,Anatomy,deltodeus .,subscapularis .,teres minor .,trapizeus .,كل ما سبق خطأ .,,b,ABCDE,no,answer in english,high
806,Y2,تضم ناصبات الفقار من عضلات الظهر العميقه ما عدا:,Anatomy,Anatomy,الشوكيه العنقية,الحرقفيه الضلعية,الطولى الرأسية,الطولى العنقية,نصف شوكيه العنق,,E,ABCDE,no,"""ما عدا""",high
807,Y1,- ترتكز على وتر أشيل :,Anatomy,Anatomy,التوءمية الساقية + النعلية,التوءمية الساقية + الظنبوبية الأمامية,التوءمية الساقية + قابضة إبهام القدم الطويلة,كل ما سبق خطأ,,,C,ABCD,no,indirect question,high
809,Y1,. الاجابة الخاطئة المتعلقة ب flat ones,Anatomy,Anatomy,مثالها العظم الكتفي,تتشكل من صفيحتين من العظم الكثيف,يفصل بينهما نسيج عظمي اسفنجي,يتم نمو هذه العظام في اتجاه واحد,,,D,ABCD,no,choose the wrong answer,high
810,Y2,يحدث التقرن في الشعرة :,Histology and Anatomy,Anatomy,بشكل مستمر,يحدث على الجزء الخارجي للشعرة,يحدث على كامل الشعرة,بشكل متقطع,,,D,ABCDE,no,infinite answers,high
812,Y1,. يتمفصل العظم الجبهي مع كل مايلي عدا,Anatomy,Anatomy,الجدراي,الوجني,الصدغي,الوتدي,,,C,ABCD,no,"""ما عدا""",high
813,Y2,تشكل العظام التالية الجدار الوحشي للأنف عدا: (2014),Anatomy,Anatomy,الوتدي.,الغربالي.,الدمعي.,الأنفي .,الميكعة.,,e,ABCDE,no,"""ما عدا""",high
814,Y1,تتوضع المثانة الممتلئة والرحم المتضخم في,Anatomy,Anatomy,الناحية المغبنية اليمنى,الناحية المغبنية اليسري,الخثلية,لا شيء مما سبق,,,C,ABCD,no,indirect question,high
820,Y1,ما يلي من طبقات جدار الصفن ما عدا:,Anatomy,Anatomy,الجلد,عضلة السنخ,لفافة بوك,لفافة العضلة المشمرة,,,C,ABCD,no,"""ما عدا""",high
821,Y1,الهواء الذي يتم عبر الجزء الناقل يتم :,Anatomy,Anatomy,تصفيته,ترطيبه,تسخينه أو تبريره,كل ما سبق صحيح,,,D,ABCD,no,choose the right answer,high
823,Y2,ما يلي صحيح عن الغلالة الليفية عدا :,Histology,Anatomy,تحمي بنى العين داخلها و تؤمن مكانا لارتكاز العضلات.,تؤلف القرنية سدس هذه الغلالة.,يصل اللم limbus بين الصلبة و القرنية.,كل ما سبق صحيح.,,,C,ABCD,no,"""ما عدا""",high
824,Y1,يتوضع الحيز الابطي السفلي بين، ما عدا:,Anatomy,Anatomy,الرأس الطويلة لمثلثة الرؤوس العضدية,جسم العضد,الصدرية الكبيرة,المدورة الكبيرة,,,C,ABCD,no,"""ما عدا""",high
825,Y2,خط الدفاع الأول في السبيل المعدي المعوي :,Histology,Anatomy,الغلوبيولينات المناعة,الموصلات المحكمة,البالعات الكبيرة,النسيج اللمفاوي الملحق,,,A,ABCD,no,indirect question,high
827,Y1,. الخطأ حول الجذع الرئوي,Anatomy,Anatomy,ينشا من البطين الايمن,يتفرع الى شريان رئوي ايمن وشريان رئوي ايسر,تعطي فروع قصبية تغذي النسيج الرئوي,يدخل الشريان الرئوي نقير الرئة الموافقة,,,C,ABCD,no,choose the wrong answer,high
828,Y1,خطأ حول وظائف العضلات:,Anatomy,Anatomy,المجموعة الامامية للفخذ قابضة لمفصل الركبة.,المجموعة الامامية للساق باسطة للقدم والاصابع.,المجموعة الخلفية للساق قابضة للقدم.,المجموعة الخلفية للفخذ قابضة لمفصل الركبة.,,,A,ABCD,no,choose the wrong answer,high
829,Y2,اختار الجواب الصحيح اذا كان هناك جوابا صحيحا واحدا فقط أو اختر الجواب الأكثر شمولا وتكاملا اذا كان هناك أكثر من جواب صحيح,Histology,Anatomy,تتكون الأربطة والأوتار من نسيج ضام كثيف,تنتظم القرنية والأوتار والأربطة بصورة حزم,غمد الوتر والقرنية والرباط من نسيج ضام مفكك,النسيج الضام الباطن في الأوتار والأربطة كثيف,سمحاق الغضروف من ضام مفكك,,A,ABCDE,no,choose the right answer,high
831,Y1,توجد الضفائر المشيمية ضمن :,Anatomy,Anatomy,الأم الجافية,الأم الحنون,الغشاء العنكبوتي,لا شيء مما سبق,,,B,ABCD,no,indirect question,high
833,Y2,اختر الإجابة الصحيحة :,Histology,Anatomy,خلايا شوان هي خلايا دبقية,تتواجد الخلايا النجمية البروتوبلاسمية في المادة السنجابية,عند أذية النسيج العصبي تتكاثر الخلايا الدبقية الصغيرة لتشكل ندبة خلوية,الإجابتان الأولى والثانية صحيحتان,كل ما سبق صحيح,,D,ABCDE,no,choose the right answer,high
836,Y1,منطقة من القوس الفقرية بين جسم الفقرة والناتئ المستعرض:,Anatomy,Anatomy,الصفيحة العظمية,السويقة,الرجيلة,B + C,,,D,ABCD,no,choose the right answer,high
837,Y1,حركة الفخذ إلى الأمام في المستوى السهمي هي حركة:,Anatomy,Anatomy,القبض.,البسط.,التقريب.,الشتر.,,,B,ABCD,no,indirect question,high
838,Y2,أي الاتي حول epiglottis صحيح:,Histology,Anatomy,سطحها الحنجري مغطى بظهارة مطبقة كاذبة اسطوانية.,يوجد في الصفيحة المخصوصة غدد مصلية فقط,تبرز من الطرف السفلي للحنجرة.,سطحها اللساني يغطى بظهارة مطبقة كاذبة مسطحة.,,,A,ABCD,no,choose the right answer,high
840,Y2,هذه الطبقة من الكظر تتألف من حبال مقوسة من خلايا عمودية متقاربة إنها :,Histology and Anatomy,Anatomy,الطبقة الكبيبة,الطبقة الحزمية,محفظة الكظر,الطبقة الشبكية,لب الكظر,,A,ABCDE,no,indirect question,high
842,Y2,تتواجد البنى التاليه بالغدة النكفيه ما عدا:,Anatomy,Anatomy,الشريان الفكى,الشريان الصدغى السطحى,العصب الاذنى الصدغى,العصب لوجهى المعترض,الشريان الوجهى,,E,ABCDE,no,"""ما عدا""",high
843,Y1,. فيما يخص العظم القذالي كل مايلي صحيح ماعدا,Anatomy,Anatomy,عظم مفرد يساهم في تشكيل قاعدة القحف,تتمفصل اللقمة القذالية مع الفهقة,تقع الحديبة البلعومية على الوجه المخي لجسم العظم,يشكل القسم الصدفي القسم الاكبر من العظم,,,C,ABCD,no,"""ما عدا""",high
844,Y1,تتمفصل الأضلاع بشكل مباشر مع) الخاطئة):,Anatomy,Anatomy,أجسام الفقرات الصدرية .,النواتيء المستعرضة للفقرات الصدرية.,القص.,الغضاريف الضلعية.,,,C,ABCD,no,indirect question,high
845,Y1,من أقسام الأنف الظاهر :,Anatomy,Anatomy,APEX,ROOT,DORSUM OF THE NOSE,كل ما سبق صحيح,,,D,ABCD,no,infinite answers,high
846,Y1,المعلومة الصحيحة عن الناتئ الحنكي هي:,Anatomy,Anatomy,له تلمان قاطعيان يتصلان مع شوكة الأنف.,يتصل به أسناخ السن.,العرف الحنكي يتصل مع الميكعة.,يشكل معظم الحنك الصلب.,,,C,ABCD,no,infinite answers,high
847,Y1,يتألف الزنار الكتفي مما يلي عدا :,Anatomy,Anatomy,الترقوة,لوح الكتف,القص,رأس العضد,,,C,ABCD,no,"""ما عدا""",high
848,Y1,يتواجد على الوجه الأمامي للقسم الصخري للعظم الصدغى مايلى عدا:,Anatomy,Anatomy,البارزة المقوسة.,انطباع ثلاثي التوائم .,الفتحة الظاهرة للمسال الدهليزى,فرجة العصب الصخري الكبير.,,,C,ABCD,no,"""ما عدا""",high
849,Y1,. الاجابة الخاطئة المتعلقة بالبطين الايمن,Anatomy,Anatomy,يأخذ جوف البطين شكلا قمعيا,جداره اثخن من جدار الاذينة اليسرى,يفصله عن الاذينة اليمنى دسام الثقبة البيضية,جداره اثخن من جدار الاذينة اليمنى,,,C,ABCD,no,choose the wrong answer,high
850,Y1,من العظام القصيرة:,Anatomy,Anatomy,لوح الكتف.,الأسناخ.,الرسخ.,عظم القص.,,,C,ABCD,no,many answers,high
851,Y1,أقسام البلعوم إختر الإجابة الخاطئة :,Anatomy,Anatomy,قسم فوق حنجري,قسم الموي,قسم أنفي,قسم حنجری,ثلاثة أقسام,,A,ABCDE,no,choose the wrong answer,high
852,Y1,تحوي صدفة العظم الصدغي ما يلي عدا:,Anatomy,Anatomy,انطباعات الشريان الصدغي الأوسط,انطباعات الشريان السحائي الأوسط,الصماخ السمعي الداخلي,الناتئ الوجني,,,C,ABCD,no,"""ما عدا""",high
853,Y1,يقع العجان بين :,Anatomy,Anatomy,المستقيم والشرج,الرحم وعنق الرحم,الفتحة الشرجية والفتحة المهبلية,كل ما سبق خطأ,,,C,ABCD,no,indirect question,high
854,Y2,مايلي صحيح عن التهاب الجيوب الانفية:,Histology,Anatomy,يحدث نتيجة انسداد فتحات التصريف,هو sinusitis,هو من نتائج متلازمة انعدام الحركة الهدبية,كل ما سبق صحيح.,,,D,ABCD,no,choose the right answer,high
855,Y1,كل العظام التالية تشارك فى تشكيل سقف الأنف عدا :,Anatomy,Anatomy,الجبهي,الغربالي,الفكي,الوتدي,,,C,ABCD,no,"""ما عدا""",high
856,Y1,يتوضع في المنصف ما يلي عدا :,Anatomy,Anatomy,القلب,الأبهر الصدري,الوريد الأجوف السفلي,فروع قوس الأبهر,,,C,ABCD,no,"""ما عدا""",high
857,Y2,تتميز العضلات رافعات الاضلاع بالتالي ما عدا:,Anatomy,Anatomy,تصل الاضلاع بالعمود الفقري,عددها اثنا عشر زوجاً,لها عمل شهيقي,دورها هام في التنفس,تتعصب بالأعصاب العربية,,E,ABCDE,no,"""ما عدا""",high
858,Y1,. التيه الغشائي,Anatomy,Anatomy,الكييس,القوقعة,الدهليز,الانفاق نصف الدائرية,,,A,ABCD,no,indirect question,high
859,Y2,في النسيج العظمي,Histology,Anatomy,العظم الأولى هو نفسه Woven bone,العظم الناضج هو نفسه Woven bone,العظم الأولي أكثر تمعدناً من الثانوي.,العظم الأولى فيه عدد أقل من osteocytes,كل ما سبق خطأ .,,A,ABCDE,no,indirect question,high
860,Y1,السطح الخلفي للفخذ تحت المدور الكبير:,Anatomy,Anatomy,الأحدوبة الرشيقة,الأحدوبة الأولوية,الأحدوبة المربعة,حديبة رباعية الرؤوس الفخذية,,,B,ABCD,no,indirect question,high
862,Y1,وظيفتها إتاحة إنزلاق سطح الرئة على الجدار المحيط بها :,Anatomy,Anatomy,الحجاب الحاجز,الجنبة,القفص الصدري,الشرايين الرئوية,,,B,ABCD,no,indirect question,high
863,Y1,من أقسام Scapula ما عدا:,Anatomy,Anatomy,الترقوة,لوح الكتف,رأس العضد,القص,,,B,ABCD,no,"""ما عدا""",high
865,Y1,عندما يتجه أخمص القدم للأنسي:,Anatomy,Anatomy,قبض ظهري,شنف,شتر,قبض أخمسى,,,C,ABCD,no,indirect question,high
866,Y2,يتصل بالأشعار ما يلي ما عدا :,Histology and Anatomy,Anatomy,الجريب الشعري,الغدد الدهنية,الغدد العرقية,العضلة الناصبة للشعرة,,,C,ABCDE,no,"""ما عدا""",high
868,Y1,عظم الفخذ (الخاطئة):,Anatomy,Anatomy,إن جسم الفخذ ناعم ومستدير في سطحه الأمامي.,يقع السطح المأبضي على الوجه الخلفي لجسمه.,يصل بين المدورين الكبير والصغير خط في الخلف يسمى الخط بين المدورين.,تملك نهايته السفلية لقمتين أنسية ووحشية ولقيمتين تقعان على اللقمتين.,,,C,ABCD,no,choose the wrong answer,high
869,Y1,تعصيب النكفة من,Anatomy,Anatomy,المبهم,العصب القحفي,العقد الأذنية,B+C,,,D,ABCD,no,indirect question,high
871,Y1,كل ما يلي عن التامور صحيح عدا :,Anatomy,Anatomy,يتألف من التامور الليفي والتامور المصلي,يحوي جوف التامور السائل التاموري,يرتبط التامور الليفي بالقلب,يعمل السائل التاموري كمزلق لتسهيل حركات القلب,,,C,ABCD,no,"""ما عدا""",high
875,Y2,عظم العقب:,Anatomy,Anatomy,سطحة الأمامى يتمفصل مع النردى,لا يوجد عليه ارتكاز وترى,له معلاق على الطرف الوحشى للعظام,سطحه الأنسى محدب,,,A,ABCD,no,indirect question,high
877,Y1,. الاجابة الخاطئة المتعلقة بالنهاية العلوية لعظم الفخذ,Anatomy,Anatomy,يشكل الراس ثلثي كرة ويتمفصل مع الحق,يرتكز رباط راس الفخذ على محيط الراس,يصل العنق بين الراس والجسم,يقع الخط بين المدورين على الوجه الامامي,,,B,ABCD,no,choose the wrong answer,high
878,Y1,غطاء الكلية الذي يحيط بالكظر,Anatomy,Anatomy,اللفافة الكلوية,المحفظة الليفية,الشحم حول الكلية,الشحم جانب الكلية,,,A,ABCD,no,indirect question,high
879,Y2,يشاهد في auditory (Eustachian ) tubes,Histology,Anatomy,Fibrocartilage,Elastic cartilage,Hyaline cartilage,Elastic cartilage + hyaline cartilage كلاهما,كل ماسبق خطأ,,B,ABCDE,no,answer in english,high
880,Y2,المواد التالية تحرض من افراز HCI في المعدة :,Histology and Anatomy,Anatomy,Gastrin,Histamine,Somatostatin,A+B,كل ما سبق صحيح,,D,ABCDE,no,choose the right answer,high
883,Y2,تنشأ من اللقيمة الوحشية للعضد العضلات التالية ما عدا: (2009),Anatomy,Anatomy,العضلة باسطة الخنصر.,مثنية الرسغ الكعبرية.,العضلة الاستلقائية.,باسطة الرسغ الكعبرية الطويلة.,,,b,ABCDE,no,indirect question,high
885,Y2,اختر الإجابة الصحيحة:,Histology,Anatomy,الستيروئيدات القشرية جزيئات مرتفعة وزن الجزيئة,تحتاج الستيروئيدات القشرية إلى عملية إفرازية تخصصية,زيادة إفراز الستيروئيدات القشرية يسبب داء اديسون,كل ما سبق خاطئ.,,,D,ABCD,no,choose the right answer,high
886,Y1,الإحليل الذكري إختر الإجابة الخاطئة :,Anatomy,Anatomy,يمتد من عنق المثانة حتى الصماخ البولي الباطن,يقسم إلى خلفي و أمامي,الخلفي يضم الموثة والغشائي,الأمامي يسمى القضيبي,,,A,ABCD,no,choose the wrong answer,high
889,Y1,الدرزين الجداريين والقذالي:,Anatomy,Anatomy,الاكليلي,السهمي,اللامي,القذالي,,,C,ABCD,no,indirect question,high
890,Y2,في مرحلة النضج لتكون النطاف تكون النطاف :,Histology,Anatomy,ناضجة وظيفية.,ناضجة غير وظيفية.,غير ناضجة وظيفية.,غير ناضجة غير وظيفية.,,,B,ABCD,no,indirect question,high
892,Y2,ند خلايا ميركل في :,Histology and Anatomy,Anatomy,الجلد السميك,الجد الرقيق,الطبقة المتفرقة للجلد,كل ما سبق خاطئ,,,A,ABCDE,no,choose the right answer,high
893,Y1,الطحال اختر الإجابة الخاطئة :,Anatomy,Anatomy,أضخم كتلة مفردة من النسيج اللمعي في الجسم,يقوم بتصفية الدم,له دور مناعي,يتوضع بين المعدة والحجاب الحاجز,يسكن المراق الأيمن,,E,ABCDE,no,choose the wrong answer,high
894,Y2,الغمد الليف العاطف:,Anatomy,Anatomy,يشكل نفق مسدود بعيداً,فى الإبهام يمر فية وتران,له غشاء زليلى,يرتكز على اللفافه العميقة,,,A,ABCD,no,indirect question,high
895,Y1,اتصالات الدمعي ماعدا,Anatomy,Anatomy,في الأعلى مع الجبهي,في الخلف مع الجناح الكبير الوتدي,في الأمام مع الناتئ الجبهي للفك العلوي,فى الاسفل مع الفك العلوي,,,B,ABCD,no,"""ما عدا""",high
896,Y2,ما يلي يعتبر مثالاً للنسج الضامة الكثيفة المنتظمةregular dense connective tissue :,Histology,Anatomy,الأم الجافية في الدماغ.,Perichondrium,Periosteum,Cornea,كل ما سبق خطأ.,,D,ABCDE,no,choose the right answer,high
897,Y2,النسيج الطازج منه يميل لونه الى الاصفر,Histology,Anatomy,Fibrocartilage,Elastic cartilage,Hyaline cartilage,Elastic cartilage + hyaline cartilage كلاهما,كل ماسبق خطأ,,B,ABCDE,no,indirect question,high
898,Y2,من أهم الأمثلة عن holocrine glands هي:,Histology,Anatomy,sebaceous glands,pancreas,sweat glands of the skin,الثاني والثالث.,كل ما سبق صحيح,,A,ABCDE,no,infinite answers,high
899,Y1,أقسام جوف الحنجرة:,Anatomy,Anatomy,الدهليز,البطين الحنجري,العظم اللامي,الجوف تحت الزماري,,,C,ABCD,no,indirect question,high
900,Y1,تضم العضلات الكعبرية للساعد كل ما يلى عدا:,Anatomy,Anatomy,قابضة الرسغ الكعبرية القصيرة,الاستلقائية,العضدية الكعبرية,باسطة الرسغ الكعبرية الطويلة,,,A,ABCD,no,"""ما عدا""",high
901,Y2,ظهارية القصبات.,Histology,Anatomy,Simple columnar epithelium,Stratified squarnous epithelium (keratinized),Transitional epithelium,.Simple squamous epithelium,Pseudostratified ciliated columnar epithelium,,E,ABCDE,no,answer in english,high
902,Y1,من العضلات الخلفية للساق عدا:,Anatomy,Anatomy,التوأمية الساقية,باسطة الأصابع الطويلة,الظنبوبية الخلفية,النعلية,,,B,ABCD,no,"""ما عدا""",high
903,Y2,في الرئتين:,Histology and Anatomy,Anatomy,القصبات الانتهائية توجد في الفصيص الرئوي,قمم الفصيصات الرئوي تتجه محيطيا,النسيج اللمفاوي المتعلق بالمخاطيات يتزايد كلما تقدمنا بالشجرة القصبية نحو الأسفل,A+C,كل ما سبق صحيح,,D,ABCDE,no,infinite answers,high
905,Y1,. فيما يخص الغضروف الدرقي للحنجرة كل مايلي صحيح عدا,Anatomy,Anatomy,يتألف من صفيحتين غضروفيتين مربعتين بصورة اساسية,الشامخة الحنجرية في المننتصف,يتمفصل مع الغضروف الطرجهالي,على جانبيه قرنان علويان وسفليان,,,C,ABCD,no,"""ما عدا""",high
906,Y2,يشارك في تروية المري الشرايين التالية ماعدا:,Anatomy,Anatomy,الشريان الدرقي العلوي,فروع الابهر النازل,فروع الشرايين القصبية,الشريان الدرقي السفلي,الشريان المعدي الأيسر,,A,ABCDE,no,"""ما عدا""",high
907,Y2,axillary nerve (2017أولى),Anatomy,Anatomy,يسمى أيضا circumflex.,ينشأ من الحبل الوحشي .,يمر من الحيز الإبطي السفلي .,يمر من الحيز الإبطي الأنسي .,,,a,ABCDE,no,question in english,high
908,Y2,البنية التشريحية المتوضعة في المنصف العلوي:,Anatomy,Anatomy,القناة الصدرية,الغمد الوريدي للتامور المصلي,الغمد الشرياني للتامور المصلي,القسم السفلي من الوريد الأجوف السفلي,الوريد الأجوف السفلي,,A,ABCDE,no,indirect question,high
910,Y1,العرف القريني في جوف الأنف ينشأ من:,Anatomy,Anatomy,العظم الفكي العلوي,العظم الفكي الحنكي,العظم الفكي السفلي,A+B,,,D,ABCD,no,indirect question,high
912,Y1,كل ما يلي من عضلات البلعوم صحيح عدا :,Anatomy,Anatomy,تتألف من طبقتين خارجية وداخلية,الطبقة المحلية الخارجية دائرية,الطبقة العضلية الداخلية طولانية,تحوى الطبقة العضلية الداخلية ٤ عضلات,,,D,ABCD,no,"""ما عدا""",high
913,Y1,تنقل الأعصاب الحاسية معلومات لكل من الحواس التالية عدا :,Anatomy,Anatomy,البصر.,التذوق.,اللمس.,السمع.,,,C,ABCD,no,"""ما عدا""",high
914,Y2,يتمفصل العظم القاربي مع العظام التالية ما عدا : (2009),Anatomy,Anatomy,الكبير.,الهلالي.,المربعي.,المثلثي.,,,d,ABCDE,no,"""ما عدا""",high
916,Y1,-تصنف العضلة الراحية تصنف مع :,Anatomy,Anatomy,المجموعة العميقة لقابضات الساعد,المجموعة السطحية لباسطات الساعد,المجموعة السطحية لقابضات الساعد,المجموعة العميقة لباسطات الساعد,,,B,ABCD,no,indirect question,high
917,Y1,تعمل العضلات الألوية على:,Anatomy,Anatomy,تبعيد الفخذ,تقريب الفخذ,تدوير أنسى للفخذ,A+C,,,D,ABCD,no,infinite answers,high
918,Y1,غضروف له شكل الخاتم هو :,Anatomy,Anatomy,Thyroid,Cricoid,Arytenoid,Cuneiform,,,C,ABCD,no,answer in english,high
920,Y1,تعصب Partoid Gland بواسطة العصب:,Anatomy,Anatomy,البلعومي اللساني,العصب الوجهي,تحت اللساني,اللساني,,,C,ABCD,no,question in english,high
921,Y1,العصب تحت اللساني يخرج من :,Anatomy,Anatomy,النفق تحت اللساني,النفق السباتى,النفق الوداجي,الثقبة البيضية,,,A,ABCD,no,indirect question,high
923,Y1,من الأوساط الكاسرة في العين عدا :,Anatomy,Anatomy,القرنية,الخلط المائي,الحدقة,العدسة,,,C,ABCD,no,"""ما عدا""",high
924,Y1,وزن الدماغ:,Anatomy,Anatomy,350 غ عند الوليد,1400 غ عند الكهل,1400 غ عند الوليد,a + b,,,D,ABCD,no,choose the right answer,high
925,Y1,الضلع الأولى (الخاطئة) :,Anatomy,Anatomy,لها وجهان علوي وسفلي.,يمر تحتها الوريد تحت الترقوة .,لها حافتان داخلية وخارجية.,ترتكز عليها العضلة الأخمعية الأمامية.,,,B,ABCD,no,choose the wrong answer,high
927,Y1,. مسؤول عن افراز اللعاب من الغدة النكفية,Anatomy,Anatomy,Ciliart ganglion,Otic ganglion,Pterygopalatine ganglion,None of the aove,,,B,ABCD,no,answer in english,high
928,Y1,. تتم تروية المبيض من :,Anatomy,Anatomy,الشريان الرجمي,الابهم البطني الحشوي,الشريان المهبلي,الشريان الحيائي البطني,,,B,ABCD,no,indirect question,high
929,Y2,أي مما يلي صحيح حول Rod cells:,Histology,Anatomy,الأقراص الغشائية المتشكلة حديثا تتوضع عند نهاية الخلية.,يتوضع الرودوبسين بين الأقراص الغشائية في القطعة الخارجية.,وظيفتها الأساسية تمييز الألوان,كل ما سبق صحيح.,,,B,ABCD,no,infinite answers,high
930,Y2,يأتي السطح الكبير للأنبوب الهضمي مما يلي عدا :,Histology and Anatomy,Anatomy,زغابات دقيقة,الثنيات,انثناء و تعرج الأنبوب,دسامات كير كرينغ,,,C,ABCDE,no,"""ما عدا""",high
931,Y2,هو الاكثر تواجدا في العضوية,Histology,Anatomy,Fibrocartilage,Elastic cartilage,Hyaline cartilage,Elastic cartilage + hyaline cartilage كلاهما,كل ماسبق خطأ,,C,ABCDE,no,answer in english,high
933,Y1,كل ما يلي من الضفائر الشوكية العصبية ماعدا :,Anatomy,Anatomy,العضدية,القطنية,البطنية,العجزية,,,C,ABCD,no,"""ما عدا""",high
934,Y1,يفصل بين المنخرين :,Anatomy,Anatomy,NASAL CAVITY,العظم الغربالي,NASAL SEPTUM,كل ما سبق خطأ,,,C,ABCD,no,answer in english,high
935,Y2,العصب الزندى:,Anatomy,Anatomy,يتوضع فى الحجره الخلفية للعضد,يتوضع امام الشريان العضدى,يمر خلف اللقيمة الانسيه للعضد,يتوضع أنسى وتر العاطفة الزندية,,,C,ABCD,no,infinite answers,high
936,Y1,كل ما يلي يمر من النفق البصري :,Anatomy,Anatomy,العصب البصري.,الشريان العيني.,A+B .,كل ما سبق خطأ.,,,C,ABCD,no,choose the right answer,high
937,Y2,تكون الطبقة الخارجية رقيقة جدا في :,Histology,Anatomy,الشرايين المرنة.,الشرايين الصغيرة.,الشرايين العضلية.,الشعيرات الدموية.,,,B,ABCD,no,indirect question,high
938,Y1,أحد ما يلي من الأوردة السطحية للطرف العلوي :,Anatomy,Anatomy,الوريد القاعدي,الوريد الزندي,الوريد العضدي,الوريد الابطي,,,A,ABCD,no,choose the right answer,high
939,Y2,يتصف الضغط الحلولي في الاوعية الدموية :,Histology and Anatomy,Anatomy,ناتج عن وجود العناصر الدموية من كريات وخلايا,متغير حسب مناطق الجسم والاوعية,يصل الى 35m.m.hg,ثابت في جميع أنحاء الجسم,,,D,ABCDE,no,infinite answers,high
940,Y1,وسائل اتحاد فاصلة في حركية المفصل:,Anatomy,Anatomy,المحفظة المفصلية,الأربطة,العضلات,السطوح المفصلية,,,C,ABCD,no,indirect question,high
941,Y2,في نقي العظم:,Histology,Anatomy,الصفيحات هي اجزاء سيتوبلاسمية غير حاوية على نواة الخلية النواة اكبر من الخلية ارومة الخلية النواة,طلائع الصفيحات هي استطالات متفرغة من ارومة الخلية النواة,الاجابتان A+B,كل ماسبق خطأ,,,D,ABCD,no,indirect question,high
942,Y2,تتواجد الحديبه الظهريه(ليستر),Anatomy,Anatomy,العظم الزورقى,على الوجه الظهرى للنهايه القاصيه للكعبره,قاعدة الناتئ الابرى للكعبره,قاعدة العظم المشطى الثانى والثالث,العظم الكبير,,B,ABCDE,no,indirect question,high
943,Y1,النهايات الحسبة في الجلد :,Anatomy,Anatomy,تتوزع بصورة منتظمة.,للألم والاهتزاز والتوازن.,تقل كثافتها بالأعضاء التناسلية.,تزداد كثافها حول فوهات الجسم.,,,C,ABCD,no,indirect question,high
944,Y2,أي مما يلي صحيح حول Luteum Corpus :,Histology,Anatomy,يتشكل في قشر المبيض.,يقوم بإفراز HCG.,يتألف من الخلايا الحبيبية و القراب الخارجي للقراب المتبقي.,كل ما سبق صحيح.,,,A,ABCD,no,question in english,high
945,Y1,. تنفتح القناة الصفراوية المشتركة على:,Anatomy,Anatomy,القطعة العفجية العلوية,القطعة العفجية النازلة,القطعة العفجية الافقية,القطعة العفجية الصاعدة,,,B,ABCD,no,indirect question,high
946,Y2,الحويصل المنوي :,Histology and Anatomy,Anatomy,أنبوب ملتوي بشدة,مبطن بظهارة بسيطة مسطحة,الظهارة تغطى بأهداب متفرعة تسمى,A+B,كل ما سبق صحيح,,A,ABCDE,no,indirect question,high
947,Y2,عضلات اليد : (2016 الأولى),Anatomy,Anatomy,عضلات الضرة وحشية التوضع.,عضلات الإلية ثلاثة.,الزندي يغذي معظم عضلات اليد.,الكعبري يغذي عضلة واحدة فقط.,,,c,ABCDE,no,indirect question,high
949,Y1,كل ما يلي صحيح عن العفج عدا :,Anatomy,Anatomy,هو القسم الأول من المعي الدقيق,له شكل حرف C,يحيط بذيل المعثكلة,القطعة الثالثة أفقية,,,C,ABCD,no,"""ما عدا""",high
951,Y1,من وظائف جذع الدماغ ما يلي عدا :,Anatomy,Anatomy,تنظيم الحرارة.,تسرع القلب.,حث لب الكظر لإفراز الإيبينفرين.,مكان لعبور السبل الصاعدة والنازلة.,,,A,ABCD,no,"""ما عدا""",high
952,Y1,الصحيح حول موقع الدماغ البيني :,Anatomy,Anatomy,بين الدماغ الانتهائي والدماغ الامامي,بين الدماغ الانتهائي والدماغ المتوسط,يحتوي على البطين الرابع,B+C صحيحتان,,,B,ABCD,no,choose the right answer,high
953,Y2,ما يلي من آليات التحكم ب الجزء القاصي من النخامى عدا :,Histology,Anatomy,GNRH,التلقيم الراجع السلبي,اوكسيتوسين,كل ما سبق صحيح,,,D,ABCD,no,"""ما عدا""",high
955,Y2,يوصف العصب الوجهي عندما يخرج من الثقبة الإبرية الخشائية بالتالي ما عدا:(2016 تانية),Anatomy,Anatomy,يعصب البطن الخلفي لذات البطنين.,يعصب العضلة التي تؤمن توتر الخد.,يعطي العصب الصخري الكبير.,يكون مساره سطحيا للوريد خلف الفك.,يعصب عضلات التي ترفع الشفة العلوية.,,b,ABCDE,no,"""ما عدا""",high
956,Y1,في مرضى القصور الكلوى نجري وصلة بين:,Anatomy,Anatomy,الشريان الكعبري والوريد العضدي,الشريان الكعبري والوريد الرأسي,الشريان الزندي والوريد القاعدي,الشريان الزندي والوريد الابطي,,,B,ABCD,no,indirect question,high
957,Y1,ليست من عضلات الرأس,Anatomy,Anatomy,القترائية,الوجنية,الصدغية,الماضغة,,,B,ABCD,no,choose the right answer,high
960,Y1,. كل مما يلي هي من عضلات اخمص القدم عدا,Anatomy,Anatomy,باسطة الاصابع الطويلة,قابضة الاصابع القصيرة,العضلات بين العظام,العضلات الخراطينية,,,A,ABCD,no,"""ما عدا""",high
961,Y1,-الفقرة الرقبية الأولى:,Anatomy,Anatomy,الأطلس,الفائق,الشامخة,كل ما سبق خطأ,,,A,ABCD,no,indirect question,high
962,Y1,صحيح عن الانف عدا: (الفصل الثاني عشر),Anatomy,Anatomy,المنطقة الشمية في سقف الانف.,المنطقة الشمية اسفل الانف.,المنطقة الشمية تشكل اقل من ربع مساحة المنطقة التنفسية.,كل ما سبق صحيح.,,,B,ABCD,no,"""ما عدا""",high
963,Y1,تنتج الخلايا الجريبية في الدرق :,Anatomy,Anatomy,T3,كالسيتونين,T4,A+C,,,D,ABCD,no,choose the right answer,high
965,Y1,التلفيف الصدغي العلوي,Anatomy,Anatomy,مراكز القلام الحركية,مراكز الشم,مراكز الخركة ( الهرمية ),مراكز السمع,,,مراكز الحس,ABCD,no,indirect question,high
966,Y1,في الرؤية القريبة يحدث ماعدا :,Anatomy,Anatomy,تقلص العضلة الهدبية,تنبيه ودي,زيادة تحدب العدسة,زيادة القعرة الكاسرة للعدسة,,,B,ABCD,no,"""ما عدا""",high
967,Y2,ينتج مرض المهق بسبب :,Histology and Anatomy,Anatomy,تنكس وتخرب الخلايا الميلانينية,نقص الكوليسترول المفرز من قشر الكظر,عدم الخلايا الميلانينية على انتاج الصباغ,غياب الخلايا الميلانينية,,,C,ABCDE,no,infinite answers,high
968,Y1,يدخل في تشكيل سقف الانف:,Anatomy,Anatomy,الصفيحة الافقية للعظم الغربالي.,الصفيحة العمودية للعظم الغربالي.,التيه الغربالي.,كل ما سبق خطأ.,,,A,ABCD,no,indirect question,high
969,Y1,. كل مايلي صحيح عن الجسر ماعدا,Anatomy,Anatomy,يتعلق عليه المخيخ بست سويقات,يحوي نوى الاعصاب القحفية من الخامس حتى الثامن,يصل بين نصفي الكرة المخية والمخيخية,يسهم بفعاليات المضغ,,,C,ABCD,no,"""ما عدا""",high
970,Y2,في المخيخ:,Histology,Anatomy,خلايا بيركنجي هي عصبونات صغيرة جدا,الطبقة الخارجية هي الطبقة الجزيئية,طبقة الخلايا الحبيبية تقع بين الطبقتين الجزيئية وطبقة خلايا بيركنجي,A+C,كل ماسبق صحيح,,B,ABCDE,no,indirect question,high
971,Y1,. الشريان الابطي هو استمرار للشريان,Anatomy,Anatomy,Lingual artery,Subclavian artrty,Ulnar artery,Maxillary artery,,,B,ABCD,no,answer in english,high
972,Y2,أي الاتي حول epiglottis صحيح:,Histology,Anatomy,سطحها الحنجري مغطى بظهارة مطبقة كاذبة اسطوانية.,يوجد في الصفيحة المخصوصة غدد مصلية فقط,تبرز من الطرف السفلي للحنجرة.,سطحها اللساني يغطى بظهارة مطبقة كاذبة مسطحة.,,,A,ABCD,no,choose the right answer,high
973,Y2,خلايا موجودة في النسيج الضام ولكنها أتت من أماكن أخرى :,Histology,Anatomy,Adipose cells,Fibroblasts,Mast cells,الثاني والثالث.,كلها تنشأ في النسيج الضام حصرا.,,E,ABCDE,no,indirect question,high
974,Y1,كل ما يلي عن المعي الدقيق صحيح عدا :,Anatomy,Anatomy,يمتد من فتحة البواب إلى بداية المعي الغليظ,يتألف من ثلاثة أقسام العفج ، الصائم واللفائفي,يكون القسم الأكبر من العفج متحركا,يتحرك الصائم واللفائفي بحرية,,,C,ABCD,no,"""ما عدا""",high
975,Y2,الخط - M - في القسيم العضلي يمثل :,Histology,Anatomy,منطقة تقارب خيوط الأكتين لقسيمين متجاورين.,شريط من الاتصالات بين خيوط الميوسين.,خيوط الأكتين.,خيوط الميوسين.,بروتين التيتين ( titin ),,B,ABCDE,no,infinite answers,high
977,Y2,تمفصلات عظاك رسغ اليد,Anatomy,Anatomy,المربعى مع قاعدة المشط الاول,المنحرفى مع قاعدة المشط الثالث,الكبير مع قاعدة المشط الثانى,الزورقى مع الكلابى,,,A,ABCDE,no,indirect question,high
978,Y1,. يحيط بمثانة الرجل في الاعلى,Anatomy,Anatomy,الكولون السيني,الكولون الصاعد,الكولون المستعرض,الكولون النازل,,,A,ABCD,no,indirect question,high
979,Y1,تنشأ الحشفة من,Anatomy,Anatomy,الجسم الكهفي,الجسم الإسفنجي,الساقان,لا شيء مما سبق,,,B,ABCD,no,indirect question,high
980,Y2,بطانة الرحم,Histology and Systemic Anatomy,Anatomy,الظهارة تحوي خلايا غير مهدبة,الغدد غنية بالخلايا المهدبة,الصفيحة المخصوصة فقيرة بارومات الليف,2+3,كل ما سبق خطأ,,E,ABCDE,no,indirect question,high
981,Y1,يتفرع الشريان القطعي لشرايين:,Anatomy,Anatomy,قطعية,فصية,بين الفصوص,بين الفصيصات,,,B,ABCD,no,indirect question,high
983,Y2,الآلية الرئيسية في مراقبة فعالية الخلايا في الجزء القاصي من النخامى الغدية هي :,Histology,Anatomy,الهرمونات الببتيدية,التلقيم الراجع السلبي.,فعالية النبضات العصبية.,كل من a و b,,,A,ABCD,no,indirect question,high
984,Y1,الوسادة من النسيج الدهني فوق الارتفاق العاني تُدعى:,Anatomy,Anatomy,جبل العانة,الشفر الصغير,الشفر الكبير,دهليز الفرج,,,A,ABCD,no,indirect question,high
986,Y1,عدد الأضلاع السائبة :,Anatomy,Anatomy,سبعة في كل جانب.,ثلاث في كل جانب.,اثنتان في كل جانب.,ستة في كل جانب.,,,C,ABCD,no,indirect question,high
987,Y2,الليباز المعدي أنزيم هاضم ل :,Histology,Anatomy,السكريات,البروتينات,الدسم.,الفيتامينات.,,,C,ABCD,no,indirect question,high
989,Y1,من فروع الزلاقي ماعدا:,Anatomy,Anatomy,الطحالي,المعدي الأيسر,المعدي الأيمن,الكبدي,,,C,ABCD,no,"""ما عدا""",high
990,Y2,يحبس انثى وتر ثنائيه الرؤوس العضديه فى المرافق,Anatomy,Anatomy,الشريان العضدى,الالشريان الزندى,الشريان الصدرى العلوى,الوريد الرأسى,الشريان العضدى العميق,,A,ABCDE,no,indirect question,high
991,Y1,. اختر الاجابة الخاطئة المتعلقة بالاضلاع:,Anatomy,Anatomy,هي عظام مسطحة متطاولة,تتصل جميعها بعظم القص,عددها 12 في كل جانب,تقسم الى حقيقية وكاذبة وسائبة,,,B,ABCD,no,choose the right answer,high
992,Y1,كل ما يلي أقسام القذالي ما عدا:,Anatomy,Anatomy,القسم القاعدي,القسم الجانبي,القسم الصدفي,الجناح الكبير,,,D,ABCD,no,"""ما عدا""",high
993,Y1,تمتاز الفقرة الرقبية الأولى:,Anatomy,Anatomy,لها جسم.,تدعى Atlas .,لها ناتئ شوكي.,هي أكبر الفقرات الرقبية.,,,B,ABCD,no,infinite answers,high
996,Y1,تقع اللوزة الحنكية :,Anatomy,Anatomy,الجدار الوحشي للبلعوم الفموي,بين الطيتين الحنكية اللسانية والحنكية البلعومية,جانب الفلكة,A+B,,,D,ABCD,no,indirect question,high
997,Y2,العضلة مبعدة الإبهام الطويلة : (الخاطئة) (2009),Anatomy,Anatomy,هي من عضلات الساعد الخلفية.,ترتكز على قاعدة السنع الأول.,يعصبها العصب الناصف.,تساهم في تبعيد اليد.,,,c,ABCDE,no,choose the wrong answer,high
998,Y2,الهلالة المفصلية: (2007 أولى),Anatomy,Anatomy,تتمفصل مع البكرة المفصلية في الفخذ,تتمفصل مع الظنبوب,تلتحم حافتها الداخلية مع المحفظة المفصلية,حافتها الخارجية أرق من الداخلية,,,a,ABCDE,no,indirect question,high
999,Y2,يحد الثقبة التريبة (وينسلو) سفليا بـ:,Anatomy,Anatomy,الاثني عشر.,الثرب الصغير.,المعدة.,الوريد الأجوف السفلي.,القولون المستعرض.,,A,ABCDE,no,indirect question,high
1000,Y1,المفصل الفكي الصدغي (الخاطئة):,Anatomy,Anatomy,مفصل زليلي.,له لقمتان.,لا يحوي قرصاً مفصلياً.,المفصل الوحيد المتحرك في القحف.,,,C,ABCD,no,choose the wrong answer,high
1001,Y1,غضروف غير ثابت يشبه العصية:,Anatomy,Anatomy,الطرجهالي,القريني,الإسفيني,الفلكة,,,C,ABCD,no,indirect question,high
1002,Y2,إن النزح اللمفي القسم العلوي من القناة الشرجية:,Anatomy,Anatomy,إلى العقد المساريقية السفلية.,إلى العقد المساريقية المتوسطة.,إلى العقد الإربية السطحية.,إلى العقد الحرقفية الباطنة.,ليس أيا مما سبق.,,A,ABCDE,no,indirect question,high
1003,Y1,يتصل رأس الضلع بين فقرتين عدا الأضلاع:,Anatomy,Anatomy,1 – 11 – 12,11 – 12,1 – 12,لا شيء مما سبق,,,A,ABCD,no,number,high
1004,Y2,اختر الإجابة الصحيحة.,Histology,Anatomy,في الدماغ لا توجد أوعية لمفاوية,السائل الدماغي الشوكي ذو محتوى عالي من البروتينات,استسقاء الدماغ ينتج بسبب نقص إفراز السائل الدماغي الشوكي,الإجابتان الأولى والثانية صحيحتان,كل ما سبق صحيح,,C,ABCDE,no,choose the wrong answer,high
1005,Y2,اختر الإجابة الصحيحة حول recti Tubule,Histology,Anatomy,تفرغ محتوياتها في الشبكة الخصيوية .,حمل النطاف الناضجة إلى الأسهر .,تجتمع لتشكل القناة البربخية .,كل ما سبق خاطئ .,,,A,ABCD,no,choose the right answer,high
1006,Y1,من أقسام العظم الصدغي ما عدا:,Anatomy,Anatomy,الصخرة,الخشاء,الصدفة,الجسم,,,D,ABCD,no,"""ما عدا""",high
1007,Y2,يتوضع الوريد الاجوف العلوي في :,Anatomy,Anatomy,المفصل القصبي المرفوع لأيمن.,الغضروف الضلعي الثاني لأيمن.,الغضروف الضلعي الرابع لأيمن.,الغضروف الضلعي السادس لأيمن.,الغضروف الضلعي السابع لأيمن.,,B,ABCDE,no,indirect question,high
1009,Y1,تعمل العضلات الألوية على:,Anatomy,Anatomy,تبعيد الفخذ,تقريب الفخذ,تدوير أنسى للفخذ,A+C,,,D,ABCD,no,choose the right answer,high
1010,Y1,. كل مايلي صحيح عن الجهاز في الكلية عدا,Anatomy,Anatomy,تتصل الحويضة بالحالب,تصب على الحويضة خمسة رؤوس كبيرة,يصب على الكؤويس 2 الى 3 كؤوس,يصب كل هرم كلوي في كأس صغيرة عبر الحليمة,,,B,ABCD,no,"""ما عدا""",high
1011,Y1,لكل رئة :,Anatomy,Anatomy,شق أساسي وأربعة وجوه,شقان ووجهان وقمة وقاعدة,شقان وثلاثة وجوه,شق أساسي ووجها وقمة وقاعدة,,,D,ABCD,no,indirect question,high
1012,Y2,إن العضلة المسؤولة عن انتصاب القضيب:,Anatomy,Anatomy,بصلية اسفنجية.,إسكية كهفية.,عجانية سطحية.,A و D,لا شيء مما سبق.,,D,ABCDE,no,choose the right answer,high
1013,Y1,الدماغ الأمامي بشكل إجابة واحدة خاطئة,Anatomy,Anatomy,تصفي الكرة المخية.,الجسر .,الدماغ النهائي.,الدماغ البيني.,,,B,ABCD,no,choose the wrong answer,high
1014,Y1,من فروع الشريان الحرقفي الباطن ما عدا:,Anatomy,Anatomy,سري,مستقيمي أوسط,العجاني,الفخذي,,,D,ABCD,no,"""ما عدا""",high
1016,Y1,تتوضع نواة العصب الثاني في :,Anatomy,Anatomy,الدماغ المتوسط,الجسر,البصلة,لا شئ مما سبق,,,D,ABCD,no,choose the right answer,high
1017,Y1,الفقرات الرقبية (الخاطئة) (مكرر):,Anatomy,Anatomy,جسم الفقرة صغير.,الثقبة الفقرية مثلثة الشكل.,النواتي الشوكية قصيرة ومنشعبة في نهايتها.,الفقرة الرقبية الأولى لها قوس خلفية تتمفصل مع سن المحور .,,,D,ABCD,no,choose the wrong answer,high
1018,Y1,العضلة القترائية هي :,Anatomy,Anatomy,العضلة القصية الترقوية الخشائية.,العضلة المنشارية.,العضلة شبه المنحرفة.,العضلة المستر عضة الظهرية.,,,A,ABCD,no,indirect question,high
1019,Y1,. الحاجز الذي يفصل بين المنخرين:,Anatomy,Anatomy,Narinae,Dorsum of the nose,Ala of the nose,Nasal septum,,,D,ABCD,no,answer in english,high
1022,Y1,العصب القحفي الثاني :,Anatomy,Anatomy,البصري - حاسي,العيني - حاسي,البصري - حسي,العيني - حسي,,,A,ABCD,no,indirect question,high
1024,Y1,- كل مما يلي ليست من النقاط التشريحية للوجه الداخلي للفك السفلي ما عدا:,Anatomy,Anatomy,الخط المائل,الحدبة النابية,الخط الضرسي اللامي,الناشزة الذقنية,,,B,ABCD,no,"""ما عدا""",high
1025,Y2,تتميز اللقافة السطحية للعنق بكل مما يلي ماعدا:(2017 أولى),Anatomy,Anatomy,تضم مقادير مختلفة من النسج الشحمية .,تحتوي عضلة ال .Platysma,يتوضع فيها قسم من الوريد الوداجي الظاهر.,يوجد ضمنها عقد لمفية رقبية.,تطوق كامل العنق.,,e,ABCDE,no,"""ما عدا""",high
1026,Y1,. غدة تقع خلف البطين الثالث,Anatomy,Anatomy,Pineal glad,Pituitary gland,Andrenal gland,Thyroid gland,,,A,ABCD,no,answer in english,high
1027,Y1,المقطع السهمي في الرحم ذو شكل,Anatomy,Anatomy,مثلثي,مجرد شق,شبه منحرف,دائري,,,B,ABCD,no,indirect question,high
1029,Y2,الخط النعلي : (2016),Anatomy,Anatomy,منشأ للعضلة النعلية.,أعلاه تنشأ الظنبوبية الخلفية.,أسفله تنشأ الأخمصية.,يقع وسط السطح الخلفي للظنبوب.,,,A,ABCDE,no,indirect question,high
1352,Y1,في سببيات متلازمة تيرنر: الخطأ,Biochemistry,Biochemistry,"45, X.","45,X/46,XX.","46,X,dup(X)(p23).","46,X,del(X)(p11).","46,X,r(X).",,A,ABCDE,no,choose the wrong answer,high
1355,Y1,عملية تشكيل عديدات الببتيد من سلاسل رنا ناضج هي:,Biochemistry,Biochemistry,Transcription,Translation,Gene Expression,Reverse Transcription,,,B,ABCD,no,answer in english,high
1356,Y2,اسطوانات منحنية، تكون سهلة التمييز المحتواها الكاسر للضوء:,Biochemistry,Biochemistry,هيالينية,شمعية,حبيبية,دهنية,,,B,ABCD,no,indirect question,high
1358,Y1,في DNA المتقدرات: (الخطأ),Biochemistry,Biochemistry,يكون حلقيا,مصدره أموي,يشكل 15% من الدنا الكلي,يحوي مورثات ذات تعبير مورثي,,,C,ABCD,no,infinite answers,high
1359,Y2,من الحموض الأمينية (المشحونة سلبا):,Biochemistry,Biochemistry,أرجنين,اسباريتك,ألانين,غليسين,,,B,ABCD,no,indirect question,high
1360,Y2,كل مما يلي حول التهاب الكبد الخاطف صحيح ما عدا:,Biochemistry,Biochemistry,يحدث غالبا خلال 18 أسابيع من الإصابة بالتهاب الكبد الحاد.,أهم الملامح السريرية هو دخول المريض في اعتلال دماغي.,البقيا على قيد الحياة عند حدوث السبات Coma، أقل من ٧٠%.,يحدث عادة قصور كلوي مرافق لتخرب الخلايا الكبدية.,,,A,ABCD,no,"""ما عدا""",high
1362,Y2,عوز فيتامين البيوتين:,Biochemistry,Biochemistry,سببه تناول الذرة بكميات كبيرة.,من أعراضه الشعرانية.,من أعراضه التهاب اللسان.,من أعراضه التخلف العقلي.,,,D,ABCD,no,infinite answers,high
1363,Y2,من مفرزات الصفراء:,Biochemistry,Biochemistry,تناول أطعمة تحتوي على الكريما.,هرمون كولي سيتوكينين.,الأملاح الصفراوية.,تناول أطعمة تحتوي على صفار البيض.,,,C,ABCD,no,infinite answers,high
1364,Y2,تساهم في المحافظة على ثباتية البنية الثالثية:,Biochemistry,Biochemistry,الروابط الهيدروجينية.,الروابط ثنائية الكبريت.,التفاعلات الكارهة للماء.,كل ما سبق صحيح.,,,D,ABCDE,no,all the above,high
1365,Y1,تتضمن تقانات المتعضيات المحمورة تتضمن وراثيا: GMOS,Biochemistry,Biochemistry,إقصاء الجين Gene knock out,إضافة الجين Gene knock in,دمج تقانتي الإقصاء والإضافة للجين,جميع ما سبق صحيح,,,D,ABCD,no,all the above,high
1367,Y2,فى النفاخ الرئوى emphysema كل ما يلى صحيح ما عدا:,Biochemistry,Biochemistry,البروتين الفا 1 انتى تربيسينيثبط فعاليه الإلاستاز,يتخرب بروتين الإلاستينفى الجدار السنخية للرئتين,السبب عوز وراثى فى البروتين الفا 1 انتى تريبسين,ترتفع الموجه a1 غلوبيولين,,,D,ABCD,no,"""ما عدا""",
1370,Y1,في أنزيم RNA Polymerase :,Biochemistry,Biochemistry,يشكل الروابط التكافؤية الإستيرية.,يتألف من عدة وحيدات subunit.,يرتبط مع المحضض.,يركب ال RNA من الاتجاه 3 إلى5.,لا يحتاج إلى بادي (مشرع ).,,A,ABCDE,no,indirect question,high
1371,Y1,النطفة عديمة الصبغي nullsomic : الخطأ,Biochemistry,Biochemistry,عدد الصبغيات فيها 0.,تنجم عن ظاهرة عدم الإنفصال.,يمكن للإنسان الطبيعي أن يحوي عدداً منها.,تفسر حصول إجهاض عفوي.,يكون النمط النووي في دم حاملها طبيعياً.,,C,ABCDE,no,choose the wrong answer,high
1372,Y1,في جزيء DNA النكليوتيد :,Biochemistry,Biochemistry,يمكن أنيرتبط به أكثر من مجموعة فوسفات واحدة.,يرتبط الأساس الازوتي بالكربون رقم 1.,ترتبط مجموعة الفوسفات بالكربون رقم رقم 5.,يكون نقص الأكسجين في الكربون رقم 2.,يكون نقص الأكسجين في الكربون رقم 3.,,A,ABCDE,no,indirect question,high
1374,Y2,فيتامين البيوتين:,Biochemistry,Biochemistry,يعتبر حامل عابر لزوج من ذرات الهيدروجين,يصنع من قبل الجراثيم المعوية,له دور أساسي في تفاعلات تحلل السكر,سبب عوز هو تناول السمك النئ,,,B,ABCDE,no,indirect question,high
1375,Y2,حالة عدم تحمل اللاكتوز:,Biochemistry,Biochemistry,قد تسبب تخلف عقلي لدى المصاب,من أسبابها الإسهالات الشديدة,سببها عوز انزيم غالاكتوز -1- فوسفات يوريديل ترانسفراز,تظهر عند الرضع فقط,,,B,ABCDE,no,infinite answers,high
1376,Y2,الخواص العامة للإنزيمات ما يلي عدا:,Biochemistry,Biochemistry,تأثيرها النوعي,التثبيط,تثبيط تنافسي,لا شيء مما سبق,,,D,ABCDE,no,"""ما عدا""",high
