id,input,prediction,ground_truth,prediction_clean,ground_truth_clean,bert_precision_example,bert_recall_example,bert_f1_example
1,ما هو العصب الذي ينقل إحساس الذوق من ثلث اللسان الخلفي؟,,التاسع,,التاسع,0.0,0.0,0.0
2,ما هي القوس البيضاء عند حدود جسم الظفر مع جذره؟,,هليل الظفر,,هليل الظفر,0.0,0.0,0.0
3,أين يقع الخط الالوي السفلي؟,,السطح الخارجي للحرقفة,,السطح الخارجي للحرقفة,0.0,0.0,0.0
4,ما هي الحافة من الفرع التي تشكل زاوية الفك السفلي؟,,الخلفية,,الخلفية,0.0,0.0,0.0
5,ما هي البنية التشريحية التي تتعصب بالعصب الشظوي السطحي؟,,العضله الشظويه الطويله,,العضله الشظويه الطويله,0.0,0.0,0.0
6,أين تشاهد الجسور بين الخلوية؟,,الطبقة الشائكة من النسيج الظهاري المطبق,,الطبقة الشائكة من النسيج الظهاري المطبق,0.0,0.0,0.0
7,ما الذي يحول الثلمتين الاسكيتين إلى ثقبتين؟,,الرباط العجزي الشوكي العجزي الحدبي,,الرباط العجزي الشوكي العجزي الحدبي,0.0,0.0,0.0
8,ما هو الهرمون الذي يفرز PTH؟,,الغدد جارات الدرق,,الغدد جارات الدرق,0.0,0.0,0.0
9,ما الذي يقع بين جسم الفقرة والقوس الفقرية؟,,الثقبة الفقرية,,الثقبة الفقرية,0.0,0.0,0.0
10,أين تقع المنطقة الشمية؟,,سقف الأنف,,سقف الأنف,0.0,0.0,0.0
11,ما الذي يتصل به المدورين بالأمام في الفخذ؟,,الخط بين المدورين,,الخط بين المدورين,0.0,0.0,0.0
12,أين يوجد التلم الكعبري في جسم العضد؟,,على الوجه الخلفي.,,على الوجه الخلفي.,0.0,0.0,0.0
13,ما الذي تتشكل منه ضفيرة راشكوف في لب السن؟,,ألياف حسية.,,ألياف حسية.,0.0,0.0,0.0
14,أين يقع المستقيم؟,,القولون السيني والقناة الشرجية,,القولون السيني والقناة الشرجية,0.0,0.0,0.0
15,إلى أي صنف من أصناف الغدد تنتمي حديثات المونتغمري؟,,دهنية,,دهنية,0.0,0.0,0.0
16,ما هو العصب المحرك لعضلات اللسان؟,,12,,12,0.0,0.0,0.0
17,ما هي الضفيرة التي يتفرع منها العصب الحجابي؟,,الرقبية,,الرقبية,0.0,0.0,0.0
18,من أين يفرز الأدرينالين؟,,لب الكظر,,لب الكظر,0.0,0.0,0.0
19,ما هو الوريد الذي يتشكل منه الوريد الأجوف السفلي؟,,الوريدين الحرقفيين المشتركين الأيمن والأيسر,,الوريدين الحرقفيين المشتركين الأيمن والأيسر,0.0,0.0,0.0
20,ما هي الطبقة الأكثر تمايزاً وكثافة في الشرايين؟,,المتوسطة,,المتوسطة,0.0,0.0,0.0
21,مما ينتج هرمون T4؟,,الدرق,,الدرق,0.0,0.0,0.0
22,ما هي العضلة التي ترتكز بشكل أساسي على العظم الزورقي؟,,الظنبوبي الخلفي,,الظنبوبي الخلفي,0.0,0.0,0.0
23,أين تقع المنطقة الشمية؟,,سقف الأنف,,سقف الأنف,0.0,0.0,0.0
24,ما هو اسم الوسادة من النسيج الدهني فوق الارتفاق العاني؟,,جبل العانة,,جبل العانة,0.0,0.0,0.0
25,أين يتوضع الكولون السيني؟,,الناحية المغبنية اليسرى,,الناحية المغبنية اليسرى,0.0,0.0,0.0
26,ما هو القسم من العظم الجبهي الذي يفصل بين القسمين الحجاجيين من الخلف؟,,الثلمة الغربالية,,الثلمة الغربالية,0.0,0.0,0.0
27,ما هي الفروع الانتهائية للسبات الظاهر؟,,الفكي والصدغي والسطحي,,الفكي والصدغي والسطحي,0.0,0.0,0.0
28,أين يمر عصب الفك العلوي؟,,الثقبة المدورة,,الثقبة المدورة,0.0,0.0,0.0
29,ما هي النقطة التشريحية على الوجه السفلي لجسم العظم الوتدي؟,,المنقار الوتدي,,المنقار الوتدي,0.0,0.0,0.0
30,ما اسم العظم الذي يتوضع كيس الدمع عليه؟,,الدمعي أنسي الحجاج,,الدمعي أنسي الحجاج,0.0,0.0,0.0
31,من أين ينشأ الشريان السباتي المشترك الأيسر؟,,قوس الأبهر مباشرة,,قوس الأبهر مباشرة,0.0,0.0,0.0
32,ما طول الأسهر؟,,45 سم,,45 سم,0.0,0.0,0.0
33,ما هو المكان الذي يعبر من خلاله الشريان السحائي الأوسط؟,,الثقبة الشوكية,,الثقبة الشوكية,0.0,0.0,0.0
34,ما هي الطية الجلدية التي تغطي رأس القضيب؟,,القلفة,,القلفة,0.0,0.0,0.0
35,ما هي البنية التشريحية التي ترتكز على الحفرة المدورية؟,,العضلة السدادية الظاهرة,,العضلة السدادية الظاهرة,0.0,0.0,0.0
36,أين يتوضع الدرز الأكليلي؟,,يتوضع بين العظم الجبهي والجداريين.,,يتوضع بين العظم الجبهي والجداريين.,0.0,0.0,0.0
37,ماذا يفعل الرباط المتصالب الأمامي؟,,يمنع انزياح الساق للأمام,,يمنع انزياح الساق للأمام,0.0,0.0,0.0
38,ما العصب القحفي الذي يعبر الثقبة البيضية؟,,الفكي السفلي,,الفكي السفلي,0.0,0.0,0.0
39,إلى أي قصبات تتفرع القصبات الفصية؟,,قطعية شدفية,,قطعية شدفية,0.0,0.0,0.0
40,أين توجد نوى الأعصاب القحفية من الثالث حتى الثاني عشر؟,,جذع الدماغ,,جذع الدماغ,0.0,0.0,0.0
41,على ماذا يحتوي البلعوم الفموي من اللوزتين؟,,الحنكيتين,,الحنكيتين,0.0,0.0,0.0
42,على أي من وجوه الكبد يوجد مسكن المرارة؟,,السفلي,,السفلي,0.0,0.0,0.0
43,ما هو العصب القحفي الثاني؟,,البصري - حاسي,,البصري - حاسي,0.0,0.0,0.0
44,ما وظيفة العضلة تحت الكتفية؟,,دوران أنسي للكتف.,,دوران أنسي للكتف.,0.0,0.0,0.0
45,أين تتوضع المشيمة في ارتكاز المشيمة المعيب؟,,بين الجنين والمهبل.,,بين الجنين والمهبل.,0.0,0.0,0.0
46,ما اسم الطبقة من السحايا التي تغطي الجيوب الوريدية؟,,الام الجافية,,الام الجافية,0.0,0.0,0.0
47,ما هي الألياف التي تربط المراكز القشرية بالمحيط؟,,إسقاطية,,إسقاطية,0.0,0.0,0.0
48,ما الذي تشكله البصلة عندما تتمادى في الأمام في جسم القضيب؟,,الجسم الاسفنجي,,الجسم الاسفنجي,0.0,0.0,0.0
49,ما هي أكبر غدد الجسم؟,,الكبد,,الكبد,0.0,0.0,0.0
50,ما هي الشرايين الخمسة التي يتفرع إليها الشريان الكلوي؟,,قطعية,,قطعية,0.0,0.0,0.0
51,بماذا ينتهي الشريان الوجهي؟,,الشريان الزاوي,,الشريان الزاوي,0.0,0.0,0.0
52,ما هي طبقة لب السن الأكثر عمقا والأقرب لجوهر اللب؟,,المنطقة الغنية بالخلايا.,,المنطقة الغنية بالخلايا.,0.0,0.0,0.0
53,أين تقع فوهة مصب الجيب الأكليلي؟,,أمام وأسفل مصب الأجوف السفلي,,أمام وأسفل مصب الأجوف السفلي,0.0,0.0,0.0
54,ما هي الزاوية الأمامية السفلية للعظم الجداري؟,,وتدية,,وتدية,0.0,0.0,0.0
55,أي عصب هو المحرك لعضلات اللسان؟,,12,,12,0.0,0.0,0.0
56,ما هو البروز العظمي الذي يحتوي عليه الوجه الداخلي لفرع الفك السفلي؟,,اللسين,,اللسين,0.0,0.0,0.0
57,ما هي المواد التي تفرزها الغدد استجابة للتنبيه وترحل عبر الدم؟,,الهرمونات,,الهرمونات,0.0,0.0,0.0
58,ما هي الزاوية بين قبضة وجسم القص؟,,لويس,,لويس,0.0,0.0,0.0
59,من أين يخرج العصب الفكي العلوي من الجمجمة؟,,الثقبة المدورة,,الثقبة المدورة,0.0,0.0,0.0
60,ما الذي يحدد المنصف العلوي جانبياً؟,,الجنية المنصفية.,,الجنية المنصفية.,0.0,0.0,0.0
61,ما هما الممران اللذان يمر عبرهما الهواء إلى جوف الأنف؟,,المنخرين,,المنخرين,0.0,0.0,0.0
62,أين ترتكز العضلة العريضة الظهرية؟,,قاع أخدود ذات الرأسين.,,قاع أخدود ذات الرأسين.,0.0,0.0,0.0
63,ما هو القولون الذي يمتد بشكل أفقي؟,,الكولون المعترض,,الكولون المعترض,0.0,0.0,0.0
64,كم عدد القطع العصعصية في النخاع الشوكي؟,,1,,1,0.0,0.0,0.0
65,ما الطبقة التي تمثلها العضلة الدافعة في المثانة؟,,العضلية,,العضلية,0.0,0.0,0.0
66,ما هي الخلايا التي توجد في الجلد وتعمل كمستقبلات آلية حسية؟,,خلايا ميركل.,,خلايا ميركل.,0.0,0.0,0.0
67,ما اسم الكرة الصغيرة فوق قمة الغضروف؟,,القريني,,القريني,0.0,0.0,0.0
68,أين لا توجد الغدد الزهمية؟,,راحة اليد وأخمص القدم,,راحة اليد وأخمص القدم,0.0,0.0,0.0
69,ما هو العصب المسؤول عن حركات عضلات الوجه التعبيرية؟,,السابع,,السابع,0.0,0.0,0.0
70,ما هي الزاوية الخلفية السفلية في العظم الجداري؟,,خشانية,,خشانية,0.0,0.0,0.0
71,ما هو الاسم الآخر لفرع الفك السفلي؟,,الرأد.,,الرأد.,0.0,0.0,0.0
72,ماذا يفعل الرباط المتصالب الأمامي؟,,يمنع ازياح الساق للأمام,,يمنع ازياح الساق للأمام,0.0,0.0,0.0
73,ما هي الثقبة التي يعبر من خلالها العصب الوجهي؟,,الثقبة الإبرية الخشانية,,الثقبة الإبرية الخشانية,0.0,0.0,0.0
74,ماذا تفرز خلايا بيتا في البنكرياس؟,,الأنسولين,,الأنسولين,0.0,0.0,0.0
75,ما هو التامور الخارجي الذي لا يرتبط بالقلب؟,,التامور الليفي,,التامور الليفي,0.0,0.0,0.0
76,ما هو القسم من الضلع الواقع بين الرأس والحديبة؟,,العنق,,العنق,0.0,0.0,0.0
77,مع أي عظم يتمفصل الظنبوب في الأسفل؟,,القعب,,القعب,0.0,0.0,0.0
78,أي من العضلات العميقة التالية للمثلث الخلفي للعنق ترتبط بحدبة الأطلس الخلفية؟,,المستقيمه الرأسيه الخلفيه الصغيرة,,المستقيمه الرأسيه الخلفيه الصغيرة,0.0,0.0,0.0
79,ما هو التركيب الذي يتصل بالخلف مع البلعوم الفموي عبر برزخ الحلق؟,,جوف الفم المخصوص,,جوف الفم المخصوص,0.0,0.0,0.0
80,ما هي البنية التي تغطي السطوح الأمامي والإنسي والوحشي للخصية؟,,الغلالة الغمدية,,الغلالة الغمدية,0.0,0.0,0.0
81,أين يقع موقع الغدة الدرقية؟,,تحت الحنجرة وعلى جانبي الرغامي وأمامها,,تحت الحنجرة وعلى جانبي الرغامي وأمامها,0.0,0.0,0.0
82,أين تتوضع مستقبلات الشم؟,,سقف الأنف.,,سقف الأنف.,0.0,0.0,0.0
83,ما هي طبيعة هرمونات الغدة النخامية؟,,بيتيدية,,بيتيدية,0.0,0.0,0.0
84,ما هو مفصل المرفق؟,,نموذج رزى,,نموذج رزى,0.0,0.0,0.0
85,ما هو المكان الذي تنشأ منه العضلة المدورة الكبيرة بشكل أساسي؟,,أسفل الحافة الوحشية لعظم لوح الكتف.,,أسفل الحافة الوحشية لعظم لوح الكتف.,0.0,0.0,0.0
86,أين يتوضع الأبهر النازل البطني؟,,أيسر الأجوف السفلي,,أيسر الأجوف السفلي,0.0,0.0,0.0
87,ما الذي يجاور السطح العلوي لمثانة الرجل؟,,عرى اللفائفي والكولون السيني,,عرى اللفائفي والكولون السيني,0.0,0.0,0.0
88,ما هي عضلة الشهيق الرئيسية؟,,الحجاب الحاجز.,,الحجاب الحاجز.,0.0,0.0,0.0
89,ما هو ترتيب دخول التراكيب إلى سرة الكلية من الخلف للأمام؟,,حويضة – شريان – وريد,,حويضة – شريان – وريد,0.0,0.0,0.0
90,أين تشاهد التلمة الكعبرية للزند؟,,الوجه الوحشي للناتئ المنقاري.,,الوجه الوحشي للناتئ المنقاري.,0.0,0.0,0.0
91,أين تتوضع الثقبة العوراء في اللسان؟,,خلف الكلم الإنتهائي,,خلف الكلم الإنتهائي,0.0,0.0,0.0
92,ما هو أطول أجزاء الأنبوب الهضمي؟,,المعي الدقيق,,المعي الدقيق,0.0,0.0,0.0
93,ما هو ترتيب العضلات من الأعلى للأسفل على الناحية الخلفية للألية؟,,كمثرية - توأمية علوية - سادة باطنة - توأمية سفلية,,كمثرية - توأمية علوية - سادة باطنة - توأمية سفلية,0.0,0.0,0.0
94,ما هي الطبقة المبطنة للتامور الليفي؟,,التامور المصلي الجداري,,التامور المصلي الجداري,0.0,0.0,0.0
95,ما هو أطول أجزاء أنبوب الهضم؟,,المعي الدقيق,,المعي الدقيق,0.0,0.0,0.0
96,ما هو الهرمون الذي يسرع عملية تصنيع الأحماض الدهنية من الغلوكوز في الخلايا الشحمية؟,,الانسولين,,الانسولين,0.0,0.0,0.0
97,ما هو الرباط الذي يربط الرحم بجدران الحوض الجانبية؟,,العريض,,العريض,0.0,0.0,0.0
98,ما هو لون لب الكظر؟,,بني غامق,,بني غامق,0.0,0.0,0.0
99,ما الذي يشكل معظم الكتلة العضلية للسان؟,,ذقنية لسانية,,ذقنية لسانية,0.0,0.0,0.0
100,ما هي أصغر الحليمات الذوقية وأكثرها عدداً؟,,الخيطية,,الخيطية,0.0,0.0,0.0
101,ما هي العضلات الطويلة التي تربط الفقرات مع بعضها؟,,عضلات العمود الفقري,,عضلات العمود الفقري,0.0,0.0,0.0
102,ما هو أضيق قسم في جذع الدماغ؟,,مستوى الدماغ المتوسط,,مستوى الدماغ المتوسط,0.0,0.0,0.0
103,أين يقع التلفيف خلف المركزي؟,,الفص الجداري.,,الفص الجداري.,0.0,0.0,0.0
104,ما هي الباحة التي يحويها التلفيف خلف المركزي؟,,الحس الجسدي الأولية,,الحس الجسدي الأولية,0.0,0.0,0.0
105,ما هي أصغر الحليمات الذوقية وأكثرها عدداً؟,,الخيطية,,الخيطية,0.0,0.0,0.0
106,ما هي المجموعة العضلية التي تنتمي إليها العضلة الحرقفية؟,,عضلات الزنار الحوضي الأمامية,,عضلات الزنار الحوضي الأمامية,0.0,0.0,0.0
107,ما هو القسم المسؤول عن تنظيم الفعالية الحياتية الذاتية؟,,جذع الدماغ,,جذع الدماغ,0.0,0.0,0.0
108,ما هي المادة شبيهة بالهلام التي تشغل أربعة أخماس المقلة؟,,الخلط الزجاجي,,الخلط الزجاجي,0.0,0.0,0.0
109,أين تقع أجسام العصبونات التي تفرز الهرمون المضاد للإدرار ADH؟,,الأنوية فوق البصرية,,الأنوية فوق البصرية,0.0,0.0,0.0
110,ما هي العضلات التي لها منشأ عظمي وترتكز على باطن جلد الوجه؟,,عضلات الوجه التعبيرية,,عضلات الوجه التعبيرية,0.0,0.0,0.0
111,ما هو مصدر التروية الرئيسية للمعدة؟,,فروع الجذع الزلاقي,,فروع الجذع الزلاقي,0.0,0.0,0.0
112,ما هي أطول أجزاء أنبوب الهضم؟,,المعي الدقيق,,المعي الدقيق,0.0,0.0,0.0
113,من أين ينشأ الجذع الرئوي؟,,البطين الأيمن,,البطين الأيمن,0.0,0.0,0.0
114,ما هو اسم المنعكس الذي يحدث عند رفع الخصية والصفن للأعلى؟,,المشمري,,المشمري,0.0,0.0,0.0
115,ما هو العظم الذي يحتوي على تلم في وجهه السفلي لمرور وتر الشظية الطويلة؟,,النردي,,النردي,0.0,0.0,0.0
116,ما هي المنطقة المتوسطة من نواحي البطن؟,,السرية,,السرية,0.0,0.0,0.0
117,ما الذي يصل بين الأذينة اليسرى والبطين الأيسر؟,,فوهة التاجي,,فوهة التاجي,0.0,0.0,0.0
118,ما الذي يعطي الرباط الحرقفي القطني منشأ له؟,,العضلة المربعة القطنية.,,العضلة المربعة القطنية.,0.0,0.0,0.0
119,ماذا يحفز ACTH إفرازه؟,,الكورتيزول,,الكورتيزول,0.0,0.0,0.0
120,ما هو أكثر أقسام الإحليل قابلية للتمدد وأعرضها؟,,الموثي,,الموثي,0.0,0.0,0.0
121,مما يتكون الزنار الحوضي؟,,من العظمين الوركيين و العجز.,,من العظمين الوركيين و العجز.,0.0,0.0,0.0
122,أين تقع الباحة الحركية الأولية؟,,في التلفيف أمام المركزي .,,في التلفيف أمام المركزي .,0.0,0.0,0.0
123,ما هي العضلة المسؤولة عن قبض الفخذ وقبض الساق؟,,الخياطية,,الخياطية,0.0,0.0,0.0
124,أين تتوضع الغدة تحت الطية اللسانية؟,,تحت اللسان,,تحت اللسان,0.0,0.0,0.0
125,أين يتوضع السرج التركي؟,,على الوجه العلوي لجسم العظم الوتدي.,,على الوجه العلوي لجسم العظم الوتدي.,0.0,0.0,0.0
126,ما هو القسم مع الضلع الواقع بين الرأس والحدبية؟,,العنق,,العنق,0.0,0.0,0.0
127,كم عدد شدف النخاع الشوكي؟,,31,,31,0.0,0.0,0.0
128,ما هي العضلة الموسعة المسؤولة عن فتح الحنجرة؟,,الحلقية الطرجهالية الخلفية,,الحلقية الطرجهالية الخلفية,0.0,0.0,0.0
129,ما يُدعى القسم العلوي المتسع من الحالب؟,,الحويضة,,الحويضة,0.0,0.0,0.0
130,أين توجد نقطة التعظم البدئية في لوح الكتف؟,,الحفرة تحت الشوك,,الحفرة تحت الشوك,0.0,0.0,0.0
131,ما هو الشريان الذي يستمر به الشريان تحت الترقوة؟,,الابطي,,الابطي,0.0,0.0,0.0
132,ما هو الشريان الذي يمكن الشعور بنبضه عند الحافة السفلية للفك السفلي أمام العضلة الماضغة؟,,الوجهي.,,الوجهي.,0.0,0.0,0.0
133,ما هو الشريان الذي يعتبر الشريان المخي الخلفي فرعاً منه؟,,القاعدي,,القاعدي,0.0,0.0,0.0
134,ما هو أكبر أعضاء الجسم وزناً ومساحة؟,,الجلد,,الجلد,0.0,0.0,0.0
135,ما الذي يشكله نصفا الكرة المخية مع الدماغ البيني؟,,المخ,,المخ,0.0,0.0,0.0
136,ما هو اسم الحافة اليسرى للمعدة التي تمتد من الفؤاد إلى البواب؟,,الانحناء الكبير,,الانحناء الكبير,0.0,0.0,0.0
137,ما هو مصدر نشأة الشريان الشوكي الأمامي؟,,الفقري,,الفقري,0.0,0.0,0.0
138,أين يقع الثرب الصغير؟,,المعدة والكبد,,المعدة والكبد,0.0,0.0,0.0
139,أين تقع صفيحة الأكيمات؟,,الدماغ المتوسط .,,الدماغ المتوسط .,0.0,0.0,0.0
140,ما هي الباحة التي يحويها التلفيف خلف المركزي؟,,الحس الجسدي الأولية,,الحس الجسدي الأولية,0.0,0.0,0.0
141,ما هي الألياف التي تربط المراكز القشرية بالمحيط؟,,إسقاطية,,إسقاطية,0.0,0.0,0.0
142,ما نوع المفصل الحلقي الطرجهالي؟,,الزليلي,,الزليلي,0.0,0.0,0.0
143,ما هو رقم العصب الحركي للعضلات الماضغة؟,,الخامس,,الخامس,0.0,0.0,0.0
144,كم عدد فصيصات الخصية؟,,250,,250,0.0,0.0,0.0
145,أين ترتكز العضلة الأخمعية الخلفية بوتر رقيق؟,,الضلع الثاني.,,الضلع الثاني.,0.0,0.0,0.0
146,أين يتوضع الثلم المهمازي؟,,الأنسي,,الأنسي,0.0,0.0,0.0
147,ما هي المنطقة التي يقع بينها القسيم العضلي (sarcomere)؟,,الخطين -Z-,,الخطين -Z-,0.0,0.0,0.0
148,ما الذي تنتجه الخلايا المجاورة للجريبات في الدرق؟,,كاليستونين,,كاليستونين,0.0,0.0,0.0
149,ما الذي تتحول إليه الوحيدات Monocytes بعد مغادرتها الدوران؟,,بالعات,,بالعات,0.0,0.0,0.0
150,ما هو الشريان الذي ينتهي به الشريان الوجهي؟,,الزاوي,,الزاوي,0.0,0.0,0.0
151,أين يتوضع الثلم المهمازي؟,,الانسي,,الانسي,0.0,0.0,0.0
152,ما هو العصب القحفي الذي يحمل التعصيب نظير الودي للقلب؟,,10,,10,0.0,0.0,0.0
153,ما هي العضلة التي يمر العصب تحت اللساني في الناحية تحت الفك عميقاً منها؟,,لامية لسانية.,,لامية لسانية.,0.0,0.0,0.0
154,تحت أي قسم من أقسام التشريح يندرج التنبيب الرغامي؟,,التشريح التقني .,,التشريح التقني .,0.0,0.0,0.0
155,ما هي العظام التي يتشكل منها مفصل الركبة؟,,المفصل بين عظمي الفخذ والظنبوب والمفصل بين عظمي الفخذ والرضفة.,,المفصل بين عظمي الفخذ والظنبوب والمفصل بين عظمي الفخذ والرضفة.,0.0,0.0,0.0
156,ما هي الحركة الخاصة بالساعد؟,,الكب,,الكب,0.0,0.0,0.0
157,ما الذي يحويه القسم الأمامي للثلم الأمامي الخلفي الأيسر للكبد؟,,تلم الرباط الوريدي,,تلم الرباط الوريدي,0.0,0.0,0.0
158,ماذا تشكل الصفيحتان السفليتان للشفرين الصغيرين عند اتحادهما؟,,لجيم البظر,,لجيم البظر,0.0,0.0,0.0
159,ما هي الانطباعات التي توجد على العظم الجداري؟,,السحائي الأوسط,,السحائي الأوسط,0.0,0.0,0.0
160,ما هو العصب الحركي للعضلات الماضغة؟,,الخامس,,الخامس,0.0,0.0,0.0
161,أين يقع الشق الحجاجي السفلي؟,,الجناح البير والفكي العلوي,,الجناح البير والفكي العلوي,0.0,0.0,0.0
162,ما هو العضو المتخصص بتشكيل الصوت والتدخل بالدور في الكلام؟,,الحنجرة,,الحنجرة,0.0,0.0,0.0
163,ما هي حركة الركبة للخلف بمستوى سهمي؟,,عطف,,عطف,0.0,0.0,0.0
164,ما هو العصب القحفي المتواسط بإفراز الغدد الدمعية واللعابية؟,,السابع,,السابع,0.0,0.0,0.0
165,أين تتوضع الصفيحة الأفقية للعظم الغربالي؟,,الثلمة الغربالية في العظم الدمعي.,,الثلمة الغربالية في العظم الدمعي.,0.0,0.0,0.0
166,ما هو لون لب الكظر؟,,بني غامق,,بني غامق,0.0,0.0,0.0
167,ما هو وجه العظم الجبهي الذي ينتمي للقحف العصبي؟,,الداخلى,,الداخلى,0.0,0.0,0.0
168,ما هو لون لب الكظر؟,,بني غامق,,بني غامق,0.0,0.0,0.0
169,ما هي اللفافة التي تحيط بجسم القضيب؟,,بوك,,بوك,0.0,0.0,0.0
170,ما هي العضلة التي تعد من العضلات الوحشية للساق وقد تعد من العضلات الأمامية للساق؟,,العضلة الشظويةالثالثة,,العضلة الشظويةالثالثة,0.0,0.0,0.0
171,ما هو أول ما يتأثر من الخلايا الكبدية في حالة الإصابة بنقص الأكسجة؟,,الخلايا الكبدية المركزية,,الخلايا الكبدية المركزية,0.0,0.0,0.0
172,ما هي العضلات الطويلة التي تربط الفقرات مع بعضها؟,,عضلات العمود الفقري,,عضلات العمود الفقري,0.0,0.0,0.0
173,ما هي الطية الجلدية التي تغطي رأس القضيب؟,,القلفة,,القلفة,0.0,0.0,0.0
174,من أين يتفرع الشريان الأكليلي الأيمن والأيسر؟,,الأبهر الصاعد,,الأبهر الصاعد,0.0,0.0,0.0
175,متى ينشأ برزخ الأبهر؟,,بعد منشأ الشريان تحت الترقوة الأيسر,,بعد منشأ الشريان تحت الترقوة الأيسر,0.0,0.0,0.0
176,ما هو أصغر الفروع الأمامية للأبهر البطني؟,,المساريقي السفلي,,المساريقي السفلي,0.0,0.0,0.0
177,ما هي الألياف التي تربط التلافيف والفصوص في نصف كرة مخية واحد؟,,ترابطية,,ترابطية,0.0,0.0,0.0
178,ما هي ميزابة النبض بين أوتار العضلات؟,,العضدية الكعبرية قابضة الرسغ الكعبرية,,العضدية الكعبرية قابضة الرسغ الكعبرية,0.0,0.0,0.0
179,ما هو الوريد السطحي الذي يشكل الابطي؟,,القاعدي,,القاعدي,0.0,0.0,0.0
180,ماذا تفرز الخلايا ألفا في البنكرياس؟,,الفلوكاغون,,الفلوكاغون,0.0,0.0,0.0
181,ما هو اسم أعمق الانخفاضات في الصيوان؟,,المحار,,المحار,0.0,0.0,0.0
182,ما هي وظيفة هرمون الغدة جار الدرقية PTH؟,,يرفع كالسيوم الدم,,يرفع كالسيوم الدم,0.0,0.0,0.0
183,ما الذي يمتد من المنخر حتى المنعر؟,,جوف الأنف,,جوف الأنف,0.0,0.0,0.0
184,ما الذي يقع بين جسم الفقرة والقوس الفقرية؟,,الثقبة الفقرية,,الثقبة الفقرية,0.0,0.0,0.0
185,أين تتوضع الطية المخملة؟,,الوجه السفلي للسان,,الوجه السفلي للسان,0.0,0.0,0.0
186,ما هو الهرمون الذي يفرز PTH؟,,الغدد جارات الدرق.,,الغدد جارات الدرق.,0.0,0.0,0.0
187,ما هو الهرمون الذي يسرع عملية تصنيع الأحماض الدهنية من الغلوكوز في الخلايا الشحمية؟,,الأنسولين,,الأنسولين,0.0,0.0,0.0
188,ما هي العضلات التي تعمل على توازن الرأس على الجذع؟,,عضلات العنق.,,عضلات العنق.,0.0,0.0,0.0
189,من أين يخرج العصب الوجهي من الجمجمة؟,,الثقبة الأبرية الخشائية,,الثقبة الأبرية الخشائية,0.0,0.0,0.0
190,ما الذي يتصل به المدورين بالخلف في الفخذ؟,,العرف بين المدورين,,العرف بين المدورين,0.0,0.0,0.0
191,أين يدخل الحالبان المثانة؟,,الخلفي,,الخلفي,0.0,0.0,0.0
192,ما هي الباحة المسؤولة عن حركات العين؟,,8,,8,0.0,0.0,0.0
193,ما هو الشريان الذي ينشأ منه الجذع المشترك للشريان بين العظمين؟,,الزندي,,الزندي,0.0,0.0,0.0
194,ما هو وجه عظم الترقوة الذي عليه ميزابة طولانية؟,,الوجه السفلي,,الوجه السفلي,0.0,0.0,0.0
195,من أين يفرز الغلوكاغون؟,,خلايا الفا في المعثكلة,,خلايا الفا في المعثكلة,0.0,0.0,0.0
196,ما هي الطبقة المبطنة للتامور الليفي؟,,التامور المصلي الجداري,,التامور المصلي الجداري,0.0,0.0,0.0
197,ما هو معنى التوسع في نهاية الأسهر؟,,مجل الأسهر,,مجل الأسهر,0.0,0.0,0.0
198,كم عدد فقرات الجزء الصدري من العمود الفقري؟,,12,,12,0.0,0.0,0.0
199,من أين ينتج هرمون الأستروجين؟,,المبيض,,المبيض,0.0,0.0,0.0
200,ما هي الفروع الانتهائية للسباني الخارجي؟,,حنكي وصدغي سطحي,,حنكي وصدغي سطحي,0.0,0.0,0.0
201,ما هو مصدر التعصيب الحركي لعضلات الظهر العميقة؟,,الشعب الاوليه الظهريه,,الشعب الاوليه الظهريه,0.0,0.0,0.0
202,ما هو الجيب الوريدي الذي يصب في الوريد الوداجي الباطن؟,,الجيب السيني,,الجيب السيني,0.0,0.0,0.0
203,أين يتوضع العظم الكتفي؟,,الاضلاع الثانية حتى السابعة,,الاضلاع الثانية حتى السابعة,0.0,0.0,0.0
204,ما هي المنطقة الأعمق في الغدة الكظرية؟,,اللب,,اللب,0.0,0.0,0.0
205,ما الذي يقع بين النواة العدسية من جهة والنواة والمهاد من الجهة الأخرى؟,,المحفظة الداخلية.,,المحفظة الداخلية.,0.0,0.0,0.0
206,ما الذي ينفتح على القرين الأنفي العلوي؟,,الجيب الوتدي,,الجيب الوتدي,0.0,0.0,0.0
207,أين يمكن إجراء الحقن العضلي في القسم العلوي؟,,الدالية,,الدالية,0.0,0.0,0.0
208,أين تتوضع الاحدوبة الدالية في العضد؟,,الوحشي,,الوحشي,0.0,0.0,0.0
209,ما هو أكبر الجيوب جانب الأنف؟,,الفكي,,الفكي,0.0,0.0,0.0
210,ما هو العصب المحرك لعضلات اللسان؟,,12,,12,0.0,0.0,0.0
211,ما الذي يتوضع تحت الخط الضرسي اللامي؟,,حفرة الغدة تحت الفك السفلي,,حفرة الغدة تحت الفك السفلي,0.0,0.0,0.0
212,ما هي الطبقة المحيطة بالقلب والمرتبطة به؟,,التامور المصلي الحشوي,,التامور المصلي الحشوي,0.0,0.0,0.0
213,ما هو الشريان الذي ينشأ منه الشريان الزاوي؟,,الشريان الوجهي,,الشريان الوجهي,0.0,0.0,0.0
214,ما هو تشكل الوريد المأبضي؟,,الوريد الظنبوبي الامامي والوريد الظنبوبي الخلفي,,الوريد الظنبوبي الامامي والوريد الظنبوبي الخلفي,0.0,0.0,0.0
215,ما هي المنطقة الأعمق في قشر الكظر؟,,الشبكية,,الشبكية,0.0,0.0,0.0
216,أين يقع التلم الوحشي؟,,فص الجزيرة,,فص الجزيرة,0.0,0.0,0.0
217,أين يصب الوريد الكلوي؟,,الأجوف السفلي,,الأجوف السفلي,0.0,0.0,0.0
218,أين ترتكز العضلة المدورة الصغيرة؟,,حديبة العضد الكبرى.,,حديبة العضد الكبرى.,0.0,0.0,0.0
219,ما هو الجزء من البلعوم الذي يتبعه الردب الكمثري؟,,الحنجري,,الحنجري,0.0,0.0,0.0
220,كم عدد الأعصاب القحفية؟,,12 شفعًا,,12 شفعًا,0.0,0.0,0.0
221,أين تتوضع نواة العصب العاشر؟,,البصلة,,البصلة,0.0,0.0,0.0
222,ما هو العنصر الذي يجاور الرغامي من الخلف؟,,المري,,المري,0.0,0.0,0.0
223,ما هو العصب القحفي الذي يجتاز النفق الصدري؟,,2,,2,0.0,0.0,0.0
224,ما هو العظم الأضخم في هيكل القدم؟,,العقب,,العقب,0.0,0.0,0.0
225,أين يوجد النفير البلعومي السمعي؟,,البلعوم الانفي,,البلعوم الانفي,0.0,0.0,0.0
226,ما الذي يحد فتحة وينسلو من الأسفل؟,,الإثني عشر.,,الإثني عشر.,0.0,0.0,0.0
227,ما يُسمى الوجه الأمامي للوح الكتف؟,,الحفرة تحت الكتفية,,الحفرة تحت الكتفية,0.0,0.0,0.0
228,ما هو الشريان الذي يروي القولون الصاعد؟,,المساريقي العلوي,,المساريقي العلوي,0.0,0.0,0.0
229,ما هي الطية الجلدية التي تغطي رأس القضيب؟,,القلفة,,القلفة,0.0,0.0,0.0
230,ما يُدعى القسم العلوي المتسع من الحالب؟,,الحويضة,,الحويضة,0.0,0.0,0.0
231,ما هي المنطقة الفاصلة بين الطيتين الصوتيين؟,,مشق المزمار,,مشق المزمار,0.0,0.0,0.0
232,ما هي الطبقة من الكظر التي تتألف من حبال مقوسة من خلايا عمودية متقاربة؟,,الطبقة الكبيبة,,الطبقة الكبيبة,0.0,0.0,0.0
233,ما هي الخلايا التي تتوضع في اللحمة بين النبيبات؟,,لايديغ,,لايديغ,0.0,0.0,0.0
234,ما هو السطح الخلفي للفخذ تحت المدور الكبير؟,,الأحدوبة الأولوية,,الأحدوبة الأولوية,0.0,0.0,0.0
235,ما الذي يحويه القسم الأمامي للثلم الأمامي الخلفي الأيسر للكبد؟,,ثلم الرباط المدور,,ثلم الرباط المدور,0.0,0.0,0.0
236,ما هو الشريان الذي يروي معظم الوجه الوحشي للمخ؟,,المخى الأوسط.,,المخى الأوسط.,0.0,0.0,0.0
237,ما هي المنطقة الفاصلة بين الطيتين الصوتيين؟,,مشق المزمار,,مشق المزمار,0.0,0.0,0.0
238,ما هو العصب القحفي الذي يعبر الثقبة البيضية؟,,الفكي السفلي,,الفكي السفلي,0.0,0.0,0.0
239,ما هو الهرمون الذي يسبب دفقه الشديد حدوث عملية الإباضة؟,,LH,,LH,0.0,0.0,0.0
240,ما هو الهرمون الذي يستهدف الدرق ويحفز إفراز الهرمون الدرقي؟,,TSH,,TSH,0.0,0.0,0.0
241,ما هي أكبر عقدة مفردة من النسيج اللمفاوي؟,,الطحال,,الطحال,0.0,0.0,0.0
242,ما هي العضلة الرئيسية المسؤولة عن قبض المرفق؟,,العضدية,,العضدية,0.0,0.0,0.0
243,ما هي التراكيب التي توجد على حافتي اللسان وتحوي براعم ذوقية كثيرة؟,,الورقية,,الورقية,0.0,0.0,0.0
244,ما هي الشعيرات الدموية التي تغلفها محفظة بومان؟,,الكبيبة الكلوية,,الكبيبة الكلوية,0.0,0.0,0.0
245,ما هي الحافة من الفرع التي تشكل زاوية الفك السفلي؟,,الخلفية,,الخلفية,0.0,0.0,0.0
246,ما الذي تغلفه العضلة البصلية الإسفنجية؟,,بصلة القضيب,,بصلة القضيب,0.0,0.0,0.0
247,من أين يخرج العصب الشوكي؟,,الثقبة بين الفقرية,,الثقبة بين الفقرية,0.0,0.0,0.0
248,ما هي الألياف التي تعصب العضلة مصرة الحدقة؟,,نظيرة ودية,,نظيرة ودية,0.0,0.0,0.0
249,ما هو البطين الذي يحويه الدماغ البيني داخله؟,,الثالث,,الثالث,0.0,0.0,0.0
250,ما الذي يشغل الجزء العلوي من قبة القحف؟,,العظم الجداري,,العظم الجداري,0.0,0.0,0.0
251,ما هو العصب الذي يعصب الغدة النكفية؟,,تحت اللساني,,تحت اللساني,0.0,0.0,0.0
252,من أين يخرج العصب تحت اللساني؟,,النفق تحت اللساني,,النفق تحت اللساني,0.0,0.0,0.0
253,ما هي الخلايا البالعة الكبدية؟,,خلايا كوبفر.,,خلايا كوبفر.,0.0,0.0,0.0
254,أين يصب الوريد الصافن الكبير (الأنسي)؟,,الوريد الفخذي,,الوريد الفخذي,0.0,0.0,0.0
255,ما هو الشريان الذي يستمر به الريان تحت الترقوة؟,,الإبطي,,الإبطي,0.0,0.0,0.0
256,ما تُدعى الردب بين عنق الرحم والمهبل؟,,قبو المهبل,,قبو المهبل,0.0,0.0,0.0
257,في أي مستوى من الفقرات الصدرية يتم التمفصل بين قبضة وجسم القص؟,,الرابعة.,,الرابعة.,0.0,0.0,0.0
258,ما هو الرباط الذي يربط الرحم بجدران الحوض الجانبية؟,,العريض,,العريض,0.0,0.0,0.0
259,ما هي العضلة التي تنشأ من الشوكة الحرقفية الأمامية العلوية وترتكز انسي الظنبوب؟,,الخياطية,,الخياطية,0.0,0.0,0.0
260,ما هي الطبقة البطانية الرحمية التي تتعرض إلى تغيرات ملحوظة أثناء الدورة الشهرية؟,,الطبقة الوظيفية.,,الطبقة الوظيفية.,0.0,0.0,0.0
261,ما هو موقع مستقبلات الضغط المسؤولة عن المنعكس القلبي التثبيطي؟,,الجيب السباتي.,,الجيب السباتي.,0.0,0.0,0.0
262,ما هو أكبر أعضاء الجسم وزناً ومساحة؟,,الجلد,,الجلد,0.0,0.0,0.0
263,ما هي البنية الأكثر علواً في جذر الرئة اليسرى؟,,الشريان الرئوي,,الشريان الرئوي,0.0,0.0,0.0
264,ما هو المكان الذي يعبر من خلاله الشريان السحاني الأوسط؟,,الثقبة الشوكية,,الثقبة الشوكية,0.0,0.0,0.0
265,ما هو الجوف الهوائي الذي يحوي عظيمات السمع؟,,الأذن الوسطى,,الأذن الوسطى,0.0,0.0,0.0
266,ما هي وظيفة النهايات العصبية الحرة الواردة ضمن ألياف العضلة القلبية؟,,الإحساس بالألم.,,الإحساس بالألم.,0.0,0.0,0.0
267,ما هي الخلايا التي تخزن فيتامين A في الكبد؟,,خلايا إيتو,,خلايا إيتو,0.0,0.0,0.0
268,من أين يحمل الشريان الرئوي الدم غير المؤكسج؟,,البطين الأيمن,,البطين الأيمن,0.0,0.0,0.0
269,ما هو العصب القحفي الثاني؟,,البصري - حاسي,,البصري - حاسي,0.0,0.0,0.0
270,ما هو العظم الذي تنتمي إليه الثلمة الاسكية الصغيرة؟,,الاسك,,الاسك,0.0,0.0,0.0
271,ما هو الغضروف المرتبط مع الحلقة الرغامية الأولى؟,,الحلقي,,الحلقي,0.0,0.0,0.0
272,ما هو المفصل الذي يتألف من سطحين كل منهما محدب في اتجاه ومقعر في اتجاه آخر؟,,سرجي saddle,,سرجي saddle,0.0,0.0,0.0
273,ما هو أكبر أعصاب الجسم؟,,الوركي,,الوركي,0.0,0.0,0.0
274,كم عدد العضلات بين العظمية الأخمصية؟,,3,,3,0.0,0.0,0.0
275,أين ينتهي الأبهر النازل؟,,L4,,L4,0.0,0.0,0.0
276,ما هي المراكز المسؤولة عن تنسيق الفعالية الحركية وضمان الثباتية؟,,النوى القاعدية,,النوى القاعدية,0.0,0.0,0.0
277,ما هو وجه العظم الجبهي الذي ينتمي للقحف العصبي؟,,الداخلي,,الداخلي,0.0,0.0,0.0
278,أين ينفتح الجيب الفكي؟,,الصماخ المتوسط,,الصماخ المتوسط,0.0,0.0,0.0
279,ما هو أكبر أقسام المعثكلة؟,,الرأس,,الرأس,0.0,0.0,0.0
280,ما هي الحدود التشريحية للحجرة الخلفية للعين؟,,القزحية في الأمام والعدسة في الخلف,,القزحية في الأمام والعدسة في الخلف,0.0,0.0,0.0
281,أين ترتكز العضلة الشظوية القصيرة؟,,قاعدة المشط الخامس,,قاعدة المشط الخامس,0.0,0.0,0.0
282,ما هي المنطقة في الحنجرة التي تشمل الطيتين الصوتيتين والمسافة بينهما؟,,المزمار,,المزمار,0.0,0.0,0.0
283,أين تقع الوهدة في البلعوم؟,,الفموي,,الفموي,0.0,0.0,0.0
284,ما هي الغدة التي تتوضع تحت الطية اللسانية؟,,اللسان,,اللسان,0.0,0.0,0.0
285,ما هو العصب الذي ينتقل عبره الحس غير العام (حس الذوق) من الثلث الأمامي للسان؟,,العصب الوجهي.,,العصب الوجهي.,0.0,0.0,0.0
286,ماذا يروي المساريقي العلوي؟,,الأمعاء الدقيقة,,الأمعاء الدقيقة,0.0,0.0,0.0
287,ما هي المنطقة الأعمق من قشر الكظر؟,,المنطقة الشبكية,,المنطقة الشبكية,0.0,0.0,0.0
288,ما هي الفقرة التي تحتوي على ثقبة فقرية كبيرة ومثلثية الشكل؟,,الفقرة الرقبية,,الفقرة الرقبية,0.0,0.0,0.0
289,ما هو لون قشر الكظر؟,,مائل للصفرة,,مائل للصفرة,0.0,0.0,0.0
290,ما هو النسيج الضام الليفي الذي يرتكز حول السطوح المفصلية؟,,المحفظة المفصلية,,المحفظة المفصلية,0.0,0.0,0.0
291,كم عدد شدف النخاع الشوكي؟,,31,,31,0.0,0.0,0.0
292,ما هو التصريف اللمفاوي للثلث الخلفي للسان؟,,العقد الرقبيه العميقه,,العقد الرقبيه العميقه,0.0,0.0,0.0
293,ما هي الغدة التي تقوم بإفراز الميلاتونين؟,,الخاليا الصنوبرية.,,الخاليا الصنوبرية.,0.0,0.0,0.0
294,ما هو الشريان الذي له انطباعات على الوجه الداخلي للعظم الصدغي وهو فرع من أي شريان؟,,الفكي,,الفكي,0.0,0.0,0.0
295,ما هو التصنيف الذي يمكننا من معرفة العضلات التي تشارك في كل مرحلة مفصلية وتطبيق ذلك أثناء الفحص؟,,وظيفي.,,وظيفي.,0.0,0.0,0.0
296,ما هي الشرايين التي تسير بين الفصوص بإتجاه القشرة على كل جانب من جانبي الهرم الكلوي؟,,الشرايين بين الفصوص,,الشرايين بين الفصوص,0.0,0.0,0.0
297,ما هو الدواء الأمثل لبدء التخدير لمريض مصاب بنزف حاد؟,,كيتامين,,كيتامين,0.0,0.0,0.0
298,ما هو المخدر الذي يتميز بالمباشرة والصحو السريعين؟,,الديسفلوران,,الديسفلوران,0.0,0.0,0.0
299,ما هو الدواء الأمثل لبدء التخدير لمريض مصاب بنزف رضي حاد؟,,كيتامين,,كيتامين,0.0,0.0,0.0
300,ما هو المرخي العضلي الأمثل لتسهيل تنبيب مريض ذي خطورة عالية للاستنشاق؟,,السوكسنيل كولين,,السوكسنيل كولين,0.0,0.0,0.0
301,ما هو الترياق المناسب للتسمم بالمورفين؟,,A. النالوكسون,,A. النالوكسون,0.0,0.0,0.0
302,ما الذي يشير إليه بقاء عيني المريض مفتوحتين مع رأرأة خفيفة وحركات غير هادفة بعد إعطائه جرعة من الكيتامين؟,,أن الجرعة السابقة مركنة ومخدرة,,أن الجرعة السابقة مركنة ومخدرة,0.0,0.0,0.0
303,ما هو الدواء المنتخب للإرخاء العضلي والتنبيب لمريض يعاني من قصور كلوي ويحتاج لعملية إسعافية؟,,اتراكوريوم,,اتراكوريوم,0.0,0.0,0.0
304,ما هو المرخي العضلي المفضل استعماله لمريض سيخضع لجراحة إسعافية ويعاني من قصور كلوي؟,,B. أتراكوريوم,,B. أتراكوريوم,0.0,0.0,0.0
305,ماذا يفكك الببسين؟,,البروتين,,البروتين,0.0,0.0,0.0
306,ما التعبير الصحيح لوصف جزيئات الإيثين في تفاعل تشكيل البولي إيثين؟,,مونوميرات (موحودات),,مونوميرات (موحودات),0.0,0.0,0.0
307,ماذا يسبب عوز إنزيم البيروفات كيناز؟,,فقر دم انحلالي,,فقر دم انحلالي,0.0,0.0,0.0
308,ماذا ندعو آلية تفاعل الكلور مع البروبان في ضوء الشمس لإنتاج 1-كلورو بروبان؟,,استبدال الجذور الحرة,,استبدال الجذور الحرة,0.0,0.0,0.0
309,ما هي الاسطوانات المنحنية التي تكون سهلة التمييز لمحتواها الكاسر للضوء؟,,شمعية,,شمعية,0.0,0.0,0.0
310,ما هي الحموض الأمينية المشحونة سلبياً؟,,اسباريتك,,اسباريتك,0.0,0.0,0.0
311,ما هي أعراض عوز فيتامين البيوتين؟,,من أعراضه التخلف العقلي.,,من أعراضه التخلف العقلي.,0.0,0.0,0.0
312,ما هي مفرزات الصفراء؟,,الأملاح الصفراوية.,,الأملاح الصفراوية.,0.0,0.0,0.0
313,ما هي خصائص الشجرة الوراثية لخلة متنحية جسدية فيها الأبوين مصابين؟,,كل الأبناء مصابين,,كل الأبناء مصابين,0.0,0.0,0.0
314,ما هي النواتج المتشكلة عند تفاعل معدن الصوديوم مع الإيثانول؟,,اوكسيد الصوديوم وهيدروجين,,اوكسيد الصوديوم وهيدروجين,0.0,0.0,0.0
315,ما هي خصائص أنزيم RNA Polymerase؟,,يشكل الروابط التكافؤية الإستيرية.,,يشكل الروابط التكافؤية الإستيرية.,0.0,0.0,0.0
316,ما هو النكليوتيد في جزيء DNA؟,,يمكن أنيرتبط به أكثر من مجموعة فوسفات واحدة.,,يمكن أنيرتبط به أكثر من مجموعة فوسفات واحدة.,0.0,0.0,0.0
317,ما هو فيتامين البيوتين؟,,يصنع من قبل الجراثيم المعوية,,يصنع من قبل الجراثيم المعوية,0.0,0.0,0.0
318,ما هي حالة عدم تحمل اللاكتوز؟,,من أسبابها الإسهالات الشديدة,,من أسبابها الإسهالات الشديدة,0.0,0.0,0.0
319,ما هو اسم الاستر المتشكل عندما يتفاعل الميتانول مع حمض البوتانوئيك بوجود بضع قطرات من حمض الكبريت المركز؟,,بوتانوات الميتيل,,بوتانوات الميتيل,0.0,0.0,0.0
320,ما هو سبب الوفاة لدى مرض التلاسيميا؟,,تراكم الحديد,,تراكم الحديد,0.0,0.0,0.0
321,ما هي الصبغيات التي يوجد فيها الكروماتين المغاير؟,,1,,1,0.0,0.0,0.0
322,ما المركب الذي ينقص منه نتيجة التأخر في فصل البلازما أو المصل من الكريات في الدم؟,,الغلوكوز.,,الغلوكوز.,0.0,0.0,0.0
323,ما هو المركب الذي يستخدم كزمرة ملحقة لجميع الإنزيمات الناقلة الزمرة الأمين؟,,البيرودوكسال فوسفات,,البيرودوكسال فوسفات,0.0,0.0,0.0
324,ما هو العلاج الثاني لمرض الثلاسيميا بيتا؟,,زرع نقي عظام,,زرع نقي عظام,0.0,0.0,0.0
325,ما هو الاضطراب الذي يتميز بفرط شديد في بيليروبين المصل غير المرتبط وعوز جزئي في UDPGT؟,,كريجلر نجار,,كريجلر نجار,0.0,0.0,0.0
326,ما هو سبب الوفاة لدى مرضى التلاسيميا؟,,تراكم الحديد,,تراكم الحديد,0.0,0.0,0.0
327,ماذا يسبب عوز الثيامين الشديد؟,,البري بري,,البري بري,0.0,0.0,0.0
328,كم يبلغ عدد الجينات التي تشفر لجزيئات الرنا الأصغري miRNAs في مجين الإنسان؟,,125,,125,0.0,0.0,0.0
329,أين يتم اصطناع الدقائق الكيلوسية؟,,الأمعاء,,الأمعاء,0.0,0.0,0.0
330,ما هو الإنزيم الذي يتم بوساطته ربط شدف أوكازاكي؟,,أنزيم الليغاز,,أنزيم الليغاز,0.0,0.0,0.0
331,ما هو أكثر الأنزيمات فعالية تحفيزية في جسم الإنسان؟,,كاربونيك انهيدراز.,,كاربونيك انهيدراز.,0.0,0.0,0.0
332,ما هو الشكل الفعال لفيتامين B6؟,,البيريدوكسال فوسفات,,البيريدوكسال فوسفات,0.0,0.0,0.0
333,ما هو الموقع الطبيعي للجين الورمي ABL؟,,9q34,,9q34,0.0,0.0,0.0
334,كم عدد طبقات الفوسفولبيد في المذيلة؟,,3,,3,0.0,0.0,0.0
335,ما هو التركيب الذي يدخل فيه الكولاجين 4؟,,الغشاء القاعدي .,,الغشاء القاعدي .,0.0,0.0,0.0
336,ما الذي تؤدي إليه استلة الهيستونات؟,,تفعيل الانتساخ.,,تفعيل الانتساخ.,0.0,0.0,0.0
337,ما هي الخصائص التي تتميز بها شجرة النسب الحاوية على حالة وراثة متعلقة بالمتقدرات والأم فقط فيها مصابة؟,,كل الأولاد مصابون.,,كل الأولاد مصابون.,0.0,0.0,0.0
338,ما هو الحمض الأميني الذي تتم أستلة الهستونات له؟,,اللوسين,,اللوسين,0.0,0.0,0.0
339,ما هي المكونات التي تتألف منها الفوسفولبيدات بالإضافة إلى حمضين دسمين والفوسفات؟,,الغليسرول .,,الغليسرول .,0.0,0.0,0.0
340,ما هي الوظيفة الوحيدة لسيغما في إنزيم بوليمراز RNA البكتيري؟,,التعرف على المحضض.,,التعرف على المحضض.,0.0,0.0,0.0
341,ما هي الأجزاء التي تتبادل بينها الإشارات الجزيئية التي يعتمد عليها ضبط النظام الخلوي الجذعي؟,,الخلايا الجذعية وذريتها والنسج المحيطة .,,الخلايا الجذعية وذريتها والنسج المحيطة .,0.0,0.0,0.0
342,ما تدعى البروتينات المشكلة لمعقدات الثقوب النووية؟,,النكليوبورين .,,النكليوبورين .,0.0,0.0,0.0
343,كيف تتم إزالة المتقدرات الحاوية على طفرات بالية؟,,الجيني الاختناق.,,الجيني الاختناق.,0.0,0.0,0.0
344,ما هو عامل الإطلاق في حقيقيات النوى؟,,RF2,,RF2,0.0,0.0,0.0
345,ما هي الروابط التي تربط سلسلتي عديدي النكليوتيد مع بعضهما البعض؟,,هيدروجينية.,,هيدروجينية.,0.0,0.0,0.0
346,ما هي خصائص الشجرة الوراثية لخلة متنحية فيها الأبوين مصابين؟,,كل الأبناء مصابين.,,كل الأبناء مصابين.,0.0,0.0,0.0
347,ما هو أكبر مستوى من المستويات التراتبية للحياة؟,,المنظومة البيئية .,,المنظومة البيئية .,0.0,0.0,0.0
348,ما هو الحمض الأميني الذي تبدأ به جميع عديدات الببتيد في بدائيات النوى؟,,المعدل الميثيونين.,,المعدل الميثيونين.,0.0,0.0,0.0
349,ما الذي يدل عليه تقدير نسبة تنوع النمط الظاهري لخلة ما بسبب الاختلافات الجينية؟,,قابلية الانتقال بالوراثة.,,قابلية الانتقال بالوراثة.,0.0,0.0,0.0
350,ما هي الآلية التي تضمن للخلية الجذعية استمرارها إلى ما لا نهاية؟,,التجديد الذاتي,,التجديد الذاتي,0.0,0.0,0.0
351,ما هو الحمض الأميني الذي نتج عن ترجمة أول جزيء رنا مرسال صنعي؟,,الهستيدين,,الهستيدين,0.0,0.0,0.0
352,ما هي الإنزيمات التي تقوم القلنسوة بحماية سلسلة الرنا من التدرك بها؟,,الليغاز,,الليغاز,0.0,0.0,0.0
353,ما هو مقدار المادة الوراثية التي يتشاركها أقرباء من الدرجة الثانية مع المستلفت؟,,سدس مادتهم الوراثية,,سدس مادتهم الوراثية,0.0,0.0,0.0
354,أين يلتحم الغشاءان النوويان؟,,معدات الثقوب النووية .,,معدات الثقوب النووية .,0.0,0.0,0.0
355,ما هي النتائج المتوقعة في حال إصابة أب بصفة تخضع لوراثة متنحية مرتبطة بالصبغي X؟,,ينقل الصفة فقط لبناته,,ينقل الصفة فقط لبناته,0.0,0.0,0.0
356,ما هي النظرية التي تفسر ظهور المتقدرات والصانعات بإدخال جراثيم داخل الخلايا تقوم بالفسفرة والتركيب الضوئي؟,,فرضية التعايش الداخلي,,فرضية التعايش الداخلي,0.0,0.0,0.0
357,ماذا يسبب وجود الألائل السائد في الأنماط الجينية المختلفة التالية RRYY و RrYy و RRYy و RrYY؟,,نمط ظاهري جديد,,نمط ظاهري جديد,0.0,0.0,0.0
358,ما هو المكان الذي توجد فيه أكبر نسبة للبروتينات في أغشية خلايا الجسم؟,,الغشاء الخلوي للصانعات الخضراء .,,الغشاء الخلوي للصانعات الخضراء .,0.0,0.0,0.0
359,ما هو المسؤول عن إزالة مشراع الرنا قرب انتهاء تنسخ الدنا واستبدالها بنكليوتيدات الدنا؟,,بوليميراز الدنا من النمط الأول,,بوليميراز الدنا من النمط الأول,0.0,0.0,0.0
360,ما الذي ترتبط به الصبيغيات الشقيقة على أنيبيبات مغزل الانقسام؟,,الجسيم الحركي .,,الجسيم الحركي .,0.0,0.0,0.0
361,ما المميز بشجرة النسب الحاوية على حالة وراثة متعلقة بالمتقدرات والتي تكون فيها الأم فقط مصابة؟,,الاولاد كلهم مصابون.,,الاولاد كلهم مصابون.,0.0,0.0,0.0
362,ما هو الاختلاف بين الانترونات والاكسونات؟,,لا تترجم إلى بروتين.,,لا تترجم إلى بروتين.,0.0,0.0,0.0
363,ما الذي تمثله الخطوط الأفقية التي ترسم أعلى الدوائر والمربعات في شجرة النسب؟,,التواءم,,التواءم,0.0,0.0,0.0
364,علام تحتوي الخلايا التي يعبر عنها مصطلح الهيولي المتغايرة؟,,متقدرات سليمة وطافرة,,متقدرات سليمة وطافرة,0.0,0.0,0.0
365,ما هي الطرق التي يمكن من خلالها تمييز الصبغيات بعضها عن بعض؟,,النمط الجيني,,النمط الجيني,0.0,0.0,0.0
366,ما هو التعبير الذي يُستخدم للطاقة الكامنة المختزنة في مدروج للشحنات الكهربائية؟,,بالكمون الكهربائي.,,بالكمون الكهربائي.,0.0,0.0,0.0
367,ما الذي تتشكل منه الأرجل الصفائحية؟,,الأكتين.,,الأكتين.,0.0,0.0,0.0
368,ما هي الرابطة في البنية الثانوية للحمض النووي؟,,هيدروجينية,,هيدروجينية,0.0,0.0,0.0
369,ما نوع الجينات التي تعد جينات الرنا الريباسي منها؟,,الخدمية.,,الخدمية.,0.0,0.0,0.0
370,ما هو عدد الصبغيات المأشوبة إذا حدث تأشيب في 80 انقسام؟,,320,,320,0.0,0.0,0.0
371,ما هي العملية التي يتم بها تكوين متعضية تشبه الأبوين من بيضة مخصبة؟,,التنامي الجنيني,,التنامي الجنيني,0.0,0.0,0.0
372,على من يظهر الاحلال الوراثي في الوراثة الجنسية المناحية؟,,على الذكور والإناث من الأبناء,,على الذكور والإناث من الأبناء,0.0,0.0,0.0
373,ما هو المجهر الذي يدرس السطح الطبوغرافي؟,,مجهر القوة الذرية .,,مجهر القوة الذرية .,0.0,0.0,0.0
374,ما هي البنى السيتوبلازمية المغلفة بغشاء واحد على الأقل؟,,العضبيات,,العضبيات,0.0,0.0,0.0
375,ما هي خصائص شجرة النسب الحاوية على حالة وراثة متعلقة بالمتقدرات والوالدين فيها مصابين؟,,الأولاد كلهم مصابون.,,الأولاد كلهم مصابون.,0.0,0.0,0.0
376,ما الذي تختلف به الأحماض الأمينية عن بعضها؟,,المجموعة الكربوكسيلية,,المجموعة الكربوكسيلية,0.0,0.0,0.0
377,ما الذي يشير إليه المربع الصغير المملوء في شجرة الوراثة؟,,طفل مصاب,,طفل مصاب,0.0,0.0,0.0
378,ما هو سبب حدوث التلاسيميا بيتا؟,,خلة جسدية متنحية.,,خلة جسدية متنحية.,0.0,0.0,0.0
379,ماذا يؤدي وجود التربتوفان في مشغل التيربتوفان؟,,تثبيط انتساخ الجينات,,تثبيط انتساخ الجينات,0.0,0.0,0.0
380,ما الذي تساعد عليه حلقة الأكتين المتقلصة؟,,انقسام النواة,,انقسام النواة,0.0,0.0,0.0
381,ما الذي يدل عليه المعين في شجرة النسب؟,,الفرد مات في مرحلة مبكرة,,الفرد مات في مرحلة مبكرة,0.0,0.0,0.0
382,كم عدد الجينات المسؤولة عن الاصطناع الحيوي للحمض الأميني التربتوفان في جينوم بكتيريا E.Coli؟,,6,,6,0.0,0.0,0.0
383,ما هي وظيفة حويصلات كوب ٢؟,,النقل التقدمى من الشبكة البلازمية الى مدخل غولجي فقط .,,النقل التقدمى من الشبكة البلازمية الى مدخل غولجي فقط .,0.0,0.0,0.0
384,ما هو معدل الحاملين في مجتمع إذا كان انتشار مرض التالاسيميا معروفاً في ذلك المجتمع؟,,50M,,50M,0.0,0.0,0.0
385,أين تجري عملية التمثيل الضوئي؟,,الصائعات الخضراء,,الصائعات الخضراء,0.0,0.0,0.0
386,ماذا يحدث عند انخفاض نسبة الكوليسترول في الغشاء الخلوي؟,,تزداد مرونة الغشاء.,,تزداد مرونة الغشاء.,0.0,0.0,0.0
387,أين يتحد الغشاءان النوويان الداخلي والخارجي؟,,معقدات الثقوب النووية,,معقدات الثقوب النووية,0.0,0.0,0.0
388,كم عدد القواعد الآزوتية اللازمة لإنتاج بروتين الأنسولين المكوّن من 51 حمض أميني إنتاجاً كاملاً؟,,153,,153,0.0,0.0,0.0
389,ما هي الترسبات الصباغية التي تحوي بروتين الفيرتين؟,,حبيبات هيمرسيدرين,,حبيبات هيمرسيدرين,0.0,0.0,0.0
390,ما هو أول عنصر من عناصر الدراسة العلمية المنهجية؟,,الاختبار والنتائج .,,الاختبار والنتائج .,0.0,0.0,0.0
391,ماذا تشير النجمة بعد رمز الجين؟,,لترميز الجينات,,لترميز الجينات,0.0,0.0,0.0
392,ما يُعرف بامتصاص بعض المواد الضوء بطول موجة ومن ثم إصداره بطول موجة أطول؟,,التألق,,التألق,0.0,0.0,0.0
393,ما يُدعى نوع وترتيب الأحماض الأمينية في البروتين؟,,البنية الأولية,,البنية الأولية,0.0,0.0,0.0
394,ماذا ينتج عند حدوث خلل في تنظيم السبيل الإشاري WNT؟,,سرطان أمعاء,,سرطان أمعاء,0.0,0.0,0.0
395,ما هي الشعبة التي ينتمي إليها الإنسان؟,,الثدييات .,,الثدييات .,0.0,0.0,0.0
396,ما هي نتيجة التطور التي تؤدي إلى التكيف؟,,الاصطفاء الطبيعي .,,الاصطفاء الطبيعي .,0.0,0.0,0.0
397,أين تكثر جزر CpG؟,,المحضضات.,,المحضضات.,0.0,0.0,0.0
398,ما هو الأساس الأزوتي المتمم للتايمين في الرنا؟,,اليوراسيل,,اليوراسيل,0.0,0.0,0.0
399,ما هو الموقع الذي يبدأ فيه انتساخ الجينات المرمزة للبروتينات بارتباط انزيم الرنا بوليميراز؟,,المطلق القريب .,,المطلق القريب .,0.0,0.0,0.0
400,أين تقع الجينات المسؤولة عن الزمر الدموية عند البشر؟,,الصيغي 9,,الصيغي 9,0.0,0.0,0.0
401,ما هو الدور الرئيسي في تعرف جسيم التضفير مواقع التضفير؟,,snRNPs.,,snRNPs.,0.0,0.0,0.0
402,ما هي الصبغيات التي يحدث بينها إزفاء متبادل في حالة ابيضاض الدم النقوي المزمن CML؟,,9 و 11,,9 و 11,0.0,0.0,0.0
403,ما هو عدد الأنماط الظاهرية المختلفة في الجيل الثاني في حال التفارز المستقل بين المورثتين A و B؟,,8,,8,0.0,0.0,0.0
404,ما هو عدد الأنماط الجينية في أعراس فرد متغاير الأليلات AB/ab إذا كان الارتباط بين المورثتين A و B كاملاً؟,,2,,2,0.0,0.0,0.0
405,ما نوع الوراثة التي يكون فيها والدا الطفل المصاب حاملين متغايري الألائل عديمين الأمراض؟,,الجسدية المتنحية,,الجسدية المتنحية,0.0,0.0,0.0
406,ما هو نمط هذا المرض إذا عانى فرد متخالف الألائل من أعراض مرض وكان موضع الجين على الصبغي 5؟,,صبغي جسدي سائد,,صبغي جسدي سائد,0.0,0.0,0.0
407,ما هو خطر إصابة الطفل بالورم التليفي العصبي في الحمل التالي لأم مصابة أنجبت ذكرًا مصابًا بالمرض علمًا أن زوجها سليم؟,,0.5,,0.5,0.0,0.0,0.0
408,ما هو الاحتمال الأول لطراز انتقال هذا المرض الوراثي عندما ينجب أبوان سليمان طفلين (ذكر وأنثى) مصابين بمرض استقلابي بدأت تظاهراته مبكراً؟,,صبغي جسدي سائد,,صبغي جسدي سائد,0.0,0.0,0.0
409,ما هو القانون الذي ينص على أن زاوية الورود تساوي زاوية الانعكاس؟,,للانعكاس,,للانعكاس,0.0,0.0,0.0
410,ما هي الصيغة التي تعطينا التفاصيل الأقل والنسبة الأبسط للذرات الموجودة في الجزيء؟,,الصيغة التجريبية,,الصيغة التجريبية,0.0,0.0,0.0
411,ما هو الذي يعطي لأشعة جاما مصدرا آخر للأشعة السينية التي يمكن أن تكون مفيدة وطاقتها قريبة من طاقة أشعة جاما الأصلية بحيث يمكن عدهما أشعة واحدة؟,,التحول الداخلي,,التحول الداخلي,0.0,0.0,0.0
412,ما هو التواتر المناسب للأمواج التي يمكن استخدامها للكشف عن المواد غير المرئية بالنسبة للتواتر 500GHz؟,,الأعلى,,الأعلى,0.0,0.0,0.0
413,ما هو المجال الذي تكون فيه الأمواج تحت الصوتية أصغر منه؟,,20 Hz,,20 Hz,0.0,0.0,0.0
414,ما هو المقدار الذي يتزايد لدى انتثار فوتون عن الكترون بمفعول كومتون؟,,طوله الموجي,,طوله الموجي,0.0,0.0,0.0
415,ما الذي يعبر عن شدة الموجة الصوتية؟,,بالواط على المتر المربع .,,بالواط على المتر المربع .,0.0,0.0,0.0
416,ما هي خصائص الأشعة السينية؟,,اشعاعات كهرطيسية وبأطوال موجية أقصر بكثير منها في حالة الضوء المرئي.,,اشعاعات كهرطيسية وبأطوال موجية أقصر بكثير منها في حالة الضوء المرئي.,0.0,0.0,0.0
417,ما هي القوة التي تحدث تشوهاً في الجسم وتكون مطبقة على وحدة السطح؟,,الاجهاد,,الاجهاد,0.0,0.0,0.0
418,ماذا تعتبر درجة حرارة النواة والغلاف في جسم الإنسان؟,,ثابتة - متغيرة,,ثابتة - متغيرة,0.0,0.0,0.0
419,ما هو ثابت التناسب بين تدرج السرعة؟,,معامل لزوجه المائع,,معامل لزوجه المائع,0.0,0.0,0.0
420,ما هو الناتج عندما تتفاعل الألدهيدات مع NaBH5؟,,أغوال أولية,,أغوال أولية,0.0,0.0,0.0
421,ما هي الطريقة التي يجري بها التبادل الحراري بين الجسم والوسط المحيط؟,,الأوعية الدموية,,الأوعية الدموية,0.0,0.0,0.0
422,ما هو المعيار الذي يستخدمه العلماء لحساب الكتل الذرية النسبية؟,,نظير الكربون 12,,نظير الكربون 12,0.0,0.0,0.0
423,ما هي الوحدة التي يقاس بها الضغط في إطار السيارة في الولايات المتحدة؟,,الباوند لكل موجه مربعه,,الباوند لكل موجه مربعه,0.0,0.0,0.0
424,ما هو القانون الذي ينص على أن تغير الحقل المغنطيسي يولد حقلا كهربائيا؟,,فارادي,,فارادي,0.0,0.0,0.0
425,ما هو وصف جريان المائع المستقر من ناحية سرعته في أي نقطة منه مع الزمن؟,,ثابتة .,,ثابتة .,0.0,0.0,0.0
426,ما هي المادة التي تتخذ شكل أسفل الوعاء الذي يحتويها ولها حجم خاص بها؟,,سائلة,,سائلة,0.0,0.0,0.0
427,ما تسمى القوى عندما يكون عمر الحالة المثارة طويلا؟,,شبه مستقرة,,شبه مستقرة,0.0,0.0,0.0
428,ما هو الذي يعطى لأشعة غاما مصدراً آخر للأشعة السينية التي يمكن أن تكون مفيدة وطاقتها قريبة من طاقة أشعة غاما الأصلية بحيث يمكن الحصول على أشعة واحدة؟,,التحول الداخلي,,التحول الداخلي,0.0,0.0,0.0
429,ما نوع الكثافة التي تعتبر منها العظام ومستحضرات التباين العائمة مثل اليود والباريوم؟,,الكلسية.,,الكلسية.,0.0,0.0,0.0
430,ما هي طبيعة الأشعة السينية؟,,اشعاعات كهر طيسية,,اشعاعات كهر طيسية,0.0,0.0,0.0
431,ما هو مجموع الكتل الذرية النسبية في مركب أيوني؟,,الكتلة الصيغية النسبية,,الكتلة الصيغية النسبية,0.0,0.0,0.0
432,أين يقع مجال التيراهرتز؟,,الأشعة تحت الحمراء والأمواج المكروية .,,الأشعة تحت الحمراء والأمواج المكروية .,0.0,0.0,0.0
433,لماذا يُستخدم الماء في درجة معينة كمادة مرجعية للوزن النوعي؟,,قيمتها العظمى,,قيمتها العظمى,0.0,0.0,0.0
434,ما هي مكونات صمام الأشعة السينية؟,,المسدد,,المسدد,0.0,0.0,0.0
435,ما الذي تتعلق به الطاقة التي يصدرها الجسم الأسود وفقاً لدراسة تغير تابع إشعاع الجسم الأسود؟,,درجة حرارته المطلقة,,درجة حرارته المطلقة,0.0,0.0,0.0
436,ما هي قوة اللزوجة بالنسبة لاتجاه جريان المائع؟,,تعاكسه .,,تعاكسه .,0.0,0.0,0.0
437,ما هي الطاقة التي يمكن بها تفكيك رابطة في خلايا النسج؟,,فوتون أشعة سينينة.,,فوتون أشعة سينينة.,0.0,0.0,0.0
438,ما يجب أن يكون عليه ضغط الهواء داخل القاعة في حالة الثوران بالنسبة لضغط الماء خارجها حيث تتوازن قوة الضغط نحو الخارج مع قوة التوتر السطحي نحو الداخل؟,,اکبر,,اکبر,0.0,0.0,0.0
439,ما هو المجال الموجي لأشعة UVC؟,,100-280nm,,100-280nm,0.0,0.0,0.0
440,ما هي طبيعة الارتباط بين قرينة الانكسار لوسط مادي معين وسرعة الأمواج في ذلك الوسط؟,,عكسيا - سرعة,,عكسيا - سرعة,0.0,0.0,0.0
441,ما هي الخاصية التي يميزها التواتر والطول الموجي؟,,الموجة,,الموجة,0.0,0.0,0.0
442,ما هي الطاقة التي تحملها الموجة في وحدة الزمن؟,,استطاعة الموجة الضوئية,,استطاعة الموجة الضوئية,0.0,0.0,0.0
443,ما هي قابلية العين التي تسمح بالمطابقة لكل أبعاد الجسم عن العين مع الاستمرار بتشكيل خيال على بعد ثابت من العدسة يتحدد بالفاصل بين العدسة والشبكية؟,,تعديل شكل العدسة,,تعديل شكل العدسة,0.0,0.0,0.0
444,كيف يؤثر الضغط على توازن التفاعلات التي تكون متفاعلاتها ومنتجاتها؟,,غازات,,غازات,0.0,0.0,0.0
445,ما هو التواتر في حالة الأمواج الصوتية؟,,عدد الإنضغاطات الاي تمر في نقطة معينة في الثانية,,عدد الإنضغاطات الاي تمر في نقطة معينة في الثانية,0.0,0.0,0.0
446,ما هو شكل الطاقة التي تصدرها أجسامنا حتى في درجات الحرارة العادية؟,,إشعاع كهرطيسي,,إشعاع كهرطيسي,0.0,0.0,0.0
447,ما هي التحولات التي تحافظ على العدد الكتلي؟,,الايزوبارية,,الايزوبارية,0.0,0.0,0.0
448,ما هو القانون الذي يربط بين معدل الجريان الحجمي في وعاء دموي من جهة وفارق الضغط بين طرفي الوعاء ونصف قطره الداخلي وطوله ولزوجة الدم؟,,قانون بورواري,,قانون بورواري,0.0,0.0,0.0
449,ما نوع الجريان عندما تكون سرعة المائع في أي نقطة منه ثابتة مع مرور الزمن؟,,مستقر,,مستقر,0.0,0.0,0.0
450,ما هي آلية انتقال الحرارة في الموائع؟,,الحمل,,الحمل,0.0,0.0,0.0
451,ما هي صفات الخيال في المصورات ذات الثقب؟,,خیال حقيقي مقلوب.,,خیال حقيقي مقلوب.,0.0,0.0,0.0
452,ما هي العلاقة التناسبية لقرينة الانكسار لأي وسط معين؟,,عكسيا مع سرعة الأمواج في ذلك الوسط,,عكسيا مع سرعة الأمواج في ذلك الوسط,0.0,0.0,0.0
453,ما هي الأشعة التي حققت حلم الإنسان القديم في رؤية داخل الجسم من دون بضع؟,,الاشعة السينية,,الاشعة السينية,0.0,0.0,0.0
454,ما هو المركب الذي يتشكل من تفاعل حمض الآزوت المركز بوجود حمض الكبريت المركز مع نترو البنزين؟,,ميتا ثنائي نترو البنزن,,ميتا ثنائي نترو البنزن,0.0,0.0,0.0
455,ما هي التبادلات التي تجري بين الجسم الصلب والمانع المتحرك الذي يختلف عنه في درجة الحرارة؟,,الحمل,,الحمل,0.0,0.0,0.0
456,ما هي وظيفة الحقل الكهربائي في الأفران الكروية؟,,يجعل جزيئات الماء تقوم بحركة دورانية,,يجعل جزيئات الماء تقوم بحركة دورانية,0.0,0.0,0.0
457,ما هي طبيعة الإشعاعات الكهرومغناطيسية؟,,مثنوية .,,مثنوية .,0.0,0.0,0.0
458,ما هو التفاعل الذي تخضع له هالوجينات الألكانات بالقلويات؟,,استبدال نكليوفيلي,,استبدال نكليوفيلي,0.0,0.0,0.0
459,ما هي استخدامات الليزر الصباغي؟,,معالجة الوحمات الوعائية .,,معالجة الوحمات الوعائية .,0.0,0.0,0.0
460,ماذا تصدر النظائر المشعة في التصوير بالأصدر البوزتروني؟,,بوزترونات,,بوزترونات,0.0,0.0,0.0
461,ما هي الأشعة التي ساهمت في تقدم علم البلورات؟,,X-RAY,,X-RAY,0.0,0.0,0.0
462,ما الذي يتم التحكم في ارتفاع النهاية المدببة للحفاظ عليه عندما نمسح سطح المعدن في مجهر STM؟,,ثبات التيار النفقي,,ثبات التيار النفقي,0.0,0.0,0.0
463,ما هو معدل الإشعاع من سطح إلى معدل الإشعاع من مساحة مساوية من سطح مشع مثالي في درجة الحرارة نفسها؟,,الإصدارية,,الإصدارية,0.0,0.0,0.0
464,ما هي الجزئيات التي يمكن الاستفادة من تفاعلها في التصوير؟,,فوتونات الفلورة السينية .,,فوتونات الفلورة السينية .,0.0,0.0,0.0
465,ما هو الوسط الذي تكون فيه كثافة الأيونات الموجبة والسالبة أكبر من كثافة الأيونات المعتدلة؟,,بلازما,,بلازما,0.0,0.0,0.0
466,ما هو الإجراء المستخدم للاطمئنان على صحة الجنين عند المرأة الحامل؟,,الإيكو غرافي .,,الإيكو غرافي .,0.0,0.0,0.0
467,ما يُدعى الضغط الذي يسببه عمود من الزئبق ارتفاعه 1 مم؟,,التور .,,التور .,0.0,0.0,0.0
468,ما هي الظاهرة التي تنقسم فيها نواة ذات عدد كتلي كبير إلى نواتين أو أكثر لكل منهما عدد كتلي متوسط؟,,ظاهرة الإنشطار النووي,,ظاهرة الإنشطار النووي,0.0,0.0,0.0
469,ما هو مجال الأشعة الذي يشع فيه جسم الإنسان بشكل قريب جداً من إشعاع الجسم الأسود؟,,تحت الحمراء,,تحت الحمراء,0.0,0.0,0.0
470,ما هي الأشعة التي اشتهرت بانتزاع جزيئات الماء لدى تفاعلها مع النسج؟,,الأشعة تحت الحمراء.,,الأشعة تحت الحمراء.,0.0,0.0,0.0
471,ما هي الظاهرة التي تنقسم فيها نواة ذات عدد كتلي كبير إلى نواتين أو أكثر لكل منهما عدد كتلي متوسط؟,,ظاهرة الانشطار النووي.,,ظاهرة الانشطار النووي.,0.0,0.0,0.0
472,ما هي طريقة العلاج الفيزيائي التي تستعمل فيها تيارات كهربائية عالية التردد لإحداث الحرارة في الأنسجة العميقة؟,,تسخين موضعي في الانسجة الحية,,تسخين موضعي في الانسجة الحية,0.0,0.0,0.0
473,كيف تتولد الأشعة السينية؟,,تسرع الالكترونات بكمون مرتفع في أنبوب الفراغ ويسمح لها بالسقوط على سطح داخل الانبوب .,,تسرع الالكترونات بكمون مرتفع في أنبوب الفراغ ويسمح لها بالسقوط على سطح داخل الانبوب .,0.0,0.0,0.0
474,ما هو الأساس الذي تترتب وفقه العناصر في الجدول الدوري حالياً؟,,إعدادها الذرية,,إعدادها الذرية,0.0,0.0,0.0
475,ما هو الشرط الذي يجب أن تحققه النقطتان لتطبيق معادلة برنولي على جريان أي مائع مثالي؟,,خط الانحناء نفسه,,خط الانحناء نفسه,0.0,0.0,0.0
476,ما هي الأمواج التي تستخدم في تفتيت الحصى؟,,الأمواج فوق الصوتية,,الأمواج فوق الصوتية,0.0,0.0,0.0
477,ما هو المجهر الذي يمسح العينة نقطة فنقطة ولكنه يكشف عن الالكترونات النافذة؟,,STEM,,STEM,0.0,0.0,0.0
478,من أين تشتق قوة المقاومة من اللزوجة عندما تكون السرعة النسبية بين الجسم والمائع كافية لأن يكون الجريان حول الجسم رقائقياً؟,,منخفضة,,منخفضة,0.0,0.0,0.0
479,ما هي الرابطة التي تبقى صلبة دائماً؟,,الأيونية,,الأيونية,0.0,0.0,0.0
480,كم عدد العدسات في مجهر SEM؟,,اثنتان,,اثنتان,0.0,0.0,0.0
481,ما هي الحالة التي تتولد فيها الأمواج الصادمة بالنسبة لسرعة منبع الأمواج الصوتية؟,,تتجاوز سرعة الموجة الصوتية .,,تتجاوز سرعة الموجة الصوتية .,0.0,0.0,0.0
482,ما هو العدد النيوكلوني في نواة ذرة ما؟,,مجموع البروتونات والنترونات,,مجموع البروتونات والنترونات,0.0,0.0,0.0
483,ما هو سبب تخامد الأشعة السينية في الجسم المدروس؟,,امتصاص الجسم لها,,امتصاص الجسم لها,0.0,0.0,0.0
484,ما يُستخدم لقياس درجة التشوه؟,,انفعال,,انفعال,0.0,0.0,0.0
485,ما هي الوحدة التي يقيسها الروتنجن؟,,التعرض للإشعاع .,,التعرض للإشعاع .,0.0,0.0,0.0
486,ما تتألف منه الحلقة البنزنية؟,,ستة كربونات,,ستة كربونات,0.0,0.0,0.0
487,ماذا يشير انزياح الضوء من المجرات البعيدة نحو الترددات الأخفض؟,,ابتعاد المجرات عنا,,ابتعاد المجرات عنا,0.0,0.0,0.0
488,ما هي الوحدة التي يقيسها الرونتجن؟,,التعرض للإشعاع.,,التعرض للإشعاع.,0.0,0.0,0.0
489,ما هي النظائر؟,,لها نفس عدد البروتونات وتختلف بعدد النترونات,,لها نفس عدد البروتونات وتختلف بعدد النترونات,0.0,0.0,0.0
490,ما هي زاوية الورود التي يكون الضوء المنعكس عندها مستقطبا كليا؟,,زاوية بروستو,,زاوية بروستو,0.0,0.0,0.0
491,كيف يمكن توليد الأمواج فوق الصوتية؟,,بلورات كهر ضغطية,,بلورات كهر ضغطية,0.0,0.0,0.0
492,أين تشكل العين مديدة البصر (العين الطامسة) خيال الجسم القريب؟,,وراء الشبكية.,,وراء الشبكية.,0.0,0.0,0.0
493,ما هو الاضطراب الذي يمثل هذه الحالة؟,,الحدية للجريان المستقر,,الحدية للجريان المستقر,0.0,0.0,0.0
494,متى يأخذ احتمال وجود الالكترون قيمة عظمى في الحالة الأساسية في ذرة هيدروجين؟,,بعده عن النواة أصغر من نصف قطر بور,,بعده عن النواة أصغر من نصف قطر بور,0.0,0.0,0.0
495,ما ينص عليه قانون الانعكاس الأول؟,,زاوية الورود تساوي زاوية الانعكاس.,,زاوية الورود تساوي زاوية الانعكاس.,0.0,0.0,0.0
496,ما هو الانفعال في حالة التشوه التحددي أو الانضغاطي؟,,التغير النسبي في الطول زيادة أو نقصانا,,التغير النسبي في الطول زيادة أو نقصانا,0.0,0.0,0.0
497,ما هو وزن الحجم المنغمس من الجسم عندما يكون الجسم مغموساً وليس مغموراً كلياً نتيجة كون كثافة المائع أكبر من كثافة الجسم؟,,وزن الجسم,,وزن الجسم,0.0,0.0,0.0
498,ما اسم الجهاز الذي يصور مقاطع في الجسم البشري بالأشعة السينية والاستعانة بالحاسب؟,,الماسح .,,الماسح .,0.0,0.0,0.0
499,ما هو العنصر الأكثر استخداماً في التصوير بالتجاوب المغناطيسي؟,,الهيدروجين,,الهيدروجين,0.0,0.0,0.0
500,ما هو سبب تخامد الأشعة السينية في الجسم المدروس؟,,امتصاص الجسم لها,,امتصاص الجسم لها,0.0,0.0,0.0
501,ما هي الخطوة الأولى في التفاعلات؟,,المبادرة,,المبادرة,0.0,0.0,0.0
502,ماذا يزداد عندما ترتد الفوتونات التي تعبر الثقب في الحجرة عن الجدران مرات عديدة قبل أن تغادر؟,,احتمال امتصاتصها,,احتمال امتصاتصها,0.0,0.0,0.0
503,كيف تعمل الحزم الإلكترونية على معالجة الأورام؟,,القريبة من الجلد,,القريبة من الجلد,0.0,0.0,0.0
504,ما هو السبب وراء تكرار الطراز (الدورية في الجدول الدوري) الناجم عن ترتيب العناصر؟,,ازدياد أعدادها البروتونية,,ازدياد أعدادها البروتونية,0.0,0.0,0.0
505,ما هو المركب الذي يتشكل عند أكسدة الكيلات البنزن (مثل ميتيل البنزن) ببرمنغنات البوتاسيوم (VII) القلوية أو بأي مؤكسد قوي آخر؟,,حمض البنزويك,,حمض البنزويك,0.0,0.0,0.0
506,ما هي النوى التي لها عدد N ثابت حيث تحوي العدد نفسه من النترونات؟,,ايزوتونات,,ايزوتونات,0.0,0.0,0.0
507,ماذا يحدث إذا كانت الحقول الكهربائية لمنبع الأمواج الكهرطيسية لها اتجاهات عشوائية عند انتشاره؟,,غير مستقطب,,غير مستقطب,0.0,0.0,0.0
508,ما هو التفاعل الذي تخضع له الألكانات مع الهالوجينات في ضوء الشمس؟,,استبدال,,استبدال,0.0,0.0,0.0
509,ما هو الشيء الذي تهتز حوله الذرتان في الجزيء ثنائي الذرة؟,,مركز كتلتيهما,,مركز كتلتيهما,0.0,0.0,0.0
510,ما هي البنية لأكسيد المغنزيوم؟,,ايونية عملاقة,,ايونية عملاقة,0.0,0.0,0.0
511,ماذا يزداد عندما ترتد الفوتونات التي تعبر الثقب في الحجرة عن الجدران مرات عديدة قبل أن تغادر؟,,احتمال امتصاتصها,,احتمال امتصاتصها,0.0,0.0,0.0
512,ما هي وحدة قياس الجرعة المكافئة للإشعاع؟,,بالسفرت .,,بالسفرت .,0.0,0.0,0.0
513,ما هي طريقة التصوير التي يمكن اعتبارها الأقل ضرراً على الجسم؟,,التصوير الحراري.,,التصوير الحراري.,0.0,0.0,0.0
514,ما هي أعمار النصف للنظائر المشعة المستخدمة في تقنية الـ PET؟,,قصيرة نسبيا,,قصيرة نسبيا,0.0,0.0,0.0
515,ما هي المماكبات (الإيزوميرات)؟,,تختلف في طاقتها الداخلية فقط .,,تختلف في طاقتها الداخلية فقط .,0.0,0.0,0.0
516,ما هو القانون الذي تمثل معادلة برنولي المطبقة على جريان المائع أحد أشكال انحفاظه؟,,الطاقة .,,الطاقة .,0.0,0.0,0.0
517,ماذا يستخدم قانون ستوكس لقياسه؟,,مقاومة اللزوجة .,,مقاومة اللزوجة .,0.0,0.0,0.0
518,ما هو العلم الذي يقوم بحساب البعد بين الذرات عند معرفة الطول الموجي للأشعة السينية وقياس الزاوية؟,,علم البلورات,,علم البلورات,0.0,0.0,0.0
519,ما هي الأوساط التي تنتشر فيها الأمواج العرضانية؟,,الجسم الصلب,,الجسم الصلب,0.0,0.0,0.0
520,ما هي الخصائص التي تتمتع بها حزمة الفوتونات من أشعة X عالية الطاقة والتي تجعلها تستخدم في الطب النووي عند المعالجة عن بعد؟,,قدرة اختراق عالية تسمح بتدمير الأورام السطحية والعميقة .,,قدرة اختراق عالية تسمح بتدمير الأورام السطحية والعميقة .,0.0,0.0,0.0
521,ما هو القانون الذي ينص على أن تشوه مادة يتناسب طرديا مع القوى التي تحدث التشوه؟,,قانون هوك,,قانون هوك,0.0,0.0,0.0
522,علام نعتمد لتفسير لثنائية الإصدار في طيف بخار الصوديوم؟,,النظرية الذرية,,النظرية الذرية,0.0,0.0,0.0
523,ما هي المعادلة التي تعبر عن انخفاض الطاقة في الموائع؟,,معادلة بيرنولي,,معادلة بيرنولي,0.0,0.0,0.0
524,متى يحدث تفاعل اشعاع الليزر مع النسج؟,,تمتصه النسج .,,تمتصه النسج .,0.0,0.0,0.0
525,ما هي البنية التي تأخذها الشبكات الأيونية لكلوريد الصوديوم وأكسيد المغنزيوم؟,,مكعبية,,مكعبية,0.0,0.0,0.0
526,ما هو العمل الذي يقوم به المائع على المائع الذي يتقدمه في وحدة الجريان؟,,الضغط,,الضغط,0.0,0.0,0.0
527,ما هي الكمية الوسطية للأوزون في الغلاف الجوي؟,,300 DU,,300 DU,0.0,0.0,0.0
528,ما هو النكليد الإشعاعي المماكب الذي يشيع استخدامه في التشخيص الطبي؟,,التكنسيوم - 99,,التكنسيوم - 99,0.0,0.0,0.0
529,كيف يتغير نصف القطر الذري عبر الدور الثالث من اليسار إلى اليمين؟,,يتناقص,,يتناقص,0.0,0.0,0.0
530,إذا كان الإشعاع وحيد الطول الموجي فمن أي نوع من الفوتونات يكون مؤلفاً؟,,المتساوية الطاقات,,المتساوية الطاقات,0.0,0.0,0.0
531,ما هي الأمواج الميكانيكية التي تنشأ عن الوحدات المحركة في الألياف ولا تدركها الأذن؟,,الأمواج تحت الصوتية,,الأمواج تحت الصوتية,0.0,0.0,0.0
532,ما هو مصدر العنصر المشع الذي يعطى للمريض عند استخدام تقنية التصوير SPECT؟,,لأشعة غاما .,,لأشعة غاما .,0.0,0.0,0.0
533,ما نوع الصورة التي نحصل عليها في التصوير الومضاني للجزء المصور من جسم المريض؟,,ثنائية البعد .,,ثنائية البعد .,0.0,0.0,0.0
534,إذا تضيق قطر الشريان إلى ثلث قيمته الأصلية عند مريض مصاب بمرض وعائي وقلبي وبقي هبوط الضغط فيه على حاله، إلى كم ينخفض معدل جريان الدم؟,,81/1 من قيمته الأصلية .,,81/1 من قيمته الأصلية .,0.0,0.0,0.0
535,ما هي السكريات التي لا تحتاج أثناء امتصاصها من الأمعاء الدقيقة لوجود الصوديوم؟,,الفركتوز.,,الفركتوز.,0.0,0.0,0.0
536,ما هو الأنزيم المعوي الذي يحول مولد التربسين إلى تربسين؟,,الإنتيروكيناز.,,الإنتيروكيناز.,0.0,0.0,0.0
537,ما هو العامل الهرموني الذي يحرض إفراز عصارة بنكرياسية غنية بالإنزيمات الهاضمة؟,,الكوليسيستوكينين CCK,,الكوليسيستوكينين CCK,0.0,0.0,0.0
538,ما هو الإنزيم الذي يفكك سكر اللبن (اللاكتوز) إلى غلوكوز وغالاكتوز؟,,اللاكتاز.,,اللاكتاز.,0.0,0.0,0.0
539,ما هو مستودع الصفراء خارج أوقات الهضم والذي يعمل على تكثيفها؟,,المرارة.,,المرارة.,0.0,0.0,0.0
540,ما هي الشوارد التي يكون تركيزها أقل في اللعاب منه في البلازما؟,,صوديوم وكلور.,,صوديوم وكلور.,0.0,0.0,0.0
541,ما هو الهرمون الذي يحفز إفراز عصارة بنكرياسية غنية بالأنزيمات الهاضمة؟,,الكوليسيستوكينين CCK,,الكوليسيستوكينين CCK,0.0,0.0,0.0
542,ما هو السكر الذي لا يحتاج للصوديوم من أجل عملية امتصاصه؟,,الفركتوز.,,الفركتوز.,0.0,0.0,0.0
543,ما هو الناقل العصبي الذي يتحرر من العصبونات بعد العقدة في القسم الودي؟,,النورابينفرين أو الأستيل كولين.,,النورابينفرين أو الأستيل كولين.,0.0,0.0,0.0
544,ما الذي يحدد نمط استجابة العضو المعصب بواسطة الجهاز العصبي المستقل (استثارة أو تثبيط)؟,,نمط المستقبلات الموجودة في العضو.,,نمط المستقبلات الموجودة في العضو.,0.0,0.0,0.0
545,ما هو الناقل الكيميائي الذي تحرره جميع العصبونات قبل العقدة؟,,الأستيل كولين.,,الأستيل كولين.,0.0,0.0,0.0
546,ما هو الناقل العصبي الذي يتحرر من طرفيات جميع الألياف اللاودية بعد العقدية؟,,أستيل كولين.,,أستيل كولين.,0.0,0.0,0.0
547,ما هي الميزة التي تتمتع بها قنوات IF في النسيج العقدي القلبي التي تمكنها من توليد التنبيه عفوياً؟,,عندما تنفتح يتجاوز التيار الداخل من الصوديوم التيار الخارج من البوتاسيوم,,عندما تنفتح يتجاوز التيار الداخل من الصوديوم التيار الخارج من البوتاسيوم,0.0,0.0,0.0
548,ما هي الفائدة الوظيفية من التأخير الزمني في كمون الفعل لمدة 0.1 ثانية عند مروره في العقدة الأذينية البطينية؟,,إنهاء تقلص الأذينات قبل بدء تقلص البطينات.,,إنهاء تقلص الأذينات قبل بدء تقلص البطينات.,0.0,0.0,0.0
549,ماذا يحدث للبطينات في حال توقف العقدة الجيبية الأذينية عن العمل؟,,تتباطأ انقباضاتها,,تتباطأ انقباضاتها,0.0,0.0,0.0
550,ما هو سبب ظهور طور الهضبة في كامن فعل العضلة القلبية؟,,دخول شوارد الكالسيوم.,,دخول شوارد الكالسيوم.,0.0,0.0,0.0
551,ما هو سبب طور الهضبة في كمون عمل الليف العضلي القلبي؟,,الكالسيوم.,,الكالسيوم.,0.0,0.0,0.0
552,ما هي المناطق التي تطبق عليها المعالجة الإشعاعية في علاج أورام الخصية من النمط المنوي؟,,سلسلة العقد اللمفاوية الحرقفية والأبهرية,,سلسلة العقد اللمفاوية الحرقفية والأبهرية,0.0,0.0,0.0
553,ما هي الأورام التي لا تعتبر المعالجة الشعاعية معالجة شافية لها إذا استخدمت لوحدها في المراحل المبكرة؟,,الثدي,,الثدي,0.0,0.0,0.0
554,ما هي الجرعة الكلية الموصى بها في حال تقرر إجراء تشعيع وقائي للقحف بجرعة ٢ غري في كل جلسة؟,,٣٠ غري,,٣٠ غري,0.0,0.0,0.0
555,ما هو الزمن الأقل الفاصل بين كل جلستين عند إجراء المعالجة الشعاعية بطريق التجزئة المفرطة؟,,٦ ساعات,,٦ ساعات,0.0,0.0,0.0
556,ما الذي يحول مولد الببسين إلى ببسين؟,,حمض كلور الماء الموجود في المعدة.,,حمض كلور الماء الموجود في المعدة.,0.0,0.0,0.0
557,ما هو سبب حدوث عمى ربعي علوي أيمن مماثل؟,,الفصل الصدغي,,الفصل الصدغي,0.0,0.0,0.0
558,ما هي المدة الزمنية التي يتطور خلالها الصداع المزمن؟,,4أسابيع,,4أسابيع,0.0,0.0,0.0
559,ما هو نوع الصداع غير النابض ثنائي الجانب الذي قد يرتبط بتشنج عضلات الرقبة؟,,صداع التوتر,,صداع التوتر,0.0,0.0,0.0
560,أين يحدث التكيس للجيارديا اللمبلية؟,,أثناء التغوط,,أثناء التغوط,0.0,0.0,0.0
561,ما هي الذبابة ذهبية العيون Chrysop ثوي ناقل له؟,,اللوا لوا,,اللوا لوا,0.0,0.0,0.0
562,ما هي الفترة الزمنية الذي تظهر فيها إيجابية اختبار سابين فيلدمان بعد العدوى به؟,,1-2 أسبوع,,1-2 أسبوع,0.0,0.0,0.0
563,ما الذي تنتهي به المرحلة الخارج خلوية للمتصورات؟,,الأقاسيم المتحركة,,الأقاسيم المتحركة,0.0,0.0,0.0
564,أين تتكاثر خبيطيات الفخرية البنكروفتية؟,,الأوعية اللمفاوية للانسان,,الأوعية اللمفاوية للانسان,0.0,0.0,0.0
565,ما هو المرض الذي يستخدم عقار melarsporol في علاجه؟,,المثقبية الغامبية,,المثقبية الغامبية,0.0,0.0,0.0
566,ما هو الخمج الطفيلي الذي يمكن أن ينتقل من شخص لآخر؟,,المرمية الدودية,,المرمية الدودية,0.0,0.0,0.0
567,ما هي أفضل أماكن الخزع التشخيصية القندية في جسم الإنسان؟,,الطحال,,الطحال,0.0,0.0,0.0
568,ما هو المسبب لداء هجرة اليرقات الجلدي؟,,الديدان القوسية,,الديدان القوسية,0.0,0.0,0.0
569,ما هو العلاج المناسب للمتحولة العصبية naegleria fowleri؟,,الأمفوتريسين,,الأمفوتريسين,0.0,0.0,0.0
570,أين تتوضع يرقات الأسطوانية الوعائية عند الإنسان؟,,الجهاز العصبي المركزي,,الجهاز العصبي المركزي,0.0,0.0,0.0
571,ما هو الشكل المعدي للإنسان من متفرعة الخصية الصينية؟,,خليفة المذنبة,,خليفة المذنبة,0.0,0.0,0.0
572,أين تتوضع الأسطوانية البرازية عند الإنسان؟,,الجزء الأمامي من الصائم,,الجزء الأمامي من الصائم,0.0,0.0,0.0
573,ما هو العصب الذي يصاب في متلازمة قاع الحجاج؟,,العصب الفكي العلوي,,العصب الفكي العلوي,0.0,0.0,0.0
574,ما هو تعريف الحول المتقارب؟,,يتلاقي فيها محورا الرؤية في نقطة تقع أمام الجسم المنظور,,يتلاقي فيها محورا الرؤية في نقطة تقع أمام الجسم المنظور,0.0,0.0,0.0
575,ما هي أسباب حدوث فيض الدمع Epiphora؟,,نقص في التصريف,,نقص في التصريف,0.0,0.0,0.0
576,أين تقع حفيرة البكرة في الجدار العلوي للحجاج؟,,الأمامي الأنسي,,الأمامي الأنسي,0.0,0.0,0.0
577,ما هي النسبة التي تشكلها القرنية من سطح غلاف كرة العين الليفي؟,,السدس الأمامي,,السدس الأمامي,0.0,0.0,0.0
578,ما هو أكثر تنكسات القرنية شيوعاً؟,,القوس الشيخية,,القوس الشيخية,0.0,0.0,0.0
579,ما هي الحالات التي تشاهد فيها الرؤية المزدوجة الأحادية الجانب؟,,تحت خلع العدسة,,تحت خلع العدسة,0.0,0.0,0.0
580,ما هو المرض الذي يشاهد فيه حلقة كاي زر- فليشر عند المرضى؟,,داء ويلسون,,داء ويلسون,0.0,0.0,0.0
581,ما الذي يجب فعله في الحالات المعندة وغير المستجيبة للعلاج في الورم الكاذب للحجاج؟,,يجب اخذ خزعة من الورم,,يجب اخذ خزعة من الورم,0.0,0.0,0.0
582,ما هي النتائج التي تؤدي إليها إصابة الشعبة العينية من العصب الخامس في متلازمة الشق الحجاجي العلوي؟,,فقد حس الملتحمة والقرنية,,فقد حس الملتحمة والقرنية,0.0,0.0,0.0
583,ما هو التشخيص الأقرب لمريض عمره 65 سنة لديه فقد رؤية في النصف العلوي من الساحة البصرية مع بدء مفاجئ؟,,التهاب العصب البصري الاقفاري,,التهاب العصب البصري الاقفاري,0.0,0.0,0.0
584,ما الذي يدل عليه ظهور تقبب على شكل حويصل أسود في قعر القرحة القرنية الجرثومية؟,,تقبب غشاء ديسميه وخطر انثقابه,,تقبب غشاء ديسميه وخطر انثقابه,0.0,0.0,0.0
585,ما هي الطريقة التالية لتقدير حدة البصر لدى المريض إذا لم يتمكن من قراءة أكبر أحرف اللوحة؟,,بعد أصابع الفاحص,,بعد أصابع الفاحص,0.0,0.0,0.0
586,ما الذي يشكو منه المريض في الحول الشللي عند البالغين؟,,رؤية مزدوجة,,رؤية مزدوجة,0.0,0.0,0.0
587,متى ينعدم يوروبيلينوجين البول؟,,اليرقان الانسدادي,,اليرقان الانسدادي,0.0,0.0,0.0
588,في الاحتباس الصفراوي ما هو الانزيم الأفضل للوصول للتشخيص؟,,ALT,,ALT,0.0,0.0,0.0
589,ما هي نتيجة رحلان البروتينات في الالتهابات الحادة؟,,ترتفع الموجة a_2غلوبيولين وترتفع الموجة a_1غلوبيولين,,ترتفع الموجة a_2غلوبيولين وترتفع الموجة a_1غلوبيولين,0.0,0.0,0.0
590,ما هو المركب الذي يتم اصطناعه بدءا من الحموض الأمينية؟,,أمونيا,,أمونيا,0.0,0.0,0.0
591,ما هي أعراض فقر الدم بعوز الحديد عند المريض؟,,الشحوب,,الشحوب,0.0,0.0,0.0
592,ما هي الحالة التي تعاني منها مريضة عمرها 44 سنة تشكو من تعب عام وكانت قيمة البولة الدموية 140 ملغ/دل وقيمة الكرياتنين 6 ملغ/دل وحمض البول 4 ملغ/دل؟,,اليوريميا,,اليوريميا,0.0,0.0,0.0
593,ما هو سبب تشمع الكبد عند مريض عمره 12 سنة؟,,داء ويلسون,,داء ويلسون,0.0,0.0,0.0
594,ما هو الاحتمال الأكثر ترجيحاً لسبب تشمع الكبد عند مريض عمره 12 سنة؟,,داء ويلسون,,داء ويلسون,0.0,0.0,0.0
595,ما هو تصنيف مريض عنده الغلوكوز 210 ملغ / دل؟,,مريض سكري,,مريض سكري,0.0,0.0,0.0
596,ما هو تصنيف مريض تم تحليل الغلوكوز الصيامي له فكانت النتيجة 128 ملغ/دل؟,,مريض سكري,,مريض سكري,0.0,0.0,0.0
597,ما هو المركب الذي يعتبر ايتلين ديامين تترا استات مركباً لاقطاً له؟,,الكالسيوم,,الكالسيوم,0.0,0.0,0.0
598,ما هو المركب الذي يستخدم في تدبير حمى البحر الأبيض المتوسط؟,,الكولشيمين,,الكولشيمين,0.0,0.0,0.0
599,ما هو النمط التحسسي الذي يعود إليه داء الفقاع المحرض دوائياً؟,,الثاني.,,الثاني.,0.0,0.0,0.0
600,ما هي آلية تأثير المركب دابيريدامول؟,,تثبيط PDE,,تثبيط PDE,0.0,0.0,0.0
601,"ما هي جرعة الدواء عند طفل وزنه 17,5 كغ إذا كانت جرعة البالغ 100 ملغ؟",,25 ملغ.,,25 ملغ.,0.0,0.0,0.0
602,ما هو معدل التصفية الكلوية للكرياتينين عند رجل عمره 40 سنة ومستوى كرياتينين الدم 1 ملغ/دل ووزنه 72 كغ؟,,100,,100,0.0,0.0,0.0
603,ما هي الخلايا التي تقوم بإفراز بروتين برفورين الذي يفتح ثقوب في غشاء الخلية الهدف؟,,الخلايا القاتلة.,,الخلايا القاتلة.,0.0,0.0,0.0
604,كيف يتأثر الغاز كلما زاد وزنه الجزيئي؟,,انخفض معدل الانتشار.,,انخفض معدل الانتشار.,0.0,0.0,0.0
605,ما هو المبدأ الأساسي للتشتت؟,,الانتشار,,الانتشار,0.0,0.0,0.0
606,ما هو العامل الذي يسرع العامل السابع تشكله؟,,الثالث,,الثالث,0.0,0.0,0.0
607,ما هو السائل الموجود داخل الخلايا؟,,السيتوبلازما.,,السيتوبلازما.,0.0,0.0,0.0
608,ما هي مقدرة شخص على إدراك منبهين لمسيين مطبقين على منطقة من سطح الجسم على أنهما منفصلان؟,,تمييز حس النقطتين,,تمييز حس النقطتين,0.0,0.0,0.0
609,ما هو سبب عدم قدرة ألياف الجهاز العصبي المركزي على التجدد؟,,غياب غمد شوان,,غياب غمد شوان,0.0,0.0,0.0
610,ما هو المجال الذي تكون فيه النسخ السيتولوجية شفافة نسبياً؟,,تحت الأحمر القريب,,تحت الأحمر القريب,0.0,0.0,0.0
611,ما هو العامل الرئيسي الذي يحدد ارتباط الأكسجين بخضاب الدم؟,,الضغط الجزئي للأوكسجين في الدم PO2.,,الضغط الجزئي للأوكسجين في الدم PO2.,0.0,0.0,0.0
612,ما الذي يؤدي إليه العامل ٣ مع الكالسيوم؟,,تلقيم راجع إيجابي للثرومبين.,,تلقيم راجع إيجابي للثرومبين.,0.0,0.0,0.0
613,متى يزداد الانحلال في التلاسيميا؟,,التعرض للشدة والحمى.,,التعرض للشدة والحمى.,0.0,0.0,0.0
614,ما هو الفيتامين الأساسي في عملية تشكيل عوامل التخثر؟,,K,,K,0.0,0.0,0.0
615,ما هو المستوى من الفيزيولوجيا الذي تنتمي إليه دراسة آلية وتوليد ونقل كوامن الفعل في القلب؟,,النسيجي,,النسيجي,0.0,0.0,0.0
616,أين توجد المستقبلات النيكوتينية؟,,العقدة الجيبية الأذينية في القلب,,العقدة الجيبية الأذينية في القلب,0.0,0.0,0.0
617,ما الذي تعتمد عليه سرعة انتشار الأوكسجين عبر غشاء الخلية؟,,مقدار ذوبانه في الشحوم,,مقدار ذوبانه في الشحوم,0.0,0.0,0.0
618,ماذا يحدث عندما يصل التيروكسين إلى المستوى الدوراني المطلوب؟,,تتوقف الغدة النخامية عن افراز THS,,تتوقف الغدة النخامية عن افراز THS,0.0,0.0,0.0
619,ما هي الوظيفة الرئيسية للعقدة الأذينية البطينية في الحالات السوية؟,,توليد إشارات تجعلها ناظمة للقلب,,توليد إشارات تجعلها ناظمة للقلب,0.0,0.0,0.0
620,ما هي العوامل التي تحرض إفراز عصارة بنكرياسية غنية بالإنزيمات؟,,الأستيل كولين والكوليسيستوكينين,,الأستيل كولين والكوليسيستوكينين,0.0,0.0,0.0
621,أين يتم إعادة امتصاص القسم الأعظم من الماء المرتشح؟,,النبيبات الدانية,,النبيبات الدانية,0.0,0.0,0.0
622,ما هو سبب الصوت الأول للقلب؟,,انغلاق الصمامات الأذينية البطينية,,انغلاق الصمامات الأذينية البطينية,0.0,0.0,0.0
623,ما هي الخلايا التي تمتلك أسرع معدل لزوال الاستقطاب؟,,العقدة الجيبية الأذينية.,,العقدة الجيبية الأذينية.,0.0,0.0,0.0
624,ما هو الذي وظيفته تسريع عملية تشكل الترومبوبلاستين الصفيحي؟,,العامل السابع,,العامل السابع,0.0,0.0,0.0
625,ما الذي يعمل على تسهيل الانتقال بين الشهيق والزفير؟,,مركز التنفس الجسري,,مركز التنفس الجسري,0.0,0.0,0.0
626,ما الذي يزداد في الأسناخ الرئوية؟,,بتضيق فوهة القصيبات,,بتضيق فوهة القصيبات,0.0,0.0,0.0
627,ما يعرف بالموجهة الجسدية؟,,هرمون النمو,,هرمون النمو,0.0,0.0,0.0
628,ما هي العقدة الرأسية للجهاز العصبي المستقل؟,,الوطاء,,الوطاء,0.0,0.0,0.0
629,ما هي المحطة الرئيسية الدماغية التي تتكامل فيها وظائف الجهاز العصبي المستقل مع وظائف البنى العصبية الأخرى؟,,الوطاء,,الوطاء,0.0,0.0,0.0
630,ما هو الناقل العصبي المحرر من طرفيات الألياف بعد العقدية في القسم الودي؟,,الاستيل كولين أو النور أدرينالين,,الاستيل كولين أو النور أدرينالين,0.0,0.0,0.0
631,ما هو الدور المهم الذي تؤديه خلايا سيرتولي في الخصية؟,,تغذية النطاف,,تغذية النطاف,0.0,0.0,0.0
632,ما هو الذي يروي النسيج الضام للرئة؟,,الفروع القصبية للأبهر.,,الفروع القصبية للأبهر.,0.0,0.0,0.0
633,ما هي البوابات التي تتحكم بنفوذية القنوات للشوارد التي تسهم في تشكيل كامن الفعل؟,,القنوات المبوبة بالفولطاج,,القنوات المبوبة بالفولطاج,0.0,0.0,0.0
634,ما هي أجهزة التحكم والضبط والمراقبة في الجسم؟,,العصبى الصماوى,,العصبى الصماوى,0.0,0.0,0.0
635,ما هي المواد التي تحررها نهايات المحاوير العصبية في المشابك والموصلات المشبكية؟,,النواقل عصبية,,النواقل عصبية,0.0,0.0,0.0
636,ماذا ينقل الترانسفيرين؟,,الحديدي,,الحديدي,0.0,0.0,0.0
637,ما هو الإحساس الذي يمكن أن يُدرك كلياً في المهاد؟,,حس الألم,,حس الألم,0.0,0.0,0.0
638,أين توجد المستقبلات المسكارينية؟,,الخلايا المستجيبة للتنبيه بالعصبونات الكولينية الفعل بعد العقدية,,الخلايا المستجيبة للتنبيه بالعصبونات الكولينية الفعل بعد العقدية,0.0,0.0,0.0
639,ما هي الزمرة الدموية إذا كانت الكرية الحمراء لا تحوي مولد ارتصاص؟,,O,,O,0.0,0.0,0.0
640,ما هو ناظم القلب؟,,العقدة الجيبية.,,العقدة الجيبية.,0.0,0.0,0.0
641,ما الذي يشكله الجهاز الانزيمي في الخلايا البطانية السليمة اعتباراً من حمض الاراشيدونيك؟,,الترومبوكسان A2,,الترومبوكسان A2,0.0,0.0,0.0
642,ما الذي تتناسب معه سرعة النقل في الألياف العصبية اللانخاعينية؟,,الجذر التربيعي ل قطر الليف,,الجذر التربيعي ل قطر الليف,0.0,0.0,0.0
643,أين تقع أجسام عصبونات المرتبة الثانية للإحساسات المنقولة بمسلك العمود الظهري؟,,المهاد,,المهاد,0.0,0.0,0.0
644,ما هي العوامل التي تتناسب معها سرعة الانتشار البسيط؟,,طردا مع مدروج تركيز المادة المنتشرة,,طردا مع مدروج تركيز المادة المنتشرة,0.0,0.0,0.0
645,ما هي آلية تحرر شوارد الكالسيوم من الشبكة الهيولية في العضلات الهيكلية؟,,الانتشار,,الانتشار,0.0,0.0,0.0
646,ما الذي يؤكد الدور الأهم للمراكز الشوكية والبصلية في وظيفة الجهاز العصبي المستقل؟,,عدم حدوث تبدلت مهمة في وظائف الجهاز العصبي المستقبل عند قطع جذع الدماغ فوق مستوى البصلة,,عدم حدوث تبدلت مهمة في وظائف الجهاز العصبي المستقبل عند قطع جذع الدماغ فوق مستوى البصلة,0.0,0.0,0.0
647,ما هو الهدف الأساسي للنقل الفاعل عبر الغشاء؟,,الحفاظ على مدروج تركيز مرتفع للمادة عبر الغشاء,,الحفاظ على مدروج تركيز مرتفع للمادة عبر الغشاء,0.0,0.0,0.0
648,ما الذي يتأثر بتغير كمية الأوكسجين في الأسناخ؟,,الأوعية الدموية للسنخ,,الأوعية الدموية للسنخ,0.0,0.0,0.0
649,ما هي أقصى مدة لحفظ الدم؟,,20 يوم,,20 يوم,0.0,0.0,0.0
650,ماذا يحدث عندما تكون تهوية السنخ أعلى من ترويته الدموية؟,,حيز ميت فيزيولوجي,,حيز ميت فيزيولوجي,0.0,0.0,0.0
651,ما هي الحالات التي تزداد فيها كمية الماء الموجودة في الأحياز الخاصة؟,,الجنب وانصباب الجنب,,الجنب وانصباب الجنب,0.0,0.0,0.0
652,ما هو الهرمون المطلق للموجهة القشرية؟,,CRH,,CRH,0.0,0.0,0.0
653,ما هي الشاردة الإيجابية الأساسية في السائل داخل الخلوي؟,,بوتاسيوم,,بوتاسيوم,0.0,0.0,0.0
654,ما هو نوع المصل الذي يحمله شخص من الزمرة الدموية B؟,,يحوي الراصة Anti A,,يحوي الراصة Anti A,0.0,0.0,0.0
655,ما هي الحالة التي يكون فيها انقلاب الصيغة أكثر شيوعاً؟,,الأطفال.,,الأطفال.,0.0,0.0,0.0
656,ما هو حجم الضربة (Stroke Volume)؟,,كمّية الدم التي يضخها البطين الأيمن في ضربة واحدة,,كمّية الدم التي يضخها البطين الأيمن في ضربة واحدة,0.0,0.0,0.0
657,ما هي أقصى كمية هواء يمكن استنشاقها زيادة على كمية الحجم الجاري السوية؟,,حجم الشهيق المخر,,حجم الشهيق المخر,0.0,0.0,0.0
658,ما هي الآلية التي يتم من خلالها التنظيم المديد للجريان الموضعي؟,,إفراز الأنجيوجنين وعامل النمو البطاني.,,إفراز الأنجيوجنين وعامل النمو البطاني.,0.0,0.0,0.0
659,ما هي الشوارد التي تسبب قوى الجذب بين خيوط الاكتين والميوزين مما يؤدي إلى انزلاق بعضها على بعض؟,,الكالسيوم,,الكالسيوم,0.0,0.0,0.0
660,ما هو الهدف من آلية المزلاج في العضلات الملساء؟,,تحافظ على تقلّص مقوٍمديد فى العضلات الملمس باستخدام كمية قليلة جداً من الطاقه,,تحافظ على تقلّص مقوٍمديد فى العضلات الملمس باستخدام كمية قليلة جداً من الطاقه,0.0,0.0,0.0
661,ما هي الخلايا الدبقية التي تشكل جزء من الحاجز الوعائي الدموي؟,,الخلايا النجمية,,الخلايا النجمية,0.0,0.0,0.0
662,ما هي الآلية التي يتم من خلالها التنظيم المديد للضغط الشرياني؟,,افراز الانجيوجينين وعامل النمو البطاني,,افراز الانجيوجينين وعامل النمو البطاني,0.0,0.0,0.0
663,ما هي المستقبلة الأسرع تلاؤماً؟,,باشيني.,,باشيني.,0.0,0.0,0.0
664,لماذا لا تتمكن الألياف العصبية المركزية من التجديد؟,,عدم وجود غمد شوان,,عدم وجود غمد شوان,0.0,0.0,0.0
665,ما هي كمية الهواء الموجودة في الرئتين في نهاية شهيق سوي؟,,السعة الوظيفية المدخرة + الحجم الجاري,,السعة الوظيفية المدخرة + الحجم الجاري,0.0,0.0,0.0
666,ما هي الفائدة الوظيفية من التأخير الزمني لكامن الفعل لمدة 0.1 ثانية عند مروره في العقدة الأذينية البطينية؟,,إنهاء تقلص الأذينات قبل تقلص البطينات,,إنهاء تقلص الأذينات قبل تقلص البطينات,0.0,0.0,0.0
667,ما هي المواد التي يقتصر عليها الامتصاص المعدي؟,,الماء والشوارد,,الماء والشوارد,0.0,0.0,0.0
668,ما هو المركب الذي يتشكل من تفاعل الهيموغلوبين مع حمض أو قلوي؟,,هيماتين.,,هيماتين.,0.0,0.0,0.0
669,ما الذي يتناسب إفراغه عكسياً مع إفراغ الهيدروجين؟,,البوتاسيوم,,البوتاسيوم,0.0,0.0,0.0
670,ما هو الغشاء الكبيبي نفوذ له؟,,الالبومين.,,الالبومين.,0.0,0.0,0.0
671,ما هو المسؤول عن إرسال السيالات في العصبونات؟,,المحوار,,المحوار,0.0,0.0,0.0
672,ما هو المستوى الذي يعتبر ضخ الدم مثالاً على دراسته؟,,الأعضاء,,الأعضاء,0.0,0.0,0.0
673,ما هي العملية التي يتم بها تحويل النورادرينالين إلى أدرينالين؟,,ميتلة,,ميتلة,0.0,0.0,0.0
674,ما الذي يشكل جسراً بين ألياف الكولاجين والصفيحات الدموية؟,,الترومبوكسان A2,,الترومبوكسان A2,0.0,0.0,0.0
675,ما هي الفائدة الوظيفية من وجود الكليونات المجاورة للّب؟,,زيادة القدرة على تكثيف البول,,زيادة القدرة على تكثيف البول,0.0,0.0,0.0
676,ما هو السبب الذي يحمي العضلة القلبية من التكزز؟,,طول فترة كامن فعل الليف العضلي القلبي,,طول فترة كامن فعل الليف العضلي القلبي,0.0,0.0,0.0
677,ما هو الهرمون الذي يخضع لتأثير مزدوج منبه ومثبط من الوطاء؟,,GH,,GH,0.0,0.0,0.0
678,أين تقع المساحة الصغرى في ساحة الحس الأولية عند الإنسان؟,,الجذع,,الجذع,0.0,0.0,0.0
679,ما هو مصدر الATP الذي تحتاجه الليفات العضلية بشدة؟,,المتقدرات الغزيرة الموازية للبيفات,,المتقدرات الغزيرة الموازية للبيفات,0.0,0.0,0.0
680,ما هو الذي يفعل السبيل الخارجي للتخثر؟,,رض الأنسجة,,رض الأنسجة,0.0,0.0,0.0
681,ما الذي تتناسب معه سرعة انتشار الغاز عبر الغشاء التنفسي عكسياً؟,,ثخانة الغشاء,,ثخانة الغشاء,0.0,0.0,0.0
682,ما هي القيمة العظمى لضغط الأوكسجين في الأسناخ عند زيادة التهوية السنخية في الحالات السوية؟,,149 ملم زئبقي,,149 ملم زئبقي,0.0,0.0,0.0
683,أين يحدث الامتصاص بشكل أساسي؟,,الامعاء الدقيقة,,الامعاء الدقيقة,0.0,0.0,0.0
684,ما هو الهرمون الذي يتم إفرازه نتيجة الشدة (الكروب)؟,,الكورتيزول,,الكورتيزول,0.0,0.0,0.0
685,ما هي آلية تحرر شوارد الكالسيوم من الشبكة الهيولية في العضلات الهيكلية؟,,الانتشار,,الانتشار,0.0,0.0,0.0
686,ماذا يسبب التنبيه اللاودي على القلب؟,,تباطؤ ضربات القلب.,,تباطؤ ضربات القلب.,0.0,0.0,0.0
687,ما هو المسؤول عن زوال الاستقطاب؟,,دخول شوارد الصوديوم,,دخول شوارد الصوديوم,0.0,0.0,0.0
688,ما هو الرقم الهيدروجيني الطبيعي للبول؟,,بين 4.7 و 8,,بين 4.7 و 8,0.0,0.0,0.0
689,ماذا يحدث عند وصول كمية كبيرة من NaCl إلى اللطخة الكثيفة؟,,تقبيض الشرين الوارد,,تقبيض الشرين الوارد,0.0,0.0,0.0
690,ما هي كمية الدم التي تمر في نقطة معينة من الدوران خلال فترة محددة من الزمن؟,,تدفق الدم,,تدفق الدم,0.0,0.0,0.0
691,ما هو الانزيم المعوي الذي يقوم بهضم الدسم في الأمعاء؟,,الليباز,,الليباز,0.0,0.0,0.0
692,ماذا يسبب نقص فيتامين B12 وحمض الفوليك؟,,فقر دم زائد الصباغ زائد الحجم,,فقر دم زائد الصباغ زائد الحجم,0.0,0.0,0.0
693,ما هي وظيفة الصمامات القلبية؟,,توجيه مجرى الدم باتجاه واحد,,توجيه مجرى الدم باتجاه واحد,0.0,0.0,0.0
694,ما هو المستوى الذي يعد عليه تنظيم الضغط الشرياني؟,,الأجهزه,,الأجهزه,0.0,0.0,0.0
695,ما هو نوع العضلات الذي يمتاز بخاصية الارتخاء بعد الكرب؟,,العضلات وحيدة الوحدة الحشوية,,العضلات وحيدة الوحدة الحشوية,0.0,0.0,0.0
696,ما هو أسرع أجزاء الجهاز الناقل في القلب في توصيل السيالة؟,,ألياف بوركنج.,,ألياف بوركنج.,0.0,0.0,0.0
697,ما هو اسم الأسناخ التي يصلها دم ولا يصلها هواء؟,,التحويلة الفيزيولوجية,,التحويلة الفيزيولوجية,0.0,0.0,0.0
698,ما هي الطريقة التي يمكن بها تحرير النص الفعال حيوياً بتقنية الأسر الصوتي؟,,تفعيله بالامتصاص مستدعي الفوتونه,,تفعيله بالامتصاص مستدعي الفوتونه,0.0,0.0,0.0
699,ما هي الشاردة ذات التركيز الأكبر داخل العصبون؟,,البوتاسيوم,,البوتاسيوم,0.0,0.0,0.0
700,ما هو العظم الذي يتمفصل معه الغضروف الطرجهالي؟,,الغضروف الحلقي,,الغضروف الحلقي,0.0,0.0,0.0
701,ماذا يحدث في طور الانقباض الأذيني؟,,الصمامات الأذينية البطينية مفتوحة و السينية مغلقة,,الصمامات الأذينية البطينية مفتوحة و السينية مغلقة,0.0,0.0,0.0
702,ما هو الحجم الرئوي الذي يزداد مع التقدم بالعمر؟,,الحجم المتبقي.,,الحجم المتبقي.,0.0,0.0,0.0
703,ما الذي يحرض إفراز عصارة غنية بالإنزيمات الهاضمة من البنكرياس؟,,CCK,,CCK,0.0,0.0,0.0
704,ما الذي يتمثل به زوال استقطاب البطينات على مخطط القلب؟,,الموجة QRS.,,الموجة QRS.,0.0,0.0,0.0
705,ما هو العامل المحرض على زيادة إفراز الألدوستيرون؟,,زيادة تركيز البوتاسيوم في السائل خارج الخلوي,,زيادة تركيز البوتاسيوم في السائل خارج الخلوي,0.0,0.0,0.0
706,ما هي الطريقة المستخدمة لحل الخثرة إذا تشكلت في أوعية القلب والرئتين؟,,البلازمين,,البلازمين,0.0,0.0,0.0
707,ما الذي تسمح به خاصية الارتخاء بعد الكرب للأعضاء الجوفاء التي تحوي عضلات ملساء؟,,المحافظة على مقدار الضغط نفسه على الرغم من تغير الحجم ضمن حدود معينة,,المحافظة على مقدار الضغط نفسه على الرغم من تغير الحجم ضمن حدود معينة,0.0,0.0,0.0
708,ما هو معدل التهوية السنخية؟,,كمية الهواء الذي يصل للمناطق التنفسية مضروب,,كمية الهواء الذي يصل للمناطق التنفسية مضروب,0.0,0.0,0.0
709,متى يتوقف التقلص العضلي؟,,ارتباط الكالسيوم بالتربونين,,ارتباط الكالسيوم بالتربونين,0.0,0.0,0.0
710,ما هي عصبونات المرتبة الثانية في المسلك الظهري؟,,النواتين الناحلة واإلسفينية,,النواتين الناحلة واإلسفينية,0.0,0.0,0.0
711,ما هو القشراني المعدني الرئيسي؟,,الالدوسترون (معدني),,الالدوسترون (معدني),0.0,0.0,0.0
712,ما هي أقل أنسجة الجسم البشري احتواءً على الماء؟,,الدهنى,,الدهنى,0.0,0.0,0.0
713,ما هو طليعة الانزيم الذي يتحول إلى شكله الفعال تحت تأثير الخنثرين؟,,العامل الحادي عشر,,العامل الحادي عشر,0.0,0.0,0.0
714,ما هي الآلية التي يستطيع من خلالها الجهاز التنفسي تأمين كميات كبيرة من الأكسجين أثناء التمارين المجهدة؟,,يحصل كامل التبادل الغازي للأكسجين خلال قطع الدم ثلث المسافة عبر الوعاء الشعري.,,يحصل كامل التبادل الغازي للأكسجين خلال قطع الدم ثلث المسافة عبر الوعاء الشعري.,0.0,0.0,0.0
715,ما الذي يحول الببسين إلى مولد ببسين؟,,حمض كلور الماء,,حمض كلور الماء,0.0,0.0,0.0
716,ما هي الوظائف التي يتآزر فيها الجهازان الودي واللاودي؟,,تنظيم افراز اللعاب,,تنظيم افراز اللعاب,0.0,0.0,0.0
717,من أين يتم إفراز الإريثروبويتين؟,,الكلية,,الكلية,0.0,0.0,0.0
718,ما الجزء من الأجسام الضدية من IgG التي يتم قطعها وأخذها في المراكز الحديثة؟,,الجزء المفرط التغير,,الجزء المفرط التغير,0.0,0.0,0.0
719,ما الذي يؤدي إلى نقصان حجم الدفقة بزيادته؟,,معدل دقات القلب.,,معدل دقات القلب.,0.0,0.0,0.0
720,ما تدعى الترنجات العشوائية لشدة الإشعاع المترابط المنتشرة انتشاراً متعدداً؟,,البقع,,البقع,0.0,0.0,0.0
721,ما هو المسؤول عن إعادة الاستقطاب؟,,دخول شوارد الصوديوم,,دخول شوارد الصوديوم,0.0,0.0,0.0
722,ما هي المادة التي تشتق منها الهرمونات الأمينية؟,,التيروزين,,التيروزين,0.0,0.0,0.0
723,كيف يؤدي التأثير الحاصر غير المباشر تأثيره على الجهاز العصبي المستقل؟,,إنقاص فعالية العصبون قبل المشبكي,,إنقاص فعالية العصبون قبل المشبكي,0.0,0.0,0.0
724,ما هو الطريق الهندسي الذي يمكن للضوء أن يقطعه في الخلاء مضروبا بقرينة انكسار الوسط؟,,المسار الضوئي,,المسار الضوئي,0.0,0.0,0.0
725,ما هي الألياف العصبية التي تتميز بالنقل القفزي؟,,الألياف المغمدة بالنخاعين,,الألياف المغمدة بالنخاعين,0.0,0.0,0.0
726,ما هو الكمون تقريباً عندما يتكون الليف نفوذ لشوارد البوتاسيوم فقط؟,,سالب 94 ميلي فولط,,سالب 94 ميلي فولط,0.0,0.0,0.0
727,ماذا ينقص في حال نقص المتناول من الماء؟,,حجم البول,,حجم البول,0.0,0.0,0.0
728,ما هو الجزء الذي يملك فعالية ATPase؟,,رأس الميوزين,,رأس الميوزين,0.0,0.0,0.0
729,أين يوجد مركز العطش؟,,الوطاء,,الوطاء,0.0,0.0,0.0
730,أين يحدث الامتصاص بشكل رئيسي؟,,أمعاء دقيقة,,أمعاء دقيقة,0.0,0.0,0.0
731,ما هو الناقل العصبي الذي تحرره الألياف قبل العقدية في القسمين الودي ونظير الودي؟,,الأستيل كولين,,الأستيل كولين,0.0,0.0,0.0
732,ما هو الصوت الذي يسمع عند بدء الانبساط البطيني؟,,الثاني,,الثاني,0.0,0.0,0.0
733,ما الذي يُنقص الإفراز المعدي؟,,السكرتين,,السكرتين,0.0,0.0,0.0
734,كيف يتم إلغاء التأثير التثبيطي للتروبونين؟,,الكالسيوم,,الكالسيوم,0.0,0.0,0.0
735,ما هي الوظائف التي يتآزر فيها القسمين الودّي ونظير الودّي للجهاز العصبي المستقل؟,,تنظيم إفراز اللعاب,,تنظيم إفراز اللعاب,0.0,0.0,0.0
736,ماذا يؤدي نقص تركيز الأوكسجين في الأسناخ؟,,تقبض الأوعية الدموية لهذه الأسناخ.,,تقبض الأوعية الدموية لهذه الأسناخ.,0.0,0.0,0.0
737,ما هي الظاهرة التي تحدث عندما تتجمع المراكز المثارة ويستطيع الإشعاع أن ينتشر مرات كثيرة؟,,الانتثار المتعدد,,الانتثار المتعدد,0.0,0.0,0.0
738,ما هو المسؤول عن تحفيز تحرر الكالسيوم من الشبكة الهيولية؟,,كامن الفعل,,كامن الفعل,0.0,0.0,0.0
739,ما هي آلية عمل الحاصرات الغير مباشرة في الجهاز العصبي المستقل؟,,تنقص فعالية العصبون قبل المشبكي,,تنقص فعالية العصبون قبل المشبكي,0.0,0.0,0.0
740,ما هو نمط المستقبلات الموجودة في العضو؟,,إرخاء مصرة المثانة,,إرخاء مصرة المثانة,0.0,0.0,0.0
741,ما الذي يؤدي إلى انخفاض ضغط الدم عند زيادته؟,,قطر الاوعية الدموية,,قطر الاوعية الدموية,0.0,0.0,0.0
742,ما هي الحالات التي تنقص فيها سرعة موجة النبض؟,,بازدياد المرونة.,,بازدياد المرونة.,0.0,0.0,0.0
743,ما هي الخلايا التي تستجيب للعصبونات بعد العقد اللاودية؟,,الأستيل كولين,,الأستيل كولين,0.0,0.0,0.0
744,ما هو الجزء من النفرون الكتيم تماماً للماء؟,,الجزء الصاعد من عروة هانله,,الجزء الصاعد من عروة هانله,0.0,0.0,0.0
745,أين يتم تخرب الكريات الحمر بشكل رئيسي؟,,الطحال,,الطحال,0.0,0.0,0.0
746,ما هو العامل الأساسي الذي يحدد ارتباط الخضاب بالأوكسجين؟,,ضغط الأوكسجين في الدم.,,ضغط الأوكسجين في الدم.,0.0,0.0,0.0
747,ما هو العامل الذي تفرزه الكلية ويؤثر في تشكيل الكريات الحمر؟,,التروميو موديولين,,التروميو موديولين,0.0,0.0,0.0
748,إلام يؤدي زيحان منحنى تفارق الأكسجين الخضاب نحو اليمين؟,,نقص النسبة المئوية لإشباع الخضاب بالأكسجين,,نقص النسبة المئوية لإشباع الخضاب بالأكسجين,0.0,0.0,0.0
749,ما الذي يشكل غمد النخاعين في الجهاز العصبي المركزي؟,,الخلايا الدبقية قليلة التغصنات,,الخلايا الدبقية قليلة التغصنات,0.0,0.0,0.0
750,ما الذي يثبط إفراز الـ FSH؟,,البروجسترون,,البروجسترون,0.0,0.0,0.0
751,ماذا تمثل الموجة QRS؟,,زوال استقطاب البطينين,,زوال استقطاب البطينين,0.0,0.0,0.0
752,ما الذي يعتمد عليه هرمون النمو في تأثيره على الخلية الهدف؟,,السوماتوميدين,,السوماتوميدين,0.0,0.0,0.0
753,ما الذي يضمن سرعة توصيل كامن الفعل إلى جميع أنحاء الليف العضلي؟,,انابيب المستعرضة,,انابيب المستعرضة,0.0,0.0,0.0
754,ما الذي يسمع بوضوح في الحالة الطبيعية للإنسان؟,,الصوتان الأول و الثاني,,الصوتان الأول و الثاني,0.0,0.0,0.0
755,ماذا يحدث لمعدل الترشيح الكبيبي عندما يصبح ضغط الدم 100 ممز؟,,يبقي ثابتا,,يبقي ثابتا,0.0,0.0,0.0
756,ما هو المستوى الذي يعد عليه تنظيم الضغط الشرياني؟,,الأجهزة,,الأجهزة,0.0,0.0,0.0
757,ما الذي يثبط فعالية جهاز الهضم؟,,التنبيه اللاودي.,,التنبيه اللاودي.,0.0,0.0,0.0
758,ما هي الأسباب التي تُعزى إليها ظاهرة الانتشار الخلفي المترابط؟,,تموضع ضعيف,,تموضع ضعيف,0.0,0.0,0.0
759,ما الذي يحدث مباشرة قبل صوت القلب الثاني؟,,الموجة T.,,الموجة T.,0.0,0.0,0.0
760,ما هو الأنزيم المعوي الذي يحول مولد التربسين إلى تربسين؟,,الإنتيروكيناز,,الإنتيروكيناز,0.0,0.0,0.0
761,ما هي أهمية التأخير الذي يحدث أثناء مرور كامن الفعل في العقدة الأذينية البطينية؟,,كل ما سبق صحيح.,,كل ما سبق صحيح.,0.0,0.0,0.0
762,ما هو سبب ظهور طور الهضبة في كامن فعل العضلة القلبية؟,,دخول شوارد الكالسيوم.,,دخول شوارد الكالسيوم.,0.0,0.0,0.0
763,ما الأقنية التي يسبب انتفاحها بطور الهضبة في كمون عمل الليف العضلي القلبي؟,,الكالسيوم,,الكالسيوم,0.0,0.0,0.0
764,ما هو المخطط الذي عبارة عن صندوق ذو قرنين ممتدين بشكل موازي للمحور الشاقولي الذي تتوزع عليه القياسات؟,,المخطط الصندوقي,,المخطط الصندوقي,0.0,0.0,0.0
765,ما هو المقياس الذي يسمح بترتيب السمات دون اعتبار لتساوي الفروق بين أي رتبتين؟,,الرتبي,,الرتبي,0.0,0.0,0.0
766,ماذا يعني أن تكون قيمة معامل الارتباط تساوي −0.92؟,,وجود علاقة عكسية قوية,,وجود علاقة عكسية قوية,0.0,0.0,0.0
767,ما هي مصادر البيانات السكانية؟,,التعداد ومسوح العينة والسجلات السكانية,,التعداد ومسوح العينة والسجلات السكانية,0.0,0.0,0.0
768,ماذا نحصل عليه بعد تحديد مجتمع الدراسة والعينة وقياس قيم المتغير على أفراد العينة؟,,البيانات الخام,,البيانات الخام,0.0,0.0,0.0
769,ما هو نوع المتغير الذي يمثله عدد الكريات الحمر؟,,عشوائي منفصل,,عشوائي منفصل,0.0,0.0,0.0
770,ما هو المقياس الذي تكون فيه قيمة الصفر نسبية وليست مطلقة؟,,المقياس الفتروي,,المقياس الفتروي,0.0,0.0,0.0
771,ما هو مخطط تنظيم البيانات الذي يشبه أسلوب الجداول التكرارية والأعمدة؟,,مخطط الساق والورقة,,مخطط الساق والورقة,0.0,0.0,0.0
772,ما هو التوقع الرياضي للعدد الثابت؟,,العدد الثابت ذاته,,العدد الثابت ذاته,0.0,0.0,0.0
773,ما هو التوزيع المستخدم من أجل اختبار الفروض حول معامل الارتباط الخطي؟,,ستيودنت بدرجة حرية n-2,,ستيودنت بدرجة حرية n-2,0.0,0.0,0.0
774,ما هو الإحصاء الذي يسعى لعرض وتوضيح سلوك الظاهرة؟,,إحصاء وصفي,,إحصاء وصفي,0.0,0.0,0.0
775,ما هو الغرض الرئيسي من حساب معامل الارتباط الخطي؟,,قياس قوة العلاقة الخطية بين متغيرين,,قياس قوة العلاقة الخطية بين متغيرين,0.0,0.0,0.0
776,ما هو الخط المنكسر الذي يصل النقاط التي فواصلها مراكز الفئات وترتيبها تكرارات الفئات؟,,المضلع التكراري,,المضلع التكراري,0.0,0.0,0.0
777,من أين نحصل على المصادر الداخلية لجمع البيانات؟,,داخل الشركة أو المؤسسة,,داخل الشركة أو المؤسسة,0.0,0.0,0.0
778,ما هو الإحصاء؟,,أي دالة في العينة لا تتبع وسيط مجهول,,أي دالة في العينة لا تتبع وسيط مجهول,0.0,0.0,0.0
779,ماذا يحتسب اليوم إذا قُبل المريض في يوم وتخرج في نفس اليوم؟,,مدة استشفاء,,مدة استشفاء,0.0,0.0,0.0
780,ما هي طريقة جمع البيانات التي تتناسب مع الأطفال؟,,الملاحظة,,الملاحظة,0.0,0.0,0.0
781,ما هي الدراسات التي بحكم الميدان تنفيذ العمل وجمع البيانات؟,,الدراسات الكيفية,,الدراسات الكيفية,0.0,0.0,0.0
782,ما هو الغرض من استخدام الجداول التكرارية؟,,البيانات الوصفية والكمية,,البيانات الوصفية والكمية,0.0,0.0,0.0
783,ما هما نوعا البيانات الموجودان؟,,كمية ووصفية,,كمية ووصفية,0.0,0.0,0.0
784,ما الذي تعطينا إياه دالة التوزيع الاحتمالي المتجمع؟,,احتمال ان ياخد المتغير العشوائى x قيمه اقل او تساوى قيمه محددة,,احتمال ان ياخد المتغير العشوائى x قيمه اقل او تساوى قيمه محددة,0.0,0.0,0.0
785,كل متى يتكرر التعداد السكاني عادة؟,,عشرة أعوام,,عشرة أعوام,0.0,0.0,0.0
786,ما هو الفارق في عدد السكان بين تعدادين متعاقبين تفصلهما فترة معينة كعشر سنوات؟,,التغير المطلق,,التغير المطلق,0.0,0.0,0.0
787,ما هو المسجل الذي يهدف إلى تجميع المعلومات عن المرضى؟,,السجلات الطبية,,السجلات الطبية,0.0,0.0,0.0
788,ما هي من أقدم الطرق المستخدمة لجمع البيانات لمراقبة الكثير من الظواهر لا سيما التي يصعب السؤال عنها؟,,الملاحظة أو المشاهدة,,الملاحظة أو المشاهدة,0.0,0.0,0.0
789,ما هو المقياس المستخدم لوصف حالة التدخين (مدخن - غير مدخن)؟,,الاسمي,,الاسمي,0.0,0.0,0.0
790,ما هي الطريقة التي يتم بها الحصول على بيانات تتعلق بضغط الدم وسرعة نبضات القلب ونسبة الكوليسترول في الدم لعينة من المرضى خلال فترة أسبوع؟,,التسجيل,,التسجيل,0.0,0.0,0.0
791,ما هي وظائف السجلات الطبية؟,,ترميز الامراض والعمليات .,,ترميز الامراض والعمليات .,0.0,0.0,0.0
792,ما هو المقياس الذي يمكن استخدام الطرق الإحصائية الوسيطية فيه؟,,النسبي,,النسبي,0.0,0.0,0.0
793,ما هو التوزيع الذي يتبعه مربع المتغير العشوائي Z² إذا كان للمتغير العشوائي Z توزيع طبيعي معياري؟,,توزيع كاي مربع بدرجة حرية واحدة,,توزيع كاي مربع بدرجة حرية واحدة,0.0,0.0,0.0
794,ما هي المنظمة التي وضعت التصنيف الدولي للأمراض؟,,منظمة الصحة العالمية .,,منظمة الصحة العالمية .,0.0,0.0,0.0
795,ما هي الجهة المسؤولة عن السجلات الطبية؟,,قسم السجلات الطبية في المشفى,,قسم السجلات الطبية في المشفى,0.0,0.0,0.0
796,ما هو التوقع الرياضي لمتحول عشوائي يخضع لتوزيع برنولي؟,,P,,P,0.0,0.0,0.0
797,ما هو التصنيف الدولي للأمراض؟,,ثلاثة أجزاء .,,ثلاثة أجزاء .,0.0,0.0,0.0
798,ما هو المستقيم الذي يكون منحنى التوزيع الطبيعي المعياري مناظراً حوله؟,,x=0,,x=0,0.0,0.0,0.0
799,ما هي أيام الخدمة الإجمالية للمرضى الداخليين؟,,مجموع خدمة جميع المرضى الداخليين خلال مدة معينة,,مجموع خدمة جميع المرضى الداخليين خلال مدة معينة,0.0,0.0,0.0
800,ما هي قيمة معامل التجديد؟,,مربع معامل الارتباط الخطي,,مربع معامل الارتباط الخطي,0.0,0.0,0.0
801,ما هي وحدة المعاينة؟,,عنصر من العينة,,عنصر من العينة,0.0,0.0,0.0
802,ما هو الجدول التكراري الذي يضم عدد البيانات في فئة معينة وكل الفئات التي تسبقها؟,,تكرار المجتمع الصاعد,,تكرار المجتمع الصاعد,0.0,0.0,0.0
803,ما هو معدل الوفيات في المشفى؟,,عدد الوفيات خلال فترة زمنية محددة على عدد المتخرجين والوفيات في نفس الفترة مضروب بـ 100,,عدد الوفيات خلال فترة زمنية محددة على عدد المتخرجين والوفيات في نفس الفترة مضروب بـ 100,0.0,0.0,0.0
804,ما هو متوسط التوزيع الاحتمالي في تجربة رمي قطعة نقود 3 مرات متتالية حيث x تدل على عدد ظهور H؟,,1.5,,1.5,0.0,0.0,0.0
805,ما هو المجتمع الإحصائي (الجمهرة)؟,,التي تشترك فيما بينها ببعض الخواص والمميزات,,التي تشترك فيما بينها ببعض الخواص والمميزات,0.0,0.0,0.0
806,ما هو الرسم البياني الذي يتكون من مجموعة من الأعمدة المتجاورة المقامة على المحور الأفقي الذي تمثل عليه حالات الصفة المدروسة عندما تكون البيانات وصفية وفترات الفئات عندما تكون البيانات كمية ويساوي ارتفاع كل عمود تكرارات الفئة المقام عليها؟,,المدرج التكراري,,المدرج التكراري,0.0,0.0,0.0
807,ما هي طريقة جمع البيانات التي من أمثلتها قياس شدة تأثير نوع من الهرمونات في مجموعة من الفئران؟,,التجربة,,التجربة,0.0,0.0,0.0
808,ما نوع المتغير الذي يمثله طول شخص بالغ وقياس السكر في الدم؟,,عشوائي مستمر,,عشوائي مستمر,0.0,0.0,0.0
809,متى يكون المجتمع غير متجانس في العينة غير العشوائية؟,,الحصصية,,الحصصية,0.0,0.0,0.0
810,ما الذي يعتمد عليه توزيع ستيودنت؟,,درجة الحرية,,درجة الحرية,0.0,0.0,0.0
811,ما هي محتويات السجل الطبي؟,,صفحة الموافقة على العلاج,,صفحة الموافقة على العلاج,0.0,0.0,0.0
812,ما هو التصنيف الدولي للأمراض وما الغرض من الرموز والأرقام المستخدمة فيه؟,,عن الامراض .,,عن الامراض .,0.0,0.0,0.0
813,ما نوع العينة التي نسحبها إذا كنا أمام مجتمع غير متجانس؟,,طبقية,,طبقية,0.0,0.0,0.0
814,ما هو الغرض من استخدام الجداول التكرارية في عرض البيانات؟,,الكمية والاسمية,,الكمية والاسمية,0.0,0.0,0.0
815,ما هي الطريقة التي يتم بها الحصول على بيانات تتعلق بضغط الدم ونسبة الكوليسترول بالدم لعينة من المرضى خلال فترة زمنية معينة؟,,الملاحظة أو المشاهدة,,الملاحظة أو المشاهدة,0.0,0.0,0.0
816,ما هي أعلى مستويات القياس؟,,المقياس الرتبي,,المقياس الرتبي,0.0,0.0,0.0
817,ما هو الهدف من تغيير الطرائق في الدراسات بالنسبة للبيانات؟,,أفضل دقة ممكنة,,أفضل دقة ممكنة,0.0,0.0,0.0
818,ما هي طريقة جمع البيانات التي تمتاز بالتكلفة العالية؟,,المقابلة الشخصية,,المقابلة الشخصية,0.0,0.0,0.0
819,ما هو الفارق في عدد السكان بين تعدادين متعاقبين تفصلهما فترة معينة كعشر سنوات؟,,التغير المطلق,,التغير المطلق,0.0,0.0,0.0
820,ما هو الجزء من الإحصاء الذي يعنى بوصف طبيعة وسلوك الظاهرة المدروسة وعرضها؟,,الإحصاء الوصفي,,الإحصاء الوصفي,0.0,0.0,0.0
821,ما هي الفئة التي تشكل قاعدة الهرم السكاني؟,,الأطفال,,الأطفال,0.0,0.0,0.0
822,ما هي فرضية العدم لاختبار الفرضيات حول معامل الارتباط الخطي لبيرسون؟,,قيمة معامل ارتباط المجتمع تساوي الصفر,,قيمة معامل ارتباط المجتمع تساوي الصفر,0.0,0.0,0.0
823,ما هو التكرار المتجمع الهابط لفئة معينة؟,,عدد البيانات في الفئة والفئات التي تليها,,عدد البيانات في الفئة والفئات التي تليها,0.0,0.0,0.0
824,ما هو التوزيع الذي تتبعه التجربة الثنائية الوحيدة؟,,البرنولي,,البرنولي,0.0,0.0,0.0
825,ما هو نتاج العوامل المؤثرة في النمو السكاني من مواليد ووفيات وهجرة؟,,التركيب العمري,,التركيب العمري,0.0,0.0,0.0
826,ما هو المقياس المستخدم لقياس خضاب الدم؟,,النسبي,,النسبي,0.0,0.0,0.0
827,ما هو نوع المصدر الذي تمثله البيانات التي نحصل عليها من الشركة أو المؤسسة من واقع مستنداتها وسجلاتها وفواتيرها وتقاريرها الدورية؟,,داخلي,,داخلي,0.0,0.0,0.0
828,ما هي الجهة المسؤولة عن السجلات الطبية؟,,قسم السجلات الطبيه فى المشفى,,قسم السجلات الطبيه فى المشفى,0.0,0.0,0.0
829,ما هو نوع الإحصاء الذي يتضمن جمع البيانات وتنظيمها وتوصيفها وتبويبها وتلخيصها؟,,الوصفي,,الوصفي,0.0,0.0,0.0
830,ما نوع العينة التي تمثلها مجموعة من المرضى الذين يراجعون طبيباً معيناً عندما يجري عليهم دراسة؟,,مصادفة,,مصادفة,0.0,0.0,0.0
831,ما نوع العلاقة إذا كانت قيمة بيرسون R=0.92؟,,طردية قوية,,طردية قوية,0.0,0.0,0.0
832,ما هي وحدة المعاينة؟,,عنصر من العينة,,عنصر من العينة,0.0,0.0,0.0
833,ما هي الطريقة التي يتم بها الحصول على بيانات تتعلق بضغط الدم وسرعة نبضات القلب ونسبة الكولسترول في الدم لعينة من المرضى خلال فترة أسبوع؟,,الملاحظة أو المشاهدة,,الملاحظة أو المشاهدة,0.0,0.0,0.0
834,ما نوع الارتباط بين المتغير العشوائي X والمتغير التابع Y إذا كان تزايد X يؤدي إلى تزايد Y؟,,إيجابي,,إيجابي,0.0,0.0,0.0
835,"ماذا تعبر عنه العبارة ""احتمال أي حدث لا يزيد عن الواحد""؟",,المسلمة الاحتمالية,,المسلمة الاحتمالية,0.0,0.0,0.0
836,ما تسمى الظاهرة التي يحدث فيها انحدار معدل أطوال الأبناء من معامل المجتمع؟,,الانحدار نحو المعدل,,الانحدار نحو المعدل,0.0,0.0,0.0
837,ما هي التقديرات التي تستخدم لتقدير نسبة النجاح لمجتمع؟,,التقدير النقطي,,التقدير النقطي,0.0,0.0,0.0
838,ما نوع المتغير العشوائي الذي يدل على عدد القذفات عند قذف قطعة نقود حتى يظهر الوجه H للمرة الأولى؟,,متقطع قيمة الاعداد الطبيعية,,متقطع قيمة الاعداد الطبيعية,0.0,0.0,0.0
839,ما هو متوسط عدد الأطفال الذي يمكن أن تنجبهم المرأة أحياء إذا أمضت حياتها منذ ميلادها بما يتماشى مع معدلات الخصوبة العمرية في سنة معينة؟,,معدل الخصوبة الكلية,,معدل الخصوبة الكلية,0.0,0.0,0.0
840,ما هي الطريقة التي تمكننا من مراقبة رد الفعل على بعض الأسئلة والحصول على إجابات دقيقة؟,,المواجهة,,المواجهة,0.0,0.0,0.0
841,ما هو نوع البيانات المستخدمة لإنشاء الجدول التكراري؟,,كمية و وصفية,,كمية و وصفية,0.0,0.0,0.0
842,ما هي طبيعة الأفراد أو العناصر التي تشكل المجتمع الإحصائي؟,,التي تشترك فيما بينها ببعض الخواص والمميزات,,التي تشترك فيما بينها ببعض الخواص والمميزات,0.0,0.0,0.0
843,ما هو عدد الكريات الحمر في الجسم؟,,عشوائي منفصل,,عشوائي منفصل,0.0,0.0,0.0
844,ما هو معدل وفيات الأمهات الذي يحسب بقسمة عدد الوفيات لدى النساء الحوامل التي حدثت أثناء الحمل أو الولادة أو النفاس على عدد المواليد الأحياء خلال نفس السنة مضروباً في 100000؟,,معدل وفيات الأمهات,,معدل وفيات الأمهات,0.0,0.0,0.0
845,ما هي المعدلات التي يكون تركيزها على معدلات الخصوبة لفئة معينة من العمر لغرض المقارنة على امتداد زمن ما ودراسة الفروق في ظاهرة الخصوبة بمختلف الأعمار؟,,معدل الخصوبة العمري,,معدل الخصوبة العمري,0.0,0.0,0.0
846,ما هي العلاقة بين المتغيرين عندما يؤدي تزايد المتغير العشوائي x إلى تناقص المتغير التابع y؟,,سلبي,,سلبي,0.0,0.0,0.0
847,ما هو المقياس المستخدم لوصف حالة التدخين (مدخن / غير مدخن)؟,,مقياس اسمي,,مقياس اسمي,0.0,0.0,0.0
848,ما هي الشروط التي يجب توفرها في مجموعة من المتغيرات العشوائية لتشكل عينة عشوائية؟,,مستقلة ولها قانون التوزيع نفسه,,مستقلة ولها قانون التوزيع نفسه,0.0,0.0,0.0
849,ما هو المستوى الذي يمكن حساب فيه المتوسطات والانحرافات المعيارية ومقاييس العلاقة الخطية؟,,العنقودي,,العنقودي,0.0,0.0,0.0
850,كم يتراوح عدد الفئات غالباً؟,,بين 5 و15 فئة,,بين 5 و15 فئة,0.0,0.0,0.0
851,ما هي فرضية العدم لاختبار الفرضيات حول معامل الارتباط الخطي لبيرسون؟,,قيمة معامل ارتباط المجتمع تساوي الصفر,,قيمة معامل ارتباط المجتمع تساوي الصفر,0.0,0.0,0.0
852,ما هو معدل الوفيات الخام؟,,عدد الوفيات لكل الف من السكان في سنة معينة,,عدد الوفيات لكل الف من السكان في سنة معينة,0.0,0.0,0.0
853,ما هي الجهة المسؤولة عن السجلات الطبية؟,,قسم السجلات الطبية في المستشفى,,قسم السجلات الطبية في المستشفى,0.0,0.0,0.0
854,ما هو الغرض من استخدام مخطط الانتشار في الدراسة الإحصائية بين خاصتين؟,,متغيرين,,متغيرين,0.0,0.0,0.0
855,ما هو التوقع الرياضي لمجموع متغيرين عشوائيين؟,,مجموع التوقعين الرياضيين للمتغيرين العشوائيين,,مجموع التوقعين الرياضيين للمتغيرين العشوائيين,0.0,0.0,0.0
856,ما هو التكرار المتجمع الصاعد لفئة معينة؟,,عدد البيانات المتضمنة في الفئة والفئات التي تسبقها,,عدد البيانات المتضمنة في الفئة والفئات التي تسبقها,0.0,0.0,0.0
857,ما هي المنطقة التي تتألف من قيم دالة الاختبار قليلة الاحتمال عندما Ho صحيحة؟,,منطقة الرفض,,منطقة الرفض,0.0,0.0,0.0
858,ما هو المجتمع الإحصائي؟,,التي تشترك فيما بينها ببعض الخواص والميزات,,التي تشترك فيما بينها ببعض الخواص والميزات,0.0,0.0,0.0
859,ما الذي يقوم عليه الإحصاء الاستنتاجي؟,,على اتخاذ القرارات والتنبؤ والاستقرار والاستدلال,,على اتخاذ القرارات والتنبؤ والاستقرار والاستدلال,0.0,0.0,0.0
860,ما هي الجهة التي تصدر التصنيف الدولي للأمراض؟,,منظمة الصحة العالمية,,منظمة الصحة العالمية,0.0,0.0,0.0
861,ما الذي تختلف تبعاً له دلالات قيم المتغيرات العشوائية؟,,نوعية المقياس المستخدم,,نوعية المقياس المستخدم,0.0,0.0,0.0
862,ما هي الطريقة التي تستخدم فيها بعض التقنيات الإلكترونية للمراقبة والعد وتسجيل الملاحظات؟,,التسجيل,,التسجيل,0.0,0.0,0.0
863,ما الذي يحدد زمن حفظ السجلات الطبية؟,,حسب الأسس المتبعة محليا في كل بلد,,حسب الأسس المتبعة محليا في كل بلد,0.0,0.0,0.0
864,ما هو التوزيع الذي يتبعه مجموع متغيرات عينة عشوائية حجمها n من توزيع برنولي بالوسيط P؟,,الثنائي,,الثنائي,0.0,0.0,0.0
865,ما هي مجموعة قيم المتغير العشوائي x الذي يدل على عدد أخوات طالب ما؟,,صحيح موجب,,صحيح موجب,0.0,0.0,0.0
866,ما هو معدل المواليد الخام؟,,عدد المواليد الاحياء لكل ألف من السكان في سنة معينة,,عدد المواليد الاحياء لكل ألف من السكان في سنة معينة,0.0,0.0,0.0
867,ما هي الفئة العمرية المهمة جداً من الناحية الصحية والتنموية؟,,فئة الأطفال,,فئة الأطفال,0.0,0.0,0.0
868,ما هي الطريقة التي تمتاز بوصول الإجابات خلال وقت قصير وتتميز ببساطتها وقلة تكاليفها وسرعتها؟,,استخدام الانترنيت والمواقع الاجتماعية,,استخدام الانترنيت والمواقع الاجتماعية,0.0,0.0,0.0
869,ما هو المخطط الذي يساعد بدراسة العلاقة بين متغيرين وطبيعتها؟,,مخطط الانتشار,,مخطط الانتشار,0.0,0.0,0.0
870,ما الذي يحدد زمن حفظ السجلات الطبية في المشفى؟,,بناء على الأسس المتبعة محلياً في كل بلد,,بناء على الأسس المتبعة محلياً في كل بلد,0.0,0.0,0.0
871,ما هو التوزيع الذي يستخدم في اختبار الفرضيات حول ميل خط الانحدار؟,,ستيودنت,,ستيودنت,0.0,0.0,0.0
872,ما هي أسباب تفضيل أسلوب العينة على أسلوب الحصر الشامل؟,,صعوبة حصر افراد المجتمع,,صعوبة حصر افراد المجتمع,0.0,0.0,0.0
873,ما هو السجل الذي يهدف إلى تجميع المعلومات عن المريض؟,,السجلات الطبية .,,السجلات الطبية .,0.0,0.0,0.0
874,ما هو نوع التوزيع الإحصائي إذا علمت أن احتمال شفاء مريض مصاب بالزكام خلال أسبوع دون اللجوء للطبيب هو 0.6 وكان لدينا 10 مرضى بالزكام ولم يراجعوا الطبيب؟,,حداني,,حداني,0.0,0.0,0.0
875,ما هو الشريان الذي ينزف غالباً من قرحة اثني عشرية؟,,المعدي العفجي.,,المعدي العفجي.,0.0,0.0,0.0
876,ما هي الأورام التي تعالج في القسم البعيد للمعدة؟,,4. كل ما سبق صحيح.,,4. كل ما سبق صحيح.,0.0,0.0,0.0
877,ما هو التشخيص للآفة التي قد تسبب فقراً دموياً والنزف الحاد منها غير شائع والتي تم اكتشافها بالتنظير الهضمي العلوي لرجل عمره 55 سنة؟,,سرطانة معدية.,,سرطانة معدية.,0.0,0.0,0.0
878,ما هي الخطوة الأولى الأهم في تدبير مريض يبلغ من العمر 32 سنة أتى لقسم الطوارئ بقصة إقياء لكميات كبيرة من الدم الأحمر القاني؟,,إنعاش بالسوائل.,,إنعاش بالسوائل.,0.0,0.0,0.0
879,ما هو التشخيص المحتمل لمريضة تبلغ من العمر 45 سنة تشكو من ألم في ثديها الأيسر لمدة أسبوعين مع وجود خيط يشبه الحبل مؤلم وأودة بارزة فوقه بالفحص السريري؟,,داء,,داء,0.0,0.0,0.0
880,ما هو التشخيص المحتمل لمريضة تبلغ من العمر 40 عاماً من أصول آسيوية وصلت إلى بريطانيا تشكو من كتلة غير مؤلمة في ثديها الأيمن منذ عدة أشهر مع نز الخراج في إبطها الأيمن الذي يشفى ويعاود من جديد؟,,سل ثدي.,,سل ثدي.,0.0,0.0,0.0
881,ما هو التشخيص المحتمل لمريضة تبلغ من العمر 25 سنة راجعت بكتلة شاهدتها صدفة منذ 3 أسابيع في ثديها الأيسر ويمكن تحريك الكتلة من قبل المريضة ضمن نسيج الثدي؟,,غدوم ليفي.,,غدوم ليفي.,0.0,0.0,0.0
882,ما هو التشخيص المحتمل لمريضة تبلغ من العمر 50 عاماً تعاني من ألم واحمرار في الثدي الأيمن منذ شهر وقد عولجت بالصادات لمدة أسبوعين دون تحسن وازدادت الحالة سوءاً؟,,سرطان التهابي.,,سرطان التهابي.,0.0,0.0,0.0
883,ما هو التشخيص المحتمل لمريضة مسنة مشخص لديها سابقاً داء هاشيموتو وتراجع بعقدة قاسية غير منتظمة في الفص الدرقي الأيمن؟,,لمفوما.,,لمفوما.,0.0,0.0,0.0
884,ما هو التشخيص المحتمل لطفل يبلغ من العمر 12 سنة يراجع بعقدة درقية مع ضخامة عقد لمفية ناحية؟,,سرطان حليمي.,,سرطان حليمي.,0.0,0.0,0.0
885,ما هو التشخيص المحتمل لمريضة في منتصف العمر تعاني من سلعة درقية لفترة طويلة مع تضخم الفص الأيمن أكبر من الأيسر وهي سريرياً في حالة سواء درقي؟,,سلعة متعددة العقد.,,سلعة متعددة العقد.,0.0,0.0,0.0
886,ما هو التشخيص الأكثر احتمالاً لفتاة في الربيع الخامس تشكو من عسرة تنفس مع وجود كتلة في جوف الفم بقطر 3 سم على الخط الناصف وعلى مؤخرة اللسان؟,,درق لسانية.,,درق لسانية.,0.0,0.0,0.0
887,ما هو العلاج غير المرغوب به في حالة شابة في ربيعها الأربعين تشكو من نقص وزن مع خفقان وجحوظ في العينين مع وجود سلعة درقية متوسطة الحجم منتشرة ومتجانسة وفرط نشاط درق بدني؟,,المعالجة الشعاعية باليود I 131,,المعالجة الشعاعية باليود I 131,0.0,0.0,0.0
888,ما هو الإجراء الأول الذي يجب إجراؤه قبل عملية sleeve gastrectomy لمريض البدانة الذي لديه BMI يساوي 40؟,,الحصول على موافقة المريض.,,الحصول على موافقة المريض.,0.0,0.0,0.0
889,ما هو الإجراء الأول الذي يجب إجراؤه قبل عملية Sleeve gastrectomy لمريض البدانة الذي لديه BMI يساوي 40؟,,الحصول على موافقة المريض.,,الحصول على موافقة المريض.,0.0,0.0,0.0
890,ما هو التشخيص المحتمل لمريض عمره 25 سنة يعاني من عدم ارتياح عام ونقصان في الوزن وترفع حروري وبراز ملطخ بالدم على نحو متقطع خلال الست أسابيع الأخيرة بعد عودته من شبه القارة الهندية حيث عمل هناك لمدة ستة أشهر، مع وجود كبدية ومضض في الربع العلوي الأيمن وإيكو يظهر جوفا ناقص الصدى في الفص الكبدي الأيمن ذو حوا,,خراجة كبدية زحارية.,,خراجة كبدية زحارية.,0.0,0.0,0.0
891,ما هو التشخيص المحتمل لمريض عمره 50 سنة يعاني من أصمية حديثة وألم في الربع العلوي الأيمن لمدة 3-4 أشهر مع فحص سريري سلبي ووظائف كبد طبيعية وتنظير هضمي علوي طبيعي بينما أظهر الإيكو وجود آفة كيسية وحيدة تبلغ 6 سم؟,,داء كيسي بسيط,,داء كيسي بسيط,0.0,0.0,0.0
892,ما هو التشخيص المحتمل لمريضة تبلغ من العمر 30 سنة تعاني من ألم مستمر في الربع العلوي الأيمن من البطن مع إقياء وارتفاع حرارة وإيجابية علامة مورفي؟,,التهاب مرارة حاد.,,التهاب مرارة حاد.,0.0,0.0,0.0
893,ما هو التشخيص المحتمل لمريض يبلغ من العمر 60 سنة لديه سابقة حصيات مرارية يراجع بقصة ألم بطني شديد ومستمر لمدة 6 ساعات وبالفحص السريري كان المريض غير مرتاح ومصدوم مع انتفاخ البطن ومضض راجع معممين؟,,التهاب بريتوان تالي لانثقاب مرارة.,,التهاب بريتوان تالي لانثقاب مرارة.,0.0,0.0,0.0
894,ما هو التشخيص المحتمل لمريض يبلغ من العمر 56 سنة يعاني من ألم شديد في أعلى البطن منذ أسبوع مع حمى متقطعة وعدم راحة شديدة مع وجود علامات لتخريش بريتواني في الربع العلوي الأيمن مع جس كتلة؟,,تقيح مرارة.,,تقيح مرارة.,0.0,0.0,0.0
895,ما هو التشخيص المحتمل لمريض يبلغ من العمر 60 سنة يراجع بقصة ألم بطني ويرقان وحرارة مع عروءات؟,,التهاب طرق صفراوية صاعد.,,التهاب طرق صفراوية صاعد.,0.0,0.0,0.0
896,ما هو التشخيص المحتمل لمريضة تبلغ من العمر 40 سنة عولجت لالتهاب مرارة حاد حيث لوحظ وجود مرارة مجسوسة غير ممضة، لم يكن هناك ترفع حروري وكانت المريضة بشكل عام بصحة جيدة؟,,قيلة مخاطية في المرارة.,,قيلة مخاطية في المرارة.,0.0,0.0,0.0
897,ما هو التشخيص المحتمل لمريض عمره 80 سنة لديه تصبغ جلدي ملحوظ ونسيج ندبي ولديه ندبات بطنية لاستئصال كظر ثنائي الجانب؟,,متلازمة نيلسون.,,متلازمة نيلسون.,0.0,0.0,0.0
898,ما هو التشخيص المحتمل لمريض عمره 48 سنة يعاني من اضطراب رئوي وصداع وارتفاع ضغط؟,,متلازمة كون.,,متلازمة كون.,0.0,0.0,0.0
899,ما هو التشخيص المحتمل لمريض ربو مع تفاقم متكرر لحالته تطور لديه بشكل تدريجي شعرانية مع بدانة جذعية وكدمات؟,,متلازمة كوشينغ.,,متلازمة كوشينغ.,0.0,0.0,0.0
900,ما هو التشخيص المحتمل لسيدة حامل تبلغ من العمر 30 سنة تبين أثناء إجراء ايكو بطن لها وجود كتلة متكلسة في الشرسوف يبلغ قطرها 1 سم مع سماع لغط في منطقة الشرسوف دون وجود أي أعراض؟,,أم دم شريان طحالي.,,أم دم شريان طحالي.,0.0,0.0,0.0
901,ما هو التشخيص الأكثر احتمالاً لطفل عمره 7 سنوات يعاني من فقر دم منجلي ويشكو منذ ساعتين من ألم بطني حاد في الربع العلوي الأيسر مع ضغط 60/100 ملم زئبقي ونبض 110 ن/د وحرارة 37 درجة ومضض في الربع العلوي الأيسر للبطن بدون إيلام مرتد مع صعوبة جس الطحال وخضاب 6.1 غ/دل؟,,نوبة ألمية بسبب انسداد الأوعية الدموية.,,نوبة ألمية بسبب انسداد الأوعية الدموية.,0.0,0.0,0.0
902,ما هي نسبة الاستفادة من استئصال الطحال في حالة سيدة عمرها 40 سنة تعاني من فرفرية مناعية مزمنة معندة على العلاج بالستيروئيدات؟,,أقل من 20%,,أقل من 20%,0.0,0.0,0.0
903,ما هي الخطوة التالية في تدبير مريض بعمر 70 سنة دون سوابق جراحية يعاني من ألم بطني متقطع منذ أسبوع وتوسع بطني وإقياء مستمر منذ يوم، مع عدم وجود فتوق بالفحص وتعداد 3000 كرية بيضاء / مم؟,,إجراء (CT) التصوير الطبقي المحوسب للبطن.,,إجراء (CT) التصوير الطبقي المحوسب للبطن.,0.0,0.0,0.0
904,ما هي الخطوة التالية في تدبير مريض بعمر 70 سنة دون سوابق جراحية يعاني من ألم بطني متقطع منذ أسبوع وتوسع بطني وإقياء مستمر منذ يوم، مع عدم وجود فتوق بالفحص وتعداد 3000 كرية بيضاء / مم؟,,إجراء (CT) التصوير الطبقي المحوسب للبطن.,,إجراء (CT) التصوير الطبقي المحوسب للبطن.,0.0,0.0,0.0
905,ما هي الخطوة التالية في تدبير شاب عمره 20 سنة راجع الإسعاف بعد 20 يوماً من استئصال زائدة ملتهبة ويعاني من إقياء مع تمدد بطن وإيلام خفيف، وتعداد WBC كان 14000 كرية/مم3 والكهارل طبيعية؟,,مراقبة 24 ساعة أخرى مع وضع NG.,,مراقبة 24 ساعة أخرى مع وضع NG.,0.0,0.0,0.0
906,ما هي العلامات الأكثر توافقاً مع بالغ عمره 45 سنة لديه ألم بطني حاد وتم تشخيصه بالتهاب مرارة حاد؟,,ألم بطني مستمر ومضض مراق أيمن وارتفاع الكريات البيضاء.,,ألم بطني مستمر ومضض مراق أيمن وارتفاع الكريات البيضاء.,0.0,0.0,0.0
907,ما هي الخطوة الأولى الأهم في تدبير مريض يبلغ من العمر 32 سنة أتى لقسم الطوارئ بقصة إقياء لكميات كبيرة من الدم الأحمر القاني؟,,الإنعاش بالسوائل.,,الإنعاش بالسوائل.,0.0,0.0,0.0
908,ما هو التشخيص المحتمل لمريض عمره 70 سنة تطور لديه بعد 3 أيام من احتشاء قلبي ألم بطني مع تعدد البطن وخفوت في أصوات الأمعاء وتحليل غازات الدم يشير إلى احمضاض استقلابي؟,,احتشاء مساريقي.,,احتشاء مساريقي.,0.0,0.0,0.0
909,ما هي القاعدة الجراحية الأصح حالياً في مراقبة المريض أثناء تدبير مريض الانسداد المعوي ووضع القرار الجراحي المناسب في المراكز الجراحية المتطورة؟,,يجب دائماً عدم إجراء الجراحة حتى يتم استقرا المريض بعد الإنعاش.,,يجب دائماً عدم إجراء الجراحة حتى يتم استقرا المريض بعد الإنعاش.,0.0,0.0,0.0
910,ما هو التشخيص المحتمل للمريضة إذا كانت الصورة البسيطة تدل على سويات معوية دقيقة وغياب لارتسام الكولونات وكانت مقاطع التصوير الطبقي المحوري تشير لتوسع عرى المعي؟,,التصاقات معوية.,,التصاقات معوية.,0.0,0.0,0.0
911,ما هو التشخيص الأقوى لمريض عمره 65 سنة تطور لديه ألم بطني حاد مفاجئ مستمر في الربع العلوي الأيمن منذ ساعة، تلاه آلام مغصية سرية مع غثيان، والفحص السريري يبدي سحنة سمية مع فحص بطني سوي تقريباً؟,,انسداد أمعاء بنقص التروية.,,انسداد أمعاء بنقص التروية.,0.0,0.0,0.0
912,ما هو التشخيص المحتمل في المريضة التي تظهر صورتها البسيطة سويات معوية دقيقة وغياب الارتسام الكولوني، وتشير مقاطع التصوير الطبقي المحوري لتوسع عرى المعي الدقيق وزيادة في شحم المساريقا مع عدم ارتسام الكولون بالكامل؟,,التصاقات معوية.,,التصاقات معوية.,0.0,0.0,0.0
913,ما هو التشخيص لمريض عمره 60 سنة مصاب بداء كرون منذ عشر سنوات راجع المشفى بقصة حمى وعرواءات تلاها خروج هواء ومفرزات معوية عند التبول؟,,ناسور معدي مثاني.,,ناسور معدي مثاني.,0.0,0.0,0.0
914,ما هي الحالة التي لا تدخل في التشخيص التفريقي لطفلة عمرها 10 سنوات تعاني منذ ساعتين من ألم حفرة حرقفية يمنى دون إيلام مرتد؟,,نزف رتج ميكل.,,نزف رتج ميكل.,0.0,0.0,0.0
915,ما هو التشخيص المحتمل لمريضة عمرها 50 سنة تعرضت لألم بطني حاد طاعن منذ نصف ساعة في الشرسوف تعمم في أنحاء البطن مع إقياءات بنية اللون وفحص البطن لين؟,,صمة شريان مساريقي علوي.,,صمة شريان مساريقي علوي.,0.0,0.0,0.0
916,ما هو الفحص الذي يجب إجراؤه أولاً لمريض يشتكي من ألم بطني حاد ومفاجئ؟,,صورة بطن شعاعية.,,صورة بطن شعاعية.,0.0,0.0,0.0
917,ما هو التشخيص الأقوى لمريض عمره 65 سنة تطور لديه ألم بطني حاد مفاجئ ومستمر في الربع السفلي الأيمن منذ ساعة، تلاه آلام مغصة سرية مع غثيان، والفحص السريري يبدي سحنة سمية مع فحص بطن سوي تقريباً؟,,انسداد أمعاء بنقص التروية.,,انسداد أمعاء بنقص التروية.,0.0,0.0,0.0
918,ما هي الخطوة الأولى الأهم في تدبير شاب عمره 32 سنة يراجع قسم الطوارئ بقصة إقياء كميات كبيرة من الدم الأحمر القاني؟,,الإنعاش بالسوائل.,,الإنعاش بالسوائل.,0.0,0.0,0.0
919,ما هو التشخيص للآفة التي قد تسبب فقراً دموياً والنزف الحاد منها غير شائع والتي تم اكتشافها بالتنظير الهضمي العلوي لرجل عمره 55 سنة؟,,2. سرطانة معدية.,,2. سرطانة معدية.,0.0,0.0,0.0
920,ما هي الخطوة الأولى الأهم في تدبير مريض يبلغ من العمر 32 سنة أتى لقسم الطوارئ بقصة إقياء لكميات كبيرة من الدم الأحمر القاني؟,,3. الإنعاش بالسوائل.,,3. الإنعاش بالسوائل.,0.0,0.0,0.0
921,ما هو العلاج الأمثل لمريض عمره 40 سنة وجد لديه بالتنظير الهضمي العلوي لمفوما معدية؟,,4. علاج كيماوي.,,4. علاج كيماوي.,0.0,0.0,0.0
922,ما هو التشخيص المحتمل لطفل يبلغ من العمر 12 سنة يراجع بعقدة درقية مع ضخامة عقد لمفية ناحية؟,,4. سرطان حليمي.,,4. سرطان حليمي.,0.0,0.0,0.0
923,ما هو التشخيص المحتمل لمريضة في منتصف العمر تعاني من سلعة درقية لفترة طويلة مع تضخم الفص الأيمن أكبر من الأيسر وهي سريرياً في حالة سواء درقي؟,,3. سلعة متعددة العقد.,,3. سلعة متعددة العقد.,0.0,0.0,0.0
924,ما هو التشخيص الأكثر احتمالاً لفتاة في الربيع الخامس تشكو من عسرة تنفس مع وجود كتلة في جوف الفم بقطر 3 سم على الخط الناصف وعلى مؤخرة اللسان؟,,2. درق لسانية.,,2. درق لسانية.,0.0,0.0,0.0
925,ما هو العلاج غير المرغوب به في حالة شابة في ربيعها الأربعين تشكو من نقص وزن مع خفقان وجحوظ في العينين مع وجود سلعة درقية متوسطة الحجم منتشرة ومتجانسة وفرط نشاط درق بدني؟,,3. المعالجة الشعاعية باليود I 131,,3. المعالجة الشعاعية باليود I 131,0.0,0.0,0.0
926,ما هو الإجراء الأول الذي يجب إجراؤه قبل عملية Sleeve gastrectomy لمريض البدانة الذي لديه BMI يساوي 40؟,,3. الحصول على موافقة المريض.,,3. الحصول على موافقة المريض.,0.0,0.0,0.0
927,ما هو التشخيص المحتمل لمريض عمره 50 سنة يعاني من أصمية حديثة وألم في الربع العلوي الأيمن لمدة 3-4 أشهر مع فحص سريري سلبي ووظائف كبد طبيعية وتنظير هضمي علوي طبيعي بينما أظهر الإيكو وجود آفة كيسية وحيدة تبلغ 6 سم؟,,4. داء كيسي بسيط,,4. داء كيسي بسيط,0.0,0.0,0.0
928,ما هو التشخيص المحتمل لمريض يبلغ من العمر 60 سنة لديه سابقة حصيات مرارية يراجع بقصة ألم بطني شديد ومستمر لمدة 6 ساعات وبالفحص السريري كان المريض غير مرتاح ومصدوم مع انتفاخ البطن ومضض راجع معممين؟,,4. التهاب بريتوان تالي لانثقاب مرارة.,,4. التهاب بريتوان تالي لانثقاب مرارة.,0.0,0.0,0.0
929,ما هو التشخيص المحتمل لمريض يبلغ من العمر 56 سنة يعاني من ألم شديد في أعلى البطن منذ أسبوع مع حمى متقطعة وعدم راحة شديدة مع وجود علامات لتخريش بريتواني في الربع العلوي الأيمن مع جس كتلة؟,,1. تقيح مرارة.,,1. تقيح مرارة.,0.0,0.0,0.0
930,ما هو التشخيص المحتمل لمريض يبلغ من العمر 60 سنة يعاني من ألم بطني ويرقان وحرارة مع عروءات؟,,4. التهاب طرق صفراوية صاعد.,,4. التهاب طرق صفراوية صاعد.,0.0,0.0,0.0
931,ما هو التشخيص المحتمل لمريضة تبلغ من العمر 40 سنة عولجت لالتهاب مرارة حاد حيث لوحظ وجود مرارة مجسوسة غير ممضة، لم يكن هناك ترفع حروري وكانت المريضة بشكل عام بصحة جيدة؟,,3. قيلة مخاطية في المرارة.,,3. قيلة مخاطية في المرارة.,0.0,0.0,0.0
932,ما هو التشخيص المحتمل لمريض عمره 48 سنة يعاني من اضطراب رئوي وصداع وارتفاع ضغط؟,,3. متلازمة كون.,,3. متلازمة كون.,0.0,0.0,0.0
933,ما هو التشخيص المحتمل لمريض ربو مع تفاقم متكرر لحالته تطور لديه بشكل تدريجي شعرانية مع بدانة جذعية وكدمات؟,,1. متلازمة كوشينغ.,,1. متلازمة كوشينغ.,0.0,0.0,0.0
934,ما هو التشخيص المحتمل لسيدة حامل تبلغ من العمر 30 سنة تبين أثناء إجراء ايكو بطن لها وجود كتلة متكلسة في الشرسوف يبلغ قطرها 1 سم مع سماع لغط في منطقة الشرسوف دون وجود أي أعراض؟,,3. أم دم شريان طحالي.,,3. أم دم شريان طحالي.,0.0,0.0,0.0
935,ما هي نسبة الاستفادة من استئصال الطحال في حالة سيدة عمرها 40 سنة تعاني من فرفرية مناعية مزمنة معندة على العلاج بالستيروئيدات؟,,1. أقل من 20%,,1. أقل من 20%,0.0,0.0,0.0
936,ما هي الخطوة التالية في تدبير مريض بعمر 70 سنة دون سوابق جراحية يعاني من ألم بطني متقطع منذ أسبوع وتوسع بطني وإقياء مستمر منذ يوم، مع عدم وجود فتوق بالفحص وتعداد 3000 كرية بيضاء / مم؟,,4. إجراء (CT) التصوير الطبقي المحوسب للبطن.,,4. إجراء (CT) التصوير الطبقي المحوسب للبطن.,0.0,0.0,0.0
937,ما هي الخطوة التالية في تدبير مريض بعمر 70 سنة دون سوابق جراحية يعاني من ألم بطني متقطع منذ أسبوع وتوسع بطني وإقياء مستمر منذ يوم، مع عدم وجود فتوق بالفحص وتعداد 3000 كرية بيضاء / مم؟,,4. إجراء (CT) التصوير الطبقي المحوسب للبطن.,,4. إجراء (CT) التصوير الطبقي المحوسب للبطن.,0.0,0.0,0.0
938,ما هي الخطوة التالية في تدبير شاب عمره 20 سنة راجع الإسعاف بعد 20 يوماً من استئصال زائدة ملتهبة ويعاني من إقياء مع تمدد بطن وإيلام خفيف وتعداد WBC 14000 كرية/مم2 والكهارل طبيعية؟,,1. مراقبة 24 ساعة أخرى مع وضع NG.,,1. مراقبة 24 ساعة أخرى مع وضع NG.,0.0,0.0,0.0
939,ما هي الخطوة الأولى الأهم في تدبير مريض يبلغ من العمر 32 سنة يعاني من إقياء كميات كبيرة من الدم الأحمر القاني؟,,3. الإنعاش بالسوائل.,,3. الإنعاش بالسوائل.,0.0,0.0,0.0
940,ما هو التشخيص المحتمل لمريض عمره 70 سنة تطور لديه بعد 3 أيام من احتشاء قلبي ألم بطني مع تطبل البطن وخفوت في أصوات الأمعاء وتحليل غازات الدم يشير إلى حماض استقلابي؟,,2. احتشاء مساريقي.,,2. احتشاء مساريقي.,0.0,0.0,0.0
