id,question,opa,opb,opc,opd,ope,opf,prediction,ground_truth
1,ممرضة عمرها 40 عاما أدخلت إلى المستشفى بسبب ارتفاع بالحرارة حتى 41°C بالرغم من إجراء ما يلزم في المستشفى لأكثر من ثلاثة أسابيع لم تتضح الأسباب واستمرار ارتفاع الحرارة أكثر من 40°C أن التشخيص الأقل ترجيحا لهذه المريضة هو,انتان جرثومي خفي,انفلونزا,ورم لمفاوي,داء ستيللز للكبار,ه حمى صنعية,,D,B
2,رجل عمره 19 عاما يشتكي سابقا من داء القدم الرياضي ولكنه كان بصحة جيدة عندما حصل لديه بدء مفاجئ بالحرارة والألم في رجله وقدمه اليمنى تبين من الفحص السريري وجود احمرار في قدمه ورجله مع حافة مجسوسة واضحة ذات تطور سريع يوجد اعتلال غدي لمفاوي إرربي مؤلم ان العضوية الأكثر ترجيحا المسببة لهذا الانتان هي,مكورات عنقودية بشروية,داء سعفة القدم,مكورات عقدية مقيحة,انتان لاهوائي مختلط,,,C,C
3,"رجل عمره 70 عاما غير ناشط جنسيا يشتكي من حرارة وألم في ركبته اليسرى قبل عدة أيام أصيبت ركبته بينما كان يعمل في الكراج الركبة حمراء ساخنة ومتوذمة اجري بزل للمفصل فتبين وجود 200,000 كرية بيضاء/مكروليتر و غلوكوز 20 مغ/دسل لا يوجد وجود بلورات إن الخطوة التالية الأكثر أهمية هي",اجراء لطاخة غرام وزرع لسائل المفصل,زرع إحليلي,مستوى حمض البول,اضداد مضادة النوى,,,A,A
4,رجل عمره 60 عاما يشكو من ألم في ركبتيه إشتد تدريجيا في السنتين الأخيرتين يخف الألم بالراحة ويسوء عند الحركة هناك ضخامة عظمية في الركبتين مع التهاب خفيف لوحظة فرقعة في مصل الركبة عند الحركة لا توجد ملاحظات أخرى سوى ضخامة عظمية في المفصل البعيد بين السلاميات يبلغ طول المريض 5 أقدام و 9 انشات و وزنه 190 باوند ما هي أفضل طريقة لمنع تطور المرض,تخفيض الوزن,متممات الكالسيوم,استعاضة كامل الركبة,اسبرين,بريدنيزون بالفم,,A,A
5,امرأة عمرها 45 عاما لديها ألم في الأصابع عند التعرض للبرد آلام مفاصل وصعوبة في بلع الأطعمة الصلبة ان الفحص المفصل لإجراء تشخيص نهائي هو,العامل الريثوي,اضداد مضادة للنوى,تخطيط قلب كهربائي,نيتروجين يوريا الدم والكرياتينين,,,B,B
6,مريض عمره ٥٠ عاما يعاني منذ زمن من داء انسداد رئوي مزمن بدأ يحدث لديه ألم في نهايات الأطراف وبشكل خاص في معصميه فقد 10 باوند من وزنه ان الجلد على المعصمين ساخن وحمامي هناك تعجر ثنائي الجانب تبين من الصورة العادية وجود سماكة سمحاقية واحتمال التهاب العظم و النقي يجب,البدء بالسيبروفلوكساسين,إجراء صورة شعاعية للصدر,إجراء رشف للمعصمين,بدء المعالجة بالذهب,,,C,B
7,مريض عمره 70 عاما لديه انسداد رئوي مزمن يتطلب إعطاء 2 لتر أكسجين عن طريق الأنف لمعالجة نقص التأكسج والذي يترافق عادة مع خناق اثناء إعطائه الأكسجين عن طريق الأنف حصل لديه ألم التهابي جنبي صدري حرارة وقشع قيحي أصبح المريض بحالة ذهول وحدث له تحمضن تنفسي مع إنحباس CO2 ونقص تأكسج يذداد سوءا العلاج المختار,إيقاف الأوكسجين,البدء بإعطاء هيدروكسي بروجستيرون,تنبيب الرغامى والبدء بالتهوية الآلية,مراقبة المريض لمدة 24 ساعة قبل تبديل العلاج,البدء بإعطاء ثاني فحمات الصوديوم,,C,C
8,امرأة عمرها ٣٥ عاما تشكو من ضيق نفس يتطور ببطء ليس لديها سيرة مرضية ملحوظة ولا يوجد سعال قشع ألم إلتهابي جنبي صدري او التهاب وريد خثاري كانت تتناول خافضات شهية في فترات مختلفة عند اجراء الفحص السريري تبين وجود تمدد في الوريد الوداجي زيادة في ضربات البطين الأيمن وصوت قلب P2 عال اظهرت الصورة الشعاعية للصدر حقول رئوية نظيفة اظهر تخطيط القلب الكهربائي انحراف المحور نحو اليمين ان المسح الرئوي الإروائي طبيعي دون وجود عيوب مقطعية أن التشخيص الأكثر ترجيحا هو,ارتفاع ضغط شرياني رئوي بدئي,انصمام رئوي راجع,تحويلة قلبية,داء رئوي خلالي,,,A,A
9,امرأة عمرها 75 عاما ادخلت الى المستشفى بسبب احتشاء عضلة قلبية حاد و قصور قلب احتقاني ثم حدث لها تسارع قلبي بطيني اعطي لها عدة ادوية فحدث لها بسرعة تلعثم بالكلام مع خلط ذهني ان السبب الاكثر ترجيحا لهذا الخلط هو,كابتوبريل,ديجوكسين,فيروسيميد,ليدوكائين,نتروغليسرين,,B,D
10,رجل عمره 72 عاما يشكو من اعراض متقطعة من نقص التهوية عند بذل جهد خفقان وسعال يرافقه احيانا دم عند الاستماع للقلب سمعت نفخة دمدمية انبساطية خفيفة باتجاه القمة ويعزى ان يكون مصدر مشكلة المريض هو,حمى ريثوية منذ الصغر,ارتفاع ضغط الدم منذ زمن,احتشاء عضلة قلبية صامتة من السنة الماضية,مصدر خلقي,,,D,A
11,بينما كنت تساعد اساتذة الرياضة في المدرسة شاهدت صبيا عمره ١٣ عاما يعاني من صعوبة في الاستمرار مع زملائه لديه نفخة قلبية والتي شخصتها بشكل صحيح بانها عيب في الحاجز البطيني يعتمد على اي من الاستماعات التالية,نفخة انقباضية تصاعدية تنازلية سمعت بشكل افضل في الحافة القصية العلوية اليمنى بالإتجاه نحو السباتي تزداد النفخة مع التمرين العابر,نفخة انقباضية في المساحة الرئوية ودمدمة انبساطية على امتداد الحافة القصية اليسرى,نفخة شاملة الانقباض في الحافة القصية نصف اليسرى,نفخة تنازلية انبساطية في الحافة القصية نصف اليسرى,نفخة مستمرة خلال الانقباض والانبساط في الحافة القصية اليسرى العلوية,,A,C
12,رجل عمره ٣٥ عاما يشكو من ألم صدري تحت القص يزداد بالشهيق ويتحسن بالجلوس لديه سيرة مرضية بداء السلان حقول الرئة تبدو صافية عند التسمع و اصوات القلب بعيدة بعض الشيء اظهرت الأشعة صورة ظليلة لقلب متضخم الخطوة التالية في التقييم هي,صورة الاستلقاء على الجانب الأيمن,قثطرة للقلب,تخطيط الصدى للقلب,إجراء سلسلة من التخطيطات القلبية الكهربائية,اختبار الجهد بالتاليوم,,C,C
13,امرأة عمرها ٥٠ عاما طولها ١٦٥ سم ووزنها ٨٢ كغ هناك سيرة عائلية بداء السكري تركيز سكر الدم عند الصيام ١٥٠ملغ/دسل عبر اجراء الفحص مرتين ليس لديها أعراض ولم يظهر الفحص السريري أمور غير طبيعية العلاج المختار هو,المراقبة,حمية غذائية وإنقاص وزن وتمارين رياضية,الأنسولين,خافض سكر دم فموي,,,B,B
14,امرأة عمرها 30 عاما تشكو من تعب إمساك وزيادة وزن ليس لديها سيرة قديمة لجراحة في الرقبة أو أشعة صوتها خشن وجلدها جافة TSH المصل مرتفع و T4 منخفض السبب الأكثر ترجيحا هو,داء مناعي ذاتي,قصور درق تالي للقطع,نقص وظيفة الغدة النخامية,ورم سرطاني في الغدة الدرق,,,B,A
15,رجل عمره 90 عاما يشكو من ألم في الورك والظهر يشكو أيضا من صداع فقدان سمع وطنين تبين من الفحص السريري تضخم في الجمجمة وبروز في الأوردة السطحية هناك حداب ملحوظ وتشوه في عظام القدمين الفوسفاتاز القلوية في البلازما مرتفعة أظهرت الصورة الشعاعية للجمجمة حدود فاصلة شفيفة للأشعة في العظام الأماميةالجدارية والقذالية أظهرت الصورة الشعاعية سماكة في حافة الحوض العليا التشخيص الأكثر ترجيحا هو,ورم نقوي متعدد,داء باجيت,فرط كالسيوم الدم,مرض عظمي نقيلي,,,B,B
16,امرأة عمرها 60 عاما حضرت إلى غرفة الطوارئ وهي في غيبوبة درجة حرارتها 35 درجة مئوية ولديها تباطؤ قلب وتضخم في الغدة الدرقية هناك ضعف منعكسات في الجانبين ان الخطوة التالية في التدبير العلاجي هي,"انتظار نتائج T4, TSH","الحصول على T4, TSH والبدء بهرمون الدرق والكورتيكوئيد السكري",البدء السريع بالتدفئة,عمل صورة مقطعية محورية للرأس,,,B,B
17,امرأة عمرها 30 عاما تبين أن لديها نقص في مستويات التيروكسين المصلي بعد معرفة أنها تعاني من تعب منذ خمس سنوات كانت قد تعالجت من داء غريفز بواسطة اليود المشع إن التشخيص المختار هو,TSH المصل,T3 المصل,فحص تحريض TRH,التقاط اليود المشع,,,D,A
18,رجل عمره ٣٠ عاما شخص له عقيدة درقية صرح المريض بأن والده توفي بسبب سرطان درق وان اخيه لديه سيرة مرضية لحصيات كلوية راجعة ان تركيز كالسيتونين الدم هو  بغ/مل (الطبيعي هو أقل من ) مستويات فوسفات وكالسيوم المصل طبيعية قبل تحويل المريض إلى طبيب جراح يجب على الطبيب,اجراء مسح كبدي,اجراء فحص تسريب الكالسيوم,قياس كاتيكولامين البول,اعطاء جرعات مرتفعة من التيروكسين وقياس مستويات الهرمون المحرض للدرق,معالجة المريض باليود المشع,,D,C
19,رجل عمره 25 عاما مدمن على الكحول دخل الى المستشفى بسبب غثيان اقياء وألم بطني يلتف نحو الظهر ان القيمة المخبرية التي تقترح الانذار الضعيف عند هذا المريض هي,ليباز مصل مرتفع,اميلاز مصل مرتفع,كثرة كريات بيضاء ٢٠٠٠٠/ميكرومتر,ضغط دم انبساطي اكبر من ٩٠ مم زئبق,,,C,C
20,امرأة عمرها 43 عاما تعاني من ارتفاع ضغط وذمة فرط شحوم الدم وخثار وريدي عميق في رجلها اليسرى أي من التالي هو غير ضروري لتشخيص متلازمة كلائية,وذمة,ارتفاع ضغط,البومين بول 24 ساعة ≥ 3 غ,فرط شحوم الدم,,,B,B
21,رجل عمره 62 عاما يشكو من تعب وتناقص في جريان البول وألم في أسفل الظهر الفحص السريري أظهر فص بروستاتي ايسر عقدي قاسي وايلام عند القرع في الفقرة القطنية والضلع السابع الأيسر إن الخطوة التالية في التقييم هي,مسح عظمي,خزعة من البروستات,تصوير مقطعي محوري,خزعة نقي عظام,,,C,B
22,رجل عمره ٦٤ عاما ادخل إلى المستشفى بحالة نوبة اقفار عابرة وتم تشخيص داء في الشريان السباتي الفحص السريري طبيعي تعداد كريات الدم عند الدخول كان طبيعيا اعطي المريض في البدء هيبارين بعد اسبوع أعيد تعداد كريات الدم فتبين ان الهيموغلوبين ١٤غ/دسل (الطبيعي هو - غ/دسل) تعداد الكريات البيضاء  / ميكروليتر وتعداد الصفيحات ١٠٠٠٠ / ميكروليتر يجب,إجراء دراسة لنقي العظم,إجراء تصوير ومضاني كبدي-طحالي,توقع حدوث نقص صفيحات محرض بدواء,البدء بالكورتيكوئيد من أجل علاج فرفرية نقص صفيحات مجهولة السبب,,,C,C
23,رجل مدخن عمره ٤٠ عاما تبين لديه عند اجراء فحص سريري روتيني وجود بقعة بيضاء بطول ١ سم على مخاطية الفم ليس بالإمكان ازالتها بالحف لا توجد مناطق أخرى مصابة بالفم ليس لدى المريض عوامل مهددة لإنتان HIV الآفة غير مؤلمة الخطوة التالية في التدبير العلاجي هي,زرع لمبيضات البيض,متابعة الآفة بإجراء فحص سريري سنوي,مراجعة طبيب جراح من أجل أخذ خزعة من الآفة,التأكيد للمريض بأن هذه الحالة طبيعية,,,C,C
24,امرأة عمرها ٣٠ عاما لديها داء غرايفز وقد بدأت المعالجة ببروبيل تيويوراسيل هي تشكو من ارتفاع حرارة بسيط وبردية والتهاب حلق ان الخطوة الأولى الأكثر أهمية من أجل تقييم هذه الحرارة عند المريضة هي,TSH المصل,T3 المصل,تعداد كريات دم كامل,تصوير شعاعي للصدر,زرع دم,,C,C
25,رجل عمره ٦٤ عاما حضر من أجل تقييم كتلة غير مؤلمة من الفخذ الأيسر لاحظ هذا الشكل غير الطبيعي منذ شهر ويعتقد انه ازداد في الحجم مع العلم أنه ليس هناك سيرة مرضية لرضحة سابقة عند الفحص تبين وجود كتلة نسيجية لينة بطول ٥ سم متماسكة إلى قاسية في النسيج اللين فوق الركبة ليس هناك إيلام او احمرار والكتلة عميقة في النسيج تحت الجلدي وثابتة بالنسبة للمجموع العضلي ان العقد اللمفاوية الإربية طبيعية يجب,إعادة فحص الآفة خلال 3 أشهر لأنه تعتقد أنها ورم شحمي,إجراء مسح عظمي,إعطاء سيفالكسين 500 ملغ 4 مرات يوميا لعلاج الخراج,إرسال المريض لإجراء خزعة جراحية,,,D,D
26,رجل عمره 70 عاما يشكو من ابتداء غشي مفاجئ انه يحدث من دون انذار ودون تعرق او دوخة او احساس نفخة في الراس انه يعتقد ان هذه النوبات تحدث عندما يدير راسه بسرعة او احيانا عندما يحلق ان الطريقة المفضلة للحصول على تشخيص محدد لهذا المريض هي,تخطيط قلب كهربائي,تدليك للسباتي مع مراقبة بواسطة تخطيط القلب الكهربائي,مراقبة بواسطة الهالتر,دراسة فيزيوكهربائية من اجل تقييم العقدة الاذينية البطينية,,,B,B
27,امرأة عمرها 17 عاما تشكو من حكة متوضعة في المعصم لوحظ وجود حطاطات وحويصلات على شكل سوار مع نز بسيط من بعض الاماكن ان السبب الاكثر ترجيحا لهذه الحكة هو,حلأ بسيط,حلأ نطاقي,التهاب جلدي بالتماس,التهاب الجلد المثي,,,B,C
28,امرأة عمرها ٤٥ عاما بصحة جيدة لا تتعاطى أدوية تشكو من احتقان انفي التهاب حلق سعال جاف وارتفاع حرارة بسيط بدئي منذ  ايام وهذه الأعراض أصبحت منتهية تقريبا خلال ٢٤-٤٨ ساعة الماضية حدث لها ألم صدري حاد ازداد سوءا مع سعال ولكن بدون ضيق نفس بسبب شدة الألم اجرت لها الممرضة تخطيط قلب كهربائي حيث تبين ارتفاع ST منتشر من المتوقع في الفحص السريري وجود,مشكلة شريانية رئوية في S2,S3 خبب,احتكاك تاموري,خرخرة قاعدية ثنائية الجانب,ارتفاع ضغط دم أكثر من 160/100,,C,C
29,امرأة عمرها 35 عاما لا تشكو من أعراض حضرت لإجراء فحص روتيني ليس لديها في عائلتها سيرة مرضية لسرطان الثدي بناء على مبادئ الجمعية الأمريكيةللسرطان في التحري المبكر لسرطان الثدي أي من النصائح التالية يجب أن تنصح بها هذه المريضة,تجري فحص ذاتي شهريا,تستحصل من الطبيب على طلب فحص للثدي سنويا,تبدأ بإجراء صورة الثدي الشعاعية سنويا,تجري فحوص وراثية عن طريق الدم,تنتظر حتى تبلغ 40 عاما للبدء بالتحري عن السرطان,,B,A
30,تلميذ عمره  عاما يلعب كرة سلة احضر إلى غرفة الطوارىء في الجامعة بعد شعوره بألم في الصدر وخفقان خلال التدريب بدون ضيق نفس او تسرع نفس لا يوجد لديه سيرة عائلية لامراض قلبية وسيرته الإجتماعية خالية من تعاطي العقاقير والكحول لم يلاحظ شيئا في التسمع القلبي وأظهر تخطيط القلب الكهربائي إنقباض بطينية خارجية فقط ان الخطوة التالية للتقييم و/او العلاج يجب ان تكون,التحري عن المخدرات في بول,التحضير لفحص الجهد,الحصول على فوق الصوت دوبلر للأوردة العميقة في اسفل القدمين,البدء في معالجة بحاجب بيتا انتقائي,البدء بمعالجة تنفسية لهذه الحالة في تشنج القصبي المحرض بالتمارين,,D,A
31,امرأة عمرها 20 عاما حصل لديها شري لمدة 6 أسابيع ثم توقف فجأة لم تبد وزن أو ارتفاع حرارة حكة أو رعاش لا يظهر الفحص السريري أي شيء غير طبيعي السبب الأكثر ترجيحا للشري هو,داء في نسيج الضام,فرط نشاط غدة الدرق,انتان مزمن,مجهول,,,D,D
32,امرأة عمرها  عاما لديها قصور كلوي خفيف وتشكو من ألم في الركبة اليمنى عند المشي يؤثر على نشاطها يوم بعد يوم يزول الألم عند الراحة ليس هناك أعراض التهابية من إحمرار او وذمة هناك انصباب مفصلی ضئيل اظهرت الصورة الشعاعية للركبة وجود نابتة عظمية ونقص لامتناظر في الفراغ المفصلي نتائج سرعة تثفل الكروي وتعداد كريات الدم البيضاء طبيعية أن التدبير العلاجي البدئي الافضل لهذه المريضة هو,مضاد التهاب غير ستيروئيدي,كورتيكوئيد داخل المفصل,اسيتامينوفين,راب المفصل الكامل,,,A,C
33,ان كثير من المتغيرات الفزيولوجية تترافق مع تقدم العمر أي من المعايير الفزيولوجية التالية لا تتغير مع تقدم العمر,تصفية الكرياتنين,الحجم الزفيري القسري,هيماتوكريت,معدل استجابة القلب للجهد,ساعات نوم الريم (حركة العين السريعة),,E,B
34,طفل عمره ٢٠ شهرا أحضر إلى غرفة الطوارئ بسبب ارتفاع حرارة وهياج ورفض تحريك طرفه السفلي الأيمن تبين من الفحص السريري وجود وذمة والم في ركبته اليمنى التي تقاوم الحركة المنفعلة ان الفحص الأكثر أهمية والذي يثبت توقع حدوث التهاب مفصلي انتاني هو,فحص السائل المفصلي,تصوير شعاعي للركبة,سرعة تسفيل الكريات الحمراء,إجراء تعداد كريات دم كامل وتفريقي,زرع دم,,A,A
35,طفل حديث الولادة يعاني من نوبات اختناق وانقطاع نفس والتي تسوء عند الرضاعة وتصبح أفضل عندما يبكي إن الخطوة الأكثر أهمية للوصول إلى تشخيص سريع هي,مخطط صدى القلب,تحري بالإرواء و التهوية,إدخال قثطرة في الأنف,رحلان كهربائي للهيموغلوبين,تقييم للحنك والحنجرة بواسطة تنظير القصبات,,B,C
36,طفل عمره ٩ شهور ابتلع صدفة كمية غير معروفة من الديجيتال إن الملاحظة غير القلبية الأكثر أهمية للسمية عند هذا الطفل هي,حرارة,دوار,إقياء,اضطراب الرؤية,شرى,,C,C
37,خلال فحص عادي لطفل عمره ٨ سنوات لوحظ صوت أول عالي للقلب مع مسافة بعيدة و ثابتة للصوت الثاني للقلب في الحافة القصية العلوية اليسرى و التي لم تتغير مع التنفس غير ذلك فإن المريض نشيط وبصحة جيدة إن آفة القلب الأكثر ترجيحا لتفسير هذه الظاهرة هي,عيب حاجزي أذيني,عيب حاجزي بطيني,قلس ثلاثي الشرف معزول,رباعية فالو,تدلي الصمام المترالي,,C,A
38,طفلة لديها سيرة مرضية من حمات مفاجئة سريعة تصل فيها حتى 40 درجة مئوية لديها وذمة مغزلية الشكل في مفاصل الأصابع وتشكو من ألم قصي علوي إن التشخيص الأكثر ترجيحا هو,حمى ريثوية,التهاب مفاصل ريثوي يفعي,التهاب زليلى سمي,التهاب مفاصل انتاني,فصال عظمي,,A,B
39,طفلة عمرها  سنوات كان لديها زكام منذ ١٤ يوم قبل يومين من مجيئها للعيادة حصل لديها ارتفاع بالحرارة  م سيلان أنفي قيحي الم وجهي وسعال خلال النهار عند فحص الأنف بعد اعطاء مضادات احتقان موضعية تبين وجود قيح في الصماخ الأنفي المتوسط ان التشخيص الأكثر ترجيحا هو,خراج في الدماغ,التهاب الجيوب الفك العلوي,انتان الحنجرة بالمكورات العقدية,التهاب الجيوب الوتدية,التهاب أذن وسطى,,B,B
40,طفل عمره ١٨ شهرا بصحة جيدة يجلس في غرفة بعيدا عن عائلته لاحظت عائلته البدء المفاجئ لسعال يزول بعد عدة دقائق يبدو المريض طبيعيا ما عدا كميات متزايدة من التريل ورفض تناول الطعام فمويا ان التفسير الأكثر ترجيحا لحالة هذا الطفل المرضية هو,ارتجاع معدي مريئي شديد,وجود جسم غريب في مجرى الهواء,خانوق,التهاب اللهاة,وجود جسم غريب في المريء,,B,E
41,طفل عمره ٦ أشهر برازه كثير وذات رائحة ولا يكسب وزنا ان مستوى الكلوريد في العرق ٦٨ ملي مول/لتر تتضمن التوصيات الغذائية المناسبة,فيتامينات منحلة بالماء,تعويض للخمائر البنكرياسية,نظام غذائي عالي الدسم,نظام غذائي منخفض البروتين,نظام غذائي منخفض السكريات,,C,B
42,فتى عمره ١٤ عاما يعاني من فقر دم منجلي حضر إلى غرفة الطوارىء وهو يشكو من يرقان متزايد ألم بطني غثيان إقياء وإرتفاع حرارة اظهر الفحص يرقان ملحوظ ألم في الربع العلوي الأيمن والصدر طبيعي الصور الشعاعية للصدر كانت طبيعية ان الفحص الذي يبين سبب هذا الألم هو,تحليل كيميائي للمصل,تعداد دم كامل وتفريقي مع تعداد صفيحات,فوق الصوت للربع العلوي الأيمن للبطن,فحوص شاملة للجهاز الهضمي العلوي,التحقق من التهاب كبدي,,C,C
43,ان فحص السائل الدماغي الشوكي لطفل عمره ٨ سنوات يعاني من حرارة خفيفة مع تصلب في قفوي وذهول متقطع اظهر النتائج التالية كريات بيضاء ١٠٠/ميكرولتر (كلها لمفاويات) لطاخة سلبية الغرام بروتين ١٥٠مغ/دسل وغلوكوز ١٥ مغ/دسل ان التشخيص الاكثر ترجيحا هو,تصلب محودب,التهاب سحايا سلي,سكتة,التهاب سحايا جرثومي حاد,ورم دماغي كاذب,,B,B
44,طفل عمره ٦ سنوات ادخل الى المستشفى لمراقبته بعد ان وقع من الارجوحة وفقد الوعي لفترة قصيرة حصل لديه توسع توسع حدقة احادي الجانب نوبات بؤرية تكرار فقدان وعي و شلل نصفي ان التدبير المناسب هو,بذل قطني,تصوير طبقي محوري,تعويض سوائل بسرعة,نالوكسون,ازالة التسمم الغذائي بالفحم الفعال,,B,B
45,شاب عمره 17 عاما يشكو من تورم صفني مؤلم حاد فوق الصوت للخصية طبيعي ولكن تحليل البول أظهر بيلة قيحية إن التشخيص الأكثر ترجيحا لهذا المريض هو,فتق إربي انحباسي,التواء الخصية,قيلة دوالية,التهاب البربخ,التهاب مجاري بولية,,D,D
46,طفل عمره 17 يوما يعاني من ارتفاع حرارة هياج سوء تغذية ويافوخ متورم تبين من السائل الشوكي وجود مكورات إيجابية الغرام إن التشخيص الأكثر ترجيحا هو,ليستيرية مستوحدة,مكورات عقدية من مجموعة أ,مكورات عقدية من مجموعة ب,مكورات عقدية رئوية,مكورات عنقودية ذهبية,,C,C
47,طفل عمره ١٤ شهرا حصل لديه فجأة ارتفاع بالحرارة ٤٠٢°م بالفحص السريري طفل متتبه نشيط يشرب الحليب بشغف لم تلاحظ عيوب فيزيائية تعداد الكريات البيضاء ٢٢٠٠٠/ميكروليتر مع ٧٨٪ من الكريات البيضاء ذات النوى متعددة الأشكال ١٨٪ منهم ذات أشكال كبيرة التشخيص الأكثر ترجيحا هو,تجرثم مع الدم بالمكورات الرئوية,الوردية,داء المكورات العقدية,حمى تيفية,خانوق,,A,A
48,عند إجراء تعداد كريات كامل روتيني لطفل عمره سنة تبين أن لديه فقر دم ذات كريات صغيرة ان المتابعة تبين بإجراء رحلان كهربائي للهيموغلوبين أظهرت تركيز متزايد للهيموغلوبين A2 يعاني الطفل من,عوز حديد,بيتا-تلاسيميا,فقر دم منجلي,مرض جهازي مزمن,تسمم بالرصاص,,B,B
49,فتاة عمرها 12 عاما لديها كتلة في رقبتها اظهر الفحص السريري وجود عقيدة درقية ولكن باقي الغدة غير مجسوس أظهر التحري التقني عقيدة باردة تبدو الطفلة سوية الدرقية أي من التشخيص التالي هو الأقل ترجيحا,ورم غدي بسيط,سرطان جريبي,سرطان حليمي,كيسة,خلل تكون الغدة الدرقية,,B,E
50,شاب يعاني من داء سكري نمط 1 ارتفع لديه مستوى لهيموغلوبين المرتبط بالغليكوزيل بشكل دراماتكيي (HbA1c) مما يؤثر إلى سوء سيطرة على داء السكري على الأقل في,الثماني ساعات السابقة,الأسبوع السابق,الشهر السابق,الشهرين السابقين,الستة أشهر السابقة,,C,D
51,شاب عمره ١٨ سنة ذهب إلى العيادة وهو يشكو من تكرار تبول عسر تبول وإفرازات إحليلية أي من التالي يمكن أن يفسر هذه الحالة,حلأ بسيط,انتان مجرى بولي بالإشريكيات القولونية,التهاب إحليل بالمتدثرات,داء الإفرنجي,انتان HIV,,B,C
52,امرأة عمرها ٢٠ عاما تشتكي من ألم بطني سفلي وارتفاع حرارة يظهر الفحص السريري النسائي كتلة ملحقات مؤلمة بعد سؤالها تبين التالي لديها شريك جنسي جديد دورتها الشهرية غير منتظمة لديها مفرزات مهبلية ان التشخيص الأكثر احتمالا هو,خراج الزائدة,خراج بوقي مبيضي,كيسة مبيض,كيسة كلوية,حمل منتبذ,,B,B
53,رجل عمره ٧٨ عاما أظهر فحص البراز وجود مطثيات صعبة وذلك بعد تناوله أموكسيسيلين لمدة أسبوعين ان خط العلاج الأول يجب ان يكون,فانكومايسين,كلينداميسين,أزيثرومايسين,مترونيدازول,أزتريونام,,A,D
54,تضمنت قائمة مأدبة عشاء دجاج مقلي بطاطا مقلية بازيللا حلوى بالشوكولا وقهوة في غضون ساعتين معظم المدعوين شعروا بألم شديد مع غثيان تقيؤ ألم بطني وإسهال إن تحليل الطعام الملوث يمكن أن يؤدي بكميات كبيرة أي من العضويات التالية,المكورات المعوية البرازية,الإيشريكيات القولونية,المتقلبات الرائعة,سلمونيلا تيفية,مكورات عنقودية ذهبية,,B,E
55,طبق نترات الفضة كوقاية لحديثة ولادة بعد اثنا عشر ساعة أصبحت جفونها متوذمة و الملتحمة محتقنة مع افرازات عينية صافية أي من التالي هو التشخيص الأكثر رجحانا,التهاب ملتحمة تحسسي,التهاب ملتحمة كيميائي,التهاب ملتحمة بالمتدثرات,التهاب كيس الدمع,التهاب ملتحمة بالمكورات البنية,,B,B
56,طفل عمره ٥ سنوات يشكو من ارتفاع حرارة ألم في الظنوب وعدم قدرته على حمل اوزان تبين من الفحص السريري أن حرارته ٣٨٤°م تنفسه ٢٠/د ونبضه ١٠٠/د لديه تورم كامل وايلام في الرجل اليمنى أي من التالي هو التشخيص الأكثر رجحانا,فرفرية هينوخ شونيل,التهاب مفاصل ريثوي يفعي,التهاب العظم والنقي,التهاب مفاصل تفاعلي,التهاب مفاصل انتاني,,D,C
57,امرأة عمرها 35 عاما تعاني من التهاب لسان فقدان وزن مذل وإسهال الفحوص المخبرية تظهر فقر دم كبير الأرومات إن السبب الأكثر ترجيحا هو,فقر دم بعوز الحديد,تالاسيميا,فقر دم وبيل,ورم نقوي متعدد,سرطان قولون,,C,C
58,رجل عمره ٥٥ عاما كان يعاني من نوبة حديثة من الرجفان الأذيني والتي النعكست في غرفة الطوارئ هو الآن لا عرضي وبحالة نظمية جيبية عدا هذا هو بصحة جيدة وليس لديه سيرة مرضية من ارتفاع ضغط داء السكري قصور قلبي هجة إفقار عابرةأو سكتة أي من التالي هو الأفضل للوقاية من السكتة عند هذا المريض,الأسبرين,كلوبيدوغريل (بلافيكس) ٧٥ مغ يوميا,وارفارين (كومادين) مع INR ما بين ١٥-٢٥,وارفارين مع INR ما بين ٢٠-٣٠,وارفارين مع INR ما بين ٢٥-٣٥,,B,A
59,رجل عمره ٣٥ عاما يشكو من ألم متوسط عدة ورقية قاسية تقريبا ضعف حجمها الطبيعي سرعة التسفيل هي ٦٠ مم/ساعة التقاط اليود المشع هو ٠٠٤ (الطبيعي ٠٢٠ - ٠٤٠( في ٢٤ ساعة تيروكسين المصل هو ١٧٥ نانومول/ل )الطبيعي ٦٠ - ١٥٠ نانومول/ل) الهيموغلوبين تعداد الكريات البيضاء تحليل البول وصورة الصدر جميعهم ضمن الحدود الطبيعية إن التشخيص الأكثر احتمالا هو,داء غرايفز,سلعة ريدل (التهاب درقي تليفي مزمن),التهاب درقي تحت حاد,تسمم بالتيروكيسين محرض باليود (داء جود - باسدو),سرطان غدة درقية,,A,C
60,رجل عمره ٣٢ عاما قد فدم في غرفة الطوارئ و هو يعاني من مشية غير ثابتة خزل عيبي ثنائي الجانب خفيف وورم وعائي عنكبي هو مضطرب و يعاني من خلط ذهني أي من العوامل التالية هي معالجة دوائية فورية مفضلة,مضادات تخثر,هالوبيريدول,بنتوباربيتال,ساليسيلات,تيامين,,E,E
61,رجل عمره ٤٥ عاما يعاني من التهاب بنكرياس مزمن فقد ٩ كغ من وزنه و هو يعاني من إسهال أظهرت تحاليل عينة براز ٢٤ ساعة ٢٨ غ دسم ان عوز أي من الخمائر التالية هو السبب الأكثر ترجيحا,أميلاز,كربوكسيبيداز,لاكتاز,ليباز,ليبوبروتين ليباز,,D,D
62,شاب عمره ١٦ عاما يشكو من تورم جانبي في رقبته مدة ٦ أشهر أي من التالي هو التشخيص الأكثر ترجيحا,كيسة خيشومية,كيسة جلدانية,كيسة درقية لسانية,ورم مسخي,,,A,A
63,امرأة عمرها  عاما لم يسبق لها أن حملت تعاني من عسر طمث كان سبب في تغيبها مدة يومين عن العمل في كل دورة شهرية خلال السنة الماضية يحدث لها الم خلال المجامعة تزن ٥٠ كغ وطولها ١٦٠سم فحص الحوض فرج ومهبل طبيعيين العنق زهري مع انقلاب ضئيل للغدة داخل العنق حجم الرحم طبيعي المبيض الأيسر سم المبيض الأيمن ٤×٦سم اي من التالي هو السبب الاكثر ترجيحا لهذه الحالة,التهاب زائدة دودية مزمن,انتباذ بطاني رحمي,متلازمة احتقان الحوض,داء مبيض متعدد الكيسات,متلازمة ما قبل العادة الشهرية,,B,B
64,امرأة عمرها 32 عاما شخص لها اصابتها بالمشعرة ليست تعاني من أعراض مطلقا المعالجة المناسبة هي,التأكيد للمريضة بأنه لا ضرورة للمعالجة,المعالجة بغض النظر عن الأعراض,إعادة الزرع بعد الدورة الشهرية التالية والمعالجة إذا وجدت الإصابة,المعالجة فقط إذا كانت المريضة حاملا,ه المعالجة فقط إذا وجدت الأعراض,,A,B
65,سيدة عمرها 22 عاما حضرت إلى غرفة الطوارئ وهي تشكو من حرارة مرتفعة غثيان إقياء ألم عضلي ونوام تبين عند فحصها أن لديها انخفاض ضغط وطفح حمامي معمم وتوسف على اليدين والقدمين أظهرت التحاليل تعداد كريات بيضاء مرتفع بيلة نتروجين دم مرتفعة وزيادة في كرياتنين المصل مع انخفاض في نتاج البول إن التشخيص الأكثر ترجيحا هو,سيلان بني,داء لايم,متلازمة حالة تسمم,داء افرنجي ثالثي,ه مرض التهابي حوضي,,C,C
66,طفلة عمرها ٣ أشهر تعاني من ارتفاع حرارة منذ ١٢ ساعة حرارتها تبلغ ٣٩٧°م النبض ١٤٥/ الدقيقة والتنفس ٣٠/ الدقيقة لا يظهر عليها المرض أو التسمم والفحص السريري لا يلاحظ شيئا للتأكد من عدم وجود أي نوع من الإصابات الإنتانيةان الخطوة التالية المفضلة في التقييم هي,طلب صورة صدر شعاعية,عمل بزل قطني وإرسال السائل الدماغي الشوكي للزرع,إرسال عينة براز للزرع,إرسال عينة من الحنجرة للزرع,إرسال عينة بول للزرع,,B,E
67,رجل عمره ٥٦ عاما لديه عقيدة صغيرة في ذقنه تنمو ببطء خلال الثلاث سنوات الماضية قطر الآفة ١٣ سم المركز متقرح والحواف شمعية أي من التالي سوف يشبه فحص النسيج المستخرج من هذه الآفة,تقران سفعي,سرطان خلايا قاعدية,ورم ميلانيني خبيث,تقران مثي,سرطان الخلايا الحرشفية,,B,B
68,سيدة عمرها 31 عاما G3P2 وضعت طفلا وزنه 3100 غرام بعد التحريض بالاوكسيتوسين وولادة بمساعدة الشفط انفصلت المشيمة وخرجت بعد 6 دقائق من ولادة الطفل بعد خروج المشيمة كان هناك فقدان دم بارز ما هو السبب الأكثر ترجيحا لنزيف ما بعد الولادة,تكرار الولادات,نسيج مشيمة منطمر,ولادة بالاستعانة بالآلات,ونى الرحم,التحريض بالاوكسيتوسين,,D,D
69,امرأة عمرها 32 عاما تتناول موانع حمل فموية من النوع المشترك تخطط للسفر جوا بعد 15 يوما تستمر الرحلة الجوية 8 ساعات إنها قلقة من احتمال حدوث انصمام خثاري النصيحة هي,لا ينبغي أن تقلق لأن خطر الإصابة بالانصمام الخثاري عندها هو مشابه لامرأة طبيعية بدون أدوية,أن تتوقف عن تناول الحبوب قبل أسبوع من السفر,البدء بأخذ جرعة منخفضة من الصفصاف قبل أسبوع من السفر,أن تأخذ حقنة تحت الجلد من هبارين ذات الوزن الجزيئي المنخفض فورا قبل السفر,أن تأخذ 5 مغ من الوارفارين في يوم السفر,,D,D
70,امرأة عمرها 35 عاما أدخلت إلى المستشفى بسبب ارتفاع حرارة وسعال جاف منذ 3 أيام أظهرت صورة الصدر الشعاعية وجود اشياء غير طبيعية اظهرت الفحوص المخبرية اضداد باردة متخثرة في المصل نتائج عمليات الزرع الروتينية للدم والقشع سلبية أي من التالي هو العامل المحرض الأكثر رجحانا,فيروس الإنفلونزا,المتفطرات السلبية,المفطورات الرئوية,المكورات العنقودية الذهبية,المكورات العقدية الرئوية,,C,C
71,طفل عمره شهرين لديه ورم وعائي على شكل الفراولة بطول 5 سم على خده والذي يزداد حجما لا تلاحظ آفات أخرى أي من التالي هو الخطوة التالية المناسبة في التدبير العلاجي,ملاحظة الآفة,تطبيق ثاني أكسيد الكربون الصلب على الآفة,المعالجة بالكورتيكوئيد داخل الآفة,تعريض الآفة للأشعة,إزالة الآفة جراحيا,,A,A
72,امرأة عمرها ٢٤ عاما وضعت طفلا بوزن ٣٢ كغ بصحة جيدة وبعد ٣٦ ساعة من الولادة بدأت تعاني من نزيف مهبلي ما هو السبب الأكثر شيوعا للنزيف المتأخر بعد الولادة,اضطراب نزفي,تهتك عنق الرحم,نزيف من أورام عضلية,قطع مشيمة منطمرة,ونى الرحم,,B,D
73,رجل عمره 42 عاما لا يتناول أي دواء أجرى سحب دم من أجل فحص روتيني وظيفي وكانت الفحوص المخبرية طبيعية ما عدا معدل البوتاسيوم 54 ميلي مول/ل(الطبيعي 35-50) أي من التالي هو الخطوة التالية المناسبة,عمل تخطيط قلبي كهربائي لمعرفة موجة T غير الطبيعية,اعادة أخذ عينة دموية,وصف بولي ستييرينوسلفونات الصوديوم فموي,إعطاء كالسيوم وريدي,إعطاء إنسولين وريدي يليه مقلد بيتا 2 استنشاقي,,B,B
74,فتى عمره 14 عاما يشكو من ألم في ثديه الأيمن لا يلاحظ شيء آخر لم يلاحظ شيء في فحص الخصية يتضمن التدبير المناسب لهذا المريض,صورة شعاعية للثدي,فوق الصوت للثدي,تحديد النمط الوراثي,أخذ خزعة,طمأنة المريض والمراقبة المستمرة,,E,E
75,تعالج الأورام الحليمية في قاعدة المثانة عادة بواسطة,قطع عن طريق الإحليل,استئصال مثانة جزئي,استئصال مثانة كلي,العلاج بالأشعة,تصعيق فوق العانة,,B,A
76,ورم عارض في الكظر هو عادة,ورم القواتم,ورم غدي بفرط الألدوستيرون,سرطان قشري,ورم غدي غير مفرز,كل الأجوبة أعلاه غير صحيحة,,E,D
77,بعد حادثة تسمم حادة مثل مرض حروري ما هو الزمن المتوقع فيه استمرار انخفاض عدد الحيوانات المنوية,أسبوع واحد,ثلاثة أسابيع,ثلاثة أشهر,ستة أشهر,سنة واحدة,,C,C
78,يمكن أن يؤدي الإنضغاط العصبي بموازاة الفقرة L2 لاحداث كل ما يلي ما عدا,انفخاخ جذر L2,انفخاخ لذنب الفرس,انفخاخ جذر L5,انضغاط النخاع,,,B,D
79,امرأة عمرها 47 عاما تعاني من ألم في الثدي تشكو من بدء حديث لإفرازات خضراء حليمية ثنائية جانبية لديها ألم ثنائي الجانب معمم ولا توجد كتلة مجسوسة عند اجراء الفحص للثدي المفرزات لا يوجد فيها دم اظهرت الصورة الشعاعية للثدي وجود نسيج غدي ليفي منتشر يظهر بشكل أوضح في الربع العلوي الخارجي للثديين دون تبدل منذ عام ما هي الخطوة الأولى في التدبير العلاجي,إجراء تخطيط فوق الصوت,أخذ خزعة بمساعدة فوق الصوت,طمأنة المريضة,تصوير الثدي,استئصال القناة الأساسية خلف هالة الثدي,,C,C
80,امرأة عمرها 30 عاما تعاني من نوبات متكررة من الصداع والتعرق كانت والدتها تعاني من حصيات كلوية وتوفيت بسبب سرطان في الغدة الدرقية أظهر الفحص السريري عقيدة درقية بدون خلل وظيفي بالغدة الدرقية قبل إجراء عمل جراحي لغدة الدرق يجب على الطبيب أن يطلب إجراء,تخطيط للغدة الدرقية,معايرة لمستويات الهرمون المحرر للدرق والهرمون المنبه للدرق,فحص إنطراح 5-هيدروكسي اندول حمض الخل في بول 24 ساعة,فحص إفراغ كاتيكولامين ميتانفرين وحمض فانيلليماندايك في بول 24 ساعة,,,C,D
81,إن الوقت المثالي لإعطاء لقاحات تمنيع لمرضى اجري لهم استئصال الطحال هو,قبل العملية الجراحية بشهرين على الأقل,قبل العملية الجراحية بأسبوعين على الأقل,قبل العملية الجراحية فورا,في يوم الخروج من المستشفى بعد إجراء العملية الجراحية,,,D,B
82,امرأة عمرها 35 عاما تعاني من نوبات متكررة من الدوار مع فترات هدوء تامة كما تعاني من طنين في الأذنين وفقدان سمع حسي عصبي في الأذن اليمنى ما هو السبب المحتمل,التهاب العصفون الدهليزي,دوار متوضع حميد انتيابي,تصلب لويحي,متلازمة منيير,,,D,D
83,رجل عمره 40 عاما ليس لديه سيرة مرضية سابقة حدث لديه صداع حاد مفاجئ لقد تقيأ عدة مرات تبين من الفحص السريري أنه كان هناك متلازمة سحائية مع تدلي في الجفن الأيمن العلوي وتوسع في الحدقة اليمنى كانت حرارته 378 النبض 75 وضغط الدم 13/8 إن التشخيص المحتمل هو,التهاب سحايا فيروسي,التهاب سحايا جرثومي,نزيف سحائي,صداع نصفي,,,C,C
84,التأثيرات غير المانعة للحمل لحبوب منع الحمل الفموية (أستروجين-بروجسترون) تتضمن كل ما يلي ما عدا,تناقص حدوث عسر طمث,تناقص حدوث داء انتاني حويضي,زيادة في انتظام الدورة الشهرية مع فقدان دم أقل,زيادة احتمال حدوث مرض ثدي حميد,,,D,D
85,أي من التالي يحدث أخيرا في حالة الجفاف,انخفاض ضغط,تسارع قلب,فقدان وزن,تنقصان في نتاج البول,وهن,,E,A
86,اي من العبارات التالية صحيحة بالنسبة لحديثي الولادة,ان اليرقان الذي يحدث في اليوم الاول هو فيزيولوجي,يجب ان تسحب القيلة المائية في اقرب وقت ممكن لمنع حدوث ضمور الخصية,حكة الحامضات (حمامى سمية) هي ظاهرة تحسسية,عادة تقفل القناة الشريانية فيزيولوجيا خلال 48 ساعة,ان الحبرة الوجهية عند الولادة هي مؤشر لداء نزفي,,D,D
87,اي من المضادات الحيوية التالية هو غير فعال على المسميات الهشة,اموكسيسيلين - كلافولانات,ايميبنيم,كلينداميسين,سفترياكسون,بيبيراسللين - تازوبكتام,,D,D
88,أي من الحالات التالية في ليست داء فطري,داء الرشاشيات,داء الفطار العفني,داء الشعريات المبوغة,داء الشعيات,داء الفطار الكرواني,,C,D
89,يعتبر سرطان الرئة غير جراحي إذا,هاجم الحجاب الحاجز,هاجم جدار الصدر,هاجم الوريد الأجوف العلوي,هاجم التامور,كل الأجوبة أعلاه غير صحيحة,,E,C
90,رجل عمره ٣٦ عاما هو في اليوم الثاني بعد اجراء عملية جراحية لقطع عجاني بطني لسرطان في المستقيم وضعت لها قثطرة بولية بعد العملية بالرغم من ان مؤشرات الحيوية مستقرة إلا أن نتاجة البولي في الساعتين الأخيرتين كان صفر في الساعات الثلاث الماضية كان مجموع البول على التوالي ٥٦ مل ٧٣ مل و ٦١ مل ما هو التشخيص الأكثر ترجيحا,قصور كلوي حاد,إصابة المثانة أثناء العملية,إصابة المحالب أثناء العملية,جفاف,انسداد في القثطرة,,E,E
91,امرأة عمرها ٥٧ عاما تعاني من ارتفاع ضغط أحضرت إلى غرفة الطوارىء بسبب بدء صداع حاد وفقدان توازن منذ ساعتين هي بكامل وعيها وتركيزها تشعر بالغثيان ولا تستطيع ان تسير او تقف دون مساعدة تبين من الفحص السريري وجود شلل في الحملة باتجاه اليمين لا يوجد تناقص في القوة العضلية ولا فقدان للإحساس أظهر التصوير المقطعي المحوري للراس وجود ورم داخل المخيخ اي من التالي هي الخطوة التالية,بذل قطني,تخطيط رنين مغناطيسي للرأس,معالجة دوائية داعمة,معالجة بمضادات التخثر,إخلاء جراحي فوري,,B,E
92,فتاة عمرها ١٨ عاما حضرت إلى غرفة الطوارىء وهي تشكو من بدء اسهال مائي دموي مفاجيء الفتاة بصحة جيدة الأدوية التي تأخذها هي بيروكسيد البنزويل موضعي وكلينداميسين فموي لعلاج حب الشباب تبين في الفحص السريري بطن متمدد قليلا مع الم منتشر درجة حرارتها  م لم تتناول لحم نيء او تأكل طعام غير عادي أي من التالي هو التشخيص الأكثر ترجيحا,التهاب معوي معدي,متلازمة القولون المتهيج,التهاب قولوني غشائي كاذب,التهاب بالسلمونيلا,التهاب قولون متقرح,,C,C
93,رجل عمره ٥٠ عاما لديه سيرة مرضية تتمثل بنوبات متكررة من الصداع تتظاهر بشكل منتظم تبدأ كل نوبة عند الإستيقاظ تقريبا في نفس الوقت الالم أحادي الجانب ويتوضع على مستوى الصدغ والعين ويترافق مع سيلان انفي دمع وتعرق على نفس الجهة تخف النوبة فجأة بعد ساعتين ليس لأشقائه او لوالديه نفس الصداع درجة حرارته  م ضغطه / مم زئبق والنبض /د حدقتاه متساويتان وتتفاعل بشكل طبيعي مع الضوء فحص قاع العين طبيعي اي من التالي هو التشخيص الأكثر ترجيحا,داء زرقة زرق حاد,صداع عنقودي,التهاب الشريان الصدغي,ألم العصب ثلاثي التوائم,صداع نصفي,,B,B
94,عمرها ٤٤ عاما لديها عقيدة مجسوسة في الفص الأيمن من الغدة الدرقية طول العقيدة ٢ سم وهي صلبة باقي الغدة الدرقية غير مجسوسة وغير مؤلمة هي تشكو من فقدان وزن بالرغم من شهيتها الممتازة خفقان وعدم تحمل للحرارة هي نحيفة تمشي بثبات جلدها رطب ونبضها 105 / د ليس لديها جحوظ او وذمة أمام الظنبوب سجل ال TSH إنخفاضا كبيرا عن الطبيعي ولديها مستويات مرتفعة من T4 الحر أي من التالي هي الخطوة التالية المناسبة في التشخيص,جراحة استكشافية في الرقبة,تحري بالرنين المغناطيسي للغدة النخامية,أخذ خزعة من الكتلة الدرقية,تصوير ومضاني للغدة الدرقية,مستويات T3 في المصل,,C,D
95,رجل عمره ٧٠ عاما حضر إلى غرفة الطوارىء وهو يشكو من ألم بطني لقد وصف الألم بانه تشنجي وبشكل أساسي في المربع السفلي الأيسر حصل له عثيان خفيف ولكنه يشكو من امساك هو يعاني من ارتفاع ضغط ارتفاع شحوم الدم نقرس لديه حساسية على البنيسيللين درجة حرارته °م ضغط الدم ٦٠/١٤٠ مم زئبق النبض /د و التنفس / د أظهر الفحص السريري ألم عند الجس في المربع السفلي الأيسر بدون ارتداد أو انعكاس فحص الغاياك سلبي فحص القلب والرئة طبيعي أي من التالي هو التشخيص الأكثر ترجيحا,التهاب الزائدة الدودية,التهاب الرتج,داء الرتوج,التهاب القولون الإقفاري,انفتال سيني,,A,B
96,ان الموقع المنثقب الاكثر شيوعا في قرحة الاثني عشري هو,الجدار الامامي لبصلة الاثني عشري,الجدار الخلفي لبصلة الاثني عشري,المجال البصلي الخلفي للاثني عشري,قبو الاثني عشري,القناة البوابية,,B,A
97,ان السبب الاكثر شيوعا لفقر الدم هو,عوز الحديد,عوز فيتامين ب12,عوز حمض الفوليك,نقص نشاط الدرق,قصور كلوي,,A,A
98,امرأة عمرها 45 عاما تشكو من صداع واضطراب في الرؤية منذ أربعة أشهر هي بصحة جيدة ولا تتناول أدوية تبين من الفحص وجود عيب جزئي في عينيها ان تشخيص ورم غدي صغير في الغدة النخامية كان واردا أي من الفحوص التشخيصية التالية هو الأكثر حساسية لهذا التشخيص,تصوير طبقي محوري,فحص تحمل الأنسولين,تصوير بالرنين المغناطيسي,قياس برولاكتين المصل,فحص الحقل البصري,,C,C
99,امرأة عمرها 43 عاما تريد تقييم ارتفاع ضغط الدم لديها لقد أخبرت بأن ضغط الدم لديها كان مرتفعا منذ أسبوع عند فحصها في الصيدلية لم تعاني من اعراض سابقا ولا تتناول أدوية تبين من فحصها أن ضغط الدم 145/95 مم زئبقي ما هي الخطوة التالية في التدبير العلاجي,إسداء النصيحة بأن تراقب ضغط الدم مرتين يوميا وتعود بعد 6 أشهر,الطلب منها العودة لإجراء الفحص بعد دورتها الشهرية التالية,الطلب منها العودة لإجراء الفحص خلال أسبوعين,الطلب منها العودة لإجراء الفحص خلال أربعة أشهر,قياس ضغط دمها بعد 5 دقائق من التمارين,,B,C
100,مريض يعاني من ابيضاض دم حدث لديه نقص بالمعتدلات 100/م3 بعد دورة أولى من العلاج الكيميائي حصل له ارتفاع شديد بالحرارة استمر أكثر من ثلاثة أيام أظهر التصوير الشعاعي للصدر رشيحة كهفية متوافقة مع غزو للرشاشيات اي من مضادات الفطور التالية غير فعالة لحالة هذا المريض,أمفوتيريسين ب,فلوكونازول,إيتراكونازول,فوريكونازول,ه كاسبوفونيجن,,B,B
101,أحضر مريض إلى غرفة الطوارئ لمحاولة الانتحار بابتلاع جرعات كبيرة من الأسبرين أي من التالي هو مفيد في تدبير هذا المريض,اسيتامينوفين,أمفيتامين,ن-أستيل سيستئين,فينوباربيتال,ه ثاني كربونات الصوديوم,,C,E
102,أي من الإضطرابات التالية تحتاج لعلاج بالليثيوم,نوبات الرعب,فصام شخصية,اضطراب الوسواس القهري,اضطراب ثنائي القطب,ه القلق,,D,D
103,يترفق فرط كالسيوم الدم مع,ورم لمفاوي لا هودجكيني,سرطان رئة حرشفي الخلايا,ورم لمفي هودجكيني,سرطان رقبة وراس حرشفي الخلايا,ه ورم كلوي كظري,,B,B
104,كل الأمراض التالية تترافق مع إسهال ما عدا,داء أديسون,فرط نشاط جارات الدرق,فرط نشاط الدرق,سرطان لب الغدة الدرقية,ه ورم القواتم,,D,B
105,أي من المضاعفات التالية الموجودة عند داء السكري نمط 2 للكبار لا تشاهد عند داء سكري نمط ١ شبابي,اعتلال شبكية العين,داء كلوي,تصلب عصيدي متسارع,اعتلال عصبي ذاتي,كل الأجوبة أعلاه غير صحيحة,,E,E
106,إن مضاعفات ارتفاع الضغط الشرياني المزمن تتضمن كل ما يلي ما عدا,قصور قلبي انبساطي,داء شرياني اكليلي,سكتة,داء وعائي محيطي,قصور قلبي انقباضي,,D,E
107,كل ما يلي هي مؤشرات لإصابات ناجمة عن ارتفاع الضغط ما عدا,سماكة جدار الشريان السباتي والتي اظهر بفوق الصوت,تيبس شرياني متزايد,توسع في الأذين الأيسر,انخفاض تصفية الكرياتينين,تغيرات في قاع الشريان,,E,C
108,كل ما يلي من عوامل تشير لاعتلال دماغي كبدي عند مريض يعاني من تشمع كبدي ما عدا,انتان خفي,ادرار بولي شديد,اسهال أو امساك,معالجة بالنيومايسين عن طريق الفم,نظام حمية غني بالبروتين,,E,D
109,كل العوامل التالية مسؤولة عن الإسهال المدمى ما عدا,الفيروسات العجلية,سلمونيلا,يرسينيا,الفيروسات المعوية,شيغللا,,A,D
110,نفث الدم المحرض بالتمارين الرياضية يشير الى التشخيص التالي,اعتلال رئوي حاد,تضيق الصمام التاجي,تليف رئوي خلالي,التهاب قصبات مزمن,سرطان مريء,,A,B
111,امرأة تعاني من ارتفاع حرارة ٣٩°C بسرعة مع بردية سعال جاف التهاب بلعوم والتهاب ملتحمة ظهرت بعض الكركرات والخرخرات عند الفحص ان التشخيص الاكثر ترجيحا هو,ذات رئة فصي حاد,داء اللجيونيلا,اعتلال رئة فيروسي,التهاب وحيدات النوى,داء السل,,C,C
112,كل ما يلي يؤدي الى تثدي عند الرجل محرض بدواء ما عدا,ديجوكسين,سيميتيدين,ستيلبوستيرول,سبيرونولاكتون,فوروسيميد,,E,E
113,جميع المؤشرات والأعراض التالية موجودة في الإصابات العصبية الوجهيه ما عدا,اختفاء التجاعيد الأمامية في نفس الجانب,تدلي الجفن الأعلى في نفس الجانب,انجذاب الفم إلى الجهة المعاكسة,امتداد السمع في نفس الجانب,مضاعفات في حس الذوق في نفس الجانب,,C,B
114,رجل عمره ٤٢ عاما يشكو من صداع غير عادي بدء بشدة فجأة في اليومين الأخيرين التصوير الطبقي المحوري للدماغ طبيعي ما هي الخطوة التالية,إرساله إلى المنزل مع مسكنات الألم,طلب دوبلر لأوعية الرقبة,اعطاؤه دواء خافض للضغط لأن ضغط الدم كان ١٦٥/٨٢ مم زئبق,طلب فحص العين لمعرفة اصابته بزرقة عين حاد,إدخاله إلى المستشفى لإجراء بذل قطني,,B,E
115,رجل عمره ٤٥ عاما يشكو من ألم بطني حاد وإقياء بعد ساعات قليلة من شربه زجاجة ويسكي فحص البطن طبيعي ولكن لديه تسارع قلبي لا نظمي تبين من فحص الدم وجود ارتفاع بتريغليسريد الدم انخفاض سكر دم خفيف ان التشخيص الأكثر احتمالا لهذا المريض الكحولي هو,التهاب بنكرياس حاد,تشمع كبدي,متلازمة مالوري-ويس,تسلخ الأبهر,احتشاء عضلة قلبية حاد,,A,A
116,حضرت امرأة وهي تشكو من احتمال وجود صدفية تحت ثدييها في أي من المساحات التالية يجب البحث عن الآفات الصدفية (واحدة خطأ),الأظافر,السرة,فروة الرأس,بين الألية,راحة الكف وباطن القدم,,B,E
117,المريض الذي بدأ العلاج بمضاد اكتئاب مثبط لإعادة التقاط السيروتونين يمكن أن يتوقع التحسن بعد,بضعة أيام,١-٢ أسبوع,٢-٤ أسابيع,٤-٦ أسابيع,اكثر من ٣ أشهر,,C,C
118,جميع الأعراض والإشارات التالية تؤكد الإصابة بسرطان رأس البنكرياس ما عدا,فقدان الوزن,يرقان,دوالي المريء,ألم بطني,مرارة مجسوسة,,E,C
119,أي من الأدوية العينية الموضعية التالية يوصف في حالة داء زرقة حاد,أتروبين,بيلوكاربين,نيوسيينفرين,مضاد حيوي,مضاد عاتم,,D,B
120,مريض عمره ٦٣ عاما يعاني من عرج متقطع غير مؤلم وضعف في طرفيه السفليين يترافق مع فرط منعكسات في الأطراف الأربعة ما هو أول فحص يجب إجراؤه لهذا المريض,رنين مغناطيسي قطني,رنين مغناطيسي دماغي,بزل قطني,رنين مغناطيسي رقبي,مخطط كهربائية العضل للأطراف السفلية,,E,D
121,ما هو العلاج الأكثر ملائمة لمريض يعاني من متلازمة ذئب الفرس منذ ٦ ساعات نتيجة فتق قرصي ذات حجم كبير في L4-L5,ستيروئيد فموي,ستيروئيد وريدي,ستيروئيد فوق الجافية,عمل جراحي,مضاد التهاب غير ستيروئيدي مع راحة في السرير وعلاج فيزيائي,,D,D
122,أهم المضاعفات لأم الدم الإبهريه الكبرى البطنية هي,التمزق,الإنتان,انصمام نحو الشريان الظنبوبي,الضغط على الأعضاء المجاورة,كلها بنفس الأهمية,,E,A
123,بالنسبة للعرج المتقطع الشرياني في الأطراف السفلية,يتحسن اخدرار الأطراف السفلية بالراحة,تتحسن التشنجات بالراحة,لا تستطيع المريضة أن تسير أكثر من ١٠ أمتار,يترافق دائما مع موات محدود للإصبع,تكون دائما بسبب اعتلال شرياني سكري,,C,B
124,كل ما يلي هي مؤشرات للإصابة بموه الرأس عند حديثي الولادة ما عدا,يافوخ مدبب,العينين في وضعية المغيب,إسهال,ازدياد محيط الرأس,اقياء,,C,C
125,تضيق بوابي ضخامي,يحصل عادة بعد بدء قلس في الشهر الثالث من الحياة,يمكن أن يتشارك مع يرقان بليروبين مقترن,يجري تشخيصه بفوق الصوت للبطن,يحتاج لعلاج بمضاد ارتجاع قبل إجراء العملية,يحرض حدوث نقص كالسيوم الدم,,C,C
126,كل ما يلي يستدعي اجراء تصوير طبقي محوري للرأس في المستشفى لطفل اصيب في رأسه ما عدا,فقدان وعي لأكثر من 3 دقائق,جرح نازف في فروة الرأس,فقدان ذاكرة مطول بعد الرضة,اعراض عصبية مركزية,اشارات اصابة في أسفل الجمجمة,,C,B
127,ما هو تشخيصك بالنسبة لطفل لا يحب التواصل مع الآخرين ويفضل العزلة لا يتكلم أو يقول كلمات لا تتعلق ببعضها والذي قد جرى استبعاد مشاكله السمعية عبر فحص أذن-أنف-حنجرة مناسب,حالة ذهول,تخلف عقلي,توحد,فصام ولادي,داء عصبي ولادي,,C,C
128,امرأة حامل عمرها 19 عاما كانت في الأسبوع الثاني عشر من الحمل عندما حصل لها بقع دم مهبلية ألم وتشنج خفيف في البطن لم يكن هناك تعقيدات في حملها قبل ذلك لم يظهر عليها ارتفاع بالحرارةعند فحصها هناك نزيف مهبلي خفيف ولكن بدون نضح حصل لها إجهاض مفاجئ بعد ذلك بيوم أي من الحالات التالية هي الأكثر ترجيحا لحدوث هذه المشاكل,عدم كفاية مشيمية,تشوه صبغي,إنتان خلقي,تسمم الدم الحملي,استخدام أدوية أثناء الحمل,,B,B
129,امرأة عمرها ٢٠ عاما G2P1 حملها لا يوجد فيه تعقيدات ولكنها لم تتلق رعاية أثناء الحمل ذهبت للولادة في وقتها خلال الولادة حدث لها نزيف مهبلي شديد ومفاجئ الطفل حي ويزن ٢٧٩٠ غرام اي من التالي هو التشخيص الأكثر رجحانا,تدلي حبل السرة,مشيمة منزاحة,التهاب المشيمة والسلى,احتشاء المشيمة,السكري الحملي,,B,B
130,في الحمل يمكن استعمال الأسبيرين وقائيا في,عند المرأة التي لديها سيرة مرضية من بدء مبكر لمقدمة الارتعاج,عند كل النساء الحوامل ذات عمر اكبر من ٣٥ سنة,أبدا بسبب التأثيرات الجانبية في الفترة المحيطة بالحمل,فقط اذا كان ضغط الدم الانبساطي اكثر من ١٠٠ مم زئبق,عند النساء التي تعاني من صداع يومي مزمن,,A,A
131,جميع الحالات التالية هي أسباب انقطاع الطمث المركزي ما عدا,التمارين الشديدة,الصيام الطويل,سن اليأس,جهد فيزيائي,شدة نفسية,,C,C
132,في المبيضين متعدد الكيسات,تتوضع الكيسات حول النقير,تغير بطانة الرحم,تنخفض نسبة LH/FSH,معظم الدورات لا إباضية,يفرز البروجيسترون أكثر من الإستروجين,,A,D
133,كل ما يلي صحيح بالنسبة لإلتهاب الزليل العابر ما عدا,يصيب الورك بشكل نوعي,سرعة التثفيل طبيعية,يصيب الصبيان أكثر من البنات,يسبق انتان تنفسي,السبب فيروسي,,A,E
134,إن اليرقان الذي يترافق مع حكة شديدة هو عادة بسبب,إلتهاب كبدي فيروسي,سمية كبدية محرضة بالدواء,تشمع كبدي لا كحولي,يرقان إنسدادي,إنحلال دم,,E,D
135,يمكن أن يعود سبب ضخامة الكبد لكل من الأمراض القلبية الوعائية التالية ما عدا,قصور قلب إحتقاني,إلتهاب التامور المضيق,قلس ثلاثي الشرف,إعتلال عضلي قلبي حصري,إلتهاب شغاف قلب جرثومي,,B,E
136,أي من التالي هو السبب الأقل ترجيحا للخثار الوريدي العميق,قصور قلبي,ارتفاع ضغط رئوي,ارتفاع ضغط جهازي,السفر الطويل بالطائرة,الحمل,,B,C
137,أي من التالي يمكن أن يمنع تشكل حصاة كالسيوم في الجهاز البولي,مدرات التيازيد,فوروسيميد,ألوبورينول,كولشيسين,بيفوسفونات,,E,A
138,أي من المضاعفات التالية لداء السكري غير مشاهدة عند بدء داء السكري II للكبار بالمقارنة مع داء سكري I شبابي,اعتلال شبكية,تحمض خلوني,اعتلال كببي من نوع كيميلستيل ويلسون,تصلب شرايين متسارع,اعتلال عصبي ذاتي,,C,B
139,أي من النواقل العصبية التالية يمكن أن تنقص في داء الزهايمر,سيروتونين,سوماتوستاتين,أستيل كولين,نورأدرينالين,غاما أمينو بوتيريك أسيد,,C,C
140,مريض يعاني من بيلة ميوغلوبينية أي من التالي يتوقع وجوده في تحليل البول,كريات دم حمراء و هيموغلوبين إيجابي,كريات دم حمراء و هيموغلوبين سلبي,هيموغلوبين إيجابي كريات دم حمراء سلبي,هيموغلوبين و أسطوانات كريات دم حمراء إيجابي,هيموغلوبين و أسطوانات كريات دم حمراء سلبي,,D,C
141,تترافق البيلة الدموية البدئية مع,سرطان خلايا الكلية,حصيات احليلية,ورم حليمي في المثانة,سرطان خلايا يغزو المثانة,التهاب بروستات,,B,E
142,اي من مظاهر الذئبة الحمامية الجهازية التالية تترافق مع انذار سيء,ذئبة قرصية,التهاب الكلية الذئبي,التهاب جنب ذئبي,التهاب تأمور ذئبي,التهاب مفاصل,,B,B
143,اي من العضويات التالية لا يسبب داء التهابي حوضي,النيسيريات البنية,المتدثرات الحثرية,المكورات العنقودية الذهبية,الاشيريكيات القولونية,العصوانيات الهشة,,C,C
144,الكبار في السن هو اكثر تعرضا للسمية الدوائية,لانهم يتناولون ادوية متعددة,بسبب تغيرات في الحركية الدوائية المتعلقة بتقدم العمر,بسبب ضعف المطاوعة,بسبب نقص في وظيفة الاعضاء,كل الاسباب اعلاه صحيحة,,E,E
145,عند عودتها إلى المنزل من المستشفى وبعد ثلاثة أيام من وضعها الطفلة بصحة جيدة سرعان ما أصبحت هذه المرأة التي تبلغ من العمر ٢٣ عاما مضطربة وسريعة البكاء إنها قلقة باستمرار على طفلتها خائفة من أنها لن تنجح في أن تكون أما صالحة ما هو التشخيص الأكثر رجحانا,ذهان بعد الوضع,اضطراب بالتحكم,اكتئاب بعد الوضع,أعراض اكتئابية قوية,,,C,C
146,اي من التالي هو الاكثر دلالة لحدوث التهاب شغاف قلبي جرثومي عند فتى يعاني من تدلي في الصمام التاجي,زرع دم ايجابي بوجود المكورات العقدية المخضرة,سماكة صمام فائضة مثبتة بتخطيط صدى القلب,ارتفاع حرارة و تضخم طحال,بيلة دموية مجهرية,قلس تاجي نفخة وارتفاع حرارة,,A,A
147,كل الأمراض التالية يمكن أن تترافق مع إسهال ما عدا,داء أديسون,فرط نشاط جارات الدرق,فرط نشاط الدرق,سرطان لب الدرق,ورم القواتم,,A,B
148,أي من العبارات التالية صحيحة بالنسبة لمرضى يعانون من مستويات ترغليسيريد على حافة الارتفاع (150-199 ملغ/دل),يجب التقصي عن حدوث متلازمة استقلابية,تخفيض التريلغليسيريد هو الهدف الرئيسي للعلاج,معظمهم يجب أن يتناول فيبرات,معظمهم يجب أن يتناول نياسين,,,A,A
149,امرأة عمرها ٥٠ عاما تشكو من تعرق ليلي وهبات حرارة ما هو فحص الدم المطلوب لتأكيد انقطاع الطمث,LH,بروجسترون,برولاكتين,FSH,تستوستيرون,,D,D
150,رجل عمره ٥٥ عاما مصاب بغشي بغض النظر عن السبب أي من الفحوصات التالية يطلب دائما إجراؤها,تعداد دم كامل,الهرمون المحرض للدرق,تخطيط قلب كهربائي,مراقبة بجهاز هولتر,تخطيط قلب كهربائي بالعروة المسيارية,,C,C
151,ان المتممات من نوع الفيتامينات المتعددة في سن الشيخوخة,لا توصف من اجل منع حدوث اي اضطراب,يجب وصفها للتقليل من مستويات الهوموسيستين المرتفعة,تقلل من التصلب العصيدي الاكليلي,تقلل من حدوث سرطان الرئة,تقلل من حدوث سرطان القولون,,B,A
152,رجل عمره ٤٠ عاما يشكو من بيلة دموية وألم في خاصرته الفحوصات المخبرية لنيتروجين يوريا الدم كرياتنين والكهرليتات كانت طبيعية الهيموغلوبين مرتفع  / دسل وكالسيوم المصل هو مغ دسل تبين وجود كتلة صلبة في الكلية بعد اجراء فوق الصوت ان التشخيص الاكثر ترجيحا هو,داء كلوي متعددة الكيسات,ورم سرطاني كلوي,ورم في غدة الكظر,حصيات بولية,,,D,B
153,امرأة عمرها ٢٧ عاما تتمتع بصحة جيدة لديها مستوى هيموغلوبين ١٠ غ/دل يكشف تعداد كريات الدم خلايا صغيرة فقر دم ناقص الصباغ مع وجود كريات دم حمراء متباينة وذات توزع متزايد ما هي الخطوة التالية الأكثر ملاءمة,تعداد الشبكيات,الرحلان الكهربائي للهيموغلوبين,وصف حديد عن طريق الفم,فحص غاياك للبراز,مراجعة مركز لأمراض الدم,,E,C
154,امرأة عمرها ٣٠ عاما لديها مستوى ثيروكسين منخفض لقد عولجت منذ ٥ سنوات من داء غريفس باليود المشع إن الفحص التشخيصي المفضل هو,التقاط اليود المشع,T3 المصل,TSH المصل,تخطيط الصدى للغدة الدرقية,اختبار تنبيه TRH,,D,C
155,امرأة عمرها ٥٠ عاما تعاني منذ أسبوعين من صعوبة في المشي حادة ومتطورة ووهن في الأطراف أظهر الفحص وهني الطرف القريب والبعيد وهو ملحوظ في الأقدام أكثر من الذراعين كان هناك غياب في جميع منعكسات الأربطة والاستجابات الأخمصية كانت مثنية ليس هناك فقدان للإحساس ما هو التشخيص الأكثر احتمالا,ضغط على الحبل الرقبي,متلازمة غويللاين-بار,وهن عضلي,ألم عضلي متعدد رثياني,التهاب العضلات,,B,B
156,رجل عمره ٤٧ عاما مؤشر كتلة الجسم ٣٨ FBS ١١٣ ملغ/دل و HBA1C ٦٣٪ ما هي الخطوة التالية الأكثر أهمية,إجراء GTT,طمأنة المريض أنه بخير,المتابعة تعديل نمط الحياة واتباع نظام حمية,البدء بغليكلازيد (خفض سكر فموي) وتعديل نمط الحياة,البدء بإعطاء المريض غليبينكلاميد أو بيوغليتازون أو سيتاغليبتين,,C,C
157,طفل عمره ٥ سنوات أدخل إلى قسم الطوارئ وهو بحالة دوار ضعف المنعكسات سعال ضيق نفس وتسارع نفس وذلك بعد شربه لسائل منزلي عن طريق الخطأ إن الخط الأفضل في العلاج هو,فحم فعال,كورتيكوستيروئيدات,غسيل معدة,شرب حليب,تأمين سبيل التنفس,,E,E
158,عند المعاينة قبل الولادة لأحد المرضى تكتشف أنها غير ممنعة للحصبة الألمانية متى يكون أفضل وقت لتلقيحها ضد الحصبة الألمانية,بعد ٤ أسابيع على الأقل من الولادة,فورا,في الفترة المبكرة للنفاس,في الفصل الثاني من الحمل,في الفصل الثالث من الحمل,,C,C
159,معلم عمره 45 عاما يعاني منذ 3 أشهر من بحة في الصوت دون تحسن ان التدبير الأنسب في هذا الوقت سيكون,أزيترومايسين,تنظير حنجرة,تجربة كورتيكوستيروئيد استنشاقي,تجربة مثبط مضخة البروتون,ه معالجة الصوت,,B,B
160,أنثى عمرها 23 عاما تشكو من عدم انتظام في العادة الشهرية زيادة في شعر الوجه وحب شباب أي من التالي يعتبر العلاج المبدئي الأول لهذه المجموعة من الأعراض,كلوميفين,موانع حمل فموية,ميتفورمين,بيوغليتازون,ه سبيرونولاكتون,,A,B
161,امرأة عمرها ٥٢ سنة اياسية تشكو من تجفاف فرجي مهبلي وألم عند الجماع هي تنفي الهبات الساخنة الأرق أو أعراض أخرى مغيرة للقطر الوعائي سيرتها المرضية السابقة خالية من السرطان أو الجراحة فحصها السريري يتطابق مع الضمور المهبل أي من التالي الخط العلاجي الأول المطلوب لهذه المريضة,استروجين عن طريق الفم,استروجين وبروجستيرون عن طريق الفم,استروجين مهبلي,استروجين مهبلي وبروجستيرون عن طريق الفم,,,C,C
162,رجل عمره ٢٢ عاما أحضر إلى قسم الطوارئ فاقدا للوعي معدل التنفس ٨/د سرعة النبض ٦٠/د ومنتظمة والحدقة منقبضة إن السبب الأكثر ترجيحا لهذه الحالة هو,تسمم بمركبات الفوسفات العضوية,جرعة سكوبولامين زائدة,جرعة مخدرات زائدة,جرعة بنزوديازبين زائدة,جرعة أسبيرين زائدة,,D,C
163,عامل بناء عمره ٣٦ عاما أحضر إلى قسم الطوارئ كان يعمل تحت أشعة الشمس طوال النهار وعند وصوله كان يعاني من فرط تهوية تعرق غزير درجة حرارة منخفضة وانخفاض ضغط الدم أن التشخيص الأكثر ترجيحا هو,ضربة شمس,انخفاض حرارة,إعياء ناتج عن الحرارة,عاصفة درقية,تسمم بمركبات الفوسفات العضوية,,C,C
164,يمكنك تقديم النصيحة لرجل عمره ٦٠ عاما بتوقيف مثبطات مضخة البروتون من أجل خفض إمكانية تطور,السكتة الدماغية,احتشاء عضلة القلب,التهاب القولون وترقق العظام,التهاب نقي العظام والتهاب الأربطة,الميل للنزيف,,C,C
165,صبي عمره ٧ سنوات يبلل سريره على الأقل ثلاث مرات أسبوعيا تم تشخيصه باضطراب نقص الانتباه وفرط النشاط ADHD ما هو الدواء الذي يعالج كلا الحالتين,بيبروبيون,ديكستروأمفيتامين,كلونيدين,ريسبيريدون,إميبرامين,,C,E
166,رجل عمره ٧٠ عاما يعاني من ارتفاع ضغط الدم سكري وهو مدخن من دون قصور قلب حضر وهو بحالة قصور قلب حاد بانهيار المعاوضة أي من السيناريوهات التالية هو الأكثر ترجيحا,السبب الإقفاري هو الأكثر ترجيحا ويجب استبعاده أولا بإجراء تخطيط للقلب والمؤشرات القلبية,تقييم TSH أولا لاستبعاد فرط نشاط الدرق كسبب لانهيار المعاوضة,المراقبة عبر الهالتر لاستبعاد الرجفان الأذينيالانتيابي كعامل مسبب,إجراء رنين مغناطيسي للقلب لتقييم السبب,,,A,A
167,أسباب البوال هي كل ما يلي ما عدا,الإفراط في تناول السوائل,فرط سكر الدم,مرحلة مبكرة من القصور الكلوي المزمن,أمراض نبيبية خلالية,تدخين كثيف,,B,E
168,قد يكون معدل التنفس السريع في القصور الكلوي الحاد ناتج عن كل ما يلي ما عدا,التحمضن بذاته,فرط تحميل وريدي وذمة رئوية,مرض تنفسي حاد,عدوى تنفسية,فرط بوتاسيوم الدم,,E,E
169,"على الرغم من أن القصور الكلوي المزمن هي عملية غير عكوسة هناك العديد من العوامل ""العكوسة"" التي يمكن أن تسرع حدوث هذا المرض وتشمل كل العوامل التالية ما عدا",أدوية ذات سمية كلوية,تضيق الشريان الكلوي,انخفاض ضغط الدم ناتج عن علاج دوائي,أي عدوى بذاتها,ضغط دم طبيعي,,D,E
170,ينبغي إجراء كل التحريات الجرثومية التالية لكل حالات ذات الرئة المكتسبة الاجتماعية ما عدا,القشع لتلوين غرام و الزرع,القشع للعصيات المقاومة للحمض والزرع,رشافة من السائل الجنبي,التشخيص المصلي للتحري عن المفطورات المتدثرات اللجيونيللا وذات الرئة الفيروسية في حال كانت الإصابة حادة او في طور النقاهة,,,C,C
171,لأسباب التحمضن الاستقلابي ذات الثغرة الشرسبية الطبيعية كل ما يلي صحيح ما عدا,علاج الزرق,بعد عملية استئصال جذري لسرطان المثانة,ابتلاع هيدروكلوريد الأرجينين,تحمض نبيبي كلوي نمط IV,تحمض خلوني سكري,,C,E
172,حول أسباب القلونة التنفسية كل ما يلي صحيح ما عدا,التهوية المساعدة,التسمم بالسليسيلات,فرط التنفس الهستيري,ذات رئة فصي,قيء طويل الأمد,,A,C
173,رجل عمره 65 عاما يعاني من قلة بول ووذمة محيطية على مدى عدة أسابيع أظهر تحليل البول بيلة دموي وبيلة بروتينية؛ كشفت دراسة الرواسب البولية وجود كريات حمراء لم تثبت الدراسات الشعاعية وفوق الصوتية آفة انسدادية أظهرت الخزعة الكلوية العديد من الهلال الكبيبي هذا العرض يقترح إلى أي من الحالات التالية,داء غشاء قاعدي كبيبي مضاد,اعتلال كلوي سكري,اعتلال كلوي رافع للضغط,التهاب كلويي حمامي,مرض ذات تغير طفيف,,A,A
174,اسباب ارتفاع نصف الحجاب الحاجز كل ما يلي صحيح ما عدا,ألم رئوي شديد,خراج تحت الحجاب,احتشاء رئوي,اندحاق حجابي,شلل العصب الوربي,,B,E
175,امرأة عمرها 46 عاما حضرت إلى قسم الطوارئ وهي تشتكي من ألم حاد في الربع السفلي الأيمن كيف يمكن تمييز التهاب الزائدة الدودية من التهاب اللفائفي الحاد,ارتفاع عدد كريات الدم البيضاء,وجود إسهال,حدوث ألم حاد أو تحت حاد في الربع السفلي الأيمن,ظهور عقد لمفاوية مساريقية سميكة في التصوير الشعاعي,خزعة بالتنظير القولوني,,E,D
176,رجل عمره 68 عاما يشكو من ألم في ساقه اليسرى يؤكد الفحص والمعاينة تشخيص أم الدم المإبضية أي من المضاعفات التالية الأكثر شيوعا ينتج عنها ألم في ساق المريض اليسرى,تمزق أم الدم المإبضية,اصطدام العصب بأم الدم المإبضية,انسداد وريدي بسبب أم الدم المإبضية,أحداث انصمامية خثارية,,,C,D
177,أي من الأسباب التالية للقصور الكلوي يمكن أن يترافق مع ضخامة في حجم الكلية,الداء النشواني,التهاب كلوي كبيبي مزمن,تصلب وعائي كلوي,اعتلال كلوي سكري,اعتلال الكلية اليوراتي,,B,A
178,التهاب القولون التقرحي هو مرض جهازي يتضمن العديد من المظاهر خارج الأمعاء هي تشمل كل ما يلي ما عدا,التهاب العنبية,التهاب الأقنية الصفراوية المصلب,اعتلالات مفصلية,تقيح الجلد الغنغريني,حمامة عقدة,,D,A
179,أي من الإشارات أو الأعراض التالية هي تتعارض مع تشخيص التهاب البلعوم الجرثومي,حرارة,اعتلال غدد لمفاوية عنقية,نضح قيحي بلعومي,بحة,ألم حنجرة,,C,D
180,امرأة عمرها 32 عاما حضرت إلى العيادة وهي تشتكي من خفقان عند الفحص تبين أن لديها تقسيم ثابت S2 ونفخة وسط التدفق في الحافة القصية اليسرى العليا أظهر تخطيط القلب انحراف المحور الأيمن ما هو اضطراب القلب الأساسي الأكثر احتمالا,هبوط الصمام التاجي,فقر دم متوسط إلى شديد,عيب الحاجز البطيني,عيب الحاجز الأذيني,تضيق رئوي,,C,D
181,أي من التالي خطأ فيما يتعلق بالبدانة,هي تزيد من خطورة هشاشة العظام,هي تزيد من خطورة داء السكري نمط II,هي تزيد من خطورة سرطان بطانة الرحم,هي تزيد من خطورة الوفيات الإجمالية,هي تترافق عادة مع توقف التنفس أثناء النوم,,A,A
182,أي من التالي صحيح بالنسبة لأداء الرئة الخلالي,فرط ثاني أكسيد الكربون في الدم,نقص تأكسج الدم مستجيب للأوكسجين,نقص تأكسج الدم المحرض بالتمارين,صورة الصدر الشعاعية قد تكون طبيعية,يمكن ظهور تعجر,,D,A
183,تكشف اللطاخة المحيطية عن وجود كريات دم حمراء مجزأة (فصيمات كروية) هذا يشير إلى التشخيصات التالية ما عدا,فرفرية نقص الصفيحات الخثارية,صدمة إنتانية,ورم نقيي متعدد,متلازمة يوريميا انحلالية,صمام قلب بديل,,C,C
184,عيب في المجال البصري الذي ينطوي على فقدان البصر في النصف الوحشي من كلتا العينين هو ناتج عن,آفة تشمل الفص الصدغي,آفة تشمل الفص القفوي,آفة في الفص الجداري,ورم الغدة النخامية,ه التهاب العصب البصري ثنائي الجانب,,E,D
185,أي من التالي مطلوب اجراؤه سنويا لتقييم الوظيفة الكلوية لمريض لا عرضي يعاني من إصابة في النخاع الشوكي ومثانة مختلة التعصيب,معدل التصفية الكلوي في 24 ساعة وفوق صوتية للكلية,تنظير المثانة,مسح طبقي محوري للبطن,كل الأجوبة أعلاه صحيحة,ه كل الأجوبة أعلاه غير صحيحة,,D,A
186,مريض شخص حديثا اصابته بفيروس نقص المناعة المكتسبة وقد تبين لديه ان اختبار السلين ايجابي اي من العبارات التالية صحيحة بالنسبة لهذا المريض,يجب تجنب العلاج الوقائي بالايزونيازيد بسبب تزايد السمية الكبدية,ينبغي البدء بالعلاج بالايزونيازيد والاستمرار لفترة ستة اشهر,ينبغي البدء بالعلاج بالايزونيازيد والاستمرار 12 شهرا على الاقل,ينبغي المعالجة بالريفامبيسين بدلا عن ايزونيازيد لان ايزونيازيد يتداخل مع المعالجة بمضاد الفيروسات الراجعة,لا يشار الى اي معالجة,,C,C
187,مريض عمره ٣٧ عاما يعاني من أعراض ربو مستمرة ونشاط فيزيائي محدود يجب أن تتألف المعالجة الدوائية طويلة الأمد عنده من,جرعة منخفضة من كورتيكوستيروئيد استنشاقي أو معدل ليكوتريين,كورتيكوستيروئيد فموي فقط,كرومولين الصوديوم استنشاقي أو نيدوكروميل الصوديوم,جرعة متوسطة من كورتيكوستيروئيد استنشاقي مع موسع قصبات طويل الأمد إذا لزم الأمر,جرعة عالية من كورتيكوستيروئيد استنشاقي مع موسع قصبات طويل الأمد وكورتيكوستيروئيد جهازي إذا لزم الأمر,,D,E
188,مريض يعاني من داء سكري ويشكو من نخز خدر و ألم ليلي في الأطراف السفلية وقد تأكد الاعتلال العصبي المحيطي عند الفحص السريري كل ما يلي قد ينصح بوصفه لعلاج الألم المذل المرتبط بهذه الحالة ما عدا,أميتريبتيلين,كابسائيسين كريم,هيدلروكلوروتيازيد,كاربامازابين,ه غابابنتين,,C,C
189,رجل عمره ٤١ عاما تم تشخيص له مؤخرا اصابته بداء السكري نمط ٢ هذا المريض يدخن علبتي سجائر يوميا لمدة ٢٢ يوما و هو لا ينوي حاليا وقف تعاطي التدخين أي من التالي يمثل النهج الأولي الموصى به للإقلاع عن التدخين عند هذا المريض,ينبغي أن يحال إلى برنامج للإقلاع عن التدخين,ينبغي إعطائه وصفة بيبروبيون,ينبغي أن يذكر المريض بأن الإقلاع عن التدخين مفيد لتجنب النوبات القلبية والسرطان وإطالة العمر,ينبغي على الطبيب الشروع في مناقشة حول استخدام بدائل النيكوتين كجزء من الإقلاع عن التدخين,,,A,C
190,كل ما يلي هي إشارات وأعراض تترافق مع متلازمة سيروتنين ما عدا,رمع عضلي,انخفاض درجة حرارة الجسم,توسع الحدقة,رتة,رعاش زفن شقي,,B,B
191,أفضل معالجة للاستغلاق,توسيع بالبالون,حقن الذيفان الوثائقي كل 6 ساعات,حاصرات السلسلة الكلسيومية,تنظير البطن وبضع عضلة هلير,,,D,D
192,امرأة عمرها 59 عاما تعاني من ارتفاع ضغط الدم عند المعاينة في العيادة هي توافق على رصد ضغطها اسعافيا خلال النهار كانت المقاييس طبيعية أي من العبارات التالية صحيحة,ينبغي البدء بالتدبير الخافض للضغط على قاعدة المقاييس التي أخذت في العيادة,المريضة بحالة تزايد في خطر حدوث إصابة قلبية وعائية,المريضة في حالة تزايد في خطر حدوث تضخم في البطين الأيسر,المريضة لديها نفس المخاطر من أمراض قلبية وعائية كالأفراد الذين يعانون من ارتفاع ضغط الدم,كل الأجوبة أعلاه غير صحيحة,,B,D
193,امرأة عمرها ٤٧ عاما تعاني من ارتفاع ضغط الدم وتتطلب علاج بمضاد التهاب غير ستيروئيدي للسيطرة على التهاب المفاصل أي من العوامل التالية هو الأقل ترجيحا أن يرفع ضغطها الدموي ويسبب إصابة كلوية,ايبوبروفين,اندوميتاسين,سولينداك,نابروكسين,,,D,C
194,أي من العبارات التالية غير صحيحة بالنسبة للأدوية الخافضة لضغط الدم,يجب عدم استعمال حاجبات بيتا مع ديلتيازيم أو فيراباميل,حاجبات بيتا هي الأكثر ترجيحا أن تسبب خلل في الانتصاب من غيرها من خافضات الضغط,الجرعات المنخفضة مثل ٦٥ ملغ/يوم قد تكون فعالة بالشراكة مع أدوية أخرى,حاجبات قنوات الكالسيوم قصيرة المدى لعلاج مرضى يعانون من ارتفاع ضغط مزمن,تبطئ مدرات التيازيد من تطور ترقق العظام وتحمي من الكسور المتعلقة بترقق العظام,,E,B
195,لقد تم تشخيص امرأة بسرطان الثدي أي من التالي هو التوقع الأقوى للتكرار الموضعي لورمها,العمر في وقت التشخيص,عدد العقد اللمفاوية الإبطية التي يشملها السرطان,حجم الآفة,حالة مستقبلات الاستروجين للورم,حالة مستقبلات البروجسترون للورم,,B,B
196,يتعلق خطر تطور تكرار سرطان البروستات عند المريض ب,حرز غليسون والعمر,حجم الورم والعمر,العرق والعمر,عدد الأعراض والتاريخ العائلي,حرز غليسون والعرق,,A,A
197,إن خطر الإصابة بنقص نشاط الدرق المزمن هو أكبر عند مريض يعاني من أي من الحالات التالية,التهاب الدرقية الحبيبي تحت حاد,التهاب الدرقية اللمفاوي تحت حاد,التهاب الدرقية اللمفاوي المزمن,التهاب الدرقية الليفي الغازي,التهاب الدرقية القيحي,,C,C
198,أي من التالي هو الأقل فائدة عند مريض يعاني من التهاب الدرقية الحبيبي تحت الحاد,بريدنيزون,بروبرانولول,ايبوبروفين,متيمازول,اسبيرين,,E,D
199,يلاحظ الساد عند الرضع الذين يعانون من,الداء البطني,وجود غالاكتوز في الدم,نقص نشاط الدرق,فرط الأكسجة,كل الأجوبة أعلاه صحيحة,,E,B
200,مضاعفات الجهاز العصبي المركزي التي قد تسبق أو تلي الحماق تتضمن,ترنح دماغي عابر,التهاب الدماغ,التهاب سحايا عقيم,كل الأجوبة أعلاه صحيحة,,,D,D
201,ينبغي إجراء فحوصات في حال الإغماء عند الأطفال العاديين إذا كان السبب,إغماء أثناء أو مباشرة بعد الجهد,الإغماء الذي يسبقه خفقان,سيرة عائلية من اعتلال عضلة قلبية لا نظمية قلبية بدئية,كل الأجوبة أعلاه صحيحة,,,D,D
202,العقبول الأكثر شيوعا المترافقة مع التهاب السحايا الجرثومي هي,تخلف عقلي,اضطراب صرعي مزمن,ضعف بصر,ضعف سمع,اضطراب سلوكي,,D,D
203,فتاة عمرها 10 سنوات يجري تقييمها لبداية جديدة في المشاكل المدرسية سلوك وسواسي قهري وحركات في اليدين غير منضبطة أحيانا لقد كانت تتمتع بصحة جيدة ولم تكن تتناول أي أدوية المزيد من التقييم يمكن أن يرجح,ورم دماغي في الحفرة الخلفية,صرع جزئي مركب,إصابة بالمكورات العقدية,موه الرأس,كل الأجوبة أعلاه غير صحيحة,,B,C
204,أي من العبارات التالية صحيحة بالنسبة لليدوكائين/بريلوكائين ذات التطبيق الموضعي (إملا),هو أكثر فعالية عند الأطفال التي تقل أعمارهم عن 6 سنوات,ينبغي أن يطبق قبل ساعة إلى ساعتين من بدء العملية,لا يحتاج المرضى إلى مراقبة لعدم وجود آثار جانبية له,غالبا ما تحتاج الأطفال إلى جرعات أكبر من الجرعة الموصى بها عند الشركة المصنعة,,,B,B
205,كل ما يلي هي أدوية تحرض الخمائر الصغائرية الكبدية ما عدا,التعاطي المزمن للإيتانول,غلوكوكورتيكوئيد,غريزوفولفين,كاربامازيبين,سيميتيدين,,E,E
206,بالنسبة لخزعة الكبدية كل ما يلي صحيح ما عدا,يجب على المريض أن يكون متعاونا,إن إطالة زمن البروترومبين يجب أن يكون أقل بأربع ثوان من أعلى قيمة تحكم طبيعية,الانسداد الرئوي المزمن الشديد هو مضاد استطباب,الاستسقاء الملحوظ سوف يجعل العملية أسهل,ينبغي أن لا يوجد إصابة جلدية موضعية,,D,D
207,التحويلة البابية الجهازية داخل الكبد عبر الوداج كل ما يلي صحيح ما عدا,تم ذلك بوضع دعامة بين الوريد الكبدي والوريد البابي في الكبد تحت المراقبة الشعاعية,الهدف هو إنتاج دعامة بابية جهازية لتقليل الضغط البابي ومن ثم نزيف منشأه الدوالي,يجب التحقق من الوضوح المسبق للوريد البابي قبل التصوير الوعائي,قد يؤدي إلى تفاقم الاعتلال الدماغي الكبدي,يجب إزالة الدعامة عندما يحدث عودة للنزف,,D,E
208,التهاب الصفاق الجرثومي التلقائي في سياق تشمع الكبد كل ما يلي صحيح ما عدا,لسوء الحظ لغاية ثلث الحالات الإشارات البطنية خفيفة أو غائبة,دائما في أغلب الأحيان تكون الحالة عبارة عن عدوى أحادية الجرثوم,التكرار شائع ولكن لسوء الحظ لا يوجد طريقة لمنع ذلك,العضويات الشائعة هي سلبية الغرام المعوي ولكن لا يوجد عادة مصدر للعدوى,سائل استسقائي عكر مع أكثر من 250 عدلات/مم3,,B,C
209,أسباب التنكس الدهني الحويصلي الصغير كل ما يلي ما عدا,الكبد الدهني من الحمل,متلازمة راي,المعالجة بديدانوزين,داء ولمان ومتلازمة البرز,المعالجة بأميودارون,,C,E
210,اسباب التهاب الكبد الحاد كل ما يلي ما عدا,هالوتان,داء ويلسون,التهاب كبد مناعي ذاتي,فيروس الخلايا العرطل,داء ترسب الاصبغة الدموية,,E,E
211,العوامل المهددة للحصيات الصفراوية الصباغية كل ما يلي صحيح ما عدا,تشمع كبدي,طفيليات صفراوية,انحلال دموي مزمن طويل الامد,بتر/ مرض لفائفي,الحمل,,A,E
212,ان آلية التأثر الاكثر شيوعا التي تسبب تسارع قلب مرضي عند الاشخاص ذات بنية قلب سليمة هي,تلقائية,الاثارة المبكرة بعد نزع الاستقطاب,الاثارة المتأخرة بعد نزع الاستقطاب,العودة,,,B,D
213,يشاهد الخلل الوظيفي الانبساطي المعزول في,تضيق ثلاثي الشرف,تضيق تاجي,تضيق رئوي,اعتلال عضلة قلب ارتشاحي,,,C,D
214,كيف يمكنك معرفة متى تبدأ بدورات الضغط على الصدر مع الأنفاس لكبار,الضحية لديه نبض ولكن يعاني من اضطراب في التنفس,الضحية يستجيب ولكن يشكو من ألم صدري و عسر هضم,الضحية لا يستجيب لا يتنفس وليس لديه نبض,الضحية لا يستجيب ولكن يتنفس على نحو كاف,,,A,C
215,أي من العبارات التالية تصف بشكل صحيح كيفية التهوية للمريض في حالة توقف قلب بوجود مجرى هوائي,توفير التهوية لأكثر من ثانية بمعدل ٣٠ إلى ٣٥ في الدقيقة المراقبة عن كثب لرؤية ارتفاع الصدر,توفير التهوية لأكثر من ثانية كل ٦ إلى ٨ ثواني,توفير التهوية كل ١٠ إلى ١٥ ثانية وزيادتها حسب الحاجة لحين رؤية ارتفاع الصدر,توفير تهوية واحدة بعد كل ٣٠ ضغطة المراقبة عن كثب لرؤية ارتفاع الصدر,,,D,B
216,لأي من الحالات التالية يجب أخذ الأتروبين بعين الإعتبار أثناء انتظار الناظمة القلبية,مريض ذات ضغط دم طبيعي وسرعة قلب ٥٢,مريض يشكي من نقص تروية وتغير الحالة النفسية وسرعة قلب ٨٨,مريض بحالة رجفان بطيني وفشل في الاستجابة لجرعة بدئية من الإبينفرين,مريض بحالة نقص تروية وسرعة قلب ٤٠,,,C,D
217,رجل مريض عمره ٦٢ عاما يعاني من اعتلال عضلة قلبية اقفاري حضر إلى قسم الطوارئ وهو يشكو من ضيق نفس تدريجي عند الجهد وعلى مدى اليومين الماضيين وبدأ يتطور إلى ضيق نفس اضطجاعي وضيق نفس ليلي انتيابي لقد نفى الألم في الصدر حرارة وعدم المطاوعة للأدوية أظهر الفحص السريري ضغط الدم ٩٠/١٤٥مم زنبق سرعة القلب  ضربة/د طبيعي سرعة التنفس  نفس/د بدون حرارة إشباع الأوكسجين ٨٤% هو في حالة شدة معتدلة وخرخرة ثنائية الجانب تصل إلى منتصف الرئة مع S3 غالوب مسموع و ٦/٢SEM فوق منطقة التاجي أوردة الرقبة متمددة ووذمة أطراف سفلية خفيفة يتضمن العلاج الأولي أي مما يلي ما عدا,دوبوتامين وريدي بمعدل 5 مكغ/كغ/د إلى زيادة,ضغط تهوية إيجابي,مدرات وريدية,نترات وريدية,,,C,A
218,أي من الآفات التالية يمكن أن تؤدي لتوسع بطيني أيمن,عيب في الحاجز الأذيني,عيب في الحاجز البطيني,القناة الشريانية السالكة,قلس الأبهر,,,B,A
219,كل ما يلي يعتبر جزء من معالجة الكسر المفتوح ما عدا,التروية الشاملة,الوقاية من الكزاز,تغطية بالمضادات الحيوية,إغلاق الجرح,,,A,D
220,يوصى بإجراء تخطيط صدى قلب إجهادي في كل ما يلي ما عدا,تضخم البطين الأيسر,أم الدم الأبهرية البطنية,الشاب الذي يكون قادرا على ممارسة الرياضة,الفتاة القادرة على ممارسة الرياضة,,,C,B
221,كل العبارات التالية عن متلازمة انحلال الدم اليوريمياالإنحلالية (HUS) صحيحة ما عدا,هي السبب الأقل شيوعا للقصور الكلوي الحاد عند الأطفال الصغار,الذيفان الذي ينتج عن الإشريشية القولونية O157H7 يهيئ الخلية البطانية للإصابة بHUS,إن تشخيص HUS يتطلب فقر دم انحلالي باعتلال الأوعية الدقيقة نقص الصفيحات وقصور كلوي حاد,نسبة الوفيات من HUS هي أقل من 10%,,,D,A
222,امرأة عمرها 35 عاما تشتكي من ألم في الربع العلوي الأيمن للبطن بعد تناول الوجبات مع غثيان وقيء أظهر فوق الصوت حصيات صفراوية وكتلة عديمة الصوت 3 سم على السطح الأمامي من الفص الأمامي للكبد اختر التشخيص الأكثر ترجيحا,كيسة غير طفيلية,كيسة عدارية,ورم عابي,ورم غدي,فرط تنسج عقدي بؤري,,C,A
223,ما هو صحيح بالنسبة لفتق شبيغيلي,يحدث في الذكور حصرا,ينطوي على جزء من محيط جدار الأمعاء,يتم إصلاحه بشكل أفضل بتقنية باسيني الكلاسيكية لإصلاح الرباط الإربي,يحدث عند الحافة الجانبية للخط الهلالي,يتضمن دائما الزائدة الدودية,,B,D
224,كل العبارات التالية صحيحة عن التدبير المبكر لمصاب وقع من مكان مرتفع ما عدا,يجب أن يؤجل وضع طوق الرقبة لحين التأكد من كسر بفقرات الرقبة,وقف النزيف الخارجي بالضغط له الأولوية على تجبير الكسور,الصورة الشعاعية لفقرات للرقبة هي جزء من التدبير المبكر,الصورة الشعاعية للحوض هي جزء روتيني من التدبير المبكر,,,D,A
225,كل العبارات التالية بالنسبة لثدي كيسي ليفي صحيحة ما عدا,قد تكون لا عرضية,يمكن أن تسبب انكماش الحلمة,هو سبب في ألم الثدي,يسبب عقيدية ثديية,,,D,B
226,المضاعفات المحتملة لدراق عديدة العقيدات بسيطة تتضمن كل ما يلي ما عدا,انضغاط رغامى,امتداد خلف القص,نزف في العقيدة,تطور في التسمم الدرقي,بحة في الصوت,,E,E
227,كل ما يلي يعتبر عوامل مهددة لسرطان الحنجرة ما عدا,الجنس,التدخين,الكحول,الوراثة,سوء استعمال الصوت,,A,E
228,مريضة عمرها 75 عاما خضعت لجراحة بطن رئيسية استعمل الأنبوب الهضمي لتصريف الإفرازات الهضمية بعد 48 ساعة من الجراحة اشتكت من تورم في الجانب الأيمن من الخد مساحة نكفية مؤلمة وملتهبة اختر التشخيص الأكثر احتمالا,التهاب نكفي الحاد بعد الجراحة,تحصي النكف,متلازمة تشوجرن,نكاف,,,A,A
229,أي من الحالات التالية تسبب ارتفاع الغلوبولين الرابط للثيروكسن,الحمل واستخدام الاستروجين,العدوى,متلازمة نفرونية,استخدام ستيروئيد بناء,كل ما سبق,,E,E
230,مسببات داء الانسداد الرئوي تتضمن كل ما يلي ما عدا,الربو,مرض رئوي خلالي,تليف كيسي,توسع القصبات,,,A,B
231,اختر الاجابة الخطأ بالنسبة للتليف الكيسي,وراثة صبغية جسدية متنحية,فحص العرق الكلوريدي للتشخيص,وراثة صبغية جسدية سائدة,يترافق مع قصور بنكرياسي,,,C,C
232,التلوث بالجمرة الخبيثة ينتج عن كل ما يلي ما عدا,أكل لحم الملوث,التماس المباشر مع البذور الجرثومية,استنشاق البذور الجرثومية,انتشار من شخص لآخر,,,B,D
233,كل الأمراض التالية تترافق مع تضخم طحال هائل ما عدا,فقر دم انحلالي مناعي ذاتي,ابيضاض جدم لمفاوي مزمن,تشمع كبدي مع ارتفاع ضغط بوابي,تليف النقي مع حؤول نخاعي,كل الأجوبة أعلاه غير صحيحة,,E,C
234,أي من التالي هو التأثير الأكثر شيوعا للحمل على مريضة ربو,تحسن في الوظيفة التنفسية,تفاقم أعراض الربو,تناقص في أعراض الربو,تدهور في عموم الوظيفة التنفسية,تزايد في مضاعفات الحمل والوفيات المحيطة بالولادة,,B,E
235,امرأة عمرها ٣٠ عاما بتاريخ من متلازمة أطالة QT تشكو من التهاب جيوب أنفية جرثومي حاد أي من المضادات التالية ينبغي تجنبه,أموكسيسيلين,كلاريترومايسين,أموكسيسيلين/كلفولينات,موكسيفلوكساسين,سيفوروكسيم,,B,B
236,أي من الحالات التالية هي السبب الذي يؤدي إلى الوفاة عند مرضى مصابين بالتهاب مفاصل رثيوي,انتانات,مرض شرياني تاجي,مرض انصمامي خثاري,ليمفوما,سرطان رئة,,B,B
237,رجل عمره 77 عاما يعاني من ألم عصبي تالي للحماق النطاقي متوزع على جدار الصدر أي من التالي هو الأكثر ترجيحا أن يكون فعالا في التقليل من قلة راحته,فالاسيكلوفير فموي (فالتريكس),لصاقات ليدوكائين موضعي (كزيلوكائين),حقن كورتيكوستيروئيد فوق الجافية,لقاح الحماق النطاقي,الوخز بالإبر,,B,B
238,أي من العبارات التالية فيما يتعلق بالتهاب الزائدة الدودية أثناء الحمل صحيحة,التشخيص مماثل لذلك عند المريضة غير الحامل,معدل وفيات الأمهات هو الأعلى في الفصل الأول من الحمل,يجب تأخير المعالجة الجراحية لحين التثبت النهائي من التشخيص,لا يتغير معدل الإصابة بحدوث الحمل,معدل فقدان الجنين هو حوالي 50% تقريبا,,A,D
239,امرأة عمرها ٥٠ عاما تم تشخيصها بسرطان عنق الرحم أي مجموعة من العقد الليمفاوية سيشملها أولا الانتشار النقيلي لهذا المرض الى ما بعد عنق الرحم والرحم,عقد حرقفية مشتركة,عقد مجاورة للرحم,عقد حرقفية خارجية,عقد مجاورة لعنق الرحم أول الحالب,عقد مجاورة للأبهر,,D,D
240,دوالي الحبل المنوي على ما يبدو تسبب العقم عند الذكور ب,التدخل مع إنتاج الحيوانات المنوية,حجب نشاط حركة الحيوانات المنوية في البربخ,زيادة احتمال تشكل أضداد للحيوانات المنوية,التدخل في حركة الحيوانات المنوية داخل مخاطية عنق الرحم,كل الأجوبة أعلاه غير صحيحة,,B,C
241,أي من النتائج التالية تصف عينة سائل منوي طبيعي,تراص,تركيز منوي ٣٥ مليون/مل,٥٠٪ منويات ذات شكل طبيعي,١٠٪ منويات ذات حركية متطورة,حجم ١ مل,,B,B
242,أي من التالي هي الطريقة الأفضل في تشخيص الوهن العضلي الوخيم,تحليل للأضداد المضادة للأستيل كولين,دراسة سرعة التوصيل العصبي,تخطيط العضلات الكهربائي,خزعة من العصب,خزعة من العضلات,,E,C
243,طفل عمره ٣ سنوات حضر إلى الطوارئ وهو يعاني منذ ٣ أيام من ألم بطني وصعوبة في المشي تتضمن النتائج غير الطبيعية ضغط دم ١٢٠/٨٠ ملم زئبقي إيلام بطني منتشر طفح فرفري في الكاحلين وإيلام منتشر حول المفصل وتورم في الكاحلين التشخيص الأكثر ترجيحا هو,ذئبة حمامية جهازية,داء كاواساكي,التهاب مفاصل رثيوي شبابي,فرفرية هنوخ-شونلئين,,,D,D
244,إن الصمام الأكثر شيوعا الذي يصاب بحمى الروماتزم هو,ثلاثي الشرف,التاجي,الرئوي,الأبهر,,,A,B
245,سبب متلازمة راي هو,قصور كبدي,خراج دماغي,بعد الإصابة الفيروسية,كثرة الشحوم في الغذاء,غير معروف,,E,E
246,إن أفضل تدبير عند فتاة عمرها ١٠ سنوات تعاني من عيب حاجز أذيني ذات فوهة ثانوية مع تحويلة هامة من الأيسر إلى الأيمن (من الأذين الأيسر إلى الأذين الأيمن) هو,المراقبة لحين حدوث قصور قلب,الوقاية من التهاب شغاف القلب الجرثومي,إغلاق الجهاز عبر الوريد (قسطرة قلبية),المراقبة لحين تطور ارتفاع الضغط الشرياني,الفصد بسبب كثرة الكريات الحمراء المتكرر,,C,C
247,امرأة عمرها 65 عاما تشتكي من تسرب البول إن السبب الأكثر شيوعا لهذه الحالة هو,سلس بول إجهادي تشريحي,رتوج الإحليل,سلس بول تجاوزي,مثانة غير مستقرة,ناسور,,D,D
248,امرأة عمرها 62 عاما بدأت مؤخرا علاجا دوائيا لترقق العظام وهي الآن تشكو من حرقة شرسوفية وعسر بلع من المشاهدة السريرية لقد بدأ واضحا عدم اتباعها لتعاليم الجرعة هي غير حرورية ونتائج الفحص البطني سليمة أي فئة الدواء التي على الأرجح قد تسببت في هذه الأعراض,بيزوفوسفونات,كالسيتونين,كالسيوم فموي,هرمون جارات الدرق مؤشب,معدل انتقائي لمستقبل الإستروجين,,E,A
249,رجل عمره ٨٠ عاما بتاريخ من اعتلال عضلة قلب إقفاري يعاني من انخفاض ضغط وقلة بول بعد عمل جراحي كبير في البطن أنتج تعويض السوائل الأولي تحسن عابر فقط لقد تم نقله إلى وحدة العناية المشددة للمزيد من الإجراءات يمكن استخدام قسطرة في الشريان الرئوي لقياس كل ما يلي ما عدا,ضغط تعبئة الأذين الأيسر,نتاج القلب,الجزء القذفي,مزج إشباع الأوكسجين الوريدي,المقاومة الوعائية الجهازية,,C,C
250,رجل عمره ٢٥ عاما أصيب بجرح في ذراعه بواسطة سكين ما هي الآلية الأولى المسؤولة عن الإرقاء,جهاز التخثر الخارجي,التقبض الوعائي,جهاز التخثر الداخلي,نشاط الصفيحات,الجهاز الحال للفبرين,,C,B
251,من أجل أخذ الإجراءات اللازمة ينبغي إعطاء المضاد الحيوي الوقائي لالتهاب شغاف القلب الجرثومي عند المرضى الذين يعانون من أي من التالي,انسدال الصمام التاجي دون قلس,غرس نازع الرجفان القلبي التلقائي,استبدال الصمام الأبهري,إجراء تحويلة للشريان التاجي,إصلاح عيب الحاجز البطيني جراحيا,,B,C
252,أي من التالي هو معيار للغسيل الكلوي الطارئ قبل العمل الجراحي,بوتاسيوم 5 دون اضطراب نظم القلب,درجة الحموضة الشريانية 730 الفجوة الشرسبية 8,فرك احتكاك التامور,بولة نيتروجين الدم 105,كرياتنين 55,,C,C
253,امرأة عمرها ٥٢ عاما خضعت لاستئصال قولون جزئي هادئ لسليلة كبيرة من القولون السيني خلال العملية وضعت قسطرة فولي مما أدى لتحسن في نتاج البول بعد أربعة أيام حدث لها ارتفاع في الحرارة أي من التالي هو السبب الأقل ترجيحا للحرارة,ذات رئة,انتان في الجرح,انتان مسالك بولية,خراج محيط بالمستقيم,خثار وريدي عميق,,A,D
254,رجل عمره ٥٠ عاما ادخل إلى المستشفى بسبب نزيف من المستقيم لونه زهري لامع لقد تلقى مؤخرا حقنة باريوم التي أظهرت عدم وجود رتوج أو أفة تحتل مكانا أظهر الشفط الهضمي الأنفي عدم وجود دم ولكن إنتاج صفراوي أصفر استمر المريض بالنزيف ماهي الخطوة التالية التشخيصية,إعادة لحقنة الباريوم,تنظير القولون,سلسلة فحوص هضمية علوية,تخطيط أوعية مساريقية,متابعة للأمعاء الدقيقة من خلال الباريوم,,B,D
255,الصورة الشعاعية للصدر لرجل عمره ٥٥ عاما تعرض لحادث سيارة عالية السرعة أظهرت توسع المنصف و منصف رئوي تخطيط القلب الكهربائي أظهر تسارع قلب جيبي مع تقلصات بطينية كثيرة سابقة لأوانها كل المناورات التالية مناسبة في هذا الوقت ما عدا,صورة الأبهر,تنظير القصبات,مراقبة قلبية مستمرة,وضع الصدر الأيسر,تنبيب داخل الرغامي,,B,D
256,أظهرت الأشعة السينية لرجل عمره 55 عاما والذي يدخن 50 علبة سنويا آفة محيطية غير متكلسة بحجم 15 سم في الفص العلوي للرئة اليسرى لم توجد أدلة لظهور هذه الآفة في الأشعة السينية للصدر قبل 5 سنوات ماذا ينبغي أن تكون الخطوة التالية في إدارة هذا المريض,المراقبة وإجراء سلسلة من الصور الشعاعية للصدر,بضع الصدر,تنظير القصبات,خزعة,سيتولوجيا القشع,,C,D
257,رجل مريض عمره 57 عاما يدخن 60 علبة سنويا أدخل إلى المستشفى بسبب كتلة وحيدة في الفص العلوي الأيمن بحجم 15 سم تبين من المسح الطبقي المحوري أنه لا دليل على تورط العقد اللمفاوية ماذا يجب أن يتضمن الإجراء التشخيصي أو العلاجي للمريض,علاج بالأشعة,خزعة رئة مفتوحة,علاج كيميائي,استئصال الفص العلوي الأيمن,إعادة الأشعة السينية للصدر في غضون 6 أشهر,,D,D
258,موظف بريد عمره ٤٦ عاما يشتكي من خدر وألم حالي في الذراع الأيسر أظهر الفحص نبض طبيعي وعدم وجود وذمة في الذراع الأيمن ولكن تبدو أن الأعراض تزداد سوءا عندما يمد ذراعه فوق رأسه الفحص البدئي الأفضل هو,أشعة سينية للصدر,بوتاسيوم المصل,تخطيط أوعية,مسح طبقي محوري للكتف الأيسر,ه- فحوص للوظيفة الرئوية,,D,A
259,امرأة عمرها ٦٧ عاما لاحظت ورم في القدم اليمنى بعد رحلة طيران دامت قرابة ٦ ساعات أي من التالي يمكن أن يكون الخطوة التالية المناسبة للعلاج,وصف جوارب ضاغطة ورفع القدم,البدء بمضاد تخثر وارفارين لمدة ٦ أشهر,وصف حبة أسبرين أطفال مرة واحدة يوميا,طلب تقييم مزدوج وريدي,ه- طلب مسح طبقي محوري للحوض للبحث عن اعتلال غدد لمفاوية,,A,D
260,امرأة عمرها 28 عاما خضعت لاستئصال الثدي الأيسر الجذري المعدل بسبب سرطان الثدي متقدم موضعي بعد أسبوعين تطور الألم والتورم في ذراعها الأيسر عند الفحص كان الانتفاخ في ذراعها منتشرا لون الجلد وردي والنبضات المحورية قوية ومتساوية بالجانبين أفضل فحص مبدئي هو,موجات فوق الصوت,تصوير ومضاني لمفاوي,تخطيط للأوعية بالرنين المغناطيسي,تصوير وعائي ظليلي,مسح طبقي محوري للصدر,,B,B
261,رجل عمره 80 عاما أدخل إلى المستشفى بسبب عسر بلع وارتجاع لطعام غير مهضوم أحيانا يلاحظ المريض انتفاخ في رقبته اليسرى أي من التالي هو العلاج النهائي الأنسب,بلعة باريوم,تنظير داخلي علوي,بضع العضل الحلقي البلعومي,مسح طبقي محوري للصدر,نظام غذائي معتمد على السوائل,,C,C
262,امرأة عمرها ٤٥ عاما تعاني من مرض السكري حضرت وهي تشتكي من ألم حاد في محيط المستقيم منذ يومين عند الفحص تبين وجود كتلة متموجة مؤلمة في يسار فتحة الشرج ما هو العلاج الذي يجب وصفه في هذا الوقت,مضاد حيوي واسع الطيف,استئصال المجرى الناسوري,شق وتصريف الخراج,المراقبة المستمرة,معالجة داء كروهن,,C,C
263,رجل عمره ٢٠ عاما يعاني من ألم بطني علوي المعدة غير ملحوظة في فحص المنظار في نطاق الإنعاش مؤشراته الحيوية و مستويات إشباع الأوكسجين طبيعية ولكنه يشكو من ألم صدري شديد وهناك صوت طحن في تسمع القلب السبب الأكثر احتمالا لألم المريض هو,انثقاب المريء,احتشاء عضلة قلبية حاد,انصمام رئوي,قرحة هضمية فائتة,ذات رئة,,B,A
264,رجل عمره ٤٥ عاما يتحسس على البنسلين خضع لإصلاح فتق بطني اختياري مع شبكة وتلقى كلينداميسين بعد ذلك بيومين تطور تردد براز شديد مع ألم بطني بالجانب الأيمن دون حرارة أو تسارع قلب العلاج البدئي الأفضل هو,لوبيراميد,فانكومايسن وريدي,مترونيدازول فموي,ريفامبين فموي,استئصال القولون,,A,C
265,امرأة عمرها 55 عاما تعاني من نوب ضعف عضلي تدريجي وقد تم تشخيصها بوهن عضلي وخيم الصورة الشعاعية للصدر هي طبيعية و تبين عدم وجود كتلة أو ورم منصفي ما هو أفضل علاج نهائي الذي يمكن تقديمه للمريضة,بردنيزون,نيوستيغمين,استئصال التوتة,فصادة البلازما,أتروبين,,C,C
266,قريب لمريض من الدرجة الأولى تبين أنه لديه MTC متقدم وقد أحيل إلى مزيد من التقييم ما هو الفحص المختار للكشف عن أمراض نخاع الغدة الدرقية,فحص بدني دقيق,مستوى كالسيتونين المصل,مستوى كالسيتونين المصل المحرض (كالسيوم و بنتاغاسترين),مستوى غاسترين,مستوى مولد ضد سرطان مضغي,,C,B
267,مريضة لديها 60 عاما لديها اجراءت تشخيصية لأعراض نوبية من خفقان القلب عصبية وسلوك غريب كل ذلك يحدث خلال حالات الصيام كيميائيا قد تم تشخيصها بورم جزيري ما هو الخيار الأفضل لتحديد هذا الورم,مسح طبقي محوري,تصوير بالرنين المغناطيسي,تصوير شرياني انتقائي,قسطرة تحت الجلد بالوريد البابي مع أخذ عينات وريدية انتقائية,الاستكشاف الجراحي وفوق الصوت خلال العملية,,B,E
268,رجل عمره 35 عاما يعاني من التهاب أذن مصلي بالجانب الأيمن وكتلة في أعلى الرقبة اليمنى من الضروري تقييم هذا المريض لأي من التالي,سرطان في الأذن اليمنى,سرطان في اللوزة اليمنى,سرطان في الجيب الأنفي العلوي الأيمن,سرطان في البلعوم الأنفي,هودجكينليمفوما,,E,D
269,أي من التالي هي عقابيل محتملة لتضخم بروستات حميد,تشكيل حصى في المثانة,انتان مسالك بولية راجع تالي لالتهاب البروستات,سرطان البروستات,سرطان المثانة,ضعف عضوي,,B,A
270,لقد أحضر رجل عمره 27 عاما إلى قسم الطوارئ للتقييم بعد حادث سيارة كجزء من هذه الدراسة الثانوية تبين وجود دم في صماغ الإحليل ما هي المناورة التالية,إدخال قسطرة فولي متبوعة بصورة المثانة,تصوير الإحليل,IVP,تصوير طبقي محوري,غسيل صفاقي تشخيصي,,A,B
271,رجل عمره 24 عاما تعرض لضربة على جانب الرأس أثناء مشاركته في مباراة كرة لينة يشتكي المريض من صداع وقد تعرض لنوبتين من التقيؤ وهو إلى حد ما في حالة نوام إن المصدر الأكثر احتمالا لمشكلته هو,ارتفاع الضغط داخل القحف,إصابة رجع الضربة,إصابة العصب الخامس القحفي,إصابة العصب السابع القحفي,كسر الجمجمة القاعدي,,A,A
272,اي من خلع المفصل الرئيسي يستدعي العمل الجراحي المباشر,خلع الورك,خلع الركبة,خلع الكتف,خلع المرفق,خلع تحت الكاحل,,C,B
273,خلال زيارة إشراف صحي أفاد صبي عمره ١٣ عاما أنه على مدى سنتين حدثت له ثلاث نوبات ألم صفني احادي الجانب شديد والذي كان ينحل خلال بضع دقائق أظهرت الفحوص أعضاء تناسلية طبيعية لم يتم تحديد أي تشوهات واضحة عند الجس يجب أن يتركز القلق الكبير على احتمال حدوث,التواء خصية متقطع,تخثر متكرر لدوالى الخصية,التهاب بربخ متكرر,التهاب خصية متكرر,,,A,A
274,طفل عمره ٣ أشهر يعاني من ضعف في النمو ونقص وزن لا يوجد أي تاريخ من القيء أو الإسهال باستثناء المظهر من سوء التغذية ونقص الدهون تحت الجلد الفحص السريري طبيعي ما هو السبب الأكثر رجحانا لتأخر نمو هذا الطفل,داء كلوي,اضطراب استقلابي,داء السل,اضطراب الغدد الصماء,سبب غير عضوي,,D,E
275,عند تقييم طفل لديه قصر قامة ان المعلومة التشخيصية الأكثر أهمية يتم تحديدها من,عمر العظم,تاريخ نمو عائلي موسع,منحنى النمو,مستويات هرمون النمو,T4 المصل والهرمون المنشط للدرق,,C,C
276,أي من التالي هو عرض نادر لالتهاب الزائدة الدودية الحاد,ألم شرسوفي يلتف نحو الربع السفلي الأيمن,غثيان قيء وحرارة متوسطة,إسهال,كثرة الكريات البيضاء,,,C,C
277,أدوية الخط الأول للحالة الصرعية يتضمن كل ما يلي ما عدا,حمض فالبرويك وريدي,لورازبام وريدي,فينوباربيتال وريدي,ديازبام شرجي,,,D,A
278,بالنسبة للصداع عند الأطفال أي من التالي لا يستدعي تصوير عصبي,صداع مع رسوب في المدرسة مؤخرا وتغييرات سلوكية,صداع يوقظ الطفل أثناء نومه,أعراض عصبية بؤرية أثناء الصداع,صداع معزول أحادي الجانب يستمر من 2 إلى 12 ساعة,,,D,D
279,طفلة عمرها 5 سنوات شخصت بالتهاب مفاصل مجهول السبب قليل المفاصل وفحص الجسم المضاد للنوى إيجابي أي من التالي هو الأكثر ترجيحا أن يوجد عند تلك المريضة,التهاب العنبية,التهاب الكلية,التهاب التامور,تضخم طحال,تضخم العقد اللمفاوية,,A,A
280,"فتاة عمرها ١٤ عاما حضرت إلى قسم الطوارئ بعد ٢٠ ساعة من ابتلاع ٨,٥ غ من الأسيتامينوفين أي من التالي هو العلاج الذي ينبغي البدء به",دفيروكسامين,فيزوستيغمين,ن-أستيل سيستئين,غلوتاتيون,لا يوصى بأي علاج,,E,C
281,طفل عمره ٨ سنوات حضر إلى قسم الطوارئ وهو يعاني من قيء دموي الفحص يظهر تضخم الطحال بعد تسوية الحجم الوريدي ما هي الخطوة التالية المناسبة,فوق الصوت للكبد,بلعة باريوم,تنظير بطني استكشافي,تنظير داخلي طارئ مع معالجة بالتصلب,,,C,D
282,أي واحد مما يلي من المضادات الحيوية لمعالجة التهاب السيلان (تعقيبة) يجب عدم وصفه للحوامل,سفرياكسون (روزيفين) 125 ملغ عضليا,أزيثرمسين (زيثرومكس) 1 غم عن طريق الفم كجرعة وحيدة,دوكسيسكلين (فبراميسين) 100 ملغ عن طريق الفم مرتين يوميا لمدة 7 أيام,اصل الارتروميسين 500 ملغ عن طريق الفم 4 مرات يوميا لمدة 7 أيام,,,C,C
283,أي مما يلي هو السبب الأكثر مصادفة لسوء وظيفة انقباض البطين المؤدي إلى اعتلال عضلة القلب الإقفاري,اعتلال القلب الضخامي,فرط الضغط الشرياني,عدم انتظام,مرض الشريان الإكليلي,,,D,D
284,أي مما يلي هو المعروف كثيرا عادة لمولد اعتلال تنفسي مقاوم حاليا بشكل واسع للبنسلين,البلازما الفطرية,المتدثرات الرئوية,بورديتيلا الشاهوقية,المكورات العقدية الرئوية,فيروس اندماجي تنفسي,,C,D
285,أي اختبار مما يلي لا يكون جزءا روتينيا للمصابين بقصور قلبي,صورة شعاعية للصدر,تخطيط القلب الكهربائي,بعدان لتصوير القلب بما فوق الصوت (الصدى),تصوير القلب بالرنين المغناطيسي,,,D,D
286,التدبير العادي لالتهاب الأذن الوسطى الحاد يشمل على كل ما يلي (أي تدبير),اضاءة قناة الأذن بمعاينة بالمنظار,نزع مصملاغ الأذن (شمع الأذن),تثبيت الطفل أثناء المعاينة,تقييم غشاء الطبل وضعيته تحركه لونه وشفافيته,بضع غشاء الطبل,,D,E
287,بعد الجس ما هي الخطوة التالية لتقييم الاشتباه سريريا بكتلة بالثدي,فحص بالصدى,تصوير الثدي,شفط بإبرة دقيقة,استئصال جراحي,,,B,B
288,أي مما يلي من العضويات المسببة لالتهاب البروستاتة (الموثة) الجرثومي,ايشيريشيا قولي,كليبسيلا (بانواعها),المتقلبات الزائفة (بانواعها),المكورات المعوية (بانواعها),الزائفات (بانواعها),,B,A
289,امرأة عمرها ٥٥ عاما راجعت بشأن ألم وزيادة التيبس ونقص الحراك في كتفها منذ شهرين لا توجد سيرة مرضية المعاينة العصبية والصورة الشعاعية طبيعيان كيف تتدبر أمرها أولا,معالجة فيزيائية (تمرينية) بما فيها الشد والتمارين,طلب تقويم عظمي استشاري لارخاء المفصل تنظيريا,احالة عظمية (تجبيرية) لتمارين تحت التخدير العام,زرق القشرينان الستيروئيدية في العضلة الدالية,,,A,A
290,استعمال مضادات الحمل لمدة طويلة المحتوية على مقادير ضئيلة من مزيج استروجين/بروجستين تبين أنها تزيد خطورة أي مما يلي,سرطان الثدي,فرط الضغط,سرطان باطن الرحم,سرطان المبيض,ازدياد شحوم الدم,,A,B
291,نصيحة موافقة للمرضى المصابين بداء الجزر يجب أن تشتمل على واحدة مما يلي,لا تعطى مضادات الحموضة لأنها قد تسبب إعادة الأعراض,رفع الرأس في الفراش آخر ما يفكر به,حاصرات H2 تستعمل 8 أسابيع كحد أقصى (هدروجين 2),لا يسمح بالطعام كثير الدهن لأنه يزيد من الجزر,,,D,D
292,من الاسباب التالية للكريات الحمراء الضخمة فإن اكثر ما يشاهد,الافراط بتناول الكحول,نقص الحديد,انحلال الدم,المعالجة الكيميائية,,,B,A
293,موتلوكاست (سنغولر) علاج للربو المزمن وهو ينتمي إلى أي تصنيف من العقاقير التالية,عامل بيتا ادرينالي التأثير,قشرينات ستيروئيدية,مضادات مستقبل لوكوتريين,ميتيل كسانتين,حاصر ات سلسلة الكلسيوم,,B,C
294,اذا نموذج بولي جمع في كيس للفحص واشتبه بانتان بولي اي مما يلي يجب ان تكون الخطوة التالية,البدء بالمعالجة الاختبارية بالمضادات الحيوية,مراقبة الطفل ٢٤ ساعة,الاستحصال وزرع نموذج بولي اخذ بالسحب من فوق العانة او عبر قثطرة احليلية,اجراء مخطط فوق صوتي (صورة صدى),,,C,C
295,أي مما يلي استطباب مقبول لحاصرات بيتا تالية لاحتشاء عضلة القلب الحاد,غياب موجة Q غي احتشاء القلب,بطء القلب العرضي,هبوط الضغط العرضي,انعكاس تشنج القصبات الحاد,صدمة من منشأ قلبي,,A,A
296,لقاح الإنفلونزا لا يوصى به للمرضى الذين لديهم حساسية إلى,الليمون,سلفا,بنسلين,كينولون,البيض,,E,E
297,أول مراجعة طبية للمسنين يجب أن تشمل,سيرة طبية طويلة,التفتيش عن الزرق,نزع ثيابه بالكامل حين المعاينة,معاينات الحوض والشرج (المستقيم),,,B,A
298,ذكر عمره 68 عاما يشكو من رجفان أذيني مزمن يتعالج بالوارفارين (كومادين) كمضاد تخثر أي مما يلي يجب استعماله لمعرفة ما إذا كان مضاد التخثر كافيا,زمن الجزئي للترومبوبلاستين المنشط,المقدار العالمي الطبيعي (النسبي),زمن البروترومبين,زمن النزف,مستوى الفيتامين K,,A,B
299,أي مما يلي يعتبر اختبار PPD (يستعمل في حالة التدرن) إيجابيا إذا كانت عقدة الصلابة خمسة ملليمترات,مدمن على الكحول مزمن وعمره 58 عاما,مصاب بالداء السكري نمط 1 وعمره 40 عاما,عامل فعال بالميدان الصحي وعمره 37 عاما,مصاب بالربو المزمن يتناول الستيروييد عن طريق الفم وعمره 30 عاما,شباب عمره 25 عاما مصاب بفيروس نقص المناعة البشري,,E,E
300,راجع مريض لتقييم حالة قلبه بالمسمع الصوت الأول لين و الصوت الثاني منشطر نفخة كل الانقباض موجودة ومنتشرة الى الابط وتصبح النفخة مدوية اذا اجريت مناورة فالسالفا ضربة السباتي خفيفة استنادا الى المعاينة السريرية أي مما يلي هو الارجح تشخيصا لداء قلبي صمامي,تضيق الأبهر,تضيق الاكليلي,قلس أبهري,قلس اكليلي,انسدال الصمام الاكليلي,,C,D
301,حصاة ظليلة للأشعة تترسب في وسط حمضي ومشكلة من,حمض اليوريك,سيستين,ستروفيت,أكزالات الكلسيوم,فسفات الكلسيوم,,A,B
302,واحد من السرطانات التالية مقاوم للمداواة الإشعاعية ما هو,سرطان الخصية,سرطان البروستاتة,سرطان المثانة,سرطان الكلوة,سرطان الحالب,,C,D
303,امرأة عمرها ٤٢ عاما وضغطها الشرياني ١٩٠/١١٠ ونقص بوتاسيوم الدم الثابت لديها على الأرجح,فرط الضغط الأساسي,ورم القوائم,داء كون (فرط الدوستيرون الدم),فرط ضغط كلوي عرقي,فرط الدوستيرونية ثانوية,,C,C
304,سيلان إحليلي أصفر ٣ أيام بعد اتصالات جنسية سببه غالبا,المتدثرات,المشعرات,مكورات بنية (سيلانية),البلازما الفطرية,البكتيريا الفطرية,,B,C
305,في حال انسدال المعصم الناتج عن فتق رقبي الجذر المصاب هو,الفقرة الرقبية ٤,الفقرة الرقبية ٥,الفقرة الرقبية ٦,الفقرة الرقبية ٧,,,C,D
306,رجل عمره 25 عاما خضع لتنظير قولون من أجل تقييم تشخيصي لألم بطني خسارة وزن إسهال ودم في البراز أظهر التنظير القولوني التهاب مخاطية منتشر في الشرج والقولون الصاعد أي من التالي هو التشخيص الأكثر احتمالا,التهاب القولون المتقرح,داء كروهن,التهاب القولون الغشائي الكاذب,سرطان القولون,,,A,A
307,رجل عمره 56 عاما يعاني من التهاب الكلوي المزمن حضر وهو يشكو من ضيق نفس وسرعة في زيادة الوزن لمدة 3 أيام عند الفحص يمكنك التسمع على S3 سماع كراكر في القواعد ورؤية انتفاخ متوسط في الوريد الوداجي المعتدل ما هي الخطوة التالية في التقييم,إجراء تخطيط صدى القلب,طلب أشعة سينية على الصدر,قياس الكرياتينين لحساب معدل الترشيح الكبيبي,التحقق من الخمائر القلبية,,,C,B
308,امرأة عمرها 39 عاما تعاني من مشاكل طبية متعددة ولقد لوحظ أن القصور الكلوي يسوء بشكل تدريجي أي من المعايير التالية هو الأكثر أهمية في منع الوصول إلى المرحلة النهائية من الداء الكلوي,التوقف عن التدخين,مراقبة التريغليسيريد,مراقبة سكر الدم,مراقبة الوزن,تقييد بلحمية عن الصوديوم,,A,C
309,امرأة عمرها 30 عاما ليس لديها سوابق مرضية سابقة حضرت وهي تشكو من سعال منتج منذ فترة أسبوعين كما ذكرت بأنها تعاني أيضا من سيلان في الأنف آلام في الجسم احتقان وارتفاع حرارة خلال الأسبوع الماضي في العيادة كان الضغط طبيعيو الحرارة 383 درجة مئوية فحصها السريري أظهر إيلام في الجيوب الأنفية مستنقعية و كراكر في حقول الفص الأيسر السفلي للرئة أي من الخطوات التالية هي الأفضل في التدبير العلاجي,طمأنة المريضة بأن إصابتها على الأرجح فيروسية سوف يتحسن من تلقاء نفسه,طلب فحص تحري سريع عن العقديات والمعالجتة إذا كانت النتيجة إيجابية,وصف أموكسيسيلين بسبب ترجيح الإصابة الجرثومية,طلب إجراء أشعة سينية للصدر لاستبعاد احتمال الإصابة بالتهاب رئوي,,,A,D
310,امرأة عمرها 35 عاما حامل G2P1 في الأسبوع 11 من الحمل حضرت وهي تشتكي من خفقان خسارة وزن اضطراب وارتجاف لقد نفت سابقا تعرضها لمشاكل درقية أكدت الفحوصات المخبرية أن TSH متناقص بشدة أي من التالي هو أفضل علاج لهذه المريضة في هذا الوقت,PTU,حاجبات بيتا,ليفوتيروكسين,ميتيمازول,,,A,A
311,فتى عمره 12 عاما حضر وهو يشتكي من حكة في العين واحمرار لديه تصريف واضح من عينيه ولكن دون تقشر الفحص طبيعي باستثناء التهاب ملتحمة احتقاني خفيف ثنائي الجانب أي من التالي هو العلاج الأنسب,مضاد حيوي قطرة عينية,استشارة طبيب عيون,مضاد التهاب قطرة عينية,مثبط لوكوترين عن طريق الفم,,,C,C
312,ما هي المسببات الرئيسية لالتهاب التامور الحاد,مجهول السبب,سلي,ورمي,فيروسي,جرثومي,,A,D
313,أي من التالي هو المسبب الأكثر شيوعا لالتهاب التامور المزمن,ورمي,فيروسي,مناعي ذاتي,يوريمي,بعد احتشاء عضلة قلبية,,C,A
314,مريض عمره 48 عاما دون عوامل قلبية وعائلية مهددة أظهرت تحاليله أن LDL=23غ/ل ما هو العمل,المراقبة,حمية غذائية صحية,وصف إيزيتيميب,وصف ستاتين,وصف فيبرات,,D,B
315,في حالة ارتفاع الضغط الأساسي (مجهول السبب) المقاوم للمعالجة الحيوية المؤلفة من أملوديبين وراميبريل ما هي الفئة الدوائية المفضلة,مضاد الألدوستيرون,مدرات,حاجبات بيتا,حاجبات ألفا,حاجبات مستقبلة أنجيوتانسين,,E,B
316,أي من التالي هو العلاج الأكثر فعالية لتخفيف الألم في متلازمة إكلييلياتي (التاجي) الحادة مع ارتفاع ST,مورفين وريدي (4-8 ملغ),بنزوديازيبين وريدي,ريزوردان,هيبارين ذات وزن جزيئي منخفض وريدي,أسبرين وريدي,,A,A
317,أي من التالي هو السبب الرئيسي لانخفاض التوتر الانتصابي في حالة الوضع الطبيعي للجهاز العصبي الذاتي,نقص حجم دم شديد,قصور وريدي شديد,الاستطباب العلاجي,اعتلال في الغدد الصم,متلازمة شي-دراجر,,C,C
318,رجل عمره 59 عاما خضع لتحويلة إكليلية أعطي له فانكومايسين وقائيا لمدة 24 ساعة في اليوم التاسع بعد العملية ارتفعت حرارته لتصل إلى 398° مع سرعة قلب 115 نبضة/دقيقة وضغط دم 105/65 ملم زئبق الموقع الجراحي يلتئم بشكل جيدا دون احمرار أو نجيج تعداد كريات الدم البيضاء 14000/مم³ ويظهر في تحليل البول عدة كريات الدم بيضاء تبين من زراعة الدم والبول نمو عصيات سلبية الغرام ذات خميرة أوكسيداز غير مخمرة للاكتوز أي من المضادات الحيوية التالية هو الأفضل لعلاج هذه الإصابة,موكسيفلوكساسين,سيفترياكسون,إيميبينم,تريميتوبريم-سلفامتوكسازول,تيغيسيكلين,,B,C
319,عائلة مكونة من أربعة أفراد حضرت إلى قسم الطوارئ وهي تشكو من بدء مفاجئ لتشنجات بطنية واقياء لم يعاني أحد منهم من حرارة أو إسهال قبل أربع ساعات كانوا قد تناولوا الغداء في مطعم على جانب الطريق لقد تناولوا اللحوم المشوية مع الأرز المقلي والخضروات الموسمية ما هو الآلية الأكثر ترجيحا لتلك الأعراض,تناول سموم مكونة مسبقا,غزو جرثومي لجدار المعدة والأمعاء الدقيقة,انتشار الجراثيم المبتلعة مع إنتاج متلاحق للسموم الناشطة اتجاه خلايا مخاطية الأمعاء الدقيقة,غزو جرثومي لجدار الأمعاء الغليظة,سوء امتصاص ثانوي سببه زيادة في نمو العوامل الممرضة في الإمعاء الدقيقة القريبة,,C,A
320,امرأة عمرها 18 عاما حضرت وهي تشتكي من التهاب في الحلق منذ يومين أي من مجموعة الأعراض والإشارات التالية هي الأكثر اتساقا مع التهاب البلعوم بالعقديات من المجموعة أ,حرارة فقدان شهية عسر بلع وبحة,حرارة سيلان أنف سعال ألم عضلي وشهية ضعيفة,حرارة بدون سعال إفرازات لوزية واعتلال العقد اللمفاوية الأمامية في الرقبة وتضخمها,حرارة سعال احمرار البلعوم وعسر بلع,حرارة ضزز عسر بلع وتورم الرقبة,,C,C
321,رجل عمره 49 عاما لديه سوابق بالإصابة بداء القدم الرياضي ولكنه بصحة جيدة فجأة بدأ يعاني من ارتفاع حرارة وألم في الساق والقدم اليمنى أظهر الفحص السريري ان القدم والساق ذات لون أحمر ناري مع هامش تصلب واضح جدا والذي يتفاقم بشكل سريع هناك تضخم في العقد اللمفية الإربية ما هو العامل المسبب الأكثر ترجيحا لهذه الإصابة,المكورات العنقودية البشروية,سعفة القدم,المكورات العقدية المقيحة,لا هوائيات مختلطة,مكورات عقدية انحلالية-ألفا,,E,C
322,شاب عمره 18 عاما حضر إلى العيادة بسبب إفرازات إحليلية لقد تم إعطاؤه سيفترياكسون عن طريق العضلة ولكن لم تحل مشكلة الإفرازاتمع أن الزرع لم يدل على نمو جرثومي أي من التالي هو العامل المسبب الأكثر ترجيحا,مكورات بنية مقاومة لسيفترياكسون,المتدثرة الببغائية,المتدثرة الحثرية,فيروس الحلأ البسيط,المتدثرة الرئوية,,B,C
323,طالب مدرسة عمره 18 عاما حضر إلى قسم الطوارئ وهو يشتكي منذ يوم واحد من ألم وتورم في الركبة اليمنىو احمرار هو لا عب دفاع في فريق كرة القدم في المدرسةإنه يتذكر أنه وقع على ركبته أثناء التدريب منذ يومين لقد أجري بزل للركبة و أرسل 15 مل من السائل لتعداد الخلايا لطاخة غرام والزرع أظهرت لطاخة غرام مجموعات من مكورات إيجابية الغرام أي من التالي هو أفضل مسار للعمل,البدأ بالفانكوميسين واستشارة جراحة العظام,استشارة جراحة العظام,البدأ بلينيزوليد بانتظار نتائج الزرع,البدأ بسفترياكسون,ه البدأ بتيلافانسين وطلب رنين مغناطيسي للركبة,,A,A
324,عامل بناء عمره 35 عاما يعمل بيده اليمنى يشكو من خدر ليلي وألم يتضمن يده اليمنى الأعراض تجعله يستيقظ ومن ثم تزول بهز يده هناك بعض الضمور في الرانفة علامة تينيل إيجابية ما هي أفضل نصيحة لهذا المريض,التأكد دائما أن قبضته محكمة على معداته أثناء العمل في موقع البناء حيث أن ذلك سيخفف من الضغط على العصب المتوسط,تطبيق الجليد على معصمه كل مساء بعد أدائه لعمله المعتاد,وضع جبيرة على معصمه ليلا كعلاج بدئي قبل أخذ القرار بالعلاج الجراحي,تحويل المريض إلى العلاج الفيزيائي لإجراء تمارين لتخفيف الألم,,,C,C
325,رجل عمره 35 عاما كان مسجونا لمدة 3 سنوات وقد تطور لديه تدريجيا ألم في الظهر مصحوبا مع تعب حمى متقطعة تعرق ليلي خسارة وزن وألم في القدم اليمنى تطور إلى ضعف في الساق اليمنى عدد الكريات البيضاء والصفيحات طبيعي لكنه يعاني من فقر دم طبيعي الخلايا طبيعي الصباغ الوظائف الكلوية والكبدية طبيعية ما هو التشخيص الأكثر احتمالا,ورم نقي عظام متعدد,ابيضاض دم نقوي الحاد,سل النخاع (مرض بوت),التهاب النخاع المستعرض,اعتلال المفاصل الفقارية,,D,C
326,امرأة عمرها 64 عاما حضرت وهي تشتكي من تعب ضيق تنفس وتعرق ليلي منذ 6 أسابيع لقد خسرت خمسة كيلوغرام من وزنها ليس لديها تاريخ لرضة لم تخضع لجراحة ولا تتناول أدوية أظهرت الأشعة السينية للصدر انصباب جنبي كبير على الجاني الأيمن نتج عن بزل الصدر سائل جنبي على شكل حليبي مستوى تريغليسيريد في السائل الجنبي هو 500ملغ/دل أي من الاضطرابات التالية هو الأكثر رجحانا عند هذه المريضة,ورم لمفاوي,قصور قلب احتقاني,انصمام رئوي,ذات رئة,ذئبة حمامية جهازية,,D,A
327,رجل عمره 65 عاما يعاني من قصور قلب احتقاني خفيف وينتظر الحصول على استبدال كامل للورك لا يعاني من أمراض أخرى وليس لديه تاريخ بارتفاع ضغط جراحة حديثة أو ضطراب نزفي أي من الإجراءات التالية هو الأفضل للوقاية من الانصمام الرئوي في هذا المريض,أسبرين 75ملغ/يوم,أسبرين 25ملغ/يوم,إنوكسابارين 30ملغ تحت الجلد مرتين يوميا,إسعاف مبكر,جوارب ضاغطة مرنة,,C,C
328,امرأة بدينة عمرها 50 عاما تشكو من الأرق نوم أثناء النهار والتعب عند دراسة النوم تبين أنها تعاني من إشباع شرياني - حوالي 30 نوبة في الساعة - مع أدلة على انقطاع نفس الانسدادي ما هو العلاج المختار لهذه المريضة,ضغط إيجابي مستمر للطرق التنفسية الأنفية,رأب الحنك والبلعوم واللهاة,نظام حمية قليل الحريرات,فغر الرغامي,أوكسجين عبر قنية أنفية,,A,A
329,رجل عمره 57 عاما حضر وهو يشكو من نفث الدم وضعف معمم بدأت أعراضه بنفث الدم صغير الحجم منذ 4 أسابيع على مدى الأسبوعين الماضيين أصبح ضعيفا ويشعر بأن وضعه خرج عن السيطرة تناقصت شهيته على الطعام وفقد 45 كغ من وزنه له تاريخ تدخين 45 علبة/سنة الفحص السريري لا يظهر شيئا أظهرت الفحوص المخبرية فقر دم خفيف وقيمة الصوديوم في المصل 118 مللي مكافئ/ل أظهرت الأشعة السينية للصدر كتلة في حقل منتصف الرئة اليسرى 5 سم مع غتساع منصف مما يشير إلى تضخم العقد اللمفية المنصفية الرنين بالرنين المغناطيسي للدماغ طبيعي ما هو السبب الأكثر ترجيحا لأعراضه,سرطان الشعب الهوائة,سرطان غدي في الرئة,سرطان الخلية الصغيرة الرئوية,خراج رئوي,ورم الرشيشات الرئوي,,C,C
330,رجل بدين عمره 60 عاما يشكو من نعاس نهاري مفرط هو في صحة جيدة باستثناء ارتفاع ضغط طفيف إنه يشرب الكحول باعتدال لقد أفادت زوجة المريض أنه يشخر ليلا ويستيقظ عدة مرات فحص البلعوم طبيعي أي من الدراسات التالية هي الأنسب,تخطيط دماغ كهربائي لتحليل أنماط النوم,نمط التهوية للتحري عن ضيق التنفس,إشباع O2 الشرياني,دراسة عضلات التنفس أثناء النوم,دراسة النوم,,E,E
331,رجل عمره 72 عاما حضر إلى العيادة وهو يعاني من أعراض متقطعة لضيق التنفس عند الجهد خفقان وسعال منتج للدم أحيانا عند التسمع القلبي سمعت بشكل خفيض نفخة هادرة انبساطية خافتة على القمة ما هو السبب الأكثر ترجيحا لهذه النفخة,حمى رثيوية في مرحلة الشباب,ارتفاع ضغط منذ أمد بعيد,احتشاء عضلة قلبية صامتة خلال السنة الماضية,عيب خلقي,فقر دم ناتج عن خسارة دم مزمنة,,B,A
332,رجل عمره 21 عاما حضر إلى قسم الطوارئ وهو يعاني من بداية مستجدة لتلعثم الكلام و خزل شقي في الجهة اليمنى عند التسمع كان لديه نفخة انقباضية في المنطقة الرئوية مع قعقعة انبساطية على طول حافة القص اليسرى صوت القلب الثاني منقسم وثابت بالنسبة للتنفس ما هو السبب المرجح لعرض المريض,عيب في حاجز البطين,عيب في حاجز الأذينين,القناة الشريانية السالكة,قصور الأبهر,تضيق الأبهر,,C,B
333,أنت متطوع مع زميل طب الأسنان في عيادة للمجتمع المعوز لقد أعدت الممرضة قائمة المرضى الذين هم على استعداد لإجراء معالجة سنية لهم واللذين قد يحتاجون لصادات حيوية وقائية مسبقا من القائمة أدناه من هو الأكثر ترجيحا أن يستفيد من الصاد الحيوي الوقائي للحماية من التهاب شغاف قلب حرجثومي,شاب عمره 17 عاما يعاني من تضيق الأبهر,امرأة عمرها 26 عاما تعاني من عيب في حاجز البطين جرى إصلاحه في مرحلة الطفولة,امرأة عمرها 42 عاما تعاني من تدلي الصمام التاجي,امرأة عمرها 65 عاما لديها صمام أبهر اصطناعي,امرأة عمرها 72 عاما تعاني من تضيق الأبهر,,D,D
334,رجل عمره 23 عاما يشكو من صداع دائم لقد لاحظ زيادة تدريجية في قياس خاتمه وقاس حذائه على مر السنين عند الفحص السريري كان لديه صوت غريب عميق أجوف و فك أفقم يشير فحص الحقل البصري إلى عمى الشقين الصدغين ما هي الدراسات الأولية المطلوبة,عامل نمو مشابه للانسولين مصلي ومستويات البرولاكتين,مستويات هرمون النمو الصباحي,مستوى الكورتيزول المكبوح بديكسامتازون ليلا نهارا,صورة جانبي للجمجمة لتقييم قياس السرج التركي,مستوى الهرمون المحرر لهرمون النمو,,D,A
335,مريض يعاني من سرطانة الخلايا الصغيرة في الرئة يتطور لديه تعب متزايد لكنه خلاف ذلك هو يقظ ومتوجه فحص شوارد المصل يشير إلى صوديوم 118 مللي مكافئ/ل لا يوجد دليل على لوذمة انخفاض ضغط انتصابي أو تجفاف البول مركز ذات اسمولية 550 مللي مول/ل BUN المصل الكرياتنين والغلوكوز هي ضمن المجال الطبيعي أي من التالي هو الخطوة الأنسب,التلقيم بمحلول ملحي معتدل التوتر,إدرار البول,التقييد بالسوائل,ديمكلوسيكلين,التلقيم بمحلول ملحي عالي التوتر,,E,C
336,لقد تم تقييم رجل عمره 30 عاما لعقيدات درقية أفاد المريض أن والده توفي بسرطان الدرق وأن شقيقه كان يعاني من حصيات كلوية متكررة تركيز كالسيتونين في الدم 2000 بيكوغرام/مل (المستوى الطبيعي < 100)؛ مستويات الكالسيوم والفوسفات في المصل طبيعية تم إرسال المريض عند الطبيب جراح مختص في الغدة الدرقية أي من الدراسات التالية ينبغي أيضا الحصول عليها,الحصول على مسح الكبد,قياس مستوى هرمون جارات الدرق,قياس ميتانفرين البول,إعطاء جرعات مثبطة للثيروكسين وقياس مستوى الهرمون المحرض للدرق,ه معالجة المريض باليود المشع,,D,C
337,امرأة عمرها 32 عاما تشتكي من ألم في البطن يتوقف ثم يعود منذ كان عمرها 17 عاما هي تلاحظ انتفاخ البطن يخفف بالتغوط وكذلك هنالك إسهال وإمساك متناوب هي لا تعاني من فقدان وزن أو نزف هضمي أو إسهال ليلي عند الفحص تبين أن لديهاايلام و انتفاخ بطن غازي في الربع السفلي الأيسر من البطن الفحوص المخبرية بما في ذلك تعداد كامل للكريات طبيعية ما هو الإجراء الأولي الأنسب,توصية بزيادة الألياف الغذائية مضادات التشنج حسب الحاجة ومتابعة الفحص بعد شهرين,إحالة إلى طبيب الجهاز الهضمي لإجراء تنظير القولون,تناول تيتراسكلين عن طريق الفم لمدة أسبوعين,طلب سلسلة دراسات هضمية علوية مع متابعة دراسة الإمعاء الدقيقة,طلب أخذ خزعة من الإمعاء الدقيقة,,A,A
338,امرأة من العرق الأبيض عمرها 55 عاما تعاني من نوبات متكررة لالتهاب البنكرياس المحرض بالكحول رغم من عدم الإسراف فإن المريضة تشكو من ألم بطني بعد تناول الطعام نفخة فقدان وزن رغم شهية جيدة للطعام براز ضخم وذو رائحة كريهة أظهرت الأشعة السينية للكلية الحالب المثانة وجود تكلس بنكرياسي في هذه المريضة أي من التالي يجب توقعه في هذه الحالة,داء السكري,سوء امتصاص الفيتامينات المنحلة بالدسم من نوع د و ك,فحص الدم الخفي في البراز إيجابي,علامة كورفوازيه,ارتفاع أميلاز ملحوظ,,B,A
339,يترافق فرط بوتاسيوم الحاد مع أي من التغيرات تخطيط القلب الكهربائي التالية,توسع QRS,إطالة مقطع ST,نقص في فترة PR,موجات U شامخة,تسطح موجة T,,A,A
340,يمكن أن تحدث زيادة في غاما GT المصلية في الحالات التالية ما عدا,سرطان الكبد,داء جيلبرت,أثناء تعاطي الكحول,سرطان قمة البنكرياس,أثناء علاج بفينوباربيتال,,B,B
341,رجل عمره 44 عاما يشكو من خلل في وظيفة الانتصاب هو يعالج من ارتفاع الضغط ومن مرض نفسي أي من الأدوية التالية الذي يتناولها هو أقل ترجيحا أن يكون مسؤولا عن هذه المشكلة,بروبرانولول,ميتوكلوبراميد,فيوروسميد,دومبيريدون,مضادات ذهان,,C,C
342,أي شريان هو الأكثر عرضة للإصابة عند رجل عمره 67 عاما لا يدخن لديه اضطراب شحوم الدم ويعاني من نوبة غشي تالية لنقص تروية دماغية,الشريان السباتي,الشريان الفقاري القاعدي,الشريان الموصل الأمامي,الشريان الدماغي الأمامي,الشريان الموصل الخلفي,,A,B
343,كل ما يلي قد تم ربطه بتطور متلازمة ستيفن-جونسون عند امرأة عمرها 32 عاما ماعدا,ستيروئيدات جهازية,المفطورات,فيروس الحلأ البسيط,مضادات الاختلاج,حالة موسمية,,E,A
344,رجل عمره 25 عاما يشكو من ألم وتورم في اليد والساعد خدر حول الفم وإقياء بعد محاولته للإمساك بأفعى الجلجلة ضغطه الدموي 90/60 ملم زئبق كل ما يلي هو علاج مناسب ما عدا,الإنعاش بالسوائل,إعطاء 10 حقن مضاد لسم الأفاعي,قياس عوامل التخثر والصفيحات,بضع لفافة فوري للذراع,معالجة الألم,,D,D
345,كل ما يلي هو مضاد استطباب لتمرير أنبوب أنفي معدي ما عدا,الانثقاب المتوقع للمريء,الانثقاب المؤكد للمريء,سيرة لدوالي المريء,انسداد شبه كامل للمريء ناتج عن تضيقات حميدة أو خبيثة,وجود جسم غريب في المريء,,B,C
346,رجل عمره 38 عاما يحضر وهو يشكو من ألم في البطن الشديد حيث تم تشخيصه بالتهاب بنكرياس حاد أي من الأدوية التالية لا تترافق مع التهاب البنكرياس الحاد,هبارين,فيوروسيميد,ريفامبين,سليسيلات,وارفارين,,C,A
347,أي من التالي ليس عاملا مهيئا لتطور الفتق,الاستسقاء,السمنة,تليف كيسي,داء الانسداد الرئوي المزمن,ديال صفاقي,,C,B
348,لقد تم تشخيص سرطان معدة للسيد فريد يجب أن تتضمن أعراضه كل ما يلي ما عدا,آلام شرسوفية,تقيء الطعام,تقيء الدم,التهاب خثاري متكرر,ه إمساك,,D,E
349,جميع هذه العلامات تترافق مع داء سجوغرين شديد ذات تشخيص سيء ما عدا,التهاب الجفن,نقص المتممة في الدم,فرفرية,رينود مع تقرحات في الأصابع,ه وجود الغلوبولينات البردية في الدم,,A,A
350,البربخ مسؤول عن كل ما يلي ما عدا,نقل الحيوانات المنوية,نضج حركة الحيوانات المنوية,نضج خصوبة الحيوانات المنوية,تخزين الحيوانات المنوية,ه إفراز 70% من سائل القذف,,C,E
351,أي من التالي هو ليس من مضاعفات التهاب البنكرياس الحاد,متلازمة الضائقة التنفسية عند البالغين,تثبيط عضلي قلبي,اعتلال خثاري وريدي منتشر,سوء امتصاص,كيسة كاذبة بنكرياسية,,B,D
352,امرأة عمرها 55 عاما حضرت إلى قسم الطوارئ وهي تشتكي من حرارة منذ 4 أيام بعد خضوعها لاستئصال مرارة تنظيري ما هو السبب الأكثر ترجيحا للحرارة,ذات رئة,التهاب الوريد الخثاري,انتان مسالك بولية,تجرثم الجرح,خثار وريدي عميق,,D,C
353,أي من الحيوانات التالية هو ليس حامل ممكن لداء الكلب,الكلاب,الخفافيش,الظربان,السناجب,البقر,,B,D
354,ما هو السبب الأقل ترجيحا للألم الشرسوفي أثناء الحمل,تناقص في مقوية مصرة المريء السفلية,تناقص في إفراز الغاسترين,ضغط ميكانيكي ناتج عن حجم الرحم,تناقص في إفراغ المعدي,زيادة الارتجاع المعدي المريئي,,B,B
355,يمكن أن يتوجد لدى داء سجوغرين الثانوي في جميع هذه الأمراض ما عدا,الذئبة,داء بهجت,التهاب المفاصل الرثيوي,داء النسيج الضام المختلط,تصلب الجلد,,E,B
356,مريض عمره 40 عاما ويعاني من التهاب بنكرياس نخري حاد ذات مصدر صفراوي ما هو أفضل اقتراح للعلاج,تقنية التصريف المختارة هي التنظير الداخلي بطريقة التصوير البنكرياسي الصفراوي الراجع عندما يكون متوفرا,المعالجة الجراحية هي مفضلة كخط ثان,تقنيات التصريف ذات الهجوم المتدني تبقى قليلة الاستعمال,تقنيات التصريف ذات الهجوم المتدني هي صعبة التنفيذ,,,A,A
357,ما هو الخط الأول في فحص القرحة الهضمية,أنبوب المعدة القاعدي,غاسترين الدم القاعدي,التحري عن المتقوسات البوابية في الموقع الغاري,تصوير طبقي محوري للبطن,التحري عن فرط نشاط الدرق,,C,C
358,امرأة عمرها 40 عاما تعمل طباخة في مطعم تشكو من حرقة في عينيها خاصة أثناء العمل في المساء مع حكة واحمرار تهدأ هذه الأعراض مؤقتا عند تطبيق الماء البارد كل ما يلي من تشخيصات يعتبر مقبولا ما عدا,التهاب بالتخريش بسبب العدسات,التهاب ملتحمة بالتخريش بسبب حرارة الطبخ,داء سجوغرين,التهاب القرنية,جفاف عين معزول,,A,D
359,رجل عمره 52 عاما مدمن على الكحول حضر إلى قسم الطوارئ وهو يعاني من سعال منتج صديدي وضيق في التنفس وألم في الجانب الأيمن من الصدر وارتفاع في درجة الحرارة يعتقد أن هذه الأعراض بدأت منذ بضعة أيام عند الفحص لديه درجة حرارة 388 درجة مئوية معدل ضربات القلب 96 نبضة في الدقيقة ومعدل التنفس 22 نفسا في الدقيقة وإشباع الأكسجين 85% في جو الغرفة وضغط الدم 115/92 ملم زئبق لديه أسنان سيئة والنفس نتن هناك أصمية عند القرع على الحقل الرئوي السفلي الأيمن و تسمع خرخرة ثنائية تظهر الأشعة السينية على الصدر عتامة في الجانب الأيمن في القسم العلوي للفص الأسفل الأيمن مع وجود مستوى سائل-هوائي هنالك على ما يبدو تصلد متني على الجانب الأيمن أي من التالي هو العامل المسبب الأكثر ترجيحا استنادا إلى هذه العرض,المبيضات الملساء,فيروس الإنفلونزا,المتفطرات السلية,المكورات العقدية الهضمونية,العقديات الرئوية,,E,D
360,رجل عمره 78 عاما حضر إلى العيادة وهو يشكو أنه كلما يحلق ذقنه بموس الحلاقة المستقيم يغيب عن الوعي حدثت له هذه الأعراض في الشهرين الماضيين في بعض الأحيان عندما يرتدي ياقة ضيقة يغيب عن الوعي كذلك الغياب عن الوعي وجيز وليس لديه بوادر مترافقة ويشعر بأنه جيد بعد ذلك سيرته المرضية القديمة تلحظ ارتفاع ضغط وفرط كولسترول الدم علاجه هو هيدروكلورتيازيد فقط عند الفحص السريري كانت إشاراته الحيوية طبيعية وفحص القلب طبيعي باستثناء صوت القلب الرابع أي من التالي هو الفحص التشخيصي التالي الأنسب,تخطيط صدى القلب الإجهادي,تصوير بأدينوزين التاليوم,تصوير طبقي محوري للرقبة,تدليك جيب السباتي,امالة طاولة الفحص,,C,D
361,تبلغ من العمر 31 عاما حضرت إلى عيادتك وهي تشتكي من التهاب مفاصل مؤلم يزداد في الصباح عندما تستيقظ لقد جرى تقييمها مؤخرا من قبل طبيب عيون لالتهاب القزحية في عينها اليمنى أظهر تقرير المختبر الأخير سرعة تفثل الدم 48 مم / ساعة أي من التالي سوف يساعد على التفريق التهاب الغضاريف الناكس عن التهاب المفاصل الروماتويدي,التهاب المفاصل مترافق مع التهاب مفاصل روماتويدي غير متآكل,التهاب العين لا يترافق مع التهاب الغضاريف الناكس,التهاب الغضاريف الناكس لا يترافق مع التهاب الأوعية,التهاب الغضاريف الناكس يترافق مع عامل روماتويدي ذات معيار عالي,التهاب المفاصل في التهاب الغضاريف هو غير متناظر,,B,E
362,امرأة عمر عمرها 44 عاما تطلب تقييما لدورتها الشهرية غير المنتظمة والمترافقة مع نزيف حيض شديد لقد أفادت بأن حيضها كان طبيعيا بدورة 28 يوما منذ أوائل العشرينات من عمرها ولكن في الأشهر الستة الماضية دورتها كانت 22-25 يوما ومتصاحبة مع نزيف شديد غير عادي بالنسبة لها نادرا ما يحدث لها هبات ساخنة واضطراب في النوم هي تطلب المساعدة للسيطرة على هذه الأعراض لقد اعتقدت أنها في الفترة ما قبل انقطاع الطمث والفحص الهرموني في اليوم الثاني لحيضها أكد لك اعتقادك هذا أنت تقترح علاج بمانع حمل فموي للسيطرة على أعراضها والوقايتها من حدوث حمل غير مقصود أي من التالي سوف يعتبر مضاد استطباب لاستخدام حبوب منع الحمل الفموية,عمرها,غزارة الطمث,الدورات القصيرة,الأرق,الهبات الساخنة,,B,A
363,بالنسبة لرضة الركبة كل العبارات التالية صحيحة ما عدا,يمكن أن يترافق وثي الركبة مع آفة هلالولية,الثني 15° يمكن أن يكون سببه الآفة الهلالولية,في الآفات الهلالولية المعزولة لا يوجد انصباب,العلامة الإيجابية لمكموري تعني أن هناك آفة هلالولية,وثي الركبة الخطير يمكن أن يسبب صدمة الرضفة,,C,C
364,رجل عمره 35 سنة يشتكي من ألم عظمي من بين هذه الآفات الورمية الحميدة ما هو الذي يتوافق مع الألم الذي يتجدد ليلا,عرن عظمي,ورم عظماني,ورم ليفي غير عظمي المنشأ,كيسة العظام الأساسية,ورم غضروفي معزول,,D,B
365,أي من العضويات التالية هي السبب الرئيسي لمعظم الإسهالات عند المسافرين,الإيشريكية القولونية,العطيفة,الضمات,جيارديا,شيغللا,,A,A
366,أنثى عمرها 26 عاما تشتكي من ضيق تنفس أظهر فوق الصوت تضيقا تاجي أي من التغيرات المرضية التالية لا يحدث في التضيق التاجي,زيادة ضغط الأذين الأيسر,توسع الأذين الأيسر,تضخم بطيني,انصمام الخثرات,كل ما سبق صحيح,,D,C
367,أي من هؤلاء المرضى هو الأكثر ترجيحا أن يستفيد من العلاج بالمضادات الحيوية إضافة إلى شق و تصريف الخراج,امرأة سليمة سابقا ومصابة بخراج في غدة برتولين ولا سيرة تشير إلى مخاطر عالية لأمراض منقولة جنسيا,رجل عمره 25 عاما يعاني من تكرار الخراج الشعري والذي حدث لأول مرة منذ سنتين,أنثى عمرها 50 تشكو من ارتفاع حرارة وهي تعاني من داء سكري غير معتمد على الإنسولين والتهاب الغدد العرقية الإبطية القيحي المتكرر,رجل عمره 35 عاما يعاني من كيسة غدية زهمية والتي نشأت منذ سنتين و الآن أصبحت متجرثمة,"مدمن مخدرات عن طريق الحقن الوريدي بدون حرارة أو تسارع قلب ويعاني من خراج في الدالية 2 سم والذي نشأ بعد 7 أيام من ""التجلد الجلدي""",,C,C
368,لقد أفادت مريضة أنها كانت مؤخرا على علاقة جنسية مع شريك قد عولج من إشتباه إصابته بمرض منقول جنسيا أثناء الفحص اختبار الحمل كان إيجابيا ما هو المضاد الحيوي الآمن وصفه قبل تحويل المريضة للطبيب النسائي وتوليد للعناية قبل الولادة,أسكلوفير,أزيترومايسين,سيفيكسيم,ميترونيدازول,كل الأدوية أعلاه صحيحة,,B,E
369,كل العبارات التالية حول نقص نشاط الدرق صحيحة ما عدا,انتشاره عند النساء أكثر من الرجال,أميودارون والليثيوم قد يخفيان الأعراض التالية لارتفاع الهرمون الدرقي,في نقص نشاط الدرق الثانوي مستويات الهرمون المحرض للدرق (TSH) تكون منخفضة عادة,بالرغم من أن نقص نشاط الدرق شائع عند من هم أكبر من 60 سنة فإن قلة الأعراض قد تجعل التشخيص صعب,ما بعد نقص نشاط الدرق ناتج عن نقص نشاط الدرق البدئي,,C,B
370,كل الاضطرابات التالية هي شائعة عند مريض مصاب بوذمة مخاطية ما عدا,تنفسية نقص تهوية نقص أكسجة,جهاز عصبي مركزي ارتباك خمول غيبوبة,شاردية نقص صوديوم الدم احتباس ماء,قلبية و عائية تباطؤ قلب,حرارية انخفاض حرارة الجسم,,B,C
371,بالنسبة للرضات البطنية لمريض تعرض لحادث سيارة الأحشاء المتأثرة الأكثر شيوعا هي,الكبد,المعدة,الطحال,الأمعاء,القولون,,C,C
372,لتحقيق أفضل نتائج مع العلاج الوقائي بالمضاد الحيوي يجب توخي الحذر عند إعطائه أثناء الجراحة,يجب أن يسبق العمل الجراحي دائما ضمن حد أقصى من ساعة إلى ساعة ونصف من وقت حقن التخدير,إعطائه بعد العمل الجراحي ضمن حد أدنى من 30 دقيقة إلى ساعة,يجب أن يتم خلال العمل الجراحي عندما يتم حقن التخدير ضمن حد أقصى من 12 ساعة / أو استثنائيا 24 ساعة,يجب أن يسبق العمل الجراحي ضمن حد أقصى من يوم إلى يومين,يفضل إعطائه بعد ست ساعات من الشق,,A,A
373,جميع الحالات القلبية التالية تترافق مع ذئبة حمامية جهازية ما عدا,التهاب التامور,تضيق الأبهر,الخناق,التهاب ضلعي غضروفي,التهاب عضلة القلب,,B,B
374,أي من التالي هو العرض الأقل شيوعا في بداية الحمل,تشنجات أسفل البطن,ألم الثدي,وذمة الأطراف السفلية,تعب,تأخير الحيض,,C,C
375,امرأة حامل في الأسبوع 32 من الحمل تتناول سلفات المغنيزيوم من أجل مقدمات الإرتجاع الإشارة السريرية المبكرة للإصابة بفرط مغنيزيوم الدم هي,فقدان المنعكسات الوترية - العضلية,شلل رخو,توقف تنفس,انخفاض ضغط,سبات,,A,A
376,بعد خمسة أيام من عملية استئصال مرارة تبين عند امرأة متوسطة العمر لا عرضية أن مستوى صوديوم المصل هو 120 مللي مكافئ / ل التدبير العلاجي الصحيح هو,إعطاء محلول ملحي مرتفع التوتر,التقيد بإعطاء الماء الحر,تحال دموية,إدرار بولي شديد باستعمال فيروسيميد,,,A,B
377,مريض عمره 50 عاما حضر وهو يعاني من حصيات كلوية مترافقة مع أعراض لقد أفاد أنه كان أجري له مجازة صائمية لفائفية بسبب البدانة المفرطة عندما كان عمره 39 عاما من المتوقع وجود,فرط نشاط جارات درق كاذب,بيلة حمضية بسبب فرط حمض البول,متلازمة العظم الجائع,فرط أوكزالات البول,كيسات عظمية فرادية أحادية الغرفة,,D,D
378,رجل عمره 65 عاما يخضع لبتر عجاني بطني ذات تقنية صعبة بسبب سرطان مستقيم حيث يتلقى خلال العملية ثلاث وحدات من كريات الدم الحمراء بعد مرور 4 ساعات لوجوده في العناية الفائقة هو ينزف بشدة من الجرح العجاني أظهرت دراسات التخثر العاجلة زمن بروترومبين زمن ترومبوبلاستين جزئي وزمن النزف كلها طبيعية منتجات تخرب الفيبرين غير مرتفعة ولكن محتوى المصل من مولد الفيبرين منخفض وتعداد الصفيحات 70000/ميكرو ليتر السبب الأكثر ترجيحا للنزيف هو,تأخير في رد فعل نقل الدم,تحلل فيبرين مناعي ذاتي,وعاء دموي ينزف في الحقل الجراحي,عوز العامل VIII,إعلان تخثري ناتج عن انخفاض الحرارة,,C,C
379,يتطلب إجراء استئصال جزء من الكبد لضحية رضة بطنية كليلة لقد تم نقل 8 وحدات من الدم له من بنك الدم لوحظ عليه في غرفة الإنعاش أنه ينزف من مواقع البزل الوريدي ومن الشق الجراحي من الأرجح أن يكون الاعتلال التخثري عنده ناتج عن نقص صفيحات الدم وعوز في أي من عوامل التخثر التالية,II فقط,II و VII,V و VIII,IX و X,XI و XII,,D,C
380,امرأة مسنة مصابة بداء السكري وتشنج قصبي مزمن معتمد على الستيرويد خضعت لمفاغره أعورية لفائفيه بسبب انثقاب الأعور لقد أدخلت إلى وحدة العناية المركزة بالتنبيب مع صيانة بمضاد حيوي واسع الطيف دوبامين بجرعة كلوية وستيرويد ذات تأثير سريع بعد اليوم الثاني للجراحة حدث لها ارتفاع بالحرارة 392°م (102°ف) انخفاض ضغط سبات وأظهرت القيم المخبرية نقص سكر الدم وارتفاع بوتاسيوم الدم إن التشخيص الأكثر ترجيحا لهذا الحدث الحاد هو,خمج الدم,نقص حجم الدم,قصور غدة الكظر,تنخر نبيبي حاد,تحمضن خلوني سكري,,C,C
381,العلامات والأعراض المرتبطة مع خمج الدم المبكر تشمل,تحمضن تنفسي,تناقص في نتاج القلب,نقص سكر الدم,زيادة في فرق الأكسجين الشرياني الوريدي,توسع وعائي جلدي,,D,E
382,فيما يتعلق بتصوير الثدي الشعاعي كل ما يلي صحيح ماعدا,كثيرا ما يقترن مع تخطيط الصدى,هو أفضل طريقة للكشف عن سرطان الثدي,هو أكثر حساسية عند الشابات مقارنة بالنساء الأكبر سنا,هو سوف يتحرى عن العتامة النجمية,هو سوف يتحرى عن التكلس المجهري,,B,C
383,الاشتباه بضغط نخاعي شوكي فإن الخيار التأكيدي الأفضل هو,تصوير طبقي محوري مركز على الآفة,تصوير النخاع,رنين مغناطيسي,تصوير العظام بالأشعة السينية العادية,التصوير المقطعي بالإصدار البوزيتروني,,C,C
384,من بين عوامل التشخيص التالية ما هو العامل الأكثر أهمية في سرطان الثدي الموضعي,المستقبلات الهرمونية,حجم الورم,العقد الإبطية,العرق,العمر,,C,C
385,أي من التالي بالتأكيد سيؤدي إلى تأخير تفاقم القصور الكلوي,أي دواء خافض للضغط بغض النظر عن فئته,زيت السمك,مدرات عروة هنله,مثبطات خميرة الأنجيوتنسين المنقلبة,حاصرات الكالسيوم,,D,D
386,أي من التالي لا يشاهد في القصور الكلوي الوظيفي الحاد,جزء انطراح الصوديوم < 1,كثافة البول > 1020,تركيز صوديوم البول < 10,نسبة البولة/كرياتنين البلازما < 20,الأسمولية البولية (mOsm/Kg H2O) أعلى من 500,,C,D
387,مريض عمره 55 سنة يعاني من داء سكري منذ سنتين لديه ارتفاع ضغط غير منضبط يمكن أن تقترح لهذا المريض,حاصرات الكالسيوم,مثبطات خميرة الأنجيوتنسين المنقلبة,مدرات,موسعات أوعية,حاجبات بيتا,,B,B
388,أي من التالي واصم لآفة الكبيبة,بيلة دموية,أسطوانة حبيبية,بيلة الكريات البيضاء,أسطوانة الكريات الحمراء,بيلة بروتين >35 غ/ 24 ساعة,,A,D
389,يرتفع مقطع ST في كل ما يلي ما عدا,الطور الحاد من احتشاء عضلة القلب,متلازمة برينزميتال,أم الدم في البطين الأيسر,تأثير الديجيتال,التهاب التامور الحاد,,C,D
390,هناك اثنين من العوامل تجعلنا نخاف من تمزق أم الدم الأبهرية,ألم بطني + قطر أم الدم,أن يزيد قطر أم الدم + خناق,إصبع أزرق + تخثر حرقفي,ألم بطني + انصمام محيطي,ضغط حالبي + انصمام متكرر,,B,A
391,أي من المسببات التالية لا تترافق مع تسلخ الأبهر,تضيق الأبهر,داء مارفان,الحمل,اعتلال عضلي قلبي انسدادي,تصلب شرايين,,C,D
392,أي من الآفات التالية لا نشاهد في حب الشباب,زؤان,حطاطة,حويصلة,بثرة,عقيدة,,C,C
393,تشمل مظاهر داء السفيليس الثانوي,بقع حمامية على الجذع,حطاطات على راحة اليدين وعلى القدمين,حرارة وآلام مفاصل,صلع غير كامل,كل الأجوبة أعلاه صحيحة,,E,E
394,أي من الخيارات التالية غير صحيحة بالنسبة لالتهاب الشرايين العقد الكلاسيكي والآفات الكلوية,التهاب الأوعية الكلوية,ارتفاع ضغط الدم الكلوي,احتشاء الكلية,التهاب كبيبات الكلية التدريجي السريع,أمهات الدم المجهرية,,C,D
395,بالنسبة للدغات الثعابين أي من التالي صحيح,لدغات الثعابين هي أقل خطورة عند الأطفال,لدغات الثعابين هي أقل خطورة عندما تشمل الوجه والجذع,ارتفاع الحرارة وانخفاض الضغط هي إشارات سريرية خطيرة و عوامل خطيرة,الإشارات الموضعية ليس لها أهمية عند متابعة المرضى في المستشفى,الحبرات ناتجة عن تفاعل تحسسي للسم,,C,C
396,امرأة عمرها 25 عاما حضرت للاستشارة بسبب ارتفاع شديد في الضغط الانقباضي 180/95 تحاليل الدم لديها شملت البولة الكرياتنين الشوارد الكالسيوم الهيموغلوبين والهيماتوكريت وكانت جميعها طبيعية وكذلك تخطيط القلب الكهربائي عند هذه المريضة الخطوة التالية هي,استبعاد ورم القواتم,استبعاد تضيق الشريان الكلوي,استبعاد فرط الألدوستيرون ثانوي,افتراض أنه ارتفاع ضغط بدئي,البدء بتغيير نمط حياتها فقط,,B,B
397,رجل عمره 22 عاما تحضره عائلته إلى قسم الطوارئ بسبب صداع شديد وارتفاع حرارة منذ 12 ساعة ومن أجل ذالك تناول الإريترومايسين بدا عليه الإرباك في الساعتين الماضيتين ولوحظ ظهور طفح جلدي في الفحص السريري ظهر الطفح بلون أحمر غامق مع حبرات في كل جسمه هذا المريض يعاني من,ذئبة حمامية جهازية حادة,تحسس على المضاد الحيوي,حمى تيفية,التهاب سحايا حاد,جرعة مخدرة زائدة,,B,D
398,امرأة عمرها 45 عاما حضرت للاستشارة عن حالة ارتباك يظهر فحصها نقص صوديوم الدم وفحصها السريري يظهر حجم دم سوي فحصها يتوافق مع متلازمة الإفراز غير المناسب للهرمون المضاد لإدرار البول أي من التالي لا يمكن توقعه,نقص الأسمولية في المصل,فرط حمض البول,نقص مغنيزيوم الدم,حجم دم سوي,صوديوم بول طبيعي,,B,B
399,ما هي العقابيل طويلة الأجل الأكثر شيوعا لالتهاب السحايا الجرثومي عند الأطفال,نوبة صرعية,إعاقة فكرية,فقدان السمع,خزل شقي,كل الأجوبة أعلاه غير صحيحة,,C,C
400,فتى عمره 12 عاما يعاني من التهاب مفاصل هاجر مع مفاصل حمراء دافئة ومتورمة ودليل على إصابة حديثة المكورات العقدية A يتصف التهاب المفاصل في هذه الحالة بأي من التالي,غير مؤلم عادة,يشفى دون تشوهات,يظهر بعد ان تستقر الحرارة,يلاحظ فقط عند المرضى الذين يعانون من التهاب تامور متزامن,يشمل المفاصل الكبيرة والصغيرة,,E,B
401,أي من العبارات التالية بشأن الاضطرابات الاستقلابية الوراثية خاطئة,في الاضطرابات الشديدة الطفل المصاب قد يتضرر عند الولادة,معظم الأمراض الاستقلابية الوراثية يمكن علاجها,أغلبية الأمراض الاستقلابية الوراثية لديهم صبغي جسدي وراثي متنحي,التشخيص المبكر مهم من أجل التشخيص الجيد لمعظم الاضطرابات,,,B,A
402,أي من التالي يؤكد عادة تشخيص التليف الكيسي,ارتفاع كلوريد العرق,انخفاض كلوريد العرق,ارتفاع كلوريد المصل,انخفاض كلوريد المصل,كل ما سبق أعلاه غير صحيح,,A,A
403,كل ما يلي هي من المظاهر المميزة لمتلازمة الحميراء الخلقية ما عدا,رتع قمع الأنف,تأخر النمو داخل الرحم,ساد,عيوب قلبية بنيوية,فقدان سمع حسي عصبي,,C,A
404,أي من العبارات التالية بالنسبة للفيروس الأنفي غير صحيحة,فيروس الأنفية هو السبب الأكثر شيوعا للزكام,المعالجة بالمضاد الحيوي لا يشار إليه تقليديا لإصابات الطرق التنفسية العليا,المعالجة بأدوية دون وصفة طبية هي آمنة لعلاج فيروس الأنفية عند الأطفال,الإصابة بفيروس الأنفية البشرية قد تكون مهددة للحياة عند شخص يعاني من اضطرابات مناعية,فيروس الأنفية هو من الإصابات الرئيسية المحفزة للربو عند أطفال المدارس,,C,C
405,طفل عمره 18 شهرا يظهر فشلا في النمو ضعف شهية انتفاخا في البطن إسهالا و عدم إرتياح كان وضعه جيدا حتى عمر 9 أشهر بعد ذلك تم فطامه من حليب الأم إلى الأطعمة العادية منحنى نموه يتسطح التشخيص الأكثر ترجيحا هو,داء الجيارديا,داء بطني,تليف كيسي,التهاب بنكرياس,اعتلال عضلي ميتوكوندري,,B,B
406,العلاج الأولي في علاج مريض لديه أعراض مصحوبة مع تضيق رئوي معزول هو,بضع الصمام الجراحي المغلق,بضع الصمام الجراحي المفتوح,رأب الصمام ببالون قسطرة,تحويلة بلالوك-توسينغ,استبدال صمام,,C,C
407,طفل عمره ٣ أشهر يعاني من أعراض تنفسية علوية منذ بضعة أيام ويصل إلى قسم الطوارئ وهو في حالة ضائقة تنفسية وأزيز ونقص أكسجة لقد تم تشخيصه بالتهاب القصيبات ما هو السبب الأكثر شيوعا,فيروس التنفسي المخلوي,فيروس نظيرة الإنفلونزا,فيروس الخلايا العرطلة,فيروس الإنفلونزا,فيروس التالي لالتهاب الرئة,,A,A
408,في فقر الدم بعوز الحديد أي من التالي صحيح,تستنفد مخازن الحديد لاحقا عند الأطفال ذات الوزن المنخفض عند الولادة,تأخر لقط الحبل السري يزيد من خطر حدوث فقر الدم بعوز الحديد,استهلاك كميات كبيرة من حليب البقر (أكثر من 750 مل / اليوم) هو عامل مهدد,يجب التوقف عن المعالجة بالحديد عندما يصبح الهيموغلوبين بمقدار الطبيعي,,,B,C
409,التهاب البلعوم الجرثومي الحاد الإشارات الواصمة هي,بحة سعال ألم عند البلع,رشح مع انسداد إقياء وإسهال,قشعريرة ألم عضلي سعال,تضخم اللوزتين مع حمامي منتشرة + حبرات على شراع الحنك,كل الأجوبة أعلاه غير صحيحة,,D,D
410,صبي عمره ٤ سنوات يبكي وينتحب لكنه لا يتكلم إن مهاراته الحركية والجسمية متطورة بشكل جيد هو منشغل بالأشياء ولا يلعب مع الأطفال ويستجيب بشكل طبيعي للأصوات لكن يبدو غير مهتم ودون تواصل التشخيص الأكثر احتمالا هو,اضطراب فرط الحركة و نقص التركيز,اضطراب توحدي,فقدان السمع,اضطراب تنكسي عصبي,تخلف عقلي,,B,B
411,فتاة عمرها سنتان تنفسها صاخب عند الشهيق وتراجع ملحوظ في جدار الصدر حريق في الأنف وسعال نباحي كانت تعاني من انتان طرق تنفسية علوية منذ يومين إن التشخيص الأكثر ترجيحا هو,ربو,التهاب لسان المزمار,التهاب القصيبات,خناق فيروسي,كل الأجوبة أعلاه غير صحيحة,,D,D
412,أي العبارات التالية بالنسبة لمتلازمة الموت المفاجئ عند الأطفال صحيحة ما عدا,هذه الحادثة هي الأكثر إصابة في العمر ما بين 4-5 أشهر,هي أكثر شيوعا عند العائلات ذوي الحالات المعيشية الفقيرة,هذه الحادثة هي الأكثر حدوثا بين الأشقاء ضحايا هذا المرض,هذه الحادثة هي الأكثر عند البنات,,,B,D
413,أي مما يلي هو من المظاهر العينية الأكثر شيوعا لداء المقوسات الخلقي,الساد والذي عادة يكون أحادي الجانب ويظهر عند الولادة,الساد والذي يكون ثنائي الجانب ويظهر عند الولادة,التشوهات في القرنية والتي تظهر عادة بعد الولادة وتظهر متأخرة لاحقا عند الأطفال والبالغين,الساد والذي إما أن يكون أحادي أو ثنائي الجانب ويظهر في السنين العشر الأولى من العمر,,,A,C
414,في الهيموفيليا A أي من الفحوص المخبرية التالية هو غير طبيعي,زمن النزف,عدد الصفيحات,زمن البروترومبين,زمن الترومبوبلاستين الجزئي,مولد الليفين,,B,D
415,العيب القلبي الخلقي الأكثر شيوعا هو,تضيق الصمام الأبهري,عيب في الجدار البطيني,تضيق الأبهر,رباعية فالوت,متلازمة قلبية ناقصة التنسج,,B,B
416,بالنسبة لكثرة الكريات الحمر الكروية الوراثية ما هي الإجابة الصحيحة,تحدث حصيات البيليروبين الصفراوية فقط عند الكبار,خطورة هذا المرض متفاوتة,لا ينصح بإعطاء حمض الورق في حالة كثرة الكريات الحمر الكروية الوراثية,ينصح باستئصال الطحال لكل أنواع هذا المرض,,,B,B
417,المعايير التشخيصية لمرض كاواساكي هي حرارة تدوم لأكثر من 5 أيام والتالي من العلامات السريرية الرئيسية باستثناء,تضخم عقد لمفية حاد غير متقيح في العنق مع قطر عقدة لمفية أكبر من 15 سم,لسان فراولة,التهاب ملتحمة متقيح,طفح متعدد الأشكال,تغيرات في الأطراف المحيطية,,A,C
418,في الوراثة الجسمية السائدة يمكن العثور على السمة الوراثية في أحد الوالدين و,25% من البنات و75% من الأبناء,25% من الأبناء و75% من البنات,50% من البنات و50% من الأبناء,عند البنات فقط,,,C,C
419,حضر طفل حديث الولادة وهو يعاني من ازرقاق وتسرع نفس خفيف بعد حوالي 6 ساعات من الولادة وضع الرضيع في مقنعة أوكسجين 100% وتطبيع الإشباع أي من التالي هو التشخيص الأكثر احتمالا لهذا الطفل,مرض قلبي خلقي ازرقاقي,مرض رئوي,مرض في الجهاز العصبي المركزي,استرواح الصدر,ميتهيموغلوبين الدم,,A,B
420,عند إجراء الفحص لفتاة صغيرة تبين أنها مصابة بالتهاب القزحية والجسم الهدبي عند سؤالها تبين أنها كانت تعرج منذ عدة أسابيع سابقة التشخيص الأكثر ترجيحا هو,داء كاواساكي,التهاب مفاصل رثيوي شبابي,حلأ بسيط,داء المقوسات,,,A,B
421,أنثى عمرها 8 سنوات بعد اصابتها بإنتان الطرق التنفسية العلوية نشأ لديها طفح بقعي حطاطي على الفك وينتشر على الجذع والذي تلاشى في اليوم الثالث بدون توسف وتضخم عقد لمفية خلف الأذن التشخيص هو,داء كاواساكي,إصابة حمامية,الحميراء,الحصبة,كل الأجوبة أعلاه غير صحيحة,,B,C
422,طفل عمره سنة واحدة لوحظ أنه لديه فقر دم صغير الكريات تبين من الرحلان الكهربائي للهيموغلوبين أن هنالك زيادة في تركيز الهيموغلوبين A2 هذا الطفل من المرجح مصاب ب,عوز الحديد,ثلاسيميا بيتا,فقر الدم المنجلي,مرض جهاز مزمن,التسمم بالرصاص,,B,B
423,طفل عمره 7 سنوات حضر إلى قسم الطوارئ بعد ثلاثة أيام من مشية غير ثابتة ذات حالة سيئة من التالي المظهر النمطي لمتلازمة غيلان-باريه هي,غياب المنعكسات الوترية العميقة,شرى,وهن العضلات القريبة,تدلي,كل الأجوبة أعلاه غير صحيحة,,A,A
424,طفل عمره 8 سنوات كان سابقا بصحة جيدة يعاني منذ 3 أسابيع من حرارة خفيفة مجهولة المصدر تعب خسارة وزن ألم عضلي وصداع تكرار الفحوص خلال هذا الوقت تبين أنه لديه نفخة قلبية حبرات ضخامة طحال خفيفة التشخيص الأكثر ترجيحا هو,حمى رثيوية,داء كاواساكي,حمى سكارلت,التهاب شغاف القلب جرثومي,داء السل,,B,D
425,رجل عمره 85 عاما يجري تقييمه بسبب صعوبات في المشي عند الفحص تبين غياب استقدام الحس العميق المفصلي في قدميه إحساس المفاصل في أصابع قدميه الأشخاص الذين يعانون من ضعف في إحساس التوجه سوف يسقطون عند محاولة الوقوف بكلتا قدميهم جنبا إلى جنب أي من التالي هو المفروض القيام به,ثني الرقبة,مد الذراعين إلى الأمام,ثني الركبتين,تدوير الرأس,إغلاق أعينهم,,C,E
426,امرأة عمرها 22 عاما تعاني من عتامة تتدرج عبر مجالها البصري الأيسر على مدى 30 دقيقة تليها ألم نابض في شق القحف الأيسر غثيان ورهاب الضوء لقد أفادت أن أخاها ووالدتها لديهما صداع مشابه أي من التالي هو موجود في حالة هذه المريضة وليس شائعا في الصداع النصفي,رهاب الضوء,النمط العائلي,أورة إبصارية,ألم في شق القحف,غثيان,,B,C
427,امرأة عمرها 32 عاما تعاني من الصداع لقد بدأ منذ 6 أشهر ويحدث بضع مرات بالأسبوع ويدوم إلى أن تغرق في النوم الألم ثابت ومركز في الجزءالأمامي والخلفي من الرأس الألم لا علاقة له بالاتجاه ويميل للأسوء أثناء اليوم هناك رهاب ضوئي خفيف أي من المظاهر التالية هو الأرجح,تراجع ضئيل في نطاق حركة الرقبة وايلام مجاور للعنق,وذمة حليمات,الرنين المغناطيسي للدماغ غير طبيعي,التصوير الطبقي المحوري للدماغ غير طبيعي,تخطيط الصدى الكهربائي للدماغ غير طبيعي,,C,A
428,رجل عمره 39 عاما عولج منذ سنة من خراج دماغي لقد شفي بشكل كبير ولكنه ما زال لديه صعوبة في انتقاء الكلمات أحيانا أي من التالي هو العرض الأكثر شيوعا عند المرضى المصابين بخراج دماغي,غثيان واقياء,رنح,صداع,تصلب رقبة,نوبات صرعية,,E,C
429,رجل عمره 37 عاما حضر وهو يشتكي من مضاعفات في الرؤية أظهرت الفحوص عمى الشقين صدغيين أي من الأورام التالية هو الأكثر رجحانا أن يكون مسؤولا عن هذه الظاهرة,ورم دبقي بصري,ورم نجمي قذالي,نزيف في جذع الدماغ,ورم في غدة النخامة,ورم سحائي في جناح العظم الوتدي,,A,D
430,امرأة عمرها 72 عاما أجرت تصوير طبقي محوري للرأس بسبب الصداع هناك ظهور لكتلة في الشق الأيسر مغطاة بفرط تعظم الجمجمة هي على الأرجح تعاني من أي من التالي,ورم سحائي,ورم في غدة النخامة,ورم نجمي,ورم شفاني,ورم أرومي وعائي,,C,A
431,مريض عمره 30 سنة أجريت له عملية جراحية منذ شهر بسبب التهاب زائدة دودية ويشكو من ألم وانتفاخ في البطن كل ما يلي يجعلك تشك بالإنسداد ما عدا,شدة الألم,التجشؤ,غياب انطلاق الغازات,الحبر,نوب مشابهة عابرة خلال هذا الشهر,,D,D
432,لقد طلب منك معاينة مريض عمره 65 سنة فاقد الوعي في غرفة الطوارئ أحضر إلى المستشفى بسيارة إسعاف يبدو شاحبا وأطرافه باردة ورطبة تبين أن النبض لديه 60 في الدقيقة وضغط الدم 45/70 والاشباع 96% على 4 لتر من الأوكسجين الضغط الوريدي المركزي مرتفع (14 سم H2O) ما هو التشخيص الأكثر رجحانا هو,الصدمة الانتانية,تعاطي الكوكائين,صدمة ذات منشأ قلبي,صدمة تأقية,صدمة ناتجة عن نقص حجم الدم,,E,C
433,رجل عمره 20 سنة تعرض لحادث سير ووجد في حالة ضائقة تنفسية لقد تم تنبيبه ووضع له قناع التهوية أخبرك طبيب التخدير أنه يحتاج لقوة من أجل تهوية المريض تبين عند التسمع أن هناك تراجع في دخول الهواء إلى الجانب الأيسر من الصدر القصبة الهوائية منحرفة نحو الجانب الأيمن أي من التالي هو الخيار الأكثر مناسبة لهذا المريض,الأشعة السينية للصدر,صورة مقطعية للقصبة الهوائية,تخفيف الضغط باستخدام قنية كبيرة على اليسار,تخفيف الضغط باستخدام قنية كبيرة على اليمين,إجراء تصريف للصدر,,C,C
434,حضرت سيدة بدينة عمرها 48 سنة وهي تعاني من ألم شبيه بالمغص في الربع العلوي الأيمن مترافق مع غثيان ونوبتين من التقيؤ تبين عند الفحص عدم وجود فقر دم أو يرقان درجة حرارتها 38 درجة مئوية هي تعاني من إيلام راجع وتشنج في عضلات جدار البطن في المربع العلوي الأيمن كريات الدم البيضاء 131 CRP 20 وفحوص وظائف الكبد طبيعية ما هو التشخيص الأكثر ترجيحا,التهاب المرارة الحاد,حصيات صفراوية,مغص صفراوي,التهاب القناة الصفراوية,التهاب الرتج,,A,A
435,أحضر شاب إلى قسم الطوارئ بسبب تعرضه لطعنة في البطن منذ ساعة لا يوجد نزيف خارجي كبير ضغط الدم 30/80 النبض 130 بالدقيقة ويبدو شاحبا الإجراء التالي هو,الاستحصال على سيرة مفصلة,طلب إجراء فوق الصوت للبطن,طلب إجراء صورة مقطعية,طلب إجراء صورة رنين مغناطيسي للبطن,التحضير لفتح بطن فوري,,B,E
436,رجل عازب عمره 22 سنة يشتكي من دوخة منذ بضعة أسابيع مترافقة مع غثيان وعدم توازن تبين من الفحص العصبي وجود رأرأة في جميع الاتجاهات مهاراته الحركية وإحساساته طبيعية وأيضا منعكساته الوترية العظمية أظهر الفحص العام وجود تصبغات جلدية مع ضغط شرياني 12/7 ودرجة حرارة 37 درجة مئوية ما هو الإجراء الذي تقترحه للتشخيص,تخطيط سمعي,صورة شعاعية للرقبة,بزل قطني,رنين مغناطيسي للدماغ,صورة أشعة للجمجمة,,B,D
437,سيدة عمرها 56 سنة سيرة طبية محددة حضرت وهي تشكو من انتفاخ بطني حديث تم التأكد بقوق الصوت من وجود استسقاء وكيسة على المبيض الأيمن 15 سم مع سماكة جدار مع وجود نوابت متعددة لكيسات داخلية من 2 إلى 3 سم أثناء أخذ تاريخ المريضة ما هو السرطان الذي ستبحث عنه في تاريخ عائلتها (إجابة واحدة),الصدر وبطانة الرحم,الصدر والمبيض,المبيض وبطانة الرحم,المثانة والمبيض,المثانة وبطانة الرحم,,C,B
438,طفل عمره شهر واحد يعاني عند الراحة من ازرقاق هام والذي يزداد عند البكاء (ازرقاق شديد) المظاهر السريرية عدم وجود ضيق تنفس أو تسارع نفس النفخة تصبح أعلى عند حافة القص العلوي الأيسر تصوير الصدر الشعاعي تناقص في الإشارات الوعائية الرئوية إن التشخيص الأكثر احتمالا هو,تضيق الصمام الأبهري,متلازمة القلب الأيسر ناقص التنسج,رباعية فالو,عيب كبير في الحاجز البطيني مع ارتفاع شديد في الضغط الرئوي,,,B,C
439,سيدة عمرها 64 سنة تعاني من داء سكري نمط 2 ارتفاع ضغط ورجفان أذيني مزمن حضرت وهي تشتكي من فقدان شهية غثيان وإقياء تتناول الإنسولين مثبطات خميرة الأنجيوتنسين المنقلبة ومضاد تخثر فموي أفادت بأنها قللت من جرعات الإنسولين مؤخرا بسبب هبوط سكر الدم وأوقفت الدواء الخافض للضغط بسبب هبوط ضغط الدم أظهرت فحوص الدم Hb 128 و HCT 40% و Na=132 و K=5 التشخيص الأكثر ترجيحا هو,احتشاء عضلة قلبية حاد,قصور حاد في الغدة الكظرية,وذمة رئوية حادة,نزيف وعائي دماغي حاد,نزيف هضمي,,B,B
440,رجل مريض عمره 25 سنة مدخن يشكو من ألم صدري مستمر منذ 3 ساعات يتحسن عند الانحناء للأمام الخطوة التالية في المعالجة هي,إعطاء مضادات التهاب غير ستيروئيدية وإرساله إلى المنزل,طلب البحث عن التهوية النضحية,طلب تخطيط صدى القلب,إعطاء نتروغليسيرين تحت اللسان وطمأنة المريض,طلب تقييم نفسي,,C,C
441,سيدة عمرها 75 سنة حضرت إلى قسم الطوارئ وهي تشتكي منذ ساعة من بدء مفاجئ بضعف في الجانب الأيسر من مع إفتراض أن جميع الصور الشعاعية هي متوفرة فورا وليس هناك مضادات استطباب لطرائق التصوير التالية ما هو الفحص الذي يجب إجراؤه في البداية بإحالة الرعاية السريرية الروتينية,تصوير مقطعي لأوعية الرأس والرقبة,تصوير مقطعي للرأس بدون أشعة,رنين مغناطيسي للدماغ,رنين مغناطيسي للرأس ورنين مغناطيسي لأوعية الرأس والرقبة,تصوير مقطعي للرأس مع أشعة,,E,B
442,رجل رياضي عمره 20 سنة يشكو من ألم وتورم في الركبة تالي لرضحة استدارية ناتجة عن اللعب بكرة القدم الصور الشعاعية سليمة التشخيص الأكثر ترجيحا هو,تمزق في الهلالة الإنسية,تمزق في الهلالة الوحشية,تمزق في الرباط المتصالب الأمامي,تمزق في الرباط المتصالب الخلفي,,,C,A
443,سيدة عمرها 35 سنة خضعت منذ أسبوع لعملية استئصال المرارة بالمنظار حضرت إلى قسم الطوارئ لأنها تعاني منذ 3 أيام من الألم البطني الغثيان الإقياء واليرقان أي من التالي هو التشخيص الأكثر ترجيحا,إصابة القناة الصفراوية مع تجمع الصفراء داخل البطن,غثيان انزعاج طبيعي بعد العمل الجراحي,علوص أو انسداد معوي بعد العمل الجراحي,إصابة الإثني عشر مع تسرب,,,A,A
444,إن العامل الممرض المسؤول عن الانتانات الرئوية التالية لزرع الأعضاء عند مرضى العوز المناعي هو,المكورات العنقودية البشروية,المستدميات النزلية,المطثيات الوشيقية,المكورات العقدية الرئوية,المتكيسة الرئوية الكارينية,,B,E
445,أي من الحالات التالية تستدعي تدخلا طبيا للولادة القيصرية,التهاب الكبد الفيروسي ج,ولادة قبل الأوان,ولادة قيصرية سابقة,الحمل بتوأم الأول من ناحية المؤخرة والثاني من ناحية الرأس,الحمل بتوأم الأول من ناحية الرأس والثاني من ناحية المؤخرة,,C,D
446,شاب عمره 18 عاما حضر إلى قسم الطوارئ بسبب جرح طعنة على يمين القص في المسافة بين الضلع السادس ضغطه الدم هو 80 ملم زئبق لوحظت أصوات قلب خافتة ونبضات متناقضة تبين من التسمع في الجهة اليمنة من الصدر تناقص في صوت النفس أي من التالي يجب أن يكون هو التدبير العلاجي البدئي لهذا المريض,رشف لجوف الصدر الأيمن,نقل دم,تصوير طبقي محوري للصدر,فتح الصدر,تنظير الصدر,,B,A
447,اي من المظاهر التالية لاشعة الصدر السينية هي الاكثر تطابقا مع تشخيص داء الانسداد الرئوي المزمن,فرط انتفاخ سماكة قصيبية,رشحات رخفة في محيط النقير,انصباب جنبي خط كيرلي ب,عتامة عقدية منتشرة,ظلال زجاجية سفلية,,D,A
448,إن الاضطراب البصري المبكر عند مريض مصاب بورم في الغدة النخامية هو,وذمة حليمة,عمى الشقين الصدغيين مماثل الجانب,عتمة مركزي احادي العين,تفاوت الحدقتين,تدلي الجفن,,C,B
449,أحضر رجل عمره 83 عاما إلى قسم الطوارئ بعد تعرضه لسقوط مع رضة في الرأس هو لا يستجيب يظهر التصوير الطبقي المحوري للرأس وجود مساحة مقعرة لامعة تقع بين الدماغ والجمجمة إن التشخيص الأكثر ترجيحا هو,ورم دماغي,ورم دموي فوق الجافية,سكتة دماغية نزفية,ورم دموي تحت الجافية,ارتجاج الدماغ,,E,B
450,رجل عمره 78 عاما أحضر إلى قسم الطوارئ بعد أن أغمي عليه في جنازة في الطوارئ كان متنبها وموجهافي عضون ذلك عائلته لم تلاحظ حركات متشنجة غير طبيعية ما هي الخطوة التالية في إدارة هذا المريض,تصوير مقطعي بالإصدار البوزيتروني,فحص الجهد,تخطيط قلب كهربائي,تصوير الأوعية الدموية الرئوية,لا شيء؛ هذا المريض قد أغمي عليه ويمكن إرساله إلى المنزل الآن وقد تعافى,,C,C
451,امرأة عمرها 32 عاما حضرت إلى قسم الطوارئ بعدما أفيد عن تناولها جرعة كبيرة من الهيروئين هي لا تستجيب لديها تضيق حدقة ومعدل تنفس 6 أنفاس / دقيقة أي من التالي يجب إعطاؤه,أتروبين,إيتانول,فلومازينيل,ن-أستيل سيستئين,نالوكسون,,E,E
452,أي من التالي لا يسبب انقلاب في موجة T عند تخطيط القلب الكهربائي,فرط بوتاسيوم الدم,حجب فرع الحزمة اليسرى,تضخم البطين الأيسر,احتشاء عضلة القلب,إقفار عضلة القلب,,C,A
453,رجل عمره 48 عاما حضر وهو يشكو من الم في شرسوفي لقد بدأ فجأة ووصل إلى ألم ثابت يلتف الظهر لقد أفاد عن غثيان تقيؤ واسهال لقد لاحظت عائلته انه كان بحالة يرقان منذ 3 أيام لكن تبيين أن هذه الحالة قد إنتهت عند الفحص كان لديه ارتفاع بالحرارة انعكاسات وألم شرسوفي لديه سيرة مرضية قديمة بالربو ما هو التشخيص الأكثر احتمالا,التهاب الزائدة الدودية الحاد,التهاب المرارة الحاد,التهاب البنكرياس الحاد,التهاب الرتج,احتشاء عضلة القلب,,C,C
454,رجل عمره 25 عاما حضر إلى العيادة لتقييم العقم لديه سيرة حياة طويلة من السعال المنتج والإنتانات الرئوية المتكررة عند مراجعة أعراضه أشار إلى مشاكل مزمنة مع ألم بطني إسهال وصعوبة في كسب الوزن هو أيضا مريض سكري صورة صدره الشعاعية تقترح توسع قصبات ما هو التشخيص الأكثر احتمالا,انسداد رئوي مزمن,انتان جهاز تنفسي علوي,تليف كيسي,نزف رئوي داخلي,ربو,,A,C
455,في الأطفال > 2 سنوات أي من التالي حول نقص الأكسجين هو خطأ,يمكن أن يسبب نوبات اختلاجية,يمكن أن يؤدي إلى كثرة كريات الدم الحمر,التحويلة من البطين الأيسر إلى الأيمن عبر عيب الحاجز البطيني يمكن أن يسبب نقص الأكسجين,كثرة الشبكيات هو شائع,,,D,C
456,طفل يبلغ من العمر 4 سنوات في العيادة الخارجية بسبب إرتفاع قلبل لدرجة الحرارة وطفح جلدي بدأ منذ يومين الطفح المترافق بحكة بدأ أساسيا على الرأس وانتشر على الجذعالآفات كانت بالأساس حطاطات ثم أصبحت حويصلية وتحولت أخيرا إلى بثرة تشاهد الآفات في المراحل الثلاثة ما هو التشخيص الأكثر احتمالا,الجدري,الحماق النطاقي,جدري الماء,الداء الخامس,,,C,C
457,ذكر مراهق يبلغ من العمر 14 عاما يعاني من طفح جلدي مترافق بحكة شديدة في اليدين القدمين والأعضاء التناسلية هناك نقب خطية في ثنايا اليدين و القدمين وعقيدات على كيس الصفن ما هي العضوية المسبب لهذه الظاهرة,القارمة الجربية,ناخس الجلد المتبدل,بق الفراش,قمل الرأس البشرية,,,C,A
458,طفل يبلغ من العمر 3 سنوات يعاني من ثر أذني منذ وقت بأي من التالي يمكن الشك,خراج خلف البلعوم,خراج مجاور للبلعوم,التهاب الخشاء,التهاب اللوزتين,,,B,C
459,فتاة تبلغ من العمر 17 عاما دخلت إلى قسم الطوارئ بناء على طلب طبيبها المعالج وهي تعاني من حرارةعسر تبول وإقياء منذ 3 أيام هي تنفي إفراز مهبلي ألم في البطن أو إسهال هي نشطة جنسيا مع صديقها العلامات الحيوية هي كالتالي الحرارة = 394°C النبض = 20 الضغط = 98/65 النبض = 100 تبدو مريضة وغير قادرة على تحمل السوائل لكن هي في حالة تأهب وتوجه فحصها السريري إيجابي لإيلام ثنائي الجانب في الزاوية العانية و الضلعية الفقرية يظهر من تحليل البول العديد من كريات الدم البيضاء و الجراثيم وهو إيجابي الإسطوانات من كريات الدم البيضاء واستراز الكريات البيضاء نتائج الفحوص المخبرية الأخرى في الحدود الطبيعية بما في ذلك فحص حمل سلبي ما هو التشخيص المرجح,التهاب الحويضة والكلية,تحصي كلوي,التهاب الزائدة الدودية,حمل منتبذ,التهاب كلية خلالي حاد,,A,A
460,رجل يبلغ من العمر 32 عاما ويحضر إلى قسم الطوارئ مع شكوى من ألم شديد في أسفل الظهر لمدة 5 أسابيع يذكر أن الألم يكون أكثر شدة عند الاستيقاظ في الصباح ويتحسن تدريجيا مع ممارسة الرياضة على مدار اليوم لا يمكنه تذكر أي إصابة أو صدمة في ظهره عندما بدأ الألم ينفي وجود أي ألم أو تنميل في الأطراف السفلية وظيفة الأمعاء والمثانة طبيعية يظهر الفحص السريري رجل يعاني من زيادة وزن متوسطة و بعض الكرب هو يعاني من إيلام قليل جدا عند الجس في أسفل ظهره الفحص العصبي طبيعي ما هي الخطوة التالية الأنسب في تدبير هذا المريض,تسخين موضعي,علاج فيزيائي,مضاد التهاب غير ستيروئيدي,حقن ستيروئيد فوق الجافية,استئصال صفيحة فقرية جراحي,,C,C
461,طفل يبلغ من العمر 5 سنوات يعاني من صعوبة في التنفس والبلع عند الفحص السريري تبين أن الطفل مصاب بحمى وتسارع قلب وتسارع تنفس هو قلق يسيل لعابه وأصبح منهكا بشكل متزايد بينما هو يكافح من أجل التنفس ما هو التدبير العلاجي الأنسب لهذا المريض,فحص جوف الفم في السرير,مضاد حيوية وريدي و نقله إلى المستشفى,تنبيب رغامي فوري في قسم الطوارئ,تنبيب رغامي فوري في غرفة العمليات,,,B,D
462,لأي من الأسباب التالية يستخدم عادة عامل فعال على السطح خارجي المنشأ عند حديثي الولادة,الرضيع يعاني من انخفاض وزن عند الولادة وضائقة تنفسية,لمنع متلازمة ضائقة للرضع الخدج,حديث الولادة تم تشخيصه مرض غشاء الهيالين,كل الأجوبة أعلاه صحيحة,كل الأجوبة أعلاه غير صحيحة,,D,D
463,فتاة تبلغ من العمر 22 عاما تحضر إلى قسم الطوارئ مع ظهور مفاجئ لطفح جلدي و إرتفاع حرارة و إقياء العلامات الحيوية هي كالتالي حرارة 40 درجة مئوية سرعة القلب 118 سرعة التنفس 22 ضغط الدم 76/40 نقياس التأكسج 98% في جو الغرفة عند الفحص السريري هي تبدو مربكة و مشوشة بشرتها دافئة وهناك طفح بقعي منتشر على جسمهالقد تم قبولها إلى وحدة العناية المركزة وبعد ذالك تطور خلل وظيفي عضوي متعدد الأجهزة أي من العضويات التالية من المرجح متورطة في تشخيص هذا المريض,المكورات العقدية القيحية,النايسريا السحائية,المكورات العنقودية الذهبية,مكورات عقدية رئوية,ريكتسيا,,C,C
464,رجل يبلغ من العمر 33 عاما حضر إلى العيادة وهو يعاني من ألم في الصدر لمدة 4 أيام يلتف الألم نحو الجانب الأيمن من الرقبة وهو يسوء بالشهيق العميق ويتحسن بالانحناء إلى الأمام كان لديه حرارة وسعال قبل عدة أسابيع وقد تحسنت منذ ذلك الحين هو غير حروري ضغط الدم 130/85 والنبض 88 عند الفحص السريري سمع صوت خادش على الحدود القصية اليسرى عند الزفير تخطيط القلب الكهربائي يظهر ارتفاع ST في اتجاه I II III aVL و V2 إلى V6 لقد تم تقديم علاج لهذا المريض ولكنه يرفض جميع الأدوية أي من التالي هو من المضاعفات الأكثر شيوعا إذا بقي هذا المرض دون علاج,اندحاس قلبي,التهاب تامور راجع,التهاب التامور المضيق,تمزق الجدار الحر البطيني,قصور صمامي,,D,B
465,"امرأة تبلغ من العمر 52 عاما تعاني من داء سكري وفرط ضغط الدم تحضر إلى قسم الطوارئ وهي تشكو من حرارة وقشعريرة وألم بطني لقد بدأت الأعراض منذ حوالي أسبوع و أصبحت تزداد سوءا يترافق الألم البطني مع غثيان وإقياء ولم تتمكن من تناول الطعام عند الفحص كانت درجة حرارتها 389 درجة مئوية وضغط الدم 104/68 ملم زئبق سرعة القلب 94/د وسرعةالتنفس 16/د يكشف الفحص البطني عن ألم على الحهة اليمنى عند الجس العميق و إيلام شديد في الزاوية الضلعية الفقرية اليمنى يظهر الفحص المخبري زيادة في عدد الكريات البيضاء (15,400/مم3) و يظهر تحليل البول كريات دم بيضاءأسطوانات كريات دم بيضاءبروتين وجراثيم على الرغم من إعطائها سيفترياكسون الوريدي لمدة 5 أيام لا تزال المريضة تعاني من ارتفاع في درجة الحرارة زرع بول المريضة هو إيجابي للإشريكيات القولونية وحساسة لسفترياكسون وسيبروفلوكساسين ما هي الخطوة التالية الأنسب في االتدبير العلاجي",خزعة الكلى,مسح طبقي محوري مع مادة ظليلة,مواصلة المضاد الحيوي الحالي,إيقاف سفترياكسون وبدء بسيبروفلوكساسين,إيقاف سفترياكسون وإعادة زرع البول,,C,B
466,أي من النفخات القلبية التالية تشير إلى وجود عيب صغير في الحاجز البطيني عند ذكر يبلغ من العمر 13 عاما,نفخة كبيرة شاملة للإنقباض في المساحات الوربية الثالثة والرابعة على طول الحافة القصية اليسرى,نفخة قذفية انقباضية في الحافة القصية اليسرى مع دمدمة انبساطية,نفخة شاملة للإنقباض مسموعة بين عظم الكتف,نفخة انقباضية-انبساطية مستمرة,,,B,A
467,العلاج المناسب لالتهاب التامور القيحي يتطلب,كورتيكوستيروئيدات,أسبرين,غلوبيولين مناعي وريدي,تصريف جراحي,كل الأجوبة صحيحة,,E,D
468,رجل يبلغ من العمر 35 عاما يشكو منذ 6 أشهر من تعب وسبات تاريخه الطبي غير ملحوظ هو ينفي تغوط أسود أو رضة حديثة أو إجراء جراحي هو يذكر أنه لا يشرب الكحول ولا يدخن ولا يأخذ أي دواء تاريخه العائلي لا يعول عليه هو يبدو جيد التغذية العلامات الحيوية هي كالتالي سرعة التنفس = 16 ضغط الدم = 130/80 هيماتوكريت = 70 نتائج الفحوصات المخبرية هي كالتالي هيموغلوبين = 76 هيماتوكريت = 228% وحجم الكرية الوسطي = 68 باقي نتائج الفحوصات المخبرية طبيعية ما هي الخطوة التالية الأفضل في التدبير العلاجي لهذا المريض,دراسة الحديد المصل,رحلان كهربائي للهيماتوكريت,مستويات الرصاص في المصل,لطاخة دم محيطي,اختبار غاياك للبراز,,D,A
469,امرأة تبلغ من العمر 37 عاما تحضر إلى عيادتك وهي تشكو من تعب خلال الأشهر القليلة الماضية ليس لديها أي شكوى أخرى بعد دراسة تاريخها الطبي الشامل أفادت عن إمساك خفيف ليس مزعجا بالنسبة لها هي تفيد عن 5 أرطال زيادة وزن على مدى ستة أشهر والتي تعزوها إلى حياة أكثر استقرارا في الآونة الأخيرة بسبب تعبها وسباتها الفحص السريري غير ملحوظ؛ غدتها الدرقية تبدو متضخمة على الرغم من أن وجهها يبدو منتفخا قليلا أي من التالي هو الخطوة الأفضل في تدبيرها العلاجي,مستوى T4 الحر,مستوى الهرمون المحرض للدرق (TSH),مستوى تيروغلوبولين,فحص امتصاص اليود المشع,خزعة,,B,B
470,أي من العلامات التالية غير موجودة في داء كاواساكي,التهاب العقد اللمفاوية العنقية,لسان الفريز,التهاب ملتحمة أحادي الجانب نضحي,تورم اليدين والقدمين,,,B,C
471,فتى يبلغ من العمر 15 عاما حاول الانتحار بتناول دواء مضاد للاكتئاب ثلاثي الحلقة ما هو السبب الأكثر شيوعا للوفاة بعد تناول هذا الدواء,تثبيط تنفسي,لا نظمية قلبية,فشل كبدي,فشل كلوي,,,B,B
472,فتى يبلغ من العمر 3 سنوات ذات نمو طبيعي يعاني من تأخر في النطق وصعوبة في التواصل والتركيز إنه لا يعمل على تكوين أصدقاء التشخيص الأكثر احتمالا هو,توحد,تأخر عقلي,خلل القرائة,كل الأجوبة غير صحيحة,,,A,A
473,مريضة في الأسبوع 38 من الحمل تفيد في حالة ذعر بأنها تعاني من نزيف مهبلي ولكن لا تعاني من ألم أو تقلصات أي من الحالات التالية هي الأكثر ترجيحا أن تكون مسؤولة عن هذا السيناريو,خسارة دم,نضوج عنق الرحم,مشيمة ملتصقة,مشيمة منزاحة,,,B,D
474,تشمل المتلازمة الانحلالية واليوريمية,انخفاض عدد الصفيحات,فقر دم نقص الحديد,ارتفاع مستوى هابتوغلوبين,بوال,كل الأجوبة أعلاه غير صحيحة,,E,A
475,النزيف الذي ينتج عن الإنعكاس المناسب للهيبارين بالروتامين هو يحدث عادة بسبب,سمية البروتامين,ارتداد الهيبارين,انخفاض الحرارة,نقص الصفيحات,نقص العامل VIII,,A,B
476,امرأة تبلغ من العمر 39 عاما تحضر إلى عيادتك مع تاريخ من 3 سنوات من الصداع يحدث مرة إلى مرتين في الأسبوع ويستمر لعدة ساعات نوبات الصداع نابضة وعادة ما يكون في الجانب الأيسر خلال هذه النوبات تكون المريضة عاجزة ويجب أن تستلقي في غرفة مظلمة لعدة ساعات هي حساسة للضوء أثناء النوبات ولا تستطيع التحرك بسبب الألم هي غالبا ما تشعر بالغثيان وقد تقيأت في عدة مناسبات يبرز في تاريخها الطبي أنها تعاني نقص نشاط درق والذي تعالجه باليفوتيروكسين فحصها السريري غير ملحوظ ولكن المريضة تفيد بأن آخر صداع كان مماثلا و قد بدأت بالإقياء في نهاية الفحص السريري ما هي الخطوة التالية المناسبة في تدبير هذه المريضة,بروبرانولول,أميتريبتيلين,كلوربرومازين,فيراباميل,سوماتريبتان,,E,C
477,أي من التالي هو فحص تشخيصي معقول عند مريض يعتقد أنه يحتمل أن يكون لديه حثل دوشين العضلي,تخطيط عضلة كهربائي,مستويات كرياتين فوسفو كيناز,فحوص التوصيل العصبي,تفاعل سلسلة بولي ميراز,,,B,B
478,حديث ولادة يعاني من موه رأس تكلسات داخل الجمجمة والتهاب الشبكية والمشيمية تشخيصك هو,حلا ولادي,توكسوبلاسم خلقي,سفلس خلقي,جدري خلقي,,,B,B
479,رجل يبلغ من العمر 54 عاما لديه تاريخ من ورم غدة جارات الدرق يقدم إلى قسم الطوارئ مع ألم شديد في ركبته اليمنى يقول إن الألم شديد ولا يطاق وهو في ضائقة واضحة عند الفحص السريري هناك ايلام حاد حمامى وتورم في مفصل الركبة اليمنى وتبدو ساخنة جدا عند اللمسلقد بدأ الألم فجأة قبل بضع ساعات ينفي أي نوبات سابقة أو ألم في أي مفاصل أخرى ينفي أي كدمة يبرز في تاريخه الطبي أنه يعاني من التهاب مفاصل وعظام في ركبته اليسرى والذي يتناول من أجله الإيبوبروفين يشرب 6 إلى 7 أكواب من النبيذ يوميا لا يتناول أي أدوية أخرى العلامات الحيوية كما يلي درجة الحرارة = 1005 درجة فهرنهايت سرعة التنفس = 16 ضغط الدم = 140/85 النبض = 78 ما هي الخطوة الأفضل في تدبير علاج هذا المريض,إندوميتاسين,شفط من المفصل مع تحليل السائل الزلالي,مستويات حمض البول,أشعة سينية للركبة,,,B,B
480,امرأة تبلغ من العمر 49 عاما تحضر إلى قسم الطوارئ وهي تشتكي من ألم شرسوفي و في الربع العلوي الأيمن من البطن بدأت أعراضها قبل 3 أيام لكنها تفاقمت تدريجيا خلال ال 12 ساعة الماضية تسوء أعراضها مع وجبات الطعام كان لديها نوبتان من القيء في ال 12 ساعة الماضية وهي تشعر بالغثيان حاليا يبرز في تاريخاه الطبي السابق مرض السكري والتهاب المفاصل و عظام وارتفاع ضغط الدم درجة الحرارة = 1023 درجة فهرنهايت ضغط الدم= 146/80 النبض = 110 سرعة التنفس = 16 عند الفحص السريري هناك ألم شديد في الربع العلوي الأيمن عند الجس العميق والأكثر وضوحا عند الجس بعد الشهيق العميق تضعف أصوات الأمعاء تستلقي المريضة على جانبها ممسكة بحوض القيء أي مما يلي يسبب هذا الاضطراب لدى المريضة,مرض كبدي كحولي,انسداد حصاة صفراوية في القناة الكيسية,انسداد من سرطانة في الرأس البنكرياس,انسداد حصاة صفراوية في القناة الصفراوية المشتركة,التهاب بنكرياسي,,D,B
481,امرأة تبلغ من العمر 31 عاما تحضر إلى عيادتك تشكو من العديد من الأوجاع و الآلام العضلية الهيكلية بما في ذالك ولكن لا تقتصر على كتفيها مرفقيها ركبتيها عنقها وأردافها لقد كانت تعاني من هذه الأعراض لمدة لا تقل عن سنة لا تنام جيدا عندما يكون الألم شديدا ولا تشعر بأي راحة مع مضادات الالتهاب غير الستيروئيدية لقد حاولت ممارسة المزيد من التمارين الرياضية لكن الألم مستمر عند الجس لديها ايلام ملحوظ على كلا جانبي اللقمة الجانب الأمامي من كتفها الأيسر الجانب الطبي من ركبتها اليمنى خلف رقبتها والمدور الكبير الأيسر لا يوجد أي كدمات في أي من المواقع المذكورة أعلاه نتائج الفحوصات المخبرية الروتينية طبيعية ما هي الخطوة التالية الأنسب في التبير العلاجي هذه المريضة,بريدنيزون,نابروكسين,أميتريبتيلين,كولشيسين,حقن ستيروئيدية,,C,C
482,رجل يبلغ من العمر 52 عاما مع تاريخ طويل من تعاطي الكحول أحضر إلى قسم الطوارئ من قبل زوجته بسبب إقياء مدمى لقد تقيأ دم أحمر ساطع على الأقل مرتين هذا الصباح يبرز من تاريخه الطبي السابق أنه يعاني من تشمع كبدي ارتفاع ضغط الدم التهاب مفاصل هو لم يتقيأ من قبل عند الفحص السريري يبدو المريض مستيقظا ولكنه متوتر وهو بحالة معتدلة إعادة التعبئة الشعرية المتأخرة موجودة بمقدورك تحديد أنه قد تقيأ ما يقرب من 2 لتر من الدم على مدى الساعات الست الماضية العلامات الحيوية هي الحرارة = 992 ضغط الدم = 58/90 سرعة القلب = 134 سرعة التنفس = 20 يظهر مقياس التأكسج بالنبض 98% من الأوكسجين في جو الغرفة ما هي الخطوة التالية الأنسب في التدبير العلاجي لهذا المريض,تنظير هضمي العلوي الفوري,إعطاء السوائل,الفحص المصلي للملوية البوابية,مثبط مضخة البروتون وريدي,التطمين,,B,B
483,أي من العبارات التالية حول أسباب متلازمة غيلان-باريه صحيحة,العدوى الأخيرةالأكثر شيوعا هي العطيفة الصائمية,يمكن أن يكون سببه فيروس الحلأ البسيط,يمكن أن تحدث مع استخدام الستيروئيد لفترة طويلة,عادة ما تتبع التهابات المسالك البولية,,,C,A
484,طفل يبلغ من العمر سنة واحدة شوهد في قسم الطوارئ لقد قالت والدته أنه كان عصبيا ولا يأكل وهو يعاني من حمى وسبات تظهر الفحوص أن الثني السلبي للرقبة هو مستحيل ما هي الخطوة التالية في رعايته,أشعة سينية للورك,مسح للعظام,بزل قطني,رنين مغناطيسي للدماغ,,,C,C
485,امرأة تبلغ من العمر 43 عاما مع تاريخ بداء كروهن تحضر إلى قسم الطوارئ بعد أربع ساعات من ألم في الخاصرة اليسرى يلتف نحو الإربية اليسرى الألم كان مفاجئا في البدء ولكنه كان خفيفا مع ذلك لقد بدأ بالتزايد في الشدة على مدى 2 إلى 3 ساعات الماضية الألم الآن ثابت ومؤلم هو مترافق مع غثيان وإقياء ولكن المريضة نفت وجود حرارة / قشعريرة لقد نفت مشاهدة دم في بولها تاريخها الطبي غير بارز العلامات الحيوية هي كالتالي الحرارة = 368 سرعة التنفس = 24 ضغط الدم = 88/148 النبض = 93 عند الفحص السريري المريضة في ضائقة واضحة وهي تتلوى من الألم تعاني من إيلام على طول الخاصرة اليسرى وغير ذلك فإن الفحص غير ملحوظ يظهر تحليل البول +2 هيم تظهر رسابة البول عدم وجود أسطوانات ولكن هناك العديد من كريات الدم الحمراء وقليل من كريات الدم البيضاء في الحقل ذات القوة العالية يظهر الفحص المخبري التالي كريات الدم البيضاء 82 الهيموغلوبين 119 هيماتوکریت 361 بولة نيتروجين الدم 14 كرياتنين 09 اختبار الحمل في البول هو سلبي ما هو التشخيص الأكثر ترجيحا,التهاب الحويضة والكلية,تحصي الكلية,التهاب الزائدة الدودية,الحمل منتبذ,التهاب البنكرياس,,C,B
486,امرأة تبلغ من العمر 41 عاما تعاني من ارتفاع ضغط الدم تحضر إلى عيادتك لإجراء فحص روتيني إنها المرة الأولى التي تأتي فيها لزيارتك لأنهاانتقلت مؤخرا وتأتي للإهتمام برعايتها الصحية هي تتناول أدوية خافضة للضغط لكنها لا تستطيع تذكر أسماءها في زيارة اليوم كان ضغط دمها 142/96 هي بدون أعراض باستثناء تورم الساقين الفحص السريري يكشف عن وذمة ثنائية الجانب في الأطراف السفلية هي تدخن علبة سجائر يومياو تاريخها 20 رزمة في السنة تاريخ العائلة سلبي تركيز الكوليسترول الكلي في الدم هو 175 ملغ / دسل و HDL هو 40 ملغ / دسل نتائج الفحص المخبري الروتيني ضمن الحدود الطبيعية أي دواء من المرجح أن يكون مسؤولا عن شكوى هذه المريضة,أملوديبين,ميتوبرولول,هيدروكلوروتيازيد,ميتفورمين,غليبيزيد,,C,A
487,الفحص التشخيصي الأكثر حسما في مرض فردنج- هوفمان هو,تخطيط عضل كهربائي,خزعة عضلية,كرياتين كيناز المصل,فحص جيني جزئي,دراسة التوصيل العصبي الحركي,,B,D
488,"امرأة تبلغ من العمر 78 عاما تحضر إلى عيادتك إجراء فحص روتيني شكواها الوحيدة هي حريق عند التبول والذي يحدث منذ عدة أسابيع يبرز في تاريخها الطبي ارتفاع ضغط الدم وداء السكري لديها أربع أطفال جميعهم ولادتهم طبيعية تشمل أدويتها هيدروكلور تيازيد من أجل ارتفاع ضغط الدم أنسولين وأسبيرين يوميا هي تضع حفاضات للكبار لأنها تسرب حجم كبير من البول خلال اليوم حيث لا يمكنها للوصول إلى الحمام في الوقت المناسب الفحص السريري غير ملحوظ العلامات السريرية غير ملحوظة نتائج الفحوص المخبرية هي ضمن الحدود الطبيعية ما عدا مستوى غلوكوز الدم العشوائي بمقدار 210 يظهر تحليل البول نتريت إيجابي وجراثيم هي تتناول مضاد حيوي فموي لعلاج التهاب المسالك البولية بعد إتمام جرعة المضاد الحيوي شاركت في سباق وشعرت ب""فقعة"" فوق كعبها مترافق مع ألم شديد هي تعاني من ألم وصعوبة ثني الأخمص في القدم المصابة أي من المضادات الحيوية التالية هو المرجح أن يكون مسؤولا عن هذه الحالة",تريميتوبريم-سلفاميتوكسازول,ميترونيدازول,توبراميسين,سيبروفلوكساسين,أزيترومايسين,,A,D
489,امرأة تبلغ من العمر 33 عاما تحضر إلى العيادة تشكو من الأرق وصعوبة التركيز في العمل لعدة أسابيع أفادت بفقدان وزن قدره 9 كجم خلال الشهرين إلى الثلاثة أشهر الماضية على الرغم من تناولها المزيد من الطعام عند سؤالها أفادت بأنها تشعر غالبا بسخونة وتعرق في العمل وفي المنزل تنفي ألم الصدر أو الخفقان ولكنها تعاني من الإسهال بشكل متكرر العلامات الحيوية هي درجة الحرارة = 372 درجة مئوية معدل التنفس = 15 ضغط الدم = 130/80 النبض = 98 تبدو قلقة عند الفحص السريري كانت بشرتها دافئة ورطبة لديها رعشة خفيفة في اليد عند جس الغدة الدرقية لوحظ غدة درقية ذات ضخامة منتشرة و هي غير طرية ما هي الخطوة التالية الأفضل في التدبير العلاجي,مستويات T4 الحر,مستوى هرمون المنبه للدرق,مستوى تيروغلوبولين,فحص امتصاص اليود المشع,خزعة بطريقة الشفط بالإبرة الدقيقة,,B,B
490,حديث ولادة كامل أصيب بازرقاق معزول بعد ساعات قليلة من الولادةلم يحسن إعطاء الأكسجين من اللون أو اشباع الأوكسجين ما هو التشخيص الأكثر ترجيحا,عيب الحاجز الأذيني,عيب الحاجز البطيني,القناة الشريانية السالكة,تضيق الأبهر,ه تغيير وضعية الأوعية الكبيرة,,C,E
491,سرطان المبيض أي من العوامل التالية تزيد من خطر الإصابة بسرطان المبيض,انقطاع طمث مبكر,بدء إحاضة متأخر,تعدد أجنة,عدم الولادة,حبوب منع حمل,,D,D
492,العدوى في الحمل امرأة تبلغ من العمر 27 عاما في الأسبوع 19 من الحمل هي تعاني من أعراض تشبه الإنفلونزا لمدة 3 أيام مع طفح جلدي بقعي على جسدها عندما يحصل طبيبها على النتائج المصلية يخبرها أن طفلها في خطر متزايد من الصمم الحسي العصبيالساد مرض قلبي خلقي صعوبة تعلم ضخامة كبد و طحال و صغر الرأس ما هو العامل المسبب الأساسي,جدري الماء,فيروس المضخم للخلايا,ليستيريا,الفيروسة الصغيرة,فيروس الحميراء,,C,E
493,النزيف أثناء الحمل امرأة خروس تبلغ من العمر 39 عاما تحضر للولادة في الأسبوع 39 من الحمل لقد نسيت ملاحظاتها تشكو من نزيف مهبلي غزير غير مبرر وغير مؤلم عند الفحص السريري لديها بطن لين دون إيلام والرأس غير دموج هي تمرر جلطات في المهبل لديها معدل نبض 112/دقيقة وضغط الدم 56/96 ملم زئبق مراقبة القلب غير مطمئنة ما هو التشخيص الأكثر احتمالا,شتر عنق الرحم الخارجي,انفصال المشيمة,المشيمة المنزاحة,تمزق الرحم,نزيف الأوعية,,B,C
494,نزيف ما بعد الولادة أي من التالي هو السبب الأكثر شيوعا لنزيف ما بعد الولادة الأولي,رحم وان,تخثر متناثر داخل الأوعية,عدوى,رضحة عجانية,قطع مشيمة محتجزة,,E,A
495,العلامات الأولية أو الشائعة المشاهدة عن اضطرابات نقص المناعة تتضمن كل ما يلي ما عدا,تأخر النمو,عدوى متكررة,عدوى مزمنة,ربو,ضعف الاستجابة لعلاج بمضاد حيوي,,A,D
496,يجب أن يبدأ علاج الحساسية المفرطة بأي من الأدوية التالية,حقنة ستيروئيد,مضاد هيستامين,حقنة أدرينالين,كل الأجوبة أعلاه غير صحيحة,,,C,C
497,الوظيفة الأساسية للألدوستيرون هي,تحويل مولد الأنجيوتونسين إلى أنجيوتونسين,إنقاص إعادة امتصاص الكلوريد في النبيب الكلوي,إنقاص إفراز البوتاسيوم في النبيب الكلوي,زيادة إعادة امتصاص الصوديوم في النبيب الكلوي,زيادة إفراز الرينين بواسطة الجهاز المجاور للكبيبة,,C,D
498,فيما يتعلق بالعلاج بالتاموكسيفين كل ما يلي صحيح ما عدا,إنه يزيد من خطر حدوث خثار وريدي عميق,إنه يزيد من خطر حدوث سرطان بطانة الرحم,إنه يزيد من خطر حدوث هشاشة عظام,إنه يزيد من خطر حدوث ساركوما رحم,يمكن أن يسبب هبات ساخنة,,C,C
499,طفل يبلغ من العمر 2 سنة قد ابتلع كميات سامة من الحديد العلامة الأولى التي سيتم ملاحظتها خلال الساعة الأولى هي,إقياء وإسهال مدمى,رعاش اختلاج وغيبوبة,فرط التهوية,حبرة ونزيف من اللثة,هلوسة,,A,A
500,خلال الحجب العصبي بالليدوكائين يشكو المريض من وخز حول فمه وشفتيه ما هو العرض التالي المتوقع في تطور سمية الليدوكائين,نوبات اختلاج,تثبيط تنفس,هلوسة,توقف قلب,غثيان وقيء,,B,C
501,امرأة قبل من العمر 40 عاما نقلت الى وحدة العناية المركزة بعد استئصال غدة الكظر اليسرى بسبب ورم القواتم وهي تعاني من انخفاض في ضغط الدم العلاج الأنسب لحالتها هو,فنوكسي بنزامين,بلعة وريدية من محلول رينجر لاكتات,ابينفرين,فينيل ايفرين,جلوكوز وريدي,,B,B
502,ان سبب متلازمة الموت المفاجئ للرضع في معظم الحالات هو,تشنج حنجرة,ارتشاف رئويناتج عن القيء,نزيف الجملة العصبية المركزية,نزف رئوي,كل الأجوبة أعلاه غير صحيحة,,B,E
503,الطفل الذي يعاني من التهابات مسالك بولية متكررة هو الأكثر عرضة لأن يعاني من,صمامات احليل خلفية,مثانة ذات منشأ عصبي,حصيات كلوية وحالبية,ارتجاع حالبي مثاني,,,C,D
504,امرأة تبلغ من العمر 59 عاما لديها كتلة نكفية 2 سم ما هي الخطوة التالية في التدبير العلاجي لهذه المريضة,شفط بالإبرة الدقيقة,خزعة بالإبرة المخروطية,خزعة اقتطاعية,استئصال تام,مراقبة,,B,A
505,يجب أن يحصل كل من المجموعات التالية على لقاح فيروس الإنفلونزا إلا ما عدا,الأطفال سن 8 أشهر,مقدمو الرعاية الصحية,أفراد الأسرة الذين يهتمون بالمرضى المعرضين المخاطر الشديدة,المصابون بداء السكري,,,A,A
506,أي من التالي سيكون المؤشر المبكر لمتلازمة الحيز في الأطراف السفلية,شحوب,ألم,شلل جزئي,غياب النبض,شلل,,D,B
507,رجل يبلغ من العمر 25 عاما أصيب برصاصة في البطن هو يشكو من ألم بطني منتشر بعد 4 لترات من رينجر لاكتات نبضه 130/دقيقة وضغط الدم 60/80 ملم زئبق الخطوة الأنسب في تدبير العلاج لهذا المريض هي,تلقيم 2 لتر من المحلول الملحي,نقل دم,مسح طبقي محوري للبطن,تخطيط الصدى البطني,,,B,B
508,امرأة تبلغ من العمر 58 عاما مصابة بداء السكري وتسافر للخارج في صباح اليوم التالي بعد تناول الطعام في مطعم محلي وعلى الرغم من شرب مياه معبأة في زجاجات بدأ يحدث لها حرارة ألم بطن تشنجي شديد وإسهال مائي متكرر ما هو أفضل علاج,البنسلين 5 أيام,التتراسيكلين 3 أيام,سيبروفلوكساسين 3 أيام,مراقبة الأعراض,ميترونيدازول 10 أيام,,C,C
509,الأثار الجانبية المحتملة لاعتلال الدم الذي يمكن أن يترافق مع المعالجة بالفالبورات هو,كثرة كريات البيض,نقص الصفيحات الدموية,نقص المحببات,فقر دم ضخم الأرومات,كثرة اللمفاويات,,D,B
510,فيما يتعلق بالتهاب الجهاز الهضمي الحاد اختر متوسط فترة حضانة السلمونيلا,أقل من 4 ساعات,24 ساعة,12 - 36 ساعة,12 ساعة إلى 6 أيام,ه 1 - 3 أسابيع,,D,C
511,رجل يبلغ من العمر 42 عاما مصاب بارتفاع حرارة و كثرة كريات بيضاء نقل إلى وحدة العناية المركزة وهو في حالة صدمة أي من التالي هو مظهر شائع في المراحل المبكرة للصدمة الخمجية,تناقص في نتاج القلب,تباطؤ القلب,تناقص في المقاومة الوعائية الجهازية,ارتفاع ضغط,ه قلونة استقلابية,,C,C
512,رجل يبلغ من العمر 40 عاما يشكو من تصريف جيبي قيحي مدمى نفث الدم و كرياتينين مرتفع حدد التشخيص الأكثر ملاءمة لهذه الحالة,التهاب مفاصل رثوي,ألم ليفي عضلي,ورام حبيبي ويغينري,التهاب الشرايين العقد,ه متلازمة غود-باستور,,D,C
513,رجل يبلغ من العمر 24 عاما يدير ماراثونا في يوم حار وغير عادي بعد بضع ساعات أصبح مريضا مع ارتفاع في الحرارة الضعف و أرجل متورمة مؤلمة ويمرر بول بني داكن أي من التالي هو مظهر شائع لهذا الاضطراب,تفاعل أورثوتولويدين البول سلبي,المصل لونه وردي,ارتفاع في مستوى كرياتنين فوسفوكيناز المصل,ارتفاع مستوى هابتوغلوبين في المصل,انخفاض مستويات بوتاسيوم المصل,,D,C
514,طبيب الأسنان يطلب منك تقييم امرأة تبلغ من العمر 42 عاما قبل عملية استخراج السن عند المرضى الذين لا يأخذون أدوية وريديا وليس لديهم صمامات اصطناعية أي من العضويات التالية هو السبب الأكثر شيوعا لالتهاب شغاف القلب الجرثومي,المكورات المعوية,المكورات العقدية,عصيات سلبية الغرام,مبيضات البيض,الزائفة,,B,B
515,رجل يبلغ من العمر 70 عاما بمشية متثاقلة رعاش سحنة جامدةو صلابة وقد تفاقمت على مدى تسعة أشهر الماضية تم تشخيصه بمرض باركنسون أي من التالي هو غير صحيح فيما يخص مرض باركنسون,أكثر من مليون شخص في أمريكا الشمالية مصابون بمرض باركنسون,معدل الوفيات أعلى عند المرضى المصابين بمرض باركنسون بالمقارنة مع ضوابط العمر المتطابقة,الثلاثي الكلاسيكي للأعراض الرئيسية لمرض باركنسون هو فقدان الذاكرة الصلابة وعسر حركة,الرعاش في مرض باركنسون هو رعاش متعمد عادة,ه أكثر من 90% من المرضى الذين يعانون من باركنسون لديهم استجابة أولية جيدة لليفودوبا,,C,D
516,رجل يبلغ من العمر 50 عاما تم إدخاله إلى المستشفى وهو يعاني من نزيف هضمي علوي بسبب التهاب معدة تآكلي الحاد تالي لاستخدام مزمن لمضاد التهاب غير ستيروئيدي نسبة الهيماتوكريت لديه هي 28% بعد إعطائه سائل إنعاشي عاد ضغط دمه إلى طبيعته لكنه كان لديه تسارع قلب مستمر ونفخة متدفقة عند التسمع هو يشكو من ضيق في التنفس عند المشي يظهر تخطيط القلب الكهربائي مقاطع ST-T منخفضة أي من التالي هو الخطوة التالية المناسبة في التدبير العلاجي,البدء في علاج بمتممات حديد,أوكسجين تكميلي,إنعاش بسائل وريدي مستمر,البدء بحاجب قنوات الكالسيوم,ه نقل دم,,B,C
517,خلال التقييم التشخيصي فتاة تبلغ من العمر 14 عاما تعاني من غزارة الطمث ونزيف أنفي متكرر وفقر دم نقص الحديد ووجد أن تعداد الصفيحات منخفض مع تخثر طبيعي تظهر خزعة نقي العظام كثرة خلايا ضخمة لم يلاحظ في الفحص السريري أي تضخم في الأعضاء ما هو العلاج الأولي الأنسب لهذا المريض,استئصال الطحال,نقل صفيحات عند تدني تعداد الصفيحات الدموية إلى أقل من 50000/مل,ستيروئيدات جهازية,علاج كيميائي,التوقع مع التدخل فقط إذا برز لدى المريضة نزيف كبير,,A,C
518,لقد تم تشخيص متلازمة مارفان عند رجل طويل القامة يبلغ من العمر 22 عاما ذو أطراف طويلة ورفيعة ما هي المظاهر الأخرى التي تترافق مع هذا المرض,تاريخ عائلي 100% من المرضى,خلع جزئي علوي في العدسات,تخلف عقلي,سوء الطفح الجلدي,زيادة طول الجذع مقارنة مع الأطراف,,B,B
519,رجل يبلغ من العمر 34 عاما يحضر إلى عيادتك وهو يعاني من انتان حاد في الجهاز التنفسي العلوي لديه سعال غير منتج وهو غير حروري هذا المريض مؤهل مناعيا ولا يعاني من أي أمراض قلبية أو رئوية أي من التالي هو العلاج الأنسب,7 أيام من مضاد حيوي ماكروليد,7 أيام من مضاد حيوي كينولون,5 أيام من مضاد حيوي ماكروليد,5 أيام من مضاد حيوي كينولون,راحة وسوائل,,E,E
520,رجل يبلغ من العمر 75 عاما ويعاني من داء السكري منذ 6 أشهر ماضية تم تشخيصه باليرقان لقد بقي بدون أعراض باستثناء فقدان وزن حوالي 5 كغ في 6 أشهر في الفحص السريري تم العثور على كتلة كروية دون إيلام في الربع العلوي تتحرك مع التنفس أظهر المسح الطبقي المحوري تضخم في رأس البنكرياس مع وجود عيوب في الكبد ما السبب الأكثر احتمالا لهذا اليرقان غير المؤلم,بنية صفراوية خبيثة,سرطان في رأس البنكرياس,تحصي القناة الصفراوية,تشمع كبد,التهاب بنكرياس,,B,B
521,لقد تم تشخيص متلازمة مارفان عند رجل طويل جدا يبلغ من العمر 22 عاما ذات أطراف طويلة السبب الرئيسي للمراضة والوفيات عند مرضى مارفان هو ذات منشأ قلبي أي من التالي هو من مضاعفات شائعة,تضيق رئوي,عيب الحاجز البطيني,ارتفاع ضغط الدم الرئوي,توسع الجذر الأبهري,مرض شرياني إكليلي,,E,D
522,امرأة تبلغ من العمر 59 عاما كانت قد خضعت لعملية استئصال جذري معدل للثدي الأيسر بسبب سرطانة داخل القناة قبل سنتين لقد حضرت وهي بحالة ارتباك سبات وألم في الفخذ الأشعة السينية تكشف عن آفة حالة في عمود عظم الفخذ أي من تشوهات الدم هي الأكثر ترجيحا,غلوكوز مرتفع,كالسيوم منخفض,بوتاسيوم مرتفع,كالسيوم مرتفع,مغنيزيوم منخفض,,D,D
523,مريض يبلغ من العمر 60 عاما يعاني من داء السكري منذ فترة طويلة لديه كرياتينين 36 والذي كان ثابتا لعدة سنوات أي من المضادات الحيوية التالية تتطلب تعديلا في الجرعة في حالة القصور الكلوي المزمن,تتراسكلين,جنتاميسين,إريثرومايسين,بنسيللين,كلورامفنيكول,,B,B
524,رجل يبلغ من العمر 40 عاما له تاريخ في تعاطي الكحول ويعاني بعد حلقة من شرب الكحول من ألم شرسوفي يلتف إلى الظهر يترافق مع غثيان وإقياء عند الفحص السريري لديه إيلام ملحوظ في الشرسوف دفاع عضلي تناقص في أصوات الأمعاء وانتفاخ بطني متوسط تظهر نتائج المختبر كثرة الكريات البيض وارتفاع أميلاز وليباز المصل تظهر الأشعة السينية للبطن العديد من العروات المعوية المنتفخة في البطن العلوي بالنسبة للمريض أعلاه الذي يعاني من ألم بطني حدد التشخيص الأكثر احتمالا,التهاب معدة وأمعاء,التهاب زائدة دودية حاد,قرحة هضمية انثقابية,التهاب بنكرياس حاد,انصمام الشريان المساريقي العلوي,,D,D
525,رجل يبلغ من العمر 55 عاما ويحضر إلى عيادة الطبيب مع شكاوى من بحة وامتلاء في يسار الرقبة اليسرى خلال الشهر الماضي عند الفحص السريري لوحظ وجود كتلة متحركة وثابتة تحت الفك السفلي الأيسر يشمل تاريخه السابق إنه يدخن 30 رزمة سنويا مع شرب الكحول أحيانا اختر التشخيص الأكثر احتمالا,سرطان الغدة الدرقية,ورم رطب كيسي,التهاب الغدد اللمفية التقيحي الحاد,كيسة درقية لسانية,سرطان الحنجرة,,A,E
526,امرأة تبلغ من العمر 62 عاما مع تاريخ تدخين 40 رزمة سنويا وتشتكي من السعال وفقدان الوزن إنها تصف سواد جلد منتشر مؤخرا كما تبدي أشعة الصدر السينية كتلة يشتبه بها أن تكون سرطان رئة في النقير الأيسر الفحوص المخبرية تكشف عن نقص بوتاسيوم الدم أي من التالي هو التحليل النسجي الأكثر ترجيحا لسرطان الرئة هذا,سرطان غدي,خلية حرشفية,خلية صغيرة,ورم المتوسطة,ورم أرومي دبقي,,B,C
527,رجل يبلغ من العمر 25 عاما أدخل إلى وحدة العناية المركزة بسبب إصابة حادة في الرأس مع كسر في قاعدة الجمجمة بعد حوالي 18 ساعة من الإصابة حدث لديه بوال كانت الأسمولالية في البول 150 مللي أسمول/ليتر و الأسمولالية في المصل 350 مللي أسمول/ليتر لقد أوقفت السوائل الوريدية و بعد 3 ساعات نتاج البول و أسمولالية البول بقيت دوت تغيير تم إعطاء خمس وحدات من فاسوبريسين عن طريق الوريد زادت الأسمولية في البول إلى 300 مللي أسمول/ليتر أي من التالي هو التشخيص الأكثر ترجيحا,بيلة تفهة مركزية,بيلة تفهة ذات منشأ كلوية,تسمم مائي,تحميل مفرط للمحل,متلازمة الإفراز غير الملائم للهرمون المضاد لإدرار البول,,E,A
528,خلال الفحص الروتيني وجد أن مدير تنفيذي يبلغ من العمر 45 عاما يعاني من فرط كالسيوم الدم يكشف العمل اللاحق عن ارتفاع في هرمون جارات الدرق انخفاض في الفسفور و ارتفاع الكلوريد و يورياالدم النتروجيني و الكرياتينين في مجالهما الطبيعي كالسيوم البول هو أعلى من المستوى الطبيعي ما هي المسببات الأكثر احتمالا,الورم النقوي المتعدد,فرط جارات الدرق الأولي,فرط فيتامين د,ساركويد,متلازمة الحليب القلوي,,B,B
529,امرأة تبلغ من العمر 27 عاما تشكو من عسر تبول و تردد بولي يكشف تحليل البول عن وجود 10-12 كريات دم بيضاء والعديد من الجراثيم سلبية الغرام إنها تنفي وجود إرتفاع حرارة قشعريرة وليس لديها ألم في الخاصرة أو إيلام أي من الجراثيم التالية على الأرجح هي مسؤولة عن عدوى المسالك البولية للمريض,كلبسيللا,متدثرات,إشريكية قولونية,الزائفة,مبيضات البيض,,C,C
530,رجل يبلغ من العمر 78 عاما يشكو دوار حاد مستمر منذ عدة ساعات مترافق مع طنين رأرأة وخلل القياس ما هو التشخيص الأكثر ترجيحا,دوار انتيابي حميد,مرض منيير,التهاب التيه,التهاب العصب الدهليزي,حادث دماغي وعائي,,B,E
531,رجل يبلغ من العمر 48 عاما أصيب بقصور تاجي عضوي معزول وعند التسمع كان لديه كل المواصفات التالية ما عدا,يبدأ في أول صوت,شامل الانقباض,يصل إلى الصوت الثاني الأبهري,بخار نفث,يزداد في التنفس العميق,,D,E
532,امرأة تبلغ من العمر 30 عاما مصابة بفيروس نقص المناعة البشرية لمدة 4 سنوات وقد تم تشخيصها مؤخرا بمرض الإيدز أي من التالي تستوفي معايير تعريف الحالة,القلاع الفموي,الحلأ النطاقي,اعتلال الغدد اللمفاوية الدائم,اعتلال عصبي محيطي,السل الرئوي,,E,E
533,امرأة تبلغ من العمر 30 عاما تحضر إلى عيادتك من أجل تقييم تعبها وضيق التنفس عند جهدها تاريخها الطبي الماضي هو غير ملحوظ لوحظ من الفحص السريري شحوب خفيف فقط الفحص الرئوي والقلبي الوعائي هو طبيعي تظهر الفحوص المخبرية هيماتوكريت 28 مع متوسط حجم كروي 72 تعداد كريات الدم البيضاء والصفيحات طبيعي عند أخذ المزيد من المعلومات عن تاريخ المريضة أي من الأسئلة التالية الموجهة للمريضة على الأرجح سوف تؤكد التشخيص,ما هو تاريخ عائلتك عن سرطان القولون,ما هو تاريخ عائلتك عن مرض القلب,ما هي كمية الكحول التي تشربينها,هل لديك نوبات ألم في مفاصلك,ما مدى غزارة فترات حيضك,,E,E
534,"امرأة تبلغ من العمر 35 عاما تشكو من ""ألم في جميع أنحاء الجسم"" إن آلامها سيئة وبشكل خاص في أعلى الظهر والأكتاف وتفيد عن صلابة عند الصباح يبدو من الفحص السريري أن المفاصل غير ملتهبة ولكن لديها ""نقاط إيلام"" متناظرة في خلف الرقبة الصدر الأمامي الأرداف الجانبية وسط الركبتين والمرفقين الجانبيين التشخيص الأولي هو ألم ليفي عضلي أي من التالي هو عرض مميز أخر يترافق مع هذه المتلازمة",اضطراب النوم,حرارة,طفح جلدي في الأطراف,ضعف عضلي,التهاب مفصلي هاجر,,A,A
535,امرأة تبلغ من العمر 65 عاما لها تاريخ طويل من ارتفاع ضغط الدم غير المنضبط ومرض قلب صمامي حضرت من أجل تقييم حالتها هي متعبة وتشتكي من تورم في ساقيها وضيق في التنفس أي من التالي هو السمة المميزة لقصور البطين الأيسر,خمائر كبد مرتفعة,وذمة رئوية,استسقاء,وذمة محيطية,انتفاخ الوريد الوداجي,,B,B
536,امرأة تبلغ 28 عاما تأخذ حبوب منع الحمل لمدة خمس سنوات الآن؛ تشمل التأثيرات المفيدة لحبوب منع الحمل كل ما يلي ما عدا,سرطان بطانة الحمل أقل,سرطان مبيض أقل,سرطان ثدي أقل,عسر دمث أقل,دورة شهرية أقل غزارة,,C,C
537,رجل يبلغ من العمر 26 عاما لديه كتلة خصيوية قاسية غير مؤلمة في العملية يكشف القسم المجمد عن سرطان خصوي ما هي نوع الخلية الأكثر شيوعا في سرطان الخصية,سرطانة مشيمائية,خلايا جنينية,ورم منوي,سرطانة مسخية,جيب أديمي باطني,,C,C
538,رجل يبلغ من العمر 72 عاما يعاني من بدء مفاجئ لألم فوق العانة وقلة البول درجة حرارته 385 درجة مئوية (1004 درجة فهرنهايت) نبضه 100/دقيقة معدل التنفس 12/دقيقة وضغط الدم 110/72 ملم زئبق يلاحظ من فحص البطن إيلام مثانة بولية منتفخة أي من التالي هو السبب الأكثر احتمالا لهذه الحالة,التهاب مسالك بولية,تضخم البروستات,صمامات الإحليل الخلفية,سرطان الكلى,انسداد الشريان الكلوي,,C,B
539,التأثير الجانبي لاعتلال دم محتمل الذي يمكن أن يترافق مع كاربامازيبين هو,كثرة الكريات البيضاء,نقص الصفيحات الدموية,ندرة المحببات,فقر دم عرطل,كثرة اللمفاويات,,B,C
540,امرأة تبلغ من العمر 55 عاما تعاني من خسارة وزن على مدى 6 أشهر تشنج بطني وإسهال متقطع غير مدمى يظهر الفحص السريري أن بطنها منتفخ قليلا وهناك كتلة مجسوسة في الربع السفلي الأيمن نتيجة زرع البراز هي زمرة جرثومية برازية طبيعية المسح الطبقي المحوري مع مادة ظليلية فموية يدل على كتلة التهابية في الربع السفلي الأيمن مع سماكة في نهاية اللفائفي والصمام اللفائفي الأعوري أي من التالي هو التشخيص الأكثر الأكثر ترجيحا,التهاب القولون التقرحي,التهاب الزائدة الدودية,داء كروهن,متلازمة القولون العصبي,عدم تحمل اللاكتوز,,B,C
541,امرأة تبلغ من العمر 78 عاما تحضر إلى عيادتك مع ابنها الذي يشعر بالقلق بشأن التغيرات في مزاجها هي أقل اهتماما بالخروج إلى العشاء ولا ترغب في زيارة العائلة أو الأصدقاء يبدو أن مهاراتها اللغوية قد تدهورت خلال السنوات القليلة الماضية وذاكرتها ليست حادة مشيتها وقوة الحركة طبيعية أي من التالي هو التشخيص الأكثر احتمالا,مرض باركنسون,قلق,ورم سحائي,داء الزهايمر,اكتئاب جزئي,,D,D
542,رجل يبلغ من العمر 55 عاما يجري تقييمه بسبب تزايد ضيق التنفس تدريجي لا يدخن وليس لديه تعرض بيئي بارز الفحص القلبي طبيعي واختبارات وظائف الرئة تكشف عن تناقص في حجم الرئة والقدرة الحيوية أي من التالي هو التشخيص الأكثر احتمالا,انصمام رئوي مزمن,مرض رئوي انسدادي,ربو بدأ عند الكبار,داء السل,مرض رئوي خلالي,,A,E
543,رجل عمره 25 عاما حضر إلى العيادة لتقييم العقم لديه سيرة مرضية طويلة من السعال المنتج والانتانات الرئوية المتكررة عند مراجعة أعراضه أشار إلى مشاكل مزمنة مع ألم بطني إسهال وصعوبة في كسب الوزن لديه أيضا داء السكري صورة الصدر الشعاعية تشير إلى توسع قصبات ما هو التشخيص الأكثر ترجيحا,انسداد رئوي مزمن,انتان جهاز تنفسي علوي,تليف كيسي,نزف رئوي داخلي,ربو,,A,C
544,امرأة تبلغ من العمر 65 عاما تعاني من إفرازات دموية من حلمة الثدي الأيسر تكشف التصوير الشعاعي للثدي عن مجموعة من التكلسات الصغرية 3 سم تحت الحلمة اليسرى أي من العوامل التالية مرتبط إحصائيا بخطر إصابتها بسرطان الثدي,البدانة,بدء إحاضة مبكر,انقطاع طمث متأخر,السن,والدتها تعاني من سرطان الثدي,,E,D
545,فتاة تبلغ من العمر 16 عاما لديها تاريخ من انقطاع طمث ابتدائي عند الفحص يلاحظ قصر قامة وقصر رقبة مع خط شعر منخفض خلفي أي مما يلي من المرجح أن يكشفه تحليل الصبغيات عنه,X هشة,ثلث صبغي 18,ثلث صبغي 21,"45, XO",XXY,,D,D
546,امرأة حامل تبلغ من العمر 23 عاما في الأسبوع الخامس بعد الحيض أخذت كومادين حتى حوالي 3 أيام بعد حيضها المقرر فحص الحمل المنزلي كان إيجابيا في اليوم التي أخذت كومادين لقد أخذت كومادين بسبب تاريخ من خثار وريدي عميق وانصمام رئوي هي قلقة أن يسبب كومادين تشوهات جنينية أي من التالي هو الخيار العلاجي أثناء الحمل لهذه الإمرأة,كومادين,هيبارين ذو وزن جزيئي منخفض,أسبرين,منشط مولد البلاسمين النسيجي,فلتر الوريد الأجوف,,B,B
547,أنت تقييم مريض يبلغ من العمر 55 عاما يشكو من رعاش في اليدين الرعاش ثنائي الجانب ومتناظر ولا يتفاقم أثناء الحركة يبدو أنه يزداد سوءا عند إمساك القلم عندما يضغط المريض على يدك يكون الرعاش ملحوظا لكنه يزداد سوءا أي من التالي يصف هذه الحالة بشكل أفضل,رعاش قصدي,رعاش مجهول السبب,رعاش باركنسوني,عرة,رقص,,C,B
548,عند تقييم امرأة تبلغ من العمر 33 عاما تشتكي من خفقان أي من المواصفات التالية في حال وجودها تزيد من احتمال أن الأعراض هي قلبية في المسببات,حقيقة أن المريضة أنثى,حقيقة أن المريضة لديها أخت ذات أعراض مشابهة,"وصفها للأعراض على أنها ""ضربات قلب غير منتظمة""",حقيقة أن والدها لديه تاريخ من مرض في القلب,حقيقة أن النوب تدوم أقل من 1 دقيقة,,D,C
549,"أنت تعاين امرأة تبلغ من العمر 56 عاما تعاني نت إرتفاع ضغط الدم والتي تشكو من ""رفرفة في صدرها"" إنها تصف سرعة في معدل ضربات القلب ويبدو لها هذا الأمر غير طبيعي هي بخير بخلاف ذلك وتنفي ضيق التنفس أو الدوخة أو وذمة في القدم أو أي أعراض حادة أخرى عند الفحص يكون معدل نبضها سريعا وغير منتظم ما هو التشخيص الأكثر ترجيحا",رجفان أذيني,تسارع القلب فوق البطيني الانتيابي,تسارع القلب البطيني الثابت,تعاطي المنشطات,فرط نشاط درق,,A,A
550,امرأة تبلغ من العمر 42 عاما لوحظ أنها تعاني من دراق متعدد العقيدات عند الفحص ليس لديها أي أعراض وهي سوية الدرقية سريريا صديقتها كانت قد شخصت مؤخرا بمرض هاشيموتو وتسألك إذا كان يمكن أن يكون ذلك هو مشكلتها أيضا أي من العبارات التالية حول التهاب الغدة الدرقية لهاشيموتو صحيحة,تترافق الحالة مع تعرض إشعاعي سابق,المرضى الذين تم تشخيصهم بهذا الاضطراب لديهم خطر متزايد للإصابة بسرطان الدرق,الكورتيكوستيروئيدات تساعد في السيطرة على تقدم المرض,الأضداد المضادة للنوى هي واصم لهذا المرض,التهاب الغدة الدرقية لهاشيموتو هو مرض مناعي ذاتي,,E,E
551,"حضر مريض بعد تعرضه لإصابة وكان يعاني من ألم عند الجس على ""مسعط المشرحين"" (المنطقة بين الباسطة القصيرة للإبهام وأوتار الباسطة الطويلة للإبهام) هذه الحالة تصف بشكل نوعي أي من الكسور التالية",كسر الملاكمين,كسر كوليس,كسر مكعبي,كسر شص العظم الكلابي,كسر زورقي,,A,E
552,رجل يبلغ من العمر 47 عاما يشكو من آفة جلدية تغيرت في حجمها وشكلها عند الفحص تبين أن هذه الآفة 7مم غير متماثلة داكنة الصباغ مع بعض التغير في اللون وعدم إنتظام في الحواف أي من تقنيات أخذ الخزعة الجلدية هي الأكثر ملاءمة لتأكيد التشخيص,خزعة حلاقة,كشط وتجفيف كهربائي,استئصال إهليلجي,جراحة بعد عام واحد,,,A,C
553,يتم إجراء تقويم مفاصل الورك الإختياري عادة للمرضى كبار السن المصابين بالتهاب المفاصل التنكسي الحاد بعد أي فترة من الزمن يحدث عادة تحسن في ألم الورك بعد هذا الإستبدال الجراحي,في الحال تقريبا,بعد 3 أشهر,بعد 6 أشهر,عادة بعد سنة واحدة,نادرا يؤدي استبدال الورك إلى تحسن في الأداء الوظيفي,,D,A
554,هناك عامل وحيد مسؤول عادة عن الإصابة ب,التهاب الحوض,التهاب رتجي مثقب,التهاب المرارة الحاد,التهاب الصفاق البدئي,التهابات القدم عند مرضى السكري,,E,D
555,أورام أنسجة الجهاز الهضمي (GIST),تكون أكثر شيوعا في الإثني عشر,هي غالبا ودائما خبيثة,يمكن معالجتها بالاستئصال المفصوع,هي عادة مقاومة للأشعة,تنتشر بشكل أساسي عبر الأوعية اللمفاوية,,C,D
556,داء كروهن العجاني,يحدث عادة في المرحلة المتأخرة من المرض,النواسير هي عادة متعددة,التحويل البرازي هو عادة علاجي,الآفات هي عادة متوضعة في الخلف,نادرا ما توجد أورام حبيبية في الخزعة,,D,B
557,إن السبب الأكثر شيوعا لشلل العصب الوجهي هو,جراحة نكفية,إصابة فكية علوية وجهية,شلل بل,ورم غدي متعدد الأشكال الغدة النكفية,سرطان الغدة النكفية,,D,C
558,أي من التالي فعال في علاج ناسور كروهن المقاوم للعلاج,تغذية وريدية كاملة,بردنيزون,إنفليكسيماب,أزاثيوبرين,,,C,C
559,متلقو زرع الكلى يكونون في خطر متزايد من,سرطان جلد بشرواني,سرطان رئة,سرطان قولون,سرطان ثدي,سرطان رحم,,A,A
560,مريض صدمة درجة مقياس غلاسكو 13 ضغط الدم 40/80 اتساع المنصف في صورة الصدر الشعاعية ودم صفاقي التدبير اللاحق التالي هو,تصوير طبقي محوري للرأس,إجراء بضع الصدر,تصوير قوس الأوعية,مراقبة الضغط داخل القحف,إجراء فتح بطن,,B,E
561,ينشأ سرطان البروستات غالبا من أي منطقة في البروستات,المنطقة المركزية,المنطقة المحيطية,المنطقة الانتقالية,المنطقة الليفية العضلية,,,B,B
562,ما هي الإصابة الأكثر شيوعا المتعلقة بالساد الخلقي,توكسوبلاسم,الحميراء,الحلأ,السفيليس,,,B,B
563,أي من التالي هو السبب الأكثر شيوعا للوفاة عند مرضى ارتفاع ضغط الدم تحت السيطرة,تسلخ الأبهر,مرض الشريان التاجي,خلل في وظيفة البطين الأيسر,قصور كلوي,السكتة الدماغية,,B,B
564,مريضة تبلغ من العمر 18 عاما تشتكي من ألم في الصدر خلف القص منذ ساعتين مسبوق بتقيؤ شديد عند الفحص السريري لوحظ انتفاخ تحت الجلد في الرقبة فضلا عن كركرة منصفية عند الجس إن التشخيص الأكثر ترجيحا هو,خناق برنزميتال,التهاب ضلعي غضروفي,التهاب شغاف القلب,ذات رئة,متلازمة بوراف (تمزق المريء),,E,E
565,أي من الأمراض التالية هو السبب الأكثر شيوعا لسوء تشخيص داء باركنسون,تنكس قشري قاعدي,رجفة بدئية/ رجفة أسرية,شلل فوق النواة تدريجي,اعتلال دماغي حفني,داء ويلسون,,B,B
566,رجل يبلغ من العمر 65 عاما يعاني من ارتفاع ضغط غير معقد كل ما يلي يعتبر خافض ضغط خط أول في هذه الحالة ما عدا,مدرات التيازيد,مثبطات خميرة أنجيوتنسين المنقلبة,حاجبات قنوات الكالسيوم,حاجبات بيتا,,,B,D
567,تتضمن المضاعفات المزمنة لداء السكري كل ما يلي ما عدا,خزل المعدة,الساد,اعتلال شبكي منثقب,اعتلال عضلي في الحزام الكتفي القريب,,,D,D
568,كل ما يلي هو ظاهرة مخبرية في الساركويد ما عدا,نقص اللمفاويات,كثرة الحامضات,فرط غلوبولين الدم,نقص كالسيوم الدم,,,D,D
569,ما هو السبب الأكثر شيوعا لفقدان السمع عند مريض ذو صحة جيدة سابقا,رضخ ضغطي,انطمار الصملاخ,التهاب العصبون,التهاب الأذن الوسطى,انثقاب غشاء الطبلة,,B,B
570,أي من التالي هو ليس عاملا مهيئا لنشوء الفتق,الاستسقاء,البدانة,تليف كيسي,داء الانسداد الرئوي المزمن,التحليل البريتواني,,C,B
571,ما هو التصرف الصحيح عند حدوث رعاف حميد,الضغط بالإصبعين لفترة 10 دقائق,سد أمامي,سد خلفي,ربط الأوعية الدموية,إدخال بالون قاطع للنزف,,C,A
572,ما هو العلاج الأكثر ملاءمة لمريض يعاني من تحصى قناة الصفراء بعد عامين على إجراءه لعملية استئصال المرارة,حمض شينوديزوكسي كوليك,بضع المصرة بالمنظار واستخراج الحصاة,بضع القناة الصفراء بأنبوب T,تفتيت الحصاة,كل ما سبق,,C,B
573,إن العلاج الجراحي للساد الخلقي,هو تجميلي بالأساس,يستدعي إجراءه في حال وجود حول,يمنع حدوث الغمش,يجب عدم إجراءه قبل عمر الستة أشهر,كل الإجابات السابقة,,E,C
574,الجحوظ الناتج عن متلازمة ورم كاذب محوري التهابي له صفة واحدة أساسية,أكثر لمفاوي حميد في الأنسجة المحورية الداخلية,حساس للعلاج بالكورتيزون,ثنائي الجانب,نابض,كل الإجابات السابقة خطأ,,B,B
575,أي من التالي هو ظاهرة غير ذات أهمية في آفة جلدية عند تشخيص ورم ميلانيني خبيث,عدم التناسق,النزيف,عدم انتظام الحدود,لون مختلف عن غيره من الآفات الجلدية عند المريض,حكة,,E,D
576,أي من التالي هي ظاهرة خارج مفصلية تترافق مع التهاب الفقار المقسط,تليف رئوي قمي,التهاب وتر العرقوب,التهاب العنبية الأمامي,قلس الأبهري,كل الأجوبة أعلاه صحيحة,,E,E
577,كل ما يلي يمكن أن يسبب الرجفان الأذيني ما عدا,إنتان حاد,الإفراط في شرب الكحول,ارتفاع الضغط,أم الدم الأبهرية البطنية,,,D,A
578,أي من التالي هو عامل مسبب لفرط أميلاز البول,مورفين,احتشاء معوي,كارسينوما المريئ,تنخر بنكرياسي,كل الأجوبة أعلاه صحيحة,,E,E
579,المضاعفات المبكرة لارتجاج الدماغ هي كل ما يلي ما عدا,ورم دموي خارج الجافية,موه الرأس,اشتباك دماغي,ناسور السائل الدماغي الشوكي,كل الإجابات صحيحة,,E,B
580,ما هو السبب الرئيسي لإنتان الدم المتعلق بالتغذية الوريدية الشاملة,تشكيل الغمد الليفي,تلوث داخلي المنشأ للمحلول الغذائي,هجرة العضويات الدقيقة عبر القنطرة,بذور من مصدر إنتاني آخر في الجسم,,,C,C
581,أي من مظاهر الفحص السريري التالية تشاهد في الورم الغدي الليفي في الثدي,كتلة مطاطية,انكماش,حلمة مسطحة,إفراز من الحلمة,,,A,A
582,أي من التالي هو الخيار لعلاج المشعرة المهبلية,بودوفيللين,دوكسيسيكلين,ميترونيدازول,بنيسللين,نستاتين,,C,C
583,أي من التالي هو السبب الأكثر ترجيحا للفحص الإيجابي لكريات الدم البيضاء البرازية,باسور خارجية,إصابة بالشيغللا,إصابة بالجيارديا,إصابة فيروسية,إصابة شرجية,,C,B
584,تضخم القولون السمي هو من المضاعفات الشائعة لأي من الاضطرابات التالية,التهاب القولون المتقرح,التليف الكيسي,داء الرتوج,داء كروهن,سرطان القولون,,D,A
585,المجموعات الأكثر عرضة للخطر مثل كبار السن المرضى المصابين بانسداد رئوي مزمن والأطفال في سن ما بين 6 و 24 شهرا يجب تطعيمهم بشكل روتيني بأي من اللقاحات السنوية التالية,لقاح السل,لقاح الكزاز,لقاح الشاهوق,لقاح الإنفلونزا,لقاح المكورات الرئوية,,D,D
586,ما هو العلاج الكيميائي الأكثر ترجيحا أن يؤدي إلى تليف رئوي,فينكريستين,بليوميسين,سيسبلاتين,تاموكسيفن,ميتوتركسات,,E,B
587,أي من التالي هو الأكثر فعالية في معالجة المتفطرة الرئوية,سيفالكسين,أموكسيسيلين,فانكومايسين,أزيترومايسين,ستربتومايسين,,E,D
588,الوذمة الرئوية الحادة ذات المصدر الديناميكي الدموي جميعها صحيحة هي كل ما يلي ما عدا,تعكس قصور قلب أيسر حاد,من مضاعفاتها تضيق تاجي شديد,هي ناتجة عن ارتفاع ضغط في الشعيرات الدموية الرئوية,جميع الإجابات خاطئة,جميع الإجابات صحيحة,,D,E
589,كل ما يلي يحرض على ارتفاع التحمضن الإستقلابي AG ما عدا,التحمضن اللبني بسبب نقص الأكسجة النسيجي,التحمضن الخلوني,الإسهال,الفشل الكلوي,,,C,C
590,قطع الكسر القذفي (EF) الذي يقرر وضع التشخيص بين قصور القلب مع EF متوسط المدى وقصور القلب مع EF منخفض هو,%20,%30,%40,%65,,,C,C
591,أي من هذه الأدوية ليست توصية من الدرجة الأولى لعلاج قصور القلب (تقليل معدل الوفيات والاستشفاء),مدرات البول,حاجبات بيتا,فالسارتان-ساكوبتريل,مثبطات SGLT2 (دابا- أو إمبا-جليفلوزين),مضادات الكوتيكوئيدات المعدنية,,A,A
592,كل ما يلي هي المضاعفات المباشرة لمتلازمة الأمعاء القصيرة ما عدا,حصيات الكوليسترول في المرارة,مرض الشريان التاجي,فرط إفراز الحمض المعدي,حصيات أكسالات الكالسيوم الكلوية,الإسهال الدهني,,B,B
593,تم إحضار ممرضة تبلغ من العمر 36 عاما إلى غرفة الطوارئ من قبل زوجها بسبب نوبة من نقص السكر في الدم حدث هذا 3 مرات من قبل وخلالها تشعر بالارتباك زوجها مصاب بداء السكري لقد فحص جلوكوز الدم وكان في الخمسينات خلال هذه النوبات من غير المعروف أنها تعاني من وجود أي مشكلة طبية من قبل زوجها اليوم أعطاها عصير قبل إحضارها إلى غرفة الطوارئ في غرفة الطوارئ كان الجلوكوز 105 مجم/ديسيلتر ماذا تنصح هذه المريضة,إدخالها إلى المستشفى لمزيد من الفحوصات,التحقق من الأنسولين طليعة الإنسولين الببتيد -ج,التحقق من مستوى TSH والكورتيزول,اطلب منها الاحتفاظ بمشروب سكري معها طوال الوقت واستخدامه عند الحاجة,,,D,A
594,فتاة تبلغ من العمر 27 عاما تحضر إلى طبيبها العام مع آلام تشنجية شديدة في البطن وإسهال دام لمدة الأسبوعين الماضيين كانت قد عانت من نوبة مماثلة قبل 8 أسابيع والتي تم حلها دون تدخل طبي في الوقت الحاضر الإسهال دموي و ترتبط حركات الأمعاء بآلام البطن التشنجية بالإضافة إلى ذلك يلاحظ الطبيب تقرحات في الفم وهي مؤلمة ووفقا للمريض كانت موجودة منذ 3 أيام يتضمن تاريخ عائلتها أن جدها كان لديه فغر قولون لمشكلة في الجهاز الهضمي (GI) ما هو السبب الأكثر ترجيحا لهذه الأعراض والعلامات,داء كرون,فرفرية هينوخ-شونلاين,عدوى الشيغيلا,عدوى الجيارديا,,,A,A
595,بيلة دموية ارتفاع ضغط الدم بيلة بروتينية وأسطوانات كريات حمراء في البول تدل على,المتلازمة الكبدية الكلوية,الحالات الكلوية,تحلل عضلي,التسمم بفطر أمانيتا فيلويد,,,B,B
596,أي من المرضى التالي ذكرهم المصابين بالتهاب الحويضة والكلية يمكن علاجه بأمان كمريض خارجي,امرأة تبلغ من العمر 75 عاما مصابة بداء السكري,امرأة تبلغ من العمر 20 عاما حامل في الأسبوع ال 20 تعاني من تقلصات خفيفة في البطن,امرأة تبلغ من العمر 30 عاما تعاني من القيء المستمر والحمى,رجل يبلغ من العمر 33 عاما مصاب بحصوات الكلى,لا يمكن علاج أي مما سبق بأمان كمريض خارجي,,D,E
597,هشاشة العظام اختر الإجابة الصحيحة,هشاشة العظام هي انخفاض في معدل تحول العظام بسبب زيادة النشاط في بانيات العظام,هو مرض غير مؤلم ما لم يحدث كسر,قصور الغدد التناسلية عند الذكور هو عامل خطر لتلين العظام وليس هشاشة العظام,لا ينبغي إعطاء مكملات الكالسيوم وفيتامين د قبل انقطاع الطمث,,,B,B
598,أي مما يلي لا يؤثر على اختيار المضادات الحيوية الوقائية,الطيف المتوقع للعضويات المرجح مواجهتها,التكلفة,التفضيل الشخصي,سياسة المستشفى,السلالات المقاومة,,C,C
599,أي مما يلي قد لا يتطلب أكثر من جرعة واحدة من المضادات الحيوية الوقائية,العمليات الجراحية طويلة الأمد,فقدان الدم المفرط,جراحة الجهاز الهضمي,إدخال طرف صناعي,تلوث غير متوقع,,C,C
600,أي مما يلي ليس حاجزا طبيعيا للعدوى,سطح ظهاري سليم,الأجسام المضادة,المضادات الحيوية,البالعات الكبيرة,,,C,C
601,أي من التالي ليس سببا لانخفاض مقاومة المضيف للعدوى,سوء التغذية,قصور القلب,السرطان,الإيدز,,,B,B
602,أي مما يلي ليس عامل خطر للإصابة بإنتان في الجرح,ضعف التروية,استخدام مشابك الجلد لإغلاق الجرح,تقنية جراحية سيئة,بولية دموية,,,B,D
603,يشمل العلاج القياسي لسرطان الغدة الدرقية المتمايز الذي يبلغ قطره 5 سم دون اعتلال غدي ما يلي,استئصال فص البرزخ بنفس الجانب,استئصال فص البرزخ بنفس الجانب مع تشريح العقدة اللمفاوية بنفس الجانب,استئصال فص البرزخ بنفس الجانب مع تشريح ثنائي الجانب للعقدة الليمفاوية,استئصال الغدة الدرقية الجزئي مع تشريح ثنائي الجانب,استئصال الغدة الدرقية الكلي,,B,E
604,يمكن اقتراح تدخل لأمراض الغدة الدرقية العقيدية دون البزل الخلوي في كل هذه الحالات ما عدا,عقيدة مفردة قطرها 4 سم,تضخم الغدة الدرقية متعدد العقيدات,العقيدات في مرض جريفز,عقيدة لها تاريخ من التشعيع القديم للرقبة,,,C,B
605,فيما يتعلق بداء جريفز اختر الإجابة الخاطئة,هذا هو الشكل الأكثر شيوعا من التسمم الدرقي,هو أكثر شيوعا عند الرجال,يمكن أن يترافق مع مظاهر خارج الغدة الدرقية,هو ناتج عن اضطراب مناعي ذاتي,يتميز بالثلاثي تضخم الغدة الدرقية التسمم الدرقي جحوظ العين,,B,B
606,الشريان الدرقي العلوي هو فرع من,الشريان السباتي الداخلي,الشريان السباتي الخارجي,الشريان السباتي البدائي,الشريان تحت الترقوة,الشريان الوجهي,,A,B
607,فيما يتعلق بالغدة الدرقية كل ما يلي صحيح ما عدا,ترتبط بالفرع الخارجي للعصب الحنجري العلوي,يتم تغذيتها بأوعية دموية من الشريان الدرقي العلوي والشريان الدرقي السفلي,ترتبط بجارات الدرق,تقع أمام غضروف الغدة الدرقية,ترتبط بالعصب الراجع,,E,D
608,فيما يتعلق بتعصيب العضلات الرافعة للشرج والمصرة الخارجية اختر الإجابة الصحيحة,هذه العضلات معصبة بفروع الضفيرة القطنية الوركية,هذه العضلات معصبة بالعصب الفرجي,يتم تعصيب العضلات الرافعة بواسطة الضفيرة القطنية الوركية والمصرة الخارجية بواسطة العصب الفرجي,كل الأجوبة أعلاه صحيحة,,,C,B
609,كل هذه العناصر هي معايير تؤثر على الحصر الشرجي ما عدا,مطاوعة المستقيم,سلامة جيدة لجهاز المصرة,نوعية البراز صلب أو سائل,حركة قولون جيدة,سلامة العصب الفرجى,,C,C
610,عند الفحص الجسدي لهبوط الغشاء المخاطي للمستقيم اختر الإجابة الصحيحة,الدفع بغلاف مع طيات مخاطية محيطية من خلال فتحة الشرج,انتفاخ في الجدار الخلفي للمهبل عند الدفع,الدفع من خلال فتحة الشرج يحدث هبوط صغير مع طيات الطرد المركزي,عند الدفع لا يخرج شيء من فتحة الشرج لكنه يسبب انتفاخ في العجان,يثير الدفع خروج الدم من خلال فتحة الشرج,,C,D
611,في الفترة المباشرة ما بعد الجراحة أي من هذه الحوادث هي حالة طارئة مهددة للحياة تستدعي العلاج,يشكو المريض من الألم في موقع العملية,يصل المريض إلى غرفة الإنعاش مع استحالة في التنفس,يشكو المريض من الغثيان,قلة البول أثناء مراقبة إدرار البول,عند الوصول إلى غرفة الإنعاش يرتجف المريض وتنخفض حرارته,,B,B
612,كل ما يلي هي عوامل مؤهبة لانخماض الرئة بعد العمل الجراحي ماعدا,جراحة بطن استمرت وقتا طويلا,مريض مدخن,جراحة بطن مع ضعف في السيطرة على الألم,إصلاح فتق تحت التخدير الموضعي,جراحة صدرية,,D,D
613,يعود سبب الحمى ما بعد الجراحة في اليوم الأول إلى كل ما يلي ما عدا,انخماص الرئة,خراج الجدران على مستوى موقع العملية بعد الجراحة النظيفة,التهاب الوريد في موقع التسريب,تفاعل على نقل الدم,بعد جراحة إنتانية للغاية تكون حمى اليوم الأول كلاسيكية,,E,B
614,فيما يتعلق بأعراض السلس الشرجي اختر الإجابة الخاطئة,حث على التبرز,عدم القدرة على احتواء الغاز,تلوث في الليل استيقاظ صباحي متسخ بالبراز,عدم القدرة على احتواء الإسهال المائي الشديد حتى عند المرضى الصغار في السن,عدم القدرة على احتواء البراز الصلب,,D,D
615,يمكن أن يكون الإمساك المزمن هو سبب جميع الحالات التالية ما عدا,الشق الشرجي,هبوط العجان مع هبوط متعدد الأعضاء,زيادة الوزن,البواسير من الدرجة الثانية,الفتق الإربي,,B,C
616,اختر التسلسل الصحيح فيما يتعلق بالفحص البدني في البطن الحاد,التسمع القرع التحري الجس,التحري التسمع القرع الجس,التحري التسمع الجس القرع,التسمع التحري القرع الجس,التحري الجس القرع التسمع,,C,B
617,اختر الإجابة الخاطئة حول علاج فرط كالسيوم الدم,إعطاء كميات كبيرة من محلول ملحي عالي التوتر للمرضى ذوي الكلى السليمة,في فرط كالسيوم الدم الشديد التالي للفشل الكلوي قد تكون هناك حاجة لغسيل الكلى,إعطاء بيزفوسفونات للمرضى الذين يعانون من فرط كالسيوم الدم بسبب ورم خبيث,استئصال جارات الدرق عند الإصابة بفرط كالسيوم الدم ناجم عن فرط نشاط جارات الدرق,,,A,A
618,إجابة واحدة خاطئة حول مسببات فرط بوتاسيوم الدم,إصابات السحق والحروق وغيرها من الأحداث التي تحرض على التقويض,قصور الكلى,قصور الغدة الكظرية والإفراط في إعطاء K+,القلاء,,,D,C
619,أي من العلامات التالية لا توحي بالبطن الحاد,منعكس الدفاع العضلي,إيلام الإرتداد,أصوات نشطة في الأمعاء,الصلابة,الحمى,,B,C
620,أي مما يلي مهم في تقييم آلام البطن,الشخصية والشدة,الموقع والتوقيت,العوامل المشددة والمخففة,كل الأجوبة أعلاه صحيحة,كل الأجوبة أعلاه غير صحيحة,,D,D
621,كل ما يلي يستدعي إجراء عمل جراحي عاجل في حالة البطن الحاد ما عدا,ظاهرة بطنية ملتبس تترافق مع إنتان دموي,استرواح الصفاق,فتق فخذ محبوس أكثر من 7 ساعات متراقع مع توهان دفاع وحمى,انسداد مساريقي يظهر في تصوير الأوعية,غياب التمعج عند التسمع,,E,E
622,كل ما يلي هو علامات وأعراض التهاب الصفاق ما عدا,الهواء الحر على الأفلام العادية,بطء القلب,الحمى والقشعريرة,البطن الحاد,,,B,B
623,كل ما يلي هو أعضاء داخل الصفاق ما عدا,الكبد,الطحال,المعدة,القولون الصاعد,,,C,D
624,كل ما يلي هو مؤشرات لعملية جراحية في الكيس الكاذب للبنكرياس ما عدا,حجم الكيس الكاذب >6 سم ومترافق مع أعراض,نزيف,انسداد مخرج المعدة,التصاق المعدة بجدار البطن,اليرقان,,B,D
625,علامة كولين هي مؤشر على,نزيف دوالي المريء,التهاب البنكرياس المزمن,التهاب المعدة والأمعاء الحاد,التهاب البنكرياس الناخر,,,A,D
626,ما هو الشريان الذي يوفر إمدادات الدم الرئيسية للفرج,الفرجي,الباسوري السفلي,الحرقفي الأربي,الفخذي,السفلي تحت المعدة,,A,A
627,ما هي الجرعة اليومية الموصى بها من الحديد التي يجب أن تتناولها النساء اللواتي قد يصبحن حوامل,1 ملغ,10 ملغ,27 ملغ,60 ملغ,,,C,C
628,أي من التالي هما نوعان من فيروس الورم الحليمي البشري عالي الخطورة ويمثلان معا حوالي 70٪ من سرطانات عنق الرحم في جميع أنحاء العالم,6 و 11,11 و 45,16 و 18,18 و 31,31 و 45,,C,C
629,ما هي المضاعفات الجنينية المرتبطة باستخدام الإندوميتاسين,موه السلى,رتق الصمام الرئوي,خلل التنسج القصبي الرئوي,الإغلاق المبكر للقناة الشريانية,,,D,D
630,تنشأ كتل المبيض الورمية الأكثر شيوعا لدى النساء بعد انقطاع الطمث من أي مما يلي,ظهارة المبيض,سدى المبيض,الخلايا الجرثومية للمبيض,حبال الجنس المبيضية,كل الأجوبة أعلاه غير صحيحة,,A,A
631,استخدام أي من الأدوية التالية يقلل بشكل واضح من فعالية وسائل منع الحمل الهرمونية مجتمعة,ريفامبين,بنسلين,دوكسيسيكلين,سيبروفلوكساسين,,,A,A
632,مريضة تبلغ من العمر 15 عاما مصابة بندرة الطمث كان لديها 3 فترات في العام الماضي كان لديها أيضا حب شباب وشعرانية ارتفع وزن جسمها إلى 80 كجم لها مستوى TSH طبيعي التشخيص الأكثر ترجيحا هو,فرط برولاكتين الدم,ورم الغدة الكظرية,قصور مبيض مبكر,مرض المبيض متعدد الكيسات,,,D,D
633,أي من الآتي ينطبق على أوعية المبيض,ينشأ كل من شرايين المبيض من الشريان الأبهر,كل من أوردة المبيض تصب في الوريد الأجوف السفلي,تنشأ الشرايين المبيض اليمنى واليسرى من الشريان الكلوي الأيمن والشريان الأبهر على التوالي,تصب أوردة المبيض اليمنى واليسرى في الوريد الكلوي الأيمن والوريد الأجوف السفلي على التوالي,,,D,A
634,مريضتك البالغة من العمر 25 عاما حامل في الأسبوع ال 36 من الحمل لديها عدوى حادة في المسالك البولية (UTI) أي من الأدوية التالية هو مضاد استطباب في علاج التهاب المسالك البولية في هذا المريض,أمبيسيلين,نيتروفورانتوين,تريميثوبريم/سلفاميثوكسازول,سيفاليكسين,ه أموكسيسيلين/كلافولانات,,C,C
635,سيدة تبلغ من العمر 52 عاما انقطع الطمث عنها في السنتين الماضيتين تأتي إلى عيادتك وتشتكي من نزيف مهبلي غير منتظم منذ شهر يكشف التصوير بالموجات فوق الصوتية عن سماكة بطانة رحم 9 مم ما هي الخطوة الأنسب,التصوير بالرنين المغناطيسي للحوض,خزعة بطانة رحم,مسحة عنق الرحم,تكرار التصوير بالموجات فوق الصوتية بعد شهر واحد,ه استئصال للرحم,,B,B
636,أي مما يلي ليس مقياس لحزر بيشوب,تمدد عنق الرحم,محو عنق الرحم,وجود الجنين,موقع الجنين,موضع عنق الرحم,,C,C
637,عادة ما يرافق الاحتكاك التاموري مع,بيلة دموية,ارتفاع ضغط الدم,تضخم القلب,تضيق الصمام التاجي,,,A,A
638,أول علامة على الارتجاع المعدي المريئي المرضي عند الرضع هي,نزيف علوي,أعراض تنفسية,تضيق المريء,قلس ما بعد الأكل,,,D,B
639,من المرجح أن يظهر الطفل المصاب بالتهابات المسالك البولية المتكررة,صمامات إحليلية خلفية,جزر مثاني حالبي,مثانة عصبية,حصوات كلوية وحالبية,,,A,B
640,ملف تخثر الدم عند فتاة تبلغ من العمر 13 عاما مصابة بغزارة الطمث وتعاني من داء فون ويلبراند هو,إطالة في PTT المعزول مع PT طبيعي,إطالة في PT المعزول مع PTT طبيعي,إطالة في كل من PT و PTT,إطالة في زمن الثرومبين,,,A,A
641,من المقرر أن يخضع الطفل البالغ من العمر 6 سنوات لاستئصال الغدانيات ما هي الأسباب الأكثر شيوعا لهذا الإجراء,تضخم الغدانيات الأنفية,يعاني الطفل من التهاب اللوزتين العقدية المتكرر ويخضع لاستئصال اللوزتين يتم تضمين إستئصال الغدانيات بشكل وقائي,كان الطفل يعاني من التهابات الأذن الوسطى المتكررة الجراحة هي لإزالة انسداد النفير,لقد طلب الوالدان هذا الإجراء,,,B,C
642,صبي يبلغ من العمر 3 سنوات ذو معالم نمو طبيعية لديه تأخر في الكلام وصعوبة في التواصل والتركيزإنه لا يصنع صدقات أرجح تشخيص هو,التوحد,تخلف عقلي,صعوبات تعليمية محددة,كل الأجوبة أعلاه صحيحة,,,A,A
643,ما هو المرض المناعي الذاتي الذي يتميز بغياب الخلايا التائية والتكزز ونقص كالسيوم الدم مع انخفاض في المناعة المتوسطة الخلوية,التهاب القولون التقرحي,التصلب اللويحي,عدم تنسج الغدة الصعترية الخلقي,الذئبة الحمامية الجهازية,,,C,C
644,يعاني حديث ولادة من استسقاء الرأس تكلسات داخل الجمجمة والتهاب الشبكية والمشيمية تشخيصك هو,الهربس الوليدي,داء المقوسات الخلقي,الزهري الخلقي,الحماق الخلقي,,,C,B
645,يتطلب العلاج المناسب لالتهاب التامور القيحي,الستيرويدات القشرية,الأسبرين,الغلوبولين المناعي الوريدي,التصريف الجراحي,,,B,D
646,أسباب انسداد البطن لحديثي الولادة (1 خطأ),رتق الأمعاء الدقيقة,رتق المريء,داء هيرشبرنغ,سدادة عقيية,,,B,B
647,تعاني سيدة حامل في الأسبوع 30 من نزيف مهبلي وتقلصات رحم متكررة ومكثفة بعد حادث طريق التباطؤ المتأخر موجود مع كل انقباض عند مراقبة الجنين أي إجابة هي الأكثر صحة,استخدام مقلدات بيتا لعلاج المخاض المبكر,إجراء عملية قيصرية طارئة,استخدام حول العمود الفقري المشترك,من غير المحتمل أن تصاب المريضة بتخثر منتثر داخل الأوعية,إنه بطن حاد,,E,B
648,امرأة تبلغ من العمر 56 عاما ليس لها تاريخ معين تعاني من انتفاخ البطن مؤخرا تؤكد الموجات فوق الصوتية وجود استسقاء بالإضافة إلى كيس مبيض بقطر 15 سم مع جدران سميكة مع نوبات متعددة داخل الكيس من 2 إلى 3 سم لكل منها الاقتراح العلاجي المنطقي الأكثر من بين ما يلي سيكون,استئصال الملحق الأيمن عن طريق تنظير البطن ثم العلاج الكيميائي,استئصال المبيض من جانب واحد عن طريق تنظير البطن يليه العلاج الكيميائي,العلاج الكيميائي يليه تنظير البطن,استئصال الرحم مع استئصال الملحقات المزدوجة وقطع الثرب والتدريج الجراحي يليه العلاج الكيميائي المساعد,العلاج الكيميائي المساعد الجديد يليه استئصال الرحم مع استئصال الملحقات المزدوجة وقطع الثرب والتدريج الجراحي,,B,D
649,فيما يتعلق بتأثير حبوب منع الحمل,تزيد من خطر الإصابة بسرطان المبيض,تزيد من خطر الإصابة بسرطان بطانة الرحم,تقلل من كمية الدم أثناء الحيض,تزيد من عسر الطمث,تقلل من خطر التهاب الوريد,,C,C
650,يأتي التزليق المهبلي أثناء الجماع بشكل رئيسي من,إفرازات الشريك,غدة بارثولين,البول,الارتشاح عبر جدار المهبل,غدد عنق الرحم تحت تأثير هرمون الأستروجين,,E,D
651,ما هي العلامات التي تنبأ بقرب الارتعاج لدى المرأة الحامل المصابة بارتفاع ضغط الدم,الغاء ردود الفعل الوترية العميقة,طنين الأذنين,زيادة الوزن 4 كغ في ثلاثة أيام,تشنجات في ربلة الساق,,,C,B
652,بالنسبة للمعايير التالية اختر الذي يزداد أثناء تطور الحمل,الهيماتوكريت,ضغط الدم الانقباضي,ضغط الدم الانبساطي,النتاج القلبي,,,A,D
653,اختر من بين الأدوية التالية الأكثر ارتباطا بخطر الإصابة بالشفة المشقوقة,البنسلين,مضادات الالتهاب,مضادات الصرع,مضادات القيء,خافضات الضغط,,C,C
654,تتميز متلازمة كلاينفلتر عند الأطفال في شكلها النموذجي بما يلي,التخلف العقلي الشديد,عدم وجود علامات محددة عند الولادة,فرط تصبغ الجلد,عدم وجود عظم أنف سليم,معدل الوفيات في السنة الأولى من العمر بنسبة 70%,,B,B
655,في حالة القيء الصفراوي عند الأطفال حديثي الولادة التشخيص الأول الذي يجب استبعاده هو,رتق المريء,الإنفتال على المساريق الأصلية,تضيق بوابي ضخامي,التهاب المعدة والأمعاء الحاد,ضمور المثانة,,A,B
656,أي من الفيروسات التالية سيكون مسؤولا عن التهاب الدماغ الوليدي إذا كانت الأم مصابة بعدوى نشطة أثناء الولادة,الهربس من النوع 2,فيروس نقص المناعة البشرية,فيروس الورم الحليمي البشري,الإنفلونزا (غريب),ه فيروس بارفو,,A,A
657,فيما يتعلق برتق المريء اختر الإجابة الصحيحة,هناك 6 أنواع من رتق المريء,النوع الأكثر شيوعا هو النوع 1,يتم التشخيص عن طريق عدم تقدم الأنبوب المعدي,في الفترة ما قبل الجراحة نضع مسبار بلعومي من النوع المسدود بشفط مستمر ونحافظ على وضع نصف الجلوس ولا نطعم الطفل,ه ابحث عن تشوهات الشفة المشقوقة المترافقة,,A,C
658,فيما يتعلق بالقيلة السرية وانشقاق البطن اختر الإجابة الصحيحة,يتم تعريف القيلة السرية من خلال الأحشاء الموجودة في كيس يتوسطه الحبل السري,يعرف انشقاق البطن بأنه إضفاء الطابع الخارجي على الأحشاء خارج بطن الجنين عند الحدود الجانبية اليسرى للسرة,هناك تشوهات مترافقة مع انشقاق البطن,في غرفة الولادة يجب ترك الأحشاء في الهواء الطلق لتبرد,بعد العملية الجراحية يتم التغذية كما هو الحال مع أي طفل جديد دون تشوهات,,A,A
659,بالنسبة لمريض يبلغ من العمر 40 عاما مصابا بالتهاب البنكرياس الناخر الحاد من منشأ صفراوي ما هو أفضل اقتراح علاجي,تقنية التصريف المفضلة هي تصوير البنكرياس والقنوات الصفراوية بالمنظار الراجع عندما تكون متاحة,هذه التقنية سهلة للغاية ونادرا ما تكون معقدة,يجب تفضيل العلاج الجراحي كخط ثان,لا تزال تقنيات التصريف طفيفة التوغل سيئة الاستخدام,من الصعب تنفيذ تقنيات الصرف طفيفة التوغل,,A,A
660,فيما يتعلق بصدمات البطن لدى المريض الذي يتعرض لحادث سيارة فإن الأعضاء الأكثر تأثرا هي,الكبد,المعدة,الطحال,الأمعاء,القولون,,C,C
661,رجل يبلغ من العمر 23 عاما ولديه تاريخ شهر واحد من استئصال الزائدة الدودية يعاني من القيء الشديد ويشكو من الألم في البطن ما هو أهم سؤال يجب طرحه,لون القيء,إنطراح البراز,إنطراح الغاز,ما الطعام الذي تناوله مؤخرا,لون البراز,,A,C
662,لتحقيق أفضل النتائج مع المضادات الحيوية الوقائية يجب توخي الحذر عند إعطائها أثناء الجراحة,تسبق دائما العملية الجراحية في غضون ساعة إلى ساعة ونصف كحد أقصى من وقت حقن التخدير,إعطاءها في مرحلة ما بعد الجراحة في غضون 30 دقيقة إلى ساعة على الأقل,يجب أن يتم ذلك أثناء الإجراء الجراحي بمجرد حقن دواء التخدير في غضون 12 ساعة كحد أقصى و/أو 24 ساعة استثنائيا,تسبق الإجراء الجراحي في غضون 1 إلى 2 يوم كحد أقصى,من الأفضل أن يتم إعطاؤها بعد 6 ساعات من الشق الجراحي,,C,A
663,تم إدخال امرأة تبلغ من العمر 67 عاما إلى المستشفى مصابة بكسر في الورك بعد سقوطها أي من الأنظمة التالية يشكل الوقاية المناسبة من الخثار الإنصمامي الوريدي لهذه المريضة,أجهزة الضغط الهوائي المتقطع,الهيبارين غير المجزأ تحت الجلد,الهيبارين منخفض الوزن الجزيئي تحت الجلد,الوارفارين مع (INR) من 15 إلى 20,الأسبرين,,C,C
664,رجل يبلغ من العمر 48 عاما كان يعاني سابقا من ارتفاع ضغط الدم عانى فجأة من ألم في الصدر خلف القص يلتف نحو الظهر يكشف التسمع القلبي عن نفخة انبساطية على طول الحدود اليسرى للقص تخطيط القلب في وقت الألم طبيعي ما هو التشخيص الذي يجب استحضاره أولا,التهاب التامور الحاد,انصمام رئوي هائل,تسلخ الأبهر,احتشاء عضلة القلب,استرواح الصدر,,C,C
665,أي من المواقف التالية تتبنى على الفور عند حدوث رعاف خفيف,ضغط بالأصبعين لمدة 10 دقائق,دكاك أمامي,دكاك خلفي,ربط الأوعية الدموية,وضع بالون مرقئ,,A,A
666,أي العلامات السريرية التالية تشير إلى شلل الأعصاب الراجع الأحادي الجانب,خلل النطق,صوت من الأنف,عسر البلع,ضيق التنفس,فقدان الوزن,,A,A
667,أي من العناصر الآتية يتوافق مع عامل خطر لظهور تحص صفراوي,الجنس الذكري,استهلاك الكحول,العمر أقل من 50,اتباع نظام غذائي عالي البروتين,زيادة الوزن,,E,E
668,امرأة تبلغ من العمر 40 عاما تستشير لأنها كانت تعاني من حبل وريدي حساس تحت الجلد في ربلة الساق اليسرى لمدة 1 أسبوع يظهر الفحص احمرار الجلد المحيط بالوريد أي من التشوهات التالية هو المسؤول على الأرجح عن هذا الاضطراب,عيب في المضخة الوريدية لعضلة الساق,سلس الصمامات عند الموصل الصافن الفخذي,زيادة ضغط الجهاز الوريدي العميق,انسداد الوريد العميق في ربلة الساق,تخثر في الوريد السطحي,,D,E
669,أي مما يلي هو السبب الأكثر شيوعا لنزيف المستقيم المؤلم,البواسير الداخلية,البواسير الخارجية,التهاب الرتج,الشق الشرجي,جسم غريب في المستقيم,,C,D
670,أول حالة طوارئ جراحية غير توليدية (بالتواتر) أثناء الحمل هي,التهاب الزائدة الدودية,التهاب المرارة,انسداد معوي,انفتال,قرحة مثقبة,,A,A
671,في رجل يبلغ من العمر 45 عاما أي مما يلي هو العرض الأكثر شيوعا لحصيات المرارة,التهاب البنكرياس الحاد,المغص الصفراوي,التهاب الأقنية الصفراوية الصاعدة,دبيلة المرارة,,,B,B
672,ما هو اختبار الخط الأول لقرحة هضمية,أنابيب المعدة القاعدية,غاسترينيميا قاعدية,البحث عن الملويات البوابية في المنطقة الغارية,التصوير المقطعي المحوسب للبطن,البحث عن فرط نشاط الغدة الدرقية,,C,C
673,ما هو السبب الأكثر شيوعا لالتهاب البنكرياس لدى الذكور البالغين من العمر 32 عاما,تحص صفراوي,إدمان الكحول,صدمة في البطن,قرحة هضمية مثقبة,التسمم بالساليسيلات,,B,B
674,رجل يبلغ من العمر 35 عاما يشكو من ألم في العظام من بين هذه الآفات السرطانية الحميدة ما هي التي تتوافق مع ألم انتكاسي ليلي,عرن عظمي,ورم عظماني,ورم ليفي غير عظمي,الكيس العظمي الأساسي,الورم الغضروفي المعزول,,A,B
675,أي من العضويات التالية هي السبب الرئيسي لإسهال معظم المسافرين,الإشريكية القولونية,العطيفة,الضمة,الجيارديا,الشيغيلا,,E,A
676,يرتبط فرط بوتاسيوم الدم الحاد بأي من التغيرات التالية في تخطيط كهربائية القلب,توسع QRS,إطالة في مقطع ST,انخفاض في فترة PR,موجات U بارزة,تسطح موجة T,,A,A
677,أي من المواقع التالية هو نوع السرطان الذي يؤدي في أغلب الأحيان إلى ظهور نقائل كبدية,سرطان غدية رحمي,سرطان الخلايا الحرشفية في المريء,سرطان غدي في القولون والمستقيم,ساركوما عظمية,ورم منوي خصيوي,,C,C
678,أثناء الفشل الكلوي الحاد فإن شذوذ الكهارليتات المائية الذي يجب البحث عنه بشكل عاجل هو,نقص صوديوم الدم,فرط بوتاسيوم الدم,نقص كالسيوم الدم,فرط فوسفات الدم,جفاف عام,,B,B
679,ما هي المسببات الأكثر احتمالا للاستحضار أمام اعتلال العقد اللمفية الثنائية الضخمة عديمة الأعراض وإعتلال العقد اللمفية المنصفية المرتبطة بالحفاظ على الحالة العامة والحمامي العقدية المكتشفة في امرأة شابة تبلغ من العمر 25 عاما,السل,الساركويد,ليمفوما اللاهودجكين,داء هوچكين,فيروس,,B,B
680,ما هو السبب الأكثر شيوعا لفقدان السمع لدى مريض سليم سابقا,الرضح الضغطي,انحشار الصماخ,التهاب الأعصاب,التهاب الأذن الوسطى,انثقاب الغشاء الطبلي,,B,B
681,أي من الأدوية التالية من المحتمل أن تسبب مشكلة العجز الجنسي,مضاد الذهان,مضاد حيوي,متممات الحديد,متممات الكالسيوم,الأسبرين,,A,A
682,رجل يبلغ من العمر 68 عاما يعاني من بيلة دموية و عسر البول وإلحاح البول لمدة 72 ساعة يظهر الفحص السريري تضخم البروستات وإيلامها تنظير المثانة يظهر تضيق مجرى البول والتهاب المثانة النزفي بعد ساعة واحدة من التنظير الخلوي يعاني من قشعريرة مع الحمى ونعاس درجة حرارته 356 درجة مئوية ضغط دمه 60/20 ملم زئبق معدل ضربات قلبه 120 / دقيقة و معدل تنفسه 24 / دقيقة جلده بارد ومرقش ومزرق إنه واهم يتم وضع قسطرة فولي ما هو التشخيص الأكثر ترجيحا,نزيف معدي معوي حاد,احتشاء عضلة القلب الحاد,صدمة إنتانية,الانصمام الرئوي,تمزق المثانة,,C,C
683,كان عامل بناء يعمل في الخارج في موقع عمل ونسي أن يرتدي حذائه الفولاذي داس على مسمار صدئ اخترق حذاءه وثقب قدمه مما أدى إلى جرح متسخ ويذكر المريض أنه لا يعتقد أنه حصل على لقاح الكزاز في سنوات 20+ ولا يعتقد أنه تلقى اللقاحات الثلاثة الأولية عندما كان طفلا بالإضافة إلى الأشعة السينية والعلاج المناسب بالمضادات الحيوية أي من التالي صحيح,إعطاء المريض ذيفان الكزاز 05 مل و 250 وحدة من الغلوبولين المناعي للكزاز,إعطاء المريض ذيفان الكزاز 05 مل,لا تعطي المريض أي شيء لأنك لا تعالج حتى تبدأ الأعراض,إعطاء المريض الغلوبولين المناعي للكزاز 250 وحدة وحدها,,,A,A
684,يتم إحضار طفلة تبلغ من العمر 4 سنوات إلى غرفة الطوارئ من قبل والديها ليلة الجمعة لأنهم قلقون بشأن داء الكلب كان الخفاش موجودا في غرفة الطفلة عندما وصلوا إلى منزلهم الريفي في ذلك المساء بدأ يتطاير حول رأس الفتاة عندما دخلت غرفتها وأزعج شعرها سمع الوالدان صراخها وركضا إلى غرفتها و أخرجاالخفاش من النافذة ما هو التدخل الأنسب في هذا الوقت,إعطاء الغلوبولين المناعي لداء الكلب (RIG) فقط,إعطاء لقاح داء الكلب والغلوبولين المناعي لداء الكلب (RIG),طمأنة الوالدين بأنه لا يوجد خطر من داء الكلب,إعطاء لقاح داء الكلب فقط,,,B,A
685,يتم تقييم رجل يبلغ من العمر 28 عاما لمدة يومين من تاريخ الحمى والقشعريرة و ينفي أي سعال أو إنتاج القشع أو آلام في البطن أو إسهال أو عسر البول من المعروف بأنه مصاب بسرطان الغدد الليمفاوية لهودجكين وتلقى دورة من العلاج الكيميائي قبل 5 أيام الحرارة 385 وضغط الدم 123/67 أظهر الفحص البدني أن جوف الفم والجلد طبيعي وفحص القلب الرئوي والبطني طبيعي أظهرت الفحوص المخبرية WBC = 1500 خلية / مم 3 مع عدد المعتدلات المطلق من 200 خلية / مم 3 يتم جمع زرع الدم والبول أي مما يلي هو أنسب علاج تجريبي أولي في انتظار نتائج الزرع,بيبيراسيلين / تازوباكتام,ميروبينيم وميكافنجين,سيفيبيم وفانكومايسين,لينزوليد,,,C,A
686,رجل يبلغ من العمر 65 عاما يحضر بسبب ضيق صدر مؤلم خلف القص لمدة 3 أشهر الألم عرضي يحدث بشكل رئيسي عند بذل الجهد ويهدأ بعد 2-5 دقائق من الراحة خضع لفحص الجهد الكهربائي بعد 10 دقائق من بدء الاختبار بدأ يعاني من نفس ألم الصدر ويظهر مخطط كهربائية القلب الخاص به انخفاض ST 2 مم وانعكاس موجة T في الأسلاك II III aVF يتم التخطيط للمريض لتصوير الأوعية التاجية من المرجح أن يظهر تصوير الأوعية التاجية تضيقا في أي من الأوعية التالية,الشريان المحيطي,الشريان التاجي الأيمن,الشريان التاجي الرئيسي الأيسر,الشريان الأمامي النازل الأيسر,,,C,B
687,رجل يبلغ من العمر 62 عاما يحضر إلى قسم الطوارئ مع بداية مفاجئة لألم شديد في الصدر يلتف نحو الرقبة والذراعين ويترافق مع تعرق غزير ودوخة عند الفحص البدني المريض في حالة ألم علاماته الحيوية هي ضغط الدم 89/55 معدل ضربات القلب 60 نبضة في الدقيقة وتشبع الأكسجين 96٪ في الهواء المحيط باقي الفحص البدني طبيعي أظهر مخطط كهربية القلب ارتفاع ST في I aVL V5 و V6 وفترة PR طبيعية العملية الرئيسية المسببة لهذا العرض لدى هذا المريض هي,تضيق الشريان التاجي,تمزق عصيدة الشريان التاجي,تشنج الشريان التاجي,التهاب التامور,,,B,B
688,يتم تقييم امرأة تبلغ من العمر 80 عاما لشهر 1 من ضيق التنفس عند بذل مجهود معتدل والتعب لديها تاريخ من ارتفاع ضغط الدم المعالج بهيدروكلوروثيازيد عند الفحص كان BP = 125/80 مع HR 85 الأوردة الوداجية منتفخة قليلا الفحص الرئوي يظهر كراكر قاعدية ثنائية الجانب دقيقة يلاحظ نفخة انقباضية درجة II/VI في الحدود القصية العليااليمنى أظهر مخطط صدى القلب جزءا طرديا بنسبة 30٪ مع تضيق الأبهر وتوسع البطين الأيسر أي من الأدوية التالية يظهر أنه يقلل من معدل الوفيات عند هذا المريض,إنالابريل,فيراباميل,ديجوكسين,فوروسيميد,,,A,A
689,رجل يبلغ من العمر 25 عاما يعاني من بداية مفاجئة لألم في الصدر الأيسر الألم يزداد بعد تمرين قوي ويزداد عند الشهيق لكنه لا يتأثر بالوضعية هو يتمتع بصحة جيدة ويدخن من حين لآخر عند الفحص البدني كانت درجة حرارته 368 درجة مئوية وضغط دمه 120/80 ملم زئبق وتشبع الأكسجين بنسبة 97٪ على هواء الغرفة فحص الصدر يكشف عن انخفاض الحساسية اللمسية وفرط الرنين وتناقص أصوات التنفس في النصف الأيسر من الصدر ما هو التشخيص الأكثر ترجيحا,استرواح الصدر العفوي,انصمام رئوي,التهاب التامور الحاد,التهاب الغضروف الضلعي,,,B,A
690,امرأة تبلغ من العمر 40 عاما حضرت وهي تعاني من ألم شديد غير واضح في القص الخلفي للصدر بدأ قبل ساعتين من حضورها كانت بصحة جيدة في السابق كما أبلغت عن ألم في ربلة الساق اليمنى بدأ قبل يومين دواؤها الوحيد هو حبوب منع الحمل الفموية (OCP) في الفحص البدني ضغط دمها 130/80 ومعدل ضربات القلب 92 نبضة في الدقيقة وتشبع الأكسجين بنسبة 92% على هواء الغرفة الفحص القلبي الرئوي طبيعي لوحظ إيلام في السابق اليمنى وسوخونة وتورم يظهر تصوير الأوعية المقطعي المحوسب للشرايين الرئوي إنصمام رئوي في الشرايين الرئوية اليمنى و اليسرى الفحوص المخبرية بما في ذالك التروبونين وBNP طبيعية بالإضافة إلى إيقاف OCP أي مما يلي هو التدبير الأنسب في هذا الوقت,مضاد تخثر دم مع وارفارين,مضاد تخثر دم مع إنوكسابارين,عامل حال للخثرة وريديا (التيبلاز),إدخال مرشح الوريد الأجوف السفلي,,,B,B
691,يتم احضار مريض ذكر يبلغ من العمر 70 عاما إلى قسم الطوارئ مع نزيف المستقيم الذي كان يعاني منه لمدة 12 ساعة نفى وجود ألم في البطن أو نزيف سابق في الجهاز الهضمي لا يوجد تقيؤ دموي لا يوجد تغوط أسود عند الفحص البدني يبدو شاحبا في ضائقة مع صلبة غير يرقانية أظهر فحص المستقيم براز دموي العلامات الحيوية أظهرت معدل ضربات قلب 130 نبضة في الدقيقة وضغط الدم الانقباضي 60 ملم زئبق أظهرت اختبارات المختبر نسبة الهيماتوكريت 30٪ ومتوسط حجم الكريات الحمر 70 فمتولتر وكرياتينين 2 ملغ/دل الفحص الأولي الأنسب بعد التثبيت هو,تنظير المعدة العاجل,جراحة عاجلة,تنظير قولون عاجل غير مجهز مسبقا,مسح التكنيتيوم النووي,,,C,A
692,تم إحضار رضيعة تبلغ من العمر 9 أشهر من قبل والديها لأنها مصابة بفتق سري يظهر الفحص البدني عيب سري يبلغ قطره حوالي 1 سم مع انتفاخ صغير عندما تبكي الطفلة يمكن تقليل محتويات الفتق بسهولة الفتق ليس مؤلما والطفلة بدون أعراض أي مما يلي هو الخطوة التالية في التدبير,إصلاح الشبكة,الإصلاح الجراحي العاجل,الملاحظة,بضع الفتق,,,C,C
693,سقط عامل بناء يبلغ من العمر 29 عاما على بعد 15 قدما من سطح وكسر عظم العضد الأيمن كما هو موضح في الصورة الشعاعية المرفقة إذا كانت إصابته في الأخدود الحلزوني فأي الأعصاب الآتية أكثر عرضة للخطر,العصب المتوسط,العصب الكعبري,العصب الزندي,العصب الخلفي بين العظام,,,C,B
694,في الحجب الأذيني البطيني من الدرجة الثانية نوع موبيتز نمط II,يتم إصلاح و إطالة فترة PR,فترة PR تصبح أطول وأطول إلى أن تسقط نبضة واحدة أخيرا,تبقى PR دون تغيير ولكن موجة P تفشل في أن توصل إلى البطينين,يتم فصل موجات P عن معقدات QRS,تعرف أيضا بظاهرة وينكباخ,,C,C
695,السل الدخني يشير إلى,داء جهازي قد يصيب عدة أعضاء,مريض مصاب بعدوى كامنة سابقا مع مرض السل,مريض مصاب بتليف رئوي تالي لداء السل,مريض مصاب بالتصاقات صفاقية تالية لداء السل,مريض مصاب بعجز عصبي تالي لداء السل,,A,A
696,ورم المثانة الأكثر شيوعا هو,سرطانة الخلايا الانتقالية,سرطانة الخلايا الحرشفية,سرطانة غدية,سرطانة الخلايا الصغيرة,ساركوما,,A,A
697,النظام المتبع عند الأطفال لتقييم شدة الإصابة بمرض كبدي وشامل كل ما يلي ما عدا,بيليروبين,ألبومين,هيموغلوبين,INR,اعتلال دماغي كبدي,,C,C
698,الورم الأساسي الأكثر شيوعا في الدماغ هو,ورم دبقي,ورم سحائي,ورم لمفاوي أساسي في الجملة العصبية المركزية,ورم أرومي نخاعي,ورم نخامي,,B,A
699,يرقان بدون بيليروبين في البول يشاهد في,داء سرطاني منتشر,فقر دم انحلالي مكتسب,انسداد القناة الصفراوية الشائعة,التهاب كبد انتاني,التهاب كبدي من الكلوربرومازين,,C,B
700,امرأة تبلغ من العمر 50 عاما تعاني منذ أسبوعين من صعوبة حادة ومتدرجة في المشي وضعف في أطرافها عند الفحص كان هناك ضعف في الأطراف القريبة والبعيدة وهو أكثر وضوحا في الساقين منه في الذراعين جميع المنعكسات الوترية غائبة والمنعكسات الأخمصية مثنية لم يكن هناك فقدان إحساس ما هو التشخيص الأكثر رجحانا,ضغط على الحبل الشوكي العنقي,متلازمة غيلان باري,وهن عضلي وخيم,ألم عضلي متعدد رثيوي,التهاب العضلات,,C,B
701,أدخل شاب إلى قسم الطوارئ لطعنة في البطن قبل ساعة لا يوجد نزيف خارجي كبير ضغطه 80/30 نبضه 130 ويبدو شاحبا الشيء التالي الذي يجب القيام به هو,أخذ تاريخ مفصل,طلب إجراء فحص بالموجات فوق الصوتية للبطن,طلب إجراء تصوير مقطعي,طلب إجراء تصوير بالرنين المغناطيسي للبطن,التحضير لفتح بطن فوري,,B,E
702,رجل يبلغ من العمر 77 عاما يعاني من ألم عصبي تالي للهربس بارز ومتوزع على جدار الصدر أي من التالي من الأرجح احتمال أن يكون فعالا في الحد من شعوره بالألم,فالاسيكلوفير عن طريق الفم (فالتريكس),لاصقة ليدوكائين موضعية (زيلوكائين),حقن كورتيكوستيرويد صدرية فوق الجافية,لقاح الهربس النطاقي,الوخز بالإبر,,B,B
703,امرأة تبلغ من العمر 55 عاما تعاني من ضعف عضلي تصاعدي تدريجي ولكن عرضي تم تشخيصه على أنه وهن عضلي وخيم صورة الصدر الشعاعية لها طبيعية ولا تكشف عن أي دليل على كتلة أو تورم منصفي ما هو العلاج الذي من المؤكد يمكن تقديمه لهذه المريضة,بردنيزون,نيوستيغمين,استئصال التوتة,فصادة البلازما,أتروبين,,B,C
704,فتاة تبلغ من العمر 14 عاما تحضر إلى غرفة الطوارئ بعد 20 ساعة على ابتلاعها ل85 غ من الأسيتامينوفين يجب أن يبدأ العلاج بأي من التالي,ديفيروكسامين,فيزوستيغمين,إن-أسيتيل سيستئين,غلوثاثيون,لا يشار إلى علاج,,A,C
705,ذكر يبلغ من العمر 55 عاما غير مدخن خضاب الدم 18 غ/دل و هيماتوكريت 50% يلاحظ تضخم الطحال أي من التالي هو التشخيص الأكثر ترجيحا,كثرة الحمر الحقيقية,تليف نقيي مجهول السبب,كثرة كريات حمر ثانوية,متلازمة خلل التنسج النخاعي,ابيضاض نقوي مزمن,,C,A
706,تم تشخيص فتاة تبلغ من العمر 12 عاما بالربو لديها أعراض ليلية مرتين في الأسبوع وأعراض نهارية يومية أي من التالي لا ينبغي أن يكون جزء من علاجها على المدى الطويل,ستيروئيد استنشاقي,مضاد مستقبلات الليكوترين,مقلد بيتا قصير المدى,بريدنيزون عن طريق الفم,مقلد بيتا طويل المدى,,C,D
707,مميزات السمة الظاهرية لمتلازمة داون عند فتاة تبلغ من العمر 8 سنوات تشمل كل ما يلي ما عدا,جسر أنفي مسطح,انحراف الأصابع,بروز اللسان,شفة مشقوقة,أذنين مغروسة قليلا,,D,D
708,في أي من الظواهر السريرية التالية يكون الصداع المترافق مع ورم دماغي هو الأكثر شيوعا,عند الاستيقاظ في الصباح,بعد تناول الفطور الصباحي,بعد تناول الغداء,بعد تناول العشاء,خلال الليل,,A,A
709,مريض يعاني من رجفان أذيني حضر وهو يشكو من ألم حاد في الطرف السفلي الأيسر تطور إلى فقدان الإحساس والشعور بالبرودة والخدر منذ بضع ساعات ما هو العلاج الذي يجب البدء به,إعداد المريض لاستئصال الانصمام,إعطاء الهيبارين فورا,إرسال المريض لإجراء تخطيط شرياني,تعريف وعلاج السبب,,,B,B
710,رجل يبلغ من العمر 59 عاما يعاني من التهاب كبدي ب تشمع كبدي والتهابات رئوية متكررة لديه انصباب غشاء جنبي أيمن كبير تبين من بزل الصدرأن نسبة البروتين الجنبي إلى بروتين المصل هي أكبر من 05 التفسير الأرجح لهذه النتيجة هو,نقص ألبومين الدم,انخماص الرئة,التهاب رئوي,تشمع كبدي,احتشاء رئوي,,D,C
711,فتاة تبلغ من العمر 13 عاما تعاني من غزارة طمث ومصابة بداء فون ويلبراند يظهر ملفها التخثري,إطالة في PTT المعزول وPT طبيعي,إطالة في PT المعزول وزمن PTT طبيعي,إطالة في كل من PT وPTT,إطالة في زمن الثرومبين,,,A,A
712,ما هو حجم قطر أم الدم الأبهرية الذي يعتبر بحاجة للعلاج,6 سم,5 سم,8 سم,4 سم,,,B,B
713,رجل في منتصف العمر تم تشخيصه مؤخرا بارتفاع ضغط الدم الدواء الخافض للضغط الموصوف يعزز تركيز أنجيوتنسين II في المصل ويقلل من إنتاج الألدوستيرون ينتمي هذا الدواء على الأرجح إلى أي من فئات الأدوية التالية,مضاد مستقبل الألدوستيرون,حاجب ألفا,حاجب مستقبل الأنجيوتنسين II,مثبط رنين مباشر,مدر عروة,,C,D
714,أي من التالي هو نوع السرطان الذي غالبا ما يسبب نقائل كبدية,سرطانة غدية رحمية,سرطانة حرشفية في المريء,سرطانة غدية قولونية شرجية,ساركوما عظمية,ورم منوي خصوي,,C,C
715,ما هو البند غير الصحيح بشأن الورم العصبي الليفي (داء فون ريكلينغ هاوسن),يتصف بوجود أورام عصبية ليفية حميدة متعددة,يصيب العظم الجهاز العصبي الأنسجة اللينة والجلد,تتناقص الأعراض السريرية على مر الزمن,يمكن أن تنشأ مشاكل عصبية أو خبيثة,هو اضطراب وراثي عصبي صبغي جسدي مهيمن,,C,C
716,في أي من الظواهر السريرية التالية يكون الصداع المترافق لورم الدماغ هو الأكثر شيوعا,عند الاستيقاظ في الصباح,بعد تناول الفطور الصباحي,بعد تناول الغداء,بعد تناول العشاء,أثناء الليل,,A,A
717,الفيزيولوجيا المرضية لالتهاب الزائدة الدودية تشمل كل ما يلي ما عدا,تضخم اللمفاويات يؤدي لانسداد لمعي,قد يكون سببه فيروس الورم الحليمي البشري,أنتفاخ الزائدة تكاثر جرثومي,الألم في الأحشاء يبدأ بمعدل 17 ساعة بعد الانسداد,زيادة ضغط يضر بإمداد الدم,,B,B
718,تمثل المضاعفات الجلدية عند المرضى المصابين بداء كرون في معظم الأحيان,تقيح الجلدالغنغريني,حمامي عقدة,طفح بقعي حطاطي,بهاق,كلف,,C,B
719,تمثل تشوهات وظائف الرئة في الساركويد الرئوي بشكل أساسي ب,انخفاض القدرة الحيوية القسرية,ربو,تشنج قصبات,زيادة سرعة التنفس,توسع القصبات,,A,A
720,عند معالجة رجل يبلغ من العمر 34 عاما من مرض كروهن ما يلي من المرجح أن يكون مفيدا في تحفيز الهدأة ما عدا,كورتيكوستيرويد فموي,مضاد التهاب غير ستيرويدي,أزاثيوبرين,ميثوتركسات,إنفليكسيماب,,A,B
721,فيما يتعلق بالقصور الكلوي الحاد الشذوذ الكهرليتي-المائي الذي يجب البحث عنه على وجه السرعة هو,نقص صوديوم الدم,فرط بوتاسيوم الدم,نقص كالسيوم الدم,فرط فوسفات الدم,تجفاف عام,,B,B
