id,input,prediction,ground_truth
1,"عضلات الكم المدوره للكتف

الاختيارات:
A. هى ثلاث عضلات
B. كلها تدير العضد للخارج
C. وحدة منها ترتكز على الحديبية الصغرى
D. المدورة الكبيرة اهم واحده منها",A,C
2,"دراسة وظائف العضو ووظائف الاتصال:

الاختيارات:
A. التشريح الوصفي
B. التشريح السريري
C. التشريح الفيزيولوجي
D. التشريح الجهازي",C,C
3,"مايلي صحيح عن مخاطية البوق عدا:

الاختيارات:
A. تبطن بظهارة بسيطة اسطوانية.
B. خلايا الظهارة المهدبة تضرب أهدابها باتجاه المبيض.
C. خلايا الظهارة المفرزة غير مهدبة.
D. الخاليا الوتدية cells peg تفرز غليكوبروتينات.",B,B
4,"عصب ينقل إحساس الذوق من ثلث اللسان الخلفي :

الاختيارات:
A. السابع
B. التاسع
C. العاشر
D. الخامس",B,B
5,"القناة الدافقة إختر الإجابة الخاطئة :

الاختيارات:
A. تقيس القناة الدافقة أقل من واحد سم
B. تتشكل من إتحاد البربخ مع قناة الحويصلة المنوية
C. تنقب السطح الخلفي للمثانة
D. تنفتح على الجزء الموثي من الإحليل",A,C
6,"ال تحتوي سيتوبلاسما جدر الشعيرات :

الاختيارات:
A. صهاريج من شبكة سيتوبالاسمية ناعمة.
B. متقدرات.
C. ريبوزوم.
D. معقد كولجي صغير.",A,A
7,"تقوم ال Chief Cell بإفراز :

الاختيارات:
A. Pepsinogen
B. Trypsinogen
C. Lipase
D. الأول والثالث
E. كل ما سبق صحيح",A,D
8,"قوس بيضاء عند حدود جسم الظفر مع جذره :

الاختيارات:
A. هليل الظفر
B. سرير الظفر
C. استارة الظفر
D. اللعوة",C,A
9,". من فروع الشريان السباتي الباطن

الاختيارات:
A. Ophthalmic
B. الشريان المخيخي السفلي الامامي
C. الشريان المخيخي السفلي الخلفي
D. شوكي",B,A
10,". العظم الاضخم في هيكل القدم

الاختيارات:
A. Calcaneum
B. Navicular bone
C. Cuboid bone
D. Cuneiform bone",A,A
11,"كل ما يلي من صفات الحالب

الاختيارات:
A. نهايته العلوية تشكل الحويضة
B. عضو داخل البريتوان
C. فيه ثلاثة تضيقات
D. طوله 25 سم",A,B
12,". يقع الخط الالوي السفلي على

الاختيارات:
A. السطح الخارجي للحرقفة
B. الوجه الداخلي للحرقفة
C. الفرع العلوي للعانة
D. الوجه الخلفي للفخذ",B,A
13,"من جدران الفم ما عدا

الاختيارات:
A. يرزخ الحلق
B. الشدقان
C. الحنك
D. الشفتان",D,A
14,"اختر الخاطئ :

الاختيارات:
A. للمخ ست طبقات
B. يقسم المخ الى باحات حسب الانتظام النسيجي
C. الباحات الأولية تعمل على تخزين الذاكرة المكتسبة
D. كل ما سبق صحيح",C,C
15,"لا يمكن تمييز Internal Elastic Lamina بسهولة في :

الاختيارات:
A. Cerebral Artery
B. الأول والثالث
C. Elastic Artery
D. Muscular Artery",D,C
16,"الحافة من الفرع التي تشكل زاوية الفك السفلي:

الاختيارات:
A. الأمامية
B. الخلفية
C. العلوية
D. الوحشية",B,B
17,"تتعصب بالعصب الشظوى السطحى

الاختيارات:
A. العضله الظنبوبيه الخلفية
B. الرأس المستقيم للمستقيمه الفخذية
C. العضله الخياطية
D. العضلة المأبضيه
E. العضله الشظويه الطويله",E,E
18,"كل ما يلي من أثلام الوجه الوحشي لنصف الكرة المخية ماعدا :

الاختيارات:
A. الثلم الحزامي
B. المركزي
C. الثلم الجداري القذالي
D. الثلم الوحشي",C,A
19,"تشاهد الجسور بين الخلوية في:

الاختيارات:
A. الطبقة القاعدية من الانسجة الظهارية
B. الطبقة الشائكة من النسيج الظهاري المطبق
C. ظهارة المعدة
D. بين الخلايا العضلية السلية",A,B
20,"العضلات الوحشية في الساق عدا:

الاختيارات:
A. الشظوية الرابعة
B. الشظوية القصيرة
C. الشظوية الثالثة
D. الشظوية الطويلة",B,A
21,"تتحول الثلمتين الاسكيتين إلى ثقبتين بواسطة

الاختيارات:
A. الرباط العجزي الشوكي + الرباط الأربي
B. الرباط العجزي الشوكي العجزي الحدبي
C. الرباط الحدبي + الرباط الإربي
D. كل ما سبق خطأ",A,B
22,"في وضع الراحة (النظر الى جسم بعيد(:

الاختيارات:
A. ترتخي zonule fibers
B. تتقلص العضلة الهدبية.
C. يطبق الجسم الهدبي شدة على ألياف النطيقة وتتسطح العدسة.
D. كل ما سبق صحيح.",D,C
23,"اختر الإجابة الصحيحة حول Ovulation :

الاختيارات:
A. تحدث حوالي اليوم 14 من الدورة الشهرية.
B. ينتج عنها خلية بيضية ثانوية و جسم قطبي واحد.
C. إذا لم تتلقح الخلية البيضية الثانوية خالل 24 ساعة تبدأ بالتنكس.
D. كل ما سبق صحيح.",D,D
24,"التعصيب الحسي للطرف العلوي: (2016 أولى)

الاختيارات:
A. الجلدي الأنسي للساعد من الزندي.
B. الجلدي الخلفي للعضد من العصب الكعبري.
C. الجلدي الخلفي للساعد من العصب الكعبري.
D. الجلدي الوحشي العلوي للعضد من الإبطي.
E. الثلثين الوحشيين لراحة اليد من العصب الناصف.",D,A
25,". اختر الاجابة الخاطئة المتعلقة بالبلعوم:

الاختيارات:
A. يدعى Pharynx
B. يتصل مع الرغامي باربطة ليفية
C. يمتد من القحف حتى الفقرة الرقبية السادسة
D. قسماه الفموي والحنجري يتبعان للجهاز الهضمي",C,B
26,"ما يلي من عضلات الساعد الخلفية العميقة عدا:

الاختيارات:
A. باسطة الخنصر
B. باسطة الإبهام الطويلة
C. باسطة السبابة
D. باسطة الإبهام القصيرة",D,A
27,"يساهم بتشكيل مسبع ويليس ما عدا:

الاختيارات:
A. السباتي الظاهر
B. السباتي الباطن الأيسر
C. القاعدي
D. السباتي الباطن الأيمن",C,A
28,"يفرز هرمون ال PTH :

الاختيارات:
A. الغدد جارات الدرق
B. الغدة الدرقية
C. النخامي
D. الكظر",A,A
29,"من وظائف الهرمونات التي يفرزها المبيض :

الاختيارات:
A. تضمن تطور وصيانة الصفات الجنسية الأنثوية
B. تنظم الدورات الطمثية
C. تحافظ على الرحم للحمل
D. كل ما سبق صحيح",D,D
30,"توجد فيه Lymphatic vessels

الاختيارات:
A. Hyalin cartilage
B. Elastic cartilage
C. fubrocartilage
D. كل ما سبق صحيح
E. كل ما سبق خطأ.",E,E
31,"Sebaceous gland في الجلد :

الاختيارات:
A. هي انبوبة ذات قناة طويلة
B. تبدأ عملها عند البلوغ
C. تتواجد في أدمة الجلد الرقيق والسميك
D. الأول والثاني",D,B
32,"طبقات ال Midbrain :

الاختيارات:
A. يحتوي بين القسم المتوسط والخلي على المسال المخي
B. السقف في المركز
C. الساق خلفية
D. الغطاء في الامام",D,A
33,"غشاء الخلية العضلية

الاختيارات:
A. Sarcolemma
B. Epimysium
C. Axolemma
D. Endomyium
E. Hypertrophy",A,A
34,"العبارة الصحيحة عن المبيض:

الاختيارات:
A. معظم نسيج المبيض يتألف من اللب.
B. مغطى بظهارة بسيطة اسطوانية.
C. معظم نسيج المبيض يتألف من قشر.
D. اللب والقشر منفصلان عن بعضهما بحاجز ليفي.",C,C
35,"يقع بين جسم الفقرة والقوس الفقرية :

الاختيارات:
A. الثقبة المستعرضة
B. الثقبة بين الفقرية
C. الثقبة الفقرية
D. الثقبة المغذية",B,C
36,"الفازوبريسين:

الاختيارات:
A. OT
B. ADH
C. FSH
D. T3",B,B
37,"أقسام البلعوم ماعدا:

الاختيارات:
A. الأنفي
B. الفموي
C. المريني
D. الحنجري",C,C
38,". الاجابة الخاطئة حول السائل الدماغي الشوكي

الاختيارات:
A. ينتج من ال choroid plexus
B. يمكن بزله اسفل الفقرة القطنية الثانية
C. يتم ارتشافه في الجيب الوريدي الصلبي
D. له دور في النقل الهرموني",C,C
39,"اختر العبارة الخاطئة عن Aganglionosis :

الاختيارات:
A. غياب الautonomic ganglia
B. تؤدي لتضخم منطقة ماقبل الإصابة
C. عيانيا˝ غياب لويحات باير
D. Megacolon",B,C
40,"نسبة خلايا كوبفر للخلايا الكبدية :

الاختيارات:
A. 0.05
B. 0.15
C. 0.2
D. 0.3",B,B
41,"كل ما يلي صحيح عن الظهارة التنفسية:

الاختيارات:
A. الخلايا القاعدية هي خلايا جذعية نشطة انقسامياً
B. الخلايا الكأسية أكثر وفرة من الخلايا مهدبة
C. الخلايا الحبيبة تعتبرعصبية صماوية
D. A+C
E. كل ما سبق صحيح",E,D
42,"- كل ما يلي صحيح عن العظام الطويلة ما عدا:

الاختيارات:
A. نمو العظم يتم في اتجاهين
B. منطقة نضج وتصنيع عناصر الدم
C. يتألف من جسم ونهايتين
D. مثال عنها Femur",A,A
43,"تتحدد الثلمة البكرية بين

الاختيارات:
A. الناتئ الزجي + الناتئ المنقاري
B. الناتئ الزجي + الحفرة الحفرة البكرية
C. الحفرة البكرية + الناتئ المنقاري
D. كل ما سبق خطأ",B,A
44,"يحفز PTH تحويل ViTD إلى كالسيفيرول في :

الاختيارات:
A. المعي
B. العظم
C. الكلية
D. لا شيء مما سبق",B,A
45,"ما يلي صحيح عن الحنك ماعدا

الاختيارات:
A. له قسم صلب
B. له قسم رخو
C. يفصل كلياً البلعوم الفموي عن الأنفي
D. من اقسامه اللهاة",A,C
46,". ترتكز العضلة ذات الرأسين الفخذية على

الاختيارات:
A. Tibial tuberosity
B. Head of fibula
C. Radial tuberosity
D. Ulnar tuberosity",B,B
47,"يتكون الشدقان مما يلي ما عدا:

الاختيارات:
A. ألياف عضلية مخططة
B. الجلد
C. القوس السنخية
D. الغشاء المخاطي",C,C
48,"تضم الحزمة الوعانية العصبية العضدية ماعدا:

الاختيارات:
A. الشريان العضدي
B. الوريد العضدي
C. العضب العضدي
D. العضب الناصف و الزندي",D,C
49,"تقع المنطقة الشمية في:

الاختيارات:
A. سقف الأنف
B. مقدمة الأنف
C. الجدارا الوحشي للأنف
D. الجدار الانسي للأنف",A,A
50,"يتصل المدورين بالأمام في الفخذ بـ:

الاختيارات:
A. الخط بين المدورين
B. العرف بين المدورين
C. الثلمة بين المدورة
D. لا شئ مما سبق",B,A
51,"يوجد التلم الكعبري في جسم العضد:

الاختيارات:
A. على الوجه الخلفي.
B. على الوجه الانسي.
C. على الوجه الوحشي.
D. كل ماسبق خطأ.",B,A
52,"يتوضع المريء في:

الاختيارات:
A. المنصف العلوي
B. المنصف الخلفي
C. المنصف الأوسط
D. A+B",D,D
53,"يرتكز الرباط الإبري اللامي على:

الاختيارات:
A. النهاية العلوية للقرن الصغير للعظم اللامي.
B. النهاية العلوية للقرن الكبير للعظم اللامي C.
C. الوجه الأمامي للعظم اللامي.
D. كل ما سبق خطأ.",A,A
54,"تتشكل ضفيرة راشكوف في لب السن من :

الاختيارات:
A. ألياف ودية.
B. ألياف نظيرة ودية
C. ألياف حسية.
D. كل من a و .b",D,C
55,"يقع المستقيم بين :

الاختيارات:
A. القولون النازل والقولون السيني
B. القولون السيني والقناة الشرجية
C. القولون السيني والقولون المعترض
D. القولون المعترض والقولون السيني",B,B
56,"حديبات مونتغومري هي غدد

الاختيارات:
A. دهنية
B. لعابية
C. عرقية
D. صباغية",B,A
57,"يعبر الشق الحجاجي السفلي:

الاختيارات:
A. العصب القحفي الرابع
B. العصب القحفي الثالث
C. A+B
D. لا شيء مما سبق",C,D
58,"ما يلي صحيح عن جزر لانغرهانس :

الاختيارات:
A. الخلايا Bتفرز الغوكلغو
B. الخلايا A تفرز الانسولين
C. الخلايا F تفرز السوماتوستاتين
D. كل ما سبق خطأ",B,D
59,"يتواجد في المناطق المعرضة لقوى السحب والشد

الاختيارات:
A. Fibrocartilage
B. Elastic cartilage
C. Hyaline cartilage
D. Elastic cartilage + hyaline cartilage كلاهما
E. كل ماسبق خطأ",A,A
60,"العضلة الحرقفية :

الاختيارات:
A. تنشأ من الحفرة الحرقفية.
B. ترتكز على عظم الفخذ.
C. تعمل على بسط الفخذ على البطن.
D. تسهم في ثني الجذع للأمام.",A,C
61,"يشبه بشكله خاتماً ذا فص كبير :

الاختيارات:
A. الحلقي
B. الطرجهالي
C. الدرقي
D. القريني",A,A
62,"في السبيل المعدي المعوي :

الاختيارات:
A. تناول الطعام =<تنغلق التفاغرات الشريانية الوريدية =<يزيد مرور الدم.
B. حالة الصوم=<تنغلق التفاغرات =<يزيد مرور الدم.
C. في تناول الطعام لا حاجة لمرور الدم.
D. كل ماسبق خطأ.",B,A
63,"الطبقة الثالثة من عضلات أخمص القدم تشمل عدا:

الاختيارات:
A. باسطة الإصبع
B. قابضة الإبهام
C. قابضة الإصبع الصغرى
D. مقربة الإبهام",D,A
64,"المحرك لعضلات اللسان :

الاختيارات:
A. 11
B. 7
C. 12
D. 9",C,C
65,"يتواجد على الوجه الداخلي أو اللساني لعظم الفك السفلي كل ما يلى عدا :

الاختيارات:
A. الناشرة الذقنية .
B. الخط الضرسى اللامي.
C. حفرة الغدة تحت الفك السفلى.
D. حفرة ذات البطنين.",D,A
66,"مصطلحات الحركة في مستوى الأطراف كل ما يلي صحيح عدا:

الاختيارات:
A. التقريب والتبعيد عندما نضع الطرف بجانب الجسم أو نبعده عنه.
B. الدوران الأنسي أو الوحشي عندما يدور الطرف حول محوره الطولاني.
C. الرفع هي الحركة للأعلى والخفض الحركة نحو الأسفل.
D. العطف عندما يتحرك الطرف العلوي نحو الخلف في المستوى السهمي.",D,D
67,"يمر خلف جذر الرئة اليسرى:

الاختيارات:
A. القناة الصدرية.
B. الأبهر النازل الصدري.
C. العصب الحجابي الأيسر.
D. القسم الصدري من الجذع الودي.
E. الحسب المبهم الأيسر.",B,E
68,"كل الغدد التالية هي حصرا Endocrine باستثناء

الاختيارات:
A. الدرق
B. الكبد
C. الغدة النخامية
D. جارات الدرق
E. الأول والثالث.",B,B
69,"الأنف الظاهر بتألف مما يلي ما عدا:

الاختيارات:
A. Apex
B. Root
C. Ala
D. Floor",C,A
70,"خلايا تمتاز نواها بمظهر وجه الساعة أو العجلة.

الاختيارات:
A. Plasma cells
B. Macrophages
C. Neutrophils
D. Basophils
E. كل ما سبق خطا.",C,A
71,"كل ما يلي من فروع الضفيرة القطنية ماعدا :

الاختيارات:
A. العصب الحرقفي الوركي
B. العصب الحرقفي الخثلي
C. العصب الحرقفي الفخذي
D. العصب الحرقفي الأربي",D,A
72,"عضلات الساق الأمامية عدا:

الاختيارات:
A. الظنبوبية الأمامية
B. باسطة إبهام القدم الطويلة
C. باسطة الخنصر القصيرة
D. باسطة الأصابع الطويلة",C,C
73,"العصب الحجابي فرع الضفيرة :

الاختيارات:
A. العضدية
B. القطنية
C. الرقبية
D. العجزية",B,C
74,"يفرز الأدرينالين من :

الاختيارات:
A. قشرة الكظر
B. لب الكظر
C. الطحال
D. البنكرياس",A,B
75,"يتشكل الوريد الأجوف السفلي من إتحاد :

الاختيارات:
A. الوريدين الحرقفيين الخارجي والداخلي
B. الوريدين الحرقفيين المشتركين الأيمن والأيسر
C. الوريدين الفخذيين
D. كل ما سبق خطأ",B,B
76,"كل ما يلي صحيح عن عظم العانة عدا :

الاختيارات:
A. يتمفصل جسما عظمي العانة في الخلف عبر ارتفاق العانة.
B. يتحد الفرع العلوي مع الحرقفة والاسك لتكوين الحق.
C. يتحد الفرع السفلي مع الإسك أسفل الثقبة السادية.
D. تدعى الحافة العلوية لجسم العانة بالعرف العاني.",C,A
77,"يصعد من الحافه العلويه للغده النكفيه ويصعب حسياً قسماً من فروه الرأس

الاختيارات:
A. infra-orbital nerve
B. external nasal nerve
C. buccal nerve
D. Imental nerve
E. Auriculo-temporal nerve",A,E
78,"في الشرايين الطبقة الأكثر تمايزاً وكثافة هي:

الاختيارات:
A. الخارجية
B. المتوسطة
C. الداخلية والمتوسطة
D. الداخلية",D,B
79,"ينتج هرمون T4 من :

الاختيارات:
A. التوتة
B. الكظر
C. الدرق
D. النخامى",A,C
80,"يتألف القفص الصدري مما يلي ما عدا:

الاختيارات:
A. العمود الفقري
B. القص
C. الأضلاع
D. الأوراب",D,A
81,"الغدد الرئيسية للجهاز الغدي الصماوي ماعدا:

الاختيارات:
A. الكبد
B. التوتة
C. المبيض
D. المعتكلة",D,A
82,"تتم حركة رفع الفك السفلي بألياف من العضلة:

الاختيارات:
A. ذات البطنين.
B. الجناحية الوحشية.
C. الجناحية الأنسية.
D. الضرسية اللامية.
E. ولا واحدة مما سبق.",A,C
83,"تمثل لفافة غالوديت Gallaudet:

الاختيارات:
A. اللفافة العميقة للعجان.
B. اللفافة العميقة للصفن.
C. اللفافة العميقة للقضيب.
D. اللفافة العميقة للحبل المنوي.
E. اللفافة العميقة لجدار البطن.",D,A
84,"حبال الضفيرة العضدية: (2007 أولى)

الاختيارات:
A. الأنسي يتشكل من الجذع المتوسط
B. الوحشي يتشكل من الجذع السفلي
C. الخلفي يتوضع خلف الوريد الإبطي
D. يمتد الوحشي أعلى ووحشي الشريان الإبطي",C,D
85,"العضلة التي ترتكز بشكل أساسي على العظم الزورقي:

الاختيارات:
A. الظنبوبي الأمامي
B. الظنبوبي الخلفي
C. الشظوية الطويلة
D. الشظوية القصيرة
E. قابضة الإبهام الطويلة",D,B
86,"من فروع الزلاقي ماعدا:

الاختيارات:
A. الطحالي
B. المعدي الأيسر
C. المعدي الأيمن
D. الكبدي",B,C
87,"تقع المنطقة الشمية في :

الاختيارات:
A. سقف الأنف
B. مقدمة الأنف
C. الجدار الوحشي للأنف
D. الجدار الأنسى للأنف",A,A
88,"الوسادة من النسيج الدهني فوق الارتفاق العاني تدعى

الاختيارات:
A. جبل العانة
B. الشفر الصغير
C. الشفر الكبير
D. دهليز الفرج",C,A
89,"يعبر من الشق الحجاجي العلوي الأعصاب القحفية :

الاختيارات:
A. الثالث + الرابع
B. السادس
C. الفرع العينى الخامس
D. كل ما سبق صحيح",D,D
90,"الناشزة القذالية الظاهرة والبارزة الصليبية تتوضعان في:

الاختيارات:
A. القسم القاعدي
B. القسم الجانبي
C. القسم الصدفى
D. الثقبة الكبيرة",C,C
91,"تتواجد العناصر التالية في المثلث الخلفي: 2015) أولي)

الاختيارات:
A. الشريان السباتي الظاهر.
B. الشريان السباتي الباطن.
C. الوريد الوداجي الباطن.
D. الشريان القذالي.",C,D
92,"كل ما يلي صحيح عن الصفحة العامودية للعظم الغربالي ماعدا:

الاختيارات:
A. تشكل الجزء الامامي العلوي للوتيرة الانفية.
B. تمر عبرها الياف العصب الشمي.
C. تتصل مع الميكعة.
D. يبدو عرف الديك وكأنه استمرار لها.",C,B
93,"كل ما يلي صحيح عن الدرق عدا :

الاختيارات:
A. تفرز الخلايا المجاورة للجريبات أيضا ثلاثي يودوثيرونين T3
B. تفرز الخلايا الجريبية التيروكسين
C. تفرز الخلايا المجاورة للجريبات الكالسيتونين T4
D. تحيط بالغدة الدرقية محفظة مشتقة من اللفافة الرقبية العميقة",A,A
94,"العظم القذالي (الخاطئة):

الاختيارات:
A. تقع الحديبة الضلعية عند اتصال الجسم مع العنق .
B. يزداد طول الأضلاع من الضلع الأولى حتى الضلع الخامسة ثم يتناقص.
C. يتمفصل رأس الضلع مع وجيهين ضلعيين مع فقرتين متجاورتين.
D. تتصل الأضلاع الحقيقة بالقص بواسطة الغضاريف الضلعية.",B,A
95,"من وظائف الأدمة كل مما يلي ما عدا :

الاختيارات:
A. دعم البشرة.
B. ربط البشرة مع النسيج الشحمي تحت الجلد.
C. تجديد خلايا الجلد.
D. كل ما سبق صحيح.",C,C
96,"كل ما يلي صحيح عن المخي عدا:

الاختيارات:
A. يراقب الحركة والتوازن.
B. تصله معلومات عن وضعية الجسم من المفاصل والأوتار والدهليز.
C. يقع بالحفرة القحفية المتوسطة.
D. يقوم بمقارنة الأمر الحركي وتنفيذه.",C,C
97,"الجوف الحقى تمفصل الورك :

الاختيارات:
A. له سطح مفصلى كروى الشكل
B. يتشكل من اجتماع ثلاث عظام
C. حافته العلوية مثلمه
D. هو جوف ضحل نسبياً",B,B
98,"يتوضع الكولون السيني في

الاختيارات:
A. الناحية المغبنية اليمنى
B. الناحية المغبنية اليسرى
C. الخثلية
D. لا شيء مما سبق",B,B
99,"من أقسام العظم الوتدي ما عدا:

الاختيارات:
A. الثقبة الكبرى
B. الجناح الكبير
C. الجناح الصغير
D. الجسم",C,A
100,"العضلة المخاطية في الوصل المريئي الفؤادي :

الاختيارات:
A. متقطعة.
B. مستمرة.
C. غير موجودة.
D. غير منتظمة.",A,B
101,"الخاطئ مما يلي هو :

الاختيارات:
A. يصب Hemiazygos Veinفي Azygos Vein والذي يصب Superior Vena Cava
B. يوجد Basilar Vein في الوجه الأنسي للذراع
C. يتشكل Azygos Vein من الوريد القطني الصاعد الأيسر
D. يعطي Cephalic Vein الوريد المرفقي الناصف",B,A
102,"تسبب أذية منشأ العصب الفكي السفلي ما عدا: (2017 أولى)

الاختيارات:
A. فقدان حسي لمخاطية قاع الفم.
B. فقدان حس الغدة تحت اللسان.
C. فقدان حسي للثلثين الأماميين للسان.
D. فقدان حس اللثة اللسانية.
E. فقدان تذوق للثلثين الأماميين للسان.",E,E
103,"قسم العظم الجبهي الذي يفصل بين القسمين الحجاجيين من الخلف:

الاختيارات:
A. الصدفة والقسم الحجاجي
B. الثلمة الغربالية
C. الصفيحة الغربالية العمودية
D. القسم الأنفي",C,B
104,"إحدى العضلات التالية تربط الزنار الكتفي بالرأس :

الاختيارات:
A. شبه المنحرفة.
B. المدورة الكبيرة.
C. العريضة الظهرية.
D. المعينية الكبيرة.",D,A
105,"الفروع الانتهائية للسبات الظاهر:

الاختيارات:
A. الوتدي والفكي
B. الفكي والصدغي والسطحي
C. الفكي والوجهي
D. لا شيء مما سبق",B,B
106,"تضم الحزمة الوعانية العصبية العضدية ماعدا:

الاختيارات:
A. الشريان العضدي
B. الوريد العضدي
C. العضب العضدي
D. العضب الناصف و الزندي",D,C
107,". خاطئة عن النوى القاعدية

الاختيارات:
A. مراكز حسية في عمق المادة البيضاء
B. تتالف من النواة المذنبة والعدسية
C. مسؤولة عن تنسيق الفعالية الحركية
D. مراكز حركية في عمق المادة البيضاء",C,A
108,"ينزح الخلط المائي إلى :

الاختيارات:
A. قناة شليم (الجيب الوريدي الصليبي)
B. الجيب المستقيم
C. الجيب السهمي العلوي
D. الوريد المخي الكبير",A,A
109,"من أربطة مفصل الورك: (2007)

الاختيارات:
A. الرباط العجزي الحدبي
B. الرباط العجزي الشوكي
C. الرباط العاني العلوي
D. الرباط الحرقفي الفخذي",B,D
110,"تتصل الحفرة الجناحية الحنكية مع البنى التالية ماعدا: )2014 ثانية)

الاختيارات:
A. الأذن الوسطى.
B. الحفرة القحفية الوسطى.
C. التجويف الأنفي.
D. التجويف الفموي .
E. تجويف الحجاج.",C,A
111,"العبارة الخاطئة عن الشرايين المرنة هي :

الاختيارات:
A. تساعد على استقرار ضخ الدم.
B. لونها مائل للأصفر بسبب تراكم الكولسترول.
C. الصفيحة المرنة الداخلية موجودة.
D. كل ما سبق خاطئ.",D,B
112,"المنطقة المتوسطة في نواح البطن

الاختيارات:
A. الشرسوفية
B. الخثلية
C. السرية
D. المغبنية",B,C
113,". عصب الفك العلوي يمر من

الاختيارات:
A. الثقبة المدورة
B. الثقبة الشوكية
C. الثقبة البيضية
D. الشق الحجابي العلوي",A,A
114,"نقطة تشريحية على الوجه السفلي لجسم العظم الوتدي

الاختيارات:
A. العرف الوتدي
B. السرج التركي
C. المنقار الوتدي
D. الثقبة المدورة",C,C
115,"يتوضع كيس الدمع على العظم :

الاختيارات:
A. الدمعي أنسي الحجاج
B. الجبهي وحشي الحجاج
C. الفك العلوي أنسي الحجاج
D. الجبهي أنسي الحجاج",B,A
116,"ينشأ الشريان السباتي المشترك الأيسر من :

الاختيارات:
A. قوس الأبهر مباشرة
B. الأبهر البطني
C. الأبهر الصاعد
D. الشريان العضدي الرأسي",A,A
117,"الطبقة الأولى من عضلات أخمص القدم تشمل عدا:

الاختيارات:
A. العضلات الخراطينية
B. مبعدة إبهام القدم
C. مبعدة إصبع القدم الصغرى
D. قابضة الأصابع القصيرة",C,A
118,"تمفصلات رصغ القدم : (2017)

الاختيارات:
A. العقب مع أسفل الظنبوب
B. القعب مع النردي
C. الزورقي مع الاسفينية
D. الزورقي مع العقب",D,C
119,". يخرج العصب الفكي العلوي من القحف عبر

الاختيارات:
A. Foramen rotundum
B. Foramen ovale
C. Foramen spinosium
D. Foramen lacenum",A,A
120,"طول الأسهر

الاختيارات:
A. 45 سم
B. 15سم
C. 6أمتار
D. 1أمتار",D,A
121,"تزداد مناطق الفيتامين في المناطق التالية عدا:

الاختيارات:
A. راحة اليد.
B. حول فتحة الشرج.
C. اللعوة.
D. الأعضاء التناسلية الخارجية.",C,A
122,"امتداد الألياف المغروية يسمى :

الاختيارات:
A. خطوط الامتداد
B. الخطوط المغروية
C. خطوط التشطر
D. خطوط التوازي",B,C
123,"الغدد الدهليزية الكبيرة (بارثولين)

الاختيارات:
A. تتوضع في جدار المهبل.
B. وظيفتها إفراز المخاط.
C. هي غدد مزدوجة.
D. كل ما سبق صحيح.",D,D
124,"تشمل العضلات الأنسية في الفخذ عدا:

الاختيارات:
A. المقربة الطويلة
B. المقربة القصيرة
C. المقربة الخلفية
D. العضلة الناحلة",D,C
125,"اختار الجواب الصحيح اذا كان هناك جوابا صحيحا واحدا فقط أو اختر الجواب الأكثر شمولا وتكاملا اذا كان هناك أكثر من جواب صحيح

الاختيارات:
A. الحافة المخططة مكونة من زغيبات واهداب
B. الحافة المشرشة مكونة من زغيبات طويلة واهداب
C. القضبان الانتهائية مكونة من مناطق الالتصاق والانسداد ) ZONULA OCCLUDNS +ZONULA ADHERE IS
D. الغشاء القاعدي مكون من صفيحة قاعدية + صفيحة من الجاف شبكية
E. الغشاء القاعدي مكون من صفيحة قاعدية فقط",C,C
126,". الخطأ حول الفقرة الرقبية الاولى:

الاختيارات:
A. ليس لها جسم
B. لها قوسان امامية وخلفية
C. على الوجه الامامي للقوس الخلفية يوجد نقرة مفصلية
D. على الوجه السفلي لكل من الكتلتين الجانبيتين سطح مفصلي",D,C
127,"يتم تنظيم أفرازات البنكرياس من خلال:

الاختيارات:
A. السيكريتين
B. الكولي سيتوكينين
C. العصب المبهم
D. جميع ما سبق صحيح",D,D
128,"يعبر الشريان السحائي الأوسط عبر:

الاختيارات:
A. الثقبة البيضية
B. الثقبة المدورة
C. الثقبة الشوكية
D. الثقبة الإبرية الخشانية",B,C
129,"اختر الإجابة الصحيحة

الاختيارات:
A. تستطيع خلية Schwann واحدة تشكيل غمد النخاعين للعديد من الألياف العصبية
B. تتواجد الخلايا النجمية البروتو بلاسمية في المادة السنجابية
C. ال microglia تتكاثر لتشكل ندبة خلوية نسيجية عند الأنية
D. الإجابتان الأولى والثانية صحيحتان
E. كل ما سبق صحيح",E,B
130,"مستوى فتحة نفير السمع في:

الاختيارات:
A. الصماخ السفلي.
B. الصماخ الأوسط.
C. الصماخ العلوي.
D. الردهة.
E. البلعوم الأنفي.",B,A
131,"العضلات العرقوبية تشمل ما يلي عدا:

الاختيارات:
A. ذات الرأسين الفخذية
B. رباعية الرؤوس الفخذية
C. نصف الوترية
D. نصف الغشائية",A,B
132,"في النسج الشحمية، الـ Brown fat –

الاختيارات:
A. ينجم لونه عن غزارة الشعريات الدموية فيه
B. موجود في أماكن واسعة من الجسم.
C. لا يمكن أن يتحول إلى Unilocular adipose tissue
D. الأول والثالث
E. كل ما سبق صحيح",E,D
133,". الخاطئ عن الجوب الانفية

الاختيارات:
A. الفكي هو الاكبر
B. الوتدي يمتد احيانا للقذالي
C. الجبهي جيب واحد متصل
D. تتصل الخلايا الغربالية الامامية احيانا مع الجبهي",C,C
134,"اختر العبارة الخاطنة :

الاختيارات:
A. النواة المذنبة تنتهي بالجسم اللوزي
B. النواة المذنبة تتشكل باللحاء والكرة الشاحبة
C. النواة العدسية تقع وحشي النواة المذنبة
D. في النواة العدسية اللحاء وحشي الكرة الشاحبة",D,B
135,"اختر الإجابة الخاطئة في الجسيمة الكلوية:

الاختيارات:
A. قطر الجسيمة الكلوية 200 ميكرون
B. الحيز البولي هو الفاصل بين الطبقة الداخلية والخارجية وهو حيز الرشح
C. خلايا الطبقة الرجلاء هي خلايا الطبقة الخارجية
D. تبلغ سماكة حاجز الرشح 0.1ميكرون",C,A
136,"أهم محتويات المراق الأيسر

الاختيارات:
A. المعدة
B. الطحال
C. الفص الكبير الأيسر
D. الكولون النازل",C,B
137,"مايلي صحيح بالنسبة للنسيج العضلي الهيكلي:

الاختيارات:
A. بروتين الميوسيزين myomesin يوجد في الخطوط z
B. المنطقة H تمثل خيوط الميوزين غير المتداخلة مع الاكتين
C. يمتد القسيم العضلي من الخط M الى الخط M التالي
D. الاجابتان A+C
E. كل ماسبق صحيح",E,B
138,"الطية الجلدية التي تغطي رأس القضيب تدعى

الاختيارات:
A. الحشفة
B. لفافة بوك
C. القلفة
D. البصلة",C,C
139,"مكان شائع لإنحشار الأجسام الأجنبية في البلعوم الحنجري :

الاختيارات:
A. الردب الكمثري
B. برزخ الحلق
C. الثقبة العوراء
D. كل ما سبق خطأ",C,A
140,"من وظائف عضلات البطن ما عدا:

الاختيارات:
A. تعمل كمطاردة
B. ثني الجذع وتحريكه
C. إذا انقبضت تؤدي إلى شهيق قوي
D. دعم محتويات البطن",A,C
141,"اختر الإجابة الخاطئة المتعلقة بعضلات الحوض والعجان:

الاختيارات:
A. العضلة الكمثرية هي من عضلات أرضية الحوض.
B. لا تشكل العضلة السدادية الخارجية جزء من عضلات أرضية الحوض.
C. يتشكل الحجاب الحوضي من العضلتين رافعة الشرج والكمثرية.
D. تشكل المصرة الاحليلية جزء من عضلات العجان.",B,C
142,"من فروع الحرقفي الباطن ماعدا

الاختيارات:
A. المثاني العلوي
B. المستقيمي المتوسط والسفلي
C. الفرجي الداخلي
D. السري والعجاني",B,A
143,"امتداد البريتوان بين حشا والجدار الأمامي للبطن

الاختيارات:
A. ثرب
B. صفاق
C. رباط
D. مسراق",B,C
144,"الأصل النسيجي للـ Epithelioid cells أو الخلايا الظهارائية.

الاختيارات:
A. Plasma cells
B. Macrophages
C. Erythrocytes
D. Basophils
E. كل ما سبق خطأ",B,B
145,"- ترتكز على الحفرة المدورية :

الاختيارات:
A. العضلة السدادية الظاهرة
B. البسواس
C. المشطية
D. المربعة الفخذية",C,A
146,"تحت قيد الباسطات أمام الكاحل : (2017 أولى(

الاختيارات:
A. وتر الظنبوبية الأمامية على الطرف الأنسي
B. وتر باسطة الإبهام الطويلة على الرف الوحشي
C. العصب الظنبوبي الأمامي يمر فوق القيد
D. الشريان الظنبوبي االأمامي يمر فوق القيد",D,A
147,"الدرز الأكليلي :

الاختيارات:
A. يتوضع بين العظم الجبهي والجداريين.
B. يتوضع بين الجداريين.
C. يتوضع بين الجداريين والعظم القذالي في الخلف.
D. كل ما سبق خطأ.",A,A
148,"العضلات التي تقوم ببسط الذراع على الكتف ما يلي:

الاختيارات:
A. العريضة الظهرية.
B. المدورة الكبيرة .
C. الوتر الطويل لذات الرأسين العضدية.
D. الصدرية الكبيرة.",C,C
149,"الخلايا الدبقية:

الاختيارات:
A. تنشأ كلها من نقي العظم
B. اقل عددا من العصبونات
C. الخلايا قليلة التعصبنات هي بالعات
D. A+B
E. كل ماسبق خطأ",D,E
150,"ما يلي يعتبر مثالا للنسيج العامة الكثيفة المنتظمة:

الاختيارات:
A. Perichondrium
B. Periosteum
C. الأم الجافية في الدماغ.
D. كل ما سبق خطا.
E. Tendons",D,E
151,"من صفات الغدد اللعابية الداخلية عدا:

الاختيارات:
A. لها دور في إفراز اللعاب الثانوي
B. تتوضع ضمن الغشاء المخاطي للسان بشكل رئيسي
C. تصب مفرزاتها مباشرة بالفم
D. ترطب الفم خارج أوقات الطعام",B,B
152,"الرباط المتصالب الأمامي: (2017 أولى(

الاختيارات:
A. يمتد من اللقمة الأنسية للفخذ
B. يرتكز على الحدبة الظنبوبية
C. يمنع انزياح الساق للأمام
D. يمنع انزياح الفخذ للأمام",C,C
153,"تتصف الأمعاء الغليظة بما يلي ما عدا :

الاختيارات:
A. تشمل الأعور والقولون والمستقيم والقناة الشرجية.
B. التروية الشريانية من تفرعات الشريان المسار في العلوي والسفلي.
C. يتميز القولون المستعرض بدرجة جيدة من الحركة لأنه يملك مساريقي .
D. يتميز القولون السيني بدرجة جيدة من الحركة لانه يملك مساريقا.
E. يتميز الأعور بدرجة جيدة من الحركة لأنه يملك مساريقا.",B,E
154,"فرع الفك السفلي (الخاطئة):

الاختيارات:
A. حافته العلوية تسمى بثلمة الفك العلوي.
B. يتصل بجسم الفك السفلي .
C. له وجهان .
D. الرأد.",B,A
155,"وظائف الميلاتونين ماعدا :

الاختيارات:
A. ينظم الإيقاعات اليومية
B. ينظم درجة الحرارة والتناسل
C. يزيد الاستقلاب
D. ينظم الوظيفة القلبية",B,C
156,"الطيتان الصوتيتان :

الاختيارات:
A. شريطان عضليان غشائيان متحركان
B. لونهما ابيض صدفي
C. يتمادى من زاوية الغضروف الدرقي اماميا الى الناتئ الصوتي للخلف
D. كل ما سبق صحيح",D,D
157,"العصب القحفي الذي يعبر الثقبة البيضية :

الاختيارات:
A. البصري
B. العينى
C. الفكي السفلي
D. الفكي العلوى",A,C
158,"يمر ضمن الغمد السباتي ويعطي فروعاً لمعظم عضلات الحنك.

الاختيارات:
A. العصب ظهر الكتف
B. العصب اللاحق (الشوكي)
C. العصب المبهم
D. العصب الحجابي
E. لا شيء مما سبق",B,C
159,"تتفرع القصبات الفصية الى قصبات :

الاختيارات:
A. تنفسية
B. رئيسية
C. قطعية شدفية
D. ليس كل ما سبق",C,C
160,"تتواجد العناصر التاليه فى المثلث الخلفى للعنق ما عدا:

الاختيارات:
A. شريان ظهر الكتف
B. الشريان الغذائى
C. عصب فوق الكتف
D. الضفيرة الرقبية
E. العروة القبيه",B,E
161,"توجد نوى الأعصاب القحفية من الثالث حتى الثاني عشر في :

الاختيارات:
A. القشرة
B. النخاع
C. جذع الدماغ
D. البصلة السيسائية",B,C
162,"ال endoneurium :

الاختيارات:
A. يتألف من عدة طبقات من خلايا مسطحة ظهارية الشكل تنتجه خلايا شوان
B. يحيط بمجموعة من المحاوير ضمن العصب
C. كل ما سبق خطأ
D. كل ما سبق صحيح",D,B
163,"كل مايلي صحيح عن التهاب البوق عدا:

الاختيارات:
A. salpingitis هو.
B. الأضرار المخاطية تؤدي إلى العقم(Infertility)اوالحمل خارج الرحم (octopi).
C. ال تؤدي إلى الموت في حال حدوث الحمل البوقي.
D. اسمه الاخر salpinges.",D,C
164,"العبارة الصحيحة عن الرئتين:

الاختيارات:
A. تغذي الشرايين القصبية النسيج الضام للرئة.
B. الألياف الودية تضيق القصبات.
C. الألياف اللاودية توسع القصبات.
D. القصبة اليسرى أكثر عمودية من اليمني.
E. يصعد جذر الرئتين في الشهيق.",C,A
165,"يحوي البلعوم الفموي اللوزتين:

الاختيارات:
A. الفمويتين
B. البلعوميتين
C. الحنكيتين
D. الانفيتين",B,C
166,". على اي من وجوه الكبد التالية يوجد مسكن المرارة:

الاختيارات:
A. العلوي
B. الخلفي
C. السفلي
D. الامامي",C,C
167,"العصب القحفي الثاني:

الاختيارات:
A. البصري - حاسي
B. العيني - حاسي
C. البصري - حسي
D. العيني – حسي",C,A
168,"مفصل الورك : (نموذج د. جمال

الاختيارات:
A. نموذج PIVOT
B. المحفظة تغطي كامل عنق الفخذ
C. فيه رباط داخل المفصل
D. الخلع الخلقي قد يكون أمامي",A,C
169,"تحوي صدفة العظم الصدغي ما يلي عدا:

الاختيارات:
A. الصماخ السمعي الداخلي
B. انطباعات الشريان السحائي الأوسط
C. الناتئ الوجني
D. انطباعات الشريان الصدغي الأوسط",C,A
170,"تتواجد الـ myoepithelial cells فى :

الاختيارات:
A. غدة الثدي.
B. الغدد العرقية.
C. الغدد اللعابية.
D. كل ما سبق صحيح.
E. كل ما سبق خط.",D,C
171,"العظم القذالي :

الاختيارات:
A. عظم مفرد.
B. سطحه الخارجي مقعر.
C. سطحه الداخلي محدب.
D. يشغل القسم الامامي العلوي للقحف .",A,A
172,"يؤدي تفعيل الجملة الودية لما يلي عدا:

الاختيارات:
A. نقص المفرزات
B. توسع الأوعية المحيطة وارتفاع الضغط
C. تثبيط حركية السبيل الهضمي
D. تسرع تنفس",B,B
173,". اي من الفعاليات التالية تشارك بها البصلة

الاختيارات:
A. منعكس السعال
B. التوازن
C. منعكس الحدقة
D. الذوق",C,A
174,"وظيفة تحت الكتفية: (2017 أولى)

الاختيارات:
A. دوران وحشي للكتف.
B. دوران أنسي للكتف.
C. عطف المرفق.
D. عطف الكتف.
E. ولا واحد مما سبق.",D,B
175,"اختار الجواب الصحيح اذا كان هناك جوابا صحيحا واحدا فقط أو اختر الجواب الأكثر شمولا وتكاملا اذا كان هناك أكثر من جواب صحيح

الاختيارات:
A. تتكون جسيمات نسل من شبكة التوبلازمية خشنة
B. تتكون جسيمات نسل من ريبوسومات
C. تتكون جسيمات نسل من حويصلات الاتصال
D. تتكون جسيمات نسل من لايبوبروتينات
E. تتكون جسيمات نسل من غلايكوجينات",B,A
176,"تتصل الجيوب التالية بالجوف الأنفي على الصماخ الأوسط عدا: (2016أولى)

الاختيارات:
A. الوتدي.
B. الغربالي الأمامي.
C. الغربالي الأوسط.
D. الفكي العلوي.
E. الغربالي الخلفي",D,A
177,"في ارتكاز المشيمة المعيب previa placenta تتوضع المشيمة:

الاختيارات:
A. الجدار الأمامي للرحم.
B. الجدار الخلفي للرحم.
C. بين الجنين والمهبل.
D. في الفوهة الداخلية لعنق الرحم.",C,C
178,"تصادف Stratified squamous nonkeratinized epithelium في

الاختيارات:
A. mouth
B. . urinary bladder
C. esophagus
D. الأول والثالث
E. كل ماسبق صحيح",E,D
179,"كل ما يلي حول نقاط التعظم لعظام الرسغ صحيحة عدا :

الاختيارات:
A. في السنة الأولى العظم الكبير.
B. بين السنة الثالثة والسادسة العظم الهلالي.
C. في السنة الرابعة العظم الكلابي.
D. بين العاشرة والرابعة عشرة العظم الكلابي.",D,C
180,"طبقة من السحايا تغطي الجيوب الوريدية

الاختيارات:
A. الام الجافية
B. الغشاء العنكبوتي
C. الام الحنون
D. كل ماسبق خطأ",B,A
181,"يفرز المبيض ما يلي عدا :

الاختيارات:
A. ريلاكسين
B. بروجيسترون
C. إنهيبين
D. استروجين",C,A
182,"تتوضع المنطقة الشمية في :

الاختيارات:
A. القسم العلوي من مخاطية الأنف
B. القسم السفلي من مخاطية الأنف
C. كل ما سبق صحيح
D. كل ما سبق خطأ",A,A
183,"الألياف التي تربط المراكز القشرية بالمحيط تُدعى:

الاختيارات:
A. إسقاطية
B. ترابطية
C. مشاركة
D. صوارية",B,A
184,"تتمادى البصلة في الأمام لتشكل في جسم القضيب:

الاختيارات:
A. الجسم الكهفي
B. الجسم الاسفنجي
C. الساق الوسطى
D. لا شيء مما سبق",B,B
185,"الغدة النخامية :

الاختيارات:
A. تتواجد في السرج التركي التابع للعظم الوتدي
B. تتصل مع الوطاء عبر
C. لها قسمين Adenohypophysis Neurohpophysisg وقسم ثالث ضافر
D. كل ما سبق صحيح",D,D
186,"في النسيج العظمي

الاختيارات:
A. تحوي العظام على 70 %من كلس العضوية.
B. تحوي العظام على 80% من كلس العضوية
C. تحوي العظام على 90% من كلس العضوية.
D. تحوي العظام على 99% من كل العضوية.
E. كل ما سبق خطأ.",C,D
187,"الشريان العضدي : (2016 أولى)

الاختيارات:
A. سطحي التوضع نسبيا.
B. يعطي أربعة فروع هامة.
C. ينتهي بمستوى رأس الكعبرة.
D. العصب الناصف يقع أنسي الشريان على طول مساره.",D,A
188,"- العضلات الوربية :

الاختيارات:
A. تتوضع في طبقتين
B. مهمتها ربط الأضلاع ببعضها
C. تعتبر عضلة الشهيق الرئيسية
D. تدعى العضلات بين الأضلاع",B,C
189,"ما يلي صح بالنسبة للقسم الخشاني للصدغي عدا:

الاختيارات:
A. يتمادي بالناتئ الأبري
B. يحوي ثلم ذات البطنين
C. عليه انطباع الجيب السيني
D. يحوي خلايا خشانية",C,A
190,"الفعاليات التالية مركزها في الجسر ماعدا :

الاختيارات:
A. تفاعل الحدقة مع الضوء
B. الذوق
C. إفراز اللعاب و الدمع
D. المضغ",C,A
191,"ميزابة النبض بين أوتار العضلات:

الاختيارات:
A. العضدية الكعبرية / قابضة الرسغ الكعبرية
B. العضدية الزندية / قابضة الرسغ الزندية
C. المرفقية / الاستلقانية
D. الكابة المربعة / الكابة المدورة",C,A
192,"أكبر غدد الجسم

الاختيارات:
A. الكبد
B. الطحال
C. الدرقية
D. التيموس",A,A
193,"يتفرع الشريان الكلوي لخمسة شرايين:

الاختيارات:
A. قطعية
B. فصية
C. بين الفصوص
D. بين الفصيصات",B,A
194,"اختر الإجابة الصحيحة حول Follicular Theca

الاختيارات:
A. يقسم إلى ثلاث طبقات.
B. هو عبارة عن تمايز الخلايا اللحمية المحيطة مباشرة بالجريب الأولي النامي
C. تقوم خلايا بإفراز LH.
D. كل ما سبق صحيح.",D,B
195,". ينتهي الشريان الوجهي ب:

الاختيارات:
A. الشريان العيني
B. السباتي الظاهر
C. الشريان الزاوي
D. اللساني",C,C
196,"ما يلي من عضلات الساعد الأمامية العميقة عدا:

الاختيارات:
A. الراحية
B. قابضة الابهام الطويلة
C. الكابة المربعة
D. قابضة الأصابع العميقة",A,A
197,"كل ما يلي صحيح عن العصب الوجهي:

الاختيارات:
A. هو العصب السابع.
B. حركي لعضلات الوجه التعبيرية.
C. يعصب القترائية.
D. يحمل تعصيبا حاسيا .",A,C
198,"الكبد تشمع Cirrhosis

الاختيارات:
A. غير قابل للعكس
B. يؤدي لقصور كبد مميت
C. فيروس الكبد B والبلهارسيا اهم مسبباته
D. كل ما سبق صحيح",D,D
199,"كل ما يلي صحيح عن الغدة النخامية عدا :

الاختيارات:
A. تتألف من ثلاث مناطق رئيسية : النخامي الأمامية والخلفية والوسطى
B. وزنها نصف غرام
C. تتصل مع الوطاء عن طريق القمع
D. تدعى HYPOPHYSIS",A,A
200,"طبقة لب السن الأكثر عمقا والأقرب لجوهر اللب :

الاختيارات:
A. منطقة أرومة الخلايا السنية
B. المنطقة الغنية بالخلايا.
C. المنطقة الخالية من الخلايا
D. كل ما سبق خاطئ.",C,B
201,"تقع فوهة مصب الجيب الأكليلي :

الاختيارات:
A. أمام وأسفل مصب الأجوف العلوي
B. أمام وأعلى مصب الأجوف السفلي
C. أمام وأسفل مصب الأجوف السفلي
D. إلى الخلف من مصب الأجوف السفلي",C,C
202,". الزاوية الامامية السفلية للعظم الجداري

الاختيارات:
A. جبهية
B. وتدية
C. قذالية
D. خشائية",C,B
203,"عندما يتجه أخمص القدم نحو الأسفل :

الاختيارات:
A. PLANTIFLEXION .
B. INVERSION .
C. DORSIFLEXION .
D. RECTRRACTION.",A,A
204,"كل ما يلي حواف العضد عدا:

الاختيارات:
A. خلفية
B. انسية
C. وحشية
D. أمامية",C,A
205,"المحرك لعضلات اللسان:

الاختيارات:
A. 11
B. 7
C. 12
D. 9",C,C
206,"تنصف تروية العلج بما يلي ما عدا:

الاختيارات:
A. تتوضع الأوعية في التقعر بين العلج والمطكلة.
B. الشريان المعثكلي الطجي العلوي فرع الشريان المعدي العفجي.
C. الشريان المعثكلي العفجي السفلي فرع الشريان المساريقي العلوي.
D. الوريد المطكلي العفجي العلوي يصب في وريد الباب
E. تنزح لمف النصف العلوي من المطكلة إلى العقد",A,E
207,"يحوي الوجه الداخلي لفرع الفك السفلي:

الاختيارات:
A. الشوكة الذقنية
B. الناشزة الذقنية
C. اللسين
D. الخط الضرسي اللامي",B,C
208,"مواد تفرزها الغدد استجابة للتنبيه وترحل عبر الدم :

الاختيارات:
A. الغدد
B. الهرمونات
C. المستقبلات
D. لا شئ مما سبق",B,B
209,"الزاوية بين قبضة وجسم القص :

الاختيارات:
A. لويس
B. مونتغومري
C. بيل
D. لا شئ مما سبق",D,A
210,". يقع بين الطيتين الدهليزيتين والصوتيتين

الاختيارات:
A. Laryngeal ventricles
B. Laryngeal vestiulum
C. Glottis
D. Infraglottic cavity",C,A
211,"المري :

الاختيارات:
A. يبدأ عند مستوى الفقرة الرقبية السابعة
B. يجتاز الحجاب الحاجز عند مستوى الفقرة الصدرية T10
C. توجد الفتحة المريئية في السويقة اليسرى
D. كل ما سبق صحيح
E. كل ما سبق خاطئ",D,B
212,"كل ما يلي من طيات الأم الجافية عدا :

الاختيارات:
A. الخيمة المخية
B. مشول المخيخ
C. الخيمة المخيخية
D. مشول المخ",B,A
213,"- كل مما يلي من الحركات الخاصة بالقدم ما عدا :

الاختيارات:
A. Flexion
B. Eversion
C. Dorsiflexion
D. Inversion",A,A
214,". يخرج العصب الفكي العلوي من:

الاختيارات:
A. الثقبة البيضية
B. الثقبة الشوكية
C. الثقبة المدورة
D. الثقبة الوداجية",C,C
215,"يتميز النبيب المعوج القريب بما يلي عدا :

الاختيارات:
A. أطول من النبيب المعوج البعيد
B. خلايا ظهارته محبة للحمض
C. ينشأ من القطب الوعائي لمحفظة بومان
D. نجد في المقطع العرضي 3-5 نوى كروية",B,C
216,"يتحدد المنصف العلوي جانبيا بـ:

الاختيارات:
A. الجنية المنصفية.
B. النهاية السفلية للعضلة الطويلة العنقية.
C. منشأ العضلة القصية اللامية.
D. منشأ العضلة القصية الدرقية.
E. اللقافة الجانبية للقوس الأبهرية.",A,A
217,"- تتمفصل الوجيهات الموجودة على النواتي المستعرضة للفقرة الصدرية مع:

الاختيارات:
A. حديبة الضلع الأعلى منه
B. رأس الضلع الموافق
C. حديبة الضلع الموافقة
D. رأس الضلع الأعلى منه",C,B
218,"يمر عبرهما الهواء إلى جوف الأنف :

الاختيارات:
A. CHOANA
B. المنخرين
C. المنعرين
D. كل ما سبق خطأ",A,B
219,". اختر الاجابة الصحيحة المتعلقة بعضلات جدار البطن:

الاختيارات:
A. تتخذ الياف المائلة الداخلية اتجاه مستعرض
B. المستقيمة البطنية تقسمها تداخلات وترية
C. تتجه الياف المائلة الخارجية للاعلى والوحشي
D. العضلة الدرقفية من عضلات جدار البطن الامامي",C,B
220,"الأعصاب التالية تتواسط حس التذوق التذوق عدا :

الاختيارات:
A. السابع والتاسع.
B. الوجهي.
C. الإضافي البلعومي.
D. اللساني.",B,C
221,"تصل الشبكة الخصوية ب القسم الرأسي من البربخ.

الاختيارات:
A. ductuli efferented.
B. straight tubules.
C. Mesothelium.
D. germinal epithelium.",A,A
222,"ترتكز العضلة العريضة الظهرية : (2017 ثانية)

الاختيارات:
A. قاع أخدود ذات الرأسين.
B. أنسي اخدود ذات الرأسين.
C. وحشي أخدود ذات الرأسين.
D. الناتئ الغرابي.
E. حديبة العضد الكبرى.",B,A
223,"الظنبوب (الخاطئة):

الاختيارات:
A. يتمفصل مع لقمتي الفخذ ورأس الشظية في الأعلى.
B. يوجد على الجانب الانسي للقمة الأنسية سطح مفصلي للتمفصل مع رأس عظم الشظية.
C. تتبارز النهاية السفلية نحو الأسفل في الجانب الأنسي لتشكيل الكعب الأنسي.
D. ينفصل السطحان المفصليان للقمتي الظنبوب عن بعضهما بالباحثين بين اللقمتين الأمامية والخليفة .",B,B
224,"أحد القولونات التالية يمتد بشكل أفقي :

الاختيارات:
A. الكولون النازل
B. الكولون الصاعد
C. الكولون المعترض
D. كل ما سبق خطأ",C,C
225,"من وظائف خلايا سرتولي ما عدا:

الاختيارات:
A. انتاج الهرمون المضاد لقناة وولف.
B. مساعدة النطيفات على التطور إلى نطاف ناضجة.
C. افراز سائل يساعد في نقل النطاف,،ABP Inhibin B
D. حماية النطاف من التأثير السيئ للمواد المختلفة في الدم.",C,A
226,"الخاطئ حول اللسان :

الاختيارات:
A. له دور لمسي ذوقي ويساهم في التصويت
B. يوصف له ذروة وجذر ووجه سفلي وظهر
C. يوجد مكان اتصال الثلثين الامامين مع الثلث
D. تبرز فيه بروزات هي حليمات لسانية",B,B
227,"عدد القطع العصعصية في النخاع الشوكي هو :

الاختيارات:
A. 5
B. 4
C. 2
D. 1",D,D
228,"يتألف الجسم الثفني مما يلي عدا:

الاختيارات:
A. رأس.
B. منقار.
C. جسم.
D. ركبة .",B,A
229,"تمثل العضلة الدافعة في المثانة الطبقة

الاختيارات:
A. المخاطية
B. العضلية
C. المصلية
D. تحت المخاطية",B,B
230,"خلايا توجد في الجلد وتعمل كمستقبلات آلية حسية :

الاختيارات:
A. خلايا لانغرهانس.
B. خلايا ميركل.
C. خلايا الميلانين.
D. a+b",D,B
231,"ما يلي صحيح بالنسبة للمغازل العضلية :

الاختيارات:
A. هي بنية غير ممحفظة
B. لا تحتوي على أليافه عضلية
C. توجد أيضاً في العضلات الملساء
D. الإجابتان الأولى والثانية صحيحتان
E. كل ما سبق خطأ",C,C
232,"يدخل العظم الجبهي بوجهه الظاهر في تشكيل

الاختيارات:
A. القحف الحشوي
B. القحف الجداري
C. القحف العصبي
D. الحفرة البكرية",B,A
233,"كرة صغيرة فوق قمة الغضروف :

الاختيارات:
A. الطرجهالي
B. القريني
C. الإسفيني
D. الفلكة",B,B
234,"لا توجد الغدد الزهمية في :

الاختيارات:
A. راحة اليد وأخمص القدم
B. حشفة القضيب
C. دهليز الفرج
D. B+C",A,A
235,"يحتوي Body Vitreous على العناصر التالية عدا:

الاختيارات:
A. Macrophages
B. Fibroblasts
C. Collagen Fibrils
D. Hyalocytes",B,B
236,"يجري البول في الحالب بفضل:

الاختيارات:
A. التقلصات التمعجية
B. ضغط الرشح الكبي
C. الجاذبية الأرضية
D. A + B",D,D
237,"مجاورات البلعوم الحنجري : (اختر الخاطئة )

الاختيارات:
A. غضروف الفلكة في الأعلى
B. الغضروف الحلقي في الأسفل
C. اماميا بالرغامى
D. خلفيا بالفقرات الرقمية 4-5-6",B,C
238,"العصب المسؤول عن حركات عضلات الوجه التعبيرية:

الاختيارات:
A. السابع
B. الخامس
C. الثالث
D. الأول",A,A
239,"الزاوية الخلفية السفلية في العظم الجداري:

الاختيارات:
A. خشانية
B. وتدية
C. قذالية
D. جبهية",C,A
240,". مصطلح لاتيني خاطىء:

الاختيارات:
A. وريد راسي Azygos vein
B. الوريد القاعدي Basilic vein
C. الجذع البطني الزلاقي celiac trunk
D. الوريد نصف الفرد Hemiazygos",D,A
241,". اي من الاتي يشاهد على الوجه الوحشي لنصف الكرة المخية

الاختيارات:
A. Collateral sulcus
B. Paracentral gyrus
C. Superior temporal gyrus
D. Uncus",D,C
242,"يقع الغضروف الحلقي مقابل الفقرة :

الاختيارات:
A. T6
B. C6
C. L6
D. ليس كل مما سبق",B,B
243,"يسمى فرع الفك السفلي ايضا:

الاختيارات:
A. القاعدة.
B. جسم الفك السفلي.
C. الرأد.
D. الحافة السنخية.",B,C
244,"من فروع الابهر النازل البطني أمامية ما عدا:

الاختيارات:
A. الشريان الحجابي
B. الشريان المساريقي العلوي
C. الشريان المساريقي
D. الجدع البطني",C,A
245,"يتكون العظم الوتدي من ما يلى عدا :

الاختيارات:
A. ناتئ جناحي مفرد
B. جناحين كبيرين
C. جناحين صغيرين
D. جسم",D,A
246,". الاجابة الصحيحة المتعلقة بال hypoid bone

الاختيارات:
A. هو عظم مزدوج
B. يتمفصل مع العظم الفكي السفلي
C. له اربع قرون
D. يتجه القرن الصغير نحو الاسفل",A,C
247,". اي من البنى التالية تشاهد على الوجه السفلي للسان

الاختيارات:
A. الطية المخملية
B. الطية الحنكية اللسانية
C. الطية تحت اللسان
D. اللحمية تحت اللسان",C,A
248,"التعصب الودي للقلب يأتي عبر:

الاختيارات:
A. الجذع الودي الرقبي
B. الجذع الودي الصدري
C. الجذع الودي القطني
D. المبهم",B,A
249,"تضم المجموعة الأمامية لعضلات الزنار الكتفى المرتبطة بالعضد العضلات التالية عدا:

الاختيارات:
A. الدالية .
B. الصدرية الصغيرة .
C. الصدرية الكبيرة.
D. الغرابية العضدية.",C,A
250,"كل الهرمونات التالية لها دور في استقلاب النسيج الشحمي في مراحل مختلفة ما عدا:

الاختيارات:
A. glucocorticoids,
B. thyroid hormone
C. Growth hormone
D. insulin
E. Parathormon",E,E
251,"الرباط المتصالب الأمامى:

الاختيارات:
A. يمتد من اللقمة الأنسية للفخذ
B. يرتكز على الحدية الظنبوبية
C. يمنع ازياح الساق للأمام
D. يمنع ازياح الفخذ للأمام",C,C
252,"العضلة شبه المنحرفة:

الاختيارات:
A. تتألف من جزئين علوى وسفلى
B. تعصب من الضفيرة العضدية مباشرةً
C. لها ارتكاز جزئى على الترقوة
D. ليس لها ارتكاز على الاخرمى",C,C
253,"يعبر العصب الوجهي عبر:

الاختيارات:
A. الثقبة الإبرية الخشانية
B. الثقبة المدورة
C. الثقبة الشوكية
D. الثقبة البيضية",B,A
254,"من محتويات الجيب العجاني العميق عند الأنثى كل مما يلي عدا:

الاختيارات:
A. جزء من الإحليل.
B. جزء من المهبل.
C. مصرة إحليلية (للإحليل والمهبل).
D. أوعية فرجية باطنة وفروعها.
E. العضلتين العجانيتين المستعرضتين السطحيتين.",E,E
255,"يساهم بتشكيل المفصل الكعبري الرسغي : (2007)

الاختيارات:
A. رأس العضد.
B. العظم الكبير.
C. قرص مفصلى.
D. العظم الكلابي.",D,C
256,"الperikaryon هو:

الاختيارات:
A. جسم الخلية العضلية المخططة
B. غشاء الخلية العصبية ( العصبون).
C. غشاء الخلية العضلية القلبية .
D. غمد الليف العصبي.
E. جسم الخلية العصبية ( العصبون).",E,E
257,"يحتوي الجيب العجاني العميق الذكري ماعدا:

الاختيارات:
A. إحليل غشائي.
B. غدة بصلية إحليلية.
C. معصرة إحليلية.
D. عصب ظهر القضيب.
E. بصلة القضيب.",C,E
258,". ينشأ شريان ظهر القدم من

الاختيارات:
A. Anterior tiial artery
B. Posterior tibial artery
C. Popliteal artery
D. Femoral artery",B,A
259,"كل ما يلي صحيح عن البريتوان عدا :

الاختيارات:
A. المراق إمتداد البريتوان من الأمعاء إلى الجدار الأمامي للبطن
B. الثرب إمتداد البريتوان بين حشا وحشا آخر
C. الرباط إمتداد البريتوان من حشا إلى الجدار الأمامي للبطن
D. غشاء مصلي له طبقة جدارية وطبقة حشوية",C,A
260,"تفرز خلايا بيتا في البنكرياس :

الاختيارات:
A. الغلوكاغون
B. الأنسولين
C. السوماتوستاتين
D. لا شيء مما سبق",B,B
261,"SOLEUS :

الاختيارات:
A. من عضلات الساق
B. تعمل دوران وحشى للساق
C. هو رباط داخل الركبه
D. تعمل عطف للركبة",A,A
262,"مايلي صحيح عن الخصية testes عدا :

الاختيارات:
A. تحاط ب الغاللة البيضاء (نسيج ضام كثيف)
B. الحجب الضامة التي تقسم الخصية إلى فصوص تكون غير كاملة.
C. فصيصات الخصية تكون مفصولة عن بعضها تماما.
D. كل فصيص فيها يحوي 4-1 أنابيب منوية.",B,C
263,"من صفات الترقوة ماعدا :

الاختيارات:
A. الوجه العلوي عليه ميزابة العضلة تحت الترقوة
B. النهاية الأنسية مسطحة
C. الوجه العلوي أملس
D. عظم طويل له شكل حرف S",C,A
264,"اذا أصيبت ينتج عن ذلك :

الاختيارات:
A. حبسة استقبالية
B. حبسة كلامية
C. حبسة تعبيرية
D. حبسة شرجية",B,C
265,"التامور الخارجي الذي لا يرتبط بالقلب

الاختيارات:
A. التامور الليفي
B. التامور المصلي الجداري
C. التامور المصلي الحشوي :
D. لا شيء مما سبق",B,A
266,"تشكل جدران الفم :

الاختيارات:
A. الشفتان
B. الشدقان
C. الحنك
D. كل ما سبق صحيح",D,D
267,"القسم من الضلع الواقع بين الرأس والحديبة:

الاختيارات:
A. الجسم
B. الميزابة
C. العنق
D. الرأس",C,C
268,"تمثل لفافة collies:

الاختيارات:
A. الوريدية السطحية للفافة السطحية لجدار البطن الامامي.
B. الوريدية العميقة للفافة السطحية لجدار البطن الامامي.
C. الوريدية العميقة للفافة السطحية للعجفن.
D. اللفافة العميقة للقضيب.
E. الوريدية العميقة للفافة السطحية للعجفن.",C,E
269,"الضفيرة العضدية: (2017 أولى)

الاختيارات:
A. تتشكل في المثلث الأمامي للعنق .
B. من الأعصاب الشوكيةC 4-5-6 .
C. الحبل الوحشي يعطي العصب الكعبري .
D. الحبل الخلفي يعطي العصب الإبطي .",B,C
270,"كل ما يلي عن القسم الحجاجي للعظم الجبهي صحيح عدا:

الاختيارات:
A. يحوي في قسمه الوحشي الحفرة البكرية .
B. يدخل في تشكيل سقف الحجاج.
C. يفصله عن القسم الصدفي الحافة فوق الحجاج.
D. ذو توضع أفقي.",A,A
271,"يتمفصل الظنبوب في الأسفل مع:

الاختيارات:
A. الكعب
B. العقب
C. القعب
D. الفخذ",B,C
272,"من أقسام النفرون ماعدا:

الاختيارات:
A. الكبيبة الكلوية
B. الأنبوب القريب
C. الشريان القطعي
D. الأنبوب البعيد",C,C
273,"في العصبون:

الاختيارات:
A. القطعة الابتدائية غير محاطة بفمد النخاعين
B. يتم صنع النواقل العصبية في المحوار
C. النهاية ما بعد المشبكية قد تكون جزءا من محوار عصبون اخر
D. A+C
E. كل ماسبق خطأ",D,D
274,"بالنسبة لتكون الكريات الحمر في نقي العظم:

الاختيارات:
A. مع تطور الخلايا تحدث زيادة مطردة لحجم الخلية والنواة
B. مع تطور الخلايا يحدث تناقص مطرد في كمية الهيموغلوبين
C. الخلية الشبكية لا تحتوي على نواة
D. A+B
E. كل ما سبق صحيح",E,C
275,"ترتبط من العضلات العميقه التاليه للمثلث الخلفى للعنق بحدبه الاطلس الخلفيه

الاختيارات:
A. المستقيمه الرأسيه الخلفيه الصغيرة
B. المستقيمه الرأسيه الجانبيه
C. المستقيمه الرأسيه الاماميه
D. المستقيمه الرأسيه الخلفيه الكبيره
E. المنحرفه الرأسيه السفليه",D,A
276,"العضلة ثلاثية الرؤوس العضدية : (2010)

الاختيارات:
A. تنشأ جميع رؤوسها من عظم العضد.
B. هي من عضلات العضد الأمامية .
C. يعصبها العضلى الجلدى .
D. باسطة المرفق .",C,D
277,"يتصل بالخلف مع البلعوم الفموي عبر برزخ الحلق:

الاختيارات:
A. دهليز الفم
B. اللثتين
C. جوف الفم المخصوص
D. القوس السنخية",C,C
278,"تقوم القشرانيات المعدنية ب :

الاختيارات:
A. تحريض تركيب الغلوكوز
B. تتحول إلى تستسترون في عدة أنسجة
C. تحرض على إعادة امتصاص شوارد الصوديوم.
D. b+c",D,C
279,". البنية التي تغطي السطوح الامامي والانسي والوحشي للخصية هي

الاختيارات:
A. لفافة كولس
B. اللفافة المنوية الخارجية
C. الغلالة الغمدية
D. اللفافة المنوية الداخلية",C,C
280,"موقع الغدة الدرقية

الاختيارات:
A. تحت الحنجرة وعلى جانبي الرغامي وأمامها
B. يتصل الفصين مع بعضهما بجسر نسيجي يدعى البرزخ
C. تحاط بلفافة من اللفافة الرقبية السطحية
D. A + B",D,A
281,"تتوضع مستقبلات الشم في :

الاختيارات:
A. الجدار الوحشى للأنف.
B. أرضية الأنف.
C. سقف الأنف.
D. كل ما سبق خطأ .",C,C
282,"هرمونات الغدة النخامية ذات طبيعة:

الاختيارات:
A. شحمية
B. بيتيدية
C. سكرية
D. لا شيء مما سبق",B,B
283,"مفصل المرفق:

الاختيارات:
A. نموذج رزى
B. لا يتصل مع الكعبرى الزندى العلوى
C. عبره تتم حركه الكب والاستلقاء
D. لا يشارك رأس الكعبره فى تكوينه",C,A
284,"تنشأ العضلة المدورة الكبيرة من : (2017 إضافية)

الاختيارات:
A. أسفل الحافة الوحشية لعظم لوح الكتف.
B. الحافة السفلية لشوك الكتف.
C. الحفرة تحت الكتفية لعظم اللوح.
D. الحفرة تحت الشوكية لعظم اللوح.
E. أعلى الحافة الوحشية لعظم اللوح.",D,A
285,"يتوضع الأبهر النازل البطني

الاختيارات:
A. أيسر الأجوف السفلي
B. خلف الأجوف السفلي
C. أيمن الأجوف السفلي
D. أمام الأجوف السفلي",B,A
286,"يجاور السطح العلوي لمثانة الرجل

الاختيارات:
A. عرى اللفائفي والكولون السيني
B. الجيب المثاني الرحمي
C. الجيب المستقيمي المثاني
D. لا شيء مما سبق",A,A
287,"عضلة الشهيق الرئيسية:

الاختيارات:
A. الحجاب الحاجز.
B. رافعات الأضلاع.
C. المستعرضة الصدرية.
D. العضلات الوربية.",C,A
288,"يدخل سرة الكلية من الخلف للأمام:

الاختيارات:
A. شريان – وريد – حويضة
B. وريد – شريان – حويضة
C. حويضة – شريان – وريد
D. حويضة – وريد – شريان",B,C
289,"تشمل الغلالة الوسطة ماعدا :

الاختيارات:
A. القزحية
B. المشيمية
C. عدسة العين
D. الجسم الهدبي",C,C
290,"استجابة الاحتياجات العضوية، يتم تحريك واستهلاك النسيج الشحمي :

الاختيارات:
A. retro-orbital fat pads .
B. mesenteric deposits
C. Subcutaneous fat
D. retroperitoneal deposits
E. الثاني والثالث",E,B
291,"يتصف عظم الزند بما يلي:

الاختيارات:
A. يقع في الساعد.
B. منه الثلمة الزندية للكعبرة.
C. منه الزج.
D. منه الناتئ المنقاري.",B,B
292,"hypophysis اختر الإجابة الصحيحة:

الاختيارات:
A. قطرها 1 سم
B. قسمها الأمامي عصبي
C. وزنها جرام واحد
D. كبيرة الحجم",C,A
293,"كل ما يلي عن مجاورات الرغامي صحيح عدا :

الاختيارات:
A. يقع المرى أمام المري
B. يقع الشريان العضدي الرأسي أمام الرغامي
C. يقع الشريان السباتي المشترك أمام الرغامي
D. تمر قوس الأبهر أمام الرغامي",C,A
294,"البلعوم :

الاختيارات:
A. يوجد توسع قبل الحنجرة يدعى باسم الردب الكمثري
B. يوجد في مكان التقاء اللسان مع الفلكة ثلاث طيات ناصفة ووحشيتان
C. يوجد تحت الفلكة انخفاض يدعى الوحدة
D. يعد البلعوم الأنفي جزء من أجزاء الجهاز الهضمي",B,A
295,"تحوي الخاصرة اليمني:

الاختيارات:
A. الفص الكبدي الأيمن
B. المرارة
C. الكولون النازل
D. لا شيء مما سبق",B,D
296,"يحوي الوجه الداخلي لفرع الفك السفلي :

الاختيارات:
A. الشوكة الذقنية
B. الناشزة الذقنية
C. اللسين
D. الخط الضرسي اللامي",B,B
297,"العظم الفكي السفلي (الخاطئة):

الاختيارات:
A. تقع ثلمة الفك السفلي أسفل وأمام الحافة العلوية للرأد .
B. يتمادى الخط المائل في الخلف بالحافة الأمامية للرأد.
C. تقع الحفرة تحت اللسانية أعلى الخط الضرسي اللامي.
D. تشكل الثقبة الذقنية الفوهة الأمامية للنفق الفكي السفلي.",C,A
298,"خلايا أكثر عددا وتتوضع في المركز :

الاختيارات:
A. خلايا ألفا.
B. خلايا بيتا.
C. خلايا سيغما.
D. خلايا pp .",C,B
299,"تتواجد أحمال البوق في :

الاختيارات:
A. القمع
B. المجل (الأنبورة)
C. البرزخ
D. الجزء داخل الجدار",B,A
300,"تشاهد التلمة الكعبرية للزند على:

الاختيارات:
A. الوجه الوحشي للزج.
B. الوجه الإنسي السفلي للناتي الإبري.
C. الوجه الوحشي للناتئ المنقاري.
D. الوجه الأنسي للزج.",B,C
301,"المستوى الذي يقسم الجسم إلى نصفين أيمن وأيسر

الاختيارات:
A. Sagittal plane
B. Frontal plane
C. Transverse plane
D. Coronal plane",C,A
302,"يبطن بالنسيج الظهاري البسيط:

الاختيارات:
A. الحالب
B. الامعاء
C. الانبوب البولي
D. غشاء البريتوان",D,B
303,"من صفات غشاء الأمعاء الغليظة المخاطي :

الاختيارات:
A. لا توجد فيه زغابات معوية إطلاقا
B. الغدد المعوية طويلة ومتكدسة.
C. الخلايا الكأسية والماصة غزيرة جدا
D. كل ما سبق صحيح.",D,D
304,"- الناتئ الإبري يقع :

الاختيارات:
A. وحشي النفق السباتي
B. إنسي النفق السباتي
C. وحشي الحفرة الوداجية
D. إنسي الحفرة الوداجية",C,C
305,"العظام الاسفينية في رصغ القدم: (2006)

الاختيارات:
A. الأول هو الوحشي.
B. يتمفصل الأنسي في الخلف مع الزورقي.
C. يجاور الثالث من الخلف النردي.
D. يتمفصل الأوسط مع المشط الثالث.",B,B
306,"تتوضع الثقبة العوراء في اللسان :

الاختيارات:
A. خلف الكلم الإنتهائي
B. في ذروة اللسان
C. أمام الثلم الإنتهائي
D. على حافتي اللسان",B,A
307,"تحت قيد الباسطات أمام الكاحل: (2017)

الاختيارات:
A. وتر الظنبوبية الأمامية على الطرف الأنسي.
B. الشريان الظنبوبي الأمامي يمر فوق القيد.
C. العصب الظنبوبي الأمامي يمر فوق القيد.
D. وتر باسطة الإبهام الطويلة على الطرف الوحشي.",C,A
308,". الاجابة الصحيحة بخصوص رباعية الرؤوس الفخذية

الاختيارات:
A. تنشا بثلاث رؤوس من الحوض
B. ترتكز على الخط النعلي للظنبوب
C. تبسط الساق على الفخذ
D. هي triceps brachii",C,C
309,"الأبهر كل ما يلي ماعدا:

الاختيارات:
A. من الشرايين المتوضعة على الجدار الخلفي لجدار البطن.
B. يدخل البطن عبر الفرجة الأبهرية.
C. ينزل أمام أجسام الفقرات القطنية.
D. من تفرعاته الأمامية الجذع الزلاقي.
E. ينقسم عادة أمام الفقرة القطنية الثالثة إلى الشريانين الحرقفيين الأصليين والشريان العجزي الناصف.",B,E
310,"SUPINATOR

الاختيارات:
A. من مدورات الكتف
B. عصب الحجره الخلفيه للساعد
C. عضلة مقربة للفخذ
D. عضلة عميقة فى الساعد",A,D
311,"أطول أجزاء الأنبوب الهضمي :

الاختيارات:
A. المعي الدقيق
B. المري
C. المعدة
D. المعي الغليظ",A,A
312,"تشمل عضلات ضرة اليد عدا:

الاختيارات:
A. مبعدة الخنصر
B. مقربة الخنصر
C. قابضة الخنصر القصيرة
D. مبعدة الخنصر",B,B
313,"إن ترتيب العضلات من الأعلى للأسفل على الناحية الخلفية للألية:

الاختيارات:
A. كمثرية - توأمية علوية - سادة باطنة - توأمية سفلية
B. كمثرية - توأمية علوية - توأمية سفلية - سادة باطنة
C. كمثرية - سادة باطنة - توأمية علوية - توأمية سفلية
D. توأمية علوية - سادة باطنة - كمثرية - توأمية سفلية
E. سادة باطنة - كمثرية - توأمية علوية - توأمية سفلية",B,A
314,"يتلقى وريد الباب الدم من:

الاختيارات:
A. كل أقسام الأنبوب الهضمي عدا القناة الشرجية.
B. كل أقسام الأنبوب الهضمي عدا المستقيم والشرج.
C. كل أقسام الأنبوب الهضمي عدا الثلثين السفليين للمستقيم والقناة الشرجية.
D. كل أقسام الأنبوب الهضمي.",A,C
315,"تنشأ الغدة الصنوبرية من :

الاختيارات:
A. من الوريقة العصبية الخارجية.
B. من الوريقة المتوسطة.
C. من الوريقة الداخلية.
D. كل ما سبق خطأ.",A,A
316,"من عظام القسم الداني (القريب ) لعظام الرسغ (مكرر):

الاختيارات:
A. الحمصي.
B. المنحرفي.
C. الكبير.
D. المربعي.",C,A
317,"الحجاب الحاجز إختر الإجابة الخاطئة :

الاختيارات:
A. هو أهم العضلات التنفسية
B. القسم العضلي ينشأ من القص والأضلاع السفلية والفقرات الصدرية
C. المركز الوتري هو تمادي للألياف العضلية
D. يعصبه العصب الحجابي الذي يأتي من النخاع الشكي الرقبي",C,B
318,"كل ما يلي من تلافيف الوجه الوحشي لنصف الكرة المخية ماعدا :

الاختيارات:
A. أمام المركزي
B. خلف المركزي
C. الوتد
D. الصدغي العلوي",C,C
319,"من صفات الأجسام الصفائحية:

الاختيارات:
A. تعتبر علامة للخلايا التنفسية من النمط الأول.
B. حبيبات بقطر 400 - 100 ميكرومتر محاطة بغشاء
C. تعتبر علامة للخلايا التنفسية من النمط الثاني.
D. A+C",D,C
320,"الأعصاب الحسية تنقل المعلومات من الأعضاء التالية عدا:

الاختيارات:
A. العين
B. الأذن
C. الجلد
D. اللسان",D,C
321,"المنطقة الأعمق في الكظر :

الاختيارات:
A. اللب
B. الحزمية
C. الشبكية
D. الكبيبية",C,A
322,". كل مايلي حول مرور الاعصاب القحفية من قاعدة القحف صحيح عدا

الاختيارات:
A. العصب العيني يمر من النفق البصري
B. العصب البكري يمر من الشق الحجابي العلوي
C. العصب الوجهي يخرج من الثقبة الابرية الخشائية
D. العصب الساني البلعومي يمر من الثقبة الوداجية",C,A
323,"الطبقة المبطنة للتامور الليفي:

الاختيارات:
A. التامور الليفي
B. التامور المصلي الجداري
C. التامور المصلي الحشوي
D. لا شيء مما سبق",C,B
324,"العبارة الخاطئة عن الجلد الرقيق :-

الاختيارات:
A. مشعر.
B. الطبقة المحببة واللامعة أكثر وضوحا.
C. سماكة البشرة (75 _ 150) مكرون.
D. نشاهد الطبقة القاعدية والشائكة بشكل رئيسي.",B,B
325,"يسير عميقاً من الشريان السباتي ويعصب الحجاب الحاجز.

الاختيارات:
A. العصب ظهر الكتف
B. العصب اللاحق (الشوكي)
C. العصب المبهم
D. العصب الحجابي
E. لا شيء مما سبق",D,B
326,"كل ما يلي من الأوردة التي تستخدم لأخذ عينات من الدم عدا :

الاختيارات:
A. الوريد الأبطى
B. الوريد القاعدي
C. الوريد المرفقي الناصف
D. الوريد الرأسي",D,A
327,"اختار الجواب الصحيح اذا كان هناك جوابا صحيحا واحدا فقط أو اختر الجواب الأكثر شمولا وتكاملا اذا كان هناك أكثر من جواب صحيح

الاختيارات:
A. تتولد الخلايا اللمفاوية في العقد اللمفاوية فقط
B. اللمفاويات على نوعين كبيرة وصغيرة
C. عند الإصابات تتحول التقاويات الى خلايا بالعة
D. عدد اللمفاويات في الهم يزداد في المرتفعات
E. عند الإصابات تتحول بعض اللمفاويات الى بلازمية",E,E
328,"أطول أجزاء أنبوب الهضم:

الاختيارات:
A. المري
B. المعي الدقيق
C. الكولون
D. البلعوم",B,B
329,"الخلايا الشحمية قادرة على تصنيع Fatty acids من الغلوكوز هي عملية تتسرع بتاثير :

الاختيارات:
A. الغلوكاغون
B. الانسولين
C. الباراثورمون
D. الثيروكسين
E. الثالث والرابع",B,A
330,"يحوي القسم الصخري للعظم الصدغي التضاريس التالية عدا:

الاختيارات:
A. الثقبة المدورة
B. ثقبة النفق السباتي
C. الناتئ الأبري ومسم السمع الباطن
D. الحفرة الوداجية",C,A
331,"زاوية الحمل

الاختيارات:
A. تتكون بين الزند والكعبرة
B. تظهر فى وضعية الكعب
C. تقيس 15 درجة
D. كل ما يبق خطأ",B,C
332,". يدخل في تشكيل التيه العظمي

الاختيارات:
A. الانفاق نصف الدائرية
B. القريبة
C. القناة القوقعية
D. القنوات نصف الدائرية",D,A
333,"العضو السمعي يوجد ضمن:

الاختيارات:
A. القناة الموقعية
B. القنوات نصف الدائرية
C. القريبة
D. الكييس",B,A
334,"تروية العفج ما عدا:

الاختيارات:
A. الشريان العفجي المعتكلي العلوي هو فرع من الشريان المعدي العفجي.
B. الشريان العفجي المعتكلي السفلي هو فرع من الشريان المساريقي العلوي.
C. الوريد المعتكلي العفجي العلوي يصب في وريد الباب.
D. الوريد المعتكلي العفجي السفلى يصب في الوريد المساريقي العلوي.
E. النزح اللمفاوي للقسم العلوي ينتهي إلى العقد المساريقية العلوية.",B,E
335,"الطبقي المحوري من ضمن:

الاختيارات:
A. التشريح الشعاعي
B. التشريح السريري
C. التشريح الجهازي
D. التشريح الفيزيولوجي",C,A
336,"يربط الرحم بجدران الحوض الجانبية الرباط:

الاختيارات:
A. الاربي
B. المدور
C. العريض
D. الوريدي",C,C
337,"لون لب الكظر :

الاختيارات:
A. بني غامق
B. أبيض
C. مائل للصفرة
D. رمادي",C,A
338,"يضم جهاز التنفس :

الاختيارات:
A. الجزء الناقل
B. الجزء المشكل للصوت
C. الجزء التنفسي
D. كل ما سبق صحيح",D,D
339,". يوجد على الكعبرة:

الاختيارات:
A. Radial notch
B. Trochlear notch
C. Dorsal tubercle
D. كل ماسبق خطأ",B,C
340,"الخلايا المسائلة ( أو التابعة في العضلات الهيكلية :

الاختيارات:
A. تتوضع مباشرة تحت ال endomysium
B. يعتقد أن لها دور في تجدد النسيج العضلي
C. توجد في الخلايا العضلية القلبية أيضاً
D. الإجابتان الثانية والثالثة صحيحتان
E. كل ما سبق صحيح",E,B
341,"الخطأ عن المهاد

الاختيارات:
A. يقع المهاد على الخط الناصف
B. ماتحت المهاد الكرة الشاحبة
C. مافوق المهاد الغدة الصنوبرية
D. يرتبط بالسويقة النخامية الوطاء",B,A
342,". يتكون لجيم البظر من:

الاختيارات:
A. الشفرين الصغيرين
B. الشفرين الكبيرين
C. جبل العانة
D. العويشكة",B,A
343,"أي الشرايين التالية يعطي فروعا تروي الغدة تحت الفك: (2017 أولى)

الاختيارات:
A. البلعومي الصاعد.
B. الصدغي السطحي .
C. اللساني.
D. الأذني الخلفي.
E. تحت الذقن.",E,E
344,"ما يلي من تلافيف الوجه السفلي لنصف الكرة المخية ماعدا :

الاختيارات:
A. المستقيم
B. حصان البحر
C. اللساني
D. المحجن",C,B
345,"تشكل معظم الكتلة العضلية للسان.

الاختيارات:
A. ذقنية لسانية
B. ضرسية لامية
C. لامية لسانية
D. ذقنية لامية
E. ذات البطنين",C,A
346,"توجد خلايا تتوضع ضمن lacunae

الاختيارات:
A. Adipose tissue
B. Cartilage
C. Bone
D. Fibrous connective tissue
E. Cartilage + bone",C,E
347,"أصغر الحليمات الذوقية وأكثرها عدداً:

الاختيارات:
A. الخيطية
B. الفطرية
C. الورقية
D. المحوطة",B,A
348,"على وجهه السفلي تلم لمرور وتر الشظية الطويلة :

الاختيارات:
A. النردي
B. العقب
C. الزورقي
D. القعب",B,A
349,"كل ما يلي صحيح فيما يتعلق بحدود الغدة النكفية عدا :

الاختيارات:
A. في الأمام الثاني الخشائي
B. في الخلف الخشاء
C. في الخلف العضلة القترانية
D. في الأمام فرع العظم الفكي السفلي",B,A
350,"أضخم عظم في هيكل القدم:

الاختيارات:
A. .Calcaneum
B. Navicular .
C. Talus .
D. Cuboid .",A,A
351,". البربخ هو

الاختيارات:
A. Penis
B. Epididymis
C. Scrotum
D. Teste",C,B
352,"عضلات طويلة تربط الفقرات مع بعضها:

الاختيارات:
A. عضلات جدار البطن الأمامي
B. عضلات العمود الفقري
C. عضلات الصدر السطحية
D. عضلات الصدر العميقة",B,B
353,"اي من الخلايا الآتية في الظهارة التنفسية تعد

الاختيارات:
A. الخلايا الكأسية
B. الخلايا الفرشاتية.
C. خلايا كولشيسكي.
D. الخلايا القاعدية.",B,B
354,"115من عضلات الزنار الكتفي المرتبطة بالعضد

الاختيارات:
A. الصدرية الكبيرة
B. تحت الترقوة
C. فوق الشوكية
D. الدالية",C,B
355,"يقع التلفيف خلف المركزي في :

الاختيارات:
A. الفص الصدغي.
B. الفص الجداري.
C. الفص القذالي.
D. فص الجزيرة.",C,B
356,"يتكون الوعاء الدموي مما يلي ما عدا :

الاختيارات:
A. طبقة متوسطة من الياف عضلية مخططة
B. ظهارة بسيطة مسطحة
C. نسيج ضام تحت البطاني
D. صفيحة مرنة داخلية",B,A
357,". جس النبض

الاختيارات:
A. الشريان الكعبري
B. الابهر الصاعد
C. الشريان الابطي
D. كل ماسبق خطأ",B,A
358,"التلفيف خلف المركزي يحوي باحة :

الاختيارات:
A. الحس الجسدي الأولية
B. الحركة الأولية
C. الحس الثانوي
D. السمع",C,A
359,"العضلات الداخلية لليد:

الاختيارات:
A. تعصب كلها من الزندى
B. تعطف المفاصل بين السلاميات
C. أربع منها لا تنشأ من العظام
D. ترتكز أوتارها على حواف قواعد السلاميات",A,C
360,"إن نقص الوارد الغذائي من الكالسيوم يؤدي لـ:

الاختيارات:
A. استعداد أكبر للكسور العظمية.
B. Osteopetrosis
C. Osteoporosis
D. الأول والثاني
E. كل ما سبق صحيح",C,A
361,"عضلات تقوم بالدوران الوحشي في الذراع عدا:

الاختيارات:
A. المدورة الكبيرة
B. الدالية
C. المدورة الصغيرة
D. تحت الشوك",B,A
362,"يضم الغمد السباتي ما يلي عدا:

الاختيارات:
A. الشريان السباتي الباطن
B. الشريان السباتي الظاهر
C. الشريان المبهم
D. الوريد الوداجي الباطن",C,B
363,"وظائف الميلاتونين ما عدا:

الاختيارات:
A. ينظم الإيقاعات اليومية
B. ينظم درجة الحرارة والتناسل
C. يزيد الاستقلاب
D. ينظم الوظيفة القلبية",B,C
364,"أصغر الحليمات الذوقية وأكثرها عدداً:

الاختيارات:
A. الخيطية
B. الفطرية
C. الورقية
D. المحوطة",B,A
365,"العضلة الحرقفية تنتمي لـ:

الاختيارات:
A. عضلات الزنار الحوضي الأمامية
B. عضلات الزنار الحوضي الخلفية
C. عضلات الزنار الحوضي الأنسية
D. عضلات الزنار الحوضي الوحشية",B,A
366,". العضلات الاتية هي من العضلات السطحية في العنق ماعدا

الاختيارات:
A. Intercostal musles
B. Trapezius
C. Suprahyoid muscles
D. Sterocleidomastoid",A,A
367,"وظيفة العضلة الظنبوبية الخلفية:

الاختيارات:
A. شتر القدم
B. القبض الظهري
C. القبض الاخمصي
D. A + C",D,D
368,"(اشر إلى الخيار الخاطئ) جهاز ها فرس يتألف من:

الاختيارات:
A. هو ثابت لا يتبدل
B. صفيحات متراكزة
C. قناة مركزية
D. توضع الصفيحات بشكل مواز للمحور الطويل للعظم
E. تتوضع الـ Osteocytes غالباً بين الصفيحات.",A,A
369,"القسم المسؤول عن تنظيم الفعالية الحياتية الذاتية هو:

الاختيارات:
A. جذع الدماغ
B. الدماغ البيني
C. الدماغ الانتهائي
D. المخيخ",B,A
370,"مادة شبيهة بالهلام يشغل أربعة أخماس المقلة :

الاختيارات:
A. الخلط الماني
B. الخلط الزجاجي
C. العدسة
D. الشبكية",D,B
371,"يتم إفراز الهرمون المضاد للإدرار ADH من عصبونات تقع أجسامها في :

الاختيارات:
A. الأنوية جانب البصرية
B. الأنوية فوق البصرية
C. الأنوية فوق البطينية
D. الأنوية جانب البطينية",B,B
372,"العظم الصدغي اختر الإجابة الخاطئة :

الاختيارات:
A. يظهر على وجهه الداخلي الصماع السمعي الظاهر.
B. يجاوره في الأعلى العظم الجداري.
C. يحتوي على أعضاء السمع والتوازن.
D. يجاوره في الأمام العظم الوتدي.",D,A
373,". تقع الاعضاء التالية خلف البريتوان ماعدا

الاختيارات:
A. المعدة
B. الكلية اليسرى
C. الكظر
D. الكلية اليمنى",B,A
374,"عضلات لها منشأ عظمي وترتكز على باطن جلد الوجه:

الاختيارات:
A. العضلات الماضغة
B. عضلات الوجه التعبيرية
C. عضلات العنق
D. لا شئ مما سبق",B,B
375,". تاتي التروية الرئيسية للمعدة من

الاختيارات:
A. فروع الشريان المساريقي العلوي
B. فروع الجذع الزلاقي
C. فروع شريان المساريقي السفلي
D. فروع تاتي من الابهر مباشرة",B,B
376,"أطول أجزاء أنبوب الهضم هي:

الاختيارات:
A. المري
B. المعي الدقيق
C. الكولون
D. البلعوم",B,B
377,"كل مما يلي من مميزات القصبات عدا:

الاختيارات:
A. تتشكل بعد التفرع العاشر للقصبات.
B. لا تحوي نسيج غضروفي ولا غدد في مخاطيتها
C. تبطن القصيبات الانتهائية الصغيرة بظهارة مطبقة كاذبة اسطوانية.
D. تحوي نسيج ضام كثيف مرتبط بالعضلات الملساء.",A,C
378,"ينشأ الجذع الرئوي من :

الاختيارات:
A. البطين الأيمن
B. الأذينة اليسرى
C. الأذينة اليمنية
D. البطين الأيسر",B,A
379,"رفع الخصية والصفن للأعلى يدعى المنعكس

الاختيارات:
A. السلخي
B. المشمري
C. الخصيوي
D. الذكري",C,B
380,"عدد الأضلاع الحقيقية:

الاختيارات:
A. 12 ضلع
B. 7 أشفاع
C. 10 أشفاع
D. 3 أشفاع",D,B
381,"ترتبط العضلات العميقة التالية للمثلث الخلفي للعنق بالعظم القذالي ما عدا:( 2014 ثانية)

الاختيارات:
A. المستقيمة الرأسية الأمامية.
B. المستقيمة الرأسية الجانبية.
C. المستقيمة الرأسية الخلفية الصغيرة.
D. المستقيمة الراسية الخلفية الكبيرة.
E. المنحرفة الرأسية السفلية.",A,E
382,"فيما يتعلق بالشريان الكلوي

الاختيارات:
A. الأيمن أطول من الأيسر
B. يسير الشريان الكلوي الأيمن أمام الوريد الأجوف السفلي
C. ينشأ بشكل متعامد مع الأبهر البطني
D. D - A + C صحيحتان",D,D
383,"العضلة التي تبعد الطيتين الصوتيتين:

الاختيارات:
A. Thyro arytenoid
B. Crico thyroid
C. Lateral cricoarytenoid
D. Oblique arytenoid
E. Posterior cricoarytenoid",E,E
384,"Regional Anatomy

الاختيارات:
A. التشريح الناحي
B. التشريح الوصفي
C. التشريح السريري
D. التشريح الجهازي",A,A
385,"على وجهه السفلي تلم لمرور وتر الشظية الطويلة :

الاختيارات:
A. النردي
B. العقب
C. الزورقي
D. القعب",B,A
386,"العضلات التي تقوم بالبسط في الذراع ما عدا:

الاختيارات:
A. الألياف الأمامية للدالية
B. مثلثة الرؤوس العضدية
C. الصدرية الكبيرة
D. المدورة الكبيرة",C,A
387,". عدد اشفاع الاعصاب الرقيبة

الاختيارات:
A. 8 ازواج من اشفاع الاعصاب
B. 12 زوج من اشفاع الاعصاب
C. 5 ازواج من اشفاع الاعصاب
D. زوج واحد من اشفاع الاعصاب",B,A
388,"المنطقة المتوسطة من نواح البطن:

الاختيارات:
A. الشرسوفية
B. الخثلية
C. السرية
D. المغبنية",B,C
389,"في الظهارية التنفسية:

الاختيارات:
A. الخلايا الفرشاتية تسمى خلايا كولشيسكي
B. الخلايا الفرشاتية مستقبلات حسية كيميائية
C. الخلايا القاعدية هي خلايا جذعية
D. الاجابتان A+B
E. الاجابتان B+C",D,E
390,"يصل بين الأذينة اليسرى والبطين الأيسر :

الاختيارات:
A. فوهة مثلث الشرف
B. فوهة التاجي
C. الفوهة الرئوية
D. الفوهة الأبهرية",C,B
391,"يعطي الرباط الحرقفي القطني منشأ ل:

الاختيارات:
A. العضلة المربعة القطنية.
B. العضلة الحرقفية.
C. العضلة الإليوية الوسطى.
D. العضلة رباعية الرؤوس الفخذية.
E. كل ما سبق خاطئ.",B,A
392,"يمتد مباشرة على عظم العضد: (2007 أولى)

الاختيارات:
A. العصب الزندي .
B. العصب العضلي الجلدي .
C. العصب الكعبري .
D. الشريان العضدي العميق .",D,B
393,"يتألف اللب الكلوي من :

الاختيارات:
A. ٦ أهرام
B. ٨ أهرام
C. ۱۲ هرم
D. ١٤ هرم",C,C
394,"طول البوق

الاختيارات:
A. 10سم
B. 30سم
C. 15سم
D. 50سم",B,A
395,"يحفز ACTH إفراز :

الاختيارات:
A. الألدستيرون
B. الكوتيزون
C. الأندروجين
D. الكالسيتونين",B,B
396,"أكثر أقسام الإحليل قابلية للتمدد وأعرضها

الاختيارات:
A. الموثي
B. الغشاني
C. البصلي
D. الإسفنجي",D,A
397,"يتكون الزنار الحضي:

الاختيارات:
A. من العظمين الوركيين و العجز.
B. من العظمين الوركيين والعظمين الفخذيين.
C. من العجز و العظمين الفخذيين.
D. من العظمين الوركيين.",B,A
398,"تقع الباحة الحركية الأولية:

الاختيارات:
A. أمام التلفيف الجانبي.
B. في التلفيف أمام المركزي .
C. خلف شق رولاندو.
D. في قص الجزيرة.",B,B
399,"- ليست من عضلات الوجه التعبيرية :

الاختيارات:
A. الدويرية الفموية
B. الماضغة
C. الوجنية
D. خافضة صوار الفم",C,C
400,"كل ما يلي صحيح عن جذر القضيب عدا :

الاختيارات:
A. يتألف من ثلاث كتل من النسيج الناعظ
B. تقع بصلة القضيب على الخط الناصف
C. ينغطى السطح الخارجي للبصلة بالعضلتين الاسكيتين الكهفيتين
D. تتمادى البصلة نحو الأمام ضمن جسم القضيب وتشكل الجسم الأسفنجي",B,C
401,". من عضلات الطبقة الخلفية للساعد

الاختيارات:
A. الكابة المربعة
B. المابة الكدورة
C. المرفقية
D. الراحية الطويلة",C,C
402,"المجاورات الأمامي للكلية اليسرى كل مما يلي عدا:

الاختيارات:
A. المعدة.
B. العفج.
C. الطحال.
D. المعثكلة.
E. الكولون النازل.",B,B
403,"ما يلي صحيح بالنسبة للقلب :

الاختيارات:
A. ألياف بيركنجي هي محاوير العصبونات تقع اجسامها في العقدة الجيبية الأنينية
B. الياف بيركنجي تنقل التنبيهات بشكل أسرع من الخلايا العضلية القلبية
C. ينظم إيقاع ضربات القلب الجهاز العصبي الذاتي ( اللاإرادي) الودي ونظير الودي
D. الإجابتان الثانية والثالثة صحيحتان
E. كل ما سبق خطأ",D,D
404,"العظام المسطحة (الخاطئة):

الاختيارات:
A. بين صفيحتيها عظم كثيف.
B. عظم الكتف مثال اخر.
C. تنمو باتجاهين.
D. من الأمثلة عليها عظام القحف.",A,A
405,"في القضيب:

الاختيارات:
A. جسمين كهفيين محاطين بغلالة بيضاء من نسيج ضام كثيف
B. القلفة تحوي عضلة مخططة
C. النسيج الناعظ يحوي عضلات ملساء
D. كل ما سبق صحيح
E. A+C",D,E
406,". تاتي اهمية الضلع الاولى من علاقته مع

الاختيارات:
A. الشريان والوريد تحت الترقوة
B. الشريان السباتي الخارجي
C. الشريان السباني المشترك
D. العضلة الاخمعية الخلفية",A,A
407,". عضلة مسؤولة عن قبض الفخذ وقبض الساق

الاختيارات:
A. الخياطية
B. الرشيقة
C. المقربة الكبيرة
D. المقربة الطويلة",C,A
408,"يتوضع الكولون السيني في:

الاختيارات:
A. الناحية المغبثية اليمنى
B. الناحية المغبثية اليسرى
C. الخثلية
D. لا شيء مما سبق",B,B
409,"- يقع في مستوى الفقرة الرقبية السادسة:

الاختيارات:
A. الغضروف الدرقي
B. الغضروف الحلقي
C. الغضروف الطرجهالي
D. غضروف الفلكة",C,A
410,"المصطلح الموافق للمجارة هو :

الاختيارات:
A. NOSE
B. CHOANA
C. UVALS
D. VESTIBULUM",B,B
411,"اختار الجواب الصحيح اذا كان هناك جوابا صحيحا واحدا فقط أو اختر الجواب الأكثر شمولا وتكاملا اذا كان هناك أكثر من جواب صحيح

الاختيارات:
A. نسبة الخلية الدموية المتعادلة 55 إلى 68%
B. نسبة الخلية القاعدية 2-5 %
C. نسبة الخلية الحمضية 8-10%
D. نسبة احادية النواة 4-15%
E. نسبة الخلية اللمفاوية 20-30 %",D,A
412,"كل ما يلي عن تروية المفصل الفكي الصدغي صحيح عدا :

الاختيارات:
A. الشريان الصدغي السطحي.
B. الشريان الأذني الخلفي.
C. الشريان الأذني الصدغي.
D. الشريان الصدغي العميق.",B,C
413,"طول الأسهر

الاختيارات:
A. 45 سم
B. 15سم
C. 6أمتار
D. 1أمتار",D,A
414,"توجد في الغدد المعدية الأنواع الخلوية التالية عدا :

الاختيارات:
A. خلايا مخاطية
B. خلايا جدارية
C. خلايا غدية صماوية
D. كل ما سبق صحيح",C,D
415,"تتوضع تحت الطية اللسانية الغدة

الاختيارات:
A. النكفية
B. تحت الفك السفلى
C. تحت اللسان
D. الثانوية",C,C
416,"تكثر الألياف الشبكية في :

الاختيارات:
A. الطحال.
B. العقد اللمفية.
C. نقي العظم الأحمر.
D. كل ما سبق صحيح.
E. الأول والثاني.",D,D
417,"تحوي الخاصرة اليسرى:

الاختيارات:
A. الكولون النازل
B. الطحال
C. الفص الكبدي الأيسر
D. المعدة",B,A
418,"يحوي سرير الظفر على :

الاختيارات:
A. الطبقة الشالكة والمتقربة
B. الطبقة القاعدية والشالكة والمتقربة
C. الطبقة القاعدية والشالكة فقط
D. كل ما سبق خطأ",B,C
419,"يتوضع السرج التركي:

الاختيارات:
A. على الوجه السفلي لجسم العظم الوتدي.
B. على الوجه العلوي لجسم العظم الوتدي.
C. على الوجه الأمامي لجسم العظم الصدغي.
D. على الوجه الخلفي لجسم العظم الوتدي.",A,C
420,"جذوع الضفيرة العضدية

الاختيارات:
A. توضع تحت قاعدة المثلث الخلفى للرقبة
B. اتقسامتها الخلفية تعطى الحبل الخلفى
C. انقسامتها الأمامية تعطى الحبل الأنسى
D. الجذع الأوسط يتابع مشكلاً الحبل الخلفى",D,A
421,"القسم مع الضلع الواقع بين الرأس والحدبية:

الاختيارات:
A. الجسم
B. الميزابة
C. العنق
D. الرأس",C,C
422,"من وظائف الحجرة :

الاختيارات:
A. حماية الطرق الهوائية أثناء البلع
B. الحفاظ على إنفتاح الطرق الهوائية أثناء التنفس
C. التصويت
D. كل ما سبق صحيح",D,D
423,"بالنسبة لعنق الرحم :

الاختيارات:
A. تتألف مخاطية باطن عنق الرحم من ظهارة بسيطة اسطوانية.
B. الصفيحة المخصوصة تحوي غدد عنقية تحوي شرايين حلزونية.
C. سماكتها متغيرة مع تغيرات الدورة المبيضية.
D. كل ما سبق صحيح.",D,A
424,"تنصف الوحدة الوظيفية للرئتين بـ:

الاختيارات:
A. تحت انقسام من الرئة.
B. تتوضع الشجرة القصبية والوريد الرئوي مركزيا.
C. توزع الشريان الرئوي محيطية.
D. نصاب مرضياً مع مجاوراتها.
E. ولا واحدة مما علا.",B,E
425,"فيما يخص العصب الكعبري كل مما يلي صحيح ماعدا:

الاختيارات:
A. العصب الساعدي الجلدي الوحشي هو فرع منه
B. يسير في الأخدود الحلزوني للعضد مع الشريان العضدي العميق
C. هو فرع من الحبل الخلفي للضفيرة العضدية
D. يعصب العضلة العضدية الكعبرية
E. أذيته تسبب هبوط اليد drop hand",E,A
426,"أي البنى توجد بالمنصف الخلفي مباشرة خلف التامور:

الاختيارات:
A. المري
B. العصبين المبهمين
C. الشريان الرئوي الأيمن
D. الوريد الفرد
E. القناة الصدرية",B,B
427,"تتألف الأصابع جميعها من ثلاث سلاميات عدا :

الاختيارات:
A. الإبهام.
B. البنصر.
C. الوسطى.
D. الخنصر.",A,A
428,"تفرز الخلايا الجدارية كل مما يأتي ما عدا :

الاختيارات:
A. حمض كلور الماء
B. بعض الكهارل
C. هيستامين
D. عامل معدي داخلي",D,C
429,"كل ما يلي صحيح عن pericytes ما عدا:

الاختيارات:
A. تساعد على تقلُّص الشعيرات.
B. تعوِّض وترمِّم الأنسجة المتأذية
C. تنقسم وتكوِّن أوعية دموية جديدة باستمرار.
D. تحيط جزئي ا بالخلايا البطانية.",C,C
430,"ظهارية نفير فالوب.

الاختيارات:
A. simple columnar epithelium
B. stratified squamous epithelium (keratinized)
C. simple squamous epithelium
D. pseudostratified ciliated columnar epithelium
E. كل ما أعلاه خطأ.",D,A
431,"من صفات كرة العين ما عدا:

الاختيارات:
A. تُسمى المقلة
B. قطرها 2.4 سم
C. تشغل نصف الحجاج
D. تتألف من 3 غلالات",C,C
432,"يحوي الوجه السفلي لصخري للعظم الصدغى ما يلي عدا :

الاختيارات:
A. المسم السمعي الباطن.
B. الثقبة الخارجية للنفق السباتي.
C. الناتئ الابري.
D. الحفرة الوداجية .",B,A
433,". كل مايلي صحيح عن القضيب ماعدا

الاختيارات:
A. يعطي الجسم الكهفي في الامام الحشفة
B. يتركب جسم القضيب من ثلاث اسطوانات من النسيج الناعظ
C. القلفة هي طية جلدية تشبه القلنسوة تغطي الحشفة
D. تقع بصلة القضيب على الخط الناصف",D,A
434,"الخاطئ عن البنكرياس

الاختيارات:
A. تفرز خلايا الفا هرمون الغلوكاغون
B. تفرز الخلايا بيتا هرمون الانسولين
C. تفرز الخلايا دلتا هرمون الغلوكاغون
D. B,a صحيح",D,C
435,"عضلات جدار البطن الخلفي عدا:

الاختيارات:
A. المنحرفة الباطنة
B. القطنية
C. الحرقفية
D. الرابعة القطنية",C,A
436,"كل ما يأتي من الهرمونات المتحكمة بنمو الاشعار في فروة الراس والوجه ماعدا:

الاختيارات:
A. هرمونات الغدة الدرقية
B. هرمونات الغدة النخامية
C. الهرمونات الجنسية.
D. هرمونات غدة الكظر.",B,B
437,"العصب الناصف في العضد: (2007 أولى)

الاختيارات:
A. ينشأ من الحبل الخلفي للضفيرة العضدية .
B. يمتد خلف الشريان الإبطي .
C. يمتد بالأعلى وحشي الشريان العضدي .
D. يعطي فروعا للعضلة العضدية .",C,C
438,"عدد شدف النخاع الشوكي :

الاختيارات:
A. 31
B. 31 شفعا
C. 12
D. 15",A,A
439,"يسير في المنصف العلوي خلف القص مباشرة:

الاختيارات:
A. القوس الأبهرية.
B. الوريد العضدي الراسي الأيسر.
C. الشريان السباني الأصلي الأيسر.
D. الرغامي.
E. العصب الحجابي الأيسر.",C,B
440,"يشمل وتر أشيل وتر العضلة:

الاختيارات:
A. التوأمية الساقية
B. النعلية
C. ثنائية الرؤوس الفخذية
D. A + B",D,D
441,". خطأ حول الحجاب الحاجز:

الاختيارات:
A. له قسيم عضلي ينشأ من القص والاضلاع السفلية والفقرات القطنية
B. لها قسم وتري محيطي
C. من اهم عضلات التنفس
D. يعصبه العصب الحجابي",D,B
442,"ما يلي من طبقات جدار الصفن ماعدا:

الاختيارات:
A. لفافة كولس
B. اللفافة المنوية الداخلية
C. الغلاف البيضاء
D. اللفافة المنوية الخارجية",C,C
443,"- التشريح الناحي يعتمد على:

الاختيارات:
A. التشريح الوصفي
B. التشريح السريري
C. التشريح التقني
D. التشريح الجهازي",A,A
444,"العضلة الموسعة المسؤولة عن فتح الحنجرة :

الاختيارات:
A. الحلقية الطرجهالية الوحشية
B. الحلقية الطرجهالية الخلفية
C. الطرجهالية المستعرضة
D. الطرجهالية المائلة",C,B
445,"تشاهد دسامات كيركرينغ في

الاختيارات:
A. الصائم
B. العفج
C. الدقاق.
D. كل ما سبق صحيح",D,D
446,". اختر الاجابة الخاطئة المتعلقة بالخصية:

الاختيارات:
A. توجد الزائدة الخصوية على القطب السفلي
B. يحيط بها محفظة ليفية
C. تتركب من فصيصات فيها نبيبات منوية
D. تدعى tests",D,A
447,"القسم العلوي المتسع من الحالب بدعى

الاختيارات:
A. الحويضة
B. النفرون
C. القشر
D. اللب",A,A
448,"تحوي الطبقة النووية الداخلية للشبكية العصبية أنوية :

الاختيارات:
A. خلايا العصي
B. خلايا المخاريط.
C. الخلايا عديمة التغصنات
D. كل من a و .b",D,C
449,"يوجد في لنهايه العلويه لعظم الفخذي :

الاختيارات:
A. المدور الكبير.
B. المدور الصغير.
C. العرف بين المدورين.
D. كل ما سبق صحيح.",D,D
450,"ما يلي صحيح بالنسبة للصفيحات ماعدا:

الاختيارات:
A. لها دور في تخثر الدم
B. أكبر من الكريات الحمر
C. زيادتها تسبب خثرات
D. نقصها يسبب نزوف",A,B
451,"كل ما يلي من عظام الصف العلوي أو الداني للرسغ عدا:

الاختيارات:
A. المربعي.
B. الهلالي.
C. الحمصي.
D. الزورقي.",B,A
452,"في المفاصل ( اتحاد العظام ) (الخاطئة):

الاختيارات:
A. المفصل الزليلي .Synostosis
B. المفاصل بالإغريقية .Arthron
C. التهاب المفاصل. Arthritis
D. المفاصل باللاتينية .Articulates",C,A
453,"اختر العبارة الخاطئة بالنسبة للشعيرات الدموية:

الاختيارات:
A. قطرها (7 ل 9) ميكرون.
B. طولها لا يتجاوز 50 ميكرون.
C. جدرانها في المقطع العرضي مؤلفة من أجزاء 3ل5 خاليا.
D. مجموع اطوالها حوالي 96000 كم.",B,C
454,"يصبح الشريان الإبطي عضدياً بعد تجاوزه وتر

الاختيارات:
A. ذات الرأس
B. المدورة الكبيرة
C. المدورة الصغيرة
D. ثلاثية الرؤوس",D,B
455,"أفضل عبارة تصف الشدفة القصبية الرئوية هي:

الاختيارات:
A. تتوضع الشجرة القصبية والوريد الرئوي مركزياً.
B. يتوزع الشريان الرئوي والوريد الرئوي مركزياً.
C. يتوزع الشريان الرئوي والوريد الرئوي محيطياً.
D. تتزود الشدفة بقصيبة انتهائية.
E. ولا واحدة مما علا.",C,E
456,"ما يلي صح في الجناحين الصغيرين للوتدي ما عدا:

الاختيارات:
A. يوجد فيهما النفق البصري
B. الحافة الأمامية مسننة للتمفصل مع العظم الغربالي
C. صفيحة أفقية مثلثة
D. وجهه السفلي حجاجي",B,B
457,") تتواجد continuous capillaries في كل من النسج التالية ما عدا :

الاختيارات:
A. Muscular Tissue
B. Connective Tissue
C. Endocrine Glands
D. Nervous Tissue",D,C
458,"من صفات الخلايا البطانية في الحاجز الهوائي الدموي :

الاختيارات:
A. قليلة الثخانة بشكل كبير
B. من النوع المستمر.
C. تتميز هيولاها في الأجزاء المسطحة بوجود العديد من الحويصلات الاحتسائية.
D. كل ما سبق صحيح",D,D
459,"فروع الأبهر النازل الصدري ماعدا: -

الاختيارات:
A. الشرايين الوربية الخلفية
B. الشريان تحت الضلعي
C. الجذع الزلاقي
D. الفروع القصبية والتامورية والنخاعية",D,C
460,". الفتحة العميقة الواقعة امام ووحشي واسفل جوف الانف هي

الاختيارات:
A. Aperture piriform
B. Cgoana
C. Nartina
D. Nasal septum",A,A
461,"كل مايلي صحيح عن التهاب البوق عدا:

الاختيارات:
A. salpingitis هو.
B. الأضرار المخاطية تؤدي إلى العقم(Infertility)اوالحمل خارج الرحم (octopi).
C. ال تؤدي إلى الموت في حال حدوث الحمل البوقي.
D. اسمه الاخر salpinges.",D,C
462,"نقطة التعظم البدئية في لوح الكتف توجد في :

الاختيارات:
A. الحفرة تحت الكتف
B. الحفرة تحت الشوك
C. الحفرة فوق الكتف
D. الحفرة فوق الشوك",B,B
463,"يستمر الشريان تحت الترقوة بالشريان:

الاختيارات:
A. الابطي
B. المأبضي
C. العضدي
D. القاعدي",B,A
464,"اختار الجواب الصحيح اذا كان هناك جوابا صحيحا واحدا فقط أو اختر الجواب الأكثر شمولا وتكاملا اذا كان هناك أكثر من جواب صحيح

الاختيارات:
A. يتكون الحاجز الدماغي الدموي من الخلية البطانية وغشائها القاعدى
B. زائدا الخلية الدبقية
C. زائدا الخلية الدبقية وغشائها القاعدي
D. ن الخلية الدبقية وغشائها القاعدي فقط
E. من الخلية البطانية والدبقية فقط",C,B
465,"النسيج الضام تحت الظهاري في الشفاه:

الاختيارات:
A. نسيج ضام كثيف غير منتظم كولاجيني
B. نسيج ضام كثيف منتظم كولاجيني
C. يحوي غدد ذات غالبية لعابية وأقلية مخاطية
D. يحوي غدد مخاطية فقط.",A,A
466,"يؤدي تفعيل الجملة نظيرة الودية لما يلي عدا :

الاختيارات:
A. تضيق الحدقة
B. توسع القصبات
C. تباطؤ القلب
D. تباطؤ التنفس",B,B
467,"العضلات الماضغة تشمل:

الاختيارات:
A. الجناحية الانسية
B. الجناحية الوحشية
C. الصدغية والماضغة
D. كل ما سبق",D,D
468,"الشعور بالنبض عند الحافة السفلية للفك السفلي أمام العضلة الماضفة للشريان: (2015 أولى)

الاختيارات:
A. اللساني .
B. الوجهي.
C. الوجهي المعترض.
D. الفكي .
E. الصدغي السطحي.",D,B
469,". التضيق الثاني للحالب

الاختيارات:
A. عند اتصاله بالحويضة
B. عندما يثقب جدار المثانة
C. عند عبوره الشريان الحرقفي المشترك
D. كل ماسبق خطأ",A,C
470,"يشبه بشكله خاتمًا ذا فص كبير:

الاختيارات:
A. الحلقي
B. الطرجهالي
C. الدرقي
D. القريني",A,A
471,"من جدران الفم ما عدا:

الاختيارات:
A. برزخ الحلق
B. الشدقان
C. الحنك
D. الشفتان",B,A
472,"كل ما يلي من هرمونات النخامي الخلفية عدا :

الاختيارات:
A. PRL
B. الفازوبريسين
C. الأوكسيتوسين
D. ADH",A,A
473,"تصرف البنى التالية على العقد اللمفية الرقبية السطحية عدا:

الاختيارات:
A. المنطقة القذالية.
B. الأسنان واللثة.
C. الأذن الظاهرة.
D. الغدة النكفية.
E. الجبهة.",D,E
474,"يمتاز بان ال matrix فيه مطاطية القوام

الاختيارات:
A. Adipose tissue
B. Cartilage
C. Bone
D. Fibrous connective tissue
E. Cartilage + bone",B,B
475,"طول حنجرة الرجل:

الاختيارات:
A. 4.5 سم
B. 6 سم
C. 3سم
D. 9سم",B,A
476,"من ميزات الفقرات العصعصية ماعدا :

الاختيارات:
A. تحوي الأولى قرني العصعص
B. الأولي لها بعض خصائص الفقرات
C. عددها 7
D. تلتحم مع بعضها لدى المسنين",D,C
477,"تقوم ال Fibroblasts بتصنيع:

الاختيارات:
A. بروتين الكولاجين.
B. بروتين الإيلاستين.
C. Glycoproteins
D. كل ما سبق صح
E. كل ما سبق خطأ .",D,D
478,"اجسام الخلايا للالياف الحاسيه الناقله للذوق من الثلثين الاماميين للسان توضع فى

الاختيارات:
A. العقدة الجناحية الحنكية
B. االعقدة الاذينيه
C. عقدة ثلاثى التوائم
D. العقدة تحت الفك
E. ولا واحدة مما علا",C,E
479,"الخيار المناسب للبنى التالية Corpus Albicans :

الاختيارات:
A. Lung
B. Small intestine
C. Ovary
D. Liver
E. كل ما سبق خطأ",C,C
480,"أاي الفقرات الصدرية التي ليس لها وجيهات مفصلية على النواتئ المستعرضة :

الاختيارات:
A. و 8 7
B. 11 و 12 .
C. 9 و 10
D. 3 و 4.",B,B
481,"عمل العضلات العرقوبية :

الاختيارات:
A. قبض الساق على الفخذ
B. بسط الفخذ على الحوض
C. قبض الفخذ على الحوض
D. A+B",D,D
482,"تشمل عضلات أرضية الحوض ما عدا:

الاختيارات:
A. الكمثرية
B. السدادية الظاهرة
C. رافعة الشرج
D. العصعصية",B,B
483,"الشريان المخي الخلفي فرع:

الاختيارات:
A. القاعدي
B. السباتي الظاهر
C. الفقري
D. السباتي الباطن",C,A
484,"تفرز الخلايا العينية في البنكرياس:

الاختيارات:
A. insulin
B. glucagon
C. lipase
D. somatostatine",B,C
485,"تنتج الوذمة edema في الحالات الالتهابية عن:

الاختيارات:
A. ارتفاع الضغط الحلولي في النهاية الوريدية.
B. ارتفاع الضغط المائي السكوني في النهاية الوريدية.
C. انخفاض الضغط الرشحي في النهاية الوريدية.
D. ارتفاع الضغط المائي السكوني في النهاية الشريانية.",B,B
486,"يحوي الجيب العجاني السطحي الذكري كل مما يلي عدا:

الاختيارات:
A. الغدد البصلية الإحليلية.
B. ساقا القضيب.
C. بصلة القصيب.
D. الجسم العجاني.
E. الإحليل القضيبي.",B,A
487,"مايلي صحيحي عن الحؤول الحرشفي : عدا squamous metaplasia

الاختيارات:
A. هو تحول الظهارة التنفسية إلى بسيطة حرشفية
B. يسبقه انعدام في حركة اهداب خلايا الظهارة
C. يتبعه تشكل نسيج ما قبل سرطاني.
D. هو تحول الظهارة التنفسية إلى مطبقة حرشفية",D,D
488,"لا نجد غدد عرقية في :

الاختيارات:
A. الشقة
B. حشفة القضيب
C. الابط
D. A+B",C,D
489,"إن أكثر البروتينات وفرة في الجسم هو الكولاجين ويشكل

الاختيارات:
A. %10 من الوزن الجاف للجسم.
B. %30 من الوزن الجاف للجسم
C. 50% من الوزن الجاف للجسم.
D. %70 من الوزن الجاف للجسم
E. %80 من الوزن الجاف للجسم.",B,B
490,". يوجد الخط الاليوي الامامي على

الاختيارات:
A. Ischium
B. Pupis
C. Ilium
D. Sacrum",C,C
491,"مفصل الركبة (الخاطئة):

الاختيارات:
A. لا يشارك عظم الشظية في هذا المفصل.
B. تغيب المحفظة المفصلية في الخلف.
C. يقوم هلالا مفصل الركبة بتعميق السطوح المفصلية للقمتي الظنبوب.
D. يرتكز الغشاء الزليل على حافتي الغضروفين الهلاليين.",C,B
492,"في المعدة في منطقة ال Cardia تقوم الغدد بشكل أساسي بافراز

الاختيارات:
A. Mucus
B. Lysozme
C. Pepsin and Lipase
D. Mucus and Lysozyme",A,D
493,"تمخلب أصابع اليد:

الاختيارات:
A. يشمل الأصابع الأربعة الأنسية
B. يحدث فرط بسط للمفاصل بين السلامية
C. يحدث عجز فى تقريب الابهام
D. يحدث عجز حركى فقط فى اليد",A,C
494,"كل ما يلي من صفات الحالب

الاختيارات:
A. نهايته العلوية تشكل الحويضة
B. عضو داخل البريتوان
C. فيه ثلاثة تضيقات
D. طوله 25 سم",A,B
495,"أكبر أعضاء الجسم وزناً ومساحة :

الاختيارات:
A. الكبد
B. الجلد
C. المعي الدقيق
D. الكولون",B,B
496,"اختر الإجابة الصحيحة :

الاختيارات:
A. مرض عمى الألوان يصيب المخاريط.
B. القطعة الخارجية للمخاريط تكون أقصر من القطعة الخارجية للعصي.
C. يحدث توسف الأقراص الغشائية بتكرار أقل في المخاريط منه في العصي.
D. كل ما سبق صحيح.",D,D
497,"لا يوجد فيه Perichondrium إطلاقا في كل توضعاته

الاختيارات:
A. Hyalin cartilage
B. Elastic cartilage
C. fubrocartilage
D. كل ما سبق صحيح
E. كل ما سبق خطأ.",E,C
498,"تدعم أحشاء الحوض بشكل أساسي:

الاختيارات:
A. العضلة الكمثرية.
B. العضلة الرافعة للشرج.
C. العضلة السدادية الباطنة.
D. العضلة العصعصية.
E. كل ما سبق خاطئ.",C,A
499,"يشكل نصفي الكرة المخية مع الدماغ البيني:

الاختيارات:
A. المخ
B. الدماغ
C. المخيخ
D. جذع الدماغ",D,A
500,"يسير ضمن مسم السمع الباطن:

الاختيارات:
A. العصب السابع
B. العصب الثامن
C. العصب التاسع
D. A+B",B,D
501,"اختر العبارة الخاطئة بالنسبة للشعيرات الدموية:

الاختيارات:
A. قطرها (7 ل 9) ميكرون.
B. طولها لا يتجاوز 50 ميكرون.
C. جدرانها في المقطع العرضي مؤلفة من أجزاء 3ل5 خاليا.
D. مجموع اطوالها حوالي 96000 كم.",B,C
502,". ليست من العضلات الامامية للساق:

الاختيارات:
A. Anterior tibialis
B. Gracilis
C. Extensor digitorum longus
D. Extensor halluces longus",A,B
503,". الاجابة الصحيحة المتعلقة بالعرف الوتدي

الاختيارات:
A. يتمفصل مع الصفيحة العمودية للعظم الغربالي
B. يسهم في تشكيل سقف الانف
C. يشكل مسكن الغدة النخامية
D. يقع على جانبيه ثقينا النفق البصري",D,A
504,"من الفؤاد إلى البواب الحافة اليسرى للمعدة:

الاختيارات:
A. الانحناء الصغير
B. الثرب الصغير
C. الانحناء الكبير
D. الجسم",C,C
505,". الخاطئ عن المعثكلة

الاختيارات:
A. تقع امام المعدة
B. غدة داخلية وخارجية الافراز
C. ذات قوام متين
D. تفرز الاميلاز",A,A
506,"اختر الإجابة الخاطئة:

الاختيارات:
A. قاعدة القلب في الأعلى والخلف
B. الأنينة اليسرى ذات توضع أفقي
C. تتشكل بشكل رئيسي من البطين الأيسر
D. الأذينة اليمنى ذات طابع عمودي",B,C
507,"العمود الفقري (الخاطئة) (مكرر):

الاختيارات:
A. يحوي الوجه الأمامي للعجز خمسة أزواج من الثقوب العجزية الأمامية.
B. النتوءات المستعرضة نامية في الفقرات الصدرية.
C. النواتئ الشوكية في الفقرات القطنية قصيرة ومستوية ومنحنية في نهايتها.
D. النواتئ الشوكية في الفقرات الرقبية قصيرة ومتشعبة في نهايتها.",A,A
508,"مايلي صحيح عن مخاطية البوق عدا:

الاختيارات:
A. تبطن بظهارة بسيطة اسطوانية.
B. خلايا الظهارة المهدبة تضرب أهدابها باتجاه المبيض.
C. خلايا الظهارة المفرزة غير مهدبة.
D. الخاليا الوتدية cells peg تفرز غليكوبروتينات.",B,B
509,"ينشأ الشريان الشوكي الأمامي من :

الاختيارات:
A. الفقري
B. القاعدي
C. السباتي الباطن
D. مسبع ويليس",D,A
510,"شكل المثانة القارعة :

الاختيارات:
A. هرمي
B. مثلثي
C. مربع
D. بيضوي",B,B
511,". يقع الثرب الصغير بين:

الاختيارات:
A. المعدة والكبد
B. الكبد والطحال
C. المعدة والطحال
D. المعدة والقولون المستعرض",B,A
512,"تدخل الياف الكولاجين في بناء

الاختيارات:
A. Tendons
B. محافظ الأعضاء
C. السحايا.
D. كل ما سبق صح
E. كل ما سبق خطأ .",D,D
513,"أي من العناصر الآتية لا يشارك بتشكيل الحفرة القحفية الوسطي:

الاختيارات:
A. جسم العظم الوتدي.
B. ناتئ عرف الديك.
C. الوجه الأمامي لصخرة العظم الصدغي.
D. القسم الصدفي للعظم الصدغي.",B,B
514,"العضلة العريضة الظهرية: (2018)

الاختيارات:
A. ترتكز أنسي أخدود ذات الرأسين.
B. تعمل على تقريب الذراع.
C. تدير الذراع نحو الوحشي.
D. تعصب من الصدري الطويل.",B,B
515,"اختر الإجابة الصحيحة فيما يتعلق بالحنجرة:

الاختيارات:
A. تدعم جدرانها بغضاريف مرنة صغيرة وغضاريف زجاجية.
B. لغضاريفها دور في انتاج الصوت
C. تعد ممرا للهواء بطول 7cm
D. A+B",D,D
516,"تحوي كل كلية على :

الاختيارات:
A. قشرة خارجية
B. لبا داخليا
C. أهرام كلوية
D. كل ما سبق صحيح",D,D
517,"في الخلايا العضلية الهيكلية :

الاختيارات:
A. الخلية العضلية الهيكلية تملك نواة واحدة محيطية التوضع
B. يتراوح قطر الخلية من 10-1 ميكرون
C. ترد إلى الخلايا العضلية الهيكلية ألياف عصبية من الجملة الذاتية autonomic فقط
D. كل ما سبق صحيح
E. كل ما سبق خطأ",A,E
518,"من عظام القدم ( اختر الخاطئة ) :

الاختيارات:
A. عظام رسغ القدم
B. مشط القدم
C. سلاميات الأصابع
D. القعب",B,A
519,"ما يلي من عظام الرسغ عدا:

الاختيارات:
A. الزورقي
B. النردي
C. القاربي
D. الحمصي",C,B
520,"تقع صفيحة الأكيمات في :

الاختيارات:
A. الدماغ المتوسط .
B. البصلة.
C. المخيخ.
D. الجسر.",C,A
521,". عضلات تتجه اليافها للاسفل والانسي

الاختيارات:
A. مستعرضة بطنية
B. مائلة خارجية
C. مائلة داخلية
D. مشمرة",C,B
522,"يؤثر Triiodothyronine على استقلاب كل يلي ما عدا:

الاختيارات:
A. البروتينات
B. النشاء
C. الكالسيوم
D. الدسم",B,C
523,"التلفيف خلف المركزي يحوي باحة:

الاختيارات:
A. الحس الجسدي الأولية
B. الحركة الأولية
C. الحس الثانوي
D. السمع",C,A
524,"الألياف التي تربط المراكز القشرية بالمحيط تدعى :

الاختيارات:
A. إسقاطية
B. ترابطية
C. مشاركة
D. صوارية",B,A
525,"المفصل الحلقي الطرجهالي من المفاصل :

الاختيارات:
A. الليفي
B. الزليلي
C. الزجاجي
D. المرن",C,B
526,"العقدة اللمفاوية المصرفة لقاع الفم.

الاختيارات:
A. العقد القذالية
B. العقد خلف الصيوان (الخشائية)
C. العقد أمام الصيوان (النكفية)
D. العقد تحت الفك السفلي
E. لا مجموعة مما سبق",C,C
527,"العصب الحركي للعضلات الماضغة:

الاختيارات:
A. الأول
B. الخامس
C. الثالث
D. السابع",C,B
528,"المنطقة الحاوية على Cementoblast :

الاختيارات:
A. الملاط الخلوي
B. الملاط اللاخلوي
C. كل من a و .b
D. ليس أيا مما سبق.",B,C
529,"تواجد الغدد العرقية ذات النمط القمي في :

الاختيارات:
A. الإبط.
B. الهالة.
C. حشفة القضيب و البظر.
D. a+b",D,D
530,"كل مما يلي صحيح عن الدسامات عدا :

الاختيارات:
A. تنشآن من الطبقة الداخلية.
B. تتألف من خلايا عضلية ملساء.
C. مبطنة بخلايا بطانية.
D. أكثر وفرة في الأطراف السفلية.",D,B
531,"فيما يخص العصب الزندي كل مما يلي صحيح ماعدا:

الاختيارات:
A. ينشأ من الحبل الأنسي للضفيرة العضدية
B. يدخل الساعد بين رأسي الكابة المدورة
C. يخترق الحاجز الأنسي للعضد برفقة الشريان الجانبي الزندي العلوي
D. يكون وحشي وتر قابضة الرسغ الزندية عند المعصم
E. يعصب العضلة قابضة الرسغ الزندية",A,B
532,"من الامثلة على العظام المسطحة:

الاختيارات:
A. عظام القحف.
B. الرضفة.
C. الفقرات.
D. العظام السمسمانية.",B,A
533,"اختر الإجابة الخاطئة حول efferents ductuli

الاختيارات:
A. تتألف من 20-10 قناة .
B. تبطن بظهارة مؤلفة من خلايا مكعبة غير مهدبة .
C. تفرغ محتوياتها في الشبكة الخصيوية .
D. تتوضع حولها خاليا عضلية ملساء بشكل دائري .",A,C
534,"أهمية الحصين :

الاختيارات:
A. استرجاع الذكريات القديمة.
B. يخزن الذكريات العاطفية.
C. تحويل الذاكرة لطويلة الأمد.
D. تفعيل آلية النسيان.",B,C
535,"عدد فصيصات الخصية:

الاختيارات:
A. 250
B. 25
C. 20
D. 15",C,A
536,"في نقي العظم:

الاختيارات:
A. تحدث زيادة المعتدلات اثناء الانتائات الجرثومية بسبب زيادة انتاجها في النقي
B. مع نضج الخلايا اللمفاوية يصبح الكروماتين اقل كثافة وتظهر الذويات بوضوح
C. تنضج اللمفاويات البانية في الغدة الصعتربة thymus gland
D. الاجابتان A+C",D,A
537,"يمر من النفق البصري:

الاختيارات:
A. الشريان العيني
B. العصب البصري
C. العصب العيني
D. A + B",D,D
538,"(2018) SUBCLAVIS

الاختيارات:
A. هي قوس شريانية حول الكتف.
B. هو رباط تحت الترقوة.
C. هي عضلة.
D. من عظام زنار الكتف.",B,C
539,"يقع السبيل القشري الشوكي في :

الاختيارات:
A. الدماغ المتوسط .
B. البصلة.
C. المخيخ.
D. الجسر.",C,A
540,"- من التقنيات المستعملة في التشريح التقني:

الاختيارات:
A. الإصغاء
B. بزل الأجواف والأحشاء
C. الحقن ضمن المفاصل
D. تثبيت الرغامى",B,A
541,"الرباط المتصالب الركبي (2007 أولى):

الاختيارات:
A. ينشأ الخلفي من اللقمة الوحشية للفخذ
B. ينشأ الأمامي من اللقمة الأنسية
C. تحيط به المحفظة المفصلية من جميع جوانبه
D. يحد من الحركة الدورانية نحو الداخل",B,D
542,"العضلة الأخمعية الخلفية ترتكز على:

الاختيارات:
A. الضلع الثاني.
B. الحدبة الأخمعية.
C. لوح الكتف.
D. الترقوة.",B,A
543,"في حالة الـ Osteopetrosis

الاختيارات:
A. العظام كثيفة وثقيلة.
B. هناك تراجع في ) Bone resorption ارتشاف العظم(
C. هناك هشاشية في العظام.
D. الأول والثاني
E. كل ما سبق صبح",D,D
544,"الصحيح عن الاعصاب القحفية :

الاختيارات:
A. عددها الكلي في الجانبين هو 12 فقط
B. العصب من 5 الى 12 له علاقة مباشرة مع جذع الدماغ
C. تعصب الرأس والعنق
D. العصب 1 و 2 له علاقة مباشرة مع المخ",C,A
545,"سطحين محدب ومقعر كل منهما جزء من كرة في المفصل:

الاختيارات:
A. سرجي saddle
B. كروي ball and socket
C. لقمي condyloid
D. صانري pivot",C,B
546,"في القسيم العضلي :

الاختيارات:
A. الخط ح هو منطقة تقارب خيوط الميورين لقسيمين متجاورين المعنى
B. الشريط I يمثل خيوط الميوزين الذكية
C. الشريط H يمثل خيوط الأكتين فقط عندما لا تتداخل مع خيوط الميوسين
D. كل ما سبق صحيح
E. كل ما سبق خطأ",D,E
547,"مايلي صحيح بالنسبة للنسيج العضلي القلبي:

الاختيارات:
A. الاقراص المقسمة هي عبارة عن معقدات وصلية
B. الخلية العضلية القلبية لا تحتوي على قسيمات Sarcomeres
C. مصدر الطاقة في الخلية العضلية القلبية هو الغليكوجين
D. B+C
E. كل ماسبق صحيح",E,A
548,"يتوضع الثلم المهمازي على الوجه :

الاختيارات:
A. الأنسي
B. الوحشي
C. السفلي
D. لا شيء مما سبق",B,A
549,"يؤدي تفعيل الجملة نظيرة الودية لما يلي عدا:

الاختيارات:
A. انتصاب
B. ارتخاء مصرات
C. قذف
D. زيادة مفرزات",B,C
550,"من صفات الأجسام الصفائحية:

الاختيارات:
A. تعتبر علامة للخلايا التنفسية من النمط الأول.
B. حبيبات بقطر 400 - 100 ميكرومتر محاطة بغشاء
C. تعتبر علامة للخلايا التنفسية من النمط الثاني.
D. A+C",D,C
551,"القسيم العضلي ( sarcomere ) هو المنطقة بين :

الاختيارات:
A. الشريطين-I-
B. الشريطين -Z-
C. الشريطين -A-
D. الخطين -Z-
E. كل ما سبق خطأ.",B,D
552,"عندما تخترق الشرينات النسيج الضام لمحفظة الكبيبة فإنه :

الاختيارات:
A. تصبح اللمعة ضيقة.
B. تصبح اللمعة واسعة.
C. لا تتأثر اللمعة.
D. تختفي الطبقة العضلية.",B,A
553,"العبارة الخاطئة عن السحب الحلولي:

الاختيارات:
A. 15mmHg
B. يحصل في النهاية الوريدية للشعيرة.
C. هو المسؤول الوحيد عن إعادة السوائل للأوعية الدموية
D. يسعى لسحب السوائل من النسج نحو الدموية",C,C
554,"له شكل حرف L ، له جسم وفرع:

الاختيارات:
A. الحرقفة
B. الاسك
C. العانة
D. الورك",B,B
555,"ينشأ الكعب الانسي من:

الاختيارات:
A. الحرقفة
B. الحرقفة والاسك
C. الحرقفة والاسك والعانة
D. لا شئ مما سبق",B,D
556,"تنتج الخلايا المجاورة للجريبات في الدرق:

الاختيارات:
A. T3
B. T4
C. كاليستونين
D. باراثرمون",D,C
557,"بعد مغادرتها الدوران تتحول الوحيدات Monocytes الى:

الاختيارات:
A. بالعات
B. لمفاويات
C. الوحيدات لا تغادر الدوران
D. خلايا بديئة
E. ارومات ليفية",A,A
558,"العظم اللامي (الخاطئة) :

الاختيارات:
A. عظم مفرد .
B. يقع في العنق .
C. له شكل حرف s.
D. مستقل عن بقية العظام.",B,C
559,"يحوي الوجه الأمامي الوحشي للفك العلوي ماعدا:

الاختيارات:
A. الثقبة فوق الحجاج
B. الحدبة النابية
C. الثقبة تحت الحجاج
D. الحفرة النابية",C,A
560,"كل ما هو ات في بنية الشفاه خاطئ ما عدا :

الاختيارات:
A. نميز قسم جندي خارجي وقسم داخلي مخاطي فقط
B. غياب القميص تحت المخاطي
C. يوجد فيها عضلات مخططة مستديرة
D. يلاحظ نمو العضلية المخاطية في القسم المخاطي",D,C
561,"كل ما يلي من فروع الشريان الحرقفي الداخلي عدا :

الاختيارات:
A. الشريان القولوني الأيسر
B. الشريان المثاني الخلفي
C. الشريان العجاني
D. الشريان السري",C,A
562,"ينتهي الشريان الوجهي بالشريان:

الاختيارات:
A. الفكي
B. الوتدي الحنكي
C. الزاوي
D. الأنفي",A,C
563,"تمتد من قاعدة كل هرم لبي وتخترق القشر :

الاختيارات:
A. Medullary piramids
B. Medullary rays
C. Renal Pelvis
D. No correct answer",B,B
564,"كل الأعصاب القحفية لها نوى عدا :

الاختيارات:
A. الأولى
B. الثانية
C. الثالثة
D. A+B",D,D
565,"يتوضع الثلم المهمازي على الوجه:

الاختيارات:
A. الانسي
B. الوحشي
C. السفلي
D. لا شيء مما سبق",B,A
566,"خلايا سيرتولي

الاختيارات:
A. تشكل حاجز دموي خصيوي
B. تفرز بروتين رابط للأندروجين
C. بلعمة بقيا عمليات تكون النطاف
D. A+B
E. كل ما سبق صحيح",E,E
567,". العصب القحفي الذي يحمل التعصيب نظير الودي للقلب

الاختيارات:
A. 8
B. 9
C. 10
D. 11",C,C
568,"avascular tissue

الاختيارات:
A. Adipose tissue
B. Cartilage
C. Bone
D. Fibrous connective tissue
E. Cartilage + bone",B,B
569,"يمر العصب تحت اللساني في الناحية تحت الفك عميقا من العضلة: (2014ثانية)

الاختيارات:
A. الذقنية اللسانية .
B. البطن الأمامي لذات البطنين.
C. فرسية لامية.
D. إبرية لسانية.
E. لامية لسانية.",D,E
570,"تحت أي قسم من أقسام التشريح يندرج التنبيب الرغامي:

الاختيارات:
A. التشريح الجهازي.
B. التشريح التاجي.
C. التشريح التقني .
D. التشريح الوظيفي.",B,C
571,"من المفاصل المسطحة:

الاختيارات:
A. المفصل الترقوي القصي الضلعي.
B. المفصل الأخرمي الترقوي.
C. مفصل الكتف.
D. تمفصل العضد مع الزند.",B,B
572,"يتشكل مفصل الركبة من:

الاختيارات:
A. المفصل بين عظمي الفخذ والظنبوب والمفصل بين عظمي الفخذ والرضفة.
B. المفصل بين عظمي الفخذ والظنبوب والمفصل بين عظمي الفخذ والرضفة والمفصل بين عظمي الظنبوب والشظية.
C. المفصل بين عظمي الفخذ والشظية والمفصل بين عظمي الفخذ والرضفة.
D. المفصل بين عظمي الفخذ والشظية والمفصل بين عظمي الشظية والظنبوب.",B,A
573,"حركة خاصة بالساعد

الاختيارات:
A. الكب
B. العودة
C. المقابلة
D. الشتر",B,A
574,"تتصف تروية المعدة بما يلي ما عدا:

الاختيارات:
A. التروية الشريانية تأتي من فروع الجذع الذلاقي.
B. الشريان المعدي الخلفي فرع ثابت من الشريان الطحالي.
C. الشريان المعدي الأيمن يروي القسم السفلي المعدة.
D. الشرايين المعدية القصيرة تروي القاع.
E. يصب العود الوريدي بشكل أساسي في وريد الباب.",C,B
575,"تشكل الأعصاب الشوكية من القطنية الأولى حتى القطنية الرابعة:

الاختيارات:
A. الضفيرة العجزية.
B. LUMBAR PLEXUS .
C. الضفيرة العصعصية.
D. CECRVICAL PLEXUS .",B,B
576,"القسم الأمامي للثلم الأمامي الخلفي الأيسر للكبد يحوي

الاختيارات:
A. تلم الرباط المدور
B. تلم الرباط الوريدي
C. تلم الأجوف السفلي
D. ثلم المرارة",B,B
577,"عظم الورك (الخاطئة) (مكرر):

الاختيارات:
A. توجد الثلمة الوركية الكبيرة الى الأعلى والخلف من الحق.
B. تتبارز شوكة الإسك بين الثلمتين الوركيتين الكبيرة والصغيرة.
C. تمفصل الفرعين العلويين لعظمي العانة في الأمام عبر ارتفاق العانة.
D. للإسك جسم وشعبتان علوية وسفلية.",B,C
578,"كل مما يأتي صحيح عن الشعيرات ما عدا :

الاختيارات:
A. لمعتها منتظمة القطر.
B. قطرها 5 - 30 ميكرون.
C. قطرها 8 ميكرون.
D. يمكن لكرية حمراء واحدة المرور فيها.",C,B
579,"العبارة الخاطئة عن pellucida zona :

الاختيارات:
A. توجد بين الخلية البيضية والطبقة الأولى من الحبيبية.
B. تحوي مستقبلات تفعل الجسيم الطرفي للنطفة.
C. عبارة عن طبقة خالية جريبية محيطة بالخلية البيضية.
D. كل ما سبق صحيح.",C,C
580,"تتحد الصفيحتان السفليتان للشفرين الصغيرين لتشكل :

الاختيارات:
A. لجيم البظر
B. قلفة البظر
C. العريكشة
D. جبل العانة",B,A
581,"Gracilis.

الاختيارات:
A. تعمل دوران وحشي للساق
B. دوران أنسي للساق
C. دوران وحشي للفخذ
D. دوران أنسي للفخذ",B,B
582,"في المثلث البولي التناسلي كل ما يلي عدا:

الاختيارات:
A. الفرج.
B. الشفران الصغيران.
C. الشفران الكبيران.
D. الدهليز.
E. الشرج.",D,E
583,". فيما يخص الحنك كل مما يلي صحيح عدا

الاختيارات:
A. يفصل كليا بين البلعوم الانفي والفموي
B. يشكل الحنك ارضية جوف الانف
C. يفصل كليا بين جوفي الانف والفم
D. يشكل الحنك سقف الفم",A,A
584,"Intramembranous ossification

الاختيارات:
A. يعتبر منشا لمعظم العظام الطويلة.
B. إن النمو الطولي للعظام الطويلة يعتمد عليه.
C. يعتمد عليه نمو العظام القصيرة.
D. كل ما سبق صح
E. كل ما سبق خطا",A,C
585,"وجد على العظم الجداري انطباعات الشريان

الاختيارات:
A. السحائي اللاحق
B. السحائي الأوسط
C. السباتي الباطن
D. الشريان الزاوي",D,A
586,"العصب الحركي للعضلات الماضغة :

الاختيارات:
A. الأول
B. الخامس
C. الثالث
D. السابع",C,B
587,"-يقع الشق الحجاجي السفلي بين :

الاختيارات:
A. الجناح البير والفكي العلوي
B. الجناح الصغير والفكي العلوي
C. الجناحان الكبير والصغير
D. الجناح الكبير والعظم الصدغي",C,A
588,"عضلات طويلة تربط الفقرات مع بعضها :

الاختيارات:
A. عضلات جدار البطن الأمامي
B. عضلات العمود الفقري
C. عضلات الصدر السطحية
D. عضلات الصدر العميقة",B,B
589,"الوريد الذي يجمع الدم من الدماغ والسحايا

الاختيارات:
A. الوداجي الباطن
B. الأجوف السفلي
C. القاعدي
D. الصافن الكبير",C,A
590,"يمر في النفق الرسغي : (2007)

الاختيارات:
A. العصب الناصف.
B. وتر مثنية الإبهام الطويلة.
C. أوتار مثنية الأصابع السطحية.
D. الشريان الزندي.",C,D
591,"العضو المتخصص بتشكيل الصوت والتدخل بالدور في الكلام :

الاختيارات:
A. الفم
B. الحنجرة
C. المريء
D. الأنف",A,B
592,"من عظام الصف القريب لرسغ اليد (الخاطئة) (مكرر):

الاختيارات:
A. القاربي.
B. المنحرفي.
C. الهلالي.
D. المثلثي.",C,B
593,"تلعب البشرة دور ا مهم ا في بعض أنواع الأستجابات المناعية بسبب :-

الاختيارات:
A. احتوائها على الخلايا اللمفاوية وخلايا لانغرهانس.
B. احتوائها على خلايا ميركل.
C. تماسها المباشر مع العديد من الجزيئات المولدة للضد.
D. a+c",D,D
594,"لا يعد من أجزاء النفرون :

الاختيارات:
A. نبيب متعرج قريب
B. الجسيمات الكلوية
C. نبيب متعرج بعيد
D. نبيب مستقيم متوسط",B,B
595,"حركة الركبة للخلف بمستوى سهمي:

الاختيارات:
A. عطف
B. بسط
C. دوران انسي
D. دوران وحشي",D,A
596,"كل ما يلي صحيح عن أمراض الغدة الدرقية ماعدا:

الاختيارات:
A. ينقص حجم الغدة الدرقية في مرض Iodine deficiency goiter
B. داء هاشيموتو أشيع عند الرجال
C. داء غريفز هو مرض مناعي.
D. a+b",D,D
597,"العصب القحفي المتواسط بإفراز الغدد الدمعية واللعابية :

الاختيارات:
A. السابع
B. الخامس
C. الثالث
D. الأول",A,A
598,"- تروية المفصل الصدغي الفكي السفلي من:

الاختيارات:
A. الشريان الصدغي السطحي
B. الشريان الصدغي الأوسط
C. الشريان الوجهي
D. كل ما سبق خطأ",B,A
599,"كل ما يلي عن قاعدة القلب صحيح عدا :

الاختيارات:
A. الأذينة اليسرى يصب عليها الوريدان الأجوفان العلوي والسفلى
B. تتشكل بشكل رئيسي من الأذينة اليسرى
C. تخرج منها جذوع الأوعية الكبيرة
D. تنفتح عليها الأوردة الرئوية",B,A
600,"من الأعضاء التناسلية الظاهرة عند الأنثى كل مما يلي عدا: (هام)

الاختيارات:
A. الشفرين الكبيرين.
B. الشفرين الصغيرين.
C. الدهليز.
D. البظر.
E. المهبل.",D,E
601,"كل ما يلي عن الضلع الأولى صحيح عدا :

الاختيارات:
A. يمر خلف الحديبة الأخمعية الوريد تحت الترقوة.
B. مهمة لعلاقتها المباشرة مع الأعصاب السفلية من الضفيرة العضدية.
C. يوجد على وجهها العلوي في منتصفه الحديبة الأخمعية.
D. لها وجهان علوي وسفلي و حافتان خارجية وداخلية.",C,A
602,"كل ما يلى من عضلات العنق عدا:

الاختيارات:
A. العضلة الماضغة.
B. شبة المنحرفة.
C. عضلات أمام الفقار.
D. القترائية.",A,A
603,"تتوضع الصفيحة الأفقية للعظم الغربالي ضمن:

الاختيارات:
A. الثلمة الغربالية في العظم الوتدي.
B. الثلمة الغربالية في العظم الغربالي.
C. الثلمة الغربالية في العظم الدمعي.
D. الثلمة الغربالية في العظم الجبهي.",B,C
604,"الوجه Palmer يعتبر وجها

الاختيارات:
A. اخمصيا
B. ظهريا
C. راحيا
D. كل ماسبق خاطئ",C,C
605,"فتح النفير البلعومي الطبلي ناتج عن التقلص المتزامن للعضلات:

الاختيارات:
A. رافعة شراع الحنك
B. خافضة شراع الحنك
C. موترة شراع الحنك
D. A+C",D,D
606,"لون لب الكظر :

الاختيارات:
A. بني غامق
B. أبيض
C. مائل للصفرة
D. رمادي",C,A
607,"أقسام البلعوم ما عدا:

الاختيارات:
A. الأنفي
B. الفموي
C. المريني
D. الحنجري",B,C
608,"حدوث ثقب بالثقبة المدورة يمكن أن ينتج عنه شلل في أحد العضلات التالية: (2014 أولى)

الاختيارات:
A. المبوقة.
B. الجناحية الوحشية.
C. القسم القذالي من الجبهية القذالية.
D. الدورية العينية (القسم الحجاجي).
E. لا شئ مما سبق.",B,E
609,"يحتوي الغمد السباتي العناصر الآتية عدا :

الاختيارات:
A. العصب اللاحق
B. الشريان السباتي الداخلي
C. الوريد الوداجي الداخلي
D. الشريان السباتي المشترك",C,A
610,"وجه العظم الجبهي الذي ينتمي للقحف العصبي:

الاختيارات:
A. الخارجى
B. الداخلى
C. الانسي
D. العصبي",D,B
611,"مسبع ويليس :

الاختيارات:
A. تفاغر السباتيين الباطنيين مع القاعدي الناشئ من الفقرين
B. من فروعه : الشريان المخي الأمامي والخلفي والأوسط في كل جانب
C. من الشريان العيني
D. صحيحان D - A + B",D,D
612,"لون لب الكظر:

الاختيارات:
A. بني غامق
B. أبيض
C. مائل للصفرة
D. رمادي",C,A
613,"تتعلق الخواص الصوتية كطبقة الصوت وغيرها ب:

الاختيارات:
A. درجة شد الطيات الصوتية
B. عرض لسان المزمار.
C. طول الحنجرة.
D. a+b",D,C
614,"هرم رباعي على الوجه الأمامي للزند:

الاختيارات:
A. الناتئ الزجي
B. الناتئ المنقاري
C. الناتئ اللقمي
D. لا شئ مما سبق",C,B
615,"تضم المجموعة الخلفية لعضلات الذراع:

الاختيارات:
A. ثلاثية الرؤوس العضدية
B. المرفقية
C. A + B
D. لا شيء مما سبق",C,C
616,"كل ما يلي عن العظم الصدغي صحيح عدا :

الاختيارات:
A. عظم مفرد.
B. ينشأ الناتئ الوجني من القسم الصدفي منه.
C. يحوي القسم الخشاني تلم حفرة ذات البطنين وثلم الجيب.
D. يتواجد الناتئ الخشاني خلف الصماخ السمعى الظاهر.",B,A
617,"تؤدي إصابة جذع العصب الكعبري إلى: (2007 أولى(

الاختيارات:
A. شلل مثنيات الرسغ .
B. شلل ثنائية الرؤوس العضدية .
C. فقدان حسي في القسم الأنسي لظهر اليد .
D. كل ما سبق خطأ .",B,D
618,"كل ما يلي صحيح عن وجوه الكبد عدا

الاختيارات:
A. الوجه الخلفي يشغل معظمه الفص الأيسر
B. الوجه العلوي محدب يقع تحت الحجاب
C. الوجه الحشوي يحوي أثلام بشكل حرف H
D. الوجه الأمامي أملس وله شكل مثلثي",C,A
619,"يتم إفراز هرمون ال oxytocin من عصبونات تقع أجسامها في :

الاختيارات:
A. الأنوية جانب البطينية
B. الأنوية فوق البصرية
C. الأنوية فوق البطينية
D. الأنوية جانب البصرية",B,A
620,"من أشكال خلايا الدبق العصبي إجابة واحدة خاطئة:

الاختيارات:
A. النجمية.
B. الصغيرة.
C. المكعبة.
D. البطانية العصبية.",B,C
621,"يحيط بجسم القضيب لفافة:

الاختيارات:
A. بوك
B. كولس
C. القضيبية الوسطى
D. الشاملة",C,A
622,"من العضلات الخلفية للساق عدا :

الاختيارات:
A. التوأمية الساقية
B. باسطة الأصابع الطويلة
C. الظنبوبية الخلفية
D. النعلية",C,B
623,"البسط هو:

الاختيارات:
A. الحركة للأعلى.
B. عندما يدور الطرف حول محوره الطولي.
C. عندما يتحرك الطرف العلوي نحو الخلف في المستوى السهمي.
D. عندما يتحرك الطرف العلوي نحو الأمام في المستوى المستوى السهمي.",B,C
624,"الطبقة المحيطة بالرئتين:

الاختيارات:
A. التامور الليفي
B. التامور المصلي الجداري
C. التامور المصلي الحشوي
D. لا شيء مما سبق",C,D
625,"AXILLARY Nerve :

الاختيارات:
A. يسمى ايضاً CIRCUMFLEX
B. ينشأ من الحبل الوحشى
C. يمر من الحيز الأبطى السفلى
D. يمر من الحيز الأبطى الأنسى",A,A
626,"العضلة التي تعد من العضلات الوحشية للساق وقد تعد من العضلات الأمامية للساق :

الاختيارات:
A. العضلة الشظوية الطويلة
B. العضلة الشظوية القصيرة
C. العضلة الشظويةالثالثة
D. العضلة الظنبوبية الأمامية",C,C
627,"تحوي الظهارة الشمية على:

الاختيارات:
A. خلايا قاعدية –عصبونات شمية – خلايا داعمة
B. خلايا قاعدية –خلايا كولشيسكي –عصبونات شمية
C. خلايا كأسية – خلايا قاعدية – عصبونات شمية
D. خلايا كأسية – عصبونات شمية – خلايا داعمة",A,A
628,"لكل قطعة كبدية :

الاختيارات:
A. فرع من الشريان الكبدي
B. فرع من الوريد البابي
C. قناة صفراوية
D. كل ما سبق صحيح",D,D
629,"في حالة الإصابة بنقص الأكسجة فإن اول ما يتأثر من الخلايا الكبدية :

الاختيارات:
A. الخلايا الكبدية المحيطية
B. الخلايا الكبدية المركزية
C. كلا˝ من a و .b
D. لا تتأثر خلايا كبدية.",B,B
630,"عضلات طويلة تربط الفقرات مع بعضها :

الاختيارات:
A. عضلات جدار البطن الأمامي
B. عضلات العمود الفقري
C. عضلات الصدر السطحية
D. عضلات الصدر العميقة",B,B
631,". كل مايلي صحيح حول النفرون عدا

الاختيارات:
A. تصب القنوات الجامعة في الحويضة
B. يصنف حسب طول عروة هانلة
C. النفرونات ذات عرى هانلة الطويلة لها دور مهم في تكثيف البول
D. يتألف من كبيبة كلوية ونبيب كلوي",C,A
632,"بالنسبة للشفة والشدقين فإن:

الاختيارات:
A. الجلد يكون خارجياً
B. المخاطية تكون داخلية
C. تتكون من عضلات داخلية
D. م كل ما سبق صحيح",D,D
633,"ما يلي من عضلات الساعد الخلفية السطحية عدا:

الاختيارات:
A. باسطة الابهام القصيرة
B. باسطة الخنصر
C. باسطة الأصابع المشتركة
D. المرفقية",D,A
634,"الطية الجلدية التي تغطي رأس القضيب تُدعى:

الاختيارات:
A. الحشفة
B. لفافة بوك
C. القلفة
D. البصلة",C,C
635,"كل ما يلي من أشكال الحليمات الذوقية عدا :

الاختيارات:
A. فطري.
B. كماي.
C. توتي.
D. ورقي.",B,C
636,". التنبيه نظير الودي يؤدي الى كل مايلي عدا

الاختيارات:
A. تضيق القصبات
B. تنشيط حركات السبيل الهضمي
C. تسطح العدسة
D. تضيق الحدقة",D,C
637,". يمر العصب الفكي السفلي من

الاختيارات:
A. الثقبة المدورة
B. الشق الحجابي العلوي
C. الثقبة البيضية
D. الثقبة الشوكية",D,C
638,"يتفرع الشريان الأكليلي الايمن والأيسر من :

الاختيارات:
A. الأبهر الصاعد
B. الأبهر الصدري
C. الأبهر البطني
D. الأبهر النازل",B,A
639,"ينشأ برزخ الأبهر :

الاختيارات:
A. قبل منشأ الشريان السباتي المشترك
B. قبل منشأ الشريان تحت الترقوة الأيسر
C. بعد منشأ الشريان تحت الترقوة الأيسر
D. كل ما سبق خطأ",A,C
640,"ما يلي من وجوه العضد عدا:

الاختيارات:
A. الانسي
B. الوحشي
C. الأمامي
D. الخلفي",B,C
641,"أصغر الفروع الأمامية للابهر البطني:

الاختيارات:
A. الجذع البطني
B. المساريقي العلوي
C. المساريقي السفلي
D. الشريان الكظري",D,C
642,"اختر الإجابة الخاطئة :

الاختيارات:
A. يوجد الجيب الرصغي بين القعب والعقب
B. توجد أحدوبة العقبي في الوجه اللفي لعظم العقب
C. العظام الاسفينية تتمفصل مع العظمين
D. يتم ترقيم العظام المشطية من الانسي للوحشي",C,C
643,". اي من الشرايين الاتية من فروع الشريان السباتي الخراجي (الظاهر)

الاختيارات:
A. الشريان الدرقي العلوي
B. الشريان الفقري
C. الشراين العيني
D. الشريان الابطي",C,A
644,"توجد الشعيرات أشباه الجيوب في :

الاختيارات:
A. الكبد
B. الرئة
C. الدماغ
D. الكلية",B,A
645,"تتصف غدة الثدي بأنها تفرز

الاختيارات:
A. البروتينات.
B. الدسم.
C. معقدات من السكريات والبروتينات.
D. كل ما سبق صحيح.
E. كل ما سبق خطأ.",D,D
646,"تتمفصل النهاية السفلية للكعبرة مع العظام: (2007)

الاختيارات:
A. القاربي.
B. الكبير.
C. الهلالي.
D. الزندي.",B,B
647,". الخطأ عن الاضلاع:

الاختيارات:
A. الاضلاع الكاذبة يبقى غضروفها حرا ومطمورا في عضلات الصدر
B. تتمفصل في الخلف مع الفقرات الصدرية
C. تتمفصل الحقيقية منها في الامام مع القص
D. الاضلاع الحقيقية تتصل مباشرة عن طريق غضاريفها مع عم القص",C,A
648,"GRACILIS

الاختيارات:
A. تعمل دوران وحشى للساق
B. تعمل دوران أنسى للساق
C. تعمل دوران وحشى للفخذ
D. تعمل دوران أنسى للفخذ",B,B
649,"الألياف التي تربط التلافيف والفصوص في نصف كرة مخية واحد:

الاختيارات:
A. إسقاطية
B. ترابطية
C. صوارية
D. التقائية",B,B
650,"ميزابة النبض بين أوتار العضلات :

الاختيارات:
A. العضدية الكعبرية قابضة الرسغ الكعبرية
B. العضدية الزندية باسطة الرسغ الزندية
C. المرفقية الاستلقائية
D. الكأبة المربعة الكأبة المدورة",C,A
651,". الوريد السطحي الذي يشكل الابطي هو:

الاختيارات:
A. القاعدي
B. الراسي
C. العضدي
D. تحت الترقوة",C,A
652,"أي العظام التالية يساهم في تشكيل سقف جوف الحجاج: (2015تكميلي)

الاختيارات:
A. الفكي العلوي.
B. الجبهي.
C. الوجني.
D. الدمعي.
E. الحنكي.",D,E
653,"الطبقة الأولى من عضلات أخمص القدم تشمل عدا:

الاختيارات:
A. باسطة الأصابع
B. قابضة الإبهام
C. قابضة الأصبع الصغرى
D. مبعدة الإبهام",D,A
654,"تفرز الخلايا ألفا في البنكرياس:

الاختيارات:
A. الفلوكاغون
B. الانسولين
C. السوماتوستاتين
D. لا شيء مما سبق",B,A
655,"يتالف Extra cellular matrix من ما يلي ما عدا:

الاختيارات:
A. Epithelial fibers
B. Collagen fibers
C. Ground substance
D. reticular fibers
E. الثالث والرابع",E,A
656,"مايخص المرحلة التكاثرية proliferative phase

الاختيارات:
A. تكون فيها بطانة الرحم رقيقة.
B. تستمر من 10-8 أيام.
C. تترافق مع زيادة في إفراز الاستروجين و زيادة تركيزه في الدم.
D. كل ماسبق صحيح.",D,D
657,"ما يلي صحيح بالنسبة للب الكظر :

الاختيارات:
A. ينشأ جنينياً من العرف العصبي
B. تعتبر خلاياه عصبونات نظيرة ودية ما قبل عقدية معدلة
C. تفرز خلاياه الاستيل كولين
D. الاجابتان A+B
E. كل ما سبق صحيح",E,A
658,"أعمق الانخفاضات في الصيوان يُدعى:

الاختيارات:
A. المحار
B. الحتار
C. فصيص الأذن
D. نظير الحتار",D,A
659,"وظيفة : PTH

الاختيارات:
A. يرفع كالسيوم الدم
B. يخفض كالسيوم الدم
C. يرفع كالسيوم البول
D. لا شيء مما سبق",A,A
660,"الببتيد الطارح للصوديوم:

الاختيارات:
A. موسع وعائي يزيد تروية الكبب
B. تنتجه الخلايا الأذينية في القلب
C. تقع مستقبلاته فيmesangial cell
D. كل ماسبق صحيح",D,D
661,"غرفة مراقبة الفعاليات الحركية والتوازن هي:

الاختيارات:
A. البصلة
B. الجسر
C. المخيخ
D. المخ",C,C
662,"بالنسبة الأعضاء التناسلية الخارجية الانثوية :

الاختيارات:
A. الدهليز لا يحتوي على غدد
B. الاشعار الصغيرة لا تحتوي على اشعار
C. الاشفار الصغيرة تشابه جلد الصفن
D. الاجابتان B+C",D,B
663,"يمتد من المنخر حتى المنعر:

الاختيارات:
A. قمة الأنف
B. ظهر الأنف
C. جوف الأنف
D. جذر الأنف",C,C
664,"يتشكل الضفيرة العجزية من الفروع الشوكية:

الاختيارات:
A. العصب الحرقفي الوركي
B. العصب الحرقفي الخثلي
C. العصب الحرقفي الفخذي
D. العصب الحرقفي الأربي",C,A
665,"يقع بين جسم الفقرة والقوس الفقرية :

الاختيارات:
A. الثقبة المستعرضة
B. الثقبة بين الفقرية
C. الثقبة الفقرية
D. الثقبة المغذية",B,C
666,". من عضلات ال thenar

الاختيارات:
A. مقابلة الخنصر
B. مقربة الابهام
C. العضلات الخراطينية
D. العضلات بين العظمية الراحية",D,B
667,"الضفائر الأبهرية كل مما يلي ما عدا:

الاختيارات:
A. تتشكل من ألياف ودية وقبل وبعد العقدة.
B. تتشكل من ألياف لأودية قبل العقدة.
C. تتشكل من ألياف واردة حشوية.
D. تعطي تكثفات حول مناشئ الشرايين الرئيسية.
E. الألياف اللاودية في الضفيرة المساريقية السفلية مبهمية المنشأ.",B,E
668,"ما يلي صحيح عن العين عدا :

الاختيارات:
A. تتوضع في الحجاج Orbits .
B. الطبقة الخارجية )ليفية( مؤلفة من الصلبة و القزحية.
C. الطبقة الداخلية تتمثل ب الشبكية.
D. لا يشكل العصب البصري عصبا حقيقيا محيطيا.",D,B
669,"لا نجد غدد عرقية في :

الاختيارات:
A. الشقة
B. حشفة القضيب
C. الابط
D. A+B",C,D
670,"تتوضع الطية المخملة على:

الاختيارات:
A. الوجه العلوي للسان
B. الوجه السفلي للسان
C. اللثتين
D. الشدفين",B,B
671,"عندما يتجه أخمص القدم للوحشي:

الاختيارات:
A. قبض ظهري
B. شنف
C. شتر
D. قبض أخمسى",D,B
672,"العظم الجبهي (مكرر):

الاختيارات:
A. لا يدخل في تشكيل القحف العصبي.
B. لا يساهم بتشكيل الحفرة القحفية الامامية.
C. يساهم بتشكيل الحجاج.
D. يساهم بتشكيل الحفرة القحفية الخلفية.",B,C
673,"اختر الاجابة الخاطئة :

الاختيارات:
A. نقص الانزيمات الحالة للسكريات عند الإنسان يسبب اضطرابات هضمية.
B. هذا النقص يكون احيانا ذو منشأ وراثي.
C. متلازمة سوء الامتصاص تحدث نتيجة ضمور مخاطية المعدة.
D. كل ماسبق صحيح.",C,C
674,"يفرز هرمون ال PTH :

الاختيارات:
A. الغدد جارات الدرق.
B. الغدة النخامية.
C. الغدة الكظرية.
D. الغدة الدرقية.",A,A
675,". اختر الاجابة الخاطئة حول الضفيرة القطنية

الاختيارات:
A. تشكلها الفروع الظهرية للاعصاب القطنية الاربعة الاولى
B. تعصب جدار البطن
C. تعصب الطرف السفلي
D. تتشكل خلف البسواس",B,A
676,"الفقرات الرقبية اختر الإجابة الخاطئة:

الاختيارات:
A. الفقرة الرقبية الأولى لها قوس خلفية تفصل مع سن المحور.
B. الثقبة الفقرية مثلثية الشكل.
C. النواتئ الشوكية قصيرة ومتشعبة فى نهايتها.
D. جسم الفقرة صغير.",B,A
677,"الخلايا الشحمية قادرة على تصنيع Fatty acids من الغلوكوز وهي عملية تتسرع بتأثير:

الاختيارات:
A. الغلوكاغون
B. الأنسولين
C. الباراثورمون
D. الثيروكسين
E. الثالث والرابع.",B,B
678,"كل ما يلي من مؤذيات ظهارة المعدة ذات المنشأ الداخلي ما عدا :

الاختيارات:
A. حمض كلور الماء
B. ببسين.
C. الايتانول
D. الليباز.",C,C
679,". تتميز الرئة اليمنى عن اليسرى بكل مايلي عدا:

الاختيارات:
A. لها ثلاث فصوص
B. القبضة الرئيسية
C. لها شقان
D. اثقل وزنا",C,B
680,"ينشأ من اللقيمة الإنسية للعضد (منشأ القابضات) كل مما يلي ماعدا:

الاختيارات:
A. العضلة الراحية الطويلة
B. العضلة قابضة الرسغ الكعبرية
C. العضلة الكابة المدورة
D. العضلة قابضة الرسغ الزندية
E. العضلة قابضة الإبهام الطويلة",C,E
681,"تنصف المعدة Stomach بما يلي ما عدا :

الاختيارات:
A. يقع الجزء الأكبر منها تحت المنطقة الضلعية.
B. اليسرى والشرسوف. جسم المعدة يمتد من مستوى فوهة الفؤاد إلى مستوى الكلمة الزاوية.
C. البواب هو فتحة المعدة في الأسفل وهو يفتح على الطج.
D. الكلمة الزاوية ثابتة في القسم السفلي من الانحناء الصغير.
E. يمتد الثرب الصغير بين الانحناء الكبير وبين الكبد.",C,E
682,"العضلات التي تعمل على توازن الرأس على الجذع هي:

الاختيارات:
A. عضلات الوجه التعبيرية.
B. العضلة الصدغية.
C. عضلات العنق.
D. العضلة الجناحية الأنسية.",C,C
683,"يسير أكبر أقسام :Celiac Trunk :

الاختيارات:
A. الحافة العلوية للمعثكلة
B. يصعد إلى النهاية السفلية للمريء
C. كل ما سبق خاطئ
D. ضمن الثرب الصغير",D,A
684,"وظيفة العضلة الخياطية:

الاختيارات:
A. تقبض الساق وتدورها للأنسي
B. تقبض الفخذ
C. تدور الفخذ للوحشي
D. كل ما سبق صحيح",D,D
685,"اختار الجواب الصحيح اذا كان هناك جوابا صحيحا واحدا فقط أو اختر الجواب الأكثر شمولا وتكاملا اذا كان هناك أكثر من جواب صحيح

الاختيارات:
A. يتكون الكولاجين من جزئيات التروبوكولاجين
B. وتنظيم الجزئيات الترويو كولاجين جنبا الى جنب لتكون خيوط البروكولاجين
C. وترتبط خيوط البروكولاجين لتكوين اللبيقات البدائية
D. وترتبط التصنيفات البدنية لتكون اللبيفات المجهرية
E. كل ما ذكر أعلاه صحيح",E,E
686,"من وظائف عضلات البطن ماعدا:

الاختيارات:
A. تعمل كطاردة
B. ثني الجذع وتحريكه
C. اذا انقبضت تؤدي إلى شهيق قوي
D. دعم محتويات البطن",C,C
687,"يعبر العصب الوجهي عبر :

الاختيارات:
A. الثقبة الأبرية الخشائية
B. الثقبة المدورة
C. الثقة الشوكية
D. الثقبة البيضية",B,A
688,"الصحيح عن شرايين الجهاز العصبي المركزي :

الاختيارات:
A. التروية تاتي من الجملة الوداجية في الامام والسباتي من الخلف
B. من فروع السباتي الباطن : المخي الامامي والعيني
C. من فروع القاعدي : المخيخي السفلي الامامي والخلفي
D. B+C صحيحتان",D,B
689,"تركيب T3:

الاختيارات:
A. شحمي
B. أميني
C. سكري
D. لا شيء مما سبق",C,B
690,"يتصل المدورين بالخلف في الفخذ بــ:

الاختيارات:
A. الخط بين المدورين
B. العرف بين المدورين
C. الثلمة بين المدورة
D. لا شيء مما سبق",B,B
691,"حليمات ذات رأس مدور أحمر وقاعدة ضيقة

الاختيارات:
A. الخيطية
B. الفطرية
C. الورقية
D. المحوطة",A,B
692,"يدخل الحالبان المثانة من سطحها

الاختيارات:
A. الخلفي
B. الجانبي
C. السفلي
D. العلوى",D,A
693,"الرغامي والقصبات إختر الإجابة الخاطئة :

الاختيارات:
A. يبلغ طول الرغامي ٩ - ١٥ سم
B. القصبة الرئيسية اليمني قصبة قصيرة وعمودية على الرغامي
C. حلقات الرغامي حلقات غضروفية تامة
D. الحلقات الغضروفية تمنح الصلابة وتمنع انخماص الرغامي",C,C
694,"الباحة المسؤولة عن حركات العين هي:

الاختيارات:
A. 5 و 6
B. 4
C. 7
D. 8",A,D
695,"يروي المساريقي السفلي ماعدا

الاختيارات:
A. كل الكولون المعترض
B. السيني
C. الكولون النازل
D. المستقيم",D,A
696,"من الأوساط الكاسرة في العين عدا:

الاختيارات:
A. الحدقة
B. الخلط المائي
C. العدسة
D. القرنية",B,A
697,". الحد الخلفي للحفرة الجناحية الحنكية هو

الاختيارات:
A. Pterygoid processes
B. Greater wing
C. Lesser wing
D. Crista galli",B,A
698,"يكون النسيج الشحمي أوضح عند :

الاختيارات:
A. سكان الأقاليم الباردة
B. سكان الأقاليم الدافئة
C. سكان الأقاليم الحارة
D. لا شيء مما سبق",A,A
699,". الجوف الحقاني مقعر ذو نهاية ضخمة يتمفصل مع عظم العضد ويتجه

الاختيارات:
A. للاعلى والوحشي والامام
B. للاعلى والانسي والامام
C. للاسفل والوحشي والخلف
D. للاعلى والوحشي",D,A
700,"لا يوجد فيه Perichondrium إطلاقا في كل توضعاته.

الاختيارات:
A. Hyaline cartilage
B. Elastic cartilage
C. Fibrocartilage
D. كل ما سبق.
E. كل ما سبق خطأ.",E,C
701,"اتصالات جوف الأنف:

الاختيارات:
A. A الوحشي مع الحجاج والجيب الوتدي
B. B في الأسفل ينعزل عن جوف الفم عن طريق الحنك الصلب
C. C في الأمام يتمادى بفتحة عظمية هي المنخر
D. كل ما سبق صحيح",D,B
702,"قد يصل عدد زغبيات دقيقة في سطح الخلايا المبطنة للامعاء الى:

الاختيارات:
A. 1500 زغبية في الخلية الواحدة
B. 250 زغبية في الخلية الواحدة
C. 15000 زغبية في الخلية الواحدة
D. 3000 زغبية في الخلية الواحدة",C,C
703,"ينشأ الجذع المشترك للشريان بين العظمين من الشريان

الاختيارات:
A. الزندي
B. الكعبري
C. العضدي
D. الابطي",C,A
704,". وجه من عظم الترقوة عليه ميزابة طولانية:

الاختيارات:
A. الوجه العلوي
B. الوجه السفلي
C. الوجه العلوي والسفلي
D. كل ماسبق خطأ",B,B
705,"ثلاثية الرؤوس العضدية: (2007 أولى)

الاختيارات:
A. ينشأ رأسها الطويل من عظم العضد
B. ترتكز على الكعبرة .
C. يعصبها الكعبري .
D. مثنية للمرفق .",A,C
706,"يساهم بتعصيب مثنية الأصابع العميقة: (2007 أولى)

الاختيارات:
A. الفرع العميق من الكعبري .
B. العصب بين العظمين الأمامي .
C. الزندي .
D. الناصف والزندي .",A,D
707,". يفرز الغلوكاغون من

الاختيارات:
A. خلايا بيتا في المعثكلة
B. خلايا الفا في المعثكلة
C. لب الكظر
D. الغدة الدرقية",A,B
708,". تشاهد على الوجه الحجابي للقلب العناصر التالية ماعدا

الاختيارات:
A. قسم من البطين الايمن
B. قسم من البطين الايسر
C. الشريان بين البطنين الامامي
D. الشريان بين البطينين الخلفي",B,C
709,"الطبقة المبطنة للتامور الليفي:

الاختيارات:
A. التامور الليفي
B. التامور المصلي الجداري
C. التامور المصلي الحشوي
D. لا شيء مما سبق",C,B
710,"الصفيحة القاعدية للشعيرات المثقبة تكون مستمرة فيما يلي عدا :

الاختيارات:
A. الكلية
B. الغدد خاجية الافراز
C. الأمعاء
D. الغدد الصماء",B,B
711,"من صفات الضغط الحلولي في الأوعية الدموي:

الاختيارات:
A. ناتج عن وجود العناصر الدموية من الكريات و البلازما
B. يصل إلى ٣٥ مم زئبقي
C. متغير حسب مناطق الجسم والأوعية
D. ثابت في جميع أنحاء الجسم",C,D
712,"التوسع في نهاية الأسهر يعني

الاختيارات:
A. مجل الأسهر
B. الحويصل المنوى
C. القناة الدافقة
D. لاشئ مما سبق",B,A
713,"كل ما يلي من مفرزات المنطقة الحزمية في الكظر ماعدا :

الاختيارات:
A. ACTH
B. أندروجين
C. استيروجين
D. الكورتيكوستيرون",B,A
714,"عدد فقرات الجزء الصدري من العمود الفقري:

الاختيارات:
A. 10
B. 12
C. 14
D. 8",B,B
715,"يخرج العصب الشوكي من :

الاختيارات:
A. الثقبة بين الفقرية
B. الثقبة الفقرية
C. الثقبة الكبرى
D. التثقبة الشوكية",D,A
716,"ينتج هرمون الأستروجين من :

الاختيارات:
A. الخصية
B. المبيض
C. الدرق
D. الكظر",A,B
717,"مايلي صحيح بالنسبة للعدلات:

الاختيارات:
A. العدلات لا تتحمل ظروف نقص الاكسجة
B. العدلات لا تحصل على الطاقة عن طريق حل الغلوكوز
C. تشكل 10% من الكريات البيض الجاتلة في الدوران
D. A+B
E. كل ما سبق صح",E,B
718,"يحتوي الصفن ماعدا

الاختيارات:
A. الخصية
B. نهاية الحبل المنوي العلوية
C. البريخ
D. نهاية الحبل المنوي السفلية",B,B
719,"اي من الخلايا الآتية في الظهارة التنفسية تعد

الاختيارات:
A. الخلايا الكأسية
B. الخلايا الفرشاتية.
C. خلايا كولشيسكي.
D. الخلايا القاعدية.",B,B
720,"يمر تحت قيد العاطفات في الكاحل: (نموذج د.

الاختيارات:
A. وتر الظنبوبية الطويلة.
B. الشريان الظنبوبي الأمامي.
C. العصب الربلي.
D. وتر الظنبوبية الخلفية.",D,D
721,"من عضلات الوجه التعبيرية :

الاختيارات:
A. عضلات الجبهة.
B. العضلة حول العين.
C. العضلة حول الأذن.
D. كل ماسبق صحيح .",D,D
722,"كل ما يلي صحيح بالنسبة للكريات البيض ماعدا:

الاختيارات:
A. مسؤولة عن التخثر
B. عددها 5000-8000 في الميليمتر المكعب
C. ثابتة ومتحركة
D. مسؤولة عن مناعة الجسم",C,A
723,"محتويات الجيب العجاني العميق: ماعدا

الاختيارات:
A. جزء من الإحليل.
B. جزء من المهبل.
C. المعصرة الإحليلية التي يخترقها الإحليل والمهبل.
D. الأوعية الفرجية الباطنة وفروعها.
E. العضلتين العجانيتين المستعرضتين السطحيتين.",C,E
724,"استحلاب الدسم وظيفة :

الاختيارات:
A. الحموض الصفراوية
B. الليستين.
C. الخلايا الحدية
D. لاشيء مما سبق.",C,A
725,"كل ما يلي حول barrier testis-Blood صحيح ما عدا:

الاختيارات:
A. يتشكل من الوصالت السادة بين خلايا سرتولي على المستوى القاعدي الجانبي.
B. تقع spermatids early ضمن الحاجز الدموي الخصيوي.
C. تقع جميع خاليا السلسلة المنوية ضمن الحاجز الدموي الخصيوي.
D. يحمي ظهارة الأنابيب المنوية من التفاعلات المناعية الذاتية.",B,C
726,"يخزن فيتامين A في الكبد ضمن :

الاختيارات:
A. خلايا كوبفر
B. الخلايا الكبدية
C. خلايا إيتو
D. خلايا لانغرهانس",B,C
727,"أقسام البلعوم ماعدا:

الاختيارات:
A. الأنفي
B. الفموي
C. المريني
D. الحنجري",C,C
728,"تشكل محتويات الجيب العجاني السطحي ماعدا:

الاختيارات:
A. جذر البظر (بصلة الدهليز والساقان).
B. العضلة البصلية الإسفنجية.
C. الغدد الدهليزية الكبيرة.
D. جزء من المهبل.
E. مصرة الإحليل.",D,E
729,"الخلايا التي تقوم بتصنيع الصفراء :

الاختيارات:
A. Hepatocytes
B. خلايا كوبفر
C. المرارة
D. ظهارة الاقنية الصفراوية
E. It's cells",B,A
730,"اخت الإجابة الصحيحة :

الاختيارات:
A. الداء السكري من النمط 2 معتمد على الانسولين
B. تحاط جزر لانغرهانس بمحفظة ليفية سميكة
C. ترتبط الإصابة بالداء السكري من النمط الثاني بالسمنة Obesity
D. A+B
E. كل ما سبق صحيح",E,C
731,"كل ما يلي عن قاعدة القلب صحيح عدا :

الاختيارات:
A. تتجه إلى الخلف والأعلى
B. تخرج منها جذوع الأوعية الكبيرة
C. تتشكل بشكل رئيسي من الأذينة اليسرى ذات التوضع العمودي
D. تنفتح عليها الأوردة الرئوية",C,C
732,"الفروع الانتهائية للسباني الخارجي هي:

الاختيارات:
A. فكي وصدغي عميق
B. فكي وصدغي سطحي
C. حنكي وصدغي سطحي
D. فكي وصدغي أوسط",B,C
733,"فيما يخص مفصل الركبة كل مما يلي صحيح ماعدا:

الاختيارات:
A. هو تمفصل الفخذ مع الرضفة والشظية والظنبوب
B. يوجد ضمن الركبة رباط متصالب أمامي وخلفي
C. إن وتر المأبضية داخل المفصل
D. تعتمد ثباتية المفصل على الأربطة الخارجية والداخلية
E. الغضروف الهلالي الأنسي يرتبط مع الرباط الجانبي الأنسي",C,E
734,"يجاور وجهها السطحي (الوحشي) الغدة تحت اللسان.

الاختيارات:
A. ذقنية لسانية
B. ضرسية لامية
C. لامية لسانية
D. ذقنية لامية
E. ذات البطنين",C,A
735,"يحتوي على عدة انواع من الخلايا ومنها خلايا عرطلة عديدة الادوية

الاختيارات:
A. Adipose tissue
B. Cartilage
C. Bone
D. Fibrous connective tissue
E. Cartilage + bone",C,C
736,"تستلم عضلات الظهلر العميقه تعصيبها الحركى من:

الاختيارات:
A. الشعب الاوليه البطنيه
B. الشعب الاوليه الظهريه
C. الفروع الخلفيه للاعصاب الناقبه الوحشيه
D. الجذور الظهريه
E. الجذور البطنيه",D,B
737,". الصحيح عن الاجوف العلوي

الاختيارات:
A. يقع في المنصف السفلي
B. يتيرك انطباع على الرئة اليسرى
C. يصب فيه الوريد الفرد
D. يساهم في تشكيله الوريد الوداجي الباطن",D,C
738,"الخاطئ حول الفم هو:

الاختيارات:
A. يشكل بداية جهاز الهضم
B. طريق هوائي مساعد
C. له فوهة أمامية وجدران فقط
D. يشارك في المضغ والتصويت",A,A
739,"كل ما يلي من وجوه الجناح الكبير عدا:

الاختيارات:
A. مخي
B. صدغي + تحت صدغي
C. فكي علوي
D. فكي سفلي",C,D
740,"يعتبر Mesenchyme للمنشأ :

الاختيارات:
A. خلايا الدم
B. الخلايا العضلية الملساء
C. خلايا النسيج الضام.
D. كل ما سبق صح
E. كل ما سبق خطا .",D,D
741,". الجيب الوريدي الذي يصب في الوريد الوداجي الباطن

الاختيارات:
A. الجيب الكهفي
B. الجيب القاعدي
C. الجيب السيني
D. الجيب المستعرض",C,C
742,"تضم ناصبات الفقار من عضلات الظهر العميقه ما عدا

الاختيارات:
A. الشوكيه العنقية
B. الحرقفيه الضلعية
C. الطولى الرأسية
D. الطولى العنقية
E. نصف شوكيه العنق",D,E
743,"اختر الإجابة الصحيحة حول: Bronchioles Terminal

الاختيارات:
A. ظهارتها بسيطة مكعبة مهدبة.
B. الصفيحة المخصوصة لا تحوي ألياف مرنة.
C. كل من A+B
D. ليس مما سبق.",C,A
744,". يتوضع العظم الكتفي على الجدار الخلفي العلوي للصدر بمحاذاة الاضلاع

الاختيارات:
A. الاضلاع الثانية حتى السابعة
B. الاضلاع السبعة الاولى
C. الاضلاع الثالثة حتى السابعة
D. الاضلاع الستة الاولى",C,A
745,"المنطقة الأعمق في الكظر :

الاختيارات:
A. اللب
B. الحزمية
C. الشبكية
D. الكبيبية",C,A
746,"الأجفان :

الاختيارات:
A. تتوضع أمام الحجاج.
B. بكل جهة جفن علوي وسفلي.
C. بين الجفنين فتحة تسمى الفرجة الجفنية.
D. يغطي الجلد الأجفان من الداخل والخارج.",B,D
747,"وظيفة السوماتوستاتين:

الاختيارات:
A. تثبيط إفراز ACTH
B. تثبيط إفراز GH
C. تثبيط إفراز FSH
D. a + b",B,D
748,"يقع بين النواة العدسية من جهة والنواة والمهاد من الجهة الأخرى:

الاختيارات:
A. النواة السوداء.
B. المنقار.
C. المحفظة الداخلية.
D. النواة البينية.",D,C
749,"أي من الأعصاب الآتية يتوسط التبول الإرادي:

الاختيارات:
A. العصب الحرقفي الخثلي.
B. العصب الفرجي.
C. العصب الفخذي التناسلي.
D. الأعصاب الحشوية الحوضية.
E. العصب الحجابي.",D,B
750,"من عضلات الساعد الخلفية : (2006)

الاختيارات:
A. الكابة المربعة.
B. المرفقية.
C. باسطة الرسغ الزندية.
D. باسطة السبابة.",C,A
751,"كل ما يلي صح بالنسبة للكولونات عدا:

الاختيارات:
A. طول الكولون الصاعد 15 سم
B. طول الكولون المعترض 45 سم
C. طول الكولون السيني 30 سم
D. طول الزائدة الدودية 8 -13 سم",A,C
752,"-ينفتح على القرين الانفي العلوي :

الاختيارات:
A. الجيب الوتدي
B. الجيب الفكي
C. الجيب الغربالي
D. الجيب الجبهي",B,A
753,"- يمكن إجراء الحقن العضلي في القسم العلوي من :

الاختيارات:
A. ذات الرأسين العضدية
B. الدالية
C. الغرابية العضدية
D. المدورة الصغيرة",A,B
754,"الخط التعلي. (2016 تكميلي(

الاختيارات:
A. منشأ العضلة النعلية
B. أعلاه تنشا الظنبوبية الخلفية
C. أسفله تنشا الاخمصية
D. يقع وسط السطح الخلفي للظنبوب",A,A
755,"تتوضع الاحدوبة الدالية في العضد على السطح:

الاختيارات:
A. الانسي
B. الوحشي
C. الخلفي
D. لا شيء مما يلي",B,B
756,"اختر الاجابة الخاطئة :

الاختيارات:
A. نقص الانزيمات الحالة للسكريات عند الإنسان يسبب اضطرابات هضمية.
B. هذا النقص يكون احيانا ذو منشأ وراثي.
C. متلازمة سوء الامتصاص تحدث نتيجة ضمور مخاطية المعدة.
D. كل ماسبق صحيح.",C,C
757,"من أقسام البوق ماعدا:

الاختيارات:
A. القمع
B. البرزخ
C. العنق
D. الانبورة",B,C
758,"المراكز نظيرة الودية تقع في :

الاختيارات:
A. القحف
B. النخاع الشوكي العجزي
C. النخاع الصدري
D. A+B",D,D
759,". تعبر الالياف الاسقاطية عبر

الاختيارات:
A. Corpus callosum
B. Internal capsule
C. Hippocampus
D. Lentiform nucleus",B,B
760,"أكبر الجيوب جانب الأنف:

الاختيارات:
A. الفكي
B. الجبهي
C. الغربالي
D. الوتدي",B,A
761,"تركيب T3 :

الاختيارات:
A. شحمي
B. أميني
C. سكري
D. لا شيء مما سبق",C,B
762,"أقرب طبقات الصفن للخصية هي:

الاختيارات:
A. اللفافة الغمدية
B. اللفافة العمدية
C. اللفافة البيضاء
D. اللفافة المشمرة",B,A
763,"من وظائف الحنجرة ماعدا :

الاختيارات:
A. حماية الطرق الهوائية عند البلع .
B. التصويت
C. التنفس
D. عدم إغلاق الطرق الهوائية",A,C
764,"اليرقان jaundice :

الاختيارات:
A. هو وجود كمية كبيرة من الصفراء في الدم
B. ينتج عن عدم إفراز البيلروبين المرتبط.
C. ينتج عن عدم إفراز البيلروبين غير المرتبط
D. كل ما سبق صحيح.",D,D
765,"- يتوضع في المنصف ما يلي:

الاختيارات:
A. الحنجرة
B. الرغامي
C. الوريد الأجوف العلوي
D. القلب",C,B
766,"مايلي صحيحي عن الحؤول الحرشفي : عدا squamous metaplasia

الاختيارات:
A. هو تحول الظهارة التنفسية إلى بسيطة حرشفية
B. يسبقه انعدام في حركة اهداب خلايا الظهارة
C. يتبعه تشكل نسيج ما قبل سرطاني.
D. هو تحول الظهارة التنفسية إلى مطبقة حرشفية",D,D
767,"المحرك لعضلات اللسان :

الاختيارات:
A. 11
B. 7
C. 12
D. 9",C,C
768,"إن الغشاء القاعدي لخلايا M

الاختيارات:
A. غير مستمر
B. مستمر
C. يسهل النقل بين الصفيحة الخاصة وخلايا
D. كل من a و .c",B,D
769,"يتوضع تحت الخط الضرسي اللامي :

الاختيارات:
A. حفرة ذات البطنين
B. حفرة الغدة تحت اللسان
C. حفرة الغدة تحت الفك السفلي
D. لا شيء مما سبق",C,C
770,"كل مما يلي صحيح في الأمعاء الدقيقة ما عدا :

الاختيارات:
A. مكان للهضم المهائي
B. مكان امتصاص الأغذية المهضومة
C. مكان افراز غدي صماوي
D. مكان لانتاج الطاقة
E. لا شيء مما سبق",C,D
771,"أقسام جهاز التنفس ماعدا: --

الاختيارات:
A. جزء ناقل
B. جزء تنفسي
C. جزء خلالي
D. جزء مكون للصوت",B,C
772,"تضم ناصيات الفقار من عضلات الظهر العميقة ما عدا: (2017 أولى)

الاختيارات:
A. الشوكية العنقية.
B. الحرقفية الضلعية.
C. الطولى الرأسية.
D. الطولى العنقية.
E. نصف شوكية العنق.",C,E
773,"عظم العضد :

الاختيارات:
A. الحديبة الصغيرة تتوضع على الوجه الخلفي.
B. للعضد.
C. الحديبة الكبيرة وحشي راس العضد.
D. الحديبة الصغيرة وحشي الحديبة الكبيرة.",C,B
774,"تمتاز الزائدة الدودية بـ :

الاختيارات:
A. غزراة الجريبات اللمفاوية
B. لا يوجد فيها شرائط كولونية
C. كل ما سبق صحيح
D. الغدد فيها اكثر منها في الكولون
E. الأول والثاني",E,E
775,"الشريان الذي يجتاز الثقبة الكبرى:

الاختيارات:
A. القاعدي
B. الفقري
C. السباتي الباطن
D. السباتي الظاهر",B,A
776,"تنشأ من العانة وترتكز أعلى الفخذ:

الاختيارات:
A. مربعة الرؤوس الفخذية
B. المشطية
C. الخياطية
D. ثنائية الرؤوس الفخذية",D,B
777,"كل مايلي صحيح عن المنطقة الزنجفرية عدا:

الاختيارات:
A. منطقة انتقالية حمراء
B. تتكون من جلد رقيق +ملحقاته
C. الضفائر الشعيرية قريبة من سطح الجلد
D. هي ال the vermilion zona",B,B
778,"من الامثلة على العظام الطويلة :

الاختيارات:
A. الداغصة.
B. الفقرات.
C. الكعبرة .
D. لوح الكتف.",C,C
779,"النسيج الشحمي :

الاختيارات:
A. يشكل 15-20% من وزن الرجل الطبيعي
B. عند النساء تكون نسبته أقل مما هو عند الرجال.
C. هو في حالة تقلب Turnover مستمر.
D. الأول والثالث.
E. الثاني والثالث.",D,B
780,"تتميز الفقرات الصدرية:

الاختيارات:
A. النواتئ المستعرضة ضامرة.
B. النواتي الشوكية اطول.
C. الثقوب الفقرية كبيرة .
D. كل ما سبق صحيح.",D,B
781,"تشمل النوى القاعدية ما يلى عدا :

الاختيارات:
A. LENTIFORM NUCLEUS .
B. النواة المذنبة.
C. TAILED NUCLEUS .
D. النواة العدسية.",C,C
782,"الخاطئ مما يلي هو :

الاختيارات:
A. يفتح على الصماخ العلوي Ethmoidal Sinus
B. الصماخ المتوسط يفتح عليه Frontal Sinus
C. الصماخ المتوسط يفتح عليه Sphenoidal Sinus
D. يفتح على المتوسط أيضاً Ethmoidal Sinus",B,C
783,"الطبقة المحيطة بالقلب والمرتبط به:

الاختيارات:
A. التامور الليفي
B. التامور المصلي الجداري
C. التامور المصلي الحشوي
D. لا شيء مما سبق",B,C
784,"ك ل ما يلي صحيح عن هرمون calcitonin ما عدا:

الاختيارات:
A. يفرز من Parafollicular Cells
B. يرفع كالسيوم الدم
C. يخفض كالسيوم الدم
D. تثبيت كالسيوم العظام",B,B
785,"ينشأ الشريان الزاوي من :

الاختيارات:
A. الشريان الوجهي
B. الشريان اللساني
C. الشريان الفكي
D. الشريان العيني",C,A
786,"العصب العضلى الجلدى:

الاختيارات:
A. ينشأ من الحبل الوحشى
B. يعصب فقط الغرابية العضديه
C. هو عصب حركى فقط
D. عميق التوضع بكامل مساره",D,A
787,". يتشكل الوريد المأبضي من اتحاد

الاختيارات:
A. الوريد الظنبوبي الامامي والوريد الظنبوبي الخلفي
B. الوريد الظنبوبي الامامي والوريد الشوي
C. الوريد الحرقفي الداخلي والخارجي
D. الوريد الصافن الكبير والصغير",A,A
788,"تنشأ من اللقيمة الأنسية للعضد العضلات التالية ما عدا: (2009)

الاختيارات:
A. العضلة الاستلقائية.
B. الكابة المدورة.
C. الراحية الطويلة.
D. مثنية الرسغ الزندية.",B,A
789,"تضم الألياف العصبية المارة عبر الضفائر القلبية التالي ما عدا:

الاختيارات:
A. ألياف ودية قبل عقدية.
B. ألياف ودية بعد عقدية.
C. ألياف واردة مع الأعصاب الودية.
D. ألياف لا ودية قبل عقدية.
E. ألياف واردة مع العصبين المبهمين.",D,A
790,"المنطقة الأعمق في قشرالكظر :

الاختيارات:
A. الكبيبية
B. الحزمية
C. الشبكية
D. اللب",B,C
791,"حليمات ذات رأس مدور أحمر وقاعدة ضيقة

الاختيارات:
A. الخيطية
B. الفطرية
C. الورقية
D. المحوطة",A,B
792,"اختر الاجابة الخاطئة المتعلقة بالعظم الوتدي

الاختيارات:
A. يوجد المنقار الوتدي في السفلي
B. يتوضع السرج التركي على الوجه العلوي
C. هو جزء من القحف الحشوي
D. وجهه الخلفي له شكل مربع",A,C
793,". يقع في عمق التلم الوحشي

الاختيارات:
A. فص الجزيرة
B. الفص الجبهي
C. الفص الجداري
D. الفص القذالي",C,A
794,"يصب الوريد الكلوي في

الاختيارات:
A. الوريد الفرد
B. الوريد نصف الفرد
C. الأجوف السفلي
D. الأجوف العلوي",C,C
795,"العصب الناصف

الاختيارات:
A. ينشأ فى الأبط
B. ينتهى أسفل الساعد
C. يسير على العاطفة السطحية للأصابع
D. يعصب مباشرةً الكابه المربعة",C,D
796,"العصب تحت الكتف يعصب العضلات:( 2007 أولى)

الاختيارات:
A. deltodeus .
B. subscapularis .
C. teres minor .
D. trapizeus .
E. كل ما سبق خطأ .",E,B
797,"تضم ناصبات الفقار من عضلات الظهر العميقه ما عدا:

الاختيارات:
A. الشوكيه العنقية
B. الحرقفيه الضلعية
C. الطولى الرأسية
D. الطولى العنقية
E. نصف شوكيه العنق",D,E
798,"- ترتكز على وتر أشيل :

الاختيارات:
A. التوءمية الساقية + النعلية
B. التوءمية الساقية + الظنبوبية الأمامية
C. التوءمية الساقية + قابضة إبهام القدم الطويلة
D. كل ما سبق خطأ",C,C
799,"ترتكز العضلة المدورة الصغيرة : (2017 ثانية)

الاختيارات:
A. وحشي اخدود ذات الرأسين.
B. أنسي أخدود ذات الرأسين.
C. قاع أخدود ذات الرأسين.
D. الناتئ الغرابي.
E. حديبة العضد الكبرى.",D,E
800,". الاجابة الخاطئة المتعلقة ب flat ones

الاختيارات:
A. مثالها العظم الكتفي
B. تتشكل من صفيحتين من العظم الكثيف
C. يفصل بينهما نسيج عظمي اسفنجي
D. يتم نمو هذه العظام في اتجاه واحد",B,D
801,"يحدث التقرن في الشعرة :

الاختيارات:
A. بشكل مستمر
B. يحدث على الجزء الخارجي للشعرة
C. يحدث على كامل الشعرة
D. بشكل متقطع",B,D
802,"الردب الكمثري يتبع البلعوم:

الاختيارات:
A. الأنفي
B. الفموي
C. الحنجري
D. لا شيء مما سبق",B,C
803,". يتمفصل العظم الجبهي مع كل مايلي عدا

الاختيارات:
A. الجدراي
B. الوجني
C. الصدغي
D. الوتدي",B,C
804,"تشكل العظام التالية الجدار الوحشي للأنف عدا: (2014)

الاختيارات:
A. الوتدي.
B. الغربالي.
C. الدمعي.
D. الأنفي .
E. الميكعة.",E,E
805,"تتوضع المثانة الممتلئة والرحم المتضخم في

الاختيارات:
A. الناحية المغبنية اليمنى
B. الناحية المغبنية اليسري
C. الخثلية
D. لا شيء مما سبق",B,C
806,"عدد الأعصاب القحفية:

الاختيارات:
A. 12 عصبًا
B. 12 شفعًا
C. 31 عصبًا
D. 31 شفعًا",A,B
807,"يتوضع نواة العصب العاشر في:

الاختيارات:
A. الجسر
B. البصلة
C. الدماغ المتوسط
D. المخيخ",A,B
808,"العنصر الذي يجاور الرغامي من الخلف هو :

الاختيارات:
A. غدة التيموس
B. قوس الأبهر
C. المري
D. الجذع العضدي الرأسي",C,C
809,"العصب القحفي الذي يجتاز النفق الصدري:

الاختيارات:
A. 1
B. 2
C. 3
D. 4",C,B
810,"العظم الأضخم في هيكل القدم:

الاختيارات:
A. القعب
B. العقب
C. الزورقي
D. النردي",B,B
811,"ما يلي من طبقات جدار الصفن ما عدا:

الاختيارات:
A. الجلد
B. عضلة السنخ
C. لفافة بوك
D. لفافة العضلة المشمرة",C,C
812,"الهواء الذي يتم عبر الجزء الناقل يتم :

الاختيارات:
A. تصفيته
B. ترطيبه
C. تسخينه أو تبريره
D. كل ما سبق صحيح",D,D
813,". يوجد النفير البلعومي السمعي في:

الاختيارات:
A. الانف
B. البلعوم الفموي
C. البلعوم الانفي
D. البلعوم الحنجري",C,C
814,"ما يلي صحيح عن الغلالة الليفية عدا :

الاختيارات:
A. تحمي بنى العين داخلها و تؤمن مكانا لارتكاز العضلات.
B. تؤلف القرنية سدس هذه الغلالة.
C. يصل اللم limbus بين الصلبة و القرنية.
D. كل ما سبق صحيح.",D,C
815,"يتوضع الحيز الابطي السفلي بين، ما عدا:

الاختيارات:
A. الرأس الطويلة لمثلثة الرؤوس العضدية
B. جسم العضد
C. الصدرية الكبيرة
D. المدورة الكبيرة",C,C
816,"خط الدفاع الأول في السبيل المعدي المعوي :

الاختيارات:
A. الغلوبيولينات المناعة
B. الموصلات المحكمة
C. البالعات الكبيرة
D. النسيج اللمفاوي الملحق",B,A
817,"يحد فتحة وينسلو من الأسفل:

الاختيارات:
A. البواب.
B. الإثني عشر.
C. الفص المذنب الكبد.
D. الثرب الصغير.
E. مساريقا القولون المعترض.",D,B
818,". الخطأ حول الجذع الرئوي

الاختيارات:
A. ينشا من البطين الايمن
B. يتفرع الى شريان رئوي ايمن وشريان رئوي ايسر
C. تعطي فروع قصبية تغذي النسيج الرئوي
D. يدخل الشريان الرئوي نقير الرئة الموافقة",B,C
819,"خطأ حول وظائف العضلات:

الاختيارات:
A. المجموعة الامامية للفخذ قابضة لمفصل الركبة.
B. المجموعة الامامية للساق باسطة للقدم والاصابع.
C. المجموعة الخلفية للساق قابضة للقدم.
D. المجموعة الخلفية للفخذ قابضة لمفصل الركبة.",D,A
820,"اختار الجواب الصحيح اذا كان هناك جوابا صحيحا واحدا فقط أو اختر الجواب الأكثر شمولا وتكاملا اذا كان هناك أكثر من جواب صحيح

الاختيارات:
A. تتكون الأربطة والأوتار من نسيج ضام كثيف
B. تنتظم القرنية والأوتار والأربطة بصورة حزم
C. غمد الوتر والقرنية والرباط من نسيج ضام مفكك
D. النسيج الضام الباطن في الأوتار والأربطة كثيف
E. سمحاق الغضروف من ضام مفكك",D,A
821,"يُسمى الوجه الأمامي للوح الكتف:

الاختيارات:
A. الحفرة فوق الشوك
B. الحفرة تحت الشوك
C. الحفرة تحت الكتفية
D. الحفرة فوق الكتفية",A,C
822,"توجد الضفائر المشيمية ضمن :

الاختيارات:
A. الأم الجافية
B. الأم الحنون
C. الغشاء العنكبوتي
D. لا شيء مما سبق",A,B
823,"يتم تروية القولون الصاعد من الشريان :

الاختيارات:
A. الكلوي
B. المعدي الأيسر
C. المساريقي العلوي
D. المساريقي السفلي",C,C
824,"اختر الإجابة الصحيحة :

الاختيارات:
A. خلايا شوان هي خلايا دبقية
B. تتواجد الخلايا النجمية البروتوبلاسمية في المادة السنجابية
C. عند أذية النسيج العصبي تتكاثر الخلايا الدبقية الصغيرة لتشكل ندبة خلوية
D. الإجابتان الأولى والثانية صحيحتان
E. كل ما سبق صحيح",E,D
825,"الطية الجلدية التي تغطي رأس القضيب تدعى

الاختيارات:
A. الحشفة
B. لفافة بوك
C. القلفة
D. البصلة",C,C
826,"يدعى القسم العلوي المتسع من الحالب :

الاختيارات:
A. الجيب الكلوي
B. اللب الكلوي
C. الحويضة
D. الهرم الكلوي",A,C
827,"منطقة من القوس الفقرية بين جسم الفقرة والناتئ المستعرض:

الاختيارات:
A. الصفيحة العظمية
B. السويقة
C. الرجيلة
D. B + C",D,D
828,"حركة الفخذ إلى الأمام في المستوى السهمي هي حركة:

الاختيارات:
A. القبض.
B. البسط.
C. التقريب.
D. الشتر.",C,B
829,"أي الاتي حول epiglottis صحيح:

الاختيارات:
A. سطحها الحنجري مغطى بظهارة مطبقة كاذبة اسطوانية.
B. يوجد في الصفيحة المخصوصة غدد مصلية فقط
C. تبرز من الطرف السفلي للحنجرة.
D. سطحها اللساني يغطى بظهارة مطبقة كاذبة مسطحة.",D,A
830,"المنطقة الفاصلة بين الطيتين الصوتيين:

الاختيارات:
A. الدهليز
B. البطين
C. مشق المزمار
D. الجوف تحت المزماري",C,C
831,"هذه الطبقة من الكظر تتألف من حبال مقوسة من خلايا عمودية متقاربة إنها :

الاختيارات:
A. الطبقة الكبيبة
B. الطبقة الحزمية
C. محفظة الكظر
D. الطبقة الشبكية
E. لب الكظر",C,A
832,"الخلايا التي تتوضع في اللحمة بين النبيبات

الاختيارات:
A. المولدة للنطاف
B. لايديغ
C. سيرتولي
D. لا شيء مما سبق",B,B
833,"تتواجد البنى التاليه بالغدة النكفيه ما عدا:

الاختيارات:
A. الشريان الفكى
B. الشريان الصدغى السطحى
C. العصب الاذنى الصدغى
D. العصب لوجهى المعترض
E. الشريان الوجهى",D,E
834,". فيما يخص العظم القذالي كل مايلي صحيح ماعدا

الاختيارات:
A. عظم مفرد يساهم في تشكيل قاعدة القحف
B. تتمفصل اللقمة القذالية مع الفهقة
C. تقع الحديبة البلعومية على الوجه المخي لجسم العظم
D. يشكل القسم الصدفي القسم الاكبر من العظم",B,C
835,"تتمفصل الأضلاع بشكل مباشر مع) الخاطئة):

الاختيارات:
A. أجسام الفقرات الصدرية .
B. النواتيء المستعرضة للفقرات الصدرية.
C. القص.
D. الغضاريف الضلعية.",B,C
836,"من أقسام الأنف الظاهر :

الاختيارات:
A. APEX
B. ROOT
C. DORSUM OF THE NOSE
D. كل ما سبق صحيح",D,D
837,"المعلومة الصحيحة عن الناتئ الحنكي هي:

الاختيارات:
A. له تلمان قاطعيان يتصلان مع شوكة الأنف.
B. يتصل به أسناخ السن.
C. العرف الحنكي يتصل مع الميكعة.
D. يشكل معظم الحنك الصلب.",D,C
838,"يتألف الزنار الكتفي مما يلي عدا :

الاختيارات:
A. الترقوة
B. لوح الكتف
C. القص
D. رأس العضد",C,C
839,"يتواجد على الوجه الأمامي للقسم الصخري للعظم الصدغى مايلى عدا:

الاختيارات:
A. البارزة المقوسة.
B. انطباع ثلاثي التوائم .
C. الفتحة الظاهرة للمسال الدهليزى
D. فرجة العصب الصخري الكبير.",C,C
840,". الاجابة الخاطئة المتعلقة بالبطين الايمن

الاختيارات:
A. يأخذ جوف البطين شكلا قمعيا
B. جداره اثخن من جدار الاذينة اليسرى
C. يفصله عن الاذينة اليمنى دسام الثقبة البيضية
D. جداره اثخن من جدار الاذينة اليمنى",D,C
841,"من العظام القصيرة:

الاختيارات:
A. لوح الكتف.
B. الأسناخ.
C. الرسخ.
D. عظم القص.",D,C
842,"أقسام البلعوم إختر الإجابة الخاطئة :

الاختيارات:
A. قسم فوق حنجري
B. قسم الموي
C. قسم أنفي
D. قسم حنجری
E. ثلاثة أقسام",E,A
843,"تحوي صدفة العظم الصدغي ما يلي عدا:

الاختيارات:
A. انطباعات الشريان الصدغي الأوسط
B. انطباعات الشريان السحائي الأوسط
C. الصماخ السمعي الداخلي
D. الناتئ الوجني",D,C
844,"يقع العجان بين :

الاختيارات:
A. المستقيم والشرج
B. الرحم وعنق الرحم
C. الفتحة الشرجية والفتحة المهبلية
D. كل ما سبق خطأ",A,C
845,"مايلي صحيح عن التهاب الجيوب الانفية:

الاختيارات:
A. يحدث نتيجة انسداد فتحات التصريف
B. هو sinusitis
C. هو من نتائج متلازمة انعدام الحركة الهدبية
D. كل ما سبق صحيح.",D,D
846,"كل العظام التالية تشارك فى تشكيل سقف الأنف عدا :

الاختيارات:
A. الجبهي
B. الغربالي
C. الفكي
D. الوتدي",C,C
847,"يتوضع في المنصف ما يلي عدا :

الاختيارات:
A. القلب
B. الأبهر الصدري
C. الوريد الأجوف السفلي
D. فروع قوس الأبهر",C,C
848,"تتميز العضلات رافعات الاضلاع بالتالي ما عدا:

الاختيارات:
A. تصل الاضلاع بالعمود الفقري
B. عددها اثنا عشر زوجاً
C. لها عمل شهيقي
D. دورها هام في التنفس
E. تتعصب بالأعصاب العربية",D,E
849,". التيه الغشائي

الاختيارات:
A. الكييس
B. القوقعة
C. الدهليز
D. الانفاق نصف الدائرية",D,A
850,"في النسيج العظمي

الاختيارات:
A. العظم الأولى هو نفسه Woven bone
B. العظم الناضج هو نفسه Woven bone
C. العظم الأولي أكثر تمعدناً من الثانوي.
D. العظم الأولى فيه عدد أقل من osteocytes
E. كل ما سبق خطأ .",A,A
851,"السطح الخلفي للفخذ تحت المدور الكبير:

الاختيارات:
A. الأحدوبة الرشيقة
B. الأحدوبة الأولوية
C. الأحدوبة المربعة
D. حديبة رباعية الرؤوس الفخذية",D,B
852,"القسم الأمامي للثلم الأمامي الخلفي الأيسر للكبد يحوي:

الاختيارات:
A. ثلم الرباط الوريدي
B. ثلم الرباط المدور
C. ثلم الأجوف السفلي
D. ثلم المرارة",B,B
853,"وظيفتها إتاحة إنزلاق سطح الرئة على الجدار المحيط بها :

الاختيارات:
A. الحجاب الحاجز
B. الجنبة
C. القفص الصدري
D. الشرايين الرئوية",B,B
854,"من أقسام Scapula ما عدا:

الاختيارات:
A. الترقوة
B. لوح الكتف
C. رأس العضد
D. القص",C,B
855,"الشريان الذي يروي معظم الوجه الوحشي للمخ :

الاختيارات:
A. المخي الأمامي.
B. المخى الأوسط.
C. المخي الخلفي.
D. العيني.",B,B
856,"عندما يتجه أخمص القدم للأنسي:

الاختيارات:
A. قبض ظهري
B. شنف
C. شتر
D. قبض أخمسى",D,C
857,"يتصل بالأشعار ما يلي ما عدا :

الاختيارات:
A. الجريب الشعري
B. الغدد الدهنية
C. الغدد العرقية
D. العضلة الناصبة للشعرة",C,C
858,"ترشح الكلية 125مل كل دقيقة وتطرح منها في البول :

الاختيارات:
A. مل1
B. مل5
C. مل0.5
D. مل2.5",C,C
859,"عظم الفخذ (الخاطئة):

الاختيارات:
A. إن جسم الفخذ ناعم ومستدير في سطحه الأمامي.
B. يقع السطح المأبضي على الوجه الخلفي لجسمه.
C. يصل بين المدورين الكبير والصغير خط في الخلف يسمى الخط بين المدورين.
D. تملك نهايته السفلية لقمتين أنسية ووحشية ولقيمتين تقعان على اللقمتين.",D,C
860,"تعصيب النكفة من

الاختيارات:
A. المبهم
B. العصب القحفي
C. العقد الأذنية
D. B+C",D,D
861,"المنطقة الفاصلة بين الطيتين الصوتيين:

الاختيارات:
A. الدهليز
B. البطين
C. مشق المزمار
D. الجوف تحت المزماري",C,C
862,"كل ما يلي عن التامور صحيح عدا :

الاختيارات:
A. يتألف من التامور الليفي والتامور المصلي
B. يحوي جوف التامور السائل التاموري
C. يرتبط التامور الليفي بالقلب
D. يعمل السائل التاموري كمزلق لتسهيل حركات القلب",D,C
863,"العصب القحفي الذي يعبر الثقبة البيضية:

الاختيارات:
A. البصري
B. العيني
C. الفكي السفلي
D. الفكي العلوي",A,C
864,"تحدث عملية الاباضة بسبب الدفق الشديد لهرمون :

الاختيارات:
A. LH
B. FSH
C. TSH
D. GuRH
E. الأول والثاني",E,A
865,". ينتمي الوطاء الى:

الاختيارات:
A. الدماغ النهائي
B. جذع الدماغ
C. الدماغ البيني
D. كل ماسبق خطأ",C,C
866,"عظم العقب:

الاختيارات:
A. سطحة الأمامى يتمفصل مع النردى
B. لا يوجد عليه ارتكاز وترى
C. له معلاق على الطرف الوحشى للعظام
D. سطحه الأنسى محدب",C,A
867,"يستهدف الدرق ويحفز إفراز الهرمون الدرقي:

الاختيارات:
A. T3
B. T4
C. TSH
D. a + b",C,C
868,". الاجابة الخاطئة المتعلقة بالنهاية العلوية لعظم الفخذ

الاختيارات:
A. يشكل الراس ثلثي كرة ويتمفصل مع الحق
B. يرتكز رباط راس الفخذ على محيط الراس
C. يصل العنق بين الراس والجسم
D. يقع الخط بين المدورين على الوجه الامامي",B,B
869,"غطاء الكلية الذي يحيط بالكظر

الاختيارات:
A. اللفافة الكلوية
B. المحفظة الليفية
C. الشحم حول الكلية
D. الشحم جانب الكلية",B,A
870,"يشاهد في auditory (Eustachian ) tubes

الاختيارات:
A. Fibrocartilage
B. Elastic cartilage
C. Hyaline cartilage
D. Elastic cartilage + hyaline cartilage كلاهما
E. كل ماسبق خطأ",B,B
871,"المواد التالية تحرض من افراز HCI في المعدة :

الاختيارات:
A. Gastrin
B. Histamine
C. Somatostatin
D. A+B
E. كل ما سبق صحيح",E,D
872,"من ميزات الفقرات القطنية ماعدا:

الاختيارات:
A. القطر الأمامي الخلفي أكبر من المستعرض
B. جسم الفقرة كبير
C. الناتئ الشوكي قصير
D. عددها 5 فقرات",C,A
873,"أكبر عقدة مفردة من النسيج اللمفاوي:

الاختيارات:
A. الكبد
B. الطحال
C. الدرقية
D. التيموس",B,B
874,"تنشأ من اللقيمة الوحشية للعضد العضلات التالية ما عدا: (2009)

الاختيارات:
A. العضلة باسطة الخنصر.
B. مثنية الرسغ الكعبرية.
C. العضلة الاستلقائية.
D. باسطة الرسغ الكعبرية الطويلة.",C,B
875,"- العضلة الرئيسية المسؤولة عن قبض المرفق :

الاختيارات:
A. العضدية
B. قابضة الرسغ الزندية
C. قابضة الرسغ الكعبرية
D. الراحية الطويلة",B,C
876,"اختر الإجابة الصحيحة:

الاختيارات:
A. الستيروئيدات القشرية جزيئات مرتفعة وزن الجزيئة
B. تحتاج الستيروئيدات القشرية إلى عملية إفرازية تخصصية
C. زيادة إفراز الستيروئيدات القشرية يسبب داء اديسون
D. كل ما سبق خاطئ.",B,D
877,"الإحليل الذكري إختر الإجابة الخاطئة :

الاختيارات:
A. يمتد من عنق المثانة حتى الصماخ البولي الباطن
B. يقسم إلى خلفي و أمامي
C. الخلفي يضم الموثة والغشائي
D. الأمامي يسمى القضيبي",C,A
878,"توجد على حافتي اللسان وتحوي براعم ذوقية كثيرة:

الاختيارات:
A. الخيطية
B. الفطرية
C. الورقية
D. المحوطة",D,C
879,"شعيرات دموية تغلفها محفظة بومان

الاختيارات:
A. القشر الكلوي
B. الكبيبة الكلوية
C. الحليمة الكلوية
D. اللب الكلوي",C,B
880,"الدرزين الجداريين والقذالي:

الاختيارات:
A. الاكليلي
B. السهمي
C. اللامي
D. القذالي",D,C
881,"في مرحلة النضج لتكون النطاف تكون النطاف :

الاختيارات:
A. ناضجة وظيفية.
B. ناضجة غير وظيفية.
C. غير ناضجة وظيفية.
D. غير ناضجة غير وظيفية.",C,B
882,"الحافة من الفرع التي تشكل زاوية الفك السفلي :

الاختيارات:
A. الأمامية
B. الخلفية
C. العلوية
D. الوحشية",B,B
883,"ند خلايا ميركل في :

الاختيارات:
A. الجلد السميك
B. الجد الرقيق
C. الطبقة المتفرقة للجلد
D. كل ما سبق خاطئ",C,A
884,"الطحال اختر الإجابة الخاطئة :

الاختيارات:
A. أضخم كتلة مفردة من النسيج اللمعي في الجسم
B. يقوم بتصفية الدم
C. له دور مناعي
D. يتوضع بين المعدة والحجاب الحاجز
E. يسكن المراق الأيمن",E,E
885,"الغمد الليف العاطف:

الاختيارات:
A. يشكل نفق مسدود بعيداً
B. فى الإبهام يمر فية وتران
C. له غشاء زليلى
D. يرتكز على اللفافه العميقة",C,A
886,"اتصالات الدمعي ماعدا

الاختيارات:
A. في الأعلى مع الجبهي
B. في الخلف مع الجناح الكبير الوتدي
C. في الأمام مع الناتئ الجبهي للفك العلوي
D. فى الاسفل مع الفك العلوي",B,B
887,"ما يلي يعتبر مثالاً للنسج الضامة الكثيفة المنتظمةregular dense connective tissue :

الاختيارات:
A. الأم الجافية في الدماغ.
B. Perichondrium
C. Periosteum
D. Cornea
E. كل ما سبق خطأ.",B,D
888,"النسيج الطازج منه يميل لونه الى الاصفر

الاختيارات:
A. Fibrocartilage
B. Elastic cartilage
C. Hyaline cartilage
D. Elastic cartilage + hyaline cartilage كلاهما
E. كل ماسبق خطأ",C,B
889,"من أهم الأمثلة عن holocrine glands هي:

الاختيارات:
A. sebaceous glands
B. pancreas
C. sweat glands of the skin
D. الثاني والثالث.
E. كل ما سبق صحيح",A,A
890,"أقسام جوف الحنجرة:

الاختيارات:
A. الدهليز
B. البطين الحنجري
C. العظم اللامي
D. الجوف تحت الزماري",B,C
891,"تضم العضلات الكعبرية للساعد كل ما يلى عدا:

الاختيارات:
A. قابضة الرسغ الكعبرية القصيرة
B. الاستلقائية
C. العضدية الكعبرية
D. باسطة الرسغ الكعبرية الطويلة",B,A
892,"ظهارية القصبات.

الاختيارات:
A. Simple columnar epithelium
B. Stratified squarnous epithelium (keratinized)
C. Transitional epithelium
D. .Simple squamous epithelium
E. Pseudostratified ciliated columnar epithelium",D,E
893,"من العضلات الخلفية للساق عدا:

الاختيارات:
A. التوأمية الساقية
B. باسطة الأصابع الطويلة
C. الظنبوبية الخلفية
D. النعلية",C,B
894,"في الرئتين:

الاختيارات:
A. القصبات الانتهائية توجد في الفصيص الرئوي
B. قمم الفصيصات الرئوي تتجه محيطيا
C. النسيج اللمفاوي المتعلق بالمخاطيات يتزايد كلما تقدمنا بالشجرة القصبية نحو الأسفل
D. A+C
E. كل ما سبق صحيح",E,D
895,"تغلف العضلة البصلية الإسفنجية :

الاختيارات:
A. ساق القضيب
B. الجسم الاسفنجي
C. بصلة القضيب
D. الحشفة",C,C
896,". فيما يخص الغضروف الدرقي للحنجرة كل مايلي صحيح عدا

الاختيارات:
A. يتألف من صفيحتين غضروفيتين مربعتين بصورة اساسية
B. الشامخة الحنجرية في المننتصف
C. يتمفصل مع الغضروف الطرجهالي
D. على جانبيه قرنان علويان وسفليان",B,C
897,"يشارك في تروية المري الشرايين التالية ماعدا:

الاختيارات:
A. الشريان الدرقي العلوي
B. فروع الابهر النازل
C. فروع الشرايين القصبية
D. الشريان الدرقي السفلي
E. الشريان المعدي الأيسر",E,A
898,"axillary nerve (2017أولى)

الاختيارات:
A. يسمى أيضا circumflex.
B. ينشأ من الحبل الوحشي .
C. يمر من الحيز الإبطي السفلي .
D. يمر من الحيز الإبطي الأنسي .",A,A
899,"البنية التشريحية المتوضعة في المنصف العلوي:

الاختيارات:
A. القناة الصدرية
B. الغمد الوريدي للتامور المصلي
C. الغمد الشرياني للتامور المصلي
D. القسم السفلي من الوريد الأجوف السفلي
E. الوريد الأجوف السفلي",C,A
900,"يخرج العصب الشوكي من :

الاختيارات:
A. الثقبة بين الفقرية
B. الثقبة الفقرية
C. الثقبة الكبرى
D. التثقبة الشوكية",D,A
901,"العرف القريني في جوف الأنف ينشأ من:

الاختيارات:
A. العظم الفكي العلوي
B. العظم الفكي الحنكي
C. العظم الفكي السفلي
D. A+B",D,D
902,"العضلة مصرة الحدقة معصبة بألياف :

الاختيارات:
A. ودية
B. نظيرة ودية
C. شوكية
D. لا شيء مما سبق",B,B
903,"كل ما يلي من عضلات البلعوم صحيح عدا :

الاختيارات:
A. تتألف من طبقتين خارجية وداخلية
B. الطبقة المحلية الخارجية دائرية
C. الطبقة العضلية الداخلية طولانية
D. تحوى الطبقة العضلية الداخلية ٤ عضلات",B,D
904,"تنقل الأعصاب الحاسية معلومات لكل من الحواس التالية عدا :

الاختيارات:
A. البصر.
B. التذوق.
C. اللمس.
D. السمع.",B,C
905,"يتمفصل العظم القاربي مع العظام التالية ما عدا : (2009)

الاختيارات:
A. الكبير.
B. الهلالي.
C. المربعي.
D. المثلثي.",B,D
906,"يحوي الدماغ البيني داخله جوف البطين:

الاختيارات:
A. الجانبي
B. الرابع
C. الثالث
D. لا شيء مما سبق",B,C
907,"-تصنف العضلة الراحية تصنف مع :

الاختيارات:
A. المجموعة العميقة لقابضات الساعد
B. المجموعة السطحية لباسطات الساعد
C. المجموعة السطحية لقابضات الساعد
D. المجموعة العميقة لباسطات الساعد",C,B
908,"تعمل العضلات الألوية على:

الاختيارات:
A. تبعيد الفخذ
B. تقريب الفخذ
C. تدوير أنسى للفخذ
D. A+C",D,D
909,"غضروف له شكل الخاتم هو :

الاختيارات:
A. Thyroid
B. Cricoid
C. Arytenoid
D. Cuneiform",B,C
910,"يشغل الجزء العلوي من قبة القحف

الاختيارات:
A. العظم الجداري
B. العظم الجبهي
C. العظم القذالي
D. العظم الوتدي",C,A
911,"تعصب Partoid Gland بواسطة العصب:

الاختيارات:
A. البلعومي اللساني
B. العصب الوجهي
C. تحت اللساني
D. اللساني",B,C
912,"العصب تحت اللساني يخرج من :

الاختيارات:
A. النفق تحت اللساني
B. النفق السباتى
C. النفق الوداجي
D. الثقبة البيضية",A,A
913,"الخلايا البالعة الكبدية هي :

الاختيارات:
A. خلايا مايسنر
B. بالعات كبيرة
C. خلايا كوبفر.
D. ليس أيا˝ مما سبق.",C,C
914,"من الأوساط الكاسرة في العين عدا :

الاختيارات:
A. القرنية
B. الخلط المائي
C. الحدقة
D. العدسة",B,C
915,"وزن الدماغ:

الاختيارات:
A. 350 غ عند الوليد
B. 1400 غ عند الكهل
C. 1400 غ عند الوليد
D. a + b",D,D
916,"الضلع الأولى (الخاطئة) :

الاختيارات:
A. لها وجهان علوي وسفلي.
B. يمر تحتها الوريد تحت الترقوة .
C. لها حافتان داخلية وخارجية.
D. ترتكز عليها العضلة الأخمعية الأمامية.",B,B
917,"أبعاد الكلية ما عدا:

الاختيارات:
A. الطول 12 سم
B. العرض 3 سم
C. الثخاتة 3 سم
D. A + C",D,B
918,". مسؤول عن افراز اللعاب من الغدة النكفية

الاختيارات:
A. Ciliart ganglion
B. Otic ganglion
C. Pterygopalatine ganglion
D. None of the aove",C,B
919,". تتم تروية المبيض من :

الاختيارات:
A. الشريان الرجمي
B. الابهم البطني الحشوي
C. الشريان المهبلي
D. الشريان الحيائي البطني",C,B
920,"أي مما يلي صحيح حول Rod cells:

الاختيارات:
A. الأقراص الغشائية المتشكلة حديثا تتوضع عند نهاية الخلية.
B. يتوضع الرودوبسين بين الأقراص الغشائية في القطعة الخارجية.
C. وظيفتها الأساسية تمييز الألوان
D. كل ما سبق صحيح.",B,B
921,"يأتي السطح الكبير للأنبوب الهضمي مما يلي عدا :

الاختيارات:
A. زغابات دقيقة
B. الثنيات
C. انثناء و تعرج الأنبوب
D. دسامات كير كرينغ",C,C
922,"هو الاكثر تواجدا في العضوية

الاختيارات:
A. Fibrocartilage
B. Elastic cartilage
C. Hyaline cartilage
D. Elastic cartilage + hyaline cartilage كلاهما
E. كل ماسبق خطأ",C,C
923,"يصب الوريد الصافن الكبير (الأنسي) في :

الاختيارات:
A. الوريد الفخذي
B. الوريد المأبضي
C. الوريد الحرقفي الداخلي
D. الوريد الحرقفي الخارجي",C,A
924,"كل ما يلي من الضفائر الشوكية العصبية ماعدا :

الاختيارات:
A. العضدية
B. القطنية
C. البطنية
D. العجزية",B,C
925,"يفصل بين المنخرين :

الاختيارات:
A. NASAL CAVITY
B. العظم الغربالي
C. NASAL SEPTUM
D. كل ما سبق خطأ",C,C
926,"العصب الزندى:

الاختيارات:
A. يتوضع فى الحجره الخلفية للعضد
B. يتوضع امام الشريان العضدى
C. يمر خلف اللقيمة الانسيه للعضد
D. يتوضع أنسى وتر العاطفة الزندية",B,C
927,"كل ما يلي يمر من النفق البصري :

الاختيارات:
A. العصب البصري.
B. الشريان العيني.
C. A+B .
D. كل ما سبق خطأ.",C,C
928,"تكون الطبقة الخارجية رقيقة جدا في :

الاختيارات:
A. الشرايين المرنة.
B. الشرايين الصغيرة.
C. الشرايين العضلية.
D. الشعيرات الدموية.",D,B
929,"أحد ما يلي من الأوردة السطحية للطرف العلوي :

الاختيارات:
A. الوريد القاعدي
B. الوريد الزندي
C. الوريد العضدي
D. الوريد الابطي",C,A
930,"يتصف الضغط الحلولي في الاوعية الدموية :

الاختيارات:
A. ناتج عن وجود العناصر الدموية من كريات وخلايا
B. متغير حسب مناطق الجسم والاوعية
C. يصل الى 35m.m.hg
D. ثابت في جميع أنحاء الجسم",B,D
931,"وسائل اتحاد فاصلة في حركية المفصل:

الاختيارات:
A. المحفظة المفصلية
B. الأربطة
C. العضلات
D. السطوح المفصلية",A,C
932,"في نقي العظم:

الاختيارات:
A. الصفيحات هي اجزاء سيتوبلاسمية غير حاوية على نواة الخلية النواة اكبر من الخلية ارومة الخلية النواة
B. طلائع الصفيحات هي استطالات متفرغة من ارومة الخلية النواة
C. الاجابتان A+B
D. كل ماسبق خطأ",C,D
933,"تتواجد الحديبه الظهريه(ليستر)

الاختيارات:
A. العظم الزورقى
B. على الوجه الظهرى للنهايه القاصيه للكعبره
C. قاعدة الناتئ الابرى للكعبره
D. قاعدة العظم المشطى الثانى والثالث
E. العظم الكبير",B,B
934,"النهايات الحسبة في الجلد :

الاختيارات:
A. تتوزع بصورة منتظمة.
B. للألم والاهتزاز والتوازن.
C. تقل كثافتها بالأعضاء التناسلية.
D. تزداد كثافها حول فوهات الجسم.",B,C
935,"أي مما يلي صحيح حول Luteum Corpus :

الاختيارات:
A. يتشكل في قشر المبيض.
B. يقوم بإفراز HCG.
C. يتألف من الخلايا الحبيبية و القراب الخارجي للقراب المتبقي.
D. كل ما سبق صحيح.",C,A
936,". تنفتح القناة الصفراوية المشتركة على:

الاختيارات:
A. القطعة العفجية العلوية
B. القطعة العفجية النازلة
C. القطعة العفجية الافقية
D. القطعة العفجية الصاعدة",B,B
937,"الحويصل المنوي :

الاختيارات:
A. أنبوب ملتوي بشدة
B. مبطن بظهارة بسيطة مسطحة
C. الظهارة تغطى بأهداب متفرعة تسمى
D. A+B
E. كل ما سبق صحيح",E,A
938,"عضلات اليد : (2016 الأولى)

الاختيارات:
A. عضلات الضرة وحشية التوضع.
B. عضلات الإلية ثلاثة.
C. الزندي يغذي معظم عضلات اليد.
D. الكعبري يغذي عضلة واحدة فقط.",C,C
939,"يستمر الريان تحت الترقوة بالشريان

الاختيارات:
A. الإبطي
B. الما بضي
C. العضدي
D. القاعدي",C,A
940,"كل ما يلي صحيح عن العفج عدا :

الاختيارات:
A. هو القسم الأول من المعي الدقيق
B. له شكل حرف C
C. يحيط بذيل المعثكلة
D. القطعة الثالثة أفقية",D,C
941,"الردب بين عنق الرحم والمهبل تُدعى:

الاختيارات:
A. الجيب البولي التناسلي
B. الحجاب البولي التناسلي
C. قبو المهبل
D. عنق الرحم المهبلي",D,C
942,"من وظائف جذع الدماغ ما يلي عدا :

الاختيارات:
A. تنظيم الحرارة.
B. تسرع القلب.
C. حث لب الكظر لإفراز الإيبينفرين.
D. مكان لعبور السبل الصاعدة والنازلة.",D,A
943,"الصحيح حول موقع الدماغ البيني :

الاختيارات:
A. بين الدماغ الانتهائي والدماغ الامامي
B. بين الدماغ الانتهائي والدماغ المتوسط
C. يحتوي على البطين الرابع
D. B+C صحيحتان",B,B
944,"ما يلي من آليات التحكم ب الجزء القاصي من النخامى عدا :

الاختيارات:
A. GNRH
B. التلقيم الراجع السلبي
C. اوكسيتوسين
D. كل ما سبق صحيح",D,D
945,"يتم التمفصل بين قبضة وجسم القص في مستوى الفقرة الصدرية :

الاختيارات:
A. الأولى .
B. الثانية .
C. الرابعة.
D. الثالثة.",D,C
946,"يوصف العصب الوجهي عندما يخرج من الثقبة الإبرية الخشائية بالتالي ما عدا:(2016 تانية)

الاختيارات:
A. يعصب البطن الخلفي لذات البطنين.
B. يعصب العضلة التي تؤمن توتر الخد.
C. يعطي العصب الصخري الكبير.
D. يكون مساره سطحيا للوريد خلف الفك.
E. يعصب عضلات التي ترفع الشفة العلوية.",D,B
947,"في مرضى القصور الكلوى نجري وصلة بين:

الاختيارات:
A. الشريان الكعبري والوريد العضدي
B. الشريان الكعبري والوريد الرأسي
C. الشريان الزندي والوريد القاعدي
D. الشريان الزندي والوريد الابطي",B,B
948,"ليست من عضلات الرأس

الاختيارات:
A. القترائية
B. الوجنية
C. الصدغية
D. الماضغة",D,B
949,"يربط الرحم بجدران الحوض الجانبية الرباط:

الاختيارات:
A. الإربي
B. المدور
C. العريض
D. الوريدي",C,C
950,"تنشأ من الشوكة الحرقفية الأمامية العلوية وترتكز انسي الظنبوب :

الاختيارات:
A. مربعة الرؤوس الفخذية
B. المشطية
C. الخياطية
D. ثنائية الرؤوس الفخذية",C,C
951,". كل مما يلي هي من عضلات اخمص القدم عدا

الاختيارات:
A. باسطة الاصابع الطويلة
B. قابضة الاصابع القصيرة
C. العضلات بين العظام
D. العضلات الخراطينية",D,A
952,"-الفقرة الرقبية الأولى:

الاختيارات:
A. الأطلس
B. الفائق
C. الشامخة
D. كل ما سبق خطأ",D,A
953,"صحيح عن الانف عدا: (الفصل الثاني عشر)

الاختيارات:
A. المنطقة الشمية في سقف الانف.
B. المنطقة الشمية اسفل الانف.
C. المنطقة الشمية تشكل اقل من ربع مساحة المنطقة التنفسية.
D. كل ما سبق صحيح.",D,B
954,"تنتج الخلايا الجريبية في الدرق :

الاختيارات:
A. T3
B. كالسيتونين
C. T4
D. A+C",D,D
955,"الطبقة البطانية الرحمية التي تتعرض إلى تغيرات ملحوظة أثناء الدورة الشهرية:

الاختيارات:
A. الطبقة الوظيفية.
B. الطبقة التي تملك صفيحة مخصوصة أغنى بالخاليا.
C. الطبقة التي تحوي على الأجزاء العميقة من غدد باطن الرحم.
D. كل ما سبق خطأ.",A,A
956,"في الرؤية القريبة يحدث ماعدا :

الاختيارات:
A. تقلص العضلة الهدبية
B. تنبيه ودي
C. زيادة تحدب العدسة
D. زيادة القعرة الكاسرة للعدسة",B,B
957,"ينتج مرض المهق بسبب :

الاختيارات:
A. تنكس وتخرب الخلايا الميلانينية
B. نقص الكوليسترول المفرز من قشر الكظر
C. عدم الخلايا الميلانينية على انتاج الصباغ
D. غياب الخلايا الميلانينية",D,C
958,"يدخل في تشكيل سقف الانف:

الاختيارات:
A. الصفيحة الافقية للعظم الغربالي.
B. الصفيحة العمودية للعظم الغربالي.
C. التيه الغربالي.
D. كل ما سبق خطأ.",B,A
959,". كل مايلي صحيح عن الجسر ماعدا

الاختيارات:
A. يتعلق عليه المخيخ بست سويقات
B. يحوي نوى الاعصاب القحفية من الخامس حتى الثامن
C. يصل بين نصفي الكرة المخية والمخيخية
D. يسهم بفعاليات المضغ",B,C
960,"في المخيخ:

الاختيارات:
A. خلايا بيركنجي هي عصبونات صغيرة جدا
B. الطبقة الخارجية هي الطبقة الجزيئية
C. طبقة الخلايا الحبيبية تقع بين الطبقتين الجزيئية وطبقة خلايا بيركنجي
D. A+C
E. كل ماسبق صحيح",E,B
961,". الشريان الابطي هو استمرار للشريان

الاختيارات:
A. Lingual artery
B. Subclavian artrty
C. Ulnar artery
D. Maxillary artery",C,B
962,"أي الاتي حول epiglottis صحيح:

الاختيارات:
A. سطحها الحنجري مغطى بظهارة مطبقة كاذبة اسطوانية.
B. يوجد في الصفيحة المخصوصة غدد مصلية فقط
C. تبرز من الطرف السفلي للحنجرة.
D. سطحها اللساني يغطى بظهارة مطبقة كاذبة مسطحة.",D,A
963,"خلايا موجودة في النسيج الضام ولكنها أتت من أماكن أخرى :

الاختيارات:
A. Adipose cells
B. Fibroblasts
C. Mast cells
D. الثاني والثالث.
E. كلها تنشأ في النسيج الضام حصرا.",D,E
964,"كل ما يلي عن المعي الدقيق صحيح عدا :

الاختيارات:
A. يمتد من فتحة البواب إلى بداية المعي الغليظ
B. يتألف من ثلاثة أقسام العفج ، الصائم واللفائفي
C. يكون القسم الأكبر من العفج متحركا
D. يتحرك الصائم واللفائفي بحرية",A,C
965,"الخط - M - في القسيم العضلي يمثل :

الاختيارات:
A. منطقة تقارب خيوط الأكتين لقسيمين متجاورين.
B. شريط من الاتصالات بين خيوط الميوسين.
C. خيوط الأكتين.
D. خيوط الميوسين.
E. بروتين التيتين ( titin )",B,B
966,"قطر المسام السنخية Alveoral Pores ( :

الاختيارات:
A. أقل من 5 ميكرومت
B. 5 إلى 10 ميكرومتر.
C. 10 إلى 15 ميكرومتر.
D. ليس مما سبق.",B,C
967,"تمفصلات عظاك رسغ اليد

الاختيارات:
A. المربعى مع قاعدة المشط الاول
B. المنحرفى مع قاعدة المشط الثالث
C. الكبير مع قاعدة المشط الثانى
D. الزورقى مع الكلابى",A,A
968,". يحيط بمثانة الرجل في الاعلى

الاختيارات:
A. الكولون السيني
B. الكولون الصاعد
C. الكولون المستعرض
D. الكولون النازل",C,A
969,"تنشأ الحشفة من

الاختيارات:
A. الجسم الكهفي
B. الجسم الإسفنجي
C. الساقان
D. لا شيء مما سبق",B,B
970,"بطانة الرحم

الاختيارات:
A. الظهارة تحوي خلايا غير مهدبة
B. الغدد غنية بالخلايا المهدبة
C. الصفيحة المخصوصة فقيرة بارومات الليف
D. 2+3
E. كل ما سبق خطأ",D,E
971,"يتفرع الشريان القطعي لشرايين:

الاختيارات:
A. قطعية
B. فصية
C. بين الفصوص
D. بين الفصيصات",C,B
972,"المنعكس القلبي التثبيطي من مستقبلات الضغط الموجودة في:

الاختيارات:
A. الجيب الأبهري.
B. الجيب السباتي.
C. جدار الأذينة اليمني.
D. عند تفرع الأبهر.
E. كل ما سبق خاطئ.",D,B
973,"الآلية الرئيسية في مراقبة فعالية الخلايا في الجزء القاصي من النخامى الغدية هي :

الاختيارات:
A. الهرمونات الببتيدية
B. التلقيم الراجع السلبي.
C. فعالية النبضات العصبية.
D. كل من a و b",D,A
974,"الوسادة من النسيج الدهني فوق الارتفاق العاني تُدعى:

الاختيارات:
A. جبل العانة
B. الشفر الصغير
C. الشفر الكبير
D. دهليز الفرج",B,A
975,"أكبر أعضاء الجسم وزناً ومساحة :

الاختيارات:
A. الكبد
B. الجلد
C. المعي الدقيق
D. الكولون",B,B
976,"عدد الأضلاع السائبة :

الاختيارات:
A. سبعة في كل جانب.
B. ثلاث في كل جانب.
C. اثنتان في كل جانب.
D. ستة في كل جانب.",D,C
977,"الليباز المعدي أنزيم هاضم ل :

الاختيارات:
A. السكريات
B. البروتينات
C. الدسم.
D. الفيتامينات.",C,C
978,"البنية الأكثر علوا في جذر الرئة اليسرى:

الاختيارات:
A. الشريان الرئوي
B. الوريد الرئوي العلوي
C. القصبة اليسرى
D. الوريد الرئوي السفلي
E. الوريد الفرد",D,A
979,"من فروع الزلاقي ماعدا:

الاختيارات:
A. الطحالي
B. المعدي الأيسر
C. المعدي الأيمن
D. الكبدي",B,C
980,"يحبس انثى وتر ثنائيه الرؤوس العضديه فى المرافق

الاختيارات:
A. الشريان العضدى
B. الالشريان الزندى
C. الشريان الصدرى العلوى
D. الوريد الرأسى
E. الشريان العضدى العميق",A,A
981,". اختر الاجابة الخاطئة المتعلقة بالاضلاع:

الاختيارات:
A. هي عظام مسطحة متطاولة
B. تتصل جميعها بعظم القص
C. عددها 12 في كل جانب
D. تقسم الى حقيقية وكاذبة وسائبة",D,B
982,"كل ما يلي أقسام القذالي ما عدا:

الاختيارات:
A. القسم القاعدي
B. القسم الجانبي
C. القسم الصدفي
D. الجناح الكبير",D,D
983,"تمتاز الفقرة الرقبية الأولى:

الاختيارات:
A. لها جسم.
B. تدعى Atlas .
C. لها ناتئ شوكي.
D. هي أكبر الفقرات الرقبية.",D,B
984,"يعبر الشريان السحاني الأوسط عبر :

الاختيارات:
A. الثقبة البيضية
B. الثقبة المدورة
C. الثقة الشوكية
D. الثقبة الأبرية الخشائية",B,C
985,"جوف هوائي يحوي عظيمات السمع:

الاختيارات:
A. الأذن الخارجية
B. الأذن الداخلية
C. الأذن الوسطى
D. نفير اوستاش",C,C
986,"تقع اللوزة الحنكية :

الاختيارات:
A. الجدار الوحشي للبلعوم الفموي
B. بين الطيتين الحنكية اللسانية والحنكية البلعومية
C. جانب الفلكة
D. A+B",D,D
987,"العضلة مبعدة الإبهام الطويلة : (الخاطئة) (2009)

الاختيارات:
A. هي من عضلات الساعد الخلفية.
B. ترتكز على قاعدة السنع الأول.
C. يعصبها العصب الناصف.
D. تساهم في تبعيد اليد.",D,C
988,"الهلالة المفصلية: (2007 أولى)

الاختيارات:
A. تتمفصل مع البكرة المفصلية في الفخذ
B. تتمفصل مع الظنبوب
C. تلتحم حافتها الداخلية مع المحفظة المفصلية
D. حافتها الخارجية أرق من الداخلية",A,A
989,"يحد الثقبة التريبة (وينسلو) سفليا بـ:

الاختيارات:
A. الاثني عشر.
B. الثرب الصغير.
C. المعدة.
D. الوريد الأجوف السفلي.
E. القولون المستعرض.",D,A
990,"المفصل الفكي الصدغي (الخاطئة):

الاختيارات:
A. مفصل زليلي.
B. له لقمتان.
C. لا يحوي قرصاً مفصلياً.
D. المفصل الوحيد المتحرك في القحف.",D,C
991,"غضروف غير ثابت يشبه العصية:

الاختيارات:
A. الطرجهالي
B. القريني
C. الإسفيني
D. الفلكة",C,C
992,"إن النزح اللمفي القسم العلوي من القناة الشرجية:

الاختيارات:
A. إلى العقد المساريقية السفلية.
B. إلى العقد المساريقية المتوسطة.
C. إلى العقد الإربية السطحية.
D. إلى العقد الحرقفية الباطنة.
E. ليس أيا مما سبق.",D,A
993,"يتصل رأس الضلع بين فقرتين عدا الأضلاع:

الاختيارات:
A. 1 – 11 – 12
B. 11 – 12
C. 1 – 12
D. لا شيء مما سبق",C,A
994,"اختر الإجابة الصحيحة.

الاختيارات:
A. في الدماغ لا توجد أوعية لمفاوية
B. السائل الدماغي الشوكي ذو محتوى عالي من البروتينات
C. استسقاء الدماغ ينتج بسبب نقص إفراز السائل الدماغي الشوكي
D. الإجابتان الأولى والثانية صحيحتان
E. كل ما سبق صحيح",A,C
995,"اختر الإجابة الصحيحة حول recti Tubule

الاختيارات:
A. تفرغ محتوياتها في الشبكة الخصيوية .
B. حمل النطاف الناضجة إلى الأسهر .
C. تجتمع لتشكل القناة البربخية .
D. كل ما سبق خاطئ .",A,A
996,"من أقسام العظم الصدغي ما عدا:

الاختيارات:
A. الصخرة
B. الخشاء
C. الصدفة
D. الجسم",B,D
997,"يتوضع الوريد الاجوف العلوي في :

الاختيارات:
A. المفصل القصبي المرفوع لأيمن.
B. الغضروف الضلعي الثاني لأيمن.
C. الغضروف الضلعي الرابع لأيمن.
D. الغضروف الضلعي السادس لأيمن.
E. الغضروف الضلعي السابع لأيمن.",B,B
998,"وظيفة النهايات العصبية الحرة الواردة ضمن ألياف العضلة القلبية :

الاختيارات:
A. الإحساس بالضغط.
B. لإحساس بالحرارة.
C. الإحساس بالألم.
D. ليس لها دور بالإحساس.",C,C
999,"تعمل العضلات الألوية على:

الاختيارات:
A. تبعيد الفخذ
B. تقريب الفخذ
C. تدوير أنسى للفخذ
D. A+C",D,D
1000,". كل مايلي صحيح عن الجهاز في الكلية عدا

الاختيارات:
A. تتصل الحويضة بالحالب
B. تصب على الحويضة خمسة رؤوس كبيرة
C. يصب على الكؤويس 2 الى 3 كؤوس
D. يصب كل هرم كلوي في كأس صغيرة عبر الحليمة",B,B
1001,"لكل رئة :

الاختيارات:
A. شق أساسي وأربعة وجوه
B. شقان ووجهان وقمة وقاعدة
C. شقان وثلاثة وجوه
D. شق أساسي ووجها وقمة وقاعدة",B,D
1002,"إن العضلة المسؤولة عن انتصاب القضيب:

الاختيارات:
A. بصلية اسفنجية.
B. إسكية كهفية.
C. عجانية سطحية.
D. A و D
E. لا شيء مما سبق.",D,D
1003,"الدماغ الأمامي بشكل إجابة واحدة خاطئة

الاختيارات:
A. تصفي الكرة المخية.
B. الجسر .
C. الدماغ النهائي.
D. الدماغ البيني.",C,B
1004,"من فروع الشريان الحرقفي الباطن ما عدا:

الاختيارات:
A. سري
B. مستقيمي أوسط
C. العجاني
D. الفخذي",B,D
1005,"ماهي الخلايا التي تخزن فيتامين A في الكبد :

الاختيارات:
A. الخلايا الكبدية
B. خلايا إيتو
C. خلايا كوبفر
D. الخلايا البطانية",B,B
1006,"تتوضع نواة العصب الثاني في :

الاختيارات:
A. الدماغ المتوسط
B. الجسر
C. البصلة
D. لا شئ مما سبق",C,D
1007,"الفقرات الرقبية (الخاطئة) (مكرر):

الاختيارات:
A. جسم الفقرة صغير.
B. الثقبة الفقرية مثلثة الشكل.
C. النواتي الشوكية قصيرة ومنشعبة في نهايتها.
D. الفقرة الرقبية الأولى لها قوس خلفية تتمفصل مع سن المحور .",D,D
1008,"العضلة القترائية هي :

الاختيارات:
A. العضلة القصية الترقوية الخشائية.
B. العضلة المنشارية.
C. العضلة شبه المنحرفة.
D. العضلة المستر عضة الظهرية.",C,A
1009,". الحاجز الذي يفصل بين المنخرين:

الاختيارات:
A. Narinae
B. Dorsum of the nose
C. Ala of the nose
D. Nasal septum",D,D
1010,"تتشكل قناة الصفراء المشتركة (القناة الجامعة ) من إتحاد :

الاختيارات:
A. القناتين الكبديتين اليمنى واليسرى
B. القناة الكبدية اليمنى مع القناة المرارية
C. القناة الكبدية اليسرى مع القناة المرارية
D. القناة المرارية مع القناة الكبدية المشتركة",D,D
1011,"يحمل الشريان الرئوي الدم غير المؤكسج من :

الاختيارات:
A. البطين الأيسر
B. الأذينة اليسرى
C. البطين الأيمن
D. الأذينة اليمنى",C,C
1012,"العصب القحفي الثاني :

الاختيارات:
A. البصري - حاسي
B. العيني - حاسي
C. البصري - حسي
D. العيني - حسي",C,A
1013,"تنتمي الثلمة الاسكية الصغيرة للعظم:

الاختيارات:
A. الحرقفة
B. الاسك
C. العانة
D. لا شيء مما سبق",B,B
1014,"- كل مما يلي ليست من النقاط التشريحية للوجه الداخلي للفك السفلي ما عدا:

الاختيارات:
A. الخط المائل
B. الحدبة النابية
C. الخط الضرسي اللامي
D. الناشزة الذقنية",B,B
1015,"تتميز اللقافة السطحية للعنق بكل مما يلي ماعدا:(2017 أولى)

الاختيارات:
A. تضم مقادير مختلفة من النسج الشحمية .
B. تحتوي عضلة ال .Platysma
C. يتوضع فيها قسم من الوريد الوداجي الظاهر.
D. يوجد ضمنها عقد لمفية رقبية.
E. تطوق كامل العنق.",E,E
1016,". غدة تقع خلف البطين الثالث

الاختيارات:
A. Pineal glad
B. Pituitary gland
C. Andrenal gland
D. Thyroid gland",B,A
1017,"المقطع السهمي في الرحم ذو شكل

الاختيارات:
A. مثلثي
B. مجرد شق
C. شبه منحرف
D. دائري",C,B
1018,"الغضروف المرتبط مع الحلقة الرغامية الأولى:

الاختيارات:
A. الحلقي
B. الطرجهالي
C. الدرقي
D. القريني",C,A
1019,"الخط النعلي : (2016)

الاختيارات:
A. منشأ للعضلة النعلية.
B. أعلاه تنشأ الظنبوبية الخلفية.
C. أسفله تنشأ الأخمصية.
D. يقع وسط السطح الخلفي للظنبوب.",A,A
1020,"تتوضع المحفظة الداخلية :

الاختيارات:
A. بين الوطاء والمهاد
B. بين الكرة الشاحبة والأتبة
C. بين النواة العدسية من جهة والنواة المذنبة والمهاد من جهة
D. بين نصفي الكرة المخية",C,C
1021,"النفرونات التي تكثف البول بشكل أساسي

الاختيارات:
A. تشكل 15 %من النفرونات
B. تشكل 85% من النفرونات
C. تمتد عراها عميقاً ضمن اللب
D. A+C",D,D
1022,"من أشكال الحليمات الذوقية إختر الإجابة الخاطئة :

الاختيارات:
A. الخيطية
B. الفطرية
C. المختلطة
D. الورقية",B,C
1023,"أبعاد الكلية ماعدا:

الاختيارات:
A. الطول 12
B. العرض 3 سم
C. الثخانة 3 سم
D. A+C",D,D
1024,"اتصالات الدمعي ما عدا:

الاختيارات:
A. في الأعلى مع الجبهي
B. في الخلف مع الجناح الكبير للوتدي
C. في الأمام مع الناتئ الجبهي للفك العلوي
D. مع الأسفل مع الفك العلوي",C,B
1025,"المفصل يتألف من سطحين كل منهما محدب في اتجاه ومقعر في اتجاه آخر

الاختيارات:
A. سرجي saddle
B. كروى ball and socket
C. لقمي condyloid
D. صائري pivot",C,A
1026,"تكون معظم الخلايا في المحضرات النسيجية الأنابيب المنوية هي من نوع :

الاختيارات:
A. Spermatid
B. type B spermatogonia
C. primary spermatocyte
D. secondary spermatocyte",C,C
1027,"تتواجد اللقمة القذالية على :

الاختيارات:
A. الوجه السفلي لجسم العظم القذالي.
B. الوجه السفلي للقسم الجانبي للعظم القذالي.
C. القسم الصدفي للعظم القذالي.
D. كل ما سبق صحيح.",D,B
1028,"تحمل الدفعات الألمية عند تعطل تروية القلب:

الاختيارات:
A. ألياف واردة لاودية
B. ألياف واردة ودية
C. ألياف صادرة لاودية
D. ألياف صادرة ودية
E. ألياف مع العصبين الحجابيين",D,B
1029,"أكبر أعصاب الجسم هو :

الاختيارات:
A. مثلث القوائم
B. الزندي
C. المبهم
D. الوركي",C,D
1030,"خلايا تفرز هرمون يحفز نشاط الخلايا الرئيسية في المعدة :

الاختيارات:
A. خلايا ألفا.
B. خلايا بيتا.
C. خلايا سيغما.
D. خلايا pp .",B,D
1031,"عدد العضلات بين العظمية الأخمصية:

الاختيارات:
A. 3
B. 4
C. 5
D. 6",B,A
1032,"من صفات المثانة عند البالغ عدا:

الاختيارات:
A. تتوضع خلف عظمي العانة
B. سعتها العظمى 500مل
C. شكل المثانة الممتلئ هرمي
D. عضو خارج الصفاق",D,C
1033,". الاجابة الخاطئة المتعلقة بال occipital one

الاختيارات:
A. عظم مفرد يشغل القسم الجانبي السفلي من القحف
B. يتكون العظم من جسم وصدفة وقسمين جانبيين
C. يتوضع الجسم امام الثقبة الكبيرة
D. يحتوي الوجه السفلي للجسم الحديبة البلعومية",D,A
1034,"يعبر العصب V2 لمثلث التوائم عبر:

الاختيارات:
A. الثقبة البيضية
B. الثقبة المدورة
C. الثقة الشوكية
D. الثقبة الأبرية الخشائية",C,B
1035,"تكون معظم الخلايا في المحضرات النسيجية الأنابيب المنوية هي من نوع :

الاختيارات:
A. Spermatid
B. type B spermatogonia
C. primary spermatocyte
D. secondary spermatocyte",C,C
1036,"من ميزات الفقرات العصعصية ماعدا :

الاختيارات:
A. تحوي الأولى قرني العصعص
B. الأولي لها بعض خصائص الفقرات
C. عددها 7
D. تلتحم مع بعضها لدى المسنين",D,C
1037,"بطانة الـ Blood vessels

الاختيارات:
A. simple columnar epithelium
B. stratified squamous epithelium (keratinized)
C. simple squamous epithelium
D. pseudostratified ciliated columnar epithelium
E. كل ما أعلاه خطأ.",C,C
1038,"تمفصلات عظم رصغ القدم : (2017)

الاختيارات:
A. النردي مع قاعدة المشط الثالث
B. رأس القعب مع العظم الزورقي
C. العقب يقابل أسفل الظنوب
D. الاسفينية تقابل المشط الأول اماميا",C,B
1039,"اي مما يلي ليس على الصف السفلي للرسغ

الاختيارات:
A. Hamate
B. Lunate
C. Trapezoid
D. Capitate",A,B
1040,"الضفيرة القطنية:

الاختيارات:
A. LIلا يشارك فى تكوينها
B. ينشأ منها العصب الفخدى والسدادى
C. هى مستقلة عن الضفيرة العجزية
D. تعصب مباشرةً العضلة الحرقفية",B,B
1041,". مكان دخول المرئ للمعدة

الاختيارات:
A. Pylorus
B. Antrum
C. Cardia
D. Fundus",C,C
1042,"ينتهي الأبهر النازل بمستوى:

الاختيارات:
A. C4
B. T4
C. L4
D. L2",C,C
1043,"عدد ثقوب حلمة الثدي:

الاختيارات:
A. 15-20
B. 20-25
C. 2025-05-10 0:00:00
D. 30",A,A
1044,"كل ما يلي صحيح عن الجريبات ما عدا:

الاختيارات:
A. من بطبقة unilaminar primary follicle يحاط ظهارة بسيطة مكعبة.
B. بطبقة multilaminar primary follicle يحاط الخلايا الحبيبية.
C. تنشأ الخلايا الحبيبية من استمرار انقسام الخاليا الجريبية خيطيا.
D. الخلايا الجريبية تفرز proteases عند اللقاح.",B,D
1045,"بعض خلايا تفرز alkaline phosphatase

الاختيارات:
A. Adipose tissue
B. Cartilage
C. Bone
D. Fibrous connective tissue
E. Cartilage + bone",C,C
1046,"-تربط الزنار الكتفي بالخذع من الخلف :

الاختيارات:
A. العريضة الظهرية
B. المعينية الصغيرة
C. الدالية
D. تحت الكتفية",C,A
1047,"القلب من الداخل:

الاختيارات:
A. المنشأ الجنيني للأذين الأيسر من مصدر واحد
B. يوجد الشريط الوسيط في جدران البطين الأيسر
C. فتحة الوريد الأجوف العلوي مجهزة بصمامين رديمين
D. سماكة جدران البطين الأيسر تساوي ثلاثة أمثال جدران الأذين الأيسر
E. بالمقطع العرضي البطين الأيسر هلالي الشكل",A,A
1048,"اختر الإجابة الخاطئة بالنسبة للبطين الأيمن:

الاختيارات:
A. أكبر من الأذينة اليسرى
B. يتصل مع الأذينة اليمنى بالدسام مثلث الشرف
C. يحوي القمع
D. يحوي 4 عضلات حليمية",D,D
1049,"تشريح كل ناحية من نواحي الجسم:

الاختيارات:
A. وصفي.
B. السريري.
C. الشعاعي.
D. التقني.",C,A
1050,"من صفات الأعصاب الحسية عدا:

الاختيارات:
A. afferent
B. تحمل الأوامر نحو العضلات
C. تحمل المعلومات نحو الجملة المركزية
D. صادرة",D,C
1051,"كل ما يلي صحيح عن الفقرة النموذجية عدا :

الاختيارات:
A. تتألف من جسم في الأمام وقوس في الخلف.
B. تقع بين الجسم والقوس الثقبة الفقرية.
C. تتألف من خمسة نواتئ.
D. تقع الصفيحة بين الناتئ المستعرض والناتئ الشوكي .",C,C
1052,"المراكز المسؤولة عن تنسيق الفعالية الحركية وضمان الثباتية :

الاختيارات:
A. النوى القاعدية
B. القشرة المخية
C. جذع الدماغ
D. المادة البيضاء",C,A
1053,"يصل بين الأذينة اليمنى والبطين الأيمن :

الاختيارات:
A. فوهة مثلث الشرف
B. فوهة الناجي
C. القوهة الرئوية
D. الفوهة الأبهرية",C,A
1054,"الحفرة الإبطية إختر الإجابة الخاطئة :

الاختيارات:
A. AXILLARY FOSSA
B. بها شكل هرمي
C. ذروتها خلف الترقوة
D. قاعدتها جلد الإبط
E. تظهر بوضوح عند خفض وتقريب الذراع",B,E
1055,"اختر الإجابة الخاطئة بالنسبة للحويصل المنوي

الاختيارات:
A. طوله 5 سم
B. يتوضع خلف المثانة
C. يتوضع أنسي الحالب
D. يشكل القناة الدافقة",A,C
1056,"وجه العظم الجبهي الذي ينتمي للقحف العصبي:

الاختيارات:
A. الخارجي
B. الداخلي
C. الانسي
D. الوحشي",B,B
1057,"ما يلي صحيح بالنسبة للرئتين ماعدا

الاختيارات:
A. الرئة اليمنى تقسم لثلاثة فصوص
B. الرئة اليسرى أثقل من اليمني
C. تطفوان على الماء
D. الرئة اليسرى تقسم إلى فصيين",D,B
1058,"ما يلي من عضلات الساعد الخلفية للسطحية عدا:

الاختيارات:
A. المرفقية
B. باسطة الخنصر
C. باسطة الأصابع المشتركة
D. باسطة الإبهام القصيرة",D,D
1059,". الصحيح حول عظم الشظية

الاختيارات:
A. يقع في الاني
B. يساهم بتشكيل مفصل الركبة
C. يساهم بتشكيل مفصل الكاحل
D. يقع الناتئ الابري في نهايته السفلية",B,C
1060,"ينفتح الجيب الفكي على :

الاختيارات:
A. الصماخ العلوي
B. الصماخ السفلي
C. الصماخ المتوسط
D. كل ما سبق صحيح",B,C
1061,"أكبر أقسام المعثلكة:

الاختيارات:
A. الرأس
B. العنق
C. الجسم
D. الذيل",C,A
1062,"تمادي القشر ضمن اللب يُدعي:

الاختيارات:
A. الكؤيسات
B. الحليمة الكلوية
C. الأشعة الليبية
D. العمود الكلوي",B,D
1063,". يضم جدار الصفن كل مايلي عدا

الاختيارات:
A. الجلد
B. اللفافة المنوية الخارجة
C. لفافة العضلة المشمرة
D. لفافة بوك",B,D
1064,"عظم الزند: (2007)

الاختيارات:
A. رأس الزند في الأعلى.
B. حافة جسمه الأنسية حادة.
C. يتوضع أنسي الكعبرة.
D. يتمفصل مع العظم المثلثي.",C,C
1065,"- اختر الاجابة الخاطئة حول حركة في الوضع التشريحي:

الاختيارات:
A. الاحاطة هي تسلسل لحركات بين القبض والبسط والتقريب والتبعيد والدوران
B. الكب و اتجاخ ابهام اليد نحو الوحشي
C. الشتر هو عندما يتجه اخمص القدم نحو الانسي
D. الشنف هو عندما يتجه اخمص القدم نحو الوحشي",C,B
1066,"اختر الإجابة الصحيحة :

الاختيارات:
A. مرض عمى الألوان يصيب المخاريط.
B. القطعة الخارجية للمخاريط تكون أقصر من القطعة الخارجية للعصي.
C. يحدث توسف الأقراص الغشائية بتكرار أقل في المخاريط منه في العصي.
D. كل ما سبق صحيح.",D,D
1067,"الحجرة الخلفية للعين بين:

الاختيارات:
A. القزحية في الأمام والعدسة في الخلف
B. القرنية في الأمام والقزحية في الخلف
C. العدسة في الأمام والشبكية في الخلف
D. لا شيء مما سبق",A,A
1068,"منطقة في الشبكية لا تحتوي على طبقات الشبكية المعروفة ما عدا الألياف العصبية:

الاختيارات:
A. fovea centralis
B. blind spot
C. conjunctiva
D. eyelids",B,B
1069,"ترتكز العضلة الشظوية القصيرة على :

الاختيارات:
A. قاعدة المشط الخامس
B. قاعدة المشطى الأول
C. الاسفيني الوحشي
D. B+C",D,A
1070,". اي من المعالم الاتية يقع على عظم العجز

الاختيارات:
A. Promontory
B. Transverse costal facet
C. Olecranon
D. Dens",C,A
1071,"العضلة الكابة المدورة : (الخاطئة) (2007)

الاختيارات:
A. من عضلات الساعد العميقة.
B. يعصبها الناصف.
C. ترتكز على عظم الكعبرة.
D. تدور الكعبرة نحو الداخل.",D,A
1072,"أي من البنى التالية تمر من الثقوب العجزية الخلفية:

الاختيارات:
A. الجذور الحسية.
B. الجذور الحركية.
C. الفروع الأولية الأمامية.
D. الأعصاب الشوكية العجزية.
E. ولا واحدة مما علا.",D,E
1073,"منطقة في الحنجرة تشمل الطيتين الصوتيتين والمسافة بينهما:

الاختيارات:
A. المزمار
B. مشق المزمار
C. البطين الحنجري
D. الحبل الصوتي",C,A
1074,". اي من الاعصاب التالية هو حسي فقط

الاختيارات:
A. 2
B. 3
C. 4
D. 5",C,A
1075,"الوهدة تقع في البلعوم:

الاختيارات:
A. الأنفي
B. الفموي
C. الحنجري
D. لا شيء مما سبق",B,B
1076,"تتوضع تحت الطية اللسانية الغدة:

الاختيارات:
A. النكفية
B. تحت الفك السفلي
C. اللسان
D. الثانوية",A,C
1077,"كل ما يلي صحيح عن النخامي الأمامية عدا :

الاختيارات:
A. تدعى النخامي الغدية
B. تنتج ستة هرمونات ببتيدية
C. تنتج هرمون النمو
D. تنتج الهرمون المضاد للإبالة ADH",D,D
1078,"ليس من وسائل الارتباط بين الخلايا الظهارية:

الاختيارات:
A. الحواجز الانتهاية
B. الجسور بين الخلوية
C. المادة اللاصقة ببن الخلايا
D. الياف الكولاجين",B,D
1079,"يتصف عظم الزند بما يلي عدا :

الاختيارات:
A. نهاية علوية ضخمة.
B. فيه الزج والثلمة البكرية.
C. لجسمه شكل اسطواني.
D. تملك نهايته السفلية ناتئاً إبرياً.",B,C
1080,"تعمل العضلات العرقوبية على :

الاختيارات:
A. ثني الساق على الفخذ
B. بسط الفخذ على الحوض
C. باسطة لمفصل الركبة
D. A+B",D,D
1081,"ما يلي من أقسام العظم الجبهي ما عدا:

الاختيارات:
A. الصدفة والقسم الحجاجي
B. الثلمة الغربالية
C. الصفيحة الغربالية العمودية
D. القسم الأنفي",C,C
1082,"تنتج الخلايا الجريبية في الدرق:

الاختيارات:
A. T3
B. كاليستونين
C. T4
D. a + c",D,D
1083,"كل مما يلي صحيح ما عدا:

الاختيارات:
A. 7/1 من النفرونات هي نفرونات مجاورة للب
B. 7/6 من النفرونات هي نفرونات قشرية.
C. عروة هانلة تساهم في طرح الماء من الجسم
D. تساهم كل النفرونات في عمليات الرشح وعود الامتصاص والافراز",A,C
1084,"غير صحيح عن الخلية الكبدية :

الاختيارات:
A. تحوي حوالي الفي ميتاكوندريا
B. تخزن البروتينات ك حبيبات إفرازية في السيتوبلاسما
C. تحوي قطيرات دسمة
D. تقوم بقبط وتحويل وإفراز مكونات الدم لداخل الاقنية الصفراوية",B,B
1085,"اختر العبارة الخاطئة لعضلات المشط:

الاختيارات:
A. 3 أو 4 عضلات بين عظمية رامية
B. 5 عضلات بين عظمية ظهرية
C. عضلات خراطينية
D. عدد العضلات الخراطينية أربعة",B,B
1086,"الخلايا الفرشاتية في القصيبات الانتهائية:

الاختيارات:
A. هي خلايا حبيبية صغيرة صماوية ((DNES
B. مستشعرة كيميائية تتحسس مستوى الاكسجين
C. هي ذاتها الخلايا القصبية ذات الإفراز الخارجي
D. كل ما سبق صحيح.",D,B
1087,"تحوي الخاصرة اليسرى

الاختيارات:
A. المعدة
B. الطحال
C. الفص الكبير الأيسر
D. الكولون النازل",B,D
1088,"أي الخلايا وظيفتها تخزين الوسائط الكيماوية للإرتكاس الإلتهابي:

الاختيارات:
A. Plasma cells
B. Macrophages
C. Erythrocytes
D. Mast cells
E. كل ما سبق خطأ.",D,D
1089,"طية جلدية ليفية عضلية أمام الحجاجين :

الاختيارات:
A. الملتحمة
B. الأجفان
C. الشدقين
D. الصلبة",C,B
1090,"تؤدي أذية العصب الفخذي إلى (الخطأ) (2009)

الاختيارات:
A. غياب المنعكس الرضفي .
B. تنميل و خدر في الوجه الأنسي للساق .
C. عدم إمكانية ثني مفصل الركبة .
D. خلل في حساسية جلد ناحية الفخذ الأمامية .",C,C
1091,"الخلايا التي تقوم بإدخار واحتواء الميلانين المتشكل

الاختيارات:
A. الأرومات الليفية.
B. خلايا الطبقة اللامعة.
C. الخلايا الظهارية.
D. الخلايا البدينة.",D,C
1092,"ينتقل الحس غير عام (حس الذوق) من الثلث الأمامي للسان عبر: (2014 ثانية)

الاختيارات:
A. العصب الوجهي.
B. العصب تحت اللساني.
C. العصب اللسانى البلعومى.
D. العصب الفكى السفلي.
E. العصب الفكى.",C,B
1093,"الشعيرات الدموية الموجودة في الأمعاء تتميز بأن :

الاختيارات:
A. الاتصالات بين خلاياها البطانية مستمرة وصفيحتها القاعدية غير مستمرة.
B. كل من بطانتها وصفيحتها القاعدية غير مستمر.
C. الاتصالات بين خلاياها البطانية غير مستمرة )مثقبة(و صفيحتها القاعدية مستمرة.
D. كل من بطانتها وصفيحتها القاعدية مستمر",C,C
1094,". الاجابة الصحيحة غن الرئتين

الاختيارات:
A. الرئة اليسرى تحوي ثلاث فصوص
B. اليمنى تحوي فصين
C. اللسين موجود فقط في اليسرى
D. الشق الافقي موجود في الرئتين اليسرى واليمنى",B,C
1095,"ترتكز العضلة ثلاثية الرؤوس العضدية على : (2017 تشرين)

الاختيارات:
A. الغشاء بين العظمين.
B. جسم عظم الكعبرة.
C. الوجه الخلفي للمحفظة المفصلية للمرفق.
D. جسم عظم الزند.",C,C
1096,"يروي المساريقي العلوي:

الاختيارات:
A. الأمعاء الدقيقة
B. المعدة
C. المرئ
D. البريتوان",B,A
1097,"خلايا تنشأ في نقي العظم ولها دور في الارتكاسات الجلدية المناعية :-

الاختيارات:
A. خلايا لانغرهانس.
B. خلايا ميركل.
C. خلايا الميلانين.
D. a+b",D,A
1098,"كل ما يلي صحيح عن عظم الشظية عدا :

الاختيارات:
A. يسهم في تشكيل مفصل الركبة.
B. يشكل الكعب الوحشي لمفصل الكاحل.
C. نهايته العلوية تحوي ناتنا أبريا.
D. يرتكز على حافته الغشاء بين العظمين.",C,A
1099,"التنبيه نظير الودي للقضيب يؤدي إلى :

الاختيارات:
A. استرخاء العضلات الملساء.
B. تضيق الفراغات الكهفية.
C. توسع الفراغات الكهفية.
D. a+c",D,D
1100,"المقطع السهمي في الرحم ذو شكل

الاختيارات:
A. مثلثي
B. مجرد شق
C. شبه منحرف
D. دائري",C,B
1101,"يتكون القحف العصبي من :

الاختيارات:
A. FRONTAL BONE .
B. PORIETAL BONE .
C. OCCIPITAL BONE .
D. كل ما سبق صحيح .",D,D
1102,"تتميز العضلات رافعات الأضلاع بالتالي ما عدا:

الاختيارات:
A. تصل الأضلاع بالعمود الفقري.
B. عددها اثنا عشر زوجاً.
C. لها عمل شهيقي.
D. دور هام في التنفس.
E. تتعصب بالأعصاب الوربية.",D,E
1103,"يتصف وريد الباب بكل ما يلي ما عدا:

الاختيارات:
A. يصل لسرة الكبد وينقسم إلى فرعين إنتهائيين أيمن وأيسر.
B. طوله من 5.5-8 سم.
C. من روافده وريد معدي أيمن.
D. يتشكل خلف عنق المعتكلة.
E. يتكون من اجتماع الوريد المساريقي السفلي مع الطحالي.",A,E
1104,"الجزء الواقع بين رأس الضلع وحديبة الضلع هو:

الاختيارات:
A. غضروف الضلع.
B. عنق الضلع.
C. جسم الضلع.
D. نهاية الضلع.",B,D
1105,". الغدة التي يخترقها الاحليل الذكري

الاختيارات:
A. الحويصلان المنويان
B. الموثة
C. غدد جانب الاحليل
D. كل ماسبق خطأ",C,B
1106,"ما يلي من طبقات الجهاز المفرغ العلوي عدا

الاختيارات:
A. المصلية
B. العضلية
C. المخاطية
D. تحت المخاطية",A,D
1107,"عند الوضعية التشريحية يكون الساعد

الاختيارات:
A. Pronation
B. Supination
C. Opposition
D. Reposition",B,B
1108,"من محتويات الناحية السرية إجابة واحدة صحيحة :

الاختيارات:
A. الفص الأيسر للكبد والمعدة
B. الطحال
C. القولون الصاعد والكلية اليمني
D. العرى المعوية",C,D
1109,"خلايا تقوم يتصنيع الـ Antibodies كرد فعل للـ Antigens

الاختيارات:
A. Plasma cells
B. Macrophages
C. Neutrophils
D. Basophils
E. كل ما سبق خطا.",A,A
1110,"ما يلي صحيح بل نسبة لل غدة النخامية : hypophysis

الاختيارات:
A. تقع في الدماغ المتوسط .midbrain
B. تزن حوالي Kg .0.5
C. تتطور جزئيا˝ من النسيج العصبي.
D. تتطور كليا˝ من الوريقة الخارجية الفموية.",D,C
1111,"عظم العقب : (نموذج د. جمال)

الاختيارات:
A. يتمفصل في الأعلى مع القعب
B. لا يتمفصل مع النردي
C. له جسم وعنق ورأس
D. سطحه الوحشي مقعر",C,A
1112,"كل ما هو آت خاطئ في البنكرياس ما عدا:

الاختيارات:
A. عدم احتوائه على الأقنية المخططة.
B. إفراز الهرمونات المنظمة للنمو.
C. غدة أنبوبية مركبة.
D. تصنيع الانزيمات في جزر لانغرهانس",B,A
1113,"المنطقة الأعمق من قشر الكظر :

الاختيارات:
A. المنطقة الكبيبية
B. المنطقة الحزمية
C. المنطقة الشبكية
D. كل ما سبق خطأ",C,C
1114,"في حال حدوث كسر في جدل عظم العضد بين الثلث المتوسط والقاصي فإن أكثر الأعصاب تعرضًا للأذية:

الاختيارات:
A. العصب الزندي
B. العصب العضلي الجلدي musculocutaneous
C. العصب الكعبري
D. العصب الناصف
E. العصب الإبطي",A,A
1115,"من أنواع الأعصاب المحيطية ماعدا :

الاختيارات:
A. حركية
B. صوارية
C. حاسية
D. حسية",B,B
1116,"- الثقبة الفقرية كبيرة ومثلثية الشكل في:

الاختيارات:
A. الفقرة الرقبية
B. الفقرة الصدرية
C. الفقرة الصدرية
D. الفقرة القطنية",B,A
1117,"لون قشر الكظر :

الاختيارات:
A. بني غامق
B. أبيض
C. مائل للصفرة
D. رمادي",C,C
1118,"العظم (الخاطئة):

الاختيارات:
A. تتشكل العظام المسطحة من صفيحتين من العظم الكثيف يفصل بينهما نسيج عظمي إسفنجي.
B. تحاط كل العظام بسمحاق عظمي يغطي كامل سطوحها.
C. تتشكل العظام القصيرة من طبقة خارجية قشرية من العظم الكثيف تحيط بنسيج اسفنجي.
D. تفصل الصفيجة المشاشية بين جسم العظم الطويل وكل من المشاشتين أثناء فترة النمو.",A,B
1119,"أي الأعصاب الرقبية الاتية يملك وظيفة حركية:

الاختيارات:
A. تحت القذالي.
B. القذالي الصغير.
C. القذالي الكبير.
D. الأذني الكبير.
E. العنابي المتعرض.",C,A
1120,"نسيج ضام ليفي يرتكز حول السطوح المفصلية:

الاختيارات:
A. المحفظة المفصلية
B. الأربطة
C. السطوح المفصلية
D. العضلات",B,A
1121,"يتواجد في الغضاريف الضلعية الأمامية

الاختيارات:
A. Hyalin cartilage
B. Elastic cartilage
C. fubrocartilage
D. كل ما سبق صحيح
E. كل ما سبق خطأ.",D,A
1122,"مايلي صحيح عن التهاب الجيوب الانفية:

الاختيارات:
A. يحدث نتيجة انسداد فتحات التصريف
B. هو sinusitis
C. هو من نتائج متلازمة انعدام الحركة الهدبية
D. كل ما سبق صحيح.",D,D
1123,"من صفات غشاء الطبل عدا :

الاختيارات:
A. قطره 1 سم
B. ذو توضع مائل
C. تتثبت قبضة الركاب في وجهه الأنسي
D. يجاور عصب حبل الطبل",C,C
1124,"العظم الغربالي (الخاطئة):

الاختيارات:
A. تتوضع الصفيحة الأفقية للعظم في الثلمة الغربالية.
B. الصفيحة الأفقية تحوي ثقوباً تمر عبرها ألياف العصب الشمي.
C. الصفيحة العمودية تشكل الجزء السفلي من الوتيرة الأنفية.
D. يبدو عرف الديك كأنه امتداد للصفيحة العمودية.",B,C
1125,"العضلة التي ترتكز على الحافة الضلعية:

الاختيارات:
A. المستعرضة الصدرية.
B. الوربية الباطنة.
C. المنشارية الأمامية.
D. الصدرية الصغيرة.
E. كل ما سبق خاطئ.",C,B
1126,"كل مما يلي صحيح عن الآفات العصيدية عدا:

الاختيارات:
A. ثخانة بؤرية موضعية في الطبقة الداخلية.
B. تكاثر الخلايا العضلية الملساء.
C. ترسب الكولسترول في الخلايا العضلية الملساء والبالعات.
D. أكثر الشرايين عرضة الشرايين المخية.",B,D
1127,"عدد شدف النخاع الشوكي:

الاختيارات:
A. 31
B. 31 شفعًا
C. 12
D. 15",A,A
1128,"يتلقى المستقيم ترويته من:

الاختيارات:
A. الشريان المستقيمي العلوي.
B. الشريان المستقيمي الأوسط.
C. الشريان المستقيمي السفلي.
D. كل ما سبق صحيح.
E. كل ما سبق خاطي.",D,D
1129,"من ميزات الفقرة الرقبية الأولى ماعدا:

الاختيارات:
A. جسم الفقرة صغير
B. تتمفصل مع لقمتي القذالي
C. تتمفصل مع الفقرة الرقبية الثانية
D. تحوي ثقبة مستعرضة",C,A
1130,"العضلة النعلية: (2017)

الاختيارات:
A. تعصب من عصبين.
B. تعمل على عطف الركبة.
C. قد تكون غائبة.
D. ترتكز على الكعب الوحشي.",C,A
1131,"يسهم بتشكيل الضفيرة العضدية الأعصاب النخاعية الرقبية (الخطأ): (2009 أولى)

الاختيارات:
A. الثالث .
B. الرابع .
C. الخامس.
D. الثامن .",D,A
1132,"مرض هاشتيوتو :

الاختيارات:
A. نقص نشاط الدرق مناعي ذاتي
B. نقص نشاط درق عند الأطفال
C. ضخامة غدة درقية بنقص اليود
D. C+D
E. كل ما سبق خاطئ",D,A
1133,"الزاوية بين قبضة وجسم القص:

الاختيارات:
A. لويس
B. مونتغومري
C. بيل
D. لا شيء مما سبق",D,A
1134,"هذه الخلايا تسهل حركة و انتقال السائل الدماغي الشوكي إنها :

الاختيارات:
A. ال astrocytes
B. ال oligodendrocytes
C. ال microglia
D. . خلايا Schwann
E. ال ependymal cells",E,E
1135,"تفرز الخلايا العنبية في البنكرياس :

الاختيارات:
A. insulin
B. glucagon
C. lipase
D. somatostatine",A,C
1136,"تتوضع الأحدوبة الظنبوبية عند :

الاختيارات:
A. اتصال الحافة الأمامية مع النهاية العلوية للظنبوب .
B. اتصال الحافة الأنسية مع النهاية العلوية للظنبوب.
C. اتصال النهاية الأنسية مع النهاية السفلية للظنبوب.
D. اتصال الحافة الأمامية مع النهاية السفلية للظنبوب .",B,A
1137,"تقع اللطخة الصفراء :

الاختيارات:
A. وحشي البقعة العمياء
B. أنسي البقعة العمياء
C. وحشي كرة العين
D. أنسي كرة العين",C,A
1138,"اختر الإجابة الصحيحة

الاختيارات:
A. في الأعصاب المحيطية المحاوير ذات القطر الصغير لا تحاط عاده بغمد شوان
B. عقد رانفييه هي انقطاعات على مسار حمد النخاعين
C. المسافة بين عقدتي رانفييه هي من 1-2 سنتيمتر
D. الإجابتان الأولى والثانية صحيحتان
E. كل ما سبق صحيح",E,D
1139,"من المفاصل الليفية ما عدا:

الاختيارات:
A. الدروز.
B. القرص المشاشي.
C. المفصل الوتدي.
D. المرتبطات.",C,B
1140,"يساهم هذا البروتين في الحفاظ على ارتصاف خيوط جهاز التقلص وعلى مقاومة الشد لألياف العضلات المخططة ، إنه ال :

الاختيارات:
A. ألفا أكتينين alpha-actinin
B. ميوميسين myomesin
C. تيتين titin
D. استيل كولين acetylcholine
E. . كل ما سبق خطا",C,C
1141,"يكون التصريف اللمفى للثلث للسان مباشرة الى:

الاختيارات:
A. القعد التكفيه
B. العقد تحت الفكيه
C. العقد اللثويه
D. العقد الحنكية
E. العقد الرقبيه العميقه",C,E
1142,"يمر عبر الجيب الكهفي ما يلي عدا :

الاختيارات:
A. الشريان السباتي الباطن.
B. العصب الفكي العلوي.
C. العصب الثالث.
D. العصب الثامن.",B,D
1143,"تقوم بإفراز الميلاتونين:

الاختيارات:
A. الخلايا الكوكبية.
B. الخلايا الدبقية.
C. الخاليا الصنوبرية.
D. a+c",C,C
1144,"تؤدي إصابة العصب الناصف في المرفق إلى: (2007)

الاختيارات:
A. شلل باسطة الرسغ الكعبرية الطويلة.
B. فقدان تقريب الأصابع.
C. شلل الكابة المدورة.
D. عدم إمكانية ثني الرسغ.",A,C
1145,". الشريانين المبيضيين من فروع

الاختيارات:
A. Aorta adominis
B. Internal iliac artery
C. External iliac artery
D. Anterior tiial artery",B,A
1146,". الشريان الذي له انطباعات على الوجه الداخلي للعظم الصدغي هو فرع من الشريان

الاختيارات:
A. الفكي
B. السباتي الداخلي
C. السباتي الخراجي
D. الصدغي السطحي",B,A
1147,". العظم الرابع من عظام الصف الاول لرسغ اليد عند ترتيبها من الوحشي الى الانسي هو العظم

الاختيارات:
A. Scaphoid
B. Lunate
C. Trapezoid
D. Pisiform",C,D
1148,"أي من الفروع الشريانية الاتية تسير في الأثلام الموجودة على الوجه المخي للقسم الصدفي من العظم الجداري:

الاختيارات:
A. فروع الشريان الصدغي العميق.
B. فروع الشريان السحائي الأوسط.
C. فروع الشريان الصدغي السطحي.
D. فروع الشريان الوجهي.",C,B
1149,"أي من الفروع الشريانية الآتية تسير في الأثلام الموجودة على الوجه المخير للقسم الصدفي من العظم الصدغي :

الاختيارات:
A. فروع الشريان الصدغي العميق.
B. فروع الشريان السحائي الأوسط.
C. فروع الشريان الصدغي السطحي.
D. فروع الشريان الوجهي.",C,B
1150,"التصنيف الذي يمكننا من معرفة العضلات التي تشارك في كل مرحلة مفصلية وتطبيق ذلك أثناء الفحص هو تصنيف :

الاختيارات:
A. وظيفي.
B. جنيني.
C. التوضع.
D. الشكل.",C,A
1151,"أى من الحليمات التالية له دور حسى فقط و لا يتدخل فى حاسة الذوق :

الاختيارات:
A. الحليمات الخيطية
B. الحليمات الكمنية
C. الحليمات الورقية
D. الحليمات المحوطة",C,A
1152,"الشرايين التي تسير بين الفصوص بإتجاه القشرة على كل جانب من جانبي الهرم الكلوي :

الاختيارات:
A. الشرايين الفصية
B. الشرايين بين الفصوص
C. الشرايين المقوسة
D. الشرايين بين الفصيصات",B,B
1153,"يتألف الجهاز المفرغ العلوي في الجهاز البولي من ٣ طبقات إختر الإجابة الخاطئة :

الاختيارات:
A. الفصلية في الخارج
B. تليها تحت المصلية
C. ثم العضلية
D. بعدها المخاطية",B,B
1154,"كل مما يلي صحيح عن the of junctionocculdents zonula في الشعيرات الدموية ما عدا:

الاختيارات:
A. تتواجد بين الخلايا البطانية ذات الأهمية الفزيولوجية.
B. وظيفتها األساسية تأمين نفاذية تجاه الجزيئات الدقيقة.
C. تلعب دورا مهما في الحالات السوية.
D. تلعب دورا مهما في الحالات المرضية.",D,B
1155,"الغدد الموجودة في الجلد والأوعية الدموية تساهم في كل ما يلي ما عدا :

الاختيارات:
A. التنظيم الحراري
B. تنظيم ضغط الدم.
C. body metabolism
D. Excretion",C,B
1156,"كل ما يلي من الخلايا الأقل شيوعا من الظهارية في البشرة ما عدا :

الاختيارات:
A. Melanocytes
B. Langerhans cells
C. Meckel's cells
D. Stem cells",C,D
1157,"منطقة في الشبكية تحوي أوعية صغيرة تتفرع ضمن طبقة الألياف العصبية لتغذية خلايا الشبكية:

الاختيارات:
A. fovea centralis
B. eyelids
C. blind spot
D. apparatus",A,C
1158,"اي من الخلايا الآتية في الظهارة الشمية مسؤول عن تأمين بيئة مكروية لأداء الوظيفة الشمية :

الاختيارات:
A. olfactory neurons
B. supporting cells
C. Basal cells
D. كل ماسبق خطأ.",B,B
1159,"السائل المفرز حول الاهداب الشمية من غدد بومان الموجودة في الصفيحة المخصوصة للظهارة الشمية مسؤول عن :

الاختيارات:
A. ترطيب الهواء المستنشق.
B. السماح بوصول الروائح الجديدة
C. التقاط الاجسام الغريبة.
D. كل ما سبق صحيح.",D,B
1160,"كل مما يلي صحيح عن the of junctionocculdents zonula في الشعيرات الدموية ما عدا:

الاختيارات:
A. تتواجد بين الخلايا البطانية ذات الأهمية الفزيولوجية.
B. وظيفتها األساسية تأمين نفاذية تجاه الجزيئات الدقيقة.
C. تلعب دورا مهما في الحالات السوية.
D. تلعب دورا مهما في الحالات المرضية.",D,B
1161,"الغدد الموجودة في الجلد والأوعية الدموية تساهم في كل ما يلي ما عدا :

الاختيارات:
A. التنظيم الحراري
B. تنظيم ضغط الدم.
C. body metabolism
D. Excretion",C,B
1162,"كل ما يلي من الخلايا الأقل شيوعا من الظهارية في البشرة ما عدا :

الاختيارات:
A. Melanocytes
B. Langerhans cells
C. Meckel's cells
D. Stem cells",C,D
1163,"منطقة في الشبكية تحوي أوعية صغيرة تتفرع ضمن طبقة الألياف العصبية لتغذية خلايا الشبكية:

الاختيارات:
A. fovea centralis
B. eyelids
C. blind spot
D. apparatus",A,C
1164,"اي من الخلايا الآتية في الظهارة الشمية مسؤول عن تأمين بيئة مكروية لأداء الوظيفة الشمية :

الاختيارات:
A. olfactory neurons
B. supporting cells
C. Basal cells
D. كل ماسبق خطأ.",B,B
1165,"السائل المفرز حول الاهداب الشمية من غدد بومان الموجودة في الصفيحة المخصوصة للظهارة الشمية مسؤول عن :

الاختيارات:
A. ترطيب الهواء المستنشق.
B. السماح بوصول الروائح الجديدة
C. التقاط الاجسام الغريبة.
D. كل ما سبق صحيح.",D,B
1166,"نجد نموذج الكبيبة glomera للشعيرات الدموية في كل ما يلي عدا:

الاختيارات:
A. الوجه
B. وسادات الأصابع
C. سرير الظفر
D. الأذنين",C,A
1167,"كل ما هو آت صحيح عن محفظة بومان ما عدا:

الاختيارات:
A. تتداخل الاستطالات القدمية مع بعضها لتشكل شقوق الرشح
B. تتصل المسافة المحفظية بجوفها مع لمعة الأنبوب القريب
C. تعطي الوريقة الحشوية استطالات ترافق تفرعات الأوعية الدموية
D. ترسل الخلايا القدمية استطالات سيتوبلازمية باتجاه المسافة المحفظية",C,D
1168,"كل ما هو آت صحيح في المثانة ما عدا:

الاختيارات:
A. يبطن القميص المخاطي بطبقة انتقالية
B. يمكن أن تأخذ الخلايا الظهارية السطحية الشكل الكمثري
C. تتوزع العضلات في ثلاثة طبقات غير واضحة
D. ثخانة القميص المخاطي ثابتة لا تتبدل",D,D
1169,"كل ما يلي من الملحقات الحلدية ما عدا:

الاختيارات:
A. الغدد المخاطية
B. الأشعار
C. الغدد المصلية العرقية
D. الغدد الدهنية",B,A
1170,"يتكون الجهاز الوعائي الدموي مما يلي ما عدا:

الاختيارات:
A. الشرايين
B. الأوردة
C. الشعيرات اللمفية
D. القلب",C,C
1171,"تملك الطبقة الداخلية من الوعاء الدموي ما يلي عدا:

الاختيارات:
A. النسيج الضام تحت البطاني
B. البطانة الوعائية
C. الصفيحة المرنة الداخلية
D. الصفيحة المرنة الخارجية",D,D
1172,"كل ما يلي من تفرعات الأبهر الأمامية ما عدا:

الاختيارات:
A. الجذع الزلاقي.
B. الشريان المساريقي العلوي.
C. الشريان المساريقي السفلي.
D. الشريان الحجابي السفلي",C,D
1173,"تضم ناصيات الفقار من عضلات الظهر العميقة التالي ما عدا: السؤال للاطلاع

الاختيارات:
A. الطولي الرأسية.
B. الطولى العنقية.
C. المديدة الصدرية.
D. الحرقفية الضلعية.
E. الشوكية الرأسية.",C,C
1174,"تحدث التغيرات التالية في الصدر أثناء الشهيق ما عدا:

الاختيارات:
A. يسحب الهواء إلى الشجرة القصبية.
B. يصعد جذرا الرئتين.
C. يحدث ضغط سلبي على السطح الخارجي للرئتين.
D. تنخفض الحواف السفلية للرئتين.
E. تتمدد الرئتين.",D,B
1175,"تتوضع مباشرة خلف الحيز الوربي الرابع أيمن القص

الاختيارات:
A. الوريد الأجوف العلوي
B. الوريد العضدي الرأسي الأيمن
C. الوريد العضدي الرأسي الايسر
D. الشريان العضدي الرأسي
E. الأذينة اليمني RT atrium",B,E
1176,"تتواجد البنى التالية بباطن البطين الأيمن ما عدا:

الاختيارات:
A. الحجاب بين البطينين
B. الترابيق اللحمية
C. دسام ثنائي الشرف
D. العضلة الحليمية الامامية
E. الشريط المنظم (العارضة الحاجزية)",D,C
1177,"تحدث التغيرات التالية في الصدر أثناء الشهيق ما عدا:

الاختيارات:
A. يسحب الهواء الى الشجرة القصبية
B. يصعد جذرا الرئتين
C. يحدث ضغط سلبي على السطح الخارجي للرئتين
D. تنخفض الحواف السفلية للرئتين الى الأسفل
E. تتمدد الرئتين",C,B
1178,"يشتق العصب الحشوي الكبير من الشدفات الصدرية التالية ما عدا:

الاختيارات:
A. T5
B. T7
C. T8
D. T9
E. T10",D,E
1179,"يستلم الوريد العضدي الرأسي دماً وريداً مباشرة من التالي ما عدا:

الاختيارات:
A. الوريد تحت الترقوة
B. الوريد الوداجي الباطن
C. الوريد الوداجي الظاهر
D. الوريد الدرقي السفلي
E. الوريد الصدري الباطن",C,C
1180,"تضم ناصيات الفقار من عضلات الظهر العميقة التالي ما عدا: السؤال للاطلاع

الاختيارات:
A. الطولي الرأسية
B. الطولي العنقية
C. نصف الشوكية الرأسية
D. الشوكية الرأسية
E. الحرقفية الضلعية العنقية",E,E
1181,"كل ما يلي يعتبر من مخاطر التخدير ما عدا

الاختيارات:
A. الغثيان و الاقياء
B. اعتلال الأعصاب المركزية
C. اضطرابات النظم القلبية
D. الانخماص الرئوي",A,D
1182,"الدواء الأمثل لبدء التخدير لمريض مصاب بنزف حاد هو

الاختيارات:
A. بروبوفول
B. ثيوبنتال
C. ميثو كيزيتال
D. دروبيريدول
E. كيتامين",A,E
1183,"كل ما يعتبر من التأثيرات المحيطية للمورفين ما عدا:

الاختيارات:
A. A. ينقص التقلصات التمعجية ويزيد التقلصات غير التمعجية
B. B. لحرر الهيستامين
C. C. لا يعبر المشيمة
D. D. يسبأ الادمان والاعتياد
E. E. يسبأ لشنج قصبي",C,C
1184,"تستعمل البنزوديابينات في كل ما يلي عدا

الاختيارات:
A. احداث التهدئة وازالة القلق قبل العمل الجراحي
B. مباشرة التخدير العام
C. ضبط الاختلاجات الصرعية
D. تخفيف التأثيرات المقلدة للذهان للكيتامين
E. معاكسة التثبيط التنفسي المحدث بالباربيتوات",B,E
1185,"فيما يخص المرخيات النازعة للاستقطاب كل ما يلي صح عدا

الاختيارات:
A. لا يوجد أي دواء نوعي لمعاكسة تأثيرها
B. نشبه ببنيتها الأستيل كولين
C. تعمل كمضادات تنافسية لمستقبلات الأستيل كولين
D. تؤدي لحدوث التقلصات الحزمية
E. تستقلب بواسطة خميرة استيل كولين استيراز الكاذبة 25. الألياف العصبية الناقلة لحس الألم هي",A,E
1186,"تتميز الفينوليازينات بما يلي عدا

الاختيارات:
A. مضادات اقياء محيطية
B. للتهدئة
C. حالة القلق
D. ميزات معاكسة للكولين
E. تقوية فعل المسكنات المورفينية",A,A
1187,"يتميز المخدر التالي بالمباشرة والصحو السريعين

الاختيارات:
A. النايتروس اوكسايد
B. الهالوثان
C. الايزوفلوران
D. السيفوفلوران
E. الديسفلوران",E,E
1188,"تبدي البنزوديازبينات العديد من الميزات المفيدة للتحضير الدوائي ما عدا:

الاختيارات:
A. A. حالة قلق
B. B. تحدث نساوة
C. C. بالجرعات المنخفضة تحرض التخدير
D. D. تحدث ارخاء
E. E. تبدي ميزات مضادة الاختلاج",B,C
1189,"تستعمل البنزوديابينات في كل ما يلي عدا:

الاختيارات:
A. A. احداث التهدئة وازالة القلق قبل العمل الجراحي
B. B. مباشرة التخدير العام
C. C. ضبط الاختلاجات الصرعية
D. D. معاكسة التثبيط التنفسي المحدث بالباربيتوات
E. E. تخفيف التأثيرات المقلدة للذهان للكيتامين",B,D
1190,"كل ما يتعلق بالمخدرات الموضعية صح عدا

الاختيارات:
A. تسبب إضافة النورايبيفرين لطاول مدة التأثير
B. يزيد القصور الكبدي خطورة الانسمام الجهازي بالليدوكائين
C. تعتبر الأعراض العصبية المظاهر الباكرة الأولي للانسمام بالمخدرات الموضعية
D. يمكن استخدام الليدوكائين بتراكيز منخفضة وريدياً لعلاج بعض بالمخدارت الموضعية
E. تستقلب المخدرات الموضعية الاميدية بواسطة خميرة كولين الزائفة",A,E
1191,"كل ما يلي صحيح بالنسبة للفنتائيل ما عدا:

الاختيارات:
A. بداية تأثيره سريعة 2-1 دقيقة وتتراوح فترة تأثيره 30 دقيقة
B. أن التهدئة الناجمة عنه ضئيلة مقارنة مع المورفين
C. قد تحدث الجرعات العالية منه صلابة في جدار الصدر
D. تأثيراته على الجهاز القلبي الوعائي كبيرة كبيرة يحدث انخفاض شديد في الضغط الشرياني",D,D
1192,"ينقص كل من المحضرات التالية معدل الستقالب الدماغي والتوتر داخل القحف:

الاختيارات:
A. االيثوميدات
B. الكيتامين
C. الثيوبنتال
D. البروبوفول
E. دروبيريدول",D,B
1193,"الدواء الأمثل لبدء التخدير لمريض مصاب بنزف رضي حاد:

الاختيارات:
A. بروبوفول
B. ثيوبنتال
C. كيتامين
D. ميثوهيكزيتال
E. دروبيريدول",B,C
1194,"بما يتعلق بالمرخيات غير المزيلة للاستقطاب اجابة واحدة خاطئة

الاختيارات:
A. تتطاول فترة التأثير في حالة اضطراب خميرة كولين استيراز الورلثي
B. تعتمد فترة تأثيرها علي الجرعة المستخدمة
C. تحتل مستقبلات الأستيل كولين في اللوحة المحركة
D. تنقص النخدرات الانشاقية من حاجة المريض لها
E. يسبب انخفاض درجة الحرارة تطاول الحصار الناجم عنها",C,A
1195,"المرخي العضلي الأمثل لتسهيل تنبيب مريض ذو خطورة عالية الاستنشاق هو:

الاختيارات:
A. اتراكوريوم
B. سيساتراكوريوم
C. بانكورونيوم
D. بيبكورونيوم
E. السكسونيل كولين",B,E
1196,"يتميز الأميدارون بما يلي

الاختيارات:
A. ينقص مدة تأثير الجهد الكهربائي
B. يطيل فترة QT
C. تأثير ضعيف لتقليل انقباض عضلة القلب
D. قد يؤدي إلي انخفاض ضغط الدم
E. يعطي 300 ملغ بالوريد",B,A
1197,"اختر الإجابة الصحيحة :

الاختيارات:
A. تفيد الستيروئيدات القشرية حقنا خاللها في تدبير الألم المزمن
B. يمكن معاكسة التأثيرات المسكنة للوخز بالإبر بإعطاء النالوكسون
C. قد يؤدي تطبيق التنبيه الكهربائي على الجملة العصبية لتسكين الألم الحاد والمزمن
D. يفيد التبريد من أجل تدبير الألم المرافق مع الذات الحادة خاصة مع وجود الوذمة ر
E. كل ما سبق صحيح
F. كل ما سبق خطأ",E,E
1198,"فيما يخص مراحل التخدير العام كل ما يلي صحيح عدا:

الاختيارات:
A. تترافق المرحلة الأولى مع تقبض الحدقة
B. تترافق المرحلة الثانية مع تبيه مركز اللقياء
C. تترافق مرحلة الشلل البصلي مع تثبيط شديد للقلب والتنفس
D. تبدأ المرحلة الجراحية من فقدان المنعكس الجفني حتى شلل العضلة الحجابية
E. تترافق المرحلة الجراحية مع زوال المنعكسات",C,A
1199,"من مضادات استطباب الحصار المحوري العصبي:

الاختيارات:
A. A. رفض المريض
B. B. الاعتلالات النزفية
C. C. نقص الحجم الشديد
D. D. الانتان موضع إجراء الحصار
E. E. كل ما سبق صح",E,E
1200,"يتميز الببتدين بما يلي عدا

الاختيارات:
A. مسكن مورفيني صدمي
B. يسببت تحرر الهيستامين بشكل أقل من المورفين
C. أقل سمية من المورفين
D. يبدي خواص مشابهة للكولين
E. يؤثر علي منعكس السعال قسم الدكتور بنود",B,E
1201,"المرخي العضلي الأمثل لتسهيل تنبيب مريض ذي خطورة عالية للاستنشاق هو

الاختيارات:
A. السوكسنيل كولين
B. ألراكوريوم
C. سيسأتراكوريوم
D. بانكورونيوم
E. البيكورونيوم",D,A
1202,"بما يخص محضر البروبوفول:

الاختيارات:
A. يزيد معدل الجريان الدموي الدماغي
B. شديد المحال في المحاليل المائية
C. يسبب تحرر الكاتيكول أمين
D. يحدث نوما أطول من ذاك الناجم عن الثيوبنتال
E. يبدي قدرة مسكنة ضعيفة",D,E
1203,"بالنسبة لمثبطات خميرة سيكلواوكسيجيناز:

الاختيارات:
A. A. تثبط عملية تركيب البروستاغلاندين
B. B. المحضرات التي تثبط بشكل انتخابي خميرة co-2 ذات سمية أقل للجهاز الهضمي
C. C. تمتص بشكل جيد عبر الجهاز الهضمي
D. D. يجب تعديل جرعاتها عند المصايين باضطراب كبدي
E. E. معظم مركباتها ضعيفة الارتباط بالبروتينات",B,E
1204,"إن الترياق المناسب للتسمم بالمورفين هو:

الاختيارات:
A. A. النالوكسون
B. B. N استيل سيستين
C. C. فلومازينيل
D. D. الفحم الفعال
E. E. ميركابتوبيورين",C,A
1205,"كل ما يتعلق بالأفيونات صح عدا

الاختيارات:
A. كلما زادت شدة الاوبان بالدسم تطاولت فترة التأثير
B. لا تؤثر علي قلوصية العضلة القلبية
C. يمكن حقنها ضمن الحيز فوق الجافية
D. تزداد خطورة التثبيط التنفسي عند مرضي تشمع الكبد
E. مسببة للغثيان والاقياء",D,A
1206,"كل ما يلي يعتبر من الأدوية المستخدمة للتحضير الدوائي ما عدا

الاختيارات:
A. حاصرات الكالسيوم
B. الباربيتورات
C. البنزوديازيبينات
D. الفينوتيازينات
E. المسكنات المورفينية",E,A
1207,"يتميز الألم المزمن بما يلي عدا:

الاختيارات:
A. A. يستمر لفترة لزيد عن ستة أشهر
B. B. الألياف A هي المسؤولية عن عملية نقل هذا الألم
C. C. الاستجابة الصماوية الغدية ضعيفة
D. D. يترافق مع اضطراب النوم والمزاج
E. E. قد ينجم عن الاعتلال العصبي",A,B
1208,"يجأ لجنأ المخدر الانشاقي التالي لعملية لنحراف وترة سيتم فيها حقن الادرينالين للمريض

الاختيارات:
A. الايزوفلوران
B. النايتروس اوكسايد
C. الهلوثان
D. السيفوفلوران
E. الديسفلوران",D,C
1209,"مريض يعاني من جرح نافذ للعين يجب تجنب:

الاختيارات:
A. A. البروبوفول
B. B. الثيوبنتال
C. C. الكيتامين
D. D. الهالوثان
E. E. الميدازولام",A,C
1210,"كل ما يتعلق بتدبير الألم المزمن صحيح عدا:

الاختيارات:
A. A. يلجأ المعالج النفسي لتقنية تحويل الادراك لتعليم التكيف مع الألم
B. B. لا يفيد حصار الضفائر العصبية في هذا النوع من الألم
C. C. يفيد التبريد لتدبير الألم المترافق مع الوذمة
D. D. يحث الوخز بالابر علي تحرير المورفينات داخلية المنشأ
E. E. يفيد التنبيه الكهربائي للنخاع الشوكي",B,B
1211,"تنخفض قيمة مالك في الحالات التاية عدا:

الاختيارات:
A. A. ارتفاع التوتر الشرياني
B. B. الإنسمام الكحولي الحاد
C. C. فقر الدم
D. D. التقدم بالعمر
E. E. الحمل",E,A
1212,"اختر الاجابة الصحيحة:

الاختيارات:
A. A. ان الفلومازنيل و مضاد البنزوديادبينات والباربيتوريات
B. B. ان الالروبين و مضاد للمبيدات الفسفورية العضوية
C. C. ان النالوكسون و مضاد المورفين
D. D. كل ما سبق صح
E. E. كل ما سبق خطأ",D,B
1213,"كل ما يعتبر من التأثيرات المحيطية للمورفين ما عدا

الاختيارات:
A. ينقص التقلصات التمعجية ويزيد التقلصات غير التمعجية
B. لحرر الهيستامين
C. لا يعبر المشيمة
D. يسبأ الادمان والاعتياد
E. يسبأ لشنج قصبي",C,C
1214,"فيما يتعلق بالتوزيع الدوائي للمخدر الوريدي:

الاختيارات:
A. في مرحلة التوزيع الأولي تمتلئ الأعضاء غزيرة التروية بالدواء حد الإشباع
B. يزداد تركيز الدواء الحر إذا نقصت كمية البروتينات الرابطة
C. الصحو من تأثير الثيوبنتال ال ينجم عن استقالة او اطراحه بل عن عود توزيعه من الدماغ إلى العضلات
D. يعتمد توزيع المخدر الوريدي على درجة ذوبانه بالدسم
E. كل ما سبق صحيح",E,E
1215,"من أشكال التخدير الناحي كل ما يلي عدا

الاختيارات:
A. التخدير داخل الجافية
B. التخدير فوق الجافية
C. التخدير النا ي الوريدي
D. التخدير الايلي
E. التخدير الالانفصالي",C,E
1216,"أكثر المخدرات الانشقاقية التي تحدث تأثيرا مسكنا :

الاختيارات:
A. سيفوفلوران
B. ايزوفلوران
C. الهالوثان
D. ديسفلوران
E. النايتروس أوكسيد",E,E
1217,"قد يؤدي الألم الحاد الي مايلي ماعدا

الاختيارات:
A. يحرض الداء القلبي
B. يؤدي لقرحة الشدة
C. يزيد معدل إفراز الأنسولين
D. يضعف فعالية السعال
E. ازدياد قابلية الخثار الدموي أسئلة الدكتورة رائعة",A,C
1218,"كل مايلي يخفض التوتر داخل القحف أثناء التخدير عدا

الاختيارات:
A. الباربيتورات
B. الكيتامين
C. البروبوفول
D. ايثوميدات
E. دروبيريدول",B,B
1219,"كل ما يلي صحيح عن الديازيبام عدا:

الاختيارات:
A. بنزوديازيبين منحل بالدسم وغير منحل بالماء
B. يجب إعطاؤه حقنا عضليا و فمويا
C. يمكن اعطاؤه بالطريق المستقيم
D. ان نصف العمر الطراحي طويل نسبيا
E. يستخدم في الحالات الصرعية",B,B
1220,"يستخدم النظام المعدل للتخدير المبكر للتعرف علي المريض ذو الحالة الحرجة ويعتمد علي

الاختيارات:
A. النبض
B. الضغط الانبساطي
C. معدل التنفس
D. درجة الحرارة
E. درجة الوعي",B,B
1221,"بالنسبة للأفيونات كل ما يلي صح ما عدا :

الاختيارات:
A. A. يمكن حقنها عضلياً ضمن القراب أو ضمن الحيز فوق الجافية
B. B. وجد الفنتائيل مضاد أفيوني
C. C. تؤدي للاعتماد الفيزيائي بعد الاعطاء المتكرر
D. D. من الشائع احداتها للغثيان والاقياء
E. E. يزيد احتمال حدوث تثبيط تنفسي مع التقدم بالعمر",D,B
1222,"في فرط الحرارة الخبيث كل ما يلي صح عدا

الاختيارات:
A. يعد الكيتامين من العوامل المسببة
B. الداء النوعي هو Dantroline
C. العلامة الأولي المنبئة لحدوثه تقلص عضلات الفك السفلي
D. ترتفع درجة حرارة المريض تدريجياً
E. يتم التشخيص بخزعة عضلية وتعريضها للعامل المحرض",E,A
1223,"كل ما يلي من المشاكل المصادفة تخدير مريض بدين ما عدا:

الاختيارات:
A. قد يسبب صعوبة في التنبيب
B. هم أكثر ميلا للإصابة بنقص التروية الإكليلية
C. يتعرضون لجرعات فائضة من المرخيات حيث يجب التعامل معهم على أساس كتلة العضلات وليس كتلة العضلات وليس الوزن الكلي
D. الصحو لديهم سريع بسبب توزع المخدرات في طبقات الدسم الكبيرة",C,D
1224,"كل ما يلي صحيح بالنسبة للفلومازينيل ما عدا

الاختيارات:
A. عند استخدامه بجرعات عالية يبدي بعض الميزات المقلدة للبنزوديازبينات
B. يعاكس التأثيرات المركزية للبنزوديازبينات
C. يستخدم في الات التسمم و حوادث الانتحار بالفينوليازينات
D. المعاكسة لبدأ خلال دقيقة وا حدة فقط من الحقن
E. فترة التأثير لعتمد علي الجرعة المعطاة",D,C
1225,"يفضل استعمال المرخي العضلي التالي لمريض القصور الكلوي

الاختيارات:
A. بانكورانيوم
B. أتراكوريوم
C. بيبكورونيوم
D. ميفاكوريوم
E. دوكساكوريوم",B,B
1226,"يتميز الميدازولام بما يلي ما عدا:

الاختيارات:
A. A. عبارة عن بنزوديازبين منحل بالدسم
B. B. يمكن اعطاؤه بالوريد أو العضل
C. C. نصف عمره الاطرلحي أقل من الديازيبام
D. D. ذو بداية تأثير أسرع من الديازيبام
E. E. يمكن اعطاؤه فمويا أو عن طريق المستقيم",C,A
1227,"تشمل الصفات الفيزيائية الأيزوفلورين ما يلي:

الاختيارات:
A. قابل لالشتعال بوجود االوكسجين
B. MAC 0.75
C. لونه األحمر
D. غير ثابت الكلس الصودي
E. ورائحته اللاذعة",B,E
1228,"الميدازولام:

الاختيارات:
A. A. مفيد في ضبط الاختلاجات الصرعية
B. B. ينافس البربوفول في سرعة تنويم المريض
C. C. قليل الانحلال بالدسم
D. D. محرض للبورفيريا
E. E. يسبب حالة من التخدير الإنفصالي",B,A
1229,"كل ما يلي يعتبر من أهداف التحضير الدوائي ما عدا

الاختيارات:
A. تهدئة المريض وازالة قلقه ومخاوفه
B. رفع الاستجابات الودية الكظرية
C. انقاص المفرزات
D. انقاص احتمال حدوث غثيان والاقياء
E. تخفيف ولجم المنعكسات المبهمية قسم الدكتورة رائعة",B,B
1230,"فيما يتعلق بالبدانة صحيح ما عدا:

الاختيارات:
A. زيادة %20 عن الوزن المثالي
B. تترافق مع أمراض نقص التروية الإكليلية
C. معرضين أكثر للقلس والاستنشاق أثناء بدء التخدير
D. مباشرة التخدير متعبة وأكثر صعوبة
E. تحسب جرعة الأدوية المنحلة بالماء على أساس الوزن المثالي",E,E
1231,"تتميز المرحلة الأولي من التخدير العام بكل ما يلي عدا

الاختيارات:
A. فقدان الااكرة
B. زوال حس الألم
C. ثبات مقلة العين للأمام
D. لنتهي بفقدان الوعي
E. تبقي جميع المنعكسات طبيعية",D,C
1232,"في علاج الألم المزمن

الاختيارات:
A. تحدث مضادات الاكتئاب تأثيراً مسكناً بجرعة أكبر من تلك اللازمة لمعاكسة الاكتئاب
B. الفنتوئين في تدبير ألم اعتلال العصبي السكري
C. قد تؤدي مضادات الاختلاج لتأثيرات جانبية خارج هرمية
D. لا يفيد حقن الستيروئيدات ضمن الحيز فوق الجافية
E. كل ماسبق صح",E,C
1233,"مريض مصاب بالتهاب كبد يجأ استبعاد المخدر الانشاقي التالي أثناء التخدير

الاختيارات:
A. النيتروس اوكسايد
B. الهالوثان
C. الديسفلوران
D. الايزوفلوران
E. السيفوفلوران",C,B
1234,"مريض سيخضع لعملية لرقيع غشاء الطبل يجأ تجنب الانشاقي التالي

الاختيارات:
A. النيتروس أوكسايد
B. الهالوثان
C. الديسفلوران
D. الايزوفلوران
E. السيفوفلوران",A,A
1235,"كل ما يلي صحيح بالنسبة لخطورة التخدير للمرضي الذين في سوابقهم احتشاء عضلة قلبية ماعدا

الاختيارات:
A. حدوث احتشاء جديد بنسبة 40% خلال الأشهر الثلاثة الأولي التالية للاحتشاء
B. حدوث احتشاء جديد بنسبة 15% بين الشهرين 3-6
C. حدوث احتشاء بنسبة 5% بعد 6 أشهر
D. تبلغ نسبة الوفيات الناجمة عن الاحتشاء التالي للعمل الجراحي 40-60%
E. تقع هذه الحوادث معظمها في الساعات الأولي بعد العمل الجراحي",E,E
1236,"مريض سيخضع جراحي اسعافي ويعاني من قصور كلوي يفضل استعمال المرخي العضلي التالي

الاختيارات:
A. بانكورانيوم
B. أتراكوريوم
C. بيبيكورونيوم
D. ميفاكوريوم
E. دوكساكوريوم",C,B
1237,"أثناء تخدير مريض يعاني من نقص تروية اكليلة يجب استبعاد

الاختيارات:
A. فنتانيل
B. الإيزوفلوران
C. الديسفلوران
D. الريميفنتاليل
E. السيسألراكوريوم",E,B
1238,"كل ما يلي من المشاكل المتوقعة حدوثها عند البدينين ول العمل الجراحي ما عدا

الاختيارات:
A. صعوبة نقلا المريض ولحريكه
B. صعوبة مراقبة ضغطه
C. احتمال لعرض المريض للاستنشاق
D. صعوبة العمليات علي البطن
E. التنبيب عند هؤلاء المرضي سهل جداً رغم البدانة",E,E
1239,"كل ما يلي صحيح بالنسبة لخطورة التخدير للمرضي الذين في سوابقهم احتشاء عضلة قلبية ما عدا

الاختيارات:
A. حدوث احتشاء جديد بنسبة 40% خلال الأشهر الثلاثة الأولي التالية للاحتشاء
B. حدوث احتشاء جديد بنسبة 15% بين الشهرين 3-6
C. حدوث احتشاء جديد بنسبة 5% بعد 6 أشهر
D. تبلغ نسبة الوفيات الناجمة عن الاحتشاء التاي للعمل الجراحي 40-60%
E. تقع هذة الحوداث معظمها في الساعات الأولي بعد العمل الجراحي",E,E
1240,"عندما يكون المريض عل جهاز التنفس ولديه نقص الضغط غاز الاوكسجين في الدم الشرياني كل الإجراءات التالية صحيحة ما عدا

الاختيارات:
A. رفع نسبة الأوكسجين
B. زيادة PEEP
C. زيادة التهدئة
D. إعطاء الإرخاء
E. كل ما سبق صح قسم الدكتورة رائعة",D,E
1241,"سوف يخضع مريض مصاب بالتهاب الكبد الى عملية استئصال المرارة يجب تجنب المخدر الشاقي التالي:

الاختيارات:
A. سيفوفلوران
B. الهالوثان
C. ايزوفلوران
D. الديسفلوران
E. النيتروساوكسايد",B,B
1242,"كل ما يلي صحيح من تأثيرات الضغط الإيجابي في نهاية الزفير PEEP ما عدا:

الاختيارات:
A. يحسن اكسجة الشريانية
B. الريح الصدرية من اختلاطات استعماله
C. يؤدي الى هبوط الضغط الشرياني
D. يرفع التوتر داخل القحف
E. الانخماص الرئوي من اختلاطات استعماله",C,E
1243,"كل ما يلي من عالمات على التخطيط الكهربائي يدل على اضطراب رئوي ما عدا:

الاختيارات:
A. نقص الفولتاج ونقص تطور الموجة R
B. موجة T أعلى من 2.5
C. انحراف المحور نحو اليمين
D. ضخامة بطين أيمن
E. حصار غصن أيمن",C,B
1244,"كل مما يلي يؤدي الى تطاول الحصار العصبي العضلي المحدث بالمرخيات غير المزيلة لالستقطاب:

الاختيارات:
A. انخفاض درجة الحرارة
B. الحماض التنفسي
C. نقص الكالسيوم
D. المشاركة مع المخدرات الانشاقية
E. انخفاض تركيز خميرة الكولين استيراز",D,E
1245,"تبلغ تراكيز الباربيتورات القلبية والدماغية مستويات أعلى )عند إعطاء نفس الجرعة مقارنة مع الحالات الطبيعية( في الحالات التاليةما عدا:

الاختيارات:
A. حالة صدمة نقص الحجم
B. تشمع الكبد
C. الحماض
D. الأمراض التنفسية المزمنة
E. نقص ألبومين المصل",B,D
1246,"كل ما يلي صحيح ما عدا: كل المخدرات الانشاقية التالية تحفظ بشكل سائل طيار بالضغط الجوي النظامي:

الاختيارات:
A. هالوثان
B. نيتروس أوكسيد
C. ايزوفلوران
D. سيفوفلوران
E. ديسفلوران",B,B
1247,"كل ما يلي من المشاكل المتوقعة حدوثها عند البدينين حول العمل الجراحي ما عدا:

الاختيارات:
A. التنبيب عند هؤلاء المرضى سهل جدا رغم
B. صعوبة مراقبة ضغطه
C. احتمال تعرض المريض لاستنشاق البدانة
D. صعوبة نقل المريض وتحريكه
E. صعوبة العمل الجراحي خاصة على البطن",A,A
1248,"هناك العديد من العوامل المؤثرة على الحصار العصبي العضلي المحدث بالمرخيات غير النازعة لاستقطاب ما عدا:

الاختيارات:
A. السن
B. الاضطرابات الشاردية
C. سرعة الحقن
D. درجة الحرارة
E. الأعراض المرافقة",C,C
1249,"كل ما يلي صحيح عن تدبير شخص أصيب بعسرة بلع وضيق نفس بعد عدة دقائق من تعرضه للسعة نحلة ما عدا:

الاختيارات:
A. اعطاء 0،01 مل/ كغ من محلول 1000:1 من الأدرينالين تحت الجلد
B. نقله إلى المستشفى
C. إجراء التنبيب الرغامي فورا
D. إعطاءه الدايفين هيدرامين ( مضاد هيستامين) وريديا",C,C
1250,"ما المرخي العضلي المناسب الذي يجب أن تستخدمه عند مريض يحتاج إنتاج قلبي توتر شرياني مرتفع:

الاختيارات:
A. اتراكوريوم
B. سيساتراكوريوم
C. سكسونيل كولين
D. بانكورونيوم
E. كل مما سبق خطأ",B,D
1251,"أعطي المريض جرعة من الكيتامين ولقد بقيت عيناه مفتوحتين مع رأرأة خفيفة وحركات غير هادفة أن ما سبق يشير:

الاختيارات:
A. أن الجرعة غير كافية
B. يجب إعطاء المزيد من الكيتامين إيقاف تلك الحركات
C. أن الجرعة مفرطة
D. ان المريض يعاني من الاختلاجات
E. أن الجرعة السابقة مركنة ومخدرة",C,E
1252,"إذا أعطيت جرعة صغيرة من مرخ غير نازع لاستقطاب قبل 3 دقائق من إعطاء جرعة التنبيب من السكسونيل كولين:

الاختيارات:
A. تسمح هذه المقاربة بالتنبيب أسرع
B. هذه المقاربة تمنع حدوث اللانظميات القلبية
C. هذه المقاربة تمنع أو تخفف من حدوث التقلصات الحزمة العضلية
D. هذه المقاربة ال تمنع ارتفاع التوتر داخل القحف",C,C
1253,"يؤدي اعطاء السكسونيل كولين بجرعة 1 ملغ / كغ الى ظهور التأثيرات التالية باستثناء:

الاختيارات:
A. تسرع القلب عند البالغين بعد تكرار تلك الجرعات عدة مرات
B. ارتفاع الضغط داخل المعدة
C. بطء القلب عند الولدان والرضع
D. ارتفاع التوتر داخل القحف
E. فرط البوتاسيوم عند المريض المصاب بالشلل النصفي السفلي",A,A
1254,"قبل مريض في المستشفى إلجراء عملية إسعافية حيث وجد لدى المريض أنه يعاني من قصور كلوي ما الدواء المنتخب والرخاء العضلي والتنبيه:

الاختيارات:
A. سكسونيل كولين
B. بانكورونيوم
C. اتراكوريوم
D. بانكورونيوم
E. روكرونيوم",D,C
1255,"كل ما يلي صحيح بالنسبة لخطورة التخدير للمرضي الذين في سوابقهم احتشاء عضلة قلبية ماعدا:

الاختيارات:
A. A. حدوث احتشاء جديد بنسبة 40% خلال الأشهر الثلاثة الأولي التالية للاحتشاء
B. B. حدوث احتشاء جديد بنسبة 15% بين الشهرين 3-6
C. C. حدوث احتشاء بنسبة 5% بعد 6 أشهر
D. D. تبلغ نسبة الوفيات الناجمة عن الاحتشاء التالي للعمل الجراحي 40-60%
E. E. تقع هذه الحوادث معظمها في الساعات الأولي بعد العمل الجراحي",E,E
1256,"مريض سيخضع جراحي اسعافي ويعاني من قصور كلوي يفضل استعمال المرخي العضلي التالي:

الاختيارات:
A. A. بانكورانيوم
B. B. أتراكوريوم
C. C. بيبيكورونيوم
D. D. ميفاكوريوم
E. E. دوكساكوريوم",C,B
1257,"يجأ لجنأ المخدر الانشاقي التالي لعملية لنحراف وترة سيتم فيها حقن الادرينالين للمريض:

الاختيارات:
A. A. الايزوفلوران
B. B. النايتروس اوكسايد
C. C. الهلوثان
D. D. السيفوفلوران
E. E. الديسفلوران",D,C
1258,"كل ما يلي من المشاكل المتوقعة حدوثها عند البدينين ول العمل الجراحي ما عدا:

الاختيارات:
A. A. صعوبة نقلا المريض ولحريكه
B. B. صعوبة مراقبة ضغطه
C. C. احتمال لعرض المريض للاستنشاق
D. D. التنبيب عند هؤلاء المرضي سهل جداً رغم البدانة
E. E. صعوبة العمليات علي البطن",D,D
1259,"كل ما يلي صحيح بالنسبة لخطورة التخدير للمرضي الذين في سوابقهم احتشاء عضلة قلبية ما عدا:

الاختيارات:
A. A. حدوث احتشاء جديد بنسبة 40% خلال الأشهر الثلاثة الأولي التالية للاحتشاء
B. B. حدوث احتشاء جديد بنسبة 15% بين الشهرين 3-6
C. C. حدوث احتشاء جديد بنسبة 5% بعد 6 أشهر
D. D. تبلغ نسبة الوفيات الناجمة عن الاحتشاء التاي للعمل الجراحي 40-60%
E. E. تقع هذة الحوداث معظمها في الساعات الأولي بعد العمل الجراحي",E,E
1260,"عندما يكون المريض عل جهاز التنفس ولديه نقص الضغط غاز الاوكسجين في الدم الشرياني كل الإجراءات التالية صحيحة ما عدا:

الاختيارات:
A. A. رفع نسبة الأوكسجين
B. B. زيادة PEEP
C. C. زيادة التهدئة
D. D. إعطاء الإرخاء
E. E. كل ما سبق صح",D,E
1261,"مريض يعاني من جرح نافذ بالعين يجب تجنب:

الاختيارات:
A. A. البروبوفول
B. B. الثيوبنتال
C. C. السوكسونيل كولين
D. D. الهالوثان
E. E. الميدوزولام",C,C
1262,"تدون الحد الحموض الأمينية التقية على زمرة لا قطبية عدا:

الاختيارات:
A. Ala
B. Vel
C. Pro
D. Met",C,D
1263,"في النسخة الأولية للرنا والتي تسمى hn RNA أو Heteronucleor RNA) الخطأ (

الاختيارات:
A. هي أصغر من mRNA الناضج
B. لا تحوي على الرأس القبعة Capping
C. لا تحوي على الذيل Tailing
D. هي نفسها ال Pre mRNA",D,A
1264,"يتم اصطناع الدقائق الكيلوسية:

الاختيارات:
A. في الكبد
B. في الدماغ
C. في الطحال
D. في الأمعاء",C,B
1265,"بوتانال+سيانيد الهيدروجين:

الاختيارات:
A. هيدروكسي بنتان نتريل
B. هيدروكسي ميتان نتريل
C. هيدروكسي بروبان نتريل
D. هيدروكسي ايتان نتريل",C,A
1266,"الدور الحيوي للتمائم (FMN) و (FAD) هو:

الاختيارات:
A. حامل عابر للزهرة الأسباية.
B. حامل عابر الزمرة أمينية.
C. حامل عابر الزهرة الكربوكسيل.
D. كل ما سبق خطأ.",B,D
1267,"تكون الآليات المنظمة الأكثر تأثيراً في النمط الظاهري Phenotype للكائن الحي هي بشكل أساسي على المستوى:

الاختيارات:
A. معالجة الرنا.
B. تدرك الرنا.
C. الترجمة.
D. كل ما سبق خطأ.",C,D
1268,"كل ما يلي حول البروتينات صحيح ما عدا:

الاختيارات:
A. تشكل ٩٠% أو أكثر من الوزن الجاف للخلايا.
B. توجد في جميع الخلايا الحية وفي جميع أجزائها أيضاً.
C. قد توجد مئات الأنواع من البروتينات في خلية واحدة.
D. تعتمد كل العمليات الحيوية في الجسم على البروتينات.",D,A
1269,"كل مما يلى من الاختلاطات المتاخره للداء السكرى ما عدا:

الاختيارات:
A. متلازمه النفروز
B. احتشاء العضله القلبيه
C. قصور الكليه
D. انفصال شبكيه العين",C,A
1270,"تشكل الكاريا مونيل الفوسفات بإنزيم

الاختيارات:
A. الارجيناز
B. الكاربامونيل فوسفات 1
C. ارجينو سوكسينات لباز
D. اسبارتات ترانس كاربوا موني لاز",B,B
1271,"كل مما يلي حول وحدات النظام الدولي صحيح ما عدا :

الاختيارات:
A. تستخدم الوحدة (كانال (لتر) للتعبير عن فعالية الإنزيمات.
B. تستخدم الوحدة (باسكال) للتعبير عن ضغط غازات الدم.
C. تستخدم الوحدة (حريرة) للتعبير عن الطاقة الحرارية.
D. تستخدم الوحدة (مول التر) للتعبير عن تركيز شوارد الهيدروجين.",B,C
1272,"من أسباب عوز الحديد:

الاختيارات:
A. زيادة متطلبات الجسم من الحديد
B. تناقص امتصاص حديد الطعام
C. أي سبب يؤدي لفقد الدم الحاد او المزمن
D. كل ما سبق",D,D
1273,"من الركائز المستخدمة في عملية استحداث السكر:

الاختيارات:
A. اللاكتات
B. الغليسرول
C. بعض الحموض الأمينية
D. كل ما سبق صحيح",D,D
1274,"كل ما يلي عن صفات بروتين الكولاجين صحيح عدا:

الاختيارات:
A. يكثر في بنيته وجود الأرجينين
B. يتحمل قوة شد كبيرة جدا
C. ذو بنية حلزونية ثلاثية تشبه الحبل
D. يشكل حوالي ثلث كتلة البروتين الإجمالي في الجسم",D,A
1275,"كل ما يلي حول Classic phenylketonuria صحيح ما عدا:

الاختيارات:
A. سببها عوز إنزيم (تيروزين هيدروكسيلان).
B. قد تسبب تراجع عقلي.
C. قد تسبب إقياء معند.
D. تستجيب للعلاج باستخدام الحمية الغذائية.",A,A
1276,"وجود الكريات الحمراء في السائل المنوي يدل على:

الاختيارات:
A. سل الجهاز التناسلي
B. رضوض الخصية
C. دوالي الحبل المنوي
D. كل ما سبق صحيح",D,D
1277,"الببسين يفكك:

الاختيارات:
A. الدسم
B. البروتين
C. السكريات
D. الغليسرين",B,B
1278,"الحمض الأميني التالي هو: H-CH-COO وفيه NH3 موجب:

الاختيارات:
A. الغليسين.
B. البرولين.
C. السيرين.
D. السيستئين.",A,A
1279,"الأسس البورينية:

الاختيارات:
A. أدينين - غوانين
B. ثايمين - سيتوزين
C. أدينين - ثايمين
D. كل ما سبق خاطئ",A,A
1280,"من التظاهرات السريرية لالتهاب السحايا لدى حديثي الولادة:

الاختيارات:
A. سوء تغذية ونقص شهية.
B. بكاء مستمر عالي النبرة.
C. ارتفاع الحرارة.
D. كل ما سبق صحيح.",D,D
1281,"روابط الفوسفو دي استر:

الاختيارات:
A. تتشكل بين النوكليوتيدات المتقابلة على طاقي الدنا
B. تتشكل نتيجة ارتباط زمرة الفوسفات على النهاية 5 من النوكليوتيد التالي مع زمرة الهدروكسيل على النهاية 3 من النوكليوتيد الأول
C. تتشكل نتيجة ارتباط زمرة الهدروكسيل على النهاية 5 من النوكليوتيد الأول مع زمرة فوسفات على النهاية 3 من النوكليوتيد التالي
D. تتكون بشكل رئيسي بين الاسس الازوتية للنوكليوتيدات",B,B
1282,"من الحموض الدهنية المشبعة حمض:

الاختيارات:
A. الأوليك
B. الستياريك
C. اللينولينيك
D. الأراشيدونيك",C,B
1283,"يزداد عدد الأسطوانات الهيالينية في:

الاختيارات:
A. التجفاف
B. قصور القلب الاحتقاني
C. الجهد
D. كل ما سبق صحيح",D,D
1284,"كل ما يلي حول التمسخ صحيح ما عدا:

الاختيارات:
A. عملية قابلة للعكس
B. هو عملية زوال تطوي البروتين وتشوه بنيته الثانوية والثالثية
C. يؤدي لفقدان البروتين لوظيفته الحيوية
D. سببه تفكك الروابط الببتيدية",D,D
1285,"سبب هذه الحالة هو عوز في أنزيم:

الاختيارات:
A. المالتاز
B. اللاكتاز
C. السكراز
D. الألدولاز",B,B
1286,"من الحموض الدهنية الأساسية حمض:

الاختيارات:
A. الأوليك
B. الستياريك
C. اللينولينيك
D. البالميتيك",C,C
1287,"في معالجة الحمض النووي الريبي المرسال: mRNA Processing (الخطأ)

الاختيارات:
A. تتم في النواة والهيولي
B. تحتاج إلى الطاقة ATP
C. حصول تغيير في الأسس مكان الوصل يؤدي حدوث الطفرات
D. تتم إضافة القلنسوة Cap في البداية بالكربون رقم 5",A,A
1288,"الكولاجين ماعدا:

الاختيارات:
A. يتشكل في الخلايا المولدة للكولاجين
B. كروي
C. الروابط الهيدروجينية مهمة للبنية
D. يحوي على هيدروكسي ليزين وهيدروكسي برولين
E. يتشكل من طليعة الكولاجين",D,B
1289,"متلازمة فرنيكة – كور سأكوف:

الاختيارات:
A. تحدث عند الرضع
B. من اعراضها فقدان الذاكرة
C. تسبب الساد العيني
D. كل ما سبق خطأ",A,B
1290,"يمكن ان تفاعل جزيئات الاتن مع بعضها تحت ظروف معنية لتشكل البولي اتن (متعدد اتن) ما التعبير الصحيح لوصف جزيئات الاتن في هذا التفاعل:

الاختيارات:
A. مونوميرات (موحودات)
B. كربوكاتيون
C. نكليوفيلات
D. جذور حرة",A,A
1291,"فحص مجهري للجراثيم سلبي الغرام كل مايلي ما عدا:

الاختيارات:
A. E. coli
B. سالمونيلا تيفية
C. مكورات عنقودية
D. انواع المتقلبات",D,C
1292,"كل مما يلي حول التهاب الكبد الخاطف صحيح ما عدا:

الاختيارات:
A. قد لا يحدث ارتفاع في قيم AST – ALT.
B. بدل الارتفاع غير الشديد في البيليروبين على سوء إنذار.
C. يدل استمرار تطاول زمن البروترومبين على سوء الإنذار.
D. يدل تشارك HDHBV على سوء الإنذار.",B,A
1293,"كل مما يلي حول البرقان الولادي العائلي العابر صحيح ما عدا:

الاختيارات:
A. الارتفاع في البيلروبين غير المقترن.
B. يظهر البرقان في اليوم 3- 5 بعد الولادة.
C. يصل البرقان إلى ذروته في اليوم الثالث بعد الولادة.
D. يختفي اليرقان خلال 2-3 أسابيع بعد الولادة.",A,C
1294,"يستخدم للكشف عن متلازمة داون:

الاختيارات:
A. FISH
B. CGH
C. Mcb
D. karyotype",A,D
1295,"يرتفع تركيز الكرياتينين عند إصابة الوظيفة الكلوية بنسبة:

الاختيارات:
A. 0.2
B. 0.35
C. %50 >
D. 0.1",C,C
1296,"كل مما يلي حول التهاب الكبد الفيروسي A صحيح ما عدا:

الاختيارات:
A. من الحالات تتحول إلى حامل مزمن chronic carrier.
B. يتم الانتقال عن الطريق البرازي النموي.
C. تكون الأعراض والعلامات في أغلب الأحيان معتدلة.
D. مخبرياً يمكن معايرة HAV Ab IgG-IgM.",B,A
1297,"فقد البروتين الشحمي بيتا Abetalipoproteinemia:

الاختيارات:
A. يتميز بغياب HDL.
B. اضطراب صيفي مرتبط بالجنس X-Linked.
C. قد يسبب موز في الفيتامينات الذوابة في الدهن.
D. قد يسبب فقر دم بعوز الحديد",C,C
1298,"من مثبطات سلسلة نقل الالكترون.

الاختيارات:
A. .Rotenone
B. Oligomycin.
C. Amobarbital.
D. كل ما سبق صحيح.",D,D
1299,"الوراثة عديدة العوامل هي:

الاختيارات:
A. وراثة وحيدة الصبغي
B. وراثة عديدة الجينات
C. وراثة مندلية
D. تضافر كل من العوامل الجينية والبيئية",D,D
1300,"صحيح عدا:

الاختيارات:
A. يتثبط بارتفاع مستويات ال ATP
B. يتفعل بارتفاع مستويات السيترات
C. يتفعل بارتفاع مستويات ال AMP
D. يتفعل بارتفاع مستويات الفركتوز 2_6 ثنائي الفوسفات",C,C
1301,"بروتين الألفا كراتين:

الاختيارات:
A. يحوي بصورة مميزة على ثمالات البرولين
B. من وظائفه تأمين الوقاية الخارجية للجسم
C. يشكل الوزن الجاف الكلي تقريبا للجلد
D. كل ما سبق صحيح",D,B
1302,"اختر الاجابة الصحيحة:

الاختيارات:
A. ينتمي كل من الأدنين والسيتوزين الى البورينات
B. ينتمي كل من التيمين والسيتوزين الى البيريميدينات
C. ينتمي كل من الغوانين والتيمين الى البيريميدينات
D. ينتمي كل من الغوانين والسيتوزين الى البورينات",D,B
1303,"في دورة حمض الليمون تعمل مع الانزيمات التمائم التالية ما عدا

الاختيارات:
A. فوسلوريلاز
B. FAD
C. NAD
D. CoA",A,A
1304,"تشمل مناطق الارتباط على الريباسات ما يلي: (الخطأ)

الاختيارات:
A. بمنطقة ارتباط RNAm على الوحيدة الصغيرة.
B. منطقة ارتباط رنا مرسال على الوحيدة الكبيرة.
C. T RNA site -Aminoacyl المنطقة.
D. T RNA site - Peptidyl المنطقة P.",C,B
1305,"كل المعلومات المذكورة أدناه عن بوليميراز الرنا للجراثيم E. coli صحيحة عدا:

الاختيارات:
A. يحوي فعالية تفكيك لطاقي الدنا
B. يحوي فعالية إعادة ربط لطاقي الدنا
C. يحفز إضافة 400 نكليوتيد كل ثانية
D. لا يحتاج لمشرع ليبدأ اصطناع سلسلة الرنا",D,C
1306,"في التهاب الدرق المؤلم Painful Thyroiditis:

الاختيارات:
A. غالباً ما تنخفض قيم الغلوبيولين الدرقي (Thyroglobulin).
B. غالباً ما ترتفع قيم سرعة التلف ESR.
C. عادة ما تكون أضداد TPO مرتفعة.
D. D كل ما سبق صحيح.",D,B
1307,"التعبر (التعبيرية:)

الاختيارات:
A. نمط جيني نافذ.
B. يمكن لجين ما رغم انتفاذها أن تعبر عن نفسها بدرجات مختلفة.
C. مجموعة جينات مسؤولة عن ظهور صفة ما قادرة على التعبير عن نفسها في نمط ظاهري.
D. جميع ما ذكر صحيح.",D,D
1308,"يكون الصبغي شاذاً بنيوياً في الحالات التالية: (الخطأ)

الاختيارات:
A. فقد قسم كبير منه
B. إذا تضاعف جزء صغير منه
C. إذا شكل حلقة
D. فقد كاملاً",B,D
1309,"كل مما يلي حول التهاب الكبد المزمن المستمر صحيح ما عدا :

الاختيارات:
A. ترتفع ALT، AST عادة إلى 2-5 أضعاف المستوى السوي.
B. الفوسفاتاز القلوية في الحدود السوية أو ترتفع ارتفاعاً معتدلاً.
C. البروتينات والألبومين وزمن البروثرومبين عادة في الحدود السوية.
D. غالباً ما يدخل المريض في حالة السبات Coma.",D,A
1310,"الفلاكتوزيمية:

الاختيارات:
A. تبدأ بالظهور بعد فطام الطفل عن حليب الأم
B. سببها عوز أنزيم الألدولاز
C. تعالج بإعطاء الحليب
D. كل ما سبق خطأ",A,D
1311,"من تظاهرات المتلازمة السرطاوية Carcinoid syndrome ما عدا:

الاختيارات:
A. بيغ (إحمرار) الجلد flushing of the skin.
B. ارتفاع مفاجيء لضغط الدم.
C. اسهال مائي.
D. ارتفاع 5-HIAA في البول.",B,B
1312,"من أسباب الاعتلال المعوى المضبع للبروتين Protien-Losing Enteropathy :

الاختيارات:
A. تشمع الكبد
B. متلازمه النفروز
C. الداء الزلافى
D. كل ما سبق صحيح",D,C
1313,"هرمون يسهم في ضبط تكامل عملية استقلاب الطاقة:

الاختيارات:
A. الأنسولين
B. الغلوكاكون
C. A&B كل من
D. كل ما سبق خاطئ",C,C
1314,"يشير النمط XXXY إلى: (الخطأ)

الاختيارات:
A. شذوذ صبغي
B. عددي
C. أنثى
D. خنثوية",C,C
1315,"يتكون التكليوتيد من:

الاختيارات:
A. حموض امينية
B. tRNA, Mrna
C. اساس ازوتي وسكر ومجموعة فوسفات
D. سيستينين وتريبتوفان",C,C
1316,"كل مما يلي حول التهاب الكبد الفيروسي B صحيح ما عدا :

الاختيارات:
A. ارتفاع AST + ALT يتناسب مع درجة التخرب الخلوي الكبدي.
B. انخفاض زمن البروثرومبين يتناسب مع درجة الأذية الكبدية.
C. ارتفاع (GGT + Alk) يتناسب مع درجة الركود الصفراوي.
D. يرتفع مستوى البيلروبين خليط من المقترن وغير المقترن).",B,D
1317,"من الاختلاطات المتأخرة لداء السكري:

الاختيارات:
A. اعتلال الأعصاب السكري
B. إصابة شبكية العين
C. القدم السكرية
D. كل ما سبق صحيح",D,D
1318,"كل مما يلي حول العمر النصفي للبروتينات صحيح ما عدا -

الاختيارات:
A. الكولاجين – ٢٠٠ ساعة.
B. الأنسولين – ٦,٥ – ٩ دقائق.
C. بروتينات العضلة ١٨٠٠ يوم.
D. البروتينات الناقلة – ثوان قليلة.",C,A
1319,"كل مما يلي حول التهاب الكبد الفيروسي B صحيح ما عدا :

الاختيارات:
A. فترة الحضانة تستمر من 1-2 شهر.
B. يلاحظ عند 90 من المرضى آلام مفصلية.
C. في بداية المرض قد تظهر أعراض غير نوعية (قهم، غثيان، إقياء).
D. في بداية المرض يكره المريض رائحة السجائر.",D,B
1320,"من العناصر المعدنية النادرة:

الاختيارات:
A. مغنيزيوم Mg
B. كبريت S
C. كلوران
D. كل ما سبق خاطئ",D,D
1321,"فى اليرقان الانحلالى (قبل الكبدى):

الاختيارات:
A. يرتفع الخضاب
B. تنخفض الشكيات
C. يرتفع انزيم GT
D. كل ما سبق خطأ",C,D
1322,"الخواص الفيزيائية للسكريات البسيطة واحد فقط مما يلي: (من خارج المقرر)

الاختيارات:
A. التراكب
B. لا فاعلية ضوئية
C. التماكب
D. غير قابل للإرجاع",D,C
1323,"كل مما يلى حول البرقان الانحلالي الولادي صحيح ما عدا:

الاختيارات:
A. السبب الأشيع على الإطلاق هو شافر زمر Rh في الوليد.
B. بيدا ظهور البرقان في اليوم الأول بعد الولادة.
C. معدل ارتفاع البيليروبين لا يتجاوز 5ملغ يوميا.
D. لا يكون الارتفاع على حساب البيليروبين غير.",B,C
1324,"في الطفرات المنشئة :Germinal Mutations

الاختيارات:
A. تنتقل للأبناء.
B. تنتقل للنطاف.
C. تنتقل للبيوض.
D. تصيب الخلايا الجنسية المنشئة.
E. تبقى الخلايا الجسمية عند الأبناء سليمة.",D,A
1325,"كل مما يلي حول التهاب الكبد الفيروسي B صحيح ما عدا:

الاختيارات:
A. 5-10 من الحالات تتحول إلى حامل مزمن chronic carrier.
B. 50 من الحالات تتحول إلى التهاب كبد مزمن مستمر.
C. نسبة قليلة من المرضى يحدث لديهم سرطانه كيد.
D. من الحالات تتحول إلى التهاب كيد مزمن فعال.",B,D
1326,"في عملية الترجمة: translation: (الخطأ)

الاختيارات:
A. تحدث مع الانتساخ بنفس الوقت عند طلائعيات النوى
B. يحتوي الرنا المرسال على 60 نيكليوتيد
C. تكون الروابط بين الرنا المرسال والحموض الأمينية تكافؤية
D. يتفعل الرنا المرسال عندما يرتبط بالحمض الأميني",A,B
1327,"كل مما يلي من صفات بروتين الكولاجين ما عدا:

الاختيارات:
A. يكثر في بيئته وجود الأرجنتين.
B. يتحمل قوة شد كبيرة جدا.
C. ذو بنية حلزونية ثلاثية تشبه الحبل.
D. يشكل حوالي ثلث كتلة البروتين الإجمالية في الجسم.",D,A
1328,"وظائف فيتامين A كل ما يلي عدا:

الاختيارات:
A. البصر
B. النمو
C. بناء الظهاريات
D. تخثر الدم",D,D
1329,"كل مما يلي حول العمر النصفي للبروتينات صحيح ما عدا -

الاختيارات:
A. الكولاجين -- ٢٠٠ ساعة.
B. الأنسولين -- ٦,٥ -- ٩ دقائق.
C. بروتينات العضلة ١٨٠٠ يوم.
D. البروتينات الناقلة -- ثوان قليلة.",C,A
1330,"كل ما يلي حول فيتامين E صحيح ما عدا:

الاختيارات:
A. يعتبر عاملا طبيبا مضادا للأكسدة
B. هو القل سمية بين كل الفيتامينات المخلة بالدسم
C. يفصح بإعطائه دوائيا كوقاية من المراض
D. يسبب عوزه ازدياد هشاشيه الكريات الحمراء",D,C
1331,"كل ما سبق صحيح ما عدا:

الاختيارات:
A. في الوسط الحمضي تصبح شحنة الحموض الأمينية موجبة
B. في الوسط القلوي يعطي الحمض الأميني بروتون
C. في الوسط الحمضي يتقبل الحمض الأميني بروتون
D. في",C,D
1332,"عوز إنزيم البيروفات كيناز يسبب:

الاختيارات:
A. فقر دم انحلالي
B. قصور قلب
C. فقر دم بنقص الحديد
D. قصور كلية",A,A
1333,"في سببيات متلازمة تيرنر: الخطأ

الاختيارات:
A. 45, X.
B. 45,X/46,XX.
C. 46,X,dup(X)(p23).
D. 46,X,del(X)(p11).
E. 46,X,r(X).",B,A
1334,"خلال أكسدة السوكسينات إلى فومارات يتشكل:

الاختيارات:
A. GTP
B. FADH2
C. ATP
D. NADH",D,B
1335,"يمكن ان يتفاعل الكلور مع البروبان في ضوء الشمس لانتاج-1 كلورو بروبان ماذا ندعو هذه الالية:

الاختيارات:
A. إضافة نكليوفيلية
B. استبدال الجذور الحرة
C. اضفة الكتروفيلية
D. استبدال الكتروفيلي",B,B
1336,"عملية تشكيل عديدات الببتيد من سلاسل رنا ناضج هي:

الاختيارات:
A. Transcription
B. Translation
C. Gene Expression
D. Reverse Transcription",B,B
1337,"اسطوانات منحنية، تكون سهلة التمييز المحتواها الكاسر للضوء:

الاختيارات:
A. هيالينية
B. شمعية
C. حبيبية
D. دهنية",B,B
1338,"يطلق على الأنزيم المسؤول عن وظيفة تنسخ الدنا:

الاختيارات:
A. Primase
B. DNA pol I
C. DNA pol II
D. DNA pol III",A,D
1339,"في DNA المتقدرات: (الخطأ)

الاختيارات:
A. يكون حلقيا
B. مصدره أموي
C. يشكل 15% من الدنا الكلي
D. يحوي مورثات ذات تعبير مورثي",A,C
1340,"من الحموض الأمينية (المشحونة سلبا):

الاختيارات:
A. أرجنين
B. اسباريتك
C. ألانين
D. غليسين",C,B
1341,"كل مما يلي حول التهاب الكبد الخاطف صحيح ما عدا:

الاختيارات:
A. يحدث غالبا خلال 18 أسابيع من الإصابة بالتهاب الكبد الحاد.
B. أهم الملامح السريرية هو دخول المريض في اعتلال دماغي.
C. البقيا على قيد الحياة عند حدوث السبات Coma، أقل من ٧٠%.
D. يحدث عادة قصور كلوي مرافق لتخرب الخلايا الكبدية.",B,A
1342,"ما هي الزاوية التقريبة للرابطة في جزيء الإيثين:

الاختيارات:
A. 90
B. 109.5
C. 120
D. 180",B,C
1343,"عوز فيتامين البيوتين:

الاختيارات:
A. سببه تناول الذرة بكميات كبيرة.
B. من أعراضه الشعرانية.
C. من أعراضه التهاب اللسان.
D. من أعراضه التخلف العقلي.",C,D
1344,"من مفرزات الصفراء:

الاختيارات:
A. تناول أطعمة تحتوي على الكريما.
B. هرمون كولي سيتوكينين.
C. الأملاح الصفراوية.
D. تناول أطعمة تحتوي على صفار البيض.",B,C
1345,"تساهم في المحافظة على ثباتية البنية الثالثية:

الاختيارات:
A. الروابط الهيدروجينية.
B. الروابط ثنائية الكبريت.
C. التفاعلات الكارهة للماء.
D. كل ما سبق صحيح.",D,D
1346,"تتضمن تقانات المتعضيات المحمورة تتضمن وراثيا: GMOS

الاختيارات:
A. إقصاء الجين Gene knock out
B. إضافة الجين Gene knock in
C. دمج تقانتي الإقصاء والإضافة للجين
D. جميع ما سبق صحيح",D,D
1347,"شجرة وراثية لخلة متنحية جسدية فيها الأبوين مصابين تتميز ب:

الاختيارات:
A. لا يظهر مطلقاً على الأبناء بسبب التنحي
B. كل الأبناء مصابين
C. سيطرة الذكور المصابين
D. يظهر الاضطراب على طراز أفقي في الشجرة",B,B
1348,"فى النفاخ الرئوى emphysema كل ما يلى صحيح ما عدا:

الاختيارات:
A. البروتين الفا 1 انتى تربيسينيثبط فعاليه الإلاستاز
B. يتخرب بروتين الإلاستينفى الجدار السنخية للرئتين
C. السبب عوز وراثى فى البروتين الفا 1 انتى تريبسين
D. ترتفع الموجه a1 غلوبيولين",D,D
1349,"ارتفاع قيمة إنزيم كرياتين كيناز في المصل تشير الي:

الاختيارات:
A. إصابة قلبية أو عضلية
B. إصابة دماغية
C. إصابة كبدية
D. كل ما سبق صحيح",D,A
1350,"سم النواتج المتشكلة عند تفاعل معدن الصوديوم مع الاتانول؟

الاختيارات:
A. اوكسيد الصوديوم وهيدروجين
B. أوكسيد الصوديوم وايتلن
C. هدروكسيد الصوديوم وايتلن
D. ميتوكسيد الصوديوم والماء",C,A
1351,"في أنزيم RNA Polymerase :

الاختيارات:
A. يشكل الروابط التكافؤية الإستيرية.
B. يتألف من عدة وحيدات subunit.
C. يرتبط مع المحضض.
D. يركب ال RNA من الاتجاه 3 إلى5.
E. لا يحتاج إلى بادي (مشرع ).",B,A
1352,"النطفة عديمة الصبغي nullsomic : الخطأ

الاختيارات:
A. عدد الصبغيات فيها 0.
B. تنجم عن ظاهرة عدم الإنفصال.
C. يمكن للإنسان الطبيعي أن يحوي عدداً منها.
D. تفسر حصول إجهاض عفوي.
E. يكون النمط النووي في دم حاملها طبيعياً.",B,C
1353,"في جزيء DNA النكليوتيد :

الاختيارات:
A. يمكن أنيرتبط به أكثر من مجموعة فوسفات واحدة.
B. يرتبط الأساس الازوتي بالكربون رقم 1.
C. ترتبط مجموعة الفوسفات بالكربون رقم رقم 5.
D. يكون نقص الأكسجين في الكربون رقم 2.
E. يكون نقص الأكسجين في الكربون رقم 3.",B,A
1354,"الزمرة الوظيفية للألدهيدات هي:

الاختيارات:
A. CHO
B. -CO-
C. COOH
D. COOC",B,A
1355,"فيتامين البيوتين:

الاختيارات:
A. يعتبر حامل عابر لزوج من ذرات الهيدروجين
B. يصنع من قبل الجراثيم المعوية
C. له دور أساسي في تفاعلات تحلل السكر
D. سبب عوز هو تناول السمك النئ",B,B
1356,"حالة عدم تحمل اللاكتوز:

الاختيارات:
A. قد تسبب تخلف عقلي لدى المصاب
B. من أسبابها الإسهالات الشديدة
C. سببها عوز انزيم غالاكتوز -1- فوسفات يوريديل ترانسفراز
D. تظهر عند الرضع فقط",B,B
1357,"الخواص العامة للإنزيمات ما يلي عدا:

الاختيارات:
A. تأثيرها النوعي
B. التثبيط
C. تثبيط تنافسي
D. لا شيء مما سبق",D,D
1358,"يتفعل إنزيم Citrate Synthase تفارغياً بـ:

الاختيارات:
A. ADP
B. ATP
C. NADH
D. Succinyle-CoA",B,A
1359,"الدور الحيوي للتمائم (FAD-FMN) هو:

الاختيارات:
A. حامل عابر للزمرة الأمينية
B. حامل عابر الزوج من ذرات الهيدروجين
C. حامل عابر الزمرة الكربوكسيل
D. كل ما سبق خطأ",B,B
1360,"سبب حالة -- بيلة الفركتوز الاساسية -- هو عوز الزيم:

الاختيارات:
A. الدولاز B.
B. هكسوكيناز.
C. فوسفوفركتوايزوميراز.
D. كل ما سبق خطأ.",B,D
1361,"دور الأللولاكتوز في مشغل اللاكتوز:

الاختيارات:
A. Repressor.
B. Co-Repressor.
C. Inducer.
D. Activator.",C,C
1362,"كل ما يلي حول استقصاءات التهاب الكبد بالنمط A صحيح ما عدا :

الاختيارات:
A. تقاس الأضداد فقط (Anti HAV) ولا تقاس المستضدات.
B. وجود IgG فقط يدل على إصابة حديثة.
C. قد تبقى الأضداد في المصل مدداً قد تتراوح بين عدة أشهر إلى سنة.
D. لا توجد سلبية كاذبة، ولكن قد توجد أحياناً إيجابية كاذبة.",B,B
1363,"كل ما يلي حول فيتامين K صحيح ما عدا:

الاختيارات:
A. يمتص بالأعياء بوجود الأملاح الصفراوية والدسم
B. يتظاهر عوزه عند حديثي الولادة بالمتلازمة
C. قد يحدث عوزه بسبب المعالجة المديدة بالمضادات
D. الاحتياج اليومي فيه 200 غرام يوميا",D,D
1364,"داء الخضاب c:

الاختيارات:
A. يسبب الوفاة بعمر ١٥-٢٥ سنة
B. يعالج بنقل الدم المتكرر
C. سببه تراكم الخضاب F
D. كل ما سبق خطأ",C,D
1365,"كل ما يلي يسبب طفرة انزياح الإطار ماعدا:

الاختيارات:
A. إضافة نكليوتيد
B. استبدال نكليوتيد واحد
C. حذف نكليوتيد
D. إضافة أو حذف أكثر من نكليوتيد واحد",B,B
1366,"يزداد معدل حدوث التوءمة ثنائية الزايغوت:

الاختيارات:
A. زيادة عدد حالات الاجهاض التلقائي لدى الاناث
B. قصة حدوث توءمة في العائلة
C. تترافق مع النساء قصيرات القامة
D. صغر عمر الام",B,B
1367,"في تفاعل البلمرة المتسلسل: (Polymer Chain Reaction (PCR (الخطأ)

الاختيارات:
A. يستخدم لإكثار المورثات المرغوبة
B. يجري داخل الخلايا الحية In - Vivo
C. يحتاج إلى نوكليوتيدات
D. يحتاج إلى بادنات (مشرعات Primers)",A,B
1368,"تشاهد زيادتها في التهاب كبب وكلية حاد مترافق مع أذية أنبوبية:

الاختيارات:
A. الظهارية المتوسفة
B. الظهارية الانتقالية
C. الظهارية الأنبوبية الكلوية
D. الظهارية في الأنابيب الجامعة",C,D
1369,"الفلوكيناز ماعدا:

الاختيارات:
A. يؤثر في باقي السكاكر السداسية
B. غالبا ينعدم في الداء السكري
C. يوجد في الكبد
D. ال Vmax عالية",B,A
1370,"كل ما يلي حول أكسدة الحموض الدسمة ما عدا:

الاختيارات:
A. تتم في المتقدرة
B. تعرف باسم أكسدة بيتا B-oxidation
C. ينتج عنه Acetyl-CoA
D. ينتج عن أكسدة كل حمض دسم ٣ جزيئات ATP",D,D
1371,"السكاكر الألدوزية ماعدا:

الاختيارات:
A. الأسيتون
B. غليسير ألدهيد
C. الريبوز
D. الفلوكوز",B,A
1372,"ترتفع المعتدلات في CSF في الحالات التالية:

الاختيارات:
A. بعد نزوف الجهاز العصبي المركزي.
B. بعد الاحتشاءان الدماغية.
C. كل ما سبق صحيح.
D. غلوكوز السائل الدماغي الشوكي:",C,B
1373,"في أي الحالات الآتية يحصل ارتفاع الموجة الألفا 1 والألفا2:

الاختيارات:
A. تشمع الكبد
B. الحالات الالتهابية الحادة
C. الحالات الالتهابية المزمنة
D. متلازمة نفروز",C,B
1374,"من بروتينات التخثر:

الاختيارات:
A. الهيموغلوبين
B. الفريتين
C. الألبومين
D. مولد الليفين",D,D
1375,"غياب الفركتوز في السائل المنوي يكون في حال:

الاختيارات:
A. انسداد الأنابيب المنوية
B. غياب التستوسترون
C. سوء تصنع في الحويصلين المنويين
D. كل ما سبق صحيح",D,D
1376,"تكون الخطوة الأخيرة في طور بدء الترجمة في حقيقيات النوى بتشكيل الريبوزوم الكامل الذي يبلغ حجمه:

الاختيارات:
A. 60 S
B. 50 S
C. 70 S
D. 80 S",C,D
1377,"يعتبر كل مما يلى حول الحديد صحيح ما عدا:

الاختيارات:
A. يوحد الحديد بشكل رئيسى فى اللحوم
B. وظيفه الفيريتين فى تخزسن الحديد
C. فى الحاله السويه تمتص الامعاء حوالى 100 ملغ حديد يومياً
D. ان الوظيفه الاساسيه للحديد هى تشكيل الخضاب",D,C
1378,"من اعراض فرط الكالسيوم:

الاختيارات:
A. الالم البطنى
B. الشلل العضلى
C. التخليط الذهنى
D. كل ما سبق صحيح",D,D
1379,"الأكسيتوسين Oxytocin:

الاختيارات:
A. يتألف من ٢٠ حمض أميني.
B. تفرزه النخامي الأمامية.
C. ينبه تقلصات الرحم.
D. كل ما سبق صحيح.",D,C
1380,"نادرا ما يكون ارتباط الجين كاملا بسبب:

الاختيارات:
A. حادثة التعابر بين شقي الصبغي اللامتأخيين من خلال الانقسام الانتصافي.
B. حادثة التعابر بين صبغيات غير متقابلة خلال الانقسام المباشر.
C. حادثة التعابر بين شقي الصبغيين المتأخيين خلال الانقسام الانتصافي.
D. حادثة التعابر والارتباط بين شقي صبغيات الجنس.",C,A
1381,"التحاليل الاساسية للسائل المنوي:

الاختيارات:
A. عد النطاف
B. تحديد اللون
C. PH قياس
D. كل ما سبق صحيح",D,D
1382,"يعبر مصطلح الهيولى المتغايرة عن الخلايا التي تحوي على:

الاختيارات:
A. متقدرات سليمة وطافرة
B. متقدرات طافرة
C. متقدرات سليمة
D. كل ما سبق خطا",D,A
1383,"هرمون Cholecystokinin:

الاختيارات:
A. يعمل على الحويصل الصفراوي (مسببا تحرير الصفراء).
B. يفرز من البنكرياس.
C. يفرز استجابة لانخفاض الكيموس الداخل للأمعاء.
D. يزيد الحركية المعنية يسرع تحرير محتويات المعدة للأمعاء.",A,A
1384,"سم الاستر المتشكل عندما يتفاعل الميتانول مع حمض البوتانوئيك بوجود بضع قطرات من حمض الكبريت المركز:

الاختيارات:
A. ميتانوات البوتيل
B. بوتانوات الميتيل
C. 2-بوتانوات الميتيل البروبيل
D. 2- ميتانوات الميتيل البروبيل",B,B
1385,"سبب هذه الحالة هو عوز في إنزيم:

الاختيارات:
A. المالتاز
B. اللاكتاز
C. السكراز
D. الألدولاز",B,B
1386,"التمسخ:

الاختيارات:
A. عملية غير قابلة للعكس
B. هو تخرب البنية الأولية للبروتين
C. يؤدي لفقدان البروتين وظيفته الحيوية
D. كل ما سبق خطأ",C,C
1387,"من الأدوية التي قد تسبب ركود صفراوي Cholestasis ما عدا :

الاختيارات:
A. كلوربرومازين.
B. مانعات الحمل الفموية.
C. باراسيتامول.
D. مثيل تستوستيرون.",C,D
1388,"من الأخطاء والعثرات التي تعترض الاستنصاح الوراثي عدا:

الاختيارات:
A. التشخيص الخاطئ
B. التشوهات البنيوية
C. عدم النفاذ
D. التغاير الجيني الوراثي",C,B
1389,"الذي أكد لنا تشخيص حالة هذا المريض 100% هو:

الاختيارات:
A. انخفاض قيمة خضاب الدم لديه
B. ارتفاع البيليروبين غير المتقرن
C. وجود النوب الألمية المتكررة
D. الرحلان الكهربائي ووجود الخضاب S",B,D
1390,"تشمل معالجة معاجلة الحمض النووي الريبي المرسال mRNA Processing :

الاختيارات:
A. إغلاق نهايته بذيل Tail من Polyadenosine.
B. لصق الاكسونات.
C. إغلاق بدايته بقلنسوة cap من .Methylcytosine
D. إزالة الانترونات.
E. تتم اضافة الذيل بوساطة Poly A Factors.",A,A
1391,"من الأضداد التي تطلب لتشخيص التهاب الكبد بالنمط B ما عدا :

الاختيارات:
A. HBs Ab .
B. HBc- Ab .
C. HBc Ab .
D. HBe Ab .",C,B
1392,"عوز فيتامين الريبوفلافين:

الاختيارات:
A. يسبب يرقان
B. يسبب فقر دم انحلالي
C. يشاهد عند الكحوليين المزمنين
D. من أعراضه الإمساك",C,C
1393,"يقوم دواء Orlistat بشبيط:

الاختيارات:
A. الليباز اللساني والبنكرياس
B. الليباز اللساني والمعدي
C. الليباز البنكرياسي والمعدي
D. كل ما سبق خطأ",C,C
1394,"ترتفع المعتدلات في CSF في الحالات التالية:

الاختيارات:
A. بعد النوبات الصرعية.
B. بعد نزوف الجهاز العصبي المركزي.
C. بعد الاحتشاءان الدماغية.
D. كل ما سبق صحيح.",D,B
1395,"يمكنها امتصاص الأشعة فوق البنفسجية ما عدا:

الاختيارات:
A. تربتوفان
B. الانين
C. تیروزین
D. هستیدین",B,B
1396,"مثل ما يلي حول Classic phenylketonuria صحيح ما عدا .

الاختيارات:
A. سببها عوز إنزيم (تيروزين هيدروكسيلان).
B. قد تسبب تراجع عقلي.
C. قد تسبب إقياء معند.
D. تستجيب للعلاج باستخدام الحمية الغذائية.",A,A
1397,"لدي قياس تركيز شوارد الكالسيوم كانت النتيجة هي 1 ميلي مكافئ التير، هذا يعني أن تركيز شوارد الكالسيوم يساوي:

الاختيارات:
A. 20 ميلي مول التر.
B. 8 ميلي مول التر.
C. 2 ميلي مول التر.
D. 1.4 ميلي مول التر.",C,C
1398,"الغليكوجين ماعدا:

الاختيارات:
A. يشبه بينية الأميلوبكتين
B. هو عديد سكاريد ادخاري
C. كافة الروابط ألفا 1-4
D. الأميلاز يحطم الغليكوجين
E. هو سكر ادخاري رئيسي عند الحيوانات",B,C
1399,"من الحموض الأمينية العطرية:

الاختيارات:
A. اسباراجين.
B. فنيل الانين.
C. سيرين.
D. ميثايونين.",B,B
1400,"ما يلي حول التهاب الكبد المزمن المترقي الفعال صحيح ما عدا:

الاختيارات:
A. ترتفع ناقلات الأمين )AL.AS100) ضعف القيمة المئوية.
B. ارتفاع الفوسفاتاز القلوية (بدرجات متفاوتة).
C. قد يحدث لدى المرضى رعاف Epistaxis وخدمات وبرقان منطوم.
D. يوجد غالباً مظاهر فرط نشاط الطحال.",A,A
1401,"تزداد حركه الحيوانات المنويه:

الاختيارات:
A. فى الوسط القلوى
B. عند انخفاض درجه الحراره
C. عند وضعها فى الماء المقطر
D. كل ما سبق خطأ",C,A
1402,"اي من تسلسلات الدنا التالية تعتبر مكملة للتسلسل ATGCATGA

الاختيارات:
A. TACGTACT
B. UACGUACC
C. CATAGTAA
D. TATUAUAG",A,A
1403,"كل مما يلي حول التهاب الكبد الفيروسي C صحيح ما عدا:

الاختيارات:
A. لا يتحول هذا النوع إلى تشمع الكبد.
B. الاختبار القوس الدال على الأصلية الحديث هو HCV AS.
C. تظهر Anti HCV Ab في المرحلة المزمنة.
D. علم العدوى في معظم الحالات عن طريق نقل الدم.",A,A
1404,"واحد فقط مما يلي هو بروتين:

الاختيارات:
A. الأنسولين
B. الميوغلوبين
C. الجلوكاجون
D. الكيروسين",B,B
1405,"كل مما يلي حول عوز فيتامين النياسين صحيح ما عدا:

الاختيارات:
A. من أعراضه الاسهال.
B. يشاهد عند الشعوب التي تعتمد في غذائها على الذرة.
C. لا يحتاج للعلاج عادة.
D. يحدث عند المصابين بمرض هارتنوب Hartnup.s.",C,C
1406,"كل ما يتعلق بالغلوكوز صحيح عدا:

الاختيارات:
A. سكريات أحادية
B. سكريات الدوزية
C. يحوي زمرة الدهيدية وأخرى كيتونية
D. يحتوي على زمرة الدهيدية",C,C
1407,"ما يلي حول اصطناع الأجسام الكيتونية صحيح ما عدا:

الاختيارات:
A. يحدث في Matrix المتقدرة.
B. يحدث بشكل رئيسي في الدماغ.
C. يحدث بكثرة لدى مرضى الداء السكري.
D. يحدث بكثرة خلال الحمل Pregnancy.",B,B
1408,"كل ما يلي حول الميوغلوبين صحيح ما عدا:

الاختيارات:
A. يوجد في الكلية والدماغ
B. يتألف من سلسلة ببتيدية وحيدة مؤلفة من 153 حمض أميني
C. أهم ما يميز بنيته هو وجود جيب خاص يتسع تماما لجزيء الهيم
D. يعتبر خازن للأكسجين يحتفظ به ليقدمه أثناء عمليات الأكسدة",D,A
1409,"يمكن تحويل الايتلن الي الايتانول في العمليات الصناعية بالإضافة لغاز الايتلن ,أي من المواد التالية تلزم لانتاج الايتانول في الصناعة:

الاختيارات:
A. الهيدروجين
B. البخار
C. حمض الفوسفور
D. B+C",D,D
1410,"من الأمراض الساندة المرتبطة بالاكس: الصواب

الاختيارات:
A. التالاسيميا.
B. الفوال.
C. مارفان.
D. سلس الصباغ.
E. التليف الكيسي.",C,C
1411,"في اي من الاغوال التالية سيبقي لون من ثنائي كرومات البوتاسيومVI المحمض برتقاليا عند التخسين؟

الاختيارات:
A. 2-ميتل البروبان -2-ول
B. البروبان2-ول
C. البروبان -1-ول
D. 2- ميتل البنتان -3-ول",C,A
1412,"ترتفع موجه B غلوبيولين فى الحالات التاليه ما عدا:

الاختيارات:
A. البرفان الانحلالى
B. فقر الدم بعوز الحديد
C. تناذر النفروز
D. زياده البروتينات الشحميه",B,A
1413,"C2H5OH+PCL5 يعطي التفاعل

الاختيارات:
A. 3C2H5CL + H3PO3
B. C2H5CL + HCL+ POCL3
C. C2H5CL
D. C2H5CL + HCL",D,B
1414,"في حالة homocystinuria:

الاختيارات:
A. يتراكم السيستئين.
B. قد يحدث تخلف عقلي.
C. لا تسبب تخلف عقلي عادة.
D. تعالج بإعطاء جرعات عالية من فيتامين E.",B,B
1415,"الكروماتين الحقيقي:

الاختيارات:
A. يكون الدنا مرزوم بشدة.
B. لا يمكن انتساخ جيناته.
C. يحوي جينات فعالة انتساخيا.
D. Closed.",C,C
1416,"من الحموض الأمينية المعوضة:

الاختيارات:
A. ليوسين
B. إيزو ليوسين
C. فنيل ألانين
D. غلوتامين",B,D
1417,"الضوء المستقطب:

الاختيارات:
A. يهتز في الاتجاهات كافة
B. هو عبارة عن حقلين مغناطيسي و كهربائي متعامدان
C. عند مرور ضوء مستقطب في مصاوغين ضوئيين سيدوران الضوء باتجاهان متعاكسان
D. الضوء العادي مستقطب",B,C
1418,"تحدث الوفاة لدى مرض التلاسيميا بسبب:

الاختيارات:
A. انحلال الدم
B. تراكم الخضاب الجيني
C. تراكم الحديد
D. الندب الألمية الشديدة والمتكررة",C,C
1419,"مورثات الزمر الدموية من نمط المورثات:

الاختيارات:
A. المتعددة المتقابلة.
B. الكمية.
C. المرتبطة بالجنس.
D. المتنحية.",A,A
1420,"العدد الدوراني أو رقم الانقلاب turnover number للإنزيمات هو:

الاختيارات:
A. كمية الطاقة اللازمة لجر مول من المادة الى قمة الحائل الطاقي
B. كمية الإنزيم التي تحول 1 ميكرومول من الركيزة خلال دقيقة
C. عدد الوحدات الإنزيمية في كل ميلليغرام واحد من البروتين
D. كل ما سبق خطأ",B,D
1421,"الفيتامينات الذوابة في الدهن:

الاختيارات:
A. عددها تسعة
B. لا يستطيع الجسم تخزينها
C. قد تسبب السمية عند تناولها بكميات كبيرة
D. كل ما سبق خطأ",C,C
1422,"من الانزيمات الخلوية الخاصة ببعض الاعضاء:

الاختيارات:
A. الفوسفاتاز القلوية
B. ALT
C. الفوسفاتاز الحامضية
D. LDH",A,C
1423,"الروابط المتشكلة في الدنا: (الخطأ)

الاختيارات:
A. تكافؤية بين السكر الخماسي والأساس الأزوتي.
B. هيدروجينية ثنائية بين الأدنين والتيامين.
C. هيدروجينية ثلاثية بين الأدنين والتيامين.
D. تكافؤية بين السكر الخماسي ومجموعة الفوسفات.",C,C
1424,"الحمض الأميني التالي هو: cH2-cH-coo-NH3+

الاختيارات:
A. مثيل ألانين
B. اسباراجين
C. تربتوفات
D. السيستين",B,C
1425,"المنطقة (-20.-40) من المحضض تحوي:

الاختيارات:
A. Cat Box
B. TATA BOX
C. TEAMCG Box
D. Octamer Box",D,B
1426,"الصيغة الصبغية لأنثى Edward syndrome هي:

الاختيارات:
A. XXY+44
B. XXY+45
C. XY+45
D. XX +45",D,D
1427,"من الحموض الأمينية الهيدروكسيلية:

الاختيارات:
A. اسباراجين
B. فينيل ألانين
C. سيرين
D. ميثيونين",C,C
1428,"كل مما يلي حول الكبد صحيح ما عدا :

الاختيارات:
A. تشكل الخلايا البرانشيمية (المتنية) حوالي ٦٠٪ من وزن الكبد.
B. يمر حوالي ۱۵۰۰ مل من الدم عبر الكبد في الدقيقة.
C. ٢٥ من التروية الدموية تصل للكبد عبر الوريد البابي.
D. حجم الفص الأيمن // أضعاف حجم الفص الأيسر.",D,A
1429,"في الخلال المتنحية المرتبطة بالصبغي: X (الخطأ)

الاختيارات:
A. لا تنتقل الإصابة من الذكر المصاب إلى ابنه.
B. بنات الذكر المصاب مصابات.
C. لا تشكو الأنثى متغايرة الألائل من أعراض.
D. هناك سيطرة للذكور المصابين.",A,B
1430,"يؤدي حدوث عدم الافتراق بين الصبغيات الجنسية في Meiosis 1 عند المرأة تشكل انماط الاعراس

الاختيارات:
A. XX,0
B. X ,0
C. XX, X,0
D. X, XXX",C,A
1431,"يعالج داء السكري النمط الثاني ب:

الاختيارات:
A. تناول خافضات سكر فموية
B. حقن الأنسولين
C. وقف الأدوية
D. كل ما سبق صحيح",D,A
1432,"تتعلق الكثافة النوعية للبول ب؟

الاختيارات:
A. كمية السوائل المتناولة
B. الجهد الفيزيائي
C. الأول والثاني
D. كل ما سبق خاطئ",C,C
1433,"قد يسبب عوز انزيم غالاكتوكيناز لدى حديث الولادة:

الاختيارات:
A. ساد عيني
B. تخلف عقلي
C. قصور كبد
D. الوفاة",B,A
1434,"في فرط الدرقية المحرض باليود:

الاختيارات:
A. غالباً ما تكون الزيادة في 14 دون زيادة واضحة في (73).
B. قبط اليود المشع RAIU مرتفع جداً.
C. تسمى أحياناً De Quervain's thyroiditis.
D. كل ما سبق صحيح.",B,A
1435,"الكروماتين المغاير موجود في الصبغيات:

الاختيارات:
A. 1
B. 10
C. 2
D. 18",C,A
1436,"الناحية الخاصة بالذكر في الصبغي: الخطأ

الاختيارات:
A. تشكل معظم الصبغي.
B. تحوي 168 جين.
C. معظمها خاصة بالذكر.
D. ليس لها مماثل على الاكس.
E. يحصل عليها تعابر.",C,A
1437,"يسبب عوز انزيم الليبوبروتين ليباز LPL الي زيادة في:

الاختيارات:
A. البروتين الشحمي LDL
B. البروتين الشحمي HDL
C. الدقائق الكيلوسية CH
D. البروتين الشحمي VLDL",D,C
1438,". كل ما يلي حول استقصاءات التهاب الكبد بالنمط A صحيح ما عدا :

الاختيارات:
A. تقاس الأضداد فقط (Anti HAV) ولا تقاس المستضدات.
B. قد تبقى الأضداد في المصل مدداً قد تتراوح بين عدة أشهر إلى سنة.
C. وجود IgG فقط يدل على إصابة حديثة.
D. لا توجد سلبية كاذبة، ولكن قد توجد أحياناً إيجابية كاذبة.",C,A
1439,"جميع الروامز الوراثية التالية هي روامز توقف باستثناء:

الاختيارات:
A. UAG
B. AUC
C. UGA
D. UAA",B,B
1440,"المركب في الاسفل يدعي:

الاختيارات:
A. حلقي الهسكان
B. البنزن
C. ميتل اريل
D. هالوجين",B,B
1441,"يؤدي التأخر في فصل البلازما أو المصل من الكريات إلى نقص:

الاختيارات:
A. الكولسترول.
B. حمض البول.
C. البوتاسيوم.
D. الغلوكوز.",C,D
1442,"من التشوهات الصبغية العددية ماعدا:

الاختيارات:
A. متلازمة تيرنر
B. متلازمة مواء القطة
C. متلازمة كلينفلتر
D. متلازمة إدوارد",B,B
1443,"إنزيم الدولاز يحفز تفاعل تحول:

الاختيارات:
A. الفركتوز إلى فركتوز 1 فوسفات
B. الغلوكوز 6 فوسفات إلى غلوكوز ١-٦ فوسفات.
C. غليسر الدهيد الى ثنائي هيدروكسي أسيتون.
D. كل ما سبق خطأ.",A,D
1444,"الزيوت النباتية تحوي:

الاختيارات:
A. حموض دسمة مشبعة
B. حموض دسمة غير مشبعة
C. حموض دسمة مشبعة وغير مشبعة
D. حموض دسمة غير صلبة",C,B
1445,"دورة كريبس:

الاختيارات:
A. توجد جميع إنزيماتها في المتقدرات
B. سبيل استقلاب لاهوائي
C. لا تحتاج تفاعلاتها لوجود التمائم
D. كل ما سبق خطأ",B,A
1446,"يعزى الشعر الاشقر عند بعض سكان جزر: Solomon الى

الاختيارات:
A. تغير في شفع أساس واحد في أحد الجينات
B. تغير كامل سلسلة الدنا
C. عوامل بيئية
D. لا شيء مما ذكر صحيح",A,A
1447,"كل ما يلي صحيح عن مصطلحات المجين المتقدري ماعدا:

الاختيارات:
A. الاختناق الجيني
B. حمل الطفرة النووي
C. الهيولي المثلية
D. الهيولي المغايرة",C,B
1448,"الأكسيتوسين :Oxytocin

الاختيارات:
A. يتألف من ٢٠ حمض أميني.
B. تفرزه النخامي الأمامية.
C. ينبه تقلصات الرحم.
D. كل ما سبق صحيح.",D,C
1449,"كل ما يلي حول عملية اصطناع البولة صحيح ماعدا:

الاختيارات:
A. تحتاج إلى زمرتين امينيتين
B. تحدث في الكبد
C. الفائدة منها هي إزالة سمية الأمونيا
D. عند شطر الأرجينو سوكسينات ينتج السوكسينات والأرجنين",A,D
1450,"حمل الطفرة المتقدري هو:

الاختيارات:
A. معدل الدنا المتقدري الطافر الى معدل الدنا المتقدري الطبيعي
B. معدل الدنا المتقدري الطبيعي الى معدل الدنا المتقدري الطافر
C. نسبة الخلايا الحاوية على متقدرات فيها المجين نفسه
D. جميع ماذكر خطأ",A,A
1451,"في قصور الدرقية الثانوي تشاهد الموجودات المخبرية التالية ما عدا:

الاختيارات:
A. 4 T مرتفع.
B. TSH منخفض جداً لدرجات غير قابلة للكشف.
C. الكوليسترول منخفض.
D. قد يوجد نقص في هرمون ACTH.",C,A
1452,"في الرامز الوراثي Genetic Codon (الخطأ)

الاختيارات:
A. هو عبارة عن تتالي ثلاثة نيكليوتيدات.
B. يوجد 64 احتمال مختلف للروامز.
C. يمكن أين يرمز الرامز لأكثر من حمض أميني.
D. يمكن أن يكون لكل حمض أميني أكثر من رامز.",A,C
1453,"تمتلك الوحيدة الصغيرة لريباسة الجرثومة E. coli على جزيء رنا ريباسي:

الاختيارات:
A. 5 S
B. 16 S
C. 18 S
D. 23 S",B,B
1454,"التشابه الملاحظ إذا ما وجد بين الشخص المتبنى والعائلة المتبنية مرده الى:

الاختيارات:
A. العوامل الجينية
B. العوامل المورفولوجية
C. العوامل البينية
D. جميع ما ذكر صحيح",C,C
1455,"كل ما يلي صحيح عن الانترونات ما عدا:

الاختيارات:
A. غير مرمزة
B. تشكل 50% من الرنا المرسال الناضج
C. غير فعالة انتساخيا
D. ليس لها وظيفة محددة بدقة",B,B
1456,"كل عما يلي حول التهاب السعيد الخاطف صحيح ما عدا:

الاختيارات:
A. يحدث غالبا خلال 3 أسابيع من الإصابة بالتهاب الكبد الحاد.
B. لهم الملامح السريرية هو دخول المريض في احتلال دماغي.
C. احتمال البقاء على قيد الحياة عند حدوث السبات Come أقل من 20%.
D. يحدث عادة قصور كلوي مرافق لتخرب الخلايا الكبدية.",B,A
1457,"النكليوتيد الذى يصنع اولا (النيكلوتيد البيرونى الاصل) :

الاختيارات:
A. AMP
B. GMP
C. CMP
D. كل ما سبق خطأ",A,D
1458,"دام Von Gierke's:

الاختيارات:
A. سببه عوز الزيم غلوكوكيناز.
B. تتأثر المضلات بشكل رئيسي بهذا المرضي.
C. يسبب حالة شديدة من فرط سكر الدم الصيامي.
D. يسبب ضخامة عيدية.",A,D
1459,"النسبة المقبولة للأشكال الشاذة إلى مجموع النطاف هي:

الاختيارات:
A. 0.2
B. 0.3
C. 0.4
D. 0.5",B,B
1460,"في تفاعل البلمرة المتسلسل: (Polymer Chain Reaction (PCR (الخطأ)

الاختيارات:
A. تتفكك الروابط الهيدروجينية عند رفع درجة الحرارة إلى 95
B. ترتبط البادئات Primers في مكانها عند درجة الحرارة إلى 65
C. يبدأ طور الإطالة Extension عند رفع درجة الحرارة إلى 72
D. لا يوجد ضرورة لإزالة البادئات",A,B
1461,"كل مما يلي حول اليرقان الانحلالي الولادي صحيح ما عدا:

الاختيارات:
A. السبب الأشيع على الإطلاق هو تنافر زمر Rh في الوليد.
B. يبدأ ظهور البرقان في اليوم الأول بعد الولادة.
C. معدل ارتفاع البيليروبين لا يتجاوز 5 ملغ يومياً.
D. يكون الارتفاع على حساب البيليروبين غير المقترن.",B,B
1462,"تنقص السعة الإجمالية الرابطة للحديد:

الاختيارات:
A. المتلازمة الكلائية
B. تشمع الكبد
C. A&B كل من
D. حالات عوز الحديد المزمنة",C,C
1463,"يتفاعل محلول فهلنغ ( محلول قلةي يدويCu2+) مع:

الاختيارات:
A. الالدهيدات
B. الحموض الكربوكسيلية
C. الاغوال
D. الكيتونات",B,A
1464,"في الخلال المتنحية المرتبطة بالصبغي : الخطأ

الاختيارات:
A. لا تنتقل الاصابة من الذكر المصاب لابنه.
B. بنات الذكر المصاب مصابات.
C. لا تشكو الانثى متغايرة التلائل من أعراض.
D. هناك سيطرة للذكور المصابين.
E. لا يؤثر تعطيل احدى الاكسين عند الانثى الحاملة على تلك المميزات.",B,C
1465,"تستخدم ثابتة ميكاتيليس ومنتن Km لمعرفة:

الاختيارات:
A. درجة نقاوة الإنزيم
B. حجم الإنزيم
C. درجة فعالية الإنزيم
D. كل ما سبق خطأ",C,C
1466,"ارادت طالبة أكسدة غول ثانوي لذا سخنته مع حلول من ثنائي كرومات البوتاسيوم71 ماهو الكاشف الذي يحتاجه وعاء التفاعل:

الاختيارات:
A. محلول هيدروكسيد الصوديوم
B. محلول منغنات البوتاسيوم
C. IIمحلول كبريتات النحاس
D. محلول حمض الكبريت الممدد",A,D
1467,"كل ما يلي حول الحموض الدهنية صحيح ما عدا:

الاختيارات:
A. تتشرد في PH الفيزيولوجية بحيث تكون مشحونة سلبياً
B. تنقل الحموض غير المؤسترة في الدوران بواسطة الألبومين
C. اللينولينيك هو حمض دهني غير مشبع
D. تكون الحموض المشبعة بحالة زيتية سائلة بدرجة حرارة الغرفة",D,D
1468,"البلاسميد Plasmid :

الاختيارات:
A. هو DNA حلقي.
B. يوجد في الخلايا الجرثومية.
C. يكون منفصلا عن الصبغي الأصلي.
D. يكون سابحاً في النواة.
E. يستخدم كناقل Vector للمورثات.",C,E
1469,"يتضمن الاستنصاح الوراثي ماعدا:

الاختيارات:
A. المعالجة الجينية
B. إعطاء فكرة عن النمط الوراثي لكل فرد من العائلة
C. تقدير دجة خطورة نقل المرض إلى الذرية
D. تحديد نمط التوريث وخط الانتقال",C,A
1470,"الأسطوانات الحبيبية توجد:

الاختيارات:
A. بعد التمارين الشديدة
B. التهاب الحويضة والكلية
C. بعد الشدة النفسية
D. كل ما سبق صحيح",D,D
1471,"ترتيب الاحماض الامينية الى جزيئات الرنا الناقل النوعية بتواسط مجموعه من الانزيمات المسماة:

الاختيارات:
A. Aminoacyl-tRNA synthetases
B. ببتيديل ترانسفيراز
C. A و B معا
D. RNA بوليمراز",A,C
1472,"قابلية الانتقال بالوراثة:

الاختيارات:
A. تركز على الاختلافات الجينية ك سبب للتنوع
B. تتأثر بالروكبة
C. A وB معا
D. تتحكم فيها عوامل بيئية",C,C
1473,"كل ما يلي حول عوز فيتامين النياسين صحيح عدا:

الاختيارات:
A. من أعراضه الاسهال
B. يشاهد عند الشعوب التي يعتمد غذائها على الذرة
C. لا يحتاج للعلاج عادة
D. يحدث عند المصابين بمرض هارتنوب",C,C
1474,"يؤثر في سرعة تفاعل إنزيم معين كل ما يلي عدا:

الاختيارات:
A. تركيز الإنزيم
B. زمن عمل الإنزيم
C. تركيز الركيزة
D. PHJI",B,B
1475,"يتألف النكليوتيد المنقوص الأكسجين من:

الاختيارات:
A. اساس ازوتي وسكر ريبوز
B. اساس ازوتي وسكر ريبوز ومجموعة فوسفات
C. اساس ازوتي وسكر ريبوز منقوص الاوكسجين ومجموعة فوسفات
D. اساس ازوتي وسكر ريبوز منقوص الأكسجين ومجموعتي فوسفات",C,C
1476,"من المستضدات التي تطلب التشخيص التهاب الكبد بالنمط B ما عدا:

الاختيارات:
A. HBs Ag
B. HB-DNA
C. HBc Ag
D. HBc Ag",B,D
1477,"في نشوء التنوع الضدي : الخطأ

الاختيارات:
A. في صبغيات الخلايا البانية.
B. هذه الأجزاء الجينية هي V,D,J في السلسلة الثقيلة من الضد.
C. تحصل التوليفة الجينية الجديدة من خلال عملية التأشب الجسدي التي تتم بين صبغيات غير متماثلة.
D. يحصل من تركيب توليفة جينية من عدد من الأجزاء الجينية.
E. بعد التعرف على التركيبة الجينية لسطح المستضد.",D,A
1478,"كل ما يلي صحيح عن نموذج كوندسون للتسرطن ما عدا:

الاختيارات:
A. يرث الطفل الاستعداد لحدوث السرطان
B. الطفرة الأولى متماثلة الآلائل بنيوية
C. الطفرة الأولى لوحدها غير كافية
D. الطفرة الثانية غير نوعية",D,B
1479,"يرتفع الأميلاز عند الإصابة بالتهاب البنكرياس الحاد ويصل للذروة خلال:

الاختيارات:
A. 12 ساعة
B. 14 ساعة
C. 24 ساعة
D. كل ما سبق خطاً",C,C
1480,"في الطفرات المحايدة: (الخطأ)

الاختيارات:
A. يتغير الأساس الأزوتي
B. يتغير الرامز Codon
C. يتغير الحمض الأميني
D. لا يتغير البروتين",D,D
1481,"كل ما يلى حول النقرس عدا:

الاختيارات:
A. هو مرض شائع
B. اكثر شيوعا لدى الذكور
C. يتميز بارتفاع حمض البول فى المصل والبول
D. تحدث الحصيات الكلويه لدى كل مرضى النقرس",D,D
1482,"في تناذر النفروز يظهر في البول قبل الترانسفرين:

الاختيارات:
A. الحديد
B. الكالسيوم
C. الألبومين
D. كل ما سبق صحيح",C,C
1483,"في وراثة الزمر الدموية ABO :

الاختيارات:
A. تتوضع مورثة الزمر الدموية على الصبغي السادس.
B. تكون سيادة الأليل A تامة على الأليلO.
C. تكون سيادة الأليل B تامة على الأليل O.
D. تكون سيادة الأليل A مشتركة ( غير تامة ) على الأليل B.
E. تملك مورثات الزمر الدموية ثلاثة أليلات.",C,C
1484,"يستخدم كزمرة ملحقة لجميع الإنزيمات الناقلة الزمرة الأمين:

الاختيارات:
A. الثيامين بيروفوسفات
B. البيوستين
C. البيرودوكسال فوسفات
D. NADH",C,C
1485,"من الأمثلة على الوراثة المندلية عند الانسان:

الاختيارات:
A. لون البشرة.
B. صفة الذكاء.
C. الطول.
D. لا شيء مما ذكر.",A,D
1486,"هي:X الاستبدال النكليوفيلي الأسرع في التفاعل الآتي يحدث في حال كانت

الاختيارات:
A. ذرة بروم
B. ذرة كلور
C. ذرة يود
D. ذرة فلور",D,C
1487,"السلبية الكاذبة للبروتين سببها؟

الاختيارات:
A. وجود الألبومين في البول
B. البول الممدد
C. البروتين الموجود ليس ألبومين
D. B&C كل من",D,D
1488,"تحوي عصارة المعتكلة:

الاختيارات:
A. إنزيمات هاضمة للسكر
B. يتم إفراز المشكلة هرمون بانكوزايمن
C. الأميلاز البنكرياسي
D. A.C",D,D
1489,"العلاج الثاني لمرض التلاسيميا بيتا:

الاختيارات:
A. زرع كبد
B. تناول الحديد فمويا
C. استئصال الطحال
D. زرع نقي عظام",D,D
1490,"ما يلي حول عوز إنزيم Hydroxylase – 218 صحيح ما عدا:

الاختيارات:
A. هو الشكل الأشيع المتلازمة الكفرية التناسلية.
B. يحدث فيه نقص في انتاج التستوستيرون.
C. يحدث فيه نقص في انتاج الكورتيزول.
D. يعتبر إذا لم يعالج) حالة مهددة للحياة",B,B
1491,"تنقص قيمة pH البول في الحالات التالية ما عدا؟

الاختيارات:
A. سوء حفظ العينة
B. تناول القوت البروتيني
C. الحماض الاستقلابي
D. الحماض التنفسي",B,A
1492,"الدور الحيوي للتمائم (FMN) و (FAD) هو:

الاختيارات:
A. حامل عابر للزهرة الأسباية.
B. حامل عابر الزمرة أمينية.
C. حامل عابر الزهرة الكربوكسيل.
D. كل ما سبق خطأ.",B,D
1493,"في حال حدوث قصور كلية:

الاختيارات:
A. ينقص الكرياتينين
B. تزداد التصفية الكلوية للكرياتينين
C. تنقص التصفية الكلوية للكرياتينين
D. a,b كل من",C,C
1494,"من الحموض الأمينية الكبريتية:

الاختيارات:
A. أسبارجين.
B. قبيل الانين.
C. سيرين.
D. ميثيونين.",D,D
1495,"كل ما يلي حول الأسباراجين والغلوتامين صحيح ما عدا:

الاختيارات:
A. من الحموض الأمينية القطبية غير المشحونة
B. سبب قطبيتهما وجود الزمرة الهيدروكسيلية في بنيتهما
C. يعتبران أميدان لحمض الأسبارتيك وحمض الغلوتاميك
D. بالحلمهة الحمضية لهما ينتج حمض الاسبارتيك وحمض الغلوتاميك",B,B
1496,"كل مما يلى يرجع أن البرقان الولادي بسبب مرضي ما عدا:

الاختيارات:
A. إذا استمر البرقان بعد الأسبوع الأول من الولادة.
B. إذا ظهر البريقان فية ان 24 ساعة الأولى بعد الولادة.
C. إذا ارتفع البيليروبين بمعدل ، ملغ /دل أو أكثر في اليوم الواحد.
D. إذا كان أول قياس البيليروبين لدى الخضع أكثر من 7 ملغ /دل.",C,D
1497,"من الحموض الأمينية الأساسية كل ما يلي عدا:

الاختيارات:
A. فالين.
B. لوسين.
C. تيرونين.
D. الأسبارجين.",D,D
1498,"الجين الرئيسي الذي له علاقة بتحديد الجنس:

الاختيارات:
A. PAX .
B. MSX .
C. SOX8 .
D. AZF .",A,E
1499,"جزيء لا يتم انتساخه من قبل بوليميراز الرنا 3:

الاختيارات:
A. tRNA.
B. snRNA.
C. الرنا المرسال mRNA.
D. 5s rRNA.",C,C
1500,"الإنزيم الذي يمتلك نوعية مطلقة تجاه ركيزته:

الاختيارات:
A. المالتاز
B. الكيموتريسين
C. الأسبارتاز
D. البيسين",B,C
1501,"الغليسين ما عدا

الاختيارات:
A. يلعب دور هام كسلف للبور فيرينات
B. هو من اهم الحموض الامينية المولدة للسكر
C. له دور أساسي في وظيفة العضلات
D. يدخل في تركيب الغلوتاتيون",B,E
1502,"فقر الدم العرطل في متلازمة ليش نيهان:

الاختيارات:
A. يتجاوب بالفوليك
B. لا يتجاوب بالفوليك
C. يتجاوب بالأوليك
D. لا شيء مما سبق",B,A
1503,"حال مما يلي حول التحويل بين الوحدات صحيح ما عند

الاختيارات:
A. ميلي مول اكتر – ملغ دل – (18) العاملة الجزيلة)
B. جول – حريرة – 4.1868
C. نانوكاتال اكثر – وحدة دولية التر (1670)
D. ميلي دول اكتر – ميلي مكافئ اكثر ( المتدافع)",B,A
1504,"من اسباب فرط البروتين الكلى:

الاختيارات:
A. تشمع الكبد
B. تناذر النفروز
C. الورم النقومى المتعدد multiple myeloa
D. كل ما سبق خطأ",B,C
1505,"الطفرة التبادلية:

الاختيارات:
A. استبدال الأدنين بالغوانين
B. استبدال السيتوزين بالتيمين
C. استبدال الأدنين بالتيمين
D. كل ما سبق خاطئ",C,C
1506,"من محرضات إفراز الإنسولين:

الاختيارات:
A. الغلوكوز
B. سكرتين
C. البروتينات
D. كل ما سبق صحيح",D,D
1507,"كل ما يلي حول التشمع الصفراوي الأولى صحيح ما عدا:

الاختيارات:
A. السبب تخريب مستمر ومتطور للقنوات الصفراوية السبب مجدول.
B. أكثر من 70% من الحالات يترافق مع أمراض مناعية ذاتية.
C. أكثر من 90% من المرضى ذكور.
D. قد يترافق مع التهاب كحبيبات الكلى",C,A
1508,"منطقة المشغل ال Operator في ال Operone عند طلائعيات النواة: (الخطأ)

الاختيارات:
A. تتوضع قبل المحضض مباشرة.
B. تكون مسؤولة عن بدء تشغيل المورثات الثلاث.
C. لها شكل العروة.
D. يربط بها بروتين كاظم Repressor.",D,A
1509,"في أنواع المورثات (الجينات): (الخطأ)

الاختيارات:
A. المورثات الخدمية House Keeping.
B. المورثات المتخصصة Specific.
C. تعمل المورثات الخدمية بشكل متقطع.
D. تعمل المورثات التخصصية في أوقات معينة.",A,C
1510,"من أعراض البري بري عند الأطفال ما عدا:

الاختيارات:
A. اختلاجات.
B. اقياء.
C. حركة نواسية نظمية لكرة العين (رأرأة).
D. تسرع قلب.",B,D
1511,"في عملية الانتساخ: (الخطأ)

الاختيارات:
A. يجب تمييز المحضض أولا.
B. يتم لطاق واحد وهو القالب.
C. يتم في الاتجاه من 3 ل 5 في الطاق القالب.
D. الطاق القالب يكون متمم للرنا المنتسخ.",C,D
1512,"في معالجة الحمض النووي الريبي المرسال :mRNA Processing

الاختيارات:
A. تتم في النواة و الهيولى.
B. تحتاج إلى الطاقة ATP.
C. حصول تغيير في الأسس مكان الوصل يؤدي إلى حدوث الطفرات.
D. تتم إضافة القلنسوة Cap في البداية بالكربون رقم (5).
E. تتم إضافة الذيل Poly A Tail في النهاية بالكربون رقم (3).",E,E
1513,"في عملية انهاء الانتساخ المعتمدة على بروتين الانهاء :RHO

الاختيارات:
A. يحتاج إلى منهي Terminator.
B. يشبه بروتين الانهاء RHO انزيم الـ Helicase.
C. يحتاج إلى طاقة ATP.
D. يعتمد على وجود بروتين الانهاء RHO.
E. يقطع البروتين الانهاء الروابط الهيدروجينية.",D,C
1514,"تشاهد الزيادة المرضية لها في التنخر الأنبوبي الحاد:

الاختيارات:
A. الظهارية المتوسفة
B. الظهارية الانتقالية
C. الظهارية الأنبوبية الكلوية
D. الظهارية في الأنابيب الجامعة",C,C
1515,"التمسخ ما عدا

الاختيارات:
A. بسبب تخرب البنية الثالثية
B. لا عكوس
C. يتم بتأثير الحرارة
D. يتم بتأثير الضغط",C,B
1516,"البلورات التي تشبه الساعة الرملية هي:

الاختيارات:
A. بلورات حمض البول
B. بلورات اوكزالات الكالسيوم
C. بلورات اليورات
D. كل ما سبق خطأ",B,B
1517,"عوز أنزيم Pyruvate Dehydrogenase:

الاختيارات:
A. يسبب ساد عيني تحت عمر 40 سنة
B. يعالج بتناول وجبات غنية بالسكاكر
C. يؤثر على الدماغ بشكل رئيسي
D. تبدأ أعراضه بالظهور في عمر 20-25 سنة",A,C
1518,"من أسباب نقص سكر الدم الارتكاسي:

الاختيارات:
A. نقص سكر الدم الهضمي
B. الحساسية للوسين
C. الغالاكتوزيمية
D. كل ما سبق صحيح",D,D
1519,"سبيل استحداث السمكر:

الاختيارات:
A. يحدث 10% من استحداث السكر في الدماغ
B. لا يتطلب تقديم طاقة
C. يستطيع تغطية الحاجة من الغلوكوز ٥٠٤ أيام
D. من الطلائع التي قد تستخدم فيه الحموض الكيتونية.",A,D
1520,"الهيموغلوبين الجنيني F:

الاختيارات:
A. يتألف من سلسلتين ألفا وسلسلتين عاما.
B. يبدأ اصطناعة منذ الأسابيع الأولى بعد الولادة.
C. يعتبر الخضاب الأساسي عند البالغ.
D. كل ما سبق خطأ.",A,A
1521,"الأمراض المرتبطة بالصبغي X السائدة: (الخطأ)

الاختيارات:
A. نادرة
B. تشيع عند الإناث
C. منها متلازمة ريث
D. لا ينتقل من ذكر مصاب",C,D
1522,"من صفات البروتين ألفا كيراتين:

الاختيارات:
A. يحوي بصورة مميزة على ثمالات التريبتوفان
B. يشكل الوزن الجاف للشعر والأظافر
C. بروتين كروي
D. يمتلك بنية رابعية",B,B
1523,"يصنف الصبغي 10 شكليا بـ:

الاختيارات:
A. طرفي القسيم المركزي
B. مطرفي القسيم المركزي
C. وسطي القسيم المركزي
D. موسطاني القسيم المركزي",D,D
1524,"أي من الغلوبيولينات الآتية تصنع في الكبد:

الاختيارات:
A. الفا 1 غلوبيولين
B. بيتا غلوبيولين
C. غاما غلوبيولين
D. bوa كل من",D,D
1525,"الكيمو تربسين ما عدا

الاختيارات:
A. يفرز بشكل كيمو تريسين
B. يوجد شكلان للكيمو تريبسيتوجين
C. يهضم الكيمو تريبسيتو جين الروابط الببتيدية الحاوية على زمرة كربوكسيلية تابعة للحموض الامينية العطرية
D. PH المثنى بين 7 و8",C,A
1526,"بنية البروتين ماعدا:

الاختيارات:
A. ثابتة بكل الظروف
B. ثالثية تمثل البنية الفراغية
C. لها دور في وظيفة البروتين
D. أولية في تسلسل الحموض الأمينية
E. تتطور بالوراثة",B,A
1527,"ان العنصر الذي يضيف ذرة الكربون ال سلسلة هالوجين الكان عند تفاعله معها هو:

الاختيارات:
A. غير خاملة كيميائيآ
B. قابلة للاتهاب
C. سامة
D. كل ما ذكر صحيح",D,A
1528,"كل ما يلي حول استقصاءات التهاب الكبد بالنمط C صحيح ما عدا:

الاختيارات:
A. إيجابية HCV A تدل على الإصابة الحديثة.
B. إيجابية HCV A تدل أن الفيروس في طور التناسخ replication.
C. في ٥٠% من حالات التهاب الكبد C قد يوجد حامل مزمن.
D. أضداد التهاب الكبد C قد لا تظهر إلا بعد اشهر من الإصابة .",A,C
1529,"من اسباب البرقان الانسدادي بعد الكبدي:

الاختيارات:
A. بعض الأدوية
B. نقل دم غير مناسب
C. انسداد الطرق الصفراوية داخل الكبد
D. كل ما سبق خطأ",C,D
1530,"كل ما يلي حول عوز النياسين صحيح ماعدا:

الاختيارات:
A. من أعراضه الإسهال
B. قد يؤدي للوفاة إذا لم يعالج
C. من أعراضه التهاب الجلد
D. يشاهد عند الشعوب التي تأكل الأرز المقشور",A,D
1531,"في منطقة ضبط الانتساخ Transcription Control Sequence أو المنطقة المنظمة العمل المورثة Regulatory Sequence: (الخطأ)

الاختيارات:
A. ترتبط بها عوامل الانتساخ
B. يمكن أن تحوي على معزز Inhancer
C. يمكن أن يحوي على مثبط Inhabiter
D. يمكن أن تحوي على Silencer",A,E
1532,"كل مما يلي حول اليرقان الولادي العائلي العابر صحيح ما عدا :

الاختيارات:
A. الإنذار ممتاز غالباً.
B. يظهر البرقان في اليوم الأول بعد الولادة.
C. وظائف الكبد في الحدود السوية.
D. يختفي اليرقان خلال ٢-٣ أسابيع بعد الولادة.",B,C
1533,"الحمض القطبي الأساسي (المشحون إيجابيا):

الاختيارات:
A. ألانين
B. غلوتامين
C. برولين
D. ليزين",D,D
1534,"منظمات فوسفوفركتو كيناز ماعدا:

الاختيارات:
A. ATP
B. Citrat
C. اللاكتاز
D. AMP",A,C
1535,"يوجد فرط شديد في بيليروبين المصل غير المرتبط وعوز جزئي: UDPGT

الاختيارات:
A. دوبن جونسن
B. روتر
C. كريجلر نجار
D. جيلبرت",D,C
1536,"في المحضض: PROMETER (الخطأ)

الاختيارات:
A. يلي التسلسل المنظم لعمل مورثة عادة.
B. يقع قبل المورثة.
C. يرتبط فيه RNA Polymerase.
D. تكون بدايته عادة TATATA أو TATAAAA.",D,A
1537,"من المثبطات اللاعكوسة:

الاختيارات:
A. الفومارات
B. المالونات
C. نازع ماء الثريونين
D. كل ما سبق خطأ",C,D
1538,"كل ما يلي حول الاستقلاب صحيح عدا: دورة 2018-2017

الاختيارات:
A. يمثل نشاطا خلويا منسقا ومنظما وهادفا
B. يجري بصورة عشوائية
C. أغلب السبل الاستقلابية هي سبل خطية الشكل
D. تجري المئات من تفاعلات الاستقلاب بجسم الانسان",B,B
1539,"علاج هذا المريض هو:

الاختيارات:
A. الديال Dialysis
B. الكولشسن
C. الصادات
D. الاسبرين",A,A
1540,"المواد المستعملة لتحويل بروم الاتان الي الاتن:

الاختيارات:
A. مع حمض الكبريت الممددVI ثنائي كرومات البوتاسبوم
B. مع حمض الكبريت الممددVII منغنات البوتاسبوم
C. محلول هيدروكسيد الصوديوم الاتانولي
D. محلول مركز من الامونيا",C,C
1541,"علاج إحمضاض الدم البرويبوني propionic academia:

الاختيارات:
A. حمية غنية بالبروتين.
B. حمية فقيرة بالميثايونين.
C. حمية غنية بالفالين والايزوليوسين.
D. .L-Dopa",C,C
1542,"سبيل اصطناع الغليكوجين:

الاختيارات:
A. يحدث في المتقدرة.
B. يتطلب طاقة يوفرها ATP.
C. الكبد هو العضو الوحيد القادر على اختزان الغليكوجين.
D. يعتبر وجود مركب GTP ضرورياً جداً في هذا السبيل.",B,B
1543,"الحمض الضروري (الأساسي) :Essential Amino Acid

الاختيارات:
A. ليوسين.
B. اسباراجين.
C. الانين.
D. غليسين.",A,A
1544,"بشطر روابط يساهم بها (ارجنين -- ليزين) بزمرة كربوكسيل:

الاختيارات:
A. الإلاستاز.
B. الكربوكسي ببتيداز .B
C. الكربوكسي ببتيداز .A
D. التربيسين.",B,D
1545,"في تحلل السكر

الاختيارات:
A. بالظروف الهوائية البيروفات هو ناتج تحلل السكر
B. بالظروف اللاهوائية NADH يستخدم في تشكل اللكنات من البيروفات
C. نزع هيدروجين يتم من جزيئتين غليسير الدهيد 3 فوسفات
D. يعاد استخدام جزيئيين من NADH مجددا للتفاعل",D,E
1546,"تتواسط الإنزيمات تفاعلات هامة ماعدا:

الاختيارات:
A. تدرك
B. نقل
C. تقوم الجملة الإنزيمية نفسها بالنقل
D. تتدخل في السبل الاستقلابية المختلفة",C,C
1547,"من الالات التى تؤدى الى حدوثاذيه خلايا كبديه+ركود صفراوى:

الاختيارات:
A. الحمل
B. بعد العمل الجراحى
C. تناول حبوب منع الحمل
D. كل ما سبق خطأ",B,D
1548,"التغيرات التي تطرأ على عينة حمض البول عند حفظها في درجة حرارة الغرفة لفترة طويلة؟

الاختيارات:
A. ازدياد عدد الجراثيم
B. ينخفض تركيز الغلوكوز
C. يزداد البيليروبين واليوروبيلينوجين
D. A&Bالجواب",D,D
1549,"الحمض الأميني الحاوي زمرة قطبية:

الاختيارات:
A. ALA.
B. VAL.
C. GLY.
D. TYR.",C,D
1550,"يضطرب توازن هاردي - وينبيرغ الجيني في جمهرة بتدخل العوامل التالية: الخطأ

الاختيارات:
A. ثبات معدل الطفرة عند الفرد مدى الحياة.
B. الهجرات الكبيرة.
C. التجمعات المعزولة.
D. التزاوج غير العشوائي.
E. الانتقاء الطبيعي.",B,A
1551,"كل ما يلي صحيح عن داء البول القيقبي MSUD عدا:

الاختيارات:
A. تبدأ أعراضه بالظهور عادة من الأيام الأولى للحياة
B. سببه خلل في استقلاب التيروزين
C. قد يسبب الوفاة إذا لم يعالج
D. يتظاهر بإضطرابات تغذوية متنوعة (غثيان - إقياء)",B,D
1552,"الهيموغلوبين الجنيني f:

الاختيارات:
A. يتألف من سلسلتين ألفا وسلسلتين عاما
B. يبدأ اصطناعه منذ الأسابيع الأولى بعد الولادة
C. يعتبر الخضاب الأساسي عند البالغ
D. كل ما سبق غير صحيح",A,A
1553,"ليس من صفات الوراثة عديدة العوامل:

الاختيارات:
A. يزداد اختطار الرجعة لدى الأقرباء
B. ليس لديها ميل للجنس
C. تضافر كل من العوامل الجينية والبيئية
D. يزداد اختطار الرجعة بازدياد وخامة المرض",C,B
1554,"كل ما يلي حول استقصاءات التهاب الكبد بالنمط B صحيح ما عدا :

الاختيارات:
A. إذا كان HBS Ag إيجابياً دل على إصابة حديثة أو قديمة.
B. إذا كان HBS Ag سلبياً يفضل قياس (HBs Ab).
C. ايجابية HBc Ag تدلل على حداثة الإصابة بالفيروس.
D. يمكن طلب HB-DNA لتحديد عدد النسخ الفيروسية.",A,C
1555,"ما يلي حول عوز Pyruvate Dehydrogenase صحيح ماعدا:

الاختيارات:
A. أشيع الأسباب الكيميائية للحماض اللبني الولادي.
B. يسبب الشكل الشديد منه حماض لبني عارم يودي للـوفاة.
C. يسبب الشكل الثالث منه (الخفيف) رنح ثوبي.
D. يعالج بالابتعاد عن تناول الأطعمة التي تحوي بيروفات.",C,D
1556,"كل مما يلي حول الاستقلاب صحيح ما عدا:

الاختيارات:
A. يمثل نشاطاً خلوياً منسقاً ومنظماً وهادها.
B. يجري بصورة عشوائية.
C. أغلب السبل الاستقلابية هي سبل خطية الشكل.
D. تجري المئات من تفاعلات الاستقلاب في جسم الانسان.",B,B
1557,"كل ما سبق صحيح.

الاختيارات:
A. في التهاب السحايا الجرثومي نلاحظ مخبريا:
B. بروتين CSF أقل من 60 ملغ /دل.
C. الكريات البيض أكثر من 1000 كرية مم .
D. كل ما سبق خطا.",B,D
1558,"تحدث الوفاة لدى مرضى التلاسيميا بسبب:

الاختيارات:
A. انحلال الدم
B. تراكم الخضاب الجنيني
C. تراكم الحديد
D. النوب الألمية الشديدة جدا والمتكررة",C,C
1559,"في الكروماتين المتغاير: (الخطأ)

الاختيارات:
A. يكون حلزون الدنا ملتف بشدة على الهيستونات.
B. يوجد تباعد بين الجسيمات النووية.
C. تكون القدرة التعبيرية أقل.
D. يعتبر نمط غير فعال بشكل عام.",C,B
1560,"تختلف في بنية الهيكل الكربوني:

الاختيارات:
A. المصاوغ الموضعي
B. المصاوغ السلسي
C. المصاوغ سيس ترانس
D. المصاوغ الضوئي",C,B
1561,"في روامز التوقف: (الخطأ)

الاختيارات:
A. UGA.
B. UAG.
C. AGU.
D. UAA.",D,C
1562,"يسبب عوز الثيامين الشديد:

الاختيارات:
A. داء البلاغرا
B. فقر الدم ضخم الأرومات
C. العشى الليلي
D. البري بري",A,D
1563,"سبب حاله هذا المريض غالبا هو:

الاختيارات:
A. فقر الدم الانحلالى
B. التهاب الكبد الفيروسى
C. فقر الدم المنجلى
D. سرطان رأس البنكرياسى",A,D
1564,"من الاسباب التى تؤدى حدوث هذه الحاله:

الاختيارات:
A. قصور القلب
B. حصيات الحالب
C. ضخامه البروستات
D. قصور الكليه",B,D
1565,"البروتين الشحمي HDL:

الاختيارات:
A. يحتوي على نسبة مرتفعة من الشحوم الثلاثية.
B. يحتوي على الصميم 100 -- apoB.
C. يتشكل في الكبد والأمعاء.
D. يحتوي على نسبة منخفضة من البروتينات.",C,C
1566,"سبيل استحداث السكر:

الاختيارات:
A. يحدث 90% من استحداث السكر في الدماغ
B. لا يتطلب تقديم طاقة
C. يستطيع تغطية الحاجة من الغلوكوز 4_5 أيام
D. من الطلائع التي تستخدم فيه الحموض الكيتونية",C,D
1567,"كل ما يلي حول فيتامين E صحيح ماعدا:

الاختيارات:
A. يعتبر عاملا طبيعيا مضادا للأكسدة
B. هو الأقل سمية بين كل الفيتامينات المنحلة بالدسم
C. ينصح بإعطائه دوائيا كوقاية من الأمراض
D. يسبب عوزه ازدياد هشاشية الكريات الحمراء",C,C
1568,"من الانزيمات التي يتطلب وجود التميم AD+

الاختيارات:
A. نازع هيدروجين البيروفات
B. نازع هيدروجين المالات
C. نازع هيدروجين ألفاكيتوغلوتارات
D. كل ما سبق صحيح",D,D
1569,"يرجع البيليروبين بفعل الفلورا الجرثومية للمعي الغليظ إلى:

الاختيارات:
A. Urobilin
B. Stercobilin
C. Urobilinogen
D. كل ما سبق خاطئ",B,C
1570,"تورث المتقدرات وصبغياتها جمعيا من:

الاختيارات:
A. الاب
B. الاب والام معا
C. الام
D. جميع ما ذكر خطأ",B,C
1571,"من الأدوية التي تقلل من تحول T4 إلى T3 ما عدا :

الاختيارات:
A. الستيروئيدات السكرية.
B. السالسيلات.
C. امیودارون.
D. بروبرانولول.",C,A
1572,"يبلغ عدد الجينات التي تشفر لجزيئات الرنا الأصغري miRANS في مجين الإنسان:

الاختيارات:
A. 50 جين.
B. 100 جين.
C. 125
D. 200",C,C
1573,"عند كتابة شجرة المورثات: (الخطأ)

الاختيارات:
A. المربع يرمز للذكر.
B. الدائرة ترمز للأنثى.
C. الخط يرمز إلى التزاوج.
D. المعين يرمز الي جنس غير محدد.",C,E
1574,"حالة المهق Albinism:

الاختيارات:
A. سبيها عوز إنزيم (تيروزيناز).
B. قد يحدث لدى المريض رهاب ضوئي.
C. يكون شعر المريض أبيض اللون.
D. كل ما سبق صحيح.",D,D
1575,"لقحت نطفة أحادية الصيغة الصبغية بيضة تحوي على صبيغيين 21 فتكون الزيجوت الناتجة تحوي على:

الاختيارات:
A. 46
B. 45
C. 47
D. 69",C,C
1576,"يسبب وجود المستعمرات الجرثومية في السائل المنوي خمج الطرق التناسلية إذا كان عدد تلك المستعمرات:

الاختيارات:
A. أكثر من ۱۰۰ مستعمرة / مل
B. أقل من ۱۰۰ مستعمرة / مل
C. أكثر من ۱۰۰۰ مستعمرة / مل
D. أقل من ۱۰۰۰ مستعمرة / مل",A,C
1577,"كل ما يلي صحيح عن الإزفاء ماعدا:

الاختيارات:
A. انتقال شدف من الدنا بين صبغيين غير متماثلين
B. لا يؤدي إلى خلل في إنتاج الأعراس
C. ينجم صبغي فيلادلفيا عن إزفاء متبادل
D. لا يسبب فقداناً في المادة الوراثية",B,B
1578,"كل ما يلي صحيح حول الميوغلوبين عدا:

الاختيارات:
A. يتميز بلونه الأصفر
B. يقوم بدور خازن مؤقت للأوكسجين
C. من البروتينات الهيمية
D. بنيته الثالثية سجقية الشكل مؤلفة من 8 قطع",A,A
1579,"واسم قد يستخدم للمتابعة أثناء العلاج وبعده في سرطان المثانة:

الاختيارات:
A. CA 125 .
B. PSA B74.
C. AFP .
D. CA 15-3 .",B,A
1580,"يستخدم في رسم الشجرة الوراثية: (الخطأ)

الاختيارات:
A. المثلث الفارغ يشير إلى الاسقاط العفوي.
B. الخطان الأفقيان المتوازيان يشيران إلى زواج الأقارب.
C. يشير الخطان المتوازيان إلى توائم وحيدة البيضة.
D. يرمز للأجيال بالأرقام اللاتينية.",D,C
1581,"يتم اصطناع الدقائق الكيلوسية في:

الاختيارات:
A. الكبد
B. الدماغ
C. الطحال
D. الأمعاء",C,D
1582,"كل مما يلي من تفاعلات الحموض الامينية ما عدا

الاختيارات:
A. استره
B. استله
C. اريلة
D. الاستقلاب",C,E
1583,"كل ما يلي حول السرطانة الكبدية صحيح ما عدا :

الاختيارات:
A. تحدث السرطانة الأولية الكبدية بشكل أساسي في الإناث.
B. في ٨٠٪ من الحالات يوجد أحد أنواع تشمع الكبد.
C. قد تصادف بشكل كبير في حالات الصباغ الدموي.
D. قد تصادف بشكل كبير في حالات التشمع الكحولي.",A,A
1584,"يشاهد نقص سكر الدم الهضمي عند مرضى:

الاختيارات:
A. استئصال المعدة
B. رأب البواب
C. A&B كل من
D. كل ما سبق خاطئ",C,C
1585,"يقوم المغنيزيوم ب:

الاختيارات:
A. تنشيط تحلل السكر
B. نقل البوتاسيوم والكالسيوم
C. دور هام في الخواص الكهربائية للأغشية الخلوية
D. كل ما سبق",D,D
1586,"في الورم الأرومي الشبكي الموروث: الخطأ

الاختيارات:
A. يحوي المصاب طفرتان في RB1 gene.
B. واحدة موروثة.
C. والثانية حصلت خلال الطفولة.
D. في كريات بيضاء المصاب يكون اليلا الجين بحالة متماثلة.
E. في شبكية عينه يكون الجين متماثل الدلائل.",A,A
1587,"انزيم a-ketoglutarate dehydrogenase:

الاختيارات:
A. يتثبط ب NADH
B. يتثبط ب ATP
C. يتفعل بوجود شوارد الكالسيوم
D. كل ما سبق صحيح",D,D
1588,"الكيموتريسين ماعدا:

الاختيارات:
A. يفرز بشكل كيموتريسين
B. يوجد شكلان للكيموتريسين
C. يهضم الكيموتربسينوجين الروابط الببتيدية الحاوية على زمرة كربوكسيلية تابعة للحموض الأمينية العطرية
D. PH المثلى بين ال ٧ وال ۸
E. نواتج الحلمهة هي الحموض الأمينية الحرة وقليلة الببتيد",C,A
1589,"واسم سرطاني نوعي لتشخيص ومتابعة سرطان الرئة ذي الخلايا

الاختيارات:
A. Cyfra 21 .
B. CEA .
C. NSE.
D. كل ما سبق صحيح.",D,A
1590,"يوجد AP بكميات كبيرة في:

الاختيارات:
A. الكبد
B. العظام
C. الكلية
D. A&B كل من",D,D
1591,"في أنزيم: RNA polymerase (الخطأ)

الاختيارات:
A. يشكل الروابط التكافؤية ثنائية الإسترية
B. يتألف من عدة وحيدات Subunit
C. يرتبط مع المحضض
D. يركب الرنا من الاتجاه 3 إلى 5",B,D
1592,"كل مما يلي حول الكبد صحيح ما عدا:

الاختيارات:
A. تشكل الخلايا البرانشيمية (المتنية) حوالي 160 من وزن الكيد.
B. يمر حوالي 1500 هل من الدم عبر العبد في الدقيقة.
C. 75% من التروية الدموية تعمل الكبد عبر الشريان الكبدي.
D. حجم النص الأيمن 27 أضعاف حجم الفص الأيسر.",D,B
1593,"من آليات التسمم بالزرنيخ الثلاثي بأنه:

الاختيارات:
A. يثبط إنزيم بيروفات كيناز
B. يثبط إنزيم ألفا كيتوغلوتارات ديهيدروجيناز
C. ينافس المغنيزيوم كعامل مساعد لإنزيمات تحلل السكر
D. يثبط إنزيم هكسوكيناز",B,B
1594,"الأنسجة المسيطرة على عملية استقلاب الوقود في الجسم تتواصل مع بعضها عبر:

الاختيارات:
A. الجملة العصبية
B. توافر الركائز في الدوران
C. التبدلات في مستويات الهرمونات في البلازما
D. كل ما سبق صحيح",D,D
1595,"البروتين الشحمي HDL

الاختيارات:
A. يحتوي على نسبة مرتفعة من الشحوم الثلاثية.
B. يحتوي على الصميم 100-apoB.
C. بتشكل في الكبد والأمعاء.
D. يحتوي على نسبة منخفضة من البروتينات.",C,C
1596,"سبب هذا المرض هو طفرة نقطية أدت إلى:

الاختيارات:
A. استبدال الحمض الأميني اسباراتيك بالحمض الأميني فالين
B. عدم اصطناع السلسلة بيتا
C. استبدال الحمض الأميني غلوتاميك بالحمض الأميني فالين
D. استبدال الحمض الأميني سيرين بالحمض الأميني غليسين",A,C
1597,"يتم ربط شدف أوكازاكي بوساطة

الاختيارات:
A. دنا بوليميرازا
B. أنزيم الليغاز
C. Primase أنزيم
D. كل ما سبق خطأ",C,B
1598,"أكثر الأنزيمات فعالية تحفيزية في جسم الانسان هو انزيم:

الاختيارات:
A. بيروفات ديهيدروجيناز
B. كاربونيك انهيدراز.
C. بيروفات كيناز.
D. الدولاز.",B,B
1599,"من الحموض الأمينية العطرية:

الاختيارات:
A. تيروزين
B. فنيل ألانين
C. تربتوفان
D. كل ما سبق صحيح",D,D
1600,"الشكل الفعال لفيتامين B6 هو:

الاختيارات:
A. البيريدوكسين
B. البيريدوكسال
C. البيريدوكسال فوسفات
D. البيريدوكسامين",A,C
1601,"الخبن الانتهائي هو:

الاختيارات:
A. حذف الجزء الانتهائي من الصبغي
B. انتقال الجزء الانتهائي لصبغي إلى صبغي آخر
C. مناطق غنية بتكرارات من تسلسلات الدنا
D. تبديل مكان الجزء الانتهائي للصبغي",A,A
1602,"مثل مما يلي حول تشمع العقيد اللامعاوض صحيح ماعدا :

الاختيارات:
A. انعدام اليوروبيلينوجين المطروح في البول
B. درجة ارتفاع البيليروبين التناسب مع درجة قصور الغالية المعينية
C. يوجد لدى المرضى نشمي خلايا شامل Tacky toxemia
D. نور غالباً ما يوجد ارتفاع معتدل. مل مستوى الفا فينوبروتين",C,C
1603,"كل مما يلي حول ضخامة النهايات Acromegaly صحيح ما عدا :

الاختيارات:
A. حوالي 99٪ من الحالات سببها ورم نخامي بدئي.
B. 90% من المصابين بهذا المرض من الرجال.
C. من الحالات سببها زيادة إفراز الوطاء لـ GHRH.
D. يعتبر اختبار تحمل السكر من الاختبارات المساعدة في التشخيص.",B,A
1604,"CFCS ليس من استعمالات

الاختيارات:
A. مبيض في مسحوقات الغسيل
B. غاز للتبريد في البرادات
C. مذيب
D. عامل نفخ للبلمرات",D,A
1605,"كل مما يلي صحيح عدا:C2H4 في جزيء الإتن

الاختيارات:
A. تقع جميع ذراته في مستوي واحد
B. أعظمي P تداخل المدرارات ليس
C. تحاط كل ذرة كربون بثلاث روابط سيغما
D. يحوي رابطة باي واحدة",B,B
1606,"أنزيم الرنا بوليميراز لدى الحقيقيات: (الخطأ)

الاختيارات:
A. يركب الروابط التكافؤية.
B. يفك مؤقتا الروابط الهيدروجينية.
C. يتألف من 14 وحيدة.
D. لا يحتاج الى بادي.",B,C
1607,"السيستيلين ما عدا

الاختيارات:
A. غير مولد للسكر
B. يدخل بتركيب الانسولين
C. يدخل بتركيب تميم A
D. يدخل بتركيب غلوتاثيون",C,A
1608,"رجل زمرة دمه A وامرأة زمرة دمها B لا يمكن ان ينجبا طفلا زمرة دمه:

الاختيارات:
A. A.
B. B.
C. AB.
D. O.",C,D
1609,"في حال زواج حملة يكون احتمال إنجاب طفل مصاب:

الاختيارات:
A. 0.5
B. 0.75
C. 0.25
D. 0",C,C
1610,"امرأة مصابة بمتلازمة فرط كوليسترول الدم تزوجت من رجل سليم. احتمال إنجاب طفل مصاب:

الاختيارات:
A. 1
B. 0.5
C. 0.25
D. 0",C,B
1611,"ما هو الواسم الورمي الذي تطلب معايرته دوريا لمراقبة مريض خضع لعملية استئصال البروستات الجذري:

الاختيارات:
A. .CA 19-9
B. PSA .
C. PSMA .
D. CA 15-3 .",B,B
1612,"من اسباب نقص مقاومهمريض الداء السكرى للجراثيم:

الاختيارات:
A. ازدياد ورم الدم للانسجه
B. نقص اصطناع البروتينات وخاصه الغلوبيولينات
C. نقص تركيز الغلوكوز الحر فى تيار الدم
D. كل ما سبق خطأ",B,B
1613,"كل ما يلي حول مريض التلاسيميا بينا الكبرى صحيح ما عدا:

الاختيارات:
A. العلاج الشافي هو زرع نقي العظم.
B. يحتاج لنقل دم بشكل متكرر.
C. لا يحدث لديه احتشاءات عادة.
D. عادة ما يموت بعمر ٦-٨ أشهر.",C,D
1614,"* مريض عمره 20 سنة يشكو من تعب عام وإرهاق وشحوب دائم في الوجه مع حدوث ندبة ألمية متكررة وبإجراء الاختبارات الكيميائية، كانت قيمة خضاب الدم منخفضة مع ارتفاع في البيبروبين غير المقترن، وبإجراء الحجلان الكهربائي للخضاب فكان 90% من خضابه هو من النوع Hbs هذا المريض يعاني من:

الاختيارات:
A. تلاسيميا بيتا الكبرى
B. داء الخضاب المنجلي
C. تلاسيابيا الصغرى
D. السمة المنجلية",B,B
1615,"* مريض عمره 20 سنة يشكو من تعب عام وإرهاق وشحوب دائم في الوجه مع حدوث ندبة ألمية متكررة وبإجراء الاختبارات الكيميائية، كانت قيمة خضاب الدم منخفضة مع ارتفاع في البيبروبين غير المقترن، وبإجراء الحجلان الكهربائي للخضاب فكان 90% من خضابه هو من النوع Hbs سبب هذا المرض هو طفرة نقطية أدت إلى:

الاختيارات:
A. استبدال الحمض الأميني اسباريتك بالحمض الأميني فالين
B. عدم اصطناع السلسلة بيتا
C. استبدال الحمض الأميني غلوتاميك بالحمض الأميني فالين
D. استبدال الحمض الأميني سيرين بالحمض الأميني غايين",C,C
1616,"* مريض عمره 20 سنة يشكو من تعب عام وإرهاق وشحوب دائم في الوجه مع حدوث ندبة ألمية متكررة وبإجراء الاختبارات الكيميائية، كانت قيمة خضاب الدم منخفضة مع ارتفاع في البيبروبين غير المقترن، وبإجراء الحجلان الكهربائي للخضاب فكان 90% من خضابه هو من النوع Hbs متوسط عمر الكرية الحمراء لدى هذا المريض:

الاختيارات:
A. 120 يوم
B. 200 يوم
C. 100 يوم
D. 20 يزم",C,D
1617,"مريض نتائج التحليل لديه كالتالي urea: 120 creatinine:2 فيكون التشخيص المناسب:

الاختيارات:
A. أزوتيميا قبل كلوية
B. آزوتيميا كلوية
C. آزوتيميا بعد كلوية
D. النتائج طبيعية",B,C
1618,"أفاد التحليل المريض بالنتائج الآتية: urea: 140 creatinine: 1 فيكون التشخيص:

الاختيارات:
A. أزوتيميا قبل كلوية
B. آزوتيميا كلوية
C. أزوتيميا بعد كلوية
D. النتائج طبيعية",B,A
1619,"افاد تحليل المريض بالنتائج التالية urea: 152 creatinine: 7 فيكون التشخيص:

الاختيارات:
A. آزوتيميا قبل كلوية
B. أزوتيميا كلوية
C. آزوتيميا بعد كلوية
D. النتائج طبيعية",C,B
1620,"الأنزيم الوحيد الذي تعايره في الحالة التالية (مريض مصاب بالتهاب البنكرياس الحاد منذ 4 أيام) هو:

الاختيارات:
A. حصرا ليباز
B. اميلاز حصراً
C. آنزيم الفوسفاتاز القلوية
D. AST آنزیم",B,A
1621,"طفل عمره ١٢ سنة لديه الأعراض إرهاق وتعب عام بعد تناول وجبة الغذاء للون أصفر في قرنية العين مع تلون البول بالأصفر الداكن ونتائج الفحوصات المخبرية لديه نقص عند الكريات الحمر مع انخفاض في الخصاب وارتفاع الشبكيات (ALT,AST,AP) قيم طبيعية ل وبإجراء الرحلان الكهربائي للخضاب أظهر موجودات طبيعية فالتشخيص المحتمل للطفل هو:

الاختيارات:
A. فقر دم منجلي
B. التهاب كبد فيروسي
C. داء الفوال
D. سرطان رأس البنكرياس",C,C
1622,"مريض عمره ٧٢ سنة لديه الأعراض: اصفرار في لون الجلد وقرنية العين مع بول أصغر داكن (كلون الشاي). ونتائج للفحوصات المخبرية لديه: APارتفاع قيمة ال طبيعيةALT وارتفاع قيمة البيليروبين المقترن وكانت قيم الخضاب و فالتشخيص المحتمل للمريض:

الاختيارات:
A. يرقان انحلالي
B. يرقان كبدي خلوي
C. يرقان انسدادي
D. يرقان نووي",B,C
1623,"مريض من فئة حديثي الولادة لتظاهر أعراض المرض لديه بشلول تشنجية وتبدو عليه علامة قبضة الملاكم ونتائج الفحوصات المخبرية لديه ارتفاع البيليروبين الحر في مصل الدم فالتشخيص المحتمل:

الاختيارات:
A. يرقان انحلالي
B. برقان انسدادی
C. يرقان كبدي
D. يرقان نووي",C,D
1624,"مريض بعمر ٤٠ سنة، نتائج الفحوصات المخبرية لديه البيليروبين الكلي في المصل البيليروبين غير المقترن في المصل البيليروبين المقترن في المصل وكانت نتيجة الرحلان الكهربائي للخضاب مختلفة S حيث يظهر الخضاب فالتشخيص المحتمل:

الاختيارات:
A. يرقان انحلالي
B. يرقان انسدادي
C. يرقان كبدي
D. يرقان نووي",C,A
1625,"مريض عمره ٣٥ سنة، نتائج الفحوصات المخبرية لديه ارتفاع البيليروبين الكلي بنوعيه (بالمصل) ALT,AST وارتفاع فالتشخيص المحتمل:

الاختيارات:
A. يرقان انحلالي
B. يرقان انسدادي
C. يرقان كبدي
D. يرقان نووي",C,B
1626,"عند مريض نقص الكالسيوم فإن عند معايرة PTH:

الاختيارات:
A. يدل على قصور درق PTH نقص تركيز
B. يدل على فرط درق PTH زيادة تركيز
C. D يدل على عوز فيتامين PTI زيادة تركيز
D. A&C كلا من",B,D
1627,"مريض يعاني من تشمع الكبد مع حلقة صفراء في القرنية فإن التشخيص:

الاختيارات:
A. اليرقان
B. ارتفاع بيليروبين المصل
C. داء ويلسون
D. عم يدلل المريض",C,C
1628,"تكون نتيجة الكشف عن الغلوكوز في البول إيجابية كاذبة في حال كان تركيزه أقل من ١٠٠ ملغ / د عنما نعطي المريض كميات كبيرة من؟

الاختيارات:
A. فيتامين a
B. فيتامين b
C. فيتامين c
D. البروفين",C,C
1629,"يكون الشخص مريض بداء السكري إذا كان الغلوكوز الصيامي عنده:

الاختيارات:
A. اقل من ١٢٥ ملغ / دل
B. أكثر من ١٢٥ غ\ل
C. أكثر من ١٢٥ ملغ / دل
D. اقل من ١٢٥ غ\ل",C,C
1630,"كل ما يلي حول مريض التلاسيميا بينا الكبرى صحيح ما عدا:

الاختيارات:
A. العلاج الشافي هو زرع نقي العظم.
B. يحتاج لنقل دم بشكل متكرر.
C. لا يحدث لديه احتشاءات عادة.
D. عادة ما يموت بعمر ٦-٨ أشهر.",C,D
1631,"كل ما يلي حول مريض مرض التلاسيميا صحيح عدا:

الاختيارات:
A. العلاج الشافي حول زرع نقي عظام
B. يحتاج نقل دم بشكل متكرر
C. لا يحدث لديه احتشائات غالبا
D. عادة يموت بعمر 6_8 أشهر",D,D
1632,"مريض عمره 12 سنة لديه ساد عيني مع عدم وجود أي أعراض أو علامات مرضية أخرى: هذا المريض يشكو من حالة مرضية هي:

الاختيارات:
A. عدم تحمل اللاكتوز
B. الغالكتوزيمية
C. التسمم بالفركتوز
D. الداء السكري الغالاكتوزي",B,D
1633,"يشارك في تشكيل مغزل الانقسام كل ما يلي ما عدا

الاختيارات:
A. الجسيم المركزي .
B. النجماء .
C. الغشاء النووي .
D. بروتينات التوبيولين .",C,C
1634,"الطاقة:

الاختيارات:
A. تتبدد ونكون بحاجة لمصدر مستمر ودائم لها .
B. تستنفذ في بناء الكائنات الحية وكطاقة حركية ميكانيكة .
C. تتبدد بشكل حرارة الى الفضاء الخارجي .
D. كل ما سبق صحيح .",D,D
1635,"تمنع آلية الـ NMD تشكل بروتين:

الاختيارات:
A. طافر.
B. مبتور.
C. عالي الفعالية.
D. خميري.",C,B
1636,"ال MYOD تحول الخلايا غير العضلية لأرومات عضلية تعمل بألية

الاختيارات:
A. المحددات السيتوبلاسمية
B. التحريض
C. التثبيط الجانبي
D. الضبط التوالفي",B,C
1637,"يتدخل الهيكل الخلوي في:

الاختيارات:
A. تخزين الغليكوجين.
B. الانقسام الخلوي.
C. تركيب البروتينات .
D. استهلاك الطاقة .",B,B
1638,"المشغّلات Operons نموذج عن:

الاختيارات:
A. آلية التحكم الإيجابي
B. آلية التحكم السلبي
C. الآلية الكاظمة السلبية
D. الآلية الكاظمة الإيجابية",B,D
1639,"دورة العتبة :CT

الاختيارات:
A. تتناسب طردياً مع عدد نسخ الدنا البدئي
B. تتناسب طردياً مع عدد مشارع الدنا البدئية
C. تتناسب عكسياً مع عدد نسخ الدنا البدئي
D. تتناسب عكسياً مع عدد مشارع الدنا البدئية",B,B
1640,"السمة الأبرز لحقيقيات النوى تحت المجهر الضوئي

الاختيارات:
A. وجود النواة
B. وجود الريبوزومات
C. وجود الجدار الخلوي
D. وجود الغشاء الخلوي",A,A
1641,"في شجرة نسب مرتبطة بخلة متقدرية عند الأم:

الاختيارات:
A. الذكور مصابون دون الإناث.
B. الخلة تظهر لدى كل الأولاد.
C. لا تتوقف الخلة عند الذكور في الأولاد.
D. تؤثر العوامل البيئية على ظهورها.",A,B
1642,"تحدث الخطوة الأولى من الفسفرة التأكسدية لتحطيم الغلوكوز في :

الاختيارات:
A. السيتوبلاسما.
B. ADAMS.
C. كل من A و B خاطئ .
D. كل من A و B صحيح .",A,D
1643,"من صفات المالتوز عدا

الاختيارات:
A. يتألف من جزيئتي غلوكوز
B. مرجع
C. يعد من أكثر المواد النقية انتشارا
D. له نوعان bوa",B,D
1644,"من الامثلة على تفعيل الجينات الورمية بطريقة التضخيم الجيني :

الاختيارات:
A. BCR-ABL
B. P21.
C. HRAS
D. N_MYC",D,D
1645,"كل ما يلي صحيح عن إقصاء الجين ما عدا:

الاختيارات:
A. يستخدم النيوماسين كصاد حيوي
B. يحدث التأشيب المماثل
C. عند إقصاء عامل التخثر الثامن لفأر ينتج نموذج الناعور B
D. دراسة تأثير غياب الجين في الخلايا المتمايزة الناتجة عن تعطيل وإقصاء الجين المستهدفة",C,A
1646,"يبدا الانتساخ للجينات المرمزة للبروتينات بارتباط RNApol11 عند :

الاختيارات:
A. المحضض القريب .
B. المفراز .
C. المسكت .
D. السوائل .",A,A
1647,"تنتج الفسفرة الناتجة عن تفكك الغلوكوز: دورة

الاختيارات:
A. 5 جزيئات NADH .
B. 15جزيئة NADH .
C. 10جزيئات .NADH
D. 10جزيئات FADH2 .",C,C
1648,"عند غياب الغلوكوز من وسط جراثيم coli.E

الاختيارات:
A. يتوقف مشغل اللاكتوز عن العمل.
B. ترتفع مستويات camp.
C. يتوقف انتاج Galactosidase- B .
D. يتوقف انتاج Permease.",A,B
1649,"تستخدم تقنية dHPLC في:

الاختيارات:
A. كشف وفصل المثنويات المتغيرة والمتماثلة الناجمة عن الطفرات النقطية
B. التمييز بين النمطين المتماثل والمتخالف للأليل الطافر
C. نكشف الاختلاف في نكليوتيد واحد دون الحاجة لإنزيمات
D. تمييز التغيير في طول نواتج التفاعل",A,C
1650,"الموقع الطبيعي للجين الورمي ABL :

الاختيارات:
A. 22q11
B. 9q34
C. 13q1
D. Bq24",A,B
1651,"من البروتينات المصنعة في الجسم التي تزيد من الشهية:

الاختيارات:
A. PYY
B. Melanocortin_4 receptor
C. Leptin receptor
D. Neuropeptide Y",D,D
1652,"وظيفة المعززات بالوحدة المنظمة

الاختيارات:
A. بدء انتساخ الجينات
B. تزيد معدل الانتساخ
C. تخفض معدل الانتساخ
D. توقف معدل الانتساخ",B,B
1653,"مؤسس قانون الاصطفاء الطبيعي

الاختيارات:
A. Woese
B. Darwin
C. Linnaeus
D. Dall",B,B
1654,"من أنماط التحريض

الاختيارات:
A. النمط المباشر
B. النمط غير المباشر
C. النمط التأزري
D. a+b",B,D
1655,"تحريض تشكل الأديم المتوسط في جنين الضفدع يتبع ل

الاختيارات:
A. نمط التحريض الأول
B. نمط التحريض الثاني
C. المحددات السيتوبلاسمية
D. لدور التثبيط الجانبي",B,A
1656,"كل ما يلي يحدث في آلية التداخل بالرنا ما عدا:

الاختيارات:
A. يقوم معقد RISC بشطر الرنا المرسال في حال التكامل التام
B. RISC مسؤول عن التنظيم اللاحق للانتساخ عبر زيادة ثباتية الرنا
C. يقوم معقد RISC فقط بتثبيط ترجمة الرنا المرسال في حال التكامل غير التام
D. يوجد التتالي المستهدف من قبل RISC في الحيوانات في 3' UTR من الرنا المرسال",D,B
1657,"يتم نقل الغلوكوز من خارج الخلية إلى داخلها بواسطة

الاختيارات:
A. الانتشار البسيط .
B. النقل الفعال .
C. النقل الميسر .
D. قنوات شاردية .",B,C
1658,"تركيب الجزيئات الكبدية في النباتات اعتمادا على الكربون

الاختيارات:
A. O2 fixation
B. Co2 fixation
C. Coupling
D. Green house effect",B,B
1659,"الخلية الكبدية

الاختيارات:
A. كاملة القدرات
B. عديدة القدرات
C. قليلة القدرات
D. وحيدة القدرات",B,C
1660,"كل مما يلي من صفات المحددات السيتوبلاسية في البيضة

الاختيارات:
A. تتوزع بشكل متناظر على الخلايا البنات
B. جزيئات كبرى مرتبطة بألياف الهيكل الخلوي
C. لها قدرة على تغيير التعبير الجيني
D. تؤثر في الدنا النووي",B,A
1661,"الشكل المرئي من أشكال الطاقة:

الاختيارات:
A. طاقة حركية
B. طاقة كامنة
C. طاقة حرارية
D. لا شيء مما سبق",A,D
1662,"مما يلي يدل على العضية ووظيفتها الصحيحه :

الاختيارات:
A. الجسيمات البيروكسيدية انتاج الطاقه .
B. الميتكوندريا استحداث السكر .
C. الليزوزمات عمليات هضم داخل الخلية .
D. الريبوزومات اكسدة السموم .",C,C
1663,"لقد تبين في حالة التفارز المستقل أن التركيب الجيني الجديد يظهر لدي (......) من مجموع النسل:

الاختيارات:
A. 0.4
B. 0.1
C. 0.2
D. 0.5",B,B
1664,"فيما يلي عن اعادة نمذجة الكروماتين:

الاختيارات:
A. تؤدي استله الكروماتين الى انخفاض الفعالية الانتساخية.
B. تحدث الاستلة عند ثمالات الليزين في ذيل الهيستون 1H.
C. يؤدي نزع الاستلة الى تثبيط التعبير الجيني.
D. يترافق نزع الاستلة مع تحول الكروماتين من النمط المغلق الى النمط المفتوح.",C,C
1665,"في تزيّق الخط الانتاشي :

الاختيارات:
A. في المضغة بعد الإخصاب
B. في طلائع البيوض والنطاف
C. تلاحظ في تكون العظم الناقص
D. كل ما سبق صحيح",D,D
1666,"يمكن دراسة الوراثة البشرية للخلات من خلال منظورين:

الاختيارات:
A. دراسة وتحليل بيانات أعداد كبيرة من البشر
B. يمكن أن تدرس وراثة خلة ما بين الأقارب ضمن عائلات مفردة
C. إنشاء شجرة النسب
D. كل ما سبق صحيح",D,B
1667,"تواتر اضطراب فرط كوليسترول الدم:

الاختيارات:
A. 500/1
B. 100000/1
C. 10000/1
D. 4000-01-01 0:00:00",B,C
1668,"تشافع : Shine Dalarno

الاختيارات:
A. تشافع نوكليوتيدي موجود عند النهاية 5` للرنا المرسال
B. قي القسم غير المترجم للرنا المرسال3`UTR
C. تشافع نوكليوتيدي موجود عند النهاية 3` لـ 16S rRNA
D. كل ما سبق صحيح",D,B
1669,"يبدأ انتساخ الجينات المرمزة للبروتينات بارتباط انزيم الرنا بوليميراز إلى

الاختيارات:
A. المعزز enhances.
B. المطلق القريب promoter .
C. المسكتات sssiiilencers.
D. النكليوتيد رقم 10 .",B,B
1670,"تحتاج متلازمة ....... إلى التقييم من قبل اختصاصي غدد صم :

الاختيارات:
A. متلازمة داون
B. متلازمة تيرنر
C. متلازمة كلاينفلتر
D. متلازمة باتو",A,D
1671,"يوجد للرنا الريباسي :Rrna

الاختيارات:
A. الرنا المرمز للبروتين
B. الرنا المرسال
C. ثلاثة أنواع
D. ست أنواع",C,A
1672,"كل ما يلي صحيح عن طور البدء في البدائيات النوي ماعدا:

الاختيارات:
A. يتحرر العامل سيغما بعد اصطناع سلسلة مؤلفة من 8 إلي 9 نوكليوتيدات رنا
B. تتشكل روابط فسفورية ثنائية الاستر بين النوكليوتيدات الريبية القليلة الأولي في سلسلة الرنا الجديدة
C. يرمز لموقع بدء الانتساخ ب1+وهو أول نوكليوتيد في النهاية `3 لسلسلة الرنا الجديدة
D. يشار لموقع بدء الانتساخ بالتتاليات صعدآ",D,C
1673,"الصحيح عن المشتملات كل ما يلي عدا :

الاختيارات:
A. عضيات خلوية .
B. خالية من النشاط الاستقلابي .
C. توجد في السيتوبلاسما .
D. غير متحركة .",B,A
1674,"Binary Fission

الاختيارات:
A. عند طلائعيات النوى
B. عند كل النباتات
C. عند كل الحيوانات
D. لا شيء مما سبق",A,A
1675,"عدد طبقات الفوسفولبيد في المذيلة

الاختيارات:
A. 1
B. 2
C. 3
D. 4",B,C
1676,"يدخل الكولاجين 4 في تركيب

الاختيارات:
A. الأجهزة الموصلة .
B. الغشاء القاعدي .
C. الأنابيب الدقيقة .
D. الأهداب الحقيقية .",B,B
1677,"تؤدي استلة الهيستونات الى:

الاختيارات:
A. تفعيل الانتساخ.
B. تثبيط التنسخ.
C. زيادة رزم الجسيمات النووية.
D. اعاقة ارتباط عوامل الانتساخ.",B,A
1678,"في الالية المنظمة المحرضة الإيجابية:

الاختيارات:
A. يثبط الانتساخ في غياب تميم الكاظم.
B. يحرض الانتساخ بوجود كل من الكاظم وتميم الكاظم.
C. يثبط الانتساخ في وجود كل من المنفعل والمحرض.
D. يثبط الانتساخ بغياب المحرض.",A,D
1679,"انتشار اضطراب بيلة الفينيلكيتون:

الاختيارات:
A. 10000/1
B. 20000/1
C. 2500-01-01 0:00:00
D. 500/1",B,C
1680,"حنف القدم يوّرث بطريقة :

الاختيارات:
A. متعددة العوامل
B. جسدية متنحية
C. جسدية سائدة
D. لا يوجد لها تفسير",A,B
1681,"كل ما يلي صحيح عن السرطان الحميد ماعدا :

الاختيارات:
A. نمو خلوي غير مضبوط
B. لا يشكل نقائل
C. يغزو أعضاء أخرى من الجسم
D. نتيجة خلل في جينات تنظيم الدورة الخلوية",B,A
1682,"يشير الرمز X 81 Arg إلى طفرة:

الاختيارات:
A. أصابت موقع التضفير في الموقع 8
B. استبدال للحمض الأميني الأرجينين في الموقع81
C. هرائية للحمض الأميني الأرجينين في الموقع 81 حولّته إلى رامز توقف
D. إنزياح إطار أدت لإقحام عند الموقع 81",B,D
1683,"من صفات السكاكر الأحادية ما عدا

الاختيارات:
A. ذات هيكل كربوني
B. جزيئات صغيرة
C. ضعيفة الذوبان في الماء
D. لا يمكن تحليلها مائيا",D,B
1684,"تتميز متلازمة كلاينفلتر بما يلي :

الاختيارات:
A. نقص الخصوبة أو العقم.
B. قصر القامة.
C. تخلف عقلي.
D. نسبة انتشارها 1 من كل 1000 والدة جنين حي.",A,A
1685,"يعرف التمايز الخلوي بانه

الاختيارات:
A. الآلية التي تغير فيها الخلية حالتها من قليلة التخصص إلى أكثر تخصصاً .
B. تشكيل خلايا جذعية .
C. يؤدي إلى الموت الخلوي المبرمج .
D. كل ما سبق خطأ .",A,A
1686,"كل البروتينات التالية تنقص الشهية ما عدا:

الاختيارات:
A. Lepton
B. PYY
C. Sterol COA denaturize 1
D. Melanocortin 4 receptor",C,C
1687,"يرتبط أنزيم البروتين كيناز CPKc على الوجه السيتولاسمي فقط

الاختيارات:
A. سبب ارتباط CPKc بالوجه الداخلي هو الشحنة السالبة الضرورية للارتباط
B. اختر العبارة الخاطئة
C. الفوسفاتيديل إينوزيتول هو أحد أكثر الفوسفوليبيدات الشائعة بالغشاء الخلوي
D. يتوضع بشكل كلي بالوريقة الداخلية للغشاء",B,A
1688,"تتميز شجرة النسب الحاوية على حالة وراثة متعلقة بالمتقدرات و الام فقط فيها مصابة ب:

الاختيارات:
A. الذكور دون الإناث مصابون.
B. الإناث دون الذكور مصابون.
C. كل الأولاد مصابون.
D. كل الاولاد سليمون.",C,C
1689,"يتدخل بتركيب الزغيبات:

الاختيارات:
A. الأكتين
B. الميوزين
C. التوبيولين
D. الكيراتين",D,A
1690,"داء الناعور B:

الاختيارات:
A. يصيب الذكور بنسبة 1 لكل 5000.
B. يشكل %30 من اضطرابات التخثر.
C. ينجم عن وراثة متنحية مرتبطة بالصبغي X.
D. تترافق الطفرات خاطئة التعبير بالحالات الشديدة.",C,C
1691,"تتميز الطفرة المحايدة Neutral mutation بما يلي:

الاختيارات:
A. لا تفقد فيها وظيفة البروتين.
B. لا يتغير الرامز.
C. لا يتغير الحمض الأميني.
D. لا يتغير الرامز المعاكس.",A,A
1692,"اختر الإجابة المناسبة:

الاختيارات:
A. عدد العوامل المحددة لصفة ما تبقي نفسها من جيل للذي يليه
B. ظهور صفة ما يعكس التركيب الوراثي الضمني لكائن ما
C. التنحي والسيادة هما صفتان من صفات الجينات أو الألائل
D. يدعي الكائن الحي الحاوي علي أليلين مختلفين لجين ما بزيجوت متغاير الألائل",D,C
1693,"يشير مصطلح الاختناق الجيني الى :

الاختيارات:
A. عدد المتقدرات في هيولى كل خلية.
B. عدد المتقدرات في الخلية البيضية.
C. انخفاض عدد المتقدرات في الخلية البيضية عند نضجها.
D. انخفاض عدد المتقدرات في الخاليا المضغية.",C,C
1694,"الطفرة المحايدة:

الاختيارات:
A. طفرة مغلّطة لكن بدون عواقب ملحوظة
B. لها تأثير ضار دائماً
C. لا يتغير الحمض الأميني
D. لا يتغير البروتين",A,B
1695,"نوزع المتقدرات الطافرة بين الخلايا خلال تشكيل الأنسجة الجينية:

الاختيارات:
A. يعتمد علي عوامل بيئية
B. يعتمد علي المصادفة أي بشكل عشوائي
C. يعتمد علي عوامل جينية
D. ليس أيآ مما سبق",C,A
1696,"تتم أستلة الهستونات للحمض الأميني:

الاختيارات:
A. الليزين
B. الأرجينين
C. اللوسين
D. السيرين",B,C
1697,"الكروماتين الحقيقي:

الاختيارات:
A. يكون الدنا مرزوم بشدة
B. Closed
C. لا يمكن انتساخ جيناته
D. يحوي جينات فعّالة انتساخياً",D,C
1698,"يعمل انزيم RNA بوليميراز على

الاختيارات:
A. نسخ شريط الدالة
B. شطر المنتسخ البدني
C. تشكل المعقد النهائي
D. لا شيء مما سبق",A,A
1699,"تواتر المصابين متماثلي الزيجوت للداء الليفي الكيسي في شمال أوروبا :

الاختيارات:
A. واحد لكل 2500
B. واحد لكل 250
C. واحد لكل 25
D. واحد لكل 17000",A,B
1700,"الأساس الازوتي المميز للدنا

الاختيارات:
A. يوراسيل
B. تايمين
C. غوانين
D. ادينين",B,A
1701,"كل ما يلي صحيح عن إنزيم النكلياز ما عدا:

الاختيارات:
A. يشطر المثنويات المتغايرة
B. يشطر المثنويات المتماثلة
C. في حال عدم تكامل
D. في حال وجود تباين",C,A
1702,"تتم معالجة المنتسخ البدئي:

الاختيارات:
A. تضفير الانترونات .
B. تضفير الاكسونات .
C. اضافة ذيل الأدينات للنهاية 5 .
D. اضافة الـ Gap للنهاية ٣ .",C,B
1703,"تزيد ثباتية الكولاجين بتواسط أنزيم:

الاختيارات:
A. بروليل هيدروكسيلاز
B. أدينيل سيكلاز
C. فاليل هيدروكسيلاز
D. غليسين هيدروكسيلاز",A,A
1704,"من وظائف البروتينات الغشائية كل ما يلي ما عدا

الاختيارات:
A. النقل داخل الغشائي .
B. التعرف الخلوي .
C. التقاط المعلومات.
D. تحديد سيولة الغشاء .",D,D
1705,"تكون الروامز المرمزة للأحماض الأمينية :

الاختيارات:
A. مختلفة بالخصائص الكيميائية وتختلف عادةً بنوكليوتيد واحد
B. متشابهة بالخصائص الكيميائية وتختلف عادةً بنوكليوتيد واحد
C. مختلفة بالخصائص الكيميائية ومتشابهة
D. كل ما سبق خاطئ",A,C
1706,"يتشارك أقرباء الدرجة الثالثة والرابعة مع المستلفت بـ :

الاختيارات:
A. ثلث مادتهم الوراثية
B. سدس مادتهم الوراثية
C. ثمن مادتهم الوراثية
D. ربع مادتهم الوراثية",C,B
1707,"يكون الصبغي في أقصى درجات التكثف

الاختيارات:
A. في الطور .G1
B. في الطور .S
C. في الطور .G2
D. في الطور .M",B,D
1708,"يعد كل ما يلي من الأخطاء والعثرات التي تعترض عمل الاستنصاح الوراثي عدا:

الاختيارات:
A. عدم وجود تشخيص دقيق للمستلفت.
B. التغاير الجيني الوراثي.
C. التزيق القندي.
D. النفاذ.",C,D
1709,"بلمعة المواد الصلبة واحتساء السائلة

الاختيارات:
A. احتساء المواد الصلبة وبلمعة السائلة
B. A+b
C. لا شيء مما سبق
D. النقل المنفعل",D,B
1710,"يرمز ب NARP:

الاختيارات:
A. الاعتلال الدماغي المتقدري المترافق مع الحماض اللاكتيكي
B. اعتلال العصب البصري
C. اعتلال الصرع الرمعي العضلي والألياف الحمراء الممزقة
D. الاعتلال العصبي المترافق مع الرنح والتهاب الشبكية الصبغي",C,B
1711,"المصدر الأساسي لتنوع الكائنات الحية:

الاختيارات:
A. Growth .
B. Regulation .
C. Adaptaion .
D. Evolution .",D,A
1712,"البروتينات المسية ما عدا:

الاختيارات:
A. دورها وظيفي
B. تحرض نمو وتمايز الخلايا
C. لها دور باستشفاء الجروح
D. لها دور بنيوي مباشر",C,D
1713,"نفوذه للماء وغير نفوذه للأيونات

الاختيارات:
A. نفوذه للأيونات وغير نفوذه للماء
B. نفوذه للماء والأيونات
C. غير نفوذه لكليهما
D. الاكوابورينات",D,A
1714,"كل مما يلي هو من الجزء البصري من المجهر الضوئي عدا:

الاختيارات:
A. العينيه العدسه .
B. الجسميه العدسه .
C. المكثف .
D. الضوابط الصغيرة .",D,D
1715,"وراثة الزمر الدموية تنتمي ل:

الاختيارات:
A. الوراثة المندلية
B. الوراثة وحيدة الصبغي
C. الوراثة عديدة الجينات
D. A+B",D,D
1716,"الخلية الأكثر نشاطا مما يلي

الاختيارات:
A. ذات النواة الصغيرة
B. ذات السيتوبلازما الكبيرة
C. ذات الحجم الأصغر
D. ذات السطح الأصغر",B,C
1717,"ينظم تجمع الخلايا في كل تجمع خلوي بوساطة

الاختيارات:
A. ضبط معدل الانقسام الخلوي
B. ضبط معدل الموت الخلوي
C. كل ما سبق صح
D. كل ما سبق غلط",C,C
1718,"يتشارك أقرباء الدرجة الثانية ب :

الاختيارات:
A. كل المادة الوراثية.
B. نصف المادة الوراثية.
C. ربع المادة الوراثية.
D. ثمن المادة الوراثية.",C,C
1719,"جزيئات كبرية داخل الخلية تعمل تباعا لنقل الإشارة:

الاختيارات:
A. السبيل الإشاري الداخلي
B. المستقبلات البروتينية
C. البروتينات المستفعلة
D. الجزيئات الإشارية",C,D
1720,"ال MyoD تحول الخلايا غير العضلية لأرومات عضلية تعمل بألية

الاختيارات:
A. المحددات السيتوبلاسمية
B. التحريض
C. التثبيط الجانبي
D. الضبط التوالفي",B,D
1721,"تتألف الفوسفولبيدات من حمضين دسمين والفوسفات و:

الاختيارات:
A. الكوليسترول .
B. الكولين .
C. السيفنغوميلين .
D. الغليسرول .",B,D
1722,"وظيفة الوحيدة سيغما في انزيم بوليمراز RNA البكتيري:

الاختيارات:
A. إطالة سلسلة ال RNA.
B. إنهاء عملية اصطناع ال RNA.
C. فك طاقي ال DNA.
D. التعرف على المحضض.",B,D
1723,"تؤدي ذيول عديد الأدنيل المُضافة إلى النهاية 3` لسلسلة الرنا البدئي عند حقيقيات النوى:

الاختيارات:
A. دور مهم في نقل الرنا مرسال خارج النواة إلى الهيولى
B. المساعدة في ترجمة الرنا في الهيولى
C. حماية سلسلة الرنا من التدرك
D. ضروري لربط عدة عوامل بروتينية",A,B
1724,"بنى صغيرة توجد ضمن الخلية تؤدي وظائف نوعية

الاختيارات:
A. Atom
B. Molecule
C. Organelles
D. Cell",C,C
1725,"كل ما يلي صحيح عن المعزازات ما عدا:

الاختيارات:
A. لا تعمل اال إذا كانت بجوار المحضض
B. تعمل بشكل مستقل عن اتجاهها بالنسبة للجين
C. تعمل بشكل مستقل عن موقعها صعدا او نزال من الجين
D. طولها مئات من النكليوتيدات وتكون نوعية للنسج غالبا",A,A
1726,"ينشط المرسال الثاني IP3 اطلاق ايونات الكالسيوم في البلازما الخلوية بتأثيره على مستقبلاته في

الاختيارات:
A. المصورات الخلوية .
B. الغشاء النووي .
C. الشبكة السيتوبلاسمية الداخلية .
D. الغشاء السيتوبلاسمي .",C,C
1727,"يعتمد ضبط النظام الخلوي الجذعي على إشارات جزئية تتبادل بين

الاختيارات:
A. الخلايا الجذعية وذريتها .
B. الخلايا الجذعية والنسج المحيطة .
C. الخلايا الجذعية وذريتها والنسج المحيطة .
D. تعتمد على نفسها فقط .",B,C
1728,"من الأصناف الرئيسية للسكاكر ما عدا

الاختيارات:
A. سكاكر أحادية
B. سكاكر ثلاثية
C. قليلات سكاكر
D. عديدات سكاكر",C,A
1729,"الكفاءة

الاختيارات:
A. هي قدرة الخلية على الاستجابة لإشارة
B. مستقبلاتها غير نوعية
C. ترتبط بدور المحددات السيتوبلاسمية
D. كل ما سبق صحيح",D,A
1730,"تمتلك كل حالة اضطراب وراثي بشري مدونة في الOMIM:

الاختيارات:
A. مجموعة من المعلومات حول الإعتلال وأساسه الجزيئي
B. وراثه الإعتلال الجزيئي
C. الملامح و التدرابير السريرية لهذا الإعتلال
D. كل ما سبق صحيح",D,D
1731,"يصيب الناعور B الإناث :

الاختيارات:
A. بنسبة واحد لكل خمسة آلاف
B. بنسبة واحد لكل 30000 ألف
C. بنسبة واحد لكل ألفين
D. ليس أياً مما سبق",B,B
1732,"تظهر ال Tetrad بوضوح خلال:

الاختيارات:
A. prophase
B. Metaphase
C. anaphase
D. telophase",B,C
1733,"الترتيب الصحيح للمستويات التراتبية من الأصغر:

الاختيارات:
A. العضو ← الجهاز العضوي ← الجمهرة ← الكائن .
B. الكرة الحيوية المجتمع ← المنظومة ← البيئية ← الجمهرة .
C. المنظومة البيئية ← الكرة الحيوية ← المجتمع ← الكائن .
D. الجمهرة ← المجتمع ← المنظومة البيئية ← الكرة الحيوية .",A,D
1734,"اول مايترسب من العضيات الخلوية بتقنية التثقيل التفاضلي .

الاختيارات:
A. النواة .
B. الريبوزومات .
C. الستوبلاسما .
D. جهاز غولجي .",C,A
1735,"استخراج الماء من العينة النسيجية

الاختيارات:
A. Fixation
B. Dehydration
C. Embedding
D. Staining",B,B
1736,"تدعى البروتينات المشكلة لمعقدات الثقوب النووية

الاختيارات:
A. اللامين .
B. الكاريوفبرينات .
C. الامبورتين .
D. النكليوبورين .",B,D
1737,"تزال المتقدرات الحاوية على طفرات بالية:

الاختيارات:
A. المتقطعة الأنزيمات.
B. الجيني الاختناق.
C. التفارز المستقل
D. التضفير.",B,B
1738,"التحوير الوراثي هو:

الاختيارات:
A. NORTHERN.
B. .WESTERN
C. SOUTHERN .
D. استبدال جين.",D,D
1739,"يتصف الرامز الوراثي بكل مما يلي عدا :

الاختيارات:
A. مؤلف من 3 نكليوتيدات.
B. ال يحوي فواصل.
C. خاص بكل كائن حي.
D. غير متداخل.",B,C
1740,"المتلقى الالكترونى الأخير في العديد من منظومات النقل الالكتروني:

الاختيارات:
A. Fe3.
B. o.
C. FMN .
D. FAD.",D,B
1741,"عامل الإطلاق في حقيقيات النوى :

الاختيارات:
A. RF1
B. eRF
C. RF2
D. Eif",C,C
1742,"يهدف الاستنصاح الوراثي إلى ألالائل لنفس الخلة فإننا سنحصل على:

الاختيارات:
A. فهم طبيعة الاضطراب الوراثي وانتقاله.
B. تطبيق المعالجة الجينية المناسبة.
C. الكشف عن الأمراض الوراثية.
D. معالجة الأجيال اللاحقة.",A,A
1743,"يعتمد معامل التثفيل لعضية ما على ما يلي عدا

الاختيارات:
A. حجمها
B. شكلها
C. كثافة ولزوجة الوسط المحيط بها
D. دورها البيولوجي",C,D
1744,"الجمهرة

الاختيارات:
A. عدد من الكائنات الحية من نفس النوع
B. تكاثر أفراد من أنواع مختلفة
C. المجتمع إضافة الى البيئة الفيزيائية
D. كل المنظومات البيئية على الكوكب",C,A
1745,"يتميز الرنا الريباسي بكل مما يلي عدا:

الاختيارات:
A. طوله عشرة آلاف.
B. له نمطان في المتقدرات.
C. له أربعة أنواع هيولية.
D. يرتبط مع بروتينات ليشكل الريباسات.",A,A
1746,"يتحول G3P لاحقا إلى:

الاختيارات:
A. غلوكوز فوسفات
B. أحماض دسمة
C. أحماض أمينية
D. أحماض نووية",B,D
1747,"تخزن الطاقة الزائدة عن استطاعة الكبد لاستيعابها أولا في

الاختيارات:
A. النشاء.
B. البروتينات.
C. النسج الشحمية.
D. الأحماض الأمينية.",C,C
1748,"يؤدي تثلث الصبغي X إلى :

الاختيارات:
A. طول قامة .
B. نفاذ مبكر للجريبات.
C. تباعد في العينين.
D. مشاكل في التعلم..",B,D
1749,"كل ما يلي صحيح عن سرطان الثدي ماعدا :

الاختيارات:
A. يكون وراثياً بنسبة %10_5
B. يصيب أكثر من %35 في من أعمارهن أقل من الثلاثين
C. يعود إلى طفرات BRCA1 بنسبة نحو %35
D. يصيب أقل من %1 في سن فوق الثمانين",A,B
1750,"ما يلي صحيح بالنسبة لخيوط الأكتين عدا:

الاختيارات:
A. مستقطبة
B. تنمو بإضافة موجودات من الأكتين
C. النمو في الطرف السالب أسرع
D. توجد في جميع حقيقيات النوى",B,C
1751,"تبدأ عملية تشكل معقد الانتساخ في الحقيقيات بارتباط العامل (----) بأحد عناصر المحضض القريب:

الاختيارات:
A. TfIIB .
B. TFIID .
C. TFIIF .
D. TFIIE .",B,C
1752,"مراحل تحضير المقاطع النسيجية :

الاختيارات:
A. تجفيف _تثبيت _ادماج _تقطيع_ تلوين .
B. تلوين _تقطيع _تجفيف _ادماج _تثبيت.
C. تثبيت_تجفيف_ادماج_تقطيع_تلوين.
D. ادماج _تقطيع_ تلوين _تثبيت_ تجفيف .",C,C
1753,"في تقانة الدنا المأشوب :

الاختيارات:
A. مستعمرات الجراثيم الحاوي على البالسميد المؤشب تظهر بلون أزرق.
B. بمكن الكشف عن الجراثيم الحاوية فقظ على البالسميد المؤشب من خلال تنيمه الجراثيم في وسط يحوي صاد حيوي
C. نميز بين الجراثيم التي تحوي البالسميد أو لا تحويه من خلال تنمية الجراثيم في وسط يحوي صاد حيوي.
D. لا تستطيع الجراثيم الحاوية على بالسميد فقط أن تنمو.",C,C
1754,"الكروماتين الحقيقي:

الاختيارات:
A. يكثر تواجده في القسيم المركزي للصبغيات.
B. يكثر تواجده في القسيم الطرفي للصبغيات.
C. منطقة غنية بالجينات الفعالة.
D. يبقى متكثفاً خلال دورة الانقسام.",A,C
1755,"تتواجد تتاليات الدنا المتكررة في:

الاختيارات:
A. يتواجد DNA Satellite في القسيمات الطرفية.
B. يتواجد DNA Minisatellite في القسيمات المركزية.
C. يتواجد DNA Microsatellite في الصبغيات كلها.
D. يتواجد DNA Satellite في الكروماتين الحقيقي.",C,C
1756,"نستخدم في تقنيات التبقيع أغشية من

الاختيارات:
A. النايلون أو السيللوز.
B. Amino acyl sit.
C. Peptide site.
D. الاسيتونتريل مع مادة TEAA.",A,A
1757,"تركيز البروتونات في المتقدرات يكون أعلى في:

الاختيارات:
A. مطرس المتقدرة
B. الفراغ البيني
C. الغشاء الخلوي
D. a+b",D,B
1758,"كل ما يلي صحيح عن إلازفاء ما عدا :

الاختيارات:
A. هو انتقال لشدفة او شدف ما بين صبغيين غير متماثلين.
B. يمكن تحري الازفاء مرة واحدة من كل800 مولود حي.
C. لا يؤدي الى خلل في انتاج الأعراس.
D. ليس للازفاء في كثير من الأحيان تأثرات حيوية مباشرة على الشخص الذي يحمله بسبب ان المادة الوراثيى ال تفقد.",C,C
1759,"تتوضع تسلسلات الوحدة المنظمة

الاختيارات:
A. في مواقع بعيدة عن نقطة بدء الانتساخ
B. بعد التسلسل المنهي للجين
C. ضمن الانترونات
D. كل ما سبق صح",D,D
1760,"يبدأ طور الإطالة عند البدائيات ب:

الاختيارات:
A. ارتباط أحد tRNA Aminoacyl الى الموقع P في الريباسة.
B. ارتباط أحد tRNA Aminoacyl الى الموقع A في الريباسة.
C. ارتباط أحد tRNA Amino acyl الى الموقع E في الريباسة.
D. ارتباط أحد tRNA Amino acyl الى الموقع A دون وجود عوامل اطالة",B,B
1761,"الخلايا الجذعية الميزانشيمية مأخوذة من

الاختيارات:
A. أجنة الإخصاب بالزجاج
B. نسيج الحبل السري البشري
C. الخلايا المولدة للأعراس
D. كل ما سبق",B,D
1762,"المعقدات المستخدمة لإعادة نمذجة الكروماتين هي:

الاختيارات:
A. المعقدات الأنزيمية المضيفة للكربوكسيل.
B. الأنزيمات المضيفة لمجموعة الأستيل.
C. الأنزيمات المحطمة للـ DNA .
D. الأنزيمات المضيفة للأدنين.",B,B
1763,"تنجم الأمراض الوراثية لدى الإنسان عن:

الاختيارات:
A. أليل سائد فقط
B. أليل متنحي فقط
C. أليل سائد ومتنحي
D. كل ما سبق خطأ",C,B
1764,"نص فرضية Knudson في الشكل:

الاختيارات:
A. يرث المصاب كال الاليلين الطافرين من ابويه معا.
B. يرث المصاب كال الاليلين الطافرين من ابيه فقط .
C. تكون طفرة الاليل الثاني جسدية مكتسبة.
D. يرث المصاب كال الاليلين الطافرين من امه فقط.",A,C
1765,"يتم في المرحلة الأولى من التضفير عند حقيقيات النوى:

الاختيارات:
A. شطر الانترون من النهاية 5 َ بتواسط 2U.
B. شطر الانترون من النهاية 3 َ بتواسط 2U.
C. شطر الانترون من النهاية 3بتواسط 1U.
D. شطر الانترون من النهاية 5 َ بتواسط 1U.",B,D
1766,"طرق انتقال المسار التمايزي للخلايا البنات

الاختيارات:
A. العروة إيجابية التقليم الراجع
B. تكاثف الكروماتين
C. تمثيل الدنا
D. ما سبق صحيح",D,E
1767,"تنجم متلازمة ولف هيرشون عن:

الاختيارات:
A. خبن انتهائي في الذرع القصير من الصبغي الرابع
B. خبن خلالي في الذرع القصير من الصبغي X
C. خبن خلالي في الذرع الطويل من الصبغي X
D. خبن انتهائي في الذرع القصير من الصبغي الخامس",A,B
1768,"تؤدي الأملاح المعدنية دورا في الحفاظ على حياة الخلية من خلال المحافظة على

الاختيارات:
A. الرابطة التساهمية .
B. الضغط التناضحي .
C. الانقسام .
D. PHالخلية.",B,A
1769,"الأمراض متعددة العواملMultifactorial diseases:

الاختيارات:
A. تضم جينات متعددة تتأثر مع بيئتها الجينية المحيطة بها .
B. تضم عوامل جينية وعوامل ال جينية.
C. ليس للبيئة أي تأثير فيها.
D. تنتقل عبر العوامل حسب قوانين مندل.",B,B
1770,"التشخيص قبل التعشيش يتضمن ما يلي عدا:

الاختيارات:
A. اعتيان الز غابات المشيمية.
B. اعتيان خاليا الأرومة المغذية.
C. اعتيان التويتة الباكرة.
D. اعتيان الجسم القطبي الأول.",C,A
1771,"الفقاع الشائع ما عدا:

الاختيارات:
A. مرض مناعي ذاتي
B. تظهر فيه اضداد البروتين الديسموكولين والكاتينين
C. يفكك النسيج الظهاري
D. PERMPHIGUS VULGARIS",C,B
1772,"تتكون الارجل الصفائحية للكريات البيض من

الاختيارات:
A. خيوط الاكتين .
B. خيوط التوبولين .
C. بروتينات عابرة للغشاء .
D. فوسفوليبيدات .",B,A
1773,"في آلية التحكم المحرض السلبي يمكن لإنزيم بوليميراز الرنا أن يرتبط بمحضض الجين البنيوي:

الاختيارات:
A. عندما يرتبط الكاظم بالمحرض
B. عندما يرتبط المعقد كاظم – محرضّ بالموقع RPBs
C. عندما يرتبط الكاظم بشكله الحر إلى الموقع RPBs
D. ليس أياً مما سبق",B,C
1774,"يتكون التتالي المحفوظ في المنطقة –10 من المحفز من التتاليات:

الاختيارات:
A. TTATAT
B. TTATTT
C. TATAAT
D. كل ما سبق خطأ",B,C
1775,"يكون الحمض الأميني الأول في جميع عديدات الببتيد عند بدائيات النوى:

الاختيارات:
A. الميثونين العادي غير المعدل.
B. الثيرونين غير المعدل.
C. الثيرونين المعدل المضاف له جذر الفورميل.
D. الميثيونين المعدل المضاف له جذر الفورميل.",A,C
1776,"من وظائف البيروكسيزومات ما عدا

الاختيارات:
A. أكسدة الجزيئات السامة
B. تساهم باستحداث السكر
C. تسهم في صنع الكوليسترول
D. استقلاب السكاكر",A,D
1777,"الخلية الملتزمة

الاختيارات:
A. تلتزم مسارا تمايزيا محددا
B. تتحول إلى مصير آخر إذا تعرضت لظروف قسرية كافية
C. عندما تصبح محددة لا تغيرها شروط الوسط حولها
D. كل ما سبق",D,D
1778,"التزيق في الفرد هو:

الاختيارات:
A. خلل في الانقسام الفتيلي يؤدي لفقد الصيغة الصبغية.
B. خلل في الانقسام الانتصافي يؤدي لفقد الصيغة الصبغية.
C. خلل في الصيغة الصبغية لكل خاليا الجسم.
D. خلل في الصيغة الصبغية لمجموعة خاليا دون أخرى.",D,D
1779,"تتميز عملية الترجمة في حقيقيات النوى بكل ما يلي ماعدا :

الاختيارات:
A. تتم في هيولى عند حقيقيات النوى
B. يرتبط الرنا المرسال مع الريباسة من النهاية 3` للرنا المرسال
C. يرتبط أولًا مع الوحيدة الصغيرة للريباسة
D. الحمض الأميني الأول هو الميثيونين",A,C
1780,"التوحد :

الاختيارات:
A. إعاقة عقلية عند %75 من المصابين
B. معدل التواؤم عند التوائم الأحادية %90_40
C. خطورة رجعة التوحد بين الأشقاء أقل من %0.13
D. نسبة المصابين بالتوحد ولديهم صرع %30",D,D
1781,"يبلغ طول قطع Okazaki عند بدائيات النوى:

الاختيارات:
A. من 5-10 نكليوتيدات
B. من 100-200 نكليوتيدات
C. من 1000-2000 نكليوتيدات
D. كل ما سبق خطأ",B,C
1782,"(Trisomy 21)

الاختيارات:
A. متلازمة داون
B. متلازمة ترنر
C. متلازمة كلاينفلتر
D. متلازمة باتو",A,D
1783,"كل مايلي من الخلايا نهائية التمايز عدا

الاختيارات:
A. الخلايا الكبدية .
B. الكريات الحمراء .
C. خلايا البشرة السطحية .
D. خلايا لمعة الأمعاء .",B,A
1784,"الريبوزوم هو

الاختيارات:
A. بروتينات +mRNA
B. بروتينات + rRNA
C. بروتينات +mDNA
D. بروتينات +rDNA",B,B
1785,"أهم أعراض متلازمة كليفنتر

الاختيارات:
A. تخلف عقلي .
B. تثلث صبغي XXY .
C. تثلث صبغي 21 .
D. قصر في القامة (قزامة) .",A,B
1786,"يدل رمز الفرد -2I على :

الاختيارات:
A. أنثى مصابة.
B. أنثى حاملة المرض.
C. ذكر مصاب.
D. غير محدد الجنس.",B,A
1787,"أكثر وأسهل الأشكال وصولا للطاقة في مصادر الطاقة طويلة الأجل:

الاختيارات:
A. المدرجات الأيونية
B. الروابط التساهمية C-C
C. ATP
D. لا شيء مما سبق",C,A
1788,"قد يكمن السبب الفيزيائي لظهور العصابات في النمط النووي إلي كل ما يلي ماعدا:

الاختيارات:
A. الاختلاف بتركيب النكليوتيدات
B. وجود بني ثانوية مثل العري في مناطق من الصبغيات دون غيرها
C. ارتباط بروتينات معينة مع مناطق محددة من الصبغيات دون غيرها
D. نوع معالجة الصبغيات قبل التلوين",D,B
1789,"يكون العدد الصبغي عند الخلية البشرية تدخل طور الانقسام

الاختيارات:
A. 1n .
B. 3n .
C. 2n .
D. 4n.",C,C
1790,"خلايا متجددة باستمرار

الاختيارات:
A. خلايا الجلد
B. خلالا الأمعاء
C. الدم
D. كل ما سبق",D,D
1791,"بروتين يضم سلاسل بيبتيدية فقط

الاختيارات:
A. بروتين شحمي
B. كازنين
C. بروتامين
D. بروتين سكري",C,C
1792,"في الألية المنظمة المحرضة السلبية:

الاختيارات:
A. يقوم المحرض بتنشيط المفعل وتحريض الانتساخ.
B. يحرض الانتساخ بوجود المحرض.
C. يثبط الانتساخ بوجود تميم الكاظم.
D. يحرض الانتساخ بوجود الكاظم وتميم الكاظم.",B,B
1793,"تحوي المنهيات المستقلة عن العامل Rho في لدينا تسلسلات غنية ب :

الاختيارات:
A. الأدنين و الغوانين
B. الأدنين و التيامين
C. التيامين والسيتوزين
D. الغوانين والسيتوزين",D,C
1794,"ُيطلق على دمج البيانات الجينية مع المعلومات الفيزيولوجية والكيميائية الحيوية مصطلح:

الاختيارات:
A. Personalized Medicine
B. Precision Medicine
C. . Medicine Regenerative
D. . Genomic Personalized",B,B
1795,"بازدياد حاجة الخلية للطاقة يزداد عدد(الخاطئة):

الاختيارات:
A. الجسيمات المفككة للبروتينات.
B. الاعراف داخل المقتدرات
C. المقتدرات
D. معقدات ATPASE داخل المقتدرات",C,D
1796,"من صفات التوائم الأخوان Fraternal Twins ماعدا:

الاختيارات:
A. تنشأ عن زيجوت واحدة انقسمت إلي مضغتين
B. تنشأ عن ثنائية زيجوتDZ
C. تشترك بنصف جيناتها
D. من الناحية الوراثية متشابهين تشابه الأخوة و الأخوات",B,D
1797,"تشابك أزواج الصبغيات القرينة خلال:

الاختيارات:
A. prophase
B. Metaphase
C. anaphase
D. telophase",A,B
1798,"ليس من الاضطرابات المتعددة الأجهزة:

الاختيارات:
A. التصلب الحدبي
B. متلازمة مارفان
C. حثل التأثر العضلي
D. داء الكلية متعدد الكيسات",B,D
1799,"ترتبط سلسلتا عديدي النكليوتيد مع بعضهما البعض بواسطة روابط:

الاختيارات:
A. فوسفورية.
B. فوسفودي استر.
C. هيدروجينية.
D. غليكوزيدية",B,C
1800,"XXXXX

الاختيارات:
A. الرابطة C-C
B. ATP
C. معا a+b
D. لا شيء مما سبق",B,B
1801,"المكونات الرئيسية للديسموزوم:

الاختيارات:
A. الديسموغليين
B. الديسموكولين
C. الديسمين
D. a+b",D,D
1802,"بروتينات تسيطر على الدورة الخلوية:

الاختيارات:
A. كينازات
B. سيدكلينات
C. كوندسينات
D. a+b",D,A
1803,"الجزيئة الأم للستيرونيدات

الاختيارات:
A. الماء
B. الكوليسترول
C. الكوريتزول
D. لا شيء مما سبق",C,A
1804,"شجرة وراثية لخلة متنحية فيها الأبوين مصابين تتميز ب:

الاختيارات:
A. الذكور فقط مصابين.
B. الإناث فقط مصابين.
C. كل الابناء سليمين.
D. كل الأبناء مصابين.",D,D
1805,"يغيب الأليل CYP2D6 المسؤول عن ضعف الاستقلاب في :

الاختيارات:
A. العرق الأبيض
B. أمريكا
C. آ سيا
D. أوروبا",A,D
1806,"يعطي الأديم الظاهر

الاختيارات:
A. الظهارة العصبية
B. العضلات الهيكلية
C. جهاز الأطراح
D. جهاز الدوران",C,A
1807,"يمثل كل ما يلي امراضا مرشحة للمعالجة الجينية داخل العضوية vivo in ما عدا:

الاختيارات:
A. الكيسي التليف Cystic Fibrosis.
B. العضلي الحثل Muscular Dystrophy.
C. الناعور Hemophilia.
D. SCID",C,D
1808,"الخلايا الخبيثة خاليا خالدة ألنها تملك فعالية إنزيم:

الاختيارات:
A. Ligase
B. DNA polymerase
C. Premise
D. Telomerase",B,D
1809,"يحدث التعابر الصبغي بين:

الاختيارات:
A. الصبغيين الأخويين
B. الصبغيين غير الأخويين
C. الصبغيين المتجانسين
D. كل ما سبق خطأ",C,A
1810,"عند وجود التربتوفان:

الاختيارات:
A. ينخفض معدل ترجمة منتسخات الجينات البنيوية
B. يزداد معدل ترجمة منتسخات الجينات البنيوية
C. ينخفض معدل انتساخ الجينات البنيوية
D. يرتفع معدل انتساخ الجينات البنيوية",A,C
1811,"الشكل الذي يربط ADP و Pi بقوة أكبر:

الاختيارات:
A. O
B. L
C. T
D. R",C,B
1812,"الناعور A:

الاختيارات:
A. عوز في العامل الثامن لتخر الدم
B. قصور قشرة الكظر
C. عوز الفوسفات
D. عوز إنزيم HGPRT",D,B
1813,"بروتينات تسبب مقاومة الخلايا لأدوية السرطان :

الاختيارات:
A. الهرسبتين
B. السيتوكروم P–450
C. الديجوكسين
D. PGPs",D,A
1814,"من الطرق المتبعة للتحقق من الخلات متعددة العوامل كل ما يلي عدا:

الاختيارات:
A. قابلية الانتقال بالوراثة.
B. دراسات الارتباط الواسع للمجين.
C. الاختطار التجريبي.
D. الانتقاد و التعبر.",D,D
1815,"يتميز الرنا الريباسي بكل مما يلي عدا:

الاختيارات:
A. طوله عشرة آلاف نوكليوتيد.
B. له نمطان في المتقدرات.
C. له أربعة أنواع هيولية.
D. يرتبط مع بروتينات ليشكل الريباسات.",A,A
1816,"تشمل الأخطاء والعثرات التي تعترض عمل الاستنصاح الوراثي كل مما يلي ما عدا:

الاختيارات:
A. تشخيص خاطئ للمستلفت.
B. عدم النفاذ.
C. وجود وفيات.
D. التزيق القندي.",D,C
1817,"الجينات علي الصبغيات في حالة التفارز المستقل""

الاختيارات:
A. تكون مرتبطة بشكل خطي عند تواجدها علي الصبغي نفسه
B. تكون غير مرتبطة عند تواجدها علي صبغيات مختلفة
C. تورث علي شكل مجموعات
D. كل ما سبق صحيح",D,D
1818,"تتميز الطفرة الهرائية بكل ما يلي عدا :

الاختيارات:
A. يتغير فيها الرامز الى رامز توقف.
B. قد تؤدي الى انتاج بروتين مبتور.
C. ال يتغير فيها الرامز المعاكس.
D. قد يتدرك فيها الرنا المرسال.",C,C
1819,"كل مما يلي من صفات متلازمة مارفان ماعدا:

الاختيارات:
A. أصابع اليد والقدم طويلة
B. تشوهات هيكلية
C. بدء مبكر لمرض الشريان
D. جنف",D,B
1820,"الجزيئات الكبرية التي تعتبر مصدرا مهما للطاقة هي التالية

الاختيارات:
A. السكاكر المتعددة الشحوم.
B. الشحوم.
C. .DNA
D. البروتينات.",B,C
1821,"نطاقات الحياة ما عدا

الاختيارات:
A. العتائق
B. حقيقات النوى
C. الجراثيم
D. طلائعيات النوى",D,D
1822,"تتحكم بقرار مصير الخلية نقطة التحقق : (اختر الإجابة الصحيحة)

الاختيارات:
A. G1.
B. G2.
C. M.
D. G0.",A,D
1823,"يعطي النسج قوة وصلابة

الاختيارات:
A. الكولاجين الصفائحي .
B. الكولاجين الليفي .
C. كل من A + B .
D. كل ما سبق خاطئ .",C,B
1824,"الصفيحة النووية تتألف من:

الاختيارات:
A. اللامين.
B. LBR و اللامين .
C. LBRو اللامين و الامبرين .
D. ریبوزومات .",B,D
1825,"الحويصلات التي تنقل من ER الى مدخل غولجي تكون مغطاة ب

الاختيارات:
A. بروتين الكلاثرين
B. بروتين COP2
C. بروتين COP1
D. لا شيء مما سبق",B,B
1826,"من الامراض ذات الوراثة المرتبطة بالصبغي :

الاختيارات:
A. متلازمة البورت.
B. داء هنتغتون.
C. التليف الكيسي.
D. داء السكري.",B,A
1827,"النقل الفعال هو النقل من التركيز

الاختيارات:
A. الأعلى إلى الأدنى دون استهلاك طاقة .
B. الأدنى الى الأعلى مع استهلاك طاقة .
C. الأعلى إلى الأدنى مع استهلاك طاقة .
D. الأدنى الى الأعلى دون استهلاك طاقة .",B,B
1828,"التضفير هو :

الاختيارات:
A. ازالة الانترونات وجدل الاكسونات .
B. ازالة الاكسونات وجدل الانترونات .
C. ازالة الاكسونات والنترونات .
D. ازالة بعض الاكسونات وبعض الانترونات .",B,C
1829,"الالتقام هو

الاختيارات:
A. بلعمة المواد الصلبة واحتساء المواد السائلة .
B. احتساء المواد الصلبة وبلعمة المواد السائلة .
C. البلعمة فقط .
D. الاحتساء فقط.",A,A
1830,"C-C هي :

الاختيارات:
A. أقوى الروابط وأكثرها خزناً للطاقة .
B. أقوى الروابط وأقلها خزناً للطاقة لطاقة .
C. أضعف الروابط وأكثرها خزناً للطاقة .
D. أضعف الروابط وأضعفها خزناً للطاقة .",A,C
1831,"أكبر مستوى من المستويات التراتبية للحياة :

الاختيارات:
A. الجمهرة .
B. المنظومة البيئية .
C. الكرة الحيوية .
D. المجتمع .",C,B
1832,"بشير مصطلح الديناميكية الدوائية إلى:

الاختيارات:
A. امتصاص الدواء.
B. ألفة المستقبل للدواء.
C. استقلاب الدواء.
D. إطراح الدواء.",A,B
1833,"أنماط التكرارات الترادفية

الاختيارات:
A. تختلف عن بعضها بطول الوحدة التكرارية
B. تختلف عن بعضها بعدد مرات تكرارهاا
C. ينتمي لها تسلسلات القسيمات المركزية والطرفية للصبغيات
D. كل ما سبق صح",D,D
1834,"تشمل متلازمة مواء القطط كل مما يلي عدا:

الاختيارات:
A. صغر الرأس.
B. بكاء يشبه مواء القطط.
C. تخلف عقلي شديد.
D. ضخامة بالفك والأطراف.",D,D
1835,"يحث كيناز السيرين والتيرونين ATK المعروف أيضا بالتيرونين الخلايا على

الاختيارات:
A. قتل نفسها بالاستموات .
B. النمو وزيادة الحجم .
C. افراز الهرمونات
D. فسفرة RTK",D,B
1836,"التسلسلات التكرارية

الاختيارات:
A. موجودة بنسخ عديدة في الجيلوم
B. غير جينية
C. عديدة النسخ
D. كل ما سبق صحيح",D,D
1837,"ملء فراغات العينة بالبرافين

الاختيارات:
A. Fixation
B. Dehydration
C. Embedding
D. Staining",C,C
1838,"من Chromosomal Rearangement عدا:

الاختيارات:
A. Deletion
B. Inversion
C. Duplication
D. Tetration",B,A
1839,"في حال كانت الخلات محكومة لجين واحدة فإن نسبة ظهورها عند التوائم المتماثلة تبلغ:

الاختيارات:
A. 1
B. 0.5
C. 0.25
D. 0.75",C,D
1840,"تدعى جزيئات الرنا الي يتم اصطناعها في النوية

الاختيارات:
A. mRNA
B. tRNA
C. rRNA
D. miRNA",A,A
1841,"تبدأ جميع عديدات الببتيد في بدائيات النوى ب:

الاختيارات:
A. الميثيونين غير المعدل.
B. المعدل الميثيونين.
C. المعدل غير الثريونين.
D. المعدل الثريونين.",A,B
1842,"يدل تقدير نسبة تنوع النمط الظاهري لخلة ما بسبب الاختلافات الجينية على :

الاختيارات:
A. قابلية الانتقال بالوراثة.
B. الاختطار التجريبي
C. معدل الانتشار
D. معدل الوقوع",B,A
1843,"الطابع النووي

الاختيارات:
A. يكشف الكثير من المتلازمات الوراثية
B. يكشف المتلازمات الغير ناتجة عن التناذرات الصبغية
C. لا يميز زيادة أو نقصان العدد الصبغي
D. لا يميز تغير بنية الصبغيات",B,A
1844,"البروتينات التي ترتبط مع القسيم الطرفي:

الاختيارات:
A. CENP
B. الحركي الحيز بروتينات.
C. TRF
D. PDG بروتينات .",C,C
1845,"في التليف الكسي يحدث خلل في نقل شاردة:

الاختيارات:
A. الصوديوم.
B. البوتاسيوم.
C. الكالسيوم.
D. الكلور.",B,D
1846,"الألية التي تضمن للخلية الجذعية استمرارها إلى ما لا نهاية

الاختيارات:
A. التمايز
B. تحولها إلى نهاية التمايز
C. التجديد الذاتي
D. كل ما سبق",C,C
1847,"يمكن الكشف عن حملة التلاسيميا بيتا عن طريق كل ما يلي ماعدا :

الاختيارات:
A. صغر حجم الخلايا MCV
B. نقص الهيموغلوبين من A2
C. نقص متوسط الهيموغلوبين في الخلية MCH
D. زيادة الهيموغلوبين F",A,D
1848,"نتج عن ترجمة أول جزيئ رنا مرسال صنعي فقط الحمض الأميني :

الاختيارات:
A. البرولين
B. الفينيل ألانين
C. الهستيدين
D. الأسبارتين",B,C
1849,"تقوم القلنسوة بحماية سلسلة الرنا من التدرك بإنزيمات :

الاختيارات:
A. النكلياز
B. الإندونكلياز
C. الليغاز
D. البريماز",A,C
1850,"يتولى الرنا النووي الصغير كل الوظائف التالية ما عدا:

الاختيارات:
A. التضفير.
B. يحفز انزيم الانتساخ.
C. يتدخل في تضاعف الصبغيات.
D. يشارك في تنسخ الدنا.",B,D
1851,"يتشارك أقرباء من الدرجة الثانية مع المستلفت بـ :

الاختيارات:
A. ربع مادتهم الوراثية
B. نصف مادتهم الوراثية
C. ثمن مادتهم الوراثية
D. سدس مادتهم الوراثية",B,D
1852,"يطلق مصطلح ذيل احادي الطاق علي:

الاختيارات:
A. امتداد الطاق الغني بالغوانين
B. امتداد الطاق الغني بالسيتوزين
C. اتصال امتدادي الطاقين الغني بالغوانين مع الغني بالسيتوزين
D. ليس ايا مما سبق",C,B
1853,"تضم المعقدات الموصلية

الاختيارات:
A. ديسموزومات .
B. زغيبات دقيقة .
C. موصلات التصاق .
D. موصلات محكمة .",C,B
1854,"تضم البروتينات المطرسية كل ما يلي ما عدا

الاختيارات:
A. الأكتين.
B. التيناسين C .
C. الاستيوبونتين .
D. الترمبوسبودين .",A,A
1855,"تتألف الجينات المرمزة للبروتينات في حقيقيات النوى من تتاليات الدنا:

الاختيارات:
A. جميعها مرمزة للبروتين.
B. جميعها عبارة عن نترونات .
C. تحوي حصرا على اكسونات مزمرة.
D. تحوي انترونات واكسونات .",D,A
1856,"بنية ملقط الشعر هي بنية

الاختيارات:
A. ثانوية للدنا
B. أولية للدنا
C. ثانوية للرنا
D. أولية للرنا",A,A
1857,"كل ما يلي بروتينات كروية ما عدا :

الاختيارات:
A. ألبومين .
B. غلوبيولين .
C. ميوزين .
D. الفانثرين .",D,C
1858,"تبدأ جميع عديدات الببتيد في بدائيات النوى بالحمض الأميني :

الاختيارات:
A. الميثيونين
B. الفينيل ألانين
C. الميثيونين المرتبط بمجموعة الفورميل
D. A+C",C,D
1859,"السوائل المكروية هي من :

الاختيارات:
A. التكرارات على نطاق الجينوم .
B. التكرارات الترادفية .
C. التسلسلات المباعدة .
D. كل ماسبق خطأ .",B,A
1860,"عائلة الجينات هي:

الاختيارات:
A. مجموعة من الجينات تبدي شبهاً كبيراً فيما بينها في تسلسلاتها
B. مجموعة من الجينات التي ترمّز بمنتجات مرتبطة بعضها ببعض وظيفياً
C. كامل الجينات البشريّة المرمّزة للبروتينات
D. كامل الجينات البشرية غير المرمّزة للبروتينات",A,C
1861,"يلتحم الغشاءان النوويان عند:

الاختيارات:
A. لمعة الغلاف النووي .
B. معدات الثقوب النووية .
C. الصفيحة النووية .
D. السلة النووية .",C,B
1862,"جسيم بار:

الاختيارات:
A. يوجد عند الإناث فقط
B. يكون فيه XIST غير فعال
C. يوحد عند الذكور
D. لا يوجد عند الإنسان وإنما عند القطط فقط",B,D
1863,"في الطور S من الدورة الخلوية يحدث

الاختيارات:
A. تضاعف الصبغيات .
B. ترمیم عضياتها .
C. تنمو لتحضر القسها للانقسام .
D. تشكيل المتقدرات والشبكة الاندوبلاسمية",A,A
1864,"المتأثرات

الاختيارات:
A. Somers
B. Polymers
C. Mono mers
D. Oligomers",C,A
1865,"يتم افتراق الصبغيات القرينة في الانقسام الميتوزي في

الاختيارات:
A. طليعة الدور الأول.
B. الطور الأول .
C. الطور التالي .
D. طور الصعود.",B,D
1866,"ما تشهده الأرض اليوم من مظاهر الاحتباس الحراري هو نتيجة ارتفاع درجة حرارة الأرض :

الاختيارات:
A. درجة واحدة .
B. ثلاثة درجات .
C. خمسة درجات .
D. درجتان .",D,A
1867,"تتفعل خلايا البالعات الكبيرة

الاختيارات:
A. تأتي البالعات وتهضم الخلية الميتة
B. تعد مادة السيراميد من
C. السفنغوليبيدات
D. الستيرونيدات",A,A
1868,"يعطي التصالب بين Rr و rr:

الاختيارات:
A. نمط ظاهري واحد.
B. نمطين ظاهريين.
C. ثالثة أنماط ظاهرية.
D. أربعة أنماك ظاهرية.",C,B
1869,"المعطي الصحيح فيما يتعلق بالإنترونات:

الاختيارات:
A. جزء من mRNA تتم عليها عملية الترجمة
B. ليس لها دور وظيفي
C. تلعب دورآ في تنظيم الانتسلخ الجيني
D. تتصل الإنترونات مع بعضها في mRNA الناضج بعد عملية التضفير",B,C
1870,"له دور مهم أثناء استموات الخلية :

الاختيارات:
A. الفسفاتيديل سيرين .
B. الفسفاتيديل كولين .
C. الفسفاتيديل ايتانول آمین .
D. الفسفاتيديل اينوزيتول.",D,D
1871,"يؤدي توقف عمل الجسيمات المفككة للبروتينات لداء

الاختيارات:
A. زيلويغر
B. تاي ساكس
C. هتنغتون
D. a+c",C,C
1872,"الأحماض الأمينية الداخلية ببنية الكولاجين ما عدا:

الاختيارات:
A. غليسين
B. فالين
C. برولين
D. هيدروكسي برولين",B,B
1873,"كل ما يلي صحيح عن الانقلاب عدا:

الاختيارات:
A. تظهر تأثيرات الانقلاب خلال الانقسام المنصف خلال التعابر
B. يحدد فيما إذا كان ضار أم لا نقطة أو مكان الكسر
C. يكون القسيم المركزي خارج الشدفة المنقلبة في الانقلاب المجاور للمركز
D. يحدث أذية في حال حدث الكسر خارج بنية الجين",B,C
1874,"أحماض أمينية قطبية معتدلة تحوي مجموعة NH2

الاختيارات:
A. اسبارجين
B. غلوتامين
C. بروتين
D. A+b",A,B
1875,"ليس من الاعتلات الناتجة عن طفرة في الجين المتقدري:

الاختيارات:
A. العمي
B. التصلب الحدبي
C. الصمم
D. اعتلال عضلة القلب",C,D
1876,"يحوي الـ DNA المتقدري روامز موقفة للترجمة هي:

الاختيارات:
A. AGG , AGA , UAA , AUG
B. AGG , AGA , UAG , UAA.
C. UAA , UGA , AUG.
D. UAG , UAA , UGA",D,B
1877,"الخطأ في إضافة الأسس الآزوتية أثناء التنسخ شائع يورث كخلال :

الاختيارات:
A. جسدية سائدة
B. مرتبطة بالصبغي X سائدة
C. جسدية متنحية
D. مرتبطة بالصبغي X متنحية+",B,D
1878,"من الاضطرابات متعددة العوامل التي لا تعالج معالجة دوائية ::

الاختيارات:
A. الداء السكري
B. الصرع
C. فرط كولسترول الدم
D. تضيق البواب",A,B
1879,"الشبكة العضلية

الاختيارات:
A. في الخلايا العضلية SER
B. في الخلايا العضلية RER
C. في الخلايا الهضميةSER
D. A+b",B,A
1880,"يعبر معدل الانتشار لمرض ما عن:

الاختيارات:
A. عدد الأفراد المصابة في فترة زمنية محددة
B. عدد الأفراد المصابة خلال عام
C. النسبة المئوية *
D. كل ما سبق خطأ",A,A
1881,"جهاز التكاثر الأثنوي عند الزهرة:

الاختيارات:
A. الكأس
B. الأسدية
C. المدقة
D. ليس أيآ مما سبق",B,B
1882,"بروتين مطرسي يرتبط مع الكولاجين ويحرض تمايز الخلايا العظمية:

الاختيارات:
A. ثرومبوسبودين 2
B. ثرومبوسبودين 1
C. سبارك
D. تياناسين سي",C,D
1883,"في حال إصابة أب بصفة تخضع لوراثة متنحية مرتبطة بالصبغي X :

الاختيارات:
A. ينقل الصفة فقط لأبنائه الذكور
B. لا ينقل الأب الصفة إلى الأولاد
C. ينقل الصفة لجميع أولاده الذكور والإناث
D. ينقل الصفة فقط لبناته",D,D
1884,"يمكن للغلسير الدهيد ۳ فوسفات أن تتحول الى المركبات العضوية التالية ما عدا :

الاختيارات:
A. الأحماض الدسمة .
B. الأحماض الأمينية .
C. الغليسيرول .
D. . ATP",D,A
1885,"التنحي والسيادة صفتان من صفات:

الاختيارات:
A. الأنماط الظاهرية
B. الجينات
C. الألائل
D. BوC",D,A
1886,"القانون الثاني في الترموديناميك يؤكد:

الاختيارات:
A. ميل أنظمة الطاقة لزيادة الانتروبية
B. ثباتية الطاقة
C. b+a
D. لا شيء مما سبق",A,A
1887,"في حقيقيات النوي يخضع المنتسخ الأولي قبل خروجه من النواة ل:

الاختيارات:
A. إضافة قلنسوة إلي النهاية `5
B. إضافة ذيل من عديد الأدنين إلي النهاية `3
C. شطر الإنترونات وتضفير الإكسونات
D. كل ما سبق صحيح",D,B
1888,"الريبوزومات

الاختيارات:
A. بروتينات
B. سكريات
C. شحميات
D. أحماض نورية",D,A
1889,"يعمل البوسيندولول بفعالية مميزة عند المرضى الذين يرمّز عندهم أليلا مستقبل بيتا 1 :

الاختيارات:
A. أحدهما الحمض الأميني الليزين والآخر الأرجنين
B. أحدهما الحمض الأميني الغليسين والآخر الأرجنين
C. كلاهما الحمض الأميني الغليسين
D. كلاهما الحمض الأميني الأرجنين",B,C
1890,"الشعر الأشقر عند بعض سكان جزر Solomon { الخطأ}:

الاختيارات:
A. يعود إلي تغير شفع واحد من الأسس في إحدي الجينات
B. يمتلك ذو الشعر الأشقر SNP علي الصبغي التاسع ضمن تدعي TYRP1
C. يتحكم الميلانين بالجين TYRP1
D. تؤدي الطفرة في هذه الجين إلي أحد أنواع المهق",B,B
1891,"كل ما يلي من تقانات التهجين ما عدا:

الاختيارات:
A. Blotting
B. Microarrays
C. DNA Sequencing
D. in situ Hybridization",C,D
1892,"تبدأ الصبغيات بفك ارتباطها لتعود وتأخذ البنية الكروماتينية عندما

الاختيارات:
A. تدخل الخلية طور الانقسام.
B. تخرج الخلية من طور الانقسام .
C. تدخل الخلية الطور التالي من الانقسام.
D. في نهاية الطور الداخلي من الانقسام .",B,B
1893,"كل ما يلي صحيح عن القلنسوة ماعدا :

الاختيارات:
A. تضاف على النهاية 5` للرنا المرسال
B. ترتبط مع مقدمة المنتسخ عبر رابط فوسفاتي 5 إلى 5`
C. عبارة عن 7 متيل غوانوزين
D. يحفز إضافتها إنزيم واحد",B,B
1894,"الطور S من الدورة الخلوية :

الاختيارات:
A. هو أول مرحلة في الطور البيني.
B. هو طور التضاعف دنا الصبغيات.
C. يتشكل فيه مغزل الإنقسام.
D. يتضاعف فيه الجسيم المركزى.",B,D
1895,"كل مايلي صحيح عدا :

الاختيارات:
A. الجينوم في البدايات أقل تعقيدا.
B. شكل جزيء DNA البدائيات خطي في الحقيقيات .
C. لدينا أكثر من صبغي في الحقيقيات .
D. تحدث الترجمة في السيتوبلاسما .",D,D
1896,"صبغي فيلادلفيا هو

الاختيارات:
A. شذوذ صبغي جسدي.
B. انقلاب جزء من الصبغي 9.
C. إزفاء لقطعة من الصبغي 9 إلى الصبغي 22 .
D. تضاعف منطقة من الصبغي 22 .",C,C
1897,"في سرطان عنق الرحم الموروث للورم :

الاختيارات:
A. يكون اختطار الرجعة مرتفع بالمقارنة مع النسبة العامة للمجتمع.
B. يكون اختطار الرجعة منخفض بالمقارنة مع النسبة العامة للمجتمع.
C. يكون اختطار الرجعة مساوياً تقريبا مع الإصابة العامة للمجتمع.
D. تقدر النسبة العامة للإصابة في المجتمع ب %88.",B,C
1898,"يبدي الإنزيم المصنّع للغلوتامين استجابة سواء أدتّ لتنشيطه أم تثبيطه إلى ..... عبر التغيرات التفارغية:

الاختيارات:
A. 61 مستقبل
B. 12 مستقبل
C. 10 مستقبلات
D. 8 مستقبلات",D,B
1899,"الحويصلات المسؤولة عن النقل المنظم والاساسي للمواد الإفرازية خلال الإيماس :

الاختيارات:
A. حويصلات مغطاة بالكلاثرين .
B. حويصلات مغطاة بالكوب ١ .
C. حويصلات مغطاة بالكوب ٢ .
D. حويصلات مغطاة بالكوب ٣ .",C,A
1900,"تتميز انزيمات الاقتطاع بما يلي عدا:

الاختيارات:
A. تق طع جزيئات الدنا ثنائية الطاق.
B. تحطم الروابط الهيدروجينية بين الطاقين.
C. تفصل بين النوكليوتيدين المتجاورين.
D. تقطع في مواقع محددة.",D,B
1901,"تنشأ فقاعة الاتنساخ بفعل:

الاختيارات:
A. بوليميراز الدنا
B. إنزيم الهيليكاز
C. بروتينات رابطة للدنا
D. بوليميراز الرنا",A,A
1902,"المكونات الفوسفوليبيدية

الاختيارات:
A. البروتينات الغشائية
B. كل ما سبق صحيح
C. كل ما سبق غلط
D. القنوات البروتينية",B,C
1903,"المتقدرات والصانعات ظهرتا بإدخال جراثيم داخل الخلايا نقوم بالفسفرة والتركيب الضوئي

الاختيارات:
A. فرضية التعايش الداخلي
B. فرضية الاصطفاء الطبيعي
C. فرضية الموت الذاتي
D. قانون الترموديناميك الثاني",A,A
1904,"بروتين مطرسي يتأثر مع الكولاجين ويثبط تكاثر الخلايا الجذعية:

الاختيارات:
A. ثرومبوسبودين 2
B. ثرومبوسبودين 1
C. سبارك
D. تياتاسين سي",C,A
1905,"ينتقل البروتين G من الحالة المفعلة الى الحالة الغير مفعلة بواسطة فعالية انزيمية من نوع

الاختيارات:
A. الفوسفاتاز .
B. GTPASE .
C. الكيناز .
D. الفوسفوليباز .",B,B
1906,"في البروتين G يتم العمل للشكل غير الفعال عبر:

الاختيارات:
A. حلمهة GTP إلى GDP
B. حلمهة ATP إلى ADP
C. تركيب GTP
D. تركيب ATP",A,A
1907,"اختر العبارة الخاطئة

الاختيارات:
A. تعد الفوسفوليبيدات مركبات غير قطبية في الجزء الذي يضم سلاسل الأحماض الدسمة
B. تعد الفوسفوليبيدات مركبات قطبية في الجزء الذي يضم مجموعة الفوسفات
C. نسبة الفوسفوليبيدات قليلة في أغشية الخلايا الحية
D. جزيء شحم برأس سحب وذيلين كارهين -> صفيحة ثنائية الطبقة",C,C
1908,"إذا تزاوج الفرد 4-lll من ذكر سليم فإن الاحتمال التالي وارد عند الأولاد:

الاختيارات:
A. مصابون.
B. حاملين للمرض.
C. سليمون.
D. غير معروفين.",B,B
1909,"Karyotype:

الاختيارات:
A. هو الصورة المأخوذة للصبغيات بعد حل الخلايا وتثبيتها وتلوينها .
B. يمكننا من التمييز بين الأشفاع الصبغية المختلفة .
C. يفيد في الكشف عن المتلازمات .
D. كل ماسبق صحيح .",D,B
1910,"يشير مصطلح Tuberous sclerosis إلي:

الاختيارات:
A. داء الكلية متعددة الكيسات
B. التصلب الحدبي
C. التهاب الشبكية الصباغي
D. حثل التأثر العضلي",B,B
1911,"تعطي جزيئا خاملا كيميائيا

الاختيارات:
A. توجد بكميات كبيرة في الأغشية الخلوية
B. توجد أعلى نسبة كوليسترول في أغشية خلايا
C. الكظر
D. الخلية السنخية",A,C
1912,"الجينات المعبرة عن البروتينات التركيبية هي

الاختيارات:
A. الجينات المحرضة
B. الجينات الكظومة
C. الجينات دائمة التعبير
D. الجينات العاملة",D,C
1913,"يسبب وجود الألائل السائد في الأنماط الجينية المختلفة التالية RRYY و RrYy و RRYy و RrYY :

الاختيارات:
A. نمط ظاهري جديد
B. نمط ظاهري وحيد
C. نمط ظاهري مختلف
D. نمط ظاهري غريب",B,A
1914,"تتمتع الخلايا بدائيات النوى بـ :

الاختيارات:
A. أبسط أنواع الخلايا .
B. تتضاعف بالانقسام الخيطي .
C. تستطيع العيش في ظروف قاسية.
D. جميع تفاعلاتها في السيتوبلازما .",B,B
1915,"الجينات الورمية :

الاختيارات:
A. تنشط بشكل طبيعي الانقسام الخلوي
B. تمنع بشكل طبيعي التكاثر الخلوي غير المنضبط
C. تحرض الاستماتة
D. تسبب السرطان إذا تفعّلت بشكل ملائم",D,B
1916,"تختزل الصبغة المضاعفة المفردة في نهاية:

الاختيارات:
A. prophase
B. Metaphase
C. anaphase
D. telophase",D,C
1917,"يوجد نحو 200 حالة وراثية بشرية سببها جينات:

الاختيارات:
A. جسدية متنحية
B. جنسية متنحية
C. جسدية سائدة
D. جنسية سائدة",A,B
1918,"كل ما يلي من روامز التوقف عند الدنا المتقدري ما عدا:

الاختيارات:
A. UAA
B. UAG
C. AGA
D. UGA",C,D
1919,"تتميز متلازمة داون بكل مما يلي عدا:

الاختيارات:
A. بروز لسان.
B. فلح الشفة والحنك.
C. جسر أنف مسطح.
D. تباعد عينين.",B,B
1920,"من أهم وظائف الأكتين مايلي ماعدا

الاختيارات:
A. تحديد وتغيير لزوجة السيتوبلازما .
B. المساهمة في تشكيل الأهداب .
C. حركة العضيات الخلوية .
D. انفصال سيتوبلاسما الخلايا في نهاية الانقسام الخلوي .",C,B
1921,"يعرف اختطار الرجعة بأنه:

الاختيارات:
A. وجود أمراض تتميز بأعراض وعالمات مميزة.
B. ظهور الأمراض الوراثية في جيل الأجداد.
C. معرفة السير الطبيعي للاضطراب الوراثي.
D. معدل عود توارد المرض في الذرية.",D,D
1922,"تستخدم دراسة النمط النووي ( Karyotype) عند الفرد (الخاطئة)

الاختيارات:
A. للكشف عن بعض التناذرات .
B. للكشف عن وجود خلل في تشكل الصبغيات .
C. للكشف عن وجود خلل في عدد الصبغيات .
D. للتحديد مواقع المورثات على الصبغيات .",B,D
1923,"ُيشير الرقم 4 في الرمز التالي 4211q :

الاختيارات:
A. رقم الصبغي.
B. منطقة في الصبغي.
C. عصابة في الصبغي.
D. تحت عصابة في الصبغي.",C,B
1924,"Trisomy XXY:

الاختيارات:
A. متلازمة داون
B. متلازمة ترنر
C. متلازمة كلاينفلتر
D. متلازمة باتو",C,A
1925,"الخطأ حول السرطانات الموروثة:

الاختيارات:
A. وجود قصة عائلية.
B. اختطار الرجعة مرتفع عند الأقارب.
C. تعدد الأورام الأولية.
D. يظهر في عمر متأخر.",C,D
1926,"يتألف الطور المتحرك في تقنية dHPLC من:

الاختيارات:
A. TEAA
B. البوليسترين
C. لأسيتونتريل
D. A+C",D,D
1927,"الكفاءة

الاختيارات:
A. هي قدرة الخلية على الاستجابة لإشارة
B. مستقبلاتها غير نوعية
C. ترتبط بدور المحددات السيتوبلاسمية
D. كل ما سبق صحيح",D,D
1928,"إصلاح الخلل أو الفقدان في أنسجتنا:

الاختيارات:
A. Regenerativ
B. Mitosis
C. Meiosis
D. Packaging",A,B
1929,"Lipofusion

الاختيارات:
A. المنصهرات الدسمة
B. القطيرات الدسمة
C. الحبيبات السكرية
D. لا شيء مما سبق",B,A
1930,"اكبر نسبة للبروتينات في اغشية خلايا الجسم توجد في :

الاختيارات:
A. الغشاء الخلوي للمتقدرة .
B. الغشاء الخلوي للصانعات الخضراء .
C. الشبكة السيتوبلاسمية الداخلية.
D. الجسيمات المفككة للبروتينات.",C,B
1931,"المسؤول عن إزالة مشراعالرنا قرب انتهاء تنسخ الدنا واستبدالها بنكليوتيدات الدنا:

الاختيارات:
A. بوليميراز الدنا من النمط الأول
B. بوليميراز الدنا من النمط الثاني
C. بوليميراز الدنا من النمط الثالث
D. بوليميراز الدنا من النمط الثاني",B,A
1932,"في طور البدء يدخل {الميتيونيل - }tRNA :

الاختيارات:
A. Aminoacyl site
B. Peptidyl site
C. Exit site
D. ليس أياً مما سبق",A,C
1933,"ترتبط الصبيغيات الشقيقة على انيبيبات مغزل الانقسام بواسطة

الاختيارات:
A. القسيم المركزي .
B. الجسيم المركزي .
C. الجسيم الحركي .
D. النجيماء .",C,C
1934,"يوجد SNP المؤثر على الاستجابة الدوائية في كل ما يلي ما عدا :

الاختيارات:
A. تسلسل المحضض
B. تسلسل الجين المرمزة للبروتين
C. تسلسل المعزاز
D. تسلسل المسكتات",D,B
1935,"ليس للارقاء تأثيرات حيوية على الشخص الحامل لها يوجب

الاختيارات:
A. ان المادة الوراثية لا تتغير
B. المادة الوراثية *
C. المادة الوراثية لا تعقد
D. جميع ماسبق صحيح",D,C
1936,"نحتاج لإزالة الانترونات من:

الاختيارات:
A. tRNA
B. mRNA
C. rRNA
D. snoRNA",B,C
1937,"تفاعلات التركيب الضوئي:

الاختيارات:
A. تفاعلات اكسدة .
B. تفاعلات ارجاع.
C. تفاعلات حلمهة .
D. A+B.",D,A
1938,"نمط بولميراز الرنا ينسخ الجينات المرمزة ل:

الاختيارات:
A. rRNAs .
B. البروتينات .
C. SnRNAs.
D. tRNAs.",C,A
1939,"تسلسل التصدير النووي

الاختيارات:
A. NLS
B. NES
C. PTS
D. MSS",A,B
1940,"تتم عملية اصطناع جزيئات الهستون بالتزامن مع:

الاختيارات:
A. الطور التحضيري Prophase
B. الطور التالي Metaphase
C. تنسخ الدنا في الطور S من الدورة الخلوية
D. طور الصعود Anaphase",C,D
1941,"المكون الاساسي للبروتينات :

الاختيارات:
A. احماض امينية .
B. احماض دسمة + غليسيرول .
C. سكاكر احادية .
D. نكلوتيدات .",A,D
1942,":بين endo-siRNA طول يبلغ

الاختيارات:
A. 21 – 22 نيكليوتيد
B. 70 و 80 نيكليوتيد
C. u0 و 3u0 نيكليوتيد
D. 24 و 31 نيكليوتيد",A,D
1943,"ميزات جهاز غولجي ما عدا

الاختيارات:
A. عضية غشائية
B. المدخل: هو مكان دخول الحويصلات من ER
C. المخرج: مكان خروج الحويصلات من غولجي
D. حويصلات المخرج أصغر من الحويصلات الداخلة للمدخل",B,D
1944,"الجزيئات المتحرى عنها في تبقيع ويسترن:

الاختيارات:
A. DNA
B. RNA
C. البروتينات
D. كل ما سبق صحيح",D,D
1945,"تلعب الوحيدة سيغما الموجودة في بوليمراز الرنا دوراً هاماً في:

الاختيارات:
A. تثبيت الأنزيم على المحضض.
B. إطالة الانتساخ.
C. التع رف على المحضض.
D. ربط النوكليوتيدات.",A,C
1946,"الداء الليفي الكيسي :

الاختيارات:
A. يُشخصّ بقياس الصوديوم والكلور في العرق
B. يدل عدم وجود التربسين المقاس على حدوث إصابة
C. يورّث كخلة جسدية متنحية
D. أكثر الطفرات شيوعاً المسببة له هي خبن في الموضع 508",A,C
1947,"تتميز شجرة نسب نموذجية سائدة لوراثة جسدية سائدة:

الاختيارات:
A. الفرد المصاب أحد والديه بالضرورة مصاب.
B. الفردين غير مصابين يولد لهما ولد مصاب.
C. يختفي المرض في جيل ويظهر في الجيل التالي.
D. تتعلق الإصابة بجنس الفرد.",A,A
1948,"الانغستروم يقدر :

الاختيارات:
A. 0.0000000001cm .
B. 0.0000000001m .
C. 0.0000001m .
D. 0.0000001cm .",C,B
1949,"ما يلي صحيح عن التضاعف ما عدا:

الاختيارات:
A. يؤدي الى فقد المادة الوراثية.
B. قطعة من الصبغي تتكرر على الصبغي نفسه.
C. يرمز له ب dup.
D. ينتج من حادثة تعابر غير متساوي في اثناء انقسام انتصافي.",B,A
1950,"كل ما يلي صحيح في متيلة الدنا ما عدا:

الاختيارات:
A. من آليات تنظيم عمل المورثة على مستوى الصبغيات
B. تحجب عوامل الانتساخ
C. ترخي الدنا حول الهستونات
D. عملية معاكسة لعملية الأستلة",D,D
1951,"يشترك كل من الإنسان العاقل ونبات الذرة بالمستوى التصنيفي:

الاختيارات:
A. Phylum .
B. Kingdom .
C. Class .
D. Domain .",B,C
1952,"في الية الاستموات

الاختيارات:
A. تشترك فيها عائلة بروتيناز الكاسبيز
B. تنظم فعالية طلائع عائلة Bcl2 Family
C. من أهم أفراد العائلة المحرضة للموت البررتينات BAK – BAX
D. كل ما سبق",D,D
1953,"عملية تشكل عديدات الببتيد من سلاسل رنا ناضج:

الاختيارات:
A. . Transcription
B. Translation .
C. Gene expression
D. Reverse transcription .",B,B
1954,"يتم تصنيع الرنا الريبوزومي لكل من وحيدتي الريباسات في :

الاختيارات:
A. النواة .
B. السيتوبلاسما .
C. A+B.
D. النوية.",D,D
1955,"وظائف خيوط الأكتين ما عدا:

الاختيارات:
A. حركة العضيات الخلوية
B. انفصال سيتوبلازما الخلية
C. المساهمة بالتقلص العضلي
D. المساهمة بتشكيل الجسيمات المركزية",C,D
1956,"من خصائص ظاهرة تعطيل الصبغي X: واحد خطأ

الاختيارات:
A. تحصل في الأسبوع الثاني بعد الإلقاح
B. عند أنثى طبيعية
C. يحصل على الصبغي X الأبوي
D. التعطيل بظواهر الـ epigenetic",C,C
1957,"تخزن الطاقة الزائدة عن استطاعة الكبد لاستيعابها في:

الاختيارات:
A. النشاء .
B. البروتينات .
C. النسج الشحمية.
D. الأحماض الأمينية .",C,B
1958,"Repression:

الاختيارات:
A. تثبيط راجع سلبي
B. يؤثر في اصطناع الإنزيم نفسه
C. تحدث عند تثبيت منتج ما لسبيل استقلابي معين أحد الإنزيمات المسؤولة عن هذا السبيل
D. كل ما سبق صحيح",D,B
1959,"توضع عدة ثيلاكويدات فوق بعضها بشكل

الاختيارات:
A. اللحمة
B. الغشاء الداخلي
C. الحبيبة اليخضورية
D. لا شيء مما سبق",C,C
1960,"كل ما يلي صحيح عن المجين المتقدري ماعدا:

الاختيارات:
A. جزيء حلقي مفرد.
B. يحوي طاق خفيف غني بالسيتوزين.
C. يحوي طاق ثقيل غني بالأدنين.
D. له منشأ تضاعف واحد هو loop-D/CR region.",C,C
1961,"النمط الأكثر شهرة من أنماط التواصل الخلوي:

الاختيارات:
A. بث إشارات وإلقائها في الدم
B. التأشير الموضعي
C. التأشير العصبي والاتصال المباشر
D. كل ما سبق صحيح",D,A
1962,"يتميز الانقلاب المحيط للمركز inversion Pericentric بما يلي:

الاختيارات:
A. يؤدي إلى ضياع الصبغي الحقاَ.
B. يكون شاملا للقسيم المركزي.
C. ال يتسبب بأي ضرر.
D. الأعراس الناتجة سليمة.",B,B
1963,"تصنع سلاسل RNA كمثيلاتها في DNA في الاتجاه:

الاختيارات:
A. 5ˊ-إلى 3ˊ
B. 3ˊ- إلى 5ˊ
C. في الاتجاهين 5ˊ-إلى 3ˊ و 3ˊ- إلى 5ˊ
D. كل ما سبق خطأ",B,A
1964,"ليس من متطلبات تقنية ويسترن:

الاختيارات:
A. بروتين
B. غشاء نتروسيللوز
C. مسابر موسومة
D. ترحيل كهربائي",B,C
1965,"تتميز شجرة النسب الحاوية على حالة وراثة متعلقة بالمتقدرات وإلام فقط فيها مصابة:

الاختيارات:
A. الذكور دون الإناث مصابون.
B. الإناث دون الذكور مصابات.
C. الاولاد كلهم مصابون.
D. الأولاد كلهم سليمين.",C,C
1966,"يوجد في بدائيات النوى:

الاختيارات:
A. نمط وحيد من انزيم الرنا بوليميراز.
B. 3أنماط من انزيم الرنا بوليميراز.
C. 4أنماط من انزيم الرنا بوليميراز.
D. 5أنماط من انزيم الرنا بوليميراز.",B,A
1967,"التعبير الجيني هو حادثة يتم من خلالها الانتقال :

الاختيارات:
A. من النمط الجيني الى الظاهري.
B. من النمط الظاهري الى الجيني .
C. من النمط الجيني الى mRNA .
D. كل ماسبق خطأ .",C,A
1968,"لا علاقة له بصلابة الغشاء

الاختيارات:
A. هو من الغليسريدات الثلاثية
B. الغلسريدات الثلاثية
C. تتألف من جزيئة غليسيرول + سلسلتين أحماض دسمة + زمرة فوسفات
D. هي شحوم غير معتدلة",D,C
1969,"تختلف الانترونات عن الاكسونات ب:

الاختيارات:
A. تركيبها الكيميائي.
B. عدم انتساخها.
C. ترتيب الروامز فيها.
D. لا تترجم إلى بروتين.",D,D
1970,"يحتوي مطرس المتقدرات ما يلي عدا

الاختيارات:
A. صبغي دائري من DNA
B. T RNA
C. r RNA
D. m RNA",C,C
1971,"تمثل الخطوط الأفقية التي ترسم أعلي الدوائر و المربعات في شجرة النسب:

الاختيارات:
A. الأشقاء لوالدين
B. الأزواج الأقارب
C. التواءم
D. ليس أيآ مما سبق",A,C
1972,"الحالة الفسيفسائية Mosaicism (التزيفّ:(

الاختيارات:
A. اختلال الصيغة الصبغية بنوعيها زيادةً أو نقصاناً في مجموعة من الخلايا دون الأخرى
B. تحدث بسبب خلل في الانقسام الفتيلي أثناء خطور الزيجوت
C. تسبب أعراضاً أقل وخامة
D. كل ما سبق صحيح",D,B
1973,"عابرة مرة واحدة للغشاء

الاختيارات:
A. عابرة عدة مرات للغشاء
B. غير عابرة للغشاء
C. كل ما سبق غلط
D. المعطف الخلوي كل ما يلي صحيح عدا",A,D
1974,"كل ما يلي موجود في الكائنات الحية عدا:

الاختيارات:
A. السكريات الاحادية L-from .
B. السكريات الثنائية D-from .
C. بروتينات سكرية .
D. ليبيدات.",B,A
1975,"يسمى Hn RNA بـ:

الاختيارات:
A. RNA الريبوزومي
B. RNA النووي المتجانس
C. RNA النووي غير المتجانس
D. كل ما سبق خطأ",C,C
1976,"الموصلات المحكمة ما عدا:

الاختيارات:
A. تسمح بالمرور العشوائي عبر الفراغ بين الخلايا
B. تمنع مرور بروتينات الغشاء القمي للقاعدة
C. توجد بين الخلايا الظهارية
D. يعتمد تفعيلها على شوارد الكالسيوم",C,D
1977,"مستقبلات منشطة

الاختيارات:
A. مستقبلات مثبطة
B. منها مستقبلات الأنسولين ومستقبلات عوامل النمو
C. Multi-pass transmembrane proteins
D. البروتينات المحيطية",B,D
1978,"يعبر مصطلح الهيولي المتغايرة عن الخلايا التي تحتوي على:

الاختيارات:
A. متقدرات سليمة وطافرة
B. متقدرات طافرة
C. متقدرات سليمة
D. كل ما سبق خطأ",C,A
1979,"المثل الأول الذي بين علاقة تغير بنية جزيئة حيوية بظهور مرض وراثي:

الاختيارات:
A. فقر الدم المنجلي
B. الناعور
C. sicklecellanemia
D. A+C",C,D
1980,"مستقبلات النقل النووي

الاختيارات:
A. تسمى الكاربوفيرينات
B. الأمبورتين متخصصة بالنقل لداخل النواة
C. الاكسبوريتن متخصصة بالنقل لخارج النواة
D. كل ما سبق صحيح",D,D
1981,"يمكن تمييز الصبغيات بعضها عن بعض عن طريق:

الاختيارات:
A. النمط الوراثي
B. النمط النووي
C. النمط الجيني
D. النمط الوظيفي",B,C
1982,"يتواسط نقاط التحقق:

الاختيارات:
A. عوامل نمو.
B. بروتينات تنظيمية للدورة الخلوية.
C. جزيئات نقل إشارة.
D. عوامل انتساخ نووية.",C,B
1983,"في الرحلان الكهربائي لشدف الدنا

الاختيارات:
A. يجري الرحلان على هلامة سيكروز.
B. ترحل الشدف من القطب الموجب إلى السالب.
C. يتم الكشف عن أنواع الطفرات.
D. يمكن فصل الشدف حسب حجمها.",D,D
1984,"البروفلاكتين

الاختيارات:
A. يثبط بلمرة الأكتين .
B. ينشط ويثبط .
C. ينشط بلمرة الأكتين .
D. لاعلاقة له بالأكتين .",A,A
1985,"يتوضع الصبغي Y:

الاختيارات:
A. بالقرب من إحدي نهايتي الصبغي
B. بالقرب من وسط الصبغي
C. بالقرب من إحدي نهايتي الصبغي
D. تحت السائل",A,D
1986,"تختزن الطاقة الكامنة في مدروج للشحنات الكهربائية، يعبر عنها

الاختيارات:
A. بالكمون الكهربائي.
B. بالمدروج الكيميائي الكهربائي.
C. بالمدروج الكيميائي.
D. بالأنتروبية.",B,A
1987,"ينذر حدوث طور الأرومات الحادة عند مرضى CML بسبب كل ما يلي ماعدا :

الاختيارات:
A. وجود صبغي فيلادلفيا إضافي
B. تثلث الصبغي 8
C. فقدان الصبغي Y
D. تغيرات صبغية ثانوية للصبغي 17P",C,D
1988,"يقوم أنظيم Helicas ب:

الاختيارات:
A. اصطناع مشارع من الرنا
B. حل العقدة أو الالتواء المتشكل عن فك الارتباط بين طاقي الدنا
C. جلب النكليوتيدات ورصفها بشكل متمم للطاق الأصلي
D. فك طاقي الدنا الملتفين",D,C
1989,"نقطة تحقق المغزل:

الاختيارات:
A. نقطة التحقق G1
B. نقطة التحقق G2
C. نقطة التحقق S
D. نقطة التحقق M",C,C
1990,"تتشكل الأرجل الصفائحية من

الاختيارات:
A. الأكتين.
B. الميوزين .
C. التوبيولين .
D. ألياف متوسطة .",A,A
1991,"الجين المصاب بطفرة في فرط الحرارة الخبيث:

الاختيارات:
A. RYR
B. MDR
C. CYPD
D. RP1",A,A
1992,"السائل ذو السعة الحرارية الأعلى

الاختيارات:
A. الزيت
B. الماء
C. الغول
D. لا شيء مما سبق",B,B
1993,"ما يلي من الأحماض الأمينية

الاختيارات:
A. الغليسين
B. الفالين
C. التريبتوفان
D. السيرين",C,C
1994,"يعرف المعقد الناتج عن اجتماع كل من البروتين الملتم والسيتوكروم والكاسبيز النشط باسم

الاختيارات:
A. طلائع الكاسبيز .
B. الكاسبيز النشط .
C. جسيم الموت .
D. المستقبل الخلوي الداخلي .",C,C
1995,"أربع عناصر تشكل ۹۹% من كتلة الجسم :

الاختيارات:
A. H-O-N-C.
B. CL-Na-Pb-N.
C. O-H-N-k.
D. H-CL-O-P.",C,A
1996,"يتضمن الاستنصاح الوراثي كل ما يلي ماعدا :

الاختيارات:
A. القصة المرضية والعائلية
B. بناء شجرة النسب
C. الفحص الكيميائي
D. الفحص الفيزيائي",C,D
1997,"يتبع الفصام نمط الوراثة :

الاختيارات:
A. جسدية سائدة
B. جسدية متنحية
C. متعدد ةالعوامل
D. مرتبطة بالصبغي X متنحية",D,B
1998,"يعتمد الطب الفرداني بشكل أساسي على:

الاختيارات:
A. عمر المريض.
B. التكوين الجيني للمريض.
C. جنس المريض.
D. تركيب الدواء المناسب.",B,B
1999,"كل ما يلي صحيح عن متلازمة مواء القطة عدا:

الاختيارات:
A. ينجم عن طفرة من نوع الخبن
B. له صوت بكاء يشبه بمواء القطة
C. تصيب الذراع الطويل من الصبغي الخامس
D. يبدي المصاب تخلّفاً عقلياً شديداً",A,D
2000,"إن دلالة ولد مصاب في الوراثة الجسدية المتنحية تعني أن:

الاختيارات:
A. الولدان مصابان بالمرض
B. الولدان حاملان للمرض
C. أحد الوالدين مصاب بالمرض
D. كل ما سبق خطأ",C,D
2001,"ظاهرة الكل أو اللاشيء :

الاختيارات:
A. انتفاذ ناقص
B. تعبُّر
C. تزيّق جسدي
D. تزيّق الخط الانتاشي",B,C
2002,"الرابطة في البنية الثانوية للحمض النووي

الاختيارات:
A. استيرية
B. هيدروجينية
C. سكرية
D. بيبتيدية",B,B
2003,"العامل النهائي الذي يحدد النمط الشكلي :

الاختيارات:
A. النمط الجيني
B. النمط الظاهري
C. A و B
D. التأثيرات البيئية",B,D
2004,"تتميز شجرة النسب الحاوية على حالة وراثية متعلقة بالمتقدرات والوالدين فيها مصابين ب:

الاختيارات:
A. الذكور دون الإناث مصابين.
B. الإناث دون الذكور مصابين.
C. الأولاد كلهم مصابون.
D. الأولاد كلهم سليمون.",B,C
2005,"تعد جينات الرنا الريباسي من الجينات :

الاختيارات:
A. الخدمية.
B. المتغايرة.
C. محرضة التعبير.
D. كظومة التعبير.",C,A
2006,"كل ما يلي صحيح عن SNP ماعدا :

الاختيارات:
A. تعدد شكلي مفرد في تسلسلات الجين التي ترمز هده البروتينات
B. يؤدي إلى تغاير في استجابة المرضى للمعالجة
C. يكون منتشراً أكثر من %1 من أفراد المجتمع
D. اختلاف في أساس نوكليوتيدي واحد في تسلسل الدنا",C,C
2007,"الهيكل الخلوي هو

الاختيارات:
A. الغشاء الخلوي بما يحويه .
B. شبكة من البروتينات .
C. شبكة من البروتينات والسكريات .
D. مجموع دسم وبروتينات الخلية .",A,B
2008,"قدرة الكائن على صون وحفظ شروطه الداخلية

الاختيارات:
A. التكيف .
B. الاستتباب .
C. استجابة للمنبهات .
D. التطور .",C,B
2009,"تتألف الدراسة العلمية المنهجية من العناصر التالية عدا

الاختيارات:
A. الاختبار والنتائج .
B. الملاحظة .
C. المناقشة والاستنتاج.
D. فكرة عابرة عشوائية.",D,D
2010,"الايماس Exocytosis هو عملية

الاختيارات:
A. ادخال المواد الى الخلية.
B. اخراج المواد من الخلية .
C. اصطناع المواد داخل الخلية .
D. هضم المواد داخل الخلية.",B,B
2011,"تحدد بدء الانتساخ

الاختيارات:
A. المحضضات .
B. المعززات .
C. المسكتنات .
D. الإكسونات والانترونات .",D,A
2012,"من السكاكر البروتينية

الاختيارات:
A. الفيبرونكتين .
B. الهيالورنان .
C. الأغريكان .
D. التوبيولين .",C,C
2013,"عرف ماندل الوراثة علي أنها:

الاختيارات:
A. ظاهرة حيوية متغيرة تعتمد علي الصفحة التي درست
B. ظاهرة حيوية ثابتة لا تعتمد علي الصفحة التي درست
C. ظاهرة حيوية ثابتة تعتمد علي الصفحة التي درست
D. كل ما سبق صحيح",A,D
2014,"الجين هو: واحد خطأ

الاختيارات:
A. متوالية نوكليوتيدية
B. مكونة من A, G, C, U
C. توجد الروامز في الاكسونات
D. ينتهي برامزة توقف",A,C
2015,"إن أكسدة جزيء غلوكوز يعطي:

الاختيارات:
A. 36 ATP .
B. 34 ATP .
C. 30 ATP .
D. 3 ATP .",C,A
2016,"اي من المسابر التالية يقوم بتمييز الصبغيات غن بعضها البعض بالمجهر الضوئي:

الاختيارات:
A. مسابر التتاليات النوعية.
B. مسابر الرسم.
C. مسابر القسيمات الطرفية. Telomerase
D. المسابر الساتلة.",C,B
2017,"يزداد عدد نسخ جين ورمي ما بحدوث تكرارات عديدة غالباً ما تكون على شكل :

الاختيارات:
A. مناطق صبغية متجانسة اللون HSRS
B. سلاسل من قطع رفيعة تدعى الدقائق المضاعفة
C. SNP
D. A+B",D,C
2018,"توجد في الخلايا المشتقة من الخلايا الميزانشيمية:

الاختيارات:
A. خيوط الديسمين
B. خيوط الفيمنتين
C. خيوط الأكتين
D. الخيوط العصبية",C,B
2019,"إذا حدث تأشيب في 80 انقسام فإن عدد الصبغيات المأشوبة:

الاختيارات:
A. 320
B. 240
C. 480
D. 160",A,A
2020,"تتلف الخبوط المتوسطة الداخلة في تركيب الصفيحة النووية من

الاختيارات:
A. بروتينات اللامين.
B. بروتينات الكيراتين.
C. بروتينك الدسمين.
D. بروتينات الفيميتين.",A,A
2021,"الانقلاب الحاوي على القسيم المركزي:

الاختيارات:
A. يؤدي الى ضياع الصبغي.
B. يؤدي الى تشوه الصبغي.
C. قد ال يبدي أعراض سريرية.
D. قد يسبب ضياع المادة الوراثية.",A,A
2022,"من صفات السيللوز عدا

الاختيارات:
A. ينحل بصعوبة بالماء
B. سكر بنيوي
C. لا يتأثر بالأنزيمات في جهاز هضم الإنسان
D. يتشكل من وحدات من الغلوكوز",C,B
2023,"الصفيحة النووية

الاختيارات:
A. تتوضع فوق الغشاء النووي الداخلي
B. تتوضع فوق الغشاء النووي الخارجي
C. تتوضع تحت الغشاء النووي الداخلي
D. تتوضع تحت الغشاء النووي الخارجي",B,C
2024,"يبلغ عدد الجينات في كل مناطق تحت القسيم الطرفي في الصبغيات كلها:

الاختيارات:
A. 171 جين علي الأقل
B. 263 جين علي الأقل
C. 500 جين علي الأقل
D. 300 جين علي الأقل",C,A
2025,"تكوين متعضية تشبه الأبوين من بيضة مخصبة يتم ب

الاختيارات:
A. التنامي الجنيني
B. حادثة النمو فقط
C. النضج الجنسي أولاً
D. لا شيء مما سبق",A,A
2026,"كل ما يلي صحيح لكشف وجود الطفرات عن طريق تحليل منحنى الانصهار ما عدا:

الاختيارات:
A. تعطي الصبغات المفلورة فلورة فقط عند ارتباطها بنواتج الـPCR ثنائية الطاق
B. نعرضّ نواتج الـPCR إلى درجات حرارة متزايدة للكشف اللحظي عن انفضال طاقي الدنا وتحوله إلى أحادي الطاق فتنخفض شدة الفلورة بشدة
C. تعرف نقطة الانصهار بدرجة الحرارة التي تكون عندها جزيئة الدنا كلها أحادية الطاق
D. يمكن بواسطة هذه التقنية الكشف عن وجود الطفرة والتمييز بين النمطين المتماثل أو المتخالف للأليل الطافر",C,D
2027,"في الانتشار المنفعل عبر الثقوب النووية

الاختيارات:
A. القنوات المائية مفتوحة بشكل دائم
B. تنتشر عبرها المواد المنحلة بالماء بحجم < 60 كيلودالتون
C. تنتشر بحرية وبدون انتقائية بالاتجاهين
D. كل ما سبق صحيح",D,D
2028,"في نهاية الانقسام المنصف وبسبب حادثة العبور ينتج عن كل زوج من الصبغيات المضاعفة

الاختيارات:
A. أربعة صبغيات مأشوبة .
B. أربعة صبغيات غير مأشوية .
C. ع ثلاثة صبغيات مأشوبة وصبغي غير مأشوب .
D. صبغيان مأشوبان وصبغيان غير مأشوبان تتوزع بشكل مستقل على الأعراس الأربعة",D,D
2029,"ينتج عن حلمهة اللاكتوز

الاختيارات:
A. جزيء، غلوكوز وجزيء غالاكتوز .
B. جزيء غلوكوز وجزيء فروكتوز .
C. جزيئتي علوكوز.
D. جزيئتي غالاكتوز .",A,A
2030,"الفرد 1-I هو:

الاختيارات:
A. سليم متماثل ألالائل.
B. مصاب متخالف ألالائل.
C. متخالف ألالائل.
D. متماثل ألالائل.",B,C
2031,"ان تفاعلات التركيب الضوئي من امتصاص الضوء الى اصطناع ATP تتحضر عبر:

الاختيارات:
A. بروتينات تقع في الغشاء الثالاكوئيدي.
B. بروتينات فى السدى .
C. بروتينات تقع في سيتوبلازما الخلية النباتية .
D. A+B.",D,C
2032,"أفضل طريقة للمقارنة بين التعبير الجيني لمجموعتين من الخلايا

الاختيارات:
A. سلسلة الدنا.
B. التهجين في الموضع.
C. الدنا.
D. المصفوفات الصغرية.",A,D
2033,"من اهم ما يميز الجينات الورمية:

الاختيارات:
A. طفراتها من النمط السائد.
B. تكون دائما متماثلة ألالائل.
C. مثبطة لتكاثر الخلايا.
D. تحرض على الاستموات.",A,A
2034,"يقوم إنزيم الاقتطاع EcoRl بشطر تسلسل الدنا في موقع التعرف GAATC بين النيكليوتيدين:

الاختيارات:
A. الأدنين والتيامين
B. التيامين والسيتوزين
C. الأدينين والأدينين
D. الأدينين والغوانين",D,A
2035,"في الوراثة الجنسية المناحية يظهر الاحلال الوراثي:

الاختيارات:
A. على الذكور فقط من الأبناء
B. على الإناث فقط من الأبناء
C. على الذكور والإناث من الأبناء
D. لا يظهر مطلقا على الابناء بسبب *",A,C
2036,"يرمز للانقلاب وفق النظام العالمي :ISCN

الاختيارات:
A. del
B. dup
C. inv
D. t",C,A
2037,"يعتمد معامل تثفيل العضيات الخلوية (الخاطئة):

الاختيارات:
A. حجم العضيات.
B. عدد العضيات.
C. شكل العضيات.
D. كثافة العضيات .",D,D
2038,"المجهر الذي يدرس السطح الطبوغرافي

الاختيارات:
A. مجهر القوة الذرية .
B. مجهر المستقطب .
C. مجهر متحد البؤر .
D. مجهر الإلكتروني .",A,A
2039,"في عملية الانتساخ كل ما يلي صحيح ماعدا:

الاختيارات:
A. يتم لطاق واحد وهو القالب
B. يتم في الاتجاه من `3 إلي `5 في الطاق القالب
C. يجب تمييز المحضض أولآ
D. الطاق القالب يكون متمم للرنا المنتسخ",B,C
2040,"لها دور في الحفظ على القسيم الطرفي للصبغيات:

الاختيارات:
A. ß-satellite DNA
B. satellite DNA
C. Macrosatellite DNA
D. Minisatellite DNA",B,D
2041,"تتألف الجينات من

الاختيارات:
A. الوحدة المنتسخة
B. الوحدة المنتظمة
C. المنتسخة هي قطعة DNA التي تنتسخ ل RNA
D. كل ما سبق صح",D,D
2042,"تظهر الخلايا الهدفية في:

الاختيارات:
A. مرض التلاسيميا بيتا.
B. الهيموفيليا او الناعور.
C. مرض الفوال.
D. ابيضاض الدم النقوي.",B,A
2043,"organic campounds

الاختيارات:
A. الحاوية على الكربون
B. الحاوية على نيتروجين
C. الحاوية على أيونات
D. الحاوية على روابط تساندية",A,A
2044,"الصحيح عن داء فيردنغ –هوفمان كل ما يلي ماعدا :

الاختيارات:
A. فقد لخلايا القرن الأمامي
B. اختلال في مستوى الكرياتين كيناز في المصل
C. سببه طفرات خصوصاً خبن في الجين SMA
D. تواتر الإصابة به واحد في كل 10 آلاف",C,D
2045,"ينقص السيولة

الاختيارات:
A. لا علاقة له بالسيولة
B. كل ما سبق خطأ
C. بروتينات الغشاء الخلوي
D. لا علاقة لها بوظيفة الخلية",C,C
2046,"يتضمن الاستنصاح الوراثي كل ما يلي ماعدا :

الاختيارات:
A. المعالجة الجنينية
B. تقدير درجة خطورة نقل المرض إلى الذرية
C. إعطاء فكرة عن النمط الوراثي لكل فرد من العائلة
D. تحديد نمط التوريث وخط الانتقال",C,D
2047,"قدرة الكائن الحي على صون شروطه الداخلية

الاختيارات:
A. Order
B. Homeostasis
C. Adaptation
D. Evolution",B,B
2048,"بنى سيتويلازمية مغلفة بغشاء واحد على الأقل

الاختيارات:
A. الريبوزومات
B. العضبيات
C. الهيكل الخلوي
D. الجسيمات الحالة للبروتينات",C,B
2049,"تسلسل من الدنا يتكرر لعدد متباين من المرات بين الأفراد المختلفين:

الاختيارات:
A. DNP
B. GWAS
C. SNP
D. CNVS",D,C
2050,"تضحية الخلية بنفسها وموتها تلقائيا

الاختيارات:
A. Apoptosis
B. Differentation
C. Order
D. Evolution",A,A
2051,"يمكن الكشف عن طفرات الإقحام أو الخبن عن طريق:

الاختيارات:
A. الآغاروز
B. البولي أكريك أميد
C. A + B
D. ليس أياً مما سبق",C,D
2052,"في حالة تثلث الصبغي 19 جزئي تكون صيغة الزيجوت الحاملة:

الاختيارات:
A. [7,7/19,19]
B. [7,7/19,der(19)]
C. [7,der(7)/19,19]
D. [7,der(7)/19,der(19)]",D,D
2053,"يتضاعف الجسيم المركز :

الاختيارات:
A. الطور G1.
B. الطور S.
C. الطور G2.
D. الطور M.",B,A
2054,"في عملية الانتساخ لدى حقيقيات النوى:

الاختيارات:
A. يحدث الانتساخ لكال طاقي الدنا.
B. الرنا الناتج بترجم مباشرة.
C. الرنا الناتج أولي يحتاج إلى معالجة.
D. يصطنع الرنا في الاتجاه '3 إلى '5 .",C,C
2055,"كل مما يلي صحيح عن عمليات إصلاح الدنا ماعدا:

الاختيارات:
A. اكتشاف الأذية في جزيئة الدنا
B. يقوم إنزيم النوكلياز بقص الدنا المتأذي في نقطتين وإزالة الشدفة المتأذية
C. يملأ إنزيم بوليميراز الدنا الأول بالنكليوتيدات مكان التي تمت إزالتها
D. يربط الليغاز بين نهايات النكليوتيدات مشكلآ روابط فوسفودي استر بينها",D,C
2056,"تتواسط الارتباطات في التأثرات المتجانسة:

الاختيارات:
A. بروتينات عابرة للغشاء.
B. بروتينات متطابقة بنيوياً.
C. بروتينات مختلفة في التركيب الكيمائي.
D. السير وبروزيدات.",B,B
2057,"يشير مصطلح nucleotides Mismatchedإلى:

الاختيارات:
A. تقابل السيتوزين مع الغوانين.
B. تقابل الأذينين مع الثيمين.
C. تقابل الغوانين مع السيتوزين.
D. تقابل السيتوزين مع الثيمين.",D,D
2058,"تتميز شجرة النسب الحاوية على حالة وراثة متعلقة بالمتقدرات والوالدين فيها مصابين:

الاختيارات:
A. الذكور دون الإناث مصابين.
B. الإناث دون الذكور مصابات.
C. الأولاد كلهم مصابون.
D. الأولاد كلهم سليمون.",B,C
2059,"كل ما يلي من التبدلات الصبغية البنيوية عدا:

الاختيارات:
A. الخبن.
B. الازفاء.
C. التضاعف.
D. زيادة الصبغي.",C,D
2060,"تتكدس النكليوزومات بعضها فوق بعض لتشكل ليف الكروماتين بمساعدة:

الاختيارات:
A. H2A
B. H2B
C. H1
D. H3",C,B
2061,"كل ما يلي يعد من الأمثلة عن الحركة الدوائية ماعدا :

الاختيارات:
A. الاستقلاب
B. فرط الحرارة الخبيث
C. الامتصاص
D. الإطراح",B,B
2062,"من الأمراض التي يجب استبعادها عند تشخيص التوحد :

الاختيارات:
A. التصلب الحدبي
B. متلازمة الصبغي X الهش
C. متلازمة ليش–نيهان
D. A+B",D,C
2063,"العلم الذي يدرس الحياة بكل تفاصيلها:

الاختيارات:
A. Microbiology .
B. Cell biology .
C. Neurobiology .
D. Virology .",B,C
2064,"كل ما يلي من الأخطاء والعثرات التي تعترض عمل الاستنصاح الوراثي ماعدا :

الاختيارات:
A. عدم وجود تشخيص دقيق للمستلفت {الشخص المصاب}
B. عدم النفاذ
C. مرض موصوف سابقاً
D. التزيق القندي",D,D
2065,"يرتبط الحمض الأميني في tRNA مع :

الاختيارات:
A. النهاية الفوسفاتية لـ tRNA.
B. النهاية الكربوكسيلية لـ .tRNA
C. النهاية الهيدروكسيلية لـ tRNA.
D. الرامز المعاكس لـ tRNA.",D,C
2066,"كل ما يلي صحيح عن العنصر الانتقالي SINES ما عدا:

الاختيارات:
A. لا يرمّز أي بروتين
B. يمكنه الانتقال وحده
C. تنتشر ضمن مناطق الكروماتين الحقيقي
D. يحوي عائلات عدة منها عائلة N4 وعائلة MIR",A,C
2067,"البروتينات التي تهضم في الجسيمات المفككة للبروتين عدا

الاختيارات:
A. البروتين ذو فترة الحياة القصيرة جدا
B. البروتينات الطافرة
C. البروتينات الفيروسية
D. بروتينات الجملة الغشائية الداخلية",B,D
2068,"تختلف الأحماض الأمينية عن بعضها ب

الاختيارات:
A. المجموعة الأمينية
B. المجموعة الكربوكسيلية
C. الجذر R المتغاير
D. لا شيء مما سبق",C,B
2069,"طرق انتقال المسار التمايزي للخلايا البنات

الاختيارات:
A. العروة إيجابية التلقيم الراجع
B. تكاثف الكروماتين
C. تمثيل الدنا
D. ما سبق صحيح",D,D
2070,"في شجرة الوراثة مربع صفير مملوء فهو يشير إلي:

الاختيارات:
A. طفل مصاب مات في مرحلة مبكرة
B. طفلة مصابة ماتت في مرحلة مبكرة
C. طفل مصاب
D. طفلة مصابة",C,C
2071,"الحويصلات المغطاة ببروتينات COP 2 مسؤولة عن

الاختيارات:
A. نقل مواد الانتقام من الغشاء الخلوي الى السيتوبلاسما .
B. النقل المباشر للمواد الإفرازية حتى خارج الخلية .
C. النقل التقدمي والتراجعي للمواد بين كييسات جهاز غولجي.
D. النقل التقدمي للمواد بين الشبكة السيتوبلاسمية الداخلية ومدخل جهاز غولجي .",D,D
2072,"يغيب الكولاجين الليفي 1 عن تركيب

الاختيارات:
A. الكريات البيض .
B. قرنية العين .
C. الجلد .
D. العظام.",C,A
2073,"كل ما يلي صحيح عن الانترونات ما عدا:

الاختيارات:
A. وظيفتها مازالت غير محددة بدقة .
B. تتاليات غير مرمز.
C. لها دور محتمل في تنظيم التعبير الجيني للجينات التي تحتويها.
D. تشكل %50 من الرنا المرسال الناضج.",D,D
2074,"الكروماتين هو

الاختيارات:
A. معقد مكون من دنا - بروتين .
B. معقد مكون من دنا – رنا .
C. معقد مكون من الزيمات تضاعف الدنا والرنا.
D. كل ما سبق خطأ .",A,C
2075,"خلية فائقة التمايز

الاختيارات:
A. خلايا الدم .
B. الخلايا العصبية .
C. خلايا الدبق .
D. الخلايا الجذعية الجنينية ESCS .",D,A
2076,"يبلغ طول الشدف المتكررة لأكثر من مرة :(CNVS)

الاختيارات:
A. 100 نيكليوتيد
B. 1000 نيكليوتيد
C. 10000 نيكليوتيد
D. 100000 نيكليوتيد",B,D
2077,"يتميز الشكل الوراثي للسرطان بجميع ما يلي:

الاختيارات:
A. وجود قصة عائلية.
B. اختطار الرجعة مرتفع عند الأقارب.
C. الظهور المبكر وتعدد الأورام الأولية.
D. يتبع الوراثة المندلية.",C,D
2078,"من خواص الغليكوجين ما عدا

الاختيارات:
A. يتوضع بشكل رئيسي في الكبد والعضلات
B. متبلور
C. يحتوي على ما يقارب 10000 وحدة غلوكوز
D. سكر ادخاري",A,D
2079,"تحتاج رابطة الفوسفور ثنائية الأستر كي تتشكل إلى الهيدروكسيل الموجود على ذرة الكربون:

الاختيارات:
A. 1'
B. 2'
C. 3'
D. 4'",B,C
2080,"يهدف تفاعل البوليميراز التسلسلي اللحظي والكمي الى:

الاختيارات:
A. حري وجود الطفرات في نسخ الدنا.
B. قياس العدد البدئي لنسخ الدنا في العينة.
C. تضخيم شدفة من الدنا لعدد كبير من المرات.
D. معرفة تسلسل النوكليوتيدات في شدفة من الدنا.",B,B
2081,"ينتمي نبات الذرة إلى صف:

الاختيارات:
A. النباتات المزهرة .
B. الكوميلينات .
C. أحاديات الفلقة .
D. الذرة .",C,A
2082,"دور الاستموات

الاختيارات:
A. تشكل العديد من النسج
B. المحافظة على حجم الأعضاء
C. كل ما سبق صح
D. كل ما سبق خطأ",C,C
2083,"تحدث التلاسيميا بيتا نتيجة:

الاختيارات:
A. خلة جسدية سائدة.
B. خلة جسدية متنحية.
C. خلة مكتسبة سائدة.
D. خلة مكتسبة متنحية.",A,B
2084,"تصنف البيئة الكابتونية ضمن الأمراض:

الاختيارات:
A. الوراثية
B. خطأ الاستقلاب الخلقي
C. الآفات الجلدية
D. كل ما سبق خطأ",B,D
2085,"في مشغل التيربتوفان وجود التربتوفان يؤدي ل

الاختيارات:
A. تثبيط انتساخ الجينات
B. يحفز انتساخ الجينات
C. يشكل معزاز للانتساخ
D. كلها خاطئة",B,A
2086,"مخازن الطاقة طويلة الأمد long term:

الاختيارات:
A. تمثل في الطاقة المختزنة في الرابطة التساهمية CC .
B. لا تتحرر إلا نتيجة تفاعلات استقلابية معقدة .
C. تستخلص منها الطاقة وتتحول الى ATP .
D. كل ماسبق صحيح .",D,A
2087,"تتألف SnRNP من:

الاختيارات:
A. بروتين و SnRNA .
B. برويتن و mRNA .
C. بروتينات .
D. كل ماسبق خطأ .",A,D
2088,"البيولوجيا الجزيئية:

الاختيارات:
A. بغية معرفة الآلية التي تسبب فيها التغيرات في هذه الجزيئات الكبيرة تعطيلا للعمليات الحيوية
B. تهدف إلي فهم آليات العمليات الحيوية ضمن الخلية علي المستوي الجزيئي
C. تقاطع لعلوم الوراثة والكيمياء الحيوية
D. كل ما سبق صحيح",D,D
2089,"في الاضطراب الطبيعي الجسدي السائد :

الاختيارات:
A. يصاب الذكور فقط
B. يصاب الإناث فقط
C. لدى أي طفل من والد مصاب اختطار %50 لوراثة الاضطراب
D. يصاب الذكور والإناث بنسب متساوية",C,D
2090,"اختر الإجابة الخاطئة:

الاختيارات:
A. الجينات هي تسلسل من أزواج النوكليوتيدات
B. الموقع الجيني الواحد يملك أليلآ واحدآ
C. ترمز النوكليوتيدات المعلومات الخاصة بمنح الجين الذي هو بروتين في معظم الحالات
D. تعطي الجينات البشرية رموزآ من أحرف كبيرة مائلة بحسب ال LSGN :",B,B
2091,"تتم عملية التضفير البديل alternative splicing للرنا المرسال البدئى بواسطة :

الاختيارات:
A. Spliceosome .
B. الريبوزومات .
C. RNA pol-3 .
D. RNA pol-1 .",A,D
2092,"كل ما يلي صحيح عن الديجوكسين ماعدا :

الاختيارات:
A. هو دواء مقوي لوظيفة العضلة القلبية
B. مجاله العلاجي ضيق
C. إنّ وجود SNP في بروتين MDR1 يؤدي إلى ارتفاع مستويات الديجوكسين بشدة في مصل المرضى
D. يتم طرده وإعادته إلى لمعة الأمعاء ومنع امتصاصه إلى الدم لدى المرضى متماثلي الزيجوت للأليل الحاوي على SNP",D,A
2093,"النمط الأقل شهرة للتواصل الخلوي:

الاختيارات:
A. الهرمونات
B. السائل بين الخلوي
C. الدم
D. السيالة العصبية",C,B
2094,"الخطأ حول الوراثة المتقدرية:

الاختيارات:
A. الأم المصابة تنقل الإصابة لجميع أبنائها.
B. الأب المصاب ينقل الحالة الى نصف أبنائه.
C. لأفراد العائلة الوحدة المصابون أنماطاً ظاهرية متنوعة.
D. من أمثلتها وراثة اعتلال العصب البصري لليبر.",A,B
2095,"تساعد حلقة الأكتين المتقلصة على:

الاختيارات:
A. انقسام السيتوبلازما
B. انقسام النواة
C. انقسام العضيات
D. لا شيء مما سبق",A,B
2096,"تشابه بين منحني الانصهار و PCR اللحظي والكمي:

الاختيارات:
A. نستخدم المواد المشعة.
B. وجود مواد ُمتفلورة ترتبط بطاق الدنا المضاعف.
C. يستخدمان بوليميراز الدنا المستخرج من بعض أنواع العتائق.
D. استخدام مشارع من الرنا.",C,A
2097,"مركبان يحدثان استجابة جينية وتعبير جيني

الاختيارات:
A. التستيسترون والهيموغلوبين
B. الاستروجين والانسولين
C. النيكوتين والتستيسترون
D. البروجسترون والدهون",B,B
2098,"الهيستونات

الاختيارات:
A. مسؤولة عن المستوى الأول من رزم ال DNA
B. احماضها الأمينية أغلبها موجبة
C. تساهم بتكوين الجسيمات النووية
D. كل ما سبق صح",D,D
2099,"العصارة الخلوية محمية من تأثير أنزيمات الجسيم الحال بسبب

الاختيارات:
A. غلاف الجسيم الحال
B. الجسيم الحال PH
C. طبيعة عضيات العصارة
D. A+b",C,D
2100,"الصبغي الدائري في المتقدرات حجمه هو

الاختيارات:
A. 17 نكليوتيد .
B. 16 الف نكليوتيد .
C. 17 الف نكليوتيد .
D. 16 نكليوتيد .",D,C
2101,"يدل المعين في شجرة النسب علي:

الاختيارات:
A. الفرد مات في مرحلة مبكرة
B. جنس الفرد غير محدد
C. توءمي الزيجوت الواحدة
D. الفرد الذي بدأت عنده الدراسة",D,A
2102,"تمتاز الوحيدة الكبرى للجسيمات الريبية بـ) الخاطئة: (

الاختيارات:
A. معامل تسدم ٦٥s .
B. وجود موقع واحد لارتباط mRNa.
C. وجود ثلاث مواقع لارتباط tRNA .
D. احتوائها على انماط متعددة من rRNA والبروتينات .",D,A
2103,"يحتوي Genome E.Coli على ...... جينات مسؤولة عن الاصطناع الحيوي للحمض الأميني التربتوفان:

الاختيارات:
A. 3
B. 4
C. 5
D. 6",B,D
2104,"يسمى البروتين المرتبط مع القسيم الطرفي بـ:

الاختيارات:
A. Telomer
B. Subtelomer
C. Primosome
D. كل ما سبق خطأ",A,D
2105,"حويصلات كوب ٢ مسؤولة عن:

الاختيارات:
A. النقل المنظم والاساسي للمواد اثناء الايماس .
B. النقل التقدمى من الشبكة البلازمية الى مدخل غولجي فقط .
C. A+B .
D. مسؤولة عن النقل التراجعى .",C,B
2106,"يحوي المدار الخارجي لذرة الكربون على

الاختيارات:
A. 6 الكترونات
B. 4 الكترونات
C. 2الكترونات
D. 8الكترونات",B,B
2107,"صحيح ما عدا Signal sequences

الاختيارات:
A. تسلسلات أحماض أمينية
B. حمض أميني 10 - 20
C. تدل البروتينات المصنعة على أماكن ارسالها
D. تكون مفردة دائما",C,D
2108,"بروتينات غير منحلة بالماء ولا في المحاليل الممددة

الاختيارات:
A. البروتينات الكروية .
B. البروتينات الليفية .
C. الالبومين .
D. البروتامينات.",B,B
2109,"دواء مضاد للتخثر :

الاختيارات:
A. imantinib
B. warfarin
C. sinavastatin
D. Bucindolol",B,C
2110,"اجتماع عدة أجهزة عضوية مختلفة ومتمايزة

الاختيارات:
A. Tissue
B. Organ
C. Organ system
D. اجتماع عدة نسج",B,D
2111,"من أهم تطبيقات استقطاب الرابطة بين الأكسجين والهيدروجين في الماء هي

الاختيارات:
A. تشكيل الرابطة الهيدروجينية .
B. تشكيل الرابطة التساهمية .
C. الأيونات الموجبة .
D. الأيونات السالبة .",A,C
2112,"يوجد الايلاستين في ما يلي ما عدا

الاختيارات:
A. الجلد.
B. الأشعار .
C. الأوعية الدموية .
D. الأسناخ الرئوية .",B,B
2113,"اكسدة الاحماض الدسمة في الجسيمات المؤكسدة يعطي:

الاختيارات:
A. كمية كبيرة من الطاقة .
B. كمية قليلة من الطاقة .
C. ماء CO2+ .
D. لا شيء مما سبق .",A,B
2114,"ينجم عن طفرة في جين P53 :

الاختيارات:
A. سرطان الرئة
B. الورم الأرومي الشبكي
C. سرطان القولون
D. الورم الأرومي العصبي",C,D
2115,"من صفات عديدات السكاكر ما عدا

الاختيارات:
A. لا رائحة لها
B. تذوب بالماء
C. ليس لها قدرة الارجاع
D. بنيوية أو ادخارية",C,A
2116,"يضم التشخيص الجزيئي الذي قد يسهم في تحليل المرض:

الاختيارات:
A. النمط النووي
B. الوسائل المتعددة لكشف الطفرات
C. التطبيقات المختلفة لتضخيم الدنا
D. كل ما سبق صحيح",D,B
2117,"تتركز بكثافة في محيط الخلية

الاختيارات:
A. Micro tubules
B. Micro filaments
C. Intermediate filaments
D. Macro tubules",A,B
2118,"إذا كان انتشار مرض التالاسيميا في مجتمع (0000)، يكون معدل الحاملين في ذلك المجتمع:

الاختيارات:
A. 1000M
B. 2000M
C. 50M
D. 500M",C,C
2119,"تجري عملية photo synthesis في

الاختيارات:
A. المتقدرات
B. الصائعات الخضراء
C. الريبوزومات
D. النواة",B,B
2120,"تستخدم طريقة تحليل الدنا لعينات الجنين لتشخيص قبل الولادة اضطرابات:

الاختيارات:
A. التليف الكييسي Cystic filbrosis
B. متلازمة الصبغي X الهش
C. الحثل العضلي لدوشين
D. كل ما سبق صحيح",D,D
2121,"كل ما يلي صحيح عن آليات حدوث الشذوذات الصبغية البنيوية ما عدا:

الاختيارات:
A. أثناء عملية التعابر
B. تعرّض لمكسرات للدنا
C. إعادة ترتيب غير طبيعي للجينات
D. تعابر متساوي",D,B
2122,"ترتيب التصنيف

الاختيارات:
A. نوع - جنس - عائلة - رتبة- صف-شعبة - مملكة
B. جنس - نوع - عائلة- صف - رتبة - شعبة - مملكة
C. نوع – جنس – صف – رتبه – عائلة – شعبة – مملكة
D. عائلة – نوع – جنس – رتبة – صف – شعبة – مملكة",A,A
2123,"ترسبات سكرية ودسمة واصبغة

الاختيارات:
A. Cytosol
B. Cell membrane
C. Cytoskeleton
D. Inclusions",D,D
2124,"الصفيحة النووية هي

الاختيارات:
A. طبقة قاعدية تتوضع عليها النواة .
B. شبكة من البروتينات تتصل مع الغشاء الخارجي للنواة .
C. شبكة من البروتينات الليفية تدعم الغلاف النووي من الداخل .
D. بنية تشكل مخزناً الإبونات الكالسيوم.",C,C
2125,"يرتبط TFID ب

الاختيارات:
A. المحضض
B. المعزز
C. المسكتات
D. كل ما سبق صح",B,A
2126,"يوجد على سطحه جسيمات ريبية

الاختيارات:
A. الشبكة البلاسمية الداخلية الملساء .
B. جهاز غولجي .
C. الغشاء الخارجي للغلاف النووي .
D. الغشاء الداخلي للغلاف النووي.",B,C
2127,"الغشاء الداخلي للمتقدرات:

الاختيارات:
A. غير نفوذ للايونات والجزيئات .
B. نفوذ للايونات والجزيئات .
C. لا يحوي بروتينات غشائية بسبب نفوذيته .
D. B+C.",A,A
2128,"ينتج عن أكسدة كل جزيء : NADH

الاختيارات:
A. 53.5 حريرة .
B. 52.6 حريرة .
C. 52.6 كيلو حريرة .
D. 53.5 كيلو حريرة .",D,B
2129,"في الخلية النشيطة اختر الإجابة الخاطئة

الاختيارات:
A. نسبة حجم النواة الى حجم السيتوبلازما كبيرة
B. حجم الخلية يكون كبير بالنسبة لسطحها
C. نسبة السطح الى الحجم تكون كبيرة
D. سطح تبادل الخلية يكون كبيرا بالنسبة لحجمها",C,B
2130,"تحمل بداية السلسلة الببتيدية مجموعة :

الاختيارات:
A. أمين
B. متيل
C. هيدروكسيل
D. كربوكسيل",D,B
2131,"كل ما يلي صحيح عن العنصر الانتقالي 1 Line ما عدا:

الاختيارات:
A. قادرة على الانتقال كونها ترمزّ إنزيمات تمتلك فعالية النوكلياز الداخلية
B. قادرة على الانتقال كونها ترمزّ إنزيمات تمتلك فعالية المنتسخة العكسية
C. تتوضع بشكل رئيسي في مناطق الكروماتين المغاير
D. تؤدي دور في تشكيل الجينات الكاذبة",C,B
2132,"تتركز بكثرة في الوريقة الخارجية

الاختيارات:
A. لتوضعها دور في تعرف خلايا الجملة المناعية على خلايا الجسم نفسه
B. السكاكر المرتبطة بالشحوم تكون عديدة
C. كل ما يلي صحيح حول السيفينغوليبيدات عدا
D. أبسط أنواعها هي مادة السيراميد",A,B
2133,"كل ما يلي صحيح عن القسيم المركزي ماعدا:

الاختيارات:
A. يرتبط مع مغزل الانقسام عبر الحيز الحركي.
B. يتكون من تكرارات لنسخ الدنا تسمى satellite DNA –a.
C. ترتبط فيه بروتينات CENP بشكل نوعي على a-satellite.
D. يكون مسؤول عن تشكيل مغزل الانقسام.",D,D
2134,"عند انخفاض نسبة الكوليسترول في الغشاء الخلوي

الاختيارات:
A. تزداد سماكة الغشاء .
B. تقل سماكة الغشاء .
C. تزداد مرونة الغشاء.
D. تقل مرونة الغشاء .",B,C
2135,"كل ما يلي صحيح عن جفاف الجلد الصباغي ماعدا :

الاختيارات:
A. نتيجة مطفرات بيئية
B. اضطراب متنحي جسمي نادر
C. اختلال إصلاح استئصال مثنوية أدنين
D. يحدث فيه سرطان جلد",D,A
2136,"ينشأ مركب اللاكتوز من شطر اللاكتوز بانظيم:

الاختيارات:
A. ادنيل سكلاز.
B. ترانس اميناز.
C. بيتا غلاكتوزيداز.
D. بريماز.",C,C
2137,"أطول أطوار الدورة الخلوية:

الاختيارات:
A. G1
B. G2
C. S
D. M",A,B
2138,"التفارز المستقل :

الاختيارات:
A. يحصل عند عدم وجود عبور
B. هو توزع الأعراس بشكل عشوائي عن الألائل
C. يحصل عندما تتوضع جينتان علي صبغيين مختلفين
D. كل ما سبق صحيح",D,A
2139,"يفيد ارتباط جزينات الالتصاق الخلوي بالهيكل الخلوي فيما يلي عدا:

الاختيارات:
A. ثباتية الالتصاق
B. تنبيغ الإشارة
C. زيادة مرونة الغشاء السيتوبلازمي
D. a+b",D,C
2140,"عندما تكون جمهرة (population) في توازن جيني حسب هاردي-واينبرغ، هذا يعني أنها تحقق الشروط التالية: واحد خطأ

الاختيارات:
A. التزاوج بين أفرادها عشوائي
B. معدل الطفرات فيها ضمن الحدود الطبيعية
C. لا توجد عوامل خارجية تؤثر على نمط جيني معين
D. أفراد متجانسين وراثيًا",D,A
2141,"يعرف المعقد الناتج عن اجتماع كل من البروتين الملتم والسيتوكروم C و الكاسبيز المنشط باسم

الاختيارات:
A. طلائع الكاسبيز .
B. الكاسبيز المنشط.
C. جسيم الموت Apoptosome .
D. المستقبل الخولي الداخلي .",C,C
2142,"المستقبلات النيكوتينية للاستيل كولين ما عدا:

الاختيارات:
A. تتركز في الخلايا العصبية
B. لها شكل وريدة ثلاثية
C. الوحيدة ألفا رئيسية لارتباط الاستيل كولين إليها
D. تتركز في الخلايا العضلية",C,B
2143,"الرامز AGG في الدنا المتقدري:

الاختيارات:
A. يرمز الحمض الأميني الأرجينين
B. رامز توقف
C. يرمزّ الحمض الأميني الليزين
D. رامز بدء",D,D
2144,"يحدث اصطناع عوامل الانتساخ:

الاختيارات:
A. داخل النواة
B. خارج النواة
C. خارج الخلية
D. ليس أياً مما سبق",A,B
2145,"تحوي الشحوم طاقة نافعة:

الاختيارات:
A. أكثر من السكاكر.
B. اقل من السكاكر.
C. أكثر من البروتينات .
D. C+A.",A,D
2146,"يتحد الغشاءان النوويان الداخلي والخارجي عند

الاختيارات:
A. معقدات الثقوب النووية
B. بأماكن عشوائية
C. كل ما سبق صحيح
D. كل ما سبق غاط",A,A
2147,"عدد القواعد الآزوتية اللازمة لإنتاج بروتين الأنسولين المكوّن من 51 حمض أمين إنتاج كامل ثم

الاختيارات:
A. 51
B. 54
C. 156
D. 153",C,D
2148,"الجهاز العصبي في الحيوان والغصن في النبات مثال على:

الاختيارات:
A. Organ system .
B. Organism.
C. Organ.
D. Population.",A,B
2149,"يعتمد تفاعل السلسلة على استخدام منهيات التفاعل المؤلفة من:

الاختيارات:
A. ريبوز منقوص الأوكسجين يحتوي على زمرة هيدروكسيل في الموقع 3’
B. ريبوز يحتوي زمرة هيدروكسيل في الموقعين 2’ و 3’
C. ريبوز منقوص الأوكسجين لا يحتوي على زمرة هيدروكسيل في الموقع 3’
D. ريبوز لا يحتوي زمرة هيدروكسيل في الموقعين 3’ و 2’",C,C
2150,"ترسبات صباغية تحوي بروتين الفيرتين

الاختيارات:
A. قطيرات دسمة
B. حبيبات غليكوجين
C. ترسبات صباغية
D. حبيبات هيمرسيدرين",D,D
2151,"تبدأ الصبغيات بفك التفافها لتعود وتأخذ البنية الكروماتينية الليفية عندما:

الاختيارات:
A. تدخل الخلية طور الانقسام .
B. تخرج الخلية من طور الانقسام .
C. تدخل الخلية الطور التالي من الانقسام .
D. في نهاية الطور التالى من الانقسام .",B,B
2152,"كل ما يلي صحيح عن الطفرة السائدة السلبية ما عدا:

الاختيارات:
A. استبدال نكليوتيد بآخر.
B. تصيب أحد الاليلين.
C. المنتج البروتيني يرتبط مع المنتج الطبيعي وينقص فعاليته.
D. قد يدخل المنتج البروتيني الطافر في ارتباطات مع بروتينات أخرى وينقص فعاليتها.",B,A
2153,"يورث اعتلال NARP عن طريق:

الاختيارات:
A. الجسدية السائدة
B. الوراثة المرتبطة بالجنس المتنحية
C. المتقدرات
D. كل ما سبق خطأ",B,C
2154,"كل ما يلي يشكل 99% من كتلة ذرات جسم الانسان

الاختيارات:
A. H
B. C
C. N
D. P",A,D
2155,"توجد انزيمات حلقة كريبس في الجسيمات الكوندرية، وتحديداً في

الاختيارات:
A. الغشاء الخارجي .
B. الغشاء الداخلي .
C. الحجرة الخارجية.
D. الحجرة الداخلية (المطرس).",D,D
2156,"في شجرة النسب يتم إغفال أحد الزوجين من أجل:

الاختيارات:
A. تقليل المساحة لدي الرسم
B. للدلالة علي أن أحدهما مريض
C. عدم مساهمته البيولوجية
D. A و C",D,B
2157,"أفضل طور لتمييز وتلون الصبغيات هو:

الاختيارات:
A. الصعود.
B. التالي.
C. الهجرة.
D. التضاعف.",B,B
2158,"السكر الخماسي في جزيئه الATP

الاختيارات:
A. غوانين
B. سيتوزين
C. ريبوز
D. ريبوز منقوص الأكسجين",C,B
2159,"اول عنصر من عناصر الدراسة العلمية المنهجية :

الاختيارات:
A. الفرضية .
B. الملاحظة .
C. المناقشة والاستنتاج .
D. الاختبار والنتائج .",B,D
2160,"يستخدم بزل السلي Amniocentesisل:

الاختيارات:
A. كشف الشذوذات الصبغية مثل متلازمة تثلث الصبغي 21
B. من أجل الاستقصاءات الصبغية والتي تعد عملا روتينيا من ممارسة رعاية الأمومة أثناء الحمل
C. الكشف عن تغيرات كيميائية حيوية عن مسار أمراض أخطاء الإستقلاب الوراثية
D. كل ما سبق صحيح",D,D
2161,"تشير النجمة بعد رمز الجين إلي :

الاختيارات:
A. وجود أليل ما للجين
B. لترميز الجينات
C. لتحديد موقع الجينات
D. وجود أليل طبيعي لهذه الجين",C,B
2162,"يعتمد تشكيل الأنماط الجينية ونوعها خلال تشكل الأعراس علي:

الاختيارات:
A. شكل النمط الجيني لدي الوالد ثنائي متماثل الألائل مقرونآ فقط
B. شكل النمط الجيني لدي الوالد ثنائي متخالف الألائل مقرونآ فقط
C. شكل النمط الجيني لدي الوالد ثنائي متخالف الألائل مفروقأ فقط
D. شكل النمط الجيني لدي الوالد ثنائي متماثل الألائل مفروقآ كان أم مقرونآ",D,D
2163,"متلازمة نقص في الصبغي هي

الاختيارات:
A. ويليام.
B. داون .
C. إدوارد .
D. كلاينفلتر.",B,A
2164,"عدة أعضاء مترابطة الوظيفة

الاختيارات:
A. Tissue
B. Organ
C. Organ system
D. اجتماع عدة نسج",B,C
2165,"تحرير الرنا :

الاختيارات:
A. يتم عبر تغيير بنى الأسس النوكليوتيدية
B. يتم عبر إضافة اليوراسيل فقط
C. كالرنا المرسال لجين apo_B
D. A+C",D,D
2166,"نواقل الالكترونات والانزيمات المتوضعة في الأغشية الخلوية:

الاختيارات:
A. سلسلة نقل الالكترون
B. مخازن الطاقة طويلة الأجل
C. الأشكال الطافية الجاهزة للاستخدام
D. لا شيء مما سبق",A,A
2167,"كل ما يلي صحيح عن رموز الشجرة الوراثية ما عدا:

الاختيارات:
A. المربع يرمز للذكر.
B. الدائرة ترمز للأنثى.
C. المثلث يرمز للإجهاض المحرض.
D. المعين يعني أن الفرد غير محدد الجنس.",C,C
2168,"ناقل الطاقة الذي يشارك بعملية التركيب الضوئي:

الاختيارات:
A. NADPH / NADP+
B. NADH / NAD+
C. O- / O
D. Fe+2 / Fe+3",A,A
2169,"يعتبر حفظ الخضراوات بإضافة كمية كبيرة من الملح بطريقة المخللات من تطبيقات

الاختيارات:
A. القنوات الشاردية.
B. النقل الفعال .
C. الانتشار البسيط.
D. التحال.",D,D
2170,"المستلفت:

الاختيارات:
A. أول فرد أُصيب بالمرض.
B. كل فرد مصاب في شجرة النسب.
C. الفرد الذي جلب الانتباه للمرض.
D. الفرد الحامل للمرض.",C,C
2171,"امتصاص بعض المواد الضوء بطول موجة ومن ثم إصداره بطول موجة أطول يعرف ب

الاختيارات:
A. الاشعاع
B. التألق
C. الثانية
D. التماهي",B,B
2172,"مصطلح بيولوجي خاطئ :

الاختيارات:
A. خلية جرثومية .
B. خلية فيروسية .
C. خلية نباتية .
D. خلية حيوانية .",B,B
2173,"المرسال البدئي mRNA Primer عند حقيقيات النوى:

الاختيارات:
A. اقصر من المنتسخ الناضج Mature RNA.
B. يحوي انترونات واكسونات.
C. يحوي اكسونات فقط.
D. ال يخضع لعملية التضفير. splicing",B,B
2174,"اتخن مكونات الهيكل الخلوي:

الاختيارات:
A. Micro tubules
B. Micro filaments
C. Intermediate filaments
D. Macro tubules",A,A
2175,"عند مزاوجة فردين يختلفان بصفتين يكون:

الاختيارات:
A. هجونة أحادية
B. تصالب ثنائي الجين
C. تصالب أحادي الجين
D. AوC",B,B
2176,"يتميز الرنا الناقل بكل ما يلي

الاختيارات:
A. يحمل رامز الترجمة
B. يرتبط الحمض الأميني بالنهاية '5
C. نوكليوتيدات غير اعتيادية مثل االينوزين
D. نوكليوتيدات اعتيادية مثل البسودوتيمين",A,C
2177,"تتضمن المعالجة الجينية داخل العضوية:

الاختيارات:
A. حقن مباشر لجسيمات الفيروس المعدلة وراثياً ضمن الكائن الحي.
B. حقن مباشر لجراثيم ضمن الكائن الحي.
C. إخراج خاليا المريض وإعداءها بالفيروس المعدل جينياً ثم إعادتها إلى المريض.
D. إخراج خاليا المريض وإعداءها بالجراثيم ثم إعادتها إلى المريض.",C,A
2178,"تنشط الجين الورمية في حالة ابيضاض الدم النقوي الحاج CML نتيجة :

الاختيارات:
A. طفرة نقطية
B. إعادة ترتيب صبغي
C. تضخيم جيني
D. ليس أياً مما سبق",B,C
2179,"تتألف الجملة الغشائية الداخلية للخلية من (الخاطئة)

الاختيارات:
A. الشبكة السيتوبلاسمية الداخلية ER .
B. الجسيمات الحالة .
C. الجسيمات الريبية .
D. جهاز غولجي .",A,C
2180,"نوع وترتيب الأحماض الأمينية البروتين يدعى

الاختيارات:
A. البنية الأولية
B. البنية الثانوية
C. البنية الثالثية
D. البنية الرابعية",A,A
2181,"يلاحظ بالنسبة للأسس االزوتية في جزيء الدنا بأن:

الاختيارات:
A. A/T = C/G.
B. A+G =C+T.
C. A=2T.
D. A=G.",B,B
2182,"عند حدوث خلل في تنظيم السبيل الإشاري WNT ينتج

الاختيارات:
A. سرطان معدة
B. سرطان أمعاء
C. سرطان كبد
D. سرطان دماغ",B,B
2183,"من ميزات الجزيئات الإشارية الضخمة عدا:

الاختيارات:
A. كارهة للماء
B. لا يسمح لها حجمها بعبور الغشاء
C. لها مستقبلها على غشاء الخلية الهدف
D. منها البروتينات",B,A
2184,"ينتمي الإنسان الى شعبة :

الاختيارات:
A. الحبليات .
B. الثدييات .
C. الرئيسات .
D. الحيوان .",C,B
2185,"تلتقي الألياف الممتدة باتجاه داخل النواة معا لتشكل

الاختيارات:
A. السلة النووية
B. اللوامس
C. كليهما
D. لا شيء مما سبق",C,A
2186,"كل ما يلي صحيح عن الطاق المتلكئ ماعدا:

الاختيارات:
A. يصنع علي مراحل بشكل شدف
B. طوله نحو 1000_2000 عند حقيقيات النوي
C. كل شدفة تحتاج إلي شرع خاص بها ليتم اصطناعها
D. يربط إنزيم الليغار بين هذه الشدف",C,D
2187,"ما هي المعلومة الصحيحة حول شدف Okazaki ؟

الاختيارات:
A. تقابل السيتوزين مع الغوانين.
B. تقابل الأذينين مع الثيمين.
C. تقابل الغوانين مع السيتوزين.
D. تقابل السيتوزين مع الثيمين.",C,D
2188,"العلم الذي يهتم بالتأثير والتأثر بين الجزيئات كالDNA والRNA والبروتينات:

الاختيارات:
A. علم الأحياء الدقيقة .
B. البيولوجيا العصبية .
C. بيولوجيا الخلية .
D. البيولوجيا الجزيئية .",D,B
2189,"وظيفة بروتين النكسين:

الاختيارات:
A. ربط الثلاثيات المحيطية في بنية الأهداب والسياط.
B. ربط الأنيبيات A,B,C فى الثلاثية الواحدة من بنية السياط والأهداب.
C. ربط الثنائيات المحيطية في بنية الأهداب والسياط .
D. ربط الأنيبين A,B في الثنائية الواحدة في بنية السياط والاهداب .",B,A
2190,"من الخصائص المشتركة بين المقتدرات والجسيمات المؤكسدة (الخاطئة)

الاختيارات:
A. كلاهما يستخدم الاكسجين .
B. كلاهما يحصل على بروتيناته بطريقة النقل العابر للغشاء .
C. كلاهما يتكاثر بالانشطار .
D. كلاهما ينتج ATP .",B,D
2191,"يحدث في داء الكوليرا في خلال الأمعاء:

الاختيارات:
A. عدم تفعيل بروتين G
B. تبقى الوحيدة ألألفا بشكلها الفعال في بروتين G
C. تمنع الوحيدة أليفا من التفعيل في بروتين G
D. تمنع جزيئة ATP كن التشكل في بروتين G",C,B
2192,"يقوم عامل البدء EF-Tu بـ :

الاختيارات:
A. حلمهة GTP الذي جاء به EF-Tu لتشكيل الرابطة الببتيدية
B. يساعد على دخول Aminoacyl-tRNA الريباسة للارتباط بالموقع A
C. يمتلك فعالية إنزيمية ناقلة للببتيد
D. A+B",D,D
2193,"ينتقل البروتين G من الحالة المفعلة إلى الحالة غير المفعلة بوساطة فعالية أنزيمية من نوع

الاختيارات:
A. الفوسفاتاز Phosphatase .
B. GTPase .
C. الكيناز .
D. الفوسفوليباز C .",B,B
2194,"تعتمد استجابة الخلايا للبروتين الإشاري على

الاختيارات:
A. محتوى الخلايا من الشحوم
B. محتوى الخلايا من السيتوبلاسما
C. محتوى الخلايا من بروتينات منظمة أخرى
D. كل ما سبق",D,C
2195,"ينتج عن إزفاء ما بين الصبغيين 7 و 19 حيث الصيغة المعبرة ]t(7:19)(q22,q13)[

الاختيارات:
A. زيجوت تحمل صيغة صبغية كاملة خالية من الإزفاء
B. تثلث صبغي 7 جزئي وأحاد صبغي 19 جزئي
C. تثلث صبغي 19 جزئي وأحاد صبغي 7 جزئي
D. كل ما سبق صحيح",D,C
2196,"التكيف هو إحدى عواقب التطور نتيجة :

الاختيارات:
A. التكاثر .
B. الاصطفاء الطبيعي .
C. النمو .
D. الاحتباس الحراري .",B,B
2197,"تؤدي زيادة فعالية إنزيم 6D2CYP إلى :

الاختيارات:
A. زيادة استقلاب المورفين.
B. زيادة فعالية المورفين.
C. انخفاض فعالية الكودئين.
D. زيادة فعالية الكودئين.",A,D
2198,"تكثر جزر CpG في:

الاختيارات:
A. الاكسونات.
B. النترونات.
C. المحضضات.
D. المنطقة الانتساخية.",D,C
2199,"ليست من عديدات السكاكر :

الاختيارات:
A. الغليكوجين .
B. السللوز.
C. الرافينوز.
D. النشاء .",C,C
2200,"يعتبر d-glyceraldehyde من السكاكر

الاختيارات:
A. الثلاثية
B. الخماسية
C. السباعية
D. السداسية",D,D
2201,"يتكون مغزل الإنقسام :

الاختيارات:
A. بروتين التوبيولين.
B. جزيئات الأكتين.
C. السكلينات.
D. الكينازات.",B,C
2202,"الأساس الأزوتي المتمم للتايمين في الرنا

الاختيارات:
A. الأدنينن
B. اليوراسيل
C. السيتوزين
D. الغوانين",A,B
2203,"ترتبط وخامة المرض المتعلق باعتلالات المتقدرات ب :

الاختيارات:
A. نوع الجين الطافرة في النواة.
B. عدد الجينات النووية الطافرة.
C. عدد الجينات في المتقدرات.
D. توزع المتقدرات الطافرة بين الأنسجة.",D,D
2204,"يبدأ انتساخ الجينات المرمزة للبروتينات بارتباط انزيم الرنا بوليميراز الى

الاختيارات:
A. المعزز.
B. المطلق القريب .
C. المسكتات .
D. النكليوتيد رقم + 1 .",D,B
2205,"كل ما يلي صحيح عن الرنا المرسال عدا:

الاختيارات:
A. متمم ومعاكس القطبية لطاق الدنا المرصاف.
B. يتم اصطناعه بالاتجاه 5 الى 3 .
C. مطابق لطاق الدنا المرصاف.
D. يخضع في حقيقيات النوى لثالث تعديلات حتى يصبح بشكله الناضح.",D,C
2206,"لها دور أساسي بتكوين الطبقة الثنائية الكارهة للماء

الاختيارات:
A. تشكل حاجز غير انتقائي
B. تؤمن قاعدة ارتكاز أساسية للبروتينات الغشائية
C. لا دور لها بتنبيغ الإشارة الخلوية
D. البروتينات الغشائية من وظائفها",B,B
2207,"كل ما يلي صحيح عن الرنا المرسال عدا:

الاختيارات:
A. متمم ومعاكس القطبية لطاق الدنا المرصاف.
B. يتم اصطناعه بالاتجاه 5 الى 3.
C. متمم لطاق الدنا المرصاف .
D. يخضع في حقيقيات النوى لثالث تعديلات حتى يصبح بشكله الناضح.",D,C
2208,"تقع الجين المسؤولة عن الزمر الدموية عند البشر على:

الاختيارات:
A. الصيغي 15
B. الصيغي 9
C. الصيغي 23
D. الصيغي 21",D,B
2209,"الحويصلات الافرازية الأكبر في جهاز غولجي

الاختيارات:
A. تدخل الى Cis face
B. تدخل الى trase face
C. تخرج من Cis face
D. تخرج من trase face",C,D
2210,"تمتلك الطفرة تأثيراً سائداً عندما:

الاختيارات:
A. تغير كمية المنتج لجين زيادةً حيث كامل أو معظم ذاك المنتج مطلوبة للخلية
B. تغير كمية المنتج لجين نقصاناً حيث كامل أو معظم ذاك المنتج مطلوب للخلية
C. تؤدي إلى اصطناع منتج جديد يمتلك تأثيراً ضاراً
D. كل ما سبق صحيح",A,B
2211,"تعتمد تفاعلات سلسلة الدنا :

الاختيارات:
A. نكليوتيدات ريبية.
B. نكليوتيدات دنا ال تحتوي هيدروكسيل على الموقع 3‘.
C. نكليوتيدات دنا لا تحتوي هيدروكسيل في الموقع 5 ‘.
D. نكليوتيدات دنا لا تحتوي هيدروكسيل في الموقع 1 ’.",B,B
2212,"يعود الدور الرئيسي في تعرف جسيم التضفير مواقع التضفير الى :

الاختيارات:
A. rRNAs.
B. rRNAs.
C. snRNA.
D. snRNPs.",D,D
2213,"دور ألاللولاكتوز في مشغل اللاكتوز:

الاختيارات:
A. Activator
B. Repressor
C. Co-Repressor
D. Induce",D,C
2214,"ينتج ال CML عن جين:

الاختيارات:
A. ABL/BCR
B. RYR 1
C. RB1.
D. MYC",A,A
2215,"يتميز الالتهام الذاتي

الاختيارات:
A. ظهور فجوات سيتوبلاسمية وجسيمات حالة ذاتية .
B. تنكمش الخلايا .
C. ظهور أجسام الاستموات .
D. تقوم البالعات الكبيرة بمساعدتها .",A,A
2216,"تظهر حالة ابيضاض الدم النقوي المزمن CML نتيجة إزفاء مبتادل بين الصبغيين:

الاختيارات:
A. 9 و 17
B. 9 و 22
C. 13 و 22
D. 9 و 11",B,D
2217,"يشارك في تصنيع انزيمات الجسيمات الحالة ما عدا

الاختيارات:
A. RER
B. الريبوزومات
C. جهاز غولجي
D. البيروكسيزومات",B,D
2218,"الجينات الموجودة علي صبغيات مختلفة يربط بعضها مع بعض وسوف تتفارز بشكل مستقل:

الاختيارات:
A. التزاوج المتصالب الرجعي
B. الاستيلاء الحقيقي
C. التهجين أحادي الخلة
D. الاستيلاء غير الحقيقي",C,D
2219,"يعبر المصطلح homozygous dominant للكائن عن:

الاختيارات:
A. زيجوت متغاير ألالائل متنحي.
B. زيجوت متغاير ألالائل سائد.
C. زيجوت متماثل ألالائل متنحي.
D. زيجوت متماثل ألالائل سائد.",D,D
2220,"يضاف إليه جذر فوسفات بوساطة انزيمات الكينازات

الاختيارات:
A. يغلق ارتباط الفوسفاتيديل اينوزيتول بجذر الفوسفات مواقع ارتباط لبروتينات العصارة الخلوية
B. كل ما يلي من وظائف انزيم الفوسفوليباز عدا
C. تفكيك الفوسفاتيديل إينوزيتول في الوريقة الداخلية للغشاء
D. تحريض دخول الكالسيوم للشبكة السيتوبلاسمية الداخلية",A,B
2221,"يعتمد توقيت ومعدل وعدد الانقسامات الخلوية على كل ما يلي ماعدا :+

الاختيارات:
A. السكلين والكيناز
B. عوامل النمو ومستقبلاتها والهرمونات
C. طول القسيمات الطرفية
D. طول القسيمات المركزية",D,C
2222,"يحدث تمثيل الدنا في خلايا الفقاريات على أساس

الاختيارات:
A. الأديتين
B. الغوانين
C. السيتوزين
D. التايمين",D,C
2223,"عند تزاوج نباتات تعطي دوما بذور مجعدة مع نباتات تعطي دوما بذور مدورة تكون نسبة البذور المجعدة الى البذور المدورة في نباتات الحيل الثاني :

الاختيارات:
A. 3:01:00
B. 1:03:00
C. 1:02:01
D. 1:01:00",D,A
2224,"نشاهد في الرحلان الكهربائي لدى متخالف ألالائل لجين ال يحتوي النمط الطبيعي فيه أي موقع تعرف بينما تسبب الطفرة إضافة موقع تعرف جديد، وباستخدام أنزيم شطر نوعي:

الاختيارات:
A. عصابة واحدة.
B. عصابتين.
C. عصابات ثالث.
D. أربع عصابات.",B,C
2225,"اذا ادت طفرة استبدال الى الغاء موقع تعرف وحيد الزنيم اقتطاع في احد نواتج تضخيم جين ما فكم يبلغ عدد عصابات الرحلان الكهربائي لدى متخالف اللواقح بعد قطع منتج التضخيم بأنزيم الاقتطاع نفسه:

الاختيارات:
A. عصابة واحدة.
B. عصابتين.
C. ثالث عصابات.
D. اربع عصابات.",B,C
2226,"جميع ما يلي هو من الأنزيمات الشائعة المسؤولة عن استقلاب ما يزيد عن %90 من الأدوية الشائعة ما عدا :

الاختيارات:
A. A21CYP.
B. C YP2C9.
C. CYP2D6.
D. 3A19.",D,D
2227,"أي من الجينات التالية لها أهمية في اتخاذ القرار العلاجي لدى مريضات سرطان الثدي:

الاختيارات:
A. Personalized medicine.
B. Percision medicine
C. Regenerative medicine
D. Personalized genomic medicine",D,D
2228,"الأنماط الظاهرية لنبات البازلاء الناتجة عن التزاوج ما بين ابوين أحدهما نمطه الجيني RrYy والثاني rryy :

الاختيارات:
A. 1:3:3:9
B. 1:1:1:1
C. 1:2:1:2
D. 2:2:3:9",B,B
2229,"في حال التفارز المستقل بين المورثتين A و B سيكون عدد الأنماط الظاهرية المختلفة في الجيل الثاني :

الاختيارات:
A. 5
B. 6
C. 7
D. 8",B,D
2230,"اذا كان الارتباط بين المورثتين A و B كامل فان عدد الأنماط الجينية في اعراس لفرد نتغاير ألالائل AB/ab سيكون:

الاختيارات:
A. 1
B. 2
C. 3
D. 4",B,B
2231,"عندما صالب ماندل نباتات تعطي بذورآ مدورة مع تلك التي تعطي بذورآ مجعدة كانت نسبة البذور المدورة إلي المجعدة في الجيل الثاني:

الاختيارات:
A. 3 إلي2
B. 4 إلي 5
C. 4 إلي1
D. 1 إلي 3",C,A
2232,"عند تهجين فرد من نبات بازلاء طويل الساق T مع فرد قصير الساق t ينتج أفراد طويلة وأفراد قصيرة فإن الفرد الطويل الساق نمط وراثي:

الاختيارات:
A. tt
B. TT
C. Tt
D. BوC",C,B
2233,"يطلق علي الأفراد التي تعطي لدي مزاوجتها بعضها مع بعض صفات مختلفة عن تلك المشاهدة في جيل الآباء:

الاختيارات:
A. استيلاء حقيقي
B. استيلاء غير حقيقي
C. تطالب ذاتي
D. هجين أحادي الخلة",B,C
2234,"عندما صالب ماندل بذرة نباتات تعطي بذورآ ملساء مع تلك التي تعطي بذورآ مجعدة كلن ما يلي بالنسبة للجيل الثاني:

الاختيارات:
A. يمتلك ثلاثة أنماط جينية
B. يمتلك نمطين ظاهريين
C. 4/1 زيجوت متغاير الألائل
D. نسب النمط الظاهري 1:3",D,D
2235,"لدي مصالبة النباتات التي تعطي بذورآ مدورة وصفراء RRYY مع تلك التي تعطي بذورآ مجعدة خضراء rryy فإن نسبة النمط الظاهري للأفراد الناتجة RYوRyوryوrY :

الاختيارات:
A. 9:3:3:1
B. 6:3:6:4
C. 12:2:2:2:4
D. 9:3:3:1",A,D
2236,"في حالة التفارز المستقل يؤدي التزاوج ما بين ثنائي متخالف الألائل مع ثنائي متماثل الألائل المتنحي إذ تتوضع كلتا الجينتين علي صبغيين غير متماثلين إلي تشكيل ... من التراكيب الجينية الجديدة:

الاختيارات:
A. 0
B. 0.5
C. 0.2
D. 0.4",B,A
2237,"إذا كان الموقع A يبعد بمقدار ⅿu20 عن الموقع B والموقع C يبعد عن الموقع B بمقدار ⅿu5 وعن الموقع A بمقدار ⅿu25 فإن موقع C :

الاختيارات:
A. يمين AوB
B. خارج A و B علي يسار A
C. خارج A و B علي يسار B
D. ليس أيآ مما سبق",C,D
2238,"ليس من النماذج الأربعة المختلفة الأحادية الجين التي يمكن أن تورث فيها خلة ما محددة بموقع جيني واحد:

الاختيارات:
A. جسدي سائد
B. مرتبط بالجنس مشترك
C. مرتبط بالجنس سائد
D. جسدي متنح",A,A
2239,"يؤدي وجود أليل سائد مرتبط بالصبغي X في شجرة النسب إلي ظهور النمط الظاهري المرتبط بوجود الأليل لدي:

الاختيارات:
A. الإناث فقط
B. الذكور فقط
C. الإناث والذكور
D. التواءم",C,B
2240,"عندما تعبر جين عن نفسها بدرجات مختلفة رغم انتفاذها عندما يدعي التعبير الناتج عن نمط جين نافذ باسم:

الاختيارات:
A. التعبر
B. الانتقاذ
C. Expressivity
D. A و C",D,B
2241,"الجينات المميتة المتنحية قد تكون غير مميتة عندما يكون انتفاذ وتعبر النمط الجيني ... وتسمي عندها الجينات:

الاختيارات:
A. متماثل اللواقح ، تحت المميتة
B. متخالف اللواقح ، مميتة
C. متماثل اللواقح ، المميتة المتنحية
D. متخالف اللواقح ، تحت المميتة",D,D
2242,"لتحديد فيما إذا كانت العوامل الجينية وحددها دون البيئية هي من يسهم في تنوع خلات ما درست حالات:

الاختيارات:
A. التبني
B. التوائم
C. الاختطار التجريبي
D. A+B",B,B
2243,"يفهم طبيعة الحمض الأميني الذي يجب تحميله على جزيء الرنا الناقل نفسه من خلال قراءة الرامز المعاكس للرنا الناقل :

الاختيارات:
A. الرنا بوليميراز من النمط Ⅱ
B. أمينو أسيل سينثتيز
C. عامل الإطلاق RF
D. المثيونين",B,D
2244,"يحفز تشكيل الرابطة الببتيدية بين حمضين أمينين في الموقع A و P فعالية إنزيمية ناقلة للببتيد يتمتع بها :

الاختيارات:
A. 23S rRNA
B. 5S rRNA
C. البروتينات الريباسية
D. كل ما سبق صحيح",D,B
2245,"تنقل الريباسة شفرة وراثية واحدة باتجاه 3` للرنا المرسال خلال طور الإطالة في عملية ترجمة البروتين وذلك بفضل :

الاختيارات:
A. GTP جزيء
B. عامل الإطالة EF-G
C. CRFSعوامل الإطلاق
D. A+B",B,C
2246,"عند القيام بعملية تأشيب يدل الحصول على مستعمرات جراثيم باللون الأزرق وذلك عندما تنمو على وسط يحوي أحد الصادات الحيوية:

الاختيارات:
A. نجاح عملية التأشيب
B. تداخل الجين في تسلسل الجين المولدة للون
C. مقاومة الصاد الحيوي والقيام بعملية النمو
D. إنتاج هرمون النمو البشري",C,B
2247,"عند إضافة كمية قليلة من ddATP في أحد أنابيب طريقة سانغر في سلسلة الدنا ينتج تسلسلات دنا متمم أقصر نتجت عند ارتباط ddATP عند:

الاختيارات:
A. كل موقع احتوى فيه الدنا المرصاف على الأدنين
B. كل موقع احتوى فيه الدنا المرصاف على التيامين
C. كل موقع احتوى فيه الدنا المرصاف على الغوانين
D. كل موقع احتوى فيه الدنا المرصاف على السيتوزين",A,D
2248,"تقانة تهجين تستخدم في مقارنة مستوى التعبير الجيني بين الخلايا لجين يكثر أو يقل التعبير عنها في شروط معينة:

الاختيارات:
A. تبقيع ساوثرن
B. تبقيع ناوثرن
C. تبقيع ويسترن
D. كل ما سبق صحيح",C,D
2249,"أحد تقنيات المعالجة الجينية هو إبطال نسخة من الجين السليم بحقنه في الجسم بشكل مباشر في الخلية الهدف:

الاختيارات:
A. المعجالة الجينية داخل العضوية
B. المعالجة الجينية خارج العضوية
C. إقصاء الجين
D. إضافة الجين",C,A
2250,"عند إضافة جين بشري لبيضة فأرة ومن ثم تشكيل البيضة الملقحة ويتم زرعها في رحم فأرة أم بديلة يكون ....... من الذرية إيجابية تعبر عن الجين البديل:

الاختيارات:
A. فأر تلقى هرمون النمو البشري وكانت استجابة سلبية
B. فأر تلقى جين غريبة وكانت استجابته إيجابية
C. فأر تلقى جين غريبة وكانت استجابته سلبية
D. فأر تلقى هرمون النمو البشري وكانت استجابته غريبة",B,A
2251,"يؤدي عدم حدوث الاختراق بين الصبغيات الجنسية في الانقسام الانتصافي الأول عند المرأة إلى تشكل نمط الأعراس:

الاختيارات:
A. XX,O
B. X, O
C. XY,Y,O
D. X,XXX",B,B
2252,"عند عدم التمكّن من وضع تشخيص نوعي من أجل تقدير اختطار الرجعة من أجل مختلف أفراد العائلة:

الاختيارات:
A. يجب مناقشة التشخيصات التفريقية المتنوعة مع العائلة والمعلومات التجريبية المتوافرة
B. دراسة النمط الصبغي Karyotype
C. تحاليل سلسلة الدنا
D. كل ما سبق صحيح",D,B
2253,"يكون والدا الطفل المصاب حاملين متغايري الألائل عديمين الأمراض في الوراثة :

الاختيارات:
A. الجسدية المتنحية
B. الجسدية السائدة
C. المرتبطة بالصبغي X السائدة
D. المرتبطة بالصبغي X المتنحية",A,A
2254,"إذا عانى فرد متخالف الألائل من أعراض مرض وكان موضع الجين على الصبغي 5 يكون هذا المرض من نمط

الاختيارات:
A. مرتبط بـX متنحي
B. صبغي جسدي سائد
C. مرتبط بـ Y
D. صبغي جسدي متنحي",D,B
2255,"حسب طراز شجرة نسب يظهر انتقال المرض الوراثي المرتبط بالصبغي X المتنحي كل ما يلي ماعدا :

الاختيارات:
A. بنات المصاب حملة
B. أبناء المصاب مصابين
C. جميع الذكور المصابين ذوي قربى من خلال انتقال الجين عبر سلسلة من الإناث الحاملات
D. بنت الوالد المصاب طبيعية",D,D
2256,"في حال زواج أنثى حاملة لمرض حمّى الفول من رجل سليم فحملت بذكر يكون اختطار أن يكون الأطفال المصابين :

الاختيارات:
A. 1
B. 0.5
C. 0.25
D. 0",C,D
2257,"امرأة مصابة بمتلازمة فرط كولسترول الدم تزوجت من رجل سليم , احتمال إنجاب طفل مصاب :

الاختيارات:
A. 1
B. 0.5
C. 0.25
D. 0",C,D
2258,"من الآليات التي تغير من استجابة أي مريض كل ما يلي ماعدا :

الاختيارات:
A. استقلاب الدواء
B. نقل الدواء
C. شكل مستقبل الدواء
D. الزمرة الكيميائية للدواء",C,D
2259,"تعالج مريضات سرطان الثدي اللواتي تعبر خلايهن عن الـ HER–2 بـ :

الاختيارات:
A. التاموكسيفين
B. البوسينودلول
C. الهرسبتين
D. imantinib",C,D
2260,"تبين أنّ الدواء المناسب لدى %60 من مريضات سرطان الثدي في حال كانت الخلايا السرطانية من نمط ER- :

الاختيارات:
A. الهرستبين
B. التاموكسيفين
C. بوسيندولول
D. الدينجوكسين",B,B
2261,"أم مصابة أنجبت ذكرًا مصابًا بالورم التليفي العصبي، تسأل عن اختطار المرض في الحمل التالي، علما أن زوجها سليم. الجواب هو:

الاختيارات:
A. 0
B. 0.25
C. 0.5
D. 1",C,C
2262,"أنجب أبوان سليمان طفلان (ذكر وأنثى) مصابان بمرض استقلابي بدأت تظاهراته مبكرًا. الاحتمال الأول لطراز انتقال هذا المرض الوراثي هو:

الاختيارات:
A. صبغي جسدي متنحي
B. صبغي جسدي سائد
C. مرتبط بالـ X
D. متقدري",C,B
2263,"عندما يكون 50% من الأفراد الذين يحملون طفرة سائدة دون أن يظهر لديهم أعراض مرضية، نقول عن هذا المرض إنه: واحد صح

الاختيارات:
A. epistatic
B. ناقص الاختراق
C. متغير التعبير
D. متنحي",B,C
2264,"في تجربة دافيسون وجيرمر تم الكشف عن الطول الموجي المرافق للإلكترونات المنتثرة رغم قصره نظرا لان :

الاختيارات:
A. التباعد بين الذرات اكبر من الطول الموجي
B. التباعد بين الذرات اصغر من الطول الموجي
C. التباعد بين الذرات من رتبة الطول الموجي
D. كل ما سبق خاطئ",A,C
2265,"زاوية الورود تساوي زاوية الانعكاس هو قانون ك

الاختيارات:
A. للانعكاس
B. للانعكاس المراوي
C. للانعكاس التبعثري
D. للانعكاس الخشن",B,A
2266,"من تطبيقات الأشعة السينية: (الخطأ)

الاختيارات:
A. التصوير الشعاعي.
B. التصوير الطبق المحوري.
C. تصوير الكسور.
D. التصوير الوظيفي.",B,D
2267,"مجال الأمواج الصوتية المسموعة ما بين :

الاختيارات:
A. 20 Hz و 200 Hz
B. 20 Hz و 2000HZ
C. 20Hz و 20 HZ
D. 2 Hz و 200 Hz",B,C
2268,"يشير مفعول دوبلر في الطيف الكهرطيسي إلى:

الاختيارات:
A. انزياح الطيف الوارد عن الأجرام المبتعدة عنا نحو الأحمر.
B. انزياح الطيف الوارد عن الأجرام المقتربة منا نحو الأزرق.
C. انزياح الطيف الوارد عن الأجرام (مبتعدة \ أو مقتربة) عنا نحو الأحمر.
D. الجوابين A و. B",A,D
2269,"الصيغة التي تعطينا التفاصيل الأقل و النسبة الابسط للذرات الموجودة في الجزيء

الاختيارات:
A. الصيغة الجزينية
B. الصيغة التجريبية
C. الصيغة البنيوية
D. الصيغة الهيكلية",B,B
2270,"الذي يعطي لأشعة جاما مصدرا آخر للأشعة السينية التي يمكن أن تكون مفيدة وطاقتها قريبة من طاقة أشعة جاما الأصلية بحيث يمكن عدهما أشعة واحدة هو

الاختيارات:
A. النحول الخارجي
B. التحول الداخلي
C. الفلورة
D. إصدار البوزترونات",B,B
2271,"بعد كلا من ..... العضلة القلبية دليلا سريريا على صحة تلك العضلة :

الاختيارات:
A. حجم وضغط
B. ضغط وتوتر
C. سرعة وحجم
D. كل ما سبق صحيح",D,B
2272,"إن (even-odd) تدل على:

الاختيارات:
A. تساوي العزم المغناطيسي للنوى ذات الأعداد الزوجية من البروتونات والفردية من النترونات والعزم المغنطيسي للتكليون المتفرد المتبقي
B. انعدام العزم المغنطيسي للنوى ذات الأعداد الزوجية من البروتونات والنترونات
C. تساوي العزم المغنطيسي للنوى ذات الأعداد الفردية من البروتونات والزوجية من النترونات والعزم المغناطيسي للتكليون المتفرد المتبقي
D. A,C",D,C
2273,"مرتبة التفاعل الذي لا تتغير فيه قيمة السرعة بتغير التركيز:

الاختيارات:
A. صفر
B. واحد
C. اثنين
D. ثلاثة",B,A
2274,"زيادة الورود التي تقابل زاوية انكسار تدعى :

الاختيارات:
A. الزاوية الحرجة
B. الزاوية المنفرجة
C. الزاوية الحادية
D. زاوية الانكسار",A,B
2275,"المواد غير المرئية بالنسبة للتواتر 500GHz يمكن الكشف عنها بالأمواج ذات التواتر:

الاختيارات:
A. الأعلى
B. الأحمض
C. نفسه
D. كل ماسبق خاطئ",A,A
2276,"مجال الأمواج تحت الصوتية أصغر من :

الاختيارات:
A. 20 Hz
B. 200 Hz
C. 200 Hz
D. 20KHz",A,A
2277,"ان معادله بيرنولي تطبق على جريان اي مائع مثالي طالما تقع النقطتان على:

الاختيارات:
A. خط الانحناء نفسه
B. خط التيار نفسه
C. المستقدم العمودي على منحنى الانتشار
D. كل ما سبق صحيح",B,A
2278,"يعتبر الكشف عن الأورام السرطانية للخلايا القاعدية في الجلد عبر نظام تصوير آمن من أهم تطبيقات:

الاختيارات:
A. التصوير بالأشعة السينية.
B. التصوير بأشعة التيراهرتز.
C. التصوير بالأمواج المكروية .
D. جميع العبارات السابقة خاطئة.",B,B
2279,"– المقدار الذي يتزايد لدى انتثار فوتون عن الكترون بمفعول كومتون :

الاختيارات:
A. طاقته
B. طوله الموجي
C. تواتره
D. شدته",A,B
2280,"واحدة من هذه الذرات ليس لها نصف ذرى :

الاختيارات:
A. الارغون
B. الالمنيوم
C. الكبريت
D. ليس أيا مما سبق",D,A
2281,"عندما يموت الجسم الحي تصبح:

الاختيارات:
A. تصبح حرارته صفر كلفن.
B. الأشعة تحت الحمراء التي يصدرها عالية.
C. الأشعة تحت الحمراء التي يصدرها غير موجودة.
D. كل الإجابات السابقة صحيحة.",B,C
2282,"اختر المعلومة الحدودية فيما الصحيحة فيما تعلق الظاهرة EMR

الاختيارات:
A. ترتبط بالخصائص المعملية التكاليونات في داخل النوى
B. ترتبط العملية الإلكترونات في الذرات
C. ترتبط بالخصائص الكهريائية تمكنهونات في داخل النوى
D. ترتبط بالخصائص الكهربائية الإلكترونات في الذرات",D,B
2283,"السبين يتجه :

الاختيارات:
A. للأعلى
B. للأسفل
C. للأفق
D. كل ما سبق صحيح",B,B
2284,"الأصبغة المتفلورة عديمة اللون تصدر الضوء ....... عندما تخضع للـ : ........

الاختيارات:
A. الأحمرUV _
B. الأزرق _
C. الازرق _
D. مالأزرق _ UV",D,D
2285,"يعبر عن شدة الموجة الصوتية :

الاختيارات:
A. بالجول لكل ثانية .
B. بالجول .
C. بالواط على المتر المربع .
D. طاقة الموجة التي تعبر واحدة السطوح .",C,C
2286,"تتميز الاشعة السينية:

الاختيارات:
A. اشعاعات كهرطيسية وبأطوال موجية أقصر بكثير منها في حالة الضوء المرئي.
B. حزمة من الالكترونات ذات طاقة عالية جدا .
C. اشعاعات كهرطيسية وباطوال موجية من نفس مرتبة الضوء المرئي.
D. اشعاعات كهرطيسية وباطوال موجية أطول بكثير منها في حالة الضوء المرئي.",A,A
2287,"في تصوير الصدى انتقال البني مرتين تتعرض الحرمة فوق الصوتية يودي إلى انسحاب الخط التمثيلي للأصداء

الاختيارات:
A. ببطئ ثابت موازيا
B. بطئ غير ثابت معامدا
C. بسرعة ثابتة موازيا
D. بسرعة عمر ثابتة معامدا",B,B
2288,"من ميزات ماسحات الجيل الأول والثاني:

الاختيارات:
A. أجهزة معدة جيدا للعمل
B. تبدي مقدرات فاصلة عالية تتلاءم جيدا مع استكشاف الجمجمة
C. A,B
D. كل ما سبق خاطئ",C,C
2289,"القوة التي تحدث تشوها في الجسم وتكون مطبقه على واحده السطح هي:

الاختيارات:
A. الانفعال
B. الاجهاد
C. المرونة
D. اللرونة",B,B
2290,"تعطى شدة الموجة بالعلاقة:

الاختيارات:
A. 2π²Ps v f²A⁵
B. 2π²Ps v f²A²
C. P/s
D. C, B",B,D
2291,"النواة في جسم الإنسان تكون درجة حرارتها ............ والغلاف ويكون درجة حرارته..................

الاختيارات:
A. متغيرة - ثابتة
B. ثابتة - متغيرة
C. ثابتة – ثابتة
D. متغيرة - متغيرة",B,B
2292,"ان ثابت التناسب بين تدرج السرعة هو:

الاختيارات:
A. معامل المرونة
B. معامل لزوجه المائع
C. معامل القص
D. معامل اللدونة",B,B
2293,"يدعى المقدار اسم :

الاختيارات:
A. مغنطون
B. مغلطون دور
C. طول الموجة كومتون
D. كل ما سبق صحيح",D,B
2294,"يستخدم الاستر :

الاختيارات:
A. في المنكهات الاصطناعية
B. في العطور
C. في مزيل طلاء الاظافر
D. كل ما سبق",D,C
2295,"عند اغلاق الشريان تحت الترقوة في احد جانبي الجسم جزئيا يترتب على سرعة الدم أن......عند ذلك الجانب ليتوفر الدم اللازم:

الاختيارات:
A. تنخفض
B. ترتفع
C. لا تتغير
D. كل ما سبق صحيح",B,B
2296,"أطلق على الأشعة فوق البنفسجية اسم الأشعة الخلائية الفيزيائى :

الاختيارات:
A. فكتور شومان
B. جوهان ریتر
C. A,B
D. كل ما سبق خاطئ",B,A
2297,"IR يعطى جرعة ممتصة مقدارها في الهواء نحو :

الاختيارات:
A. 0.869 rad
B. 8.69x103 Gray
C. A,B
D. 0.869 Gray",C,C
2298,"العدد الكمومي الرئيسي nيحدد :

الاختيارات:
A. سويات الطاقة الرئيسية
B. طاقة الموتونات
C. سويات الطاقة الفرعية
D. A+B",D,A
2299,"تعطي الالدهيدات مع NaBH5:

الاختيارات:
A. أغوال ثانوية
B. الدهيدات
C. أغوال أولية
D. حموض كربوكسيلية",B,C
2300,"تجري الباب الصراع التلاومي بين الجسم والوسط المحيط عن طريق:

الاختيارات:
A. الأوعية الدموية
B. الكبد
C. الطحال
D. التنكرياس",A,A
2301,"ترتبط شدة الموحة الصوتية في وسط معين في:

الاختيارات:
A. ضغط الموحة الصوتية
B. السرعة الإهتزازية لجزيئات الوسط
C. ممانعة الوسط الصوتية
D. كل ما سبق صحيح",D,D
2302,"استخدام العلماء معيار لحساب الكتل الذرية النسبية هو:

الاختيارات:
A. نظير الأوكسجين 18
B. نظير الهيدروجين 1
C. نظير الكربون 12
D. نظير الهيليوم 2",C,C
2303,"بعد أن حققت الأشعة السينية رؤية داخل الجسم من دون بضعه لكنها أسفرت عن خطر الإصابة بإحادث:

الاختيارات:
A. التهابات الجلد الاشعاعية
B. انصباب الجنب
C. السرطانات
D. A,C",D,D
2304,"في الولايات المتحدة يقاس الضغط في اطار السيارة بـ:

الاختيارات:
A. الباوند لكل موجه مربعه
B. البار
C. البوصات او المليمترات الزئبقية
D. التور",A,A
2305,"القانون الذي ينص على أن تغير الحقل المغنطيسي يولد حقلا كهربائيا هو:

الاختيارات:
A. غاوس في المغنطيسية
B. غاوس في الكهرباء
C. أمبير ماكسويل
D. فارادي",D,D
2306,"الضوء بمنار من الأشعة السينية بـ كل ماياتي ماعدا :

الاختيارات:
A. غير مؤين
B. غير محومي
C. تكلفة تقنيات التصوير الضوئي أكثر من التصوير السيني
D. تكلفة تقنيات التصوير الضوئي أقل من التصوير السنين",B,C
2307,"كثيرا ما تتضمن الحفازات المتجانسة تغيرا في رقم أكسدتها وبذلك يشترط لعمل الحفازات:

الاختيارات:
A. أن تكون كمونات المساري التي تتضمن الحفاز أعلى من كمونات المساري التي تتضمن المتفاعلين
B. أن تكون كمونات المساري التي تتضمن الحفاز قيمة جبرية بغض النظر عن كمونات مساري المتفاعلين
C. أن تقع كمونات المساري التي تتضمن الحفاز بين كمونات المساري التي تتضمن المتفاعلين
D. ان تكون كمونات المساري التي تتضمن الحفاز أخفض من كمونات المساري التي تتضمن المتفاعلين",C,C
2308,"يوصف جريان المائع بأنه مستقر إذا كانت سرعته في أي نقطة منه مع الزمن :

الاختيارات:
A. معدومة .
B. متزايدة .
C. متناقصة .
D. ثابتة .",D,D
2309,"هي عرض الخط الطبقي الذي يقارب .......... البزر هليوم بدون متعدد الأنماط عند ما يكون وحيد النمط.

الاختيارات:
A. 10cm-20cm
B. 100cm-200cm
C. 100cm-20cm
D. 50cm-20cm",A,A
2310,"من أحد أنواع التصاوغ الفراغي

الاختيارات:
A. التصاوغ الموضعي
B. تصاوغ الزمرة الوظيفية
C. التصاوغ الضوئي
D. التصاوغي سلسلي",B,C
2311,"من الوسائل التي تقلل من الإشعاع المنتثر عن الجسم البشري:

الاختيارات:
A. الحظار والمخاربط .
B. الشبكة المضادة للانتثار.
C. مضخم السطوع.
D. A,B .",D,D
2312,"المادة التي تتخذ شكل أسفل الوعاء الذي يحتويها لها حجم خاص بها تكون:

الاختيارات:
A. سائلة
B. غازية
C. صلبة
D. كل ما سبق صحيح",C,A
2313,"يعد الميلانين واقيا ممتازا من الضوء لانه :

الاختيارات:
A. يمتص الاشعاع وبيدد الطاقة على شكل حراري غير مؤذ
B. يمتص الاشعاع الطاقة على شكل حراري غير مؤذ
C. لا يتمص أي اشعاع
D. كل ما سبق خاطئ",A,C
2314,"علل لا يمكن للأفراد أن يدركو الأشعة البنفسجية مباشرة :

الاختيارات:
A. لأن عدسة عين الإنسان توقف معظم الإشعاع في مجال (٤٠٠ - ۳۰۰(
B. لأن قرينة عين الإنسان توقف معظم الإشعاع في مجال (٤٠٠ - ۳۰۰(
C. لأن قرينة عين الإنسان توقف معظم الأطوال الموجية الأقصر من ٣٠٠
D. A,C",D,D
2315,"كل ما يلي صحيح عن الحركات الاهتزازية ما عدا :

الاختيارات:
A. مثل حركة كتلة معلقة بنابض
B. ذات مكونات تتحرك بأطوار مختلفة وإزاحات مختلفة
C. ذات مكونات تتحرك بطور زاوي واحد
D. A,C",B,B
2316,"النسبة المئوية الكتلية للكربون في حمض الايتانوبك CH3COOH علما أن:O:16 , H:1.0 , C:12

الاختيارات:
A. 0.4
B. 0.2
C. 0.3
D. 0.25",C,A
2317,"عندما تنتقل الموجة الصوتية من وسط ممانعته كبيرة إلى وسط ممانعته أصغر فإن الموجة الصوتية ……… من الناظم:

الاختيارات:
A. تبتعد
B. تقترب
C. A أو B
D. كل ما سبق خاطئ",B,B
2318,"عندما يكون عمر الحالة المثارة طويلا تدعى القوى :

الاختيارات:
A. مستقرة
B. غير مستقرة
C. شبه مستقرة
D. B,C",B,C
2319,"من مواصفات أشعة التيراهرتز :

الاختيارات:
A. إشعاع غير مؤين.
B. يخترق الغيوم والضباب لمسافات محدودة.
C. لا يخترق الماء السائل والمعادن.
D. كافة الإجابات صحيحة.",D,D
2320,"الذي يعطى لأشعة غاما مصدرا آخر للأشعة السينية التي يمكن أن تكون مفيدة وطاقتها قريبة من طاقة أشعة غاما الأصلية بحيث يمكن عندها من أشعة واحدة هو :

الاختيارات:
A. التحول الخارجي
B. التحول الداخلي
C. الفلورة
D. بإصدار البوزترنات",C,B
2321,"تعتبر العظام ومستحضرات التباين العائمة كلها كاليود والباريوم من الكثافة:

الاختيارات:
A. المائية .
B. الدهنية.
C. الكلسية.
D. الهوائية.",C,C
2322,"ماهي طبيعة الاشعة السينية :

الاختيارات:
A. اشعة مهبطية
B. شكل من اشكال الضوء المرئي
C. جسيمات مشحونة
D. اشعاعات كهر طيسية",A,D
2323,"يمكن اعتبار طريقة التصوير التالية هي الأقل ضرراً على الجسم:

الاختيارات:
A. التصوير الحراري.
B. التصوير الشعاعي.
C. التصوير الطبقي المحوري.
D. التصوير باستخدام المواد المشعة.",A,A
2324,"إن أصل الضغط من وجهه نظر مجهرية ناتجه عن:

الاختيارات:
A. تصادمات بأنواعها المختلفة
B. تصادمات بنوع معين
C. اهتزازات جزئيه
D. كل ما سبق صحيح",D,A
2325,"ظاهرة التفاعل الإنشطارى :

الاختيارات:
A. يمكن أن تنشطر النواة وتكون غير مستقرة
B. النواة الثقيلة يمكن أن تنشطر إلى نواتين وتعطى جملة أكثر إستقراراً
C. النواة الثقيلة لا يمكن أن تنشطر
D. النواة الثقيلة غير مستقرة",B,B
2326,"مجموع الكتل الذرية النسبية في مركب أيوني هي:

الاختيارات:
A. الكتلة الجزيئية النسبية
B. الكتلة الصيغية النسبية
C. الكتلة الأيونية النسبية
D. الكتلة الذرية النسبية",C,B
2327,"يقع مجال التيراهرتز بين :

الاختيارات:
A. الأشعة تحت الحمراء والأمواج المكروية .
B. الأشعة السينية وفوق البنفسجية .
C. أشعة غاما والأشعة السينية .
D. الأمواج المكروية والراديوية .",A,A
2328,"يتم النقل بالإشعاع في:

الاختيارات:
A. الهواء
B. الخلاء
C. A,B
D. كل ما سبق خاطئ",C,C
2329,"اختبر الماء في الدرجة كمادة مرجعية للوزن النوعي لان كثافة الماء في هذه الدرجة تكون في:

الاختيارات:
A. قيمتها الواسطة
B. قيمتها العظمى
C. قيمتها الصغرى
D. قيمتها المتغيرة",A,B
2330,"بعد أن حققت الأشعة السينية رؤية داخل الجسم من دون بضعه لكنها أسفرت عن خطر الإصابة بإحادث:

الاختيارات:
A. التهابات الجلد الاشعاعية
B. انصباب الجنب
C. السرطانات
D. A,C (",D,D
2331,"يحدث حسر البصر او قصر البصر عندما : الامتحان الحل طلابي

الاختيارات:
A. ترى الاجسام البعيدة بوضوح
B. تكون شكل كرة العين او لدى وجود افراط في انحناء القرنية
C. عندما تشكل العين خيالا للجسم القريب اما الشبكية
D. عندما تكون القوة الكاسر للعدسة صغيرة جدا",B,D
2332,"يتكون صمام الأشعة السينية من:

الاختيارات:
A. المهبط
B. المصعد
C. المرشح
D. المسدد",A,D
2333,"توافر أمواج التيراهرتز ما عدا :

الاختيارات:
A. رؤية العظام
B. رؤية بشرية فائقة
C. رؤية الجسم تعددت الثبات
D. تركيب الاوية",B,C
2334,"يمكن لقوة مطبقة مماسية على مانع أن تجعله :

الاختيارات:
A. بهتر في موقعه
B. يجري بسهولة
C. فينضغط حجميا
D. كل ما سبق صحيح",D,C
2335,"تعنى معادلة الاستمرارية لمائع هو قابل لانضغاط

الاختيارات:
A. A1/v1= A2/v2
B. A1v1= A2v2
C. A1/A2 = v2/v1
D. كل ما ذكر خاطئ",A,B
2336,"يمكن تعقب الجزيئات الموسومة في أثناء :

الاختيارات:
A. حركتها في العضوية
B. عندما تخضع لتفاعلات كيميائية
C. A,C
D. كل ما سبق صحيح",D,D
2337,"مجال الـ UVA طوله الموجي بين :

الاختيارات:
A. 315-400nm
B. 280-315nm
C. 100-280nm
D. كل ماسبق خاطئ",B,B
2338,"أي من المركبات الآتية الأكثر حموضة ؟:

الاختيارات:
A. الماء
B. الفينول
C. الإناتول
D. المتانول",B,B
2339,"الزاوية الحرجة للياقوت الذي يحيط به الهواء هي (علما أن 1.77=n1 و 1= n2 (:

الاختيارات:
A. °q = 34.4
B. sin q c = 0.565
C. sinc = 1/1.77
D. كل ما سبق صحيح",D,D
2340,"يمثل الاضطراب الحالة

الاختيارات:
A. المتقدمة للجريان المستقر
B. الحدية للجريان المستقر
C. الحدية للجريان غير المستقر
D. المتقدمة للجريان غير المستقر",C,C
2341,"تدل دراسة تغير تابع إشعاع الجسم الأسود على أن الطاقة التي يصدرها الجسم الأسود لا تتعلق الا بـ:

الاختيارات:
A. طبيعة سلحه
B. اصداريته
C. درجة حرارته المطلقة
D. كل ما سبق صحيح",C,C
2342,"العدسة التي تكون ثخانتها صغيرة مقارنة بنصفي قطري إنحنائها :

الاختيارات:
A. عدسىة جسمية
B. عدسة رقيقة
C. عدسة إسقاط
D. عدسة كهر ضغطية",B,B
2343,"قوة اللزوجة بالنسبة لاتجاه جريان المائع :

الاختيارات:
A. تعاكسه .
B. توافقه .
C. عمودية عليه .
D. الكل خطأ .",C,A
2344,"يمكن تفكيك رابطة في خلايا النسج طاقتها بـ :

الاختيارات:
A. فوتون تواتر راديوي.
B. فوتون تواتر راديوي + فوتون تيراهرتز.
C. فوتون أشعة سينينة.
D. فوتون تيراهرتز.",D,C
2345,"يشير المسقط وفق خط الاشعة السينية:

الاختيارات:
A. شدة الحزمة عند المنبع المطروح منها شدة الحزمة النافذة.
B. الامتصاص الكلي وفق خط الحزمة .
C. الاستثار الكلى .
D. A,B .",D,D
2346,"لا تعتبر الخاصة التالية من الخواص المميزة لمفهوم الموجة:

الاختيارات:
A. طول الموجة .
B. التردد التواتر.
C. الزمن الدوري .
D. الكثافة.",D,C
2347,"تؤدي الحركة الجماعية للشحنات إلى :

الاختيارات:
A. الامتصاص الشديد للإشعاع المكروي
B. تبدلات في أماكن النسج و حصول حالات حروق
C. انفصالات أخرى للشحنات متسارعة تؤدي إلى توليد إشعاع كهرطيسي جديد
D. A,C",D,D
2348,"تدعى الظاهرة القوية للانتثار الخلفي التي تحدث عندما يتعدد الاشعاع المترابط في انتثاره في وسط عشوائي :

الاختيارات:
A. انتثاره خلفي مترابط
B. انتثار امامي مترابط
C. انتثار خلفي ضعيف
D. A,C",D,D
2349,"يجب على ضغط الهواء داخل القاعة في حالة الثوران أن يكون ......... من ضغط الماء خارجها حيث تتوازن قوة الضغط نحو الخارج مع قوة التوتر السطحي نحو الداخل:

الاختيارات:
A. اصغر
B. اکبر
C. احيانا
D. A,C",B,B
2350,"ان تعارف عوامل المرونة هي تعاريف من وجهه نظر الميكانيك:

الاختيارات:
A. حركيه
B. ديناميكية
C. توازنيه
D. كل ما سبق صحيح",D,C
2351,"وفقا للعلاقة يزداد تخامد فإن معامل التخامد u :

الاختيارات:
A. العدد الذري للوسط
B. كثافة الوسط
C. طاقة الاشعاع الوارد
D. كل ما سبق صحيح",D,B
2352,"مجال الـ UVC طوله الموجي بين :

الاختيارات:
A. 315-400nm
B. 280-315nm
C. 100-280nm
D. كل ماسبق خاطئ",C,C
2353,"تتناسب قرينة الانكسار وسط مادي معين ..........مع .........الأمواج في ذلك الوسط

الاختيارات:
A. طرديا - مربع السرعة
B. عكسيا - مربع السرعة
C. عكسيا - سرعة
D. طرديا - سرعة",B,C
2354,"سرعة الأمواج الطولانية في قضيب صلب ووتر:

الاختيارات:
A. :
B. :
C. :
D. :",B,B
2355,"في اثناء قياس الضغط بالمانومتر يمكن سماع الجريان.............. قبيل التصنيف بسماعة صدر:

الاختيارات:
A. الصفائحي
B. الرقائقي
C. المضطرب
D. الانسيابي",C,C
2356,"تتميز الأصبغة السلة بعتبة لبزرة

الاختيارات:
A. منخفضة جدا
B. مرتفعة جدا
C. متوسط
D. A,C",B,B
2357,"يولد المسح في ال BOLD منحنيات استجابة همودينيكية اكثر من دون إضافة معلومات تزيد كثيرا ما على يعطيه TR اعلى في حالة :

الاختيارات:
A. TRاقل من ثانية او ثانيتين
B. TRاكبر من ثانية
C. TRاقل من ثلاث ثوان
D. كل ما سبق صحيح",B,B
2358,"يتشكل انتفاخ حيث تضعف جدر الأبهر في حالة

الاختيارات:
A. أم دم الأبهر
B. الخثرات
C. التصلب الشرياني
D. كل ما سبق صحيح",D,A
2359,"هناك علاقة وثيقة بينظاهرتي الانعكاس والانكسار يمكن التعبير عنها بقوانين ... التي تعتمد على ....:

الاختيارات:
A. اينشتاين – اطوال الموجات
B. نيوتن – ثخانة الموجات
C. فرنل –قرائن الانكسار
D. A,C",D,A
2360,"كانت طريقة للعلاج الفيزيائي تستعمل فيها تيارات كهربائية عالية التردد لإحداث

الاختيارات:
A. تسخين كامل للأنسجة الحية
B. تسخين موضعي في الانسجة الحية
C. A,B
D. كل ماسبق خاطئ",B,B
2361,"– التواتر والطول الموجي هي من مميزات :

الاختيارات:
A. الموجة
B. الجسيم
C. الموجة والجسيم
D. ليس أيا مما سبق",C,A
2362,"يطلق على ـــــــ الـــــ NMR

الاختيارات:
A. انزياح السبين
B. صدى السبين
C. صورة السبين
D. كل ما ذكر صحيح",D,B
2363,"عند مرور حزمة من الالكترونات وحزمة البروتونات بجوار صفيحة مشحونة سلبا فإن حزمة الإلكترونات تنحرف مبتعدة عن الصفيحة وحزمة البروتونات تنحرف مقتربة من الصفيحة:

الاختيارات:
A. شدة انحراف حزمة الإلكترونات مشابهة لشدة انحراف البروتونات
B. شدة انحراف حزمة البروتونات أكبر بقليل من شدة انحراف البروتونات
C. شدة انحراف حزمة الإلكترونات أكبر بكثير من شدة انحراف البروتونات
D. تتعلق شدة الانحراف بعدد البروتونات وعدد الإلكترونات في كل حزمة",C,C
2364,"الطاقة التى تحملها الموجة في وحدة الزمن

الاختيارات:
A. شدة الموجة الصوتية
B. شدة الموجة الضوئية
C. استطاعة الموجة الصوتية
D. استطاعة الموجة الضوئية",C,D
2365,"علل لا يمكن للأفراد أن يدركو الأشعة البنفسجية مباشرة :

الاختيارات:
A. لأن عدسة عين الإنسان توقف معظم الإشعاع في مجال (٤٠٠ - ۳۰۰(
B. لأن قرينة عين الإنسان توقف معظم الإشعاع في مجال (٤٠٠ - ۳۰۰(
C. لأن قرينة عين الإنسان توقف معظم الأطوال الموجية الأقصر من ٣٠٠
D. A,C",D,D
2366,"تم دراسة خصائص مغناطيسية نواة الهيدروجين لأنها

الاختيارات:
A. أكثر تواجدا في جسم الإنسان
B. سهولة الحصول عليها
C. لأنها الأكثر استخداما
D. كل ما سبق صحيح",B,D
2367,"تسمح قابلية ....... بالمطابقة بالمطابقة من اجل كل ابعاد الجسم عن العين مع الاستمرار بتشكيل خيال على بعد ثابت من العدسة يتحدد بالفاصل بين العدسة والشبكية :

الاختيارات:
A. تعديل البعد بين العدسة والشبكية
B. تعديل شكل القزحية
C. تعديل شكل العدسة
D. كل ما سبق صحيح",D,C
2368,"يؤثر الضغط على توازن التفاعلات التي تكون متفاعلاتها ومنتجاتها:

الاختيارات:
A. مواد صلبة
B. سوائل
C. غازات
D. كل ما سبق",D,C
2369,"إن التواتر في حالة الأمواج الصوتية هو :

الاختيارات:
A. عدد الإنضغاطات الاي تمر في نقطة معينة في الثانية
B. عدد التخلخلات التي تمر في نقطة معينة في الثانية
C. F=c/λ
D. C,B",A,A
2370,"نتيجة الحصول على صور مشوشة بالتصوير المقطعي دعا ذلك إلى :

الاختيارات:
A. الاستعانة بالحاسوب.
B. معالجة الصور بمرشحات حاسوبية.
C. تقليل كمية الأشعة الساقطة .
D. A,B .",D,D
2371,"تصدر أجسامنا الطاقة حتى في درجات الحرارة العادية على شكل:

الاختيارات:
A. أجسام حرارية
B. إشعاع كهرطيسي
C. نقاط صفراء
D. ألوان متعددة",A,B
2372,"كل مايلي صحيح عن أمواج التيراهرتز ماعدا

الاختيارات:
A. بعد الغلاف الجوي ماصا شديدا التيراهرتز في كل مجالة
B. تستخدم أمواج التيراهرتزفي الكشف من النخور السينية غير المرئية
C. تستخدم أمواج التيراهرتز في تشخيص الإصابة بالسرطان في مرحلة مبكرة
D. تستخدم أمواج التيراهرتز في تحديد موقع الإصابة بالسرطان في مرحلة مبكرة",C,A
2373,"كل العبارات التالية صحيحة ماعدا :

الاختيارات:
A. لكل عشرة ملايين جزيء من الهواء هناك ما لايزيد على ثلاثة جزيئات O3
B. تأثيرات O3 الوسيطية التي لا تستهلكه تجعل وجوده مهما جدا
C. ثقب الأوزون هو إنخفاض تركيز الأوزون فيه
D. ثقب الأوزون هو إنخفاض جزينات تركيز الأوزون فيه",A,D
2374,"العالم الذي قام بانتكار نظرية وتقنيه انعراج الأشعة السينية بالطورات هو:

الاختيارات:
A. انشتاین
B. روتنجن
C. براع
D. A,B",D,C
2375,"يكون الحمل تلقائيا في مانع معين عندما تنجم حركته حصرا عن:

الاختيارات:
A. تغيرات كثافته المرتبطة بتسخينه او تبريده
B. تغيرات في حجم المائع
C. تغيرات في شكل المائع
D. كل ما سبق صحيح",D,A
2376,"يمكن للنوى التالية أن تصدر البوزيترونات (الخطأ) :

الاختيارات:
A. الأكسجين 15
B. الكربون 11
C. البوتاسيوم 39
D. الأزوت 13",C,C
2377,"التجربة التي برهنت على تكمية القضاء هي:

الاختيارات:
A. تجربة غيرلاش
B. تجربة دافنسون وحرمر
C. تجربة كومتون
D. كل ما سبق صحيح",B,D
2378,"عندما تتضاعف شدة الموجة الصوتية عشر مرات:

الاختيارات:
A. يتضاعف المستوى الصوتي
B. يرتفع المستوى الصوتي بمقدار dp 10
C. يرتفع المستوى الصوتي بمقدار dP 3
D. يرتفع المستوى الصوتي بمقدار dp 6",D,B
2379,"أي هذه الجزيئات تبدي تصاوغا ضوئيا:

الاختيارات:
A. CHBrCIF
B. CHBr2F
C. CHCIF2
D. CH2CIF",C,A
2380,"التحولات التي تحافظ على العدد الكتلي تدعى التحولات:

الاختيارات:
A. الايزوتونية
B. الايزوبارية
C. الايزوميرية
D. كل ما سبق صحيح",D,B
2381,"الجرعة المكافئة تصف التأثير البيولوجي وهي عبارة عن :

الاختيارات:
A. حداء....الجرعة الممتصة في عامل النوعية
B. عامل النوعية
C. مجموع الجرعة الممتصة وعامل النوعية
D. مجموع الجرعة الممتصة في الجملة الحيوية",C,A
2382,"بالاعتماد علي اجابتك علي السوائل 6 ،، يكون السبب :

الاختيارات:
A. زيادة شحنة النواة
B. فقد طبقة إلكترونية
C. تنافر الكتروني
D. ازدياد طبقة إلكترونية",C,B
2383,"في الـ NMR طبقت تغير السن في الحام معين سيعود هذا السين بد انتهاء المنصة إلى النحافة الأول بمعمل يعد نشره مع البنات المجاورة بعبر

الاختيارات:
A. ثابت استرخاء ثان
B. ثابت استرخاء أول
C. معتل النبض
D. السرعة الزاوية",B,C
2384,"وفقا للعلاقة E=EA فإن طاقة ارتباط النواة الكلية تتناسب مع:

الاختيارات:
A. كتلة تكويناتها.
B. عدد تكويناتها.
C. حجم تكويناتها.
D. . A,C",B,B
2385,"في تجربة رذرفورد عندما يقترب جسيم ألفا لأقل مسافة ممكنة من النواة عند هذه المسافة تتحول:

الاختيارات:
A. الطاقة الحركية إلى طاقة كامنة ثقالية
B. الطاقة الكامنة إلى طاقة حركية
C. الطاقة الحركية إلى طاقة كولونية
D. الطاقة الكامنة إلى طاقة حرارية",B,C
2386,"تعرف وحدة قياس الجرعة الممتصة بالمساواة:

الاختيارات:
A. 1Gr=0.1J/kg=10rad .
B. 1Gr=0.1J/kg=100rad .
C. 1Gr=1J/kg=1000rad.
D. 1Gr=13/ka=100rad .",B,D
2387,"في حالة مجس يتكون من شبكة من تراجيم خطية فيمكن تبذير الموجة عن طريق :

الاختيارات:
A. عدسات تقليبية
B. عدسات صوتية
C. خطوط تأخير الكترونية
D. C+A",D,D
2388,"تحضر البلورات الكهر ضعطية من

الاختيارات:
A. ثاني اكسيد السيلكون
B. الكوارتر
C. مادة سراميكية
D. كل ما سبق صحيح",D,D
2389,"كل ما يلي صحيح عن سبكا الانعراج :

الاختيارات:
A. تستخدم في المطباقية الضوئية
B. تتكون من عدد كبير من الشقوق المتقاربة والمتساوية الابعاد
C. تعد النهايات العظمى التي نحصل عليها من تطبيقات التداخل
D. سميت شكة انعراج لحدوث انعراج عند كل شق من شقوقها",B,B
2390,"القانون الذي يربط بين معدل الجريان الحجمي في وعاء دموي من جهة وفارق الضغط بين طرفي الوعاء ونصف قطره الداخلي وطوله ولزوجه الدم هو:

الاختيارات:
A. قانون بورواري
B. قانون اينشتاين
C. قانون الاستمرارية
D. قانون برنولي",A,A
2391,"يفسر فيزيائيو اليوم الحقل المغناطيسية لذرات الفضة والهيدروجين أنها تنشأ من:

الاختيارات:
A. الاندفاع الزاوي المداري
B. الاندفاع السبيني
C. الاندفاع الزاوي
D. كل ما سبق صحيح",D,B
2392,"عندما تكون سرعة المائع في اي نقطه منه ثابتة مع مرور الزمن فالجريان يكون:

الاختيارات:
A. غير مستقر
B. مستقر
C. مضطرب
D. A, C",B,B
2393,"نعبر العلاقة عن آلية انتقال الحرارة بـ:

الاختيارات:
A. النقل
B. الحمل
C. الإشعاع
D. التبخر",A,B
2394,"إن الحركة الحسية

الاختيارات:
A. الأكثر أهمية من بين جميع الحركات الاهتزازية
B. أبسط الحركات الإهتزازية
C. أشكل تمثيل كافي الدقة بكثير من الظواهر الاهتزازية
D. كل ما سبق صحيح",D,D
2395,"عندما يجري في طبقات منتظمة وكأنها منفصلة بعضها عن بعض بحيث ان كل جزء صغير من كل طبقة يتبع المسار نفسه كاي جزء اخر من هذه الطبقة فان الجريان يكون:

الاختيارات:
A. مستقراً ورقائقياً
B. مستقراً وطبقياً
C. غير مستقل وغير رقائقي
D. A, B",B,D
2396,"من أهم تطبيقات الأمواج المكروية:

الاختيارات:
A. المعالجة الفيزيائية .
B. الكشف عن الجزيئات العضوية عبر بصمتها الجزيئية .
C. التصوير الشعاعي عبر قياس شدة نفوذيتها من العضو المصور.
D. جميع العبارات السابقة خاطئة .",C,A
2397,"صفات الخيال في المصورات ذات الثقب:

الاختيارات:
A. خيال وهمي صحيح.
B. خيال وهمي مقلوب.
C. خیال حقيقي مقلوب.
D. خيال حقيقي صحيح.",C,C
2398,"من الأليات التي من شأنها إتلاف الخلايا بعد امتصاص الضوء في :

الاختيارات:
A. المفعول الفوتو كيميائي
B. الاستئصال الضوئي أو الكهربائي أو الميكانيكي او الكمومي
C. المفعول الحراري
D. كل ما سبق صحيح",D,C
2399,"تتناسب قرينة الانكسار لأي وسط معين:

الاختيارات:
A. عكسيا مع سرعة الأمواج في ذلك الوسط
B. عكسيا مع مربع سرعة الأمواج في ذلك الوسط
C. طرديا مع سرعة الأمواج في ذلك الوسط
D. طرديا مع مربع سرعة الأمواج في ذلك الوسط",D,A
2400,"الذرة المثارة عندما تفقد الطاقة المكتسبة تلقائيا فهذا الإصدار يدعى

الاختيارات:
A. اصدار محثوث
B. إصدار تلقاني
C. فلورة
D. B,C",C,D
2401,"كل ما يلي صحيح عن المعالجة عن قرب ما عدا :

الاختيارات:
A. تستخدم فيه صيدلانيات إشعاعية مناسبة للعضو
B. تساعد الصيدلانيات الإشعاعية على تخفيف الأعراض الجانبية أو الآذية التي يمكن أن تلحق بالأعضاء أو البني المجاورة للعضو المعالج
C. من أهم المصادر المشعة المستخدمة في العلاج89-Sr , 153-Sm , 90-Yt , 131-I
D. يتم تناول الصيدلانيات فمويا فقط",D,D
2402,"– الاشعة التي حققت حلم الانسان القديم في رؤية داخل الجسم من دون بضعة هي :

الاختيارات:
A. الاشعة فق البنفسجية
B. الاشعة تحت الحمراء
C. الاشعة التير هرتز
D. الاشعة السينية",D,D
2403,"وفقا للعلاقة)h +(n+ (Ɩ+1) فإنها تمثل:

الاختيارات:
A. En
B. Et
C. Ent
D. Em",C,C
2404,"من ميزات التصوير المقطعي المحوري:

الاختيارات:
A. أحدث ثورة في مجالات الطلب
B. توفير تشخيص أقل ضررا
C. أكثر دقة
D. كل ما سبق صحيح",D,D
2405,"تشير مجموعة المعطيات التجريبية الحديثة أن :

الاختيارات:
A. للبروتون بنية معقدة غير متجانسة
B. للنترون بنية معقدة غير متجانسة
C. للإلكترون بنية معقدة غير متجانسة
D. A,B",D,D
2406,"إن وسط الربح في ليزر معين هو مادة يمكن التحكم بها بـ

الاختيارات:
A. نقاوتها
B. أبعادها وشكلها
C. تركيزها
D. كل ماسبق صحيح",D,D
2407,"يؤدي تفاعل حمض الآزوت المركز بوجود حمض الكبريت المركز مع نترو البنزن إلى تشكل

الاختيارات:
A. بارا ثنائي نترو البنزن
B. ميتا ثنائي نترو البنزن
C. أورثو ثنائي نترو البنزن
D. مزيج من أورثو ثنائي نترو البنزن ويارا ثنائي نترو البنزن",D,B
2408,"الاستبدال النكليوفيلي الأسرع في التفاعل الآتي يحدث في حال كانت X هي: CH3CH2 X + OH- → CH3CH2 OH + X-

الاختيارات:
A. ذرة بروم Br
B. ذرة كلور CL
C. ذرة يود I
D. ذرة فلور F",D,C
2409,"التبادلات التي تجري بين الجسم الصلب والمانع المتحرك الذي يختلف عنه في درجة الحرارة تكون:

الاختيارات:
A. النقل
B. الحمل
C. الإشعاع
D. التنخر",A,B
2410,"وظيفة الحقل الكهربائي في الأفران الكروية

الاختيارات:
A. يجعل جزيئات الماء تقوم بحركة دورانية
B. يقوم بتوليد الأمواج المكروية
C. يقوم بتوجيه الأمواج الكروية
D. يخصص مقدار تسرب الأمواج المكروية",C,A
2411,"الوسط الفعال في ليزر الإلكترونات الحرة:

الاختيارات:
A. صلب.
B. أو سائل .
C. أو غاز .
D. لا صلب ولا سائل ولا غاز .",C,D
2412,"إذا حدث خطأ في اختيار ابعاد الفتحة ومدة التعرض فإن تعرض الفلم يكون :

الاختيارات:
A. أكثر مما يسعى
B. اقل مما ينبغي
C. A,B معا
D. B أوA",C,D
2413,"زمن الطيران هو:

الاختيارات:
A. الزمن الذي تستغرقه الموجة من المنبع حتى الوصول إلى السطح ثم الارتداد عنه حتى الوصول إلى الكاشف
B. الزمن الذي تستغرقه الجسيمات من المنبع حتى الوصول إلى السطح ثم الارتداد عنه حتى الوصول إلى الكاشف
C. الزمن الذي تستغرقه الموجة من المنبع حتى الوصول إلى الكاشف
D. كل ماسبق خاطئ",B,A
2414,"تنطلق الدورة الصوتية بحدة وسطاء

الاختيارات:
A. نصف قطر انحناء العدسة
B. ابعاد البلورة الكهر ضغطية
C. تواتر الموجة الصوتية
D. كل ما سبق صحيح",D,D
2415,"تتميز الاشعاعات الكهرطيسية بطبيعة:

الاختيارات:
A. موجية.
B. جسيمية.
C. مثنوية .
D. كل ما ذكر خطأ.",A,C
2416,"لا تنتمي طريقة التصوير التالية الى طرائق التصوير التشخيصي في الطب النووي:

الاختيارات:
A. التصوير الومضاني scintigraphy .
B. SPECT .
C. PET.
D. التجاوب المغناطيسي النووي .",D,D
2417,"إن الممانعة الصوتية : (الخطأ)

الاختيارات:
A. تكون أكبر ما يمكن في النسج العظمية .
B. أصغر ما يمكن في الرئتين .
C. وتكون في النسيج الشحمي أخفض منها في الرئتين .
D. ممانعة النسيج الشحمي أعلى منها في العضلات.",C,D
2418,"تخضع هالوجينات الالكانات إلى تفاعل......... بالقلويات

الاختيارات:
A. استبدال نكليوفيلي
B. استبدال الكتروفيلي
C. اضافة
D. ليس اي مما سبق",B,A
2419,"يمكن تشخيص الأمراض المختلفة بالأمواج فوق الصوتية والتي تواترها من مرتبة :

الاختيارات:
A. A هرتز
B. 20000 هرتز
C. هرتز
D. هرتز",B,C
2420,"الطريقة التي تبلغ مقدرة فاصلة من مرتبة أصغر من البعد الخلوي

الاختيارات:
A. الإيكو عربي
B. الأشعة السينية
C. التصوير المقطعي بالترابط الضوئي
D. التصوير الضوصوتي",D,C
2421,"الأاشعة فوق البنفسجية :

الاختيارات:
A. تدعى الضوء الأسود.
B. يمكن مشاهدتها بالعين المجردة.
C. حصتها من الاستطاعة الكلية لضوء الشمس يقارب ال 50%.
D. كل ما سبق صحيح.",A,A
2422,"السبين يتجه :

الاختيارات:
A. للاعلى
B. للاسفل
C. للافق
D. كل ما سبق صحيح",B,D
2423,"يستخدم الليزر الصباغي في :

الاختيارات:
A. الجراحة .
B. معالجة الوحمات الوعائية .
C. التصوير .
D. الكشف عن سرطان الجلد .",D,B
2424,"يستخدم ليزر غاز الأرغون في :

الاختيارات:
A. لحم الشبكة بالمشيمة .
B. تصوير الشبكية .
C. تصوير العضلة القلبية .
D. المعالجة الفوتودينمكية .",A,A
2425,"افترض افوكادرو أن:

الاختيارات:
A. حجوما متساوية من الغازات المختلفة لها نفس الكتلة
B. حجوما متساوية من الغازات المختلفة (في نفس الشروط من الحرارة والضغط) تحتوي نفس العدد من المولات
C. كتل متساوية من الغازات المختلفة تحتوي نفس العدد من المولات
D. حجوما متساوية من الغازات المختلفة تحتوي نفس العدد من المولات بصرف النظر عن الحرارة والضغط",B,B
2426,"عند تسميه الالدهيدات يجب مراعاة أنه :

الاختيارات:
A. ان نضيف المقطع (ال)
B. ليس هنالك حاجة للترقيم
C. تشتاق من اسم الالكان الموافق
D. كل ما سبق",D,D
2427,"كل مايلي صحيح عن الإصدارية ماعدا:

الاختيارات:
A. تدل على الإشعاع الممتص عند الطول الموجي
B. عندما يعبر الإشعاع كنه أو يرتد عنه فان إصداريته تساوي الصفر
C. عندما يمتص كله فإن إصدار يته تساوي الواحد من أجل كل الأطوال
D. هي عدد ليس له أبعاد قيمته بين الصفر والواحد وهي نسبة الموجية معدل الإشعاع من سطح معين إلى معدل الإشعاع من مساحة مختلفة من سطح مشع أسود مثالي في درجة الحرارة نفسها.",B,D
2428,"تدل البقع الداكنة السواد في فيلم التصوير الشعاعي على وجود؟ في مسار حزمة الأشعة السينية:

الاختيارات:
A. نسيج رخو قليل الكثافة.
B. هواء.
C. نسيج عظمي عالي الكثافة.
D. نسيج شحمي.",C,B
2429,"يعطي تسخين 2- نترو الفينول مع القصدير وحمض كلور الماء المركز:

الاختيارات:
A. 2- هيدروكسي البنزن
B. 2- هيدروكسي نترو البنزن
C. فينيل أمين
D. 2 - أمينو الفينول",B,D
2430,"من ميزات التصوير الرقمي المتلفز ماعدا:

الاختيارات:
A. يعاد فيها التقاط الصورة المتشكلة على شاشة مضخم السطوع الثانوية عن طريق محول رقمي / تمثيلي يقوم بتعيين رقم لكل نقطة منها.
B. تسمح الأجهزة الحالية بتمثيل ما يزيد على مئتي قيمة للسطوع .
C. عدد عناصر الصورة نحو 250000 بيكسل.
D. تحفظ الصورة الرقمية في ذاكرة مغناطيسية ليقوم الحاسب بمعالجتها ومن ثم إعادة تشكيلها على شاشة عن طريق محمول رقمي/ تمثيلي.",B,A
2431,"عند تكون تواترات الموجة لا تقابل التوترات الطبيعية للجسيمات يحدث :

الاختيارات:
A. الامتصاص
B. الانتثار
C. الانعكاس
D. الانكسار",D,B
2432,"أن عدد النيكلونات في وحدة الحجوم ............

الاختيارات:
A. يتناسب طردًا مع طبيعتها
B. يتناسب عكسًا مع طبيعتها
C. مستقل عن طبيعتها
D. A, C",A,C
2433,"بالنسبة العلاقة فان العبارة الخاطئة

الاختيارات:
A. سعة الحقل الكهربائي
B. التواتر الز اوى
C. ثابت الطور
D. ساعات انتشار الموجة",C,D
2434,"عندما يصدر منبع معزول اشعاعي في اتجاهات الفراغ كلها يعدى الإصدار :

الاختيارات:
A. متماثل النواحي
B. كروبا
C. ISOTROPIC
D. كل ما سبق صحيح",C,D
2435,"تولد ليزرات الأيونات المعدنية.

الاختيارات:
A. ضوء احمر
B. ضوء فوق بنفسجي
C. ضوء تحت احمر
D. A,C",B,B
2436,"بيتم الكشف عن التفضيلات العرضائية للنسج بـ... وأما فيما يتعلق بالمقدرة الفاصلة الطولانية فهي تعتمد على ..........

الاختيارات:
A. المقدرة الفاصلة للمجهرية الضوئية - قصر النبضات الضوئية المستخدمة
B. النبضات الضوئية المستخدمة - المقدرة الفاصلة للمجهرية الضوئية
C. المسار الضوئي - المسار الهندسي
D. المسار الهندسي - المسار الصوتي .",B,A
2437,"تصدر العضلات تواترات

الاختيارات:
A. تحت صوتية
B. صوتية
C. فوق صوتية
D. A,B",B,A
2438,"تدل دراسة تغير تابع إشعاع الجسم الأسود على أن الطاقة التي يصدرها الجسم الأسود لا تتعلق الا بـ:

الاختيارات:
A. طبيعة سلحه
B. اصداريته
C. درجة حرارته المطلقة
D. كل ما سبق صحيح",C,C
2439,"الكثافات الشعاعية الأساسية في الجسم البشري:

الاختيارات:
A. الكثافة المائية والكثافة الهوائية .
B. الكثافة الدهنية والكثافة الكلسية .
C. الكثافة الزئبقية والكثافة الهيدروجينية.
D. A,B .",A,D
2440,"درجة الإحمرار وإثارة العين لا تتنبأ بالآثار ....... الأمد للــ : UV

الاختيارات:
A. قصيرة
B. متوسطة
C. طويلة
D. A,B",A,C
2441,"من الخصائص المغناطيسية للمادة (الخطأ)

الاختيارات:
A. المغنطة الموافقة .
B. المغنطة المعاكسة .
C. المغنطة الحديدية .
D. الناقلية الفائقة .",B,D
2442,"النظائر المشعة في التصوير بالأصدر البوزتروني تصدر.

الاختيارات:
A. اشعة غاما
B. أشعة بينا
C. أشعة X-RAY
D. بوزترونات",D,D
2443,"كل ما يلى صحيح عن M ماعدا

الاختيارات:
A. تمثل مختلف الأصداء على شكل نقاط مضيئة
B. كبير الشيخ بركة.
C. ثم إدخال معامل الزمن في معالجة الصورة
D. يستخدم لمعالجة الوحمات الوعائية",D,C
2444,"يرافق جريان الموانع في التضيقات:

الاختيارات:
A. زيادة في السرعة وصعود في الضغط.
B. زيادة في السرعة وهبوط في الضغط .
C. نقص في السرعة وصعود في الضغط .
D. نقص في السرعة وهبوط في الضغط .",B,B
2445,"بالنسبة للدورات الصباغية ايا من العبارات التالية خاطئة

الاختيارات:
A. تستخدم صناعا عضويا كوسط ربح على شكل محلول سائل عادة
B. يسمح اتساع طيف ربح الأصبغة المتوافرة لهذه الليزرات بان تكون قابلة للتوليف على نطاق واسع أو أن تولد نبضات قصيرة جدا
C. اتساع عرض عصابتها مناسبة بشكل خاص الليزرات قابلة للتوليف وليزرات نبضة
D. يمكن استبدال الصباغ بنوع اخر لتوليد مختلف الأطوال الموجبة لليزر اخر",D,D
2446,"في حالة وجود فائض في عدد البروتونات

الاختيارات:
A. إما أن تصدر النواة الكترونا موجبا لدى تحول أحد بروتوناتها إلى نترون بالإضافة إلى نترينو
B. يحدث الإصدار البوزيتروني حيث يتفاعل هذا البوزيترون مع أحد الكترونات الوسط ليعطي فوتونين جاماويين ينطلقان في اتجاهين متعاكسين
C. الفوتونان الناتجان عن الإصدار البوزيتروني يمكن الاعتماد عليهما في إدارة الجسم البشري والحصول على صورة وظيفية من خلال التصوير المقطعي البوزيتروني
D. كل ما سبق صحيح",D,D
2447,"يمكن استكشاف الجسم عن طريق الأمواج أو الأشعة الصادرة عنه في: (الخطأ)

الاختيارات:
A. الطب النووي.
B. تصوير العضلات .
C. الصور الحرارية.
D. التصوير شعاعي .",A,D
2448,"يتشكل انتفاخ حيث تضعف جدر الأبهر في حالة:

الاختيارات:
A. أم دم الأبهر
B. الخثرات
C. التصلب الشرياني
D. كل ما سبق صحيح",D,B
2449,"التصوير الحراري يجعل المرء قادرا على رؤية بيته:

الاختيارات:
A. بوجود إنارة
B. من دون وجود إنارة
C. بوجود أجسام معينة
D. A,B",B,D
2450,"تستخدم المصورات الحرارية المنخفضة:

الاختيارات:
A. صفائف محززة
B. صفائف مستوية الدورة
C. صفائف متحدة المركز
D. A ,C",D,B
2451,"يتم تبريد المصعد في انبوبة رونتجن بهدف :

الاختيارات:
A. توليد الأشعة السينية.
B. إطالة عمره.
C. توليد عمامة الكترونية.
D. جعله يدور .",B,B
2452,"تنخفص الملوثات عندما تتعرض إلى شدات ..... للـ UV عند الأطوال الموجبة ..... :

الاختيارات:
A. منخفضة من (٢٤٠ إلى ٢٨٠)
B. عالية من (٢٤٠ الى ۲۸۰)
C. عالية من (۲۵۰ إلى ۲۸۰)
D. كل ما سبق خاطئ",B,B
2453,"ماهي الاشعة التي ساهمت في تقدم علم البلورات :

الاختيارات:
A. UV
B. IR
C. تیراهرتز
D. X-RAY",D,D
2454,"طاقة فوتونات الاشعاعات الكهرطيسية: (الخطأ)

الاختيارات:
A. تتناسب طردا مع التواتر.
B. تتناسب عكسا مع الدور.
C. تتناسب طردا مع السرعة.
D. تتناسب طردا مع طول الموجة.",B,D
2455,"من صفات الأمواج المكروية ماعدا:

الاختيارات:
A. أشعة غير مؤيلة
B. التعرض لهما على المدى الطويل يمكن أن يكون له أثار مسرطنة
C. التعرض لشدات عالية جدا منها يمكن أن يسحب التسخين والحروق
D. التعرض للإشعاع المكر وموجي يمكن أن يحدث السرطان على المدى القصير",B,D
2456,"العين أكثر حساسية للتلف بـ UV في العصابة ذات الأطوال الموجية:........

الاختيارات:
A. الأقصر
B. المتوسطة
C. الأطول
D. B,A",C,A
2457,"تستخدم في الطب النووي عند المعالجة عن قرب الصيدلانيات الإشعاعية على شكل جرعات تؤخذ عن طريق :

الاختيارات:
A. الفم
B. الحقن الوريدي
C. زراعة المادة المشعة في المنطقة المصابة
D. كافة الإجابات صحيحة",D,D
2458,"إن مكونات المادة الحية تختلف في امتصاصها للضوء بحسب.

الاختيارات:
A. الطول الموجي
B. ثخانة الإشعاع
C. كثافة المادة
D. B,C",A,B
2459,"الامتصاص الثنائى الفوتون هو عملية من المرتبة ...........تكون أضعف من الامتصاص الخطى بعدة مراتب عند شدات صوتية

الاختيارات:
A. الثانية - منخفضة
B. الثالثة - منخفضة
C. الثالثة - مرتفعة
D. الثانية - مرتفعة",A,B
2460,"الطريق الهندسي الذي يمكن للضوء أن يقطعه في الخلاء مضروبا بقرينة انكسار الوسط هو:

الاختيارات:
A. المسار الهندسي
B. المسار الضوئي
C. مربع المسار الهندسي
D. مربع المسار الضوئي",C,D
2461,"تمتلك الذرة وفق للنظرية الكمومية :

الاختيارات:
A. حدودا واضحة
B. عمامة إلكترونية مختلفة الكثافة
C. A+B
D. كل ما سبق خاطئ",B,B
2462,"عندما نمسح النهاية المدببة سطح المعدن في مجهر STM يتم التحكم في ارتفاعها للحفاظ على :

الاختيارات:
A. ثبات البعد
B. ثبات التيار النفقي
C. A.B
D. كل ما سبق خاطئ",B,B
2463,"معدل الإشعاع من سطح إلى معدل الإشعاع من مساوية من سطح مشع مثالي في درجة الحرارة نفسها:

الاختيارات:
A. الإصدارية
B. النفوذية
C. الامتصاصية
D. الانعكاسية",A,A
2464,"العين أكثر حساسية للتلف بـ UV في العصابة ذات الأطوال الموجية:........

الاختيارات:
A. الأقصر
B. المتوسطة
C. الأطول
D. B,A",C,A
2465,"يمكن من خلال التفاعل+ الاستفادة في التصوير من :

الاختيارات:
A. فوتونات الفلورة السينية .
B. أشعة غاما .
C. البوزترونات.
D. الالكترونات.",C,A
2466,"كل ما يلي صحيح عن كاميرا انجيه ماعدا. الكواشف فيها مكونة من بلورة ومضائية وأنابيب مضاعفة فوتوكهربائية فقط الكواشف فيها مكونة من بلورة ومضانية وأنابيب مضاعفة فوتوكهربائية وصفيحة تسديد رصاصية تتضمن الكاميرا عدد كبير من الكواشف النشاطية الاشعاعية في العديد من النقاط في الوقت نفسه تعرف بكاميرا غاما

الاختيارات:
A. الكواشف فيها مكونة من بلورة ومضائية وأنابيب مضاعفة فوتوكهربائية فقط
B. الكواشف فيها مكونة من بلورة ومضانية وأنابيب مضاعفة فوتوكهربائية وصفيحة تسديد رصاصية
C. تتضمن الكاميرا عدد كبير من الكواشف النشاطية الاشعاعية في العديد من النقاط في الوقت نفسه
D. تعرف بكاميرا غاما",D,D
2467,"كل مايلي صحيح عن مقباس مايكلسون التداخلي ما عدا :

الاختيارات:
A. يتكون من منبع صوتي وشاطر
B. عنما ترد حزمة الضوء المترابط إلى مجرئ الحزمة ينفذ منه نصف الحزمة إلى المرآة M1 وينعكس النصف الأخر نحو المرآة M2
C. تنعكس الحزمة الصوبيتان عن المرآتين لتنضم إحداهما للأخرى وتظهران على الشاشة
D. إذا كلنا نراعا مقياس التداخل مختلفين في الطول يمكن أن يظهر فوق الطور بين التواعن على شكل ضوء خافت",D,D
2468,". يعرف الانفعال بالـ:

الاختيارات:
A. مقياس تعامل ويع
B. مقياس لدرجة التشوة
C. مقياس لعامل القروية
D. مقياس لعامل الصلابة",B,C
2469,"الأمواج أحادية البعد:

الاختيارات:
A. أمواج عرضانية في وتر
B. أمواج طولانية في قضيب أو أنبوب مملوء بمائع
C. أمواج خطية
D. كل ما سبق صحيح",D,D
2470,"وفقا لمعادله الاستمرارية إذا كان المقطع أسطواني الشكل فستكون سرعة جريان الماء حيث يكون نصف القطر كبيراً سرعته بحيث يكون نصف القطر صغيرا:

الاختيارات:
A. أكبر من
B. أصغر من
C. يساوي
D. A, C",B,B
2471,"القوى التي تكون تدافعية بين كل النكليونات وتسبب نواة عدم انضغاطية النواة ومسؤولة عن النشاط الإشعاعي 6 هي :

الاختيارات:
A. قوى التأثر الشديد القصيرة المدى
B. قوى التأثر الضعيف القصيرة المدى
C. قوى التأثر الكهرطيسية
D. قوى التأثر المعروفة في الطبيعة وهو الثقالي < 0.5 fm",B,B
2472,"كل مايلي صحيح غت الناظم ما عدا :

الاختيارات:
A. في حالة الانعكاس يرتد الضوء الوارد وفق الناظم على نفسه
B. في حالة الانكسار ينفذ من السطح الكاسر بزاوية انكسار صفر
C. في حالة الانكسار ينفذ من السطح الكاسر بدون انكسار
D. الناظم يكون اقرب لزاوية الورود دائماً",A,D
2473,"الجهاز الذي يعمل عكس المصورة هو :

الاختيارات:
A. جهاز إسقاط الشرائح
B. جهاز الصور المتحركة
C. A,B
D. كل ما سبق خاطئ",C,C
2474,"النموذج الذي لم يستطع تجبر المفعول الكهرضوئي واشعاع الجسم الأسود هو :

الاختيارات:
A. النموذج الفوتون للضوء
B. النموذج الجسيمي للضوء
C. النموذج الموجي للضوء
D. A.BC صحیحان",D,C
2475,"أيا من العبارات التالية صحيحة حول EB :

الاختيارات:
A. هي طاقة الإرتباط الكلية للنواة
B. هي الطاقة التي يجب تقديمها لتفكيك بروتون عن نترون في حالة نواة الديتريوم
C. هي طاقة موجبة تنشأ من فعل القوى التي توحد النكليونات في النواة
D. كل ماسبق صحيح",D,D
2476,"وفقا للعلاقة3 πr K=فإن V تمثل:

الاختيارات:
A. كتلة النواة
B. حجم النواة
C. حجمها
D. A,B",B,B
2477,"يحدث تبادلات حرارية عديدة بين الإنسان ومحيطه وتكون 90% من هذه التبادلات في:

الاختيارات:
A. العضلات
B. الجلد
C. النواة
D. الكبد",B,C
2478,"ترتبط عتبة الألم لدى الإنسان في حالة الموجة الصوتية ب: (الخطأ)

الاختيارات:
A. نوع المنبع .
B. الضغط الصوتي .
C. بسعة انتقال الجزيئات المهتزة .
D. شدة الموجة الصوتية .",D,C
2479,"تقع مستويات الأمواج فوق الصوتية

الاختيارات:
A. من 0.01 إلى 0.1
B. من 1 الى 2
C. من 0.1 إلى 0.2
D. من 0.001 الى 0.1",D,C
2480,"عند توازن التفاعل A + B = C بلغ ضغط كلاً من A و C(2.5×10 pa) و[[B= 0.1M فيكون ثابت التوازن

الاختيارات:
A. 10
B. 2.5×10 pa
C. 1
D. 2.5×10 pa",C,C
2481,"الوسط الذي تكون فيه كثافة الأيونات الموجبة والسالبة أكبر من كثافة الأيونات المعتدلة يسمى:

الاختيارات:
A. ماء
B. بلازما
C. صلب
D. سائل",C,B
2482,"يمكن تعريف معامل تخامد الأمواج الصوتية في النسج بـ : (الخطأ)

الاختيارات:
A. dB)α
B. 4.343μ
C. loge× 10× μ
D. loge× 10×",D,D
2483,"الاطمئنان على صحة الجنين عند المرأة الحامل يكون بإجراء:

الاختيارات:
A. الإيكو غرافي .
B. التصوير المقطعي المحوري .
C. التصوير الحراري .
D. تصوير مغناطيسية الدماغ .",A,A
2484,"تنتج الأعداد الكمومية m1,I,nعن :

الاختيارات:
A. معادلة ماكسويل
B. معادلة شرودنغر
C. A,B
D. كل ما سبق خاطئ",C,B
2485,"يدعى الضغط الذي يسببه عمود من الزئبق ارتفاعه mm 1:

الاختيارات:
A. التور .
B. البار .
C. الباسكال .
D. الجو .",C,A
2486,"يمكن معرفة الكثير عن المادة إذا أمكن وضعها في شكل بلوري وذلك بـ :

الاختيارات:
A. تحليل نماذج الانكسار
B. تحليل نماذج الاستقطاب
C. تحليل نماذج الانعراج
D. A,B",D,C
2487,"تزداد التبادلات بالنقل عندما :

الاختيارات:
A. تزداد سرعة المانع
B. تنخفض سرعة المانع
C. ليس لها علاقة بسرعة المانع
D. كل ما سبق صحيح",B,B
2488,"في أثناء عملية تنقية النحاس في خلية التحلل الكهربائي:

الاختيارات:
A. يستخدم النحاس غير النقي كمهبط.
B. تتأكسد أيونات النحاس على المصعد.
C. ترجع ذرات النحاس على المهبط.
D. يحافظ الكهرل CuSO4 على لونه الأزرق.",C,D
2489,"تتميز المحسن بمقدرة فاصلة محورية وتتعين بإمكانية التميز بين جسمين..احدهما من الخر مسافة تقدر......... وهي في حالة التواترات ...........افضل منها ف حالة التواترات.........

الاختيارات:
A. قريبين- اضعاف الطول الموجي - العالية -المنخفضة
B. عددين -نصف الطول الموجي – المنخفضة- العالية
C. بيعدين- نصف الطول الموجي – المنخفضة- العالية
D. البعيدة -ربع- الطول الموحى – المنخفضة- العالية",A,A
2490,"يدعى الضوء الهندسي أيضا الضوء الشعاعي لأنه :

الاختيارات:
A. يستخدم طريقة الأمواج في تمثيل الإنعكاس
B. يستخدم طريقة الأشعة في تمثيل الإنتشار
C. يستخدم طريقة الأمواج
D. يعتمد على الرسوم الفراغية",B,B
2491,"ترتبط ظاهرة ال NMR ب :

الاختيارات:
A. الخصائص المغنطيسة للنكليونات
B. الخصائص المغنطيسية للإلكترونات
C. العزم المغنطيسي النووي والحقل المغنطيسي
D. A.C",C,A
2492,"يقتصر مجال تطبيق التصوير بأمواج التيراهرتز على

الاختيارات:
A. الجلد
B. النسج الظهارية
C. جدار الأمعاء
D. كل ما سبق صحيح",D,D
2493,"الطبقة هي :

الاختيارات:
A. جميع الحالات التي لها نفسه
B. جميع الحالات التي لها نفسه
C. جميع الحالات التي لها نفسه
D. كل ما سبق صحيح",A,B
2494,"يسلك جسم الإنسان سلوك مفاعل حراري مستقل حيث :

الاختيارات:
A. تتحرر العلاقة في هذا المفاعل نتيجة التفاعلات الفيزيائية المتعددة.
B. تتحرر الطاقة في هذا المفاعل نتيجة التفاعلات الكيميائية المتعددة.
C. تجرى التفاعلات ؟؟؟؟؟؟ مستوى خلايا العصبية .
D. B+C",D,D
2495,"تصدر الأجسام في درجة من الحرارة فوق الصفر المطلق صفائف إشعاعاً:

الاختيارات:
A. فوق بنفسجيا
B. مرئياً
C. تحت احمر
D. سينياً",B,C
2496,"في حالة التشوه الحجمي يكون الاجهاد :

الاختيارات:
A. عموديا على السطح
B. موازيا للسطح
C. مطبقا من جميع الجهات وبمثله تغير الضغط الذي يؤثر في الجسم أو الضغط الصوتي
D. كل ما سبق صحيح",D,B
2497,"تمكن تحقيق الأجسام السوداء محتدربا باستخدام:

الاختيارات:
A. اجسام غازية متوهجة محمولة إلى ترجك حرارية مرتفعة نحو وبنياتها معقدة نوعا ما.
B. اجسام سائلة متوهجة محمولة إلى درجات حرارية مرتفعة نحو وبنياتها معقدة نوعا ما.
C. اجسام صلبة متوهجة محولة الى درجات حرار مرتفعة نحو معقدة نوعا ما.
D. أجسام صلبة متوهجة المحمولة إلى درجات حر مرتفعة نحو وشياتها معقدة نوعا ما.",A,C
2498,"إن انتقال الإلكترون من مدار إلى آخر أكثر بعدا عن النواة يترافق مع تزايد الطاقة الخارجية للذرة :

الاختيارات:
A. الطاقة الخارجية للجزيئات
B. الطاقة الداخلية للذرة
C. الطاقة الداخلية للحزينات
D. الطاقة الخارجية للذرة",D,C
2499,"عند وضع الجسم في النقطة O على بعد p1 أمام السطح الأول وتشكل خيال حقيقي فإن موقعه يكون:

الاختيارات:
A. خلف السطح
B. يسار السطح
C. يمين السطح
D. A,B",A,C
2500,"قانون استیمان بولومان:

الاختيارات:
A. تتناسب الكثافة الإجمالية لتدفق الإشعاع طردياً مع القوة الرابعة لدرجة الحرارة .T
B. تتناسب الكثافة الإجمالية لتدفق الإشعاع عكسياً مع القوة الرابعة لدرجة الحرارة T .
C. تتناسب الكثافة الإجمالية لتدفق الإشعاع عكسياً مع القوة الثالثة الدرجة الحرارة T .
D. تتناسب الكثافة الإجمالية لتدفق الإشعاع طردياً مع القوة الثالثة الدرجة الحرارة. T",A,A
2501,"يدل m فى 99mTc على أن هذا العنصر :

الاختيارات:
A. مستقر
B. غير مستقر
C. مشع
D. B,C",D,D
2502,"لدينا وسطان ممانعتهما الصوتيتان Z , Z1. وكثافتاهما p1 و p فإن سرعة الصوت فيهما

الاختيارات:
A. V=
B. V=
C. V=PZ
D. V=PZ2",B,A
2503,"الليزر الياقوتي المشوب بالتيتانيوم يصدر الطول الموجي في المجال :

الاختيارات:
A. المرئي .
B. تحت الأحمر .
C. فوق البنفسجي .
D. لا شيء مما سبق .",C,C
2504,"يطلق على النظائر التى لها العدد الكتلى نفسه والذري نفسه اسم :

الاختيارات:
A. النظائر
B. المماكبات
C. الايزرتونات
D. الايزوبارات",D,B
2505,"يتكون حارف الحزمة في مجهر SEM من سلسلة من :

الاختيارات:
A. الملفات الكهرطيسية
B. الملفات الكهربائية
C. الملفات مغناطيسية
D. كل ما سبق صحيح",D,D
2506,"الامتصاص الثنائي الفوتون يختلف عن الامتصاص الخطى في أن محل الانتقال الذري الناجم عن TPA يحمد على

الاختيارات:
A. مربع الشدة الضوئية
B. الجذر التربيعي للشدة الضوئية
C. الشدة الضوئية
D. كل ما سبق خاطى",A,A
2507,"إن النسج يكون : (الخطأ)

الاختيارات:
A. امتصاصها أعظم ما يمكن عند الطول الموجي 9.6μm .
B. وشفافيتها أكبر ما يمكن عند الطول الموجي m1μ.
C. وانعكاسها في المجال المرئي .
D. ويمكن معالجتها فيزيائياً بالأشعة فوق البنفسجية .",C,D
2508,"الطاقة المتراكمة في عنصر معن من تدعى:

الاختيارات:
A. الطاقة الحركية
B. الطاقة المتكتيكية
C. الطاقة الداخلية
D. الطاقة الخارجية",C,C
2509,"في حالة انتثار مرن وابعاد جسيمات اصغر من طول موجة الاشعاع الوارد يطلق عليه اسم

الاختيارات:
A. انتثار بريلون
B. انتثار مي
C. انتثار ريليه
D. كل ما سبق صحيح",C,C
2510,"جاء مصطلح الالكترونات الحرة في ليزر الالكترونات الحرة من

الاختيارات:
A. كون الالكترونات عبر مقيدة ومبعثرة
B. كون الالكترونات بسنوية أي سرعتها قريبة من سرعة الضوء
C. كون الالكترونات سرعتها منخفضة سنيا
D. A,C",B,D
2511,"تعمل قوى المرونة والتوتر السطحي لجدر الشرايين على :

الاختيارات:
A. منع تكلس الشرايين .
B. منع تدفق الدم في سوائل الجسم .
C. المحافظة على ضغط الدم داخلها .
D. الجوابين B و C .",C,D
2512,"ان الماء ينقل الضغط:

الاختيارات:
A. بأمانة في اتجاه واحد
B. بأمانة في جميع الاتجاهات
C. بشكل جزئي في اتجاه واحد
D. بشكل جزئي في جميع الاتجاهات",B,B
2513,"النظائر المستخدمة في تقنية PET هي :

الاختيارات:
A. الكربون - 11 ، الأكسجين - 16 ، الفلور - 18 ، الأزوت - 13
B. الكربون - 11 ، الأكسجين -16 ، الفلور - 20 ، الأزوت -13
C. الكربون - 11 ، الأكسجين - 15 ، الفلور - 18 ، الأزوت -13
D. كل ما سبق خاطئ",A,C
2514,"أن التعبير الصغير في التواتر الذي ينتج عن الجوار المباشر

الاختيارات:
A. يمكن قياسه وتدعى الانزياح الكيميائي
B. هو المبدأ الذي يعتمد عليه في مطيافية لمستقبلات الحيوية التي يكشف عنها في الجرعات المتقطعة من الأورام
C. A.B
D. كل ما سبق خاطئ",C,C
2515,"بالإعتماد على اجابتك علي السؤال السابق يكون السبب:

الاختيارات:
A. زيادة عدد الطبقات الإلكترونية
B. نقص عدد الطبقات
C. القوى التشاركية
D. قوي فاندر فالس",D,D
2516,"مقدار الطاقة الصادرة من واحدة السطوح من المنبع واحدة الزمن لكل ستبراديان من الزاوية الصلبة هو:

الاختيارات:
A. الاستطاعة
B. التألق الطيفي
C. السطوع
D. B,C",D,A
2517,"الفرق بين الحركة الموحية والحركة الاهتزازية

الاختيارات:
A. الحركة الاهتزازية حركة كتلة والحركة الموحية حركة مكونات الكتلة
B. الحركة الاهتزازية مرتبطة بالمسع والحركة الموجية مرتبطة
C. الحركة الموجية مرتبطة بالمسبع والحركة الاهتزازية مرتبطة بالوسط المحيط
D. A+B",D,A
2518,"أدت فكرة الطبيعة الموجبة للإلكترونات الى :

الاختيارات:
A. تصميم مجاهر الكترونية تكبيرها اعلى من المجاهر الضوئية
B. تصميم مجاهر الكترونية تكبيرها اعلى من المجاهر الالكترونية
C. تصميم مجاهر الكترونية خاصة للإلكترونات
D. تصميم مجاهر ضوئية والكترونية",C,A
2519,"تعد الملوثات في البيئة الداخلية :

الاختيارات:
A. مركبات عضوية
B. مركبات غير عضوية
C. مركبات تركيبها يعتمد على الكربون
D. C,A",D,D
2520,"من المشاكل التي تواجهنا في المجاهر الضوئية عند استخدام ضوء ذو طول موجي قصير حدا :

الاختيارات:
A. تصنيع عدسات مناسبة
B. تصنيع مكبرات مناسبة
C. إيجاد الكترونات مناسبة
D. تصنيع شاشات مناسبة",A,A
2521,"يمكن تفسير ثنائية الاصدار في طيف بخار الصوديوم بالاعتماد علي :

الاختيارات:
A. النظرية الذرية
B. العدد الكمومي المداري الثانوي
C. العدد الكمومي المداري المغناطيسي
D. العدد الكمومي السبيني",B,D
2522,"تستطيع العين تقريب الأشعة الصادرة من الخيال المشكل من قبل عدسة التصحيح على الشبكية لانها :

الاختيارات:
A. تكون بعد نقطة المدى
B. لاتتجاوز نقطة المدى
C. تقع على نقطة المدى دائما
D. كل ما سبق خاطئ",C,B
2523,"الظاهرة التي تنقسم فيها نواة ذات عدد كتلى كبير إلى نواتين أو أكثر لكل منهما عدد كتلي متوسط :

الاختيارات:
A. ظاهرة الإندماج النووي
B. ظاهرة الإنشطار النووي
C. ظاهرة التبعثر
D. ظاهرة الإنعكاس",B,B
2524,"كل ما يلي صحيح عن العين ما عدا :

الاختيارات:
A. هي كروية تقريبا ومتوسط قطرها
B. يوجد في مقدمة العين بروز مملوء بمانع مائي ومغطى من الخارج بغشاء شفاف يدعى لقرنية
C. يتم الإبقاء على زيادة الضغط في المانع المائي للإبقاء على البروز قليلا نحو الخارج
D. يقوم سطح العدسة المنحني بمعظم عملية انكسار الاشعة الضوئية التي تدخل العين",A,D
2525,"تستخدم الأمواج فوق الصوتية في

الاختيارات:
A. سوق الدواء
B. وقف الترف وتحطيم الخثرات
C. تفتيت الحصى
D. كل ما سبق صحيح",D,A
2526,"معامل تخمد الماء للصوت .......... معامل تخامد النسيج للصوت:

الاختيارات:
A. قليل - قليلي
B. مرتفع - مرتفع
C. مرتفع - قليل
D. قليل مرتفع",C,D
2527,"عندما تمتص فوتونات حزمة التواتر فان النوى سوف تثار من الحالة000000إلى الحالة .......

الاختيارات:
A. الأعلى - الأحمس
B. الاخفص – الأعلى
C. الاخفض - الأخفض
D. الأعلى - الأعلى",A,A
2528,"إن الميلانين الذي هو صباغ السائد في مجالات البشرة يمتص في مجال واسع يمتد من

الاختيارات:
A. فوق البنفسجي إلى السيني
B. فوق البنفسجي إلى تحت الأحمر القريب
C. فوق البنفسجي إلى تحت الأحمر المتوسط
D. البنفسجي إلى الأصفر",B,B
2529,"وسط الربح في النزر معين هو مادة يمكن التحكم بها :

الاختيارات:
A. نقاوتها
B. أبعادها وشكلها
C. تركيزها
D. كل ما سبق صحيح",D,D
2530,"الضجيج الذي كان يواجه العالمين الفلكيين في منظارهما الراديوي كان يقع في المجال:

الاختيارات:
A. الراديوي
B. المكروموجي
C. تحت الأحمر
D. البنفسجي",C,B
2531,"المواقع الرئيسية الثلاثة لقياس درجة حرارة النواة هي:

الاختيارات:
A. المستقيم
B. البلعوم
C. الأذن
D. كل ماسبق صحيح",D,D
2532,"تدعى الجسيمات النانوية ذات الأقطار[1-5] nm نقاط كمومية وهي تعمل على الكشف عن أنواع محددة من الجراثيم (تبعاً لأقطارها) بعد وسم كل منها بالضد المناسب وبإضاءتها بليزر طول موجته nm 365 تتحرض النقاط الموسومة التي عثرت على الجراثيم بإصدار أطياف ملونة يدعى الإصدار الحاصل:

الاختيارات:
A. إصدار بالفسفرة .
B. إصدار بالفلورة .
C. أمواج بلازمونية.
D. كافة الإجابات خاطئة .",B,B
2533,"تستخدم جزيئات الصباغ العضوي كوسط لإنتاج الليزر لأنها:

الاختيارات:
A. تتمتع بربحية عالية.
B. تمتلك عتبة ليزرة منخفضة .
C. تمتص الإصدار الناتج بالفلورة .
D. تمتص الإصدار الناتج بالفسفرة .",B,A
2534,"عندما تزال القوى التي تحدث التشوه عن جسم مرن يعود هذا الاخير تبعا لقانون هوك الى ابعاده وشكله الاصليين نظرا لتمتع ذلك الجسم بـ:

الاختيارات:
A. المدونة
B. المرونة
C. الصلابة
D. كل ما سبق صحيح",B,B
2535,"يشع جسم الإنسان بشكل قريب حدا من إشعاع الجسمالأسود في مجال الأشعة:

الاختيارات:
A. تحت الحمراء
B. المرئية
C. فوق البنفسجي
D. كل ما سبق صحيح",A,A
2536,"تمثل النسبة

الاختيارات:
A. ثابت المتناسب
B. عامل المرونة
C. A,B
D. عامل اللدونة",C,C
2537,"من الأشعة التي اشتهرت بانتزاع جزيئات الماء لدى تفاعلها مع النسج :

الاختيارات:
A. الأشعة تحت الحمراء.
B. الأشعة فوق البنفسجية .
C. الأشعة السينية.
D. التيراهرتز .",B,A
2538,"يمكن إستخدام بعض المركبات تلعب دور قفاءات التفاعلات الحيوية منها :

الاختيارات:
A. النكليدات
B. النظائر غير المشعة
C. النظائر المشعة
D. A,C",D,D
2539,"تنشأ نتيجة لوجود مثل قوى فاندر فالس الخصائص الرئيسية للسوائل كي... في حالة التوازن السكوني والاختلاف الكبير في عامل في حالة الحركة.

الاختيارات:
A. اللزوجة - التوتر السطحي
B. التوتر السطحي - اللزوجة
C. يعدل الجريان - الضغط
D. كل ما سبق صحيح",D,B
2540,"تهدف المطابقة تغيير شكل عدسة العين لإبقاء خيال الجسم الواقع في المدى على الشبكية ويتم ذلك بالضغط الذي تسببه العضلات الهدبية على عدسة العين وهذا يعني:

الاختيارات:
A. عدسة مضغوطة بعد محرقي أكبر.
B. عدسة مضغوطة بعد محرقي أصغر.
C. عدسة منبسطة بعد محرقي كبير.
D. الجوابين B و C .",D,D
2541,"يستعمل الـ UV فى التحاليل.........للفلزات فتظهر بال... مختلفة تبعا لـ ..... تعرضها للإشعاع فوق البنفسجي.

الاختيارات:
A. الكمية - تركيبها
B. الكيفية – لونها الأصلي
C. الكيفية - تركيبها
D. كيفية - إمتصاصها",B,C
2542,"ان البروبان- - a2اول:

الاختيارات:
A. غول أولي
B. غول ثانوي
C. غول ثالثي
D. ديول",B,B
2543,"الظاهرة التي تنقسم فيها نواة ذات عدد كتلي كبير إلى نواتين أو أكثر لكل منهما عدد كتلي متوسط:

الاختيارات:
A. ظاهرة الاندماج النووي.
B. ظاهرة الانشطار النووي.
C. ظاهرة التبعثر.
D. ظاهرة الانعكاس",B,B
2544,"عندما ينعكس الضوء على سطح أملس فإن :

الاختيارات:
A. الأشعة الواردة بزاوية معينة تنعكس بالزاوية نفسها
B. زاوية الورود تساوي زاوية الإنعكاس
C. يدعى الإنعكاس المراوي
D. كل ما سبق صحيح",D,D
2545,"ان التمثيل لسعة البيضة المنعكسة الصوتية للحزمة فوق الصوتية عن الاشاعات التي تقابلها بدلالة الزمن هو السطوح من النمط :

الاختيارات:
A. المطاطي
B. السطوح
C. نمط الحركة بدلالة الزمن
D. A.B",B,A
2546,"يمكن لزيادة النشاط الإشعاعية ...... فيها أن تمثل :

الاختيارات:
A. زيادة في نشاطية العضو
B. إنخفاض في نشاطية العضو
C. إصابة أو ورم
D. كل ما سبق صحيح",D,D
2547,"في الفلورة يكون حلول موجة الضوء طول موجة الشعاع الممتص الصادر

الاختيارات:
A. أطول من
B. أقصر من
C. يساوي
D. C,A",B,A
2548,"أي العبارات التالية تصح مع العنصر الانتقالي:

الاختيارات:
A. هو عنصر ينتمي للكتلة P
B. هو عنصر ينتمي للكتلة d
C. كل عناصر الكتلة pعناصر انتقالية
D. كل عناصر الكتلة d عناصر انتقالية",B,B
2549,"أيا ممايلي صحيح بالنسبة للهواني

الاختيارات:
A. سلك على شكل حلقة يودي دور هوائي ذي قطبين مغنطيسي
B. عندما يتغير الحقل المغناطيسي الموجة الكهرطيسة يتغير التدفق المغناطيسي في الحلقة
C. يكون التيار في الهوائى أصغر عندما لا يكون موجها وافق الحقل الكهربائى
D. لا يسرع الالكترونات وفق الهوائي الا مركبة الحقل الذي تعامده",B,D
2550,"سيكون الضغط داخل النخروب الرئوي أعلى بـ..... من الضغط خارجه.

الاختيارات:
A. 2.6KPa
B. 2.7KPa
C. 2.8KPa
D. 3kPa",C,D
2551,"الطرائق المستخدمة لرؤية أطر الأعضاء:

الاختيارات:
A. تصوير مقطعي إصداري.
B. تصوير حراري .
C. تصوير مغناطيسية الدماغ .
D. الإيكوغرافي .",A,D
2552,"بصبح تقريب الحركة الطبقية عندما تكون سرع الحريان ....... وعندما . سرعة المانع في نقطة معينة يكون الحريان ...... ويصبح ..... :

الاختيارات:
A. صغيرة - ترتفع - غير مستقر - اضطرابيا
B. صغيرة - ترتفع - غير مستقر - مستقر
C. كبيرة - ترتفع - غير مستقر - اضطرابيا
D. كل ما سبق صحيح",A,D
2553,"ان تجربة غيرلاش – ستيرن :

الاختيارات:
A. أكدت مفهوم تكميه الفضاء
B. أثبتت وجود اندفاع زاوي سبيني تجريبياً
C. A,B
D. كل ما سبق خاطئ",B,C
2554,"كانت طريقة للعلاج الفيزيائي تستعمل فيها عبارات كهربائية عالية التردد لإحداث

الاختيارات:
A. تسخين كامل للأنسجة الحية
B. تسخين موضعي في الانسجة الحية
C. A,B
D. كل ما سبق خاطئ",B,B
2555,"تمثل المعادلة C9H18🡪C7H14 + C2H4

الاختيارات:
A. تكسير النونات
B. تشكيل الهبتان
C. تكسير الهبتان
D. ليس ايا مما سبق",C,A
2556,"تتولد الاشعة السينية عندما :

الاختيارات:
A. تسرع الفوتونات في أنبوب مقرع ويسمح لها بالسقوط على سطح داخل الانبوب.
B. تسرع الفوتونات بكمون مرتفع ويسمح لها بالسقوط على سطح زجاجي او معدني.
C. تسرع الالكترونات بكمون مرتفع في أنبوب الفراغ ويسمح لها بالسقوط على سطح داخل الانبوب .
D. تسرع الالكترونات بكمون مرتفع في أنبوب زجاجي ويسمح لها بالسقوط على سطح داخل الانبوب.",C,C
2557,"نشطر خط الاصدار لـ 3 خطوط بسبب B هو مفعول :

الاختيارات:
A. کومتون
B. زیمان
C. اینشتاین
D. كل ما سبق خاطئ",B,B
2558,"ان العناصر تترتب الان في الجدول الدوري وفق :

الاختيارات:
A. كتلتها الذرية
B. إعدادها الذرية
C. شحنتها
D. بنيتها الكيميائية",B,B
2559,"عمل البلورات الكهر ضعطية.

الاختيارات:
A. تحول الاشارة الصوتية إلى اشارة
B. تحول الإشارة الكهربائية إلى إشارة
C. A+B
D. تحول الاشارة الكهربائية إلى إشارة",B,C
2560,"إذا تضيق قطر شريان الى نصف قيمته الأصلية بفعل التوصيفات اللويحية فان معدل الجريان الدم:

الاختيارات:
A. يزيد بمقدار 16 مره من قيمته الأصلية
B. ينخفض الى من قيمته الأصلية
C. ينخفض الى من قيمته الأصلية
D. كل ما سبق صحيح",A,B
2561,"إن النظرية الحديثة تدل على أن الالكترون :

الاختيارات:
A. جسيم أولي
B. جسيم ثانوي
C. لا بنية داخلية له
D. A+C",A,D
2562,"تنخفض طاقة التأين الأولى ضمن مجموعة العناصر من الأعلى إلى الأسفل بسبب:

الاختيارات:
A. ازدياد العدد الذري
B. بعد الإلكترون عن النواة
C. ازدياد فعل الحجب
D. كل ما سبق صح",D,D
2563,"كل العبارات التالية خطا عن المانومتر الزئبقي ما عادة:

الاختيارات:
A. يتكون من انبوب شاقولي على شكل U
B. يحوي بعض الزئبق
C. أحد طرفيه مفتوح على الهواء والاخر موصل الى وعاء يحوي غاز
D. كل ما سبق صحيح",D,D
2564,"إصدار فوري للضوء من مادة سبق أن امتحت الضوء

الاختيارات:
A. فلورة
B. فسفرة
C. شكل من أشكال التألق
D. B,A",A,D
2565,"لزوجة السائل بازدياد درجة الحرارة :

الاختيارات:
A. تزداد.
B. تنخفض .
C. تبقى ثابتة .
D. الكل صح .",A,B
2566,"وفقا للعلاقة يمثل و فإن يمثل ........ و يمثل ...........

الاختيارات:
A. الكمون الحراري - المقاومة الحرارية.
B. المقاومة الحرارية - التدفق الحراري.
C. الكمون الحراري - الناقلية الحرارية.
D. كل ماسبق صحيح.",D,A
2567,"الضغط القياسي guage pressure بالتعريف هو:

الاختيارات:
A. الضغط المسجل لغاز محصور في وعاء مغلق .
B. الفرق بين الضغط المطلق للغاز والضغط الجوي.
C. مجموع الضغط المطلق للغاز والضغط الجوي .
D. كافة الإجابات خاطئة .",B,B
2568,"المصطلحين HiFU و MRgFus طريقة طبيعية تستخدم ل :

الاختيارات:
A. تسخين النسيج المريض
B. تحطيم النسيج المريض
C. الاستئصال
D. كل ما يلي صحيح",D,C
2569,"ان معادلة برنولي تطبق على جريان أي مائع مثالي طالما تقع النقطتان على

الاختيارات:
A. خط الانحناء نفسه
B. خط التيار نفسه
C. المستقدم العمودي على منحى الانتشار
D. كل ما سبق صحيح",B,A
2570,"يمكن التمييز بين مختلف النسخ التي بتركب منها السن من خلال قرائن كسرها لتوترات

الاختيارات:
A. الـ UV
B. THz
C. IR
D. كل ما سبق خاطي",C,B
2571,"تترجم الاستجابة الهمودينميكية عن الحوادث في الــ Boldمن خلال التغير في

الاختيارات:
A. إشارة التواتر الصادر
B. اشارة التجاوب المغنطيسي للفعالية العصبونية
C. إشارة التردد
D. كل ما سبق صحيح",D,A
2572,"تستخدم نسبة MRF في معالجة :

الاختيارات:
A. Cysts
B. أورام حميدة
C. أورام خبيثة
D. كل ما سبق صحيح",B,C
2573,"تعتمد مقدرة BOLD الفاصلة الزمنية أعلى

الاختيارات:
A. زمن معالجة التماع لمختلف الحوادث
B. زمن التكرار TR
C. A,B
D. زيادة الضخ",C,C
2574,"ينزاح التفاعل السابق في الاتجاه المباشر في حال:

الاختيارات:
A. زيادة ضغط
B. نقص تركيز
C. زيادة تركيز
D. كل ما سبق صحيح",D,D
2575,"إن تخفيض ابعاد الفتحة يؤدي إلى :

الاختيارات:
A. نقص عمق الحقل
B. زيادة عمق الحقل
C. A,B
D. B أوA",B,B
2576,"في حالة التشوه التحددي أو الانضغاطي فان الانفعال يكون هو

الاختيارات:
A. التغير النسبي في الطول زيادة أو نقصانا
B. نسبة الإزاحة النسبية بين سطحين في الجسم إلى الفاصل بينهما وقد يعبر عنها براوية فتل
C. التغير النسبي في الحجم أو الكتلة الحجمية
D. كل ما سبق صحيح",B,B
2577,"الـ Voxels هي :

الاختيارات:
A. تكون على شكل مكعبات
B. تدعى العناصر الحجمية
C. B , A
D. كل ما سبق خاطئ",C,C
2578,"القوى التي تكفل تماسك النواة وتكون من 1.2 إلى 0.6 فرمي هي:

الاختيارات:
A. قوى التنافر الشديد القصيرة المدى
B. قوى التأثير الضعيف القصيرة المدى
C. قوى التنافر الكهرطيسية التدافعية
D. . A,B",D,A
2579,"التي تمثل قيمة تغير الحجم النسبي هي

الاختيارات:
A. مقاومة الجسم لحركة المستويات الداخلية
B. مقاومة الجسم لتغير حجمه
C. مقاومة الجسم للحمولة
D. كل ما سبق صحيح",B,B
2580,"الأمواج التي تستخدم في تفتيت الحصى هي :

الاختيارات:
A. الأمواج فوق الصوتية
B. الأمواج الصوتية
C. الأمواج تحت الصوتية
D. كل ما سبق خاطئ",B,A
2581,"إذا كانت كتلة الصيغة التجريبية للمركب A2B تساوي 20 وكتلته الجزيئية النسبية 60 هذا يعني أن صيغته الجزيئية هي:

الاختيارات:
A. ( A2B)
B. (A3B)
C. (A5B3)
D. (A3B2)",A,C
2582,"أن التكليونات ضمن النواة الذرية تخضع لثلاثة أنواع من القوى هي قوى:

الاختيارات:
A. التنافر الكهرطيسي والتجاذب الشديد قصير المدى والتجاذب الضعيف قصير المدى 0.5fm .
B. التجاذب الكهرطيسي والتجاذب الشديد قصير المدى والتجاذب الضعيف قصير المدى 0.5fm .
C. التنافر الكهرطيسي والتجاذب الشديد قصير المدى والتجاذب الضعيف قصير المدى 1fm>.
D. A,C",A,A
2583,"تتكون شبكات الانعراج :

الاختيارات:
A. من عدد كبير من الشقوق المتعامدة وغير متساوية الأبعاد
B. من عدد كبير من الشقوق المتوازية وغير متساوية الابعاد
C. من عدد كبير من الشقوق المتعامدة و متساوية الابعاد
D. من عدد كبير من الشقوق المتوازية و متساوية الابعاد",A,D
2584,"إن تفاعل C2H5OH مع CH3COOH:

الاختيارات:
A. يعتمد عل الخاصية الأساسية للغول الايتيلي
B. يعتمد على الخاصة الحمضية للغول الايتيلي
C. تفاعل عكوس
D. الجواب b وc صحيحان",D,D
2585,"أيا من الطرائق سمح برؤية كل من برنشيم الكبد والطحال والكبد والبنكرياس او الكليتين :

الاختيارات:
A. التصوير المقطعي
B. التصوير بالأشعة السينية
C. التصوير المقطعي المحوسب
D. التصوير بالصدى",C,D
2586,"العدسة الرقيقة:

الاختيارات:
A. ثخانتها رقيقة بالنسبة لنصفي قطري انحنائها.
B. يمكن إهمال ثخانتها .
C. يكون فيها .
D. كل ما سبق صحيح.",D,D
2587,"كل مما يلي من استخدامات التيرا هرتز ما عدا:

الاختيارات:
A. التصوير الطبي والتشخيص
B. المسح الأمني
C. معالجة حالات جلدية كالصداف والبهق
D. التحكم في جودة الصناعات نصف الناقلة",C,C
2588,"يكون معامل التخامد بالـ : dB/m

الاختيارات:
A. 4.343μ
B. μ
C. 5.5μ
D. كل ما سبق خاطئ",D,D
2589,"إن سبب زيادة طول الموجة المنتثرة عن طولها الأصلي بفسره :

الاختيارات:
A. اصطدام الفوتونات بالإلكترونات وامتصاص طاقة الفوتون
B. اصطدام الفوتونات بالإلكترونات ونقصان تواتر الاشعاع
C. a .b
D. ليس أيا مما سبق",C,C
2590,"المجهر الذي يمسح العينة نقطة فنقطة ولكنه يكشف عن الالكترونات النافذة هو :

الاختيارات:
A. STM
B. SEM
C. TEM
D. STEM",A,D
2591,"عند وضع بعض الذرات في حقل مغناطيسي لوحظ :

الاختيارات:
A. انشطار خطوط الاصدار الأحادية إلى مجموعات من ثلاثة خطوط طبقة متقاربة
B. اندماج التكليونات
C. تحرر الالكترون
D. كل ما سبق صحيح",D,A
2592,"يساعد التوتر السطحي:

الاختيارات:
A. النباتات على حمل الماء من الجزور الى الأدوات
B. العابرات المائية والحشرات الصغيرة التي تتحرك على سطح بركه
C. اليرقات ومسترقات البعوض بالتعلق على سطح الماء
D. كل ما سبق صحيح",D,D
2593,"كل مايلي صحيح عن أمواج التيراهرتز ماعدا

الاختيارات:
A. يعد الغلاف الجوي ماصا شديدا للتيراهرتز في كل محالة
B. تستخدم أمواج التيراهرتز في الكشف عن غير المرئية
C. تستخدم أمواج التيراهرتز في تشخيص الإصابة بالسرطان في مرحلة مبكرة
D. تستخدم أمواج التيراهرتز في تحديد موقع الإصابة بالسرطان في مرحلة مبكرة",C,A
2594,"تشتق قوة المقاومة من اللزوجة عندما تكون السرعة النسبية بين الجسم والمائع ...... إلى حد يكفي لأن يكون الجريان حول الجسم رقائقيا

الاختيارات:
A. مرتفعة
B. منخفضة
C. متوسطة
D. كل ما سبق صحيح",B,B
2595,"يستخدم الأطباء BOLD لـ

الاختيارات:
A. تقييم مدى خطورة جراحة الدماغ
B. المعالجة المماثلة اللاهجومية في حالة مريض
C. ليعرفوا كيفية عمل دماغ طبيعي أو مريض أو سليم
D. كل ما سبق صحيح",D,D
2596,"مجال الـ UVA طوله الموجي بين :

الاختيارات:
A. 315-400nm
B. 280-315nm
C. 100-280nm
D. كل ماسبق خاطئ",B,B
2597,"يعد الماء ماصا جيدا للأمواج المكروية لأن:

الاختيارات:
A. جزئ الماء عاكس
B. جزئ الماء لاقطبي
C. جزئ الماء قطبي
D. A, B",C,C
2598,"يعزي الاختلاف بين الاستئصال المتحرض بالبلازما و:

الاختيارات:
A. كثافتيهما الاستطاعيتين
B. كثافتيهما الطاقيتين
C. زمنيهما
D. A,C",D,B
2599,"الرابطة التي تبقى صلبة دائماً:

الاختيارات:
A. الأيونية
B. المعدنية
C. الجزيئية البسيط
D. التشاركية",A,A
2600,"في تجربة انتثار الاشعة السينية لاحظ كومتون بأن :

الاختيارات:
A. تواتر الاشعة المنتثرة اخفض قليلا من تواتر الاشعة الساقطة
B. تواتر الاشعة المنتثرة يساوي تواتر الاشعة الساقطة
C. تواتر الاشعة المنتثرة اعلى قليلا من تواتر الاشعة الساقطة
D. كل ما سبق خاطئ",B,A
2601,"العدد الكمومي المداري L قيمة صحيحة :

الاختيارات:
A. n-1 ® 0
B. n ® 0
C. ¥ N ®
D. كل ما سبق صحيح",D,A
2602,"إن طاقة فوتون التواتر الراديوي في التجاوب المغنطيسي النووي :

الاختيارات:
A. أكبر من طاقة الروابط الجزيئية في العضوية.
B. أصغر بكثير من طاقة الروابط الجزيئية في العضوية .
C. يمكن أن تؤدي إلى تأيين الخلايا .
D. يمكن أن تؤدي إلى تحطيم الروابط الجزيئية .",D,B
2603,"اختر ناتج تفاعل المعادلة الأيونية NaOH29(aq) + FeSO4(aq)

الاختيارات:
A. Fe(OH)25 +Na2SO4
B. Na2SO4
C. Fe(OH)2 +Na2SO6
D. Fe(OH)2",A,A
2604,"يعبر طول الامتصاص /1=L في قانون لامبرت عن:

الاختيارات:
A. مسافة الاختراق التي تنعدم عندها الشدة النافذة .
B. مسافة الاختراق التي تنخفض فيها الشدة النافذة عن الواردة بمقدار 1\ e .
C. مسافة الاختراق التي تكون عندها الشدة النافذة I(z) = lo/e .
D. الجوابين B و C .",D,D
2605,"إن شدة الفلورة تتناسب.......... الإضاءة الليزرية.

الاختيارات:
A. طرديا مع
B. عكسيا مع
C. طرديا مع مربع
D. عكسيا مع مربع",A,A
2606,"يمكن قياس الجرعة المكافئة للإشعاع بالواحدات التالية :

الاختيارات:
A. الروتنجن .
B. الريم .
C. الراد.
D. الغري.",B,B
2607,"يجب لدى التصوير بالرنين المغنطيسي :

الاختيارات:
A. الإبقاء على البدل السنية.
B. الإبقاء على الصمامات القلبية وإجراء التصوير .
C. نزع الصمامات القلبية وإجراء التصوير .
D. نزع البدل السنية وإجراء التصوير .",D,D
2608,"إن الخطوط الطيفية التي تصدرها الذرات اذا ما تعرضت لطيف مستمر تعتمد على :

الاختيارات:
A. درجة حرارة المنبع
B. درجة حرارة الغاز الماص
C. A,B
D. كل ماسبق خاطئ",C,C
2609,"التجارب التي اثبتت بنية السوائل هي

الاختيارات:
A. تجارب التداخل
B. تجارب انعراج الأشعة السينية
C. تجارب کومتون
D. كل ما سبق صحيح",D,A
2610,"إعادة بناء الصورة في التصوير المقطعي المحوري يتم بإتباع إحدى الطريقتين:

الاختيارات:
A. الحساب المصفوفي
B. الحساب بطريقة التلاف
C. B أوA
D. B و A",D,C
2611,"أمواج ثلاثية البعد:

الاختيارات:
A. الصوت الصادر من مكبر الصوت
B. أمواج الهزة الأرضية
C. A, B
D. الأمواج السطحية كالأمواج المائية",C,C
2612,"في مركبات العضوية تتعين الخواص الكيميائية تبعا ل

الاختيارات:
A. الزمرة الوظيفية
B. عدد ذرات الكبون
C. عدد الروابط الاحادية
D. كل ما سبق",D,A
2613,"عندما تخترق حزمة الأشعة السينية ثخانة كبيرة من النسج الرخوة :

الاختيارات:
A. يتولد اشعاع ثانوي منتشر.
B. يمتص كامل الإشعاع الصادر من المنبع .
C. بتولد اشعاع أولي بولده الجسم.
D. A,B .",D,A
2614,"يعطي تفاعل البروبن مع Br2:

الاختيارات:
A. 2,1- ثنائي بروم البروبان
B. 1,1- ثنائي بروم البروبان
C. 3,1- ثنائي بروم البروبان
D. 2,2- ثنائي بروم البروبان",A,A
2615,"– عدد العدسات في مجهر SEM :

الاختيارات:
A. ثلاثة
B. اثنتان
C. أربعة
D. واحدة",D,B
2616,"تتولد الأمواج الصادمة عندما سرعة منبع الأمواج الصوتية :

الاختيارات:
A. تساوى سرعة الموجة.
B. تتجاوز سرعة الموجة الصوتية .
C. تقل عن سرعة الموجة.
D. تساوى أو تتجاوز سرعة الموجة الصوتية.",B,B
2617,"أكسيد الألمنيوم يتفاعل مع:

الاختيارات:
A. الماء
B. المحاليل الحمضية ولا يتفاعل مع القلوية
C. المحاليل القلوية ولا يتفاعل مع الحمضية
D. يتفاعل مع المحاليل الحمضية القلوية",C,D
2618,"تتصل مجموعة الكربونية في .........بذرتي كربون اخرتين

الاختيارات:
A. الالدهيد
B. الكيتون
C. الغول
D. ليس ايا مما سبق",B,D
2619,"عندما يخضع ثنائي قطب كهربائي لحقل كهربائي فإنه يخضع لعزم يسعى لتوجيه ثنائي قطب ب :

الاختيارات:
A. عكس اتجاه الحقل
B. اتحاه الحقل
C. اتجاه بعامد الحقل
D. A,B",D,B
2620,"العدد النيوكلوني في نواة ذرة ما يعبر عن عدد:

الاختيارات:
A. النترونات
B. البروتونات
C. الإلكترونات
D. مجموع البروتونات والنترونات",D,D
2621,"كل ما يلي صحيح عن القوة الكاسرة ما عدا :

الاختيارات:
A. هي مقلوب البعد البؤري
B. تقاس بالكسيرة
C. تكون موجبة في العدسات المبعدة
D. تكون موجبة في العدسات المقرنة",C,C
2622,"كل مايلي صحيح عن الليزر ما عدا

الاختيارات:
A. تستعمل كلمة ليزر في وصف تقانات أخرى لا ضوئية لنصف بصفاته
B. يطلق اسم الليزر الذري على منبع الجزيئات الموجودة في حالة مترابطة
C. يصدر ضوء الليزر نموذجيا في حزمة ضيقة ضعيفة التباعد مترابطة مكانيا
D. بدل مصطلح الضوء المترابط في تقانة الليزر الضوء الصادر على منبع ضوئي يولد أمواجا منتظمة متطابقة في التوتر والطور الاستقطاب",A,D
2623,"الطبقة هي:

الاختيارات:
A. جميع الحالات التي لها nنفسه
B. جميع الحالات التي لها Lنفسه
C. جميع الحالات التي لها mنفسه
D. كل ما سبق صحيح",D,A
2624,"الأشعة السينية تتخامد في الجسم المدروس بسبب:

الاختيارات:
A. قصر طولها الموجى
B. امتصاص الجسم لها
C. ارتدادها عن الجسم
D. A,B",D,B
2625,"صيغة مركب فوسفات (III) الصوديوم هو:

الاختيارات:
A. NapO2
B. Na2Po3
C. Na3Po4
D. Na2Po2",C,B
2626,"تصحيحات لورنتز الضوئية أدخلت على :

الاختيارات:
A. الكتلة
B. الطول
C. الزمن
D. كل ما سبق صحيح",D,D
2627,"للقياس درجة التشوه يدعي:

الاختيارات:
A. جهاد
B. انفعال
C. مرونة
D. لدونة",B,B
2628,"يتناسب تدفق الفوتونات في نقطة من الفراغ تبعد مسافة عن المنبع:

الاختيارات:
A. طردا مع .
B. عكسا مع .
C. طردا مع .
D. عكسا مع .",B,D
2629,"ز ثقب الأوزون هو منطقة يهبط فيها تركيز الأوزون إلى نحو :

الاختيارات:
A. 100 DU
B. 150 DU
C. 200 DU
D. 0 DU",D,A
2630,"الاداة المؤلفة من شفرات معندية متداخلة التي تؤدي نور قزحية العين والتي تنظم ابعاد الصحة هى:

الاختيارات:
A. الحظار
B. المغلاق
C. العلم
D. العدسة",D,A
2631,"ستظهر الوان مختلفة اذا اضيء الغشاء بلون مركب:

الاختيارات:
A. لتغير قرنية الانكسار بتغير الوسط
B. لتغير قرنية الانكسار بتغير الغشاء
C. لتغير قرنية الانكسار بتغير الطول الموجي
D. كل ما سبق صحيح",D,C
2632,"الروتنجن هي واحدة لقياس :

الاختيارات:
A. امتصاص الإشعاع .
B. التعرض للإشعاع .
C. شدة منبع الاشعاع .
D. تدفق منبع الاشعاع.",D,B
2633,"الظاهرة التي تحد من المقدر الفاصلة للمجهر الضوئي التقليدي هي :

الاختيارات:
A. التصادم
B. التداخل
C. الانعراج
D. كل ما سبق صحيح",D,C
2634,"اكثر من 80% من سرطانات البالغين تصيب :

الاختيارات:
A. النسج الضامة
B. النسج الدموية
C. النسج الظهارية
D. النسج الشبكية",A,D
2635,"إن فرط التعرض للإشعاع UVB يسبب :

الاختيارات:
A. الحرق الشمسي
B. بعض أشكال سرطان الجلد
C. B,A
D. كل ما سبق صحيح",D,D
2636,"العلاقة صحيحة عندما :

الاختيارات:
A. لمدة تقاس بالمتر الطاقة بالحول
B. لمدا تقاس بالانغستروم والطاقة بالإلكترون فولط
C. لمدا تقاس بالانغستروم والطاقة بالجول
D. لمدا تقاس بالمتر والطاقة بالإلكترون فولط",C,B
2637,"نمط التفاعل الآتي هو: CH3CH2OH H2SO4( 98% ) CH2= CH2 + H2O

الاختيارات:
A. تفاعل حذف.
B. تفاعل إضافة.
C. تفاعل أكسدة.
D. تفاعل استبدال.",A,A
2638,"يعتمد MPI على مبدأ :

الاختيارات:
A. أن العضلة القلبية المريضة تتلقى تدفقا دمويا أقل من العضلة السليمة في حالة الإجهاد
B. أن العضلة القلبية المريضة تتلقى تدفقا دمويا أكثر من العضلة السليمة في حالة الإجهاد
C. تقسيم تدفق الدم في الدماغ
D. A,C",A,A
2639,"تدل التجربة على أن:

الاختيارات:
A. العزم المغناطيسي للبروتون يساوي nµ1. 9 = nµ
B. العزم المغناطيسي للنترون يساوي nµ1.8 = nµ
C. العزم المغناطيسي nµ2.79 = nµ
D. العزم المغناطيسي للبروتون يساوي nµ2.79 =",D,A
2640,"تتألف الحلقة البنزنية من:

الاختيارات:
A. ثلاثة كربونات
B. أربعة كربونات
C. خمسة كربونات
D. ستة كربونات",D,D
2641,"يستخدم اختبار 2 , 4- ثنائي نتروفينيل هيدرازين ل

الاختيارات:
A. الكشف عن الوظيفة الكربونيلية
B. الكشف عن الوظيفة الألدهيدية فقط
C. الكشف عن الوظيفة الكيتونية فقط
D. التمييز بين الوظيفة الألدهيدية والكيتونية",D,A
2642,"الصداع الأساسي في الجلد والذي يعد اهم حامل لون جلدي هو :

الاختيارات:
A. الهيمو غلوبين
B. الميلانين
C. المينوتين
D. الكوليسترول",B,C
2643,"تتكون الأيونات عندما:

الاختيارات:
A. تخسر الذرة إلكترون أو أكثر
B. تربح الذرة إلكترون أو أكثر
C. تربح أو تخسر الذرة إلكترون أو أكثر
D. كل ما سبق صحيح",D,D
2644,"عند إحضار تكليون من خارج النواة إلى داخلها فلا بد للطاقة الكلية أن تنخفض بمقدار طاقة ارتباطه أو يصدر هذا الفارق على شكل إشعاع، علما أن هذا الإشعاع:

الاختيارات:
A. علي شكل اشعاع غاما
B. يدخل في حساب نوع من أنواع التحول الإشعاعي.
C. A,B
D. كل ما سبق صحيح",D,C
2645,"كل ما يلي صحيح عن التضحيم الكلي ماعدا .

الاختيارات:
A. يتناول الأصداء كلها
B. يزيد من شدة الأصداء السطحية ونجعلها تتجاوز شدة عتبة الاشعاع
C. يصبح إبراك الأصداء الأكثر بعدا ممكنا
D. كل ما سبق خاطئ",B,D
2646,"يرتبط تخامد الموجة الصوتية : (الخطأ)

الاختيارات:
A. بالمسافة التي تقطعها الموجة
B. بتواتر الموجة الصوتية
C. بمادة الوسط الذي تخترقه الموجة
D. لكنه لا يتعلق بشدة الموجة الصوتية",C,D
2647,"ليزرات الأيونات المعدنية

الاختيارات:
A. غازية
B. صلبة
C. سائلة
D. منحلة",B,A
2648,"يتشكل البروباذون بنتيجة أكسدة :

الاختيارات:
A. CH3CH2_CH
B. CH3CH2CH2 _OH
C. OHCH3CHCH3
D. OHCH3CHCH2CH3",B,C
2649,"عند انزياح الضوء من المجرات البعيدة التواترات الاخفض فإن ذلك يشير إلى :

الاختيارات:
A. اقتراب المجرات منا
B. ابتعاد المجرات عنا
C. ثبات مكان المجرات
D. كل ما سبق صحيح",B,B
2650,"في حالة التشوه الفضي فإن الانفعال يكون هو

الاختيارات:
A. النخير النسبي في الطول زيادة أو نقصانا
B. نسبة الإزاحة النسبية بين سطحين في الجسم إلى الفاصل بينهما وقد يعبر عنها بزاوية قتل
C. التغير النسبي في الحجم أو الكتلة
D. كل ما سبق صحيح",D,B
2651,"في جهاز مقياس الضغط يقيس المانومتر:

الاختيارات:
A. الضغط المطلق للغاز في الحزام
B. الضغط القياسي للهواء في الحزام
C. الضغط الانفعال الهواء في الحزام
D. كل ما سبق صحيح",A,B
2652,"اكتشف العالمان الفلكيان ويلسون و* أن تكون يسمح بالأمواج:

الاختيارات:
A. الراديوية
B. المكروية
C. التيراهرتز
D. فوق البنفسجية",D,B
2653,"الرونتجن هي واحدة لقياس :

الاختيارات:
A. امتصاص الإشعاع.
B. التعرض للإشعاع.
C. شدة منبع الإشعاع.
D. تدفق الإشعاع.",B,B
2654,"من تطبيقات لدرر الشلال الكمومي

الاختيارات:
A. المطباقية والاستشعار عن بعد للغارات المبينية والملوثات في الغلاف الجوي وفي أمان البلاد
B. التشخيص الطبي كمحللات للنفس ودراسة كيمياء البلازما
C. مطيافية التبرا هرتز في التعرف على الحزينات الثقيلة المعقدة وتكميتها كالمواد الكيميائية السامة والمتفجرات والأدوية
D. كل ماسبق صحيح",D,D
2655,"تتناسب الشدة عكسيًا مع:

الاختيارات:
A. البعد
B. مربع البعد
C. المساحة
D. C, B",B,D
2656,"وفقا للعلاقة يزداد تخامد الاشعةالسينية بـ:

الاختيارات:
A. نقصان طول مسارها.
B. ازدیاد طولها الموجي.
C. ازدیاد طول مسارها.
D. A,B",D,C
2657,"يختلف مجال إصدار اللبزرات الغازية اختلاف

الاختيارات:
A. الغاز المستعمل
B. مزائح الغازات المستعملة
C. كثافة المادة
D. A,B",D,D
2658,"يكون أسرع جريان للطبقة في حاله الجريان اللزج داخل انبوب دائري المقطع في:

الاختيارات:
A. محيط الانبوب
B. مركز الانبوب
C. وسط الطبقات
D. كل ما سبق صحيح",B,B
2659,"اختر المعلومة الصحيحة فيما يتعلق بظاهرة NMR

الاختيارات:
A. تربط بالخصائف بالعطيسية المكتوبات في داخل المين
B. ربط الخصص لمعصية الإنكدونات في المرت
C. ارتبط بالحمد لص الكهربائية المكليبات في داخل النوى
D. تربط الخصائص الكميائية الإلكترونات في الذرات",C,A
2660,"يتم قياس درجة حرارة الصدر والبطن والجملة:

الاختيارات:
A. الأذن
B. المستقيم
C. البلعوم
D. كل ما ذكر صحيح",D,D
2661,"الأصبغة المتفلورة عديمة اللون تصدر الضوء ....... عندما تخضع للـ : ........

الاختيارات:
A. الأحمرUV _
B. الأزرق _
C. الازرق _
D. مالأزرق _ UV",D,D
2662,"التصوير الضوئي بالإشعاع فوق البنفسجي المنعكس يفيد في :

الاختيارات:
A. الكشف عن خدش البشرة
B. التعديلات في الوثائق
C. تصليح العمل على اللوحات الفنية
D. كل ما سبق صحيح",D,D
2663,"تعتمد ظاهرة التجاوب المغناطيسي على:

الاختيارات:
A. المغنطة الحديدية
B. الليزر
C. الناقلية الفائقة
D. المغنطة الموافقة",D,D
2664,". ما هي أشعة التيرا هرتز في ....

الاختيارات:
A. عامة وهو ثابتة تتكشف
B. ليس من الضروري إضافة الجسم باشعة التي يصدرها المراقب
C. يكفي الكشف عن الأمواج الصادرة من الجسم نفسه
D. كل ما سبق صحيح",D,D
2665,"فقدان الحرارة بالنقل:

الاختيارات:
A. يرتبط بوضعية الجسم وفعاليته.
B. مهملاً في وضعية الوقوف.
C. يتزايد هذا النوع من التبادل في حالة الجلوس أو لدى النوم.
D. كل الإجابات السابقة صحيحة.",D,D
2666,"النظائر هي ذرات من نفس العنصر:

الاختيارات:
A. لها نفس عدد النترونات
B. تختلف بعدد البروتونات
C. لها نفس عدد النيكليونات
D. لها نفس عدد البروتونات وتختلف بعدد النترونات",D,D
2667,"إذا كان الجسم لا يختص الضوء كله عند طول موجى تكون إصداريته:

الاختيارات:
A. أكبر من الواحد
B. تساوي الواحد
C. أصغر من الواحد
D. تساوي الصفر",B,C
2668,"تؤدي الهالة إلى كل ما يأتي ما عدا :

الاختيارات:
A. تدني العزل الكهربائي
B. إصدار أكسيد الحديد
C. إصدار الأوزون
D. إصدار أكسيد النتروجيني",C,B
2669,"زمن الطيران هو

الاختيارات:
A. الزمن الذي تستغرقه الموحة من المنبع حتى الوصول إلى السطح ثم الارتداد عنه حتى الوصول إلى الكاشف
B. الزمن الذي تستغرقه الجسيمات من المنبع حتى الوصول إلى السطح ثم الارتداد عنه حتى الوصول إلى الكاشف
C. الزمن الذي تستغرفه الموحة من المنبع حتى الوصول إلى الكاشف
D. كل ماسبق خاطئ",B,B
2670,"المجهر الإلكتروني:

الاختيارات:
A. يتميز بمقدرة فاصلة عالية.
B. يتضمن حقلا مغناطيسيا .
C. يعتمد على مفعول كومتون.
D. يتضمن حزمة من الإلكترونات.",A,A
2671,"إن طاقة التكليون:

الاختيارات:
A. تزداد بسرعة مع تزايد العدد الكتلي
B. تزداد بسرعة مع تزايد مربع العدد الكتلي
C. تزداد بسرعة مع ناقص العدد الكتلي
D. تنقص بسرعة مع تزايد مربع العدد الكتلي",B,A
2672,"وفقا للعلاقة M= فإن M تسمى:

الاختيارات:
A. الكتلة الحرجة
B. الطاقة المختزنة
C. الكتلة المختزلة
D. الكتلة المختزنة",D,D
2673,"الظاهرة التي تترك النواة في حالة شبه مستقرة فينتج عنها إصدار فوتون غاما تدعى :

الاختيارات:
A. الإنشطار
B. الإندماج
C. الأسر الإلكتروني
D. كل ما سبق صحيح",C,C
2674,"يصدر إشعاع التيراهرتز من:

الاختيارات:
A. الجمادات
B. الكائنات الحية
C. المعادن
D. كل ماسبق صحيح",D,D
2675,"أن مصطلح Palliative radiation therapy يعني :

الاختيارات:
A. العلاج بالأشعة الأزالة الأورام.
B. العلاج بالاشعة لتخفيف الآلام المرافقة للأورام
C. العلاح بالاستئصال الصوتي
D. العلاج بالتعريض الالكتروني",B,D
2676,"يمكن تصوير الأعضاء الأكثر عمقا شروط في كل ما يأتي ما عدا

الاختيارات:
A. منابع سينية استطاعتها كبيرة
B. منابع صوتية استطاعتها كبيرة
C. منابع صوتية ملائمة
D. حساسية من",B,A
2677,"تسمى منطقة الحقل القريب

الاختيارات:
A. فرانهومز متغيرة تكسيا مع البعد
B. فرانهومز متغيرة تكسيا مع مربع البعد
C. فرنل - متغيرة تكسيا مع مربع البعد
D. فرنل -سريعة التغير",C,D
2678,"من عيوب استخدام الطرائق التقليدية للتصوير بالأشعة السينية هو أن لصور الحاصلة تتضمن:

الاختيارات:
A. كمية أشعة كبيرة جدا
B. مساقط لمختلف النسج التي تمر بها
C. كمية قليلة جدا من الأشعة
D. A,B",D,B
2679,"يكون ثابت التناسب في حاله الاستطاعة او الانضباط:

الاختيارات:
A. عامل المرونة الحجميB
B. عامل القصS
C. عامل بانغ Y
D. كل ما سبق صحيح",D,C
2680,"ان ما يحدد المقددة الفاصلة للصورة في التصوير المقطعي المحوري هو :

الاختيارات:
A. عرض الكواشف.
B. عرض حزمة الأشعة السينية.
C. A,B .
D. كل ما سبق صحيح .",D,D
2681,"زاوية الورود التي يكون الضوء المنعكس عندها مستقطبا كليا هي :

الاختيارات:
A. الزاوية الحرجة
B. زاوية بروستو
C. الزاوية الخشنة
D. A,B",D,B
2682,"يعد الضغط الذي نقيسه او نشعر به متحولا:

الاختيارات:
A. مجهريان
B. جهريا
C. اصطناعيا
D. انتقائيا",B,B
2683,"تستخدم الأفران المكروية المنزلية أمواج مكروية تساعد على:

الاختيارات:
A. رؤية الطعام أثناء عملية الطهو .
B. تسخين الطعام بفعل الحرارة التي تنشرها حول صحن الطعام .
C. تسخين الطعام بفعل الحركات الدورانية لجزيئات الماء فيه .
D. رؤية الطعام أثناء عملية الطهو .",B,C
2684,"التجربة التي برهنت على تكمية الفضاء هي :

الاختيارات:
A. تجربة غيرلاش
B. تجربة دافسون وجرمر
C. تجربة كومتون
D. كل ما سبق صحيح",B,A
2685,"المعادلة التي تربط بين الضغط وسرعة التدفق والارتفاع في نقطتين من وعاء دموي هي

الاختيارات:
A. معادلة برنولي
B. معادلة الاستمرارية
C. معادلة ابنشتاين
D. كل ما سبق صحيح",A,A
2686,"يمكن ان يعاد بناء الصورة في ال اعتمادا على ... ولو هذه الصورة غير مفيدة كثيرا ل .......

الاختيارات:
A. كثافة النسيج – صعف تباين فيها
B. كثافة ذات الهيدروجين – التباين الشديد
C. كل ما سبق صحيح
D. كثافة ذرات الهيدروجين – ضعف تباين فيها",C,A
2687,"الظاهرة التى يحدث فيها تحول النواة غير المستقرة إلى نواة أخرى أكثر إستقرارا بإصدار جسيم معدن أو فوتون هي :

الاختيارات:
A. الإنتثار
B. النشاط .....
C. التحول البور ....
D. A,C",B,B
2688,"عدد الفوتونات التي يصدرها اي جسم أو يمتصها يرتبط بـ:

الاختيارات:
A. طبيعة ذلك الجسم
B. عدد المستويات الطاقية فيه
C. تغير درجة حرارة الجسم المصدر
D. كل ما سبق صحيح",D,D
2689,"نتشابه السوائل مع الغازات في

الاختيارات:
A. أنها تقاوم الاجهاد الفاطمي المطبق على المائع في الاناء المغلق
B. بكثافة الجزيئات
C. بتباعد الجزيئات
D. كل ما سبق صحيح",D,A
2690,"عامل μ هو:

الاختيارات:
A. المرونة الحجمي
B. عامل القص ويعير عن قساوة النسيج
C. عامل مرونة المادة
D. الكتلة الخطية m/l",B,D
2691,"من استعمالات الأشعة فوق البنفسجية :

الاختيارات:
A. تساعد في تكوين فيتامين. D
B. تستخدم في تعقيم المعدات الطبية.
C. تستخدم في معالجة مرض الصدف.
D. كل ما سبق صحيح .",D,D
2692,"إذا لم تجاوز حدود مجال مهين من الاجهادات والانفعالات المقابلة لها لا يعود الجسم إلى أبعاده الأصلية ولا إلى شكله الأصلي فيوصف بأنه في مجال

الاختيارات:
A. المرن
B. اللدن
C. الحجمي
D. القصبي",A,A
2693,"تتمتع الأغوال بدرجات غليان أكبر من الألكانات الموافقة:

الاختيارات:
A. لأنها أعلى في الوزن الجزيئي
B. لأنها أقل في الوزن الجزيئي
C. لأنها قادرة على تشكيل روابط هيدروجينية فيما بينها
D. كل ما ذكر صحيح",C,C
2694,"ان فقدان الحرار بالحمل في الهواء:

الاختيارات:
A. اقل منها في الماء
B. اعلى منها في الماء
C. تساوي الماء
D. كل ما سبق خاطئ",A,D
2695,"إن (even-even) تدل على:

الاختيارات:
A. تساوي العزم المغناطيسي للنوى ذات الأعداد الزوجية من البروتونات والفردية من النترونات والعزم المغنطيسي للتكليون المتفرد المتبقي
B. انعدام العزم المغنطيسي للنوى ذات الأعداد الزوجية من البروتونات والنترونات
C. تساوي العزم المغنطيسي للنوى ذات الأعداد الفردية من البروتونات والزوجية من النترونات والعزم المغناطيسي للتكليون المتفرد المتبقي
D. A,C",B,A
2696,"ان صيغة المركب السابق

الاختيارات:
A. منشورة
B. بنيوية
C. هيكلية
D. خبرية",C,B
2697,"لوحظ في أثناء الحرب العالمية الثانية أن الأفراد الذين يقعون في مسار منشات الرادار يعانون ………….. استجابة للإشعاع

الاختيارات:
A. القرقمات
B. أصوات الطنين
C. الصمم
D. A,B",D,D
2698,"يمكن توليد الأمواج فوق الصوتية عن طريق

الاختيارات:
A. بلورات كهربائية
B. بلورات ضغطية
C. بلورات مغنطيسية
D. بلورات كهر ضغطية",B,D
2699,"غالبا ما تكون سرعه التثقل صغيرة لأسباب هي:

الاختيارات:
A. إذا لم تكن سرعه التثقل أكبر بكثير من المائع فإن المجموعة الشعاعي لقوى الثقالة والطفو يكون صغيراً
B. أسرع نهاية تتناسب طرديا مع............
C. ان الجسم كبير مقارنة بالمائع
D. A, B",D,D
2700,"يتفاعل الصوديوم مع الأوكسجين :

الاختيارات:
A. بلطف
B. بعنف
C. ببطء
D. ليس أيا مما سبق",B,B
2701,"تقدر إصدارية سطح نحاسي ناعم حوالي:

الاختيارات:
A. 0.2
B. 0.3
C. 0.4
D. 0.5",B,B
2702,"يكون الإجهاد طولانيا عندما تكون القوة:

الاختيارات:
A. موازية للسطح
B. مائلة عن السطح
C. عمودية على المصطلح
D. منطبقة على السطح",A,B
2703,"من ميزات مجهر المفعول النفقي ما عدا :

الاختيارات:
A. يعبر بسهول أحادية على السطح
B. النهاية المدببة بدقة ما تحت السطح
C. البعد بين النهاية المدببة وسطح العينة بضعة ميكرونات
D. تختار الالكترونات حاجز الكمون بالعبور النفقي",D,C
2704,"تكون طاقة الروابط ............(1-5ev)

الاختيارات:
A. الأيونية
B. الهيدروجينية
C. التشاركية
D. A,C",D,D
2705,"أن الكلوريدات الأريلية ك:

الاختيارات:
A. تتحمله ببطء
B. تتحمله بسرعة
C. لا تتحمله
D. ليس أيا مما سبق",B,C
2706,"كل مايلي صحيح عن التصوير الرقمي بالأشعة تحت الحمراء ماعدا:

الاختيارات:
A. إجراء تشخيصي مساعد مامون خال من الألم وغير هجومي.
B. تستخدم فيه صورة للإشعاع تحت الأحمر المتوسط لتسجيل النماذج الحرارية وتغيرات درجة الحرارة على سطح الجسم
C. تكشف عن الخلل الوظيفي أو النحو غير الطبيعي للنسج أو كليهما
D. تستخدم بسبب عدم ظهور التغيرات الحرارية",D,D
2707,"مركب له رابطة مزدوجة:

الاختيارات:
A. الإيتان
B. الإيتن
C. الميتان
D. الهكسان",C,B
2708,"كل مايلي صحيح عن أمواج التيراهرتز ماعدا

الاختيارات:
A. يمكن أن تكشف الاختلافات في المحتوى الماني للنسيح وفي كثافته
B. يمكن أن تكشف عن السرطان الظهاري
C. يمكن الحصول على صور ثلاثية الأبعاد للأسنان
D. يمكن الكشف عن سرطان العقد اللمفاوية",A,D
2709,"يستخدم علم الفلك الـ UV لـ :

الاختيارات:
A. الكشف عن التركيب الكيميائي للوسط بين النجوم
B. درجة حرارة النجوم وتركيبها
C. B,A
D. كل ماسبق صحيح",D,D
2710,"تشكل العين مديدة البصر (العين الطامسة) للجسم القريب خيالاً:

الاختيارات:
A. أمام الشبكية.
B. وراء الشبكية.
C. على الشبكية تماماً.
D. لا وجود لمثل هذا العيب فى العين.",B,B
2711,"المستويات الطاقية الاهتزازية هي نفسها ل:

الاختيارات:
A. الهزاز الانعكاسي
B. الهزاز التوافقي
C. الكتلتين على نابض
D. * الثقلي",B,B
2712,"أيا من العبارات التالية صحيحة حول اليزرات الشلال الكمومي:

الاختيارات:
A. بتصميم الطبقات بالثخانة الملائمة
B. يمكن بناء انقلاب إسكاني بين عصابتين جزئيتين في الجملة يلزم لتحقيق الإصدار الليزري
C. لما كان موقع المستويات الطاقية يتحدد بشكل رئيسي بثخانة الطبقة وليس المادة فإنه يمكن توليف طول موجة إصدارها على مجال واسع في حملة المواد نفسها
D. تنتقل الإلكترونات في بنياتها إلى الدور التالي في البنية بالعبور النفقى",C,D
2713,"يمثل الاضطراب الحالة :

الاختيارات:
A. المتقدمة الجريان المستقر
B. الحدية للجريان المستقر
C. الحدية للجريان غير المستقر
D. المتقدمة للجريان غير المستقر",D,B
2714,"بالنسبة للجزيئات الأكثر تعقيدا كثافتي أكسيددد الكربون ويفصل بين كل اثنين من المستويات الطاقية أقل من........ ومن ثم فهمي تولد فوتونات تحت الأحمر بطول موجي يزيد عل........

الاختيارات:
A. *
B. 1𝛍m-2Ev
C. 1𝛍m-1Ev
D. 3𝛍m-3Ev",C,C
2715,"تكون الشدة في حالة الاشعاع وحيد اللون :

الاختيارات:
A. متناسبة مع عدد الالكترونيات
B. متناسبة مع الطول الموجي
C. متناسبة مع عدد الفوتونات
D. متناسبة مع التواتر",B,C
2716,"ليزر الياقوت مؤلف من :

الاختيارات:
A. أكسيد الألمنيوم + أكسيد الفضة .
B. أكسيد الكروم + الألمنيوم .
C. أكسيد الألمنيوم + الكروم.
D. أكسيد الألمنيوم + الكروم + اليورانيوم .",D,C
2717,"إن كلمة LASER منحوتة من العبارة.

الاختيارات:
A. تضخيم الليزر بالإصدار التلقائي للإشعاع
B. تضخيم الضوء بالإصدار التلقائي للإشعاع
C. تضخيم الضوء بالإصدار المحثوث للإشعاع
D. تضخيم الضوء بالإصدار المنفصل للإشعاع",B,D
2718,".38تكون الإصدارية أكبر:

الاختيارات:
A. للسطوح العائمة
B. للسطوح الناعمة
C. للسطوح الفاتحة
D. للسطوح الخشنة",B,A
2719,"يأخذ احتمال وجود الالكترون قيمة عظمى في الحالة الأساسية في ذرة هيدروجين عندما يكون :

الاختيارات:
A. بعده عن النواة أكبر من نصف قطر بور
B. بعده عن النواة أصغر من نصف قطر بور
C. بعده عن النواة يساوي من نصف قطر بور
D. بعده عن النواة يساوي من مربع نصف قطر بور",C,B
2720,"ينص قانون الانعكاس الأول على:

الاختيارات:
A. يغير الشعاع الضوئي جهته عند انتقاله بين وسطين مختلفين.
B. زاوية الورود لا تساوي زاوية الانعكاس.
C. زاوية الورود تساوي زاوية الانعكاس.
D. يقع كل من الشعاع الوارد والشعاع المنعكس بجهتين مختلفتين.",C,C
2721,"في حالة التشوه التحددي أو الانضغاطي فإن الانفعال يكون هو

الاختيارات:
A. التغير النسبي في الطول زيادة أو نقصانا
B. نسبة الإزاحة النسبية بين سطحين في
C. التغير النسبي في الحجم أو الكتلة
D. كل ما سبق صحيح",A,A
2722,"اذا كان الطول الموجي للأشعة السينية معروفا وقيست الزاوية يمكن معرفة :

الاختيارات:
A. البعد بين الفوتونات
B. البعد بين الذرات
C. الأطوال الموجية المرافقة
D. كل ما سبق صحيح",D,B
2723,"البوزترون هو :

الاختيارات:
A. من الجسيمات الثقيلة
B. جسيم مضاد للالكترون
C. جسيم مضاد للبروتون
D. من الفوتونات",C,B
2724,"العزم المغناطيسي في التجاوب النووي : (الخطأ)

الاختيارات:
A. يمتص موجة راديوية .
B. يصدر موجة راديوية .
C. يمتص ويصدر موجة راديوية .
D. لا يتعلق بالموجة راديوية .",D,D
2725,"يعتمد مقياس أكسجة النبض pulse oxymeter على قياس تغيرات الإشباع الشرياني بالأكسجين ويستخدم لذلك طولين موجيين يكون فيهما امتصاص الهيموغلوبين أعظمياً:

الاختيارات:
A. 830nm للمؤكسج و nm 780 لغير المؤكسج .
B. 3 950nm للمؤكسج و nm 650 لغير المؤكسج .
C. 780 nm للمؤكسج و nm 830 لغير المؤكسج.
D. nm 650 للمؤكسج و 950 nm لغير المؤكسج .",C,A
2726,"يمكن أن تعود النوى المثارة إلى الحالة الأساسية بعد :

الاختيارات:
A. التفكك المباشر
B. أن تتأخر عنه
C. A أوB
D. كل ما سبق خاطئ",C,C
2727,"الإشعاع الذي يؤدي إلى إتلاف الـDNA :

الاختيارات:
A. UVA
B. UVB
C. UVC
D. B,A",B,B
2728,"تتميز الإشعاعات التالية بأن لها كتلة سكونية

الاختيارات:
A. أشعة ألفا .
B. أشعة غاما.
C. الأشعة فوق البنفسجية .
D. ضوء الليزر .",A,A
2729,"إذا كان الجسم مغموسا وليس مغمورا كليا نتيجة كون كثافة المائع اكبر من كثافة الجسم فينغمس حجم من الجسم ووزنه يساوي:

الاختيارات:
A. وزن السائل كاملا
B. وزن الجسم
C. حجم السائل كاملا
D. حجم الجسم",B,B
2730,"من البرامترات الأساسية التى تتحكم في المقدرة الفاصلة الزمنية في الـ Boldهي

الاختيارات:
A. دور تكرار إثارة المغنطة في الدماغ
B. المعدل النبضي
C. A,B
D. كل ما سبق خاطئ",C,D
2731,"العدة التي تتولى تنظيم درجة الحرارة في جسم الإنسان هي:

الاختيارات:
A. النخامية
B. الصنوبرية
C. الدرقية
D. الكظرية",A,A
2732,"ينجم الامتصاص في النسج الحيوية بشكل رئيسي :

الاختيارات:
A. عن جزيئات الماء
B. عن الجزيئات الضخمة كالبروتينات والاصبغة
C. عن جزيئات الشحم
D. A,B",B,B
2733,"يمكن الكشف عن باحات الدماغ المعنية بوظيفة معينة بـ : (الخطأ)

الاختيارات:
A. الـ PET
B. BLOD
C. قياس كهربائية الدماغ
D. MEG",A,C
2734,"عندما يقترب تكليونان أحدهما من الآخر شدة يفعل قوى التأثير الشديد فإن قوى التأثير الضعيف التي تسود عند الأبعاد الصغيرة جدا. فتشكل نوع من القلب القاسي يجعل النواة غير قابلة للانضغاط

الاختيارات:
A. تمنع أي جسيم من الانشطار
B. تمنع أي جسيم من الاندماج
C. تمنع أي جسيم من التحول
D. كل ما سبق صحيح",B,B
2735,"المقدرة الفاصلة في طريقة التصوير: acousto-optic

الاختيارات:
A. من مرتبة الطول الموجي للنبضة الضوئية .
B. من مرتبة الطول الموجي للنبضة فوق الصوتية.
C. تضاهي المقدرة الفاصلة في حالة التصوير بالأشعة .
D. منخفضة جدا .",B,B
2736,"في التصوير PET يساعد الإصدار المتزامن لزواج الفوتونات على :

الاختيارات:
A. إعطاء معلومات أكثر دقة عن مكان الإصدار
B. مقدار فصل مكانية عالية
C. A,B
D. معرفة سرعة",C,C
2737,"يسمي المركب العضوي HCHO:

الاختيارات:
A. متان
B. متيل
C. متانول
D. متانال",D,D
2738,"يحدث الأسر الالكتروني عند:

الاختيارات:
A. وجود فائض في عدد البروتونات
B. وجود فائض في عدد النترونات
C. وجود نقص في عدد البروتونات
D. وجود نقص في عدد البيرونات",A,A
2739,"لحنى قضيب من الحديد يجب

الاختيارات:
A. تغير الذرات في مواقع معينة
B. تغير ترتيب الذرات
C. تكثيف الذرات في مواقع معينة
D. كل ما سبق صحيح",D,B
2740,"يحدث الأسر الإلكتروني عند :

الاختيارات:
A. وجود فائض في عدد البروتونات
B. وجود فائض في عدد النترونات
C. وجود نقص في عدد البروتونات
D. وجود نقص في عدد النترونات",A,A
2741,"عامل μهو

الاختيارات:
A. عامل المرونة الحجمي
B. عامل القص وبعد عن قساوة النسيج
C. عامل مرونة المادة
D. الكتلة الخطية =",C,D
2742,"لو أخذانا في نموذج بور 0 = L يعني هذا أن الإلكترون يتحرك بحركة.........على طول خط مستقيم يعبر النواة وهي صورة غير مقبولة فربانيا للإلكترون :

الاختيارات:
A. إهتزازية
B. دورانية
C. A+B
D. كل ما سبق خاطئ",D,A
2743,"الحروق الشمسية ينجم عن المفعولات التمزيقية للجزء .... من مجال ال لخلايا الجلد :

الاختيارات:
A. البعيد
B. المتوسط
C. القريب
D. كل ما سبق خاطئ",C,D
2744,"ينص قانون فارادای :

الاختيارات:
A. الحقول الكهربائية تبدأ على الشحنات الموجبة تتوقف فى الشحنات السالبة
B. تعتبر الحقل المغناطيسي بوك حقلا كهربائيا
C. التيار الكهربائي او الحقل الكهربائي يولد حقلا مغناطيسيا
D. لا وجود لا حاديات قطب مغناطيسية وأن خطوط الحقل المغناطيسي هي دائما حلقات مغلقة",D,B
2745,"التكليونات التي لها عدد ذري نفسه وتختلف بعددها الكتلي هي:

الاختيارات:
A. باردونات
B. نظائر
C. ليبتونات
D. إيزوتونات",D,B
2746,"من تطبيقات أشعة التيراهرتز

الاختيارات:
A. في التصوير والاتصالات
B. تعطيل معدات الكترونية
C. A, B
D. كل ما سبق خاطئ",C,C
2747,"تكشف القدرة الامتصاصية تبعا لمحتوى النسيج من:

الاختيارات:
A. الماء
B. المعادن
C. الشوادر
D. A,B",D,B
2748,"الجهاز الذي يصور مقاطع في الجسم البشري بالأشعة السينية والاستعانة بالحاسب اسمه:

الاختيارات:
A. الكاشف.
B. الماسح .
C. المطياف .
D. المصورة.",B,B
2749,"بقدر إمتصاص الطاقة في الهواء المقابل لتعرض قدره 1R بنحو :

الاختيارات:
A. 8.69×103 J
B. 8.69 J
C. 8.69×103 J/g
D. 8.69x103 J/kg",D,D
2750,". الأمواج المناسبة للتعرف على المواد وتشوفو معلومات بنيوية منها واتركيها

الاختيارات:
A. أمواج التيرا هرتز
B. الأمواج المكروية
C. UV
D. 1R",D,A
2751,"أن قوه اللزوجة:

الاختيارات:
A. تعاكس جريان المائع
B. تساعد جريان المائع
C. ليس لها علاقة بجريان المائع
D. كل ما سبق صحيح",A,A
2752,"كل مايلي صحيح عن ضرر الـ DNA بالـ UV ما عدا :

الاختيارات:
A. UVB يؤدي إلى اتلاف DNA مباشرة
B. يتأذى الـ DNA بشكل غير مباشر
C. الأكسجين التفاعلي الذي تنتجه UVA يضر بالـ DNA بشكل غير مباشر
D. كل ما سبق خاطئ",D,D
2753,"العنصر الأكثر استخداما في التصوير بالتجاوب المغناطيسي

الاختيارات:
A. الكربون
B. الهيدروجين
C. الأوكسجين
D. النيتروجين",B,B
2754,"يؤدي الضوء الموجي UV عند الطول الموجي 254 nm إلى :

الاختيارات:
A. إتلاف RNA المتعضيات المكروية
B. إتلاف DNA المتعضيات المكروية
C. تبيد الجراثيم
D. C,B",B,D
2755,"تمتاز الأشعة السينية بقدرتها على عبور الجسم البشري ويكون ذلك أسهل بقدر ما:

الاختيارات:
A. تكون قساوتها أكبر.
B. يكون الكمون المستخدم في توليدها كبيرا.
C. يكون الجسم أثخن.
D. A,B .",D,D
2756,"المعرض... هو مقدار :

الاختيارات:
A. يعبر عن التأين الذي تحدثه الأشعة الغاماوية في الهواء
B. يقدر بالرونتجن
C. يعبر عن التأين الذي تحدثه الأشعة السينية في الهواء
D. كل ما ذكر صحيح",C,D
2757,"يعطى مستوى الصوت بالعلاقة :

الاختيارات:
A. 20 log.
B. 10 log.
C. 10 log.
D. 10 log.",B,C
2758,"الأشعة السينية تتخامد في الجسم المدروس بسبب:

الاختيارات:
A. قصر طولها الموجى
B. امتصاص الجسم لها
C. ارتدادها عن الجسم
D. A,B",D,B
2759,"لما يتاكسد الغول نحصل علي:

الاختيارات:
A. يعطي كيتون
B. يعطي الدهيد
C. لا يحدث تفاعل
D. يختلف الناتج حسب الغول (أولي ،ثانوي،ثالثي)",D,D
2760,"عرض طاق واحد من DNA

الاختيارات:
A. 1nm
B. 0.1nm
C. 2nm
D. 5nm",C,C
2761,"زيادة الشدة بعامل قدره 100 يقابل زيادة في مستوى الصوت قدره:

الاختيارات:
A. 10dB
B. 20dB
C. 30db
D. 40dB",B,B
2762,"أن التغيرات في درجة حرارة السطح تعكس الاختلافات في:

الاختيارات:
A. توزع الدهن
B. تدفق الدم في النسخ تحت الجلد
C. ,B A
D. كل ما سبق خاطئ",B,B
2763,"من صفات ماسح الجيل الثالث ما عدا:

الاختيارات:
A. يستخدم حزمة مروحية من الأشعة السينية ومجموعة من الكواشف التي تتكون من حجرات تأيين كزينونية.
B. تقتصر الحركة فيه على الحركة الدورانية .
C. المدة التي يستغرقها لاقتناء المعطيات ست ثوان.
D. تم ابتكار هذا الماسح بعد ازدهار الرياضيات .",B,C
2764,"الـ UVA عند الاطوال الموجية التي تبدأ بالقرب من العصابة n.mUVB 5(3) تسبب :

الاختيارات:
A. تقرنات ضيائية وإحمرار في الجلد
B. لا تسبب أي ضرر
C. لا تسبب أي تفاعل تماما
D. سرطانات جلدية",A,A
2765,"عند معايرة شوارد الحديد الثنائي في حبة دواء بواسطة برمنغنات البوتاسيوم المشعر المستخدم:

الاختيارات:
A. الفينول فنتالين
B. أحمر المتيل
C. مطبوخ النشا
D. اعتمدنا على تغير لون البرمنغنات",D,D
2766,"وجود الروابط الهيدروجينية بين جزيئات الماء يفسر

الاختيارات:
A. كون التوتر السطحي ولزوجته أعلى من غيره من السوائل
B. كون توتره السطحي ولزوجته أخفض من غيره من السوائل
C. كون لزوجته وكثافته أعلى وتوتره السطحي أخفض من باقي السوائل
D. كون توتره السطحي وكثافته أعلى ولزوجته أخفض من غيره من السوائل",A,A
2767,"اى من العبارات التالية صحيحة حول ليزرات

الاختيارات:
A. تصدر مئات الكيلو واط عند الطولين الموجى و
B. تستخدم في القطع وفي اللحام
C. يزيد مردودها على 10%
D. B.C",D,D
2768,"وفقا للنظرية ……………تتناسب درجة حرارة عنصر صغير من المادة مع الطاقة ....... للجزيئات التي يتكون منها :

الاختيارات:
A. الحرارية - الحركية
B. الحركية - الحركية
C. الحرارية - الحرارية
D. الحركية - الحرارية",A,B
2769,"في المصورة البسيطة يجب أن تكون العدسة في حالة الأجسام البعيدة على :

الاختيارات:
A. بعد بؤري واحد من العدسة
B. بعد بؤري واحد من الفلم
C. A,B
D. كل ماسبق خاطئ",C,B
2770,"في التوازن التالي تزداد سرعة التفاعل المباشر: H2 + I2

الاختيارات:
A. بزيادة تركيز H2
B. بنقصان تركيز I2
C. بزيادة تركيز HI
D. لا يؤثر تغير تركيز أحد المكونات على سرعة التفاعل المباشر",A,A
2771,"ان الخطوة الأولى في التفاعلات هي

الاختيارات:
A. المبادرة
B. التغلغل (التنامي)
C. الانهاء
D. الاضافة",A,A
2772,"إن تنوع الرابع من قوى التأثير المعروفة في الطبيعة هو ............ فهو عند هذا المقياس:

الاختيارات:
A. الكهرطيسي.
B. الثقالي.
C. الحراري.
D. الكهراكي.",A,B
2773,"تعتبر النسج البرنشيمية كالكبد والطحال والغضاريف والدم من الكثافة:

الاختيارات:
A. المائية.
B. الدهنية.
C. الكلسية.
D. الهوائية.",D,A
2774,"برامتر واحد يسمى مسؤول عن أنوع آليات تأثر * مع المادة الحية هو:

الاختيارات:
A. كثافة العلاقة
B. كثافة الاستطاعة
C. مدة التعرض
D. وأبعاد البقعة البؤرية",C,C
2775,"يتكون الليزر من :

الاختيارات:
A. وسط ربح داخل تجويف ضوئي عالي الانعكاسية
B. وسيلة لتوليد وسط ربح بالطاقة
C. عاكس شديد وقارن الخرج وحزمة الليزر
D. كل ما سبق صحيح",D,D
2776,"يختلف النموذج الكمومي لذرة الهيدروجين عن نموذج بور من حيث أنه:

الاختيارات:
A. أكثر دقة في تحديد نصف قطر المدار.
B. يتعامل مع الإلكترون كموجة مستقرة.
C. يتعامل مع الإلكترون كجسيم مفيد.
D. يحدد الموضع بنسب مختلفة الاحتمال.",B,D
2777,"ثخانة الحاجز في مجهر STM هو بين :

الاختيارات:
A. راس مدبب والالكترون
B. السطح الدروس والالكترون
C. راس مدبب والسطح المدروس
D. كل ما سبق صحيح",C,C
2778,"إن زيادة التعرض للأشعة فوق البنفسجية يؤدي إلى :

الاختيارات:
A. إتلاف بعض الروابط الجزيئية
B. تأين بعض المركبات والجزيئات
C. يؤذي المواد والنسج بشكل عام
D. كل ماسبق صحيح",D,D
2779,"الفوتونات التي تعبر الثقب في الحجرة ترتد عن الجدران مرات عديدة قبل أن تغادر وبذلك يزداد.

الاختيارات:
A. احتمال ارتدادها
B. احتمال انعكاسها
C. احتمال عبورها
D. احتمال امتصاتصها",B,D
2780,"عندما يكون التدرج الحرارى سالباً فإن التدفق يكون :

الاختيارات:
A. سالب
B. موجب
C. معتدل
D. A,B",A,B
2781,"وظيفة الكاشف هي:

الاختيارات:
A. قياس شدة الأشعة النافذة.
B. قياس طول الأشعة النافذة.
C. قياس توتر الأشعة النافذة .
D. كل ما سبق خاطئ.",A,A
2782,"القدرة الامتصاصية شهيم علويين المؤكسج والمرجع الكون أضعف ما يمكن:

الاختيارات:
A. تمتص المجال فوق البنفسجي
B. تمتص مجال الطيف المرئي
C. 650m-950mm
D. A+C",D,C
2783,"يكون الضغط العباري خارجه Porn هو

الاختيارات:
A. 4KPα
B. -3.2Kpa
C. -3.2Pa
D. -400Kpa",B,C
2784,"الحزم الإلكترونية تعمل على معالجة الأورام :

الاختيارات:
A. القريبة من الجلد
B. العميقة
C. A,B
D. كل ما سبق خاطئ",B,A
2785,"تكرار الطراز (الدورية في الجدول الدوري) ناجمة عن ترتيب العناصر حسب

الاختيارات:
A. ازدياد كتلها الذرية
B. ازدياد أعدادها البروتونية
C. ازدياد الكهرسلبية
D. ازدياد قطرها الذري",B,B
2786,"الشكل الفراغي لمعقد …….[Fe(H2O)4]+2ودرجة أكسدة ذرة الحديد........

الاختيارات:
A. ثماني وجوه ، 3+
B. رباعي وجوه ، 2+
C. ثماني وجوه ، 2+
D. رباعي وجوه ، 3+",A,C
2787,"يكون الضغط العياري خارجه Pout هو

الاختيارات:
A. -4kPa
B. -3.2KPa
C. -3.2Pa
D. -400KPa",B,A
2788,"من تطبيقات الفلورة

الاختيارات:
A. علم التعدين والجواهر
B. الحساسات الكيميائية والرسم بالفلورة
C. الأصبغة والكشف عن الأشعة الكونية
D. كل ما سبق صحيح",D,D
2789,"تؤدي أكسدة الكيلات البنزن (مثل ميتيل البنزن) ببرمنغنات البوتاسيوم (VII) القلوية أو بأي مؤكسد قوي آخر إلى تشكل:

الاختيارات:
A. الفينول
B. البنزن
C. نترو البنزن
D. حمض البنزويك",D,D
2790,"بالاعتماد على التيراهرتز يمكن الكشف عن :

الاختيارات:
A. الأشعة تحت الحمراء .
B. النخور السنية .
C. سرطان الجلد .
D. صلاحية الدواء بالاعتماد على البصمة الجزيئية .",C,A
2791,"يا من العلماء تننا بتعبر قرينة الانكسار من وسط الى اخر بصورة خاطئة:

الاختيارات:
A. تیون
B. ایشتان
C. هونغر
D. كل ما سبق صحيح",D,B
2792,"التواتر هو :

الاختيارات:
A. عدد الذرا
B. عدد القيعان
C. الدورات الكاملة التي تمر بها نقطة معينة في واحدة الزمن
D. كل ما سبق صحيح",D,D
2793,"النواة في جسم الإنسان تكون درجة حرارتها .... والغلاف ويكون درجة حرارته :

الاختيارات:
A. متغيرة - ثابتة
B. ثابتة - متغيرة
C. ثابتة - ثابتة
D. منجرة - متغيرة",B,B
2794,"بعد كل من العدسة والقرنية سريع العطب بشكل خاص لـ:

الاختيارات:
A. وجود أوعية كثيرة تسبب غزارة التي
B. عدم احتوائها على أوضة دموية يمكن
C. أن تقرعهما من الحرار
D. احتوائها على الخلط الفاني احتوائها على الخلط الحاج",A,B
2795,"تسلك الغازات النادرة جميعها سلوكاً كيميائياً متشابهة وتتميز بعلاقة تأين :

الاختيارات:
A. متساوية نسبياً
B. منخفضه نسبياً
C. عالية نسبياً
D. مختلفة نسبياً",B,C
2796,"احد اشكال الليزرات فوق البنفسجية هو

الاختيارات:
A. ليزر الإكسايمر
B. ليزر
C. ليزر الإكسبيلكس
D. A,B",D,D
2797,"تعض معادلة الاستمرارية المانع غير قابل للانضغاط :

الاختيارات:
A. A1/1-A2/v2
B. A11-A22 চে
C. A1/A22/1
D. كل ما ذكر حاطئ",D,B
2798,"أيا من العبارات التالية خاطئة حول الليزرات الديودية

الاختيارات:
A. تصدر أطوالا موجية تزيد على μm 3
B. تستخدم الديودات المنخفضة الاستطاعة إلى الطابعات الليزرية سواقات CD
C. تستخدم الدبودات السورية ذات الاستطاعة الأعلى في الضخ الضوئي للبزرات أخرى عالية المردود
D. يمكن لبعض هذه الليزرات أن تولد خروجا عالية الاستطاعة وإشعاعا طوله الموجي قابل للتوليف وواسع عرض الخط أو نبضات ليزرية فائقة القصر",A,D
2799,"أيا من العبارات الاتية خاطئة:

الاختيارات:
A. تتفق الحركة الانسحابية الدورانية التي يستخدم فيها عدة كواشف مع المبدأ الثاني.
B. تنتمي أجهزة الحركة الدورانية البحتة إلى المبدأ الثالث.
C. المبدأ الرابع يتعلق بدوران الصمام الموك للأشعة فقط حول المنطقة المدروسة
D. تتوزع الكواشف وفق قوس دائرية تقع زاويتها بين و في ماسح المبدأ الرابع.",B,D
2800,"لو أخذنا في نموذج دور L=0سيعني هذا أن الالكترون يتحرك بحركة ............ على طول خط مستقيم يعبر النواة وهي صورة غير مقبولة فيرد بأننا للإلكترون :

الاختيارات:
A. اهتزازية
B. دورانية
C. A+B
D. كل ما سبق صحيح",D,A
2801,"النوى التي لها عدد N ثابت حيث تحوي العدد نفسه من النترونات هي:

الاختيارات:
A. ايزوتونات
B. ايزوبارات
C. ايزوميرات نووية
D. نظائر",A,A
2802,"اذا كانت الحقول الكهربائية لمنبع الأمواج الكهرطيسية لها اتجاهات عشوائية عند انتشاره فان

الاختيارات:
A. مستقطب
B. غير مستقطب
C. مستقطب خطي
D. مستقطب جزئی",B,B
2803,"بقدر معدل التكرار في النظام النبضي بنحو........دة كل نبضة فوق صوتية نحو.......... عند التواتر .......

الاختيارات:
A. 1MHz -0.8-1KHz
B. 3MHz 0.8-2KHz
C. 3MHz-0.7-1KHz
D. 3MHz-0.7-2KHz",D,C
2804,"يدعي مقدار اسم :

الاختيارات:
A. مغنطون
B. مغنطون دور
C. طول موجة كومتون
D. كل ما سبق صحيح",D,B
2805,"يكون تأثر أي نكليون مع آخر يقتصر على النكليونات الواقعة في جواره المباشر بسبب :

الاختيارات:
A. كبر نصف قطر التأثر الشديد
B. صغر نصف قطر التأثر الشديد
C. صغر البعد بين النكليونات
D. كبر البعد بين النكليونات",B,B
2806,"عدم وضع الحاضنة وفيها الطفل الخديج قرب النوافذ:

الاختيارات:
A. يبرد الخديج.
B. يبرد الخديج بالإشعاع نحو جدار الحاضنة .
C. تفقد جدران الحاضنة الحرارة بالإشعاع نحو النافذة.
D. كل الإجابات السابقة صحيحة.",D,D
2807,"الاستقطاب الذي يبقى فيه الحقل الكهربائي في مستوى واحد أثناء الانتشار أو متغير الاتجاه في المستوى العمودي على الانتشار هو:

الاختيارات:
A. استقطاب جزئي
B. استقطاب خطي
C. A,B
D. B أوA",B,B
2808,"من الأشعة التي تعبر الجسم بشكل كامل :

الاختيارات:
A. السينية وغاما
B. نترونات سريعة
C. نترونات بطيئة
D. A,B",D,D
2809,"تخضع الالكانات لتفاعل ....... بالهلوجينات في ضوء الشمس

الاختيارات:
A. استبدال
B. اضافه تليوفيلية
C. إضافة الكتروفيلية
D. نزع",D,A
2810,"غالبا ما تختلف النسخ السليمة من الورمية بـ.

الاختيارات:
A. ترويتها
B. اكسجتها
C. بلونها
D. كل ماسبق صحيح",D,D
2811,"تعتمد النظرية الموجبة عموما اعتمادا كبيرا على

الاختيارات:
A. الطور
B. فرق الطور للامواج المتباينة
C. A,B
D. كل ماسبق خاطي",C,C
2812,"أي هذه الروابط كسرها هو الأصعب :

الاختيارات:
A. C-l
B. C-Br
C. C-Cl
D. C-F",D,D
2813,"يؤدي احتراق 1مول من الإيثن C2 H4 إلى تشكل ثنائي أكسيد الكربون والماء: ما هي قيم الثوابت الستوكيومترية للمعادلة الموزونة؟

الاختيارات:
A. 1:3:2:2
B. 1:2:2:2
C. 1:3:1:2
D. 1:2:2:1",B,A
2814,"أن تحقيق افضل مقدرة فاصلة عند عمق معين يتعلق :

الاختيارات:
A. اختبار المحبس في البعد المحرقي الموافق
B. تواتر الموجة
C. طولها الموجي
D. B+A",D,D
2815,"وفقا للعلاقة R = r₀Aكل العبارات التالية صحيحة حول r₀ ما عدا:

الاختيارات:
A. هو ثابت مرتبته من رتبة مدى تأثير القوى النووية.
B. تحدد قيمته تجريبيا
C. r₀ = 1.2 × 10⁻¹⁵ m
D. r₀ = 1.2 × 10⁻¹⁵ fm",A,A
2816,"إن مقدر يمكن قياسه لبناء الصورة هو :

الاختيارات:
A. شدة الاشعاع الممتص
B. شدة الاشعاع الذي اعيد إصداره من مختلف نقاط الجسم الكثيرة
C. شدة الاشعاع الصادر
D. A.B",D,B
2817,"يبلغ المستوى ال صوتي75Db في شارع ما شدة الصوت هناك:

الاختيارات:
A. I=3.2w/m²
B. I=3.2×10²w/m²
C. I=3.2×10⁵w/m²
D. كل ماسبق خاطئ",C,C
2818,"تفرز التخاريب الرئوية مادة الليستينات في السائل المخاطي المحيط بها بهدف خلق فروق كبيرة في الضغط بين داخلها وخارجها الأمر الذي يسهل تمددها في الشهيق وتقلصها في الزفير وذلك عن طريق:

الاختيارات:
A. خفض التوتر السطحي للسائل .
B. رفع التوتر السطحي للسائل .
C. خفض لزوجة السائل .
D. رفع لزوجة السائل .",A,A
2819,"إن تخامد شدة الموجة الصوتية : (الخطأ)

الاختيارات:
A. يتعلق بنوع النسيج .
B. ليس له علاقة بنوع النسيج .
C. يتناسب طردياً مع ثخانة النسيج .
D. يتناسب طردياً مع شدة الموجة الصوتية .",C,B
2820,"يكون الاجهاد طولانيا عندما تكون القوة :

الاختيارات:
A. موازية للسطح
B. مائلة عن السطح
C. عمودية على لسطح
D. متطبقة على السطح",C,A
2821,"المطابقة:

الاختيارات:
A. ثبات في البعد البؤري لعدسة العين.
B. تغير في البعد البؤري لعدسة العين.
C. ثبات في شكل وأبعاد العدسة.
D. كل ما سبق صحيح.",B,B
2822,"الانماط المختلفة لدراسة صورة الصدى :

الاختيارات:
A. النمط المطالي A
B. نمط السطوع B
C. نمط الحركة بدلالة الزمن Move T - M
D. كل ما سبق صحيح",D,D
2823,"تمثل النسبة لك

الاختيارات:
A. ثابت المتناسب
B. عامل المرونة
C. A.B
D. عامل اللدونة",D,A
2824,"الصيغة الجزيئية لأنكن يحوي 18 ذرة كربون

الاختيارات:
A. C18H18
B. C18H39
C. C18H36
D. C18H32",C,C
2825,"NMR هو أداء فعالة في :

الاختيارات:
A. مجالات الفيزياء والكيمياء الحيوية :
B. التصوير الطبي والتحليل
C. البحث العلمي
D. كل ما سبق صحيح",D,D
2826,"يعطي التفاعل: C2H3OH + PCL5→

الاختيارات:
A. 3C2H5 + H3PO3
B. C2H2CL + HCL+POCL
C. C2H5CL + HCL
D. C2H5CL",C,B
2827,"طيف الأثر الحمامي:

الاختيارات:
A. احمرار البشرة بسبب الإشعاع.
B. تغير تأثير الضوء في قرنية وبشرة الإنسان بتابعية الطول الموجي.
C. معدل النشاط الفيزيولوجي بدلالة طول موجة الضوء.
D. كل ما سبق صحيح.",D,D
2828,"بالنسبة للجزيئات الأكثر تعقيدا كثنائي أكسيد الكربون ويفصل بين كل اثنين من المستويات الطاقية أقل من ........... ..... ومن ثم فهي تولد فوتونات تحت الأحمر بطول موجي يزيد

الاختيارات:
A. 10
B. 1μm-2eV
C. 1μm1eV
D. 3μm-3eV",B,C
2829,"العدسات التي ابتكرت مؤخراً لتشكيل طلقات صوتية تقوم بدور جراحي هي :

الاختيارات:
A. تحت صوتية
B. صوتية
C. سينية
D. مغنطيسية",A,B
2830,"في الـ NMR إذا تم تطبيق تدرج حقل بعد نبضة التواتر الراديوي يصبح تواتر الفوتونات

الاختيارات:
A. الواردة مقياسا للمكان التي وردت إليه
B. الصادرة مقياسا للمكان التي صدرت منه
C. الصادرة مقياسا للمكان التي سترد إليه
D. A,C",D,D
2831,"من أجل الحلة n=3لذرة الهيدروجين يأخذ العدد الكمومي المداري lالقيم المسموحة :

الاختيارات:
A. (0,1)
B. ((-1,0,1
C. 0
D. L=[",B,D
2832,"إن القياس الدقيق لتواترات إصدار المادة أو امتصاصها في مجال التيراهرتز يقسم المجال أمام

الاختيارات:
A. إضاءة هذه الأجسام باشعاعات ددقيقة
B. التعرف على بعض الأنواع الكيميائية المتوفرة فيها
C. حذف النقط غير المضيئة
D. كل ماسبق صحيح",D,B
2833,"تهتز الذرتان في الجزيء ثنائي الذرة حول

الاختيارات:
A. الكتل الأولى
B. مركز كتلتيهما
C. الكتلة الثانية
D. الكتلة الأنقل",B,B
2834,"البنية لأكسيد المغنزيوم تكون :

الاختيارات:
A. مشتركة عملاقة
B. ايونية عملاقة
C. جزئية بسيطة
D. ليس أيا مما سبق",B,B
2835,"إذا كان هبوط الضغطp∆ يحافظ على معدل جريان معين في انبوب طوله L فان انبوب مماثل طوله 2L يحتاج الى للإبقاء على معدل الجريان نفسه:

الاختيارات:
A. ضعف ارتفاع الضغط
B. ضعف هبوط الضغط
C. هبوط الضغط وفقا للقوة الرابعة
D. كل ما سبق صحيح",D,B
2836,"حسب مبدأ إينشتاین تتناسب طاقة الفوتون طرديا مع.........موجة الإشعاع الكهرطيسى :

الاختيارات:
A. طول
B. تواتر
C. تردد
D. B,C صحيحان",D,D
2837,"تسبب الحركات الدورانية لجزئبات الماء الامتصاص والاحتكاك ما يسخن الطعام بسرعة ل

الاختيارات:
A. احتوائه الشحوم في معظم مكوناته
B. احتوائه الماء في معظم مكوناته
C. A,B
D. كل ما سبق صحيح",D,A
2838,"آلية هالوجين الألكان الثانوي:

الاختيارات:
A. Sn1
B. Sn2
C. A+B
D. E2",A,C
2839,"يمكن أن تصدر الأمواج والإشعاعات التالية من الجسم البشري : (الخطأ(

الاختيارات:
A. التيراهرتز.
B. الأمواج تحت الصوتية .
C. الأشعة تحت الحمراء .
D. الأشعة فوق البنفسجية .",C,D
2840,"يكون ثابت التناسب في حالة الالتواء أو القتل

الاختيارات:
A. عامل المرونة الحجمي B
B. عامل القص S
C. عامل بانغ Y
D. كل ما سبق صحيح",D,B
2841,"ان تعاريف عوامل المرونة هي تعاريف... من وجهة نظر الميكانيك

الاختيارات:
A. حركية
B. ديناميكية
C. ثوارنية
D. كل ما سبق صحيح",D,A
2842,"تتشكل الأخيلة الحقيقية بالإنكسار :

الاختيارات:
A. أمام السطح
B. جانب السطح
C. A,B
D. خلف السطح",C,D
2843,"تستعمل الأمواج فوق الصوتية الموسومة بأمواج قصية ك:

الاختيارات:
A. لمعالجة الأورام.
B. مجس آمن للكشف عن الأورام .
C. الكشف عن الكسور .
D. تشخيص حالات مرضية .",B,B
2844,"يتضمن تحليل البول ايونا قياسيا للوزن النوعي عادة من:

الاختيارات:
A. 1.015 الي 1.035
B. 1.020 الي 1.040
C. 1.015 الي 1.030
D. كل ما سبق صحيح",D,C
2845,"تتصف الأشعة السينية بأنها:

الاختيارات:
A. ير مؤيمة تنها رات التي تعبرها.
B. تواين الغازات التي تعبرها.
C. خطره ويحذر الوقوف في طريقها دون رداء رصاصي.
D. B+C",D,D
2846,"أثر الشروق الشمسية ( الطيف الفعال ) يساوي حاصل ضرب :

الاختيارات:
A. طيف ضوء الشمس وطيف الأثر الحمامي
B. شدة الإشعاع وإحمرار البشرة بسبب الإشعاع
C. شدة الإشعاع وحساسية البشرة
D. كل ماسبق صحيح",D,D
2847,"الفوتونات التي تعبر الثقب في الحجرة ترتد عن الجدران مرات عديدة قبل أن تغادر وبذلك يزداد.

الاختيارات:
A. احتمال ارتدادها
B. احتمال انعكاسها
C. احتمال عبورها
D. احتمال امتصاتصها",B,D
2848,"تحول أبواغ الفطور الممرضات إلى منتجات ثانوية عاطلة غير ضارة عن طريق تفاعل كيميائي تحفيزي من........والتعرض للضوء.......من شأن أكسدة المادة العضوية.

الاختيارات:
A. أكسيد الصوديوم UVB _
B. أكسيد الصوديوم _ UVC
C. أكسيد التيتانيوم_ UVB
D. أكسيد التيتانيوم UVC_",D,D
2849,"بما ان السؤال لانقسام تغيير الشكل عند تطبيق الاجهاد المماسي وانما تقاوم الجريان في هذه الحالة فيعبر عن ذلك بمعامل:

الاختيارات:
A. اللدونة
B. القص
C. اللزوجة
D. الانفعال",D,C
2850,"من أكثر الصيدلانيات الإشعاعية المستخدمة في FBI :

الاختيارات:
A. 99m – TC – HMOPAO
B. HMAPO
C. 99m – MO
D. B.C",A,D
2851,"يعرف التوتر السطحي:

الاختيارات:
A. بأنه القوة المطليقة على السطح
B. بأنه الضغط المطليق على السطح
C. بأنه القوة في واحدة الفلول التي يؤثر بها السفلح على حافته
D. بأنه القوة في واحدة السطح التي يؤثر بها السطح على حافته .",D,C
2852,"في التصاوغ الوظيفي يكون للمتصاوغين

الاختيارات:
A. زمرة وظيفية نفسها
B. خواص كيميائية نفسها
C. خواص كيميائية مختلفة
D. كل من c,a",A,C
2853,"تستخدم واحدة الدوبسن (DU: Dobson) لقياس:

الاختيارات:
A. تركيز فيتامين D في الجلد.
B. شدة الأشعة فوق البنفسجية التي تصل الى الأرض .
C. تركيز الأوزون في الغلاف الجوي.
D. جميع العبارات السابقة صحيحة.",D,C
2854,"إن مماكب التكنيوم غير المستقر الذي يتفكك لاحقا بإصدار فوتون . يمكن استخدامه في استكشاف الجسم البشري:

الاختيارات:
A. سيني
B. غاما
C. فوق بنفسجي
D. تحت أحمر",B,B
2855,"كل ما يلي عن الاشعة السينية ماعدا :

الاختيارات:
A. أطوالها الموجبة بين
B. تدفق الفوتونات التي يصدرها المنبع ذو طابع إحصائي.
C. قيمة تدفق الفوتونات الوسطية وانحرافه واحرافه النسبي .
D. يعرف الانحراف بالتشويش الكمومي وهو من العيوب لحودة الثور",A,C
2856,"تقدر الجرعة المكافئة للإشعاع :

الاختيارات:
A. بالغري .
B. بالسفرت .
C. بالراد .
D. بالروتنجن .",C,B
2857,"كل ما يلي صحيح عن تحليل الضوء ماعدا:

الاختيارات:
A. بحللالموشور الضوء الأبيض إلى قوس قزح لأن قرينة انكسار مادة معينة تعتمد على الطول الموجي
B. يكون انحناء الضوء البنفسجي أكبر من انحناء الضوء الأحمر
C. تحلل الضوء الأبيض الى كامل الطيف يدعى التشتت
D. تنحرف الأطوال الموجية المختلفة بدرجات متساوية",D,D
2858,"الـ تسمى بالضوء الأسود لأنه :

الاختيارات:
A. لايرى بالعين مباشرة
B. لمايقوم به من تفاعلات في طبقات الجو المختلفة
C. A,B
D. كل ما سبق خاطئ",C,D
2859,"ان سرعة التنقل تتناسب .... مع g

الاختيارات:
A. طرديا
B. عكسيا
C. طرديا مع القوة الرابعة
D. A,B",A,A
2860,"يمكن التنبأ عن التوزع الالكتروني للإلكترونات في المحيط الالكتروني للذرة من خلال:

الاختيارات:
A. قيم طاقات التأين المتتالية
B. ترتيب النوكليونات في النواة
C. عدد الإلكترونات
D. اشكال المدرات الفرعية",A,A
2861,"أي من الإشعاعات التالية ينتمي إلى طيف الإشعاعات الكهرطيسية: (الخطأ) أمواج أشعة الليزر

الاختيارات:
A. أشعة بيتا .
B. أشعة غاما .
C. أمواج أشعة الليزر .
D. الأشعة الضوئية .",C,A
2862,"يمكن اعتبار طريقة التصوير التالية هي الأقل ضرراً على الجسم :

الاختيارات:
A. التصوير الحراري.
B. الرنين المغنطيسي .
C. التصوير الطبقي المحوري .
D. التصوير الومضاني.",A,A
2863,"إن الضغط الذي يطبقه الهواء على أجسامنا يقدر بنحو1 atm ونحن لا نتحطم بهذا الضغط لأن

الاختيارات:
A. ضغط معظم الموائع في أجسامنا أكبر من ضغط الهواء الذي يحيط بنا
B. ضغط معظم الموائع في أجسامنا يساوي تقريبا الهواء الذي يحيط بنا
C. ضغط معظم الموائع في أجسامنا أصغر من ضغط الهواء الذي يحيط بنا
D. كل ما سبق صحيح",A,B
2864,"تستغرق دراسة معظم تجارب BOLD للعمليات الدماغية التي تستمر بضع ثانيات نحو يضع

الاختيارات:
A. خمس دقاق
B. عشرات الدقائق
C. سبع دقائق
D. مئات الدقائق",B,B
2865,"من نواتج تفكك (الخطأ):

الاختيارات:
A. الأزوت (النتروجين) .
B. جسيم بيتا .
C. النترينو.
D. النترينو المضاد .",C,C
2866,"من الأمور التي تتدخل في تصوير وظائف الدماغ بالتصوير المقطعي الإصداري الثنائي الفوتون : (الخطأ)

الاختيارات:
A. مماثل للغلوكوز غير قابل للاستقلاب .
B. نظير مصدر للبوزترونات .
C. نظير مصدر لأشعة غاما .
D. تراكم مماثل للغلوكوز في الخلايا المستهلكة للطاقة .",D,C
2867,"التي تمثل قيمة تغير الحجم النسبي هي:

الاختيارات:
A. مقاومة الجسم لحركة المستويات الداخلية فيه التي ينزلق بعضها فوق بعض
B. مقاومة الجسم لتعبر حجمه
C. مقاومة الجسم للحمولة .
D. كل ما سبق صحيح",B,C
2868,"العين الحسيرة :

الاختيارات:
A. الحالة التي يتطاول عندها شكل كرة العين
B. تكون القوة الكاسرة للعدسة كبيرة جدا
C. تصحح بعدسة مبعدة
D. كل ما سبق صحيح",D,D
2869,"تتم دراسة أمراض القلب ووظائفه بإستخدام :

الاختيارات:
A. تقنيات التصوير النووي Spect
B. الصيدلانيات الاشعاعية
C. A,B
D. كل ما سبق خاطئ",C,C
2870,"تستخدم تقنية الـ PET مجموعة من النظائر المشعة ذات أعمار نصف :

الاختيارات:
A. طويلة نسبيا
B. قصيرة نسبيا
C. A,B
D. متوسطة نسبيا",B,B
2871,"يستخدم الليزر الصباغي طبياً في:

الاختيارات:
A. تنعيم الجلد واستئصال النسج المتضررة وخفض الضرر الحاصل بالنسج المحيطة بها .
B. معالجة الوحمات الوعائية .
C. معرفة أعمار الفلورة للجزيئات الصيدلانية .
D. كافة الإجابات صحيحة .",D,D
2872,"يدعى المسار يسلكه المانع الخطوط التيار وتعريف :

الاختيارات:
A. بانها منحنيات ولها سرعة عبر ثابتة
B. بانها خطوط وهمية مستقيمة وليس لها سرعة ثابتة
C. بانها خطوط مستقيمة لها سرعة ثابتة
D. بانها المنحنيات التي يمثل المماس في كل نقطة منها سرعة تلك النقطة",D,C
2873,"كل مايلي صحيح عن الأمواج المكروية ماعدا:

الاختيارات:
A. تحتل الجء والتواتر الأعلى والطول الموجي الأقصر من طيف الأمواج الراديوية
B. أول من قام بتوليدها Hertz
C. يتضمن الأمواج الملمترية UHE و DHF على السواء
D. تتضمن كامل العصاية HF والهندسسة الراديوية RF",B,C
2874,"وظيفى الغلاف المعدني المحيط بتجويف الفرن :

الاختيارات:
A. إعادة عكس الأمواج المكروية
B. تبريد المصادر
C. تخفيض مقدار تسرب الأمواج المكروية
D. A+C",D,D
2875,"سرعة الأمواج الطولانية في مائع:

الاختيارات:
A. .
B. .
C. .
D. .",C,C
2876,"يمكن ان تكون مادة وسط الربح :

الاختيارات:
A. غازية او سائلة
B. صلبة
C. بلازما
D. كل ما سبق صحيح",D,B
2877,"المماكبات ( الإيزوميرات) هي نوى :

الاختيارات:
A. تختلف بعددها الذري .
B. تختلف بعدد النيترونات.
C. تختلف بعدد البروتونات .
D. تختلف في طاقتها الداخلية فقط .",C,D
2878,"ترتبط فعالية UVC بشكل مباشر بـ :

الاختيارات:
A. شدتها
B. موقع التعرض
C. شدتها ومدة التعرض
D. B,A",C,C
2879,"ايا من العبارات التالية خاطئة حول الية تضخيم الضوء

الاختيارات:
A. عندما يمر الضوء من وسط الربح ينكسر
B. إذ تكفل المراتين مرور معظم الضوء في وسط الربح عددا كبيرا من المرات فتضخم شكل متكرر
C. إن جزء من الضوء بين المرأتين يعتر خلال المرأة الشفافة حزنيا ويغادرها على شكل حزمة ضوئية
D. يجري تزويد الطاقة إما على شكل تبار كهربائي إما على شكل ضوء باطوال موجية مختلفة من مصباح ومعطي او بليزر اخر",A,A
2880,"العدسة الرقيقة هي :

الاختيارات:
A. العدسة التي تكون ثخانتها كبيرة مقارنة بنصفي قطري انحنائها
B. العدسة التي تكون ثخانتها تساوي نصفي قطري انحنائها
C. العدسة التي تكون ثخانتها صغيرة مقارنة بنصفي قطري
D. العدسة التي تكون ثخانتها كبيرة مع محرقها",C,C
2881,"ثغرة ظاهرة الانتثار الخلفي المترابط الى :

الاختيارات:
A. تموضع قوي
B. تموضع ضعيف
C. ثبات المبدأ
D. ثخانة النسيج",B,A
2882,"عند انتقال الجزيئات من مستوى طاقة إلى آخر تمتص أو تصدر فوتون ويقع تواتره ضمن مجال التيراهرتز لأن

الاختيارات:
A. تواترات الدوران أو الاهتزاز الأساسية لهذه المواد تقع ضمن مجال تحت الحمراء
B. تواترات الدوران أو الاهتزاز الأساسية لهذه المواد تقع ضمن مجال التيراهرتز
C. طبيعية هذه المواد قادرة على امتصاص الأطوال الموجية القصيرة
D. العدد الذري لهذه المواد مناسب لامتصاص هذه الأطوال",B,B
2883,"تتشابه الأشعة تحت الحمراء والأمواج تحت الصوتية بأن :

الاختيارات:
A. لهما الطبيعة نفسها.
B. آلية الإصدار نفسها .
C. تنتميان إلى الجزء المنخفض من طيفيهما .
D. وتدلان على الأمراض نفسها .",C,C
2884,"كانت الاشعة السينية التقليدية قادرة على تميز كل ما يلى ماعدا :

الاختيارات:
A. العظام .
B. الأنبوب الهضمي والمجاري البولية.
C. الكبد والطحال .
D. الأوعية الدموية .",D,C
2885,"أي من هذه إلكتروفيل:

الاختيارات:
A. H
B. OH
C. COO
D. SO4",A,A
2886,"إن الأشعة السينية المنتثرة عن الجسم البشري التي تبلغ الفلم :

الاختيارات:
A. تزيد من التشويش الخلفية.
B. تضعف تباين الصورة الشعاعية.
C. تقلل من كمية المعلومات التي تحويها الصورة.
D. كل ما سبق صحيح.",D,D
2887,"يعطي تفاعل المركب مع الايتانول:

الاختيارات:
A. غول
B. الدهيد
C. استرات
D. حمض كربوكسيلي",B,C
2888,"الماص المثالي هو:

الاختيارات:
A. مصدر مثالي في الوقت نفسه
B. جسم رمادي
C. جسم أسود
D. ,C",A,D
2889,"صدور الموجة البعيدة تبدأ بالأمواج فتسبب.....وتسمى......وتكون شدة.......ويعتمد جودة هذا التقريب على ..........

الاختيارات:
A. الانعراج- فراونهومز- متغيرة نكسيا مع البعد طول الموجة وقطر فتحة المجس
B. التداخل- فراونهمومر- متغيرة تكسيا مع البعد -طول الموجة وقطر فتحة المجس
C. الانكسار- حزين سريعة التغير- طول الموجة
D. لا شيء مما سبق",B,A
2890,"بتعليق حقل مغنطيسى تشعر طاقة على طاقة السودة.

الاختيارات:
A. إلى عدة مستورات طاقية
B. إلى ثلاث مستويات طاقية
C. ع إلى مستوين طاقيين
D. كل ما ذكر خاطئ",B,C
2891,"يكون أبطئ حريان للطبقة في حالة الحريان اللزج داخل أنبوب دائري المقطع في :

الاختيارات:
A. محيط الأنبوب
B. مركز الأنبوب
C. وسط الطبقات
D. كل ما سبق صحيح",B,A
2892,"معادلة برنولي المطبقة على جريان المائع هي من أشكال قانون انحفاظ :

الاختيارات:
A. الطاقة .
B. الكتلة .
C. السرعة.
D. الكل خطأ .",B,A
2893,"الاطياف المتقطعة تصدر عن :

الاختيارات:
A. سلك متوهج
B. الذرة في هيئة اقدارا ضوئية
C. النيران
D. الالكترونات",C,D
2894,"من تطبيقات التيرا هرتر ماعدا

الاختيارات:
A. توصيف الخصائص الأساسية للمواد كتر كبر حاملات الشحنة وحركتيهما
B. دراسة الفيتامينات وكيفية تثيرها في الجسم من أجل تشكيل الدواء
C. التحكم في جودة الصناعات نصف النافية والصيدلانية
D. المسح الأمني وتفتيش البريد للكشف أجسام أو مواد لا معتدة مؤدية",A,B
2895,"إن التغيرات في درجة حرارة السطح:

الاختيارات:
A. تعكس الاختلافات في تدفق الدم في النسيج تحت الجلد.
B. دل العالم لاوسن على وجود ورم في الثدي.
C. تحمل معلومات تشخيصية.
D. كل الإجابات السابقة صحيحة.",D,D
2896,"تعود قوة تكبير المجهر الإلكتروني المقدرة ب 500 مرة قوة تكبير المجهر الضوئي:

الاختيارات:
A. قدرة الفصل العالية.
B. طاقة الإلكترونات العالية.
C. العدسات المغناطيسية.
D. قصر الموجة المصاحبة للإلكترون مقارنة بموجة الضوء المرئي.",D,D
2897,"من استخدامات الأمواج فوق الصوتية في الجراحة :

الاختيارات:
A. تفتيت الحصى .
B. تشكيل طلقات فوق الصوتية .
C. تقوم بمفعولات حرارية .
D. كل الإجابات السابقة صحيحة .",D,D
2898,"النوى التي تحوي العدد نفسه من النيترونات والبروتونات ولكنها تختلف فيما بينها بحالة الإثارة هي:

الاختيارات:
A. ايزوتونات
B. ايزوميرات نووية
C. مماكبات
D. . B,C",B,D
2899,"يطلق على النظائر التي لها العدد الكلي نفسه والعدد الذري نفسه اسم:

الاختيارات:
A. النظائر
B. المماكبات
C. الايزوبارات
D. كل ما سبق صحيح",C,B
2900,"تدور جزيئات الماء في الاتجاهين لتلحق باتجاه الحقل الكهربائي للأمواج المكروية ف:

الاختيارات:
A. تمتص طاقة من الحقل وتتحرك
B. تمتص طاقة من الحقل وترتفع درجة حرارتها
C. تمتص طاقة من الجزيئات وتنخفض درجة حرارتها
D. كل ماسبق صحيح",B,B
2901,"بنشأ تخامد الحزمة الصوتية عن كل شيء ماعدا

الاختيارات:
A. عطالة الجسيمات
B. احتكاكها فيما بينها
C. اصطداماتها المرنة
D. اصطداماتها اللامرنة",C,D
2902,"مجال الأمواج فوق الصوتية أكبر من :

الاختيارات:
A. 20 Hz
B. 200 Hz
C. 2000 Hz
D. 20KHz",D,D
2903,"بالنسبة للعلاقة فان هي الزاوية بين :

الاختيارات:
A. اتجاه استقطاب زاوية الورود والناظم
B. اتجاه استقطاب زاوية الورود ومحور تمرير المقطب
C. الناظم ومحور تمرير المقطب
D. كل ما سبق صحيح",D,B
2904,"يتحدد الاهتزاز الناتج ب :

الاختيارات:
A. الاهتزا الطبيعي
B. الاهتزاز الحر
C. الاهتزاز القسري
D. A,C",D,D
2905,"يستخدم قانون ستوكس لقياس :

الاختيارات:
A. مقاومة اللزوجة .
B. اللزوجة .
C. سرعة تدفق السائل .
D. حجم السائل .",A,A
2906,"يشيع تسمية NMR ب

الاختيارات:
A. MRN
B. MRI
C. NRI
D. MIN",B,D
2907,"إحدى هذه الاشعاعات لا تنتمي الى مجال التوترات المنخفضة :

الاختيارات:
A. اشعة سينية
B. أمواج صادرة عن العضلات
C. الاشعاع تحت الأحمر
D. اشعاع التيرا هرتز",B,A
2908,"يمكن ان تكون مادة وسط الربح

الاختيارات:
A. غازبة أو سائلة
B. صلبة
C. بلازما
D. كل ماسبق صحيح",D,D
2909,"لم يكن نيوتن قادرًا من خلال النموذج الجسيمى للضوء على تفسير :

الاختيارات:
A. الانعراج
B. التداخل
C. الاستقطاب
D. كل ما سبق صحيح",B,D
2910,"المسعر المناسب لمعايرة حمض ضعيف مع اساس ضعيف

الاختيارات:
A. فينول فيالين
B. احمر الفنيل
C. ازرق بروم التيمول
D. لا يمكن استخدام مشعرات لونية",B,D
2911,"في حاله التشوه القصي يكون الاجهاد:

الاختيارات:
A. عموديا على السطح
B. موازيا للسطح
C. مطبقا من جميع الجهات ويمثله تغير الضغط الذي يؤثر في الجسم او الضغط الصوتي
D. كل ما سبق صحيح",D,B
2912,"يعتمد فائض الضغط على

الاختيارات:
A. التوتر السطحي
B. أبعاد الفقاعة
C. اللزوجة
D. A,B",D,D
2913,"إذا إعتبرنا أن الإلكترون كرة مشحونة تدور حول ذاتها كلاسيكيا فإن الجزء القريب من سطحها سيدور بسرعات :

الاختيارات:
A. منخفضه
B. قريبة من سرعة الضوء
C. A,B
D. كل ما سبق صحيح",B,B
2914,"بعد التصوير بالتيرا هرتز :

الاختيارات:
A. هجومي وغير مؤلم ومأمون
B. مأمون وغير هجومي ولكنه مؤلم
C. غير مأمون وهجمومي ومؤلم
D. مأمون وغير هجومي وغير مؤلم",D,D
2915,"عامل shear هو

الاختيارات:
A. عامل المرونة الحجمي
B. عامل القص وبعبر عن قساوة النسيج
C. عامل مرونة المادة
D. الكتلة الخطبة .",B,D
2916,"يظهر السن تلف نتيجة تلف:

الاختيارات:
A. طبقة السن الداحلية
B. طبقة السن الخارجية
C. الميناء
D. C, D",C,D
2917,"في تجربة رذرفورد عندما يقترب جسيم ألفا إلى أقل مسافة ممكنة من النواة عند هذه المسافة تتحول :

الاختيارات:
A. الطاقة الحركة إلى طاقة كامنة ثقالية
B. الطاقة الكامنة إلى طاقة حركية
C. الطاقة الحركية إلى طاقة كولونية
D. الطاقة الكامنة إلى طاقة حرارية",A,C
2918,"إعادة بناء الصورة في التصوير المقطعي المحوري يتم بإتباع إحدى الطريقتين:

الاختيارات:
A. الحساب المصفوفي
B. الحساب بطريقة التلاف
C. B أوA
D. B و A",D,C
2919,"يصحح الحسر (قصر النظر) باستخدام عدسة؟ فيتشكل للجسم الواقع في اللانهاية خيال وهمي في نقطة؟

الاختيارات:
A. مبعدة \ المدى.
B. مبعدة \ الكثب.
C. مقربة \ المدى.
D. مقربة \ الكثب.",C,A
2920,"عندما تكون النأثر بين جزيئات السائل وجزيئات مادة الإناء أقوى من التأثر فيما بينها فإن

الاختيارات:
A. حزينات السائل ستمتد فوق عادة الإناء قدر المستطاع
B. سطح السائل سينحني متعدا ص اطراف الاناء
C. سيكون التاثير بين ذلك
D. كل ما سبق صحيح",B,B
2921,"من تطبيقات التيراهرتز ماعدا

الاختيارات:
A. التصوير الطبي والتشخيص
B. الكشف عن السرطان
C. الكشف المبكر عن النحور السنية
D. كل ماسبق خاطئ",A,D
2922,"العلاقة التي تربط بين البعد البؤري وبعد الجسم وبعد الخيال في حالة العدسة الرقيقة هي :

الاختيارات:
A. 1/p1 - 1/q2= 1/f
B. 1/p1 +n/q1= 1-n/R1
C. n/p2+1/q2= n-1/R2
D. 1/p +1/q=1/f",A,D
2923,"اشعاع التيراهرتز يقع بين :

الاختيارات:
A. تحت احمر البعيد والامواج فوق البنفسجية
B. المرئي وتحت الأحمر البعيد
C. تحت الأحمر البعيد والامواج المكروبة
D. كل ما سبق خاطئ",A,C
2924,"كل مايلي صحيح عن مبدأ التصوير بنبضات التيراهرتز ماعدا

الاختيارات:
A. ينعكس جزء من النبضة الواردة حيثما يوجد تغير في قرنية الانكسار
B. تسمح إعادة بناء النبضات المتعددة التي يتم استقبالها برسم البروفايل بدلالة العمق
C. تسمح عملية المسح لكامل سطح السن بالحصول على صورة ثلاثية الأبعاد
D. كل ماسبق خاطئ",B,D
2925,"ان اصغر فترة زمنية يمكن تمييز الفاعلية العصبونية في BOLD خلالها بموثوقية هي

الاختيارات:
A. المقدرة الفاصله الزمنيه
B. المقدرة الفاصله الزمنيه
C. المعدل النبضي
D. A,C",D,B
2926,"فوتونات الضوء المرئي تسبب تغيرا في:

الاختيارات:
A. روابط جزئ الرودسن في شبكية عين الإنسان
B. روابط جزئ الماء وتوليد عزم ثنائئ قطب
C. روابط جزئ النسيج الشحمي وتوليد إشعاع كهرطيسي
D. كل ماسبق صحيح",D,A
2927,"أيا من العبارات التالية حول القيمة المتوسطة لطاقة ارتباط التكليون:

الاختيارات:
A. هي النسبة بين طاقة ارتباط النواة والعدد الكتلي.
B. هي القيمة التي تحدد استقرارية النواة.
C. إن طاقة ارتباط التكليون تزداد بسرعة مع تزايد العدد الكتلي حتى تبلغ قيمة قصوى وقدرها MeV 8.6 عند A=60.
D. إن طاقة ارتباط التكليون عند A=60 تبدأ بالهبوط إلى أن تصل إلى قيمة MeV 7.6 عند A=240.",B,D
2928,"العلم الذي يقوم بحساب البعد بين الذرات عند معرفة الطول الموجى للأشعة السينية وقيست الزاوية هو:

الاختيارات:
A. علم الانكسارات
B. علم البلورات
C. علم الطبوغرافيا
D. كل ما سبق خاطئ",B,B
2929,"في تجربه برنولي يكون العمل الكلي:

الاختيارات:
A. الطاقة الحركية
B. الطاقة الكلية الثابتة
C. A, B
D. الطاقة الكهربائية",C,C
2930,"نسبة التوتر السطحي للنخروب الرئوي إلى قطره أثناء التنفس :

الاختيارات:
A. تبقى ثابتة .
B. تزداد .
C. تنخفض.
D. تتغير دائماً .",C,A
2931,"يتعلق امتصاص الأشعة السينية في حالة الثخانة نفسها بـ :

الاختيارات:
A. كثافة الاشعاع .
B. الكتلة الذرية للوسط.
C. طبيعة الإشعاع .
D. A,C .",D,B
2932,"ان كلور فلور الالكانات.

الاختيارات:
A. هي مركبات خاملة كيميائياً
B. غير سامة
C. غير قابلة للالتهاب
D. كل ما سبق",D,D
2933,"أي من الآتي إلكترونه الأخير يقع في الطبقة الثانوية 17CL- , 13AI P

الاختيارات:
A. كلاهما يقعان
B. ولا أي منهما
C. 17CL-
D. 13AI",C,A
2934,"إن فائض الطاقة يصدر على شكل :

الاختيارات:
A. فوتون غاوي
B. طاقة إلى السحابة الإلكترونية ليقذف بأحد إلكتروناتها خارج الذرة
C. فوتون سينى
D. A أوB",D,D
2935,"إذا تحقق شرط الإضاءة فإنه سيتحقق من أجل:

الاختيارات:
A. طول موجي معين
B. ثخانة معينة للغشاء
C. A,b
D. كل ماسبق خاطئ",C,C
2936,"أهم طريقة لفحص حركة العضلة القلبية او الجنين :

الاختيارات:
A. الإيكوغرافي .
B. التصوير الطبقي المحوري .
C. التصوير الإصداري الأحادي الفوتون SPECT .
D. التصوير المقطعي الإصداري الثنائي الفوتون PET .",A,A
2937,"كل ما يلي صحيح عن HiFU ماعدا

الاختيارات:
A. في معالجة فرط حرارية
B. تتضمن طرائق لا هجومية
C. تجري الـ HIFU بالتراس مع إجراء تصوير
D. كل ما سبق خاطئ",B,D
2938,"وظيفة الكاشف هي :

الاختيارات:
A. قياس شدة الاشعة النافذة
B. قياس طول الموجي النافذة
C. قياس توتر الاشعة
D. كل ما سبق خاطئ",A,C
2939,"الأمواج الفعالة للكشف المبكر عن * السنية:

الاختيارات:
A. UV
B. IR
C. أمواج التيراهرتز
D. الأمواج المكروية",C,C
2940,"كل مايلي صحيح عن أمواج التيراهرتز ماعدا:

الاختيارات:
A. يستغرق مسح سطح جلدي يقدر مساحته بنحو 4cm2 نحو دقيقة واحدة
B. لدي تحليل النبضات المنعكسة عن الجلد يمكن بناء صورة تمتد على عمق صغير من الجلد تكاد تكون ثلاثية الأبعاد
C. عن طريق التصوير بأشعة التيراهرتز حيث يعكس تباين الصور على الأرجح محتوى النسج من الماء
D. يمكن الكشف عن أمراض الطحال",C,D
2941,"الطبقة هي :

الاختيارات:
A. جميع الحالات التي لها n نفسه
B. جميع الحالات التى لها L نفسه
C. جميع الحالات التي لها m1 نفسه
D. كل ما سبق صحيح",A,A
2942,"توفر أمواج التيراهرتز ماعدا:

الاختيارات:
A. رؤية العظام
B. رؤية بشرية فائقة
C. رؤية الجسم ذات *
D. تحديد تركيب الأدوية",C,A
2943,"الجسم الذي اصدار يته أقل من الواحد ولكن ثابتة هو

الاختيارات:
A. الجسم الأسود
B. الجسم الأبيض
C. الجسم الرمادي
D. A,B",C,B
2944,"ان الزمرة الوظيفية للالكنات

الاختيارات:
A. COOH-
B. CH3-
C. C-C
D. C=C",A,D
2945,"عندما L=0🡨l=0 هي قيمة مقبولة وتدل في ميكانيك الكم أن القمامة :

الاختيارات:
A. لها محور تناظر
B. متناظر كرويا
C. ليس لها محور تناظر
D. B,C",D,D
2946,"كل العبارات التالية عن EUV خاطئة ماعدا :

الاختيارات:
A. إشعاع مؤين تماما ويمتصه الغلاف الجوي بشكل كامل
B. إشعاع مؤين تماما ويمتصه الغلاف الجوي بشكل جزئي
C. إشعاع مؤين تماما ولا يمتصه الغلاف الجوي بشكل كامل
D. كل ماسبق خاطئ",C,A
2947,"القاعدتان اللتان تتحكمان بجريان المائع المثالي هما:

الاختيارات:
A. معادلة الاستمرارية
B. معادلة برنولي
C. معادله أرخميدس
D. A, B",A,D
2948,"يتم امتصاص الإشعاع تحت الأحمر البعيد بكل مما يلي عدا:

الاختيارات:
A. الأنماط الدورانية في جزيئات الغازات
B. فونونات الأجسام الصلبة
C. بخار الماء في الغلاف الجوي
D. الأوزون في الطبقات العليا",A,D
2949,"التي تمثل قيمة الالتواء أو القتل هي.

الاختيارات:
A. مقاومة الجسم لحركة المستويات الداخلية فيه التي بنزلق بعضها فوق بعض
B. مقاومة الحسم لتغير حجمه
C. مقاومة الجسم للحمولة
D. كل ما سبق صحيح",D,A
2950,"في حالة الانتثار الأحادي تسعى عشوائيا التأثرات لان تمثل بعدد كبير من حوادث الانتثار بحيث يبدو المسار النهائي للاشعاع :

الاختيارات:
A. متخامدا كليا
B. توزعا حتميا للشدة
C. توزعا انعكاسيا
D. B,C",D,D
2951,"بعد مبدأ الارتياب لـ هايز نبرج، أحد أساسيات:

الاختيارات:
A. الضغط
B. ميكانيكا الكم
C. علم الفيزياء
D. A, C",D,B
2952,"ماذا يعني الكشف عن شدة منخفضة لأشعة غاما المنتثرة عن العظام:

الاختيارات:
A. كثافة عالية.
B. كثافة منخفضة.
C. منبع منخفض الطاقة.
D. الكشف عن مرض الصدفية الجلدي.",B,B
2953,"أمواج التيراهرتز تجد منافذ بها في :

الاختيارات:
A. المجال العسكري (الأمن المحمي)
B. حماية البيئة
C. الاتصالات(المعلوماتية)
D. كل ماسبق صحيح",D,D
2954,"تنتشر الأمواج العرضانية في :

الاختيارات:
A. الموائع
B. الجسم الصلب
C. الغازات
D. A,B",D,B
2955,"تعبر الأشعة السينية الجسم البشري الذي يمتص جزءا منها يتناسب في كل رقعة من الجسم مع:

الاختيارات:
A. ثخالة تلك الرقعة وثخانتها.
B. عددها الذري .
C. A,B .
D. كل ما سبق خاطئ .",C,C
2956,"رمز للطبقات الرئيسية بالحروف:

الاختيارات:
A. K,M,N…..
B. S,P,D,F,G,H……..
C. L,M
D. N,L",B,A
2957,"الدع لكمية (wt+p) (a

الاختيارات:
A. زاوية الطور
B. الطور
C. الطور الابتدائي
D. C,A",A,A
2958,"اقترح غودسميت وأولنبيك أن للإلكترون :

الاختيارات:
A. إندفاع زاوي ذاتي
B. طاقة حركية
C. كتلة حركية
D. كل ما سبق صحيح",D,A
2959,"تستخدم العصا الكهربائية التي تستعملها الشرطة أمواجا

الاختيارات:
A. مترية
B. مكرومترية
C. ملمترية
D. سنتيمترية",C,B
2960,"تستخدم في الطب النووي عند المعالجة عن بعد حزمة فوتونية من أشعة X عالية الطاقة نظراً لتمتعها بـ:

الاختيارات:
A. قدرة اختراق عالية تسمح بتدمير الأورام السطحية والعميقة .
B. قدرة اختراق منخفضة تسمح بتدمير الأورام السطحية فقط .
C. خواص علاجية وتشخيصية .
D. خواص غير هجومية .",A,A
2961,"تكون الصور الناتجة مقدرتها الفاصلة أعلى من نظم الرؤية الليلية في حالة:

الاختيارات:
A. الإضاءة الخافتة
B. الإضاءة الفعالة
C. كاميرات الديجيتال
D. A,C",D,B
2962,"واحدة قياس شدة الموجة الصوتية هي :

الاختيارات:
A. W/
B. W/m
C. Wm
D. W",B,A
2963,"يمكن فعالية اشعة التيراهرتز في :

الاختيارات:
A. الكشف عن المتفجرات البلاستيكية
B. الكشف عن العناصر الممرضة
C. الكشف عن أسلحة ببيولوجية
D. كل ما سبق صحيح",D,B
2964,"المعادلة التي تربط بين سرعة التدفق في وعاء دموي ومساحة مقطعه هي :

الاختيارات:
A. معادلة برنولي
B. معادلة الاستمرارية
C. معادلة اينشتاين
D. كل ما سبق صحيح",B,A
2965,"القانون الذي ينص على أن تشوه مادة يتناسب طرديا مع القوى التي تحدث التشوه هو:

الاختيارات:
A. قانون بولتزمان
B. قانون هوك
C. قانون هاينغز
D. قانون اینشتاین",B,B
2966,"يمكن تفسير ثنائية الإصدار في طيف بخار الصوديوم بالاعتماد على :

الاختيارات:
A. النظرية الذرية
B. العدد الكمومي المداري الثانوي
C. العدد الكمومي المداري المغنطيسي
D. العدد الكمومي السيني",B,A
2967,"كل مايلي صحيح عن الانعكاس ما عدا :

الاختيارات:
A. زاوية الورود تساوي زاوية لانعكاس
B. الشعاع الوارد والشعاع المنعكس والناظم في المستوي
C. وقوع الشعاعين الوارد والمنعكس في جهتين متقابلتين من الناظم
D. كل ما سبق خاطئ",A,B
2968,"المعادلة التي تعبر عن انخفاض الطاقة في الموائع هي:

الاختيارات:
A. معادلة بيرنولي
B. معادلة الاستمرارية
C. معادلة اينشتاين
D. معادلة كومتون",A,A
2969,"أضعف الروابط بين الذرات هي:

الاختيارات:
A. روابط هيدروجينية
B. روابط أيونية
C. روابط *
D. كل ماسبق صحيح",C,C
2970,"يؤدي تطبيق حزمة مركزة بتواتر 95GH لمدة ثانيتين إلى تسخين الجلد الى الدرجة

الاختيارات:
A. 129°F
B. 55°F
C. 54°F
D. A,C",D,D
2971,"أيا من العبارات التالية صحيحة حول E₀:

الاختيارات:
A. هي طاقة الارتباط الكلية للنواة.
B. هي الطاقة التي يجب تقديمها لتفكيك بروتون عن نترون في حالة نواة الديتريوم.
C. هي طاقة موجبة تنشأ من فعل القوى التي توحد التكليونات في النواة.
D. كل ما سبق صحيح",D,A
2972,"تجري آليات الصراع التلاؤمي بين الجسم والوسط المحيط عن طريق الاوعية الدموية:

الاختيارات:
A. التي تتوسع أقطارها أو تتضيق.
B. ترسل الغدة النخامية إشارات في الصيف نحو الغدد العرقية فتسمح بالتبخر.
C. بالتبخر ومن ثم فقدان الحرارة.
D. كل الإجابات السابقة صحيحة .",D,D
2973,"يجب على المانع وفقا لمعادلة الاستمرارية أن ....... عندما يدخل تضيقا ثم ...... إلى سرعته الابتدائية

الاختيارات:
A. بشاطئ - بتسارع
B. يتسارع - يتباطئ
C. بتسارع - يتسارع
D. يتباطئ – يتباطئ",B,B
2974,"الاشار الكهربائية التي تنشا عن الترجام المركزي ستخضع الى .....

الاختيارات:
A. أطول تأخير
B. اقصر تأخير
C. تأخير متوسط الزمن
D. كل ما سبق خاطئ",B,B
2975,"يمكن تطبيق التصوير المقطعي المحوسب على:

الاختيارات:
A. التصوير بالأمواج فوق الصوتية
B. إصدارات النظائر المشعة
C. التجاوب المغناطيسي النووي
D. كل ما سبق صحيح",D,D
2976,"أيا من العلماء تنبأ بتغير قرينة الإنكسار من وسط إلى آخر بصورة خاطئة :

الاختيارات:
A. هويغنز
B. نيوتن
C. اينشتاين
D. كل ما سبق صحيح",A,B
2977,"تنخفض النسب نظرا لأنه :

الاختيارات:
A. لم يعد ممكنا تعويض قوى التأثر الكهرطيسي التدافعية بين البروتونات بالتفاعل الشديد المشبع الأمر الذي يجعل النوى الثقلية غير مستقرة
B. لم يعد ممكنا تعويض قوى التأثر الثقالي
C. لم يعد ممكنا تعويض قوى التأثر الكهرطيسي التجاذبية
D. كل ما سبق خاطئ",A,A
2978,"يكون ثابت التناسب في حالة الاستطاعة أو الانضغاط

الاختيارات:
A. عامل المرونة الحجمي B
B. عامل القص S
C. عامل يانغ .Y
D. كل ما سبق صحيح",D,B
2979,"تفاعل اشعاع الليزر مع النسج لا يحدث إلا عندما:

الاختيارات:
A. تمتصه النسج .
B. تعكسه .
C. تنثره .
D. تمرره .",A,A
2980,"ان تقنية ال SPECT :

الاختيارات:
A. تستخدم نظائر بأعمار نصف طويلة نسبيا
B. هذه التقنية اقل تكلفة من ال
C. تعمل على تشخيص الزهايمر بدقة اعلى من التقنيات التقليدية
D. كل ما سبق صحيح",D,D
2981,"تأخذ الشبكات الأيونية لكلوريد الصوديوم وأكسيد المغنزيوم بنية:

الاختيارات:
A. رباعية الوجوه
B. مكعبية
C. ثمانية الوجوه
D. مسدسة الشكل",B,B
2982,"أيا من العلماء اثبتت تجاربه في عام الطبيعة الموجبة للإشعاع الكهر طيسي عامة :

الاختيارات:
A. يانغ
B. فرنيل
C. ماكسويل
D. بلانك",D,C
2983,"تعتمد المفعولات الضوئية الصوتية في وسط معين على:

الاختيارات:
A. طول موجة الضوء
B. تواتر الموحة فوق الصوتية
C. قرينة انكسار الوسط
D. تغير قرينة انكسار الوسط",D,D
2984,"تطبيق كل طبقه من المائع قوى لزوجة على الطبقات المجاورة حيث ان هذه القوة:

الاختيارات:
A. توافق الحركة النسبية للطبقات
B. تعاكس الحركة النسبية للطبقات
C. A, B
D. كل ما سبق صحيح",C,B
2985,"استعمل قيمة ثابت أفوكادرو (1023x6.02)، واحسب العدد الكلي لذرات الأكسجين في 16.0 غرام هي الأوزون (o=16.0) O3:

الاختيارات:
A. 2.01x1023
B. 3.01x1023
C. 3.21x1034
D. 6.02x1023",D,D
2986,"يصدر الجسم البشرى الطاقة في درجات الحرارة العادية على شمل إشعاع كهرطيسي :

الاختيارات:
A. يزداد معدله بسرعة مع ارتفاع درجة الحرارة وفقاً للقوة الرابعة لدرجة الحرارة المطلقة لسطح الجسم
B. يتناسب معدل الإشعاع طردياً مع مساحة سطح الجسم
C. يقع الإشعاع في جمال الأشعة تحت الحمراء
D. كل ما ذكر صحيح",D,D
2987,"ان الانضغاطات هي

الاختيارات:
A. المناطق التي يكون فيها التباعدات أصغر
B. المناطق التي تكون فيها التناعدات أكثر
C. AأوB
D. كل ما سبق خاطئ",A,A
2988,"يشير عدم التناظر في المخطط البياني لمتوسط طاقة ارتباط النكليون الواحد إلى أن العلاقة بين طاقتي الانتشار والاندماج النوويتين:

الاختيارات:
A. الاندماج أقل من الانتشطار.
B. الانشطار أقل من الاندماج.
C. الطاقتان متكافئتان.
D. كل الإجابات محتملة .",B,B
2989,"من أكثر الصيدلانيات الإشعاعية المستخدمة في FBI هي :

الاختيارات:
A. 99m - TC - HMPAO
B. HMPAO
C. 99m-MO
D. B,C",A,A
2990,"يحدث الساد نتيجة التعرض إلى الأمواج

الاختيارات:
A. الراديوية
B. المكروية
C. التيرا هيرتز
D. فوق البنفسجية",D,B
2991,"إن العمل الذي يقوم به المائع على المائع الذي يتقدمه في وحدة الجريان هو

الاختيارات:
A. الحجم
B. الضغط
C. الطاقة
D. الحركة",C,B
2992,"يتكون الماسح السينمائي من :

الاختيارات:
A. مدفع الكتروني ضخم يطلق حزمة الالكترونات.
B. ملفات مغنطيسية تتحكم في توجيه الحزمة وتحريكها على هدف من الزجاج.
C. هدف من التنغستين مكون من حلقة إلى أربع حلقات تحيط بالمريض.
D. مجموعتين إكليليتين من الكواشف لهما مركز الحلقات نفسه.",B,B
2993,"عندما يطلق الكترون التحول الداخلي فإن الغمامة الالكترونية تعيد ترتيبها لتصدر فوتونات:

الاختيارات:
A. فلورة غاما
B. فلورة سنية
C. فلورة كهرضغطية
D. كل ما سبق خاطئ",B,B
2994,"يعبر عن حالات التبخر بين جزيئات السائل جزيئات مادة الإناء عادة:

الاختيارات:
A. زاوية التماس من السطح الحر للسائل وسطح المادة
B. زاوية حادة فقط
C. زاوية منفرجة فقط
D. زاوية التماس بين قاع السائل والسطح المادة",A,A
2995,"إن التخلخلات هي :

الاختيارات:
A. المناطق التي يكون فيها التباعدات أصغر من حالة الوازن
B. المناطق التي يكون فيها التباعدات أكبر من حالة الوازن
C. Aأو B
D. كل ما سبق خاطئ",B,B
2996,"10 ان الامتصاص والانتثار يجعلان انکشاف الجسم البشري بالضوء

الاختيارات:
A. سهلا
B. صعبا
C. AوB احيانا
D. كل ما سبق أخرى",B,B
2997,"تستخدم الأشعة السينية في العديد من مجالات التصوير الشعاعي مثل :

الاختيارات:
A. فحص الصدر
B. الهيكل العظمى
C. السرطانات الجلدية
D. A,B",D,D
2998,"من التقنيات التي نستخدمها في التصوير النووي التشخيصي :

الاختيارات:
A. التصوير الومضاني التشخيصي
B. التصوير المقطعي المحوسب بالاصدار الأحادى الفوتون
C. التصوير المقطعي بالإصدار البوزتروني أو الثنائي الفوتون
D. كل ما سبق صحيح",D,D
2999,"يسمح كل من قابلية التوليف باللبزرات الصباغية وصدق عرض عصابتها وارتفاع شدتها بـ :

الاختيارات:
A. تنوع أكثر بكثير منه في حالة المنابع الضوئية الأخرى
B. تصدق حزمة الليزر فقط
C. ريادة لحالة المادة
D. كل ما سبق صحيح",D,A
3000,"عندما تجمع معادلات ماكسويل يكون حلها

الاختيارات:
A. خطب
B. حبيبا
C. حبيبا لحقلين كهربائي و مغناطیسی متغيرين بدلالة الزمان والمكان
D. كل ماسبق صحيح",D,C
3001,"أيا من العبارات التالية صحيحة بالنسبة للمانع المثالي:

الاختيارات:
A. معادلة الاستمرارية
B. معادلة برنولي
C. معادلة ارخميس
D. كل ما سبق صحيح",D,A
3002,"تقدر الكمية الوسطية للأوزون في الغلاف الجوي بنحو :

الاختيارات:
A. 200 DU
B. 250 DU
C. 300 DU
D. 350 DU",A,C
3003,"عندما n=2نحصل علي:

الاختيارات:
A. 8 حالات
B. 9حالات
C. 6 حالات
D. 5 حالات",C,A
3004,"كل ما يلى صحيح عن انتشار الصوت ما عدا:

الاختيارات:
A. يمكن أن تنتشر في الخلاء
B. الموجة الصوتية تحرك مختلف شرائح مانع وسط الانتشار
C. ينتقل بشكل أسرع في الصلب من السائل واسرع منه في الغازات
D. C,B",C,A
3005,"يشيع في التشخيص الطبي إستخدام النكليد الإشعاعي المماكب :

الاختيارات:
A. التكنسيوم - 99
B. المولبيدن - 99
C. التيرتيوم - 3
D. الكربون - 14",A,A
3006,"ترتبط الذرات فيما بينها بطرائق متعددة

الاختيارات:
A. جزيئات
B. تركيبات اكثر
C. ايونات
D. A,B",D,D
3007,"لوحظ في أثناء الحرب العالمية الثانية أن الأفراد الذين يقعون في مسار منشآت الرادار يعانون ........ استجابة للإشعاع:

الاختيارات:
A. الفرقعات
B. أصوات الطنين
C. الصمم
D. A, B",D,D
3008,"المجال الأقصى EUV طوله الموجي بين :

الاختيارات:
A. 121-122nm
B. 100-200nm
C. 10-100nm
D. كل ماسبق خاطئ",A,C
3009,"جرت معايرة 50.0cm3 من محلول هيدروكسيد الصوديوم فلزم لإتمام المعايرة 25.0 ml من حمض كلور الماء تركيزه 0,2 mol/dm3، تركيز محلول ماءات الصوديوم هو:

الاختيارات:
A. 2.0 mol/dm3
B. 0.1 mol/dm3
C. 4.0 mol/dm3
D. 3.0 mol/dm3",B,B
3010,"تعطى الاستطاعة بالعلاقة

الاختيارات:
A. 2π2 m2А2
B. 2m2 psiltf A2
C. B.A
D. 2T PSVF2A",A,D
3011,"كل ما يأتي صحيح عن الصباغ البني ما عدا :

الاختيارات:
A. واقيا للقرنية
B. واقيا للبشرة
C. واقيا ممتازا من الضوء
D. يمتص UVA و UVB ويبدد الطاقة على شكل حرارة",A,A
3012,"علل ان تكبير المجاهر هو الالكترونية اعلى بكثير منه في حالة المجاهر الضوئية :

الاختيارات:
A. لان المصاحب للإلكترونات اكبر بكثير من الضوء المرئي
B. لان تواتر الإلكترونات اصغر من تواتر الضوء المرئي
C. لان المصاحب للالكترونات اقصر بكثير من الضوء المرئي
D. لان تواتر الإلكترونات اصغر من تواتر الضوء المرئي",A,C
3013,"تكون طافة الروابط..........(1-SeV)

الاختيارات:
A. الأيونية
B. الهيدروجينية
C. التشاركية
D. A, C",D,D
3014,"يستخدم الليزر التالي كبديل في طريقة العلاج الصينية بالوخز الإبري :

الاختيارات:
A. ليزر ثنائي أكسيد الكربون.
B. ليزر الهيليون_نيون .
C. ليزر الإكسايمر .
D. ليزر الأرغون .",D,B
3015,"تدل كلمة micro في الأسواح المكروية على أن

الاختيارات:
A. أطوالها الموجية تقع في عمال للمكرومتر
B. أطوالها الموجية قصيرة مقارنة بالأمواج المستخدمة في البث الراديوي
C. أطوالها الموجية قصيرة مقاربة بأمواج التيراهرتز
D. أطوالها الموجية قصيرة مقاربة بالضوء المرئي",B,B
3016,"إذا كان الخيال الناجم عن السطح 1 حقيقيا فإن q1 يكون :

الاختيارات:
A. موجبا
B. خلف السطح
C. سالبا
D. A,B",D,D
3017,"يتم اختيار عرض كل فوكس في التصوير المقطعي المحوري وفقا لعرض..........:

الاختيارات:
A. الكواشف.
B. عرض حزمة الأشعة السينية.
C. B,A .
D. كل ما سبق صحيح.",D,D
3018,"بدى البعير الصغير في لوثر الاصدار الذي يمنح عن الجوار

الاختيارات:
A. الأنزياح الموجي
B. الأنزياح الكيميائي
C. الأنزياح التوتر
D. الأنزياح الطبيعي",C,B
3019,"ان نصف القطر الذري عبر الدور الثالث (من اليسار الي اليمين) :

الاختيارات:
A. يتناقص
B. يتزايد
C. يبقى ثابتاً
D. يتعلق بشحنة الايون",B,A
3020,"التصوير الضوئي بالإشعاع فوق البنفسجي المنعكس يفيد في الدراسات :

الاختيارات:
A. الطبية
B. العلمية
C. الشرعية
D. كل ماسبق صحيح",D,D
3021,"ان زيادة السطح للتوتر السطحي يحتاج الى صرف عمل ويختزن هذا العمل في السطح على شكل :

الاختيارات:
A. طاقة عميقة
B. طاقة سطحية
C. طاقة حركية
D. A,C",B,A
3022,"ان حلمهة هالوجين الالكان بالماء......... من OH

الاختيارات:
A. أبطأ
B. اسرع
C. أسرع بضعف
D. لا تختلف السرعة",B,A
3023,"تصدر أشعة التيراهرتز من المواد نتيجة:

الاختيارات:
A. الحركات الاهتزازية للجزيئات
B. الحركات الدورانية للجزيئات
C. الحركات الانجزابية للجزيئات
D. A, B",D,D
3024,"أي من تغيرات الانتالبية الآتية يتطلب حسابه معرفة كميات المواد المتفاعلة حسب معادلة التفاعل:

الاختيارات:
A. تغير انتالبية الاحتراق
B. تغير انتالبية التشكل
C. تغير انتالبية التفاعل
D. تغير انتالبية التفعيل",C,C
3025,"تستخدم العدسات في :

الاختيارات:
A. المصورات والمقاريب
B. المجاهر
C. تشكيل الأخيلة بالإنكسار
D. كل ماسبق صحيح",D,D
3026,"وظيفة الكاشف هي:

الاختيارات:
A. قياس شدة الأشعة النافذة.
B. قياس طول الأشعة النافذة.
C. قياس توتر الأشعة النافذة .
D. كل ما سبق خاطئ.",A,A
3027,"يعتمد التصوير بالضوء الموسوم (المكيف) بالأمواج فوق الصوتية على :

الاختيارات:
A. تكييف جزء من الضوء بنبضة فوق صوتية مبارة داخل النسيج.
B. القدرة على توليد منبع افتراضي داخل النسج .
C. قدرة الأمواج فوق الصوتية على توليد شبكة قرائن انكسار داخل النسج .
D. كافة الإجابات صحيحة .",D,D
3028,"المركب العضوي المتشكل في التفاعل الآتي هو: CH3CH2OH + SOCI2 → ? + -------

الاختيارات:
A. C2H5SH
B. CH3CHO
C. C2H5CI
D. غير كل ما سبق",C,C
3029,"النواة في جسم الإنسان تكون درجة حرارتها ............ والغلاف ويكون درجة حرارته..................

الاختيارات:
A. متغيرة - ثابتة
B. ثابتة - متغيرة
C. ثابتة – ثابتة
D. متغيرة - متغيرة",B,B
3030,"من ميزات التصوير المقطعي المحوري:

الاختيارات:
A. أحدث ثورة في مجالات الطلب
B. توفير تشخيص أقل ضررا
C. أكثر دقة
D. كل ما سبق صحيح",D,D
3031,"إن الطبقة الخارجية الملاصقة للأنبوب في حالة الجريان اللزج داخل أنبوب دائري المقطع تكون

الاختيارات:
A. متحركة بأكبر سرعة
B. ساكنة لا تتحرك
C. متحركة بسرعة بطينة
D. كل ما سبق صحيح",B,B
3032,"– اذا كان الاشعاع وحيد فإنه يكون مؤلفا من كمية من الفوتونات :

الاختيارات:
A. المتساوية الطاقات
B. المختلفة الطاقات
C. المتباعدة الطاقات
D. المتقاربة الطاقات",A,A
3033,"كل مايلي صحيح عن مد البصر ما عدا:

الاختيارات:
A. العين المديد البصر ترى بوضوح اجساما بعيدة ولكن ليس الاجسام القريبة
B. تكون نقطة الكثب وبعيدة جدا
C. البؤرة الكاسرة صغيرة
D. القرنية والعدسة تكسر الاشعة الى حد كاف يجعلها تتقارب على الشبكية",B,C
3034,"– الأمواج الميكانيكية التي تنشأ عن الوحدات المحركة في الالياف ولا تدركها الاذن :

الاختيارات:
A. الأمواج الصوتية
B. الأمواج فوق الصوتية
C. الأمواج تحت الصوتية
D. لا شيء مما سبق",C,C
3035,"يجب أن تكون d من رتبة الطول الموجي إذا كان ....... ويصبح هذا الشرط أقل تهديدا إذا كان:

الاختيارات:
A. الضوء مترابط، الضوء غير مترابط
B. الضوء غير مترابط، الضوء مترابط
C. الضوء مترابط، ضوء الليزر
D. كل ماسبق خاطئ",B,B
3036,"يمكن تمثيل الاشعاع وقفا للطبيعة الموجبة بموجبة كهرطيسية تنتشر :

الاختيارات:
A. في الخلاء بخط منحن بسرعة 3000 مليون م/ ثا
B. في الهواء بخط مستقيم بسرعة3000 مليون م / ثا
C. في الخلاء بخط مستقيم بسرعة 3000 مليون م / ثا
D. في الخلاء بخط مستقيم بسرعة 300 مليون م / ثا",C,D
3037,"طبيب قلبيه يكتب تقريرا لمريضه ان نصف قطر الشريان الداخلي النازل من القلب تضيق بمقدار 10% فان نصف قطر الشريان المتضايق يساوي:

الاختيارات:
A. 0.90r1
B. 0.10r1
C. 0.80r1
D. كل ما سبق صحيح",A,A
3038,"من صفات أجهزة المنبع الثابت وتوجه حزمة الالكترونات فيها بحقول مغناطيسية نحو أهداف من التنعتن تحيط بالمريض :

الاختيارات:
A. المنابع الأسرع
B. المنابع الأبطئ
C. مفيدة لمسوحات القلب
D. C , A",D,D
3039,"من صفات أجهزة المنبع الثابت وتوجه حزمة الالكترونات فيها بحقول مغناطيسية نحو أهداف من التنعتن تحيط بالمريض :

الاختيارات:
A. المنابع الأسرع
B. المنابع الأبطئ
C. مفيدة لمسوحات القلب
D. C , A",D,D
3040,"لإنتقال الفوتونات في PET على خط واحد وفى إتجاهين.........فإنه يتم الكشف عن تطابقهما بحلقة من....... التى تحيط بالمريض فيها ترابط .......بين كل ..متقابلين وإذا أمكن تحديد الفارق في.......... وصول الفوتونين بدقة امكن حساب موقع النكليد المصدر.

الاختيارات:
A. متماثلين - الكواشف - إلكتروني - مكان
B. متعاكسين - المنابع - بوزتروني - مكان
C. متعاكسين - الكواشف - إلكتروني - زمن
D. كل ما سبق خاطئ",B,C
3041,"تدعى كريات السيليس النانوية ذات الأقطار nm 100والمغلفة بغشاء من الذهب نقاط كمومية وبتعريضها لطول موجة ليزر مناسب تتولد على سطحها أمواج كثافة إلكترونية ترفع درجة حرارته إلى 45C° وبدأ يتم إتلاف الخلايا المريضة تدعى هذه الأمواج:

الاختيارات:
A. أمواج بالفسفرة .
B. أمواج بالفلورة .
C. أمواج بلازمونية .
D. كافة الإجابات خاطئة .",C,C
3042,"عند استخدام تقنية التصوير SPECT يعطى المريض عنصر مشع مصدر :

الاختيارات:
A. لجسيمات الفا .
B. لأشعة غاما .
C. لجسيمات بيتا .
D. كل ما ذكر صحيح .",B,B
3043,"نحصل في التصوير الومضاني للجزء المصور من جسم المريض على صورة : متعددة المقاطع :

الاختيارات:
A. ثنائية البعد .
B. ثلاثية البعد .
C. متعددة المقاطع .
D. كل الإجابات السابقة صحيحة .",D,A
3044,"إذا تضيق قطر الشريان الى ثلث قيمته الأصلية عند مريض مصاب بمرض وعاني وقلبي وبقي هبوط الضغط فيه على حاله فإن معدل جريان الدم ينخفض إلى :

الاختيارات:
A. .. 1/16 من قيمته الأصلية.
B. 81/1 من قيمته الأصلية .
C. 1/6 من قيمته الأصلية.
D. 27/1 من قيمته الأصلية .",C,B
3045,"يشارك في تشيكل الحجاب الحاجز

الاختيارات:
A. septum transversum
B. مساريقا المري الظهرية
C. القطع العضلية 5 ل 7
D. كل ماسبق صحيح",D,D
3046,"مما يجري علي القلب من تبدلات في الاسبوع ال5

الاختيارات:
A. اندماج الجزء القريب للبصلة القلبية في جدار البطين الايمن
B. اكتمال تشكل الحاجز البصلي الشرياني الحزوني
C. اتغلاق الثقبة بين البطينين
D. اكتمال تشكل الصميمات الاذينينة البطينية",C,D
3047,"في تطور الانف

الاختيارات:
A. تتشكل الشفة العلوية من البروز الأنفية الوحشي
B. تتشكل الوتيرة من البروز الوجهي
C. تتشكل أرنبة الأنف من البروز الأنفي الآنسي
D. الإجابتان A+B
E. الإجابتان B+C",D,E
3048,"يشترك في تشكيل الوريد الاجوف السلفي

الاختيارات:
A. الوريد الاصلي المشترك الايمن
B. القطعة الذينية من الوريد الاصلي الخلفي الايمن
C. لقطعة الذينية من الوريد المحي الايسر
D. القرن الايمن من الجيب الوريدي",B,B
3049,"يظهر الوصول للقلب النهائي تطورات منها

الاختيارات:
A. انقسام القناه الآذينية البطينية
B. اندماج البصلة القلبية في جدار البطين الايمن
C. ظهور الحواجز الآذينية والبطيينة
D. كل ماسبق صحيح",D,D
3050,"في تشكل الحجاب الحاجز

الاختيارات:
A. يتشكل الوريد الأصلي المشترك ضمن الأغشية البريتوانية
B. ينشكل التامور الليفي من الأغشية التامورية
C. يتشكل الحجاب الحاجز في مستوي الفقرة القطنية الاولي خلال
D. الإجابتان A+B
E. الإجابتان A+C",E,B
3051,"عند مريض رض الرأس ولديه فصل دماغ يكون سلم غلاسكو لديه

الاختيارات:
A. 3
B. 4
C. 5
D. 6
E. 7",C,A
3052,"دور الفحوصات المتممة في رضوض البطن المغلقة عدا:

الاختيارات:
A. يشير سوء توضع الأنبوب الأنفي المعدي إصابة الحجاب الحاجز
B. قد تترافق كسور النتوءات المعترضة للفقرات بإصابة الأحشاء المجاورة
C. يساعد ال (scan CT )في وضع خطة العلاج المحافظ
D. يستعمل اليكو بشكل روتيني في رضوض البطن
E. لا يعتبر (CT) بديالً لغسيل البريتوان التشخيصي عند المرضى المستقرين من الناحية الهيموديناميكياً",E,E
3053,"من صفات رضوض البطن المغلقة ما عدا

الاختيارات:
A. رضوض الكلية المرافقة ال تعبر عن شدة الإصابة
B. نسبة الوفيات عالية
C. قد ترافق بإصابات عصبية
D. كثرة النزوف
E. كثرة الإصابة الأحشاء الكتيمة",A,A
3054,"في الرضوض عند الأطفال < 1 سنة

الاختيارات:
A. رضوض الدماغ هي السبب الأول للوفيات
B. معدل وفيات الاناث أكبر منه عند الذكور
C. الكحول يسجل كسبب في 20 % من الحالات
D. ثداوحلل ردان ببس ربتعت ريسلا ثداوح المميتة
E. حوادث السير عند الأطفال تشكل 60 % من حوادث الوفاة الكلية عند الأطفال",A,A
3055,"رضوض البطن المغلقة بطلق ناري ما عدا:

الاختيارات:
A. اصابات غالباً متعددة
B. الإصابة تتعلق بسرعة الطلق الناري وقرب المصاب من المسبب
C. إصابات الطلق الناري تتطلب فتح بطن استقصائي
D. إصابة الأحشاء تحدث بنسبة %70<.%90
E. كل ما سبق صح.",E,D
3056,"يستطب العمل الجراحي في رضوض الرأس في كل الحالات التالية عدا:

الاختيارات:
A. الكسور الانخماصية أكثر من 5 ملم
B. الورم الدموي فوق الجافية مع انزياح الخط الناصف
C. الورم الدموي تحت الجافية مع انزياح الخط الناصف
D. استسقاء الدماغ الحاد
E. الورم الدموي ضمن المادة الدماغية أقل من 30 ملم",E,E
3057,"من صفات أذيات الطلق الناري في البطن ما عدا:

الاختيارات:
A. الإصابة النافذة بالسكين شديدة الأذية إذا ما قورنت بإطلاق ناري
B. إن ازدياد سرعة الطلق الناري وقربه من المصاب يؤدي الزيات نسيجية تتعدى مسار الطلقة
C. قد يحدث تغير في مسرى الطلق الناري
D. تكون إصابة الأحشاء غالباً متعددة
E. كل فوهة دخول ال تحتم وجود فوهة خروج",C,A
3058,"يتم تدبير جروح البطن بأداة حادة بالوسائل التالية عدا:

الاختيارات:
A. بإجراء ايكو للبطن
B. تداخل جراحي
C. الفحص السريري المتكرر
D. استكشاف الجرح
E. المرنان المغناطيسي",E,E
3059,"من صفات رضوض البطن المغلقة ما عدا:

الاختيارات:
A. كثرة النزوف
B. نسبة الوفيات عالية
C. قد تترافق بإصابات عصبية
D. رضوض الكلية المرافقة تعبر عن شدة الإصابة
E. قلة إصابة الأحشاء الكتيمة",E,E
3060,"من علامات إصابة الإحليل:

الاختيارات:
A. دم عند وضع قثطرة بولية
B. كسر في الشعبة العانية
C. عدم القدرة على التبول
D. سحجات حول الصفن
E. كل ما سبق صح",E,E
3061,"من صفات أذيات الطلق الناري في البطن ما عدا:

الاختيارات:
A. الإصابة النافذة بالسكين شديدة الأذية إذا ما قورنت بإطلاق ناري
B. إن ازدياد سرعة الطلق الناري وقربه من المصاب يؤدي الزيات نسيجية تتعدى مسار الطلقة
C. قد يحدث تغير في مسرى الطلق الناري
D. تكون إصابة الأحشاء غالباً متعددة
E. كل فوهة دخول ال تحتم وجود فوهة خروج",C,A
3062,"طفل عمره 3 سنوات تم إخراجه من حريق في مركز تسوق بالفحص الحكمي الطفل

الاختيارات:
A. ارساله للمشفي بسيارة اسعاف مع وجود خبير التنبيب الرغامي عند الاطفال
B. ارساله للمنزل وتطمين الأهل
C. ارساله لمستوصف قريب لتلقي الاسعافات الأولية
D. اعطاء المراهم صادات مع مسكنات وحمية سائلة
E. اعطاؤه مضادات الوذمة وقائيا بالاضافة للمطهرات الفموية",C,A
3063,"في اذيات البطن الناجمة عن حزام الأمان عند الأطفال أكثر ما نشاهد

الاختيارات:
A. أذيات معثكلة وعفج
B. اذيات كبد وأمعاء وكسر فقرات قطنية
C. تمزق طحال وكلية وكولون
D. كسر اطراف علوية
E. كل ما سبق خطأ",B,B
3064,"دور الفحوصات المتممة في رضوض البطن المغلقة عدا:

الاختيارات:
A. يشير سوء توضع الأنبوب الأنفي المعدي إصابة الحجاب الحاجز
B. قد تترافق كسور النتوءات المعترضة للفقرات بإصابة الأحشاء المجاورة
C. يساعد ال (scan CT )في وضع خطة العلاج المحافظ
D. يستعمل اليكو بشكل روتيني في رضوض البطن
E. لا يعتبر (CT) بديالً لغسيل البريتوان التشخيصي عند المرضى المستقرين من الناحية الهيموديناميكياً",E,E
3065,"من صفات رضوض البطن المغلقة ما عدا:

الاختيارات:
A. انخفاض الضغط يلي تسرع النبض
B. يحدث انخفاض الهيماتوكريت بوقت متأخر
C. يشاهد ارتفاع الكريات البيضاء في الدم
D. الإحساس بالعطش
E. ارتفاع حرارة المصاب",E,E
3066,"من أشيع رضوض البطن الناجمة عن مقود الدراجة عند الأطفال:

الاختيارات:
A. اذيات معثكلة وعفج
B. اذيات كبد وطحال
C. اذيات عمود فقري ومعدة
D. اذيات كولون وطحال
E. اذيات امعاء دقيقة كالصائم والدقاق",C,A
3067,"من ميزات رضوض الصدر عند الأطفال عن البالغين:

الاختيارات:
A. يعاوضون نقص السعة الحيوية التنفسية بزيادة القطر الأمامي الخلفي للصدر
B. عضلات التنفس لديهم قوية
C. وجود كسور أضلاع يعني رض قوي جدا
D. افضل منطقة لاصغاء الصدر في حالات الريح الصدرية أو الانصباب احادي الطرف هو الجدار الأمامي للصدر",A,C
3068,"من صفات أذيات الطلق الناري في البطن ما عدا:

الاختيارات:
A. الإصابة النافذة بالسكين متعددة الأعضاء إذا ما قورنت بالطلق الناري
B. إن ازدياد سرعة الطلق الناري وقربه من المصاب يؤدي الزيات نسيجية تتعدى مسار الطلقة
C. قد يحدث تغير في مسرى الطلق الناري
D. تعدد إصابة الأحشاء
E. كل فوهة دخول ال تحتم وجود فوهة خروج",C,A
3069,"في الصدمة النزفية عند الأطفال

الاختيارات:
A. يهبط الضغط الانقباضي لنقص العود الوريدي
B. العلامات الحيوية لديهم تتأثر بسرعة مقارنة مع البالغين
C. ضغط النبض ينقص بعد هبوط الضغط
D. المعاوضة غير فعالة لديهم
E. لا يمكن الاعتماد على غؤور اليوافيخ في تقييم الصدمة عن الرضع",B,A
3070,"في تمزق الإحليل الغشائي:

الاختيارات:
A. يتلو غالباً كسر حوض
B. تظهر الكرة المثانية
C. ال يترافق بتمزق المثانة
D. يعالج إسعافياً بقثطار مثاني فوق العانة
E. قد يترافق بأذيات حشوية",E,C
3071,"طفل عمره 3 سنوات تم إخراجه من حريق في مركز تسوق بالفحص الحكمي الطفل واعي وهناك فقط حروق من درجة ثانية حول الشفة يمتد للغشاء المخاطي للفم مع وجود هباب الفحم على منخري الأنف برأيك ما الخطوة التالية:

الاختيارات:
A. ارساله للمشفي بسيارة اسعاف مع وجود خبير التنبيب الرغامي عند الاطفال
B. ارساله للمنزل وتطمين الأهل
C. ارساله لمستوصف قريب لتلقي الاسعافات الأولية
D. اعطاء المراهم صادات مع مسكنات وحمية سائلة
E. اعطاؤه مضادات الوذمة وقائيا بالاضافة للمطهرات الفموية",A,A
3072,"مريض لديه رض رأس يفتح عينيه للألم ويصدر أنين وعند الألم تكون الاستجابة بحسب الطرف ويكون سلم غلاسكو للسبات لديه

الاختيارات:
A. 5
B. 6
C. 7
D. 8
E. 9",C,D
3073,"مريض لديه رض رأس يفتح عينيه للألم ويصدر أنين وعند الألم تكون الاستجابة بحسب الطرف ويكون سلم غلاسكو للسبات لديه:

الاختيارات:
A. 5
B. 6
C. 7
D. 8
E. 9",C,D
3074,"السكريات التي لا تحتاج أثناء امتصاصها من الأمعاء الدقيقة لوجود الصوديوم هي:

الاختيارات:
A. الغلوكوز.
B. الفركتوز.
C. الغالاكتوز.
D. اللاكتوز.",B,B
3075,"كل مما يلي من وسائل حماية المعدة ما عدا:

الاختيارات:
A. المخاط.
B. البيكربونات.
C. تجدد الخلايا الظهارية.
D. العامل الداخلي المفرز من الجدار الداخلي للمعدة.",D,D
3076,"ارتفاع درجة الباء هاء (PH) في الجهاز الهضمي ينقص كل مما يلي عدا:

الاختيارات:
A. امتصاص الكالسيوم المعوي.
B. امتصاص الحديد المعوي.
C. تحول مولد البيبسين إلى بيبسين.
D. فعالية الأميلاز البنكرياسي.",B,D
3077,"الأنزيم المعوي الذي يحول مولد التربسين إلى تربسين هو:

الاختيارات:
A. الإنتيروكيناز.
B. الأمينوبولي ببتيداز.
C. المالتاز.
D. الليباز.",A,A
3078,"العامل الهرموني الذي يحرض إفراز عصارة بنكرياسية غنية بالإنزيمات الهاضمة هو:

الاختيارات:
A. الكوليسيستوكينين CCK
B. السكرتين.
C. الغاسترين.
D. الهيستامين.",B,A
3079,"الإنزيم الذي يفكك سكر اللبن (اللاكتوز) إلى غلوكوز وغالاكتوز:

الاختيارات:
A. الإنتيروكيناز.
B. الأمينو ببتيداز.
C. السكراز.
D. اللاكتاز.",D,D
3080,"من العناصر الغذائية التي يحدث لها هضم في الفم:

الاختيارات:
A. الماء والشوارد.
B. السكاكر.
C. البروتينات.
D. الدسم.",B,B
3081,"من العوامل التي تسبب زيادة امتصاص الحديد في المعي الدقيق:

الاختيارات:
A. ارتفاع قيمة PH الوسط المعوي.
B. انخفاض قيمة PH الوسط المعوي.
C. نقص الإرتروبيوتين.
D. وجود حمض الفيتي.",D,B
3082,"من العوامل التي تسبب انخفاض امتصاص الكالسيوم في المعي الدقيق:

الاختيارات:
A. انخفاض PH الوسط المعوي.
B. زيادة انحلالية الكالسيوم.
C. وجود حمض الفيتي.
D. كل ما سبق خاطئ.",A,C
3083,"يعود لون البراز الأصفر المائل إلى البني إلى وجود:

الاختيارات:
A. جراثيم الإندول.
B. جراثيم كبريت الهيدروجين.
C. الستركوبيلين واليوروبيلين.
D. جراثيم السكاتول.",C,C
3084,"توجد العضلات المخططة الإرادية الخاصة بجهاز الهضم في كل مما يلي ما عدا:

الاختيارات:
A. الفم.
B. الشرج.
C. القسم العلوي من المريء.
D. القسم السفلي من المريء.",D,D
3085,"يزداد الإفراغ المعدي بازدياد كل مما يلي ما عدا:

الاختيارات:
A. حجم الطعام في المعدة.
B. حموضة الكيموس.
C. الضغط الحلولي للكيموس.
D. غنى الكيموس بالبروتينات.",C,D
3086,"إفراز الحمض المعدي في حالات الراحة (خارج أوقات الهضم):

الاختيارات:
A. عند المرأة أكثر من الرجل.
B. عند الرجل أكثر من المرأة.
C. متساوي عند الرجل والمرأة.
D. لا يوجد إفراز في حالات الراحة.",C,B
3087,"مستودع الصفراء خارج أوقات الهضم ويعمل على تكثيفها:

الاختيارات:
A. البنكرياس.
B. جزر لانغرهانس.
C. الكبد.
D. المرارة.",D,D
3088,"حركات المزج في الأمعاء الدقيقة، كل ما يلي صحيح عدا:

الاختيارات:
A. تقوم بها العضلات الملس الطولانية.
B. تمزج الكيموس مع العصارات الهاضمة.
C. تسهل امتصاص المواد الغذائية.
D. تزيد تماس الكيموس مع مخاطية الأمعاء.",B,A
3089,"غنى الكيموس بالمواد الدسمة يسبب كل ما يلي عدا:

الاختيارات:
A. تثبيط حركية المعدة.
B. خفض مقوية البواب.
C. تحريض إفراز الكوليسيستوكينين.
D. زيادة زمن إفراغ المعدة.",C,B
3090,"يفرز كل ما يلي من مخاطية الأنبوب الهضمي عدا:

الاختيارات:
A. الغاسترين.
B. السيكريتين.
C. الكوليسيستوكينين.
D. الكيموتريسين.",A,D
3091,"كل ما يلي يخفض ضغط معصرة المريء السفلية ما عدا:

الاختيارات:
A. زيادة حموضة المعدة.
B. التدخين.
C. الكافئين.
D. الطعام الدسم.",A,A
3092,"كل مما يلي من العوامل المحرضة لإفراز المفرزات المعدية ما عدا:

الاختيارات:
A. السكرتين.
B. هبوط مستوى سكر الدم.
C. الهيستامين.
D. التنبيه اللاودي.",B,A
3093,"الشوارد التي يكون تركيزها أقل في اللعاب منه في البلازما:

الاختيارات:
A. صوديوم وبيكربونات.
B. صوديوم وكلور.
C. بيكربونات وكلور.
D. بوتاسيوم وكلور.",C,B
3094,"كل مما يلي من الإنزيمات المعوية ما عدا:

الاختيارات:
A. الببسين.
B. السكراز.
C. اللاكتاز.
D. الإنتيروكيناز.",A,A
3095,"هرمون يحفز إفراز عصارة بنكرياسية غنية بالأنزيمات الهاضمة:

الاختيارات:
A. السكرتين.
B. الكوليسيستوكينين CCK
C. الغاسترين.
D. الهيستامين.",B,B
3096,"سكر لا يحتاج للصوديوم من أجل عملية امتصاصه:

الاختيارات:
A. الغلوكوز.
B. الغالاكتوز.
C. الفركتوز.
D. السكروز.",C,C
3097,"يزداد زمن الإفراغ المعدي عند كل مما يلي ما عدا:

الاختيارات:
A. غنى الكيموس بالمواد الدسمة.
B. زيادة حجم وجبة الطعام.
C. تناول وجبات صلبة.
D. تثبيط إفراز الـ CCK.",D,D
3098,"الناقل العصبي الذي يتحرر من العصبونات بعد العقدة في القسم الودي هو:

الاختيارات:
A. أستيل كولين.
B. نورابينفرين.
C. أدرينالين.
D. النورابينفرين أو الأستيل كولين.",B,D
3099,"يتحدد نمط استجابة العضو المعصب بواسطة الجهاز العصبي المستقل (استثارة أو تثبيط) بـ:

الاختيارات:
A. كونه معصب بالقسم الودي.
B. كونه معصب بالقسم اللاودي.
C. كونه معصب بالقسمين معاً.
D. نمط المستقبلات الموجودة في العضو.",D,D
3100,"يؤدي تنبيه مستقبلات بيتا الأدرينالينية إلى كل ما يلي ما عدا:

الاختيارات:
A. تسرع القلب.
B. تقلص معصرة المثانة.
C. توسيع القصيبات التنفسية.
D. تحلل الشحوم.",B,B
3101,"الناقل العصبي الذي يتحرر في الألياف قبل العقدة لكل من الجملتين الودية واللا ودية:

الاختيارات:
A. الأستيل كولين.
B. النور ابينفرين.
C. الإبينفرين.
D. كل ما سبق صحيح.",D,A
3102,"يحدث تكامل بين الجهاز العصبي المستقل والبنى العصبية الأخرى في:

الاختيارات:
A. البصلة السيسائية.
B. الوطاء.
C. جسر الدماغ.
D. النخاع الشوكي.",C,B
3103,"يتكامل (يتآزر) العمل الودي مع نظير الودي في تنظيم:

الاختيارات:
A. عمل القلب.
B. عمل المعدة.
C. إفراز اللعاب.
D. إفراغ البول من المثانة.",C,C
3104,"يحدث في التفريغ الجسيم الودي كل مما يأتي ما عدا:

الاختيارات:
A. ازدياد جريان الدم في العضلات الهيكلية.
B. ازدياد معدل الاستقلاب
C. ازدياد تدفق الدم إلى الجلد والأحشاء.
D. ارتفاع معدل الغلوكوز في الدم.",D,C
3105,"الناقل الكيميائي الذي تحرره جميع العصبونات قبل العقدة هو:

الاختيارات:
A. الأستيل كولين.
B. السيروتونين.
C. الأدرينالين.
D. النور أدرينالين.",A,A
3106,"مركب يحاكي فعل الناقل العصبي ويزيد من فعالية العصبون قبل المشبكي هو:

الاختيارات:
A. مناهض مباشر.
B. شاد غير مباشر.
C. شاد مباشر.
D. مناهض غير مباشر.",C,B
3107,"أحد الأمثلة التي تشير إلى التآزر في كل من القسمين الودي واللا ودي:

الاختيارات:
A. تعصيب الغدد الدرقية.
B. تنظيم ضربات القلب.
C. تنظيم إفراز اللعاب.
D. ليس أياً مما سبق.",B,C
3108,"جميع الألياف اللا ودية بعد العقدية يتحرر من طرفياتها:

الاختيارات:
A. أستيل كولين.
B. نور أدرينالين.
C. دوبامين.
D. أستيل التميم A.",B,A
3109,"كل مما يلي ينجم عن استنفار الجهاز العصبي المستقل الودي باستثناء:

الاختيارات:
A. التحفيز الجنسي.
B. زيادة سرعة دقات القلب.
C. ارتفاع مستوى غلوكوز الدم.
D. تحرير الشحوم من مخازنها.",A,A
3110,"كل مما يلي من أعراض التفريغ الودي ما عدا:

الاختيارات:
A. زيادة إفراز اللعاب.
B. زيادة إنتاج القلب.
C. زيادة معدل الاستقلاب
D. زيادة جريان الدم في العضلات الهيكلية.",B,A
3111,"كل ما يلي من تأثيرات الودي ما عدا:

الاختيارات:
A. توسع الحدقة.
B. تقلص العضلة الدافعة للمثانة.
C. جفاف الفم.
D. زيادة حل الشحوم.",B,B
3112,"تحريض مستقبلات بيتا 2 يحدث كل التأثيرات التالية ما عدا:

الاختيارات:
A. يوسع الحدقة.
B. يرخي جدار المثانة.
C. يرخي الأمعاء.
D. يوسع القصيبات التنفسية.",C,A
3113,"كل مما يلي من تأثيرات الفعالية اللاودية ما عدا:

الاختيارات:
A. زيادة حركية وإفراز المعدة.
B. زيادة إفراز اللعاب.
C. حل الغليكوجين.
D. تقلص العضلة الدافعة للمثانة.",C,C
3114,"يزداد عمل القلب وحاجته لـ O2 بتفعيل مستقبلات:

الاختيارات:
A. ألفا 1
B. بيتا 2
C. الموسكارينية
D. بيتا 1",B,D
3115,"الذي يمثل مدة التقلص البطيني على تخطيط القلب الكهربائي هو:

الاختيارات:
A. الفترة PQ أو PR
B. الفترة QT
C. الفترة ST
D. الفترة PR",A,B
3116,"تزداد قوة تقلص العضلة القلبية بزيادة كل مما يلي ما عدا:

الاختيارات:
A. طول الليف البدئي
B. تركيز الكالسيوم
C. شدة التنبيه
D. الأدرينالين",A,C
3117,"المناطق في القلب القادرة على إصدار كوامن فعل بشكل تلقائي ودون الاعتماد على مصدر خارجي في الحالات السوية هي: (الخاطئة)

الاختيارات:
A. العقدة الجيبية الأذينية
B. الحلقة الليفية بين الأذينة والبطين
C. العقدة الأذينية البطينية
D. حزمة هيس",A,A
3118,"الميزة التي تتمتع بها قنوات IF في النسيج العقدي القلبي التي يمكنها من توليد التنبيه عفوياً:

الاختيارات:
A. عندما تنفتح يتجاوز التيار الداخل من الصوديوم التيار الخارج من البوتاسيوم
B. عندما تنفتح يتجاوز التيار الخارج من البوتاسيوم التيار الداخل من الصوديوم
C. تتأثر هذه القنوات بالأدرينالين أكثر من الأستيل كولين
D. تبقى هذه القنوات مفتوحة خلال كامل فترة زوال الاستقطاب",A,A
3119,"الفائدة الوظيفية من التأخير الزمني في لكامن الفعل لمدة 0.1 ثانية عند مروره في العقدة الأذينية البطينية هو:

الاختيارات:
A. إنهاء تقلص الأذينات قبل بدء تقلص البطينات.
B. يطيل فترة تقلص الأذينة.
C. يطيل فترة كامن الفعل.
D. يحمي عضلة القلب من التكزز.",A,A
3120,"دراسة آلية تولد ونقل كوامن الفعل في القلب هي جزء من الفيزيولوجيا على المستوى:

الاختيارات:
A. الخلوي
B. النسيجي
C. الجهازي
D. الكائن الحي ككل",C,B
3121,"حجم الدم الذي يضخه البطين خلال دقيقة واحدة هو:

الاختيارات:
A. Cardiac Output
B. Stroke Volume
C. Cardiac Index
D. End Systolic Volume",A,A
3122,"تتلقى الأذينة اليمنى الدم ناقص الأكسجة من كل مما يلي ما عدا:

الاختيارات:
A. الوريد الأجوف العلوي
B. الوريد الأجوف السفلي
C. الأوردة الرئوية الأربعة
D. الجيب الإكليلي",B,C
3123,"عندما تسيطر العقدة الأذينية البطينية يبلغ معدل إطلاق كوامن الفعل:

الاختيارات:
A. 70 نبضة / دقيقة
B. 80 نبضة / دقيقة
C. 60-40 نبضة / دقيقة
D. 75-55 نبضة / دقيقة",A,C
3124,"تباطأ النبضات المتولدة في النسيج العقدي داخل القلب (0.1) ثانية عند مرورها بـ:

الاختيارات:
A. العقدة الجيبية الأذينية
B. العقدة الأذينية البطينية
C. المسالك بين العقد
D. حزمة هيس",B,B
3125,"في حال توقف العقدة الجيبية الأذينية عن العمل فإن البطينات:

الاختيارات:
A. تتوقف عن العمل
B. تتباطأ انقباضاتها
C. تتسرع انقباضاتها
D. لا تتأثر",B,B
3126,"تعود أهمية التأخير الذي يحدث أثناء مرور كامن الفعل في العقدة الأذينية البطينية:

الاختيارات:
A. إنهاء التقلص الأذيني قبل بدء التقلص البطيني.
B. ضمان انتقال كامل محتوى الأذينة من الدم من الأذينة إلى البطين.
C. لضمان الحفاظ على نتاج قلبي سوي.
D. كل ما سبق صحيح.",D,D
3127,"سبب ظهور طور الهضبة في كامن فعل العضلة القلبية هو:

الاختيارات:
A. دخول شوارد الكالسيوم.
B. دخول شوارد الصوديوم.
C. عدم دخول شوارد البوتاسيوم.
D. ليس أياً مما سبق.",A,A
3128,"تزداد قوة القلب التقلصية بازدياد كل مما يلي ما عدا:

الاختيارات:
A. التنبيه الودي
B. طول الألياف قبل تقلصها
C. الديجتال والأدرينالين
D. زيادة شدة المنبه",D,D
3129,"تزداد قوة تقلص العضلة القلبية بزيادة كل مما يلي ما عدا:

الاختيارات:
A. طول الليف البدئي.
B. تركيز الكالسيوم.
C. شدة المنبه.
D. الأدرينالين.",A,C
3130,"يعود طور الهضبة في كمون عمل الليف العضلي القلبي إلى انفتاح أقنية:

الاختيارات:
A. الصوديوم.
B. الكالسيوم.
C. البوتاسيوم.
D. الكلور.",B,B
3131,"تمثل الزمن اللازم لانتقال التنبيه من العقدة الجيبية الأذينية إلى البطين:

الاختيارات:
A. الفترة PQ أو PR
B. الفترة QT
C. القطعة S- T
D. الفترة R- R",A,A
3132,"يزداد نتاج القلب بزيادة كل مما يلي ما عدا:

الاختيارات:
A. حجم الدم الجائل
B. العود الوريدي
C. التقلص الأذيني
D. معدل دقات القلب",B,A
3133,"تزداد قوة تقلص العضلة القلبية بزيادة كل مما يلي عدا:

الاختيارات:
A. طول الليف البدئي
B. الفعالية الودية
C. العود الوريدي
D. شدة التنبيه",C,D
3134,"في اختبارات الوظائف التنفسية عند مريض ال C.O.P.D كل مايلي صحيح ماعدا

الاختيارات:
A. تنخفض السعة الرئوية الكلية.
B. تنخفض FVC
C. تنخفض علاقة تيفنو.
D. تنخفض FEV1
E. زداد حجم الهواء الباقي D.RV",C,A
3135,"في التهاب الأسناخ التحسسي الخارجي كل ما يلي صحيح ما عدا

الاختيارات:
A. يشمل رئة المزارع.
B. رئة مربي الطيور.
C. الالتهاب الناجم عن سوء صيانة المكيفات.
D. عمال صناعة القهوة.
E. عمال صناعة الكاتو والبيتيفور.",C,E
3136,"يكون الإنذار جيداً في التليف الرئوي في كل مما يلي ما عدا

الاختيارات:
A. كشف المرض في مراحله الأخيرة.
B. الكشف المبكر للمرض.
C. وجود الخلايا التائية المساعدة بالغسالة القصبية.
D. مظهر الزجاج الغشى شعاعياً.
E. اصابة الإناث وبالأعمار المبكرة.",A,A
3137,"في تشخيص التهاب الأسناخ التحسسي الخارجي كل مما يلي صحيح ما عدا

الاختيارات:
A. ينجم عن التعرض للقش المخزن والرطب.
B. مرض تحسسي يصيب الأسناخ.
C. التحسس فوري ومباشر وفقط من النمط الأول لجل وكومبس.
D. يشاهد عند مربي الطيور.
E. أهم مسبب لرئة المزارع.",C,C
3138,"مريض عمره 24 سنة راجعت بطفح جلدي مؤلم على الساقين وصورة الصدر أظهرت ضخامة في السرتين ماهو التشخيص الأكثر احتمالاً

الاختيارات:
A. تليف رئة ذاتي.
B. غرناوية.
C. Hypersensitivity
D. Lymphangioleiomyomatosis
E. سل دخني.",B,B
3139,"مريضة عمرها 68 سنة راجعت بتعجر أصابع مع خراخر في الساحتين الرئويتين والعامل المضاد للنواة ايجابي، ما هو التشخيص الأكثر احتمالاً انصباب الجنب

الاختيارات:
A. تليف رئة ذاتي.
B. غرناوية.
C. Hypersensitivity
D. Lymphangioleiomyomatosis
E. سل دخني.",C,A
3140,"في انصبابات الجنب القيحية كل مما يلي صحيح في فحص سائل الجنب ما عدا

الاختيارات:
A. الألبومين أكثر من 30 غ\لتر
B. السكر 15 مغ\100مل
C. LDH2000 وحدة\100مل
D. الكريات البيضاء أقل من 10 بالساحة
E. الكريات الحمراء أكثر من 50 بالساحة",D,E
3141,"مريض عمره 70 سنه ولديه دائ رئوي انسدادي مزمن COPD وغازات الدم الشرياني كانت كما يلي: PO2 50MMHG\PCO2 60MMHG\HCO3 34MMOL\L ماهو التشخيص الأكثر احتمالاً

الاختيارات:
A. قلاء استقلابي مزمن.
B. قلاء تنفسي معاوض.
C. حماض استقلابي معاوض.
D. حماض تنفسي معاوض.
E. حماض استقلابي حاد.",D,A
3142,"في هجمة الربو القصبي الحادة تستعمل كل الأدوية التالية مما يلي ما عدا

الاختيارات:
A. المورفين.
B. الثيوفللين.
C. الكورتيزون.
D. السالبوتامول.
E. الايبراتروبيوم.",A,A
3143,"كل مما يلي من الستيروئيدات القشرية التي تستخدم عن طريق الاستنشاق ما عدا

الاختيارات:
A. Prednisolone
B. Fluticasone
C. Mometasone
D. Ciclesonide
E. Budesonide",A,A
3144,"مريض عمره 60 سنة كان يعمل بمنجم للفحم لمدة 20 سنة، راجع بسعال وزلة تنفسية، صورة الصدر أظهرت ارتشاحات خلالية، فحص القششع كان إيجابياً لعصية كوخ، أي من العوامل الآتية قد يكون عاملاً مؤهباً لإصابته بالتدرن

الاختيارات:
A. Beryllium
B. Cadmium
C. Coal
D. Silica
E. House dust",C,D
3145,"في تشخيص التهاب الأسناخ التحسسي الخارجي مما يلي صحيح ما عدا

الاختيارات:
A. ينجم عن التعرض للقش المخزن والرطب.
B. مرض تحسسي يصيب الأسناخ.
C. التحسس فوري ومباشر وفقط من النمط الأول لجل وكومبس.
D. يشاهد عند مربي الطيور.
E. أهم سبب لرئة المزارع.",C,C
3146,"في ذات الرئة عند مضعفي المناعة كل مما يلي صحيح ما عدا

الاختيارات:
A. أهم سبب المتكيسة الكارينية.
B. قد يصاب المريض بالسل الرئوي.
C. تشاهد عند مرضى الايدز.
D. تصيب أيضا الأصماء والرياضيين.
E. تعداد الكريات البيضاء طبيعي أو ناقص.",D,D
3147,"في معالجة التدرن الرئوي عند المرأة الحامل كل مما يلي ما عدا

الاختيارات:
A. يُعطى الأيزونيازيد.
B. يُعطى الريفامبيسين.
C. فترة العلاج 9 أشهر.
D. يُعطى البيرازيناميد.
E. يعطى الأيناميتول.",B,D
3148,"من عوامل الخطر في انقطاع التنفس أثناء النوم كل مما يلي ما عدا

الاختيارات:
A. شرب الماء الحليب قبل النوم.
B. التدخين
C. الوزمة المخاطية.
D. داء العملقة.
E. البدانة.",A,A
3149,"من استطبابات الجراحة في التوسع القصبي كل مما يلي خطأ ما عدا

الاختيارات:
A. السعال الشديد.
B. متلازمة الفص المتوسط.
C. الألام الصدرية.
D. القشع الغزير الصباحي.
E. أسباب تجميلية.",E,B
3150,"في التدرن الرئوي عند الحامل كل مما يلي صحيح ما عدا

الاختيارات:
A. عادة يلد الطفل ناقص الوزن.
B. لا يزيد نسبة وفيات الأجنة.
C. حدوث ولادات مبكرة.
D. تأخر في نمو الطفل.
E. يزيد نسبة الإجهاض في الأشهر الأولى للحمل.",B,B
3151,"من عوامل الخطورة في الصمة الرئوية كل مما يلي صحيح ما عدا

الاختيارات:
A. الحمل.
B. الداء الرئوي الانسدادي المزمن.
C. التهاب الأذن الوسطى.
D. خثار وريدي عميق.
E. السرطان",C,C
3152,"من علامات انقطاع التنفس أثناء النوم كل مما يلي صحيح ما عدا

الاختيارات:
A. الشخير.
B. اضطرابات النوم.
C. نعاس نهاري.
D. بوال ليلي.
E. نفث الدم.",E,E
3153,"تلعب المعالجة الإشعاعية دوراً هاما في علاج أورام الخصية من النمط المنوي وذلك بتطبيقها على :

الاختيارات:
A. الورم البدني
B. سلسلة العقد اللمفاوية الحرقفية والأبهرية
C. سلسلة العقد الإربية
D. المنصف
E. التقائل الرئوية",B,B
3154,"من الأدوية التي تستخدم كمعالجة كيميائية مشاركة ومحسسة للمعالجة الشعاعية في أورام الحنجرة :

الاختيارات:
A. Bleomycin
B. Vincristine
C. Cisplatin
D. Irinotecan
E. Etoposide",C,C
3155,"فيما يتعلق بانسداد الأمعاء الناجم عن حالة ورمية كل كل ممايلي صحيح ماعدا :

الاختيارات:
A. قد يكون الانسداد على مستوى الأمعاء الدقيقة أو الغليظة
B. أكثر سبب شائع للانسداد هو سرطان الكولون
C. قد يكون الاند الانسداد بسبب : سرطان المبيض
D. كاجراء تلطيفي يمكن اجراء ففر كولون أو لفائفي
E. يمكن وضع موسع عبر التنظير لحل مشكلة الانسداد في في حالات اورام الكولون الأيمن.",E,E
3156,"ان استئصال النقائل الرئوية يحسن معدل البقيا أكثر ماي ما يمكن في حالات سرطان :

الاختيارات:
A. الكولون
B. الرحم
C. الكلية
D. الخصية
E. الساركوما",D,D
3157,"يعتبر كل مما يلي من الأنسجة ذات الارتكاس الباكر على المعالجة الشعاعية ما عدا:

الاختيارات:
A. مخاطية المثانة
B. مخاطية الأمعاء
C. البطانة الوعائية
D. الكريات البيض
E. بشرة الجلد",D,C
3158,"لا تعتبر المعالجة الشعاعية معالجة شافية إذا استخدمت لوحدها في المراحل المبكرة من أورام :

الاختيارات:
A. اللسان
B. الحبل الصوتي
C. الثدي
D. البروستات
E. عنق الرحم",C,C
3159,"من الأدوية التي تستخدم كمعالجة كيميائية مشاركة ومحسسة للمعالجة الشعاعية في أورام الحنجرة :

الاختيارات:
A. Doxorubicin
B. Bleomycin
C. Vincristine
D. Cisplatin
E. Gemcitabine",D,D
3160,"من الأدوية التي تست تستخدم كمعالجة كيميائية مشاركة ومحسنة عاعية في أورام الحنجرة :

الاختيارات:
A. Doxorubicin
B. Bleomycin
C. Vincristine
D. Cisplatin
E. Gemcitabine",D,D
3161,"الإشعاعات التي تستخدم في معالجة ورم جلدي SCC علي الأنف غير قابل للجراحة هي :

الاختيارات:
A. تحت الحمراء
B. الكترونات
C. بروتونات
D. نترونات
E. شوارد الكربون",A,B
3162,"عند تطبيق معالجة إشعاعية على الحوض لورم عنق الرحم ، فإنه تجنباً لحدوث اختلاطات يجب عدم تجاوز جرعة التحمل ل

الاختيارات:
A. المثانة
B. جسم الرحم
C. المهبل
D. الأوعية الحرقفية
E. كل ما سبق صح",E,E
3163,"في حال تقرر إجراء تشعيع وقائي للقحف بجرعة ٢ غري في كل جلسة فإن الجرعة الكلية الموصى بها :

الاختيارات:
A. ۱۸ غري
B. ٢٤ غري
C. ٣٠ غري
D. ٣٦ غري
E. ٤٢ غري",C,C
3164,"عند إجراء المعالجة الشعاعية بطريق التجزئة المفرطة فإن الزمن الأقل الفاصل بين كل جلستين هو :

الاختيارات:
A. ساعتان
B. ٣ ساعات
C. ٤ ساعات
D. ٥ ساعات
E. ٦ ساعات",C,E
3165,"توجد العضلات المخططة الإرادية في كل مما يلي عدا:

الاختيارات:
A. الفم.
B. البلعوم.
C. القسم العلوي من المريء.
D. القسم العلوي من الأمعاء الدقيقة.
E. المعصرة الشرجية الخارجية.",D,D
3166,"يثبط فعالية جهاز الهضم:

الاختيارات:
A. تنبيه ضفيرة أورباخ.
B. الأستيل كولين.
C. تنبيه ضفيرة مايسنر.
D. النور أدرينالين.
E. التنبيه اللاودي.",C,D
3167,"يحدث في المعدة كل مما يلي ما عدا:

الاختيارات:
A. تختزن الطعام الوارد إليها خاصة في القسم السفلي.
B. تفتت الطعام وتمزجه مع العصارات الهاضمة.
C. تفرغ الكيموس في العفج.
D. تستغرق من 3 إلى 5 ساعات لإفراغ وجبة الطعام.
E. تتعلق سرعة الإفراغ المعدي بعمل المضخة البوابية.",C,A
3168,"يحول مولد الببسين إلى ببسين:

الاختيارات:
A. حمض كلور الماء الموجود في المعدة.
B. العامل الداخلي.
C. الفيتامين B12
D. الغلوكاغون.
E. السوماتوستائين.",A,A
3169,"يسبب البروستاغلاندين كل مما يلي ما عدا:

الاختيارات:
A. إفراز المخاط.
B. إفراز البيكربونات.
C. المحافظة على جريان دموي طبيعي.
D. إفراز الحمض المعدي.
E. تأمين سلامة المخاطية المعدية وتجديدها.",D,D
3170,"وجود الشرائط قليلة النسيلة OCB في عينة السائل النخاعي يدل علي:

الاختيارات:
A. ارتفاع الضغط داخل القحف
B. اصفرار النخاع الشوكي
C. تزف تحت الجافية
D. التهاب سحايا
E. تصلب متعدد",D,D
3171,"كل ما يلي من اختلافات البزل القطني ما عدا:

الاختيارات:
A. الصداع التاي للبزل القطيني
B. ألم علي مسار جذر العصب
C. انفتاق الدماغ
D. التهاب السحايا
E. ألم في المنقطة الرقبية",C,E
3172,"كل ما يلي من العوامل المحرضة لنوبة الصرع ما عدا:

الاختيارات:
A. الاجهاد الجسدي و العقلي
B. الكحول
C. الجلاعة الزائدة من أدوية الصرع
D. الانتانات المتداخلة
E. الأضواء الوامضة",C,C
3173,"كل ما يلي من أسباب الصرع البؤري الثانوي ما عدا:

الاختيارات:
A. النزف داخل الدماغي
B. الأورام
C. نقص المغنزيوم
D. خراج الدماغي
E. ولا واحد مما سبق",E,C
3174,"كل ما يلي من أسباب نوبات الصرع المعمم ما عدا:

الاختيارات:
A. التهاب الدماغ
B. ايزونيازيد
C. أدوية MAO
D. نقص الاكسجين الدماغي
E. الانحساب الكحولي",B,A
3175,"في النوبات النفسية غير الصرغية يحدث كل ما يلي عدا:

الاختيارات:
A. يتحول لون الخشص إلي الأحمر
B. الوعي قد يبقي موجود
C. الأجفان مغلقة
D. تنتهي بأقل من 5 دقائق
E. ولا واحدة مما سبق",A,D
3176,"في النوبات المعممة التشنجية الرمعية يحدث كل ما يلي ما عدا:

الاختيارات:
A. الأجفان مفتوحة
B. صرخة نوبة
C. اهتزاز غير متزامن للأطراف
D. حالة الوعي تكون ضعيفة أو مفقودة
E. ولا واحدة مما سبق",E,C
3177,"شكل من أشكال داء الرقص لكنه يشمل مساحات اكثر من الجسم:

الاختيارات:
A. الكنع
B. الزفن
C. عسر المقوية
D. العرات
E. الرمع العضلي",B,B
3178,"كلام أجش وهامس ومنخفض ناجم عم سبب ميكانيكي بالحنجرة:

الاختيارات:
A. عسر تصويت
B. رتة عسر النطق
C. عسر كلام حبسة طليقة
D. عسر كلام حبسة غير طليقة
E. حبسة صرفة",D,A
3179,"عمي ربعي علوي أيمن مماثل يحدث بسبب إصابة في:

الاختيارات:
A. الفصل الصدغي
B. الفصل الجداري
C. العصب البصري
D. التصالب البصري
E. السبيل البصري",C,A
3180,"في استقصاءات اعتلال الأعصاب المحيطية كل مايلي صحيح عدا:

الاختيارات:
A. أول استقصاء هو قياس سكر الدم الصيامي
B. الاستقصاء المؤكد للسبب هو اختبار توصيل العصب (NCS)
C. تقييم فيتامين E
D. تقييم فيتامين B12
E. تقييم فيتامين B6",C,B
3181,"في متلازمة غيلان باريه كل مايلي صحيح ماعدا:

الاختيارات:
A. غالبية الحالات هي مزيلة للنخاعين وليست محوارية
B. غالبا ما ترتبط الإصابة ب GBS المحوارية بالكامبيلوباكتر
C. عادة هو مستجيب للعلاج لأنه مزيل للنخاعين باستثناء بعض الحالات
D. السمة المميزة هي بدء اعتلال الأعصاب من الأعلي لإلي الأسفل
E. يستبعد غيلان باريه في حال اشتداد المنعكسات الوترية",D,D
3182,"المظاهر السريرية لغيلان باريه كل مايلي صحيح ماعدا:

الاختيارات:
A. عسرة بلع
B. خلل تصويت
C. قصور تنفسي انسدادي
D. الخدر و الألم يسبق ضعف العضلات
E. كل ماسبق خاطئ",D,C
3183,"في ( llH ارتفاع التوتر داخل القحف مجهول السبب) اختر المخالفة:

الاختيارات:
A. الرنين المغناطيسي طبيعي
B. قد يحرض المستويات العالية للفيتامين D الإصابة
C. أكثر الأعصاب تأثير بال llH هو العصب الثامن
D. أكثر المتغيرات حساسية في مراقبة ال هو حدد البصر
E. الأسيتازولاميد علاج غير فعال",B,A
3184,"الصداع المزمن هو الصداع الذي يتطور خلال أكثر من:

الاختيارات:
A. أسبوعين
B. 3أسابيع
C. 4أسابيع
D. 6أسابيع
E. 8أسابيع",D,C
3185,"كل مايلي صحيح عن الصداع العنقودي ما عدا:

الاختيارات:
A. متوسط سن الإصابة 25
B. يوجد دور لتحت المهاد في آليته الإمراضية
C. يترافق مع دماع
D. يستخدم فالبروات الصوديوم في علاج الهجمة الحادة
E. صداع أحادي الجانب",C,D
3186,"صداع غير نابض ثنائي الجانب قد يرتبط بتشنج عضلات الرقبة:

الاختيارات:
A. الشقيقة
B. الصداع العنقودي
C. صداع التوتر
D. ألم العصب مثلث التوائم
E. الألم العصبي التالي للهوبس",C,C
3187,"التراكيب الخارج قحفية التالية حساسة للألم ماعدا:

الاختيارات:
A. الجلد
B. العضلات
C. عظم الجمجمة
D. العين
E. الشرايين السطحية",C,C
3188,"كل مايلي صحيح عن ألم العصب مثلث التوائم ما عدا:

الاختيارات:
A. يشاهد علي مسير الفرعين الثاني والثالث للعصب
B. الفحص العصبي طبيعي
C. الخط الاول للعلاج مضادات الاختلاج
D. غير مفيد في التشخيصMri
E. يشاهد في أواسط العمر أو أواخره",D,D
3189,"كل الاضطرابات التالية تنتقل بصفة قاهرة عدا:

الاختيارات:
A. حثل دوشين
B. حثل فرط المقوية
C. الحثل العيني البلعومي
D. الحثل القاصي
E. FSHD",B,A
3190,"ما يلي صحيح حول الوهن العضلي الوخيم عدا:

الاختيارات:
A. لا يوجد ضمور أو ضعف عضلي
B. لا يصيب العضلات المخططة
C. يظهر الوهن بالجهد وهو غير مؤلم
D. إصابة عضلات الوجه ثنائية الجانب
E. تشاهد سحنةsnarl",C,B
3191,"من العوامل المؤهبة لإنتانات الجهاز العصبي المركزي عدا:

الاختيارات:
A. التهاب الجيوب الأنفية والأذن الداخلية
B. خراجات والتهابات سنبة
C. تجرثم الدم
D. ذورات الرئة وخراجاتها
E. البزل القطني الملوث",E,A
3192,"حول إصابة الجهاز العصبي المركزي بداء البروسيلات الإجابة الصحيحة هي:

الاختيارات:
A. التهاب السحايا هو عرض مبكر
B. الاستقاءات المخبرية تجري علي عنية CSF فقط
C. صفات CSF تكون صفات إصابة جرتومية نموذجية
D. الأعراض المبكرة نوعية
E. فد تسبب آفات في المادة البيضاء",C,E
3193,"منم الاضطرابات الدماغية بدون تظاهرات خارج هرمية عدا:

الاختيارات:
A. الزهايمر
B. الشلل فوق النووي المترقي
C. داء بيك
D. موه الرأس ذو الضغط الطبيعي
E. كل ماسبق خطأ",D,B
3194,"تظاهرات فقد الذاكرة لكورساكوف كل ما يلي عدا:

الاختيارات:
A. فقدان الذاكرة القريبة
B. ضعف التسجيل
C. اللامبالاة
D. التخريف شائع
E. اضطراب خفيف بالذاكرة طويلة الأمد",E,B
3195,"كل ما يلي من مظاهر نقص الصوديوم عدا:

الاختيارات:
A. التشنج العضلي
B. الإمساك
C. الرجفان
D. منعكس أخمصي بالانبساط
E. وذمة حليمة",B,B
3196,"انسداد الشريان المخي الأوسط الأيمن يسبب ما يلي عدا:

الاختيارات:
A. إهمال نصفي أيسر
B. عمي نصفي متطابق أيسر
C. ميل للتحديق إلي اليمين
D. حبسة كلامية
E. عمه العاهة",C,D
3197,"كل ما يلي صحيح بالنسبة لخثار الجيوب الوريدية عدا :

الاختيارات:
A. من مظاهره الصداع
B. قد يتلو الولادات العسيرة
C. الدواء النفضل للعلاج هو الوارفارين
D. يحدث فيه ضعف وعي
E. التصوير بالرنين المغناطيسي مع الحقن وإظهار الطور الوريدي هو الاستقصاء الأفضل",D,C
3198,"كل مايلي داء الأورام الليفية العصبية صحيح ماعدا:

الاختيارات:
A. داء فون ريكينلغاوزن الأقل شيوعا
B. نمط 1 طفرة علي الصبغي 17
C. له نمطان
D. قد تظهر عقيدات في القزحية",A,A
3199,"كل ما يلي من تفرعات الأبهر الأمامية ما عدا:

الاختيارات:
A. 1. الجذع الزلاقي.
B. 2. الشريان المساريقي العلوي.
C. 3. الشريان المساريقي السفلي.
D. 4. الشريان الحجابي السفلي",C,D
3200,"المسافة الوربية الخامسة اليسرى من الخط الناصف للترقوة.

الاختيارات:
A. 2. المسافة الوربية الثالثة اليسرى من الخط الناصف للترقوة.
B. 3. بمستوى الذيل الحنجري على بعد عرض إصبع أيسر الخط الناصف.
C. 4. بمستوى الفقرة الصدرية الخامسة في الخط الناصف للترقوة اليسرى.
D. 5. ولا مكان مما علا.",C,A
3201,"ينغلق بحاجز متكامل من الألياف العضلية تتقارب إلى الوتر المركزي.

الاختيارات:
A. 2. يشكل حدوده الخلفية الفقرة الصدرية العاشرة.
B. 3. يمر المري والرغامى عبر مخرج الصدر.
C. 4. ينحدر باتجاه الأسفل والخلف.
D. 5. يزداد الضغط داخل الصدر أثناء تقلص هذا الحاجز.",D,D
3202,"القناة الصدرية عندما تنحرف من الأيمن إلى الأيسر

الاختيارات:
A. 2. قوس الفرد.
B. 3. قوس الأبهر.
C. 4. الغدة الصعترية
D. 5. العصب المبهم.",B,E
3203,"تتوضع مباشرة خلف الحيز الوربي الرابع أيمن القص

الاختيارات:
A. 1. الوريد الأجوف العلوي
B. 2. الوريد العضدي الرأسي الأيمن
C. 3. الوريد العضدي الرأسي الايسر
D. 4. الشريان العضدي الرأسي
E. 5. الأذينة اليمني RT atrium",B,E
3204,"تتواجد البنى التالية بباطن البطين الأيمن ما عدا:

الاختيارات:
A. 1. الحجاب بين البطينين
B. 2. الترابيق اللحمية
C. 3. دسام ثنائي الشرف
D. 4. العضلة الحليمية الامامية
E. 5. الشريط المنظم (العارضة الحاجزية)",D,C
3205,"تحدث التغيرات التالية في الصدر أثناء الشهيق ما عدا:

الاختيارات:
A. 1. يسحب الهواء الى الشجرة القصبية
B. 2. يصعد جذرا الرئتين
C. 3. يحدث ضغط سلبي على السطح الخارجي للرئتين
D. 4. تنخفض الحواف السفلية للرئتين الى الأسفل
E. 5. تتمدد الرئتين",C,B
3206,"يشتق العصب الحشوي الكبير من الشدفات الصدرية التالية ما عدا:

الاختيارات:
A. 1. T5
B. 2. T7
C. 3. T8
D. 4. T9
E. 5. T10",D,E
3207,"يستلم الوريد العضدي الرأسي دماً وريداً مباشرة من التالي ما عدا:

الاختيارات:
A. 1. الوريد تحت الترقوة
B. 2. الوريد الوداجي الباطن
C. 3. الوريد الوداجي الظاهر
D. 4. الوريد الدرقي السفلي
E. 5. الوريد الصدري الباطن",C,C
3208,"تضم ناصيات الفقار من عضلات الظهر العميقة التالي ما عدا: السؤال للاطلاع

الاختيارات:
A. 1. الطولي الرأسية
B. 2. الطولي العنقية
C. 3. نصف الشوكية الرأسية
D. 4. الحرقفية الضلعية العنقية
E. 5. الشوكية الرأسية",D,D
3209,"في العفج كل ما يلي صحيح ما عدا:

الاختيارات:
A. لا يمكن عزل ترويته عن تروية البنكرياس تشريحياً.
B. العود الوريدي إلى وريد الباب.
C. لمعته هي الأوسع في الأمعاء الدقيقة.
D. تصب عليه مفرزات المعدة والصفراء.
E. تصب القناة الجامعة في القطعة الثانية منه.",B,D
3210,"في الأمعاء الغليظة كل ما يلي صحيح ما عدا:

الاختيارات:
A. الأعور محاط بشكل كامل بالألياف العضلية الطولانية.
B. أجزاء منه تتروى دموياً من فروع الشريان المساريقي العلوي.
C. الكولون النازل يتوضع خلف البريتوان.
D. للقولون المستعرض مساريقا.
E. قسم من النزح اللمفاوي في العقد المساريقية العلوية.",C,A
3211,"كل العضلات التالية لها شكل صفيحة عضلية وترية عدا:

الاختيارات:
A. العضلة المنحرفة الظاهرة.
B. العضلة المنحرفة الباطنة.
C. العضلة المعترضة البطنية.
D. العضلة المستقيمة البطنية.
E. عضلة الحجاب الحاجز.",D,D
3212,"كل ما يلي عن الأمعاء الدقيقة ما عدا:

الاختيارات:
A. تمتد من البواب إلى بداية الأمعاء الغليظة عند الدسام اللفائفي الأعوري.
B. تتضمن الاثني عشر والصائم واللفائفي.
C. نسيج لمفاوي.
D. أنبوب مخاطي عضلي يصل طوله لعدة أمتار.",C,C
3213,"كل ما يلي عن الأمعاء الغليظة ما عدا:

الاختيارات:
A. الأعور متحرك ويملك مساريقا.
B. أجزاء منه تتروى من فروع المساريقي العلوي.
C. الكولون المستعرض له مساريقا.
D. قسم من النزح اللمفاوي يتم في العقد المساريقي العلوية.",C,A
3214,"كل ما يلي عن الأمعاء الدقيقة ما عدا:

الاختيارات:
A. العفج مغطى كاملاً بالبريتوان.
B. أطول أجزاء السبيل الهضمي.
C. يتألف من عفج، صائم، لفائفي.
D. تمتد من البواب إلى بداية الأمعاء الغليظة عند الدسام اللفائفي الأعوري.",A,A
3215,"تتوضع الطبقات التالية في جدار البطن الأمامي ما عدا:

الاختيارات:
A. Camper's fascia.
B. Colles fascia.
C. Scarpa's fascia.
D. Transversalis fascia.
E. Deep fascia.",D,B
3216,"يعطي فروع تتفاغر مع فروع الشريان المساريقي العلوي:

الاختيارات:
A. Gastro_duodenal artery.
B. Marginal artery.
C. Proper hepatic artery
D. Splenic artery
E. None of the above arteries",B,B
3217,"تحدث التفاغرات البابية الجهازية عبر أوردة الأعضاء التالية ما عدا:

الاختيارات:
A. الكولون الصاعد.
B. الكولون المستعرض.
C. الكولون النازل.
D. الإثني عشر.
E. البنكرياس.",B,B
3218,"تتميز الأمعاء الغليظة عن الدقيقة بالتالي ما عدا:

الاختيارات:
A. هي أطول أجزاء السبيل الهضمي.
B. قطرها أكبر.
C. تحوي الشرائط الكولونية.
D. جدارها متكيس.
E. تحوي زوائد تربية.",B,A
3219,"كل مما يلي صحيح حول جوف البريتوان عدا:

الاختيارات:
A. يتألف من طبقين جدارية وحشوية.
B. عند الأنثى يتصل بالوسط الخارجي عبر النفيرين.
C. يتصل الكيس الكبير بالكيس الصغير عبر الفوهة الثربية.
D. البريتوان الحشوي حساس للضغط والألم.
E. البريتوان الجداري الحوضي يتعصب بالعصب السدادي.",D,D
3220,"من عناصر الحبل المنوي (كل ما يلي صحيح ما عدا):

الاختيارات:
A. أسهر.
B. أوعية دموية: شريان خصوي وشريان أسهري.
C. أعصاب ودية.
D. أوعية لمفية تنزح لمف الصفن.
E. لفافات منوية ثلاث.",D,D
3221,"العضلة المنحرفة البطنية الظاهرة (كل ما يلي صحيح عدا):

الاختيارات:
A. صفيحة عضلية صفاقية.
B. تسير أليافها بشكل مائل للأمام والأسفل والأنسي.
C. ترتكز على الخط الأبيض من الرهابة إلى العانة.
D. تتعصب من القطني الثاني.
E. تتعصب من قطني أول.",E,D
3222,"المعترضة البطنية (كل ما يلي صحيح عدا):

الاختيارات:
A. صفيحة عضلية قليلة السماكة.
B. عميقة بالنسبة للمنحرفة الباطنة.
C. أفقية نحو الأمام والأنسي.
D. تتعصب من الوربيات الستة السفلية.
E. تتعصب من L2.",E,E
3223,"المسافة خلف البريتوان (كل ما يلي صحيح عدا):

الاختيارات:
A. حيز افتراضي بين جدار البطن الخلفي والبريتوان الحشوي المغطي له.
B. تحوي الكليتين.
C. تحوي الكظرين.
D. تحوي الأجوف السفلي.
E. تحوي العفج.",B,A
3224,"أي من الشرايين التالية تغذي جزر لانغرهانس في المعثكلة:

الاختيارات:
A. Gastro_duodenal artery
B. Marginal artery
C. Proper hepatic artery
D. Splenic artery
E. None of the above arteries",D,D
3225,"العضلة المستقيمة البطنية كل ما يلي خطأ ما عدا:

الاختيارات:
A. تنشأ في الوجه العميق للأضلاع الستة السفلية.
B. تنشأ في اللفافة القطنية.
C. تدعم جدار البطن وتساعد في التنفس.
D. تتعصب من القطني الأول.",C,C
3226,"جدر القناة الإربية كالآتي (كل ما يلي صحيح ما عدا):

الاختيارات:
A. سفاق العضلة المنحرفة الظاهرة للجدار الأمامي.
B. الجدار الخلفي: رباط مشترك في الوحشي ولفافة معترضة في الأنسي.
C. السقف: ألياف مقوسة في المنحرفة الباطنة والمعترضة.
D. الأرضية: الرباط الإربي والجوبي.",B,B
3227,"المنحرفة الباطنة (كل ما يلي صحيح عدا):

الاختيارات:
A. عميقة بالنسبة للمنحرفة الظاهرة.
B. تتعصب من الوربيات الستة السفلية.
C. تتعصب من القطني الأول.
D. تنشأ من السطوح الظاهرة للغضاريف الستة السفلية.",C,D
3228,"المعترضة البطنية كل ما يلي خطأ عدا:

الاختيارات:
A. تتعصب من الوربيات الستة العلوية.
B. ترتكز على الخط الأبيض من الرهابة إلى العانة.
C. تتعصب من قطني ثاني.
D. صفيحة عضلية متوسطة السماكة.",D,B
3229,"المعدة تتصف (كل ما يلي خطأ ما عدا):

الاختيارات:
A. تكون متحركة بشكل كبير باستثناء نهايتها.
B. قاع المعدة هو أسفل منطقة المعدة ويمتد بين الثلمة الزاوية والبواب.
C. يمتد الرباط المعدي الطحالي بين القسم العلوي للإنحناء الصغير والطحال.
D. يمتد الثرب الكبير بين الانحناء الصغير والكبد.",B,A
3230,"يتصف الشريان الطحالي وفروعه بما يلي ما عدا:

الاختيارات:
A. يسير بشكل متعرج على الحدود السفلية للبنكرياس
B. يمر عبر الرباط الطحالي الكلوي
C. يعطي الشرايين المعدية القصيرة عند سرة الطحال والتي تسير عبر الرباط الطحالي المعدي
D. يعطي تروية للبنكرياس",C,A
3231,"في المصطلحات التشريحية كل ما يلي عدا:

الاختيارات:
A. يعتمد التشريح الوصفي على وصف العظام والعضلات والمفاصل والأوعية والأعصاب والتشريح الناحي.
B. التشريح السريري هو دراسة البنية العيانية ووظيفة الجسم بقدر ما تتعلق بالممارسة الطبية والعلوم الصحية الأخرى.
C. المستوى السهمي الناصف هو المستوى العمودي الذي يمر عبر مركز الجسم قاسما إياه بالتساوي إلى قسمين أمامي وخلفي.
D. يشير مصطلح أمامي إلى مقدمة الجسم.",C,C
3232,"في المصطلحات التشريحية كل ما يلي عدا:

الاختيارات:
A. الداني يشير إلى الأبعاد النسبية عن جذور الأطراف.
B. القاصي يشير إلى الأبعاد النسبية عن جذور الأطراف.
C. الجانب الموافق يشير إلى الجانب المقابل من الجسم.
D. وضعية الاستلقاء هي وضعية الاضطجاع على الظهر.",C,C
3233,"كل مما يلي صحيح عن التغذية العصبية للحجاب الحاجز ماعدا:

الاختيارات:
A. التغذية العصبية الحركية من العصبين الحجابيين الأيمن والأيسر 3.4.5C
B. التعصيب الحسي لغشاء الجنب الذي يغطي السطوح المركزية للحجاب من العصب الحجابي
C. يأتي التعصيب الحركي لغشاء الجنب المحيطي من الأعصاب العربية الستة السفلية
D. يأتي التعصيب الصفاقي الجداري الذي يغطي السطوح المركزية للحجاب من العصب الحجابي",B,C
3234,"تركيب الجدار البطني الأمامي كل ما يلي ما عدا:

الاختيارات:
A. يتكون من الجلد، لفافة سطحية، لفافة عميقة، عضلات، لفافة خارج الصفاق، والصفاق الجداري
B. يأتي التعصيب لجدار البطن الأمامي من الفروع الأمامية للأعصاب القطنية الصدرية الستة السفلية فقط
C. يقع القطاع التشريحي الصدري السابع في الشرسوف فوق الناتئ الرهابي
D. يتوزع القطاع القطني الأول فقط فوق الرباط الأربي والارتفاق العاني",B,B
3235,"يمكن تمييز الصائم عن اللفائفي بالمميزات التالية ماعدا:

الاختيارات:
A. يتوضع اللفائفي في القسم السفلي من جوف الصفاق في الحوض.
B. قطر الصائم أكبر وجدارة أثخن وأكثر احمرارا من اللفائفي.
C. يحوي الصائم لطاخات باير
D. تشكل الأوعية المساريقية الصائمية قوسا واحدا أو اثنين فقط مع فروع طويلة تصل بين القوس وجدار المعي",A,C
3236,"في التشريح السطحي لجدار البطن الخط الأبيض ماعدا:

الاختيارات:
A. حزمة ليفية تسير شاقوليا تمتد من ارتفاق العانة إلى ناتئ الرهابة.
B. يتوضع على الخط الناصف.
C. يتشكل من التحام سفق عضلات جدار البطن الأمامي.
D. تتمثل على السطح بثلم ناصف عميق.
E. تتوضع السرة في منتصفه.",C,D
3237,"عضلة الحجاب الحاجز إجابة خطأ دورة 2013-2012/ 2014-2013

الاختيارات:
A. صفيحة عضلية وترية تفصل بين جوف الصدر وجوف البطن.
B. القسم القصي ينشأ من السطح الخلفي لناتئ الرهابة.
C. القسم الضلعي ينشأ من السطوح العميقة للأضلاع والغضاريف الستة السفلية.
D. القبة اليمنى أقل ارتفاعاً من اليسرى.
E. القسم الأنسي من المنشأ الفقري يدعى سويقتي الحجاب.",A,D
3238,"الفتحة المرينية في الحجاب الحاجز (إجابة خطأ) 2013-2012

الاختيارات:
A. يمر عبرها المري.
B. يمر عبرها العصب المبهم الأيمن.
C. يمر عبرها العصب المبهم الأيسر.
D. تقع بمستوى T12.
E. يحدها من الخلف الأبهر البطني.",B,D
3239,"المسافة خلف البريتوان: هام جداً ومكرر بعدة صيغ:

الاختيارات:
A. حيز افتراضي بين جدار البطن الأمامي والبريتوان الجداري.
B. تحوي على الطحال.
C. تحوي كامل الكولونات.
D. كل ما سبق صح.
E. كل ما سبق خطأ.",A,E
3240,"تتشكل جدر القناة الإربية كالآتي: هام ومكرر

الاختيارات:
A. العضلة المنحرفة الباطنة تدعم الجدار الأمامي مقابل فوهة الباطنة.
B. يتألف السقف من العضلتين البطنيتين المنحرفة الباطنة والمعترضة.
C. الأرضية من الرباط الإربي والرباط الجوبي.
D. كل ما سبق صحيح.
E. كل ما سبق خاطئ.",D,D
3241,"الأعضاء التناسلية الظاهرة عند الأنثى (إجابة خطأ):

الاختيارات:
A. الشفرين الكبيرين.
B. الشفرين الصغيرين.
C. الدهليز.
D. المهبل.
E. البظر.",B,D
3242,"الأعضاء التناسلية الباطنة عند الأنثى (إجابة خطأ):

الاختيارات:
A. المبيضين.
B. النفيرين الرحمين.
C. البظر.
D. الرحم.
E. المهبل.",C,E
3243,"يساهم العصب القطني الأول بتعصيب عضلات البطن ما عدا:

الاختيارات:
A. منحرفة ظاهرة.
B. منحرفة باطنة.
C. مستقيمة بطنية.
D. مشمريه عند الذكر.
E. مشمريه عند الأنثى.",D,C
3244,"العضلات التالية لها شكل ضفيرة عضلية وترية ماعدا:

الاختيارات:
A. منحرفة ظاهرة.
B. منحرفة باطنة.
C. معترضة بطنية.
D. مستقيمة بطنية.
E. عضلة الحجاب الحاجز.",C,D
3245,"من عناصر الحبل الإربي عند الأنثى (إجابة خطأ):

الاختيارات:
A. الأسهر.
B. شريان مبيضي.
C. أوعية لمفية تنزح لمف الشفر الكبير.
D. تحوي أوعية مشمرية.
E. أوعية لمفية للمبيض تنزح نحو الأبهر البطني.",D,A
3246,"من الفروق التشريحية بين الأمعاء الدقيقة والغليظة (إجابة خطأ): 2014-2013

الاختيارات:
A. الأمعاء الدقيقة (عدا العفج) متحركة بينما الأجزاء الصاعدة والنازلة من القولون مثبتة.
B. قطر الأمعاء الدقيقة في الحالة السوية أكبر من قطر الأمعاء الغليظة.
C. ليس للأمعاء الدقيقة زوائد دهنية تربية متصلة بجدارها، بينما تتواجد في الغليظة.
D. جدار الأمعاء الدقيقة أملس بينما الأمعاء الغليظة متكيس.
E. الغشاء المخاطي للأمعاء الدقيقة زغابات بينما تغيب في الأمعاء الغليظة.",B,B
3247,"الجذع الزلاقي يروي كل ما يلي: (الإجابة الخاطئة): 2015-2014

الاختيارات:
A. عفج.
B. مري صدري.
C. طحال.
D. كبد.
E. بنكرياس.",D,B
3248,"يروي الشريان المساريقي العلوي (إجابة خطأ): 2015-2014

الاختيارات:
A. عفج.
B. صائم.
C. دقاق.
D. زائدة دودية.
E. كولون نازل.",D,E
3249,"يمكن تمييز الصائم عن اللفائفي بالمميزات التالية ما عدا: 2013-2014

الاختيارات:
A. يتوضع اللفائفي في الجزء السفلي من جوف الصفاق وفي الحوض.
B. قطر الصائم أكبر وجدرانه أثخن وأكثر احمراراً من اللفائفي.
C. يحوي الصائم على لطاخات باير.
D. تشكل الأوعية المساريقية الصائمية قوساً واحداً أو اثنين فقط مع فروع طويلة تصل بين القوس وجدار المعي.",C,C
3250,"كلابية الذنب المتلوية

الاختيارات:
A. ثنائية الفوهات الكلبية
B. المحرشفة القزمة
C. ينصف الجائف بكل ما يلي عدا
D. ببطن مؤلفة من أربعة حلقات
E. باربعة أزواج من الأرجل",C,E
3251,"تحتوي حبيبات كاسرة للضوء

الاختيارات:
A. تطوف بسهولة بالمحاليل المشبعة
B. ذات شكل مستطيلي
C. يمكن أن تنتقل الاخماج التالية عبر نقل الدم عدا
D. المتصورات
E. المقوسات",D,E
3252,"يقدر عدد الأكياس لكل غرام براز من شخص مصاب بـ:

الاختيارات:
A. 100 كيس
B. 500 كيس
C. ألف كيس
D. 20 ألف كيس
E. 200 ألف كيس",D,E
3253,"تلعب الأسماك دوراً ثوياً متوسطاً للطفيليات التالية عدا

الاختيارات:
A. متفرعة الخصية الصينية
B. منقوعة المعي المغمنة
C. الاتزاكيد
D. متأخرة الخصية الهرية
E. جانبية المناسل الوسترمانية",C,B
3254,"تتصف المنشقة الدموية بكل مايلي عدا

الاختيارات:
A. خصي للذكر
B. بمحاجم فموية وبطنية وتناسلية
C. بطول ١٠-١٥ ملم للذكر
D. ببشرة ملساء للانثى
E. برحم طويل للانثى يتضمن 20-30 بيضة",B,B
3255,"تنتقل طفيليات داء هجرة اليرقات الحشوي عبر الدوران إلى الأعضاء التالية :

الاختيارات:
A. الكبد
B. الرئتين
C. الدماغ
D. القلب
E. كل ماورد خطأ",B,E
3256,"مصدر الخمج بالمتحولة العصبية naegleria fowleria

الاختيارات:
A. استنشاق براز الطيور
B. ابتلاع أطعمة الطيور
C. من التراب
D. من ابتلاع استنشاق المياه الملوثة
E. التماس مع الحيوانات الخموجة",D,D
3257,"تتصف الديدان المثقوبة بكل ما يلي عدا:

الاختيارات:
A. بوجود مبيضين
B. بعدم وجود جهاز دوراني
C. بعدم وجود جوف جسمي
D. بعدم وجود جهاز تنفسي
E. بعدم وجود ثلاثة محاجم عند بعضها",D,A
3258,"تختلف المتورقة البوسكية عن الكبدية بكل ما يلي عدا:

الاختيارات:
A. بعمص فموي كبير مقارنة مع البطني
B. ساعورين بدون تفرعات جانبية
C. بخاصيات متعددة
D. بعدم وجود قمح رأسي
E. بحجم أكبر",D,A
3259,"تشاهد اسنان هوتشنسن عن الاصابة بالعامل الممرض:

الاختيارات:
A. Treponema pallidum
B. Helicobacter polyrs
C. Rubella virus
D. west Nile virus
E. Ebola virus",A,A
3260,"اختر الاجابة الخاطئة عن البوريليا:

الاختيارات:
A. سبب داء لايم الذي ينتقل عبر الجهاز التنفسي
B. جراثيم لولبية متحركة تتلون بسهولة بصبغة غيمزا
C. تكون ذات لفات غير منتظمة والمسافة بين كل لفتين من 2 ل 4 مكرون
D. تسبب الحمى الراجعة التي تنتقل عبر القمل
E. تكون سبب خناق فنسان",A,A
3261,"يحدث التكيس للجيارديا اللمبلية في:

الاختيارات:
A. التراب
B. القولونات
C. الماء
D. أثناء التغوط
E. الصائم",C,D
3262,"من افضل وسائل الوقاية المتبعة لمنع انتشار المتورقة الكبدية

الاختيارات:
A. عدم اطعام الحيوانات النباتات الملوثة
B. غسل النباتات المائية أو عليها قبل تناولها
C. القضاء على العائل المتوسط
D. ارتداء احذية واقية اثناء العمل بالارض
E. عدم تلويث المياه بالمخلفات البشرية او الحيوانية",E,C
3263,"يستخدم في علاج الاسطوانية البرازية

الاختيارات:
A. الميترونيدازول
B. الثيا بندازول
C. الميبندازول
D. البندازول
E. تتراكلورايتلين",C,B
3264,"أنسب تشخيص لاتهاب المشيمة والشبكية بعد تناول لحم نيء خمج ب:

الاختيارات:
A. العوساء العريضة
B. المقوسات القندية
C. الشعريات الحلزونية
D. الديدان القوسية
E. المثقبيات القوسية",E,B
3265,"الذبابة ذهبية العيون Chrysop هي ثوي ناقل ل

الاختيارات:
A. الفخرية البنكروفتية
B. كلابية الذئب الملتوية
C. اللوا لوا
D. المحرشفة الصغيرة
E. المثقبية الكروزية",D,C
3266,"يمتاز الشكل المسوط في الليشمانيا بكل ما يلي عدا:

الاختيارات:
A. بشكل مغزلي
B. بطول 10 ميكرون
C. بسوط ذي غشاء متموج
D. بنواة مركزية
E. بجسيم حركي أمام النواة",D,C
3267,"فيما يخص الشَّوكَميبة (اختر الجواب الصحيح)

الاختيارات:
A. لا تعيش عادة في المياه.
B. تنتقل عبر الجلد أو الجهاز التنفسي عند السباحة في المياه الملوثة.
C. تكون فيه الهيولي متمايزة إلى خارجية وداخلية
D. تشكل رجل واحدة في حين أن النِّيجَارِيَّةُ تشكل عدة أرجل كاذبة.
E. تسبب التهاب الملتحمة و القرينة عند المثبطين مناعياً.",B,B
3268,"إن المتحول disperse مسؤول عن إصابات المتحول الحال للنسج المسجلة سابقا بنسبة:

الاختيارات:
A. 10 % من الإصابات
B. 20 % من الإصابات
C. 30 % من الإصابات
D. 40 % من الإصابات
E. 90 % من الإصابات",B,E
3269,"تقدر عدد الأكياس البيضية المطروحة يوميا بالمقوسة البيضية ب:

الاختيارات:
A. 50 كيسة بيضية
B. 100 كيسة بيضية
C. 500 كيسة بيضية
D. 1000 كيسة بيضية
E. مليون كيسة بيضية",C,A
3270,"تظهر إيجابية اختبار سابين فيلدمان بعد العدوى ب:

الاختيارات:
A. 24 ساعة
B. 1-2 أسبوع
C. 4-6 أسبوع
D. ثلاثة أشهر
E. ستة أشهر",C,B
3271,"العدوى متعلقة بأكل لحوم الأسماك نوع Mullet

الاختيارات:
A. تعيش في الجزء الامامي من الأمعاء الدقيقة
B. بعائلتين متوسطين
C. انتى المنشقات تضع بيوض بشكل عناقيد عندما تكون من نوع
D. الدموية
E. الماسونية",C,C
3272,"يحتاج الشكل المعدي للمستخفية بارفوم ليصبح ناضجاً:

الاختيارات:
A. عدة ساعات
B. أسبوع
C. أسبوعين
D. شهر
E. ناضجة فور خروجها",A,E
3273,"تمتاز الملقوات العفجية بكل الصفات التالية عدا:

الاختيارات:
A. بطول الأنثى 8-22 ملم
B. بعرض 0.4 ملم
C. بفم انتهائي ذو أسنان خطافيه
D. بثلاث أزواج من الأسنان
E. بمسافة واضحة بين البيضة وقشرتها",E,C
3274,"تتصف المنشقة الدموية بكل مايلي عدا

الاختيارات:
A. 5-4 خصي للذكر
B. بمحاجم فموية وبطنية وتناسلية قريبة من بعضها
C. بطول ١٠-١٥ملم للذكر
D. ببشرة ملساء للانثى
E. برحم طويل للانثى يتضمن ۲۰ - ٣٠ بيضة",B,B
3275,"البابيسيا

الاختيارات:
A. الشعرينة الحلزونية احياناً
B. المتقبية الكروزية
C. تتمايز المتحولة اليودية البوتشيلية بكل مايلي عدا
D. قطر ۱۰ میکرون
E. فجوات هيولية خشنة",C,C
3276,"تمتاز المثقبية brucei بأنها:

الاختيارات:
A. خامجة للإنسان أحيانا
B. خامجة للحيوان
C. تسبب حمى شديدة عند الإنسان
D. لا تعتبر من المسوطات الدموية
E. تنتشر في أمريكا الجنوبية",B,B
3277,"من العوامل التي تزيد من الإصابة بالزقية القولونية:

الاختيارات:
A. بعض الأماكن الجغرافية
B. كثرة تناول اللحوم
C. كثرة تناول النشويات
D. كثرة تناول الأطعمة البحرية
E. تناول العقول التتراسيكلين لفترة طويلة",A,C
3278,"يبدي الشكل الناشط للتكليريافوليري أذرع هيولية يقدر عددها ب:

الاختيارات:
A. واحد
B. اثنان
C. ثلاثة
D. أربعة
E. بعدم وجد أذرع هيولية",D,E
3279,"أطول الديدان التالية

الاختيارات:
A. ثنائية الفوهات الكلبية.
B. الصفر الخراطيني
C. المسلكة شعرية الراس
D. المحرشفة القزمة
E. المشوكة الحبيبية",D,A
3280,"كل ما يلي صحيح فيما يتعلق بالمتكيسة العضلية ما عدا:

الاختيارات:
A. الثوي النهائي هو اللواحم
B. يتضمن الكيسة البيضية اثنين من الكيسات حميات البوغية بدون حاجز يفصل بينهما
C. تحوي كل كيسة بوغية على ٤ حيوانات بوغية
D. يسبب إصابة معوية عند تناول الإنسان لحوم المجترات
E. التشخيص صعب بسبب تشابه الكيسات البيضية مع خفيات الأبواغ",B,E
3281,"الوسط المناسب لتكاثر المشعرة المهبلية يكون عند درجة pH:

الاختيارات:
A. 2025-05-06 0:00:00
B. 4-4.5
C. 2025-03-04 0:00:00
D. 2025-07-08 0:00:00
E. أكثر من 8",B,A
3282,"من أكبر المتحولات:

الاختيارات:
A. المتحول الهارتماني
B. المتحول القولوني
C. المتحول اللثوي
D. الوئيدة القزمة
E. المتحولة اليودية البوتشيلية",C,B
3283,"يتضمن الوسط المناسب لنمو الشعرة المهبلية كل مما يلي عدا:

الاختيارات:
A. Cysteine
B. Peptose
C. Liver
D. ضغط O₂ منخفض
E. Maltose",E,D
3284,"أصيب شخص بالسل والمكورات الرئوية حدد التصنيف الصحيح لهذا المرض:

الاختيارات:
A. عدوى رئيسية
B. عدوى ثانوية
C. عدوى مضاعفة
D. عدوى مختلطة
E. عدوى انتكاسية",D,D
3285,"اختر العبارة الصحيحة فيما يخص التهاب الكبد A الفيروسي:

الاختيارات:
A. ترتفع أنزيمات الكبد عند الاصابة بالفيروس
B. تنتقل العدوى بالاتصال الجنسي
C. يظهر الفيروس في البراز قبل يومين فقط من ظهور الأعراض
D. ينتمي الفيروس المسبب الى فيروسات RNA المغلفة
E. يشفى المريض غالبا خلال يومين",A,A
3286,"أكبر البيوض حجما العائدة ل

الاختيارات:
A. الصفر الخراطيي
B. المسلكة شعرية الراس
C. الشريطية العزلاء
D. الشريطية المسلحة
E. المنشقة الدموية",D,E
3287,"نجد اللاقحة المتحركة ookinete ضمن أطوار طفيلي:

الاختيارات:
A. البابيسيا
B. المنشقات
C. المتصورات
D. الليشمانيا
E. المثقبيات",C,C
3288,"تنتقل الأكانتامييا إلى الإنسان عبر الطرق التالية عدا:

الاختيارات:
A. البلع
B. الجلد
C. الاستنشاق
D. العين
E. الجنس",E,E
3289,"المقوسة العددية

الاختيارات:
A. اللشمانيا دونوقاني
B. كل الطفيليات التالية تحدث فقرأ للدم في سياق خمجها عدا
C. الموساء العريضة
D. الملقوة العلجية
E. المتصورات",D,E
3290,"تتوضع الأسطوانية الشعرية عند الإنسان في :

الاختيارات:
A. الأنسجة اتلعضلية
B. الدم واللمف
C. الأمعاء الدقيقة
D. الطرق الصفراوية
E. الدماغ",B,C
3291,"يتصف اختبار كازوني بكل مايلي عدا

الاختيارات:
A. بأنه يعود للعالم كازوني عام ۱۹۱۱
B. يتم بحقن مستضد من الكيسة العذارية
C. مكان الحقن في ادمة جلد الساعد
D. الإيجابية تظهر بشكل حطاطة بقطره ملم
E. يفضل قراءة النتيجة بعد حوالي ٦ ساعات",B,E
3292,"تنتهي المرحلة الخارج خلوية للمتصورات بتحرر:

الاختيارات:
A. الأقاسيم المتحركة
B. المتقسمة
C. الشكل الخاتمي
D. الشكل الأميبي
E. الحيوانات البوغية",C,A
3293,"أي من المثقوبات التالية يكون فيها المبيض خلف الخصيتين؟

الاختيارات:
A. المتورقة المبدية
B. متفرعة الخصية الصينية
C. متفرعة المعي المغصنة
D. الخيفانة الخيفاء
E. كل ما ورد خطأ",B,C
3294,"العامل الذي يفرز الزيفان المعوي verocx

الاختيارات:
A. Actinomces Israeli
B. Lactobacillus
C. E. coli
D. Clostridium difficle
E. Bacillus anthracis",D,E
3295,"تتمايز الليشمانيا الجلدية الرطبة عن الجافة بكل ما يلي عدا:

الاختيارات:
A. بفترة حضانة أطول
B. بآفة جلدية أكبر
C. بإنتان ثانوي أكبر
D. بكثرة شيوعها في الريف
E. بخطأ كل ماورد",A,A
3296,"بقطع جسمية تقدر ب ٢٠٠ قطعة

الاختيارات:
A. بقطع طولانية الشكل
B. بثلاث خصيات في القطع الناضجة
C. يتمايز راس المحرشفة القزمة ب
D. 4 محاجم فقط
E. 4 محاجم مع4 كلاليب",E,D
3297,"فيما يخص المتصورات المنجلية (اختر الجواب الصحيح):

الاختيارات:
A. نادراً ما تظهر الأشكال العرسية في الدم المحيطي
B. لا نجد أكثر من خاتم في الكرية الواحدة
C. لا توجد الأشكال الناشطة في الدم وإنما داخل الخلايا الكبدية
D. تتضخم الكريات الحمر المصابة وتصبح مشرشرة الحواف
E. تبدو المتقسمات على شكل حبة الفاصولياء",A,C
3298,"الملقبية الكروزية

الاختيارات:
A. البابيسيا
B. مستنبت يتضمن شحوم صفراوية ومخاطية معوية وخلايا اظهارية مع ضغط منخفض من 02 يصلح لاستنبات
C. الجيارديا
D. المستخفيات بارقوم
E. المتصورات",B,A
3299,"تتميز المنشقات عن بقية الديدان المثقوبة بـ:

الاختيارات:
A. بأعورين غير ملتحمين
B. بيوض غير مغطاة
C. بأطوار ريديه
D. بعدوي غير متعلقة بأكل لحوم الأسماك
E. بمحفظات ذات ذيل طويل غير متفرع",A,B
3300,"اكثر الديدان التالية وضعاً للبيوض عبر البراز هي

الاختيارات:
A. الأسكاريس
B. العوساء العريضة
C. المملكة شعرية الراس
D. الاسطوانية الشعرية
E. كلهم متساوين في وضع البيوض",B,B
3301,"تأخذ المتورقة الكبدية زمنا للتطور داخل العائل المتوسط يقدر ب:

الاختيارات:
A. 10-14 يوم
B. 1-2 شهر
C. 3-4 أشهر
D. 1-2 يوم
E. 1-2 أسبوع",A,B
3302,"كل ما يلي صحيح فيما يتعلق بالمشعرات المهبلية ما عدا:

الاختيارات:
A. تستعمر المشعرات المهبلية مخاطية وغدد السبيل البولي التناسلي المذكر والمؤنث.
B. للأتاريف شكل أجاصي مضغوط.
C. لا يوجد هناك طور كيسي في دورة حياة هذه المتعضيات.
D. يعتبر الإنسان والحيوانات الثديية الثوي الوحيد
E. يحدث الانتقال من إنسان إلى آخر عند الاتصال الجنسي.",D,D
3303,"كل ما يلي عن الصفات التركيبية للفطور صحيح ما عدا :

الاختيارات:
A. لا تمتلك اليخضور
B. تعتبر مملكة مستقلة لا تنتمي لمملكة الحيوانات أو النباتات
C. هي خلايا حقيقية النواة Eucaryotes
D. يحتوي الغشاء السيتوبلاسمي على Ergosterin
E. يحتوي على البيبتيدو غليكان كما هو الحال عند الجراثيم",E,E
3304,"تتصف إسهالات الإصابة بالمستخفات بـ:

الاختيارات:
A. إسهالات مدماة
B. إسهالات مخاطية
C. إسهالات دهنية
D. إسهالات مائية
E. إسهالات ذات رائحة كريهة",B,D
3305,"النيابة ذهبية العيون Clarysop هي ثوي ناقل ل

الاختيارات:
A. الفخرية البنكروفتية
B. كلابية الذنب الملتوية
C. اللو الوا
D. المحروقة الصغيرة
E. المثقبية الكروزية",D,C
3306,"كل مما يلي صحيح للتفريق بين السالمونيلا والشيغيلا ما عدا:

الاختيارات:
A. الشيغيلا متحركة أما السالمونيلا غير متحركة
B. السالمونيلا تطلق H2S أما الشيغيلا فلا تطلقه
C. الشيغيلا لها رائحة الحيوانات المنوية أما السالمونيلا فلا رائحة لها
D. الشيغيلا تصيب الأنسان فقط أما السالمونيلا فإنها تصيب الحيوان والإنسان
E. تعالج الشيغيلا بلسبيرو فلاكساسين أما السالمونيلا تعالج بالسفتریاکسون",B,A
3307,"تمتاز ذبابة الرمل بكل مايلي عدا

الاختيارات:
A. بثلاثة ازواج من الارجل
B. بلوامس مشعرة مؤلفة من عدة قطع
C. بقرون استشعار طويلة عند الذكر
D. بخرطوم اطول من قرون الاستشعار
E. ببطن منتهية بملقط خاص عند الذكر",A,D
3308,"عام

الاختيارات:
A. عامين
B. خمسة اعوام
C. تتظاهر متلازمة كانا ياما بكل ما يلي عدا
D. بضخامة كبدية وطحاليةm
E. حمى مع عرواءات",D,C
3309,"كل ما يلي صحيح عن حمى بونتيناك ما عدا:

الاختيارات:
A. اعراضها الم عضلي وقشعريرة
B. الانذار سليم
C. الشفاء تلقائي
D. الاصابة حميدة
E. تصيب الرئتين",B,E
3310,"لعلاج الصفر الخراطيني عند الاطفال تحت عمر السنتين يفضل

الاختيارات:
A. البرازيكوانتيل
B. میبندازول
C. بارانتيل باموات
D. ليفاميزول
E. ثيابندازول",B,C
3311,"الجرثوم الذي يكون عائله الرئيسي الأرنب وعائله الثانوي الانسان هو:

الاختيارات:
A. pasturella
B. Brucellia
C. Yersenia
D. Legionella
E. Francisella",A,E
3312,"تتكاثر خبيطيات الفخرية البنكروفتية في:

الاختيارات:
A. امعاء البعوض
B. الغدد اللعابية للبعوض
C. الأوعية اللمفاوية للانسان
D. أمعاء الانسان
E. جوف الجوادف",B,C
3313,"يستخدم عقار melarsporol في علاج:

الاختيارات:
A. الأسطوانية البرازية
B. الشعرية الحلزونية
C. الفخرية البنكروفيتية
D. المثقبية الغامبية
E. التنينة المدينية",C,D
3314,"يُستخدم البرازيكوننتل بجرعة أكبر في علاج:

الاختيارات:
A. المنشقة الدموية
B. المنشقة اليابانية
C. المنشقة الماسونية
D. المنشقة الكبدية
E. المنشقة المتلاحمة",C,B
3315,"هناك امكانية لانتقال العدوى الطفيلية من شخص لاخر عند الخمج التالي ب

الاختيارات:
A. الصفر الخراطيني
B. الملقوة العنجية
C. المسلكة شعرية الرأس
D. المرمية الدودية
E. المشوكة الحبيبية",D,D
3316,"كل ما يلي حول طرق العدوى في المقوسات صحيح ماعدا:

الاختيارات:
A. تناول الأغذية الملوثة ببراز القطط المخموجة
B. التماس المباشر مع القطط المخموجة وبرازها الذي يحوي الأكياس الكاذبة
C. تناول اللحوم النية
D. عمليات نقل الدم
E. عمليات نقل الأعضاء",C,B
3317,"Tetra cholor ethylene

الاختيارات:
A. Thiabendazole
B. Metronidazole
C. أي من الاخماج الطفيلية التي تسبب انحلالة دمويا
D. المتبانغة البشرية
E. المقوسة الغندية",D,C
3318,"أفضل أماكن الخزع التشخيصية القندية في جسم الإنسان:

الاختيارات:
A. الكبد
B. الطحال
C. الدماغ
D. العقد اللمفاوية
E. الدم ونقي العظم",E,B
3319,"كل الأمراض الثانية تسببها المكورات الرئوية ما عدا:

الاختيارات:
A. التهاب مفاصل
B. التهاب أذن وسطى
C. التهاب سحايا وباني
D. ذات رئة
E. التهاب جيوب أنفية",C,C
3320,"ناشط من الأوالي كبير الحجم يتضمن نواة على شكل الكلية في منتصف الهيولي مع نواة تكاثرية صغيرة يعود ل:

الاختيارات:
A. المشعرة المهبلية
B. الوئيدة القزمة
C. القريبة القولونية
D. المستخفية parvum
E. الجيارديا اللمبلية",B,C
3321,"أنسب تشخيص لحالة إسهال حدث بعد أسبوعين من مغادرة منطقة متدنية النظافة هو:

الاختيارات:
A. الاسطوانية البرازية
B. الجيارديا اللمبلية
C. المنشقات
D. المتصورات
E. المستخفيات",B,B
3322,"تعتبر حشرة Simulium ناقل ل :

الاختيارات:
A. المتصورات
B. كلابية الذنب الملتوية
C. الفخرية البنكروفتية
D. مشوكة الشفة اللجوجة
E. التنينة المدينيية",B,B
3323,"كل الصادات التالية تمنع تشكل جدار الخلية الجرثومية ماعدا

الاختيارات:
A. الفانكومايسين
B. سيفادروكسيل
C. اوغمنتين
D. جنتاميسين
E. باستراسين",D,D
3324,"تتمايز كيسة المتحول الثنائية الهشة بوجود:

الاختيارات:
A. نواة.
B. نواتين.
C. 3 نوات
D. 0 نواة
E. كل ما ورد خطأ",B,E
3325,"كل ما يلي حول داء اللايشمتيات الحشوي (كالازار) صحيح ماعدا:

الاختيارات:
A. تحدث حمى وتورم طحال وكبد وعقد لمفية ونقص البيض والصفيحات وفقر دم
B. تترافق بعض الحالات باليرقان والحبن والوذمات بسبب نقص بروتينات الدم.
C. يحدث تصبغ الجلد (المرض الأسود).
D. من مضاعفات المرض ذات رئة قصبية ونزوف
E. يحدث عادة قصور كلوي نتيجة مهاجمة الطفيلي للكلية.",E,E
3326,"الانزايد

الاختيارات:
A. متاخرة الخصية الهرية
B. جانبية المناسل الوسترمائية
C. من صفات بيوض الصفر للنقش Unifertilised eggs كل مايلي عدا :
D. طول ۱۰ میکرون
E. ذات طبقة خارجية خشنة",C,D
3327,"من افضل وسائل الوقاية المتبعة لمنع انتشار المتورقة الكبدية

الاختيارات:
A. عدم اطعام الحيوانات النباتات الملوثة
B. غسل النباتات المائية او غليها قبل تناولها
C. بالقضاء على العائل المتوسط
D. ارتداء احذية واقية اثناء العمل بالارض
E. عدم تلويث المياه بالمخلفات البشرية أو الحيوانية",E,D
3328,"بلوهات تناسلية نائلة

الاختيارات:
A. بخصيات ذات عند أكثر
B. يرحم ذو عدد بيوض أكثر
C. نجد Germ Balls في طور
D. Cercaria
E. Meracidium",C,D
3329,"تتمايز البراغيث فيما بينها بالامشاط و

الاختيارات:
A. اللون
B. الشعرة المنصبة
C. عدد القطع الصدرية
D. عدد القطع البطنية
E. وجود المشابك الجنسية",C,B
3330,"كل ما يلي صحيح فيما يتعلق باللايشمانيا ماعدا :

الاختيارات:
A. يتواجد الطور اللامسوط في الإنسان والحيوانات الفقارية داخل الكريات البيضاء والبالعات
B. عند الصبغ بصبغة غيمزا تتلون النواة بلون أحمر بنفسجي فيما تتلون الهيولي باللون الأزرق الفاتح
C. تعيش هذه الطفيليات وتتكاثر داخل الجهاز الشبكي البطاني
D. يشاهد طليعة الشكل المسوط في العائل الناقل ويدعى بالشكل خارج الخلوي
E. يتواجد الغشاء المتموج في طليعة الشكل المسوط",C,E
3331,"كل ما يلي عن القطار الجِلْدِي Dermatophytosis صحيح ماعدا :

الاختيارات:
A. هي فطور محبة للكيراتين
B. الفطور الشغروية Trichophyton تصيب الجلد والأشعار والأظافر
C. تصيب الفطور البويغائية Microsporum الجلد والأشعار فقط
D. تصيب الفطور البشروية Epidermophyton الجلد والأظافر فقط
E. الإصابة بها تسمى السعفات Tinea saginata",E,E
3332,"العوساء العريضة

الاختيارات:
A. الشعرية الحلزونية
B. الشريطية المزلاء
C. تتصف البراغيث بكل ما يلي عدا
D. براس صغير مع زوج طويل من قرون الاستشعار
E. بطور عذراء ذات شريقة",B,A
3333,"الثوي المتوسط المتورقة البوسكية:

الاختيارات:
A. planorbids
B. Prunella
C. Bithinea
D. Apatosaurus
E. Cailliadi",C,A
3334,"كل ما يلي حول داء اللايشمانيات الجلدي صحيح ماعدا:

الاختيارات:
A. الليشتيا الكبرى هي العامل المسبب للشكل الريفي
B. الليشمانيا المدارية هي العامل المسبب للشكل الحاد
C. تعتبر القوارض المستودع الرئيسي للشكل الرطب
D. العامل الناقل للشكل الرطب هو P. papatasi
E. نادراً ما تكون الآفة متعددة في الشكل المدني",E,B
3335,"فحص عدة عينات بأيام متتالية حين السلبية

الاختيارات:
A. عدم التلوث بالماء او البول
B. عدم تناول الباريوم
C. من المبيدات اللمعية للمتحول الحال للنسج :
D. دایلو کسانید
E. تینیدازول",C,A
3336,"تتوضع المستخفيات عند الإنسان في:

الاختيارات:
A. الأثني عشر
B. الأمعاء الدقيقة
C. الأمعاء الغليظة
D. الأمعاء الدقيقة والغليظة
E. المستقيم بشكل خاص",B,D
3337,"فيما يخص الشوكميبة (إختر الجواب الصحيح) :

الاختيارات:
A. لا تعيش عادة في المياه
B. تنتقل عبر الجلد أو الجهاز التنفسي عند السياحة في المياه الملوثة
C. تكون فيه الهيولي متمايزة إلى خارجية وداخلية
D. تشكل رجل واحدة في حين أن النيجرلية تشكل عدة أرجل كاذبة
E. تسبب إلتهاب الملتحمة والقرينة عند المثبطين مناعياً",B,B
3338,"يستخدم دواء الايفرميكتين في علاج الطفيليات التالية عدا:

الاختيارات:
A. الخيطيات الخبيثة
B. كلابية الذئب الملتوية
C. اللوالوا
D. الفخرية البنكروفتية
E. التنينة المدينية",E,E
3339,"تشاهد علامات ونتربوتوم في:

الاختيارات:
A. المثقبية الأفريقية
B. كلابية الذئب الملتوية
C. الملقوة الكلبية
D. اللوالوا
E. الديدان القوسية",D,A
3340,"كل ما يلي يعتبر نتائج لأنماط التكاثر غير الجنسي عند الفطور ماعدا:

الاختيارات:
A. الأبواغ الدعامية Basidiospore
B. الأبواغ المتدثرة Chlamydospore
C. الأبواغ الغبيرية Conidia
D. الأبواغ المفصليةArthrospore
E. الأبواغ المتبرعمة Blastospore",A,A
3341,"اختر العبارة الصحيحة عن S.pyogens

الاختيارات:
A. تفرز أنزيم الهيالورونيداز الذي يمنع تخثر الدم
B. لا يمكن معالجتها بالبنسلين
C. تفرز ذيفان Erythrogenic المسبب للحمى القرمزية
D. تسبب انحلالا للدم نمط ألفا
E. لديها ذيفان حال للدم H و O",C,C
3342,"المسبب لداء هجرة اليرقات الجلدي :

الاختيارات:
A. الشريطية
B. الديدان القوسية
C. الشعرية الحلزونية
D. مشركة الشفة اللجوجة",C,B
3343,"تعود التسمية اللاتينية للديدان المثقوبة ب:

الاختيارات:
A. الغير مقطعة
B. ورقة الشجر
C. الممصات
D. التسطح
E. الثقب",E,C
3344,"الاسكاريس

الاختيارات:
A. الشعرية الحلزونية
B. المسلكة شعرية الراس
C. لتشخيص الخيطيات باللطاقة الدموية يستخدم صبغة
D. غرام
E. هيماتوكسيلين",B,B
3345,"كل مما يلي صحيح عن جراثيم E.coli ما عدا:

الاختيارات:
A. لها مستضد هدبي H مكون من بروتين وآخر K يتكون من سكريات
B. تشكل 40% من أسباب إنتان الطرق البولية الجرثومي
C. المجموعة EIEC منها تسبب إسهالا منشابهاً مع الشيغيلا الزحارية
D. تفيد في الكشف عن تلوث الآبار أو الحليب بالبراز
E. المجموعة EPEC تسبب التهاب الأمعاء الطفلي ولا تنتج ذيفانات",C,B
3346,"تمتاز بيوض الملقوة العفجية بكل ما يلي عدا:

الاختيارات:
A. بشكل بيضوي
B. بغلاف خارجي عديم اللون
C. بجنين يطور الأربع خلايا غالباً
D. بمسافة بين البيضة والغلاف
E. بإطراح يومي يقدر بـ 50 مليون بيضة لكل أنثي",D,E
3347,"يستخدم مركب تتراكلور ايتلين في علاج:

الاختيارات:
A. المسلكة شعرية الرأس
B. ثنائية الفوهة الكلبية
C. الشعراوية الحلزونية
D. الملقوة العفجية
E. اللوالوا",C,D
3348,"العلاج المناسب المتحولة العصبية: naegleria fowleria

الاختيارات:
A. البرازيكونتيل
B. النيكلوساميد
C. الأمفوتريسين
D. الكينين
E. المترونيدازول",C,C
3349,"اختر العبارة الخاطئة عن الذيفانات الداخلية للجراثيم:

الاختيارات:
A. ذات سمية ضعيفة
B. لا تحث الجسم على تشكيل اضداد ولا يوجد مناعة ضدها
C. يمكن لجراثيم السلمونيلا ان تفرزها
D. تقاوم درجة الحرارة 60 مئوية
E. من تطبيقاتها لقاح DTP",D,E
3350,"كل مما يلي يعتبر من المتحولات المعوية ما عدا:

الاختيارات:
A. المتحولة الحالة للنسج
B. المتحولة الهارتمانية
C. الونيدة الضخمة
D. المتحولة الثنائية الهشة
E. المتحولة اليودية البوتشيلية",C,C
3351,"يتوافق اختلاط التحلل الدموي داخل وعائي مع المتصورة المنجلية عندما يبلغ خمج الكريات الحمراء أكثر من:

الاختيارات:
A. 0.01
B. 0.02
C. 0.05
D. 0.1
E. 0.2",B,C
3352,"إحدى سلالات E. coli تلتصق إلى جدار الأمعاء وتسبب تخريب وضياع في الزعابات المعوية:

الاختيارات:
A. الممرضة للأمعاء EPEC
B. المنتجة للذيفان المعوي ETEC
C. الغازية للأمعاء EIEC
D. الساعة للخلايا VTEC
E. المكننة للأمعاء BAggEC",A,A
3353,"بنواة مركزية

الاختيارات:
A. بجسيم حركي امام النواة
B. اي من الاطوار التالية نجد فيها نواتين
C. كيسة المعانية البشرية
D. كيسة المتحولة الثنائية الهشة
E. كيسة الوليدة القزمة",C,A
3354,"يحدث الخمج الداخلي عند الإصابة بالمستخفي paravum في:

الاختيارات:
A. %20 من الكيسات البيضية المطروحة
B. %20 من الإصابات عموماً
C. %20 من الإصابات الشديدة فقط
D. %20 من الأقاسيم المتحركة
E. %20 من الكيسات البوغية",C,A
3355,"تتصف الخيفاتة الخيفاء بكل ما يلي عدا

الاختيارات:
A. اصغر المنقوبات
B. بدورة حياة قصيرة تندر باسبوع . العدوى منطقة بأكل لحوم الاسماك نوع Mullet
C. تعيش في الجزء الأمامي من الاسماء الدقيقة
D. بعائلين متوسطين",B,D
3356,"الديدان التي تأخذ شكل حرف Y عند التزاوج :

الاختيارات:
A. المسلكة شعرية الرأس
B. الإسكاريس
C. الملقوة العفجية
D. المنشقات عموماً
E. جانبية المناسل الوسترمانية",D,C
3357,"كل ما يلي يعتبر من أنواع الفطور الكاذبة ماعدا:

الاختيارات:
A. الفطور المخاطية
B. فطور فليقية
C. الفطور الشعية
D. النوكارديا
E. الفطور الزقية",D,E
3358,"جانبية المناسل الوسترمانية

الاختيارات:
A. الصفر الخراطيني
B. المشوكة الحبيبية
C. تستطيع بيوض الاسكاريس في درجة حرارة ية في التراب لفترة ١٠ مئوية البقاء حية في:
D. ثلاثة اشهر
E. سنة اشهر",C,D
3359,"تصبغ الأكياس النسيجية للمقوسة القندية بصباغ:

الاختيارات:
A. الفضة
B. حمض سيف
C. رايت
D. جيسا
E. اليود",D,A
3360,"من أصغر الديدان المثقوبة:

الاختيارات:
A. المتورقة الكبدية
B. الخيفاتة الخيفاء
C. متفرعة الخصية الصينية
D. جانبية المتناسل الفسر مائية
E. المنشقة اليابانية",B,B
3361,"كل ما يلي صحيح عن اسواط الجراثيم ما عدا:

الاختيارات:
A. يكون السوط اطول من الخلية الجرثومية
B. بعض الجراثيم لها سوط واحد وبعضها متعدد الاسواط
C. تحوي مستضدات من النمط K
D. كل المكورات لها سياط
E. تفيد السياط في التمييز بين السلمونيلا والشيغيلا",C,C
3362,"تتوضع الإصابة بالمتبائغة غالباً في:

الاختيارات:
A. المريء
B. المعدة
C. الأعور
D. الدقاق
E. الصائم",B,E
3363,"تتوضع يرقات الأسطوانية الوعائية عند الإنسان في

الاختيارات:
A. الرئة
B. العضلات
C. الدم
D. الجهاز العصبي المركزي
E. الأمعاء",A,D
3364,"من ميزات الجذام الدرني

الاختيارات:
A. الإصابة خطيرة ومتطورة
B. يسبب إصابة عصبية متناظرة
C. المناعة الخلوية تكون معطوبة
D. يكون اختيار الجذامين سلبياً
E. عند الفحص المجهري تلاحظ عصيات الجذام بأعداد كبيرة",E,B
3365,"كل ما يرد صحيح بالنسبة للمتصورات عدا:

الاختيارات:
A. تحدث المتصورات النشيطة تحدث حمى ثلاثية
B. المتصورة الوبالية تزمن أيانا
C. المتصورة المنجلية تحدث حمى غير منتظمة
D. المتصورة قد تنكس
E. صعوبة استجابة للعلاج في المتصورة",B,E
3366,"كل ما يتعلق بـ المُتكَيسَةُ العَضَلِيةُ البَشَرِيَّة صحيح ما عدا :

الاختيارات:
A. تتكاثر لا جنسياً في الأبقار والخنازير
B. يتم التكاثر الجنسي عند الإنسان
C. لا يتم تكوين أطوار لاجنسية عند الإنسان
D. تطور الطفيلي في الإنسان داخل خلوياً
E. الطور الخامج هو الكيسات البوغية الموجودة في براز الأبقار والخنازير",E,E
3367,"تتمايز المتورقة الكبدية العملاقة بكل ما يلي عدا:

الاختيارات:
A. أكثر انتشارا في شرق آسيا
B. الثوي المتوسط من نوع Cailliadi
C. بتواضع الغدد التناسلية في الجزء الأمامي
D. من أكبر المتوركات حجما
E. تسمىfasciola gigantica",E,C
3368,"فقر دم عرطل ممكن مشاهدته عند الإصابة ب:

الاختيارات:
A. المتحول النسيجي
B. الزقية القولونية
C. خفيات الأبواغ
D. الجيارديا اللمبلية
E. خطأ كل ما ورد",C,D
3369,"كل ما يلي حول داء اللايشمانيات الحشوي (كالأزار) صحيح ما عدا :

الاختيارات:
A. تحدث حمى وتورم طحال وكبد وعقد لمفية ونقص البيض والصفيحات وفقر دم
B. تترافق بعض الحالات باليرقان والحبن والوذمات بسبب نقصبروتينات الدم
C. يحدث تصبغ الجلد (المرض الأسود)
D. من مضاعفات المرض ذات رئة قصبية ونزوف
E. يحدث قصور كلوي نتيجة مهاجمة الطفيلي للكلية",E,E
3370,"أهم المستودعات الحيوانية للمتوركة البوسكية:

الاختيارات:
A. الأبقار
B. الخراف
C. الأسماك
D. الخنازير
E. القطط",A,D
3371,"تزداد الإصابة بالجيارديا اللمبلية مع كل مما يلي، عدا:

الاختيارات:
A. التهاب البنكرياس المزمن
B. سوء الامتصاص
C. نقص حموضة المعدة
D. بعض الأمراض المناعية الخلقية والمكتسبة
E. داء السكري",E,E
3372,"بنهاية مستقيمة

الاختيارات:
A. بلون ابيض مائل للصغار بعد موتها
B. العلاج المناسب للمتحولة العصبية Naeglerin Fowleri
C. البرازيكوانتيل
D. النيكلوساميد
E. الامنوتيرسين",B,C
3373,"من صفات بيوض الصفر الخراطيني الغير قابلة للنتش Unifertilised eggs والمقشورة كل مايلي عدا

الاختيارات:
A. طول ۹۰ ميكرون
B. ذات طبقة خارجية
C. تحتوي حبيبات كاسرة للضوء
D. لا تطوف بسهولة بالمحاليل المشبعة
E. ذات شكل مستطيلي",D,B
3374,"المتحول الحال للنسج

الاختيارات:
A. القريبة القولونية
B. اقل عدد من الأدوية موجود في كينه
C. المتحول النسيجي
D. Polecki المتحول
E. المتحول القولوني",C,B
3375,"عزل البيوض من براز شخص مصاب بالسرمية الدويدية تكشف

الاختيارات:
A. ١٠٠% من الاصابات
B. 75% من الاصابات
C. 50% من الاصابات
D. ١٠% من الاصابات
E. 5% من الاصابات",B,E
3376,"الطفيلي الذي يمكن أن ينتقل عن طريق نقل الدم هو (اختر الجواب الصحيح):

الاختيارات:
A. المتصورات الوبالية
B. النجليريا الدجاجية
C. المشعرات المهبلية
D. الجيارديا اللمبلية
E. اللشمانيا المدارية",E,A
3377,"يعتبر الرخويBrotia ثوي متوسط ل

الاختيارات:
A. جانبية المناسل الوسترمانية
B. المتورقة الكبدية
C. الخيفانة الخيفاء
D. متفرعة المعنى المغصنة
E. متفرعة الخصية الصينية",B,A
3378,"يوجد أربعة نوى في كل الأكياس التالية عدا:

الاختيارات:
A. المتحول اللثوي
B. الوئيدية القزمة
C. المتحولة الهارتمانية
D. المتحول dispar",C,A
3379,"حد العبارة الخاطئة حول المكورات السبحية الخضراء:

الاختيارات:
A. قد تسبب تسوس الأسنان
B. يتم تشخيصها بزرع الدم
C. قد تسبب التهاب شغاف القلب الجرثومي تحت الحاد
D. توجد في الأمعاء والجهاز التناسلي
E. تحلل الدم من النمط بيتا",B,E
3380,"إن التقرير السريري وفحص اللطاخة ومعايرة الأضداد تكشف الإصابة بالمثقبية الإفريقية بنسبة:

الاختيارات:
A. 0.1
B. 0.2
C. 0.5
D. 0.8",C,D
3381,"اليابانية

الاختيارات:
A. الكبدية
B. المقتحمة
C. خلال حشرة Lutzomyia طفيلي المسبب ل
D. الليشمانيا الجادية
E. اللشمانيا الجلدية المخاطية",D,B
3382,"كل ما يلي صديح حول المتحولة الحالة للنسج ماعدا:

الاختيارات:
A. تعيش المتحولة الحالة النسيج في الأمعاء الغليظة الإنسان
B. تكون الأتاريف في لمعة الأمعاء في احتكاك مع المخاطية
C. تكون نواة الأتروفة كبيرة نسبيا تظهر كروماتين متوضع على حافة النواة
D. تتكاثر بالإنقسام المضاعف ولا يوجد تكاثر جنسي
E. لا تسبب خراجات عند الإنسان",E,E
3383,"تتميز المتصورة المنجلية عن بقية الأنواع بكل ما يلي عدا:

الاختيارات:
A. بفترة حضانة أقصر
B. بوجود أكثر من خاتم في الكرية الحمراء أحيانا
C. بنسبة نكس عالية
D. بخمجة دموية عالية تتجاوز 20% من عدد الكريات الحمر
E. C+D",A,E
3384,"أي من الموسطات التالية يمتلك ثلمًا حلزونيًا؟

الاختيارات:
A. المشعرة المهبلية
B. القعساء المعوية
C. المشعرة اللاطئة
D. شفوية السياط المنسلية
E. المشعرة البشرية",C,D
3385,"الشكل المعدي للانسان من متفرعة الخصية الصينية

الاختيارات:
A. البيضة
B. خليفة المذنبة
C. الحيوان البوغي
D. المذنب
E. المهذبة .",D,B
3386,"كل الديدان التالية تتوضع في المجاري الصفراوية عدا

الاختيارات:
A. المتورقة الكندية
B. متأخرة الخصية البرية
C. منقرعة الخصية الصينية
D. المتورقة العملاقة
E. المتورقة البوسكية",B,E
3387,"تتوضع الأسطوانية البرازية عند الإنسان في

الاختيارات:
A. الجزء النهائي من الدقاق
B. الجزء الأمامي من الصائم
C. الاثنى عشر
D. الأعور
E. القولونات",A,B
3388,"بطور ربوي .

الاختيارات:
A. بفترة حياة قد تصل ل ٣٠ سنة
B. بعدوى ذاتية داخلية وخارجية
C. تتمايز الفتاكة الامريكية عن الملقوة العفجية بكل ما يلي عدا:
D. اقصر طولا
E. بيبوض اصغر حجما",C,C
3389,"بالنسبة لمتفرعة الخصية الصينية:

الاختيارات:
A. الشكل المعدي هو البيضة
B. الشكل المعدي هو خليفة المذنب
C. الشكل المعدي للإنسان هو الحيوان البوغي
D. الشكل المعدي للإنسان هو المذنبة
E. الشكل المعدي للإنسان هو المهدبة",C,C
3390,"تتسم متماثله التوابع البديعة بما يلي (اختر الجواب الصحيح)

الاختيارات:
A. تحدث دورة الحياة الجنسية في القوارض
B. الشكل المعدي هو الكيسة البيضية الموجودة في براز القطط
C. تحتاج الكيسة البيضية إلى فترة زمنية لتصبح معنية
D. المستودع الحيواني هو المواشي
E. يتم انتقال العدوى عبر الطريق التنفسي",B,C
3391,"أكياس بيضية مقاومة للحمض تحوي أرومتين بوغيتين ذات شكل قاروري بقطر 15x25 ميكرون تعود لـ:

الاختيارات:
A. المقوسة القندية
B. المتكيسة الرئوية الكارينية
C. المتبائغة belli
D. المستخفية paravum
E. المتصورة المنجلية",B,C
3392,"تتشكل التقسيمات النائمة hypnozoites في:

الاختيارات:
A. كل أنواع المتصورات
B. في النشيطة والنجيلية
C. في النشيطة والبيضوية
D. في المنجلية فقط
E. في النشيطة فقط",B,C
3393,"يحتاج الخمج بالفخرية البنكروفتية للإنسان لعدد من لسعات الثوي الناقل تقدر ب :

الاختيارات:
A. لسعة واحدة
B. لسعة واحدة لمة اسبوع
C. عشرات اللسعات
D. آلاف اللسعات
E. لا تنتقل عبر الحشرات",D,D
3394,"كل الأمراض التابة سببها ذيفانات العنقودية المذهبة ما عدا:

الاختيارات:
A. الحمى الرمزية
B. تناذر الجلد المسمط SSS
C. التهاب حب الشباب
D. التسمم الغذائي
E. متلازمة الصدمة الذيفانية مع إقياء وإسهال",C,A
3395,"تتصف المشوكة المتعددة الفجوات بكل مايلي عدا

الاختيارات:
A. بنوي نهائي قد يكون الثعالب
B. بثوي متوسط قد يكون احد القوارض البرية
C. اقل خطورة من المشركة الحبيبية.
D. بجسم يتألف من ٣-٥ قطع
E. بمصدر عدوى من الخضار والفواكه الملوثة",E,C
3396,"المستقيم فقط

الاختيارات:
A. المثانة فقط
B. تشاهد علامة Winter bottom مع الإصابة ب
C. المثقبية الافريقية
D. كلابية الذنب الملتوية
E. الملقوة الكلبية",B,A
3397,"داخل العائل الناقل تشاهد أطوار المتصورات التالية عدا:

الاختيارات:
A. المنقسمة
B. اللاقحة المتحركة
C. الكيسة البيضية
D. الحيوانات البوغية
E. اللاقحة",C,A
3398,"من مسببات داء هجرة اليرقات الجلدي

الاختيارات:
A. الشريطية المسلحة
B. الملقوة الكلبية
C. الديدان القوسية
D. الشعرية الحلزونية
E. مشوكة الشفة اللجوجة",D,B
3399,"عند إصابة المرأة بالمقوسات القندية للمرة الأولى أثناء الحمل يحدث كل ما يلي ما عدا:

الاختيارات:
A. إجهاض
B. ولادة ميت غالباً
C. استسقاء دماغ
D. تكلسات داخل دماغية
E. التهاب شبكية ومشيمية",E,B
3400,"عند إصابة المرأة بالمقومات القندية المرة الأولى أثناء الحمل يحدث كل ما يلي ما عدا:

الاختيارات:
A. اجهاض
B. حدوث حمل خارج الرحم
C. استسقاء دماغ عند الوليد
D. تكلمات داخل دماغية عند الوليد
E. التهاب شبكية ومشيمية عند الوليد",B,B
3401,"فيما يخص الحجاج:

الاختيارات:
A. يضم المقلة والعصب الشمي
B. له 4 جدران
C. جداره الإنسي مربع الشكل
D. جدرانه الباقية مثلثية وذروتها في الخلف
E. العصب البصري طوله (25) - (30) ملم",B,C
3402,"في الحروق الكيميائية:

الاختيارات:
A. تصيب المواد الحامضية الطبقات السطحية وتنفذ المواد القلوية إلى البيت الأمامي.
B. تصيب المواد القلوية الطبقات السطحية وتنفذ المواد الحامضية إلي البيت الأمامي
C. ينفذ كل من المواد الحامضية والقلوية للبيت الأمامي الحامضية إلى البيت الأمامي.
D. تصيب كل من المواد الحامضية والقلوية الطبقة السطحية فقط.
E. لا شيء مما سبق.",B,A
3403,"تنجم الشعرة عادة عن ما يلي عدا:

الاختيارات:
A. التراخوما
B. حروق الملتحمة
C. قرحات القرنية
D. رضوض الأجفان
E. تندبات الملتحمة",B,C
3404,"يعالج ورم الجذيعات الشبكية بما يلي عدا:

الاختيارات:
A. استئصال العين
B. تفريغ العين
C. التخثير الضوئي
D. العلاج الشعاعي
E. العلاج الكيميائي",C,C
3405,"داء بهجت:

الاختيارات:
A. مرض مزمن إنذاره جيد
B. يشاهد عند العقد الأول والثاني من الحياة
C. قد ينتهي بالتهاب عين ودي
D. إصابة القسم الأمامي للعنبة أكثر شيوعاً من الخلفي
E. كل ما سبق خطأ",B,E
3406,"يتألف الجدار الأنسي للحجاج من كل مما يلي ما عدا:

الاختيارات:
A. الصفيحة الورقية للعظم الغربالي
B. العظم الوتدي
C. العظم الدمعي
D. العظم الوجني
E. العظم الفكي",D,D
3407,"يتميز التهاب ما فوق الصلبة بما يلي عدا:

الاختيارات:
A. يحدث كارتكاس أليرجائي لذيفانات داخلية
B. وجود عقيدة
C. يوجد تبيغ في الأوعية العميقة
D. الملتحمة متحركة فوق العقيدة
E. يمكن أن تؤدي إلى حدوث العنبة الصلبية",B,E
3408,"كل ما يلي صحيح ما عدا:

الاختيارات:
A. غشاء بروك يفصل المشيمية عن الأتيليوم الشبكي الصباغي
B. الجسم الهدبي مسؤول عن إفراز الخلط الزجاجي
C. تعصب العضلة الموسعة للحدقة من العصب الودي
D. تتوضع العضلة الموسعة للحدقة في القسم المحيطي للقزحية
E. تتعصب العضلة المقبضة بعصب نظير ودي",B,B
3409,"أي العلامات التالية أكثر أهمية في توجيه التشخيص نحو التهاب القزحية والجسم الهدبي:

الاختيارات:
A. عين حمراء مؤلمة
B. خوف الضياء
C. الترسبات خلف القرنية
D. توسع الحدقة",C,D
3410,"أي من الموجودات التالية يجعلنا نصف اعتلال الشبكية السكرية بأنه تكاثري:

الاختيارات:
A. وجود نزوف نقطية
B. وجود نزوف بقعية
C. وجود نتجات قاسية
D. وجود أوعية مستحدثة
E. وجود أمهات دم دقيقة",D,C
3411,"أي الأمراض التالية أقلها ترافقاً بالتهاب قزحية وجسم هدبي:

الاختيارات:
A. التهاب الفقار اللاصق
B. التهاب المفاصل العديد عند الأطفال
C. متلازمة رايتر
D. التهاب المفاصل الصدفي
E. التهاب المفاصل الرثياني",D,C
3412,"يمكن أن يحدث الساد نتيجة للتعرض لما يلي عدا:

الاختيارات:
A. الأشعة تحت الحمراء
B. الأشعة فوق البنفسجية
C. الأشعة السينية
D. الأشعة المئينة
E. الأمواج فوق الصوتية",E,E
3413,"في التهاب المشيمية نصادف الأشكال الالتهابية التالية: (الخاطئة)

الاختيارات:
A. التهاب مشيمية نتحي
B. التهاب مشيمية منتثر
C. التهاب مشيمية أمامية
D. التهاب مشيمية مركزي
E. التهاب مشيمية زاوي",B,E
3414,"التهاب الهلل الحجاجي قبل الحجاب يترافق ب:

الاختيارات:
A. جحوظ
B. تحدد حركة العين
C. اضطراب التفاعل الحدقي
D. كل ما سبق خطأ
E. كل ما سبق صحيح",E,D
3415,"الشعرة Trichiasis:

الاختيارات:
A. هي الاتجاه الخلفي لبعض الأهداب عوضاً عن اتجاهها للأمام
B. هي التهاب حاد يصيب أشعار الأجفان
C. هي صف إضافي من الأهداب خلف غدد ميبوميان
D. هي تساقط الأهداب العفوي
E. هي التهاب حاد في غدد زايس",A,A
3416,"يتميز جفاف العين الناجم عن نقص إفراز الطبقة المخاطبة بما يلي عدا: f. يشاهد انقطاع سريع للفلم الدمعي

الاختيارات:
A. يحدث نتيجة تخريب الخلايا الكأسية
B. تعتبر متلازمة جوغرن من أهم أسبابه
C. يشاهد في الفقاع الكاذب
D. يبقى اختبار شيرمر طبيعياً
E. يشاهد انقطاع سريع للفلم الدمعي",E,B
3417,"في جروح القرنية.. كل ما يلي صح عدا:

الاختيارات:
A. قد تترك الصغيرة منها (1-2) ملم دون خياطة
B. تتراوح من صغيرة إلى ممتدة لتشمل الصلبة
C. إذا ترافق بتفتق قزحية ترح لمكانها أو نقطع الجزء المنفتق
D. تخاط بخيوط مجهرية
E. نقوم بتصنيع قرنية ثاقب إذا حصلت ندبة قرنية محيطية",E,E
3418,"يتغذى العصب البصري شريانياً من:

الاختيارات:
A. الشرايين الهدبية الخلفية القصيرة
B. الشرايين الهدبية الخلفية الطويلة
C. الشرايين الهدبية الأمامية
D. الشريان الشبكي المركزي
E. الإجابات a و d صحيحة",B,E
3419,"تشتق أقسام الجسم الهدبي التالية من الوريقة المتوسطة عدا:

الاختيارات:
A. الطبقة الظهارية الصباغية
B. المسافة فوق المشيمية
C. الطبقة العضلية
D. الصفيحة القاعدية (غشاء بروك)
E. الطبقة الوعائية",D,A
3420,"من الأسباب الشائعة لوذمة الأجفان ما يلي عدا:

الاختيارات:
A. رضوض الأجفان
B. القصور الكلوي
C. نار حالات تحسسية
D. التراخوما
E. السمع الحشرات",B,D
3421,"كل مما يلي من أسباب التهاب العنبة الأمامية ما عدا: #26#

الاختيارات:
A. التهاب القزحية والجسم الهدبي المتباين اللون لفوكس
B. التهاب القرنية والعنبة بحمة العقبولة
C. التهاب العنبة السلي
D. متلازمة رايتر
E. التهاب العنبة الناجم عن العدسة المزروعة داخل العين",D,C
3422,"يتميز الجحوظ الغدي في فرط نشاط الدرق بما يلي عدا:

الاختيارات:
A. يحدث بين العقدين الرابع والخامس
B. يصيب الذكور أكثر من الإناث
C. قد يكون أحادي الجانب
D. يكون الجحوظ محوريا عادة
E. يحدث في غياب المظاهر السريرية والمخبرية لفرط نشاط الدرق",E,B
3423,"فيما يخص الجدار العلوي للحجاج:

الاختيارات:
A. يسمى السقف
B. يفصل جوف الحجاج عن النص الجبهي للدماغ
C. يتألف من العظم الجبهي في الأمام والجناح الصغير للعظم الوتدي في الخلف
D. حفرة الغدة الدمعية تقع في القسم الأمامي الإنسي من هذا الجدار
E. يجاوره الجيب الجبهي",B,D
3424,"قد تؤدي رضوض العين الكليلة إلى كل ما يلي عدا:

الاختيارات:
A. التهاب القزحية والجسم الهدبي
B. عكر أو سوية دموية في البيت الأمامي
C. ساد رضي
D. خلع أو تحت خلع الجسم البلوري
E. لا يتأثر العصب البصري",E,E
3425,"في الجحوظ العيني ما عدا:

الاختيارات:
A. يقاس بمقياس هرتل
B. ويمكن قياسه بمسطرة مدرجة
C. قد يكون وحيد او ثنائي الجانبي
D. يكون محوري اذا كانت المقلة مركزية
E. يكون محوري اذا كانت المقلة مائلة",D,E
3426,"أي العبارات التالية التي تصف الشكل الجاف من التنكس الشيخي في البقعة الصفراء صحيحة:

الاختيارات:
A. سببه تجفاف في منطقة البقعة
B. يسمى شيخياً لأنه يشاهد فقط بعد الثمانين
C. لا تتأثر حدة الرؤية عادةً إذا لم يترافق بساد
D. تعتبر البراريق شكلاً سابقاً له
E. يبدي قمر العين أوعية مستحدثة تحت الشبكية",C,D
3427,"في الورم الكاذب للحجاج:

الاختيارات:
A. ثنائي الجانب عند الاطفال في ثلث الحالات
B. ثنائي الجانب عند الكبار دائما
C. يؤدي لزيادة حركة المقلة وهو شائع
D. المعالجة الشعاعية مجدية دائما
E. الخزعة غير ضرورية في الحالات المعندة",A,A
3428,"العرض الأكثر شيوعاً في الوذمة الركودية في العصب البصري: A+B (d A+C (e

الاختيارات:
A. تشوشات عابرة في الرؤية
B. الصداع
C. فقد موقت للرؤية
D. A+B
E. A+C",E,B
3429,"العدسة جنينيا:

الاختيارات:
A. تنشأ العدسة من الطبقة المتوسطة
B. تتغمد العدسة في الشهر الجنيني الثاني
C. ينفصل الحويصل في الشهر الجنيني الثالث
D. تتمايز في الشهر الجنيني السادس
E. تتمايز قبل الولادة",A,E
3430,"في رضوض العين الكليلة (اختر الصح):

الاختيارات:
A. لا نعطي شالات المط المطابقة
B. الستيروئيدات مضاد استطباب
C. موسعات الحدقة غير مفيدة
D. نلاحظ التهاب الجسم الهدبي والقزحية
E. كل ما سبق صح",E,D
3431,"تدعى الغدد الزيتية الموجودة في سماكة الرصغ والتي تنفتح على حافة الأهداب:

الاختيارات:
A. غدد مول
B. غدد ميبوميان
C. غدد زايس
D. غدد مول
E. غدد ولفرانج",B,B
3432,"استحالة العصب البصري لليبر:

الاختيارات:
A. هي ضمور ثانوي في العصب البصري
B. يرتبط بالصبغي X وبالتالي يصيب الإناث فقط
C. الضمور مترقي ويصيب الرؤية المركزية
D. الإجابة b, c
E. كل ما سبق",E,C
3433,"في التهاب القزحية كل مما يلي صحيح ما عدا:

الاختيارات:
A. ارتفاع ضغط العين في المرحلة الفعالة
B. صعوبة تصريف الخلط المائي
C. ضرورة استخدام الأتروبين
D. اختلاط التشخيص مع الزرق الحاد
E. العلاج متماثل في كلا الحالتين",C,E
3434,"يتألف الجدار السفلي للحجاج من كل مما يلي ما عدا:

الاختيارات:
A. عظم الفك العلوي
B. العظم الوجني
C. العظم الحنكي
D. العظم الغربالي",B,D
3435,"يتصف التهاب العصب البصري خلف المقلة بما يلي:

الاختيارات:
A. خال من العلامات
B. نقص الرؤية
C. عتمة مركزية
D. تضيق ساحة بصرية محيطي للأحمر والأخضر
E. كل ما سبق صحيح",E,E
3436,"يبدي تنكس الشبكية الصباغي المظاهر التالية عدا:

الاختيارات:
A. توضعات سباغية نجمية الشكل
B. نقص معمم في أقطار الشرايين
C. شحوب حليمة العصب البصري
D. عدم اتضاح حدود الحليمة
E. تغيرات شديدة في تخطيط الشبكية الكهربائي",C,D
3437,"كل ما يلي يصحح اللابؤرية المنتظمة عدا:

الاختيارات:
A. النظارات
B. العدسات اللاصقة
C. زرع القرنية
D. عدسات اسوانية
E. الاكسيمر ليزر",E,C
3438,"عند تشكل الساد الرضي:

الاختيارات:
A. يمر الخلط المائي إلى ألياف الجسم البلوري محدثاً كثافات بشكل ورقة.
B. يمر الخلط المائي إلى ألياف الجسم البلوري محدثاً كثافات بشكل وردة.
C. يمر الخلط الزجاجي إلى ألياف الجسم البلوري محدثاً كثافات بشكل ورقة.
D. يمر الخلط الزجاجي إلى ألياف الجسم البلوري محدثاً كثافات بشكل وردة.
E. لا شيء مما سبق.",C,B
3439,"تستخدم شالات العضلة الهدبية فيما يلى عدا:

الاختيارات:
A. فحص أسواء الانكسار
B. بعد جراحة الزرق
C. قرحات القرنية
D. التهاب العصب البصري",B,D
3440,"في العصب البصري كل مما يلي صحيح ما عدا:

الاختيارات:
A. يتكون من محاوير الخلايا العقدية في الشبكية
B. تتجمع في حليمة العصب البصري في حزم منفصلة
C. تمر عبر الصفيحة المصفوية من كرة العين
D. تمر ألياف العصب البصري الآتية من القسم الأنسي من الشبكية عبر الجزء الوحشي من حليمة العصب البصري
E. تمر الحزم الآتية من البقعة الصفراء عبر الحافة الصدغية للحليمة",D,D
3441,"أي العبارات التالية المتعلقة بالقرنية صحيحة:

الاختيارات:
A. تحدب الوجه الأمامي 12 مم
B. تتغذى خارجياً من أوعية الملتحمة
C. ينتهي تشكلها قبل الولادة مباشرة
D. تتغذى الطبقات الداخلية عبر الخلط المائي
E. تشكل القرنية سطحاً كروياً مثالثاً",C,D
3442,"قد تخفي جرحا صلبيا

الاختيارات:
A. جروح الجسم البلوري
B. جروح الصلبة
C. جروح القرنية
D. جروح الملتحمة",B,D
3443,"الطبقة المائية للدمع:

الاختيارات:
A. تكون الطبقة الخلفية للفيلم الدمعي
B. تكون الطبقة الوسطى لفيلم الدمع
C. تكون الطبقة الأمامية لفيلم الدمع
D. تفرز من غدد مانز في الملتحمة
E. تفرز من غدد هنلة في الملتحمة",B,B
3444,"يتميز الحول الكامن بأنه:

الاختيارات:
A. أكثر كثر أنواع الحول شيوعاً
B. يظهر عند تعطل الدمج
C. قد يترافق بألم خلف المقلة
D. كل ما سبق صحيح
E. كل ما سبق خطأ",D,D
3445,"في الحجاج ماعدا:

الاختيارات:
A. له أربعة جدارن
B. الجدار العلوي يفصل الحجاج عن الفص الجبهي للدماغ
C. الجدار السفلي يشكل سقف الجيب الفكي
D. الجدار الأنسي رقيق جدا ومثقب ويجاور الخلايا الغربالية والجيب الوتدي
E. الجدار الخلفي عميق ويشكل نقطة محورية للجحوظ المستقيم",B,E
3446,"في اعتلال العصب البصري الإقفاري، كل مما يلي صحيح ما عدا:

الاختيارات:
A. يحدث لدى المرضى بعمر 45- 65 سنة
B. يتميز ببدء مترقي
C. يظهر لدى مرضى ارتفاع الضغط
D. يرتبط بالتهاب الش ا ريين كالتهاب الشريان الصدغي
E. تظهر عتمة نصفية علوية أو سفلية",D,B
3447,"أي مما يلي تستبعد إصابته في الجحوظ الورمي (الصحيحة):

الاختيارات:
A. العصب البصري
B. العصب الثالث
C. العصب السادس
D. العصب العاشر
E. كل ما سبق لا يصاب",E,D
3448,"إن أحد الموجودات التالية في اعتلال الشبكية السكري يؤدي إلى اعتباره ما قبل تكاثري

الاختيارات:
A. وجود أمهات ثم دقيقة
B. وجود بقع ندف القطن
C. وجود نزوف تمشية ضمن الشبكية
D. وجود نوع على القزحية
E. وجود وذمة في للطخة",C,B
3449,"العصب الذي يصاب في متلازمة قاع الحجاج هو :

الاختيارات:
A. العصب العيني
B. العصب الوجهي
C. العصب الفكي العلوي
D. العصب الدمعي
E. العصب المحرك العيني",D,C
3450,"في بقاء الغشاء الحدقي:

الاختيارات:
A. ينجم عن بقاء جزء من الغمد الوعائي الخلفي
B. تشاهد بقاياه بشكل خيوط دقيقة تمتد عبر الحدقة
C. تتميز عن الالتصاقات الخلفية الالتهابية بأنها تبدأ من الوجه الأمامي للقزحية إلى المحيط
D. الغشاء الحدقي الجنيني يتألف من أوعية دموية وخلايا صباغية
E. الخلايا الصباغية قطرها 5-6 ملم و هي لا تؤثر في القدرة البصرية",A,A
3451,"يتميز الزرق الأولي مفتوح الزاوية بما يلي عدا:

الاختيارات:
A. أكثر أنواع الزرق شيوعاً
B. يزداد حدوثه بتقدم العمر
C. تطوره بطيء مترق
D. أحادي الجانب غالباً
E. يوجد له استعداد وراثي",D,D
3452,"يتصف العصب البصري بما يلي:

الاختيارات:
A. كون من ألياف العصي والمخاريط في الشبكية
B. تكون الألياف العصبية فيه معراة من غمد النخاعين
C. يحاط بالسحايا
D. جزئه داخل الحجاج هو أقصر أج ا زئه
E. كل ما ذكر صحيح",E,C
3453,"يتصف التهاب العصب البصري الكاذب الإجابة الصحيحة:

الاختيارات:
A. الأجسام الهيالينية على الحليمة
B. اقفار في حليمه العصب البصري
C. الوذمة الركودية في العصب البصري
D. كل ما سبق صحيح
E. كل ما سبق خطأ",D,A
3454,"من العوامل المؤهبة للزرق البدني المغلق الزاوية:

الاختيارات:
A. البلورة الأمامي تسبياً
B. الغرفة الأمامية الضحلة
C. اقتراب القزحية المحيطية من القرنية
D. كل ما ورد صحيح
E. كل ما ورد خطأ",D,D
3455,"الأمراض العينية التي تترافق بالزرق المزمن البسيطة:

الاختيارات:
A. مد البصر
B. التهاب الشبكية الصباغي
C. الساد
D. التصلب المنتشر
E. ضمور الشبكية والمشيمية",B,E
3456,"تتميز القرنية المخروطية بما يلي عدا:

الاختيارات:
A. استحالة وراثية
B. ثنائية الجانب غالباً
C. تظهر الأعراض عادة في سن البلوغ
D. تؤدي إلى حرج بصر
E. تؤدي إلى مد بصر",D,E
3457,"أي العلامات التالية أكثر أهمية في تمييز التهاب حليمة العصب البصري عن وذمة العصب البصري:

الاختيارات:
A. التدني الحاد السريع في حدة الرؤية
B. شدة الانتفاخ في الحليمة
C. وجود النزوف حول الحليمة
D. وجود النزوف حول الحليمة
E. وجود اضطراب في الساحة البصرية
F. كون الحالة ثنائية الجانب",C,A
3458,"كل ما يلي صحيح عن الجحوظ الدرقي السليم ما عدا :

الاختيارات:
A. يترافق بانكماش الجفن أو الجفنين العلويين
B. يترافق بانتفاخ الجفن أو الجفنين السفليين
C. يترافق بامتلاء الثلم تحت الجفن
D. يترافق أحيانا بالشفع
E. غير قابل للرد",B,E
3459,"في انسداد الوريد الشبكي المركزي كل ما يل يصح ما عدا:

الاختيارات:
A. تشاهد نزوف واسعة لهبية
B. يستطب إجراء الأرغون ليزر
C. وذمة عصب بصري
D. نشوء أوعية حديثة في القزحية
E. يحدث في سياق التهاب قزحية وجسم هدبي حاد",C,E
3460,"يعالج انفصال الشبكية بجميع الطرق التالية عدا:

الاختيارات:
A. بتطبيق الليزر أرغون على الشبكية المنفصلة
B. بتطويق الصلبة بشرط سيليكون بعد الثقوب
C. يقطع الزجاجي وحقن غاز داخل العين
D. بقطع الزجاجي وحقن زيت السيليكون داخل العين
E. بحقن غاز داخل العين دون قطع الزجاجي",A,A
3461,"الشطور:

الاختيارات:
A. شائع بعد من ال 40
B. يظهر عند تعطل الدمج
C. تحتاج إلى علاج جراحي
D. كل ما سبق صح
E. كل ما سبق خطأ",D,B
3462,"في التهاب المشيمية النضحي (النتحي) نجد ما يلي ما عدا:

الاختيارات:
A. تبدو البقعة الالتهابية الحديثة بمستوى أعمق من الأوعية الشبكية
B. ما يميزه هو تخرب غشاء بروك في المراحل الباكرة للمرض
C. توضع الإصابة في المحيط فلما يترافق مع أعراض تذكر
D. في إصابة القطب الخلفي يشكو المريض من تشوه الأشكال
E. الشبكية متغيمة وكثافات منتشرة في الزجاجي",C,B
3463,"قياس ضغط العين (ما عدا):

الاختيارات:
A. التحري الإصبعي
B. طريقة شيوتز
C. جهاز ماكلاكوف
D. جهاز غولدمان
E. جهاز ماكاي",B,E
3464,"أورام الأجفان الصفراء:

الاختيارات:
A. هي عبارة عن توضعات من الكوليسترول في الأدمة
B. تترافق عادة مع ارتفاع كوليسترول الدم
C. يستطب استئصال الأورام الصفراء عند الحوامل نظراً لاحتمال تسرطنها
D. كل ما ذكر صحيح
E. كل ما ذكر خطأ",A,E
3465,"أحد المواد التالية لا يسبب التهاب العصب البصري:

الاختيارات:
A. الديجتال
B. التريديون
C. التبغ
D. الأسبرين
E. الستربتومايسين",D,D
3466,"كل ما يلي صحيح عن العصب البصري ما عدا:

الاختيارات:
A. هو العصب القحفي الثاني
B. يتكون من محاوير خلايا مولر في الشبكية
C. S يأخذ شكل حرف S في الحجاج
D. يتعرض للانضغاط عند مروره عبر الصفيحة المثقبة
E. يتعرض للإنتانات من الخلايا الغربالية في التهاب الجيوب",B,B
3467,"في جروح العين النافذة: )اختر الخاطئة( )السليمة(.

الاختيارات:
A. تحدث عند إصابة العين بأدوات حادة.
B. تخرب هذه الأجسام أنسجة العين بشكل غير مباشر.
C. قد تسبب التهاب باطن العين القيحي.
D. قد يحدث التهاب العين الودي في العين الأخرى
E. قد تحدث عند إصابة العين بالأجسام الأجنبية المتطايرة.",B,B
3468,"تصنف التهابات العنبة وفقاً للعامل المسبب إلى: (الخاطئة) #15#

الاختيارات:
A. إنتانات خارجية المنشأ
B. إنتانات داخلية المنشأ
C. التهابات تحسسية
D. التهابات حبيبومية
E. التهابات ثانوية المنشأ",C,D
3469,"كل ما يلي من أع ا رض التهاب حليمة العصب البصري ما عدا:

الاختيارات:
A. نقص طفيف في الرؤيا
B. ألم عند تحريك المقلة
C. اضطراب في تمييز الألوان
D. عتامة مركزية
E. تضيق الساحة البصرية",B,A
3470,"كل مما يلي صحيح عن الجحوظ الغدي لفرط نشاط الدرق ما عدا:

الاختيارات:
A. صيب الذكور أكثر من الإناث بنسبة 5 إلى 4
B. يحدث نتيجة اضطراب مناعي ذاتي
C. غالبا ثنائي الجانب ومحوري
D. يحدث عادة في العقدين الرابع والخامس
E. في حوالي 10-20% من الحالات يحدث الاعتلال العيني الدرقي رغم غياب المظاهر السريرية والكيميائية والحيوية لفرط الدرق",E,A
3471,"تكون الصورة السريرية في رضوض العين الكليلة: )اختر الخاطئة (

الاختيارات:
A. يكون البيت الأمامي رائق
B. التهاب القزحية والجسم الهدبي
C. نقبض رضي في الحدقة مترافق تشنج مطابق
D. قد تظهر نزوف في المشيمية
E. قد يحدث انفكاك لجذر القزحية",A,A
3472,"يتميز التهاب ما فوق الصلبة بما يلي عدا:

الاختيارات:
A. يحدث كارتكاس البرجائي لنيفانات داخلية
B. وجود عقيدة
C. يوجد تبيغ في الأوعية العميقة
D. الملتحمة متحركة فوق العقيدة
E. يمكن أن يؤدي إلى حدوث العنبة الصلبة",B,E
3473,"فيما يتعلق بالتهاب الملتحمة اختر العبارة الصحيحة:

الاختيارات:
A. تشيع الضخامة العقدية أمام الأذن في التهاب الملتحمة الجرثومي
B. من الشائع أن يترافق التهاب الملتحمة التحسسي بمفرزات قيحية
C. قد تأخذ التهابات الملتحمة الجرثومية الشكل المزمن
D. يرجع السياق الوبائي كون التهاب الملتحمة جرثومي وليس فيروسي
E. كل ما سبق خاطئ",C,C
3474,"في الورم الوعائي المشيمي (الخاطئة)

الاختيارات:
A. يتوضع في القطب الخلفي للعين
B. يحتاج لعلاج دائما
C. يكون بشكل قرصي أو قبة
D. من الممكن أن يترافق مع انفصال شبكية
E. كل ما سبق صحيح",E,B
3475,"كل ما يلي فيما يتعلق باعتلال الشبكية في الداء السكري صح ما عدا:

الاختيارات:
A. يعتمد على مدة الإصابة بالسكري
B. يعتمد على شدة الإصابة بالسكري
C. يزداد في السكر غير المضبوط
D. علاجه بالليزر
E. قد يؤدي إلى نزف زجاجي مفاجئ",D,B
3476,"الحول المتقارب تعريفا هو الحالة التي:

الاختيارات:
A. لا يتلاقى فيها المحوران البصريان عند الجسم المنظور
B. يتلاقى فيها المحوران البصريان في نقطة تقع أمام الجسم المنظور
C. يتلاقى فيها المحوران البصريان في نقطة تقع خلف الجسم المنظور
D. يتلاقي فيها محورا الرؤية في نقطة تقع أمام الجسم المنظور
E. يتلاقى فيها محورا الرؤية في نقطة تقع خلف الجسم المنظور",A,D
3477,"الأسباب المؤدية لحدوث الزرق الولادي (ما عدا):

الاختيارات:
A. بقاء الطبقة الجنينية الوسطى في زاوية البيت الأمامي
B. الارتكاز الغير طبيعي للعضلة الهدبية في منطقة الجويئز
C. أورام الجذع العصبي
D. صابة الأم ال الحامل بالحصبة الألمانية
E. تناذر ستيرج ويبر",D,D
3478,"فيما يتعلق بالرمد الربيعي فإن إحدى العبارات التالية خاطئة:

الاختيارات:
A. يحدث في فصلي الربيع والصيف غالباً
B. ثنائي الجانب غالباً
C. يصيب الأطفال واليافعين عادةً
D. كثيراً ما نعثر على شكايات عائلية مشابهة
E. يلعب ال IgA دوراً في حدوثه",E,E
3479,"بمقارنة الإنذار لكل من الحروق الكيميائية والحروق الحرارية:

الاختيارات:
A. لحروق الكيميائية أفضل إنذاراً من الحروق الحرارية.
B. الحروق الحرارية أفضل إنذاراً من الحروق الكيميائية.
C. لكلا النوعين الإنذار نفسه.
D. لا توجد دراسات كافية بعد.
E. لا شيء مما سبق.",B,B
3480,"كل ما يلي صحيح عن الخوص ما عدا :

الاختيارات:
A. هو غؤور المقلة
B. غالبا ثنائي الجانب
C. يمكن أن يكون ولادي
D. يمكن أن يكون رضي
E. يمكن أن يكون شللي",C,B
3481,"في سحجات القرنية كل ما يلي صحيح عدا:

الاختيارات:
A. من رضوض العين اللا نافذة
B. تترافق مع خوف من الضياء
C. تترافق مع دماع
D. غير مؤلمة شديد
E. تسبب الشعور بوجود جسم أجنبي",C,D
3482,"في التهاب العين الودي: (اختر الإجابة الخاطئة)

الاختيارات:
A. قد تصاب العين الشديدة بالتهاب عنبة شديد.
B. التهاب العين الودي مرض مناعي ذاتي.
C. تلعب خلايا العنبة دور المستضدات.
D. تنتقل الأضداد المتولدة مع الجريان الدموي إلى العين السليمة.
E. ينتج عن التفاعل المناعي التهاب عنبة غير حبيبي.",E,E
3483,"إن ظهور الساد بشكل مبكر قبل سن الخمسين يجب أن يدعونا إلى التفتيش عن وجود ما يلي عدا:

الاختيارات:
A. الداء السكري
B. ارتفاع التوتر الشرياني
C. التعرض لعوامل فيزيائية كالأشعة تحت الحمراء أو فوق البنفسجية أو السينية
D. الاستخدام الموضعي لبعض الأدوية مثل الكورتيزونا
E. التناول الجهازي لبعض الأدوية مثل الكورتيزون",C,B
3484,"من اختلاطات مد البصر ما يلي عدا:

الاختيارات:
A. زرق مفتوح الزاوية
B. غمش (كسل وظيفي)
C. وذمة كاذبة في حليمة العصب البصري
D. حول أنسي
E. زرق مغلق الزاوية",E,A
3485,"يبلغ طول العصب البصري وسطيا:

الاختيارات:
A. 45 mm
B. 25 mm
C. 35 mm
D. 30 mm
E. كل ما سبق خاطئ",D,A
3486,"يتميز انسداد القناة الدمعية الأنفية عند الأطفال ب:

الاختيارات:
A. سببه غالباً انسداد عظمي في القناة الدمعية الأنفية
B. يشاهد عند 1-2% من حديثي الولادة
C. يبقى دون تظاهرات سريرية ويكشف عادة عفوياً بالفحص الروتيني
D. يعالج بالمفاغرة الجراحية بين كيس الدمع والأنف إذا لم يتم الانفتاح العفوي بعد سن الستة أشهر
E. ليس للمعالجة المحافظة دور",C,B
3487,"في التهاب الملتحمة والقرنية النفاطي ما يلي صحيح ما عدا:

الاختيارات:
A. تتشكل عقيدة جيلاتينية في مركز القرنية
B. المناعة من النوع الرابع
C. تحاط الآفة بارتشاح خلوي واحتقان
D. قد يكون سبب الآفة تحسسي للسل TB
E. قد يكون سبب الآفة تحسسي لذيفان العنقوديات Staphylococus",D,A
3488,"ينجم قصور البصر أساساً عن:

الاختيارات:
A. نقص تقلص العضلة الهدبية نتيجة تصلبها مع العمر
B. تنكس ألياف النطيقة مع العمر وفشلها في نقل عمل العضلة الهدبية إلى العدسة
C. زيادة سماكة عدسة العين مع العمر
D. زيادة تصلب عدسة العين مع العمر ومقاومتها لتغيير شكلها
E. لا شيء مما ذكر",D,D
3489,"في التهاب العنبة بالتوكسوبلاسموز عند الوليد:

الاختيارات:
A. تكون حالة الوليد جيدة
B. لا تترك عقابيل في حال بقي الوليد على قيد الحياة
C. تترك الإصابة ندبة ناقصة التصبغ
D. إصابة الشبكية لا تكون واضحة لوضع التشخيص
E. كل ما سبق خطأ",C,E
3490,"يمر من الشق الحجابي العلوي ما يني عدا:

الاختيارات:
A. أعصاب ودية
B. العصب الرابع
C. العصب الحسي لمثلث التوائم
D. العصب السادس
E. العصب البكري الاشتياقي",C,A
3491,"يحدث فيض الدمع Epiphora بسبب:

الاختيارات:
A. زيادة إفراز الدمع الأساسي
B. تخريش الملتحمة
C. نقص إفراز أساسي مع زيادة إفراز انعكاسي
D. نقص في التصريف
E. لا شيء مما ذكر",D,D
3492,"العدسة:

الاختيارات:
A. الدرز الأمامي له شكل y مقلوب
B. تشكل 25٪ من قوة انكسار العين
C. يزداد تحديها مع تقدم العمر
D. تزداد شفافية النواة مع تقدم العمر مما يؤدي إلى قدرة المريض على الرؤية القريبة
E. كل ما سبق صحيح",E,B
3493,"الجدار العلوي للحجاج:

الاختيارات:
A. يتشكل من العظم الجبهي
B. يتشكل من العظم الجبهي والجناح الصغير للعظم الوتدي
C. تأنيه يؤدي إلى جحوظ غير نابض
D. هو أرق وأضعف جدران الحجاج
E. معرض للرضوض أكثر من باقي الجدران",B,B
3494,"في الجسم الهدبي (الخاطئة)

الاختيارات:
A. من وظائف الجسم الهدبية المطابقة
B. من وظائف الجسم الهدبي إفراز الخلط المائي
C. التعصيب الحركي للعضلة الهدبية يأتي من العصب الثالث
D. يتعصب الجسم الهدبي حركياً من العصب مثلث التوائم الفرع العيني
E. يشكل الجسم الهدبي القسم المتوسط للعنبة",B,D
3495,"يمكن أن ينجم التهاب الملتحمة النزفي عن الإصابة بما يلي: 1 2 3 4 5 6 7 8 E D D C C D D D #2#

الاختيارات:
A. Haemophilus
B. فيروس الحلأ البسيط
C. فيروس كوكساكي
D. a + c
E. كل ما ذكر",E,D
3496,"جميع العلامات التالية ذات أهمية في توجيه التشخيص نحو كسر قاع الحجاج عدا:

الاختيارات:
A. الفرقعة الغازية في الجفن السفلي
B. التكدم الشديد في الجفن السفلي
C. غؤور العين وهبوطها للأسفل
D. الخدر في الوجنة والجفن السفلي
E. التحدد المؤلم في رفع العين",E,B
3497,"جروح القرنية: )اختر الصحيحة(

الاختيارات:
A. تصنف على أنها من جروح العين النافذة
B. تتراوح من صغيرة إلى ممتدة.
C. تترك الصغيرة دون خياطة.
D. في حال كان الجرح كبيراً وجبت خياطته.
E. كل ما سبق صحيح.",E,E
3498,"يشبع تحت خلع العدسة في الحالات التالية عدا:

الاختيارات:
A. الرضوض
B. تناذر مارفان
C. تناذر ماركيزاتي
D. الحسر الشديد
E. الزرق الولادي",D,E
3499,"إذا ترافق بتفتق تقطع الأنسجة المتفتقة:

الاختيارات:
A. جروح الجسم البلوري.
B. جروح الصلبة.
C. جروح القرنية.
D. جروح الملتحمة.
E. لا شيء مما سبق.",C,B
3500,"كل ما يلي يستخدم في تدبير التهاب القرنية الحلأي ما عدا:

الاختيارات:
A. الأسيكلوفير
B. الإيودوكسيوريدين
C. الكورتيكوستيروئيدات
D. موسعات الحدقة في حال ترافقه بالتهاب قزحية
E. صادات في حال الإنتان الثانوي",B,C
3501,"في التهاب العنبة بالتوكسوبلاسموز:

الاختيارات:
A. يمكن أن يترافق بإصابة في أي نسيج في الجسم
B. يصيب الشبكية والمشيمية
C. ينتقل إلى الجنين من أمه عبر المشيمية
D. آفات العين ثنائية الجانب
E. كل ما سبق صح",E,E
3502,"في الضمور البدني البسيط للعصب البصري كل ما يلي صحيح ما عدا:

الاختيارات:
A. عتمة مركزية للون الأبيض
B. يكون ثنائي الجانب عادة
C. عدم تفاعل الحدقتين وشكلهما الغير منتظم مميز للمرض
D. الإنذار سيء وينتهي المرض بالعمى
E. انخفاض القدرة البصرية",D,A
3503,"في متلازمة المخروط خلف المقلة كل ما يلي صحيح ما عدا:

الاختيارات:
A. تحدث في الأورام التي تقع ضمن المخروط العضلي
B. تؤدي إلى جحوظ محوري
C. تؤدي إلى حدوث اضطرابات حركية وألم
D. يشاهد وذمة حليمة العصب البصري
E. يشاهد تثنيات شبكية في القطب الخلفي حول اللطخة الصفراء",E,C
3504,"تقع حفيرة البكرة في الجدار العلوي للحجاج في قسمه :

الاختيارات:
A. الأمامي الوحشي
B. الأمامي الأنسي
C. الخلفي الوحشي
D. الخلفي الأنسي
E. لا تفع في الجدار العلوي",B,B
3505,"جميع العبارات التالية المتعلقة بالبردة صحيحة عدا:

الاختيارات:
A. هي التهاب حبيبي مزمن في غدد ميبوميان
B. لا تترافق بألم
C. تنمو ببطء
D. تلتصق بالجلد عادة
E. كل ما سبق صحيح",A,D
3506,"بخصوص الجسم الهدبي (الخاطئة)

الاختيارات:
A. يشكل القسم الأمامي من العنبة
B. يرتكز في الأمام إلى مهماز الصلبة
C. تقع حدوده الخلفية عند الحاشية المشرشرة للشبكية
D. يتألف من قسم مشتق من الوريقة المتوسطة وقسم شبكي
E. يشكل الجسم الهدبي حلقة مغلقة عرضها 8 ملم",D,A
3507,"في علاج التهاب الهلل الجرثومي ما عدا:

الاختيارات:
A. حالة إسعافيه تتطلب استشفاء
B. قد يحدث التهاب سحايا ودماغ والتهاب في الجيب الكهفي
C. يجب تقييم حالة العصب البصري كل 4 ساعات
D. حاجة للجراحة في حالات انخفاض حدة البصر أو الخراجات",B,D
3508,"تتصف العضلة الهدبية بأنها تضم:

الاختيارات:
A. اليافا شعاعية
B. اليافا طولانية
C. اليافا دائرية
D. B+c
E. A+b+c",E,E
3509,"كل مما يلي من أسباب شفوفية القرنية ما عدا :

الاختيارات:
A. توازي ألياف نسيجها الخاص
B. انتظام ألياف نسيجها الخاص
C. رقة الأ وعية الدموية فيها
D. الإماهة
E. عدم وجود الأوعية",D,C
3510,"يتظاهر اعتلال الشبكية المصلي المركزي بما يلي عدا:

الاختيارات:
A. نقص حدة رؤية
B. حسر بصر مكتسب
C. تغير في حجم المرئيات
D. تشوه المرئيات
E. اضطراب في الرؤية الملونة",B,B
3511,"يحدث تحدد حركات بسبب

الاختيارات:
A. خزل العضلات بسبب النزف والوذمة
B. كسر الجدار السفلي أو الأنسي مع انحباس العضلة
C. النزف
D. بسبب ناسور سباتي كهفي
E. بسبب مرور الهواء من الأنف للحجاج",B,A
3512,"رضوض وجروح العين اللا نافذة تقسم إلى ما يلي ما عدا:

الاختيارات:
A. تسحجات
B. رض ضوئي
C. أجسام أجنبية خارج العين
D. رضوض كليلة
E. كل ما سبق عدا واحدة",E,B
3513,"كل الحالات التالية تعتبر مؤهبة لحدوث انفصال الشبكية التمزقي ""البدني"" عدا:

الاختيارات:
A. حسر البصر
B. اللاعنسية
C. الاستحالات الشبكية المحيطية
D. تميع وانفصال الزجاجي الخلفي
E. اعتلال البقعة الشيخي",B,E
3514,"بقاء غمد النخاعين في حيلمة العصب البصري:

الاختيارات:
A. قد يسبب العمى
B. لا يمتد للشبكية
C. لا يؤثر في القدرة البصرية
D. لا يؤدي الى اتساع البقعة العمياء
E. كل ما سبق خطأ",A,C
3515,"يتميز فوق المآق بما يلي:

الاختيارات:
A. يترافق مع حول وحشي كاذب
B. يكثر في العرق الأسود
C. غالباً ما يحتاج لتداخل جراحي لإصلاحه
D. يترافق مع نقس تطور جذر الأنف
E. كل ما سبق خطأ",C,D
3516,"في فحص رؤية الألوان كل مما يلي صح عدا:

الاختيارات:
A. يتم باستخدام أحجار ولوحات أطلس ايشيهارا
B. يعتمد الفحص على التدرج اللوني
C. أن إصابة المحور أزرق - أصفر على المخطط يدل على وجود إصابة في العصب البصري
D. يسمى هذا الفحص بفحص فارنسورث Farnsworth
E. كل ما سبق صح",C,C
3517,"حلقة كايسر – فليشر Kaiser Fleicher في القرنية:

الاختيارات:
A. توجد في القسم المركزي للقرنية
B. تتكون من ترسبات الحديد
C. لونها فضي غامق
D. تؤثر بشدة على القدرة البصرية
E. محيطية ولا تؤثر على القدرة البصرية",E,E
3518,"في اعتلال الشبكية بارتفاع التوتر الشرياني نشاهد ما يلي عدا:

الاختيارات:
A. نزوف لهبية
B. علامة حبة الكرز
C. انتفاخ رأس العصب البصري
D. عدم انتظام اقطار الشرايين
E. نزوف بقعية",D,B
3519,"تشكل القرنية من سطح غلاف كرة العين الليفي :

الاختيارات:
A. النصف الأمامي
B. الثلث الأمامي
C. الربع الأمامي
D. الخمس الأمامي
E. السدس الأمامي",B,E
3520,"الساد الرضي (اختر الخطأ):

الاختيارات:
A. من أسبابه رضوض العين الكليلة
B. يحدث نتيجة خلل في نفوذية المحفظة الخلفية
C. في تنظير قعر العين يظهر بشكل وردة
D. لكنه لا يتطور نحو ساد تام
E. فقط d+b",E,D
3521,"جحوظ نابض

الاختيارات:
A. خزل العضلات بسبب النزف والوذمة
B. كسر الجدار السفلي أو الأنسي مع انحباس العضلة
C. النزف
D. بسبب ناسور سباتي كهفي
E. بسبب مرور الهواء من الأنف للحجاج",B,D
3522,"في الحول الشللي الولادي يحدث لدى الطفل:

الاختيارات:
A. حول متناوب
B. رؤية مزدوجة
C. كسل وظيفي
D. كل ما سبق خطا
E. كل ما سبق صحيح",E,C
3523,"تعد الحالات التالية استطبابات للمعالجة الجراحية للظفرة عدا:

الاختيارات:
A. إذا أدت إلى حرج بصر كبير
B. إذا كانت تسب شكاية جمالية
C. إذا كانت صدفية رقيقة خوفاً من التنكس الورمي الخبيث
D. إذا أدت إلى تحدد في حركات العين
E. إذا كانت تطورية واقتربت من الحدقة",D,C
3524,"في الحروق الكيماوية كل ما يلي صحيح ما عدا:

الاختيارات:
A. تؤدي الحوامض إلى تنخر خثري
B. تنقذ المواد القلوية إلى البيت الأمامي
C. تؤدي إلى احتقان في الملتحمة مع قضاء الملتحمة وكثافات قرنية
D. كل ما ورد صح
E. كل ما ورد خطأ",E,E
3525,"يتظاهر التهاب العنبة الخلفي بما يلي:

الاختيارات:
A. أحد أشكاله التهاب العنبة السلي
B. عادة لا يسبب نقص رؤية
C. العين بيضاء سليمة
D. لا تعالج بموسعات الحدقة
E. كل ما سبق صحيح",E,A
3526,"في الجحوظ الغازي: (الخاطئة)

الاختيارات:
A. يحدث نتيجة كسر في الحجاج الانسي
B. يكون الجحوظ في البدء معتدلا
C. يحتاج لعلاج جراحي سريع
D. يزداد الجحوظ الغازي اذا اكثر المريض من اخراج الهواء من الانف
E. انتباج الجفن يعطي جسها شعورا بالفرقعة الثلجية",D,C
3527,"أي العبارات التالية التي تصف الزرق غير صحيحة:

الاختيارات:
A. الزرق الحاد هو ارتفاع في ضغط العين فوق 22 مم زئبق
B. الزرق مغلق الزاوية يشير إلى تماس القزحية المحيطية مع القرنية
C. الزرق الحاد هو ارتفاع كبير وسريع في الضغط داخل العين
D. ينجم الرزق مغلق الزاوية غالباً عن الحصار الحدقي
E. لا تتأثر حدة الرؤية إلا في المراحل المتأخرة من الزرق مفتوح الزاوية",A,A
3528,"من الآثار الجانبية لقطرة التيمولول:

الاختيارات:
A. تصبغ الملتحمة
B. تباطؤ القلب
C. تشنج قصبي
D. B+C
E. تشنج المطابقة",D,D
3529,"الساد الولادي التام ثنائي الجانب يؤدي إلى:

الاختيارات:
A. رأرأة
B. حول فقط
C. غمش (كسل وظيفي) فق
D. حول مع غمش
E. كل ما سبق صحيح",E,A
3530,"يتميز التهاب الجسم الهدبي الحاد بما يلي ما عدا:

الاختيارات:
A. تمتلئ الغرفة الخلفية بالنتحة الالتهابية
B. ترسبات على اندوتليوم القرنية مثلثية الشكل
C. زيادة إفراز الخلط المائي
D. يمكن أن يحدث انفصال الشبكية
E. يمكن أن يتشكل خلف العدسة غشاء هدبي",D,C
3531,"أكثر تنكسات القرنية شيوعا هو :

الاختيارات:
A. القرنية العرطلة
B. القوس الشيخية
C. القرنية المخروطية
D. حثل الاندوتيليوم الوراثي
E. تصلب القرنية",C,B
3532,"كل مما يلي من أسباب التهاب العنبة الأمامية ما عدا:

الاختيارات:
A. التهاب القزحية والجسم الهدبي مجهول السبب
B. التهاب المفاصل الرثواني الشبابي
C. التهاب الفقار الرثياني
D. الابيضاض الدموي واللمفوما
E. الإفرنجي",E,D
3533,"كل ما يلي صحيح في التهاب العنبة الحبيبومي ما عدا:

الاختيارات:
A. يمكن أن يصيب أي قسم في العنبة وبشكل خاص المشيمية
B. تجلى بارتشاح التهابي عقيدي من خلايا نظيرة البشرة وخلايا عرطلة ولمفاويات محيطية التوضع
C. يحدث بشكل خاص بعد غزو النسيج بالعامل الممرض الفعال
D. ناجم عن فرط التحسس للنسج المناعية الذاتية",D,D
3534,"يخاط بخيوط مجهرية:

الاختيارات:
A. جروح الجسم البلوري.
B. جروح الصلبة.
C. جروح القرنية.
D. جروح الملتحمة.
E. لا شيء مما سبق.",C,C
3535,"إصابة العصب التالي يسبب التهاب القرنية التغذوي العصبي :

الاختيارات:
A. العصب الثالث
B. العصب الرابع
C. العصب الخامس
D. العصب السادس
E. العصب السابع",C,C
3536,"تعصيب القزحية:

الاختيارات:
A. حسي: من الأعصاب الهدبية الطويلة
B. نظير ودي: من الأعصاب الهدبية القصيرة
C. ودي
D. كل ما ورد صحيح
E. كل ما ورد خطأ",D,C
3537,"أكثر الجراثيم التالية مصادفة في التهاب الملتحمة الجرثومي:

الاختيارات:
A. المكورات العنقودية المذهبة
B. المكورات العنقودية البيضاء
C. عصيات Morax - Axenfield
D. المستديمات النزلية
E. الوتديات غير الخناقية",C,A
3538,"ما يدعى Recidivational Erosion هي سحجة قرنية:

الاختيارات:
A. سهلة العلاج
B. سريعة الالتئام
C. تصيب الظهارية فقط
D. معاودة (متكررة)
E. لا تتلون بالفلوريسين",D,D
3539,"في الساد المكتسب تحت المحفظة الخلفية:

الاختيارات:
A. تنقص حدة الرؤية ببطء
B. تنقص حدة الرؤية بسرعة
C. لا تتأثر حدة الرؤية
D. كل ما سبق صحيح
E. كل ما سبق خطأ",A,B
3540,"من صفات القرحة في التهاب القرنية الجرثومي ما يلي ما عدا:

الاختيارات:
A. شكل مدور أو بيضوي
B. حواف منتظمة
C. يتوضع الجرثوم في حوافها
D. تتوضع في مركز القرنية
E. قد تتوضع في المحيط",B,B
3541,"من علامات التهاب حليمة العصب البصري ما يلي عدا:

الاختيارات:
A. نقص شديد في حدة الرؤية
B. عتمة مركزية
C. تضيق في الساحة البصرية
D. اضطراب الرؤية الملونة
E. اتضاح حدود الحليمة",E,E
3542,"يتميز التهاب القزحية والجسم الهدبي المزمن كل ما يلي صحيح ما عدا:

الاختيارات:
A. الألم خفيف أو غائب
B. يترافق السير المزمن مع هجمات اشتدادية
C. قد تكون الخلايا في البيت الأمامي هي العلامة الوحيدة على الفعالية
D. تشيع الترسبات خلف القرنية
E. لا بد من وجود التصاقات حتى نصف الحالة بالإزمان",B,E
3543,"فيما يخص المهق Albinism ما يلي صحيح عدا:

الاختيارات:
A. يخص العين فقط
B. وراثي
C. تفصل بين أوعية قعر العين مساحات بيضاء
D. المريض لديه رأرأة وخوف من الضياء
E. تدني القدرة البصرية",A,A
3544,"يجاور الصلبة من الأمام:

الاختيارات:
A. القرنية
B. القزحية
C. الملتحمة
D. عضلات العين الخارجية
E. كل ماسبق الخطأ",C,C
3545,"في التهاب القزحية والجسم الهدبي:

الاختيارات:
A. لا يعتبر الألم عرضاً بارزاً
B. يعتبر توهج الخلط المائي علامة وصفية
C. الترسبات خلف القرنية هي عبارة عن نتحة بروتينية مع خلايا التهابية
D. وجود السوية القيحية دليل على المنشأ الإنتاني
E. كل ما ذكر صحيح",E,C
3546,"التبدلات العينية في الجحوظ الغدي: (الصحيحة)

الاختيارات:
A. ضخامة في العضلات الخارجية للمقلة
B. ارتشاح في النسيج الشحمي والضام
C. يرتفع الضغط داخل الحجاج
D. كل ما سبق صحيح
E. كل ما سبق خاطئ",D,B
3547,"التهاب العين الودي من علاماته المبكرة اختر الخطأ:

الاختيارات:
A. خوف من الضياء
B. نقص مطابقة
C. ألم عند جس المنطقة الهدبية
D. خلايا التهابية في البيت الأمامي
E. انخفاض ضغط العين",E,E
3548,"كل ما يلي صحيح عن العصب البصري ما عدا:

الاختيارات:
A. هو العصب القحفي الثاني
B. يتكون من محاوير خلايا مولر في الشبكية
C. يأخذ شكل حرف في الحجاج
D. يتعرض للانضغاط عند مروره عبر الصفيحة المثقبة
E. يتعرض للإنتانات من الخلايا الغربالية في التهاب الجيوب",B,B
3549,"تعتبر ظاهرة ماركوس عن:

الاختيارات:
A. إطراق الجفن عند فتح الفم
B. إطراق عضلي
C. شتر خارجي شللي
D. الإجابتان a وb صحيحة
E. الإجابتان a وc صحيحة",D,C
3550,"يستخرج الجسم الاجنبي عبر الطريق الامامي توضعه في: اختر الخطأ

الاختيارات:
A. البيت الأمامي
B. البيت الخلفي
C. الجسم البلوري
D. القسم الامامي من الشبكية
E. يتم بإجراء شق عند اللم",D,D
3551,"يشكو المريض في التهاب القزحية الحاد من:

الاختيارات:
A. ألم في العين
B. ألم في الجبهة
C. ألم في فروة ال أ رس
D. A + b
E. A + b + c",E,E
3552,"في الإصابات الشديدة للرض الضوئي قد نشاهد ثقبة في: )اختر الصحيحة(

الاختيارات:
A. القرنية.
B. الجسم البلوري.
C. البقعة الصفراء.
D. النقطة العمياء.
E. كل ما سبق صحيح.",E,C
3553,"في الجحوظ الغدي بفرط نشاط الدرق (الخاطئة)

الاختيارات:
A. يحدث في العقدين الرابع والخامس
B. يصيب الذكور أكثر من الاناث
C. الاصابة تكون نوعية ناجمة عن اضطراب منيع الذات
D. تكون الأضداد (IGg) مسؤولة عن التبدلات العينية
E. تكون الاصابة ثنائية الجانب ومحوريا",C,D
3554,"جميع العبارات التالية المتعلقة بظهارية القرنية صحيحة عدا:

الاختيارات:
A. تتألف من 5 - 6 طبقات من الخلايا الشائكة المتقرنة
B. تشكل حاجزا أمام دخول الجراثيم
C. تشكل حاجزاً انتقائياً أمام عبور الأدوية
D. تؤمن الأكسجين للقرنية من الهواء الخارجي
E. تغطى بطبقة من المخاط تساعد على تثبيت الفلم الدمعي",D,A
3555,"فيما يخص المشيمية كل ما يلي صحيح ما عدا:

الاختيارات:
A. تشكل القسم الأمامي للعنبة
B. تبلغ سماكتها 0.2-0.4 ملم
C. تتألف من خمس طبقات
D. تقوم بتغذية الطبقات المحيطية للشبكية
E. تتصل مع الصلبة فقط حول العصب البصري",E,A
3556,"إحدى العبارات المتعلقة بالخلايا المستقبلية للضوء خاطئة:

الاختيارات:
A. المخاريط مسؤولة عن الرؤية في النور القوي
B. تنعدم العصيات في الحفيرة
C. المخاريط مسؤولة عن رؤية الألوان
D. العصيات مسؤولة عن الرؤية في الضوء
E. المخاريط أكثر عدداً من العصيات",E,E
3557,"تشاهد الرؤية المزدوجة الأحادية الجانب في:

الاختيارات:
A. الحول الشللي
B. تحت خلع العدسة
C. الحول التوافقي
D. التهاب القزحية والجسم الهدبي
E. انفصال شبكية",D,B
3558,"ما يلي يفيد في تشخيص الجحوظ :

الاختيارات:
A. قصة سريرية واضحة ودقيقة
B. الأشعة السينية مع حقن الأوعية الظليلة
C. التصوير الطبقي المحوري
D. الرنين المغناطيسي
E. كل ما سبق صحيح",E,E
3559,"يتصف التهاب القرنية بالعقبول البسيط بكل ما يلي ما عدا:

الاختيارات:
A. يلي أمراضا مضعفة للمناعة
B. وحيد الجانب غالبا
C. يترافق بنقص حس القرنية
D. سرعة الشفاء
E. الميل للنكس",E,D
3560,"في التهاب العصب البصري الإقفاري، كل مما يلي صحيح ما عدا:

الاختيارات:
A. يحدث لدى المرضى بعمر 45-65 سنة
B. يتميز ببدء مترقي
C. يظهر لدى مرضى ارتفاع الضغط
D. يرتبط بالتهاب الشرايين كالتهاب الشريان الصدغي
E. تظهر عتمة نصفية علوية أو سفلية",D,B
3561,"إحدى العلامات التالية توجه التشخيص نحو قرحة القرنية المسببة بالحلأ البسيط:

الاختيارات:
A. وجود مفرزات قيحية تغطي سطح القرحة
B. نقص الحس القرني المرافق
C. وجود تقيح مرافق في البيت الأمامي
D. عدم الاستجابة على المعالجة بالصادات
E. إزمان القرحة",A,A
3562,"أهم ثلاثة عوامل ممرضة مسبية لالتهاب القرنية الجرثومي هي ما يلي: Pseudomonas. d الهيموفيلس E.Coli Pseudomonas. e العنقوديات الهيموفيلس

الاختيارات:
A. العنقوديات المكورات الرئوية الزوائف Pseudomonas
B. المكورات الرئوية Pseudomonas العصيات الكولونية E. Coli
C. Coli المكورات الرئوية، الهيموفيلس
D. Pseudomonas الهيموفيلس E.Coli
E. Pseudomonas العنقوديات الهيموفيلس",E,A
3563,"كل ما يلي صحيح عن الجحوظ ما عدا :

الاختيارات:
A. هو بروز العين إلى الأمام
B. يقاس الجحوظ بمقياس هرتل
C. قد يكون وحيد الجانب
D. قد يكون ثنائي الجانب
E. يكون كاذب في حال نتج عن نزوف الحجاج",E,E
3564,"اختر الإجابة الصحيحة فيما يلي:

الاختيارات:
A. الأحولال: توازن المحاور البصرية بدون جهد
B. المحور البصري يصل اللطخة الصفراء بمركز القرنية والجسم المرئي
C. زاوية كابا: موجبة حين يكون منعكس هيرشبرغ إلى الوحشي قليلاً من مركز الحدقة
D. تساهم المستقيمة العلوية في الدوران الخارجي Extorsion
E. العمل الأولي للمنحرفتين هو الدوران",B,E
3565,"من اختلاطات استعمال العدسات اللاصقة كل ما يلي عدا:

الاختيارات:
A. التهاب ملتحمة تحسسي
B. التهاب ملتحمة وقرنية لمي علوي
C. التهاب قرنية نقطي سطحي
D. قرحات قرنية
E. التهاب ملتحمة جرابي ضخامی",E,A
3566,"ليس من أعراض وعلامات التهاب العنبة القيحي (الصحيحة) #17#

الاختيارات:
A. ارتفاع الحرارة
B. ارتفاع توتر العين وكبر حجمها في الحالات الشديدة
C. وذمة شديدة واحمرار في الأجفان
D. احتقان هدبي وملتحمي شديدين
E. تخرب الزوائد الهدبية في الحالات الشديدة",A,B
3567,"من مضادات استطباب الكورتيكوستيروئيدات:

الاختيارات:
A. التهاب القرنية النفاطي.
B. التهاب القرنية الخلالي الزهري.
C. التهاب حليمة العصب البصري
D. القرحة القرنية العقبولية.
E. جميع ما سبق صحيح",E,D
3568,"إن ظهور الساد في عين واحدة فقط مع بقاء العدسة الأخرى شفافة تماماً يجب أن يدعو لاستقصاء ما يلي عدا:

الاختيارات:
A. السوابق الرضية على العين المصابة
B. وجود سوابق التهابية في تلك العين
C. وجود إصابة ورمية في تلك العين
D. متلازمة تغاير الصباغ لفوكس
E. السوابق الوراثية",C,E
3569,"من أسباب ارتفاع التوتر داخل القحف ما يلي عدا:

الاختيارات:
A. أورام الدماغ
B. التهاب السحايا
C. رضوض الجمجمة
D. أمهات الدم الدماغية
E. كل ما سبق خطأ",E,E
3570,"قد تخفي جرحاً صلبياً:

الاختيارات:
A. جروح الجسم البلوري.
B. جروح الصلبة.
C. جروح القرنية.
D. جروح الملتحمة.
E. لا شيء مما سبق.",B,D
3571,"يتظاهر التهاب حليمة العصب البصري الحاد بالأعراض والعلامات التالية عدا:

الاختيارات:
A. انخفاض حدة الرؤية
B. اضطراب في الرؤية الملونة يصيب المحور أحمر / أخضر
C. عتمة مركزية أو عيوب قطاعية في الساحة البصرية
D. ضعف تفاعل الحدقة للضوء إذا سلط على العين المصابة وتفاعلها الجيد إذا سل على العين الأخرى
E. الغثيان والإقباء",E,B
3572,"كل ما يلي من مكونات زاوية البيت الأمامي للعين عدا:

الاختيارات:
A. الخلط الزجاجي
B. الجسم الهدبي
C. الجويئز
D. قناة شيلم
E. المهماز الصلبي",E,A
3573,"إن التهاب القرنية التغصني هو نوع من التهاب القرنية :

الاختيارات:
A. الحلأي
B. الأرجي
C. الجرثومي
D. الفطري
E. التعرضي",C,A
3574,"في ارتجاج الشبكية أو وذمة برلين كل ما يلي صحيح ما عدا:

الاختيارات:
A. تنتشر في القطب الخلفي
B. تكون الشبكية بيضاء رمادية
C. تكون الحفرة المركزية حمراء كرزية
D. تترافق بتشوش وتدي الرؤية
E. كل ما ورد خطأ",E,E
3575,"التهاب الصلبة وتينون يعتبر من :

الاختيارات:
A. التهاب الصلبة الأمامي.
B. التهاب الصلبة الخلفي
C. التهاب ما حول الصلبة أمامي
D. التهاب ما حول الصلبة الخلفي
E. كل ماسبق خطأ",C,B
3576,"أي العبارات التالية التي تصف اعتلال الشبكية السكري صحيحة:

الاختيارات:
A. قد يتسبب في انفصال الشبكية الشدي
B. النتحات اللينة هي توضعات من الكوليسترول
C. تعتبر أمهات الدم الدقيقة من العلامات على الدخول في المرحلة التكاثرية
D. لا تنخفض حدة الرؤية في النمط غير التكاثري
E. كل ما سبق صحيح",E,A
3577,"فيما يتعلق بالجدار السفلي للحجاج كل ما يلي صحيح ما عدا:

الاختيارات:
A. يسمى قاع الحجاج
B. يحوي الشق الحجابي العلوي
C. يشكل كل سقف الجيب الفكي
D. يتألف من العظم الوجني والحنكي والفكي العلوي
E. كل ورد صبح",B,B
3578,"تشاهد حلقة كاي زر- فليشر عند المرضى المصابين ب :

الاختيارات:
A. الزهري
B. الإيدز
C. داء ويلسون
D. عوز فيتامين A
E. الحلأ النطاقي",B,C
3579,"كل مما يلي من أسباب التهاب العنبة الأمامية ما عدا:

الاختيارات:
A. التهاب القزحية والجسم الهدبي الرضي
B. اعتلال المشيمية الزاحف
C. الالتهاب المعوي
D. الهجمة الزرقية الهدبية
E. التهاب القزحية والجسم الهدبي السلي",B,B
3580,"يتألف القسم الأمامي للقزحية من:

الاختيارات:
A. الطبقة المحددة الخارجية و اللحمة
B. العضلة الموسعة للحدقة
C. العضلة المقبضة للحدقة
D. الطبقة الصباغية
E. الطبقة المحددة الداخلية",A,A
3581,"كل ما يلي يمر من الثقبة البصرية ما عدا: #3#

الاختيارات:
A. العصب البصري
B. الشريان والوريد العيني
C. فروع ودية من الضفيرة السباتية
D. الشريان تحت الحجاج",D,D
3582,"كل ما يلي عن الجحوظ الغازي صحيح ما عدا:

الاختيارات:
A. هو دخول الهواء إلى الحجاج اتياً من الأنف
B. يكون تدريجيا مع انتباج في الاجفان مع جس فرقعة
C. يزداد اذا أكثر المريض من إخراج الهواء من الأنف بعنف
D. يمتص الهواء المندخل في الحجاج تلقائياً ولا يحتاج لاي علاج",C,E
3583,"أحد الحالات التالية لا يسبب ابدأ تدني في حدة البصر:

الاختيارات:
A. التهاب الهلل ما قبل الحاجز
B. التهاب هلل الحجاج الجرثومي
C. الورم الكاذب في الحجاج
D. الجحوظ الدرقي الخبيث",C,A
3584,"في الحالات المعندة وغير المستجيبة للعلاج في الورم الكاذب للحجاج يجب:

الاختيارات:
A. الاستمرار في استخدام الصادات
B. اللجوء للجراحة فورا
C. الاستمرار في المراقبة
D. يجب اخذ خزعة من الورم",C,D
3585,"في الناسور بين الشريان السباتي والجيب الكهفي ما عدا:

الاختيارات:
A. يكون الجحوظ نابض مجسوس
B. هناك انتباج في الاجفان
C. لإصغاء الحجاج والحفرة الصدغية يمكن سماع نفخة
D. لا يؤدي لنتائج خطيرة ابدا",C,D
3586,"إن إصابة الشعبة العينية من العصب الخامس في متلازمة الشق الحجاجي العلوي تؤدي إلى:

الاختيارات:
A. فقد حس الملتحمة والقرنية
B. شلل حركي تام للعين
C. جحوظ مقلة
D. حول انسي",A,A
3587,"الاضطراب الذي لا يسبب الم في افات الحجاج التالية:

الاختيارات:
A. الجحوظ الرضي
B. التهاب هلل الحجاج الجرثومي
C. التهاب هلل ما قبل الحاجز
D. متلازمة خلف المقلة",A,D
3588,"الورم الكاذب للحجاج ما عدا: امراض العصب البصري

الاختيارات:
A. يحدث بين ال 20-50 سنة من العمر
B. غالباً ثنائي الجانب عند الكبار
C. غالباً ثنائي الجانب عند الاطفال
D. قد تسبب إصابات في حدة البصر وتليف في أنسجة الحجاج",D,B
3589,"من أسباب التهاب العصب خلف المقلة كل ما يلي صحيح ما عدا:

الاختيارات:
A. تصلب متعدد
B. انسمامات كحولية وتبغية
C. التهاب الجيوب الأنفية و أمراض الحمات الراشحة الرضوض
D. البراريق",D,D
3590,"تشمل تبدلات وظيفة العين في التهاب العصب خلف المقلة اختر الإجابة الصحيحة:

الاختيارات:
A. انخفاض القدرة الابصارية
B. العتمة المركزية
C. تضيق الساحة البصرية المحيطية خاصة الأحمر والأخضر
D. كل ما سبق صحيح",D,D
3591,"في علاج التهاب حليمة العصب البصري: اختر الإجابة الصحيحة: #12#

الاختيارات:
A. لا نعطي مضادات حساسية
B. فيتامينات (e-c-b1)
C. مرشفات الوذمة
D. كورتيكوستيرونيدات موضعيا",D,C
3592,"التهاب العصب البصري خلف المقلة كل ما يلي صحيح ما عدا:

الاختيارات:
A. يحدث في التصلب المتعدد
B. شائع عند صغار السن
C. الحليمة شاحبة مع تضيق أوعيتها
D. يحدث في سياق الانسمامات العامة",B,B
3593,"التهاب العصب البصري خلف المقلة: اختر الإجابة الصحيحة:

الاختيارات:
A. يعتمد التشخيص بشكل ثانوي على تبدلات وظيفة العين
B. لا تتراجع القدرة البصرية
C. تضيق الساحة البصرية للعين
D. لا تتأثر مشاهدة الألوان",C,C
3594,"الوذمة الركودية في العصب البصري كل ما يلي صحيح ما عدا:

الاختيارات:
A. أعراض قليلة أو معدومة
B. قد نلاحظ تشوشات عابرة في الرؤيا
C. الصداع غير شائع
D. فقد رؤيا مؤقت",C,D
3595,"الوذمة الركودية في العصب البصري كل ما يلي صحيح ما عدا:

الاختيارات:
A. لون الحليمة رمادي زهري
B. يصعب التفريق بينها وبين التهاب الحليمة
C. غالبا وحيد الجانب
D. نقص رؤيا متأخر",D,C
3596,"في التهاب العصب البصري الاقفاري اختر الإجابة الصحيحة:

الاختيارات:
A. يحدث لدى المرضى بين 25-35
B. يتميز بالبدء المفاجئ
C. نادرا ما يظهر عند المصابين بارتفاع التوتر الشرياني
D. لا تتأثر القدرة البصرية بشكل ملحوظ",B,B
3597,"مريض عمره 65 سنة لديه فقد رؤية في النصف العلوي من الساحة البصرية البدء مفاجئ التشخيص الأقرب:

الاختيارات:
A. ضمور عصب بصري
B. خثرة الوريد الشبكي المركزي
C. التهاب العصب البصري الاقفاري
D. التهاب العصب البصري خلف المقلة",A,C
3598,"يحدث ضمور العصب البصري بسبب: كل ما يلي ما عدا

الاختيارات:
A. التهاب ، وذمة ، انضغاط
B. في كثير من الأحيان بسبب إصابة الجملة العصبية المركزية
C. التهاب الصلبة
D. انسمام بالكحول",B,C
3599,"في ضمور حليمة العصب البصري يحدث: كل ما يلي ما عدا:

الاختيارات:
A. شحوب حليمة العصب البصري
B. تضيق أوعية شديد
C. عندما يصل إلى ذروته تصبح الحليمة بيضاء
D. يكثر عدد الأوعية الدقيقة",D,D
3600,"في ضمور العصب البصري كل ما يلي صحيح ما عدا: #14#

الاختيارات:
A. إصابة حزم ألياف العصب البصري الواردة من البقعة الصفراء تظهر شحوب خفيف في الجانب الصدغي من العصب
B. القدرة البصرية تتأثر في كل حالات ضمور العصب البصري
C. فحص الساحة البصرية يقدم عونا كبيرا في التشخيص
D. تظهر بعض الصعوبات في تشخيص ضمور العصب البصري بمراحله الباكرة",B,B
3601,"في الضمور البدني البسيط للعصب البصري كل ما يلي صحيح ما عدا:

الاختيارات:
A. يشاهد بكثرة في الزهري
B. يترافق بتضيق الساحة البصرية خاصة للونين الأحمر والأخضر
C. انخفاض القدرة البصرية
D. يشاهد عند المرضى في أواسط العمر",A,D
3602,"البراريق (الأجسام الهيالينية على حليمة العصب البصري): اختر الإجابة الصحيحة:

الاختيارات:
A. بسبب التبدلات التنكسية في ألياف العصب البصري السطحية
B. تغطي الأجسام الهيالينية أوعية الحليمة
C. تكون الحليمة متسعة اللمعة ومتعرجة
D. تظهر النزوف على حليمة العصب البصري",B,A
3603,"في الورم الدبقي: (دبقوم العصب البصري) كل ما يلي صحيح ما عدا: #15#

الاختيارات:
A. تنمو ببطء حتى تصبح بحجم الجوزة أو البيضة
B. تخترق غلاف العصب البصري السحائي وتعطي انتقالات
C. تمتد موضعيا حتى تصل إلى التصالب البصري
D. يمكن أن تؤدي إلى العمى وحتى الموت",C,B
3604,"في الورم الدبقي (دبقوم العصب البصري): كل ما يلي صحيح ما عدا:

الاختيارات:
A. ينمو على حساب الجزء الديقي من نسيج العصب البصري
B. تشبه الأورام الدبقية الدماغية من حيث مظهرها
C. يمتد أن يمتد الورم إلى العصب البصري المقابل
D. يظهر الورم غالبا عند الكبار رغم أنه يمكن أن يصيب الأطفال",C,D
3605,"في الورم الدبقي: (دبقوم العصب البصري): اختر الإجابة الصحيحة:

الاختيارات:
A. لا تلاحظ وذمة ركودية في العصب البصري
B. تكون الآفة وحيدة الجانب
C. يكون الإنذار سيئا عند الأطفال وحسنا عند الشباب
D. العلاج دوائي محافظ",B,B
3606,"في الورم السحائي كل ما يلي صحيح ما عدا:

الاختيارات:
A. يتطور على حساب النسيج البشروي بين الأم الجافية والحنون
B. ورم سليم
C. يمكن للورم أن يمتد إلى جذع العصب البصري
D. لا يمكن أن يمتد خارج العصب في الحجاج",D,D
3607,"في تأثير الأذية الكليلة على ضغط العين يحدث زرق رضي بسبب (اختر الخطأ):

الاختيارات:
A. توسع وعائي
B. التهاب قزحية وجسم هدبي
C. انسداد زاوية البيت الخلفي للعين
D. نزف المقلة",C,C
3608,"في تأثير الأذية الكليلة لضغط العين يحدث ما يلي: (اختر الخطأ):

الاختيارات:
A. زرق رضي بسبب نزف المقلة
B. انخفاض ضغط العين بسبب تمزق المقلة
C. زرق رضي بسبب خلع الجسم البلوري
D. انخفاض ضغط العين بسبب نزف المقلة",D,D
3609,"في تأثير الأذية الكليلة على الخلط الزجاجي: (اختر الخطأ):

الاختيارات:
A. تميع
B. كثافات صباغية
C. نزف في الخلط الزجاجي
D. تكلسات",B,D
3610,"في تأثير الأذية الكليلة على المشيمة: (اختر الخطأ):

الاختيارات:
A. نزوف منتشرة
B. تؤدي النزوف لبقع ضمور في المشيمة والشبكية
C. تمزقات بيضاء مصفرة
D. تكون التمزقات عمودية على الحافة الصدغية لحليمة العصب البصري",D,D
3611,"في تأثير الأذية على الشبكية: (اختر الخطأ): #18#

الاختيارات:
A. انفكاك عند الدائرة المنشارية
B. هذا الانفكاك يسبب انفصال شبكية شدي
C. نزوف واستحالات
D. تمزقات مؤدية لنزف شديد",D,B
3612,"في تأثير الأذية الكليلة على العصب البصري: (اختر الخطأ)

الاختيارات:
A. تكون شائعة في كسور قاعدة الجمجمة
B. يحدث وذمة + نزف
C. من الشائع انقلاع العصب بسبب طلق ناري
D. يحدث تمزق المقلة في مكان ضعيف مثل اللم حول العصب البصري",C,C
3613,"آلية الجروح النافذة بأداة حادة: (اختر الخطأ) اختر من العمود أ ما يناسبه من العمود ب: أ

الاختيارات:
A. تخريب مباشر للأنسجة العينية
B. تسبب التهاب باطن العين القيحي
C. التهاب عين ودي في العين المصابة
D. التهاب عين ودي في العين الأخرى (السليمة)",D,C
3614,"تترك الصغيرة منها (1-2) ملم دون خياطة إذا كان البيت الأمامي متشكلا

الاختيارات:
A. جروح الجسم البلوري
B. جروح الصلبة
C. جروح القرنية
D. جروح الملتحمة",C,C
3615,"تسبب أحيانا زرقا أو التهاب عنبة ثانوي

الاختيارات:
A. جروح الجسم البلوري
B. جروح الصلبة
C. جروح القرنية
D. جروح الملتحمة",D,A
3616,"إذا ترافق بتفتق قزحية تعاد القزحية لمكانها أو يقطع الجزء المنفتق

الاختيارات:
A. جروح الجسم البلوري
B. جروح الصلبة
C. جروح القرنية
D. جروح الملتحمة",B,C
3617,"تدبير الرضوض بالحروق الكيميائية ""اختر الخطأ"" #22#

الاختيارات:
A. غسل العين مكان الحادث لوقت طويل
B. بعد الغسل بالمصل الفزيولوجي تقبض الحدقة
C. تعطى الصادات
D. إعطاء مثبطات انزيم الحال للكولاجين",D,B
3618,"في مراحل الحروق الكيميائية "" اختر الخطأ ""

الاختيارات:
A. في مرحلة النتح يحدث نقص حساسية
B. في مرحلة نقص التروية الشامل تصبح القرنية بيضاء
C. يحدث احتقان في الملتحمة في مرحلة الالتهاب البسيط
D. يحدث كثافات في القرنية في مرحلة النتح",D,D
3619,"فيما يخص المشيمية كل ما يلي صحيح ما عدا: تتصل مع الصلبة فقط حول العصب البصري

الاختيارات:
A. تشكل القسم الأمامي للعنبة
B. تبلغ سماكتها 0.2-0.4 ملم
C. تتألف من خمس طبقات
D. تقوم بتغذية الطبقات المحيطية للشبكية",C,A
3620,"ما يلي صحيح بالنسبة لالتهاب المشيمية النضحي (النتحي): #28#

الاختيارات:
A. في حال توضع الإصابة في القطب الخلفي يمكن أن تبدو الأشكال أصغر أو أكبر من حجمها الطبيعي
B. حال توضع الإصابة في القطب الخلفي قلما يترافق مع أعراض تذكر
C. في حال توضع الإصابة في المحيط يشكو المريض من تشوه الأشكال
D. يتخرب غشاء بروك في المراحل الباكرة للمرض في إصابة القطب الخلفي تكون المنطقة الملتهبة منخفضة قليلاً",A,A
3621,"في التهاب المشيمية المجاور لحليمة العصب البصري:

الاختيارات:
A. يحدث عند الكهول بشكل أساسي
B. تكون النتيجة أكبر بكثير من حجم حليمة العصب البصري
C. يخمد الالتهاب دون أن يترك أي أثر
D. قد يتكرر الالتهاب إذا لم يعالج العامل المسبب",D,D
3622,"عند فحص قعر العين تكون الرؤية مكبرة وغير مجسمة باستخدام: (اختر الإجابة الصحيحة)

الاختيارات:
A. منظار قعر العين غير المباشرة
B. منظار قعر العين المباشر
C. المصباح الشقي
D. كل مما سبق خطأ",B,B
3623,"في فحص قعر العين باستخدام المنظار المباشر: (اختر الإجابة الصحيحة)

الاختيارات:
A. يستخدم الفاحص عينيه الاثنين
B. الصورة تكون مقلوبة وصغيرة نسبيا
C. الصورة تكون مكبرة ولكن غير مجسمة
D. الصورة تكون مكبرة ومجسمة",D,C
3624,"في فحص قعر العين باستخدام المنظار غير المباشر: (اختر الاجابة الصحيحة)

الاختيارات:
A. يستخدم الفاحص عينيه الاثنين
B. يستخدم الفاحص عين واحدة
C. تكون رؤية الفاحص للقعر مكبرة وغير مجسمة
D. كل مما سبق صحيح",D,A
3625,"في فحص قعر العين بالمنظار غير المباشر: (اختر الاجابة الخاطئة)

الاختيارات:
A. الصورة تكون مقلوبة
B. الصورة تكون صغيرة نسبيا
C. يستخدم الفاحص عينيه الاثنين
D. رؤية الفاحص للقعر تكون مكبرة وغير مجسمة",C,D
3626,"في فحص قعر العين بالمصباح الشقي: اختر الاجابة الخاطئة #34#

الاختيارات:
A. يفحص الجسم الزجاجي باستخدام عدسات خاصة ملامسة للقرنية مثل فولك
B. يستخدم المصباح لتحديد عمق آفة ما في القرنية
C. يستخدم المصباح لقياس ضغط العين
D. يستخدم المصباح لقياس عمق الغرفة الامامية للعين",C,A
3627,"في فحص الجسم الزجاجي باستخدام المصباح الشقي: (اختر الاجابة الخاطئة)

الاختيارات:
A. تستخدم عدسات خاصة توضع على القرنية مثل العدسات مثلثة المرايا
B. تستخدم عدسات توضع امام القرنية مثل عدسة فولك
C. يعطي الجهاز رؤية مجسمة ومكبرة للقسم الامامي للعين
D. يعطي الجهاز رؤية مكبرة ومجسمة للقسم الخلفي للعين",D,C
3628,"في فحص العين بالمصباح الشقي: اختر الخطأ

الاختيارات:
A. في فحص الجسم الزجاجي نستخدم عدسة خاصة تلامس القرنية مثل عدسة فولك
B. في فحص الجسم الزجاجي المستخدم عدسة خاصة توضع على القرنية مثل مثلثة المرايا
C. يمكننا الجهاز من تحديد موقع آفة ما في القرنية
D. يستخدم الجهاز لقياس ضغط العين بإضافة جهاز آخر",D,A
3629,"في قياس ضغط العين باستخدام المصباح الشقي: (اختر الاجابة الصحيحة)

الاختيارات:
A. تسمى الطريقة Applanation
B. يستخدم بوضع مادة الفلوريستين
C. يقدر ضغط العين ب ملم زئبقي
D. كل مما سبق صح",D,D
3630,"في فحص ملحقات العين: (اختر الاجابة الصحيحة)

الاختيارات:
A. يتم فحص الملتحمة الجفنية العلوية في نهاية الفحص
B. يتم فحص الملتحمة الجفنية العلوية في بداية الفحص
C. يتم فحص الملتحمة العلوية بطلب من المريض النظر للأعلى
D. كل مما سبق صحيح",B,A
3631,"في فحص ملحقات العين: اختر الاجابة الصحيحة

الاختيارات:
A. فحص الملتحمة العلوية هو فحص مزعج
B. فحص الملتحمة العلوية يتم بطلب من المريض النظر للأعلى
C. فحص الملتحمة العلوية يتم في بداية الفحص
D. كل مما سبق صحيح",B,A
3632,"في فحص ملحقات العين: اختر الاجابة الصحيحة

الاختيارات:
A. يتم فحص كل من الطرق الدمعية وقلم الدمع
B. فحص الملتحمة العلوية يتم بطلب من المريض النظر للأسفل
C. فحص الملتحمة السفلية يتم بطلب من المريض النظر للأعلى
D. كل مما سبق صح",D,D
3633,"أي العلامات التالية أكثر أهمية في تمييز التهاب حليمة العصب البصري عن وذمة العصب البصري:

الاختيارات:
A. التدني الحاد السريع في حدة الرؤية
B. شدة الانتفاخ في الحليمة
C. وجود النزف حول الحليمة
D. وجود اضط ا رب في الساحة البصرية
E. كون الحالة ثنائية الجانب",C,A
3634,". أي العبا ا رت التالية المتعلقة بتشريح القزحية صحيحة: من الجسم pars plana الاملس الهدبي

الاختيارات:
A. ترتكز حافتها المحيطية على القسم
B. يغطي سطحها الامامي بطبقة ظهارية مصطبغة
C. وجهها الخلفي اسود عند جميع الناس
D. تحتوي على شبكة الترييق
E. وجهها الامامي املس",A,C
3635,"يحدث في التهاب القرنية والجسم الهدبي الناجم عن الداء السكري: أسئلة الرضوض )بنك أسئلة (

الاختيارات:
A. احتقان هدبي شديد
B. وذمة في الأجفان والقرنية
C. توعي القزحية
D. نزيف في الغرفة الامامية
E. كل ما ورد صح",E,E
3636,"يبلغ طول العصب البصري وسطياً: 25 ملم( 35 ملم ( 45 ملم( 55 ملم

الاختيارات:
A. 25 مم
B. 35 مم
C. 45 مم
D. 55 مم
E. كل ما سبق خاطئ",C,C
3637,"عند تنظير قعر العين عند مريض لديه وذمة ركودية في العصب البصري ، قد نشاهد كل مما يلي ما عدا : #4#

الاختيارات:
A. توذم الحليمة
B. تبارز الحليمة للأمام
C. تعرج وتوسع الشريايين
D. انحناء الأوعية فوق الحليمة
E. لون الحليمة رمادي إلى زهري",E,C
3638,"عند تنظيرك لقعر العين لدى مريض، وجدت لديه ازدياد في حجم الحليمة وامحاء لحوافها، تستطيع التمييز بين أنواع وذمات حليمة العصب البصري عن طريق كل مما يلي ما عدا:

الاختيارات:
A. في الوذمة الالتهابية يكون نقص الرؤية سريع الظهور
B. في الوذمة الالتهابية تكون غالباً ثنائية الجانب
C. في الوذمة الركودية نقص الرؤية يظهر متأخراً بعد ضمور العصب البصري
D. في الوذمة الركودية تكون غالباً ثنائية الجانب
E. في التهاب العصب البصري الاقفاري تكون الوذمة أحادية الجانب",D,B
3639,"لدى تنظير قعر العين في ضمور العصب البصري ، قد نشاهد كل ما يلي ما عدا:

الاختيارات:
A. توسع الأوعية
B. شحوب حليمة العصب البصري
C. عند ذروة الضمور تصبح الحليمة بيضاء مائلة للرمادي
D. ويقل فيها عدد الأوعية الدقيقة
E. لا شيء مما سبق",D,A
3640,"في تنظير قعر العين في دبقوم العصب البصري كل مما يلي صحيح ما عدا:

الاختيارات:
A. تظهر وذمة ركودية في العصب البصري
B. قد يظهر ضمور في العصب البصري
C. التغيرات وحيدة الجانب
D. الإنذار جيد عند الأطفال
E. الإنذار جيد عند الشباب",C,E
3641,"من العلامات والأعراض التي ممكن أن تحدث بسبب إصابة الأعصاب في الجحوظ الورمي (الصحيحة):

الاختيارات:
A. شفع
B. فقد حس
C. فقد رؤية
D. تحدد في حركات المقلة
E. كل ما سبق صحيح",E,E
3642,"العلامات التي تدل على استحالة الوحمة إلى ورم قيتاميني خبيث (الصحيحة) #19# E B D C B C B B D A C C الإجابة

الاختيارات:
A. رؤية شرر ضوئي
B. ارتفاع الآفة بشكل كروي
C. تبدلات في الابتيليوم الصباغي على سطح الآفة
D. تشكل انفصال شبكية
E. كل ما سبق صحيح",E,E
3643,"كل ما يلي صحيح عن حثل الاندوثيليوم الوراثي الولادي في القرنية ما عدا :

الاختيارات:
A. القرنية بيضاء مزرقة
B. حالة إحادية الجانب
C. الوراثة جسدية
D. تترافق بوذمة في القرنية
E. تترافق برأرأرة أحيانا",C,B
3644,"ظهور تقبب على شكل حويصل أسود في قعر القرحة القرنية الجرثومية يدل على :

الاختيارات:
A. بداية ظهور القرحة
B. مرحلة شفاء القرحة
C. غزاراة الجراثيم في القرحة
D. تقبب غشاء ديسميه وخطر انثقابه
E. ليس له أي دلالة",D,D
3645,"فيما يخص التهاب العصب البصري بتأثير المواد السامة كل ما يلي صح عدا :

الاختيارات:
A. قد يحدث بسبب بعض المواد كالديجيتال و السلفوناميدات
B. تنخفض القدرة الابصارية بشدة وبسرعة
C. حليمة العصب البصري مفرطة التبيغ وقد تحدث وذمة فيها
D. العلاج هو إيقاف تناول هذه المواد و إعطاء الكوتيكوستيروئيدات
E. الإنذار جيد بعد إيقاف هذه المواد حتى في الحالات الشديدة",E,E
3646,"كل ما يلي صحيح عن الجحوظ الغدي في فرط نشاط الدرق ما عدا :

الاختيارات:
A. يحدث عادة بين العقدين الرابع والخامس
B. يصيب الذكور أكثر من الإناث
C. يكون عادة ثنائي الجانب
D. يحدث فيه ضخامة في العضلات الخارجية للمقلة
E. له شكلان سليم وخبيث",D,B
3647,"تترك الصغيرة منها ) 1 - 2 ( ملم دون خياطة إذا كان البيت الأمامي متشكلا :

الاختيارات:
A. جروح الجسم البلوري.
B. جروح الصلبة.
C. جروح القرنية.
D. جروح الملتحمة.
E. لا شيء مما سبق.",C,C
3648,"كل ما يلي صحيح عن استطبابات تداخل جراحي عند مرضى التهاب الهلل الجاج الجرثومي ما عدا:

الاختيارات:
A. في حال عدم الاستجابة للصادات
B. تدني الرؤية
C. وجود خراج مرافق
D. كل ما سبق صح
E. كل ما سبق خطأ",D,D
3649,"يستخدم في تشخيص آفات العين ما عدا: MRI .B x-ray .D مع حقن وتعد وسائل قديمة

الاختيارات:
A. Ct
B. MRI
C. Echo
D. x-ray
E. اختبار العكوسية",B,E
3650,"في القسم الأمامي من العصب البصري داخل الحجاج التوضع الألياف الآتية من الأقسام المحيطية من الشبكية: اختر الإجابة الصحيحة

الاختيارات:
A. مركز الحزمة الآتية من البقعة الصفراء
B. أنسي الحزمة الآتية من البقعة الصفراء
C. وحشي الحزمة الآتية من البقعة الصفراء
D. أعلى وأسفل الحزمة الآتية من ا البقعة الصفراء
E. كل ما سبق خطأ",C,D
3651,"في القسم الخلفي من العصب البصري داخل الحجاج تتوضع الحزم الآتية من اللطخة الصفراء في: #9#

الاختيارات:
A. محيط الشبكية
B. المركز
C. الصفيحة المصفوية
D. الأجسام الركبية الوحشية
E. كل ما سبق خطأ",C,B
3652,"من صفات وذمة الحليمة في التهاب حليمة العصب البصري كل ما يلي صحيح ما عدا:

الاختيارات:
A. زيادة حجمها
B. تبارز الجسم الزجاجي إلى الأمام
C. غياب التقعر الفيزيولوجي
D. احتقان الشريان والوريد الشبكي المركزي
E. كل ما سبق خطا",E,E
3653,"في جروح الملتحمة.. كل ما يلي صح عدا: #19# اختر من العمود الأول ما يقابله من العمود الثاني:

الاختيارات:
A. الجرح الصغير يترك بلا خياطة
B. نعطي صادات موضعية وبالطريق العام
C. نتحرى أولا وجود إصابة للقرنية
D. قد تخفي جرحا صلبيا نافذا
E. تترافق عادة بنزف تحت الملتحمة",B,C
3654,"في الالتهابات الناجمة عن فرط التحسس للنسج الذاتية كل مما يلي صحيح ما عدا:

الاختيارات:
A. يشاهد في التهاب المفاصل الرثياني
B. التهاب الفقار الرثياني
C. داء رايتر
D. متلازمة بهجت
E. الحمى المالطية",E,E
3655,"أي من التهابات المشيمية التالية تبدو بشكل مماثل للشكل المنتثر إلا أن العلامات تكون محصورة في الجزء المحيطي لقعر العين:

الاختيارات:
A. التهاب المشيمية المركزي
B. التهاب المشيمية النضحي
C. التهاب المشيمية المنتثر
D. الالتهاب المشيمية الأمامية
E. التهاب المشيمية المجاور لحليمة العصب البصري",E,D
3656,"كل مما يلي من العلامات التي تدل على استحالة الوحمة المشيمية إلى ورم قيتاميني خبيث ما عدا:

الاختيارات:
A. القطر أكبر من 5 ملم للآفة الكروية أو البيضوية
B. تبدل الظهارة الصباغية على سطح الآفة
C. انفصال شبكية مصلي واسع فوق الآفة
D. ارتفاع الآفة بشكل كروي
E. رؤية شرر ضوئي",E,A
3657,"إذا لم يتمكن المريض من قراءة أكبر أحرف اللوحة، الطريق التالية لتقدير حدة البصر لديه:

الاختيارات:
A. بعد أصابع الفاحص
B. بتحريك يد الفاحص أمام عين المريض
C. باستخدام منبع ضوئي متحرك من الجهات الأربعة
D. نعتبر أن حدة البصر معدومة
E. كل الإجابات السابقة خاطئة",B,A
3658,"نوع التخطيط بالأمواج فوق الصوتية الذي يفيد في تحديد قوه العدسة المزروعة (اجابه صحيحه)

الاختيارات:
A. النوع A
B. النوع B
C. النوع C
D. النوع D
E. كل ما سبق خطأ",A,A
3659,"في الحول الشللي عند البالغين يشكو المريض من:

الاختيارات:
A. حول متناوب
B. رؤية مزدوجة (شفع)
C. تدهور حدة الرؤية
D. كل ما سبق خطأ
E. كل ما سبق صحيح",E,B
3660,"في الحول الشئلي عند البالغين يشكو المريض من:

الاختيارات:
A. تدهور حدة الرؤية
B. رؤية مزدوجة
C. حول متناوب
D. كل ما سبق صح
E. كسل وظيفي",D,B
3661,"من اسباب البيلة الجرثومية(وجود بكتريا دون كريات بيض)

الاختيارات:
A. تناول الصادات
B. الاورام
C. التهاب الاحليل بالمكورات البنية
D. كل ماسبق خطأ",C,D
3662,"من العناصر المعدنية النادرة :

الاختيارات:
A. البوتاسيوم
B. الحديد
C. الفوسفور
D. المغنيزيوم",D,B
3663,"من المظاهر السريرية لداء السكري:

الاختيارات:
A. التبول الكيتوني
B. انخفاض الحموض الدهنية الحرة
C. الإحساس بالشبع
D. القلاء الاستقلابي",C,A
3664,"فقر الدم بعوز الحديد:

الاختيارات:
A. نادر الحدوث
B. من علاماته الضخمة الكبد
C. من مسبباته الداء الزلاقي
D. كل ما سبق خطأ",C,C
3665,"الكريات البيضاء من صفاتها :

الاختيارات:
A. مستطيلة الشكل
B. مستديرة الشكل
C. قطرها 100 ميكرومتر
D. تنحل بالكحول",B,B
3666,"من أسباب البيلة القحفية (وجود كريات بيض بدون بكتيريا) :

الاختيارات:
A. الإصابة بالجراثيم من نوع البريميات
B. الداء السكري
C. تلوث عينة البول
D. الإصابة بالحمى التيفية",C,A
3667,"من الأسباب التي تؤدي الى حدوث هذه الحالة:

الاختيارات:
A. قصور القلب
B. النزف الهضمي
C. وجود حصيات بولية
D. التهاب الكلية والحويضة المزمن",D,D
3668,"وظائف الكالسيوم :

الاختيارات:
A. نقل الدفعات العصبية
B. تثبيط الاستثارة العصبية العضلية
C. تنشيط الإنزيمات
D. كل ما سبق صحيح",D,D
3669,"الكالسيوم :

الاختيارات:
A. 99% منها في العظام
B. 1% منها في لعظام
C. غير مستقر عند الأطفال
D. الحاجة اليومية تختلف حسب الجنس",A,A
3670,"من أسباب نقص السكر الصيامي

الاختيارات:
A. إنسولينوما
B. عوز هرمون النمو
C. المعالجة المفرطة بالإنسولين وخافضات السكر الفموية
D. كل ما سبق صحيح",D,D
3671,"تركيز الفركتوز في السائل المنوي :

الاختيارات:
A. اعلى من 150 ملغ / دل
B. اقل من 150 ملغ /دل
C. 150 ملغ / دل
D. ليس أي مما سبق",B,A
3672,"قد ينتج البيلروبين من تحطم:

الاختيارات:
A. الفرتين
B. الاميلاز
C. الميوغلوبين
D. الترانسفيرين",C,B
3673,"ترتفع الموجة b غلوبيولين في الحالات التالية ما عدا:

الاختيارات:
A. اليرقان الانحلالي
B. تناذر النفروز
C. فقردم بعوز الحديد
D. زيادة البروتينات الشحمية",C,A
3674,"من صفا السائل المنوي الطبيعي :

الاختيارات:
A. يتميع خلال 90 دقيقة
B. حجمه حوالي 9 مل
C. يمتلك قيمة PH=9
D. عكر المظهر",A,D
3675,"العناصر النادرة وزنها لا يتجاوز :

الاختيارات:
A. 100 ملغ / يوم
B. 150 ملغ / يوم
C. 1000 ملغ / يوم
D. 10000 ملغ / يوم",C,A
3676,"من اسباب البيلة الدموية

الاختيارات:
A. قصور الكلية
B. الداء السكري
C. حصيات الطرق الصفراوية
D. كل ماسبق خطأ",A,D
3677,"ينعدم يوروبيلينوجين البول في

الاختيارات:
A. اليرقان الانحلالي
B. اليرقان الكبدي
C. اليرقان الانسدادي
D. كل ماسبق خطأ",B,C
3678,"من أسباب فرط حمولة الحديد:

الاختيارات:
A. القوت المنخفض للفوسفات
B. دوالي المريء
C. غزارة الحيض
D. الداء الزلاقي",C,A
3679,"في الاحتباس الصفراوي ما هو الانزيم الافضل للوصول للتشخيص

الاختيارات:
A. ALT
B. اميلاز
C. ليباز
D. كل ماسبق خطأ",B,A
3680,"يتخرب الخصاب يوميا بنسبة تبلغ

الاختيارات:
A. حوالي 75 ملغ/يوم
B. حوالي 7.5 ملغ/يوم
C. جوالي 75 غرام/يوم
D. كل ماسبق خطأ",B,A
3681,"أسباب نقص المغنيزيوم :

الاختيارات:
A. تشمع الكبد
B. الكحولية الحادة
C. التهاب المعثكلة الحاد
D. كل ما سبق صحيح",D,D
3682,"من الحالات التي تؤدي الى أذية الخلايا الكبدية + ركود صفراوي :

الاختيارات:
A. الحمل
B. تنازل حبوب منع الحمل
C. بعد العمل الجراحي
D. كل ما سبق خطأ",A,D
3683,"تتألف السلسلة بيتا من الغلوبين من

الاختيارات:
A. 141 حمض اميني
B. 144 حمض اميني
C. 146 حمض اميني
D. كل ماسبق خطأ",C,C
3684,"سبب حالة هذا المريض :

الاختيارات:
A. تلفيف قناة جامعة
B. التهاب كبد فيروسي
C. فقر دم منجلي
D. سرطان رأس بنكرياس",B,C
3685,"البروتين الارتكاسي(CRP) Reactive protein. C :

الاختيارات:
A. من بروتينات الطور الحاد
B. يصنع في الكلية
C. يزيد مقدار في المصل بعد 24 ساعة من بدء الحالة الالتهابية
D. كل ما سبق صحيح",D,A
3686,"من أسباب اليرقان الكبدي الخلوي :

الاختيارات:
A. اللمفويات
B. متلازمة روتر + متلازمة دوين جونسون
C. داء الفوال
D. داء هودجكن",B,B
3687,"قد يظهر الكيتون في البول في الحالات التالية ما عدا :

الاختيارات:
A. التجفاف الشديد
B. الحمى
C. الداء السكري غير المعالج
D. نقص نشاط الدرق",B,D
3688,"الخمائر في عينة البول :

الاختيارات:
A. الأكثر شيوعا في الكاند يدا
B. تشاهد في حالات التهاب المهبل الفطري
C. بيضوية الشكل وبعضها متبرعم
D. كل ما سبق صحيح",D,D
3689,"يرتفع CK في الحالات التالية ما عدا:

الاختيارات:
A. إصابات عضلية
B. إصابات قلبية
C. إصابات دماغية
D. قصور درق",D,C
3690,"نتيجة رحلان البروتينات في الالتهابات الحادة :

الاختيارات:
A. ترتفع الموجة a_2غلوبيولين وتنخفض موجة الالبومين
B. ترتفع الموجة a_2غلوبيولين وترتفع الموجة a_1غلوبيولين
C. ترتفع موجة الالبومين وترتفع موجة غاما غلوبيولين
D. يرتفع موجة a_1غلوبيولين وترتفع الموجة β",A,B
3691,"من أسباب انخفاض AP :

الاختيارات:
A. المرضى الذين يخضعون للديال الدموي دوريا
B. وجود حصيات مرارية
C. التئام الكسور العظمية
D. داء باجت",B,A
3692,"من أسباب ارتفاع AST :

الاختيارات:
A. فقر دم انحلالي
B. تعرض للأشعة
C. التسمم بالسياليسيلات
D. كل ما سبق",D,D
3693,"المريض يعاني من حالة هي

الاختيارات:
A. اليرقان الكبدي
B. اليرقان الانحلالي
C. اليرقان الانسدادي
D. كل ماسبق خطأ",C,C
3694,"أثناء نمو العظام عند الأطفال يرتفع:

الاختيارات:
A. LDH
B. AST
C. CK
D. كل ما سبق خاطئ",A,C
3695,"تنقص السعة الاجمالية الرابطة للحديد في :

الاختيارات:
A. حالات الخمج المزمن
B. المتلازمة الكلائية
C. تشمع الكبد
D. كل ما سبق صحيح",D,D
3696,"التركيز الطبيعي للالبومين في المصل

الاختيارات:
A. 60-80 غ/ل
B. 30-40 ملغ/ل
C. اكثر من 1000 ملغ /دل
D. 35-50 غ/ل",D,D
3697,"المركب الذي يتم اصطناعه بدءا من الحموض الأمينية هو:

الاختيارات:
A. الكوليسترول
B. أمونيا
C. البيريدوكسامين
D. الكولين",D,B
3698,"بلورات الليوسين:

الاختيارات:
A. يمكن أن تنحل في الحموض والقلويات
B. تأخد شكل مستطيل مقطوع الزاوية
C. تشاهد بكثرة لدى مرضى السكري
D. كل ما سبق خاطئ",A,A
3699,"من البروتينات التي تلعب دوراً في تخثر الدم :

الاختيارات:
A. الفريتين
B. الترانسفرين
C. الفيبرينوجين
D. الميوسين",C,C
3700,"يعتبر كل مما يلي من أسباب عوز الحديد ما عدا:

الاختيارات:
A. التلاسيميا
B. المدخول القوتي الفقير بالحديد
C. النزف من دوالي المريء
D. وجود طفيليات في الأمعاء",A,A
3701,"من أسباب الاعتلال المعوي المرافق لفقد البروتين:

الاختيارات:
A. سرطان المعدة
B. الحروق
C. الحين
D. كل ما سبق صحيح",D,A
3702,"من صفات الكريات البيض أنها :

الاختيارات:
A. مستطيلة الشكل
B. تحوي حبيبات خشنة لماعة
C. قطرها 100 ميكرومتر
D. تنحل بالكحول",B,B
3703,"في اسباب فرط الغلوبيولين الكلي ماعدا

الاختيارات:
A. سرطان الدم اللمفاوية
B. امراض الكبد والتهاب الكبد الوبائي
C. حالات الاصابة بالبلهارسيا والملاريا والليشمانيا
D. امراض الجهاز المناعي والامراض المعدية الحادة والمزمنة",D,A
3704,"من أسباب زيادة امتصاص الحديد:

الاختيارات:
A. الحمل
B. وجود فيتامين C
C. كل ما سبق صحيح
D. وجود الحموض الأمينية",C,D
3705,"من أسباب البيلة القيحية العقيمة :

الاختيارات:
A. الداء السكري
B. السل الكلوي
C. الحمى التيفية
D. تلوث عينة البول",B,B
3706,"من الادوية المتهمة بإحداث الداء السكري المجرض بالأدوية:

الاختيارات:
A. السيفالوسبورينات
B. البنسلينات
C. الساليسيلات
D. كل ما سبق خاطئ",A,D
3707,"من اعراض فقر الدم بعوز الحديد عند المريض

الاختيارات:
A. الصداع
B. الشحوب
C. التكزز
D. ضخامة الطحال",D,B
3708,"مريضة عمرها 44 سنة تشكو من تعب عام، تم إجراء الاختبارات الكيميائية فكانت قيمة البولة الدموية 140 (13) ملغ دل وقيمة الكرياتنين هي 6 ملغ دل وحمض البول 4 ملغ دل. المريضة تعاني من حالة هي:

الاختيارات:
A. النقرص
B. اليوريميا
C. الازوتيميا قبل الكلوية
D. الازوتيميا بعد الكلوية التوضيح : نلاحظ وجود ارتفاع متناسب بين البولة والكرياتينيم مما يؤدي لانها حالة ازوتيميا كلوية.",C,B
3709,"مريض عمره ٧٣ سنة بوله داكن اللون وبإجراء المعايرات كان البيلروبين الكلي ١٠ ملغ / دل والبيلروبين غير المقترن ١.٥ ملغ / دل وفعالية انزيم ALT في المصل ٣٢ وحدة التر وإنزيم Y GT مرتفع بشدة بينما كان تركيز الالبومين لدى هذا المريض ٤١ غ /ل المريض يعاني من حالة:

الاختيارات:
A. يرقان كبدي
B. يرقان بعد كبدي
C. يرقان انحلالي
D. كل ما سبق خاطئ",B,C
3710,"سبب تشمع الكبد عند مريض عمره 12 سنة هو:

الاختيارات:
A. عوز الحديد
B. داء ويلسون
C. فرط حمولة الحديد
D. نقص المغنزيوم",B,B
3711,"مريض عمره 12 سنة يشكو من قصور ( تشمع كبد ) احتمال أن يكون:

الاختيارات:
A. نقص مغنيزيوم
B. عوز الحديد
C. داء ويلسون
D. فرط حمولة الحديد",C,C
3712,"من أسباب نقص مقاومة المريض داء السكري للجراثيم :

الاختيارات:
A. ازدياد ورود الدم للأنسجة
B. نقص تركيز الغلوكوز في تيار الدم
C. نقص اصطناع البروتينات وخاصة الغلوبيولين
D. كل ما سبق خطأ",C,B
3713,"مريض عنده الغلوكوز 210 ملغ / دل فهو :

الاختيارات:
A. شخص سليم
B. مريض سكري
C. لديه عدم تحمل السكر مطلقاً
D. ليس أي مما سبق",B,B
3714,"مريض تم تحليل الغلوكوز الصيامى له فكانت النتيجة : 128 ملغ /دل فهو :

الاختيارات:
A. شخص طبيعي
B. مريض سكري
C. معه اضطراب تحمل السكر صيامي
D. ليس أي مما سبق",C,B
3715,"المركب ايتلين ديامين تترا استات مركب لاقط لـ :

الاختيارات:
A. الحديد
B. النحاس
C. الكالسيوم
D. الصوديوم
E. البوتاسيوم",C,C
3716,"مركب يستخدم في تدبير حمى البحر الابيض المتوسط

الاختيارات:
A. الايميتين
B. الكولشيمين
C. داي بيريدامول
D. الريزربين
E. لوسارتان",B,B
3717,"البارافينيتيدين يملك سمية:

الاختيارات:
A. كبدية
B. كلوية
C. دموية
D. عصبية
E. كل ماسيق خطأ",D,B
3718,"مشتقات الحمض البروبيوني كل ما يلي عدا:

الاختيارات:
A. ايبوبروفين
B. نابروكسين
C. تيابروفينيك أسيد
D. هيفا ناميك أسيد
E. كيتوبروفين",D,D
3719,"داء الفقاع المحرض دوائياً يعود للنمط التحسسي:

الاختيارات:
A. الأول.
B. الثاني.
C. الثالث.
D. الرابع.
E. الخامس.",B,B
3720,"آلية تاثير المركب دابيريدامول تعتمد على:

الاختيارات:
A. تثبيط PDE
B. تنشيط مستقبلات ال GABAA
C. قفل مستقبلات ال GABAA
D. تثبيط نشاط مستقبلات NMDA
E. تنشيط مستقبلات NMDA",B,A
3721,"كل من العبارات التالية صحيحة ما عدا:

الاختيارات:
A. يمكن استخدام الكيتورولاك كبديل عن المورفين كمسكن للالام المتوسطة.
B. للـــــ كيتورولاك سمية كلوية.
C. يعطى الــــ تيلوكسيكام بجرعة 150 ملغ مرتين باليوم ( 150× 2= 300 ملغ).
D. يثبط الغوانيتيدين تحرر النورادرينالين.
E. يعتبر الميكا ميلامين من شالات العقد.",C,C
3722,"كل ما يلي عن البيندولول صحيح عدا

الاختيارات:
A. حاصر و ، لا يملك نشاط مقلد ودي داخلي
B. حاصر و ، لا يملك نشاط مقلد ودي داخلی
C. يستخدم في ارتفاع الضغط عند الرياضيين
D. يستخدم في ارتفاع الضغط عند السكريين
E. يشابه تأثير الأسيبتولول",D,B
3723,"أحد المركبات التالية يعمل على فتح ؟؟؟؟؟؟ البوتاسيوم:

الاختيارات:
A. لاموتريجين.
B. بروكاتين.
C. فلوكستين.
D. كاربامازبين.
E. ميتوكيسنيل.",A,E
3724,"أحد المركبات التالية يستخدم في تدبير التسمم الغذائي أو الدوائي:

الاختيارات:
A. بيزوتيفن.
B. ارغوتامين.
C. السكلامات.
D. الايميتين.
E. زولميتريبتان.",A,D
3725,"المركب Methadone يستخدم

الاختيارات:
A. لتخفيف الاذية الهضمية الناتجة عن NASID
B. كخافض للضغط
C. كمسكن الم مركزي
D. كمضاد لانفصام الشخصية
E. رافع للضغط",C,C
3726,"المركب ديمركابرول بملك تأثير:

الاختيارات:
A. مرخي للعضلات الهيكلية.
B. خافض للضغط.
C. لاقط لعنصر الرصاص .
D. موسع للقصبات.
E. موسع للأوعية الدماغية.",E,C
3727,"البنزبرومارون يملك تأثير:

الاختيارات:
A. مضاد التهاب غير ستيروئيدي.
B. يملك تأثير مدر للبول.
C. يملك تأثير مضاد للسعال
D. يملك تأثير طارح الحمض البول.
E. كل ما سبق خطأ.",C,D
3728,"كل ما يني عن الأري كولين غير صحيح عدا:

الاختيارات:
A. يستخلص من جذور كوريانث يوهمب
B. يساعد على الهضم
C. غليكوزيد طبيعي
D. يستخدم بالمشاركة مع الأوكسي تريمورين",C,B
3729,"كل ممايلي صحيح حول حمض الفوليك ماعدا:

الاختيارات:
A. عوزه أثناء الحمل يزيد خطورة تشوهات الأنبوب الهضمي عند الجنين.
B. ضروري للتركيب الطبيعي للـ .DNA
C. يتحول في الجسم إلى تتراهيدروفولات.
D. نقصه يسبب فقر الدم.
E. يمتص بشكل ثابت من الأنبوب الهضمي.",E,A
3730,"النورأميدو بيرين يملك تاثير :

الاختيارات:
A. خافض للحرارة
B. مسكن للألم
C. منقص لعدد التريات البيض
D. كل ماسبق صحيح
E. كل ماسبق خطا",D,D
3731,"ال اميلوياربيتون من الباربيتوريات :

الاختيارات:
A. طويلة مدة التأثير
B. متوسطة مدة التأثير
C. قصيرة مدة التأثير
D. قصيرة مدة التأثير جدا
E. كل ماسبق خطأ",B,B
3732,"احد من المركبات التالية يستخدم في التشخيص:

الاختيارات:
A. تولازولين
B. ارغوتوكسين
C. كبريتات الباريوم
D. يوهمبين
E. برازوسين",C,C
3733,"يستخرج برومبلينز من:

الاختيارات:
A. بذور الخلة السورية
B. بذور الفوفل
C. ثمار الاناناس
D. جذور عرق الذهب
E. كل ماسبق خطأ",B,C
3734,"تنبيه مستقبلات B2 يؤدي الى كل مما يلي عدا ؟

الاختيارات:
A. السمحة اللون
B. زيادة اطراح الأميلاز.
C. رجفان عضلي
D. ارتخاء مثانة
E. تثبيط تحرر الرينين",E,B
3735,"إن 200 ملغ من البروبرانولول الفموي تعادل بالإعطاء الوريدي بالملغ:

الاختيارات:
A. 5
B. 10
C. 15
D. 30
E. 50",D,E
3736,"كل ما يلي عن الكالسيتونين صحيح عدا

الاختيارات:
A. من خلاصة الغدة الدرقية لسمك السلمون
B. يستخدم في علاج داء باجيت
C. يستخدم في ترقق العظام
D. ينقص الطرح الكالسيوم في البول
E. ينقص كالسيوم الدم",A,D
3737,"أحد الأمراض التالية يمكن معالجته بواسطة الجينات:

الاختيارات:
A. الربو.
B. الحل العضلي.
C. احتشاء العضلة القلبية.
D. توسع القصبات.
E. التهاب المفاضل التنكسي.",A,B
3738,"كل من العبارات التالية صحيحة حول اللاكتولوز ماعدا:

الاختيارات:
A. يعتبر من الملينات
B. عبارة غليكوزيد ثنائي تركيبي
C. لا يمتص
D. يستخدم في تدبير الامساك
E. يستخدم في تدبير اعتلال الدماغ الكبدي",E,B
3739,"كل مما يلي من المشتقات البروبيونية ماعدا:

الاختيارات:
A. بيروكسيكام .
B. ايبوبروفين.
C. نابروكسن.
D. تيار بروفينيك اسيد.
E. كيتوبروفين.",D,A
3740,"أحد مسكنات الألم التالية لايجوز مشاركته مع الباراستامول :

الاختيارات:
A. بوبري نورفين
B. بنتازوسين
C. بيوتور فانول
D. ترامادول
E. نيفوبام",D,E
3741,"أحد المركبات التالية يعمل على فتح أقنية البوتاسيوم:

الاختيارات:
A. لاموتريجين.
B. بروكانين.
C. فلوكستين.
D. کاربامازبين.
E. مينوكسيديل.",A,E
3742,"المركب ترانيل سيبرومين يملك تأثير مثبط ل :

الاختيارات:
A. الكحول دي هيدروجيناز
B. MAO
C. N.O.S
D. COMT
E. كل ماسبق خطا",B,B
3743,"يمكن للحديد أن يدخل في تركيب:

الاختيارات:
A. السيتوكروم أكسيداز.
B. مونو امینواکسیداز.
C. الكاتالاز.
D. كل ما سبق صحيح.
E. كل ما سبق خطأ.",D,D
3744,"احد هذه المركبات التالية يحاصر مستقبلات 5HT3

الاختيارات:
A. بيزوتيفن
B. ارغرتامين
C. اوندانسترون
D. زولميتريبتان
E. دومبيريدون",C,C
3745,"تعتبر كل من العبارت التالية صحيحة حول الوسيط N° (النيتريك اوكسيد) ماعدا:

الاختيارات:
A. وسيط ذو طبيعة غازية
B. مدة تأثيره قصيرة حوالي 5 ثواني
C. يصنع من أسبارتيك اسيد
D. ينشط انزيم غوانيل سيكلاز
E. يملك تأثير خافض للضغط",C,C
3746,"اذا كانت جرعة دواء عند بالغ 1200 ملغ فان جرعته: عند طفل عمره 6 سنة هي:

الاختيارات:
A. 200 ملغ
B. 300 ملغ
C. 400 ملغ
D. 150 ملغ
E. كل ماسبق خطأ",B,C
3747,"المركب الذي ينشط ∆ امينوليفولينيك اسيد سينثتاز ويثبط است الدهيد ديهيدروجيناز هو:

الاختيارات:
A. هالوبيريدول
B. امينوفينازون
C. بيرازيناميد
D. الكيفين
E. غريزيوفولفين",C,E
3748,"ادخل 8 ملغ من دواء الى الجسم وكان تركيزه البلازمي0.2 ملغ/ليتر فان VD هي:

الاختيارات:
A. 30ملغ
B. 20 ليتر
C. 25 ملغ
D. 1.44 ملغ2/ليتر
E. كل ماسيق خطأ",B,E
3749,"احد المركبات التالية يمكن ان يشارك مع الكاريسويرودول من اجل احداث تازر دوائي

الاختيارات:
A. نيكيثاميد
B. سلدينافيل
C. ستركتين
D. فنلزين
E. كل ماسبق خطأ",B,E
3750,"احد المركبات التالية من المخدرات العامة: انتهت الاسئلة مع اطيب التمنيات بالتوفيق والنجاح د.هيثم جواد اجوبة- حملة

الاختيارات:
A. برودانيديد
B. ديكلونين
C. سينابتوبريفين
D. تترازودون
E. كل ماسبق خطأ",B,A
3751,"إذا كانت جرعة دواء عند البالغ ۱۰۰ ملغ فإن جرعته عند طفل وزنه 17,5 كغ هي:

الاختيارات:
A. 50 ملغ .
B. . 17.5 ملغ.
C. 25 ملغ.
D. . 37.5 ملغ.
E. 35 ملغ.",B,C
3752,"أدخل ۱۲ ملغ من دواء الى الجسم وكان تركيزه البلازمي 0.4 ملغ/ ليتر فإن VD هي:

الاختيارات:
A. (30 ملغ).
B. (15 ليتر).
C. (30 ليتر).
D. (4.8 ملغ2/ ليتر).
E. (15 ملغ).",B,C
3753,"كل ممايلي من الأدوية التي تزيد من استقلاب الأدوية بالكبد ماعدا:

الاختيارات:
A. فينوباربيتون.
B. ريفامبيسين.
C. الفينيتوتين.
D. السيميتنين.
E. کاربامازبين.",D,D
3754,"كل ممايلي يمكن أن يستخدم في تدبير الأعراض الوظيفية الناجمة عن فرط تنسج الموثة الحميد ما عدا:

الاختيارات:
A. تیرازوسين.
B. برازوسين.
C. تامسولوسين.
D. ألفوزوسين.
E. أوكسي بوتينين.",E,E
3755,"أحد المركبات التالية يستخدم لأرخاء المثانة في حالة زيادة عدد مرات التبول:

الاختيارات:
A. پیریدوسنغمین.
B. أمبيتوتيوم.
C. اري كولين.
D. ؟؟؟؟؟؟؟؟؟؟
E. تاكرين.",A,D
3756,"يمكن استخدام البروبرانولول في تدبير كل مما يلي ما عدا :

الاختيارات:
A. الشقيقة .
B. خناق الصدر.
C. ارتفاع الضغط الشرياني.
D. برودة الأطراف.
E. فرط نشاط الدرق.",E,D
3757,"كل ممايلي صحيح حول فقر الدم بنقص الحديد ومركبات الحديد ما عدا:

الاختيارات:
A. من أسبابه النزوف الهضمية.
B. يحدث زيادة فى السمة الرابطة للحديد.
C. يمكن معالجته بـ غلوكونات الحديدي عن طريق الفم.
D. يمكن معالجته بـ دكستران الحديد عن طريق الحقن.
E. في حالة فقر الدم الانحلالي يفضل مشاركة مركبات الحديد مع الكورتيزونات.",B,E
3758,"يعطى الـ د.بنسلامين بجرعة ؟؟؟؟ مقدرة بالملغ عند البالغين بمقدار يومي يقدر بـ:

الاختيارات:
A. 20. 30.
B. 1 ملغ.
C. 10ملغ.
D. 125. 250 ملغ.
E. 0.5 ملغ / كغ .",D,D
3759,"مع وجود استطباب لوصف أحد حاصرات عند الرياضين يفضل وصف المركب :

الاختيارات:
A. بروبرانولول.
B. بندولول.
C. بيسوبرولول.
D. أثينولول.
E. كل ماسبق خطأ.",C,B
3760,"اذا كانت جرعة دواء البوسية عند بالغ ۱5۰۰ ملغ فإن جرعته عند طفل عمره 6 سنوات هي :

الاختيارات:
A. (500) ملغ.
B. (750) ملغ.
C. (1000) ملغ.
D. (1500) ملغ.
E. (2000) ملغ.",B,A
3761,"كل من المركبات التالية يملك تأثير مثبط للأنزيمات الكبدية ماعدا :

الاختيارات:
A. السيميتدين.
B. الأريثرومايسين.
C. کاربامازبین.
D. هيدرالازين.
E. كيتو كونازول.",B,C
3762,"كل مما يلي يمكن أن يستخدم في تدبير صداع الشقيقة ماعدا :

الاختيارات:
A. بيزوتيفن.
B. ارغوتامین.
C. سوماترببتان.
D. البرينزبين.
E. زولميتريبتان.",D,D
3763,"يمكن استخدام كل من الصادات التالية في تدبير القرحة الناجمة عن الإصابة بالملتوية البوابية ماعدا :

الاختيارات:
A. ميترونيدازول.
B. اموكسيسللين.
C. تتراسكلین.
D. كلاريترومايسين.
E. كليندا مايسين.",C,E
3764,"المركب الذي ينشط ؟؟؟؟ أمينو ليغوليتيك أسيد سبنشتاز ويثبط أست ألدهيد دیهیدروجیناز هو:

الاختيارات:
A. هالوبيريدول.
B. أمينوفينازون.
C. بیرازینامید.
D. الكينين.
E. غريزيو فولفين.",B,E
3765,"في المرحلة المتقدمة من التسمم الصفصافي يحدث كل مما يلي ماعدا

الاختيارات:
A. ارتفاع حرارة
B. التهاب معدة نزفي
C. قلاء تنفسي
D. D. زيادة سكر الدم
E. هبوط ضغط",D,C
3766,"كل من المركبات التالية يملك تأثير مثبط للأنزيمات الكبدية ماعدا :

الاختيارات:
A. السيميتدين الأريثرومايسين
B. ريفامبيسين
C. D. هيدر الارين
D. كيتو كونازول",B,C
3767,"كل مما يلي يمكن ان يستخدم في تدبير صناع الصديق ماعدا :

الاختيارات:
A. بيزوتيفن
B. ارغوتامين
C. سوماتر يبتان
D. ایزوسوربيد داي نترات
E. زولميتريبتان",D,D
3768,"أحد المركبات التالية يعمل على تثبيط تقلصات الرحم في المخاض الباكر :

الاختيارات:
A. نيو ستغمين
B. ايدروفونیوم
C. ريتودرين
D. بيلوكاربين
E. اري كولين",C,C
3769,"إن معدل التصفية الكلوية للكرياتينين عند رجل عمره 40 سنة ومستوى كرياتينين الدم 1 ملغ دل و وزنه ۷۲ كغ مقدرة بـ مل / د هي :

الاختيارات:
A. 80
B. 100
C. 120
D. 140 .
E. كل ماسبق خطا",C,B
3770,"تناول شاب بقصد الانتحار ثلاث أمبولات بانكورونيوم عن طريق الفم من المتوقع أن يحدث له :

الاختيارات:
A. شلل عضلات الأجفان
B. شلل عضلات الوجه و الفكين
C. شلل عضلات الصدر التنفسية
D. كل ماسبق صحيح
E. أن لا يحدث لديه أي شلل",D,E
3771,"المركب الذي ينشط كلا من ∆ أمينوليفولينيك أسيد سينثتار و است الدهيد ديهيدروجيناز هو

الاختيارات:
A. هالوبيريدول
B. امينوفينازون
C. بیرازینامید
D. الكينين
E. غريزيو فولفين",C,E
3772,"كل مما يلي يمكن أن يحدثه الـ - D تيوبوكورارين ماعدا :

الاختيارات:
A. هبوط ضغط
B. زيادة الحركة الحوية
C. زيادة المفرزات الهضمية
D. شلل العضلات التنفسية
E. تضيق قصبي",D,B
3773,"أحد مسكنات الألم التالية يملك قدرة عالية مسكنة اللالم تعادل قوة المورفين

الاختيارات:
A. بوبري نورفين
B. بنتازوسين
C. بيوتور فانول
D. ترامادول
E. نيقوبام",B,E
3774,"المستقبل المورفيني المسؤول عن تقبض الحدة. الشديد والتأثير المركن هو مستقبل :

الاختيارات:
A. K
B. μ
C. ε
D. ∆
E. σ",B,A
3775,"مريض ذكر مصاب بفقر دم بنقص الحديد مستوى خضابه ۸ غ / د. ليتر يحتاج لكمية من الحديد تقدر بـ الـغ :

الاختيارات:
A. -0.25
B. -0.5
C. -1
D. -1.5
E. -2",C,E
3776,"اشر الى العبارة الخطا حول تأثير درجة الحرارة والرطوبة وأشعة الشمس على فعالية الادوية:

الاختيارات:
A. يفقد مركب 5-fU(فلورورايسل) فعاليته عند تعرضه لاشعة الشمس وله تأثير مضاد لسرطان الثدي ويتم تسربيه
B. يقد مركب صوديوم نتروبروسايد فعاليته عند تعرضه لاشعة الشمس وله تاثیر خافض شديد للضغط الشرياني ويتم تسريبه وريديا
C. يفقد مركب نترو غليسرين فعاليته بالرطوبة واشعة الشمس ولكن لا يحدث تأثير حس حارق وكاوي تحت اللسان دلالة على فقدان فعاليته
D. يفقد محلول الادرنيالين والنور ادرينالين الممدد فعاليته ويتحول الى اللون الوردي دلالة على فقدان فعاليته بدلا من اللون الشفاف
E. يفقد ماء الاوكسجني فعاليته المؤكسدة والمانحة للأوكسجين عند تعرضه للهواء واشعة الشمس",E,C
3777,"أحد المركبات التالية من الأضداد المؤشبة وحدة النسيلية المستخدم في تدبير سرطانة الثدي

الاختيارات:
A. ایتانیرسبت
B. الفكيلسيماب
C. ريتوكسيماب
D. او ماليزوماب
E. تراستوزوماب",E,E
3778,"اشر الى العبارة الخطا حول التأثيرات الضارة للأدوية في أثناء الحمل

الاختيارات:
A. يستفاد من مركب الايترينات في معالجة داء الصدف خاج فترة الحمل ولكنه يسبب الاجهاض
B. يستفاد من مركب تريتينوين بن معالجة حب الشباب خارج فترة الحمل ويحضر بشكل اقراص عن طريق الفم
C. يستفاد من مركب تري ميثاديون في معالجة الصرع الصغير خارج فترة الحمل ولكنه يسبب تشوهات في تطور الوجه والقحف
D. والجملة العصبية المركزية في أثناء الحمل يستفاد من مركب سيكلامات كمادة محلية خارج فترة الحمل ولكنه يسبب سرطان المثانة عند الجنين
E. تسبب موانع الحمل الفموية عند تناولها في اثناء الحمل سرطان الكبد عند الجنين",C,B
3779,"كل ما يلي من مضادات H1 غير مثبطة لـ CNS عدا :

الاختيارات:
A. اليميمازين
B. لوراتادین
C. تري فينادين
D. فيكسو فينادين",A,A
3780,"أي من المركبات التالية يسبب سمية كلوية عند الاستخدام أكثر من 5 أيام:

الاختيارات:
A. ديكلوفيناك
B. كيتورولاك
C. نابروكسين
D. اندومتاسین
E. تینوکسیکام",B,B
3781,"خلايا تقوم بإفراز بروتين برفورين الذي يفتح ثقوب في غشاء الخلية الهدف :

الاختيارات:
A. الخلايا المساعدة.
B. الخلايا القاتلة.
C. الخلايا الذاكرة.
D. الخلايا الكابتة",B,B
3782,"فيما يخص الهيم:

الاختيارات:
A. يتألف من 4 حلقات ببرولية
B. كل جزيئة هيم ترتبط بحزينة O2
C. ارتباط الهيم بال O2 ضعیف و عکوس
D. كل ما سبق صحيح",D,D
3783,"كل ما يلي يؤمن العود الوريدي عدا:

الاختيارات:
A. النبض الشرياني
B. التقلص العضلي
C. الزفير
D. الصمامات الوريدية",C,C
3784,"- كلما زاد الوزن الجزيئي للغاز:

الاختيارات:
A. ازداد معدل الانتشار.
B. انخفض معدل الانتشار.
C. لم يتأثر معدل الانتشار.
D. ازدادت السرعة التي تتحرك بها الجزيئات.",B,B
3785,"من مميزات الألياف البطيئة:

الاختيارات:
A. شبكة هيوليه ناميه
B. لا تعتمد بصورة أساسية على الاستقلاب
C. غزيرة التروية الدموية
D. الاستقلاب التأكسدي فيها ثانوي",B,C
3786,"المبدأ الأساسي للتشتت هو:

الاختيارات:
A. الانكسار
B. الانتشار
C. الانعكاس
D. الامتصاص",B,B
3787,"الدور الأساسي للعامل السابع هو تسريع تشكل العامل:

الاختيارات:
A. الاول
B. الثالث
C. الخامس
D. العاشر",A,B
3788,"تعمل البروستاغالندينات على حماية مخاطية المعدة من خلال كل ما يلي عدا:

الاختيارات:
A. تنبيه إفراز المخاط
B. نقص الجريان الدموي
C. تنبيه إفراز البيكربونات
D. تثبيط إفراز الحمض المعدي",B,B
3789,"عند فرط التهوية الرئوية يتفعل :

الاختيارات:
A. مركز الشهيق.
B. مركز الزفير القسري.
C. مركز الشهيق القسري.
D. المركز الناهي.",C,B
3790,"السائل داخل الخلايا يكون في

الاختيارات:
A. الخلط المائي و الزجاج للعين.
B. سوائل غشاء الجنبة والتامور.
C. السيتوبلازما.
D. الأكياس الزليلة للمفاصل.",C,C
3791,"يمكن للطبيب القيام بغسل المعدة قبل امتصاص مواد سامة :

الاختيارات:
A. في معدة فارغة
B. نتيجة لصغر الحجم المعدة
C. بسبب فقدان سمية هذه المواد بتأثير الحمض المعدي
D. كل ما سبق صحيح",D,A
3792,"فيما يخص التلاؤم (الخاطئ) :

الاختيارات:
A. تشترك معظم المستقبلات بصفة واحدة هي التلاؤم
B. تختلف سرعة حدوث التلاؤم باختلاف المستقبل
C. المستقبلات التي تتلاءم بسرعة تسمى مقوية
D. مستقبلات الألم لا تتلاءم أبدا",B,C
3793,"مقدرة شخص على ادراك منبهيين لمسيين مطبقين على منطقة من سطح الجسم على انهما منفصلتان :

الاختيارات:
A. التعرف الحيزي
B. تمييز حس النقطتين
C. الحس المجسم
D. اضطراب نظم",B,B
3794,"سبب عدم قدرة ألياف الجهاز العصبي المركزي على التجدد هو:

الاختيارات:
A. غياب النخاعين في معظم الألياف
B. قصر المحور الأسطواني لهذه الألياف
C. غياب غمد شوان
D. عدم وجود الخلايا الدبقية قليلة التغصنات",C,C
3795,"مستقبلات اللمس الدقيق :

الاختيارات:
A. باشيني
B. مايستر
C. أقراص ميركل
D. روفيني",C,B
3796,"تزداد قوة تقلص القلب ب

الاختيارات:
A. الحمى المديدة.
B. زيادة البوتاسيوم.
C. زيادة الكالسيوم.
D. كل ما سبق صحيح.",C,C
3797,"أن النسخ السيولوجية شفافة نسبيا في المجال:

الاختيارات:
A. فوق البنفسجي
B. تحت الأحمر القريب
C. تحت الأحمر المتوسط
D. تحت الأحمر البعيد",B,B
3798,"كل ما يلي يعد صحيحاا حول الختالف بين العضلات الملس والعضلات الهيكلية عدا:

الاختيارات:
A. قوة تقلص العظمى للعضلات الملساء أصغر من تلك في العضلات الهيكلية
B. زمن بدء التقلص واسترخاء النسيج في العضلات الملساء يكون أكبر
C. تحتاج العضلات الهيكلية إلى طاقة أكبر
D. سرعة دوران الجسور التصالبية في العضلات الهيكلية أسرع",B,A
3799,"يؤدي الدور الأكبر في امتلاء البطينين أثناء الجهد طور :

الاختيارات:
A. الانقباض الاذيني
B. الانقباض البطيني
C. الاسترخاء الأذيني البطيني
D. كل ما سبق خاطئ حصدانا",B,A
3800,". العامل الرئيسي الذي يحدد ارتباط الأكسجين بخضاب الدم هو:

الاختيارات:
A. الضغط الجزئي للأوكسجين في الدم PO2.
B. تركيز ثنائي أوكسيد الكربون في الدم PCO2.
C. تركيز شوارد الهيدروجين في الدم.
D. تركيز 2.3 ثنائي فوسفات الغليسيرات DPG في الدم.",A,A
3801,"يحوى على نسبة عالية من الدسم:

الاختيارات:
A. اللمف القادم من الكبد
B. اللمف القادم من الأمعاء
C. اللمف القادم من الساقين
D. اللمف القادم من القلب",B,B
3802,"أي مما يلي يسبب رفع الضغط

الاختيارات:
A. ADH
B. جملة الرينين - انجيوتنسين - الدوستيرون.
C. الببتيد الطارح للصوديوم ANP
D. كل من a و b",D,D
3803,"معدل الترشيح الكبيبي GFR

الاختيارات:
A. نستخدم الانولين لقياسه.
B. يعادل تقريبا تصفية الكرياتينين.
C. يبلغ حوالي ١٢٥ ملد.
D. كل ما سبق صحيح.",D,D
3804,"السعة الحياتية VC :

الاختيارات:
A. IRV+ TV
B. ERV+IRV+ TV
C. RV+ERV+IRV+ TV
D. ERV+TV",B,B
3805,"العامل ٣ مع ca يؤدي الى :

الاختيارات:
A. تلقيم راجع سلبي للثرومبين.
B. تلقيم راجع إيجابي للثرومبين.
C. تنشيط العامل ال ٦.
D. تثبيط سبل التخثر.",B,B
3806,"توجد المستقبلات النيكوتينية في كل ما يلي عدا:

الاختيارات:
A. المشابك بين العصبونات قبل العقدية وبعد العقدية للجهازين الودي واللاودي
B. في النهايات العصبية لعصبونات القشرة المخية
C. في الخلايا التي تستجيب للتنبيه بالعصبونات بعد العقدية للجهاز العصبي اللاودي
D. في اغشية خلايا العضلات الهيكلية",D,C
3807,"البيئة الداخلية هي كل ما يلي ما عدا:

الاختيارات:
A. السوائل داخل الخلايا
B. السوائل خارج الخلايا
C. الدم
D. الخلط المائي",C,A
3808,"في التلاسيميا يزداد الانحلال عند :

الاختيارات:
A. التعرض للشدة والحمى.
B. عند انخفاض دراجة الحرارة.
C. عند استئصال الطحال.
D. عند ظهور تكتلات ورمية.",A,A
3809,"الفيتامين الأساسي في عملية تشكيل عوامل التخثر:

الاختيارات:
A. A
B. B
C. C
D. K",D,D
3810,"من مميزات الطريق الحركي الجسدي:

الاختيارات:
A. توجد خلاياه داخل الجهاز العصبي المركزي
B. توجد أجسام خلاياه خارج الجهاز العصبي المركزي ومحاويره داخله
C. توجد بالكامل خارج الجهاز العصبي المركزي
D. توجد أجسام خلاياه داخل الجهاز العصبي المركزي ومحاويره خارجه",D,D
3811,"يزداد الضخ البلغمي:

الاختيارات:
A. بالضغط على الوعاء اللمفاوى بشكل متقطع
B. وجود صمامات في الأوعية اللمفاوية
C. نبضان الشرايين المحاذية للأوعية اللمفاوية
D. كل ما سبق صحيح",D,D
3812,"العصب الودي القلبي:

الاختيارات:
A. يفرز الأدرينالين.
B. يفرز الاستيل كولين.
C. هو العصب المبهم.
D. يبطئ حركة القلب.",A,A
3813,"كل ما يلي من مميعات الدم داخل الأوعية الدموية عدا:

الاختيارات:
A. مضاد الخثرين
B. الاسبرين
C. الهيبارين
D. البلازمين",D,D
3814,"يعيد السائل لداخل الأوعية :

الاختيارات:
A. الضغط الغرواني للدم
B. ضغط الدم
C. الضغط الغروانى للخلال
D. ضغط الخلال السلبي",C,A
3815,"دراسة آلية و توليد و نقل كوامن الفعل فى القلب هي جزء من الفيزيولوجيا على المستوى (سؤال ربط مع الفصل الخامس )

الاختيارات:
A. الخلوي
B. النسيجي
C. الجهازي
D. الكائن الحي ككل",C,B
3816,"توجد المستقبالت النيكوتينية في الأماكن التالية:

الاختيارات:
A. في المشابك بين العصبونات قبل العقدية وبعد العقدية للودي
B. في المشابك بين العصبونات قبل العقدية وبعد العقدية نظير الودية
C. أغشية خلايا العضالت الهيكلية
D. العقدة الجيبية الأذينية في القلب",A,D
3817,"تمثل عودة استقطاب البطينين :

الاختيارات:
A. الموجة P
B. الموجة T
C. المركب Qrs
D. الفترة PQ",C,B
3818,"تحدث الأمور في الانقباض البطيني عدا:

الاختيارات:
A. تكون الصمامات الأذينية البطينية مفتوحة
B. تكون الصمامات السينية مفتوحة
C. يصل الضغط في البطين إلى أعلى قيمة له
D. يصل الضغط في الأذينات إلى أخفض قيمة له",C,A
3819,"المشبك الذي يتحكم بكمية النقل العصبي:

الاختيارات:
A. Axo-Denteric synapses
B. Axo-Axonic synapses
C. Axo-somatic synapses
D. Denteric-Denteric synapses",B,C
3820,"يتحدد الاهتزاز الناتج من:

الاختيارات:
A. الاهتزاز الطبيعي
B. الاهتزاز الحر
C. الاهتزاز القسري
D. A, C",D,C
3821,"تزداد سرعة زوال الاستقطاب الخلايا ذاتية النظم في القلب في:

الاختيارات:
A. زيادة نفوذية الغشاء لشوارد البوتاسيوم
B. نقص نفوذية الغشاء لشوارد الكالسيوم
C. زيادة نفوذية الغشاء لشوارد الصوديوم
D. زيادة نفوذية الغشاء لشوارد الكلور",C,C
3822,"تساهم العوامل التالية في الكمون الكهربائي السالب عبر غشاء الخلّية في حالة الّراحة عدا:

الاختيارات:
A. نفوذية الغشاء العالية للبوتاسيوم
B. مدروج التركيز الكيميائي المرتفع للبوتاسيوم
C. عدم قدرة الشوارد العضوية الموجبة الشحنة على مغادرة الخليه
D. مضخة صوديوم بوتاسيوم",D,C
3823,"يعني وجود المقوية الودّية أو اللاودّية:

الاختيارات:
A. قدرة جهاز على زيادة فعّالية عضو
B. قدرة جهاز واحد أو أكثر على ضبط فعّالّية العضو زيادة أو نقصاناً
C. قدرة الجهاز على إنقاص فاعلية عضو
D. وجود تفريغ متقطّع من الجملة الودّية أو اللاودّية",B,B
3824,"كل مما يلي يخضع لعملية التلقيم الراجع الشلبي عدا:

الاختيارات:
A. إفراز LH & FSH عند الذكر
B. التهوية الرئوية
C. عملية الإباضة
D. تنظيم الضغط الشرياني",A,C
3825,"تعتمد سرعة انتشار الأوكسجين عبر غشاء الخلية على:

الاختيارات:
A. كمية البروتينات في الغشاء الخلوي
B. مقدار ذوبانه في الشحوم
C. وظيفة الخلية
D. كل مما سبق خاطئ",B,B
3826,"في الدوران اللمفي كل ما يلي صحيح عدا :

الاختيارات:
A. تنتهي الأوعية بجذوع.
B. له دور مناعي هام.
C. يصب في الأجوف السفلي.
D. يحوي دسامات المرور اللمف باتجاه واحد.",A,C
3827,"في الوهن العضلي الوبيل :

الاختيارات:
A. أهم علاماته تدلي في الرقبة.
B. يتصف بمناعة ذاتية لمستقبلات الأستيل كولين.
C. العلاج يتم عبر الفيزوستيغماين.
D. كل ما سبق صحيح.",D,B
3828,"من أسباب فقر الدم بعوز الحديد :

الاختيارات:
A. النزف الهضمي
B. الغذاء ناقص الحديد.
C. ضمور المعدة الحاد.
D. كل ما سبق صحيح.",D,D
3829,"عندما يصل التيروكسين الى المستوى الدوراني المطلوب:

الاختيارات:
A. تتحرض الغدة النخامية لافراز THS
B. ترسل الخلايا المتأثرة به إشارات تلقيم ايجابي
C. تتوقف الغدة النخامية عن افراز THS
D. كل ما سبق صحيح",D,C
3830,"الوظيفة الرئيسية للعقدة الأذينية البطينية في الحالت السوية:

الاختيارات:
A. توليد إشارات تجعلها ناظمة للقلب
B. تأخير زمن مرور الإشارة بمقدار ,1 0 ثانية
C. تأمين المقوية الودية للقلب
D. تأمين وصول الإشارات إلى شغاف القلب",D,A
3831,"من خواص التلقيم الراجع السلبي كل مما يلي ما عدا:

الاختيارات:
A. يتم من خلال معاكسة المتغير البدئي وتصحيحه.
B. يخضع للمراقبة من قبل التلقيم الراجع الإيجابي.
C. يساعد على استتباب البيئة الداخلية للجسم.
D. يعد تنظيم مستوى سكر الدم من الأمثلة عليه.",B,B
3832,"تحّرض العوامل التالية إفراز عصارة بنكرياسية غنّية بالإنزيمات:

الاختيارات:
A. الأستيل كولين والكوليسيستوكينين
B. الأستيل كولين والسكرتين
C. السكرتين والكوليسيستوكينين
D. السكرتين والغاسترين",C,A
3833,"مرض فوق فليراند :

الاختيارات:
A. يحصل فيه تطاول زمن النزف
B. وراثته جسمية مقهورة
C. هو الناعور الوعائي
D. كل ما سبق صحيح",D,D
3834,"يتم إعادة امتصاص القسم الأعظم من الماء المرتشح في مستوى:

الاختيارات:
A. النبيبات الدانية
B. عروة هانلي
C. النبيبات القاصية
D. النبيبات الجامعة",C,A
3835,"حجم الدم الذي يضخه البطين الأيسر في الدقيقة:

الاختيارات:
A. أكبر من الحجم الذي يضخه البطين الأيمن.
B. أقل من الحجم الذي يضخه البطين الأيمن.
C. نفس الحجم الذي يضخه البطين الأيمن.
D. أكبر أو أصغر حسب قوة الانقباض.",C,C
3836,"يؤدي تنبيه مستقبلات بيتا إلى ما يلي عدا:

الاختيارات:
A. تسّرع القلب
B. تقلص العضلات التنفسية
C. إرخاء الأمعاء
D. تحلل الشحوم",B,B
3837,"- أهمية السوفاكتانت الوظيفية هي:

الاختيارات:
A. نقص قوى التوتر السطحي داخل السنخ.
B. إرخاء العضلات الملس في الطرق التنفسية.
C. إرخاء المعصرات قبل الشعرية.
D. تحريض إفراز المخاط.",A,A
3838,"الصوت الأول للقلب ناتج عن :

الاختيارات:
A. لانغلاق الصمامات السينية
B. تقبض البطنيات
C. انغلاق الصمامات الأذينية البطينية
D. تقبض الاذينات",C,C
3839,"الخاطئ حول تأثير النورادرينالين:

الاختيارات:
A. يحرض تقليص العضلات الملمس في الاوعية الدموية للجلد
B. ارخاء العضلات الملس في المعي
C. انتصاب القضيب
D. انتصاب الشعر",A,C
3840,"معدل التهوية السنخية

الاختيارات:
A. X TV معدل التنفس في الدقيقة
B. الحيز الميت × معدل التنفس في الدقيقة
C. ( TV - الحيز الميت ) × معدل التنفس في الدقيقة
D. هي حجم الهواء الجديد الذي يدخل الرئتين كل دقيقة",D,C
3841,"من المقبضات الوعائية:

الاختيارات:
A. السيروتونين
B. الادرينالين
C. البروستاسايكلين
D. عامل فون ويلبراند",B,D
3842,"اختر الإجابة الخاطئة :

الاختيارات:
A. ضغط O2 في الأسناخ أقل من ضغطه في الهواء الجوي
B. ضغط CO2 في الأسناخ أكبر من ضغطه في الهواء الجوي
C. ضغط الـO2 في هواء الزفير اقل من ضغطه في الأسناخ
D. ضغط ال CO2 في هواء الزفير أقل من ضغطه في الأسناخ",C,C
3843,"الخلايا التي تمتلك أسرع النظم الأسرع من زوال الاستقطاب:

الاختيارات:
A. العقدة الجيبية الأذينية.
B. العقدة الأذينية البطينية.
C. حزمة هيس.
D. ألياف بوركنجي.",C,A
3844,"ينشأ من الشريان السباتي الخارجي كل ما يلي عدا:

الاختيارات:
A. الشريان القذالي
B. الشريان الدرقي العلوي
C. الشريان الفقري
D. الشريان الوجهي",C,C
3845,"وظيفته تسريع عملية تشكل الترومبوبلاستين الصفيحي:

الاختيارات:
A. العامل الخامس
B. العامل الثالث
C. العامل السابع
D. العامل التاسع",D,C
3846,"يعمل على تسهيل الانتقال بين الشهيق والزفير :

الاختيارات:
A. المجموعة التنفسية الظهرية
B. المجموعة التنفسية البطنية
C. مولد النسق المركزي
D. مركز التنفس الجسري",D,D
3847,"من طرائق التشخيص المخبرية والشعاعية للانت البولي:

الاختيارات:
A. إجراء زرع البول.
B. مراقبة ضغط الدم وقياس الرينين والانجيوتينسين
C. التصوير الشعاعي بالإيكو دوبلر
D. كل ما سبق صحيح.",D,D
3848,"يزداد التخصص في الأسناخ الرئوية

الاختيارات:
A. بزيادة كمية السيرفاكتانت
B. بتضيق فوهة القصيبات
C. بزيادة قطر المنفذ
D. بزيادة نسبة التهوية على التروية",D,B
3849,"يعرف بالموجهة الجسدية:

الاختيارات:
A. البرولاكتين
B. الموجهة الكظرية
C. هرمون النمو
D. الموجهة التناسلية",B,C
3850,"يعمل الترحام كـ:

الاختيارات:
A. مستقبل الأصداء النبضة
B. دام مصدر للأمواج بالنمط المستمر
C. مصدر للأمواج بالنمط النبضي
D. كل ما سبق",D,D
3851,"العقدة الرأسية للجهاز العصبي المستقل هي:

الاختيارات:
A. المخ
B. البصلة السيسانية
C. الوطاء
D. المهاد",B,C
3852,"كل مما يلي من أشكال ابيضاض الدم الحاد ما عدا :

الاختيارات:
A. ابيضاض الدم بالأرومة الوحيدة.
B. ابيضاض الدم ذو الخلايا المصلية.
C. الابيضاض اللمفاوي يحدث في سن الأربعين
D. داء غوغليمو.",C,B
3853,"محطة رئيسية دماغية تتكامل فيها وظائف الجهاز العصبي المستقل مع وظائف البنى العصبية الأخرى:

الاختيارات:
A. البصلة السيسائية
B. جسر الدماغ
C. الجسم اللوزي
D. الوطاء",D,D
3854,"فيما يخص احساسات الجلد الآلية والحرارية :

الاختيارات:
A. يختلف توزع بين مناطق الجسم المختلفة
B. النهايات العصبية الحرة تتوزع بغزارة في الجلد
C. تستجيب النهايات العصبية للنماذج الحسية كافة
D. كل ما سبق صحيح",D,D
3855,"- التحويلة الفيزيولوجية:

الاختيارات:
A. نسبة VA/Q تحت القيمة السوية.
B. نسبة VA/Q فوق القيمة السوية.
C. نسبة VAQ تساوي القيمة السوية.
D. ليس لهذه النسبة علاقة بالتحويلة الفيزيولوجية",A,A
3856,"كل ما يلي ينتقل عبر الألياف BA عدا:

الاختيارات:
A. مايستر
B. باشيني
C. النهايات العصبية الحرة
D. أقراص ميركل",C,C
3857,"الناقل العصبي المحرر من طرفيات الألياف بعد العقدية فى القسم الودي :

الاختيارات:
A. الأستيل كولين
B. النور أدرينالين
C. الاستيل كولين أو النور أدرينالين
D. الدوبامين",B,C
3858,"النسيج الضام الدبقي :

الاختيارات:
A. هو نسيج داعم في الجهاز العصبي المركزي
B. يفوق عدده 50 ضعف عدد العصبونات
C. غير قادر على توليد سيالة عصبية
D. كل ما سبق صحيح",D,D
3859,"يزداد معدل الرشح الكبيبي في كل مما يلي عدا:

الاختيارات:
A. توسع الشريان الوارد
B. انخفاض الضغط التناضحي الغرواني لبروتينات البلازما
C. ارتفاع الضغط في محفظة بومان
D. ارتفاع الضغط المائي السكوني للشعريات الكبية",D,C
3860,"كل ما يلى من تأثيرات الانجيوتنسين 2 عدا:

الاختيارات:
A. يحبس سوائل
B. بقبض الأوعية
C. يثبط افراز الآلدوسترون
D. يزيد الحساسية للمقبضات",C,C
3861,"ما يلي من خصائص األوردة في الحالت السوّية عدا:

الاختيارات:
A. انخفاض مطاوعتها
B. انخفاض الضغط فيها
C. احتوائها على أكثر من 60 % من الدم
D. تكون كمية السوائل التي تخرج منها أعلى من التي تعود إليها",D,A
3862,"كل ما يلي صحيح عن الصمامات عدا:

الاختيارات:
A. تعمل بشكل منفعل
B. ترتبط بالعضلات الحلمية.
C. الصمامات الشريانية أكثر قطراً من الأذينية البطينية.
D. تمنع عودة الدم بالاتجاه المعاكس.",B,C
3863,"من المناعة المكتسبة :

الاختيارات:
A. الليزوزيم
B. اللمفاويات المفعلة
C. الاضداد
D. الاجابتين b+c",C,D
3864,"فيما يخص غمد شوان :

الاختيارات:
A. يختفي في منطقة اتصال المحوار مع جسم الخلية
B. يمنح الألياف العصبية المحيطية القدرة على التجدد
C. يزيد سرعة النقل في الألياف العصبية
D. كل من A, B صحيح",D,D
3865,"من فرضيات التوتر الشرياني الاساسي

الاختيارات:
A. انخفاض نتاج القلب.
B. الحمية منخفضة الملح.
C. احتباس الماء والأملاح.
D. نقصان المقاومة الوعائية.",C,C
3866,"اختر المعلومة الخاطئة فيما يتعلق بثابت ""عمر الحالة المثارة"":

الاختيارات:
A. يتعلق الثابت بالموجة الواردة
B. يأخذ قيمة تمتد من الثانية إلى النانو ثانية
C. يتناسب عند الذرات التي تملك مستويات طاقة محددة طردياً مع مربع الثابت
D. يتعلق الثابت بالذرة المثارة و بالمستوى",A,C
3867,"ضغط النبضة :

الاختيارات:
A. الانقباضي + الانبساطي
B. (2 الانقباضي + الانبساطي )/۳
C. الانقباضي - الانبساطي
D. (الانقباضي +2 الانبساطي) /۳",B,C
3868,"تؤدي خلايا سيرتولي في الخصية دواراً مهماً في:

الاختيارات:
A. إنتاج التستستيرون
B. تغذية النطاف
C. تثبيط الحاثةFSH
D. تحرض نمو وتطور الأعضاء التناسلية الظاهرة",B,B
3869,"وظيفة العزل الكهربائي في الالياف النخاعينية:

الاختيارات:
A. نقص سعة الغشاء نحو 50 ضعف
B. يسمح حدوث عود استقطاب بنقل عدد قليل من الشوارد
C. الخيارين صحيحين
D. الخيارين خاطئين",C,C
3870,"تسهم حموضة المعدة المرتفعة بما يلي عدا:

الاختيارات:
A. تحويل التريبسينوجين إلى تربسين
B. تحريض العفج على إفراز السكرتين
C. قتل العوامل الممرضة
D. المساعدة على امتصاص الحديد و الكالسيوم",B,A
3871,"أحد أشكال الليزرات فوق البنفسجية هو:

الاختيارات:
A. ليزر الإكسايمر
B. ليزر CO2
C. ليزر الإكسبلكس
D. A, B",C,D
3872,"خلال طور زوال الاستقطاب غي العصبون تكون:

الاختيارات:
A. قنوات البوتاسيوم مفتوحة
B. قنوات الصوديوم مفتوحة
C. كلاهما مفتوحان
D. كلاهما مغلقان",C,B
3873,"توجد مستقبلات الضغط في كل البنى التالية عدا:

الاختيارات:
A. قوس الابهر
B. الاذينة اليمنى
C. الشرايين الكبيرة في منطقة الصدر والعنق
D. الجيب السباتي",D,B
3874,"يتروى النسيج الضام للرئة ب:

الاختيارات:
A. الشريان الرئوي.
B. الشريان الأبهر مباشرة.
C. الفروع القصبية للأبهر.
D. الفروع الرئوية للأبهر.",D,C
3875,"تتميز أنواع النفرونات في الكلية بما يلي عدا

الاختيارات:
A. النفرونات القشرية تشكل ٨٥٪ من عدد النفرونات الإجمالي
B. النفرونات قرب اللب تمتلك عرى هانلي طويلة
C. يحدث تركيز البول في النفرونات القشرية
D. يتم إعادة امتصاص معظم حجم الرشاحة الكبيبية في النبيب القريب
E. النفرونات غير قابلة للتجدد",C,C
3876,"تؤدي الأملاح الصفراوية الوظائف التالية عدا:

الاختيارات:
A. تؤدي دورا مهما في هضم الدسم
B. حلمهة الشحوم
C. تؤدي دورا في تركيب الشحوم الفوسفورية وإفرازها
D. منع تشكل الحصيات الصفراوية",D,B
3877,"إن مصطلح DCT يعني:

الاختيارات:
A. التصوير المقطعي للترابط الضوئي
B. التصوير الصدى الصوتي
C. A,B
D. كل ما سبق خاطئ",A,C
3878,"فيما يتعلق بتمييز حس النقطتين :

الاختيارات:
A. يجب ان تكون العينان مغمضتان
B. تختلف عتبة التمييز اللمسي باختلاف مناطق سطح الجسم
C. تزداد مسافة التمييز كثيرا في منطقة الظهر
D. كل ما سبق صحيح",D,D
3879,"البوابات التي تتحكم بنفوذية القنوات للشوارد التي تسهم في تشكيل كامن الفعل:

الاختيارات:
A. القنوات المبوبة بالربيطة
B. قنوات البروتين
C. قنوات شحمية
D. القنوات المبوبة بالفولطاج",A,D
3880,"ضروري لتفعيل بقية الصفيحات:

الاختيارات:
A. PF3
B. ADP
C. خيوط الاكتين والميوزين
D. السروتونين",B,D
3881,"الخاطئ فيما يخص امتصاص الفيتامينات :

الاختيارات:
A. يرتبط امتصاص الفيتامينات الذوابة بالدسم بوجود الاملاح الصفراوية
B. فيتامين ي وفيتامين د من الفيتامينات المنحلة بالماء والدسم
C. فيتامين ب وفيتامين ث من الفيتامينات المنحلة بالماء
D. فيتامين ا وفيتامين ك من الفيتامينات المنحلة بالدسم",B,B
3882,"متلازمة ليش نيهان :

الاختيارات:
A. فقر الدم العرطل مع تخلف علقي.
B. فقر الدم العرطل فقط
C. فقر الدم الخبيث.
D. فقر الدم الشبابي.",A,A
3883,"الانسجة اللينة والعضلات تحوي:

الاختيارات:
A. 10% ماء
B. 20% ماء
C. 45% ماء
D. 65% ماء",D,D
3884,"تتصف ألية التلقيم الراجع السلبي بما يلي ما عدا:

الاختيارات:
A. تعمل بها معظم أجهزة التحكم المعنية باستتباب بيئة الجسم الداخلية
B. تحافظ على حالة الاستتباب
C. تعمل على تعزيز المتغير البدئي
D. تشارك بشكل واسع في تنظيم عدد كبير من المتغيرات البيولوجية مثل تنظيم سكر الدم",C,C
3885,"المدير المعلومة الخاطئة فيما يتعلق بليزر الإكسامر:

الاختيارات:
A. يتجمع بين غاز حامل وآخر فعال
B. لا يوجد الحربي الكاتب إلا في الحالة المثارة
C. يستخدم في مكنة المواد العضوية والمكرونة
D. يعمل بنضية الحرق بدقة متناهية",B,D
3886,"أجهزة التحكم والضبط والمراقبة في الجسم:

الاختيارات:
A. جهاز الدوران
B. جهاز التنفس
C. العصبى الصماوى
D. جهاز الهضم",C,C
3887,"إن لمعة كل مما يلي غير مهدبة ما عدا :

الاختيارات:
A. النبيب الداني.
B. النبيب القاصي.
C. النبيب الجامع.
D. عروة هائلي.",B,A
3888,"في حالة التوازن الحراري تخضع الذرات لقانون بولتزمان ويكون أي إشعاع وارد

الاختيارات:
A. احتمال تحريضه للإصدار المحتوث يساوي الواحد
B. احتمال تحريضه للإصدار التلقائي يساوي العمر تقريباً
C. احتمال اختصاصه يساوي الواحد تقريباً
D. كل ما سبق خاطئ",A,B
3889,"يكون النسيج شديد الامتصاص عند الطولين الموجيين 2.9 و 6.0 وهما تنجمان عن:

الاختيارات:
A. الحركات الاهتزازية لجزيء الماء
B. الحركات الدورانية لجزيء الماء
C. الحركات الانتفاعية لجزيء الماء
D. A, B",D,D
3890,"تتشكل الحموض الصفراوية من :

الاختيارات:
A. من الكوليسترول في الكبد
B. من الحموض النووية
C. من الحموض الأمينية
D. كل ما سبق صحيح",A,A
3891,"تحررها نهايات المحاوير العصبية في المشابك والموصلات المشبكية :

الاختيارات:
A. النواقل عصبية
B. الهرمونات
C. الهرمونات العصبية الصماوية
D. السيتوكينات",A,A
3892,"كل ما يلي من الخواص الهرمونية للانجيوتنسين II ما عدا :

الاختيارات:
A. مقبض وعائي.
B. يزيد معدل الرشح الكبيبي.
C. ينشط افراز ADH
D. يثير مركز العطش في الوطاء.",B,B
3893,"الترانسفيرين ينقل:

الاختيارات:
A. النحاس
B. الحديدي
C. الكلور
D. الأوكسجين",B,B
3894,"يعمل على تنظيم إفراز الكورتيزول:

الاختيارات:
A. TRH
B. ACTH
C. CRH
D. GnRH",B,B
3895,"الإحساس الذي يمكن أن ُيدرك كلياً في لمهاد هو:

الاختيارات:
A. حس الألم
B. حس الحرارة
C. الإحساسات الجنسية
D. حس الدغدغة",D,A
3896,"توجد المستقبلات المسكارينية في:

الاختيارات:
A. المشابك بين العصبونات قبل العقدية وبعد العقدية للجهاز اللاودي
B. العقد المستقلة
C. الخلايا المستجيبة للتنبيه بالعصبونات الكولينية الفعل بعد العقدية
D. الوصل العصبي العضلي",A,C
3897,"يكون التصالب في المسلك الأمامي الجانبي في مستوى:

الاختيارات:
A. البصلة السيسائية
B. المهاد
C. النخاع الشوكي
D. القشر المخى",C,C
3898,"يقوم بمراقبة اسمولية البلازما كل مما يلي عدا:

الاختيارات:
A. الكولين استيراز
B. الكليتان.
C. ADH.
D. مستقبلات الضغط في الوطاء.",B,A
3899,"Functional Residual Capacityهي:

الاختيارات:
A. كمية الهواء الموجودة في الرئتين عند نهاية الزفير الجهدي
B. كمية الهواء الموجودة في الرئتين عند نهاية الزفير السوي
C. كمية الهواء الموجودة في الرئتين عند نهاية الشهيق السوي
D. كمية الهواء في زفير جهدي يتلو شهيق جهدي",B,B
3900,"الصحيح ينتظم وظائف الجسم:

الاختيارات:
A. قدر الكائن على الحفاظ على حالة داخلية ديناميكية
B. يوجد نوعان من التنظيم كيميائي (هرموني) وعصبي
C. التنظيم الذاتي هو جزء من التنظيم العصبي
D. كل ما سبق خاطئ",A,D
3901,"بالنسبة لحجم الدم:

الاختيارات:
A. حجمه لا يختلف باختلاف كتل الأشخاص
B. لا يتعلق حجمه بالجنس
C. حجمه يبلغ 5 ل عند شخص ووزنه 70kg
D. يغلب الجزء الخلوي على الجزء السائل في تكوينه",C,C
3902,"المستراصات :

الاختيارات:
A. بروتينات غلوبيولينة مناعية.
B. بروتينات سكرية.
C. لا تتواجد الا في المصل.
D. نسبة وجودها %9% على سطح RBCs",D,B
3903,"العقوية الوعائية كل ما يلي ما عدا:

الاختيارات:
A. تعصب العضلات الملساء للأوعية الدموية.
B. استجابتها شديدة عندما تتبدل شدة المنبه.
C. تختلف من عضو لآخر.
D. تخرج من T1 وحتى L2",B,B
3904,"عند اعطاء مثبطات انهيدراز کاربونیکا :

الاختيارات:
A. يزداد CI داخل الكرية
B. يزداد نقل ال Co2 في الدم
C. يزداد Pco2 النسيجي
D. تحدث ظاهرة الزيحان الكلوري",D,C
3905,"الجهاز الانزيمي في الصفيحات يشكل اعتباراً من حمض الاراشيدونيك:

الاختيارات:
A. الترومبوكسان A2
B. البروستاسايكلين
C. السبروتين
D. ADP",B,D
3906,"يخلص مسلك العمود الظهري بكل مما يلي عدا :

الاختيارات:
A. حس الاهتزاز
B. احساس اللمس المرهف
C. حس البرودة والدفء
D. حس الوضع",B,D
3907,"اذا كانت الكرية الحمراء لا تحوي مولد ارتصاص فتكون الزمرة:

الاختيارات:
A. A
B. B
C. AB
D. O",C,D
3908,"كل مما يلي صحيح عن علم شكل الأعضاء Morphology ما عدا:

الاختيارات:
A. الدراسة المهتمة بها تكون وصفية.
B. هي علوم ديناميكية.
C. تعتمد الدراسات على تشريح أجزاء من جسم الكائن الحي.
D. نتائج الدراسات تكون ثابتة ومستقلة.",B,B
3909,"كل ما يلي افرازة منفعل عدا:

الاختيارات:
A. NH3
B. عقار الكينيدين
C. حمض الصفصاف
D. البار امينو هيبوربك اسيد",C,D
3910,"الخاطئ حول ضبط وظائف الاحشاء:

الاختيارات:
A. عمل الجهازين العصبي والمستقل والجسدي مستقلان عن بعضهما
B. يمكن للعوامل النفسية ان تظهر باعراض حشوية جسدية
C. يضبط الجهاز المستقل البيئه الداخية للجسم
D. ينظم الجهاز العصبي المستقل دوران الدم بشكل غير مباشر",B,A
3911,"مثبطات لتكوين الكرية الحمراء:

الاختيارات:
A. البروجسترون
B. التستسترون
C. الاستروجين
D. كل من C,A",D,D
3912,"ناظم القلب هو:

الاختيارات:
A. العقدة الأذينية البطينية.
B. حزمة هيس.
C. العقدة الجيبية.
D. ألياف بوركنج.",C,C
3913,"كل مايلي صحيح عن الدوران اللمفي عدا:

الاختيارات:
A. يشبه عمل الدوران الوريدي.
B. أهميته كمية بشكل خاص.
C. تتم اعادة البروتينات المتسربة للأوردة.
D. ذو اهمية نوعية.",B,B
3914,"عند وضع الكريات الحمر في وسط منخفض الضغط الحلولي:

الاختيارات:
A. تنكمش
B. تنتيج
C. لا تناثر
D. كل ما سبق خاطئ",B,B
3915,"ليس من أجهزة التماس:

الاختيارات:
A. جهاز التنفس.
B. جهاز الهضم.
C. الدم.
D. الجلد وأعضاء الحس.",C,C
3916,"الشعيرات الدموية حول النبيبة :

الاختيارات:
A. الضغط الدموي مرتفع حوالي 25 ممز
B. الضغط الغوراني منخفض حوالي 10 ممز
C. يحدث امتصاص للسوائل
D. كل ما سبق صحيح",D,C
3917,"كل ما يلي يسرع الجريان الدموي عدا:

الاختيارات:
A. كثرة الكريات الحمراء.
B. توسع الأوعية الدموية.
C. نقص فرق الضغط.
D. ارتفاع نسبة البروتينات في البلازما الدموية.",C,C
3918,"الجهاز الانزيمي في الخلايا البطانية السليمة يشكل اعتباراً من حمض الاراشيدونيك:

الاختيارات:
A. الترومبوكسان A2
B. البروستاسايكلين
C. السبروتين
D. ADP",B,A
3919,"المرحلة ٢ من كمون عمل العضلة القلبية:

الاختيارات:
A. زوال استقطاب مديد.
B. خروج الكالسيوم من الشبكة الساركوبلازمية و التقلص.
C. انخفاض نفوذية الليف للبوتاسيوم خمس أضعاف.
D. كل ما سبق صحيح.",D,D
3920,"المشابك التي تتحكم بكمية الناقل العصبي الذي تحرره النهايات المحوارية استجابة للإشارات التي نتلقاها من عصبون آخر هي:

الاختيارات:
A. Axo- dendritic
B. Axo- somatic
C. Axo- Axonic
D. Dendro- dendritic",C,C
3921,"من الأمثلة عن الدوران المختلط:

الاختيارات:
A. الكلية
B. القلب
C. العضلات
D. الكبد",B,C
3922,"تزداد كمية الهيموغلوبين في حالات فيزيولوجية سوية مثل:

الاختيارات:
A. امراض القلب الوراثية
B. امراض الرئة
C. المدخنين و سكان المرتفعات
D. كل ما سبق صحيح",D,C
3923,"أي مما يلي يزيد معدل الترشيح الكبيبي GFR

الاختيارات:
A. انخفاض BP الشعري.
B. النزف.
C. زيادة تدفق الدم الكلوي.
D. كل ماسبق صحيح.",C,C
3924,"اختر الإجابة الصحيحة:

الاختيارات:
A. فيتامين ب ۱۲ وحمض الفوليك عاملان ضروريان لتجميع الحمض النووي ونضج الخلايا الحمراء.
B. كل ذرة خضاب تحوي ذرتي هيم.
C. كل ذرة خضاب تحوي اربع ذرات هيم وثمان ذرات حديد وتتحد مع ثمان ذرات اوكسجين.
D. كل ما سبق خاطئ",A,A
3925,"تتناسب سرعة النقل في الالياف العصبية اللانخاعينية مع:

الاختيارات:
A. الجذر التربيعي ل قطر الليف
B. الجذر التكعيبي ل قطر الليف
C. مربع قطر الليف
D. مع قطر الليف",B,A
3926,"تطرح الكلية شوارد الهيدروجين علي شكل:

الاختيارات:
A. فشفات حامضية
B. امونيوم
C. Nh4+
D. كل ما سبق صحيح",D,D
3927,"يحرض انتاج النطاف :

الاختيارات:
A. FSH
B. التستسترون
C. كلاهما صح
D. كلاهما خطأ",C,C
3928,"فيما يخص آلية عمل الهرمونات كل ما يأتي صحيح عدا:

الاختيارات:
A. كل مستقبل يتميز بنوعية عالية لهرمون معين
B. إحداث استجابة خلوية كبيرة تحتاج لكميات كبيرة من الهرمون
C. تزداد شدة الاستجابة الخلوية بزيادة عدد المستقبلات الهرمونية
D. تأثير هرمون ما لا يطال كل خلايا الجسم",B,B
3929,"حجم البول:

الاختيارات:
A. يساوي حجم الرشاحة الكبيبة
B. اكبر من حجم الرشاحة الكبيبة
C. اقل من حجم الرشاحة الكبيبة
D. يمكن ان يكون اكبر او اصغر من حجم الرشاحة الكبيبة",D,C
3930,"كل ما يلي من العوامل الرافعة للضغط الشرياني عدا:

الاختيارات:
A. جملة الرنين – أنجيوتنسين I I
B. الألدوستيرون
C. هرمون ال ADH
D. البراديكنين",D,D
3931,"التصفية الكلوية لمادة يساوي :

الاختيارات:
A. معدل الافراغ الكلوي للمادة / تركيزها بالبلازما
B. معدل الافراغ الكلوي للمادة x تركيزها البلازمي
C. تركيز المادة بالبلازما x تركيز المادة بالبول
D. تركيز المادة بالبلازما / تركيز المادة بالبول",A,A
3932,"كل مايلي صحيح عن الشبكيات ماعدا :

الاختيارات:
A. تحوي RNA ولا تملك نواة.
B. هي المرحلة السابقة لتشكل الكريات الحمراء الناضجة.
C. نقصها يدل على زيادة نشاط نقي العظم.
D. تدعى reticulocyte",C,C
3933,"فيما يخص الصحة (الإجابة الخاطئة):

الاختيارات:
A. تتضمن البيئة التي يعيش فيها الفرد
B. مقومات الصحة جسدية عقلية اجتماعية
C. يكفي غياب الداء أو العاهة ليكون الانسان صحي
D. يجب ان تكون جميع مكوناتها سليمة ليكون الانسان بصحة تامة",C,C
3934,"الشرائط القاتمة:

الاختيارات:
A. تدعى شريط sotropicA (Ani)
B. تتشكل من ميوزين فقط
C. خيوط الميوزين متجانسة في ضوء مستقطب
D. كل من A و bصح",D,A
3935,"تقع أجسام عصبونات المرتبة الثانية للإلحساسات المنقولة بمسلك العمود الظهري في:

الاختيارات:
A. النواتين الناحلة والإسفينية
B. القرن الخلفي للنخاع الشوكي
C. المهاد
D. التّشكلات الشبكية الصاعدة",B,C
3936,"حاملة اللون الرئيسيان في النافذة الضوئية واللقان تحددان لون نسيج معين هما الشكلان:

الاختيارات:
A. المرجع Hb O2 – المؤكسج HD
B. المرجع HD – المؤكسج Hb O2
C. الهيموغلوبين المؤكسخ – الهيموغلوبين منزوع الاوكسجين
D. C.B",C,D
3937,"تتناسب سرعة الانتشار البسيط:

الاختيارات:
A. طردا مع تركيز المادة المنتشرة
B. طردا مع مدروج تركيز المادة المنتشرة
C. عكساً مع تركيز المادة المنتشرة
D. عكساً مع مدروج تركيز المادة المنتشرة",D,B
3938,"أي العبارات التالية صحيحة :

الاختيارات:
A. تغير الحجم بتغير الضغط يقيس المطاوعة الرئوية
B. تتعلق المطاوعة الكلية للصدر بمطاوعة الصدر فقط
C. الارتداد المرن للرئتين يدعم الشهيق
D. يحافظ السورفوكتانت على توتر سطحي ثابت",A,A
3939,"تحرر شوارد الكالسيوم من الشبكة الهيولية في العضلات الهيكلية يحدث بآلية:

الاختيارات:
A. الانتشار
B. النقل المّيسر
C. النقل المرافق
D. النقل الفاعل الأولي",C,A
3940,"يؤدي ارتفاع الضغط الشرياني إلى ما يلي ما عدا:

الاختيارات:
A. تنبيه مستقبالت الـBaroreceptors
B. تسرع القلب
C. توسع الأوعية وإنقاص مقاومته
D. انخفاض القوة التقلصية للقلب",B,B
3941,"ما يؤكد الدور األهم للمراكز الشوكية والبصلية في وظيفة الجهاز العصبي المستقل:

الاختيارات:
A. عدم حدوث تبدلت مهمة في وظائف الجهاز العصبي المستقبل عند قطع جذع الدماغ فوق مستوى البصلة
B. عدم حدوث تبدلت مهمة في وظائف الجهاز العصبي المستقبل عند قطع جذع الدماغ فوق مستوى البصلة
C. يؤلف الجهاز الحوفي منطقة واسعة من أدمغة الحيوانات الدن
D. ارتباط الوطاء ارتباطا وثيقا مع الجهاز الحوفي",C,A
3942,"الهدف الساسي للنقل الفاعل عبر الغشاء:

الاختيارات:
A. الوصول لتركيز متساو للمادة على جانبي الغشاء
B. الحفاظ على مدروج تركيز مرتفع للمادة عبر الغشاء
C. توفير استهالك الطاقة
D. زيادة حساسية قنوات الفولطاج",B,B
3943,"في تنظيم الميوزين عبر الفسفرة :

الاختيارات:
A. اتحاد شوارد الكالسيوم والكالموديوم مع كيناز السلسلة الخفيفة.
B. قيام معقد الكالسيوم كالموديوم كيناز بفسفرة السلسة الخفيفة ..
C. يحدث في العضلات الملساء للأوعية.
D. كل ما سبق صحيح.",D,D
3944,"يؤدي انخفاض الضغط الشرياني إلى ما يلي ما عدا:

الاختيارات:
A. تثبيط مستقبلات الضغط
B. تقبض الأوعية الدموية
C. بطء القلب
D. زيادة القوة التقلصية للقلب",D,C
3945,"يؤثر تغير كمية الأوكسجين في الأسناخ على:

الاختيارات:
A. الأوعية الدموية للسنخ
B. العضلات الملس لقصبة السنخ
C. مستوى السورفاكتانت في الأسناخ
D. السعة الحيوية للرئتين",D,A
3946,"يتميز الغشاء الكبيبي بكل مما يلي عدا

الاختيارات:
A. تشكل الخلايا القدمية (Podocytes) الطبقة الخارجية منه
B. يحتوي الغشاء القاعدي على بروتينات سكرية ذات شحنة موجبة
C. يسمح للجزيئات ذات معامل نفاذية يساوي 1 بالعبور بحرية
D. الجزيئات الأكبر قطرًا من 9 نانومتر لا تستطيع العبور
E. يتميز بنفاذية عالية مقارنة بالشعيرات الدموية الأخرى",C,B
3947,"كل العبارات التالية خاطئة حول انتشار مي ما عدا:

الاختيارات:
A. يحدث عندما تكون أبعاد الجسيمات أكبر من طول موجة الإشعاع الوارد
B. يبدي ارتباطًا بالطول الموجي أكثر مما عليه في انتشار ريليه
C. يحدث بشكل أفضل في اتجاه الأمام
D. إن شدته الأمامية والخلفية متساويتان",A,C
3948,"اكل الحالات الأتية تنقص إفراز ADH عدا:

الاختيارات:
A. زيادة الضغط التناضحي
B. زيادة حجم الدم الجائل
C. تنبيه مستقبلات الضغط في لشريان الأبهر
D. الكحول",D,A
3949,"كل ما يلي صحيح عن الكريات الحمر عدا:

الاختيارات:
A. قرصية الشكل
B. لونها أحمر عديمة الحركة
C. منواة عند الانسان والثديات
D. غير قادرة على الانقسام عند الانسان",D,C
3950,"النقل الفاعل الثانوي:

الاختيارات:
A. لا يحتاج لطاقة
B. يحدث مع انتشار الصوديوم لداخل الخلية
C. لا يحتاج بروتين حامل
D. كل ما سبق صحيح",B,B
3951,"إن سبب ال macrocytic anemia:

الاختيارات:
A. نقص vitB12
B. نقص حمض الفوليك.
C. نقص انتاج الDNA.
D. كل مماسبق.",D,D
3952,"أقصى مدة لحفظ الدم:

الاختيارات:
A. 5 أيام
B. 10 أيام
C. 20 يوم
D. شهر",B,C
3953,"ينقص الكورتيزول كل مما يلي عدا :

الاختيارات:
A. عدد اللمفاويات في الدم
B. الحموض الشحمية الحرة في الدم.
C. انتاج الاضداد و الحمضات في الدم
D. انتاج الانترلوكين في الكريات البيض",C,B
3954,"كل ما يلي يحدث عند نقص الكالسيوم في السائل خارج الخلوي ما عدا:

الاختيارات:
A. تصبح قنوات الصوديوم حساسة جداً لأي زيادة في كامن الغشاء فوق مستوى الراحة
B. تصبح الألياف العصبية عالية الاستثارة
C. Tetanus
D. الارتخاء العضلي",B,D
3955,"عندما تكون تهوية السنخ أعلى من ترويته الدّموية:

الاختيارات:
A. تحويلة فيزيولوجية
B. حيز ميت فيزيولوجي
C. التّهوية الكلّية والجريان الكلّي متوافقين
D. تبقى تروية السنخ كافية",C,B
3956,"تمنع الهرمونات التالية تقويض البروتينات في الجسم عدا:

الاختيارات:
A. الكورتيزول
B. هرمونات الدرق 3Tو 4T
C. هرمون النمو
D. التستوستيرون",B,A
3957,"من وظائف الهرمون الدريقي:

الاختيارات:
A. تفعيل الخاليا البانية للعظام
B. يثبّط إعادة امتصاص شوارد الكالسيوم والفسفات في مستوى الكلية
C. زيادة إفراز الفسفات مع البول
D. يزيد طرح الفسفات والكالسيوم مع البول",A,C
3958,"يتظاهر التفريغ الجسيم للودّي بما يلي عدا:

الاختيارات:
A. زيادة نتاج القلب
B. ازدياد جريان الدم في العضلات الهيكلية
C. ارتفاع معدل الغلوكوز في الدم
D. إفراغ المثانة البولية",B,D
3959,"فيتامين K ضروري لتشكيل العامل:

الاختيارات:
A. الاول
B. الثالث
C. العاشر
D. الثاني عشر",B,A
3960,"تتميز الالياف العضلية السريعة بكل ما يلي عدا:

الاختيارات:
A. شبكة هيولية واسعة
B. عدد قليل من المتقرات
C. كبيرة الاقطار
D. غزيرة التروية الدموية",B,D
3961,"في تجربة ضغط الدم المتغيرات المساعدة هي:

الاختيارات:
A. سرعة القلب
B. قوة التقلص
C. قطر الاوعية الدموية
D. كل ما سبق صحيح",D,D
3962,". تنقص ألفة خضاب الدم للأكسجين في الحالات التالية عدا:

الاختيارات:
A. زيادة تركيز شوارد الهيدروجين في الدم.
B. ارتفاع تركيز ثنائي أكسيد الكربون في الدم.
C. زيادة DPG في الدم.
D. ارتفاع الضغط الجزئي للأكسجين.",B,D
3963,"في حال التجفاف:

الاختيارات:
A. يتم افراز ADH من النخامة الخلفية
B. بول أكثر تركيزاً
C. إعادة امتصاص ماء الكلية
D. كل ما سبق صحيح",D,D
3964,"تدفق الدم:

الاختيارات:
A. يزيد عن النتاج القلبي
B. يساوي النتاج القلبي
C. أقل من النتاج القلبي
D. كل ما سبق خاطئ",B,B
3965,"في التمارين الرياضية كل ما سبق صحيح عدا :

الاختيارات:
A. يزداد عدد الشعيرات المفتوحة
B. الوداد المقاومة الوعائية الرئوية
C. لا يرتفع الضغط الشرياني الا قليلا
D. يزداد معدل الجريان عبر كل وعاء شعري",C,B
3966,"المسلك الأمامي الجانبي للألحاسيس التالية عدا:

الاختيارات:
A. حس االألم
B. احساسات اللمس الفج
C. الحساسات الحرارية
D. اللمس الدقيق",B,D
3967,"الصفيحات الدموية

الاختيارات:
A. عمرها من 20-30 يوم
B. تحوى يروتينات تقلصيه
C. تحوى الانزيم CD39
D. تفرز عامل فون ويلبراند
E. تفرز البروستاغلاندين 12",C,D
3968,"يزيد استثارية الليف العصبي:

الاختيارات:
A. وجود البروكانين
B. نقص الكالسيوم
C. زيادة كمية التتراكانين
D. B+C",D,A
3969,"فيما يتعلّق بالهرمونات كل ما يلي صحيح عدا:

الاختيارات:
A. إما أن تكون ستيروئيدات أو بروتينات
B. الهرمونات الستيروئيدية هي هرمونات قشر الكظر و الأقتاد
C. تكون مستقبلات الهرمونات البروتينية على جدار الخلايا الهدف
D. كل الهرمونات الاستيروئيدية و هرمونات الدرق تزيد مستوى الكاسيوم داخل الخلية",D,D
3970,"إن لمعة كل مما يلي غير مهدبة ما عدا :

الاختيارات:
A. النبيب الداني.
B. النبيب القاصي.
C. النبيب الجامع.
D. عروة هائلي.",B,A
3971,"أي العناصر الآتية لا يخضع لقانون الكل أو العدم:

الاختيارات:
A. العضلة الهيكلية.
B. العضلة القلبية.
C. الليف العصبي.
D. الليف العضلي الهيكلي.",C,A
3972,"كل ما يلي يرفع الضغط عن طريق زيادة نتاج القلب عدا:

الاختيارات:
A. هرمون الدرق
B. الأدرينالين
C. الانجيوتنسين
D. النور أدرينالين",A,C
3973,"اى مما يلي بحالة فتح أثناء طور الراحة:

الاختيارات:
A. بوباة تعطيل قناة الصوديوم
B. قناة الكلور
C. بوابة تفعيل قناة الصوديوم
D. قناة البوتاسيوم",C,A
3974,"تصنف الهرمونات حسب بنيتها الكيميائية الى كل مما يلي عدا :

الاختيارات:
A. بروتينية أو عديدات ببتيد
B. أمينية
C. سكرية
D. ستيروئيدية",C,C
3975,"العضلة القلبية:

الاختيارات:
A. تتألف من مخلاتين و بينهما نسيج ليفي.
B. تختلف تماما عن العضلة الهيكلية.
C. الليف العضلي عبارة عن سيتوبلازما محاطة بغشاء خلوي يحوي نواة واحدة.
D. لا تحوي على خيوط ميوزين وأكتين.",A,A
3976,"المستقبلات الكيميائية المركزية :

الاختيارات:
A. توجد في قوس الأبهر و الشريان السباتي
B. حساسة بشدة لنقص O2 في الدم
C. حساسة بشدة لتغيرات CO2 الحادة
D. A و B",D,C
3977,"تزداد كمية الماء الموجودة في الاحياز الخاصة:

الاختيارات:
A. الاسهال
B. الأقياء
C. التجفاف
D. الجنب وانصباب الجنب",B,D
3978,"الهرمون المطلق للموجهة القشرية هو :

الاختيارات:
A. TRH
B. CRH
C. PIH
D. GNRH",D,B
3979,"يزداد معدل ضربات القلب في الحالات الاتية عدا:

الاختيارات:
A. التنبيه الودي.
B. ارتفاع حرارة الجسم.
C. النزف الدموي.
D. قصور الغدة الدرقية.",D,D
3980,"من الموسعات الوعائية:

الاختيارات:
A. البروستاغلاندين 12
B. البروستاسايكلين
C. اكسيد النتريك
D. كل ما سبق صحيح",D,B
3981,"الشاردة الإيجابية الأساسية في السائل داخل الخلوي:

الاختيارات:
A. صوديوم
B. بوتاسيوم
C. كالسيوم
D. كلور",A,B
3982,"يعصب كل ليف عضلي هيكلي من طرفيه:

الاختيارات:
A. محوار واحد في طرف الليف
B. محوار واحد في وسط الليف
C. محوار من كل طرف
D. كل ما سبق خاطئ",C,B
3983,"يزداد معامل انتشار الغاز بزيادة كل مما يلي عدا :

الاختيارات:
A. قابلية الغاز للذوبان
B. السرعة التي تتحرك بها الجزيئات
C. الوزن الجزيئي للغشاء
D. مساحة الغشاء",C,C
3984,"تزداد قوة القلب التقلصية بازدياد كل مما يلي عدا :

الاختيارات:
A. الديجتال والأدرينالين
B. التنبيه الودي
C. زيادة شدة المنبه
D. طول الاستجابة قبل تقلصها",D,D
3985,"يوافق الانقباض البطيني ما يلي:

الاختيارات:
A. إغلاق الصمامين التاجي ومثلث الشرف.
B. إغلاق الصمامين الأبهري والرئوي.
C. انفتاح الصمامين الأبهري والرئوي.
D. كل ما سبق خطأ.",B,C
3986,"كل ما يلي يفعل الطريق الداخلي عدا:

الاختيارات:
A. اصابة بطانة الوعاء الاملس وتحوله الي سطح خشن
B. تفاعل مناعي اوجرثومي
C. اصابة النسيج او الوعاء الدموي
D. تفاعل دوائي او مادة سامة",B,D
3987,"غازات في الكولون مسؤولة عن رائحة براز :

الاختيارات:
A. الاندول و السكاتول
B. المركبتان
C. كبريت الهيدروجين
D. كل ما سبق صحيح",D,D
3988,"يستطيع ليف عصبي نخاعيني له فترة حران 12500/ ثان ينقل ك حد أقصى:

الاختيارات:
A. دفعة واحدة بالثانية
B. 500 دفعة بالثانية
C. 2500 دفعة بالثانية
D. 1\2500 دفعة بالثانية",C,C
3989,"كل ما يلي مثال عن العصبونات متعددة الأقطاب عدا :

الاختيارات:
A. العصبونات المحركة الشوكية
B. خلايا بوركنج في المخيخ
C. خلايا شبكية العين
D. الخلايا الهرمية في المخ",C,C
3990,"شخص يحمل الزمرة B فان مصله:

الاختيارات:
A. يحوي الراصة Anti A
B. يحوي الراصة Anti B
C. لا يحوي راصة
D. يحوي الراصتين Anti A, Anti B",B,A
3991,"يكون لون الدم احمر قرمزي:

الاختيارات:
A. اذا كان غير مؤكسج
B. اذا كان دم وريدي
C. في الأوردة الرئوية الاربعة
D. كل ما سبق خاطئ",A,C
3992,"يقوم الكورتيزول بكل الوظائف التالية ما عدا:

الاختيارات:
A. ينقص معدل استهلاك الغلوكوز من قبل معظم خلايا الجسم
B. يزيد مخزون البروتين في خلايا الجسم
C. تحريض استحداث الغلوكوز الكبدي اعتبارا من البروتينات
D. يجعل الحموض الشحمية المصدر الأساسي للطاقة",D,B
3993,"انقلاب الصيغة أكثر شيوعاً عند :

الاختيارات:
A. الأطفال.
B. البالغين.
C. الرجال.
D. الكهل.",A,A
3994,"كل ما يلي من هرمونات الوطاء عدا :

الاختيارات:
A. الهرمون المطلق للميلانين
B. الهرمون المثبط للبرولاكتين
C. الهرمون المثبط للموجهة القشرية
D. الهرمون المثبط لهرمون النمو",A,C
3995,"يمكن باستخدام نبضات ليزرية من رتبة الفمتوثانية تعيين عمق منطقة بمقدرة فاصلة ...

الاختيارات:
A. ملمترية
B. ميكرومترية
C. مترية
D. كل ما سبق خاطئ",B,B
3996,"العامل الأهم في انتشار الغازات هو:

الاختيارات:
A. فرق الضغط على وجهي الغشاء
B. سماكة الغشاء
C. المسافة المقطوعة
D. مساحة المقطع",A,A
3997,"أيًا من العبارات التالية خاطئة؟

الاختيارات:
A. استطاعة ليزر الهيليوم نيون أكبر بمقدار مئة ألف مرة من استطاعة مصباح الزنبق
B. سطوع ليزر الهيليوم نيون أكبر بمقدار عشرة ملايين مرة من سطوع مصباح الزنبق
C. عرض الشريط الطيفي لليزر الهيليوم نيون أقل منه في حالة مصباح الزنبق
D. زاوية الإصدار الصلبة لليزر الهيليوم نيون أصغر منها في حالة مصباح الزنبق",A,A
3998,"من الأمثلة على الاضطرابات النفسية الجسدية عدا:

الاختيارات:
A. القرحات المعدية
B. ارتفاع ضغط الدم المفرط
C. التهاب القولون القرحي
D. القصور الكلوي",B,D
3999,"تؤدي زيادة شدة المنبه إلى ما يلي عدا:

الاختيارات:
A. زيادة عدد المستقبلات المنبهة
B. زيادة سعة كمون المستقبلة
C. زيادة عدد كوامن الفعل المتولدة من المستقبلة
D. زيادة سعة كوامن الفعل المتولدة في المستقبلة",C,D
4000,"كل ما يلي من احساسات الاستقبال الآلي عدا :

الاختيارات:
A. اللمس و الضغط
B. الاهتزاز والدغدغة
C. البرودة و الدفء
D. الحس العميق",D,C
4001,"يتصف تنظيم الجهاز العصبي المستقل بما يلي عدا:

الاختيارات:
A. يوجد جسم العصبون قبل العقدة خارج الجهاز العصبي المركزي
B. يوجد أنماط مختلفة من الخلايا التي يعصبها الطريق الحركي
C. الأستيل كولين هو الناقل العصبي الذي ُيفَرز من نهايات الياف العصبونات قبل العقدة
D. اختلاف استجابات الأعضاء المستهدفة",C,A
4002,"من العظام القصيرة:

الاختيارات:
A. الفخذ
B. العضد
C. السنع
D. الرسغ",C,D
4003,"Stroke Volume هو:

الاختيارات:
A. كمّية الدم التي يضخها البطين الأيمن في ضربة واحدة
B. كمّية الدم التي يضخها البطين الأيمن في الدقيقة الواحدة
C. كمية الدم التي يضخها البطينان في الدقيقة الواحدة
D. كمية الدم التي تدخل الأذينة اليمنى في دقيقة واحدة",A,A
4004,"قنوات الصوديوم والبوتاسيوم التي طرأت عليها تحولات الفتح والاغلاق خلال طوري زوال وعودة الاستقطاب هي من نمط:

الاختيارات:
A. الربيطة
B. المبوبة الفولطاج
C. كل ما سبق صحيح
D. كل ما سبق خاطئ",C,B
4005,"ينخفض الضغط النخماصي للألسناخ في الحلات التالية عدا:

الاختيارات:
A. زيادة قطر السنخ
B. نقص التوتر السطحي في هذه الأسناخ
C. نقص كمية الماء في الأسناخ
D. نقص كمية السورفاكتانت في الأسناخ",A,D
4006,"تختلف تراكيز الغازات في هواء الأسناخ عن مثيلتها في الهواء الجوي بسبب :

الاختيارات:
A. الاستبدال الجزئي لهواء الأسناخ بهواء الجو
B. الأوكسجين يمتص باستمرار من الهواء السنخي
C. Co2 دائم الانتشار إلى الاسناخ
D. كل ما سبق صحيح",D,D
4007,"من اسباب فقر الدم الخبيث :

الاختيارات:
A. نقص فيتامين ب ۱۲
B. إصابة الدقاق.
C. فقر الدم شبابي.
D. كل ما سبق صحيح.",D,D
4008,"ارتفاع درجة الباءهاء في الجهاز الهضمي ينقص كل مما يلي عدا:

الاختيارات:
A. امتصاص الكالسيوم المعوي
B. امتصاص الحديد المعوي
C. تحويل مولد البيبسين إلى بيبسين
D. فعالية الأميلاز البنكرياسي",C,D
4009,"تدخل البيكربونات الي خلايا النبيبات علي شكل:

الاختيارات:
A. HCO3
B. CO2
C. A+B
D. H2CO3",C,B
4010,"تعزز الهرمونات التالية استخدام الشحوم كمصدر أساسي للطاقة عدا:

الاختيارات:
A. هرمون النمو
B. التيروكسين
C. التستوسترون
D. الكورتيزول",B,D
4011,"أقصي كمية هواء يمكن استنشاقها زيادة علي كمية الحجم الجاري السوية :

الاختيارات:
A. الحجم الجاري
B. الحجم المثالي
C. حجم الشهيق المخر
D. حجم الزفير المدخر",B,C
4012,"تؤدي الحالات الأتية إلى ارتفاع الضغط النخماصي للأسناخ الرئوية ما عدا:

الاختيارات:
A. نقص السورفاكتانت
B. زيادة كمية الماء في الأسناخ
C. الشهيق الجهدي
D. الأسناخ صغيرة الحجم",A,C
4013,"كل ما يلي صحيح حول طور الاسترخاء الأنيني البطيني عدا :

الاختيارات:
A. الأذينان والبطينان في حالة استرخاء
B. الضغط في الأجواف القلبية منخفض
C. يمر الدم الى البطينين بشكل فاعل
D. تمتلئ الأذينتين والبطينين بالدم",C,C
4014,"في الدورة القلبية السوية كل ما يلي صحيح عدا:

الاختيارات:
A. يؤدي انغلاق الدسام التاجي إلى سماع الصوت الأول.
B. يؤدي انغلاق الدسام الأبهري إلى سماع الصوت الثاني.
C. يسمع الصوت الثالث بسبب اهتزاز الدم في البطينات أثناء امتلائها.
D. يسمع الصوت الرابع بسبب انفتاح الدسام مثلث الشرف.",D,D
4015,"ما يلي من وسائل حماية المعدة عدا:

الاختيارات:
A. المخاط
B. البيكربونات
C. بروستاغالندينات
D. العامل الداخلي المفرز من الخاليا الجدارية للمعدة",C,D
4016,"المرحلة 1 من كمون عمل العضلة القلبية:

الاختيارات:
A. يتم فيها عودة استقطاب خفيفة.
B. يتم فيها تثبيط إقنية الصوديوم السريعة.
C. قد يحدث فيها تطاول QT بسبب تشوه جيني.
D. كل ما سبق صحيح.",B,D
4017,"يتم التنظيم المديد للجريان الموضعي عبر:

الاختيارات:
A. إفراز العامل البطاني المرخي من بطانة الأوعية الكبيرة.
B. إفراز الأنجيوجنين وعامل النمو البطاني.
C. عبر جملة الرينين أنجيوتنسين.
D. عبر التعصيب الودي واللاودي.",B,B
4018,"فى عمليه البلعمه كل مما يلى صحيح عدا

الاختيارات:
A. تزداد بوجود عامل المنتمة C4
B. يساعد السطح الخشن على حدوثها
C. تبلعم البالعات اكثر من 100 جرثوم
D. تبللعم المعتدلات حتى 25 جرثوم
E. تحوى البالعات على انزيم الليباز",C,A
4019,"لا يعد مشبك نموذجي :

الاختيارات:
A. مشبك محوار – تغصن
B. مشبك محوار – جسم الخلية
C. مشبك تغصن – تغصن
D. مشبك محوار – محوار",B,C
4020,"كل مما يلي يزيد هرمون البرولكتين عدا:

الاختيارات:
A. الحمل
B. الإرضاع
C. الدوبامين
D. العامل المطلق للدوبامين",C,C
4021,"كل ما يلي صحيح عن النقل القفزي أو الوثاب عدا:

الاختيارات:
A. يحدث نتيجة سريان تيار كهربائي عبر السوائل خارج الخلوية المحيطة بصفائح النخاعين وعبر جبلة المحوار
B. يحدث استثارة للغشاء الخلوي في مناطق العقد واحدة تلو الأخرى
C. تتناسب السرعة عكسياً مع قطر الليف
D. يتم في الالياف النخاعينية",C,C
4022,"تحدث قوى جذب بين خيوط الاكتين والميوزين مسببة انزلاق بعضها على بعض بسبب شوارد:

الاختيارات:
A. البوتاسيوم
B. الكالسيوم
C. الصوديوم
D. الصوديوم والكالسيوم",B,B
4023,"كل ما يلي يزيد الافراز البنكرياسي عدا

الاختيارات:
A. التنبيه الودي
B. التنبيه اللاودي ( المبهم )
C. النظر الي الطعام
D. وصول الطعام الي المعدة والأمعاء",B,A
4024,"كل ما يلى بنيه المركز التنفسي نفسه عدا :

الاختيارات:
A. زيادة CO2 في السائل الدماغي الشوكي
B. تغيرات O2 في السائل الدماغي للدم
C. زيادة شوارد الهيدروجين في السائل الدماغ ماغي الشوكي
D. انخفاض PH",B,B
4025,"تزداد قوة تقلص العضلة القلبية بزيادة كل ما يلي عدا:

الاختيارات:
A. طول الليف البدني.
B. تركيز الكالسيوم.
C. شدة التنبيه.
D. الأدرينالين.",A,C
4026,"كل ما يلي من تأثيرات الجهاز اللاودي عدا:

الاختيارات:
A. زيادة حركية الجهاز الهضمي
B. توسيع حدقة العين
C. ضيق مجري التنفس
D. تنقص معدل دقات القلب",D,B
4027,"prostacyclin:

الاختيارات:
A. مثبط قوي لالتصاق الصفيحات.
B. يفرز من الخلايا البطانية.
C. موسع وعاني.
D. كل من a و b",D,D
4028,"الألية التي يتم من خلالها تعزيز التغير البدئي:

الاختيارات:
A. التلقيم لراجع السلبي
B. التلقيم الراجع الإيجابي
C. الستتباب
D. Osmosis",B,B
4029,"تكون النسبة FEV1/FVC منخفضة في

الاختيارات:
A. النفاخ الرئوي
B. تليف الرئة
C. تشوه جدار الصدر
D. ضعف العضلات التنفسية
E. كل ما سبق",A,A
4030,"يكون تأثير القسمين الودي و اللاودي متعاكساً في الأماكن التالية ما عدا:

الاختيارات:
A. البنكرياس
B. القصيبات التنفسية
C. القلب
D. إفراز اللعاب",C,B
4031,"تركيب العصارة المعوية من :

الاختيارات:
A. مخاط
B. انزيمات معوية
C. الماء والشوارد
D. كل ما سبق صحيح",D,D
4032,"كمية الدم التي يضخها القلب في الدقيقة:

الاختيارات:
A. Pulse Pressure
B. Cardiac Output
C. Stroke Volume
D. Atrial Pressure",B,B
4033,"تُدعى الظاهرة القوية للانتثار الخلفي التي تحدث عندما يتعدد الإشعاع المترابط في انتشاره في وسط عشوائي:

الاختيارات:
A. انتشار خلفي مترابط
B. انتشار أمامي مترابط
C. انتشار خلفي ضعيف
D. A, C",A,A
4034,"تكمن صعوبة الطريقة الضوئية في خصوص:

الاختيارات:
A. لمسار مستقيم
B. لمسار انتشار متعددة ومعقد في النسيج
C. A, B
D. كل ما سبق خاطئ",B,B
4035,"تعتمد طريقة التصوير بتركيز النسيج ومن ثم توفر صورة تشخيصية مبكرة للعمليات الاستقلابية التي تقود للسرطان قبل الشلف السنوي الذي يسببه الورم

الاختيارات:
A. الميلانس
B. الهيموغلوبين المؤكسج
C. الهيموغلوبين غير المؤكسج
D. B, C",B,B
4036,"تركيز الهيموغلوبين الوسطي :

الاختيارات:
A. تقسيم الهيماتوكريت على الهيموغلوبين.
B. تقسيم الهيماتوكريت على عدد الكريات الحمراء.
C. تقسيم الهيموغلوبين على عدد الكريات الحمراء.
D. تقسيم الهيموغلوبين على الهيماتوكريت.",A,D
4037,"الهدف من آلية المزلاج في العضلات الملساء:

الاختيارات:
A. زيادة سرعة تقلّص العضلات الملساء
B. مقدرتها على العودة إلى قوة تقلّصها الأصلية بعد ثوان أو دقائق من تطاولها أو قصرها
C. تحافظ على تقلّص مقوٍمديد فى العضلات الملمس باستخدام كمية قليلة جداً من الطاقه
D. جعل قوة تقلص العضلات الملس أكبر من قوة تقلص العضلات الهيكلية",B,C
4038,"ينقص انتاج الهيبسيدين عند :

الاختيارات:
A. نقص حديد البلازما.
B. الالتهاب.
C. زيادة الوارد من الحديد.
D. كل ما سبق خطأ.",C,A
4039,"الخلايا الدبقية التي تشكل جزء من الحاجز الوعائي الدموي هي:

الاختيارات:
A. الخلايا السيسائية
B. الخلايا الدبقية الصغيرة
C. الخلايا النجمية
D. الخلايا الدبقية قليلة التغصنات",B,C
4040,"مثال عن العصبونات ثنائية القطب :

الاختيارات:
A. الخلايا الهرمية
B. خلايا العقد الحسية للجذر الخلفي للدماغ
C. خلايا بوركنج
D. خلايا شبكية العين",B,D
4041,"الحاصرات المباشرة:

الاختيارات:
A. ترتبط بمستقبلات الناقل وتحفيزه
B. زيادة فعالية العصبون قبل المشبكي
C. ترتبط بمستقبل الناقل وتكبح فعله
D. تنقص فعالية العصبون قبل المشبكي",C,C
4042,"يتم التنظيم المديد للضغط الشرياني عبر:

الاختيارات:
A. افراز العامل البطاني المرخي في بطانة الأوعية
B. افراز الانجيوجينين وعامل النمو البطاني
C. عبر جملة الريلين انجيوتنسين
D. التعصيب الودي واللاودي",D,B
4043,"يزداد إنتاج الإريثروبيوتين في حالات نقص الأكلر التالية:

الاختيارات:
A. داء مونغ.
B. تخرب نقي العظم.
C. قصور القلب.
D. كل ماسبق صحيح.",D,D
4044,"كل ما يلي صحيح عن الصمامات عدا:

الاختيارات:
A. تعمل بشكل منفعل
B. ترتبط بالعضلات الحلمية.
C. الصمامات الشريانية أكثر قطراً من الأذينية البطينية.
D. تمنع عودة الدم بالاتجاه المعاكس.",B,C
4045,"من آليات حدوث الرجفان البطيني

الاختيارات:
A. مرور التنبيه في طريق طويل كما في توسع اجواف القلب.
B. زيادة سرعة مرور التنبيه.
C. زيادة فترة العصيان.
D. عند تنبيه نقطة في العضل القلبي تنتشر في اتجاه واحد.",A,A
4046,"المستقبلة الأسرع تلاؤماً:

الاختيارات:
A. روفيني.
B. نهايات عصبية حرة.
C. مستقبلات الألم.
D. باشيني.",B,D
4047,"يغذي الشريان الإكليلي الأيمن كل مايلي عدا:

الاختيارات:
A. القسم الأمامي للبطين الأيمن.
B. القسم الامامي للبطين الأيسر.
C. القسم الخلفي للبطين الأيمن.
D. القيم الخلفي للبطين الأيسر.",C,B
4048,"ما يلي من خصائص الألياف العضلية القلبية القابلة التقلص ما عدا:

الاختيارات:
A. وسيلة الربط الألي بين الخلايا هو الديسموزوم
B. وسيلة الربط الكهربائي بين الخلايا هو Gap Junctions
C. الشبكة الهيولية العضلية أصغر حجماً مقارنة بالهيكليه
D. تشكّل المتقدرات ثُلثي حجم الليف العضلي القلبي",D,D
4049,"بروتين شبيه بالتربوتين:

الاختيارات:
A. كالموديولين
B. ميوغلوبين
C. هيموغلوبين
D. كل ما سبق صحيح",D,A
4050,"كل ما يلي يحرض إفراز العصارة المعدية عدا:

الاختيارات:
A. هبوط مستوى سكر الدم
B. الغاسترين التنبيه الودّي
C. التنبيه الودّي
D. الهيستامين",A,C
4051,"لا تتمكن الألياف العصبية المركزية من التجديد بسبب:

الاختيارات:
A. عدم وجود غمد النخاعين
B. عدم وجود جسيمات مركزية
C. عدم وجود غمد شوان
D. كثرة التغصنات العصبية",A,C
4052,"تصدر عنها محاوير ترتسم على القشرة المخية الحسية الجسدية الأولية:

الاختيارات:
A. عصبون المرتبة الأولى
B. العصبون الثاني
C. العصبون الثالث
D. كل ما سبق صحيح",D,C
4053,"واحد من الخصائص التالية تجعل من العضلة القلبية مشابهة للعضلات الملس وحيدة الوحدة:

الاختيارات:
A. اعتمادها على الكالسيوم داخل الخلوي لبدء التقلص
B. وجود آلية تمكنها من الحفاظ على تقلص مقو مديد باستخدام كمية قليلة من الطاقة
C. وجود الـ Gap junction
D. تحافظ على الضغط بغض النظر عن التغير في الحجم",C,C
4054,"كل ما يلي من تأثيرات هرمون النمو عدا:

الاختيارات:
A. ينقص تقويض البروتينات الموجودة مسبقا
B. يزيد تحريك الشحوم
C. يزيد تحول الخلايا الغضروفية لخلايا مولدة للعظم
D. ينقص انتاج الغلوكوز في الكبد",D,D
4055,"اختر الإجابة الخاطئة :

الاختيارات:
A. العصبونات التي تقوم مشابك مع تغصنات خلية أخرى هي استثارية
B. العصبونات التي تقوم مشابك مع جسم خلية أخرى هي تثبيطية
C. إشارات الجهاز العصبي المستقل تحريضية دائما
D. تسلك الاشارات التي يبثها الجهاز العصبي الميد طريق مكون من عصبونين",C,C
4056,"يختلف مجال إصدار الليزرات الغازية باختلاف:

الاختيارات:
A. الغاز المستعمل
B. مزيج الغازات المستعملة
C. كثافة المادة
D. A, B",D,D
4057,"إن الطفرة الدائمة في الخلايا الورمية ... وفي حالة الخلايا السليمة فإنها تهبط إلى ... في أورام المثانة ... وفي أورام القولون والمستقيم:

الاختيارات:
A. أضعف قليلاً – النصف – بعشرين مرة
B. أضعف كثيراً – النصف – بعشرين مرة
C. أضعف كثيراً – الربع – بعشرين مرة
D. أضعف كثيراً – النصف – بحسين مرة",B,B
4058,"كل مما يلي ُيعد هرمون نخامي أمامي عدا:

الاختيارات:
A. GH
B. ACTH
C. البرولكتين
D. الفازوبرسين",B,D
4059,"عند حدوث نقص في ماء الجسم يحدث كل ما يلي عدا:

الاختيارات:
A. يزداد تأثير ADH في النبيب البعيد والقناة الجامعة
B. تفرغ الكلية كميات اقل من الماء
C. يصبح حجم البول اقل من الطبيعي
D. يصبح البول ممدد بشكل اكبر",D,D
4060,"كمية الهواء الموجودة في الرئتين في نهاية شهيق سوي هو:

الاختيارات:
A. السعة الشهيقية
B. السعة الحيوية
C. السعة الوظيفية المدخرة + الحجم الجاري
D. الحجم المدخر الشهيقي",C,C
4061,"تنظيم العوامل التالية إفراز الألدوستيرون من قشر الكظر عدا:

الاختيارات:
A. حجم الدم
B. تركيز البوتاسيوم
C. جهاز الرينين-أنجيوتنسين
D. ACTH",D,D
4062,"في إصدار تحت الأحمر المتوسط توجد ليزرات:

الاختيارات:
A. سيلينيد الرصاص
B. الشلال الكمومي
C. الديود الليزري
D. كل ما سبق صحيح",D,D
4063,"الفائدة الوظيفية من التأخير الزمني لكامن الفعل لمدة 0.1 ثانية عند مروره في العقدة الأذينية البطينية هو:

الاختيارات:
A. إنهاء تقلص الأذينات قبل تقلص البطينات
B. يطيل فترة تقلص الذينة
C. يطيل فترة كامن الفعل
D. يحمي عضلة القلب من التباطؤ",A,A
4064,"كل ما يلي صحيح عن الانزيمات المعوية عدا:

الاختيارات:
A. الانتيروكيناز يحول مولد التربسين الى تربسين
B. الأمينو ببتيداز الذي يحول عديدات الببتيد الى حموض امينية وبيتيدات ثنائية وثلاثية
C. الايزومالتاز يفكك سكر القصب
D. اللكتار الذي يفكك سكر اللبن",C,C
4065,"كل مما يلي يعد من وظائف الكورتيزول عدا:

الاختيارات:
A. زيادة تركيز الحموض الشحمية الحرة في المصورة
B. خفض الحرارة
C. زيادة عدد الحمضات والأسسات
D. إنقاص مخزون البروتينات في كامل الخلايا عدا الخلايا الكبدية",B,C
4066,"تساهم الإنزيمات المعوية التالية بهضم السكريات عدا:

الاختيارات:
A. الإنتيروكيناز
B. السكراز
C. المالتاز
D. اللاكتاز",A,A
4067,"عامل يفقد في حال حفظ الدم ليومين:

الاختيارات:
A. الخامس
B. السابع
C. التاسع
D. كل ما سبق صحيح",D,D
4068,"إذا علمت أن FRC=3L , ERV=1.5 , TV=650 ML , RV=150 ML , و معدل التنفس = 15/د فكم تبلغ التهوية السنخية :

الاختيارات:
A. 2500 مل
B. 4500 مل
C. 6500 مل
D. 7500 مل",C,D
4069,"المنسب القلبي :

الاختيارات:
A. نتاج القلب X مساحة الجسم
B. حجم النفضة X معدل القلب
C. نتاج القلب / مساحة الجسم
D. حجم النفضة / معدل القلب",B,C
4070,"يقتصر الامتصاص المعدي على :

الاختيارات:
A. الشحوم
B. السكريات
C. الماء والشوارد
D. البروتين",C,C
4071,"تفاعل الهيموغلوبين مع حمض او قلوي يؤدي لتشكل :

الاختيارات:
A. كاربوهيموغلوبين.
B. كاربوكسي هيموغلوبين.
C. هيماتين.
D. هيموسيدرين.",C,C
4072,"يتناسب افراغة عكسيا مع افراغ الهيدروجين:

الاختيارات:
A. الصوديوم
B. البوتاسيوم
C. الكلور
D. الغلوكوز",C,B
4073,"الغشاء الكبيبي نفوذ ل:

الاختيارات:
A. الكالسيوم.
B. الالبومين.
C. الهرمونات.
D. الحموض الدهنية.",A,B
4074,"المسؤل عن ارسال السيالات فى العصبونات:

الاختيارات:
A. جسم الخليه
B. المحوار
C. الاستطالات الهيوليه
D. المشبك العصبى",D,B
4075,"يعتبر ضخ للدم مثالاً على دراسة وفق مستوى:

الاختيارات:
A. النسج
B. الأعضاء
C. الأجهزة
D. الخلايا",C,B
4076,"تكثر في الانتانات الطفيلية :

الاختيارات:
A. Neutrophils
B. Eosinophils
C. Basophils
D. Monocytes",A,B
4077,"من أهم أسباب فقر الدم الحديدي :

الاختيارات:
A. ابيضاض الدم.
B. انسمام النقي العظمي.
C. الانسمام بالرصاص.
D. الورم النقوي المتعدد.",B,B
4078,"يتم تحويل النورادرينالين الى ادرينالين بعملية تدعي:

الاختيارات:
A. هدركسلة
B. نزع كربوكسيل
C. ميتلة
D. اكسحة",B,C
4079,"تقوم الأليات التالية بتنظيم معدل الترشيح الكبيبي عدا:

الاختيارات:
A. زيادة نسبة النفرونات القشرية إلى النفرونات اللّبية
B. توسع الشرينات الواردة
C. تضيق الشرينات الواردة
D. تقبّض العضلات الملساء للأوعية الكلوية عند زيادة جريان الدم فيها",C,A
4080,"يشكل جسراً بين الياف الكولاجين والصفيحات الدموية:

الاختيارات:
A. الترومبوكسان A2
B. عامل فون ويلبراند
C. البروستاسايكلين
D. ADP",B,A
4081,"الببسين :

الاختيارات:
A. انزيم معدي حال للدسم
B. انزيم معدي حال للبروتين
C. انزيم معوي حال للدسم
D. انزيم معوي حال للبروتين",B,B
4082,"أكبر كمية من الماء توجد عند:

الاختيارات:
A. الأطفال حديثي الولادة.
B. الشباب.
C. الإناث اليافعات.
D. الرجال المسنين.",D,A
4083,"من وظائف السرفكتانت ما عدا :

الاختيارات:
A. يحفظ الأسناخ من التلف.
B. يقي من جهد عضلات التنفس.
C. يبقي السنخ مفتوح أثناء الزفير.
D. يقلل من ارتشاح السوائل من جدار الأوعية الدموية المجاورة.",D,A
4084,"يؤدي تنبيه مستقبلات بيتا الأدرينرجية الى كل مما يلي عدا:

الاختيارات:
A. تسرع القلب
B. تقلص معصرات المثانة
C. توسيع القصبات
D. تحلل الشحوم",B,B
4085,"الفائدة الوظيفية من وجود الكليونات المجاورة للّب هو:

الاختيارات:
A. زيادة القدرة على تمديد البول
B. زيادة القدرة على تكثيف البول
C. زيادة القدرة على طرح البولة
D. زيادة القدرة على إفراز الرينين",B,B
4086,"يسمح نمط الموجة المستمرة بالحصول على:

الاختيارات:
A. الصور الضوئية
B. الصور الصوتية الضوئية
C. AO
D. C,B",D,D
4087,"معدل الافراغ الكلوي للمادة يساوي:

الاختيارات:
A. سرعة جريان البول x تركيز المادة بالبلازما
B. تركيز المادة بالبول x تركيز المادة بالبلازما
C. سرعة جريان البول X تركيز المادة بالبول
D. كل ما سبق خاطئ",A,C
4088,"توجد مستقبلات الحرارة في:

الاختيارات:
A. الجلد
B. المهاد
C. الوطاء
D. كل من C,A",D,D
4089,"فقر الدم اللاتنسجي:

الاختيارات:
A. سوي الحجم
B. ناقص الحجم
C. زائد الحجم
D. اعداد الكربات الحمر طبيعية",B,A
4090,"يبدأ ظهور الغلوكوز في البول عندما يتجاوز تركيزه في البلازما:

الاختيارات:
A. 300 ملغ / 100مل
B. 180 ملغ / 100 مل
C. 125 ملغ 100 مل
D. كل ما سبق خاطئ",B,B
4091,"كل ما يلي من خواص المسلك العمودي الظهري عدا:

الاختيارات:
A. تكون اليافه مغمدة بالنخاعين.
B. تنتمي اليافه لزمرة الألياف AB.
C. يتم التصالب في البصلة السيسائية.
D. يحدث التصالب في النخاع.",C,D
4092,"الامتصاص الثنائي الفوتون هو عملية من المرتبة:

الاختيارات:
A. الثانية – منخفضة
B. الثالثة – منخفضة
C. الثالثة – مرتفعة
D. الثانية – مرتفعة",D,B
4093,"كل ما يلي صحيح عن العضلات الملس عديدة الوحدة عدا:

الاختيارات:
A. الياف مستقلة وسطحها الخارجي يحاط بغشاء قاعدي
B. كل ليف يعصب بنهاية عصبية مفردة
C. كل ليف يتقلص بشكل مستقل عن الالياف الاخرى
D. التحكم بها يتم بشكل رئيسي بتنبيهات غير عصبية",D,D
4094,"الخلايا الجذعية :

الاختيارات:
A. خلايا ناضجة.
B. يمكن أن تتمايز إلى جميع أنواع خلايا الجسم.
C. ذات قدرة تجددية ذاتية فقط.
D. خلايا كلية القدرات.",B,B
4095,"واحد من العوامل الأتية يؤدي إلى زيادة لزوجة الدم:

الاختيارات:
A. نقص عدد الكريات الحمر
B. ارتفاع نسبة البروتينات في البلازما
C. التقدم في السن
D. نقص خضاب الدم",B,B
4096,"في إعادة امتصاص الرشاحة الكلوية، كل مما يلي صحيح عدا

الاختيارات:
A. إعادة امتصاص إجبارية في النبيب المعوج القريب
B. يعاد امتصاص بعض الماء عبر الذراع الصاعد لعروة هنلي
C. يعاد امتصاص الماء في النبيب البعيد بوجود ADH
D. يعاد امتصاص كامل الغلوكوز في النبيب القريب
E. يعاد امتصاص الحموض الأمينية في النبيب القريب",C,B
4097,"كل العوامل الاتية يعاد امتصاصها بشكل فعال عدا :

الاختيارات:
A. الحموض الأمينية.
B. الفوسفات.
C. الكلور.
D. الغلوكوز.",C,C
4098,"السبب الذي يحمي العضلة القلبية من التكزز:

الاختيارات:
A. اعتمادها جزئياً على الكالسيوم خارج الخلوي
B. طول فترة كامن فعل الليف العضلي القلبي
C. قدرة الخلايا العضلية القلبية على تفعيل ذاتها
D. عدم تأثر الخلايا العضلية القلبية بالنواقل العصبية",B,B
4099,"الهرمون الذي يخضع لتأثير مزدوج منبه و مثبط من الوطاء :

الاختيارات:
A. GH
B. PRL
C. ACTH
D. FSH",C,A
4100,"التلقيم الراجع الإيجابي يُعني:

الاختيارات:
A. معاكسة المتغير البدني
B. زيادة المتغير البدني دائماً
C. نقص المتغير البدني
D. دعم المتغير البدني",A,D
4101,"الخضاب المضغي :

الاختيارات:
A. A2
B. Lamda
C. Ibsilon
D. F",B,C
4102,"أهمية المضغ كل ما يلي عدا:

الاختيارات:
A. تسهيل مضغ الطعام بعد مزجه باللعاب
B. حماية المعدة من التسحج
C. تبريد الاطعمة
D. تعريض الأطعمة المفرزات انظيمات هاضمة",B,C
4103,"كل ما يلي صحيح عن اللعاب عدا :

الاختيارات:
A. يشكل الماء 99% من وزن اللعاب
B. تركيز شوارد الصوديوم والكلور فيه اقل من تركيزها في البلازما
C. تركيز شوارد البوتاسيوم والبيكربونات فيه اقل من تركيزها في البلازما
D. يحوي انزيم الليباز اللساني",C,C
4104,"عند الانسان المساحة الصغرى في ساحة الحس الاولية تقع :

الاختيارات:
A. الجذع
B. القلب
C. الشفتين
D. اليدين",A,A
4105,"في مطيافية تحت الأحمر القريب، يؤثر في نفوذ الضوء كل من:

الاختيارات:
A. تغيرات حجم الدم
B. إشباع الدم – Co2
C. إشباع الدم ب O2
D. A,C",D,D
4106,"كل العوامل الآتية تخفض معدل الترشيح عدا:

الاختيارات:
A. زيادة تركيز الألبومين.
B. انخفاض الضغط التناضحي البروتينات البلازما.
C. نقص عدد النفرونات.
D. انسداد الحالب.",A,B
4107,"اذا كانت السعة الكلية للرئة 8 لتر والسعة المتبقية الوظيفية 3 لتر وحجم الزفير الاحتياطي 1.5 لتر ومعدل التنفس 15/د فكم يبلغ الحجم المتبقي :

الاختيارات:
A. 500 مل
B. 1000 مل
C. 1500 مل
D. 2000 مل",C,C
4108,"مصدر الATP الذى تحتاجه اللييفات العضلية بشدة يأتي من:

الاختيارات:
A. الكالسيوم خارج الخلوي
B. الكالسيوم داخل الخلوي
C. المتقدرات الغزيرة الموازية للبيفات
D. المدروج الكهربائى لقنوات الصوديوم",B,C
4109,"التنبيه الودي للكلية:

الاختيارات:
A. يزيد النواتج الأزوتية.
B. يزيد إفراغ البول.
C. يخفض النواتج الأزوتية.
D. لا يؤثر على النواتج الأزوتية.",B,A
4110,"كل ما يلي صحيح عن النواقل العصبية عدا :

الاختيارات:
A. تحررها نهاية المحاوير العصبية
B. من الرسل الكيميائية التي تصون الاستتباب
C. تفرز في المشابك
D. تأثيرها عام في الجسم",D,D
4111,"يتم تفعيل السبيل الخارجي للتخثر عن طريق

الاختيارات:
A. معقد ضد مستضد
B. رض الدم
C. تماس الدم مع الزجاج
D. رض الأنسجة
E. الفوسفوليبيدات الصفيحية",C,D
4112,"أيًا من الليزرات تولد بالإفراغ الكهربائي الوهاج؟

الاختيارات:
A. ليزرات الأرغون الأيوني
B. ليزرات الهيليوم-نيون
C. ليزرات CO2
D. ليزرات النيتروجين",A,D
4113,"عامل التماس يتم تنشيطه عند ملامسة الصفيحات للسطوح الزجاجية:

الاختيارات:
A. العامل العاشر ( عامل ستيوارات )
B. العامل الحادي عشر ( طليعية الترومبوبلاستين البلازمي )
C. العامل الثاني عشر ( عامل هاجمان )
D. العامل الثالث عشر ( العامل المثبت لليفين)",C,D
4114,"تتناسب سرعة انتشار الغاز عبر الغشاء التنفسي عكسا ا مع:

الاختيارات:
A. قابلية ذوبان الغاز في السائل
B. ثخانة الغشاء
C. مساحة مقطع السائل
D. سرعة الجزيئات المتحركة",B,B
4115,"كل ما يلي صحيح عن قنوات البوتاسيوم المبوبة بالفولطاج عدا:

الاختيارات:
A. تملك بوابتين
B. لها دور مهم في زيادة سرعة عودة الاستقطاب
C. انفتاحها بطئ
D. تكون مغلقة اثناء الراحة",C,A
4116,"بعد الهيموغلوبين الموكسج والهيموغلوبين منزوع الأوكسجين من أكثر المكونات امتصاصا المجال:

الاختيارات:
A. فوق البنفسجي
B. تحت الأحمر
C. المرئي
D. C,B",D,D
4117,"العامل الأهم في توسيع الشرينات والشرايين في التنظيم السريع للدوران الموضعي:

الاختيارات:
A. حمض اللبن
B. البوتاسيوم
C. عامل النمو البطانى
D. No",C,D
4118,"ان عودة الضغط داخل المثانة الى مستواه الأصلي بعد دقيقة رغم تمدد جدار المثانة هو:

الاختيارات:
A. اليه المزلاج
B. الارتخاء بعد الكرب
C. ضربه القدرة
D. التقلص العضلي",B,B
4119,"من وظائف بروتينات البلاسما :

الاختيارات:
A. نقل المواد وظيفة اللألبومين
B. الغلوبيولينات ككل تزود الجسم بالمناعة
C. مسؤولة دون غيرها في الحفاظ على PH الدم
D. كل ما سبق خاطئ",A,D
4120,"لكل جزئية ميوزين:

الاختيارات:
A. رأس في كل جهة
B. رأسان في جهة واحدة
C. رأسان فى كل جهة
D. رأس واحدة فى جهة واحدة",D,B
4121,"المقلد المباشر:

الاختيارات:
A. يرتبط بمستقبل الناقل ويحفزه
B. زيادة فعالية العصبون قبل المشبكي
C. ترتبط بمستقبل الناقل وتكبح فعله
D. تنقص فعالية العصبون قبل المشبكي",C,A
4122,"كل ما يأتي من الهرمونات الأمينية عدا :

الاختيارات:
A. التيروكسين
B. التيرونين
C. البرولاكتين
D. النور أدرينالين",D,C
4123,"صل بين كل بروتين و وظيفته :

الاختيارات:
A. يضخ القلب الدم الؤكسج
B. يستقبل القلب الدم غير المؤكسج
C. تستقبل الرئتين دم غير مؤكسج
D. تصخ الرئتين دم غير مؤكسج",A,C
4124,"القيمة العظمى لضغط الأوكسجين في الأسناخ عند زيادة التهوية السنخية في الحالات السوية هي:

الاختيارات:
A. 95 ملم زئبقي
B. 104ملم زئبقي
C. 149 ملم زئبقي
D. 158 ملم زئبقي",B,C
4125,"يحدث المتصاص بشكل أساسي في:

الاختيارات:
A. المعدة
B. الامعاء الدقيقة
C. الكولون بقسمه المستعرض
D. الكولون النهائي والمستقيم",B,B
4126,"تؤدي الشدة (الكروب) إلى افراز هرمون:

الاختيارات:
A. الألدوستيرون
B. الكورتيزول
C. الثيروكسين
D. الأنسولين",B,B
4127,"الشكل الخلقي لفقر الدم الحديدي :

الاختيارات:
A. يصيب الإناث وينتقل عن طريق الذكور.
B. نقص في فعالية الإنزيم بيردوكسال فوسفتاز
C. نقص في صنع الحمض أمينو ليفولينك.
D. كل من c و d",A,D
4128,"يتميز القصور الكلوي المزمن بكل مما يلي عدا

الاختيارات:
A. شح بول (أقل من 500 مل/ 24 ساعة)
B. حماض استقلابي
C. زيادة كالسيوم الدم
D. فقر دم ونزوف
E. حدوث وذمة رئة",C,C
4129,"تحرر شوارد الكالسيوم من الشبكة الهيولية في العضلات الهيكلية يحدث بآلية:

الاختيارات:
A. الانتشار
B. النقل المّيسر
C. النقل المرافق
D. النقل الفاعل الأولي",C,A
4130,"فيما يخص الخلية القلبية

الاختيارات:
A. تعتمد كليا على الكالسيوم خارج الخلوي
B. أصغر حجما مقارنة بالعضلات الهيكلية
C. تشغل المتقدرات ثلثي حجم الليف العضلي القلبي
D. كل ما سبق صحيح",D,B
4131,"فيما يخص الهرمونات المرتبطة ببروتينات المصورة :

الاختيارات:
A. غير قادرة على الانتشار عبر جدران الأوعية الشعرية
B. فعالة وظيفيا
C. من أمثلتها الباراثورمون
D. كل من A,C صح",D,A
4132,"ترفع المواد التالية الضغط في معصرة المري السفلية عدا:

الاختيارات:
A. ارتفاع حموضة المعدة
B. هرمون الغاسترين
C. تنبيه الألياف الودية
D. الطعام الغني بالبروتين",C,C
4133,"فيما يخص المقاومة الوعائية، الخطأ:

الاختيارات:
A. هي ممانعة تدفق الدم في الوعاء
B. أغلب الاحتكاك يكون في الدوران المركزي
C. تقيس مقدار الاحتكاك الذي يواجه الدم
D. تتناسب عكسياً مع نصف قطر الوعاء",B,B
4134,"يسبب التنبيه اللاودي على القلب:

الاختيارات:
A. زيادة القوة الانقباضية للعضلة القلبية.
B. تباطؤ ضربات القلب.
C. تسريع التوصيل.
D. تسرع ضربات القلب.",D,B
4135,"يتطلب التشكيل السوي لعوامل التخثر:

الاختيارات:
A. وجود كلية سوية
B. وجود كبد سوي
C. توافر فيتامين K
D. كل من C,b صح",D,B
4136,"المسؤول عن زوال الاستقطاب:

الاختيارات:
A. دخول شوارد الصوديوم
B. خروج شوارد الصوديوم
C. دخول شوارد البوتاسيوم
D. خروج شوارد البوتاسيوم",B,A
4137,"البالعات عدا:

الاختيارات:
A. تفعل من قبل السيتوكينات.
B. TNF تفرز
C. تساعد من قبل الاجسام المضادة.
D. تقوم بقتل الاحياء الدقيقة.",C,C
4138,"فيما يخص الهرمونات موضعية التأثير:

الاختيارات:
A. تؤثر في منطقة قريبة من منطقة افرازها
B. تنتج و تحرر و ينتهي تأثيرها بسرعة
C. أحد أمثلتها الأستيل كولين
D. كل ما سبق صحيح",D,D
4139,"إن معامل انتشار نسيج معين فهو يرتبط بـ:

الاختيارات:
A. نسبة النسيج
B. كثافة النسيج
C. أبعاد الخلايا وأشكالها
D. كل ما سبق صحيح",D,D
4140,"لا يعمل الجهاز الودي:

الاختيارات:
A. في حالات الكروب والخوف ونقص السكر
B. علي خفض معدلات الاستقلاب
C. علي تعزيز فعاليات اجهزة الامداد
D. زيادة جريان الدم محو العضلات الهيكلية اثناء التمرين",C,B
4141,"PH البول :

الاختيارات:
A. بين 5و8
B. 6.7 و8
C. 8
D. بين 4.7 و 8",D,D
4142,"عن الداء السكري (الخاطئة):

الاختيارات:
A. يسبب تصلب الكبب الكلوية.
B. يسبب تصلب الشرايين الكلوية.
C. يسبب التنخر الحليمي.
D. يعالج باعطاء رافعات سكر الدم.",B,D
4143,"كل ما يلي من وظائف خلايا الدبق العصبي عدا:

الاختيارات:
A. تقوم الخلايا السيسائية بإفراز السائل الدماغي الشوكي
B. تقوم الخلايا الدبقية الصغيرة بوظيفة البلعمة
C. تُشكل الخلايا النجمية جزءاً من الحاجز الدماغي الدموي
D. تساهم الخلايا الدبقية قليلة الّتغصنات بتغذية العصبونات",A,D
4144,"يهتم علم الفيزيولوجيا البشرية بكل ما يلي عدا:

الاختيارات:
A. دراسة التركيب الدقيق ألعضاء وأجهزة الجسم
B. العمليات الاستقلالية في جسم الكائن الحي
C. إنجاز الوظائف الاستقلالية ونمو الكائن
D. عمليات استقلاب الغذاء والحصول على الطاقة",A,A
4145,"الخاطئ فيما يخص البيكربونات :

الاختيارات:
A. تفرزها الخلايا المعدية و العفجية
B. تفرز عند انخفاض PH
C. تؤدي دورا مهما في امتصاص السكر
D. تقوم بتعديل حمض كلور الماء",B,C
4146,"في تكون خلايا الدم الحمراء

الاختيارات:
A. هو انتاج خلايا الدم الحمراء جديدة لتحل محل القديمة عند موتها.
B. نخاع العظم مسؤول عن هذه الوظيفة عند البالغين.
C. الخلايا الجذعية متعددة القدرات قادرة على انتاج اي نوع من خلايا الدم.
D. كل ما سبق صحيح.",D,D
4147,"الفترة :

الاختيارات:
A. تمثل زمن التقلص البطين.
B. تترواح بين ۰,۱۲ و ۰٫۲۰ ثانية.
C. يتعلق زمنها بسرعة النظم.
D. كل من a و c",D,D
4148,"تكون أكسجة الشرايين طبيعية في كل مما يلي عدا :

الاختيارات:
A. احمرار الدم البدني.
B. احمرار الدم الثانوي الناجم عن نقص الأكسجة.
C. احمرار الدم النسبي الناجم عن زيادة الأرثروبيوتين.
D. احمرار الدم النسبي.",B,A
4149,"ان وصول كمية كبيرة من Nacl الي اللطخة الكثيفة يؤدي الي :

الاختيارات:
A. توسيع الشرين الوارد فقط
B. توسيع الشريتيت الوارد والصادر
C. تقبيض الشرين الوارد
D. تفعيل حملة الرينين انجيوتسن",B,C
4150,"التسرعات الانتيابية :

الاختيارات:
A. نبضات سريعة تتولد في أي جزء من النسيج الناقل.
B. يحدث التسرع بشكل نوبي.
C. يمكن انهاء النوب بتفعيل المبهم.
D. كل ماسبق.",A,D
4151,"يتم افراز الرينين عند:

الاختيارات:
A. انخفاض معدل الترشيح
B. انخفاض ضغط الدم
C. وصول كميات منخفضة من Nacl للطخة الكثيفة
D. كل ما سبق صحيح",D,D
4152,"كمية الدم التي تمر في نقطة معينة من الدوران خلال فترة محددة من الزمن:

الاختيارات:
A. ضغط الدم
B. تدفق الدم
C. مدروج الضغط
D. المقاومة الوعائية",B,B
4153,"كل ما يلي من وظائف الماء فى الجسم عدا :

الاختيارات:
A. يسهم فى التنظيم الحراري
B. دور حماية و مقاومة الاحتكاك
C. ضروري لحدوث التفاعلات الحلمهة
D. ضروري لتشكيل الكمونات الغشائية",D,D
4154,"كل مما يلي يزيد قوة قلص العضلة القلبية عدا:

الاختيارات:
A. شدة المنبه
B. زيادة طول الليف العصبي
C. زيادة تركيز شوارد الكالسيوم داخل الليف العضلي
D. استخدام الديجتال (الديسموزوم(",B,A
4155,"الدورة الكبرى:

الاختيارات:
A. الاوعبة
B. الدم
C. الرئتين
D. القلب",D,D
4156,"الانزيم المعوي الذي يقوم بهضم الدسم في الأمعاء هو:

الاختيارات:
A. الإنتيروكيناز
B. الأمينوببتيداز
C. اللاكتاز
D. الليباز",D,D
4157,"كل مما يلي صحيح عند تنبيه مستقبل بمنبه ملائم ما عدا:

الاختيارات:
A. يدعى الإحساس المدرك نتيجة هذا التنبيه بالنموذج الحسي
B. يتم تحويل طاقة هذا المنبه إلى دفعات عصبية
C. يولد هذا المنبه كمون نزع استقطاب منتشر يعرف عادة باسم كمون المستقبل
D. كمون المستقبل يطلق كمونات فعل",C,C
4158,"يشاهد التلم التصالبي:

الاختيارات:
A. خلف السرج التركي
B. أمام السرج التركي
C. في قاع السرج التركي
D. جانب السرج التركي",B,B
4159,"الخاطئة فيما يخص الهرمونات الستيروئيدية :

الاختيارات:
A. يتم تركيبها من الكوليسترول
B. تختزن بكميات كبيرة
C. قابلة للانحلال بالدسم
D. تنتقل عبر الدوران مرتبطة ببروتينات المصورة",A,B
4160,"تتوسع المعصرات قبل الشعيرية عند (اختر الخاطئة) :

الاختيارات:
A. عند تراكم حمض اللين و CO2
B. ازدياد معدل الاستقلاب
C. ازدیاد فعالية العضو الموعي
D. الراحة",D,B
4161,"في الحالة النموذجية يتجمع ليزر الإكسايمر في:

الاختيارات:
A. غاز حامل وغاز فعال
B. أرغون وفلور
C. كريبتون أو كريبتون وكلور
D. كل ما سبق صحيح",D,D
4162,"كل ما يلي يفرز انزيمات هاضمة للسكريات عدا :

الاختيارات:
A. الغدد اللعابية
B. المعدة
C. الامعاء الدقيقة
D. البنكرياس",B,B
4163,"تزداد سرعة الإفراز المعدي بالعوامل التالية عدا:

الاختيارات:
A. زيادة حجم الطعام في المعدة
B. زيادة حموضة الكيموس المعدي
C. غنى الكيموس بالمواد الدسمة والبروتينات
D. زيادة الضغط الحلولي للكيموس",D,C
4164,"يتميز الألم العميق بكل ما يلي عدا:

الاختيارات:
A. ينجم عن تنبيه مستقبلات الالم في بني الجسم العميقة
B. سهل تحديد الموضع
C. مديد ومبهم
D. ينبه الجهاز العصبي المستقل",B,B
4165,"كل ما يلي صحيح عن داء كلانزمان ما عدا :

الاختيارات:
A. صفيحات المرض لا تتكدس بوجود ادرينالين
B. صفيحات المرض لا تتكدس بوجود ADP
C. صفيحات المرض لا تتكدس بوجود الشريط الضاغط الإيجابي.
D. علاج المرض يتم بنقل البلازما مع PTTK.",B,D
4166,"كل مما يلي من وظائف الماء ما عدا:

الاختيارات:
A. الإسهام في التنظيم الحراري
B. التخميد والتزليق
C. ضروري لوجود الكمونات الغشائية
D. تفاعلات الحلمهة",D,C
4167,"اقترح عدد من التقنيات للتغلب على الفلتر الشديد للنسخ البيولوجية، منها كل ما يلي ما عدا:

الاختيارات:
A. التصوير الصوتي في نطاق الزمن
B. التصوير الصوتي في نطاق الحلول الموجي
C. التصوير الصوتي في نطاق التواتر
D. التصوير المنزلي في الترابط الجنوبي",D,B
4168,"كل ما يلي يزيد الافراز المعدي عدا :

الاختيارات:
A. هبوط سكر الدم
B. رؤية الطعام
C. حاصرات الهستامين (سيميتيدين)
D. الغاسترين",A,C
4169,"تزداد قوة تقلص العضلة القلبية بتأثير كل ما يأتي عدا:

الاختيارات:
A. الكحول الإيتيلي.
B. الأدرينالين والديجتال.
C. تراكم شوارد الكالسيوم داخل الألياف العضلية القلبية.
D. زيادة طول الليف العضلي القلبي.",A,A
4170,"نقص فيتامين B12 وحمض الفوليك يسبب:

الاختيارات:
A. فقر دم لا تنسجي
B. فقر دم ناقص الصباغ ناقص الحجم
C. فقر دم زائد الصباغ زائد الحجم
D. فقر دم منجلي",C,C
4171,"الريبونكلياز هو انزيم بنكرياسي :

الاختيارات:
A. حال للدسم
B. حال للسكر
C. حال للبروتين
D. حال للحموض النووية",C,D
4172,"وظيفة الصمامات القلبية:

الاختيارات:
A. توجيه مجرى الدم باتجاه واحد
B. توزيع مقدار الضغط
C. دفع الدم من حجرة لأخرى في القلب
D. المحافظة على نظم القلب",A,A
4173,"يعد تنظيم الضغط الشرياني على المستوى:

الاختيارات:
A. الخلايا
B. الأنسجه
C. الأعضاء
D. الأجهزه",B,D
4174,"أي مما يلي يزيد امتصاص الحديد:

الاختيارات:
A. حموضة المعدة.
B. فيتامين ..
C. الشاي.
D. a+b",D,D
4175,"عضلة زفيرية

الاختيارات:
A. الوربية الظاهرة.
B. الشوكية
C. القترانية.
D. المنحرفة الباطنة.",D,C
4176,"كل مما يلي من وظائف الماء ما عدا:

الاختيارات:
A. الإسهام في التنظيم الحراري.
B. التخميد والتزليق.
C. دوره كناتج للتفاعل.
D. دوره كناقل.",D,C
4177,"نشاهد غمد النخاعين في :

الاختيارات:
A. الألياف قبل العقدة في الجهاز العصبي المستقل
B. الألياف بعد العقدة في الجهاز العصبي المستقل
C. الألياف العصبية الناقلة لاشارات الألم البطيء
D. كل من C , B",D,A
4178,"تزداد سرعة الإفراغ المعدي في الحالت الأتية ما عدا:

الاختيارات:
A. ازدياد حجم الطعام
B. ازدياد حموضة الكيموس
C. غنى الكيموس بالمواد الدسمة
D. ارتفاع الضغط الحلولي للكيموس",C,C
4179,"نوع من العضلات يمتاز بخاصية الارتخاء بعد الكرب:

الاختيارات:
A. العضلات الهدبية للعين
B. العضلة الناصبة للشعرة
C. العضلات وحيدة الوحدة الحشوية
D. عضلة حدقة العين",C,C
4180,"الخاطئ فيما يتعلق بضغط الدم :

الاختيارات:
A. يتاثر بحجم الدم و نتاج القلب
B. يتأثر بالنوم و الطعام و الرياضة
C. يتعلق بالعمر والجنس و الوزن
D. عندما يكون ضغط الانقباض 145 فهذا مؤشر مرضي خطير",A,D
4181,"- من أسباب متلازمة الضائقة التنفسية لدى الخدج:

الاختيارات:
A. لها أسناخ ذات أقطار أقل من ربع السوي.
B. السورفاكتانت لا يبدأ إفرازه إلا بعد الشهر 6 أو 7 من الحمل.
C. ازدياد كمية السورفاكتانت.
D. كل من A وB.",D,D
4182,"ينتج عن العلاج بالستيروئيدات :

الاختيارات:
A. نقص العدلات.
B. زيادة الحمضات.
C. نقص اللمفاويات.
D. زيادة الاسسات.",C,C
4183,"يزداد نبضان الضغط في حال:

الاختيارات:
A. زيادة ADH
B. التصلب العصيدي.
C. تفعيل جملة الرينين - أنجيوتنسين.
D. تنبيه الجملة الودية.",D,B
4184,"التسرعات الانتيابية :

الاختيارات:
A. نبضات سريعة تتولد في أي جزء من النسيج الناقل.
B. يحدث التسرع بشكل نوبي.
C. يمكن انهاء النوب بتفعيل المبهم.
D. كل ماسبق.",A,D
4185,"الناقل العصبي الرئيسي الذي تحرره الالياف بعد العقدية الودية:

الاختيارات:
A. الاستيل كولين
B. النورادرينالين
C. السيروتونين
D. الانكيفالين",B,A
4186,"أسرع أجزاء الجهاز الناقل في القلب في توصيل السيالة هو:

الاختيارات:
A. العقدة الأذينية البطينية.
B. حزمة هيس.
C. المسالك بين العقد.
D. ألياف بوركنج.",B,D
4187,"مثال عن العصبونات أحادية القطب :

الاختيارات:
A. الخلايا الهرمية
B. خلايا العقد الحسية للجذر الخلفي للدماغ
C. خلايا بوركنج
D. خلايا شبكية العين",B,B
4188,"من المخرجات الوظيفية: (الخطأ)

الاختيارات:
A. التوالد.
B. التلاؤم الفيزيولوجي.
C. العمل الذهني.
D. درجة حموضة الدم.",B,D
4189,"كمية الهواء الموجودة في الرئتين في نهاية شهيق سوي هو:

الاختيارات:
A. السعة الشهيقية
B. السعة الحيوية
C. السعة الوظيفية المدخرة + الحجم الجاري
D. الحجم المدخر الشهيقي",C,C
4190,"من أجهزة الضبط والتحكم في الجسم:

الاختيارات:
A. جهاز التنفس
B. جهاز الدوران
C. الجهاز العصبي والجهاز الغدي الصماوي
D. جهاز الاطراح",C,C
4191,"ان حقن مركب الفلوريدزين يؤدي :

الاختيارات:
A. محاصرة مصادر الطاقة اللازمة لاعادة امتصاص الغلوكوز
B. يخفض بشدة المقدرة القصوى لامتصاص الغلوكوز
C. يؤدي الي ظهور بيلة غلوكوزية
D. كل ما سبق صحيح",D,D
4192,"- المؤثر على توسع القصبات التنفسية:

الاختيارات:
A. زيادة تركيز CO2 في الأسناخ.
B. تناقص تركيز CO2 في الأسناخ.
C. زيادة تركيز O2 في الأسناخ.
D. تناقص تركيز O2 في الأسناخ.",D,A
4193,"معدل الرشح الكبيبي (GFR)، كل مما يلي صحيح عدا

الاختيارات:
A. يساوي حجم الرشاحة في كل كلية خلال دقيقة
B. يقاس باستخدام مادة ترتشح بحرية ولا يعاد امتصاصها أو يتم إفرازها
C. يؤدي نقص الجريان في الشريان الوارد إلى نقص معدل الرشح الكبيبي
D. ينخفض معدل الترشيح على طول الشعيرات الكبيبية باتجاه الشريان الصادر
E. يزداد بزيادة الضغط الدموي",D,A
4194,"السوائل الموجودة داخل القناة الهضمية:

الاختيارات:
A. هي عملياً ضمن البيئة الداخلية للجسم.
B. هي عملياً خارج البيئة الداخلية للجسم.
C. هي ليست سوائل خلاليه.
D. B+C",B,B
4195,"في الدورة القلبية السوية كل ما يلي صحيح عدا:

الاختيارات:
A. يؤدي انغلاق الدسام التاجي إلى سماع الصوت الأول.
B. يؤدي انغلاق الدسام الأبهري إلى سماع الصوت الثاني.
C. يسمع الصوت الثالث بسبب اهتزاز الدم في البطينات أثناء امتلائها.
D. يسمع الصوت الرابع بسبب انفتاح الدسام مثلث الشرف.",D,D
4196,"تدعى الاسناخ التي يصلها دم ولا يصلها هواء بـ:

الاختيارات:
A. الأسناخ السوية
B. التحويلة الفيزيولوجية
C. الحّيز المّيت التشريحي
D. الحّيز الميت الفيزيولوجي",D,B
4197,"كل مما يأتي يؤدي لتوسيع المعصرات قبل الشعرية:

الاختيارات:
A. زيادة معدل الاستقلاب
B. زيادة الأوكسجين
C. تاثير حمض اللين وال CO2
D. تأثير الأدينوزين والبوتاسيوم",D,B
4198,"بتقنية الأسر الصوتي يمكن تحرير النص الفعال حيويا ب :

الاختيارات:
A. تفعيله بالامتصاص الثنائي للفوتون
B. تفعليه بالامتصاص الأحادي للفوتون
C. تفعيله بالامتصاص مستدعي الفوتونه
D. كل ما سبق خاطئ",B,C
4199,"الشاردة ذات التركيز األكبر داخل العصبون:

الاختيارات:
A. الكالسيوم
B. الصوديوم
C. البوتاسيوم
D. الكلور",C,C
4200,"يتمفصل الغضروف الطرجهالي مع:

الاختيارات:
A. الغضروف الحلقي
B. الغضروف الدرقي
C. الغضروف الإسفيني
D. الغضروف الفلكي",C,A
4201,"كل ما يلي من وظائف الماء في الجسم عدا:

الاختيارات:
A. يسهم في التنظيم الحراري
B. ضروري لحدوث تفاعلات الحلمية
C. دور حماية ومقاومة للاحتكاك
D. ضروري لتشكيل المكونات الغشائية في الخلايا العصبية",D,D
4202,"من طرق علاج قصور القلب الغير المعاوض ماعدا :

الاختيارات:
A. تقوية العضلة القلبية.
B. استعمال الاربطة الضاغطة.
C. تقليل الوارد من الماء والأملاح.
D. تمكن الكلى من طرح الماء والأملاح.",C,B
4203,"في طور الانقباض الأذيني :

الاختيارات:
A. الصمامات الأذينية البطينية مفتوحة و السينية مغلقة
B. الصمامات الأذينية البطينية مغلقة و السينية مفتوحة
C. كلاهما مفتوحتان
D. كلاهما مغلقتان",B,A
4204,"فيما يخص المركز النهائي القلبي :

الاختيارات:
A. يقع في البصلة السيسانية
B. برسل ايعازات عبر المبهم
C. تقع العصبونات اللاودية بعد العقدية في جدار القلب
D. كل ما سبق صحيح",D,D
4205,"تمتد خيوط الاكتين بالاتجاهين لتتداخل مع خيوط الميوزين من خلال:

الاختيارات:
A. الاقراص z
B. الجسور التصالبية
C. البروكانين
D. كل ما سبق صحيح",D,A
4206,"كل ما يلي صحيح عن الكرياتينين ماعدا:

الاختيارات:
A. ينتج بشكل غير محدود في الجسم.
B. زيادة تركيزه في الدم مؤشر على ضعف عمل الكليتين.
C. يتم ترشيحه خارج الجسم.
D. ينتج عن استقلاب فسفات كرياتين العضلات.",A,A
4207,"الكريات الحمراء:

الاختيارات:
A. تنشأ في نقي العظم من خلايا جذعية قليلة القدرات.
B. الخلايا المتخصصة بإنتاجها تدعى CFU-E.
C. من مراحل تمايزها ال Megakaryocyte
D. يساعد على انقسامها الانترلوكين - ٢.",A,B
4208,"الحجم الرئوي الذي يزداد مع التقدم بالعمر

الاختيارات:
A. الحجم الجاري.
B. الحجم الشهيقي الاحتياطي.
C. الحجم المتبقي.
D. جميع الحجوم تنقص مع التقدم بالسن.",B,C
4209,"هناك نوعين من الجسيمات الثانوية، النقاط الكمومية هي:

الاختيارات:
A. النقاط الكمومية المصدرة للضوء وكريات من السيليس مغلفة بالذهب
B. النقاط الكمومية الماصة للضوء – وكريات السيليس معلقة بالذهب
C. ذرة هيدروجين ونقاط كمومية مصدرة للضوء
D. كل ما سبق خاطئ",B,A
4210,"أثناء التمارين الرياضية :

الاختيارات:
A. يزداد الحريان الدموي عبر الرئتين
B. يزداد عدد الشعيرات المفتوحة
C. يزداد معدل الجريان عمر كل وعاء شعري
D. كل ما سبق صحيح",D,D
4211,"تنقص الفة خضاب الدم للارتباط بالأوكسجين في الحلات التالية ما عدا:

الاختيارات:
A. زيادة تركيز الهيدروجين في الدم
B. ارتفاع تركيز ثنائي أكسيد الكربون في الدم
C. زيادة DPG في الدم
D. ارتفاع الضغط الجزئي لألكسجين",B,D
4212,"من العوامل المؤثرة على افتراق O2 والخضاب

الاختيارات:
A. الحرارة.
B. تأثير ٣-٢ دي فوسفو غليسريت.
C. درجة الPH
D. كل ماسبق.",D,D
4213,"في تخطيط القلب الكهربائي:

الاختيارات:
A. تعبر T عن عودة الاستقطاب الأذيني.
B. تعبر P عن زوال الاستقطاب الأذيني.
C. تعبر QRS عن عودة الاستقطاب البطيني.
D. كل ما سبق صحيح.",D,B
4214,"يحرض إفراز عصارة غنية بالإنزيمات الهاضمة من البنكرياس:

الاختيارات:
A. السكرتين
B. CCK
C. السوماتوستاتين
D. التنبيه الودى",A,B
4215,"من اآلليات التي تزيد الرشاحة الكلوية عدا:

الاختيارات:
A. تقبّض الشريان الصادر
B. تقبّض الشريان الوارد
C. زيادة الجريان الدموي
D. نقص األلبومين",B,B
4216,"يسمح انفتاح قنوات الاستيل كولين لكميات كبيرة من شوارد........بالدخول الى داخل الليف العضلي:

الاختيارات:
A. البوتاسيوم
B. الكالسيوم
C. الصوديوم
D. الصوديوم والكالسيوم",A,C
4217,"اختر الاجابة الخاطئة :

الاختيارات:
A. كل 15 من الخضاب يرتبط ب 19,4 مل منO2 في الدم الشرياني السوي
B. نسبة الاشباع الشرياني السوي 97% من الأوكسجين
C. كل 15 من الخضاب يرتبط ب 14.4 مل من O2 في الدم الوريدي السوي
D. ينقل 20 مل منO2 إلى النسج في كل ديسيلتر دم في الشروط السوية",C,D
4218,"أهم ميزة تتصف بها العقدة الأذينية البطنية في الحالات السّوية هي:

الاختيارات:
A. قدرتها على توليد كوامن الفعل بشكل ذاتي
B. تواتر إصدارها للإشعارات أقل من العقدة الجيبية الأذينية
C. تتعرض الإشارة أثناء مرورها فيها إلى فترة تأخير تساوي 0.1 ثانية
D. تستطيع الإشارة في بعض الحالات أن تعود إلى الأذينة",B,C
4219,"الخلايا التي تسهم في تشكيل الحاجز الدموي الدماغي هي:

الاختيارات:
A. العصبونات الكبيرة
B. الخلايا النجمية
C. الخلايا الدبقية الصغيرة
D. الخلايا السيسانية",B,A
4220,"يتمثل زوال استقطاب البطينات على مخطط القلب ب:

الاختيارات:
A. الموجة P.
B. الموجة QRS.
C. الموجة S.
D. الموجة T.",A,B
4221,"في الانقباض متساوي الحجم كل مما يلي صحيح عدا

الاختيارات:
A. يحدث صوت القلب الأول
B. يكون الصمام التاجي مغلقًا
C. يكون الصمام الأبهري مغلقًا
D. يترافق مع قمة مركب QRS
E. يرتفع الضغط داخل البطين الأيسر ليتجاوز ١٢٠ ملم ز",E,E
4222,"العامل المحرض على زيادة إفراز الألدوستيرون هو:

الاختيارات:
A. زيادة تركيز البوتاسيوم في السائل خارج الخلوي
B. ازيادة تركيز الصوديوم في السائل خارج الخلوي
C. ارتفاع الضغط الشرياني
D. إنخفاض تركيز شوارد الكالسيوم في الوسط خارج الخلوي",C,A
4223,"اذا تشكلت خثرة في اوعية القلب والرئتين نقوم بحلها عن طريق:

الاختيارات:
A. البلازمين
B. الكاليكرين
C. الهيبارين
D. الحقن الوريدي الستربتوكيناز",D,A
4224,"تسمح خاصية الارتخاء بعد الكرب للأعضاء الجوفاء التي تحوي عضلات ملساء ب:

الاختيارات:
A. تسهيل عملية تقلص العضلة الملساء وكأنها ليف واحد
B. توفير استخدام الطاقة
C. المحافظة على مقدار الضغط نفسه على الرغم من تغير الحجم ضمن حدود معينة
D. زيادة قوة التقلص مقارنة بالهيكلية",C,C
4225,"الخلايا القاتلة الطبيعية:

الاختيارات:
A. نمطيها CD56 و CD26
B. تفعل ب الانترلوكين ..
C. تعتمد على المستقبلات F بشكل كامل.
D. تفعل بالانترفيرون",A,D
4226,"معدل التهوية السنخية

الاختيارات:
A. كمية الهواء الذي يصل للمناطق التنفسية.
B. كمية الهواء الذي يصل للمناطق التنفسية مضروب
C. بمعدل التنفس.
D. كمية الهواء الذي يملأ الطرق التنفسية التوصيلية.",A,B
4227,"الخاطئ فيما يخص الترشيح:

الاختيارات:
A. تمتاز الشعيرات الكبية بنفوذية مرتفعة
B. هو حدثيه منفعلة لا تحتاج الي طاقة
C. المكون الاساسي للرشاحة هو بروتينات البلازما
D. لا نري خلايا الدم في الرشاحة",A,C
4228,"كل ما يلي صحيح عن الشعيرات الدموية عدا:

الاختيارات:
A. يوجد معصرة بين الشعيرات وفروع الشرينات
B. لا توجد معصرة بين الشعيرات وفروع الوريدات
C. نفوذية جدران الشعيرات الدموية عالية
D. لا تنعكس التغيرات الهيموديناميكية الوريدية في مستوى الشعيرات",C,C
4229,"الخاطئ فيما يخص الهرمونات :

الاختيارات:
A. مستقبلاتها توجد في الخلايا الهدف
B. تأثيرها يرتبط بوجود أو بغياب المستقبلات الخاصة بها
C. جميع الهرمونات تؤثر في عدة أنماط خلوية
D. الخلايا التي لا تحوي مستقبلات هرمون ما تستثنى من تأثيره",B,C
4230,"كل ما يلي صحيح عن علوم وظائف الأعضاء:

الاختيارات:
A. علوم ديناميكية في حركة دائمة
B. دراستها تستخدم عينات حية ومواد حيوية
C. نتائجها مرتبطة بالوقت ومتغيرة بمروره
D. تعتمد على تثبيت العينات النسيجية",B,D
4231,"المعلومة الخاطئة حول المستقبل:

الاختيارات:
A. مستقبل التنفس محيطي
B. مستقبل الضغط التناضحي مركزي
C. مستقبل حرارة الجسم مركزي
D. مستقبل ضغط الدم مركزي",B,D
4232,"يتوقف التقلص العضلي عند:

الاختيارات:
A. انتهاء كمون العمل
B. إعادة الكالسيوم الى الشبكة الهيولية
C. خروج الصوديوم
D. ارتباط الكالسيوم بالتربونين",B,D
4233,"يزداد عدد الكريات البيض في حالات:

الاختيارات:
A. سوء التغذية
B. الصيام المديد
C. الشدة النفسية
D. الاصابة بفقر دم لا تنسجي",C,D
4234,"كل العبارات التالية صحيحة بالنسبة لليزر الشلال الكمومي ما عدا:

الاختيارات:
A. إن عملية إلكترون واحد يسبب إصدار العديد من الفوتونات لدى عبوره بنية QCLS تعطي اسم الشلال.
B. عملية الشلال تجعل المردود يزيد على الوحدة مما يؤدي إلى استطاعات خرج أعلى منها في حالة الليزرات الشائعة.
C. تغطي أطوال موجة الإصدار مجال الأطوال الموجية الذي يمتد من 250 نانومتر – 2.75 ميكرومتر ويصل إلى 355 ميكرومتر.
D. إن كلا من انخفاض خرج الاستطاعة الضوئية ومجال توليفه وتشغيلها في درجة حرارة الغرفة يجعلها معينة في تطبيقات المطيافية.",D,D
4235,"عصبونات المرتبة الثانية في المسلك الظهري:

الاختيارات:
A. القرن الظهري للنخاع الشوكي
B. النواتين الناحلة واإلسفينية
C. المهاد
D. ساحات الحس في الدماغ",B,B
4236,"جميع العناصر الآتية من النسيج الناقل في القلب عدا:

الاختيارات:
A. العقدة الجيبية الأذينية.
B. العقدة الأذينية البطينية.
C. العقدة الإكليلية.
D. حزمة هيس.",C,C
4237,"كل ما يلي صحيح عن العضلات الملس وحيدة الوحدة عدا:

الاختيارات:
A. الكتلة الكاملة للالياف العضلية تتقلص معاً
B. اغشية اليافها الخلوية ملتصقة مع بعضها في عدة نقط
C. كل ليف يتقلص بشكل مستقل عن الاخر
D. توجد في المعي والأقنية الصفراوية والحالبان والرحم",C,C
4238,"يهتم علم الفيزيولوجيا بكل ما يلي عدا:

الاختيارات:
A. دراسة التراكيب الدقيق لأعضاء وأجهزة الجسم
B. العمليات الاستقلالية في جسم الكائن الحي
C. انجاز الوظائف الاستقلالية ونمو الكائن
D. عمليات استقلاب الغذاء والحصول على الطاقة",A,A
4239,"الخاطئ فيما يتعلق بالنسيج الضام الليفي :

الاختيارات:
A. يحوي خلايا ليفية وخلايا شوان
B. هو نسيج داعم في الجهاز العصبي المحيطي
C. هو نسيج داعم في الجهاز العصبي المركزي
D. يشكل اغلفة السحايا في الدماغ",C,C
4240,"يتم تنظيم عمل الخصية من خلال:

الاختيارات:
A. GNRH
B. FSH
C. LH
D. كل ما سبق صحيح",D,D
4241,"يتواجد لدى الشخص ذو الزمرة الدموية : A:

الاختيارات:
A. مولد الإرتصاص B
B. الراصة a
C. مولد الإرتصاص A و الراصة b
D. مولد الإرتصاص A و الراصة a",D,C
4242,"القشراني المعدني الرئيسي:

الاختيارات:
A. الكورتيزول (سكري)
B. الالدوسترون (معدني)
C. التستسترون
D. الأدرينالين",B,B
4243,"أقل أنسجة الجسم البشري احتواءً على الماء:

الاختيارات:
A. العضلى
B. العصبى
C. الغدى
D. الدهنى",B,D
4244,"يزداد الضغط الوريدي المركزي في حال

الاختيارات:
A. ازدیاد قوة انقباض القلب.
B. انخفاض قوة انقباض القلب.
C. زيادة العود الوريدي.
D. كل من b و c.",C,D
4245,"كل مايلي صحيح عن البلاعم السنخية عدا:

الاختيارات:
A. مصدرها الوحيدات.
B. توجد في الجلد.
C. توجد في الرئة.
D. تدخل في تشكيل الجهاز الشبكي البطاني.",B,B
4246,"في الثورة يكون حلول موجة الضوء الصادر ... طول موجة الإشعاع الممتص:

الاختيارات:
A. أطول من
B. أقصر من
C. يساوي
D. C,A",B,A
4247,"هو طليعة انزيم يتحول الى شكله الفعال تحت تأثير الخنثرين:

الاختيارات:
A. العامل العاشر
B. العامل الحادي عشر
C. العامل الثاني عشر
D. العامل الثالث عشر",B,B
4248,"يزداد نتاج القلب عند :

الاختيارات:
A. زيادة حجم الدم الجائل
B. زيادة العود الوريدي
C. التردد ضمن حدود
D. كل ما سبق صحيح",D,D
4249,"من الاعراض المشاهدة في فاقات الدم الانحلالية المناعية بالراصات الباردة الثانوية

الاختيارات:
A. تشظي الرئة.
B. بيلة خضابية.
C. الأصابع الأبوقراطية.
D. كل من b و c.",D,B
4250,"تزداد قوّة تقلّص القلب في الحالات التالية عدا:

الاختيارات:
A. ارتفاع تركيز شوارد الكالسيوم في السائل خارج الخلوي
B. تثبيط نظير الودّي
C. الديجيتال
D. زيادة العود الوريدي إلى القلب",B,B
4251,"الحالة التي يمكن أن تؤدي إلى تركيب الطاقة بواسطة مضخة الصوديوم بوتاسيوم هي:

الاختيارات:
A. نقص كمية الـ ATP داخل الخلية
B. زيادة مدروج تركيز كل من شوارد الصوديوم و البوتاسيوم عبر الغشاء الخلوي
C. انخفاض تركيز الكاليسيوم داخل الخلية
D. زيادة نفوذية قنوات الشوارد في الغشاء الخلوي",A,B
4252,"الخاطئ فيما يخص تركيب وتقويض الاستيل كولين:

الاختيارات:
A. يتم معظم التركيبات في الحويصلات المشبكيية
B. يتم تخزينه في الحويصلات المشبكية
C. يقوض الاستيل كولين بواسطة استيل كولين استراز
D. يعاد استعمال الكولين الناتج عن عملية التقويض",A,B
4253,"تعد من المناعة الفطرية اذ توجد على المخاطيات

الاختيارات:
A. . IgE
B. . IgA
C. . IgM
D. . IgG",B,B
4254,". يستطيع الجهاز التنفسي تأمين كميات كبيرة من الأكسجين أثناء التمارين المجهدة من خلال الآلية التالية:

الاختيارات:
A. يحصل كامل التبادل الغازي للأكسجين خلال قطع الدم ثلث المسافة عبر الوعاء الشعري.
B. فارق الضغط الكبير بين الأسناخ والدم لغاز الأكسجين.
C. صغر حجم جزيئة الأكسجين.
D. الانحلالية العالية للأكسجين في الغشاء التنفسي.",B,A
4255,"يحول الببسين الى مولد ببسين :

الاختيارات:
A. العامل الداخلي
B. حمض كلور الماء
C. الفيتامين b12
D. الغلوكاكون",D,B
4256,"يؤدي الى انخفاض معدل ضربات القلب :

الاختيارات:
A. تأثير الأستيل الكولين
B. تأثير الجهاز اللاودي
C. زيادة النفوذية للبوتاسيوم
D. كل ما سبق صحيح",D,D
4257,"يتآزر الجهازان الودي واللاودي في:

الاختيارات:
A. تنظيم افراز اللعاب
B. افراز العرق
C. تنظيم قطر الحدقة
D. تنظيم النبض",C,A
4258,"يتم افراز الاربتروبيوتين من:

الاختيارات:
A. الكلية
B. الكبد
C. نقي العظم
D. الدم",C,A
4259,"في المراكز الحديثة يتم اخذ الاجسام الضدية من IgG وقطع :

الاختيارات:
A. الجزء المفرط التغير
B. الجزء المتغير
C. الجزء الذي يرتبط بالمستضيد
D. لا يتم قطع الجسم الضدي ابدا",B,A
4260,"السبب الذي يجعل من العقدة الجيبية الأذينية ناظمة القلب pacemaker في الحالة السوية هو:

الاختيارات:
A. كونها تصدر كوامن فعل هي الأسرع تواتراً في القلب.
B. وجودها في الجدار الخلفي العلوي للأذينة اليمني.
C. نفوذية غشائها الخلوي لشوارد الصوديوم أثناء الراحة.
D. نفوذية غشائها الخلوي لشوارد الكالسيوم أثناء الراحة.",A,A
4261,"ينقص حجم الدفقة بزيادة:

الاختيارات:
A. حجم الدم الجائل.
B. معدل دقات القلب.
C. العود الوريدي للقلب.
D. قوة التقلص الأذيني.",B,B
4262,"تدعى الترنجات العشوائية لشدة الإشعاع المترابط المنتشرة انتشاراً متعدداً بـ:

الاختيارات:
A. المويجات
B. الانزلاقات
C. البقع
D. A, B",D,C
4263,"المسؤول عن إعادة الاستقطاب:

الاختيارات:
A. تحول شبكة بوابة الصوديوم من حالة التفعيل إلى حالة التحميل
B. دخول شوارد البوتاسيوم
C. A+C
D. دخول شوارد الصوديوم",C,D
4264,"الهرمونات الأمينية مشتقة من :

الاختيارات:
A. الكولسترول
B. الفالين
C. الفينيل الانين
D. التيروزين",D,D
4265,"يسهم في جميع مراحل التخثر:

الاختيارات:
A. الفيرينوجين
B. البروترومبين
C. شوارد الكالسيوم
D. العامل المسرع",D,B
4266,"اختر الاجابة الصحيحة

الاختيارات:
A. يتناسب افراغ البوتاسيوم طردا مع افراغ الهيدروجي في البول.
B. القسم الأكبر من افراز الهيدروجين يكون في النبيب القاصي.
C. افراغ الهيدروجين في النبيب الجامع يتم بشكل رئيسي بواسطة مضخة الهيدروجين.
D. كل ما سبق صحيح.",D,C
4267,"من مميزات العضلات الملساء :

الاختيارات:
A. لا تملك لوحة محركة انتهائية.
B. تستعمل الكالموديولين عوضاً عن التروبوميوزيز
C. نظام الانزلاق مختلف عن العضلة الهيكلية.
D. تحوي نبيبات T في أغشيتها.",A,A
4268,"يكون الدم أحمر قاتم:

الاختيارات:
A. اذا كان مؤكسج
B. اذا كان دم شرياني
C. في الشريان الرئوي
D. كل ما سبق خاطئ",B,C
4269,"من استخدامات مضادات انزيم الاستيل كولين استيراز :

الاختيارات:
A. غاز الخردل.
B. الفيزوستيغماين لعلاج الزرق.
C. النيوستيغماين لعلاج العمى.
D. كل ما سبق صحيح.",D,B
4270,"حجم الدم الذي يضخه القلب خلال دقيقة واحدة:

الاختيارات:
A. End Systolic Volume.
B. Cardiac input.
C. Cardiac Output.
D. Stroke Volume.",C,C
4271,"تتميز خلايا النسيج العقدي القلبي بكل مما يلي ما عدا:

الاختيارات:
A. تستطيع توليد الإشارات دون الحاجة لمصدر خارجي
B. أصغر حجما من الخلايا العضلية القلبية
C. تحتوي على عدد قليل من الألياف المتقلصة
D. تشارك في ضخ الدم بين أجواف القلب",C,D
4272,"محور القلب :

الاختيارات:
A. ينحرف عن الطبيعي بسبب تغيرات موقع القلب.
B. المجال الطبيعي له بين ال ٦٠ وال ۱۰۰
C. ان كانت الزاوية ٥٩ ينحرف لليمين.
D. ان كانت الزاوية - ٥٩ ينحرف لليسار.",A,A
4273,"يؤدي التأثير الحاصر غير المباشر تأثيره على الجهاز العصبي المستقل من خلال:

الاختيارات:
A. تثبيط مستقبلات الناقل العصبي
B. إنقاص فعالية العصبون قبل المشبكي
C. تنبيه إفراز ناقل عصبي مثبط من العصبون قبل المشبكي
D. زيادة نفوذية القنوات في العصبون بعد المشبك لشوارد البوتاسيوم",C,B
4274,"الطريق الهندسي الذي يمكن للضوء أن يقطعه في الخلاء مضروبا بقرينة انكسار الوسط هو:

الاختيارات:
A. المسار الهندسي
B. المسار الضوئي
C. مربع المسار الهندسي
D. مربع المسار الضوئي",C,B
4275,"تتميز بالنقل القفزي :

الاختيارات:
A. الألياف المغمدة بالنخاعين
B. الألياف المجردة من النخاعين
C. الألياف العارية من النخاعين
D. كل ما سبق صحيح",D,A
4276,"عندما يتكون الليف نفوذ لشوارد البوتاسيوم فقط فإن الكمون سيكون تقريباً:

الاختيارات:
A. سالب 4 ميلي فولط
B. سالب 86 ميلي فولط
C. سالب 90 ميلي فولط
D. سالب 94 ميلي فولط",B,D
4277,"كل ما يلي في عضلات شهيقية قسرية عدا :

الاختيارات:
A. الوربية الظاهرة
B. الوربية الباطنة
C. الفترانية
D. الأخمعية",D,B
4278,"الخاطئ فيما يتعلق بتأثير الهرمونات الدرقية:

الاختيارات:
A. تزيد تركيب البروتين
B. يزيد مستوى الكوليسترول في الدم
C. يزيد معدل الاستقلاب و زيادة الحرارة
D. يحرض نمو الدماغ والجملة العصبية أثناء الحياة الجنينية",C,B
4279,"في حال نقص المتناول من الماء ينقص:

الاختيارات:
A. الضغط الحلولي للبول
B. ADH
C. الضغط الحلولي للمصورة
D. حجم البول",D,D
4280,"من اهم اسباب خلل الوظيفة القلبية

الاختيارات:
A. شذوذ النظم في ناظم الخطأ.
B. وجود سبل نقل شاذة.
C. توليد نبضات عفوية من أي جزء من القلب.
D. كل ماسبق صحيح.",D,D
4281,"من أسباب حدوث الانتان البولي :

الاختيارات:
A. الامساك المزمن
B. انسداد المسالك البولية.
C. ضغط الرحم على الحالب اثناء الحمل.
D. كل ما سبق صحيح.",D,D
4282,"عند استئصال الكبد ينخفض مستوى :

الاختيارات:
A. سكر الدم
B. فيتامين د
C. الفيبرونوجين والبيليروبين المقترن
D. كل ما سبق صحيح",D,D
4283,"كل ما يلى من تأثيرات المركز المسرع القلبي عدا:

الاختيارات:
A. زيادة سرعة القلب
B. انخفاض حاجة القلب للأوكسجين
C. يزداد عمل و نتاج القلب
D. تزداد قوة القلب التقلصية",B,B
4284,"الجزء الذي يملك فعالية ATPase:

الاختيارات:
A. رأس الميوزين
B. ذراع الميوزين
C. جسم الميوزين
D. مناطق الارتباط على جزئ الاكتين",A,A
4285,"يوجد مركز العطش في:

الاختيارات:
A. الدم
B. الوطاء
C. النخامة الخلفية
D. الكلية",C,B
4286,"كل ما يلي صحيح عن الحران النسبي عدا:

الاختيارات:
A. يلي زمن حدوثة الحران المطلق
B. خلالها يستعيد العصبون القدرة على الإنتاج كامن الفعل الجديد اذا تعرض لمنبه يفوق مستوى العتبة
C. تحدث بسبب انغلاق بعض قنوات الصوديوم والبوتاسيوم
D. تشغل القسم الصاعد من كامن الفعل",A,D
4287,"الامتصاص يحدث بشكل رئيسي في :

الاختيارات:
A. معدة
B. أمعاء دقيقة
C. قولون
D. امعاء غليظة",B,B
4288,"ناقل عصبي تُحرره الألياف قبل العقدية في القسمين الودي ونظير الودي:

الاختيارات:
A. النور أدرينالين
B. الأستيل كولين
C. الأدرينالين
D. السوماتوستاتين",B,B
4289,"من تطبيقات الثورة:

الاختيارات:
A. علم التعدين والجواهر
B. الحساسات الكيميائية والرسم بالبورة
C. الأصبغة والكشف عن الأصبغة الكونية
D. كل ما سبق صحيح",D,D
4290,"اختر الاجابة الخاطئة فيما يتعلق بالتنظيم الكيميائي للتنفس

الاختيارات:
A. تغيرات CO2 في الدم لها تأثير بالتهوية السنخية أكثر من تغيرات شوارد الهيدروجين
B. تغيرات تركيز ال CO2 في الدم تأثير حاد بعد بضعة أيام
C. تغيرات تركيز ال CO2 في الدم تأثير مزمن ضعيف بعد بضعة أيام
D. تتأثر عصبونات المراكز التنفسية بشكل مباشر بتغيرات co2 في الدم",B,B
4291,"عن الداء السكري (الخاطئة):

الاختيارات:
A. يسبب تصلب الكبب الكلوية.
B. يسبب تصلب الشرايين الكلوية.
C. يسبب التنخر الحليمي.
D. يعالج باعطاء رافعات سكر الدم.",B,D
4292,"يسمع عند بدء الانبساط البطيني الصوت:

الاختيارات:
A. الاول
B. الثاني
C. الثالث
D. الرابع",A,B
4293,"اثناء الزفير :

الاختيارات:
A. يسعد الحجاب للأعلى
B. ينقص القطر الطولاني لجوف الصدر
C. تنخفض الأضلاع
D. كل ما سبق صحيح",D,D
4294,"يُينقص اإلفراز المعدي:

الاختيارات:
A. الغاسترين
B. السكرتين
C. الهيستامين
D. التنبيه نظير الو ّدي",B,B
4295,"كل ما يلي صحيح عن تقلص العضلات عدا:

الاختيارات:
A. كلما زاد زمن ارتباط الجسور التصالبية بخيوط الاكتين زادت قوة التقلص
B. تتمتع العضلات الهيكلية باليه المزلاج
C. جزيءATP واحد يلزم لكل دورة في العضلات الملس بغض النظر عن مدتها
D. البطء في بدء تقلص واسترخاء كامل النسيج العضلي الاملس",C,B
4296,"من اسباب الرجفان الأذيني

الاختيارات:
A. عدم تقلص البطين بشكل فعال.
B. تقلص الأذين بشكل فعال.
C. توسع الانين.
D. كل من a و b.",D,C
4297,"كل ما يلي صحيح عن اللييفات العضلية عدا:

الاختيارات:
A. تحوي خيوط اكتين وخيوط ميوزين
B. خيوط الميوزين اكثر عددا من خيوط الاكتين
C. عبارة عن جزيئات بروتينية كبيرة
D. تشكل الوحدة المسؤولة عن التقلص الفعلي للعضلة",B,B
4298,"يتم الغاء التأثير التثبيطي للتروبونين:

الاختيارات:
A. الصوديوم
B. المغنزيوم
C. الكالسيوم
D. البوتاسيوم",B,C
4299,"يتآزر القسمين الودّي ونظير الودّي للجهاز العصبي المستقل في:

الاختيارات:
A. عمل القلب
B. تحرير الشحوم من مخازنها
C. تنظيم إفراز اللعاب
D. مستوى غلوكوز الدم",C,C
4300,"فيما يتعلق بسلف طليعة الهرمون :

الاختيارات:
A. عند شطرها تعطي هرمون
B. جزيئات فعالة وظيفيا
C. تختزن ضمن الحويصلات الافرازية
D. كل ما سبق خاطئ",C,D
4301,"الصحيح عن آلية المناعة الحديثة

الاختيارات:
A. السيتوكينات IL2 تفرز من الوحيدات.
B. ال IL1 و IL2 تساعد في التكاثر وتمييز البانية.
C. الخلايا البانية تتحول إلى خلايا متغصنة بواسطة IL456
D. كل ماسبق خاطئ",B,B
4302,"يزيد كل ما يلي من سرعة إفراغ المعدة ما عدا:

الاختيارات:
A. زيادة حجم الطعام
B. زيادة حموضة الكيموس
C. الوجبات الدسمة
D. الوجبات السائلة",C,C
4303,"من أجهزة التحكم:

الاختيارات:
A. جهاز التنفس
B. الكلية
C. جهاز الهضم
D. أعضاء الحس",D,B
4304,"تنشأ الأورام الأليفة للحمض بشكل كبير على حساب:

الاختيارات:
A. هرمون النمو
B. البرولاكتين
C. الموجهة الكظرية
D. موجهة الغدد التناسلية",C,A
4305,"في الثقابة الثانوية يمكن ابتكار حوامل ثانوية للدواء تقترن أغلفتها بـ ... للاستهداف و ... للتعقب في الجسم الحي:

الاختيارات:
A. أجسام مضادة – مولدات الأضداد
B. أجسام مضادة – الكروموفورات المتطورة
C. B,A
D. كل ما سبق صحيح",D,D
4306,"يتميز العصبون بكل ما يلي عدا :

الاختيارات:
A. جسم العصبون لا يتجدد
B. شكل العصبون عند الولادة غير نهائي
C. يستهلك الغلوكوز فقط للحصول على طاقة
D. يحتاج انسولين لادخال الغلوكوز",D,D
4307,"المستقبلات الكيماوية المركزية :

الاختيارات:
A. توجد في الجسر
B. تحرض المراكز التنفسية عند ارتفاع O2
C. تحرض المراكز التنفسية عند ارتفاع co2
D. تحرض المراكز التنفسية عند ارتفاع ph",C,C
4308,"محور القلب Qt:

الاختيارات:
A. ECG هو
B. مجموع الكمونات الكهربائية في كافة الجسم.
C. محصلة الفعل الكهربائي القلبي.
D. محصلة الفعل الكهربائي العصبي والقلبي معاً.",C,C
4309,". يؤدي نقص تركيز الأوكسجين في الأسناخ إلى:

الاختيارات:
A. توسيع الأوعية الدموية لهذه الأسناخ.
B. توسيع المصرف الهوائي المؤدي إلى هذه الأسناخ.
C. تقبض الأوعية الدموية لهذه الأسناخ.
D. تضيق المصرف الهوائي المؤدي إلى هذا السنخ.",A,C
4310,"من بين استخدامات الليزرات ذات الحالة الصلبة ما عدا:

الاختيارات:
A. في الجراحة والمعالجة العقلية
B. في الحفر الحجري
C. في تصنيع أنصاف النواقل
D. في توليد حزم دقيقة من تحت الأحمر",B,D
4311,"المستقبلات الكيميائية المحيطية في النفس :

الاختيارات:
A. توجد في الأجسام السبانية وقوس الأبهر
B. حساسة بشكل كبير لنقص Po2
C. حساسة بشكل أقل لتغيرات ال Pco2 أو شوارد الهيدروجين
D. كل ما سبق صحيح",D,D
4312,"عندما تتجمع المراكز المثارة هنا، ويستطيع الإشعاع أن ينتشر مرات كثيرة، تُعرف هذه الظاهرة بـ:

الاختيارات:
A. الانتثار المتعدد
B. الانتثار الأحادي
C. الانعكاس الكلي الداخلي
D. الانتثار الإحصائي",A,A
4313,"ابيضاض الدم اللمفاوي المزمن

الاختيارات:
A. يرافقه تناذر ميكوليز.
B. . يعالج بتخفيض حمض البول في الدم.
C. من أعراضه نقص شديد باللمفاويات الناضجة.
D. كل ما سبق صحيح.",D,A
4314,"يتحسس المتغيرات:

الاختيارات:
A. المستقبل
B. الجهاز المراقب
C. المتغير المنظم
D. المقارن",C,A
4315,"معدل تغير حجم الرئتين تحت تأثير الضغط هو:

الاختيارات:
A. Compliance
B. Homeostasis
C. Functional Risidual Capacity
D. Aleveolar Ventilation",A,A
4316,"يؤدي التجفاف إلى كل ما يأتي باستثناء:

الاختيارات:
A. طلب الماء وتحريض النخامى العصبية
B. انخفاض ال ADH
C. ارتفاع الضغط التناضحي الخاللي
D. انخفاض إفراغ الكلية",C,B
4317,"أطوال موجة الضوء التي تعطي امتصاصًا أعظميًا هي:

الاختيارات:
A. الأخضر والأحمر
B. الأخضر و الأصفر
C. الأزرق و الاحمر
D. كل ما سبق صحيح",D,B
4318,"المسؤول عن تحفيز تحرر الكالسيوم من الشبكة الهيولية:

الاختيارات:
A. التقلص العضلي
B. كامن الفعل
C. بروتين التروبونين
D. الانابيب المستعرضة",B,B
4319,"في التقلص الإسوتوني:

الاختيارات:
A. تتقلص العضلة معاكسة حملاً
B. يبقى توتر العضلة ثابت
C. يبقى طول العضلة ثابت
D. C+B",D,B
4320,"تعمل الحاصرات الغير مباشرة في الجهاز العصبي المستقل باأللية التالية:

الاختيارات:
A. ترتبط بمستقبل الناقل وتثبط فعله
B. تنقص فعالية العصبون قبل المشبكي
C. تحرض األنزيمات المخربة للناقل العصبي
D. تثبط فعالية العصبون بعد المشبكي",A,B
4321,"كل ما يلي ينقص معدل الترشيح عدا:

الاختيارات:
A. زيادة تركيز الالبومين البلازمي
B. وذمة داخل الكلية
C. وضح كلوي
D. اثناء التمارين الرياضية",D,D
4322,"تحدث الاستجابة لنقص الأكسجين عندما ينخفض PO2 من خلال

الاختيارات:
A. الجسم الأبهري
B. الجسم السباتي
C. المستقبلات الكيميائية المركزية
D. جميع ما سبق",D,B
4323,"تتصف آلية التلقيم الراجع السلبي بما يلي عدا:

الاختيارات:
A. تعمل بها معظم أجهزة الجسم
B. تعمل على المعاكسة
C. تحافظ على الاستتباب
D. من الأمثلة عليها تنظيم مستوى سكر الدم",B,C
4324,"ينتج عن تنبيه مستقبلات الفا كل ما يلي عدا:

الاختيارات:
A. تقبض الاوعية الدموية للجلد
B. تحلل الشحم
C. تقبض اوعية المخاطيات
D. تثبيط افراز الانسولين",C,B
4325,"يختلف علم الفيزيولوجيا عن العلوم المورفولوجية الأخرى بـ:

الاختيارات:
A. يهتم بالتركيب الدقيق لأعضاء الجسم.
B. نتائج دراساته مرتبطة بالوقت ومتغيرة بمروره.
C. يعتمد على دراسات وصفية.
D. لا يعتمد على تجارب حية.",B,B
4326,"نمط المستقبلات الموجودة في العضو

الاختيارات:
A. تثبيط إفراز اللعاب
B. تقلص المثانة البولية
C. توسع القصبات
D. إرخاء مصرة المثانة",C,D
4327,"يسعى لسحب السائل نحو الخارج:

الاختيارات:
A. ضغط الدم
B. ضغط السائل الخلالي
C. الضغط التناضحي للبلازما
D. الضغط التناضحي للسائل الخلالي",C,D
4328,"تنتقل الأحاسيس التالية في المسلك الأمامي الجانبي عدا:

الاختيارات:
A. حس الألم
B. إحساسات اللمس الفج
C. إحساس الدغدغه
D. إحساس الاهتزاز",B,D
4329,"ينخفض ضغط الدم بزيادة:

الاختيارات:
A. نتاج القلب
B. مقاومة جريان الدم
C. عدد ضربات القلب
D. قطر الاوعية الدموية",B,D
4330,"سرعة موجة النبض تنقص :

الاختيارات:
A. بازدياد المقوية.
B. بازدياد المرونة.
C. بتناقص المرونة.
D. بتناقص المقوية.",C,B
4331,"يُمتص الإشعاع في المجال فوق البنفسجي والمرئي من الطيف بشكل رئيسي عن طريق:

الاختيارات:
A. البروتينات
B. الأصبغة
C. جزيئات الماء
D. A, B",D,A
4332,"كل ما يلي من وظائف الكلية عدا

الاختيارات:
A. المحافظة علي ضغط الدم
B. التوازن الشاردي والحلولي لسوائل الجسم
C. المحافظة علي توازن كلس الدم
D. تعمل كجهاز مناعة",A,D
4333,"الخلايا التي تستجيب للعصبونات بعد العقد اللاودية

الاختيارات:
A. الأستيل كولين
B. النورابنفرين
C. الأدرينالين
D. النورابنفرين أو الاستيل كولين",D,A
4334,"كل مايلي صحيح عن البلاعم السنخية عدا:

الاختيارات:
A. مصدرها الوحيدات.
B. توجد في الجلد.
C. توجد في الرئة.
D. تدخل في تشكيل الجهاز الشبكي البطاني.",B,B
4335,"يؤدي الى زيادة سرعة دقات القلب عدا :

الاختيارات:
A. التنبيه الودي
B. محرضات B1
C. زيادة النفوذية ل الصوديوم
D. نقص النفوذية Cad",D,D
4336,"تزداد قوة تقلص القلب ب

الاختيارات:
A. الحمى المديدة.
B. زيادة البوتاسيوم.
C. زيادة الكالسيوم.
D. كل ما سبق صحيح.",C,C
4337,"الجزء من النفرون الكتيم تماماّ للماء:

الاختيارات:
A. الأنبوب الملفف الداني
B. الجزء النازل من عروة هانله
C. الجزء الصاعد من عروة هانله
D. النبوب الجامع",A,C
4338,"يتم تخرب الكريات الحمر بشكل رئيسي في:

الاختيارات:
A. الكبد
B. الكلية
C. الطحال
D. المعدة",C,C
4339,"فيما يتعلق بالتيروكسين والتيرونين :

الاختيارات:
A. يسهمان في زيادة معدل الاستقلاب
B. التيرونين أكثر فعالية
C. لكلاهما التأثير نفسه
D. كل ما سبق صحيح",B,A
4340,"أحد الهرمونات الذي يخضع لتأثير هرمون محرض من الوطاء :

الاختيارات:
A. GH
B. PRL
C. FSH
D. ADH",A,C
4341,"الإجابة الصحيحة فيما يتعلق بنسب مكونات الجسم:

الاختيارات:
A. يشكل الماء %85 من وزن الجسم
B. تشكل البروتينات 15 %18- من الوزن
C. يشكل الدسم %25 من الوزن
D. تشكل المعادن %2-1 من الوزن",A,B
4342,"فيما يخص التربونين:

الاختيارات:
A. المكون الثاني له شديد الألفة للتربوميوزين
B. المكون الثالث له شديد الألفة الكالسيوم
C. لو ثلاث مكونات مرتبطة مع بعض بشكل رخو
D. كل ما سبق صحيح",D,D
4343,"الخيوط الثخينة :

الاختيارات:
A. توجد في الشرائط النيرة.
B. توجد في مركز القسيم العضلي.
C. ذيل الميوزين يحتوي روابط لل ATP والأكتين.
D. كل ما سبق خاطئ.",B,B
4344,"- العامل الأساسي الذي يحدد ارتباط الخضاب بالأوكسجين:

الاختيارات:
A. ضغط الأوكسجين في الدم.
B. نقص الـ PH
C. قيمة VA/Q
D. الوزن الجزيئي للأوكسجين",A,A
4345,"ترتبط سعة تكثف النقع مباشرة بـ ... في النقطة الدورية فوق الصوتية:

الاختيارات:
A. المقدرة الفاصلة العرضانية
B. المقدرة الفاصلة الطولانية
C. الخصائص الضوئية للوسط
D. A,B",D,C
4346,"عامل تفرزه الكلية ويؤثر في تشكيل الكريات الحمر:

الاختيارات:
A. الاريثروبويتين
B. الانترولوكين
C. التروميو موديولين
D. الترومبوبويتين",A,C
4347,"كل ما يلي صحيح عن مضخة الصوديوم- بوتاسيوم عدا:

الاختيارات:
A. تضخ 3 شوارد صوديوم من داخل الخلية إلى خارجها
B. مسؤولة عن صون التراكيز الشاردية المتباينة لكل من الصوديوم والبوتاسيوم على جانبي الغشاء
C. لها دور في بدء زوال الاستقطاب
D. تعطيل فعالية مضخة الكالسيوم",D,C
4348,"يؤدي زيحان منحنى تفارق الاكسجين الخضاب نحو اليمين إلى:

الاختيارات:
A. نقص النسبة المئوية لإشباع الخضاب بالأكسجين
B. نقص كمية الاكسجين المتحررة إلى النسج
C. زيادة النسبة المئوية إلشباع الخضاب بالأوكسجين
D. نقص كمية ثاني اكسيد الكربون المرتبطة بالخضاب",A,A
4349,"مضخة الصوديوم والبوتاسيوم:

الاختيارات:
A. تضخ 3 شوارد صوديوم داخل الخلية
B. مهمة في أداء الخلايا العصبية لوظائفها
C. تضخ شاردتي بوتاسيوم لخارج الخلية
D. كل ما سبق صحيح",D,B
4350,"تشكل غمد النخاعين في الجهاز العصبي المركزي :

الاختيارات:
A. الخلايا الدبقية قليلة التغصنات
B. الخلايا السيسائية
C. الخلايا النجمية
D. الخلايا الدبقية الصغيرة",C,A
4351,"يملك الضوء الصادر بالفلورة في معظم الحالات:

الاختيارات:
A. طول موجة أطول وبالتالي طاقة أكبر من الإشعاع الممتص
B. طول موجة أقصر وبالتالي طاقة أخفض من الإشعاع الممتص
C. طول موجة أقصر وبالتالي طاقة أكبر من الإشعاع الممتص
D. طول موجة أطول وبالتالي طاقة أخفض من الإشعاع الممتص",D,D
4352,"كل ما يلي صحيح عن التنظيم العصبي للضغط عدا:

الاختيارات:
A. يدعي الجهاز الدارئ للضغط
B. تمثل أسرع الية لتنظيم الضغط الشرياني
C. تبلغ أهميتها في التنظيم المديد للضغط الشرياني
D. تتكيف مع أي مستوى من الضغط خلال 2-3 يوم",C,C
4353,"يفرز الوطاء العوامل التالية عدا:

الاختيارات:
A. السوماتوستاتين
B. السوماتوميدين
C. الهرمون المطلق للميلانين
D. الهرمون المطلق للبرولاكتين",C,B
4354,"تقوم بهضم المعقد ضد مستضد) بعد إنهاء عمله :

الاختيارات:
A. Monocytes
B. Basophils
C. Eosinophils
D. Neutrophils",A,B
4355,"يتم تثبيط افراز ال FSH :

الاختيارات:
A. التستسترون
B. البروجسترون
C. GNRH
D. كل من A, B",C,B
4356,"الفترة التي تمثل التقلص البطيني:

الاختيارات:
A. QT.
B. PQ.
C. ST.
D. QRS.",A,A
4357,"كل ممايلي من العضلات الشهيقية عدا:

الاختيارات:
A. الحجاب الحاجز.
B. القترائية.
C. الوربية الباطنة.
D. الوربية الظاهرية",B,D
4358,"يزداد معدل الترشيح في كل ما يلي عدا:

الاختيارات:
A. الحمل
B. نزف دموي شديد
C. داء كبدي
D. الاستلقاء",D,B
4359,"بالنسبة للسيروم:

الاختيارات:
A. يفضل استخدام البلازما بدلاً عنه في المختبرات
B. يتميز بصعوبة تحضيره والحصول عليه
C. معظم الأنزيمات لا تتثبت في حال تم تجميدها
D. تغير ثبات الغلوكوز في السيروم بدرجة حرارة الغرفة أقل بكثير من تغير ثباته في الدم الكلي",D,D
4360,"تحرض العوامل التالية إفراز الهرمون المضاد للإدرار عدا:

الاختيارات:
A. زيادة الضغط التناضحي
B. نقص حجم الدم الجائل
C. انخفاض الضغط الشرياني
D. تناول الكحول",C,D
4361,"يفرز من الامعاء :

الاختيارات:
A. الانتبروكيناز
B. السيكرتين
C. الماء
D. كل ما سبق صحيح",D,D
4362,"تمثل الموجة: QRS.

الاختيارات:
A. عودة استقطاب البطينين
B. زوال استقطاب البطينين
C. عودة استقطاب الأذينين
D. زوال استقطاب الأينتين",B,B
4363,"إن المادة الحية والمركبات العضوية مناسبة لـ...

الاختيارات:
A. الضوء المرئي
B. الضوء البنفسجي
C. الضوء فوق البنفسجي
D. كل ما سبق صحيح",D,C
4364,"تتحكم العوامل التالية بالامتصاص بالأمعاء الدقيقة عدا:

الاختيارات:
A. الضغط التناضحي للكيموس
B. الـ pH في الوسط المعوي
C. البروستاغلاندينات
D. الأملاح الصفراوية",C,C
4365,"داء الحفر يعالج ب :

الاختيارات:
A. فيتامين ث.
B. فيتامين أ.
C. ليس له علاج.
D. فيتامين ب.",A,A
4366,"طور الانقباض البطيني:

الاختيارات:
A. البطينان والأذينان في حالة استرخاء.
B. يستمر نحو 0.15 ثانية.
C. الصمامات السينية مغلقة.
D. انقباضه يقذف ثلثي الدم الموجود.",C,D
4367,"واحدة من العبارات التالية فيما يخص دور المهاد خاطئة:

الاختيارات:
A. تمر جميع المسالك الحسية في أثناء سيرها نحو القشرة المخية الحديثة بالمهاد
B. للمهاد دور في الإدراك الفج للأحاسيس
C. يمكن لحس الألم ان يدرك كلياً في المهاد
D. المهاد مكان وجود عصبونات المرتبة الثالثة لجميع الأحاسيس",C,A
4368,"لا يمتص بطريقة الانتشار التسهيلي المرتبط بالصوديوم :

الاختيارات:
A. الغلوكوز
B. الغالاكتوز
C. الفركتوز
D. كل من a و b",D,C
4369,"بالنسبة لليزرات الصباغية، أيًا من العبارات التالية خاطئة؟

الاختيارات:
A. تُستخدم صبغة عضوية كوسط ربح على شكل محلول سائل عادة.
B. يسمح اتساع طيف ربح الأصباغ المتوافر لهذه الليزرات بأن تكون قابلة للتوليف على نطاق واسع أو أن تولد نبضات قصيرة جدًا.
C. اتساع عرض عصابتها مناسبة بشكل خاص لليزر ات قابلة للتوليف وليزرات نبضية.
D. يمكن استبدال الصباغ بنوع آخر لتوليد مختلف الأطوال الموجية لليزر آخر.",C,D
4370,"أي العبارات التالية صحيحة :

الاختيارات:
A. تمتلك العضلات التنفسية فعالية نظمية ذاتية
B. العضلات الوربية هي العضلات الرئيسية للتنفس
C. الابقاع التنفسى ينجم عن عصبونات موجودة في القسم البطني من البصلة
D. مركز التنفس الجسري يحدث بشكل رئيسي الشهيق",A,C
4371,"البيرول:

الاختيارات:
A. غليسين + بروتوبورفيرين.
B. غليسين + سكسنيل كوإنزيم A
C. غليسين + هيم.
D. كوإنزيم A + بروتوبورفيرين.",C,B
4372,"في حال تناول كميات كبيرة من الماء يزداد:

الاختيارات:
A. الضغط الحلولي للبول
B. ADH
C. الضغط الحلولي للمصورة
D. حجم البول",D,B
4373,"كل مما يلي من المستقبلات الآلية عدا :

الاختيارات:
A. السمع والتوازن
B. العصي و المخاريط
C. الاهتزاز
D. اللمس و الضغط",B,B
4374,"الزمرةA :

الاختيارات:
A. مصل الدم فيها يحتوي على anti A.
B. لا تحوي على مستراصات.
C. نسبة وجودها ٤٧%.
D. نمطها الجنيني (AA,AO ).",A,D
4375,"يمكن توسيع القصبات بتحريض مستقبلات:

الاختيارات:
A. الفا 1
B. بيتا 2
C. بيتا 1
D. المسكارينية",C,B
4376,"يتم تسريع ESR :

الاختيارات:
A. عند الإصابة بالسل والروماتيزم
B. ارتفاع الغلوبيولين
C. نقص الالبومين
D. كل ما سبق صحيح",D,D
4377,"ينقص عدد الكريات الحمر ويبقى حجمها طبيعي بنقص:

الاختيارات:
A. الفيتامين B12
B. الحديد
C. الاريتروبيوتين
D. حمض الفوليك",B,C
4378,"إن الإشعاعات الكهرطيسية الذي معظم منابع الليزر من المجال ... إلى ...

الاختيارات:
A. تحت الأحمر المتوسط 10um = - فوق البنفسجي القريب 200um
B. تحت الأحمر القريب 5um = - فوق البنفسجي البعيد 200nm
C. تحت الأحمر المتوسط 10um = - فوق البنفسجي القريب 200nm
D. A, C",D,C
4379,"يعتمد هرمون النمو في تأثيره على الخلية الهدف على:

الاختيارات:
A. السوماتوستاتين
B. البرولكتين
C. هرمونات الدرق
D. السوماتوميدين",C,D
4380,"له أقوى تأثير في تنبيه المستقبلات الكيميائية المحيطية:

الاختيارات:
A. زيادة 2P
B. نقص 2P
C. نقص 2P
D. زيادة 2P",A,C
4381,"كل العوامل التالية تحث نقي العظم على تشكيل الكريات الحمر عدا:

الاختيارات:
A. انخفاض نسبة O2 في الدم
B. زيادة افراز العامل الكلوي
C. زيادة افراز الكلية للاريتروبيوتين
D. اشباع النسج بالأوكسجين",B,D
4382,"يضمن سرعة توصيل كامن الفعل الى جميع انحاء الليف العضلي:

الاختيارات:
A. القسيم العضلي
B. الاقراص 2
C. الانابيب الطولانية
D. انابيب المستعرضة",C,D
4383,"يسمع بوضوح في الحالة الطبيعية للإنسان :

الاختيارات:
A. الصوت الأول فقط
B. الصوتان الأول و الثاني
C. الصوتان الثالث والرابع
D. الاصوات الأول و الثاني ولثالث",B,B
4384,"تزداد لزوجة الدم ب:

الاختيارات:
A. زيادة RBCs فقط
B. زيادة بروتين البلازما فقط
C. زيادة تركيز كامل العناصر الدموية
D. A&B",C,D
4385,"يؤدي الى خفض معدل ضربات القلب :

الاختيارات:
A. حصر مستقبلات B1
B. حصر مستقبلات a1
C. حصر مستقبلات B2
D. حصر مستقبلات a2",B,A
4386,"يؤدي وضع الخلايا في الماء المقطر الى:

الاختيارات:
A. انكماشها
B. انتباجها
C. انفجارها
D. لا تتأثر",A,D
4387,"عندما يصبح ضغط الدم 100 ممز فان معدل الترشيح الكبيبي:

الاختيارات:
A. يزداد
B. ينقص
C. يبقي ثابتا
D. يزداد ثم ينقص",B,C
4388,"كل جزئية خصاب يمكنها حمل:

الاختيارات:
A. جزيئتين O2
B. 4جزيئات O2
C. 6جزيئات O2
D. 8 جزيئات O2",B,B
4389,"يتم امتصاص الشوارد و مبادلتها في المعي بتأثير :

الاختيارات:
A. فرق مدروج التركيز
B. الضغط النموي
C. كمية الماء
D. كل ما سبق صحيح",D,A
4390,"يدخل في عملية تمايز الكريات الحمر كل مما يلي عدا:

الاختيارات:
A. فيتامين K
B. سليفة الأرومات السوية
C. مولد الاريثروبويتين
D. الاريثروبويتين",B,C
4391,"يعد تنظيم الضغط الشرياني على مستوى :

الاختيارات:
A. الأعضاء
B. الأجهزة
C. العضوية
D. النسيجي",C,B
4392,"تغير الضغط ناجم عن:

الاختيارات:
A. تدفق المنتظم للدم.
B. تمدد و انخماص الرئة.
C. وجود الرئتين أعلى الجذع.
D. لا شيء مما سبق.",B,B
4393,"يساهم في تشكيل الدم في الحياة الجنينية:

الاختيارات:
A. نقي العظام
B. الكبد والطحال
C. البرعم الدموي\
D. كل ما سبق صحيح",D,D
4394,"من المناعة المكتسبة :

الاختيارات:
A. الليزوزيم
B. اللمفاويات المفعلة
C. الاضداد
D. الاجابتين b+c",C,D
4395,"الزيحان الكلوري :

الاختيارات:
A. تبادل الكلور بين هواء الاسناخ والخلايا البالغة
B. تبادلين البيكربونات والكلور بين الكريات الحمر و البلازما
C. تأثير الكلور على افراز المخاط في التليف الكيسي
D. التبادل بين شاردة الكلور وحمض الكربون في البلازما",B,B
4396,"تفتح بوابات البوتاسيوم:

الاختيارات:
A. عندما توجد شحنة سلبية شديدة على السطح الخارجي للغشاء
B. عندما توجد شحنة سلبية شديدة على باطن الغشاء
C. عندما توجد شحنة إيجابية على باطن الغشاء
D. عندما توجد شحنة إيجابية على السطح الخارجي للغشاء",B,C
4397,"تتحسس المستقبلات الكيميائية في البصلة السيسائية مباشرة لـ

الاختيارات:
A. PCO2 في الدم
B. الشوارد الهيدروجينية في الدم
C. الشوارد الهيدروجينية في السائل الخلالي
D. كل ما سبق
E. كل ما سبق خطأ",D,C
4398,"زيادة الجريان الدموي

الاختيارات:
A. يجعل pco2 النسخ 10 ممز
B. يزيد pco2 النسج
C. يجعل Pco2 النسج يقارب 40 ممز
D. كل ما سبق صحيح",B,C
4399,"فيما يخص قبط الأوكسجين :

الاختيارات:
A. تتم أكسجة الدم بشكل كامل بعد عبوره نصف المسافة عبر الوعاء الشعري
B. يبقى الدم في الحالة السوبة في الشعيرات الرئوية 3 أضعاف المدة الضرورية لأكسجته بشكل كامل
C. يحتاج الدم لكي يتأكسج بشكل كامل أن العرض للأوكسجين لفترة طويلة
D. كل ما سبق صحيح",D,B
4400,"المقصود بالتلاؤم:

الاختيارات:
A. تزايد تواترات كمون الفعل عندما يطبق المنبه نفسه بصورة مستمرة.
B. تناقص تواترات كمون الفعل عندما يطبق المنبه نفسه بصورة مستمرة.
C. تزايد شدة كمون الفعل عندما يطبق المنبه نفسه بصورة مستمرة.
D. تناقص شدة كمون الفعل عندما يطبق المنبه نفسه بصورة مستمرة.",A,B
4401,"يثبط فعالية جهاز الهضم :

الاختيارات:
A. تنبيه ضفيرة اورباخ
B. تنبيه ضفيرة مايستر
C. التنبيه الودي
D. التنبيه اللاودي.",D,D
4402,"الذي يؤكد الدور الأهم للمراكز الماستئصال الجسرلا يؤثر على الوظائف اللا إراديةستقلة الشوكية و البصلية :

الاختيارات:
A. لا يوجد أهمية للوطاء فى الجهاز العصبي
B. استئصال الجسر لا يؤثر على الوظائف اللاإرادية
C. قطع جذع الدماغ فوق مستوى البصلة السيسائية يحدث تبدلات مهمة فى الجهاز العصبي المستقل
D. ارتباط الوطاء ارتباطا وثيقا مع الجهاز الحوفي",C,C
4403,"القسيم العضلي يولد قوة تقلص عظمى عند طول:

الاختيارات:
A. 1 ميكرو متر
B. 2 ميكرو متر
C. 3 ميكرو متر
D. 4 ميكرو متر",B,B
4404,"تحوي الصفيحات الدموية على كل مما يلي عدا

الاختيارات:
A. الثروميوبويتين
B. الثرومبوكسان A2
C. كالسيوم
D. العامل XIII
E. عامل النمو البطانى",E,A
4405,"كل ما يلي يزيد ال TSH عدا:

الاختيارات:
A. TRH
B. البرد
C. تنقص حجم الدم الجائل
D. نقصان تركيز 3T و 4T",D,C
4406,"معدل الترشيح الكبيبي GFR

الاختيارات:
A. نستخدم الانولين لقياسه.
B. يعادل تقريبا تصفية الكرياتينين.
C. يبلغ حوالي ١٢٥ ملد.
D. كل ما سبق صحيح.",D,D
4407,"يزيد البروستاغلاندين افراز كل ما يلي عدا :

الاختيارات:
A. المخاط
B. البيكربونات
C. الحمض
D. الجريان الدموي",B,C
4408,"الكرية التي تحوي نسبة هيموغلوبين ۲۰-۲۸ بيكو غرام تدعى :

الاختيارات:
A. . Normochromic.
B. . Hypochromic.
C. Hyperchromic.
D. كل ما سبق خطأ.",B,B
4409,"اختر الخاطئة ، فيما يخص الغدد الصم :

الاختيارات:
A. تلقي مفرزاتها في الدم مباشرة
B. تلقى مفرزاتها عبر قنوات افرازية
C. تعرف بالغدد داخلية الافراز
D. تنشأ من خلايا ظهارية",B,B
4410,"وظيفته تنقية الدم:

الاختيارات:
A. جهاز الهضم
B. جهاز المناعة
C. جهاز الدوران
D. الجهاز الدولي",C,D
4411,"تتميز الفقرات القطنية بأنها:

الاختيارات:
A. القطر المستعرض أصغر من القطر الأمامي الخلفي
B. ينقص ارتفاع الجسم وعرضه من الأولى حتى الخامسة
C. النواتئ الشوكية قصيرة ومنتجة في نهايتها
D. النواتئ الشوكية قصيرة ومتشعبة في نهايتها",A,C
4412,"خلايا بانية مسؤولة بإنتاج الاضداد :

الاختيارات:
A. Neutrophils
B. . Eosinophils
C. Monocytes
D. Plasma cells.",D,C
4413,"فيما يخص الغدة النخامية:

الاختيارات:
A. النخامة الامامية هي الغدة
B. النخامة الخلفية هي العصبية
C. الجزء المتوسط ضامر عديم الوظيفة عند الانسان
D. كل ما سبق صحيح",D,D
4414,"تُعزى ظاهرة الانتشار الخلفي المترابط إلى:

الاختيارات:
A. تموضع قوي
B. تموضع ضعيف
C. ثبات المبدأ
D. لخامة النسيج",B,B
4415,"فيما يخص خيوط الميوزين في العضلات الملس:

الاختيارات:
A. تتبعثر بين خيوط الاكتين
B. قطرها ضعف قطر خيوط الاكتين
C. عددها اقل من خيوط الاكتين
D. كل ما سبق صحيح",D,D
4416,"يتميز التنظيم العصبي للضغط الشرياني ب:

الاختيارات:
A. لا يتلاءم.
B. يتدخل في حال ارتفاع الضغط فقط.
C. سرعة التدخل.
D. يتدخل في حال هبوط الضغط فقط.",C,C
4417,"تزداد قوة تقلص العضلة القلبية بزيادة:

الاختيارات:
A. طول الليف البدني.
B. الفعالية اللاودية.
C. تواتر التنبيه.
D. شدة التنبيه.",D,A
4418,"صوت القلب الثاني يحدث مباشرة بعد:

الاختيارات:
A. الموجة P.
B. الموجة QRS.
C. الموجة T.
D. لا شيء مما سبق.",B,C
4419,"حجم الدم الذي يضخه البطين خلال دقيقة واحدة هو:

الاختيارات:
A. Cardiac Output
B. Stroke Volume
C. Cardiac Input
D. End systolic volume",A,A
4420,"الذي يمثل مدة التقلص البطيني على تخطيط القلب الكهربائي هو:

الاختيارات:
A. الفترة PQ
B. الفترة QT
C. الفترة ST
D. الفترة PR",B,B
4421,"الأنزيم المعوي الذي يحول مولد التربسين إلى تربسين هو:

الاختيارات:
A. الإنتيروكيناز
B. مالتاز
C. ليباز
D. أمينو بولي ببتيداز",A,A
4422,"واحد من العوامل التالية يعد الأكثر أهمية في تنشيط حركات جهاز الهضم:

الاختيارات:
A. أستيل كولين
B. اكوليستوكينين
C. سكرتين
D. نورأدرينالين",C,A
4423,"الذي يمثل مدة التقلص البطيني على تخطيط القلب الكهربائي هو:

الاختيارات:
A. الفترة PQ أو PR.
B. الفترة QT.
C. الفترة ST.
D. الفترة PR.",A,B
4424,"حجم الدم الذي يضخه البطين خلال دقيقة واحدة هو:

الاختيارات:
A. Cardiac output.
B. Stroke Volume.
C. Cardiac Index.
D. End Systolic Volume.",A,A
4425,"تعود أهمية التأخير الذي يحدث أثناء مرور كامن الفعل في العقدة الأذينية البطينية:

الاختيارات:
A. إنهاء التقلص الأذيني قبل بدء التقلص البطيني.
B. ضمان انتقال الدم من الأذينة إلى البطين.
C. لضمان الحفاظ على نتاج قلبي سوي.
D. كل ما سبق صحيح.",D,D
4426,"سبب ظهور طور الهضبة في كامن فعل العضلة القلبية هو:

الاختيارات:
A. دخول شوارد الكالسيوم.
B. دخول شوارد الصوديوم.
C. عدم دخول شوارد البوتاسيوم.
D. ليس أيا مما سبق.",A,A
4427,"تزداد قوة القلب التقلصية بازدياد كل مما يلي ما عدا:

الاختيارات:
A. التنبيه الودي.
B. طول الألياف قبل تقلصها.
C. الديجتال والأدرينالين.
D. زيادة شدة المنبه.",D,D
4428,"تزداد قوة تقلص العضلة القلبية بزيادة كل مما يلي ما عدا:

الاختيارات:
A. طول الليف البدني
B. تركيز الكالسيوم
C. شدة المنبه
D. الأدرينالين",A,C
4429,"يعود طور الهضبة في كمون عمل الليف العضلي القلبي إلى انفتاح أقنية:

الاختيارات:
A. الصوديوم
B. الكالسيوم
C. البوتاسيوم
D. الكلور",B,B
4430,"تمثل الزمن اللازم لانتقال التنبيه من العقدة الجيبية الأذينية إلى البطين:

الاختيارات:
A. الفترة PQ أو PR.
B. الفترة QT.
C. القطعة S-T.
D. الفترة R-R.",A,A
4431,"يزداد نتاج القلب بزيادة كل مما يلي ما عدا:

الاختيارات:
A. وزن الدم الجائل.
B. العود الوريدي.
C. التقلص الأذيني.
D. معدل دقات القلب.",B,A
4432,"تزداد قوة تقلص العضلة القلبية بزيادة كل مما يلي ما عدا:

الاختيارات:
A. طول الليف البدني.
B. الفعالية الودية.
C. العود الوريدي.
D. شدة التنبيه.",C,D
4433,"تعود أهمية التأخير الذي يحدث أثناء مرور كامن الفعل في العقدة الأذينية البطينية:

الاختيارات:
A. إنهاء التقلص الأذيني قبل بدء التقلص البطيني
B. ضمان انتقال كامل محتوى الأذينة من الدم إلى البطين
C. لضمان حفظ نتاج قلبي سوي
D. كل مما سبق صحيح",D,A
4434,"ان مص الطفل لحلمة الثدي يؤدي الى:

الاختيارات:
A. يحرض انتاج العامل المطلق للبرولاكتين من الوطاء
B. يزيد انتاج البرولاكتين في النخامة الامامية
C. يزيد تركيب الاوكسيستوسين في الوطاء
D. كل ما سبق صحيح",D,D
4435,"عند ازدياد قطر الوعاء الدموي الى ضعفي قطره الأصلي فان جريان

الاختيارات:
A. يزداد ضعفين
B. يزداد اربع اضعاف
C. ينقص الى النصف
D. يزداد 16 مره
E. يزداد 32 مره",B,E
4436,"فى حاله النزف الشديد الحاد الذى يؤدى الى نفقص حجم الدم كل مما يلى صحيح عدا

الاختيارات:
A. ينخفض الضغط ضمن الشريان الوارد فيحرض افراز الرنيين
B. يرتفع الضغط الحلولى للبلازما فيتنبه مركز العطش
C. يزداد افرازى الهرمون المضاد للادرار
D. يزداد افراز الالديستيرون
E. يزداد الانجيوستين",D,B
4437,"يحدث التقبض الوعائى بعد اذيه الوعاء بسبب كل مما يلى عدا

الاختيارات:
A. منعكسات الفيه
B. الثرومبوكسان A2
C. تنشأ من تشنج موضعي
D. البروستاغلاندين 12
E. السيروتونين من الصفيحات الدموية",C,C
4438,"تؤثر العوامل التالية على تشكل الكريات الحمراء (اختر الإجابة الصحيحة)

الاختيارات:
A. هرمون الدرق نقصه يزيد إنتاج الكريات
B. يحدث فرط إنتاج في قصور الكبد
C. النفاخ الرئوي ينقص إنتاج الكريات
D. يحدث احمرار دم في أذيات الكلية
E. الفيتامين B12 يؤثر على نضج الكريات",E,E
4439,"عند غزو الجلد بجرثوم عالي الفوعة كل مما يلي صحيح عدا

الاختيارات:
A. يحدث انتشار واسع للاثنان
B. يحدث تحديد لمنطقة الإصابة
C. تتوسع الأوعية الدموية في الموقع
D. تحدث الوذمة
E. تباشر البلعميات النسيجية عملها فورًا",E,A
4440,"سبب حدوث الكمون التلقائي الثاني في النسيج العقدي القلبي هو

الاختيارات:
A. قنوات الكالسيوم المعتمدة على الكمون
B. قنوات تسريب البوتاسيوم
C. قنوات تسريب الصوديوم
D. تعطيل قنوات الصوديوم السريعة
E. قنوات البوتاسيوم المعتمدة على الكمون",A,C
4441,"في حالة حماض الدم (نقص pH) مع وظيفة تنفسية طبيعية، كل مما يلي صحيح عدا

الاختيارات:
A. ينقص انجذاب الخضاب للأكسجين في الأنسجة
B. يتحرك منحنى انفصال الخضاب عن الأكسجين نحو اليمين
C. يزداد معدل وسرعة التنفس
D. يزداد طرح ثاني أكسيد الكربون عبر الرئة
E. تنخفض نسبة ارتباط الخضاب بالأكسجين في الأوردة",C,D
4442,"فيما يخص تنظيم الضغط الشرياني، كل مما يلي صحيح عدا

الاختيارات:
A. عند انخفاض الضغط يزداد نشاط الجهاز الودي
B. يؤدي الأنجيوتنسين إلى زيادة المقاومة الوعائية المحيطية
C. تساهم الآليات العصبية في ضبط الضغط على المدى الطويل
D. يؤدي المغنيسيوم إلى خفض الضغط الشرياني
E. يسبب الكورتيزول ارتفاع الضغط الشرياني",C,C
4443,"يزداد معدل الدفق القلبي عند الانفعال بسبب كل مما يلي عدا

الاختيارات:
A. زيادة إفراز النورأدرينالين
B. زيادة نفاذية الغشاء للصوديوم
C. زيادة نفاذية الغشاء للكالسيوم
D. بقاء الكالسيوم فترة أطول داخل الخلية
E. يصبح كمون الراحة في الخلايا العقدية أكثر سلبية",B,E
4444,"مريض لديه ابيضاض دم مزمن مع خضاب 8، السبب الأكثر احتمالًا لفقر الدم هو

الاختيارات:
A. نقص الحديد
B. نقص فيتامين B12
C. نقص حمض الفوليك
D. انحلال الدم بسبب الراصات الباردة
E. زيادة إنتاج السيتوكينات",B,D
4445,"مريض لديه ناعور 8، كل مما يلي يمكن أن يوجد لديه عدا

الاختيارات:
A. نزف من اللثة
B. مفصل دموي
C. تأخر نمو العظام
D. تطاول PT
E. تطاول PTT",B,D
4446,"مريض بعمر 15 سنة لديه ارتفاع توتر شرياني، السبب الأقل احتمالًا هو

الاختيارات:
A. تضيق الشريان الكلوي
B. التهاب الكبب والكلية
C. أسباب وراثية
D. كوشينغ
E. تضيق برزخ الأبهر",D,D
4447,"في فرط التوتر الشرياني الأساسي، يحدث كل مما يلي عدا

الاختيارات:
A. زيادة إفراز الهرمون المضاد للإدرار (ADH)
B. زيادة العمل البعدي (Afterload)
C. زيادة فعالية جملة الرينين - الأنجيوتنسين - الألدوستيرون
D. اختلال شبكية العين
E. يزداد إنتاج كل من NO و Endothelin",D,E
4448,"المخطط الذي عبارة عن صندوق ذو قرنين ممتدين بشكل موازي للمحور الشاقولي الذي تتوزع عليه القياسات:

الاختيارات:
A. المخطط الصندوقي
B. مخطط الدائرة
C. مخطط الساق والورقة
D. مخطط الانتشار",A,A
4449,"نقول عن فضاء عينة أنه افضاء منفصل:

الاختيارات:
A. عندما يحوي عدد لا نهاية قابلة للعد
B. عندما يكون عدد لا نهاية غير قابل للعد
C. عندما يكون عدد منتهي من النقاط
D. A+C",D,D
4450,"تأتي أهمية التركيب العمري والنوعي للسكان من أنه:

الاختيارات:
A. يحدد الفئات المنتجة التي يقع عليها عبء الإعالة
B. تبين الحالة المهنية للسكان
C. تبين توزع السكان حسب مكان الإقامة (ريف وحضر)
D. تبين طبيعة النمو السكاني والخصوبة",A,A
4451,"المقياس الذي يسمح بترتيب السمات دون اعتبار لتساوي الفروق بين أي رتبتين هو:

الاختيارات:
A. الرتبي
B. الفتروي
C. النسبي
D. الاسمي",C,A
4452,"إذا كانت قيمة معامل الارتباط تساوي −0.92-0.92، فهذا يعني:

الاختيارات:
A. وجود علاقة طردية قوية
B. وجود علاقة عكسية قوية
C. وجود علاقة طردية ضعيفة
D. وجود علاقة عكسية ضعيفة",B,B
4453,"سحبنا عينة حجمها 40 لتقدير نسبة المدخنين في مجتمع حجمه 500 فوجدنا أنها 0.1 فما حد الخطأ في هذا التقدير:

الاختيارات:
A. 0.090995
B. 0.325813
C. 0.092154
D. 0.321714",C,C
4454,"إن مصادر البيانات السكانية هي:

الاختيارات:
A. التعداد
B. مسوح العينة
C. التعداد ومسوح العينة والسجلات السكانية
D. السجلات السكانية",C,C
4455,"بعد تحديد مجتمع الدراسة والعينة وقياس قيم المتغير على افراد العينة نحصل على:

الاختيارات:
A. البيانات الخام
B. البيانات المنظمة
C. البيانات الكمية
D. البيانات الاسمية",A,A
4456,"في حال كان يراد اختبار الفرضية P1=P2 مقابل الفرضية فإن الاختبار من:

الاختيارات:
A. الطرف الأيمن
B. الطرف الأيسر
C. الطرفين
D. لا شيء مما سبق",B,C
4457,"عدد الكريات الحمر هو متغير:

الاختيارات:
A. نوعي
B. عشوائي مستمر
C. عشوائي منفصل
D. رتبي",B,C
4458,"قيمة الصفر تكون نسبية وليست مطلقة في:

الاختيارات:
A. المقياس الفتروي
B. المقياس النسبي
C. المقياس الرتبي
D. المقياس الاسمي",B,A
4459,"إن مخطط تنظيم البيانات والذي يشبه أسلوب الجداول التكرارية والأعمدة هو:

الاختيارات:
A. المخطط الصندوقي
B. مخطط الساق والورقة
C. مخطط الدائرة
D. مخطط الانتشار",B,B
4460,"في الدراسات الكمية يتم اللجوء الى كل مما يأتي ماعدا:

الاختيارات:
A. المقابلات المعمقة
B. السجلات الطبية
C. الاستبيانات وقوائم التحقق
D. الأسئلة المغلقة",D,A
4461,"التوقع الرياضي للعدد الثابت يساوي:

الاختيارات:
A. ضعف العدد الثابت المحدد
B. العدد الثابت ذاته
C. الصفر
D. لا شيء مما ذكر صحيح",B,B
4462,"أسلوب العرض الذي يستفاد منه في مقارنة عينتين أو أكثر هو:

الاختيارات:
A. المخطط الصندوقي
B. المدرج التكراري
C. مخطط الساق والورقة
D. A+B",D,D
4463,"كي تصلح دالة (f(x كدالة كثافة احتمالية يجب أن تحقق x ما عدا:

الاختيارات:
A. - f(x) ≥ 0
B. دالة منفصلة
C. المساحة تحت (f(x تساوي الواحد تماماً
D. دالة مستمرة",A,B
4464,"ان الفروق بين الدرجات متناسب مع الفروق بين الرتب فى المقياس:

الاختيارات:
A. الفتروي
B. الاسمي
C. الرتبي
D. كل ما سبق صحيح",C,A
4465,"عينة حجمها 100 ومتوسطها وتباينها ، أوجد حد الخطأ في تقدير المتوسط إذا كان Z = 1.969 و α = 0.05:

الاختيارات:
A. ε = 0.892
B. ε = 0.588
C. ε = 1. 33
D. ε = 2.15",B,B
4466,"اختر العبارة الخاطئة بالنسبة للعوامل التي تؤثر في الخصوبة:

الاختيارات:
A. العمر: حيث تتراجع الخصوبة في أطراف العمر والتغذية الجيدة مهمة للإنجاب
B. ممارسة الرضاعة الطبيعية إذ أن إنهاء الرضاعة يعرض المرأة للحمل
C. ممارسة تنظيم الأسرة مهمة من ناحية الصحة الإنجابية وفي المشكلة السكانية العامة
D. إذا كانت الفتاة متعلمة ومتحضرة وتعمل أعمال ذهنية فمعدل الخصوبة عندها مرتفع",D,D
4467,"من أهم خصائص التعداد السكاني:

الاختيارات:
A. الشمول والآنية
B. عدم الدورية
C. عدم الإلزام الحكومي
D. كل ما ذكر صحيح",A,A
4468,"من أجل اختبار الفروض حول معامل الارتباط الخطي تستخدم توزيع:

الاختيارات:
A. معياري طبيعي
B. ستيودنت بدرجة حرية n-1
C. ستيودنت بدرجة حرية n-2
D. كاي مربع بدرجة حرية n-2",D,C
4469,"إذا كان 1 < |αa/2| < 1، فإن:

الاختيارات:
A. σ2/a > σa/2
B. σ2/2 > σ2/2
C. σ2/a > σ1/2
D. σ2/a ≠ σa/2",C,A
4470,"ان معدل الوفيات الخام هو: .

الاختيارات:
A. عدد الوفيات خلال سنة / عدد السكان) × 1000
B. عدد الوفيات بين كل 1000 من السكان في سنة معينة
C. عدد الوفيات / عدد السكان 1000×
D. A+B",A,D
4471,"الإحصاء الذي يسعى لعرض وتوضيح سلوك الظاهرة هو:

الاختيارات:
A. إحصاء وصفي
B. إحصاء استنتاجي
C. إحصاء استدلالي
D. Inferential Statistics",A,A
4472,"الفرض الرئيسي من حساب معامل الارتباط الخطي هو:

الاختيارات:
A. التنبؤ بقيم أحد المتغيرين عن طريق المتغير الآخر
B. قياس قوة العلاقة الخطية بين متغيرين
C. التمثيل البياني لكل متغير من المتغيرات المدروسة
D. كل ما سبق غير صحيح",B,B
4473,"إذا علمت أن Σd2=250\Sigma d^2 = 250 وأن n=10n = 10، فإن قيمة معامل ارتباط سبيرمان تساوي:

الاختيارات:
A. 0- 8480.848
B. −0.848-0.848
C. 0- 6670.667
D. 0- 800.80",B,A
4474,"إن الخط المنكسر الذي يصل النقاط التي فواصلها مراكز الفئات وترتيبها تكرارات الفئات هو :

الاختيارات:
A. المنحني التكراري
B. المضلع التكراري
C. المدرج التكراري
D. التمثيل الدائري",B,B
4475,"نحصل على المصادر الداخلية لجمع البيانات من:

الاختيارات:
A. داخل الشركة أو المؤسسة
B. الدولة
C. المنظمات الدولية
D. لا شيء مما سبق",A,A
4476,"نقوم بعملية*تصحيح من اجل الاستمرار*عندما:

الاختيارات:
A. نحول التوزع المنفصل الى متصل
B. نحول التوزع الحداني الى طبيعي
C. A+B
D. كل ما سبق خطأ",C,C
4477,"تحتوي الإحصاءات اليومية الرسمية للمشفى على:

الاختيارات:
A. ملخص تخريج المريض
B. العدد الإجمالي للمتخرجين
C. تقارير الفحوص الشعاعية
D. كل ما سبق صحيح",D,B
4478,"شكل منحنى توزيع الكثافة للتوزيع الطبيعي:

الاختيارات:
A. شكل الجرس
B. ليس له شكل محدد
C. قطع زائد
D. غير ذلك",A,A
4479,"الإحصاء هو:

الاختيارات:
A. أي دالة في العينة
B. أي دالة في العينة لا تتبع وسيط مجهول
C. أي دالة في العينة تتبع أي وسيط
D. أي تركيب خطي في العينة والوسيط",D,B
4480,"عندما تكون المتغيرات كمية نستخدم:

الاختيارات:
A. سبيرمان
B. بيرسون
C. الاقتران
D. التوافق",B,B
4481,"نقول عن فضاء عينة انه فضاء منفصل:

الاختيارات:
A. عندما يحتوي عدد لانهاية قابل للعد .
B. عندما يحتوي عدد منتهياً من النقاط
C. عندما يكون عدد لانهاية غير قابل للعد
D. A+B",D,D
4482,"إذا قبل المريض في يوم وتخرج في نفسه يحتسب يوم:

الاختيارات:
A. دخول
B. خروج
C. مدة استشفاء
D. غير ذلك",C,C
4483,"ليست من الإحصاءات الروتينية المهمة للمشفى:

الاختيارات:
A. العدد الإجمالي لأيام المريض في المشفى
B. الإحصاء اليومي الرسمي
C. العدد الإجمالي لسكان المنطقة
D. العدد الإجمالي لوفيات الأمهات والأجنة وللولدان الأحياء",A,C
4484,"اختبر لقاح جديد لتحديد فعاليته في الوقاية من الزكام وقد اعطى لعشرة اشخاص وثم مراقبتهم لفترة سنة فاذا كان احتمال عدم الإصابة بالزكام خلال سنة بصورة طبيعية هو 0,5 فما احتمال الا يصاب ثمانية او اكثر

الاختيارات:
A. توزيع بواسوني
B. توزيع حداني
C. توزيع حداني
D. توزيع بواسوني",D,C
4485,"إن طريقة جمع البيانات التي تتناسب مع الأطفال هي:

الاختيارات:
A. التجربة
B. المقابلة
C. التسجيل
D. الملاحظة",D,D
4486,"تسمى التجربة التي لها نتيجتين:

الاختيارات:
A. التجربة الوسطية
B. التجربة البرنولي
C. التجربة العشوائية
D. كل ما سبق خطأ",C,B
4487,"من امثلة المصادر الداخلية:

الاختيارات:
A. مكتب الاستقبال في قسم الإسعاف
B. قسم التسويق في شركة الادوية
C. سجلات المرضى في المشفى
D. كل ما سبق صحيح",D,D
4488,"إن مجال الثقة مستعمل في حالة:

الاختيارات:
A. n1, n2 <30 مجهولان ,
B. n1,n2 >30, معلومان،
C. n1 , n2 > مجهولان،
D. n1 , n2 < 30 معلومان ،",D,A
4489,"بعض التعاريف الصحية:

الاختيارات:
A. سبب الولادة
B. سبب الهجرة
C. سبب الوفاة
D. كل ما سبق خطأ",C,C
4490,"الفرضية الإحصائية هي:

الاختيارات:
A. مقولة أو تخمين تتعلق بوسطاء المجتمع
B. مقولة أو تخمين تتعلق بشكل توزيع المجتمع
C. مقولة أو تخمين تحتمل الصحة أو الخطأ
D. كل ما ذكر صحيح",D,D
4491,"في حالة متغير عشوائي مستمر:

الاختيارات:
A. يمكن تخصيص احتمال كبير
B. يمكن تخصيص احتمال صغير
C. لا يمكن تخصيص أي احتمال
D. كل ما سبق غير صحيح",A,C
4492,"النسخة المستخدمة في ترميز الأمراض حسب منظمة الصحة العالمية:

الاختيارات:
A. ICD10
B. ICD11
C. ICD
D. غير ذلك",A,A
4493,"لان عدد وسطاء التوزيع الطبيعي يساوي :

الاختيارات:
A. متغير قيمة اعداد صحيحة فقط
B. متغير قيمة اعداد حقيقة فقط
C. متغير قيمة اعداد عقدية فقط
D. متغير اعداد موجبة فقط",B,B
4494,"من أجل المقارنة بين متوسطي وزن مجموعتين من الشباب: مجموعة مدخنة (A) ومجموعة غير مدخنة (B), فإن الاختبار الإحصائي المستخدم هو:

الاختيارات:
A. اختبار الفرضيات حول الفرق بين متوسطي مجتمعين تباينهما معلوم.
B. مجال الثقة للفرق بين متوسطين حسابيين.
C. اختبار الفرضيات حول الفرق بين متوسطي مجتمعين تباينهما مجهولان.
D. A و B صحيحتان.",C,C
4495,"من اهم الخطوات عند تصميم العينات :

الاختيارات:
A. تحديد اهداف الدراسة
B. تحديد المجتمع محل الدراسة
C. تحديد الاطار
D. كل ما ذكر صحيح",D,A
4496,"في مخطط الفطيرة تتناسب سعة القطاع الدائري:

الاختيارات:
A. عكساً مع عدد التكرارت لكل فئة
B. طرداً مع عدد التكرارت لكل فئة
C. طرداً مع حجم العينة
D. كل ما سبق صحيح",B,B
4497,"بفرض احتمال ولادة الذكر 0.5 في عائلة فيها 3 أولاد ما احتمال ان يكون كلهم ذكور:

الاختيارات:
A. 625
B. 125
C. 0,25
D. 445",B,B
4498,"أيًا من المجتمعات التالية لا نستخدم فيه الحصر الشامل:

الاختيارات:
A. المجتمع الكبير
B. المجتمع المتجانس
C. المجتمع الإحصائي
D. كل ما سبق",B,B
4499,"الدراسات التي بحكم الميدان تنفيذ العمل وجمع البيانات هي:

الاختيارات:
A. الدراسات الكمية
B. الدراسات الكيفية
C. الدراسات السريعة
D. الدراسات الدقيقة",B,B
4500,"إن نوعية المعلومات التي نحصل عليها من العينة تعتمد على:

الاختيارات:
A. حجمها
B. عدد عناصرها
C. تباعدها بعضها عن بعض
D. كل ما سبق",D,D
4501,"من الخطوات الرئيسية في تصميم العينات الاطار من امثلتها ماعدا

الاختيارات:
A. قائمة بأسماء أطباء الاسنان
B. قائمة بأسماء شركات الادوية في بلد
C. خريطة منطقة
D. اجراء قرعة",D,D
4502,"أحد الأمثلة عن المصادر الخارجية :

الاختيارات:
A. سجلات المرضى في المشفى
B. مسم التسويق في شركة الادوية
C. مكتب الاستقبال في قسم الإسعاف
D. توجيه الأسئلة أو بالمشاهدة",B,D
4503,"باعتبار x يدل على عدد مرات النجاح في تجربة برنولية مكررة مرة واحدة فإن x له توزيع:

الاختيارات:
A. برنولي
B. حداني
C. ثنائي
D. كل ما سبق صحيح",A,A
4504,"الجداول التكرارية تستخدم لعرض:

الاختيارات:
A. البيانات الوصفية
B. البيانات الكمية
C. البيانات الوصفية والكمية
D. لا يوجد شيء اسمه جداول تكرارية",C,C
4505,"يوجد نوعين من البيانات هما:

الاختيارات:
A. كمية ووصفية
B. رسمية وكمية
C. رسمية وغير رسمية
D. اسمية وغير رسمية",A,A
4506,"المتغير العشوائي:

الاختيارات:
A. هو وسيلة رياضية التي نقرن بها كل فرد من أفراد المجتمع بقياس عددي
B. لكل فرد من أفراد المجتمع قيمتان
C. يأخذ قيمة من الأعداد الصحيحة
D. لا تتغير قيمه بشكل عشوائي من عنصر لأخر (أي قيمة ثابتة)",C,A
4507,"في حال Ho منطقة القبول من دالة الاختبار و H1 منطقة الرفض وكانت H1: θ>θ₀ هنا تشغل منطقة الرفض:

الاختيارات:
A. الطرف الأيمن من توزيع دالة الاختبار
B. الطرف الأيسر من توزيع دالة الاختبار
C. نضع منطقة الرفض في كل طرف من طرفي توزيع دالة الاختبار
D. كل ما سبق خاطئ",B,A
4508,"دالة التوزيع الاحتمالي المتجمع تعطينا:

الاختيارات:
A. احتمال أن يأخذ متغير عشوائي X قيمة محددة
B. احتمال ان ياخد المتغير العشوائى x قيمه اكبر من قيمه محدده
C. احتمال ان ياخد المتغير العشوائى x قيمه اقل او تساوى قيمه محددة
D. كل ما ذكر صحيح",C,C
4509,"ليكن لدينا البيانات المؤلفة من 45 قيمة فيها Xmax=3.35,Xmin=2.3)) و7=K ما هو الحد الأدنى للفئة الثالثة:

الاختيارات:
A. 2.61
B. 2.76
C. 2.44
D. 2.9",C,B
4510,"مصادر البيانات في الدراسات الكمية: ما عدا:

الاختيارات:
A. الوثائق
B. السجلات الطبية
C. الاستبانات وقوائم التحقق
D. كل ما سبق صحيح",C,D
4511,"اختر الإجابة الخاطئة بالنسبة لطريقة الحصر الشامل:

الاختيارات:
A. هي الطريقة التي تعني دراسة شاملة لجميع أفراد
B. كلفتها عالية وتحتاج إلى جهود وإمكانيات ضخمة
C. يتم عادة على فترات متقاربة مثل تعدادات السكان
D. تستخدم في التخطيط لمختلف البرامج السكانية",C,C
4512,"تكون تقارير الفحوص المخبرية والشعاعية من محتويات:

الاختيارات:
A. بيانات حياة المريض
B. السجل الطبي
C. بيانات المشفى
D. بيانات وزارة الصحة",B,B
4513,"اختر الإجابة الصحيحة بالنسبة لطريقة الملاحظة:

الاختيارات:
A. هي طريقة مناسبة لجمع بيانات عن سلوك الأفراد وتفاعلهم وعن البيئة المحيطة
B. تحتاج إلى أشخاص متدربين وكلفتها قليلة
C. تستغرق وقت طويل والملاحظ غير متحيز
D. كل ما سبق",D,A
4514,"من وظائف علم الإحصاء:

الاختيارات:
A. اتخاذ القرارات
B. التنبؤ
C. تلخيص المعطيات
D. كل ما سبق صحيح",D,D
4515,"من خصائص التعددات السكانية ما عداك

الاختيارات:
A. شمولها لأفراد المجتمع قاطبة وآنيتها
B. الدورية
C. ارتباطها بالرقم الوطني
D. الطابع الالزامي الحكومي لها",B,C
4516,"كل مايلي من صفات المتغير العشوائي ماعدا:

الاختيارات:
A. العشوائية
B. يعرف على افراد العينة ويأخذ قيمه من R
C. لكل متغير عشوائي مدى
D. لكل فرد من افراد العينة قيمتين او أكثر من قيمة",D,D
4517,"الصحيح عن المنحني التكراري:

الاختيارات:
A. النقاط على ox تمثل قياساً
B. النقاط على oy تمثل تواتر القياس
C. النقاط على oy تمثل تكرار ظهور القياس في مجتمع
D. كل ما سبق صحيح",C,D
4518,"يتكرر التعداد السكاني عادة كل:

الاختيارات:
A. خمسة أعوام
B. عشرة أعوام
C. خمسة عشر عاماً
D. غير ذلك",B,B
4519,"أي من المجتمعات لا نستخدم فيه الحصر الشامل:

الاختيارات:
A. المجتمع الكبير
B. المجتمع المتجانس
C. المجتمع الاحصائي
D. كل ما سبق صحيح",C,B
4520,"

الاختيارات:
A. مستمر
B. غير متقطع
C. غير منفصل
D. كل ما ذكر صحيح",D,D
4521,"إذا كان X متغير عشوائي له توزيع كاي مربع بـ ٧ درجات حرية فإن:

الاختيارات:
A. V(X)=Y
B. V(X)=2Y
C. V(X)=1
D. كل ما ذكر غير صحيح",B,B
4522,"من أساليب العينة العشوائية البسيطة .

الاختيارات:
A. اجراء قرعة عندما يكون حجم العينة صغيرا
B. استخدام جداول الأرقام العشوائية
C. عندما يكون حجم العينة كبيرة
D. A+B",D,C
4523,"الفارق في عدد السكان بين تعدادين متعاقبين تفصلهما فترة معينة كعشر سنوات:

الاختيارات:
A. التغير المطلق
B. التغير النسبي
C. التغير الأعظمي
D. التغير الحجمي",D,A
4524,"يجب أن يكون حجم العينة صغيرا في حال:

الاختيارات:
A. المجتمع غير متجانس
B. الميزانية صغيرة
C. دقة الدراسة غير مهمة
D. كل ما سبق",B,D
4525,"سبب الوفاة:

الاختيارات:
A. الحالة التي أطلقت سلسلة الأحداث التي أدت للوفاة مباشرة
B. عدد الأيام التي مكث فيها المرضى المتخرجون في المستشفى
C. عدد الوفيات خلال فترة معينة على عدد المتخرجين والوفيات في نفس الفترة*1000
D. أخذ عدد المرضى الداخليين الموجودين في زمن معين من كل يوم",A,A
4526,"العلاقة ( ) تستخدم ل:

الاختيارات:
A. تقدير متوسط المجتمع
B. تقدير تباين المجتمع
C. تقدير تباين المتوسط
D. تقدير الانحراف المعياري",B,C
4527,"في توزيع كاي مربع في حالة عينتين فإن درجة الحرية تكون:

الاختيارات:
A. Y=n1+n2+2
B. Y=n1-n2
C. Y=n1-1+n2-1
D. لا شيء مما سبق",C,C
4528,"المسجل الذي يهدف الى تجميع المعلومات عن المرضى:

الاختيارات:
A. السجلات الدوائية
B. سجلات الموتى
C. السجلات الإحصائية
D. السجلات الطبية",D,D
4529,"الاستعمالات الرئيسية للسجلات الطبية هي :

الاختيارات:
A. . لدراسة النمو الاجتماعي
B. . للدراسات الثقافية
C. . للدراسات الاجتماعية
D. . للدراسات الإحصائية والبحثية",D,D
4530,"ان قم القبول (مكتب القبول) في المشافي يهتم ب

الاختيارات:
A. يركز على تاريخ القبول واسم عائلة المريض .
B. يركز على سبب القبول .
C. يحدد زمن حفظ السجلات الطبية .
D. كل ما ذكر صحيح .",B,D
4531,"يوجد للبيانات

الاختيارات:
A. نوعين يمكن تنظيمها في جداول تكرارية
B. نوعين لا يمكن تنظيمها في جداول تكرارية
C. نوع واحد
D. لم يتم تصنيفها الى أنواع",A,A
4532,"معامل الارتباط الخطي R:

الاختيارات:
A. نصف معامل التحديد
B. ربع معامل التحديد
C. الجذر التربيعي لمعامل التحديد مضروب بإشارة a
D. كل ما سبق خطأ",C,C
4533,"إذا كان X متوسط العينة من X و Y متوسط العينة من Y حيث X و Y متغيران عشوائيان مستقلان فإن:

الاختيارات:
A. X-y N( +
B. X-y N( +
C. X-y N(
D. كل ما سبق غير صحيح",B,B
4534,"(3.49) Φ تساوي:

الاختيارات:
A. -0.9998
B. -0.7998
C. -0.8998
D. -0.0998",C,A
4535,"من استخدامات السجلات الطبية ما عدا:

الاختيارات:
A. توثيق سير المرضى لدى المريض ومتابعة معالجته وفي جمع الإحصائيات الحيوية
B. إحداث صلة بين الأطباء والفريق الصحي
C. المداومة على تقديم الرعاية الطبية للمرضى
D. إمكانية القيام بأبحاث صغيرة فقط حول أمراض سارية",D,D
4536,"التوقع الرياضي للمتغير العشوائي الأسي:

الاختيارات:
A. λ
B. -
C. np
D. -",A,B
4537,"ليكن لدينا دالة احتمال المتغير العشوائي x من الشكل:

الاختيارات:
A. بثقة 95%
B. بثقة 95%
C. بثقة 95%
D. بثقة95%",A,D
4538,"48.9+2.694x=y فإن قيمة معامل التحديد حيث 0.92=R هو:

الاختيارات:
A. -0.85
B. 0.92
C. 0.85
D. -0.92",C,C
4539,"في العينة العشوائية نراعي ان:

الاختيارات:
A. نختار افراد المجتمع بشكل غير متحيز
B. نضمن لكل فرد من المجتمع نفس الامكانية في الظهور في العينة
C. تخضع للقوانين الاحتمالية
D. كل ما سبق صحيح",D,D
4540,"من أقدم الطرق المستخدمة لجمع البيانات لمراقبة الكثير من الظواهر لا سيما التي يصعب السؤال عنها:

الاختيارات:
A. الملاحظة أو المشاهدة
B. البريد
C. التجربة
D. الهاتف المحمول",A,A
4541,"المقياس المستخدم لوصف حالة التدخين (مدخن - غير مدخن) :

الاختيارات:
A. الاسمي
B. الرتبي
C. الفتروي
D. النسي",A,A
4542,"من طرائق جمع البيانات الكيفية:

الاختيارات:
A. المجموعات البؤرية
B. المقابلات المعمقة
C. الملاحظة
D. كل ما ذكر صحيح",D,D
4543,"يتم الحصول على بيانات تتعلق بضغط الدم وسرعة نبضات القلب ونسبة الكوليسترول في الدم لعينة من المرضى خلال فترة أسبوع عن طريق:

الاختيارات:
A. البريد
B. التسجيل
C. استخدام الإنترنت
D. الهواتف المحمولة",D,B
4544,"من وظائف السجلات الطبية .

الاختيارات:
A. معرفة تعداد السكان .
B. اختبار الفرضيات .
C. ترميز الامراض والعمليات .
D. كل ما سبق .",D,C
4545,"يمكن استخدام الطرق الإحصائية الوسيطية في المقياس:

الاختيارات:
A. الرتبي
B. النسبي
C. الاسمي
D. الفتروي",A,B
4546,"يهتم علم السكان بدراسة:

الاختيارات:
A. حجم وتوزيع السكان
B. تركيب السكان
C. التغيرات السكانية
D. كل ما ذكر صحيح",D,D
4547,"إذا كان لدينا n=16 و x=3.2 و و nهي عينة من مجتمع طبيعي وإذا كان Z0.975=2.58فإن 99% مجال ثقة حول المتوسط هو:

الاختيارات:
A. [(3.2) (2.58)
B. [(3.2)+_(2.58)
C. [(3.2)+_(2.58)
D. [(3.2)+_(4)",B,B
4548,"ليس من وظائف الإحصاء:

الاختيارات:
A. عرض المعطيات والحقائق بصورة واضحة
B. وضع أساس لمقارنة المتغيرات
C. إيجاد حلول للمشكلات الفنية في المنشآت الصناعية
D. تطوير نظريات جديدة حول اختبار الفرضيات",B,C
4549,"إذا كان للمتغير العشوائي Z توزيع طبيعي معياري، فإن مربعه Z² يتبع:

الاختيارات:
A. توزيع كاي مربع بدرجة حرية واحدة
B. توزيع كاي مربع بدرجتي حرية
C. توزيع طبيعي معياري
D. كل ما ذكر غير صحيح",A,A
4550,"يُعطى معامل الاقتران بالعلاقة:

الاختيارات:
A. AD=2BCAD = 2BC
B. DC=ABDC = AB
C. AD=3BCAD = 3BC
D. AD=BCAD = BC",A,D
4551,"المنظمة التى وضعت تصنيف دولي للأمراض .

الاختيارات:
A. اليونيسيف .
B. الاونروا .
C. منظمة الصحة العالمية .
D. صندوق النقد الدولي.",C,C
4552,"الجزء الأكثر استعمالاً في عملية وضع الرموز:

الاختيارات:
A. الجزء الأول ذو الثلاثة حروف
B. الجزء الثالث
C. الجزء الثاني
D. الجزء الرابع",C,B
4553,"الخطأ من النوع الأول:

الاختيارات:
A. الخطأ الناجم عن قبول H0 فيما هي خاطئة
B. الخطأ الناجم عن رفض H1 فيما هي صحيحة
C. الخطأ الناجم عن رفض H1 فيما هي خاطئة
D. الخطأ الناجم عن رفض H0 فيما هي صحيحة",B,D
4554,"أساليب جمع البيانات تتضمن:

الاختيارات:
A. الملاحظة أو المشاهدة
B. التجربة
C. التسجيل
D. كل ما ذكر صحيح",D,D
4555,"من أدوات الإحصاء الوصفي كل مما يلي ماعدا:

الاختيارات:
A. الجداول التكرارية
B. الانحراف المعياري
C. مخطط الأعمدة المركب
D. فترات الثقة",D,D
4556,"في الدراسات الكمية يتم اللجوء الى كل ما يأتي عدا:

الاختيارات:
A. المقابلات العميقة
B. الأسئلة المفتوحة
C. المجموعات البؤرية
D. الأسئلة المغلقة",D,D
4557,"الجهة المسؤولة عن السجلات الطبية:

الاختيارات:
A. قسم الاستقبال في المشفى
B. قسم الممرضين بالمشفى
C. قسم السجلات الطبية في المشفى
D. قسم التسويق",C,C
4558,"إذا كانت عينة عشوائية من التوزيع الطبيعي وكان ، فإن مجال الثقة 95% حول المتوسط الحقيقي μ يكون:

الاختيارات:
A. [24 , 25.98]
B. [25 , 25.96]
C. [24.02, 25.98]
D. [23.04, 26.96]",D,C
4559,"دالة (تابع) التوزيع الاحتمالي للمتغير العشوائي X يعطى بالصيغة:

الاختيارات:
A. F(t) = P(X ≤ t)
B. F(t) = P(X ≥ t)
C. F(t) = 1 . P(X ≤ t)
D. F(t) = 1 . P(X ≥ t)",A,A
4560,"يعتبر متوسط العينة Xمقدراً:

الاختيارات:
A. غير متحيز لمتوسط المجتمع μ
B. متحيز لمتوسط المجتمع μ
C. غير متحيز لانحراف المجتمع σ
D. غير متحيز لتباين المجتمع σ²",A,A
4561,"عرف علم الإحصاء بأنه علم التقدير والاحتمال:

الاختيارات:
A. Booding ton
B. Lovitt
C. مجموعة من الخبراء
D. Cowdencroxton",C,A
4562,"التوقع الرياضي لمتحول عشوائي يخضع لتوزيع برنولي:

الاختيارات:
A. Np
B. Npq
C. P
D. Q",A,C
4563,"ليكن x وy متغيرين مستقلان V(x)=1 و v(x)=2 فالتباين ل Z: Z=3x+2y+5

الاختيارات:
A. 10
B. 7
C. 1
D. 17",B,D
4564,"التصنيف الدولي للأمراض يتألف من .

الاختيارات:
A. ثلاثة أجزاء .
B. جزء واحد .
C. أربعة أجزاء.
D. خمس اجزاء .",A,A
4565,"ان منحنى التوزيع الطبيعي المعياري يكون مناظر حول المستقيم:

الاختيارات:
A. x=0
B. Y=0
C. Z=0
D. كل ما سبق خطأ",A,A
4566,"نسمي الفرضية H0:

الاختيارات:
A. الفرضية الأساسية
B. الابتدائية
C. العدم
D. كل ما سبق صحيح",A,D
4567,"يعرف معامل التحديد بأنه:

الاختيارات:
A. نسبة التباين المفسر بالنموذج إلى التباين الكلي في بيانات المتغير X
B. نسبة التغير في بيانات المتغير Y المفسرة بالتباين في قيم المتغير المستقل X
C. نسبة التباين المفسر بالنموذج إلى التباين الكلي في بيانات المتغير Y
D. B + C",C,D
4568,"أسس العمل الاحصائي:

الاختيارات:
A. اجراء مقابلات
B. جمع البيانات
C. المجموعات البؤرية
D. الملاحظة",B,B
4569,"لا يحتوي السجل الطبي على:

الاختيارات:
A. الصفحة التعريفية
B. تقرير العمل الجراحي
C. بطاقات المداواة اليومية
D. العدد الإجمالي للقبول بالمشفى",D,D
4570,"أيام الخدمة الاجمالية للمرضى الداخليين:

الاختيارات:
A. عدد الأيام التي تلقى فيها الرعاية من المشفى
B. مجموع خدمة جميع المرضى الداخليين خلال مدة معينة
C. الحالة التي أطلقت سلسلة الاحداث التي أدت للوفاة
D. حساب عدد المرضى الداخليين",A,B
4571,"قيمة معامل التجديد تساوي:

الاختيارات:
A. مربع معامل الارتباط الخطي
B. الجذر التربيعي لمعامل الارتباط الخطي
C. ضعفي معامل الارتباط الخطي
D. قيمة ميل مستقيم الانحدار",A,A
4572,"إن وحدة المعاينة هي:

الاختيارات:
A. طريقة أخذ العينة
B. مجموعة عناصر من العينة
C. عنصر من العينة
D. إطار العينة",C,C
4573,"جدول تكراري يضم عدد البيانات في فئة معينة وكل الفئات التي تسبقها:

الاختيارات:
A. تكرار المجتمع الهابط
B. تكرار المجتمع الصاعد
C. تكرار المجتمع الطبقي
D. تكرار المجتمع التسلسلي",B,B
4574,"معدل الوفيات في المشفى عبارة عن:

الاختيارات:
A. حساب عدد المرضى الداخلين في زمن معين
B. عدد الأيام التي تلقى فيها المريض الرعاية في المشفى
C. عدد الوفيات خلال فترة زمنية محددة على عدد المتخرجين والوفيات في نفس الفترة مضروب بـ 100
D. حساب عدد المرضى المتخرجين في زمن معين",C,C
4575,"من صفات العينة الثابتة ما عدا:

الاختيارات:
A. تنعكس إيجابياً على نوعية وجودة البيانات
B. تؤدي إلى الضجر والملل
C. تحوي على نفس وحدات المعاينة
D. تعتمد على نوعية المجتمع والهدف من الدراسة",C,A
4576,"عينة حجمها 100 ومتوسطها1 وتباينها 4 أوجد حد الخطأ في تقدير المتوسط اذا كانت القيمة الجدولية Z=1.96

الاختيارات:
A. وزارة الصحة في البلد
B. مديرية الصحة في البلد
C. قسم السجلات الطبية في المشفى
D. الأطباء والمرضيين",D,B
4577,"في تجربة رمي قطعة نقود 3 مرات متتالية فإن متوسط التوزيع الاحتمالي هو: حيث x تدل على عدد ظهور H

الاختيارات:
A. 1.5
B. 2025-07-08 0:00:00
C. 3
D. 0.75",A,A
4578,"الفرضية الإحصائية:

الاختيارات:
A. مقولة أو تخمين تتعلق بوسطاء المجتمع
B. مقولة أو تخمين تتعلق بشكل توزيع المجتمع
C. مقولة أو تخمين تمثل الصح أو الخطأ
D. كل ما سبق صحيح",D,D
4579,"يتم حساب القطاع الزاوي لفئة ما:

الاختيارات:
A. التكرار النسبي لفئة ماX 360 درجة
B. التكرار النسبي لفئة ما 360 / درجة
C. التكرار المئوي لفئة ما X 180 درجة
D. التكرار النسبي لفئة ما / 180 درجة",D,A
4580,"المجتمع الاحصائي (الجمهرة) هو مجموعة من الأفراد أو العناصر :

الاختيارات:
A. مأخوذة من العينة
B. مأخوذة من بيانات كيفية فقط
C. التي تشترك فيما بينها ببعض الخواص والمميزات
D. التي لا تشترك فيما بينها ببعض الخواص والمميزات",C,C
4581,"إن مجال الرفض لـ H₁: θ < θ₀ في حال μ والتباين معلوم:

الاختيارات:
A. [Zα, +∞[
B. [Z1-α, +∞[
C. ]-∞, Zα]
D. ]-∞, Z1-α]",C,A
4582,"اذا كان لدينا: x, n1=100, X=28.5, s1=4, x~y (myu1, a1^2, x); y, n2=100, Y=27.3, s2=4, x~y (myu2, a2^2, x) وكانت العينات مستقله وكان 95% مجال ثقه حول من الشكل فعندئذ :

الاختيارات:
A. بثقة 95%
B. بثقة 95%
C. بثقة 95%
D. بثقة 95%",A,A
4583,"ان منحني التوزيع ستيودنت علاقته بالوسيط غاما (درجة الحرية):

الاختيارات:
A. علاقة عكسية
B. علاقة طردية
C. كلما زادت قيم غاما زاد انحناء التابع نحو الأعلى
D. B+C",D,D
4584,"كل ما يأتي صحيح عن العوامل المؤثرة بالخصوبة ما عدا:

الاختيارات:
A. تتراجع الخصوبة في أطراف العمر
B. الفتاة متعلمة ومتحضرة فمعدل الخصوبة عندها مرتفع
C. ممارسة الرضاعة الطبيعية
D. ممارسة تنظيم الاسرة في مجال الصحة الإنجابية وفي المشكلة السكانية عامة",B,B
4585,"من الشروط التي ينبغي مراعاتها في نوعية المقياس

الاختيارات:
A. القواعد المختلفة التي يتم استخدام الأرقام بناء عليها حيث نميز بين شيء واخر دون تحديد كميته
B. الخواص الرياضية للمقياس الناتج عن استخدام الأرقام تحت هذه القواعد
C. العمليات الإحصائية التي يمكن استخدامها لمعالجة المقياس الناتج
D. كل ما سبق صحيح",D,D
4586,"من طرائق جمع البيانات الكيفية ما عدا:

الاختيارات:
A. المجموعات البؤرية
B. المقابلات المعمقة
C. الملاحظة
D. البريد",B,D
4587,"من محتويات السجل الطبي:

الاختيارات:
A. صفحة السجل المهني
B. الصفحة التعريفية
C. صفحة السيرة الذاتية
D. صفحة التواصل",B,B
4588,"إذا قبل المريض في يوم وتخرج في اليوم الذي يليه يحتسب يوم:

الاختيارات:
A. الدخول
B. الخروج
C. مدة الاستشفاء
D. كل ما سبق صحيح",D,A
4589,"ان هو :

الاختيارات:
A. 0.6826
B. 9544
C. 0.9974
D. 0.13",C,A
4590,"علم الإحصاء هو علم قديم ارتبط منذ نشأته بـ التي كانت تجريها الدولة في العصور الوسطى لحساب الضرائب

الاختيارات:
A. عمليات القسمة
B. عمليات العد
C. عمليات التحويل
D. كل ما سبق",D,B
4591,"من خصائص السجلات السكانية ما عدا:

الاختيارات:
A. شموليتها
B. الزاميتها
C. مجانية ومرتبطة بالرقم الوطني
D. دوريتها كل خمس سنوات",C,D
4592,"يتميز المقياس النسبي بوجود الصفر:

الاختيارات:
A. المطلق
B. الحقيقي
C. النسبي
D. A+B",C,D
4593,"إذا كان لدينا X~N (2,3) فإن للمتغير

الاختيارات:
A. المعياري الطبيعي
B. الأسى
C. البواسوني
D. الثنائي",D,A
4594,"يتكون من مجموعة من الأعمدة المتجاورة المقامة على المحور الأفقي الذي تمثل عليه حالات الصفة المدروسة عندما تكون البيانات وصفية وفترات الفئات عندما تكون البيانات كمية ويساوي ارتفاع كل عمود تكرارات الفئة المقام عليها:

الاختيارات:
A. المضلع التكراري
B. المدرج التكراري
C. المنحني التكراري
D. B+C",A,B
4595,"من أهم الخطوات عند تصميم العينات:

الاختيارات:
A. تحديد هدف الدراسة
B. تحديد المجتمع محل الدراسة
C. تحديد الإطار
D. تحديد الإطار",A,C
4596,"أقل الطرق تكلفة لجمع البيانات:

الاختيارات:
A. المواجهة
B. الملاحظة
C. البريد
D. الانترنت",B,C
4597,"ليس من وظائف علم الإحصاء:

الاختيارات:
A. تلخيص المعطيات وقيم المشاهدات
B. يساعد في وضع الأسس المقارنة المتغيرات
C. يساعد في الوصول إلى تنبؤات عن اتجاه الظواهر
D. عرض المعطيات والحقائق بصورة مبهمة",C,D
4598,"طريقة لجمع البيانات من أمثلتها قياس شدة تأثير نوع من الهرمونات في مجموعة من الفئران:

الاختيارات:
A. التجربة
B. التسجيل
C. البريد
D. الانترنيت",A,A
4599,"ان طول شخص بالغ وقياس السكر في الدم هو متغير:

الاختيارات:
A. عشوائي منفصل
B. عشوائي اسمي
C. عشوائي مستمر
D. غير ذلك",C,C
4600,"إذا كان B=3.3B = 3.3، فإن معامل التوافق يساوي تقريبًا:

الاختيارات:
A. 0- 74
B. 0- 47
C. 0- 83
D. 0- 38",C,C
4601,"أساليب جمع البيانات تتضمن:

الاختيارات:
A. الاتصالات الهاتفية
B. المواقع الاجتماعية
C. استخدام الإنترنت
D. كل ما سبق صحيح",D,D
4602,"من محتويات السجل الطبي:

الاختيارات:
A. صفحة السجل المهني
B. الصفحة التعريفية
C. صفحة السيرة الذاتية
D. صفحة التواصل",B,B
4603,"من سلبيات العينات

الاختيارات:
A. النتائج تقديرية
B. يحتاج الى كوادر فنية مدروسة ومؤهلة
C. يحتاج الى تخطيط واعداد وتنفيذ ومن ثم تحليل البيانات
D. جميع ما ذكر صحيح",D,D
4604,"يكون المجتمع غير متجانس في العينة غير العشوائية:

الاختيارات:
A. المصادفة
B. العمدية
C. الحصصية
D. القصدية",B,C
4605,"يعتمد توزيع ستيودنت على:

الاختيارات:
A. المتوسط
B. الانحراف المعياري
C. التباين
D. درجة الحرية",C,D
4606,"من محتويات السجل الطبي

الاختيارات:
A. صفحة السجل المهني
B. صفحة الموافقة على العلاج
C. السيرة الذاتية
D. العلاقة بين المرضى",B,B
4607,"التصنيف الدولي للأمراض هو عبارة عن رموز وأرقام للإشارة:

الاختيارات:
A. عن الظواهر الطبيعية .
B. عن الامراض .
C. عن المرضى .
D. ليس مما سبق .",B,B
4608,"فيما يتعلق بحجم العينة:

الاختيارات:
A. إذا كان المجتمع متجانساً يجب أن يكون العينة صغيراً
B. إذا كان المجتمع غير متجانس يجب أن يكون حجم العينة كبيراً
C. إذا كان المجتمع متجانس أو غير متجانس يجب أن يكون حجم العينة كبيراً
D. A+B",D,D
4609,"يكون نوع البيانات وحجمها في قياس البيان الاحصائي التالي: 15- 7, 12- 1, 16- 2, 16- 2, 15- 9, 18- 9, 18- 3, 16- 1, 16- 4, 16- 2, 16- 3, 15- 9, 16- 8, 13- 9, 15- 3, 15- 9, 16- 3, 16- 3, 14- 4, 16- 5, 16- 1, 14- 2, 15- 8, 14- 6, 17- 3

الاختيارات:
A. وصفية وحجمها 25
B. كمية وحجمها 50
C. وصفية وحجمها 50
D. كمية وحجمها 25",B,D
4610,"إذا كنا أمام مجتمع غير متجانس فإننا نسحب عينة:

الاختيارات:
A. بسيطة
B. حصصية
C. طبقية
D. منتظمة",B,C
4611,"لتكن x₁, x₂, ..., xₙ عينة عشوائية من مجتمع طبيعي وسيطه μ معلوم والانحراف المعياري σ مجهول، أي من الدوال التالية لا تمثل إحصاء:

الاختيارات:
A. X̄
B. Σⁿᵢ₌₁ Xᵢ
C. Σⁿᵢ₌₁ (Xᵢ – μ)
D. Σⁿᵢ₌₁ Xᵢ / σ",D,D
4612,"تستخدم الجداول التكرارية لعرض البيانات:

الاختيارات:
A. الاسمية
B. الكمية
C. الكمية والاسمية
D. لا الكمية ولا الاسمية",C,C
4613,"يعبر عن وحدة المعينة بأنها :

الاختيارات:
A. طريقة أخذ العينة
B. مجموعة عناصر من العينة
C. عنصر من العينة
D. إطار العينة",C,C
4614,"يكون حجم العينة المناسب لتقدير بثقة 95% وبخطأ لا يتجاوز(1) وبتباين (2500) علماً بأن Z 0.975=1.96 هو:

الاختيارات:
A. n>9500
B. n>9604
C. n>98
D. n>100",B,B
4615,"من أهم الوظائف التي يؤديها علم الإحصاء هي:

الاختيارات:
A. تلخيص المعطيات باستخدام قيم تلخيصية قليلة ذات معنى .
B. صياغة واختبار الفرضيات البحثة وتطوير نظريات جديدة.
C. يساعد في الوصول الى تنبؤات عن اتجاه الظواهر مستقبلا ويساعد في وضع الخطط واتخاذ القرارات المطلوبة بصددها.
D. كل ما سبق صحيح .",D,D
4616,"يتم الحصول على بيانات تتعلق بضغط الدم ونسبة الكوليسترول بالدم لعينة من المرضى خلال فترة زمنية معينة عن طريق:

الاختيارات:
A. البريد
B. التسجيل
C. الإنترنت
D. الملاحظة أو المشاهدة",D,D
4617,"التكرار النسبي للفئة (i) يعطى بالعلاقة:

الاختيارات:
A. fi /n
B. n/fi
C. fi/2n
D. 2fi/n",A,A
4618,"احصاء المرضى الداخلين يومياً ..

الاختيارات:
A. العدد الإجمالي للقبول
B. سبب القبول اليومي
C. الإحصاء الرسمي اليومي
D. كل ما سبق خاطئ",C,C
4619,"من مصادر بيانات الإحصاء الطبي ما عدا:

الاختيارات:
A. التحريات والمسوحات الوبائية المجراة
B. الأبحاث العلمية
C. الإبلاغ عن الأمراض السارية
D. مفردات المجتمع",B,D
4620,"أعلى مستويات القياس:

الاختيارات:
A. المقياس الاسمي
B. المقياس الفتروي
C. المقياس الرتبي
D. المقياس النسبي",D,C
4621,"يهدف تغيير الطرائق في الدراسات للحصول على بيانات:

الاختيارات:
A. واضحة
B. أكثر من المطلوب
C. أقل من المطلوب
D. أفضل دقة ممكنة",D,D
4622,"طريقة جمع البيانات والتي تمتاز بالتكلفة العالية:

الاختيارات:
A. الملاحظة
B. البريد
C. المقابلة الشخصية
D. الهواتف المحمولة",C,C
4623,"الفارق في عدد السكان بين تعدادين متعاقبين تفصلهما فترة معينة كعشر سنوات:

الاختيارات:
A. التغير النسبي
B. التغير المطلق
C. التغير الاعظمي
D. التغير الحجمي",B,B
4624,"ان علاقة حجم العينة اللازم لتقدير متوسط المجتمع هي:

الاختيارات:
A. D=(
B. D=(
C. D=(
D. 5. غير ذلك",B,A
4625,"ليكن لدينا مجتمعاً حجمه N وعينة منه، فإن تقدير تباين متوسط العينة لا يساوي:

الاختيارات:
A. 0.08.
B. 0.4
C. 2
D. 0.5",C,B
4626,"الجزء من الإحصاء الذي يعنى بوصف طبيعة وسلوك الظاهرة المدروسة وعرضها هو:

الاختيارات:
A. الإحصاء الاستنتاجي
B. الإحصاء الوصفي
C. اختبار الفرضيات
D. كل ما سبق صحيح",B,B
4627,"الفئة التي تشكل قاعدة الهرم السكاني هي:

الاختيارات:
A. الأطفال
B. الشباب
C. اليفع
D. ما فوق 60",C,A
4628,"اختر الإجابة الخاطئة بالنسبة للعينة العشوائية الطبقية:

الاختيارات:
A. تستخدم عندما يكون المجتمع غير متجانس
B. يقسم المجتمع إلى مجموعات متجانسة تسمى طبقات
C. نختار منه عينة عشوائية طبقية من كل طبقة
D. نختار عشوائيًا من كل طبقة عينة عندها يتناسب مع عدد افراد الطبقة إلى عدد أفراد المجتمع",D,C
4629,"إذا كان حجم المجتمع 250 وحجم العينة 50 وتباينها 25 فإن تقدير تباين متوسط العينة x يساوي:

الاختيارات:
A. 0.08
B. 0.4
C. 2
D. 4",B,B
4630,"علم وفن التحكم وقياس دقة المعلومات الإحصائية باستخدام النظريات العلمية:

الاختيارات:
A. الإحصاء
B. المعاينة
C. المتغير العشوائي
D. كل ما سبق",D,B
4631,"لاختبار الفرضيات حول معامل الارتباط الخطي لبيرسون تكون فرضية العدم:

الاختيارات:
A. قيمة معامل ارتباط المجتمع تساوي الصفر
B. العلاقة طردية
C. العلاقة عكسية
D. قيمة معامل ارتباط المجتمع تساوي واحد",A,A
4632,"ليس من سمات المقياس الرتبى:

الاختيارات:
A. نستطيع أن نعد تكرارات العينة عند كل رتبة
B. نستطيع حساب الوسيط ومعامل سبيرمان لارتباط الرتب
C. نستطيع حساب بعض الاختبارات الإحصائية مثل اختبار الوسيط وغير ذلك
D. نستخدم فيا الاعداد فقط للتمييز بين الأشياء",B,D
4633,"التكرار المتجمع الهابط لفئة معينة

الاختيارات:
A. عدد البيانات المتضمنة في الفئة والفئات التي تسبقها
B. عدد البيانات في الفئة والفئات التي تليها
C. متوسط عدد البيانات للفئتين السابقة واللاحقة
D. لها مجموع عدد البيانات للفئات السابقة",A,B
4634,"إذا كان معدل الوفاة لكل مريض هو 0.002، ما عدد الأشخاص المتوقع وفاتهم في عينة تحوي 1000 مريض؟

الاختيارات:
A. 2
B. 3
C. 4
D. غير ذلك",A,A
4635,"احدى سلبياتها التحيز:

الاختيارات:
A. البريد
B. استخدام الانترنيت والمواقع الاجتماعية
C. المواجهة او المقابلة الشخصية
D. كل ما سبق صحيح",D,D
4636,"معدل وفيات الرضع:

الاختيارات:
A. عدد الوفيات خلال سنة / اجمالي عدد السكان في نفس السنة*1000
B. عدد الوفيات لفئة عمرية خلال سنة / عدد السكان من نفس الفئة العمرية في منتصف السنة*1000
C. عدد الوفيات الأطفال دون السنة من العمر خلال سنة معينة / عدد المواليد الأحياء خلال نفس السنة*1000
D. B + C",C,C
4637,"التجربة الثنائية الوحيدة يكون لها التوزيع:

الاختيارات:
A. البرنولي
B. البواسوني
C. الحداني
D. الطبيعي",B,A
4638,"تبدأ إجراءات التسجيل اعتبار من:

الاختيارات:
A. دخول المرضى للمشفى
B. استلام السجلات الطبية للمرضى المتوفين فقط
C. استلام السجلات الطبية للمرضى المتخرجين او المتوفين
D. كل ما سبق صحيح",C,C
4639,"نتاج للعوامل المؤثرة في النمو السكاني من مواليد ووفيات وهجرة:

الاختيارات:
A. التركيب الاجتماعي
B. التركيب النوعي
C. التركيب العمري
D. غير ذلك",B,C
4640,"من أسباب تفضيل أسلوب العينة على الحصر الشامل :

الاختيارات:
A. صعوبة حصر كافة أفراد المجتمع
B. عدم تجانس المجتمعات
C. الحاجة إلى بيانات دقيقة
D. كل ما ذكر خطأ",A,A
4641,"المقياس الرتبي:

الاختيارات:
A. يستخدم فقط للتمييز بين الأشياء
B. أدق المقاييس
C. يتمتع بوحدات متساوية
D. يسمح بترتيب السمات دون التساوي بين الفروق بين هذه السمات",D,D
4642,"فيما يتعلق بالعينة العشوائية البسيطة لكل ما يلي صحيح عدا:

الاختيارات:
A. أبسط أنواع العينات
B. يتم اختيار الأفراد بإجراء القرعة
C. قيام طبيب بإجراء دراسة على مرضى مراجعين له مثال عليها
D. تستخدم في حالة تجانس المجتمع",C,C
4643,"لقياس خضاب الدم يستخدم المقياس:

الاختيارات:
A. الاسمي
B. الرتبي
C. الفتروي
D. النسبي",B,D
4644,"يعرف مدى البيانات:

الاختيارات:
A. الفرق بين أكبر وأصغر قيمة
B. مجموع قيم البيانات مقسومة على عددها
C. عبارة عن الحد الاعظمي للقيم
D. الفرق بين كل قيمة والمتوسط الحسابي في البيانات.",A,A
4645,"إن تقدير معدل الامطار في سوريا يكون:

الاختيارات:
A. المجتمع متجانس وحجم العينة صغير
B. المجتمع متجانس وحجم العينة كبير
C. المجتمع غير متجانس وحجم العينة كبير
D. غير ذلك",C,C
4646,"العلاقة بين متغيرين في مخطط الانتشار يمكن أن تكون:

الاختيارات:
A. خطية
B. تابع من الدرجة الثانية
C. A, B
D. غير ذلك",C,C
4647,"احدى هذه الطرق لا تشمل كل المجتمع:

الاختيارات:
A. الهواتف المحمولة
B. استخدام الانترنيت
C. الاتصالات الهاتفية
D. كل ما سبق صحيح",D,D
4648,"البيانات التي نحصل عليها من الشركة أو المؤسسة وذلك من واقع مستنداتها وسجلاتها وفواتيرها وتقاريرها الدورية تعتبر مصدر:

الاختيارات:
A. داخلي
B. خارجي
C. معلن
D. منشور",A,A
4649,"معدل وفيات الأمهات:

الاختيارات:
A. يعبر عن معدل الوفيات في فئة عمرية معينة
B. عدد الوفيات بين كل 1000 من السكان في سنة معينة
C. عدد الوفيات لدى النساء الحوامل التي حدثت أثناء الحمل أو الولادة أو النفاس / عدد المواليد الأحياء خلال نفس السنة 100,000
D. المتوسط التقديري لعدد السنوات التي يتوقع أن يعيشها الفرد عند الولادة أو بعد سن معينة",C,C
4650,"أهمية علم الإحصاء في الأبحاث العلمية الحديثة هي صحيحة ما عدا:

الاختيارات:
A. يزود الباحثين بالمهارات الحديثة
B. لا تخلو أي دراسة أو بحث من دراسة تحليلية تتعرض لأصل الظاهرة
C. لا تصور الظاهرة المدروسة في قالب عميق
D. لا يتسنى لأصحاب القرار اتخاذ الإجراءات والسياسات الصحيحة المناسبة",C,C
4651,"من جملة العوامل التي تؤثر على الخصوبة ماعدا

الاختيارات:
A. العوامل البيولوجية
B. العوامل الديموغرافية
C. العوامل الصحية السلوكية
D. العوامل الاجتماعية الاقتصادية",B,B
4652,"المنطقة التي تتألف من قيم دالة الاختبار قليلة الحدوث عندما تكون H0 صحيحة هي:

الاختيارات:
A. منطقة القبول
B. المنطقة الحرجة
C. منطقة الرفض
D. B+C صح",C,D
4653,"منحني التوزيع المتناظر بالنسبة لمحور التراتيب هو:

الاختيارات:
A. توزيع كاي مربع
B. توزيع ستيودنت
C. توزيع معياري طبيعي
D. B+C",C,D
4654,"معدل المواليد الخام:

الاختيارات:
A. هو عدد المواليد الأحياء لكل ألف من السكان في سنة معينة
B. عدد الولادات الحية التي تحدث في سنة/عدد السكان في منتصف السنة * 1000
C. هو عدد المواليد لكل ألف من السكان في سنة
D. A + B",B,D
4655,"الجهة المسؤولة عن السجلات الطبية هي:

الاختيارات:
A. وزارة الصحه فى البلد
B. مديريه الصحه فى المحافظه
C. قسم السجلات الطبيه فى المشفى
D. الاطباء والممرضون",C,C
4656,"إن جمع البيانات وتنظيمها وتوصيفها وتبويبها وتلخيصها موجود في الإحصاء:

الاختيارات:
A. الوصفي
B. الاستنتاجي
C. الاستدلالي
D. A+B",A,A
4657,"فيما يتعلق بمجال الثقة للنسبة بين تباينين، نقول إن المجتمعين متجانسان:

الاختيارات:
A. إذا كان طرفا مجال الثقة أكبر من 1
B. إذا كان طرفا مجال الثقة أصغر من 1
C. إذا كان أحد طرفي مجال الثقة أصغر من 1 والطرف الآخر أكبر من 1
D. إذا كان أحد طرفي مجال الثقة أصغر من 1 والطرف الآخر أكبر من 1",B,C
4658,"عينة حجمها 100 ومتوسطها 10 وتباينها 4أوجد الخطأ في تقدير المتوسط إذا كانت القيمة الجدولية ل = Z 1,96

الاختيارات:
A. 832
B. 392
C. 1,33
D. 2,15",C,D
4659,"إذا أجرى طبيب دراسة على مجموعة من المرضى الذين يراجعونه تكون هذه المجموعة هي عينة:

الاختيارات:
A. حصصية
B. مصادفة
C. قصدية
D. عنقودية",C,B
4660,"اذا كانت قيمة بيرسون R=0.92 فإن العلاقة:

الاختيارات:
A. طردية قوية
B. عكسية موجبة
C. طردية متوسطة
D. موجبة ضعيفة",A,A
4661,"أي من القيم التالية تعكس الارتباط الخطي الأقوى؟

الاختيارات:
A. R=0.22R = 0.22
B. R2=0.5R^2 = 0.5
C. R=0.09R = 0.09
D. R2=0.2R^2 = 0.2",B,B
4662,"في الاختبار ثنائي الجانب الخاضع للتوزيع الطبيعي، تقع منطقة القبول في المجال:

الاختيارات:
A. [Z1.a/2,+ ∞]
B. [Za/2. , Z1.a/2]
C. [.∞ ,Za/2]
D. كل ما ذكر غير صحيح",A,B
4663,"يعبر عن وحدة المعاينة بأنها:

الاختيارات:
A. طريقة أخذ العينة
B. مجموعة عناصر من العينة
C. عنصر من العينة
D. إطار العينة",C,C
4664,"يتم الحصول على بيانات تتعلق بضغط الدم وسرعة نبضات القلب ونسبة الكولسترول في الدم لعينة من المرضى خلال فترة أسبوع عن طريق:

الاختيارات:
A. البريد
B. التسجيل
C. استخدام الإنترنت
D. الملاحظة أو المشاهدة",D,D
4665,"من الخطوات التي يجب الإلمام بها قبل الشروع بعملية جمع البيانات

الاختيارات:
A. تعيين المتغيرات وحصر المصادر
B. تعيين مجال الظاهرة المراد دراستها وبحثها
C. A+B
D. السجلات الصحية",C,C
4666,"إذا كان تزايد المتغير العشوائي X يؤدي إلى تزايد المتغير التابع Y فإن الارتباط بينهما:

الاختيارات:
A. سلبي
B. عكسي
C. إيجابي
D. كل ما سبق",C,C
4667,"التوقع الرياضي لدالة عددية في X:

الاختيارات:
A. - E[g(x)] = Σ g(x) * f(x)
B. - E[g(x)] = g(x) Σ f(x)
C. - E[g(x)] = Σ g(x)
D. - E[g(x)] = Σ g(x) + Σ f(x)",A,A
4668,"احتمال أي حدث لا يزيد عن الواحد "" العبارة السابقة تعبر عن

الاختيارات:
A. شرط المتغير العشوائي
B. المسلمة الاحتمالية
C. A+B
D. غير ذلك",B,B
4669,"ان معدل اطوال الأبناء تنحدر من معامل المجتمع فتسمى الظاهرة:

الاختيارات:
A. الانحدار نحو المعدل
B. ارتباط
C. تحديد
D. كل ما سبق صحيح",D,A
4670,"تستخدم التقدير....... لتقدير نسبة النجاح لمجتمع:

الاختيارات:
A. المجالي
B. مجالات الثقة
C. التقدير النقطي
D. كل ما سبق خطأ",B,C
4671,"في مخطط الساق والورقة:

الاختيارات:
A. الساق القسم الصحيح من العدد والورقة تضم عدد التكرارات
B. الساق القسم العشري والورقة القسم الصحيح
C. الساق القسم الصحيح ولورقة القسم العشري
D. الورقة القسم الصحيح والساق يضم عدد التكرارات",C,C
4672,"نقذف قطعة نقود حتى يظهر الوجه H للمرة الأولى فإن المتغير العشوائي الذي يدل على عدد القذفات هو متغير:

الاختيارات:
A. متقطع قيمة الاعداد الطبيعية
B. متصل قيمة الاعداد الطبيعية
C. منفصل قيمة الاعداد الحقيقية
D. مستمر قيمة الاعداد الحقيقية",A,A
4673,"لتكن لدينا قياسات العينة الآتية 3,4,5,6,7 والمسحوبة من مجتمع حجمه 10 وتباينه 3 فإن قيمة الانحراف المعياري للعينة السابقة:

الاختيارات:
A. 1.58
B. 1.41
C. 2
D. 2.5",A,A
4674,"ومن أجل اختبار الفرضية H0: P = P0 مقابل الفرضية H1: P ≠ P0 عند مستوى معنوية 0.05، تكون منطقة الرفض لـ H0 هي:

الاختيارات:
A. [Z0.05 , +∞]
B. [-Z0.05, Z0.05]
C. [0, Z0.05]
D. [-Z0.05, +∞]",D,B
4675,"متوسط عدد الأطفال الذي يمكن أن ينجبوا أحياء لكل امرأة إذا أمضت حياتها منذ ميلادها بما يتماشى مع معدلات الخصوبة العمرية في سنة معينة:

الاختيارات:
A. معدل الخصوبة العام
B. معدل الخصوبة الصافي
C. معدل الخصوبة الكلية
D. معدل المواليد الخام",C,C
4676,"طريقة تمكننا من مراقبة رد الفعل على بعض الأسئلة والحصول على إجابات دقيقة:

الاختيارات:
A. التجربة
B. المواجهة
C. البريد
D. التسجيل",A,B
4677,"ندعو 8 مقدراً غير منحاز للوسيط 8 إذا تحقق E(8) = 0 :

الاختيارات:
A. V(8) = 0
B. غير واضح
C. E(8) = 0
D. lim V(8) = 0 عندما n → ∞",D,C
4678,"إن نوع البيانات المستخدمة لإنشاء الجدول التكراري هو :

الاختيارات:
A. كمية
B. وصفية
C. رتبية
D. كمية و وصفية",D,D
4679,"كل ما يلي من صفات المتغير العشوائي ما عدا:

الاختيارات:
A. تتغير قيمة المتغير من عنصر لآخر
B. قد يكون الفرد من افراد العينة أكثر من قيمة
C. لكل متغير مدى من القيم الممكنة
D. يأخذ قيمته في مجموعة الاعداد الحقيقية",B,B
4680,"اذا كانت مقابل و فإن قيمة إحصائية الاختبار تحت صحة تساوي تقريبا :

الاختيارات:
A. 3
B. .2.8
C. 4.8
D. 3.8",C,D
4681,"ليكن X متغيراً له التوزيع، ولتكن لدينا عينة عشوائية حجمها 25، وكان X̄ = 10، و 1.65 = Z0.95، و 1.96 = Z0.975، عندئذ %95 مجال ثقة حول متوسط المجتمع يكون من الشكل:

الاختيارات:
A. [10 . (1.65), 10 + (1.65)]
B. [10 . (1.96), 10 + (1.96)]
C. [10 . (1.65), 10 + (1.65)]
D. [10 . (1.96), 10 + (1.96)]",D,B
4682,"في بيان احصائي معطى بجدول تكراري, اذا كان التكرار النسبي للفئة الرابعة هو 20% فإن زاوية قطاع الفئة الرابعة تكون:

الاختيارات:
A. A100 درجة
B. B60 درجة
C. C72درجة
D. D70 درجة",C,C
4683,"تلخيص وتبويب البيانات يقوم بها الاحصاء :

الاختيارات:
A. الوصفي .
B. الاستنتاجي .
C. الاستدلالي .
D. كل ما سبق خاطئ .",A,A
4684,"كل ما يلي صحيح عن السجلات الطبية ما عدا:

الاختيارات:
A. من الضروري فتح سجل وحيد لكل مريض
B. من معايير الجودة في السجلات الطبية دمج رقم السجل مع الرقم الوطني
C. يبدأ السجل الطبي عند قبول المريض أول مرة كمريض داخلي حصراً
D. يبدأ السجل الطبي عادة بالمعلومات التعريفية عن المريض",C,C
4685,"من المعلومات التي يمكن اللجوء فيها لتقدير معالم المجتمع عند دراسة العينة:

الاختيارات:
A. متوسط أو مجموع
B. نسبة ما للمجتمع
C. فترات الثقة لهذه المعالم باستخدام الإحصائيات
D. كل ما سبق صحيح",D,D
4686,"إن الإحصاء يخضع إلى توزيع ثقة:

الاختيارات:
A. f(n1, n2)
B. f(n – 1, n2 – 1)
C. t(n – 2)
D. A + B",B,B
4687,"يتميز المقياس النسبي بوجود الصفر:

الاختيارات:
A. المطلق
B. الحقيقي
C. النسبي
D. A+B",C,D
4688,"يوجد نوعين للبيانات هما

الاختيارات:
A. اسمية وكمية
B. وصفية وكمية
C. رسمية وغير رسمية
D. A+B",A,D
4689,"من امثلة التوزيع الأساسي ما عدا:

الاختيارات:
A. عمر عنصر الكتروني (مكثفة-مقاومة)
B. الزمن العشوائي لتحديد زبون في مرفق خدماتي
C. العدد العشوائي للمكالمات بيوم واحد
D. زمن عشوائي بين مكالمتين هاتفيتين",A,A
4690,"المجتمع الإحصائي هو مجموعة من الأفراد أو العناصر:

الاختيارات:
A. التي تشترك فيما بينها ببعض الخواص والمميزات
B. التي لا تشترك فيما بينها ببعض الخواص والمميزات
C. مأخوذة من العينة
D. مأخوذة من بيانات كيفية فقط",A,A
4691,"الفرضية الإحصائية:

الاختيارات:
A. مقولة أو تخمين تتعلق بوسطاء المجتمع
B. مقولة أو تخمين تتعلق بشكل توزيع المجتمع
C. مقولة أو تخمين تحتمل الصحة أو الخطأ
D. كل ما ذكر صحيح",D,D
4692,"عند جمع البيانات يختلف حجم العينة:

الاختيارات:
A. حسب عدد السكان
B. حسب أغراض المسح
C. حسب طبيعة السكان
D. كل ما سبق صحيح",D,B
4693,"عدد الكريات الحمر في الجسم هو متغير:

الاختيارات:
A. نوعي
B. عشوائي منفصل
C. عشوائي مستمر
D. رتبي",C,B
4694,"من العوامل التي تؤثر في الخصوبة ما عدا:

الاختيارات:
A. العوامل البيولوجية
B. العوامل الصحية السلوكية
C. العوامل السكانية
D. العوامل الاجتماعية الاقتصادية",C,C
4695,"إذا كان معدل الولادات في مشفى دار التوليد هو 3 ولادات كل ساعة فاحتمال أن يكون هناك 4 ولادات على الأكثر خلال ساعة معينة:

الاختيارات:
A. 0.082
B. 0.82
C. 0.149
D. 0.014",C,B
4696,"عدد الوفيات لدى النساء الحوامل التي حدثت اثناء الحمل او الولادة او النفاس / عدد المواليد الاحياء خلال نفس السنة مضروبا ب 100000

الاختيارات:
A. معدل الوفيات الخام
B. معدل الوفيات النوعي للعمر
C. معدل وفيات الرضع
D. معدل وفيات الأمهات",D,D
4697,"يعرف مدى البيانات بأنه:

الاختيارات:
A. نسبة عدد الفترات إلى طول الفترة
B. الفرق بين أكبر قيمة وأصغر قيمة
C. عدد الفترات التي ينصح بها ستارج
D. نسبة أكبر قيمة إلى أصغر قيمة",B,B
4698,"إذا كان يكون:

الاختيارات:
A. وجود علاقة خطية إيجابية
B. علاقة سلبية
C. علاقة منحنية
D. كل ما سبق صحيح",D,A
4699,"المعدلات التي يكون تركيزها على معدلات الخصوبة لفئة معينة من العمر لغرض المقارنة على امتداد زمن ما ودراسة الفروق في ظاهرة الخصوبة بمختلف الاعمار:

الاختيارات:
A. معدل الخصوبة العمري
B. معدل المواليد العام
C. معدل الوفيات العام
D. معدل الخصوبة الخام",A,A
4700,"تزايد المتغير العشوائي x يؤدي إلى تناقص متغير التابع y فإن العلاقة بين المتغيرين:

الاختيارات:
A. سلبي
B. إيجابي
C. معدوم
D. كل ما سبق خطأ",A,A
4701,"طريقة الحصر الشامل:

الاختيارات:
A. باهظة التكاليف
B. يمكن تنفيذها بإمكانيات بسيطة
C. تتم على فترات متقاربة
D. لا يمكن استخدامها في الدراسات السكانية",B,A
4702,"إذا كان x متغير عشوائي يتبع توزيع برنولي بالوسيط p فإن:

الاختيارات:
A. E(X)=P
B. E(X)=np
C. E(X)=npq
D. E(X)=2P",A,A
4703,"إذا كنا أمام مجتمع غير متجانس فإننا نسحب عينة:

الاختيارات:
A. بسيطة
B. حصصية
C. طبقية
D. منتظمة",B,C
4704,"يعطي جدول توزيع ستيودنت:

الاختيارات:
A. القيم الموجبة لـ t التي تقع على يسارها α من المساحة
B. القيم السالبة لـ t التي تقع على يسارها α من المساحة
C. القيم الموجبة لـ t التي يمينها α من المساحة
D. القيم السالبة لـ t التي يمينها α من المساحة",A,A
4705,"المقياس المستخدم لوصف حالة التدخين (مدخن / غير مدخن) هو:

الاختيارات:
A. مقياس اسمي
B. مقياس رتبي
C. مقياس فتروي
D. مقياس نسبي",A,A
4706,"نقول عن مجموعة من المتغيرات العشوائية انها تشكل عينة عشوائية اذا كانت :

الاختيارات:
A. مرتبطة ولها قانون التوزبع نفسه
B. مستقلة ولها قانون التوزيع نفسه
C. متنافية ولها قانون التوزيع نفسه
D. مستقلة ولكل منها قانون توزيعه الخاص",B,B
4707,"المستوى الذي يمكن حساب فيه المتوسطات والانحرافات المعيارية ومقاييس العلاقة الخطية هو :

الاختيارات:
A. الرتبي
B. الإسمي
C. العنقودي
D. كل ما سبق",A,C
4708,"طول شخص بالغ هو:

الاختيارات:
A. نوعي
B. عشوائي مستمر
C. عشوائي منفصل
D. رتبي",B,B
4709,"ان صفحة الموافقة على العلاج هي:

الاختيارات:
A. من محتويات السجل المدني .
B. من محتويات السجل الطبي .
C. مؤلفة من قسمين .
D. B+C",D,D
4710,"من الخطوات الرئيسية عند تصميم العينات:

الاختيارات:
A. تحديد هدف الدراسة
B. تحديد المجتمع محل الدراسة
C. تحديد الإطار
D. كل ما ذكر صحيح",D,D
4711,"السجلات الطبية هي جزء مهم :

الاختيارات:
A. لدراسة النمو الاجتماعي.
B. للدراسات الثقافية .
C. للدراسات الاجتماعية .
D. للدراسات الإحصائية والبحثية .",D,D
4712,"يتراوح عدد الفئات غالبا عددها:

الاختيارات:
A. بين 5 و15 فئة
B. بين 15 و25 فئة
C. 5 فئات حصرا
D. كل ما سبق خاطئ",A,A
4713,"عند تسجيل البيانات في الدراسات الكيفية تلجأ إلى:

الاختيارات:
A. استخدام بروتوكول المقابلة
B. المناقشة
C. سبر أسئلة افضل إجابة حول الموضوع
D. كل ما سبق صحيح",D,D
4714,"من العوامل الاجتماعية الاقتصادية التي تؤثر في الخصوبة هي:

الاختيارات:
A. تعليم الفتاة.
B. التحضر .
C. العمل.
D. كل ما ذكر صحيح .",D,D
4715,"التوقع الرياضي لـ (C * X) حيث C ثابت ما، يساوي:

الاختيارات:
A. C2=EX
B. C=EX
C. C=EX/C
D. C/EX",C,D
4716,"لاختبار الفرضيات حول معامل الارتباط الخطي لبيرسون تكون فرضية العدم:

الاختيارات:
A. العلاقة طردية
B. قيمة معامل ارتباط المجتمع تساوي الصفر
C. العلاقة عكسية
D. قيمة معامل الارتباط المجتمع تساوي الواحد",B,B
4717,"من خطوات جمع البيانات ماعدا

الاختيارات:
A. تحديد المشكلة
B. تحديد الأسلوب
C. حصر المصادر
D. عدم الاتفاق على وحدة القياس",D,D
4718,"الخطأ من النوع الثاني هو :

الاختيارات:
A. الخطأ الناجم عن قبول الفرضية فيما هي خاطئة
B. الخطأ الناجم عن رفض الفرضية فيما هي صحيحة
C. الخطأ الناجم عن رفض الفرضية فيما هي خاطئة
D. الخطأ الناجم عن رفض الفرضية فيما هي صحيحة",B,A
4719,"معدل الوفيات الخام هو:

الاختيارات:
A. عدد الوفيات لكل الف من الرجال في سنة معينة
B. عدد الوفيات لكل الف من السكان في سنة معينة
C. عدد الوفيات لكل الف من النساء في فئة عمرية
D. نسبة عدد الوفيات الى عدد الولادات",B,B
4720,"الجهة المسؤولة عن السجلات الطبية:

الاختيارات:
A. وزارة الصحة في البلد
B. مديرية الصحة في المحافظة
C. قسم السجلات الطبية في المستشفى
D. الأطباء والممرضين",C,C
4721,"التعداد السكاني:

الاختيارات:
A. لا يوفر المعلومات عن السكان
B. يوفر أكبر قدر من المعلومات الصحيحة عن السكان
C. يوفر معلومات محددة من نوع السكان فقط
D. يوفر معلومات عن عدد السكان فقط",B,B
4722,"معدل الوفيات الخام:

الاختيارات:
A. عدد الوفيات خلال سنة/إجمالي عدد السكان في نفس السنة*1000
B. عدد الوفيات لفئة عمرية خلال سنة/عدد السكان من نفس الفئة العمرية في منتصف السنة*1000
C. عدد الوفيات الأطفال دون السنة من العمر خلال سنة معينة/عدد المواليد الأحياء خلال نفس السنة*1000
D. B + C",B,A
4723,"إذا علمت أن 2 = B فإن r₀ هي:

الاختيارات:
A. 2025-01-16 0:00:00
B. 0.25
C. 2025-02-06 0:00:00
D. 0.707",D,D
4724,"إن مخطط الانتشار لدراسة إحصائية بين خاصتين يستخدم

الاختيارات:
A. متغيرين
B. متغير واحد
C. عدة متغيرات
D. غير ذلك",A,A
4725,"أي الطرق التالية تتيح الحصول على إجابات أدق؟

الاختيارات:
A. التسجيل
B. الاتصالات الهاتفية
C. البريد
D. المقابلة الشخصية",D,D
4726,"لدينا عينة حجمها 50وأصغر مفردة 13.5 وأكبر مفردة 18.5 فإن: K=6

الاختيارات:
A. W= 0.81
B. W=0.8
C. W=6
D. كل ما سبق خطأ",A,B
4727,"يكون حجم العينة المناسب لتقدير μ بثقة 95% وبخطأ لا يتجاوز (1) وبتباين (2500) علماً أن 1.96 = Z0.975 هو:

الاختيارات:
A. n ≥ 9500
B. n ≥ 9604
C. n ≥ 98
D. n ≥ 100",B,B
4728,"الإحصاء الاستدلالي (الاستنتاجي) هو:

الاختيارات:
A. يهتم بدراسة معطيات المجتمع من خلال العينة
B. يتخذ من تحليل المعطيات المتوفرة من العينة أساس في تحليل بيانات المجتمع
C. ينظم البيانات ويلخصها ويعرضها
D. كل ما ذكر صحيح",A,D
4729,"من سلبيات المقابلات المعمقة في جمع البيانات

الاختيارات:
A. الوقت الطويل
B. تحتاج الى تدريب جيد للمنفذين
C. حجم المعلومات يكون كبير
D. كل ما سبق صحيح",D,D
4730,"عندما تكون العينة المختارة ثابتة:

الاختيارات:
A. الهدف مراقبة التغيرات التي تطرأ على المتغيرات خلال فترات زمنية
B. تؤدي إلى الضجر والملل
C. معدلات الإصابة بأحد الحمات الراشحة
D. كل ما سبق صحيح",A,D
4731,"من أنواع المتغيرات العشوائية:

الاختيارات:
A. متغيرات عشوائية نسبية
B. متغيرات عشوائية منفصلة (منقطعة)
C. متغيرات عشوائية مستمرة (متصلة)
D. B+C",D,D
4732,"تعبر المتغيرات العشوائية المستمرة عن متغيرات:

الاختيارات:
A. تكون قيمها اعدادا صحيحة
B. تكون قيمها أي عدد حقيقي من مجال محدد
C. تكون قيمها لا تشمل الأعداد الحقيقية في مجال محدد
D. قيمها ثابتة في مجموعة الأعداد الصحيحة",B,B
4733,"عند فحص الدم يكون:

الاختيارات:
A. المجتمع متجانس وحجم العينة كبير
B. المجتمع متجانس وحجم العينة صغير
C. المجتمع غير متجانس وحجم العينة صغير
D. المجتمع غير متجانس وحجم العينة كبير",D,B
4734,"التوقع الرياضي لمجموع متغيرين عشوائيين يساوي:

الاختيارات:
A. جداء التوقعين الرياضيين للمتغيرين العشوائيين
B. مجموع التوقعين الرياضيين للمتغيرين العشوائيين
C. الفرق بين التوقعين الرياضيين للمتغيرين العشوائيين
D. لا شيء مما ذكر صحيح",B,B
4735,"أنواع العينات العشوائية:

الاختيارات:
A. البسيطة
B. المنتظمة
C. العنقودية
D. كل ما سبق صحيح",D,D
4736,"يمكن التحكم بالخطأ الأعظمي ع بتغيير:

الاختيارات:
A. حجم العينة
B. التباين
C. الانحراف
D. B + C",A,A
4737,"التكرار المتجمع الصاعد لفئة معينة هو :

الاختيارات:
A. عدد البيانات المتضمنة في الفئة والفئات التي تسبقها
B. عدد البيانات في الفئة والفئات التي تليها
C. متوسط عدد البيانات للفئتين السابقة واللاحقة لها
D. مجموع عدد البيانات للفئات السابقة لها",A,A
4738,"تأتي أهمية مرحلة جمع البيانات من كون الأخطاء فيها تؤدي الى:

الاختيارات:
A. لا يؤدي الى خطا
B. خطأ في مرحلة جمع البيانات
C. أخطاء ليس لها أثر
D. . لا شيء مما سبق",B,B
4739,"مثال على التغير العشوائي المستمر:

الاختيارات:
A. أنواع الأسماك
B. طول شخص بالغ
C. قياس السكر في الدم
D. C+B",C,D
4740,"توزيع بواسون هو عدد الأحداث الملحوظة خلال:

الاختيارات:
A. زمن
B. مسافة
C. مساحة
D. كل ما سبق صحيح",A,D
4741,"إن المنطقة التي تتألف من قيم دالة الاختبار قليلة الاحتمال عندما Ho صحيحة هي:

الاختيارات:
A. منطقة القبول
B. منطقة الرفض
C. المنطقة الأكيدة
D. منطقة العمل",B,B
4742,"اختر الإجابة الخاطئة حول السجلات السكانية:

الاختيارات:
A. تعرف باسم السجلات المدنية
B. هي سجلات رسمية تدون فيها وقائع الأحوال المدنية للسكان
C. تختلف بياناتها عن بيانات التعداد في أن تسجيل الواقعات الحياتية يتم على مدار العام في السجلات المحفوظة على أساس التقويم الهجري
D. توفر السجلات المدنية إلى جانب التعدادات السكانية العامة أفضل وسيلة لمراقبة التحولات السكانية",A,C
4743,"ينتج معمل الأدوية نوعاً من العلاج قام المسؤولون في المصنع بتحليل عينة من 30 حبة فوجدوا أن الانحراف المعياري لكمية هذه المادة في الحبوب يساوي 1.30 هل تقودنا النتائج إلى القول بأن التباين سيكون أقل 1.50 عند (0.05=α) فإن:

الاختيارات:
A. H₁: σ² > 1.50
B. H₁: σ² < 1.50
C. H₁: σ² < 1.50
D. H₁: σ² = 1.50",B,C
4744,"المجتمع الاحصائي هو مجموعة من الافراد او العناصر:

الاختيارات:
A. التي تشترك فيما بينها ببعض الخواص والميزات
B. التي لا تشترك فيما بينها ببعض الخواص والميزات
C. مأخوذة من العينة
D. مأخوذة من بيانات كيفية فقط",A,A
4745,"طريقة لجمع البيانات *التجربة* من أمثلتها ما عدا:

الاختيارات:
A. دراسة كية الأمطار
B. تأثير بعض العوامل في منتج زراعي
C. قياس تأثير نوع السماد ونوع البزر ونوع التربة
D. قياس شدة تأثير نوع من الهرمونات في مجموعة من الفئران",C,A
4746,"يقوم الإحصاء الاستنتاجي على:

الاختيارات:
A. استخدام المؤشرات الإحصائية
B. على اتخاذ القرارات والتنبؤ والاستقرار والاستدلال
C. وصف طبيعة الظاهرة المدروسة
D. كل ما سبق خطأ",B,B
4747,"ان استخدام العينات يحتاج الى:

الاختيارات:
A. كوادر فنية مدربة ومؤهلة
B. تخطيط واعداد وتنفيذ ثم تحليل المعلومات
C. A+B
D. غير ذلك",C,C
4748,"التصنيف الدولي للأمراض هو وثيقة تصدرها:

الاختيارات:
A. منظمة الصحة العالمية
B. وزارة الصحة
C. مديرية الصحة
D. منظمة الأغذية العالمية",A,A
4749,"في مجال جمع البيانات الأهم في الدراسات الكمية هو:

الاختيارات:
A. استخدام أفضل الأشخاص المتدربين
B. الحصول على وثائق دقيقة
C. تعيير الطرائق للحصول على بيانات عالية الجودة
D. A + B",C,C
4750,"تمتاز طريقة الحصر الشامل بأنها:

الاختيارات:
A. باهظة التكاليف
B. يمكن تنفيذها بإمكانيات بسيطة
C. تتم على فترات متقاربة
D. لا يمكن استخدامها في الدراسات السكانية",B,A
4751,"ليكن x و y متغيرين عشوائيين مستقلين تباينهما على الترتيب 5 و 10، عندئذٍ تباين المتغير العشوائي 2x + y يساوي:

الاختيارات:
A. 90
B. 60
C. 30
D. 15",B,C
4752,"تستخدم اليوم وعلى نطاق واسع في جمع المعلومات وتسجيلها:

الاختيارات:
A. الانترنيت
B. الفاكس
C. البريد الالكتروني
D. كل ما سبق صحيح",D,D
4753,"وفقاً للسؤال رقم (36) وعند 42.6 = (29) χ²0.05 فإن مستوى:

الاختيارات:
A. H₀ مقبولة
B. H₁ مرفوضة
C. H₀ مرفوضة
D. A + C",C,D
4754,"تختلف دلالات قيم المتغيرات العشوائية تبعا ل:

الاختيارات:
A. طبيعة العينة المعرفة عليها
B. المتغير نفسه الذي يعبر عن الظاهرة المدروسة
C. نوعية المقياس المستخدم
D. A+B",D,C
4755,"المقياس النسبي هو:

الاختيارات:
A. أدنى مستويات القياس
B. أعلى مستويات القياس
C. أقل دقة من المقياس المجالي (الفتروي)
D. أدق من المقياس الاسمي وأقل دقة من المقياس الرتبي",D,B
4756,"التكرارت النسبية تساوى:

الاختيارات:
A. عدد التكرارات لكل فئة + عدد العينة كلها
B. عدد التكرارات لكل فئة X عدد العينة كلها
C. عدد التكرارات لكل فئة / نصف عدد العينة
D. كل ما سبق خاطئ",A,B
4757,"الطريقة التي تستخدم فيها بعض التقنيات الإلكترونية للمراقبة والعد وتسجيل الملاحظات هي:

الاختيارات:
A. التسجيل
B. التجربة
C. البريد
D. المقابلة",A,A
4758,"يحدد زمن حفظ السجلات الطبية ب:

الاختيارات:
A. خمس سنوات
B. عشر سنوات
C. حسب الأسس المتبعة محليا في كل بلد
D. حسب الأسس التي تحددها منظمة الصحة العالمية",C,C
4759,"لتكن لدينا عينة عشوائية حجمها n من توزيع برنولي بالوسيط P، فإن توزيع مجموع متغيرات هذه العينة يتوزع وفق التوزيع:

الاختيارات:
A. البرنولي
B. الثنائي
C. الطبيعي
D. الأسي",B,B
4760,"إن منحنى الكثافة الاحتمالية للتوزيع الطبيعي متناظر بالنسبة للمستقيم:

الاختيارات:
A. x = 0
B. x = µ
C. 𝜎x =
D. غير ذلك",B,B
4761,"يمكن حساب الوسيط ومعامل سبيرمان لارتباط الرتب في:

الاختيارات:
A. المقياس الاسمي
B. المقياس الفتروي
C. المقياس النسبي
D. B+C",D,D
4762,"إذا كان n=150وFi=30فإن التكرار المئوي:

الاختيارات:
A. 0.2
B. 0.002
C. 0.0002
D. 0.0002",B,A
4763,"باعتبار xمتغير عشوائي يدل على عدد أخوات طالب ما فإن مجموعة قيمه هي العدد:

الاختيارات:
A. حقيقي موجب
B. صحيح موجب
C. صحيح
D. طبيعي",C,B
4764,"إن مجال الثقة يستعمل في حالة:

الاختيارات:
A. Σ₁², σ₂² -Aمجهولان n1, n2 < 30
B. σ₁², σ₂² معلومان n1, n2 ≥ 30
C. σ₁², σ₂² مجهولان n1, n2 ≥ 30
D. σ₁², σ₂² معلومان n1, n2 < 30",C,A
4765,"معدل المواليد الخام:

الاختيارات:
A. عدد المواليد الاحياء في سنة معينة
B. عدد المواليد الاحياء لكل ألف من السكان في سنة معينة
C. عدد المواليد الاحياء لكل ألف من النساء في سنة معينة
D. عدد المواليد الاحياء لكل ألف من النساء المتزوجات في سنة معينة",B,B
4766,"الفئة العمرية المهمة جدا من الناحية الصحية والتنموية:

الاختيارات:
A. فئة اليفع
B. فئة الأطفال
C. فئة المسنين
D. فئة الشباب",B,B
4767,"خاصية الدورية والشمولية تعبر عن .

الاختيارات:
A. التعداد السكاني .
B. السجلات السكانية .
C. A+B
D. غير ذلك .",C,A
4768,"من مزايا طريقة المواجهة أو المقابلة الشخصية ما عدا:

الاختيارات:
A. الحصول على إجابات دقيقة ومراقبة ردود
B. ارتفاع نسبة المستجيبين
C. كلفتها عالية
D. تستخدم في المجتمعات التي ترتفع فيها نسبة الأمية",C,C
4769,"بفرض احتمال الشفاء من مرض دموي هو 0.33 في عينة مكونة من 3 مرضى، ما احتمال أن يشفوا جميعاً:

الاختيارات:
A. تقريباً 0.75
B. تقريباً 0.036
C. تقريباً 0.075
D. تقريباً 0.36",B,B
4770,"في العينة العشوائية المنتظمة صحيح ماعدا

الاختيارات:
A. نستخدمها عندما يكون المجتمع متجانس ومرتباً وفقاً لصفة معينة
B. يعتمد اختيار كل فرد على حجم العينة وحجم المجتمع
C. إذا فرضنا ان الفرد الأول يحمل الرقم 1 فالفرد الثاني يحمل الرقم 5 والثالث بحمل الرقم 9 وهكذا
D. يكون المجتمع غير متجانس وغير مرتب",A,D
4771,"الانحراف المعياري هو:

الاختيارات:
A. جذر التوقع
B. مربع التبيان
C. مربع التوقع
D. حذر التباين",D,D
4772,"الذي عرف الإحصاء بأنه الطريقة العملية التي تختص بجمع المعطيات والحقائق بالشكل الذي يسهم عملية تحليلها وتفسيرها ومن ثم استخلاص النتائج وتأيلها واتخاذ القرار على ضوء ذلك

الاختيارات:
A. Lovitt
B. Boddington
C. Cowden Croxton
D. مجموعة من الخبراء",C,D
4773,"يستخدم شكل الانتشار للكشف عن:

الاختيارات:
A. إذا كان هناك علاقة بين أي متغيرين
B. معاملات الانحناء
C. وسطاء العينة
D. كل ما سبق صحيح",D,A
4774,"من مميزاتها تصلنا الإجابات خلال وقت قصير وتمتاز ببساطتها وقلة تكاليفها وسرعتها:

الاختيارات:
A. البريد
B. استخدام الانترنيت والمواقع الاجتماعية
C. المواجهة الشخصية
D. الاتصالات الهاتفية",B,B
4775,"ليكن X2,1X متغيران عشوائيان طبيعيان متوسطهما وتباينهما معلومان وليكن لدينا عينتين عشوائيتين من X2,1X هما x1 من حجم 29 x من حجم متوسطهما, X2,1X على الترتيب فإن:

الاختيارات:
A. 𝜎2 2> 𝜎2 1
B. 𝜎2 2 ≤ 𝜎2 1
C. 𝜎2 2 < 𝜎2 1
D. 𝜎2 2 = 𝜎2 1",D,C
4776,"عرف علم الإحصاء بانه العلم الذي يختص بجمع وتحليل وتفسير المعطيات الكمية هو:

الاختيارات:
A. Bodding ton .
B. Lovitt .
C. Codencroxton
D. الخبراء بشكل عام",B,C
4777,"الخطأ من النوع الأول هو:

الاختيارات:
A. رفض الفرضية H₀ رغم أنها صحيحة
B. قبول الفرضية H₀ رغم أنها خاطئة
C. رفض الفرضية H₀ رغم أنها صحيحة
D. رفض الفرضية H₁ رغم أنها خاطئة",A,C
4778,"المخطط الذي يساعد بدراسة العلاقة بين متغيرين وطبيعتها:

الاختيارات:
A. مخطط الفطيرة
B. مخطط الصندوق
C. مخطط الساق والورقة
D. مخطط الانتشار",D,D
4779,"عند جمع البيانات من مبيعات إحدى شركات الأدوية فمصدر البيانات هو:

الاختيارات:
A. خارجي
B. داخلي
C. معلن
D. A+C",B,B
4780,"تباين فرق متغيرين عشوائيين مستقلين:

الاختيارات:
A. جداء تباين المتغيرين العشوائيين المحددين
B. ناتج قسمة المتغيرين المحددين
C. مجموع تباين المتغيرين العشوائيين المحددين
D. الفرق بين المتغيرين العشوائيين المحددين",D,C
4781,"من محاسن المقابلات العميقة ما عدا:

الاختيارات:
A. توفر بيانات غنية ومعمقة
B. تحتاج الى جهود وإمكانات ضخمة
C. تسمح في توضيح المسائل
D. حدوث استجابات مفيدة",B,B
4782,"تحدد زمن حفظ السجلات الطبية في المشفى:

الاختيارات:
A. ثلاث شهور
B. حسب رغبة المريض
C. بناء على الأسس المتبعة محلياً في كل بلد
D. حسب خدمات المشفى",C,C
4783,"المتغير العشوائي X له التوزيع الطبيعي فيكون المتوسط عينة منه التوزيع:

الاختيارات:
A. المعياري
B. الطبيعي
C. بواسون
D. ستيودنت",B,B
4784,"إذا كان x يدل على حالة مدخن وغير مدخن أي [0,1] =RXفإنه يعبر عن:

الاختيارات:
A. المقياس الرتبي
B. المقياس النسبي
C. المقياس الاسمي
D. المقياس الفتروي",C,C
4785,"إذا أردنا تقدير نسبة المدخنين في أحد الأحياء وكان عدد السكان هذا الحي 10000 فرداً فإن حجم العينة المناسب لحساب التقدير بحيث لا يتجاوز خطأ التقدير 0.3 هو:

الاختيارات:
A. 12
B. 120
C. 1200
D. 50",C,A
4786,"فى احدى العينات الغير عشوائية نقوم باختيار الافراد او العينات وذلك لتحقيق هدف معين

الاختيارات:
A. المنظمة
B. الحصصية
C. المصادفة
D. كل ما سبق صحيح",D,C
4787,"في المتغيرات العشوائية المنفصلة تكون فيها المتغيرات:

الاختيارات:
A. أعداد صحيحة
B. أعداد حقيقية
C. أعداد عقدية
D. أعداد عشرية",A,A
4788,"يستخدم اختبار الفرضيات حول ميل خط الانحدار توزيع:

الاختيارات:
A. ستيودنت
B. كاي مربع
C. فيشر
D. برنولي",A,A
4789,"تمتاز طريقة الحصر الشامل :

الاختيارات:
A. باهظة التكاليف
B. يمكن تنفيذها بإمكانيات بسيطة
C. تتم على فترات متقاربة
D. لا يمكن استخدامها في الدراسات السكانية",B,A
4790,"نستخدم معدل الخصوبة العمرية لكل مما يأتي ماعدا:

الاختيارات:
A. دراسة الفروقات في ظاهرة الخصوبة في أعمار مختلفة
B. المقارنة على امتداد زمن ما
C. تركيز على معدل الخصوبة لفئة - معينة من العمر
D. مؤشر السلوك الانجابي في المجتمع",C,D
4791,"الملاحظة تكون طريقة مناسبة لجمع البيانات عنك

الاختيارات:
A. سلوك الافراد
B. تفاعل الافراد
C. البيئة المحيطة
D. كل ما سبق صحيح",D,D
4792,"من أسباب تفضيل أسلوب العينة على أسلوب الحصر الشامل

الاختيارات:
A. صعوبة حصر افراد المجتمع
B. العينات تزيد التكلفة والجهد والزمن
C. واسعة الإمكانات لإجراء الحصر الشامل .
D. طريقة الحصر الشامل سهلة على الرغم من وقتها",A,A
4793,"فيما يتعلق بحجم العينة

الاختيارات:
A. دقة الدراسة تتناسب مع حجم العينة
B. الميزانية المقررة للدراسة تحدد جم العينة
C. كلما كان حجم العينة أكبر كانت النتائج تبتعد عن الواقع
D. كلما كانت المخصصات قليلة لابد من تكبير حجم العينة وعندما تكون كبيرة نزيد حجم العينة",B,E
4794,"الطريقة التي تستخدم التقنيات الالكترونية للمراقبة والعد وتسجيل الملاحظات:

الاختيارات:
A. التجربة
B. التسجيل
C. الملاحظة
D. المشاهدة",B,B
4795,"الاستعمالات الرئيسية للسجلات الطبية هي:

الاختيارات:
A. توثيق سير المرض لدى المريض و متابعته و معالجته
B. المداومة على تقديم الرعاية الطبية للمرضى
C. جمع الإحصائيات الصحية
D. كل ما سبق صحيح",D,D
4796,"يمكن اكتشاف شكل العلاقة بين وزن مريض ونسبة السكر في الدم باستخدام

الاختيارات:
A. الجدول التكراري
B. الجدول التكراري التصاعدي
C. . الفطيرة (الدائرة)
D. مخطط الانتشار",D,D
4797,"عينة مؤلفة من 50 مريض اذا كان متوسط أيام الشفاء هو 4 أيام وبانحراف معياري 0.5 يوم فإن حجم العينة المناسب لتقدير بثقة 95% :

الاختيارات:
A. غير منحاز لمتوسط المجتمع .
B. منحاز لمتوسط المجتمع .
C. منحاز لتباين المجتمع .
D. غير منحاز لتباين المجتمع .",B,A
4798,"إذا كان متوسط المدة اللازمة لاستجابة المريض لدواء مهدئ هو 10 دقائق اقترح دواء جديد هل يمكننا أن القول إن الدواء القديم هو أفضل من الجديد:

الاختيارات:
A. H₁: μ ≠ 10
B. H₁: μ > 10
C. H₁: μ < 10
D. ليس أيا مما سبق",C,B
4799,"السجل الذي يهدف الى تجميع المعلومات عن المريض:

الاختيارات:
A. السجلات الدوائية .
B. السجلات المدنية .
C. السجلات الإحصائية .
D. السجلات الطبية .",D,D
4800,"اذا قبل المريض في يوم وتخرج في اليوم التالي فيحتسب

الاختيارات:
A. يوم الدخول
B. يوم الخروج
C. يوم الاستشفاء
D. A+B",C,A
4801,"اذا قبل المريض في يوم وتخرج في اليوم نفسه فيحتسب يوم .

الاختيارات:
A. دخول .
B. خروج .
C. مدة استشفاء .
D. A+B",D,C
4802,"لدينا عينة عشوائية مكونة من 350 مريضاً، تتراوح قيمة الضغط الانقباضي لديهم بين 50 و 175 ملم زئبقي. إن عدد فئات المتغير الكمي حسب قاعدة ستارجيس يساوي:

الاختيارات:
A. 8
B. 9
C. 10
D. 11",C,C
4803,"يمكن اكتشاف شكل العلاقة بين وزن مريض ونسبة السكر في الدم باستخدام:

الاختيارات:
A. الجدول التكراري
B. الجدول التكراري التصاعدي
C. الفطيرة (الدائرة)
D. مخطط الانتشار",D,D
4804,"عينة مؤلفة من 50 مريضًا، إذا كان متوسط عدد أيام الشفاء هو 4 أيام وبانحراف معياري 0.5 يوم، فإن حجم الهيئة المناسب لتقدير Pبثقة 95% هو:

الاختيارات:
A. 400
B. 380
C. 385 تقريباً
D. 500",C,C
4805,"تم وزن عينة عشوائية مكونة من 64 مريضًا، بلغ متوسط الوزن 65 كجم بانحراف معياري 10 كجم، وكانت . إذا كانت الفرضية البديلة ، فإن منطقة القبول هي:

الاختيارات:
A. [.1.96; 1.96]
B. [1.96, +∞]
C. [1.96, +∞] OR [-1.96, -∞]
D. [-1.96, -∞]",C,A
4806,"عينة مؤلفة من 36 مريضًا، كان متوسط عدد أيام الشفاء من هذا المرض هو 4 أيام، وبانحراف معياري 0.5 يوم، فإن حجم العينة المناسب لتقدير μ بثقة 95% وبخطأ لا يتجاوز 0.05، حيث القيمة الجدولية (0.975) = 1.96، هو:

الاختيارات:
A. 400
B. 380
C. تقريبًا 385
D. 500",C,C
4807,"لدراسة قوة العلاقة بين العمر (بالسنوات) وضغط الدم الانقباضي (ملم زئبقي) في عينة من 100 مريض، تُستخدم:

الاختيارات:
A. معامل الاقتران
B. معامل التوافق
C. تحليل الانحدار
D. معامل الارتباط لبيرسون",D,D
4808,"إذا علمت أن احتمال شفاء مريض مصاب بالزكام خلال أسبوع دون اللجوء للطبيب هو 0.6 فإذا كان لدينا10 مرضاً بالزكام ولم يرجع الطبيب فالمسألة مسألة توزيع:

الاختيارات:
A. برنولي
B. حداني
C. بواسوني
D. أسي",B,B
4809,"إذا كان متوسط المدة اللازمة للاستجابة للدواء 5 دقائق واقترح دواء جديد وجرب على 64 مريض فكان متوسط المدة هو 4,7 وبانحراف 1,2 فإن قيمة إحصائية الاختبار:

الاختيارات:
A. Z0=-2
B. Z0=2.33
C. Z0=2
D. Z0=3",B,A
4810,"عينة مؤلفة من 36 مريض كان متوسط أيام الشفاء من هذا المرض 4 أيام وبانحراف معياري 0,5يوم فإن حجم العينة المناسب بمستوى ثقة 95% وبخطأ لا يتجاوز 0,05حيث القيمة الجدولية ل Z =1,96 هو:

الاختيارات:
A. 400
B. 380
C. 585
D. 500",C,C
4811,"يشمل تدبير المريض السابق ما يلي ما عدا:

الاختيارات:
A. إنعاش اش السوائل وتعويض الشوارد.
B. الدعم الغذائي.
C. السيطرة على الخمج.
D. حماية الجلد.
E. الدراسة التشريحية للناسور",E,B
4812,"كل ما يلي من عوامل الخطورة في سرطانه المعدة عدا:

الاختيارات:
A. الجنس المؤنث.
B. القصة العائلية.
C. الحميات عالية النترات.
D. استئصال معدي سابق.
E. التدخين.",A,A
4813,"3. كل ما يلي من أسباب الرتج الجذبي الحقيقي:

الاختيارات:
A. 1. ارتفاع الضغط داخل المريء.
B. 2. الضعف العضلي داخل المريء.
C. 3. غياب التناسق العصبي.
D. 4. كل ما سبق صحيح.
E. 5. كل ما سبق خطأ.",D,E
4814,"في التهاب المرارة الحاد اللاحصوي كل ما يلي صحيح ما عدا:

الاختيارات:
A. من العوامل المؤهبة الإصابة بداء السكري.
B. تترافق الحالة مع أمراض أخرى.
C. التشخيص صعب غالباً.
D. الوفيات أعلى مما هي عليه في التهاب المرارة الحاد الحصوي.
E. تعالج الحالة بشكل جيد عن طريق تصميم المرارة عبر الجلد.",D,A
4815,"تجرى الجراحة المحافظة للثدي المصاب بورم خبيث ضمن الشروط التالية: عبارة واحدة خاطئة

الاختيارات:
A. أن يكون الورم صغيراً
B. ألا يكون الثدي صغير الحجم
C. ألا يكون الورم مقدماً موضعياً Locally advanced
D. لا علاقة بموقع الورم بالقرار الجراحي.
E. من الناحية السرطانية فإن نتيجة العلاج الجراحي المحافظ للثدي تعدل نتيجة الاستئصال التام في نفس الشروط.",D,D
4816,"6. بالنسبة للمريضة السابقة ما هو العلاج المناسب؟

الاختيارات:
A. 1. الاستئصال الجراحي.
B. 2. العلاج الشعاعي.
C. 3. العلاج الكيماوي.
D. 4. المعالجة الهرمونية.",B,D
4817,"في الناسور المعوي كل ما يلي صحيح ما عدا):

الاختيارات:
A. هو اتصال أو سبيل بين سطحين بشرويين.
B. تصنف النواسير وفقاً للتشريح ومعدل الصبيب من الناسور (النتاج) والآلية المسببة.
C. تترافق النواسير البعيدة باختلاطات أكثر من تلك في النواسير القريبة.
D. من التظاهرات الشائعة للنواسير القريبة حدوث التجفاف العميق، وسوء التغذية، واضطرابات الشوارد.",C,C
4818,"الكبد

الاختيارات:
A. 1. يعاني مريض عمره 25 سنة من عدم ارتياح عام ونقصان في الوزن وترفع حروري وبراز ملطخ بالدم على نحو متقطع خلال الست أسابيع الأخيرة بعد عودته من شبه القارة الهندية حيث عمل هناك لمدة ستة أشهر. بالفحص السريري: كبدية مع مضض في الربع العلوي الأيمن وأظهر الإيكو جوفا ناقص الصدى الفص الكبدي الأيمن ذو حواف واضحة. ما هو التشخيص المحتمل؟
B. 1. خراجة كبدية قيحية.
C. 2. خراجة كبدية زحارية.
D. 3. كيسة مائية كبدية.
E. 4. التهاب كبد فيرسي.",B,B
4819,"20. من العوامل المؤهبة لحدوث القلس ما يلي عدا:

الاختيارات:
A. 1. تباعد سويقتي الحجاب الحاجز اليمنى واليسرى.
B. 2. خلل في تعصيب المعصرة الذاتي.
C. 3. وجود الوصل المعدي المريئي داخل البطن.
D. 4. قصر طول منطقة الضغط العالي (HP).
E. 5. غياب زاوية هي في المعدة.",D,C
4820,"4. تتألف متلازمة 2A MEN من كل مما يلي ما عدا:

الاختيارات:
A. 1. ورم القواتم.
B. 2. فرط تصنع جارات الدرق.
C. 3. سرطان لبي في الدرق.
D. 4. سرطان حليمي في الدرق.",C,D
4821,"كل ما يأتي صحيح في البازهر ما عدا:

الاختيارات:
A. الشعري يظهر أكثر لدى النساء.
B. النباتي يظهر لدى المسنين.
C. يعالج بالمواد الحامضة.
D. يطلب من المريض مضغ الطعام جيداً.
E. قد يسبب انسداد بواب.",D,C
4822,"في الألم البطني الحاد ما عدا:

الاختيارات:
A. البطن الحادة تعرف كبداية حديثة أو مفاجئة للألم البطني.
B. يمكن أن يكون ألماً جديداً أو زيادة في الألم المزمن.
C. البطن الحادة لا تعني الحاجة دائماً للتدخل الجراحي.
D. التقييم الجراحي غير مبرر.
E. قد تنجم عن أسباب غير جراحية.",E,D
4823,"كل من الأمراض التالية مرتبط مع البدانة ماعدا:

الاختيارات:
A. الداء السكري النمط 2.
B. ارتفاع التوتر الشرياني.
C. متلازمة المبيض متعدد الكيسات.
D. داء الجزر المعدي المريئي.
E. كل ما سبق صحيح.",D,E
4824,"غالباً الشريان النازف من قرحة اثني عشريه:

الاختيارات:
A. المعدي الأيسر.
B. المعدي العفجي.
C. المعدي الاكليلي الأيسر.
D. المعدي الاكليلي الأيمن.
E. الحجابي السفلي.",C,B
4825,"18. في التهاب المرارة الحاد عبارة واحدة خاطئة:

الاختيارات:
A. 1. الألم مستمر يتوضع في المراق العلوي الأيمن أو الشرسوف.
B. 2. هناك مضض ودفاع في الربع العلوي من البطن.
C. 3. يعتبر الإيكوغرافي من الفحوص الهامة في التشخيص.
D. 4. في الحالات الصعبة يمكن اللجوء إلى الدراسة الومضانية ال HIDA scan الذي يمتاز بحساسية عالية إذ ترتسم المرارة بوضوح.
E. 5. قد يترافق التهاب المرارة الحاد مع شلل أمعاء وغياب أصوات الحركات الحوية في البطن.",C,D
4826,"الداء القرحي الهضمي (كل ما يلي صحيح ما عدا):

الاختيارات:
A. يحدث نتيجة لخلل التوازن بين الإفراز الحمضي وآليات الدفاع المخاطي.
B. في القرحة المعدية يكون السبب هو ضعف في آليا الهجوم.
C. في القرحة العفجية يكون السبب الرئيسي هو زيادة في عوامل الهجوم.
D. انخفاض ثابت في معدل الحدوث للداء القرحي الهضمي منذ الستينات.
E. نسبة الوفيات المرتبطة به بقيت ثابتة ب أو ارتفعت قليلاً.",B,B
4827,"15. الجهاز اللمفاوي كل مما يلي صحيح ما عدا:

الاختيارات:
A. 1. مسؤول عن إزالة السائل بين الخلايا من النسج.
B. 2. يمتص وينقل الحموض الدسمة والدهون على شكل كيلوس chyle من الجهاز الهضمي.
C. 3. ينقل خلايا الدم البيضاء من وإلى العقد اللمفاوية إلى العظم.
D. 4. ينقل اللمف خلايا المستضد المقدمة antigen-presenting cells مثل الخلايا الشجيرية إلى العقد اللمفاوية حيث يتم تنبيه الإستجابة المناعية.
E. 5. تشكيل الكريات الحمر وتخزين الحديد.",E,E
4828,"تدل الإقياءات الصفراوية على إجابة واحدة صحيحة

الاختيارات:
A. تضيق بواب ولادي
B. ضمور مري ولادي
C. انفتال معدة.
D. انسداد القطعة الثالثة للعفج.
E. قلس معدي مريني.",D,D
4829,"العوامل المؤهبة للأورام الخبيثة في المري:

الاختيارات:
A. الطعام المدخن.
B. الحروق.
C. مري باريت.
D. التوزع الجغرافي.
E. كل ما سبق صحيح.",E,E
4830,"2. تعالج أورام في القسم البعيد للمعدة:

الاختيارات:
A. 1. علاج محافظ دوائي.
B. 2. اجراء قطع معدة جزئي بيلروث II.
C. 3. اجراء قطع معدة تام.
D. 4. كل ما سبق صحيح.
E. 5. كل ما سبق خطأ.",D,D
4831,"أجري تنظير هضمي علوي لرجل عمره 55 سنة وتم اخباره أن لديه آفة قد تسبب فقراً دموياً والنزف الحاد منها غير شائع ما هو هذا التشخيص؟

الاختيارات:
A. قرحة معدية.
B. سرطانة معدية.
C. قرحة عفجية.
D. دوالي مريئية.
E. تسحجات معدية.",A,B
4832,"أتى شاب 32 سنة لقسم الطوارئ بقصة إقياء (لكميات كبيرة من الدم الأحمر القاني). ما هي الخطوة الأولى الأهم في تدبير هذا المريض؟

الاختيارات:
A. القصة السريرية والفحص السريري.
B. تحديد عيار الخضاب
C. إنعاش بالسوائل.
D. وضع أنبوب أنفي معدي.
E. اجراء تنظير هضمي علوي اسعافي.",A,C
4833,"شكت مريضة تبلغ من العمر 45 سنة من ألم في ثديها 2. الأيسر لمدة أسبوعين بالفحص السريري كان لديها خيط يشبه الحبل مؤلم مع أودة بارزة فوقها. ما هو التشخيص المحتمل؟

الاختيارات:
A. ورم ورقي.
B. غدوم ليفي.
C. سرطان ثدي.
D. داء
E. داء باجيت.",B,D
4834,"وصلت مريضة تبلغ من العمر 40 عاماً من أصول آسيوية إلى بريطانيا تشكو من كتلة في ثديها الأيمن منذ عدة أشهر لم تكن الكتلة مؤلمة لكنها كانت تعاني من نز الخراج في إبطها الأيمن والذي يشفى ويعاود من جديد. ما هو التشخيص المحتمل؟

الاختيارات:
A. سرطان ثدي التهابي.
B. سل ثدي.
C. داء باجيت.
D. غدوم ليفي.
E. أكزيما في الثدي.",C,B
4835,"راجعت مريضة تبلغ من العمر 25 سنة بكتلة شاهدتها صدفة منذ 3 أسابيع في ثديها الأيسر ويمكن تحريك الكتلة من قبل المريضة ضمن نسيج الثدي. ما هو التشخيص المحتمل؟

الاختيارات:
A. سرطان ثدي التهابي.
B. سل ثدي.
C. داء باجيت.
D. غدوم ليفي.
E. أكزيما في الثدي.",D,D
4836,"راجعت مريضة تبلغ من العمر 50 عاماً بشكاية ألم واحمرار في الثدي الأيمن منذ شهر وقد عولجت من قبل طبيب آخر بالصادات لمدة أسبوعين من دون تحسن وقد ازدادت الحالة سوءاً مما دفعها إلى مراجعة طبيب جراحة ما هو التشخيص المحتمل؟

الاختيارات:
A. غدوم ليفي.
B. داء باجيت.
C. سرطان التهابي.
D. خراج ثدي.
E. أكزيما.",C,C
4837,"بالنسبة للمريضة السابقة ما هي الوسيلة المناسبة لوضع التشخيص الأكيد؟

الاختيارات:
A. اجراء ايكو للثدي.
B. اجراء FNA.
C. إجراء Core biopsy
D. اجراء ماموغرام.
E. اجراء خزعة جراحية.",B,C
4838,"بالنسبة للمريضة السابقة ما هو العلاج المناسب؟

الاختيارات:
A. الاستئصال الجراحي.
B. العلاج الشعاعي.
C. العلاج الكيماوي.
D. المعالجة الهرمونية.",B,D
4839,"راجعت مريضة مسنة مشخصي لديها سابقاً داء هاشيموتو بعقدة قاسية غير منتظمة في الفص الدرقي الأيمن. ما هو التشخيص المحتمل؟

الاختيارات:
A. سرطان لبي.
B. سرطان جريبي.
C. لمفوما.
D. سرطان غير مصنع.
E. سرطان حليمي.",B,C
4840,"راجع طفل يبلغ من العمر 12 سنة بعقدة درقية مع ضخامة عقد لمفية ناحية ما هو التشخيص المحتمل؟

الاختيارات:
A. سرطان لبي.
B. سرطان جريبي.
C. المفوما.
D. سرطان حليمي.
E. سرطان غير مصنع.",B,D
4841,"راجعت مريضة في منتصف العمر بسلعة درقية لفترة طويلة والفص الأيمن متضخم بشكل أكبر من الأيسر وسريريا وسري كانت في حالة سواء درقي. ما هو التشخيص المحتمل؟

الاختيارات:
A. عقدة درقية سليمة.
B. داء غريف.
C. سلعة متعددة العقد.
D. سرطان حليمي.
E. سرطان جريبي.",D,C
4842,"فتاة في الربيع الخامس شكت من عسرة تنفس بالفحص تبين بوجود كتلة في جوف الفم بقطر 3 سم على الخط الناصف وعلى مؤخرة اللسان. ما هو التشخيص الأكثر احتمالاً؟

الاختيارات:
A. لوزة لسانية.
B. درق لسانية.
C. جسم أجنبي علق باللسان.
D. Dermoid
E. وذمة عصبية وعائية.",A,B
4843,"شابة في ربيعها الأربعين تشكو من نقص وزن مع خفقان وجحوظ في العينين. بالفحص السريري تبين وجود سلعة درقية متوسطة الحجم منتشرة ومتجانسة، بالفحوص الدموية تبين وجود فرط نشاط درق بدني، ما هو العلاج غير المرغوب به في هذه الحالة؟

الاختيارات:
A. إعطاء الميتيمازول Methimazoli
B. إعطاء محلول اللوغول Lugols iodine
C. المعالجة الشعاعية باليود I 131
D. استئصال الدرق التام.
E. الستيروئيدات.",D,C
4844,"راجع مريض بدانة طبيبه وكان BMI لديه 40 فقرر الطبيب إجراء عملية sleeve gastrectomy ما هو الإجراء الأول الذي يجب إجراؤه قبل العملية؟

الاختيارات:
A. استشارة طبيب تغذية.
B. الحصول على موافقة المريض.
C. اجراء التحاليل الدموية اللازمة.
D. تحول المريض لطبيب نفسي.",B,B
4845,"راجع مريض بدانة طبيبه وكان BMI لديه 40 فقرر الطبيب إجراء عملية Sleeve gastrectomy ما هو الإجراء الأول الذي يجب إجراؤه قبل العمل الجراحي؟

الاختيارات:
A. استشارة طبيب التغذية.
B. تحويل المريض لطبيب نفسي.
C. الحصول على موافقة المريض.
D. إجراء التحاليل الدموية اللازمة.",C,C
4846,"يعاني مريض عمره 25 سنة من عدم ارتياح عام ونقصان في الوزن وترفع حروري وبراز ملطخ بالدم على نحو متقطع خلال الست أسابيع الأخيرة بعد عودته من شبه القارة الهندية حيث عمل هناك لمدة ستة أشهر. بالفحص السريري: كبدية مع مضض في الربع العلوي الأيمن وأظهر الإيكو جوفا ناقص الصدى الفص الكبدي الأيمن ذو حواف واضحة. ما هو التشخيص المحتمل؟

الاختيارات:
A. خراجة كبدية قيحية.
B. خراجة كبدية زحارية.
C. كيسة مائية كبدية.
D. التهاب كبد فيرسي.",B,B
4847,"يعاني مريض عمره 50 سنة ويبدو بصحة جيدة من أصمية حديثة وايلام وألم في الربع العلوي الأيمن لمدة 3-4 أشهر. كان الفحص السريري سلبيا. سريري سلبياً وكانت وظائف الكبد طبيعية وكذلك. التنظير الهضمي العلوي أما الايكو فأظهر وجود آفة كيسية وحيدة تبلغ 6 سم. ما هو التشخيص المحتمل؟

الاختيارات:
A. متلازمة بود شياري.
B. التهاب الطرق الصفراوية المصلب البدئي.
C. عداء كارولي.
D. داء كيسي بسيط",D,D
4848,"راجعت مريضة تبلغ من العمر 30 سنة بقصة ألم مستمر في الربع العلوي الأيمن من البطن مع إقياء وارتفاع حرارة وإيجابية علامة مورفي ما هو التشخيص المحتمل؟

الاختيارات:
A. تقيح مرارة.
B. التهاب مرارة حاد.
C. قيلة مخاطية في المرارة.
D. التهاب بريتوان تالي لانثقاب مرارة.
E. خزل معوي بسبب حصاة مرارية.",B,B
4849,"راجع مريض مشخص لديه سابقة حصيات مرارية يبلغ من العمر 60 سنة بقصة ألم بطني شديد ومستمر 6 ساعات وبالفحص السريري كان المريض غير مرتاح ومصدوم من انتفاخ البطن ومضض راجع معممين ما هو التشخيص المحتمل؟

الاختيارات:
A. تقيح مرارة.
B. التهاب مرارة حاد.
C. قيلة مخاطية في المرارة.
D. التهاب بريتوان تالي لانثقاب مرارة.
E. خزل معوي بسبب حصاة مرارية.",B,D
4850,"راجع مريض يبلغ من العمر 56 سنة بألم شديد في أعلى 4 البطن منذ أسبوع مع حرارة spiking fever وكان غير مرتاح بشدة مع وجود علامات لتخريش بريتواني في الربع العلوي الأيمن مع جس كتلة ما هو التشخيص المحتمل؟

الاختيارات:
A. تقيح مرارة.
B. التهاب مرارة حاد.
C. قيلة مخاطية في المرارة.
D. التهاب بريتوان تالي لانثقاب مرارة.
E. خزل معوي بسبب حصاة مرارية.",D,A
4851,"راجع مريض يبلغ من العمر 60 سنة بقصة ألم بطني ويرقان وحرارة مع عروءات، ماهو التشخيص المحتمل؟

الاختيارات:
A. تقيح مرارة.
B. التهاب مرارة حاد.
C. قيلة مخاطية في المرارة.
D. التهاب طرق صفراوية صاعد.
E. خزل معوي بسبب حصاة مرارية.",B,D
4852,"عولجت مريضة تبلغ من العمر 40 سنة لالتهاب مرارة حاد حيث لوحظ وجود مرارة مجسوسة غير ممضه، لم يكن هناك ترفع حروري وكانت المريضة بشكل عام بصحة جيدة، ما هو التشخيص المحتمل؟

الاختيارات:
A. تقيح مرارة.
B. التهاب مرارة حاد.
C. قيلة مخاطية في المرارة.
D. خزل معوي بسبب حصاة مرارية.",B,C
4853,"مريض عمره 80 سنة لديه تصبغ جلدي ملحوظ ونسيج ندبي ولديه ندبات بطنية لاستئصال كظر ثنائي الجانب. ما هو التشخيص المحتمل؟

الاختيارات:
A. فرط تصنع كظر خلقي.
B. داء أديسون.
C. متلازمة نيلسون.
D. نزف في الغدة الكظرية.",C,C
4854,"راجع مريض عمره 48 سنة باضطراب رئوي وصداع وارتفاع ضغط ما هو التشخيص المحتمل؟

الاختيارات:
A. متلازمة كوشينغ.
B. داء كوشينغ.
C. متلازمة كون.
D. متلازمة نيلسون.",B,C
4855,"مريض ربو مع تفاقم متكرر لحالته تطور لديه بشكل تدريجي شعرانية مع بدانة جذعية وكدمات ما هو التشخيص المحتمل؟

الاختيارات:
A. متلازمة كوشينغ.
B. داء كوشينغ.
C. متلازمة كون.
D. ورم القوائم.",B,A
4856,"امرأة مسنة عمرها 30 سنة تشكو آلام مفصلية مع وهن عضلي الفحص الفيزيائي كان طبيعياً الروتين الدموي أظهر النتائج التالية: الخضاب الدموي طبيعي، وظائف الكلية البولة والكرياتنين سوية، كالسيوم المصل 11-12 ملغ / دل، أي الحالات التالية لا تتناسب مع حالة المريضة:

الاختيارات:
A. وجود الميوغلوبين في البول.
B. عيار الهرمون PTH مرتفع في المصل.
C. اطراح الكالسيوم في البول مرتفع.
D. قد تشاهد أورام بنكرياسية.
E. قد تشاهد أورام نخامية.",C,C
4857,"أثناء إجراء ايكو بطن لسيدة حامل تبلغ من العمر 30 سنة تبين وجود كتلة متكلسة في الشرسوف يبلغ قطرها 1 سم وقد سمع لغط في منطقة الشرسوف ولم يكن لديها أي أع أعراض. ما هو التشخيص المحتمل؟

الاختيارات:
A. تمزق طحال.
B. احتشاء طحال.
C. أم دم شريان طحالي.
D. فرفريه نقص الصفيحات البدنية.
E. داء تكور الكريات الحمر الوراثي.",C,C
4858,"طفل عمره 7 سنوات يعاني من فقر دم منجلي، بدأ يشكو منذ ساعتين من ألم بطني حاد في الربع العلوي الأيسر من البطن. بالفحص الضغط 60/100 ملم زئبقي النبض 110 ن/د.الحرارة 37. بالجس يوجد مضض في الربع العلوي الأيسر للبطن بدون ايلام مرتد يجس الطحال بصعوبة، باقي الفحص ضمن الحدود الطبيعية. الخضاب 6.1 غ / دل. التشخيص الأكثر احتمالاً هو

الاختيارات:
A. نوبة ألمية بسبب انسداد الأوعية الدموية.
B. نوبة تراص حادة.
C. تمزق طحال عفوي.
D. خراج طحال.
E. احتشاء طحال.",A,A
4859,"سيدة عمرها 40 سنة تشكو من فرفرية مناعية مزمنة Chronic immune thrombocytopenic purpura (ITP) معندة على العلاج بالستيروئيدات اقترح لها استئصال طحال ماهي نسبة الاستفادة من الجراحة؟

الاختيارات:
A. أقل من 20%
B. 0.4
C. 0.6
D. 0.8
E. لا فائدة من الجراحة.",E,A
4860,"راجع مريض بعمر 70 سنة دون سوابق جراحية بألم بطني متقطع منذ أسبوع وتوسع بطني وإقياء مستمر منذ يوم، بالفحص المريض لا يوجد فتوق مع تعداد 3000 كرية بيضاء / مم ما هي الخطوة التالية؟

الاختيارات:
A. مراقبة 24 ساعة أخرى.
B. إجراء تنظير هضمي علوي.
C. فتح بطن عاجل.
D. إجراء (CT) التصوير الطبقي المحوسب للبطن.
E. إجراء تحليل CEA",C,D
4861,"راجع مريض 20 عاماً من الرقة يعاني من ألم بطني غير محدد وحين متوسط الكمية وترفع حروري بسيط وتعرق ليلي، نقص وزن وقهم وإعياء منذ عدة أسابيع، ما يلي يدخل في التشخيص التفريقي ما عدا:

الاختيارات:
A. التهاب بريتواني سلي.
B. تسرطن بيرتواني.
C. لمفوما.
D. تشمع الكبد.
E. التهاب كبد فيروسي A.",D,E
4862,"غالباً يتم الوصول للتشخيص الباكر الأكيد بإجراء (واحد مما يلي):

الاختيارات:
A. تنظير للبطن باكر وأخذ جرعات بيرتوانية أو موجهة.
B. تحاليل دموية.
C. تنظير هضمي علوي.
D. تنظير هضمي سفلي.
E. خزعة النقي.",A,A
4863,"يشمل العلاج المناسب المريض السابق ما يلي ما عدا:

الاختيارات:
A. حل المشكلة الأساسية.
B. الحمية الغذائية عالية البروتين.
C. الحمية الغذائية عالية الملح.
D. إعطاء المدرات الطارحة للبوتاسيوم.
E. إعطاء المدرات الحافظة للبوتاسيوم.",C,C
4864,"مريضة عمرها 60 سنة، مصابة بحبن متوسط الشدة منذ شهرين. كل ما يلي يدخل في خطة العمل والبحث عن السبب ما عدا:

الاختيارات:
A. القصة السريرية.
B. الفحص السريري.
C. الفحوص المخبرية.
D. الفحوص التنظيرية الداخلية.
E. فتح البطن الاستقصائي أولاً.",E,E
4865,"يشمل علاج المريضة السابقة ما يلي ما عدا:

الاختيارات:
A. حل المشكلة الأساسية.
B. الحمية الغذائية عالية البروتين.
C. الحمية الغذائية عالية الملح.
D. إعطاء المدرات الطارحة للبوتاسيوم.
E. إعطاء المدرات الحافظة للبوتاسيوم.",C,C
4866,"العوامل التي تساعد على انتشار الإنتان في البريتوان وحدوث التهاب البريتوان المعمم: كل ما يلي صحيح ما عدا:

الاختيارات:
A. سرعة حدوث التلوث الجرثومي.
B. تحريض الأمعاء على الحركة عن طريق الطعام أو الشراب أو الرحضات الشرجبة.
C. الفحص الخشن: قد يساهم في تمزق التجمعات المتوضعة.
D. الثرب النامي خاصة لدى الأطفال.
E. نقص المناعة والفوعة الجرثومية الشديدة.",D,D
4867,"مريضة عمرها 20 سنة مصابة بحبن متوسط الشدة منذ شهر، كل ما يلي يدخل في خطة العمل والبحث عن السبب ما عدا:

الاختيارات:
A. القصة السريرية والفحص السريري.
B. الفحوص المخبرية والشعاعية.
C. بزل سائل الحين.
D. الفحوص التنظيرية الداخلية.
E. تنظير البطن الاستقصائي أولاً.",E,E
4868,"يشمل علاج المريضة السابقة ما يلي ما عدا:

الاختيارات:
A. حل المشكلة الأساسية.
B. الحمية الغذائية فقيرة الملح.
C. الحمية الغذائية عالية الشحوم.
D. إعطاء المدرات طارحة البوتاسيوم.
E. إعطاء المدرات الحافظة للبوتاسيوم.",C,C
4869,"العوامل التي تساعد على تحديد انتشار الإنتان في البيرتوان وحدوث التهاب البيرتوان الموضع: كل ما يلي صحيح ما عدا:

الاختيارات:
A. وضع المتفجرات الجراحية لكي تسمح بنز السوائل بشكل موجه عبرها.
B. الفحص الخشن: قد يساهم في تمزق التجمعات المتوضعة.
C. الثرب صغير الحجم وغير النامي: الأطفال.
D. نقص المناعة: الدوائي أو المرضي (الداء السكري، السل، الأيدز، تشمع الكبد).
E. الفوعة الجرثومية الشديدة.",E,A
4870,"راجع مريض بعمر 70 سنة دون سوابق جراحية بألم -بطني متقطع منذ أسبوع وتوسع بطني وإقياء مستمر منذ يوم، بفحص المريض لا توجد فتوق مع تعداد 3000 كرية بيضاء / مم ما هي الخطوة التالية؟

الاختيارات:
A. مراقبة 24 ساعة أخرى.
B. إجراء تنظير هضمي علوي.
C. فتح بطن عاجل.
D. إجراء (CT) التصوير الطبقي المحوسب للبطن.
E. إجراء تحليل CEA",C,D
4871,"أي الحالات التالية قد يستجيب على العلاج المحافظ؟

الاختيارات:
A. مريضة 70 سنة مع انفتال معي متوسط.
B. مريضة 80 سنة مع انسداد بحصة مرارية.
C. مريضة 45 سنة بانسداد بعد 10 أيام من استئصال مرارة بالمنظار.
D. طفل بعمر يومين لديه انسداد معوي.
E. شاب 20 سنة لديه انسداد معوي جزئي مع فتق أربى غاصص.",C,C
4872,"شاب 20 سنة بعد 20 يوماً من استئصال زائدة ملتهبة. راجع الإسعاف بإقياء مع تمدد بطن وإيلام خفيف. تعداد WBC كان 14000 كرية/ مم2 والكهارل طبيعية، الخطوة التالية؟

الاختيارات:
A. مراقبة 24 ساعة أخرى مع وضع NG.
B. إجراء تنظير هضمي سفلي.
C. فتح بطن عاجل.
D. إجراء رحضة باريتية.
E. إجراء (CT) التصوير الطبقي المحوسب للبطن.",C,A
4873,"بالغ 45 سنة لديه ألم بطني حاد والتشخيص هو التهاب مرارة حاد. ماهي العلامات الأكثر توافقاً مع المريض؟

الاختيارات:
A. حمى وألم مراق أيمن متقطع ويرقان.
B. ألم بطني مستمر ومضض مراق أيمن وارتفاع الكريات البيضاء.
C. ألم مراق أيمن متقطع مع مضض خفيف فوق المرارة
D. ألم شرسوف ينتشر للظهر.
E. يرقان صامت مع مرارة متوترة مجسوسة وغير مؤلمة.",B,B
4874,"أتى شاب 32 سنة لقسم الطوارئ بقصة إقياء (لكميات كبيرة من الدم الأحمر القاني). ما هي الخطوة الأولى الأهم في تدبير هذا المريض؟

الاختيارات:
A. القصة السريرية والفحص السريري.
B. تحديد عيار الخضاب.
C. الإنعاش بالسوائل.
D. وضع أنبوب أنفي معدي.
E. إجراء تنظير هضمي علوي إسعافي.",A,C
4875,"مريض 70 سنة تطور لديه بعد 3 أيام من احتشاء قلبي ألم بطني مع تعدد البطن وخفوت في أصوات الأمعاء. تحليل غازات الدم يشير إلى احمضاض استقلابي. فالتشخيص المحتمل هو؟

الاختيارات:
A. انثقاب قرحي.
B. احتشاء مساريقي.
C. انسداد قولون كاذب.
D. التهاب بنكرياس حاد.
E. التهاب رتوج.",C,B
4876,"مريضة عمرها 50 عاماً بعد أسبوعين من استئصال رحم تام لآفة سليمة، راجعت قسم الإسعاف بقصة خروج مفرزات برازية غزيرة من الجرح في اليوم الثالث مع حالة عامة متوسطة، وفلغمون في منطقة الجرح. فالحالة هي أحد ما يلي ماعدا:

الاختيارات:
A. ناسور جلدي معوي مع الأعور.
B. ناسور جلدي معوي مع الدقاق.
C. ناسور جلدي معوي مع السين.
D. ناسور جلدي معوي مع المستقيم.",D,B
4877,"لدينا مجموعة من المرضى الذين يعانون من انسداد أمعاء لأسباب مختلفة، ويجب إجراء التداخل الجراحي يشكل باكراً مع عدم الانتظار فيكل ما يلي ما عدا: إجابة خاطئة

الاختيارات:
A. بسبب فتق ظاهر مختنق.
B. بسبب آفة اقفارية مساريقية.
C. ليس لديه تداخل جراحي على البطن.
D. لديه تداخل جراحي على البطن.
E. بعد مجازات إكليلية.",C,C
4878,"في المراكز الجراحية المتطورة، إن القاعدة الجراحي الأصح حالياً في مراقبة المريض أثناء تدبير مريض الانسداد المعوي ووضع القرار الجراحي المناسب، هي:

الاختيارات:
A. يجب ألا تغيب الشمس مرتين على مريض الانسداد المعوي
B. يحب ألا تشرق الشمس مرتين على مريض الانسداد المعوي.
C. يجب إجراء طبقي محوري عاجل، حسب السبب الظاهر بالصور يمكن إتباع المراقبة أو إجراء تداخل جراحي عاجل.
D. يجب دائماً عدم إجراء الجراحة حتى يتم استقرا المريض بعد الإنعاش.",C,D
4879,"مريض عمره 50 سنة حدثت لديه بداية مفاجئة الألم البطني (خلال ثواني) شرسوفي سري، كل ما يلي يدخل بالتشخيص التفريقي ما عدا:

الاختيارات:
A. التهاب البنكرياس الحاد.
B. تمزق أم دم الشريان الأبهري البطني.
C. احتشاء العضلة القلبية السفلي.
D. التهاب زائدة دودية حاد.
E. الانسداد المساريقي الحاد.",E,D
4880,"راجعت مريضة عمرها 35 سنة بقصة انسداد معوي منذ ثلاثة أيام، في السوابق توجد قصة فتح بطن لاستئصال زائدة دودية بعمر 9 سنوات، في التدبير يمكن اجراء ما يلي ما عدا:

الاختيارات:
A. تعويض السوائل والشوارد.
B. اجراء صورة بطن بوضعية الوقوف.
C. اجراء تصوير طبقي محوري.
D. إعطاء صادات حيوية وقائياً.
E. مراقبة المريضة لفترة 24 ساعة أخرى.",E,E
4881,"في المريضة السابقة إذا كانت الصورة البسيطة تدل على سويات معوية دقيقة وغياب لارتسام الكولونات وكانت مقاطع التصوير الطبقي المحوري تشير لتوسع عرى المعي فالتشخيص المحتمل هو:

الاختيارات:
A. وجود تنشؤ على حساب الكولون.
B. المريضة مصابة بداء كرون ساد.
C. وجود التهاب قولون سمي.
D. التصاقات معوية.
E. التهاب زائدة دودية حاد.",C,D
4882,"مريض عمره 50 سنة حدثت لديه بداية مفاجئة لألم بطني خلال ثوالي شرسوفي سري، كل ما يلي يدخل بالتشخيص التفريقي ما عدا:

الاختيارات:
A. انثقاب قرحة هضمية.
B. التهاب زائدة دودية حاد.
C. تمزق أم دم الشريان الأبهري البطني.
D. احتشاء العضلة القلبية.
E. انسداد المساريقي الحاد.",D,B
4883,"مريض عمره 65 سنة تطور لديه الم بطني حاد مفاجئ مستمر في الربع الفلي الأيمن منذ ساعة، تلاه الام ماغصة سرية مع غثيان، الفح السريري يبدي سحنة سمية مع فحص بطني سوي تقريباً فالتشخيص الأقوى هو:

الاختيارات:
A. التهاب معدة وأمعاء.
B. التهاب كولون غشائي كاذب.
C. التهاب زائدة دودية حاد.
D. انسداد أمعاء بنقص التروية.
E. حالة نفسية.",C,D
4884,"إن الفحص المقترح المشخص للمريض السابق هو:

الاختيارات:
A. ايكو بطن.
B. صورة بطن بالوقوف.
C. طبقي محوري للبطن بدون حقن.
D. تصوير وعاني مساريقي.
E. فحص البراز.",C,D
4885,"إن خط العلاج للمريض السابق تتضمن ما يلي ما عدا:

الاختيارات:
A. تعويض السوائل والشوارد.
B. عمل جراحي عاجل بعد تحسن الحالة العامة.
C. تأخير العمل الجراحي حت تتحسن الحالة العامة.
D. قثطرة وعائية مساريقية عاجلة إن توفرت ...
E. وضع المريض على المميعات.",E,C
4886,"راجعت مريضة عمرها 35 سنة بقصة انسداد معوي منذ ثلاثة أيام، في السوابق توجد قصة التهاب كولون قرحي منذ عشر سنوات، بالفحص الشرجي وجدت نواسير شرجية عديدة، في التدبير يمكن اجراء ما يلي ما عدا:

الاختيارات:
A. تعويض السوائل والشوارد.
B. اجراء صورة بطن بوضعية الوقوف.
C. إجراء تصوير طبقي محوري.
D. إعطاء صادات حيوية وقائياً.
E. مراقبة المريضة لفترة 24 ساعة أخرى.",E,E
4887,"في المريضة السابقة إذا كانت الصورة البسيطة: تدل على سويات معوية دقيقة وغياب الارتسام الكولونات وكانت مقاطع التصوير الطبقي المحوري تشير لتوسع عرى: المعي الدقيق وزيادة في شحم المساريقا مع عدم ارتسام الكولون بالكامل فالتشخيص المحتمل هو:

الاختيارات:
A. وجود تنشو على حساب الكولون المتقرح.
B. المريضة مصابة بداء كرون ساد وليس التهاب كولون قرحي.
C. وجود التهاب قولون سمي.
D. التصاقات معوية.
E. التهاب زائدة دودية حاد.",B,D
4888,"مريض عمره 60 سنة، مصاب بداء كرون منذ عشر سنوات راجع مشفى بقصة حمى وعرواءات تلاها خروج هواء ومفرزات معوية عند التبول، فالتشخيص

الاختيارات:
A. ناسور معدي مثاني.
B. ناسور كولوني كلو.
C. ناسور هضمي بولي.
D. ناسور كولوني حالبي.
E. ناسور معوي مثاني.",B,A
4889,"مريضة بدينة عمرها 45 سنة أجري لها استئصال واسع: للأمعاء الدقيقة نتيجة تموت اقفاري، وبقي لديها 45 سم من المعي الدقيقة، مع بقاء الكولون سليم. كل ما يلي يتوقع حدوثه عند هذه المريضة ما عدا:

الاختيارات:
A. فرط الإفراز المعدي لعاة أسابيع فقط.
B. تشكل الحصيات الصفراوية.
C. فرط الأوكسالات البولية مع تحصي كلوي.
D. الإسهال والتغوط الدهني.
E. نقص شديد في الوزن.",B,A
4890,"في خطة علاج المريضة السابقة نجري كل ما يلي ما عدا:

الاختيارات:
A. نجري اضطرابات عوامل التخثر.
B. وضع المريضة على المعالجة بالوارفارين الفموي.
C. دعم تغذية المريضة الفموي حصراً.
D. إعطاء مثبطات الحركة.
E. إعطاء مضادات الإفراز الحمضي المعدي.",D,C
4891,"قد يترافق الناسور المعوي الجلدي الذي يحدث بعد خمسة أيام من استئصال الأمعاء الدقيقة القطعي بسبب داء كرون قد يترافق مع ما يلي ما عدا:

الاختيارات:
A. تسريب مفاغرة.
B. انسداد معوي اثم بعد الناسور.
C. وجود خراج مفجر بشكل ناقص مجاور للمفاغرة.
D. حدوث تغميم أمعاء رضي أثناء فك الالتصاقات لم ينتبه له.
E. داء كرون الناكس.",E,B
4892,"مريضة شابة نفساء في الأسبوع الثاني، راجعت بالم بطني سفلي حاد منذ ساعة فكل ما يلي يدخل بالتشخيص التفريقي ما عدا:

الاختيارات:
A. خثار مبيضي.
B. قولنج مراري.
C. التهاب البنكرياس الحاد.
D. التهاب رتج ميكل حاد.
E. انثقاب قرحة هضمية.",D,B
4893,"مريض عمره 45 سنة حدثت لديه بداية مفاجئة لألم بطني (خلال ثواني) شرسوفي سري ما يلي يدخل بالتشخيص التفريقي ما عدا:

الاختيارات:
A. احتشاء العضلة القلبية السفلي.
B. الانسداد المساريقي الحاد.
C. التهاب البنكرياس الحاد.
D. التهاب رتج ميكل حاد.
E. انثقاب قرحة هضمية.",D,C
4894,"مريضة شابة نفساء في الأسبوع، راجعت بألم بطني سفلي حاد منذ ساعة فكل ما يلي يدخل بالتشخيص التفريقي ما عدا:

الاختيارات:
A. خثار مبيضي.
B. انفتال كيسة مبيض.
C. نوب تحت انسداد معوي.
D. التهاب الزائدة الدودية الحاد.
E. قولنج مراري.",D,E
4895,"مريض عمره 50 سنة حدثت لديه بداية مفاجئة لألم بطني (خلال ثواني) شرسوفي سري، ما يلي يدخل بالتشخيص التفريقي ما عدا:

الاختيارات:
A. التهاب البنكرياس الحاد.
B. تمزق أم دم الشريان الأبهري البطني.
C. احتشاء العضلة القلبي السفلي.
D. التهاب زائدة دودية حاد.
E. الانسداد المساريقي الحاد.",E,D
4896,"مريضة متزوجة بعمر 30 سنة لديها سوابق تداخل جراحي على البطن، مع سوابق تباعد طموث شديد وتعاني من ألم بطني سفلي متكرر يستمر عدة ساعات راجعت بالم بطني سفلي حاد منذ ساعة فكل ما يلي يدخل بالتشخيص التفريقي ما عدا:

الاختيارات:
A. حمى بحر أبيض متوسط.
B. قولنج مراري.
C. نوب تحت انسداد معوي.
D. التهاب الزائدة الدودية الحاد.
E. تمزق الحمل الهاجر.",E,B
4897,"مريض عمره 50 سنة حدثت لديه بداية مفاجئة لألم بطني (خلال ثواني) شرسوفي سري، ما يلي يدخل بالتشخيص التفريقي ما عدا:

الاختيارات:
A. انثقاب قرحة هضمية.
B. التهاب زائدة دودية حاد.
C. تمزق أم دم الشريان الأبهري البطني.
D. احتشاء العضلة القلبية.
E. الانسداد المساريقي الحاد.",D,B
4898,"فتاة عمرها 17 سنة كانت لديها ......... بطن حادة منذ ثلاثة أيام، أجري لديها فتح بطن ووجدت التهاب زائدة منتقبة، بعد العملية لم تتحسن حالتها العمة وتطور لديها عرواءات، كل ما يلي يدخل بالتشخيص التفريقي ما عدا:

الاختيارات:
A. التهاب جرح.
B. جراحة بطنية.
C. ذات رئة قاعدية.
D. التهاب مثانة.
E. انتان حويضة وكلية.",C,A
4899,"إن خطة العلاج للمريضة السابقة يتضمن ما يلي ما عدا:

الاختيارات:
A. فحص سريري جيد لاسيما الجرح والمس الشرجي.
B. اجراء ايكو للبطن والحوض.
C. اجراء تقييم دموي جديد.
D. اجراء صورة صدر بسيطة.
E. اجراء تنظير بولي تشخيصي.",E,A
4900,"مريض عمره 50 سنة حدثت لديه بداية مفاجئة لألم بطني (خلال ثواني) شرسوفي سري، ما يلي يدخل بالتشخيص التفريقي ما عدا:

الاختيارات:
A. انثقاب قرحة هضمية.
B. تمزق أم دم الشريان الأبهري البطني.
C. احتشاء العضلة القلبية.
D. الانسداد المساريقي الحاد.
E. التهاب زائدة دودية حاد.",C,E
4901,"مريضة متزوجة بعمر 30 سنة لديها سوابق تداخل جراحي على البطن، مع سوابق تباعد طموث شديد وتعاني من ألم بطني سفلي متكرر يستمر عدة ساعات راجعت بألم بطني سفلي حاد منذ ساعة فكل ما يلي يدخل بالتشخيص التفريقي

الاختيارات:
A. حمى بحر أبيض متوسط.
B. نوب تحت انسداد معوي.
C. التهاب الزائدة الدودية الحاد.
D. الحمل الهاجر.
E. قولنج مراري.",C,E
4902,"راجعت قسم الإسعاف طفلة عمرها 10 سنوات تعاني منذ ساعتين من ألم حفرة حرقفية يمنى دون إيلام مرتد فالحالة التي لا تدخل فالتشخيص التفريقي:

الاختيارات:
A. التهاب زائدة دودية.
B. التهاب عقد مساريقية.
C. نزف رتج ميكل.
D. انتان بولي.
E. آلام بلوغ مبكر.",C,C
4903,"كهل بعمر 48 سنة لديه ألم شرسوفي منذ عدة أيام وهن مع شحوب متوسط الشدة لدى التشخيص كل ما يلي صحيح ما عدا:

الاختيارات:
A. قد نتوقع التشخيص من قصة تناول NSAIDS
B. يمكن وضع التشخيص مبكرا بإجراء التنظير الهضمي العلوي.
C. يمكن وضع التشخيص مبكراً بإجراء طبقي محوري متعدد الشرائح.
D. كل ما سبق صحيح.
E. كل اما سبق خطا.",D,E
4904,"مريضة عمرها 50 سنة تعرضت لألم بطني حاد طاعن منذ نصف ساعة في الشرسوف تعمم في أنحاء لبطن مع اقياءات بنية اللون، فحص البطن لين فالتشخيص المحتمل:

الاختيارات:
A. التهاب بنكرياس حاد.
B. صمة شريان مساريقي علوي.
C. التهاب معدة وأمعاء.
D. احتشاء قلبي سفلي.",B,B
4905,"مريض يشتكي من ألم بطني حاد ومفاجئ يجب أن نجري له أولاً:

الاختيارات:
A. عيار البولة الدموية.
B. صورة شعاعية للصدر.
C. صورة بطن شعاعية.
D. عيار خضاب الدم.
E. مراقبة الصبيب البولي.",C,C
4906,"مريض عمره 65 سنة تطور لديه ألم بطني حاد مفاجئ ومستمر في الربع السفلي الأيمن منذ ساعة، تلاه الام ماغصة سرية مع غثيان، الفحص السريري يبدي سحنة سمية مع فحص بطن سوي تقريباً فالتشخيص الأقوى هو:

الاختيارات:
A. التهاب معدة وأمعاء.
B. التهاب كولون غشائي كاذب.
C. التهاب زائدة دودية حاد.
D. انسداد أمعاء بنقص التروية.
E. حالة نفسية.",C,D
4907,"إن الفحص المقترح المشخص للمريض السابق هو:

الاختيارات:
A. ايكو بطن.
B. صورة بطن بالوقوف.
C. طبقي محوري للبطن بدون حقن.
D. تصوير وعاني مساريقي.
E. فحص البراز.",C,D
4908,"اى شاب 32 سنة لقسم طوارئ بقصة إقياء (الكميات كبيرة من الدم الأحمر القاني). ما هي الخطوة الأولى الأهم في تدبير هذا المريض:

الاختيارات:
A. القصة السريرية والفحص السريري.
B. تحديد عيار الخضاب.
C. الإنعاش بالسوائل.
D. وضع أنبوب أنفي معدي.
E. إجراء تنظير هضمي عنوي إسعافي.",A,C
4909,"مريض لديه نزف هضمي علوي (اختر الصحيحة):

الاختيارات:
A. نزف المعدة والعفج علوي.
B. لون البراز ناتج عن لون الحديد المرجع في الدم
C. وجود الدم في الأمعاء يبطئ حركية الأمعاء.
D. عدم إعطاء الصادات يزيد في البولة الدموية.
E. التنظير الهضمي العلوي واجب خلال 24 ساعة من قبول المريض في المشفى.",B,A
4910,"3. أجري تنظير هضمي علوي لرجل عمره 55 سنة وتم اخباره أن لديه آفة قد تسبب فقراً دموياً والنزف الحاد منها غير شائع ما هو هذا التشخيص؟

الاختيارات:
A. 1. قرحة معدية.
B. 2. سرطانة معدية.
C. 3. قرحة عفجية.
D. 4. دوالي مريئية.
E. 5. تسحجات معدية.",D,B
4911,"4. أتى شاب 32 سنة لقسم الطوارئ بقصة إقياء (لكميات كبيرة من الدم الأحمر القاني). ما هي الخطوة الأولى الأهم في تدبير هذا المريض؟

الاختيارات:
A. 1. القصة السريرية والفحص السريري.
B. 2. تحديد عيار الخضاب
C. 3. الإنعاش بالسوائل.
D. 4. وضع أنبوب أنفي معدي.
E. 5. اجراء تنظير هضمي علوي اسعافي.",A,C
4912,"34. العلاج الأمثل لمريض عمره 40 سنة وجد لديه بالتنظير الهضمي العلوي لمفوما معدية هو:

الاختيارات:
A. 1. استئصال معدة تحت تام.
B. 2. علاج شعاعي.
C. 3. استئصال معدة تحت التام مع علاج شعاعي.
D. 4. علاج كيماوي.
E. 5. استئصال موضع واسع للورم.",C,D
4913,"2. راجع طفل يبلغ من العمر 12 سنة بعقدة درقية مع ضخامة عقد لمفية ناحية ما هو التشخيص المحتمل؟

الاختيارات:
A. 1. سرطان لبي.
B. 2. سرطان جريبي.
C. 3. المفوما.
D. 4. سرطان حليمي.
E. 5. سرطان غير مصنع.",B,D
4914,"3. راجعت مريضة في منتصف العمر بسلعة درقية لفترة طويلة والفص الأيمن متضخم بشكل أكبر من الأيسر وسريريا وسري كانت في حالة سواء درقي. ما هو التشخيص المحتمل؟

الاختيارات:
A. 1. عقدة درقية سليمة.
B. 2. داء غريف.
C. 3. سلعة متعددة العقد.
D. 4. سرطان حليمي.
E. 5. سرطان جريبي.",C,C
4915,"24. فتاة في الربيع الخامس شكت من عسرة تنفس بالفحص تبين بوجود كتلة في جوف الفم بقطر 3 سم على الخط الناصف وعلى مؤخرة اللسان. ما هو التشخيص الأكثر احتمالاً؟

الاختيارات:
A. 1. لوزة لسانية.
B. 2. درق لسانية.
C. 3. جسم أجنبي علق باللسان.
D. 4. Dermoid
E. 5. وذمة عصبية وعائية.",A,B
4916,"25. شابة في ربيعها الأربعين تشكو من نقص وزن مع خفقان وجحوظ في العينين. بالفحص السريري تبين وجود سلعة درقية متوسطة الحجم منتشرة ومتجانسة، بالفحوص الدموية تبين وجود فرط نشاط درق بدني، ما هو العلاج غير المرغوب به في هذه الحالة؟

الاختيارات:
A. 1. إعطاء الميتيمازول Methimazoli
B. 2. إعطاء محلول اللوغول Lugols iodine
C. 3. المعالجة الشعاعية باليود I 131
D. 4. استئصال الدرق التام.
E. 5. الستيروئيدات.",E,C
4917,"8. راجع مريض بدانة طبيبه وكان BMI لديه 40 فقرر الطبيب إجراء عملية Sleeve gastrectomy ما هو الإجراء الأول الذي يجب إجراؤه قبل العمل الجراحي؟

الاختيارات:
A. 1. استشارة طبيب التغذية.
B. 2. تحويل المريض لطبيب نفسي.
C. 3. الحصول على موافقة المريض.
D. 4. إجراء التحاليل الدموية اللازمة.",C,C
4918,"4. يعاني مريض عمره 50 سنة ويبدو بصحة جيدة من أصمية حديثة وايلام وألم في الربع العلوي الأيمن لمدة 3-4 أشهر. كان الفحص السريري سلبيا. سريري سلبياً وكانت وظائف الكبد طبيعية وكذلك. التنظير الهضمي العلوي أما الايكو فأظهر وجود آفة كيسية وحيدة تبلغ 6 سم. ما هو التشخيص المحتمل؟

الاختيارات:
A. 1. متلازمة بود شياري.
B. 2. التهاب الطرق الصفراوية المصلب البدئي.
C. 3. عداء كارولي.
D. 4. داء كيسي بسيط",D,D
4919,"2. راجع مريض مشخص لديه سابقة حصيات مرارية يبلغ من العمر 60 سنة بقصة ألم بطني شديد ومستمر 6 ساعات وبالفحص السريري كان المريض غير مرتاح ومصدوم من انتفاخ البطن ومضض راجع معممين ما هو التشخيص المحتمل؟

الاختيارات:
A. 1. تقيح مرارة.
B. 2. التهاب مرارة حاد.
C. 3. قيلة مخاطية في المرارة.
D. 4. التهاب بريتوان تالي لانثقاب مرارة.
E. 5. خزل معوي بسبب حصاة مرارية.",B,D
4920,"3. راجع مريض يبلغ من العمر 56 سنة بألم شديد في أعلى 4 البطن منذ أسبوع مع حرارة spiking fever وكان غير مرتاح بشدة مع وجود علامات لتخريش بريتواني في الربع العلوي الأيمن مع جس كتلة ما هو التشخيص المحتمل؟

الاختيارات:
A. 1. تقيح مرارة.
B. 2. التهاب مرارة حاد.
C. 3. قيلة مخاطية في المرارة.
D. 4. التهاب بريتوان تالي لانثقاب مرارة.
E. 5. خزل معوي بسبب حصاة مرارية.",D,A
4921,"4. راجع مريض يبلغ من العمر 60 سنة بقصة ألم بطني ويرقان وحرارة مع عروءات، ماهو التشخيص المحتمل؟

الاختيارات:
A. 1. تقيح مرارة.
B. 2. التهاب مرارة حاد.
C. 3. قيلة مخاطية في المرارة.
D. 4. التهاب طرق صفراوية صاعد.
E. 5. خزل معوي بسبب حصاة مرارية.",B,D
4922,"5. عولجت مريضة تبلغ من العمر 40 سنة لالتهاب مرارة حاد حيث لوحظ وجود مرارة مجسوسة غير ممضه، لم يكن هناك ترفع حروري وكانت المريضة بشكل عام بصحة جيدة، ما هو التشخيص المحتمل؟

الاختيارات:
A. 1. تقيح مرارة.
B. 2. التهاب مرارة حاد.
C. 3. قيلة مخاطية في المرارة.
D. 4. التهاب طرق صفراوية صاعد
E. 5. خزل معوي بسبب حصاة مرارية.",B,C
4923,"2. راجع مريض عمره 48 سنة باضطراب رئوي وصداع وارتفاع ضغط ما هو التشخيص المحتمل؟

الاختيارات:
A. 1. متلازمة كوشينغ.
B. 2. داء كوشينغ.
C. 3. متلازمة كون.
D. 4. متلازمة نيلسون.",B,C
4924,"3. مريض ربو مع تفاقم متكرر لحالته تطور لديه بشكل تدريجي شعرانية مع بدانة جذعية وكدمات ما هو التشخيص المحتمل؟

الاختيارات:
A. 1. متلازمة كوشينغ.
B. 2. داء كوشينغ.
C. 3. متلازمة كون.
D. 4. ورم القوائم.",B,A
4925,"8. امرأة مسنة عمرها 30 سنة تشكو آلام مفصلية مع وهن عضلي الفحص الفيزيائي كان طبيعياً الروتين الدموي أظهر النتائج التالية: الخضاب الدموي طبيعي، وظائف الكلية البولة والكرياتنين سوية، كالسيوم المصل 11-12 ملغ / دل، أي الحالات التالية لا تتناسب مع حالة المريضة:

الاختيارات:
A. 1. وجود الميوغلوبين في البول.
B. 2. عيار الهرمون PTH مرتفع في المصل.
C. 3. اطراح الكالسيوم في البول مرتفع.
D. 4. قد تشاهد أورام بنكرياسية.
E. 5. قد تشاهد أورام نخامية.",D,C
4926,"4. أثناء إجراء ايكو بطن لسيدة حامل تبلغ من العمر 30 سنة تبين وجود كتلة متكلسة في الشرسوف يبلغ قطرها 1 سم وقد سمع لغط في منطقة الشرسوف ولم يكن لديها أي أع أعراض. ما هو التشخيص المحتمل؟

الاختيارات:
A. 1. تمزق طحال.
B. 2. احتشاء طحال.
C. 3. أم دم شريان طحالي.
D. 4. فرفريه نقص الصفيحات البدنية.
E. 5. داء تكور الكريات الحمر الوراثي.",C,C
4927,"17. طفل عمره 7 سنوات يعاني من فقر دم منجلي، بدأ يشكو منذ ساعتين من ألم بطني حاد في الربع العلوي الأيسر من البطن. بالفحص الضغط 60/100 ملم زئبقي النبض 110 ن/د.

الاختيارات:
A. 1. نوبة ألمية بسبب انسداد الأوعية الدموية.
B. 2. نوبة تراص حادة.
C. 3. تمزق طحال عفوي.
D. 4. خراج طحال.
E. 5. احتشاء طحال.",A,A
4928,"18. سيدة عمرها 40 سنة تشكو من فرفرية مناعية مزمنة Chronic immune thrombocytopenic purpura (ITP) معندة على العلاج بالستيروئيدات اقترح لها استئصال طحال ماهي نسبة الاستفادة من الجراحة؟

الاختيارات:
A. 1. أقل من 20%
B. 2. 40%
C. 3. 60%
D. 4. 80%
E. 5. لا فائدة من الجراحة.",C,A
4929,"2. راجع مريض بعمر 70 سنة دون سوابق جراحية بألم بطني متقطع منذ أسبوع وتوسع بطني وإقياء مستمر منذ يوم، بالفحص المريض لا يوجد فتوق مع تعداد 3000 كرية بيضاء / مم ما هي الخطوة التالية؟

الاختيارات:
A. 1. مراقبة 24 ساعة أخرى.
B. 2. إجراء تنظير هضمي علوي.
C. 3. فتح بطن عاجل.
D. 4. إجراء (CT) التصوير الطبقي المحوسب للبطن.
E. 5. إجراء تحليل CEA",B,D
4930,"9. راجع مريض 20 عاماً من الرقة يعاني من ألم بطني غير محدد وحين متوسط الكمية وترفع حروري بسيط وتعرق ليلي، نقص وزن وقهم وإعياء منذ عدة أسابيع، ما يلي يدخل في التشخيص التفريقي ما عدا:

الاختيارات:
A. 1. التهاب بريتواني سلي.
B. 2. تسرطن بيرتواني.
C. 3. لمفوما.
D. 4. تشمع الكبد.
E. 5. التهاب كبد فيروسي A.",D,E
4931,"21. مريضة عمرها 20 سنة مصابة بحبن متوسط الشدة منذ شهر، كل ما يلي يدخل في خطة العمل والبحث عن السبب ما عدا:

الاختيارات:
A. 1. القصة السريرية والفحص السريري.
B. 2. الفحوص المخبرية والشعاعية.
C. 3. بزل سائل الحين.
D. 4. الفحوص التنظيرية الداخلية.
E. 5. تنظير البطن الاستقصائي أولاً.",E,E
4932,"22. يشمل علاج المريضة السابقة ما يلي ما عدا:

الاختيارات:
A. 1. حل المشكلة الأساسية.
B. 2. الحمية الغذائية فقيرة الملح.
C. 3. الحمية الغذائية عالية الشحوم.
D. 4. إعطاء المدرات طارحة البوتاسيوم.
E. 5. إعطاء المدرات الحافظة للبوتاسيوم.",C,C
4933,"3. راجع مريض بعمر 70 سنة دون سوابق جراحية بألم -بطني متقطع منذ أسبوع وتوسع بطني وإقياء مستمر منذ يوم، بفحص المريض لا توجد فتوق مع تعداد 3000 كرية بيضاء / مم ما هي الخطوة التالية؟

الاختيارات:
A. 1. مراقبة 24 ساعة أخرى.
B. 2. إجراء تنظير هضمي علوي.
C. 3. فتح بطن عاجل.
D. 4. إجراء (CT) التصوير الطبقي المحوسب للبطن.
E. 5. إجراء تحليل CEA",C,D
4934,"5. شاب 20 سنة بعد 20 يوماً من استئصال زائدة ملتهبة. راجع الإسعاف بإقياء مع تمدد بطن وإيلام خفيف. تعداد WBC كان 14000 كرية/ مم2 والكهارل طبيعية، الخطوة التالية؟

الاختيارات:
A. 1. مراقبة 24 ساعة أخرى مع وضع NG.
B. 2. إجراء تنظير هضمي سفلي.
C. 3. فتح بطن عاجل.
D. 4. إجراء رحضة باريتية.
E. 5. إجراء (CT) التصوير الطبقي المحوسب للبطن.",A,A
4935,"6. بالغ 45 سنة لديه ألم بطني حاد والتشخيص هو التهاب مرارة حاد. ماهي العلامات الأكثر توافقاً مع المريض؟

الاختيارات:
A. 1. حمى وألم مراق أيمن متقطع ويرقان.
B. 2. ألم بطني مستمر ومضض مراق أيمن وارتفاع الكريات البيضاء.
C. 3. ألم مراق أيمن متقطع مع مضض خفيف فوق المرارة
D. 4. ألم شرسوف ينتشر للظهر.
E. 5. يرقان صامت مع مرارة متوترة مجسوسة وغير مؤلمة.",B,B
4936,"11. أتى شاب 32 سنة لقسم الطوارئ بقصة إقياء (لكميات كبيرة من الدم الأحمر القاني). ما هي الخطوة الأولى الأهم في تدبير هذا المريض؟

الاختيارات:
A. 1. القصة السريرية والفحص السريري.
B. 2. تحديد عيار الخضاب.
C. 3. الإنعاش بالسوائل.
D. 4. وضع أنبوب أنفي معدي.
E. 5. إجراء تنظير هضمي علوي إسعافي.",A,C
4937,"13. مريض 70 سنة تطور لديه بعد 3 أيام من احتشاء قلبي ألم بطني مع تعدد البطن وخفوت في أصوات الأمعاء. تحليل غازات الدم يشير إلى احمضاض استقلابي. فالتشخيص المحتمل هو؟

الاختيارات:
A. 1. انثقاب قرحي.
B. 2. احتشاء مساريقي.
C. 3. انسداد قولون كاذب.
D. 4. التهاب بنكرياس حاد.
E. 5. التهاب رتوج.",C,B
4938,"16. مريضة عمرها 50 عاماً بعد أسبوعين من استئصال رحم تام لآفة سليمة، راجعت قسم الإسعاف بقصة خروج مفرزات برازية غزيرة من الجرح في اليوم الثالث مع حالة عامة متوسطة، وفلغمون في منطقة الجرح. فالحالة هي أحد ما يلي ماعدا:

الاختيارات:
A. 1. ناسور جلدي معوي مع الأعور.
B. 2. ناسور جلدي معوي مع الدقاق.
C. 3. ناسور جلدي معوي مع السين.
D. 4. ناسور جلدي معوي مع المستقيم.",C,B
